# Blender v3.0.1 OBJ File: ''
# www.blender.org
o left_hand_palm_link.019
v 0.072444 -0.010800 -0.037667
v 0.072411 -0.010325 -0.037750
v 0.072377 -0.009575 -0.037750
v 0.072426 -0.010850 -0.037125
v 0.072423 -0.010850 -0.036375
v 0.072419 -0.010850 -0.035625
v 0.072415 -0.010850 -0.034875
v 0.072343 -0.010325 -0.037125
v 0.072336 -0.010325 -0.036375
v 0.072274 -0.009575 -0.037125
v 0.072267 -0.009575 -0.036375
v 0.072328 -0.010325 -0.035625
v 0.072321 -0.010325 -0.034875
v 0.072260 -0.009575 -0.035625
v 0.072253 -0.009575 -0.034875
v 0.072343 -0.008825 -0.037750
v 0.072308 -0.008075 -0.037750
v 0.072274 -0.007325 -0.037750
v 0.072240 -0.006575 -0.037750
v 0.072206 -0.008825 -0.037125
v 0.072199 -0.008825 -0.036375
v 0.072138 -0.008075 -0.037125
v 0.072130 -0.008075 -0.036375
v 0.072191 -0.008825 -0.035625
v 0.072184 -0.008825 -0.034875
v 0.072123 -0.008075 -0.035625
v 0.072116 -0.008075 -0.034875
v 0.072069 -0.007325 -0.037125
v 0.072062 -0.007325 -0.036375
v 0.072001 -0.006575 -0.037125
v 0.071993 -0.006575 -0.036375
v 0.072055 -0.007325 -0.035625
v 0.072047 -0.007325 -0.034875
v 0.071986 -0.006575 -0.035625
v 0.071979 -0.006575 -0.034875
v 0.072412 -0.010850 -0.034125
v 0.072408 -0.010850 -0.033375
v 0.072404 -0.010850 -0.032625
v 0.072401 -0.010850 -0.031875
v 0.072314 -0.010325 -0.034125
v 0.072306 -0.010325 -0.033375
v 0.072245 -0.009575 -0.034125
v 0.072238 -0.009575 -0.033375
v 0.072299 -0.010325 -0.032625
v 0.072292 -0.010325 -0.031875
v 0.072231 -0.009575 -0.032625
v 0.072223 -0.009575 -0.031875
v 0.072397 -0.010850 -0.031125
v 0.072393 -0.010850 -0.030375
v 0.072390 -0.010850 -0.029625
v 0.072386 -0.010850 -0.028875
v 0.072284 -0.010325 -0.031125
v 0.072277 -0.010325 -0.030375
v 0.072216 -0.009575 -0.031125
v 0.072209 -0.009575 -0.030375
v 0.072270 -0.010325 -0.029625
v 0.072263 -0.010325 -0.028875
v 0.072201 -0.009575 -0.029625
v 0.072194 -0.009575 -0.028875
v 0.072177 -0.008825 -0.034125
v 0.072169 -0.008825 -0.033375
v 0.072108 -0.008075 -0.034125
v 0.072101 -0.008075 -0.033375
v 0.072162 -0.008825 -0.032625
v 0.072155 -0.008825 -0.031875
v 0.072094 -0.008075 -0.032625
v 0.072086 -0.008075 -0.031875
v 0.072040 -0.007325 -0.034125
v 0.072033 -0.007325 -0.033375
v 0.071971 -0.006575 -0.034125
v 0.071964 -0.006575 -0.033375
v 0.072025 -0.007325 -0.032625
v 0.072018 -0.007325 -0.031875
v 0.071957 -0.006575 -0.032625
v 0.071950 -0.006575 -0.031875
v 0.072148 -0.008825 -0.031125
v 0.072140 -0.008825 -0.030375
v 0.072079 -0.008075 -0.031125
v 0.072072 -0.008075 -0.030375
v 0.072133 -0.008825 -0.029625
v 0.072126 -0.008825 -0.028875
v 0.072065 -0.008075 -0.029625
v 0.072057 -0.008075 -0.028875
v 0.072011 -0.007325 -0.031125
v 0.072003 -0.007325 -0.030375
v 0.071942 -0.006575 -0.031125
v 0.071935 -0.006575 -0.030375
v 0.071996 -0.007325 -0.029625
v 0.071989 -0.007325 -0.028875
v 0.071928 -0.006575 -0.029625
v 0.071920 -0.006575 -0.028875
v 0.072206 -0.005825 -0.037750
v 0.072171 -0.005075 -0.037750
v 0.071716 -0.003306 -0.037667
v 0.072137 -0.004325 -0.037750
v 0.072033 -0.003564 -0.037800
v 0.071932 -0.005825 -0.037125
v 0.071925 -0.005825 -0.036375
v 0.071864 -0.005075 -0.037125
v 0.071857 -0.005075 -0.036375
v 0.071918 -0.005825 -0.035625
v 0.071910 -0.005825 -0.034875
v 0.071849 -0.005075 -0.035625
v 0.071842 -0.005075 -0.034875
v 0.071709 -0.003380 -0.037125
v 0.071705 -0.003420 -0.036375
v 0.071795 -0.004325 -0.037125
v 0.071788 -0.004325 -0.036375
v 0.071743 -0.003755 -0.037125
v 0.071740 -0.003795 -0.036375
v 0.071702 -0.003460 -0.035625
v 0.071698 -0.003500 -0.034875
v 0.071781 -0.004325 -0.035625
v 0.071773 -0.004325 -0.034875
v 0.071736 -0.003835 -0.035625
v 0.071732 -0.003875 -0.034875
v 0.071694 -0.002825 -0.037750
v 0.071660 -0.002075 -0.037750
v 0.072101 -0.002825 -0.038000
v 0.072101 -0.002075 -0.038000
v 0.071625 -0.001325 -0.037750
v 0.071591 -0.000575 -0.037750
v 0.072101 -0.001325 -0.038000
v 0.072101 -0.000575 -0.038000
v 0.071658 -0.002825 -0.037125
v 0.071651 -0.002825 -0.036375
v 0.071590 -0.002075 -0.037125
v 0.071583 -0.002075 -0.036375
v 0.071644 -0.002825 -0.035625
v 0.071637 -0.002825 -0.034875
v 0.071575 -0.002075 -0.035625
v 0.071568 -0.002075 -0.034875
v 0.071522 -0.001325 -0.037125
v 0.071514 -0.001325 -0.036375
v 0.071453 -0.000575 -0.037125
v 0.071446 -0.000575 -0.036375
v 0.071507 -0.001325 -0.035625
v 0.071500 -0.001325 -0.034875
v 0.071439 -0.000575 -0.035625
v 0.071431 -0.000575 -0.034875
v 0.071903 -0.005825 -0.034125
v 0.071896 -0.005825 -0.033375
v 0.071835 -0.005075 -0.034125
v 0.071827 -0.005075 -0.033375
v 0.071888 -0.005825 -0.032625
v 0.071881 -0.005825 -0.031875
v 0.071820 -0.005075 -0.032625
v 0.071813 -0.005075 -0.031875
v 0.071724 -0.003966 -0.033154
v 0.071695 -0.003540 -0.034125
v 0.071697 -0.003644 -0.033393
v 0.071766 -0.004325 -0.034125
v 0.071753 -0.004260 -0.033393
v 0.071729 -0.003915 -0.034125
v 0.071726 -0.003940 -0.033654
v 0.071721 -0.003995 -0.032625
v 0.071718 -0.004035 -0.031875
v 0.071683 -0.003575 -0.032625
v 0.071676 -0.003575 -0.031875
v 0.071756 -0.004370 -0.032625
v 0.071752 -0.004410 -0.031875
v 0.071874 -0.005825 -0.031125
v 0.071867 -0.005825 -0.030375
v 0.071805 -0.005075 -0.031125
v 0.071798 -0.005075 -0.030375
v 0.071859 -0.005825 -0.029625
v 0.071852 -0.005825 -0.028875
v 0.071791 -0.005075 -0.029625
v 0.071783 -0.005075 -0.028875
v 0.071714 -0.004075 -0.031125
v 0.071710 -0.004115 -0.030375
v 0.071669 -0.003575 -0.031125
v 0.071661 -0.003575 -0.030375
v 0.071748 -0.004450 -0.031125
v 0.071745 -0.004490 -0.030375
v 0.071707 -0.004155 -0.029625
v 0.071703 -0.004195 -0.028875
v 0.071654 -0.003575 -0.029625
v 0.071647 -0.003575 -0.028875
v 0.071741 -0.004530 -0.029625
v 0.071737 -0.004570 -0.028875
v 0.071629 -0.002825 -0.034125
v 0.071622 -0.002825 -0.033375
v 0.071561 -0.002075 -0.034125
v 0.071554 -0.002075 -0.033375
v 0.071615 -0.002825 -0.032625
v 0.071607 -0.002825 -0.031875
v 0.071546 -0.002075 -0.032625
v 0.071539 -0.002075 -0.031875
v 0.071492 -0.001325 -0.034125
v 0.071485 -0.001325 -0.033375
v 0.071424 -0.000575 -0.034125
v 0.071417 -0.000575 -0.033375
v 0.071478 -0.001325 -0.032625
v 0.071471 -0.001325 -0.031875
v 0.071409 -0.000575 -0.032625
v 0.071402 -0.000575 -0.031875
v 0.071600 -0.002825 -0.031125
v 0.071593 -0.002825 -0.030375
v 0.071532 -0.002075 -0.031125
v 0.071524 -0.002075 -0.030375
v 0.071585 -0.002825 -0.029625
v 0.071578 -0.002825 -0.028875
v 0.071517 -0.002075 -0.029625
v 0.071510 -0.002075 -0.028875
v 0.071463 -0.001325 -0.031125
v 0.071456 -0.001325 -0.030375
v 0.071395 -0.000575 -0.031125
v 0.071387 -0.000575 -0.030375
v 0.071449 -0.001325 -0.029625
v 0.071441 -0.001325 -0.028875
v 0.071380 -0.000575 -0.029625
v 0.071373 -0.000575 -0.028875
v 0.072851 -0.010850 -0.037750
v 0.073601 -0.010850 -0.037750
v 0.072851 -0.010325 -0.038000
v 0.072851 -0.009575 -0.038000
v 0.073601 -0.010325 -0.038000
v 0.073601 -0.009575 -0.038000
v 0.074351 -0.010850 -0.037750
v 0.075101 -0.010849 -0.037750
v 0.074351 -0.010325 -0.038000
v 0.074351 -0.009575 -0.038000
v 0.075101 -0.010325 -0.038000
v 0.075101 -0.009575 -0.038000
v 0.072851 -0.011000 -0.037125
v 0.072851 -0.011000 -0.036375
v 0.073601 -0.010999 -0.037125
v 0.073601 -0.010999 -0.036375
v 0.072851 -0.011000 -0.035625
v 0.072851 -0.011000 -0.034875
v 0.073601 -0.010999 -0.035625
v 0.073601 -0.010999 -0.034875
v 0.074351 -0.010999 -0.037125
v 0.074351 -0.010999 -0.036375
v 0.075101 -0.010999 -0.037125
v 0.075101 -0.010999 -0.036375
v 0.074351 -0.010999 -0.035625
v 0.074351 -0.010999 -0.034875
v 0.075101 -0.010999 -0.035625
v 0.075101 -0.010999 -0.034875
v 0.072851 -0.008825 -0.038000
v 0.072851 -0.008075 -0.038000
v 0.073601 -0.008825 -0.038000
v 0.073601 -0.008075 -0.038000
v 0.072851 -0.007325 -0.038000
v 0.072851 -0.006575 -0.038000
v 0.073601 -0.007325 -0.038000
v 0.073601 -0.006575 -0.038000
v 0.074351 -0.008825 -0.038000
v 0.074351 -0.008075 -0.038000
v 0.075101 -0.008825 -0.038000
v 0.075101 -0.008075 -0.038000
v 0.074351 -0.007325 -0.038000
v 0.074351 -0.006575 -0.038000
v 0.075101 -0.007325 -0.038000
v 0.075101 -0.006575 -0.038000
v 0.075851 -0.010849 -0.037750
v 0.076601 -0.010849 -0.037750
v 0.075851 -0.010325 -0.038000
v 0.075851 -0.009575 -0.038000
v 0.076601 -0.010325 -0.038000
v 0.076601 -0.009575 -0.038000
v 0.077351 -0.010849 -0.037750
v 0.078101 -0.010849 -0.037750
v 0.077351 -0.010325 -0.038000
v 0.077351 -0.009575 -0.038000
v 0.078101 -0.010325 -0.038000
v 0.078101 -0.009575 -0.038000
v 0.075851 -0.010998 -0.037125
v 0.075851 -0.010998 -0.036375
v 0.076601 -0.010998 -0.037125
v 0.076601 -0.010998 -0.036375
v 0.075851 -0.010998 -0.035625
v 0.075851 -0.010998 -0.034875
v 0.076601 -0.010998 -0.035625
v 0.076601 -0.010998 -0.034875
v 0.077351 -0.010997 -0.037125
v 0.077351 -0.010997 -0.036375
v 0.078101 -0.010997 -0.037125
v 0.078101 -0.010997 -0.036375
v 0.077351 -0.010997 -0.035625
v 0.077351 -0.010997 -0.034875
v 0.078101 -0.010997 -0.035625
v 0.078101 -0.010997 -0.034875
v 0.075851 -0.008825 -0.038000
v 0.075851 -0.008075 -0.038000
v 0.076601 -0.008825 -0.038000
v 0.076601 -0.008075 -0.038000
v 0.075851 -0.007325 -0.038000
v 0.075851 -0.006575 -0.038000
v 0.076601 -0.007325 -0.038000
v 0.076601 -0.006575 -0.038000
v 0.077351 -0.008825 -0.038000
v 0.077351 -0.008075 -0.038000
v 0.078101 -0.008825 -0.038000
v 0.078101 -0.008075 -0.038000
v 0.077351 -0.007325 -0.038000
v 0.077351 -0.006575 -0.038000
v 0.078101 -0.007325 -0.038000
v 0.078101 -0.006575 -0.038000
v 0.072851 -0.011000 -0.034125
v 0.072851 -0.011000 -0.033375
v 0.073601 -0.010999 -0.034125
v 0.073601 -0.010999 -0.033375
v 0.072851 -0.011000 -0.032625
v 0.072851 -0.011000 -0.031875
v 0.073601 -0.010999 -0.032625
v 0.073601 -0.010999 -0.031875
v 0.074351 -0.010999 -0.034125
v 0.074351 -0.010999 -0.033375
v 0.075101 -0.010999 -0.034125
v 0.075101 -0.010999 -0.033375
v 0.074351 -0.010999 -0.032625
v 0.074351 -0.010999 -0.031875
v 0.075101 -0.010999 -0.032625
v 0.075101 -0.010999 -0.031875
v 0.072851 -0.011000 -0.031125
v 0.072851 -0.011000 -0.030375
v 0.073601 -0.010999 -0.031125
v 0.073601 -0.010999 -0.030375
v 0.072851 -0.011000 -0.029625
v 0.072851 -0.011000 -0.028875
v 0.073601 -0.010999 -0.029625
v 0.073601 -0.010999 -0.028875
v 0.074351 -0.010999 -0.031125
v 0.074351 -0.010999 -0.030375
v 0.075101 -0.010999 -0.031125
v 0.075101 -0.010999 -0.030375
v 0.074351 -0.010999 -0.029625
v 0.074351 -0.010999 -0.028875
v 0.075101 -0.010999 -0.029625
v 0.075101 -0.010999 -0.028875
v 0.075851 -0.010998 -0.034125
v 0.075851 -0.010998 -0.033375
v 0.076601 -0.010998 -0.034125
v 0.076601 -0.010998 -0.033375
v 0.075851 -0.010998 -0.032625
v 0.075851 -0.010998 -0.031875
v 0.076601 -0.010998 -0.032625
v 0.076601 -0.010998 -0.031875
v 0.077351 -0.010997 -0.034125
v 0.077351 -0.010997 -0.033375
v 0.078101 -0.010997 -0.034125
v 0.078101 -0.010997 -0.033375
v 0.077351 -0.010997 -0.032625
v 0.077351 -0.010997 -0.031875
v 0.078101 -0.010997 -0.032625
v 0.078101 -0.010997 -0.031875
v 0.075851 -0.010998 -0.031125
v 0.075851 -0.010998 -0.030375
v 0.076601 -0.010998 -0.031125
v 0.076601 -0.010998 -0.030375
v 0.075851 -0.010998 -0.029625
v 0.075851 -0.010998 -0.028875
v 0.076601 -0.010998 -0.029625
v 0.076601 -0.010998 -0.028875
v 0.077351 -0.010997 -0.031125
v 0.077351 -0.010997 -0.030375
v 0.078101 -0.010997 -0.031125
v 0.078101 -0.010997 -0.030375
v 0.077351 -0.010997 -0.029625
v 0.077351 -0.010997 -0.028875
v 0.078101 -0.010997 -0.029625
v 0.078101 -0.010997 -0.028875
v 0.072851 -0.005825 -0.038000
v 0.072851 -0.005075 -0.038000
v 0.073601 -0.005825 -0.038000
v 0.073601 -0.005075 -0.038000
v 0.072851 -0.004325 -0.038000
v 0.072851 -0.003575 -0.038000
v 0.073601 -0.004325 -0.038000
v 0.073601 -0.003575 -0.038000
v 0.074351 -0.005825 -0.038000
v 0.074351 -0.005075 -0.038000
v 0.075101 -0.005825 -0.038000
v 0.075101 -0.005075 -0.038000
v 0.074351 -0.004325 -0.038000
v 0.074351 -0.003575 -0.038000
v 0.075101 -0.004325 -0.038000
v 0.075101 -0.003575 -0.038000
v 0.072851 -0.002825 -0.038000
v 0.072851 -0.002075 -0.038000
v 0.073601 -0.002825 -0.038000
v 0.073601 -0.002075 -0.038000
v 0.072851 -0.001325 -0.038000
v 0.072851 -0.000575 -0.038000
v 0.073601 -0.001325 -0.038000
v 0.073601 -0.000575 -0.038000
v 0.074351 -0.002825 -0.038000
v 0.074351 -0.002075 -0.038000
v 0.075101 -0.002825 -0.038000
v 0.075101 -0.002075 -0.038000
v 0.074351 -0.001325 -0.038000
v 0.074351 -0.000575 -0.038000
v 0.075101 -0.001325 -0.038000
v 0.075101 -0.000575 -0.038000
v 0.075851 -0.005825 -0.038000
v 0.075851 -0.005075 -0.038000
v 0.076601 -0.005825 -0.038000
v 0.076601 -0.005075 -0.038000
v 0.075851 -0.004325 -0.038000
v 0.075851 -0.003575 -0.038000
v 0.076601 -0.004325 -0.038000
v 0.076601 -0.003575 -0.038000
v 0.077351 -0.005825 -0.038000
v 0.077351 -0.005075 -0.038000
v 0.078101 -0.005825 -0.038000
v 0.078101 -0.005075 -0.038000
v 0.077351 -0.004325 -0.038000
v 0.077351 -0.003575 -0.038000
v 0.078101 -0.004325 -0.038000
v 0.078101 -0.003575 -0.038000
v 0.075851 -0.002825 -0.038000
v 0.075851 -0.002075 -0.038000
v 0.076601 -0.002825 -0.038000
v 0.076601 -0.002075 -0.038000
v 0.075851 -0.001325 -0.038000
v 0.075851 -0.000575 -0.038000
v 0.076601 -0.001325 -0.038000
v 0.076601 -0.000575 -0.038000
v 0.077351 -0.002825 -0.038000
v 0.077351 -0.002075 -0.038000
v 0.078101 -0.002825 -0.038000
v 0.078101 -0.002075 -0.038000
v 0.077351 -0.001325 -0.038000
v 0.077351 -0.000575 -0.038000
v 0.078101 -0.001325 -0.038000
v 0.078101 -0.000575 -0.038000
v 0.072382 -0.010850 -0.028125
v 0.072379 -0.010850 -0.027375
v 0.072375 -0.010850 -0.026625
v 0.072372 -0.010850 -0.025875
v 0.072255 -0.010325 -0.028125
v 0.072248 -0.010325 -0.027375
v 0.072187 -0.009575 -0.028125
v 0.072180 -0.009575 -0.027375
v 0.072241 -0.010325 -0.026625
v 0.072233 -0.010325 -0.025875
v 0.072172 -0.009575 -0.026625
v 0.072165 -0.009575 -0.025875
v 0.072368 -0.010850 -0.025125
v 0.072364 -0.010850 -0.024375
v 0.072361 -0.010850 -0.023625
v 0.072357 -0.010850 -0.022875
v 0.072226 -0.010325 -0.025125
v 0.072219 -0.010325 -0.024375
v 0.072158 -0.009575 -0.025125
v 0.072150 -0.009575 -0.024375
v 0.072211 -0.010325 -0.023625
v 0.072204 -0.010325 -0.022875
v 0.072143 -0.009575 -0.023625
v 0.072136 -0.009575 -0.022875
v 0.072118 -0.008825 -0.028125
v 0.072111 -0.008825 -0.027375
v 0.072050 -0.008075 -0.028125
v 0.072043 -0.008075 -0.027375
v 0.072104 -0.008825 -0.026625
v 0.072096 -0.008825 -0.025875
v 0.072035 -0.008075 -0.026625
v 0.072028 -0.008075 -0.025875
v 0.071981 -0.007325 -0.028125
v 0.071974 -0.007325 -0.027375
v 0.071913 -0.006575 -0.028125
v 0.071906 -0.006575 -0.027375
v 0.071967 -0.007325 -0.026625
v 0.071960 -0.007325 -0.025875
v 0.071898 -0.006575 -0.026625
v 0.071891 -0.006575 -0.025875
v 0.072089 -0.008825 -0.025125
v 0.072082 -0.008825 -0.024375
v 0.072021 -0.008075 -0.025125
v 0.072013 -0.008075 -0.024375
v 0.072075 -0.008825 -0.023625
v 0.072067 -0.008825 -0.022875
v 0.072006 -0.008075 -0.023625
v 0.071999 -0.008075 -0.022875
v 0.071952 -0.007325 -0.025125
v 0.071945 -0.007325 -0.024375
v 0.071884 -0.006575 -0.025125
v 0.071877 -0.006575 -0.024375
v 0.071938 -0.007325 -0.023625
v 0.071930 -0.007325 -0.022875
v 0.071869 -0.006575 -0.023625
v 0.071862 -0.006575 -0.022875
v 0.072353 -0.010850 -0.022125
v 0.072350 -0.010850 -0.021375
v 0.072346 -0.010850 -0.020625
v 0.072342 -0.010850 -0.019875
v 0.072197 -0.010325 -0.022125
v 0.072190 -0.010325 -0.021375
v 0.072128 -0.009575 -0.022125
v 0.072121 -0.009575 -0.021375
v 0.072182 -0.010325 -0.020625
v 0.072175 -0.010325 -0.019875
v 0.072114 -0.009575 -0.020625
v 0.072106 -0.009575 -0.019875
v 0.072385 -0.010800 -0.019333
v 0.072323 -0.010325 -0.019250
v 0.072289 -0.009575 -0.019250
v 0.072060 -0.008825 -0.022125
v 0.072053 -0.008825 -0.021375
v 0.071992 -0.008075 -0.022125
v 0.071984 -0.008075 -0.021375
v 0.072045 -0.008825 -0.020625
v 0.072038 -0.008825 -0.019875
v 0.071977 -0.008075 -0.020625
v 0.071970 -0.008075 -0.019875
v 0.071923 -0.007325 -0.022125
v 0.071916 -0.007325 -0.021375
v 0.071855 -0.006575 -0.022125
v 0.071847 -0.006575 -0.021375
v 0.071908 -0.007325 -0.020625
v 0.071901 -0.007325 -0.019875
v 0.071840 -0.006575 -0.020625
v 0.071833 -0.006575 -0.019875
v 0.072255 -0.008825 -0.019250
v 0.072221 -0.008075 -0.019250
v 0.072187 -0.007325 -0.019250
v 0.072152 -0.006575 -0.019250
v 0.071845 -0.005825 -0.028125
v 0.071837 -0.005825 -0.027375
v 0.071776 -0.005075 -0.028125
v 0.071769 -0.005075 -0.027375
v 0.071725 -0.004707 -0.026311
v 0.071723 -0.004730 -0.025875
v 0.071830 -0.005825 -0.026625
v 0.071823 -0.005825 -0.025875
v 0.071755 -0.005004 -0.026587
v 0.071757 -0.005105 -0.025875
v 0.071700 -0.004235 -0.028125
v 0.071696 -0.004275 -0.027375
v 0.071639 -0.003575 -0.028125
v 0.071632 -0.003575 -0.027375
v 0.071734 -0.004610 -0.028125
v 0.071730 -0.004650 -0.027375
v 0.071699 -0.004388 -0.026587
v 0.071686 -0.004325 -0.025875
v 0.071625 -0.003575 -0.026625
v 0.071617 -0.003575 -0.025875
v 0.071727 -0.004680 -0.026811
v 0.071719 -0.004770 -0.025125
v 0.071715 -0.004810 -0.024375
v 0.071815 -0.005825 -0.025125
v 0.071808 -0.005825 -0.024375
v 0.071753 -0.005145 -0.025125
v 0.071750 -0.005185 -0.024375
v 0.071712 -0.004850 -0.023625
v 0.071708 -0.004890 -0.022875
v 0.071801 -0.005825 -0.023625
v 0.071794 -0.005825 -0.022875
v 0.071746 -0.005225 -0.023625
v 0.071742 -0.005265 -0.022875
v 0.071679 -0.004325 -0.025125
v 0.071671 -0.004325 -0.024375
v 0.071610 -0.003575 -0.025125
v 0.071603 -0.003575 -0.024375
v 0.071664 -0.004325 -0.023625
v 0.071657 -0.004325 -0.022875
v 0.071595 -0.003575 -0.023625
v 0.071588 -0.003575 -0.022875
v 0.071571 -0.002825 -0.028125
v 0.071564 -0.002825 -0.027375
v 0.071502 -0.002075 -0.028125
v 0.071495 -0.002075 -0.027375
v 0.071556 -0.002825 -0.026625
v 0.071549 -0.002825 -0.025875
v 0.071488 -0.002075 -0.026625
v 0.071481 -0.002075 -0.025875
v 0.071434 -0.001325 -0.028125
v 0.071427 -0.001325 -0.027375
v 0.071366 -0.000575 -0.028125
v 0.071358 -0.000575 -0.027375
v 0.071419 -0.001325 -0.026625
v 0.071412 -0.001325 -0.025875
v 0.071351 -0.000575 -0.026625
v 0.071344 -0.000575 -0.025875
v 0.071542 -0.002825 -0.025125
v 0.071534 -0.002825 -0.024375
v 0.071473 -0.002075 -0.025125
v 0.071466 -0.002075 -0.024375
v 0.071527 -0.002825 -0.023625
v 0.071520 -0.002825 -0.022875
v 0.071459 -0.002075 -0.023625
v 0.071451 -0.002075 -0.022875
v 0.071405 -0.001325 -0.025125
v 0.071397 -0.001325 -0.024375
v 0.071336 -0.000575 -0.025125
v 0.071329 -0.000575 -0.024375
v 0.071390 -0.001325 -0.023625
v 0.071383 -0.001325 -0.022875
v 0.071322 -0.000575 -0.023625
v 0.071314 -0.000575 -0.022875
v 0.071705 -0.004930 -0.022125
v 0.071701 -0.004970 -0.021375
v 0.071786 -0.005825 -0.022125
v 0.071779 -0.005825 -0.021375
v 0.071739 -0.005305 -0.022125
v 0.071735 -0.005345 -0.021375
v 0.071697 -0.005010 -0.020625
v 0.071694 -0.005050 -0.019875
v 0.071772 -0.005825 -0.020625
v 0.071764 -0.005825 -0.019875
v 0.071731 -0.005385 -0.020625
v 0.071728 -0.005425 -0.019875
v 0.071649 -0.004325 -0.022125
v 0.071642 -0.004325 -0.021375
v 0.071581 -0.003575 -0.022125
v 0.071574 -0.003575 -0.021375
v 0.071635 -0.004325 -0.020625
v 0.071627 -0.004325 -0.019875
v 0.071566 -0.003575 -0.020625
v 0.071559 -0.003575 -0.019875
v 0.071709 -0.005072 -0.019250
v 0.072040 -0.005750 -0.019200
v 0.071976 -0.005198 -0.019167
v 0.071675 -0.004325 -0.019250
v 0.071640 -0.003575 -0.019250
v 0.072101 -0.004325 -0.019000
v 0.072101 -0.003575 -0.019000
v 0.071512 -0.002825 -0.022125
v 0.071505 -0.002825 -0.021375
v 0.071444 -0.002075 -0.022125
v 0.071437 -0.002075 -0.021375
v 0.071498 -0.002825 -0.020625
v 0.071491 -0.002825 -0.019875
v 0.071429 -0.002075 -0.020625
v 0.071422 -0.002075 -0.019875
v 0.071376 -0.001325 -0.022125
v 0.071368 -0.001325 -0.021375
v 0.071307 -0.000575 -0.022125
v 0.071300 -0.000575 -0.021375
v 0.071361 -0.001325 -0.020625
v 0.071354 -0.001325 -0.019875
v 0.071293 -0.000575 -0.020625
v 0.071285 -0.000575 -0.019875
v 0.071606 -0.002825 -0.019250
v 0.071572 -0.002075 -0.019250
v 0.072101 -0.002825 -0.019000
v 0.072101 -0.002075 -0.019000
v 0.071538 -0.001325 -0.019250
v 0.071504 -0.000575 -0.019250
v 0.072101 -0.001325 -0.019000
v 0.072101 -0.000575 -0.019000
v 0.072851 -0.011000 -0.028125
v 0.072851 -0.011000 -0.027375
v 0.073601 -0.010999 -0.028125
v 0.073601 -0.010999 -0.027375
v 0.072851 -0.011000 -0.026625
v 0.072851 -0.011000 -0.025875
v 0.073601 -0.010999 -0.026625
v 0.073601 -0.010999 -0.025875
v 0.074351 -0.010999 -0.028125
v 0.074351 -0.010999 -0.027375
v 0.075101 -0.010999 -0.028125
v 0.075101 -0.010999 -0.027375
v 0.074351 -0.010999 -0.026625
v 0.074351 -0.010999 -0.025875
v 0.075101 -0.010999 -0.026625
v 0.075101 -0.010999 -0.025875
v 0.072851 -0.011000 -0.025125
v 0.072851 -0.011000 -0.024375
v 0.073601 -0.010999 -0.025125
v 0.073601 -0.010999 -0.024375
v 0.072851 -0.011000 -0.023625
v 0.072851 -0.011000 -0.022875
v 0.073601 -0.010999 -0.023625
v 0.073601 -0.010999 -0.022875
v 0.074351 -0.010999 -0.025125
v 0.074351 -0.010999 -0.024375
v 0.075101 -0.010999 -0.025125
v 0.075101 -0.010999 -0.024375
v 0.074351 -0.010999 -0.023625
v 0.074351 -0.010999 -0.022875
v 0.075101 -0.010999 -0.023625
v 0.075101 -0.010999 -0.022875
v 0.075851 -0.010998 -0.028125
v 0.075851 -0.010998 -0.027375
v 0.076601 -0.010998 -0.028125
v 0.076601 -0.010998 -0.027375
v 0.075851 -0.010998 -0.026625
v 0.075851 -0.010998 -0.025875
v 0.076601 -0.010998 -0.026625
v 0.076601 -0.010998 -0.025875
v 0.077351 -0.010997 -0.028125
v 0.077351 -0.010997 -0.027375
v 0.078101 -0.010997 -0.028125
v 0.078101 -0.010997 -0.027375
v 0.077351 -0.010997 -0.026625
v 0.077351 -0.010997 -0.025875
v 0.078101 -0.010997 -0.026625
v 0.078101 -0.010997 -0.025875
v 0.075851 -0.010998 -0.025125
v 0.075851 -0.010998 -0.024375
v 0.076601 -0.010998 -0.025125
v 0.076601 -0.010998 -0.024375
v 0.075851 -0.010998 -0.023625
v 0.075851 -0.010998 -0.022875
v 0.076601 -0.010998 -0.023625
v 0.076601 -0.010998 -0.022875
v 0.077351 -0.010997 -0.025125
v 0.077351 -0.010997 -0.024375
v 0.078101 -0.010997 -0.025125
v 0.078101 -0.010997 -0.024375
v 0.077351 -0.010997 -0.023625
v 0.077351 -0.010997 -0.022875
v 0.078101 -0.010997 -0.023625
v 0.078101 -0.010997 -0.022875
v 0.072851 -0.011000 -0.022125
v 0.072851 -0.011000 -0.021375
v 0.073601 -0.010999 -0.022125
v 0.073601 -0.010999 -0.021375
v 0.072851 -0.011000 -0.020625
v 0.072851 -0.011000 -0.019875
v 0.073601 -0.010999 -0.020625
v 0.073601 -0.010999 -0.019875
v 0.074351 -0.010999 -0.022125
v 0.074351 -0.010999 -0.021375
v 0.075101 -0.010999 -0.022125
v 0.075101 -0.010999 -0.021375
v 0.074351 -0.010999 -0.020625
v 0.074351 -0.010999 -0.019875
v 0.075101 -0.010999 -0.020625
v 0.075101 -0.010999 -0.019875
v 0.072851 -0.010850 -0.019250
v 0.073601 -0.010850 -0.019250
v 0.072851 -0.010325 -0.019000
v 0.072851 -0.009575 -0.019000
v 0.073601 -0.010325 -0.019000
v 0.073601 -0.009575 -0.019000
v 0.074351 -0.010849 -0.019250
v 0.075101 -0.010849 -0.019250
v 0.074351 -0.010325 -0.019000
v 0.074351 -0.009575 -0.019000
v 0.075101 -0.010325 -0.019000
v 0.075101 -0.009575 -0.019000
v 0.072851 -0.008825 -0.019000
v 0.072851 -0.008075 -0.019000
v 0.073601 -0.008825 -0.019000
v 0.073601 -0.008075 -0.019000
v 0.072851 -0.007325 -0.019000
v 0.072851 -0.006575 -0.019000
v 0.073601 -0.007325 -0.019000
v 0.073601 -0.006575 -0.019000
v 0.074351 -0.008825 -0.019000
v 0.074351 -0.008075 -0.019000
v 0.075101 -0.008825 -0.019000
v 0.075101 -0.008075 -0.019000
v 0.074351 -0.007325 -0.019000
v 0.074351 -0.006575 -0.019000
v 0.075101 -0.007325 -0.019000
v 0.075101 -0.006575 -0.019000
v 0.075851 -0.010998 -0.022125
v 0.075851 -0.010998 -0.021375
v 0.076601 -0.010998 -0.022125
v 0.076601 -0.010998 -0.021375
v 0.075851 -0.010998 -0.020625
v 0.075851 -0.010998 -0.019875
v 0.076601 -0.010998 -0.020625
v 0.076601 -0.010998 -0.019875
v 0.077351 -0.010997 -0.022125
v 0.077351 -0.010997 -0.021375
v 0.078101 -0.010997 -0.022125
v 0.078101 -0.010997 -0.021375
v 0.077351 -0.010997 -0.020625
v 0.077351 -0.010997 -0.019875
v 0.078101 -0.010997 -0.020625
v 0.078101 -0.010997 -0.019875
v 0.075851 -0.010849 -0.019250
v 0.076601 -0.010849 -0.019250
v 0.075851 -0.010325 -0.019000
v 0.075851 -0.009575 -0.019000
v 0.076601 -0.010325 -0.019000
v 0.076601 -0.009575 -0.019000
v 0.077351 -0.010849 -0.019250
v 0.078101 -0.010849 -0.019250
v 0.077351 -0.010325 -0.019000
v 0.077351 -0.009575 -0.019000
v 0.078101 -0.010325 -0.019000
v 0.078101 -0.009575 -0.019000
v 0.075851 -0.008825 -0.019000
v 0.075851 -0.008075 -0.019000
v 0.076601 -0.008825 -0.019000
v 0.076601 -0.008075 -0.019000
v 0.075851 -0.007325 -0.019000
v 0.075851 -0.006575 -0.019000
v 0.076601 -0.007325 -0.019000
v 0.076601 -0.006575 -0.019000
v 0.077351 -0.008825 -0.019000
v 0.077351 -0.008075 -0.019000
v 0.078101 -0.008825 -0.019000
v 0.078101 -0.008075 -0.019000
v 0.077351 -0.007325 -0.019000
v 0.077351 -0.006575 -0.019000
v 0.078101 -0.007325 -0.019000
v 0.078101 -0.006575 -0.019000
v 0.072851 -0.005825 -0.019000
v 0.072851 -0.005075 -0.019000
v 0.073601 -0.005825 -0.019000
v 0.073601 -0.005075 -0.019000
v 0.072851 -0.004325 -0.019000
v 0.072851 -0.003575 -0.019000
v 0.073601 -0.004325 -0.019000
v 0.073601 -0.003575 -0.019000
v 0.074351 -0.005825 -0.019000
v 0.074351 -0.005075 -0.019000
v 0.075101 -0.005825 -0.019000
v 0.075101 -0.005075 -0.019000
v 0.074351 -0.004325 -0.019000
v 0.074351 -0.003575 -0.019000
v 0.075101 -0.004325 -0.019000
v 0.075101 -0.003575 -0.019000
v 0.072851 -0.002825 -0.019000
v 0.072851 -0.002075 -0.019000
v 0.073601 -0.002825 -0.019000
v 0.073601 -0.002075 -0.019000
v 0.072851 -0.001325 -0.019000
v 0.072851 -0.000575 -0.019000
v 0.073601 -0.001325 -0.019000
v 0.073601 -0.000575 -0.019000
v 0.074351 -0.002825 -0.019000
v 0.074351 -0.002075 -0.019000
v 0.075101 -0.002825 -0.019000
v 0.075101 -0.002075 -0.019000
v 0.074351 -0.001325 -0.019000
v 0.074351 -0.000575 -0.019000
v 0.075101 -0.001325 -0.019000
v 0.075101 -0.000575 -0.019000
v 0.075851 -0.005825 -0.019000
v 0.075851 -0.005075 -0.019000
v 0.076601 -0.005825 -0.019000
v 0.076601 -0.005075 -0.019000
v 0.075851 -0.004325 -0.019000
v 0.075851 -0.003575 -0.019000
v 0.076601 -0.004325 -0.019000
v 0.076601 -0.003575 -0.019000
v 0.077351 -0.005825 -0.019000
v 0.077351 -0.005075 -0.019000
v 0.078101 -0.005825 -0.019000
v 0.078101 -0.005075 -0.019000
v 0.077351 -0.004325 -0.019000
v 0.077351 -0.003575 -0.019000
v 0.078101 -0.004325 -0.019000
v 0.078101 -0.003575 -0.019000
v 0.075851 -0.002825 -0.019000
v 0.075851 -0.002075 -0.019000
v 0.076601 -0.002825 -0.019000
v 0.076601 -0.002075 -0.019000
v 0.075851 -0.001325 -0.019000
v 0.075851 -0.000575 -0.019000
v 0.076601 -0.001325 -0.019000
v 0.076601 -0.000575 -0.019000
v 0.077351 -0.002825 -0.019000
v 0.077351 -0.002075 -0.019000
v 0.078101 -0.002825 -0.019000
v 0.078101 -0.002075 -0.019000
v 0.077351 -0.001325 -0.019000
v 0.077351 -0.000575 -0.019000
v 0.078101 -0.001325 -0.019000
v 0.078101 -0.000575 -0.019000
v 0.071557 0.000175 -0.037750
v 0.071523 0.000925 -0.037750
v 0.072101 0.000175 -0.038000
v 0.072101 0.000925 -0.038000
v 0.071489 0.001675 -0.037750
v 0.071454 0.002425 -0.037750
v 0.072101 0.001675 -0.038000
v 0.072101 0.002425 -0.038000
v 0.071385 0.000175 -0.037125
v 0.071377 0.000175 -0.036375
v 0.071316 0.000925 -0.037125
v 0.071309 0.000925 -0.036375
v 0.071370 0.000175 -0.035625
v 0.071363 0.000175 -0.034875
v 0.071302 0.000925 -0.035625
v 0.071294 0.000925 -0.034875
v 0.071248 0.001675 -0.037125
v 0.071241 0.001675 -0.036375
v 0.071179 0.002425 -0.037125
v 0.071172 0.002425 -0.036375
v 0.071233 0.001675 -0.035625
v 0.071226 0.001675 -0.034875
v 0.071165 0.002425 -0.035625
v 0.071158 0.002425 -0.034875
v 0.070965 0.004933 -0.037667
v 0.070942 0.005425 -0.037750
v 0.071420 0.003175 -0.037750
v 0.071386 0.003925 -0.037750
v 0.072101 0.003175 -0.038000
v 0.072101 0.003925 -0.038000
v 0.071283 0.004680 -0.037800
v 0.071350 0.005425 -0.038000
v 0.072101 0.004675 -0.038000
v 0.072101 0.005425 -0.038000
v 0.070958 0.004855 -0.037125
v 0.070954 0.004815 -0.036375
v 0.070906 0.005425 -0.037125
v 0.070898 0.005425 -0.036375
v 0.070950 0.004775 -0.035625
v 0.070947 0.004735 -0.034875
v 0.070891 0.005425 -0.035625
v 0.070884 0.005425 -0.034875
v 0.071111 0.003175 -0.037125
v 0.071104 0.003175 -0.036375
v 0.071043 0.003925 -0.037125
v 0.071035 0.003925 -0.036375
v 0.071096 0.003175 -0.035625
v 0.071089 0.003175 -0.034875
v 0.071028 0.003925 -0.035625
v 0.071021 0.003925 -0.034875
v 0.070992 0.004480 -0.037125
v 0.070988 0.004440 -0.036375
v 0.070985 0.004400 -0.035625
v 0.070981 0.004360 -0.034875
v 0.071356 0.000175 -0.034125
v 0.071348 0.000175 -0.033375
v 0.071287 0.000925 -0.034125
v 0.071280 0.000925 -0.033375
v 0.071341 0.000175 -0.032625
v 0.071334 0.000175 -0.031875
v 0.071272 0.000925 -0.032625
v 0.071265 0.000925 -0.031875
v 0.071219 0.001675 -0.034125
v 0.071211 0.001675 -0.033375
v 0.071150 0.002425 -0.034125
v 0.071143 0.002425 -0.033375
v 0.071204 0.001675 -0.032625
v 0.071197 0.001675 -0.031875
v 0.071136 0.002425 -0.032625
v 0.071128 0.002425 -0.031875
v 0.071326 0.000175 -0.031125
v 0.071319 0.000175 -0.030375
v 0.071258 0.000925 -0.031125
v 0.071251 0.000925 -0.030375
v 0.071312 0.000175 -0.029625
v 0.071304 0.000175 -0.028875
v 0.071243 0.000925 -0.029625
v 0.071236 0.000925 -0.028875
v 0.071189 0.001675 -0.031125
v 0.071182 0.001675 -0.030375
v 0.071121 0.002425 -0.031125
v 0.071114 0.002425 -0.030375
v 0.071175 0.001675 -0.029625
v 0.071168 0.001675 -0.028875
v 0.071106 0.002425 -0.029625
v 0.071099 0.002425 -0.028875
v 0.070975 0.004300 -0.033751
v 0.070974 0.004280 -0.033375
v 0.070970 0.004240 -0.032625
v 0.070966 0.004200 -0.031875
v 0.070950 0.004616 -0.034050
v 0.070938 0.004675 -0.033375
v 0.070876 0.005425 -0.034125
v 0.070869 0.005425 -0.033375
v 0.070930 0.004675 -0.032625
v 0.070923 0.004675 -0.031875
v 0.070862 0.005425 -0.032625
v 0.070855 0.005425 -0.031875
v 0.071082 0.003175 -0.034125
v 0.071074 0.003175 -0.033375
v 0.071006 0.004000 -0.034050
v 0.071008 0.003905 -0.033375
v 0.071067 0.003175 -0.032625
v 0.071060 0.003175 -0.031875
v 0.071004 0.003865 -0.032625
v 0.071001 0.003825 -0.031875
v 0.070978 0.004327 -0.034251
v 0.070963 0.004160 -0.031125
v 0.070959 0.004120 -0.030375
v 0.070955 0.004080 -0.029625
v 0.070952 0.004040 -0.028875
v 0.070916 0.004675 -0.031125
v 0.070908 0.004675 -0.030375
v 0.070847 0.005425 -0.031125
v 0.070840 0.005425 -0.030375
v 0.070901 0.004675 -0.029625
v 0.070894 0.004675 -0.028875
v 0.070833 0.005425 -0.029625
v 0.070825 0.005425 -0.028875
v 0.071053 0.003175 -0.031125
v 0.071045 0.003175 -0.030375
v 0.070997 0.003785 -0.031125
v 0.070993 0.003745 -0.030375
v 0.071038 0.003175 -0.029625
v 0.071031 0.003175 -0.028875
v 0.070990 0.003705 -0.029625
v 0.070986 0.003665 -0.028875
v 0.070908 0.006175 -0.037750
v 0.070874 0.006925 -0.037750
v 0.070840 0.007675 -0.037750
v 0.070806 0.008425 -0.037750
v 0.071350 0.006175 -0.038000
v 0.071350 0.006925 -0.038000
v 0.072101 0.006175 -0.038000
v 0.072101 0.006925 -0.038000
v 0.071350 0.007675 -0.038000
v 0.071350 0.008425 -0.038000
v 0.072101 0.007675 -0.038000
v 0.072101 0.008425 -0.038000
v 0.070837 0.006175 -0.037125
v 0.070830 0.006175 -0.036375
v 0.070769 0.006925 -0.037125
v 0.070762 0.006925 -0.036375
v 0.070823 0.006175 -0.035625
v 0.070815 0.006175 -0.034875
v 0.070754 0.006925 -0.035625
v 0.070747 0.006925 -0.034875
v 0.070700 0.007675 -0.037125
v 0.070693 0.007675 -0.036375
v 0.070632 0.008425 -0.037125
v 0.070625 0.008425 -0.036375
v 0.070686 0.007675 -0.035625
v 0.070678 0.007675 -0.034875
v 0.070617 0.008425 -0.035625
v 0.070610 0.008425 -0.034875
v 0.070771 0.009175 -0.037750
v 0.070737 0.009925 -0.037750
v 0.070805 0.010397 -0.037667
v 0.071350 0.009175 -0.038000
v 0.071350 0.009925 -0.038000
v 0.072101 0.009175 -0.038000
v 0.072101 0.009925 -0.038000
v 0.071350 0.010443 -0.037750
v 0.072101 0.010437 -0.037750
v 0.070563 0.009175 -0.037125
v 0.070556 0.009175 -0.036375
v 0.070495 0.009925 -0.037125
v 0.070488 0.009925 -0.036375
v 0.070549 0.009175 -0.035625
v 0.070542 0.009175 -0.034875
v 0.070480 0.009925 -0.035625
v 0.070473 0.009925 -0.034875
v 0.070718 0.010446 -0.037125
v 0.070715 0.010446 -0.036375
v 0.070711 0.010446 -0.035625
v 0.070707 0.010446 -0.034875
v 0.071350 0.010586 -0.037125
v 0.071350 0.010586 -0.036375
v 0.072101 0.010574 -0.037125
v 0.072101 0.010574 -0.036375
v 0.071350 0.010586 -0.035625
v 0.071350 0.010586 -0.034875
v 0.072101 0.010574 -0.035625
v 0.072101 0.010574 -0.034875
v 0.070808 0.006175 -0.034125
v 0.070801 0.006175 -0.033375
v 0.070740 0.006925 -0.034125
v 0.070732 0.006925 -0.033375
v 0.070793 0.006175 -0.032625
v 0.070786 0.006175 -0.031875
v 0.070725 0.006925 -0.032625
v 0.070718 0.006925 -0.031875
v 0.070671 0.007675 -0.034125
v 0.070664 0.007675 -0.033375
v 0.070603 0.008425 -0.034125
v 0.070595 0.008425 -0.033375
v 0.070657 0.007675 -0.032625
v 0.070649 0.007675 -0.031875
v 0.070588 0.008425 -0.032625
v 0.070581 0.008425 -0.031875
v 0.070779 0.006175 -0.031125
v 0.070772 0.006175 -0.030375
v 0.070710 0.006925 -0.031125
v 0.070703 0.006925 -0.030375
v 0.070764 0.006175 -0.029625
v 0.070757 0.006175 -0.028875
v 0.070696 0.006925 -0.029625
v 0.070688 0.006925 -0.028875
v 0.070642 0.007675 -0.031125
v 0.070635 0.007675 -0.030375
v 0.070574 0.008425 -0.031125
v 0.070566 0.008425 -0.030375
v 0.070627 0.007675 -0.029625
v 0.070620 0.007675 -0.028875
v 0.070559 0.008425 -0.029625
v 0.070552 0.008425 -0.028875
v 0.070534 0.009175 -0.034125
v 0.070527 0.009175 -0.033375
v 0.070466 0.009925 -0.034125
v 0.070459 0.009925 -0.033375
v 0.070520 0.009175 -0.032625
v 0.070512 0.009175 -0.031875
v 0.070451 0.009925 -0.032625
v 0.070444 0.009925 -0.031875
v 0.070704 0.010446 -0.034125
v 0.070700 0.010446 -0.033375
v 0.070696 0.010446 -0.032625
v 0.070693 0.010445 -0.031875
v 0.071350 0.010586 -0.034125
v 0.071350 0.010585 -0.033375
v 0.072101 0.010574 -0.034125
v 0.072101 0.010574 -0.033375
v 0.071350 0.010585 -0.032625
v 0.071350 0.010585 -0.031875
v 0.072101 0.010574 -0.032625
v 0.072101 0.010574 -0.031875
v 0.070505 0.009175 -0.031125
v 0.070498 0.009175 -0.030375
v 0.070437 0.009925 -0.031125
v 0.070429 0.009925 -0.030375
v 0.070490 0.009175 -0.029625
v 0.070483 0.009175 -0.028875
v 0.070422 0.009925 -0.029625
v 0.070415 0.009925 -0.028875
v 0.070689 0.010445 -0.031125
v 0.070685 0.010445 -0.030375
v 0.070682 0.010445 -0.029625
v 0.070678 0.010445 -0.028875
v 0.071350 0.010585 -0.031125
v 0.071350 0.010585 -0.030375
v 0.072101 0.010574 -0.031125
v 0.072101 0.010574 -0.030375
v 0.071350 0.010585 -0.029625
v 0.071350 0.010585 -0.028875
v 0.072101 0.010574 -0.029625
v 0.072101 0.010573 -0.028875
v 0.072851 0.000175 -0.038000
v 0.072851 0.000925 -0.038000
v 0.073601 0.000175 -0.038000
v 0.073601 0.000925 -0.038000
v 0.072851 0.001675 -0.038000
v 0.072851 0.002425 -0.038000
v 0.073601 0.001675 -0.038000
v 0.073601 0.002425 -0.038000
v 0.074351 0.000175 -0.038000
v 0.074351 0.000925 -0.038000
v 0.075101 0.000175 -0.038000
v 0.075101 0.000925 -0.038000
v 0.074351 0.001675 -0.038000
v 0.074351 0.002425 -0.038000
v 0.075101 0.001675 -0.038000
v 0.075101 0.002425 -0.038000
v 0.072851 0.003175 -0.038000
v 0.072851 0.003925 -0.038000
v 0.073601 0.003175 -0.038000
v 0.073601 0.003925 -0.038000
v 0.072851 0.004675 -0.038000
v 0.072851 0.005425 -0.038000
v 0.073601 0.004675 -0.038000
v 0.073601 0.005425 -0.038000
v 0.074351 0.003175 -0.038000
v 0.074351 0.003925 -0.038000
v 0.075101 0.003175 -0.038000
v 0.075101 0.003925 -0.038000
v 0.074351 0.004675 -0.038000
v 0.074351 0.005425 -0.038000
v 0.075101 0.004675 -0.038000
v 0.075101 0.005425 -0.038000
v 0.075851 0.000175 -0.038000
v 0.075851 0.000925 -0.038000
v 0.076601 0.000175 -0.038000
v 0.076601 0.000925 -0.038000
v 0.075851 0.001675 -0.038000
v 0.075851 0.002425 -0.038000
v 0.076601 0.001675 -0.038000
v 0.076601 0.002425 -0.038000
v 0.077351 0.000175 -0.038000
v 0.077351 0.000925 -0.038000
v 0.078101 0.000175 -0.038000
v 0.078101 0.000925 -0.038000
v 0.077351 0.001675 -0.038000
v 0.077351 0.002425 -0.038000
v 0.078101 0.001675 -0.038000
v 0.078101 0.002425 -0.038000
v 0.075851 0.003175 -0.038000
v 0.075851 0.003925 -0.038000
v 0.076601 0.003175 -0.038000
v 0.076601 0.003925 -0.038000
v 0.075851 0.004675 -0.038000
v 0.075851 0.005425 -0.038000
v 0.076601 0.004675 -0.038000
v 0.076601 0.005425 -0.038000
v 0.077351 0.003175 -0.038000
v 0.077351 0.003925 -0.038000
v 0.078101 0.003175 -0.038000
v 0.078101 0.003925 -0.038000
v 0.077351 0.004675 -0.038000
v 0.077351 0.005425 -0.038000
v 0.078101 0.004675 -0.038000
v 0.078101 0.005425 -0.038000
v 0.072851 0.006175 -0.038000
v 0.072851 0.006925 -0.038000
v 0.073601 0.006175 -0.038000
v 0.073601 0.006925 -0.038000
v 0.072851 0.007675 -0.038000
v 0.072851 0.008425 -0.038000
v 0.073601 0.007675 -0.038000
v 0.073601 0.008425 -0.038000
v 0.074351 0.006175 -0.038000
v 0.074351 0.006925 -0.038000
v 0.075101 0.006175 -0.038000
v 0.075101 0.006925 -0.038000
v 0.074351 0.007675 -0.038000
v 0.074351 0.008425 -0.038000
v 0.075101 0.007675 -0.038000
v 0.075101 0.008425 -0.038000
v 0.072851 0.009175 -0.038000
v 0.072851 0.009925 -0.038000
v 0.073601 0.009175 -0.038000
v 0.073601 0.009925 -0.038000
v 0.072851 0.010431 -0.037750
v 0.073601 0.010425 -0.037750
v 0.074351 0.009175 -0.038000
v 0.074351 0.009925 -0.038000
v 0.075101 0.009175 -0.038000
v 0.075101 0.009925 -0.038000
v 0.074351 0.010420 -0.037750
v 0.075101 0.010414 -0.037750
v 0.072851 0.010563 -0.037125
v 0.072851 0.010563 -0.036375
v 0.073601 0.010551 -0.037125
v 0.073601 0.010551 -0.036375
v 0.072851 0.010563 -0.035625
v 0.072851 0.010563 -0.034875
v 0.073601 0.010551 -0.035625
v 0.073601 0.010551 -0.034875
v 0.074351 0.010539 -0.037125
v 0.074351 0.010539 -0.036375
v 0.075101 0.010528 -0.037125
v 0.075101 0.010528 -0.036375
v 0.074351 0.010539 -0.035625
v 0.074351 0.010539 -0.034875
v 0.075101 0.010528 -0.035625
v 0.075101 0.010528 -0.034875
v 0.075851 0.006175 -0.038000
v 0.075851 0.006925 -0.038000
v 0.076601 0.006175 -0.038000
v 0.076601 0.006925 -0.038000
v 0.075851 0.007675 -0.038000
v 0.075851 0.008425 -0.038000
v 0.076601 0.007675 -0.038000
v 0.076601 0.008425 -0.038000
v 0.077351 0.006175 -0.038000
v 0.077351 0.006925 -0.038000
v 0.078101 0.006175 -0.038000
v 0.078101 0.006925 -0.038000
v 0.077351 0.007675 -0.038000
v 0.077351 0.008425 -0.038000
v 0.078101 0.007675 -0.038000
v 0.078101 0.008425 -0.038000
v 0.075851 0.009175 -0.038000
v 0.075851 0.009925 -0.038000
v 0.076601 0.009175 -0.038000
v 0.076601 0.009925 -0.038000
v 0.075851 0.010408 -0.037750
v 0.076601 0.010402 -0.037750
v 0.077351 0.009175 -0.038000
v 0.077351 0.009925 -0.038000
v 0.078101 0.009175 -0.038000
v 0.078101 0.009925 -0.038000
v 0.077351 0.010396 -0.037750
v 0.078101 0.010391 -0.037750
v 0.075851 0.010516 -0.037125
v 0.075851 0.010516 -0.036375
v 0.076601 0.010504 -0.037125
v 0.076601 0.010504 -0.036375
v 0.075851 0.010516 -0.035625
v 0.075851 0.010516 -0.034875
v 0.076601 0.010504 -0.035625
v 0.076601 0.010504 -0.034875
v 0.077351 0.010493 -0.037125
v 0.077351 0.010493 -0.036375
v 0.078101 0.010481 -0.037125
v 0.078101 0.010481 -0.036375
v 0.077351 0.010493 -0.035625
v 0.077351 0.010493 -0.034875
v 0.078101 0.010481 -0.035625
v 0.078101 0.010481 -0.034875
v 0.072851 0.010563 -0.034125
v 0.072851 0.010563 -0.033375
v 0.073601 0.010551 -0.034125
v 0.073601 0.010551 -0.033375
v 0.072851 0.010563 -0.032625
v 0.072851 0.010562 -0.031875
v 0.073601 0.010551 -0.032625
v 0.073601 0.010551 -0.031875
v 0.074351 0.010539 -0.034125
v 0.074351 0.010539 -0.033375
v 0.075101 0.010528 -0.034125
v 0.075101 0.010528 -0.033375
v 0.074351 0.010539 -0.032625
v 0.074351 0.010539 -0.031875
v 0.075101 0.010528 -0.032625
v 0.075101 0.010528 -0.031875
v 0.072851 0.010562 -0.031125
v 0.072851 0.010562 -0.030375
v 0.073601 0.010551 -0.031125
v 0.073601 0.010551 -0.030375
v 0.072851 0.010562 -0.029625
v 0.072851 0.010562 -0.028875
v 0.073601 0.010551 -0.029625
v 0.073601 0.010551 -0.028875
v 0.074351 0.010539 -0.031125
v 0.074351 0.010539 -0.030375
v 0.075101 0.010528 -0.031125
v 0.075101 0.010528 -0.030375
v 0.074351 0.010539 -0.029625
v 0.074351 0.010539 -0.028875
v 0.075101 0.010528 -0.029625
v 0.075101 0.010528 -0.028875
v 0.075851 0.010516 -0.034125
v 0.075851 0.010516 -0.033375
v 0.076601 0.010504 -0.034125
v 0.076601 0.010504 -0.033375
v 0.075851 0.010516 -0.032625
v 0.075851 0.010516 -0.031875
v 0.076601 0.010504 -0.032625
v 0.076601 0.010504 -0.031875
v 0.077351 0.010493 -0.034125
v 0.077351 0.010493 -0.033375
v 0.078101 0.010481 -0.034125
v 0.078101 0.010481 -0.033375
v 0.077351 0.010493 -0.032625
v 0.077351 0.010493 -0.031875
v 0.078101 0.010481 -0.032625
v 0.078101 0.010481 -0.031875
v 0.075851 0.010516 -0.031125
v 0.075851 0.010516 -0.030375
v 0.076601 0.010504 -0.031125
v 0.076601 0.010504 -0.030375
v 0.075851 0.010516 -0.029625
v 0.075851 0.010516 -0.028875
v 0.076601 0.010504 -0.029625
v 0.076601 0.010504 -0.028875
v 0.077351 0.010493 -0.031125
v 0.077351 0.010493 -0.030375
v 0.078101 0.010481 -0.031125
v 0.078101 0.010481 -0.030375
v 0.077351 0.010493 -0.029625
v 0.077351 0.010493 -0.028875
v 0.078101 0.010481 -0.029625
v 0.078101 0.010481 -0.028875
v 0.071297 0.000175 -0.028125
v 0.071290 0.000175 -0.027375
v 0.071229 0.000925 -0.028125
v 0.071221 0.000925 -0.027375
v 0.071283 0.000175 -0.026625
v 0.071275 0.000175 -0.025875
v 0.071214 0.000925 -0.026625
v 0.071207 0.000925 -0.025875
v 0.071160 0.001675 -0.028125
v 0.071153 0.001675 -0.027375
v 0.071092 0.002425 -0.028125
v 0.071085 0.002425 -0.027375
v 0.071146 0.001675 -0.026625
v 0.071138 0.001675 -0.025875
v 0.071077 0.002425 -0.026625
v 0.071070 0.002425 -0.025875
v 0.071268 0.000175 -0.025125
v 0.071261 0.000175 -0.024375
v 0.071199 0.000925 -0.025125
v 0.071192 0.000925 -0.024375
v 0.071253 0.000175 -0.023625
v 0.071246 0.000175 -0.022875
v 0.071185 0.000925 -0.023625
v 0.071178 0.000925 -0.022875
v 0.071131 0.001675 -0.025125
v 0.071124 0.001675 -0.024375
v 0.071063 0.002425 -0.025125
v 0.071055 0.002425 -0.024375
v 0.071116 0.001675 -0.023625
v 0.071109 0.001675 -0.022875
v 0.071048 0.002425 -0.023625
v 0.071041 0.002425 -0.022875
v 0.070948 0.004000 -0.028125
v 0.070944 0.003960 -0.027375
v 0.070974 0.003533 -0.026408
v 0.070971 0.003505 -0.025875
v 0.070947 0.003856 -0.026645
v 0.070933 0.003925 -0.025875
v 0.070887 0.004675 -0.028125
v 0.070879 0.004675 -0.027375
v 0.070818 0.005425 -0.028125
v 0.070811 0.005425 -0.027375
v 0.070872 0.004675 -0.026625
v 0.070865 0.004675 -0.025875
v 0.070803 0.005425 -0.026625
v 0.070796 0.005425 -0.025875
v 0.071023 0.003175 -0.028125
v 0.071016 0.003175 -0.027375
v 0.070982 0.003625 -0.028125
v 0.070979 0.003585 -0.027375
v 0.071003 0.003240 -0.026645
v 0.071006 0.003130 -0.025875
v 0.070976 0.003560 -0.026908
v 0.070968 0.003465 -0.025125
v 0.070964 0.003425 -0.024375
v 0.070926 0.003925 -0.025125
v 0.070918 0.003925 -0.024375
v 0.070960 0.003385 -0.023625
v 0.070957 0.003345 -0.022875
v 0.070911 0.003925 -0.023625
v 0.070904 0.003925 -0.022875
v 0.070857 0.004675 -0.025125
v 0.070850 0.004675 -0.024375
v 0.070789 0.005425 -0.025125
v 0.070782 0.005425 -0.024375
v 0.070843 0.004675 -0.023625
v 0.070835 0.004675 -0.022875
v 0.070774 0.005425 -0.023625
v 0.070767 0.005425 -0.022875
v 0.071002 0.003090 -0.025125
v 0.070998 0.003050 -0.024375
v 0.070995 0.003010 -0.023625
v 0.070991 0.002970 -0.022875
v 0.070975 0.002793 -0.019565
v 0.071239 0.000175 -0.022125
v 0.071231 0.000175 -0.021375
v 0.071170 0.000925 -0.022125
v 0.071163 0.000925 -0.021375
v 0.071224 0.000175 -0.020625
v 0.071217 0.000175 -0.019875
v 0.071156 0.000925 -0.020625
v 0.071148 0.000925 -0.019875
v 0.071102 0.001675 -0.022125
v 0.071095 0.001675 -0.021375
v 0.071033 0.002425 -0.022125
v 0.071026 0.002425 -0.021375
v 0.071087 0.001675 -0.020625
v 0.071080 0.001675 -0.019875
v 0.071019 0.002425 -0.020625
v 0.071005 0.002496 -0.019839
v 0.070975 0.002793 -0.019333
v 0.071469 0.000175 -0.019250
v 0.071435 0.000925 -0.019250
v 0.072101 0.000175 -0.019000
v 0.072101 0.000925 -0.019000
v 0.071401 0.001675 -0.019250
v 0.071289 0.002496 -0.019200
v 0.072101 0.001675 -0.019000
v 0.072101 0.002425 -0.019000
v 0.070953 0.003305 -0.022125
v 0.070949 0.003265 -0.021375
v 0.070897 0.003925 -0.022125
v 0.070889 0.003925 -0.021375
v 0.070946 0.003225 -0.020625
v 0.070948 0.003112 -0.019839
v 0.070882 0.003925 -0.020625
v 0.070875 0.003925 -0.019875
v 0.070828 0.004675 -0.022125
v 0.070821 0.004675 -0.021375
v 0.070760 0.005425 -0.022125
v 0.070752 0.005425 -0.021375
v 0.070813 0.004675 -0.020625
v 0.070806 0.004675 -0.019875
v 0.070745 0.005425 -0.020625
v 0.070738 0.005425 -0.019875
v 0.070987 0.002930 -0.022125
v 0.070984 0.002890 -0.021375
v 0.070980 0.002850 -0.020625
v 0.070977 0.002820 -0.020065
v 0.070957 0.003175 -0.019250
v 0.070923 0.003925 -0.019250
v 0.070889 0.004675 -0.019250
v 0.070855 0.005425 -0.019250
v 0.071350 0.003175 -0.019000
v 0.071350 0.003925 -0.019000
v 0.072101 0.003175 -0.019000
v 0.072101 0.003925 -0.019000
v 0.071350 0.004675 -0.019000
v 0.071350 0.005425 -0.019000
v 0.072101 0.004675 -0.019000
v 0.072101 0.005425 -0.019000
v 0.070750 0.006175 -0.028125
v 0.070742 0.006175 -0.027375
v 0.070681 0.006925 -0.028125
v 0.070674 0.006925 -0.027375
v 0.070735 0.006175 -0.026625
v 0.070728 0.006175 -0.025875
v 0.070667 0.006925 -0.026625
v 0.070659 0.006925 -0.025875
v 0.070613 0.007675 -0.028125
v 0.070605 0.007675 -0.027375
v 0.070544 0.008425 -0.028125
v 0.070537 0.008425 -0.027375
v 0.070598 0.007675 -0.026625
v 0.070591 0.007675 -0.025875
v 0.070530 0.008425 -0.026625
v 0.070522 0.008425 -0.025875
v 0.070720 0.006175 -0.025125
v 0.070713 0.006175 -0.024375
v 0.070652 0.006925 -0.025125
v 0.070645 0.006925 -0.024375
v 0.070706 0.006175 -0.023625
v 0.070699 0.006175 -0.022875
v 0.070637 0.006925 -0.023625
v 0.070630 0.006925 -0.022875
v 0.070584 0.007675 -0.025125
v 0.070576 0.007675 -0.024375
v 0.070515 0.008425 -0.025125
v 0.070508 0.008425 -0.024375
v 0.070569 0.007675 -0.023625
v 0.070562 0.007675 -0.022875
v 0.070500 0.008425 -0.023625
v 0.070493 0.008425 -0.022875
v 0.070476 0.009175 -0.028125
v 0.070469 0.009175 -0.027375
v 0.070407 0.009925 -0.028125
v 0.070400 0.009925 -0.027375
v 0.070461 0.009175 -0.026625
v 0.070454 0.009175 -0.025875
v 0.070393 0.009925 -0.026625
v 0.070386 0.009925 -0.025875
v 0.070674 0.010445 -0.028125
v 0.070671 0.010445 -0.027375
v 0.070667 0.010445 -0.026625
v 0.070663 0.010445 -0.025875
v 0.071350 0.010585 -0.028125
v 0.071350 0.010585 -0.027375
v 0.072101 0.010573 -0.028125
v 0.072101 0.010573 -0.027375
v 0.071350 0.010584 -0.026625
v 0.071350 0.010584 -0.025875
v 0.072101 0.010573 -0.026625
v 0.072101 0.010573 -0.025875
v 0.070447 0.009175 -0.025125
v 0.070439 0.009175 -0.024375
v 0.070378 0.009925 -0.025125
v 0.070371 0.009925 -0.024375
v 0.070432 0.009175 -0.023625
v 0.070425 0.009175 -0.022875
v 0.070364 0.009925 -0.023625
v 0.070356 0.009925 -0.022875
v 0.070660 0.010445 -0.025125
v 0.070656 0.010445 -0.024375
v 0.070652 0.010445 -0.023625
v 0.070649 0.010445 -0.022875
v 0.071350 0.010584 -0.025125
v 0.071350 0.010584 -0.024375
v 0.072101 0.010573 -0.025125
v 0.072101 0.010573 -0.024375
v 0.071350 0.010584 -0.023625
v 0.071350 0.010584 -0.022875
v 0.072101 0.010573 -0.023625
v 0.072101 0.010573 -0.022875
v 0.070691 0.006175 -0.022125
v 0.070684 0.006175 -0.021375
v 0.070623 0.006925 -0.022125
v 0.070615 0.006925 -0.021375
v 0.070677 0.006175 -0.020625
v 0.070669 0.006175 -0.019875
v 0.070608 0.006925 -0.020625
v 0.070601 0.006925 -0.019875
v 0.070554 0.007675 -0.022125
v 0.070547 0.007675 -0.021375
v 0.070486 0.008425 -0.022125
v 0.070479 0.008425 -0.021375
v 0.070540 0.007675 -0.020625
v 0.070532 0.007675 -0.019875
v 0.070471 0.008425 -0.020625
v 0.070464 0.008425 -0.019875
v 0.070821 0.006175 -0.019250
v 0.070786 0.006925 -0.019250
v 0.070752 0.007675 -0.019250
v 0.070718 0.008425 -0.019250
v 0.071350 0.006175 -0.019000
v 0.071350 0.006925 -0.019000
v 0.072101 0.006175 -0.019000
v 0.072101 0.006925 -0.019000
v 0.071350 0.007675 -0.019000
v 0.071350 0.008425 -0.019000
v 0.072101 0.007675 -0.019000
v 0.072101 0.008425 -0.019000
v 0.070417 0.009175 -0.022125
v 0.070410 0.009175 -0.021375
v 0.070349 0.009925 -0.022125
v 0.070342 0.009925 -0.021375
v 0.070403 0.009175 -0.020625
v 0.070396 0.009175 -0.019875
v 0.070334 0.009925 -0.020625
v 0.070327 0.009925 -0.019875
v 0.070645 0.010445 -0.022125
v 0.070642 0.010445 -0.021375
v 0.070638 0.010445 -0.020625
v 0.070634 0.010445 -0.019875
v 0.071350 0.010584 -0.022125
v 0.071350 0.010584 -0.021375
v 0.072101 0.010572 -0.022125
v 0.072101 0.010572 -0.021375
v 0.071350 0.010584 -0.020625
v 0.071350 0.010583 -0.019875
v 0.072101 0.010572 -0.020625
v 0.072101 0.010572 -0.019875
v 0.070684 0.009175 -0.019250
v 0.070649 0.009925 -0.019250
v 0.070747 0.010396 -0.019333
v 0.071350 0.009175 -0.019000
v 0.071350 0.009925 -0.019000
v 0.072101 0.009175 -0.019000
v 0.072101 0.009925 -0.019000
v 0.071350 0.010442 -0.019250
v 0.072101 0.010436 -0.019250
v 0.072851 0.000175 -0.019000
v 0.072851 0.000925 -0.019000
v 0.073601 0.000175 -0.019000
v 0.073601 0.000925 -0.019000
v 0.072851 0.001675 -0.019000
v 0.072851 0.002425 -0.019000
v 0.073601 0.001675 -0.019000
v 0.073601 0.002425 -0.019000
v 0.074351 0.000175 -0.019000
v 0.074351 0.000925 -0.019000
v 0.075101 0.000175 -0.019000
v 0.075101 0.000925 -0.019000
v 0.074351 0.001675 -0.019000
v 0.074351 0.002425 -0.019000
v 0.075101 0.001675 -0.019000
v 0.075101 0.002425 -0.019000
v 0.072851 0.003175 -0.019000
v 0.072851 0.003925 -0.019000
v 0.073601 0.003175 -0.019000
v 0.073601 0.003925 -0.019000
v 0.072851 0.004675 -0.019000
v 0.072851 0.005425 -0.019000
v 0.073601 0.004675 -0.019000
v 0.073601 0.005425 -0.019000
v 0.074351 0.003175 -0.019000
v 0.074351 0.003925 -0.019000
v 0.075101 0.003175 -0.019000
v 0.075101 0.003925 -0.019000
v 0.074351 0.004675 -0.019000
v 0.074351 0.005425 -0.019000
v 0.075101 0.004675 -0.019000
v 0.075101 0.005425 -0.019000
v 0.075851 0.000175 -0.019000
v 0.075851 0.000925 -0.019000
v 0.076601 0.000175 -0.019000
v 0.076601 0.000925 -0.019000
v 0.075851 0.001675 -0.019000
v 0.075851 0.002425 -0.019000
v 0.076601 0.001675 -0.019000
v 0.076601 0.002425 -0.019000
v 0.077351 0.000175 -0.019000
v 0.077351 0.000925 -0.019000
v 0.078101 0.000175 -0.019000
v 0.078101 0.000925 -0.019000
v 0.077351 0.001675 -0.019000
v 0.077351 0.002425 -0.019000
v 0.078101 0.001675 -0.019000
v 0.078101 0.002425 -0.019000
v 0.075851 0.003175 -0.019000
v 0.075851 0.003925 -0.019000
v 0.076601 0.003175 -0.019000
v 0.076601 0.003925 -0.019000
v 0.075851 0.004675 -0.019000
v 0.075851 0.005425 -0.019000
v 0.076601 0.004675 -0.019000
v 0.076601 0.005425 -0.019000
v 0.077351 0.003175 -0.019000
v 0.077351 0.003925 -0.019000
v 0.078101 0.003175 -0.019000
v 0.078101 0.003925 -0.019000
v 0.077351 0.004675 -0.019000
v 0.077351 0.005425 -0.019000
v 0.078101 0.004675 -0.019000
v 0.078101 0.005425 -0.019000
v 0.072851 0.010562 -0.028125
v 0.072851 0.010562 -0.027375
v 0.073601 0.010550 -0.028125
v 0.073601 0.010550 -0.027375
v 0.072851 0.010562 -0.026625
v 0.072851 0.010562 -0.025875
v 0.073601 0.010550 -0.026625
v 0.073601 0.010550 -0.025875
v 0.074351 0.010539 -0.028125
v 0.074351 0.010539 -0.027375
v 0.075101 0.010528 -0.028125
v 0.075101 0.010528 -0.027375
v 0.074351 0.010539 -0.026625
v 0.074351 0.010539 -0.025875
v 0.075101 0.010527 -0.026625
v 0.075101 0.010527 -0.025875
v 0.072851 0.010561 -0.025125
v 0.072851 0.010561 -0.024375
v 0.073601 0.010550 -0.025125
v 0.073601 0.010550 -0.024375
v 0.072851 0.010561 -0.023625
v 0.072851 0.010561 -0.022875
v 0.073601 0.010550 -0.023625
v 0.073601 0.010550 -0.022875
v 0.074351 0.010539 -0.025125
v 0.074351 0.010539 -0.024375
v 0.075101 0.010527 -0.025125
v 0.075101 0.010527 -0.024375
v 0.074351 0.010538 -0.023625
v 0.074351 0.010538 -0.022875
v 0.075101 0.010527 -0.023625
v 0.075101 0.010527 -0.022875
v 0.075851 0.010516 -0.028125
v 0.075851 0.010516 -0.027375
v 0.076601 0.010504 -0.028125
v 0.076601 0.010504 -0.027375
v 0.075851 0.010516 -0.026625
v 0.075851 0.010516 -0.025875
v 0.076601 0.010504 -0.026625
v 0.076601 0.010504 -0.025875
v 0.077351 0.010493 -0.028125
v 0.077351 0.010493 -0.027375
v 0.078101 0.010481 -0.028125
v 0.078101 0.010481 -0.027375
v 0.077351 0.010493 -0.026625
v 0.077351 0.010493 -0.025875
v 0.078101 0.010481 -0.026625
v 0.078101 0.010481 -0.025875
v 0.075851 0.010516 -0.025125
v 0.075851 0.010516 -0.024375
v 0.076601 0.010504 -0.025125
v 0.076601 0.010504 -0.024375
v 0.075851 0.010516 -0.023625
v 0.075851 0.010515 -0.022875
v 0.076601 0.010504 -0.023625
v 0.076601 0.010504 -0.022875
v 0.077351 0.010493 -0.025125
v 0.077351 0.010493 -0.024375
v 0.078101 0.010481 -0.025125
v 0.078101 0.010481 -0.024375
v 0.077351 0.010493 -0.023625
v 0.077351 0.010493 -0.022875
v 0.078101 0.010481 -0.023625
v 0.078101 0.010481 -0.022875
v 0.072851 0.006175 -0.019000
v 0.072851 0.006925 -0.019000
v 0.073601 0.006175 -0.019000
v 0.073601 0.006925 -0.019000
v 0.072851 0.007675 -0.019000
v 0.072851 0.008425 -0.019000
v 0.073601 0.007675 -0.019000
v 0.073601 0.008425 -0.019000
v 0.074351 0.006175 -0.019000
v 0.074351 0.006925 -0.019000
v 0.075101 0.006175 -0.019000
v 0.075101 0.006925 -0.019000
v 0.074351 0.007675 -0.019000
v 0.074351 0.008425 -0.019000
v 0.075101 0.007675 -0.019000
v 0.075101 0.008425 -0.019000
v 0.072851 0.010561 -0.022125
v 0.072851 0.010561 -0.021375
v 0.073601 0.010550 -0.022125
v 0.073601 0.010549 -0.021375
v 0.072851 0.010561 -0.020625
v 0.072851 0.010561 -0.019875
v 0.073601 0.010549 -0.020625
v 0.073601 0.010549 -0.019875
v 0.074351 0.010538 -0.022125
v 0.074351 0.010538 -0.021375
v 0.075101 0.010527 -0.022125
v 0.075101 0.010527 -0.021375
v 0.074351 0.010538 -0.020625
v 0.074351 0.010538 -0.019875
v 0.075101 0.010527 -0.020625
v 0.075101 0.010526 -0.019875
v 0.072851 0.009175 -0.019000
v 0.072851 0.009925 -0.019000
v 0.073601 0.009175 -0.019000
v 0.073601 0.009925 -0.019000
v 0.072851 0.010430 -0.019250
v 0.073601 0.010425 -0.019250
v 0.074351 0.009175 -0.019000
v 0.074351 0.009925 -0.019000
v 0.075101 0.009175 -0.019000
v 0.075101 0.009925 -0.019000
v 0.074351 0.010419 -0.019250
v 0.075101 0.010413 -0.019250
v 0.075851 0.006175 -0.019000
v 0.075851 0.006925 -0.019000
v 0.076601 0.006175 -0.019000
v 0.076601 0.006925 -0.019000
v 0.075851 0.007675 -0.019000
v 0.075851 0.008425 -0.019000
v 0.076601 0.007675 -0.019000
v 0.076601 0.008425 -0.019000
v 0.077351 0.006175 -0.019000
v 0.077351 0.006925 -0.019000
v 0.078101 0.006175 -0.019000
v 0.078101 0.006925 -0.019000
v 0.077351 0.007675 -0.019000
v 0.077351 0.008425 -0.019000
v 0.078101 0.007675 -0.019000
v 0.078101 0.008425 -0.019000
v 0.075851 0.010515 -0.022125
v 0.075851 0.010515 -0.021375
v 0.076601 0.010504 -0.022125
v 0.076601 0.010504 -0.021375
v 0.075851 0.010515 -0.020625
v 0.075851 0.010515 -0.019875
v 0.076601 0.010504 -0.020625
v 0.076601 0.010504 -0.019875
v 0.077351 0.010493 -0.022125
v 0.077351 0.010492 -0.021375
v 0.078101 0.010481 -0.022125
v 0.078101 0.010481 -0.021375
v 0.077351 0.010492 -0.020625
v 0.077351 0.010492 -0.019875
v 0.078101 0.010481 -0.020625
v 0.078101 0.010481 -0.019875
v 0.075851 0.009175 -0.019000
v 0.075851 0.009925 -0.019000
v 0.076601 0.009175 -0.019000
v 0.076601 0.009925 -0.019000
v 0.075851 0.010407 -0.019250
v 0.076601 0.010402 -0.019250
v 0.077351 0.009175 -0.019000
v 0.077351 0.009925 -0.019000
v 0.078101 0.009175 -0.019000
v 0.078101 0.009925 -0.019000
v 0.077351 0.010396 -0.019250
v 0.078101 0.010390 -0.019250
v 0.078851 -0.010848 -0.037750
v 0.079601 -0.010848 -0.037750
v 0.078851 -0.010325 -0.038000
v 0.078851 -0.009575 -0.038000
v 0.079601 -0.010325 -0.038000
v 0.079601 -0.009575 -0.038000
v 0.080351 -0.010848 -0.037750
v 0.081101 -0.010848 -0.037750
v 0.080351 -0.010325 -0.038000
v 0.080351 -0.009575 -0.038000
v 0.081101 -0.010325 -0.038000
v 0.081101 -0.009575 -0.038000
v 0.078851 -0.010997 -0.037125
v 0.078851 -0.010997 -0.036375
v 0.079601 -0.010996 -0.037125
v 0.079601 -0.010996 -0.036375
v 0.078851 -0.010997 -0.035625
v 0.078851 -0.010997 -0.034875
v 0.079601 -0.010996 -0.035625
v 0.079601 -0.010996 -0.034875
v 0.080351 -0.010996 -0.037125
v 0.080351 -0.010996 -0.036375
v 0.081101 -0.010996 -0.037125
v 0.081101 -0.010996 -0.036375
v 0.080351 -0.010996 -0.035625
v 0.080351 -0.010996 -0.034875
v 0.081101 -0.010996 -0.035625
v 0.081101 -0.010996 -0.034875
v 0.078851 -0.008825 -0.038000
v 0.078851 -0.008075 -0.038000
v 0.079601 -0.008825 -0.038000
v 0.079601 -0.008075 -0.038000
v 0.078851 -0.007325 -0.038000
v 0.078851 -0.006575 -0.038000
v 0.079601 -0.007325 -0.038000
v 0.079601 -0.006575 -0.038000
v 0.080351 -0.008825 -0.038000
v 0.080351 -0.008075 -0.038000
v 0.081101 -0.008825 -0.038000
v 0.081101 -0.008075 -0.038000
v 0.080351 -0.007325 -0.038000
v 0.080351 -0.006575 -0.038000
v 0.081101 -0.007325 -0.038000
v 0.081101 -0.006575 -0.038000
v 0.081851 -0.010848 -0.037750
v 0.082601 -0.010847 -0.037750
v 0.081851 -0.010325 -0.038000
v 0.081851 -0.009575 -0.038000
v 0.082601 -0.010325 -0.038000
v 0.082601 -0.009575 -0.038000
v 0.083351 -0.010847 -0.037750
v 0.084101 -0.010778 -0.037750
v 0.083351 -0.010325 -0.038000
v 0.083351 -0.009575 -0.038000
v 0.084101 -0.010325 -0.038000
v 0.084101 -0.009575 -0.038000
v 0.081851 -0.010995 -0.037125
v 0.081851 -0.010995 -0.036375
v 0.082601 -0.010995 -0.037125
v 0.082601 -0.010995 -0.036375
v 0.081851 -0.010995 -0.035625
v 0.081851 -0.010995 -0.034875
v 0.082601 -0.010995 -0.035625
v 0.082601 -0.010995 -0.034875
v 0.083351 -0.010994 -0.037125
v 0.083351 -0.010994 -0.036375
v 0.084101 -0.010855 -0.037125
v 0.084101 -0.010855 -0.036375
v 0.083351 -0.010994 -0.035625
v 0.083351 -0.010994 -0.034875
v 0.084101 -0.010855 -0.035625
v 0.084101 -0.010855 -0.034875
v 0.081851 -0.008825 -0.038000
v 0.081851 -0.008075 -0.038000
v 0.082601 -0.008825 -0.038000
v 0.082601 -0.008075 -0.038000
v 0.081851 -0.007325 -0.038000
v 0.081851 -0.006575 -0.038000
v 0.082601 -0.007325 -0.038000
v 0.082601 -0.006575 -0.038000
v 0.083351 -0.008825 -0.038000
v 0.083351 -0.008075 -0.038000
v 0.084101 -0.008825 -0.038000
v 0.084101 -0.008075 -0.038000
v 0.083351 -0.007325 -0.038000
v 0.083351 -0.006575 -0.038000
v 0.084101 -0.007325 -0.038000
v 0.084101 -0.006575 -0.038000
v 0.078851 -0.010997 -0.034125
v 0.078851 -0.010997 -0.033375
v 0.079601 -0.010996 -0.034125
v 0.079601 -0.010996 -0.033375
v 0.078851 -0.010997 -0.032625
v 0.078851 -0.010997 -0.031875
v 0.079601 -0.010996 -0.032625
v 0.079601 -0.010996 -0.031875
v 0.080351 -0.010996 -0.034125
v 0.080351 -0.010996 -0.033375
v 0.081101 -0.010996 -0.034125
v 0.081101 -0.010996 -0.033375
v 0.080351 -0.010996 -0.032625
v 0.080351 -0.010996 -0.031875
v 0.081101 -0.010996 -0.032625
v 0.081101 -0.010996 -0.031875
v 0.078851 -0.010997 -0.031125
v 0.078851 -0.010997 -0.030375
v 0.079601 -0.010996 -0.031125
v 0.079601 -0.010996 -0.030375
v 0.078851 -0.010997 -0.029625
v 0.078851 -0.010997 -0.028875
v 0.079601 -0.010996 -0.029625
v 0.079601 -0.010996 -0.028875
v 0.080351 -0.010996 -0.031125
v 0.080351 -0.010996 -0.030375
v 0.081101 -0.010996 -0.031125
v 0.081101 -0.010996 -0.030375
v 0.080351 -0.010996 -0.029625
v 0.080351 -0.010996 -0.028875
v 0.081101 -0.010996 -0.029625
v 0.081101 -0.010996 -0.028875
v 0.081851 -0.010995 -0.034125
v 0.081851 -0.010995 -0.033375
v 0.082601 -0.010995 -0.034125
v 0.082601 -0.010995 -0.033375
v 0.081851 -0.010995 -0.032625
v 0.081851 -0.010995 -0.031875
v 0.082601 -0.010995 -0.032625
v 0.082601 -0.010995 -0.031875
v 0.083351 -0.010994 -0.034125
v 0.083351 -0.010994 -0.033375
v 0.084101 -0.010855 -0.034125
v 0.084101 -0.010855 -0.033375
v 0.083351 -0.010994 -0.032625
v 0.083351 -0.010994 -0.031875
v 0.084101 -0.010855 -0.032625
v 0.084101 -0.010855 -0.031875
v 0.081851 -0.010995 -0.031125
v 0.081851 -0.010995 -0.030375
v 0.082601 -0.010995 -0.031125
v 0.082601 -0.010995 -0.030375
v 0.081851 -0.010995 -0.029625
v 0.081851 -0.010995 -0.028875
v 0.082601 -0.010995 -0.029625
v 0.082601 -0.010995 -0.028875
v 0.083351 -0.010994 -0.031125
v 0.083351 -0.010994 -0.030375
v 0.084101 -0.010855 -0.031125
v 0.084101 -0.010855 -0.030375
v 0.083351 -0.010994 -0.029625
v 0.083351 -0.010994 -0.028875
v 0.084101 -0.010855 -0.029625
v 0.084101 -0.010855 -0.028875
v 0.078851 -0.005825 -0.038000
v 0.078851 -0.005075 -0.038000
v 0.079601 -0.005825 -0.038000
v 0.079601 -0.005075 -0.038000
v 0.078851 -0.004325 -0.038000
v 0.078851 -0.003575 -0.038000
v 0.079601 -0.004325 -0.038000
v 0.079601 -0.003575 -0.038000
v 0.080351 -0.005825 -0.038000
v 0.080351 -0.005075 -0.038000
v 0.081101 -0.005825 -0.038000
v 0.081101 -0.005075 -0.038000
v 0.080351 -0.004325 -0.038000
v 0.080351 -0.003575 -0.038000
v 0.081101 -0.004325 -0.038000
v 0.081101 -0.003575 -0.038000
v 0.078851 -0.002825 -0.038000
v 0.078851 -0.002075 -0.038000
v 0.079601 -0.002825 -0.038000
v 0.079601 -0.002075 -0.038000
v 0.078851 -0.001325 -0.038000
v 0.078851 -0.000575 -0.038000
v 0.079601 -0.001325 -0.038000
v 0.079601 -0.000575 -0.038000
v 0.080351 -0.002825 -0.038000
v 0.080351 -0.002075 -0.038000
v 0.081101 -0.002825 -0.038000
v 0.081101 -0.002075 -0.038000
v 0.080351 -0.001325 -0.038000
v 0.080351 -0.000575 -0.038000
v 0.081101 -0.001325 -0.038000
v 0.081101 -0.000575 -0.038000
v 0.081851 -0.005825 -0.038000
v 0.081851 -0.005075 -0.038000
v 0.082601 -0.005825 -0.038000
v 0.082601 -0.005075 -0.038000
v 0.081851 -0.004325 -0.038000
v 0.081851 -0.003575 -0.038000
v 0.082601 -0.004325 -0.038000
v 0.082601 -0.003575 -0.038000
v 0.083351 -0.005825 -0.038000
v 0.083351 -0.005075 -0.038000
v 0.084101 -0.005825 -0.038000
v 0.084101 -0.005075 -0.038000
v 0.083351 -0.004325 -0.038000
v 0.083351 -0.003575 -0.038000
v 0.084101 -0.004325 -0.038000
v 0.084101 -0.003575 -0.038000
v 0.081851 -0.002825 -0.038000
v 0.081851 -0.002075 -0.038000
v 0.082601 -0.002825 -0.038000
v 0.082601 -0.002075 -0.038000
v 0.081851 -0.001325 -0.038000
v 0.081851 -0.000575 -0.038000
v 0.082601 -0.001325 -0.038000
v 0.082601 -0.000575 -0.038000
v 0.083351 -0.002825 -0.038000
v 0.083351 -0.002075 -0.038000
v 0.084101 -0.002825 -0.038000
v 0.084101 -0.002075 -0.038000
v 0.083351 -0.001325 -0.038000
v 0.083351 -0.000575 -0.038000
v 0.084101 -0.001325 -0.038000
v 0.084101 -0.000575 -0.038000
v 0.084481 -0.010705 -0.037667
v 0.084779 -0.010253 -0.037800
v 0.084851 -0.009575 -0.038000
v 0.085231 -0.009955 -0.037667
v 0.085529 -0.009503 -0.037800
v 0.085981 -0.009205 -0.037667
v 0.084484 -0.010708 -0.037125
v 0.084484 -0.010708 -0.036375
v 0.084484 -0.010708 -0.035625
v 0.084484 -0.010708 -0.034875
v 0.084859 -0.010333 -0.037125
v 0.084859 -0.010333 -0.036375
v 0.085234 -0.009958 -0.037125
v 0.085234 -0.009958 -0.036375
v 0.085609 -0.009583 -0.037125
v 0.085609 -0.009583 -0.036375
v 0.084859 -0.010333 -0.035625
v 0.084859 -0.010333 -0.034875
v 0.085234 -0.009958 -0.035625
v 0.085234 -0.009958 -0.034875
v 0.085609 -0.009583 -0.035625
v 0.085609 -0.009583 -0.034875
v 0.085984 -0.009208 -0.037125
v 0.085984 -0.009208 -0.036375
v 0.085984 -0.009208 -0.035625
v 0.085984 -0.009208 -0.034875
v 0.084851 -0.008825 -0.038000
v 0.084851 -0.008075 -0.038000
v 0.085601 -0.008825 -0.038000
v 0.085601 -0.008075 -0.038000
v 0.084851 -0.007325 -0.038000
v 0.084851 -0.006575 -0.038000
v 0.085601 -0.007325 -0.038000
v 0.085601 -0.006575 -0.038000
v 0.086154 -0.008825 -0.037750
v 0.086324 -0.008075 -0.037750
v 0.086321 -0.007325 -0.037750
v 0.086317 -0.006575 -0.037750
v 0.086333 -0.008825 -0.037125
v 0.086333 -0.008825 -0.036375
v 0.086672 -0.008075 -0.037125
v 0.086673 -0.008075 -0.036375
v 0.086333 -0.008825 -0.035625
v 0.086333 -0.008825 -0.034875
v 0.086673 -0.008075 -0.035625
v 0.086673 -0.008075 -0.034875
v 0.086666 -0.007325 -0.037125
v 0.086667 -0.007325 -0.036375
v 0.086659 -0.006575 -0.037125
v 0.086659 -0.006575 -0.036375
v 0.086667 -0.007325 -0.035625
v 0.086668 -0.007325 -0.034875
v 0.086660 -0.006575 -0.035625
v 0.086661 -0.006575 -0.034875
v 0.084484 -0.010708 -0.034125
v 0.084484 -0.010708 -0.033375
v 0.084484 -0.010708 -0.032625
v 0.084484 -0.010708 -0.031875
v 0.084859 -0.010333 -0.034125
v 0.084859 -0.010333 -0.033375
v 0.085234 -0.009958 -0.034125
v 0.085234 -0.009958 -0.033375
v 0.085609 -0.009583 -0.034125
v 0.085609 -0.009583 -0.033375
v 0.084859 -0.010333 -0.032625
v 0.084859 -0.010333 -0.031875
v 0.085234 -0.009958 -0.032625
v 0.085234 -0.009958 -0.031875
v 0.085609 -0.009583 -0.032625
v 0.085609 -0.009583 -0.031875
v 0.085984 -0.009208 -0.034125
v 0.085984 -0.009208 -0.033375
v 0.085984 -0.009208 -0.032625
v 0.085984 -0.009208 -0.031875
v 0.084484 -0.010708 -0.031125
v 0.084484 -0.010708 -0.030375
v 0.084484 -0.010708 -0.029625
v 0.084484 -0.010708 -0.028875
v 0.084859 -0.010333 -0.031125
v 0.084859 -0.010333 -0.030375
v 0.085234 -0.009958 -0.031125
v 0.085234 -0.009958 -0.030375
v 0.085609 -0.009583 -0.031125
v 0.085609 -0.009583 -0.030375
v 0.084859 -0.010333 -0.029625
v 0.084859 -0.010333 -0.028875
v 0.085234 -0.009958 -0.029625
v 0.085234 -0.009958 -0.028875
v 0.085609 -0.009583 -0.029625
v 0.085609 -0.009583 -0.028875
v 0.085984 -0.009208 -0.031125
v 0.085984 -0.009208 -0.030375
v 0.085984 -0.009208 -0.029625
v 0.085984 -0.009208 -0.028875
v 0.086333 -0.008825 -0.034125
v 0.086333 -0.008825 -0.033375
v 0.086674 -0.008075 -0.034125
v 0.086674 -0.008075 -0.033375
v 0.086333 -0.008825 -0.032625
v 0.086333 -0.008825 -0.031875
v 0.086674 -0.008075 -0.032625
v 0.086675 -0.008075 -0.031875
v 0.086669 -0.007325 -0.034125
v 0.086670 -0.007325 -0.033375
v 0.086662 -0.006575 -0.034125
v 0.086662 -0.006575 -0.033375
v 0.086670 -0.007325 -0.032625
v 0.086671 -0.007325 -0.031875
v 0.086663 -0.006575 -0.032625
v 0.086664 -0.006575 -0.031875
v 0.086333 -0.008825 -0.031125
v 0.086333 -0.008825 -0.030375
v 0.086675 -0.008075 -0.031125
v 0.086676 -0.008075 -0.030375
v 0.086333 -0.008825 -0.029625
v 0.086333 -0.008825 -0.028875
v 0.086676 -0.008075 -0.029625
v 0.086676 -0.008075 -0.028875
v 0.086672 -0.007325 -0.031125
v 0.086673 -0.007325 -0.030375
v 0.086665 -0.006575 -0.031125
v 0.086665 -0.006575 -0.030375
v 0.086673 -0.007325 -0.029625
v 0.086674 -0.007325 -0.028875
v 0.086666 -0.006575 -0.029625
v 0.086667 -0.006575 -0.028875
v 0.084851 -0.005825 -0.038000
v 0.084851 -0.005075 -0.038000
v 0.085601 -0.005825 -0.038000
v 0.085601 -0.005075 -0.038000
v 0.084851 -0.004325 -0.038000
v 0.084851 -0.003575 -0.038000
v 0.085601 -0.004325 -0.038000
v 0.085601 -0.003575 -0.038000
v 0.086313 -0.005825 -0.037750
v 0.086310 -0.005075 -0.037750
v 0.086306 -0.004325 -0.037750
v 0.086302 -0.003575 -0.037750
v 0.086651 -0.005825 -0.037125
v 0.086652 -0.005825 -0.036375
v 0.086644 -0.005075 -0.037125
v 0.086645 -0.005075 -0.036375
v 0.086653 -0.005825 -0.035625
v 0.086654 -0.005825 -0.034875
v 0.086646 -0.005075 -0.035625
v 0.086646 -0.005075 -0.034875
v 0.086637 -0.004325 -0.037125
v 0.086637 -0.004325 -0.036375
v 0.086629 -0.003575 -0.037125
v 0.086630 -0.003575 -0.036375
v 0.086638 -0.004325 -0.035625
v 0.086639 -0.004325 -0.034875
v 0.086631 -0.003575 -0.035625
v 0.086632 -0.003575 -0.034875
v 0.084851 -0.002825 -0.038000
v 0.084851 -0.002075 -0.038000
v 0.085601 -0.002825 -0.038000
v 0.085601 -0.002075 -0.038000
v 0.084851 -0.001325 -0.038000
v 0.084851 -0.000575 -0.038000
v 0.085601 -0.001325 -0.038000
v 0.085601 -0.000575 -0.038000
v 0.086299 -0.002825 -0.037750
v 0.086295 -0.002075 -0.037750
v 0.086291 -0.001325 -0.037750
v 0.086288 -0.000575 -0.037750
v 0.086622 -0.002825 -0.037125
v 0.086623 -0.002825 -0.036375
v 0.086615 -0.002075 -0.037125
v 0.086616 -0.002075 -0.036375
v 0.086624 -0.002825 -0.035625
v 0.086624 -0.002825 -0.034875
v 0.086616 -0.002075 -0.035625
v 0.086617 -0.002075 -0.034875
v 0.086608 -0.001325 -0.037125
v 0.086608 -0.001325 -0.036375
v 0.086600 -0.000575 -0.037125
v 0.086601 -0.000575 -0.036375
v 0.086609 -0.001325 -0.035625
v 0.086610 -0.001325 -0.034875
v 0.086602 -0.000575 -0.035625
v 0.086602 -0.000575 -0.034875
v 0.086654 -0.005825 -0.034125
v 0.086655 -0.005825 -0.033375
v 0.086647 -0.005075 -0.034125
v 0.086648 -0.005075 -0.033375
v 0.086656 -0.005825 -0.032625
v 0.086657 -0.005825 -0.031875
v 0.086648 -0.005075 -0.032625
v 0.086649 -0.005075 -0.031875
v 0.086640 -0.004325 -0.034125
v 0.086640 -0.004325 -0.033375
v 0.086632 -0.003575 -0.034125
v 0.086633 -0.003575 -0.033375
v 0.086641 -0.004325 -0.032625
v 0.086642 -0.004325 -0.031875
v 0.086634 -0.003575 -0.032625
v 0.086635 -0.003575 -0.031875
v 0.086657 -0.005825 -0.031125
v 0.086658 -0.005825 -0.030375
v 0.086650 -0.005075 -0.031125
v 0.086651 -0.005075 -0.030375
v 0.086659 -0.005825 -0.029625
v 0.086659 -0.005825 -0.028875
v 0.086651 -0.005075 -0.029625
v 0.086652 -0.005075 -0.028875
v 0.086643 -0.004325 -0.031125
v 0.086643 -0.004325 -0.030375
v 0.086635 -0.003575 -0.031125
v 0.086636 -0.003575 -0.030375
v 0.086644 -0.004325 -0.029625
v 0.086645 -0.004325 -0.028875
v 0.086637 -0.003575 -0.029625
v 0.086638 -0.003575 -0.028875
v 0.086625 -0.002825 -0.034125
v 0.086626 -0.002825 -0.033375
v 0.086618 -0.002075 -0.034125
v 0.086619 -0.002075 -0.033375
v 0.086627 -0.002825 -0.032625
v 0.086627 -0.002825 -0.031875
v 0.086619 -0.002075 -0.032625
v 0.086620 -0.002075 -0.031875
v 0.086610 -0.001325 -0.034125
v 0.086611 -0.001325 -0.033375
v 0.086603 -0.000575 -0.034125
v 0.086604 -0.000575 -0.033375
v 0.086612 -0.001325 -0.032625
v 0.086613 -0.001325 -0.031875
v 0.086605 -0.000575 -0.032625
v 0.086605 -0.000575 -0.031875
v 0.086628 -0.002825 -0.031125
v 0.086629 -0.002825 -0.030375
v 0.086621 -0.002075 -0.031125
v 0.086621 -0.002075 -0.030375
v 0.086630 -0.002825 -0.029625
v 0.086630 -0.002825 -0.028875
v 0.086622 -0.002075 -0.029625
v 0.086622 -0.002075 -0.028875
v 0.086613 -0.001325 -0.031125
v 0.086614 -0.001325 -0.030375
v 0.086605 -0.000575 -0.031125
v 0.086605 -0.000575 -0.030375
v 0.086614 -0.001325 -0.029625
v 0.086614 -0.001325 -0.028875
v 0.086605 -0.000575 -0.029625
v 0.086605 -0.000575 -0.028875
v 0.078851 -0.010997 -0.028125
v 0.078851 -0.010997 -0.027375
v 0.079601 -0.010996 -0.028125
v 0.079601 -0.010996 -0.027375
v 0.078851 -0.010997 -0.026625
v 0.078851 -0.010997 -0.025875
v 0.079601 -0.010996 -0.026625
v 0.079601 -0.010996 -0.025875
v 0.080351 -0.010996 -0.028125
v 0.080351 -0.010996 -0.027375
v 0.081101 -0.010996 -0.028125
v 0.081101 -0.010996 -0.027375
v 0.080351 -0.010996 -0.026625
v 0.080351 -0.010996 -0.025875
v 0.081101 -0.010996 -0.026625
v 0.081101 -0.010996 -0.025875
v 0.078851 -0.010997 -0.025125
v 0.078851 -0.010997 -0.024375
v 0.079601 -0.010996 -0.025125
v 0.079601 -0.010996 -0.024375
v 0.078851 -0.010997 -0.023625
v 0.078851 -0.010997 -0.022875
v 0.079601 -0.010996 -0.023625
v 0.079601 -0.010996 -0.022875
v 0.080351 -0.010996 -0.025125
v 0.080351 -0.010996 -0.024375
v 0.081101 -0.010996 -0.025125
v 0.081101 -0.010996 -0.024375
v 0.080351 -0.010996 -0.023625
v 0.080351 -0.010996 -0.022875
v 0.081101 -0.010996 -0.023625
v 0.081101 -0.010996 -0.022875
v 0.081851 -0.010995 -0.028125
v 0.081851 -0.010995 -0.027375
v 0.082601 -0.010995 -0.028125
v 0.082601 -0.010995 -0.027375
v 0.081851 -0.010995 -0.026625
v 0.081851 -0.010995 -0.025875
v 0.082601 -0.010995 -0.026625
v 0.082601 -0.010995 -0.025875
v 0.083351 -0.010994 -0.028125
v 0.083351 -0.010994 -0.027375
v 0.084101 -0.010855 -0.028125
v 0.084101 -0.010855 -0.027375
v 0.083351 -0.010994 -0.026625
v 0.083351 -0.010994 -0.025875
v 0.084101 -0.010855 -0.026625
v 0.084101 -0.010855 -0.025875
v 0.081851 -0.010995 -0.025125
v 0.081851 -0.010995 -0.024375
v 0.082601 -0.010995 -0.025125
v 0.082601 -0.010995 -0.024375
v 0.081851 -0.010995 -0.023625
v 0.081851 -0.010995 -0.022875
v 0.082601 -0.010995 -0.023625
v 0.082601 -0.010995 -0.022875
v 0.083351 -0.010994 -0.025125
v 0.083351 -0.010994 -0.024375
v 0.084101 -0.010855 -0.025125
v 0.084101 -0.010855 -0.024375
v 0.083351 -0.010994 -0.023625
v 0.083351 -0.010994 -0.022875
v 0.084101 -0.010855 -0.023625
v 0.084101 -0.010855 -0.022875
v 0.078851 -0.010997 -0.022125
v 0.078851 -0.010997 -0.021375
v 0.079601 -0.010996 -0.022125
v 0.079601 -0.010996 -0.021375
v 0.078851 -0.010997 -0.020625
v 0.078851 -0.010997 -0.019875
v 0.079601 -0.010996 -0.020625
v 0.079601 -0.010996 -0.019875
v 0.080351 -0.010996 -0.022125
v 0.080351 -0.010996 -0.021375
v 0.081101 -0.010996 -0.022125
v 0.081101 -0.010996 -0.021375
v 0.080351 -0.010996 -0.020625
v 0.080351 -0.010996 -0.019875
v 0.081101 -0.010996 -0.020625
v 0.081101 -0.010996 -0.019875
v 0.078851 -0.010848 -0.019250
v 0.079601 -0.010848 -0.019250
v 0.078851 -0.010325 -0.019000
v 0.078851 -0.009575 -0.019000
v 0.079601 -0.010325 -0.019000
v 0.079601 -0.009575 -0.019000
v 0.080351 -0.010848 -0.019250
v 0.081101 -0.010848 -0.019250
v 0.080351 -0.010325 -0.019000
v 0.080351 -0.009575 -0.019000
v 0.081101 -0.010325 -0.019000
v 0.081101 -0.009575 -0.019000
v 0.078851 -0.008825 -0.019000
v 0.078851 -0.008075 -0.019000
v 0.079601 -0.008825 -0.019000
v 0.079601 -0.008075 -0.019000
v 0.078851 -0.007325 -0.019000
v 0.078851 -0.006575 -0.019000
v 0.079601 -0.007325 -0.019000
v 0.079601 -0.006575 -0.019000
v 0.080351 -0.008825 -0.019000
v 0.080351 -0.008075 -0.019000
v 0.081101 -0.008825 -0.019000
v 0.081101 -0.008075 -0.019000
v 0.080351 -0.007325 -0.019000
v 0.080351 -0.006575 -0.019000
v 0.081101 -0.007325 -0.019000
v 0.081101 -0.006575 -0.019000
v 0.081851 -0.010995 -0.022125
v 0.081851 -0.010995 -0.021375
v 0.082601 -0.010995 -0.022125
v 0.082601 -0.010995 -0.021375
v 0.081851 -0.010995 -0.020625
v 0.081851 -0.010995 -0.019875
v 0.082601 -0.010995 -0.020625
v 0.082601 -0.010995 -0.019875
v 0.083351 -0.010994 -0.022125
v 0.083351 -0.010994 -0.021375
v 0.084101 -0.010855 -0.022125
v 0.084101 -0.010855 -0.021375
v 0.083351 -0.010994 -0.020625
v 0.083351 -0.010994 -0.019875
v 0.084101 -0.010855 -0.020625
v 0.084101 -0.010855 -0.019875
v 0.081851 -0.010848 -0.019250
v 0.082601 -0.010847 -0.019250
v 0.081851 -0.010325 -0.019000
v 0.081851 -0.009575 -0.019000
v 0.082601 -0.010325 -0.019000
v 0.082601 -0.009575 -0.019000
v 0.083351 -0.010847 -0.019250
v 0.084101 -0.010778 -0.019250
v 0.083351 -0.010325 -0.019000
v 0.083351 -0.009575 -0.019000
v 0.084101 -0.010325 -0.019000
v 0.084101 -0.009575 -0.019000
v 0.081851 -0.008825 -0.019000
v 0.081851 -0.008075 -0.019000
v 0.082601 -0.008825 -0.019000
v 0.082601 -0.008075 -0.019000
v 0.081851 -0.007325 -0.019000
v 0.081851 -0.006575 -0.019000
v 0.082601 -0.007325 -0.019000
v 0.082601 -0.006575 -0.019000
v 0.083351 -0.008825 -0.019000
v 0.083351 -0.008075 -0.019000
v 0.084101 -0.008825 -0.019000
v 0.084101 -0.008075 -0.019000
v 0.083351 -0.007325 -0.019000
v 0.083351 -0.006575 -0.019000
v 0.084101 -0.007325 -0.019000
v 0.084101 -0.006575 -0.019000
v 0.078851 -0.005825 -0.019000
v 0.078851 -0.005075 -0.019000
v 0.079601 -0.005825 -0.019000
v 0.079601 -0.005075 -0.019000
v 0.078851 -0.004325 -0.019000
v 0.078851 -0.003575 -0.019000
v 0.079601 -0.004325 -0.019000
v 0.079601 -0.003575 -0.019000
v 0.080351 -0.005825 -0.019000
v 0.080351 -0.005075 -0.019000
v 0.081101 -0.005825 -0.019000
v 0.081101 -0.005075 -0.019000
v 0.080351 -0.004325 -0.019000
v 0.080351 -0.003575 -0.019000
v 0.081101 -0.004325 -0.019000
v 0.081101 -0.003575 -0.019000
v 0.078851 -0.002825 -0.019000
v 0.078851 -0.002075 -0.019000
v 0.079601 -0.002825 -0.019000
v 0.079601 -0.002075 -0.019000
v 0.078851 -0.001325 -0.019000
v 0.078851 -0.000575 -0.019000
v 0.079601 -0.001325 -0.019000
v 0.079601 -0.000575 -0.019000
v 0.080351 -0.002825 -0.019000
v 0.080351 -0.002075 -0.019000
v 0.081101 -0.002825 -0.019000
v 0.081101 -0.002075 -0.019000
v 0.080351 -0.001325 -0.019000
v 0.080351 -0.000575 -0.019000
v 0.081101 -0.001325 -0.019000
v 0.081101 -0.000575 -0.019000
v 0.081851 -0.005825 -0.019000
v 0.081851 -0.005075 -0.019000
v 0.082601 -0.005825 -0.019000
v 0.082601 -0.005075 -0.019000
v 0.081851 -0.004325 -0.019000
v 0.081851 -0.003575 -0.019000
v 0.082601 -0.004325 -0.019000
v 0.082601 -0.003575 -0.019000
v 0.083351 -0.005825 -0.019000
v 0.083351 -0.005075 -0.019000
v 0.084101 -0.005825 -0.019000
v 0.084101 -0.005075 -0.019000
v 0.083351 -0.004325 -0.019000
v 0.083351 -0.003575 -0.019000
v 0.084101 -0.004325 -0.019000
v 0.084101 -0.003575 -0.019000
v 0.081851 -0.002825 -0.019000
v 0.081851 -0.002075 -0.019000
v 0.082601 -0.002825 -0.019000
v 0.082601 -0.002075 -0.019000
v 0.081851 -0.001325 -0.019000
v 0.081851 -0.000575 -0.019000
v 0.082601 -0.001325 -0.019000
v 0.082601 -0.000575 -0.019000
v 0.083351 -0.002825 -0.019000
v 0.083351 -0.002075 -0.019000
v 0.084101 -0.002825 -0.019000
v 0.084101 -0.002075 -0.019000
v 0.083351 -0.001325 -0.019000
v 0.083351 -0.000575 -0.019000
v 0.084101 -0.001325 -0.019000
v 0.084101 -0.000575 -0.019000
v 0.084484 -0.010708 -0.028125
v 0.084484 -0.010708 -0.027375
v 0.084484 -0.010708 -0.026625
v 0.084484 -0.010708 -0.025875
v 0.084859 -0.010333 -0.028125
v 0.084859 -0.010333 -0.027375
v 0.085234 -0.009958 -0.028125
v 0.085234 -0.009958 -0.027375
v 0.085609 -0.009583 -0.028125
v 0.085609 -0.009583 -0.027375
v 0.084859 -0.010333 -0.026625
v 0.084859 -0.010333 -0.025875
v 0.085234 -0.009958 -0.026625
v 0.085234 -0.009958 -0.025875
v 0.085609 -0.009583 -0.026625
v 0.085609 -0.009583 -0.025875
v 0.085984 -0.009208 -0.028125
v 0.085984 -0.009208 -0.027375
v 0.085984 -0.009208 -0.026625
v 0.085984 -0.009208 -0.025875
v 0.084484 -0.010708 -0.025125
v 0.084484 -0.010708 -0.024375
v 0.084484 -0.010708 -0.023625
v 0.084484 -0.010708 -0.022875
v 0.084859 -0.010333 -0.025125
v 0.084859 -0.010333 -0.024375
v 0.085234 -0.009958 -0.025125
v 0.085234 -0.009958 -0.024375
v 0.085609 -0.009583 -0.025125
v 0.085609 -0.009583 -0.024375
v 0.084859 -0.010333 -0.023625
v 0.084859 -0.010333 -0.022875
v 0.085234 -0.009958 -0.023625
v 0.085234 -0.009958 -0.022875
v 0.085609 -0.009583 -0.023625
v 0.085609 -0.009583 -0.022875
v 0.085984 -0.009208 -0.025125
v 0.085984 -0.009208 -0.024375
v 0.085984 -0.009208 -0.023625
v 0.085984 -0.009208 -0.022875
v 0.086333 -0.008825 -0.028125
v 0.086333 -0.008825 -0.027375
v 0.086677 -0.008075 -0.028125
v 0.086677 -0.008075 -0.027375
v 0.086333 -0.008825 -0.026625
v 0.086333 -0.008825 -0.025875
v 0.086677 -0.008075 -0.026625
v 0.086678 -0.008075 -0.025875
v 0.086675 -0.007325 -0.028125
v 0.086676 -0.007325 -0.027375
v 0.086668 -0.006575 -0.028125
v 0.086668 -0.006575 -0.027375
v 0.086676 -0.007325 -0.026625
v 0.086677 -0.007325 -0.025875
v 0.086669 -0.006575 -0.026625
v 0.086670 -0.006575 -0.025875
v 0.086333 -0.008825 -0.025125
v 0.086333 -0.008825 -0.024375
v 0.086678 -0.008075 -0.025125
v 0.086678 -0.008075 -0.024375
v 0.086333 -0.008825 -0.023625
v 0.086333 -0.008825 -0.022875
v 0.086679 -0.008075 -0.023625
v 0.086679 -0.008075 -0.022875
v 0.086678 -0.007325 -0.025125
v 0.086679 -0.007325 -0.024375
v 0.086670 -0.006575 -0.025125
v 0.086671 -0.006575 -0.024375
v 0.086679 -0.007325 -0.023625
v 0.086680 -0.007325 -0.022875
v 0.086672 -0.006575 -0.023625
v 0.086673 -0.006575 -0.022875
v 0.084484 -0.010708 -0.022125
v 0.084484 -0.010708 -0.021375
v 0.084484 -0.010708 -0.020625
v 0.084484 -0.010708 -0.019875
v 0.084859 -0.010333 -0.022125
v 0.084859 -0.010333 -0.021375
v 0.085234 -0.009958 -0.022125
v 0.085234 -0.009958 -0.021375
v 0.085609 -0.009583 -0.022125
v 0.085609 -0.009583 -0.021375
v 0.084859 -0.010333 -0.020625
v 0.084859 -0.010333 -0.019875
v 0.085234 -0.009958 -0.020625
v 0.085234 -0.009958 -0.019875
v 0.085609 -0.009583 -0.020625
v 0.085609 -0.009583 -0.019875
v 0.085984 -0.009208 -0.022125
v 0.085984 -0.009208 -0.021375
v 0.085984 -0.009208 -0.020625
v 0.085984 -0.009208 -0.019875
v 0.084481 -0.010705 -0.019333
v 0.084779 -0.010253 -0.019200
v 0.084851 -0.009575 -0.019000
v 0.085231 -0.009955 -0.019333
v 0.085529 -0.009503 -0.019200
v 0.085981 -0.009205 -0.019333
v 0.086333 -0.008825 -0.022125
v 0.086333 -0.008825 -0.021375
v 0.086680 -0.008075 -0.022125
v 0.086680 -0.008075 -0.021375
v 0.086333 -0.008825 -0.020625
v 0.086333 -0.008825 -0.019875
v 0.086680 -0.008075 -0.020625
v 0.086681 -0.008075 -0.019875
v 0.086681 -0.007325 -0.022125
v 0.086681 -0.007325 -0.021375
v 0.086673 -0.006575 -0.022125
v 0.086673 -0.006575 -0.021375
v 0.086682 -0.007325 -0.020625
v 0.086682 -0.007325 -0.019875
v 0.086674 -0.006575 -0.020625
v 0.086674 -0.006575 -0.019875
v 0.084851 -0.008825 -0.019000
v 0.084851 -0.008075 -0.019000
v 0.085601 -0.008825 -0.019000
v 0.085601 -0.008075 -0.019000
v 0.084851 -0.007325 -0.019000
v 0.084851 -0.006575 -0.019000
v 0.085601 -0.007325 -0.019000
v 0.085601 -0.006575 -0.019000
v 0.086154 -0.008825 -0.019250
v 0.086328 -0.008075 -0.019250
v 0.086329 -0.007325 -0.019250
v 0.086325 -0.006575 -0.019250
v 0.086660 -0.005825 -0.028125
v 0.086661 -0.005825 -0.027375
v 0.086653 -0.005075 -0.028125
v 0.086654 -0.005075 -0.027375
v 0.086662 -0.005825 -0.026625
v 0.086662 -0.005825 -0.025875
v 0.086654 -0.005075 -0.026625
v 0.086655 -0.005075 -0.025875
v 0.086646 -0.004325 -0.028125
v 0.086646 -0.004325 -0.027375
v 0.086638 -0.003575 -0.028125
v 0.086639 -0.003575 -0.027375
v 0.086647 -0.004325 -0.026625
v 0.086648 -0.004325 -0.025875
v 0.086639 -0.003575 -0.026625
v 0.086640 -0.003575 -0.025875
v 0.086663 -0.005825 -0.025125
v 0.086664 -0.005825 -0.024375
v 0.086656 -0.005075 -0.025125
v 0.086656 -0.005075 -0.024375
v 0.086665 -0.005825 -0.023625
v 0.086665 -0.005825 -0.022875
v 0.086657 -0.005075 -0.023625
v 0.086657 -0.005075 -0.022875
v 0.086648 -0.004325 -0.025125
v 0.086648 -0.004325 -0.024375
v 0.086640 -0.003575 -0.025125
v 0.086640 -0.003575 -0.024375
v 0.086648 -0.004325 -0.023625
v 0.086648 -0.004325 -0.022875
v 0.086640 -0.003575 -0.023625
v 0.086640 -0.003575 -0.022875
v 0.086631 -0.002825 -0.028125
v 0.086631 -0.002825 -0.027375
v 0.086622 -0.002075 -0.028125
v 0.086622 -0.002075 -0.027375
v 0.086631 -0.002825 -0.026625
v 0.086631 -0.002825 -0.025875
v 0.086622 -0.002075 -0.026625
v 0.086622 -0.002075 -0.025875
v 0.086614 -0.001325 -0.028125
v 0.086614 -0.001325 -0.027375
v 0.086605 -0.000575 -0.028125
v 0.086605 -0.000575 -0.027375
v 0.086614 -0.001325 -0.026625
v 0.086614 -0.001325 -0.025875
v 0.086605 -0.000575 -0.026625
v 0.086605 -0.000575 -0.025875
v 0.086631 -0.002825 -0.025125
v 0.086631 -0.002825 -0.024375
v 0.086622 -0.002075 -0.025125
v 0.086622 -0.002075 -0.024375
v 0.086631 -0.002825 -0.023625
v 0.086631 -0.002825 -0.022875
v 0.086622 -0.002075 -0.023625
v 0.086622 -0.002075 -0.022875
v 0.086614 -0.001325 -0.025125
v 0.086614 -0.001325 -0.024375
v 0.086605 -0.000575 -0.025125
v 0.086605 -0.000575 -0.024375
v 0.086614 -0.001325 -0.023625
v 0.086614 -0.001325 -0.022875
v 0.086605 -0.000575 -0.023625
v 0.086605 -0.000575 -0.022875
v 0.086665 -0.005825 -0.022125
v 0.086665 -0.005825 -0.021375
v 0.086657 -0.005075 -0.022125
v 0.086657 -0.005075 -0.021375
v 0.086665 -0.005825 -0.020625
v 0.086665 -0.005825 -0.019875
v 0.086657 -0.005075 -0.020625
v 0.086657 -0.005075 -0.019875
v 0.086648 -0.004325 -0.022125
v 0.086648 -0.004325 -0.021375
v 0.086640 -0.003575 -0.022125
v 0.086640 -0.003575 -0.021375
v 0.086648 -0.004325 -0.020625
v 0.086648 -0.004325 -0.019875
v 0.086640 -0.003575 -0.020625
v 0.086640 -0.003575 -0.019875
v 0.084851 -0.005825 -0.019000
v 0.084851 -0.005075 -0.019000
v 0.085601 -0.005825 -0.019000
v 0.085601 -0.005075 -0.019000
v 0.084851 -0.004325 -0.019000
v 0.084851 -0.003575 -0.019000
v 0.085601 -0.004325 -0.019000
v 0.085601 -0.003575 -0.019000
v 0.086320 -0.005825 -0.019250
v 0.086316 -0.005075 -0.019250
v 0.086312 -0.004325 -0.019250
v 0.086308 -0.003575 -0.019250
v 0.086631 -0.002825 -0.022125
v 0.086631 -0.002825 -0.021375
v 0.086622 -0.002075 -0.022125
v 0.086622 -0.002075 -0.021375
v 0.086631 -0.002825 -0.020625
v 0.086631 -0.002825 -0.019875
v 0.086622 -0.002075 -0.020625
v 0.086622 -0.002075 -0.019875
v 0.086614 -0.001325 -0.022125
v 0.086614 -0.001325 -0.021375
v 0.086605 -0.000575 -0.022125
v 0.086605 -0.000575 -0.021375
v 0.086614 -0.001325 -0.020625
v 0.086614 -0.001325 -0.019875
v 0.086605 -0.000575 -0.020625
v 0.086605 -0.000575 -0.019875
v 0.084851 -0.002825 -0.019000
v 0.084851 -0.002075 -0.019000
v 0.085601 -0.002825 -0.019000
v 0.085601 -0.002075 -0.019000
v 0.084851 -0.001325 -0.019000
v 0.084851 -0.000575 -0.019000
v 0.085601 -0.001325 -0.019000
v 0.085601 -0.000575 -0.019000
v 0.086303 -0.002825 -0.019250
v 0.086299 -0.002075 -0.019250
v 0.086295 -0.001325 -0.019250
v 0.086290 -0.000575 -0.019250
v 0.078851 0.000175 -0.038000
v 0.078851 0.000925 -0.038000
v 0.079601 0.000175 -0.038000
v 0.079601 0.000925 -0.038000
v 0.078851 0.001675 -0.038000
v 0.078851 0.002425 -0.038000
v 0.079601 0.001675 -0.038000
v 0.079601 0.002425 -0.038000
v 0.080351 0.000175 -0.038000
v 0.080351 0.000925 -0.038000
v 0.081101 0.000175 -0.038000
v 0.081101 0.000925 -0.038000
v 0.080351 0.001675 -0.038000
v 0.080351 0.002425 -0.038000
v 0.081101 0.001675 -0.038000
v 0.081101 0.002425 -0.038000
v 0.078851 0.003175 -0.038000
v 0.078851 0.003925 -0.038000
v 0.079601 0.003175 -0.038000
v 0.079601 0.003925 -0.038000
v 0.078851 0.004675 -0.038000
v 0.078851 0.005425 -0.038000
v 0.079601 0.004675 -0.038000
v 0.079601 0.005425 -0.038000
v 0.080351 0.003175 -0.038000
v 0.080351 0.003925 -0.038000
v 0.081101 0.003175 -0.038000
v 0.081101 0.003925 -0.038000
v 0.080351 0.004675 -0.038000
v 0.080351 0.005425 -0.038000
v 0.081101 0.004675 -0.038000
v 0.081101 0.005425 -0.038000
v 0.081851 0.000175 -0.038000
v 0.081851 0.000925 -0.038000
v 0.082601 0.000175 -0.038000
v 0.082601 0.000925 -0.038000
v 0.081851 0.001675 -0.038000
v 0.081851 0.002425 -0.038000
v 0.082601 0.001675 -0.038000
v 0.082601 0.002425 -0.038000
v 0.083351 0.000175 -0.038000
v 0.083351 0.000925 -0.038000
v 0.084101 0.000175 -0.038000
v 0.084101 0.000925 -0.038000
v 0.083351 0.001675 -0.038000
v 0.083351 0.002425 -0.038000
v 0.084101 0.001675 -0.038000
v 0.084101 0.002425 -0.038000
v 0.081851 0.003175 -0.038000
v 0.081851 0.003925 -0.038000
v 0.082601 0.003175 -0.038000
v 0.082601 0.003925 -0.038000
v 0.081851 0.004675 -0.038000
v 0.081851 0.005425 -0.038000
v 0.082601 0.004675 -0.038000
v 0.082601 0.005425 -0.038000
v 0.083351 0.003175 -0.038000
v 0.083351 0.003925 -0.038000
v 0.084101 0.003175 -0.038000
v 0.084101 0.003925 -0.038000
v 0.083351 0.004675 -0.038000
v 0.083351 0.005425 -0.038000
v 0.084101 0.004675 -0.038000
v 0.084101 0.005425 -0.038000
v 0.078851 0.006175 -0.038000
v 0.078851 0.006925 -0.038000
v 0.079601 0.006175 -0.038000
v 0.079601 0.006925 -0.038000
v 0.078851 0.007675 -0.038000
v 0.078851 0.008425 -0.038000
v 0.079601 0.007675 -0.038000
v 0.079601 0.008425 -0.038000
v 0.080351 0.006175 -0.038000
v 0.080351 0.006925 -0.038000
v 0.081101 0.006175 -0.038000
v 0.081101 0.006925 -0.038000
v 0.080351 0.007675 -0.038000
v 0.080351 0.008425 -0.038000
v 0.081101 0.007675 -0.038000
v 0.081101 0.008425 -0.038000
v 0.078851 0.009175 -0.038000
v 0.078851 0.009925 -0.038000
v 0.079601 0.009175 -0.038000
v 0.079623 0.009981 -0.037800
v 0.078851 0.010385 -0.037750
v 0.079387 0.010355 -0.037667
v 0.080351 0.009175 -0.038000
v 0.080351 0.009809 -0.037750
v 0.081101 0.009175 -0.038000
v 0.081101 0.009672 -0.037750
v 0.079843 0.010252 -0.037125
v 0.079843 0.010252 -0.036375
v 0.079843 0.010252 -0.035625
v 0.079843 0.010252 -0.034875
v 0.078851 0.010469 -0.037125
v 0.078851 0.010469 -0.036375
v 0.079468 0.010382 -0.037125
v 0.079468 0.010382 -0.036375
v 0.078851 0.010469 -0.035625
v 0.078851 0.010469 -0.034875
v 0.079468 0.010382 -0.035625
v 0.079468 0.010382 -0.034875
v 0.080351 0.010067 -0.037125
v 0.080351 0.010067 -0.036375
v 0.081101 0.009794 -0.037125
v 0.081101 0.009794 -0.036375
v 0.080351 0.010067 -0.035625
v 0.080351 0.010067 -0.034875
v 0.081101 0.009794 -0.035625
v 0.081101 0.009794 -0.034875
v 0.081851 0.006175 -0.038000
v 0.081851 0.006925 -0.038000
v 0.082601 0.006175 -0.038000
v 0.082601 0.006925 -0.038000
v 0.081851 0.007675 -0.038000
v 0.081851 0.008425 -0.038000
v 0.082601 0.007675 -0.038000
v 0.082639 0.008464 -0.037800
v 0.083351 0.006175 -0.038000
v 0.083351 0.006925 -0.038000
v 0.084101 0.006175 -0.038000
v 0.084139 0.006964 -0.037800
v 0.083389 0.007714 -0.037800
v 0.083165 0.008239 -0.037667
v 0.083915 0.007489 -0.037667
v 0.082885 0.008709 -0.037125
v 0.082885 0.008709 -0.036375
v 0.082885 0.008709 -0.035625
v 0.082885 0.008709 -0.034875
v 0.084385 0.007209 -0.037125
v 0.084385 0.007209 -0.036375
v 0.084385 0.007209 -0.035625
v 0.084385 0.007209 -0.034875
v 0.083635 0.007959 -0.037125
v 0.083635 0.007959 -0.036375
v 0.083260 0.008334 -0.037125
v 0.083260 0.008334 -0.036375
v 0.084010 0.007584 -0.037125
v 0.084010 0.007584 -0.036375
v 0.083635 0.007959 -0.035625
v 0.083635 0.007959 -0.034875
v 0.083260 0.008334 -0.035625
v 0.083260 0.008334 -0.034875
v 0.084010 0.007584 -0.035625
v 0.084010 0.007584 -0.034875
v 0.081835 0.009214 -0.037800
v 0.081574 0.009586 -0.037667
v 0.082415 0.008989 -0.037667
v 0.081998 0.009459 -0.037125
v 0.081998 0.009459 -0.036375
v 0.081623 0.009604 -0.037125
v 0.081623 0.009604 -0.036375
v 0.082510 0.009084 -0.037125
v 0.082510 0.009084 -0.036375
v 0.081998 0.009459 -0.035625
v 0.081998 0.009459 -0.034875
v 0.081623 0.009604 -0.035625
v 0.081623 0.009604 -0.034875
v 0.082510 0.009084 -0.035625
v 0.082510 0.009084 -0.034875
v 0.079843 0.010252 -0.034125
v 0.079843 0.010252 -0.033375
v 0.079843 0.010252 -0.032625
v 0.079843 0.010252 -0.031875
v 0.078851 0.010469 -0.034125
v 0.078851 0.010469 -0.033375
v 0.079468 0.010382 -0.034125
v 0.079468 0.010382 -0.033375
v 0.078851 0.010469 -0.032625
v 0.078851 0.010469 -0.031875
v 0.079468 0.010382 -0.032625
v 0.079468 0.010382 -0.031875
v 0.080351 0.010067 -0.034125
v 0.080351 0.010067 -0.033375
v 0.081101 0.009794 -0.034125
v 0.081101 0.009794 -0.033375
v 0.080351 0.010067 -0.032625
v 0.080351 0.010067 -0.031875
v 0.081101 0.009794 -0.032625
v 0.081101 0.009794 -0.031875
v 0.079843 0.010252 -0.031125
v 0.079843 0.010252 -0.030375
v 0.079843 0.010252 -0.029625
v 0.079843 0.010252 -0.028875
v 0.078851 0.010469 -0.031125
v 0.078851 0.010469 -0.030375
v 0.079468 0.010382 -0.031125
v 0.079468 0.010382 -0.030375
v 0.078851 0.010469 -0.029625
v 0.078851 0.010469 -0.028875
v 0.079468 0.010382 -0.029625
v 0.079468 0.010382 -0.028875
v 0.080351 0.010067 -0.031125
v 0.080351 0.010067 -0.030375
v 0.081101 0.009794 -0.031125
v 0.081101 0.009794 -0.030375
v 0.080351 0.010067 -0.029625
v 0.080351 0.010067 -0.028875
v 0.081101 0.009794 -0.029625
v 0.081101 0.009794 -0.028875
v 0.082885 0.008709 -0.034125
v 0.082885 0.008709 -0.033375
v 0.082885 0.008709 -0.032625
v 0.082885 0.008709 -0.031875
v 0.084385 0.007209 -0.034125
v 0.084385 0.007209 -0.033375
v 0.084385 0.007209 -0.032625
v 0.084385 0.007209 -0.031875
v 0.083635 0.007959 -0.034125
v 0.083635 0.007959 -0.033375
v 0.083260 0.008334 -0.034125
v 0.083260 0.008334 -0.033375
v 0.084010 0.007584 -0.034125
v 0.084010 0.007584 -0.033375
v 0.083635 0.007959 -0.032625
v 0.083635 0.007959 -0.031875
v 0.083260 0.008334 -0.032625
v 0.083260 0.008334 -0.031875
v 0.084010 0.007584 -0.032625
v 0.084010 0.007584 -0.031875
v 0.082885 0.008709 -0.031125
v 0.082885 0.008709 -0.030375
v 0.082885 0.008709 -0.029625
v 0.082885 0.008709 -0.028875
v 0.084385 0.007209 -0.031125
v 0.084385 0.007209 -0.030375
v 0.084385 0.007209 -0.029625
v 0.084385 0.007209 -0.028875
v 0.083635 0.007959 -0.031125
v 0.083635 0.007959 -0.030375
v 0.083260 0.008334 -0.031125
v 0.083260 0.008334 -0.030375
v 0.084010 0.007584 -0.031125
v 0.084010 0.007584 -0.030375
v 0.083635 0.007959 -0.029625
v 0.083635 0.007959 -0.028875
v 0.083260 0.008334 -0.029625
v 0.083260 0.008334 -0.028875
v 0.084010 0.007584 -0.029625
v 0.084010 0.007584 -0.028875
v 0.081998 0.009459 -0.034125
v 0.081998 0.009459 -0.033375
v 0.081623 0.009604 -0.034125
v 0.081623 0.009604 -0.033375
v 0.082510 0.009084 -0.034125
v 0.082510 0.009084 -0.033375
v 0.081998 0.009459 -0.032625
v 0.081998 0.009459 -0.031875
v 0.081623 0.009604 -0.032625
v 0.081623 0.009604 -0.031875
v 0.082510 0.009084 -0.032625
v 0.082510 0.009084 -0.031875
v 0.081998 0.009459 -0.031125
v 0.081998 0.009459 -0.030375
v 0.081623 0.009604 -0.031125
v 0.081623 0.009604 -0.030375
v 0.082510 0.009084 -0.031125
v 0.082510 0.009084 -0.030375
v 0.081998 0.009459 -0.029625
v 0.081998 0.009459 -0.028875
v 0.081623 0.009604 -0.029625
v 0.081623 0.009604 -0.028875
v 0.082510 0.009084 -0.029625
v 0.082510 0.009084 -0.028875
v 0.084851 0.000175 -0.038000
v 0.084851 0.000925 -0.038000
v 0.085601 0.000175 -0.038000
v 0.085601 0.000925 -0.038000
v 0.084851 0.001675 -0.038000
v 0.084851 0.002425 -0.038000
v 0.085601 0.001675 -0.038000
v 0.085601 0.002425 -0.038000
v 0.086284 0.000175 -0.037750
v 0.086280 0.000925 -0.037750
v 0.086277 0.001675 -0.037750
v 0.086273 0.002425 -0.037750
v 0.086593 0.000175 -0.037125
v 0.086594 0.000175 -0.036375
v 0.086586 0.000925 -0.037125
v 0.086586 0.000925 -0.036375
v 0.086594 0.000175 -0.035625
v 0.086595 0.000175 -0.034875
v 0.086587 0.000925 -0.035625
v 0.086588 0.000925 -0.034875
v 0.086578 0.001675 -0.037125
v 0.086579 0.001675 -0.036375
v 0.086571 0.002425 -0.037125
v 0.086571 0.002425 -0.036375
v 0.086580 0.001675 -0.035625
v 0.086580 0.001675 -0.034875
v 0.086571 0.002425 -0.035625
v 0.086571 0.002425 -0.034875
v 0.084851 0.003175 -0.038000
v 0.084851 0.003925 -0.038000
v 0.085601 0.003175 -0.038000
v 0.085601 0.003925 -0.038000
v 0.084851 0.004675 -0.038000
v 0.084851 0.005425 -0.038000
v 0.085656 0.004695 -0.037800
v 0.085483 0.005425 -0.037750
v 0.086235 0.003175 -0.037750
v 0.086131 0.003925 -0.037750
v 0.086033 0.004459 -0.037667
v 0.085926 0.004914 -0.037125
v 0.085926 0.004914 -0.036375
v 0.085740 0.005425 -0.037125
v 0.085740 0.005425 -0.036375
v 0.085926 0.004914 -0.035625
v 0.085926 0.004914 -0.034875
v 0.085740 0.005425 -0.035625
v 0.085740 0.005425 -0.034875
v 0.086495 0.003175 -0.037125
v 0.086495 0.003175 -0.036375
v 0.086286 0.003925 -0.037125
v 0.086286 0.003925 -0.036375
v 0.086495 0.003175 -0.035625
v 0.086495 0.003175 -0.034875
v 0.086286 0.003925 -0.035625
v 0.086286 0.003925 -0.034875
v 0.086062 0.004539 -0.037125
v 0.086062 0.004539 -0.036375
v 0.086062 0.004539 -0.035625
v 0.086062 0.004539 -0.034875
v 0.086596 0.000175 -0.034125
v 0.086596 0.000175 -0.033375
v 0.086588 0.000925 -0.034125
v 0.086588 0.000925 -0.033375
v 0.086597 0.000175 -0.032625
v 0.086597 0.000175 -0.031875
v 0.086588 0.000925 -0.032625
v 0.086588 0.000925 -0.031875
v 0.086580 0.001675 -0.034125
v 0.086580 0.001675 -0.033375
v 0.086571 0.002425 -0.034125
v 0.086571 0.002425 -0.033375
v 0.086580 0.001675 -0.032625
v 0.086580 0.001675 -0.031875
v 0.086571 0.002425 -0.032625
v 0.086571 0.002425 -0.031875
v 0.086597 0.000175 -0.031125
v 0.086597 0.000175 -0.030375
v 0.086588 0.000925 -0.031125
v 0.086588 0.000925 -0.030375
v 0.086597 0.000175 -0.029625
v 0.086597 0.000175 -0.028875
v 0.086588 0.000925 -0.029625
v 0.086588 0.000925 -0.028875
v 0.086580 0.001675 -0.031125
v 0.086580 0.001675 -0.030375
v 0.086571 0.002425 -0.031125
v 0.086571 0.002425 -0.030375
v 0.086580 0.001675 -0.029625
v 0.086580 0.001675 -0.028875
v 0.086571 0.002425 -0.029625
v 0.086571 0.002425 -0.028875
v 0.085926 0.004914 -0.034125
v 0.085926 0.004914 -0.033375
v 0.085740 0.005425 -0.034125
v 0.085740 0.005425 -0.033375
v 0.085926 0.004914 -0.032625
v 0.085926 0.004914 -0.031875
v 0.085740 0.005425 -0.032625
v 0.085740 0.005425 -0.031875
v 0.086495 0.003175 -0.034125
v 0.086495 0.003175 -0.033375
v 0.086286 0.003925 -0.034125
v 0.086286 0.003925 -0.033375
v 0.086495 0.003175 -0.032625
v 0.086495 0.003175 -0.031875
v 0.086286 0.003925 -0.032625
v 0.086286 0.003925 -0.031875
v 0.086062 0.004539 -0.034125
v 0.086062 0.004539 -0.033375
v 0.086062 0.004539 -0.032625
v 0.086062 0.004539 -0.031875
v 0.085926 0.004914 -0.031125
v 0.085926 0.004914 -0.030375
v 0.085740 0.005425 -0.031125
v 0.085740 0.005425 -0.030375
v 0.085926 0.004914 -0.029625
v 0.085926 0.004914 -0.028875
v 0.085740 0.005425 -0.029625
v 0.085740 0.005425 -0.028875
v 0.086495 0.003175 -0.031125
v 0.086495 0.003175 -0.030375
v 0.086286 0.003925 -0.031125
v 0.086286 0.003925 -0.030375
v 0.086495 0.003175 -0.029625
v 0.086495 0.003175 -0.028875
v 0.086286 0.003925 -0.029625
v 0.086286 0.003925 -0.028875
v 0.086062 0.004539 -0.031125
v 0.086062 0.004539 -0.030375
v 0.086062 0.004539 -0.029625
v 0.086062 0.004539 -0.028875
v 0.084889 0.006214 -0.037800
v 0.084665 0.006739 -0.037667
v 0.085351 0.005989 -0.037667
v 0.085135 0.006459 -0.037125
v 0.085135 0.006459 -0.036375
v 0.084760 0.006834 -0.037125
v 0.084760 0.006834 -0.036375
v 0.085414 0.006084 -0.037125
v 0.085414 0.006084 -0.036375
v 0.085135 0.006459 -0.035625
v 0.085135 0.006459 -0.034875
v 0.084760 0.006834 -0.035625
v 0.084760 0.006834 -0.034875
v 0.085414 0.006084 -0.035625
v 0.085414 0.006084 -0.034875
v 0.085135 0.006459 -0.034125
v 0.085135 0.006459 -0.033375
v 0.084760 0.006834 -0.034125
v 0.084760 0.006834 -0.033375
v 0.085414 0.006084 -0.034125
v 0.085414 0.006084 -0.033375
v 0.085135 0.006459 -0.032625
v 0.085135 0.006459 -0.031875
v 0.084760 0.006834 -0.032625
v 0.084760 0.006834 -0.031875
v 0.085414 0.006084 -0.032625
v 0.085414 0.006084 -0.031875
v 0.085135 0.006459 -0.031125
v 0.085135 0.006459 -0.030375
v 0.084760 0.006834 -0.031125
v 0.084760 0.006834 -0.030375
v 0.085414 0.006084 -0.031125
v 0.085414 0.006084 -0.030375
v 0.085135 0.006459 -0.029625
v 0.085135 0.006459 -0.028875
v 0.084760 0.006834 -0.029625
v 0.084760 0.006834 -0.028875
v 0.085414 0.006084 -0.029625
v 0.085414 0.006084 -0.028875
v 0.078851 0.000175 -0.019000
v 0.078851 0.000925 -0.019000
v 0.079601 0.000175 -0.019000
v 0.079601 0.000925 -0.019000
v 0.078851 0.001675 -0.019000
v 0.078851 0.002425 -0.019000
v 0.079601 0.001675 -0.019000
v 0.079601 0.002425 -0.019000
v 0.080351 0.000175 -0.019000
v 0.080351 0.000925 -0.019000
v 0.081101 0.000175 -0.019000
v 0.081101 0.000925 -0.019000
v 0.080351 0.001675 -0.019000
v 0.080351 0.002425 -0.019000
v 0.081101 0.001675 -0.019000
v 0.081101 0.002425 -0.019000
v 0.078851 0.003175 -0.019000
v 0.078851 0.003925 -0.019000
v 0.079601 0.003175 -0.019000
v 0.079601 0.003925 -0.019000
v 0.078851 0.004675 -0.019000
v 0.078851 0.005425 -0.019000
v 0.079601 0.004675 -0.019000
v 0.079601 0.005425 -0.019000
v 0.080351 0.003175 -0.019000
v 0.080351 0.003925 -0.019000
v 0.081101 0.003175 -0.019000
v 0.081101 0.003925 -0.019000
v 0.080351 0.004675 -0.019000
v 0.080351 0.005425 -0.019000
v 0.081101 0.004675 -0.019000
v 0.081101 0.005425 -0.019000
v 0.081851 0.000175 -0.019000
v 0.081851 0.000925 -0.019000
v 0.082601 0.000175 -0.019000
v 0.082601 0.000925 -0.019000
v 0.081851 0.001675 -0.019000
v 0.081851 0.002425 -0.019000
v 0.082601 0.001675 -0.019000
v 0.082601 0.002425 -0.019000
v 0.083351 0.000175 -0.019000
v 0.083351 0.000925 -0.019000
v 0.084101 0.000175 -0.019000
v 0.084101 0.000925 -0.019000
v 0.083351 0.001675 -0.019000
v 0.083351 0.002425 -0.019000
v 0.084101 0.001675 -0.019000
v 0.084101 0.002425 -0.019000
v 0.081851 0.003175 -0.019000
v 0.081851 0.003925 -0.019000
v 0.082601 0.003175 -0.019000
v 0.082601 0.003925 -0.019000
v 0.081851 0.004675 -0.019000
v 0.081851 0.005425 -0.019000
v 0.082601 0.004675 -0.019000
v 0.082601 0.005425 -0.019000
v 0.083351 0.003175 -0.019000
v 0.083351 0.003925 -0.019000
v 0.084101 0.003175 -0.019000
v 0.084101 0.003925 -0.019000
v 0.083351 0.004675 -0.019000
v 0.083351 0.005425 -0.019000
v 0.084101 0.004675 -0.019000
v 0.084101 0.005425 -0.019000
v 0.079843 0.010252 -0.028125
v 0.079843 0.010252 -0.027375
v 0.079843 0.010252 -0.026625
v 0.079843 0.010252 -0.025875
v 0.078851 0.010469 -0.028125
v 0.078851 0.010469 -0.027375
v 0.079468 0.010382 -0.028125
v 0.079468 0.010382 -0.027375
v 0.078851 0.010469 -0.026625
v 0.078851 0.010469 -0.025875
v 0.079468 0.010382 -0.026625
v 0.079468 0.010382 -0.025875
v 0.080351 0.010067 -0.028125
v 0.080351 0.010067 -0.027375
v 0.081101 0.009794 -0.028125
v 0.081101 0.009794 -0.027375
v 0.080351 0.010067 -0.026625
v 0.080351 0.010067 -0.025875
v 0.081101 0.009794 -0.026625
v 0.081101 0.009794 -0.025875
v 0.079843 0.010252 -0.025125
v 0.079843 0.010252 -0.024375
v 0.079843 0.010252 -0.023625
v 0.079843 0.010252 -0.022875
v 0.078851 0.010469 -0.025125
v 0.078851 0.010469 -0.024375
v 0.079468 0.010382 -0.025125
v 0.079468 0.010382 -0.024375
v 0.078851 0.010469 -0.023625
v 0.078851 0.010469 -0.022875
v 0.079468 0.010382 -0.023625
v 0.079468 0.010382 -0.022875
v 0.080351 0.010067 -0.025125
v 0.080351 0.010067 -0.024375
v 0.081101 0.009794 -0.025125
v 0.081101 0.009794 -0.024375
v 0.080351 0.010067 -0.023625
v 0.080351 0.010067 -0.022875
v 0.081101 0.009794 -0.023625
v 0.081101 0.009794 -0.022875
v 0.082885 0.008709 -0.028125
v 0.082885 0.008709 -0.027375
v 0.082885 0.008709 -0.026625
v 0.082885 0.008709 -0.025875
v 0.084385 0.007209 -0.028125
v 0.084385 0.007209 -0.027375
v 0.084385 0.007209 -0.026625
v 0.084385 0.007209 -0.025875
v 0.083635 0.007959 -0.028125
v 0.083635 0.007959 -0.027375
v 0.083260 0.008334 -0.028125
v 0.083260 0.008334 -0.027375
v 0.084010 0.007584 -0.028125
v 0.084010 0.007584 -0.027375
v 0.083635 0.007959 -0.026625
v 0.083635 0.007959 -0.025875
v 0.083260 0.008334 -0.026625
v 0.083260 0.008334 -0.025875
v 0.084010 0.007584 -0.026625
v 0.084010 0.007584 -0.025875
v 0.082885 0.008709 -0.025125
v 0.082885 0.008709 -0.024375
v 0.082885 0.008709 -0.023625
v 0.082885 0.008709 -0.022875
v 0.084385 0.007209 -0.025125
v 0.084385 0.007209 -0.024375
v 0.084385 0.007209 -0.023625
v 0.084385 0.007209 -0.022875
v 0.083635 0.007959 -0.025125
v 0.083635 0.007959 -0.024375
v 0.083260 0.008334 -0.025125
v 0.083260 0.008334 -0.024375
v 0.084010 0.007584 -0.025125
v 0.084010 0.007584 -0.024375
v 0.083635 0.007959 -0.023625
v 0.083635 0.007959 -0.022875
v 0.083260 0.008334 -0.023625
v 0.083260 0.008334 -0.022875
v 0.084010 0.007584 -0.023625
v 0.084010 0.007584 -0.022875
v 0.081998 0.009459 -0.028125
v 0.081998 0.009459 -0.027375
v 0.081623 0.009604 -0.028125
v 0.081623 0.009604 -0.027375
v 0.082510 0.009084 -0.028125
v 0.082510 0.009084 -0.027375
v 0.081998 0.009459 -0.026625
v 0.081998 0.009459 -0.025875
v 0.081623 0.009604 -0.026625
v 0.081623 0.009604 -0.025875
v 0.082510 0.009084 -0.026625
v 0.082510 0.009084 -0.025875
v 0.081998 0.009459 -0.025125
v 0.081998 0.009459 -0.024375
v 0.081623 0.009604 -0.025125
v 0.081623 0.009604 -0.024375
v 0.082510 0.009084 -0.025125
v 0.082510 0.009084 -0.024375
v 0.081998 0.009459 -0.023625
v 0.081998 0.009459 -0.022875
v 0.081623 0.009604 -0.023625
v 0.081623 0.009604 -0.022875
v 0.082510 0.009084 -0.023625
v 0.082510 0.009084 -0.022875
v 0.078851 0.006175 -0.019000
v 0.078851 0.006925 -0.019000
v 0.079601 0.006175 -0.019000
v 0.079601 0.006925 -0.019000
v 0.078851 0.007675 -0.019000
v 0.078851 0.008425 -0.019000
v 0.079601 0.007675 -0.019000
v 0.079601 0.008425 -0.019000
v 0.080351 0.006175 -0.019000
v 0.080351 0.006925 -0.019000
v 0.081101 0.006175 -0.019000
v 0.081101 0.006925 -0.019000
v 0.080351 0.007675 -0.019000
v 0.080351 0.008425 -0.019000
v 0.081101 0.007675 -0.019000
v 0.081101 0.008425 -0.019000
v 0.079843 0.010252 -0.022125
v 0.079843 0.010252 -0.021375
v 0.079843 0.010252 -0.020625
v 0.079843 0.010252 -0.019875
v 0.078851 0.010469 -0.022125
v 0.078851 0.010469 -0.021375
v 0.079468 0.010382 -0.022125
v 0.079468 0.010382 -0.021375
v 0.078851 0.010469 -0.020625
v 0.078851 0.010469 -0.019875
v 0.079468 0.010382 -0.020625
v 0.079468 0.010382 -0.019875
v 0.080351 0.010067 -0.022125
v 0.080351 0.010067 -0.021375
v 0.081101 0.009794 -0.022125
v 0.081101 0.009794 -0.021375
v 0.080351 0.010067 -0.020625
v 0.080351 0.010067 -0.019875
v 0.081101 0.009794 -0.020625
v 0.081101 0.009794 -0.019875
v 0.078851 0.009175 -0.019000
v 0.078851 0.009925 -0.019000
v 0.079601 0.009175 -0.019000
v 0.079623 0.009981 -0.019200
v 0.078851 0.010385 -0.019250
v 0.079387 0.010355 -0.019333
v 0.080351 0.009175 -0.019000
v 0.080351 0.009809 -0.019250
v 0.081101 0.009175 -0.019000
v 0.081101 0.009672 -0.019250
v 0.082885 0.008709 -0.022125
v 0.082885 0.008709 -0.021375
v 0.082885 0.008709 -0.020625
v 0.082885 0.008709 -0.019875
v 0.084385 0.007209 -0.022125
v 0.084385 0.007209 -0.021375
v 0.084385 0.007209 -0.020625
v 0.084385 0.007209 -0.019875
v 0.083635 0.007959 -0.022125
v 0.083635 0.007959 -0.021375
v 0.083260 0.008334 -0.022125
v 0.083260 0.008334 -0.021375
v 0.084010 0.007584 -0.022125
v 0.084010 0.007584 -0.021375
v 0.083635 0.007959 -0.020625
v 0.083635 0.007959 -0.019875
v 0.083260 0.008334 -0.020625
v 0.083260 0.008334 -0.019875
v 0.084010 0.007584 -0.020625
v 0.084010 0.007584 -0.019875
v 0.081851 0.006175 -0.019000
v 0.081851 0.006925 -0.019000
v 0.082601 0.006175 -0.019000
v 0.082601 0.006925 -0.019000
v 0.081851 0.007675 -0.019000
v 0.081851 0.008425 -0.019000
v 0.082601 0.007675 -0.019000
v 0.082639 0.008464 -0.019200
v 0.083351 0.006175 -0.019000
v 0.083351 0.006925 -0.019000
v 0.084101 0.006175 -0.019000
v 0.084139 0.006964 -0.019200
v 0.083389 0.007714 -0.019200
v 0.083165 0.008239 -0.019333
v 0.083915 0.007489 -0.019333
v 0.081998 0.009459 -0.022125
v 0.081998 0.009459 -0.021375
v 0.081623 0.009604 -0.022125
v 0.081623 0.009604 -0.021375
v 0.082510 0.009084 -0.022125
v 0.082510 0.009084 -0.021375
v 0.081998 0.009459 -0.020625
v 0.081998 0.009459 -0.019875
v 0.081623 0.009604 -0.020625
v 0.081623 0.009604 -0.019875
v 0.082510 0.009084 -0.020625
v 0.082510 0.009084 -0.019875
v 0.081835 0.009214 -0.019200
v 0.081574 0.009586 -0.019333
v 0.082415 0.008989 -0.019333
v 0.086597 0.000175 -0.028125
v 0.086597 0.000175 -0.027375
v 0.086588 0.000925 -0.028125
v 0.086588 0.000925 -0.027375
v 0.086597 0.000175 -0.026625
v 0.086597 0.000175 -0.025875
v 0.086588 0.000925 -0.026625
v 0.086588 0.000925 -0.025875
v 0.086580 0.001675 -0.028125
v 0.086580 0.001675 -0.027375
v 0.086571 0.002425 -0.028125
v 0.086571 0.002425 -0.027375
v 0.086580 0.001675 -0.026625
v 0.086580 0.001675 -0.025875
v 0.086571 0.002425 -0.026625
v 0.086571 0.002425 -0.025875
v 0.086597 0.000175 -0.025125
v 0.086597 0.000175 -0.024375
v 0.086588 0.000925 -0.025125
v 0.086588 0.000925 -0.024375
v 0.086597 0.000175 -0.023625
v 0.086597 0.000175 -0.022875
v 0.086588 0.000925 -0.023625
v 0.086588 0.000925 -0.022875
v 0.086580 0.001675 -0.025125
v 0.086580 0.001675 -0.024375
v 0.086571 0.002425 -0.025125
v 0.086571 0.002425 -0.024375
v 0.086580 0.001675 -0.023625
v 0.086580 0.001675 -0.022875
v 0.086571 0.002425 -0.023625
v 0.086571 0.002425 -0.022875
v 0.085926 0.004914 -0.028125
v 0.085926 0.004914 -0.027375
v 0.085740 0.005425 -0.028125
v 0.085740 0.005425 -0.027375
v 0.085926 0.004914 -0.026625
v 0.085926 0.004914 -0.025875
v 0.085740 0.005425 -0.026625
v 0.085740 0.005425 -0.025875
v 0.086495 0.003175 -0.028125
v 0.086495 0.003175 -0.027375
v 0.086286 0.003925 -0.028125
v 0.086286 0.003925 -0.027375
v 0.086495 0.003175 -0.026625
v 0.086495 0.003175 -0.025875
v 0.086286 0.003925 -0.026625
v 0.086286 0.003925 -0.025875
v 0.086062 0.004539 -0.028125
v 0.086062 0.004539 -0.027375
v 0.086062 0.004539 -0.026625
v 0.086062 0.004539 -0.025875
v 0.085926 0.004914 -0.025125
v 0.085926 0.004914 -0.024375
v 0.085740 0.005425 -0.025125
v 0.085740 0.005425 -0.024375
v 0.085926 0.004914 -0.023625
v 0.085926 0.004914 -0.022875
v 0.085740 0.005425 -0.023625
v 0.085740 0.005425 -0.022875
v 0.086495 0.003175 -0.025125
v 0.086495 0.003175 -0.024375
v 0.086286 0.003925 -0.025125
v 0.086286 0.003925 -0.024375
v 0.086495 0.003175 -0.023625
v 0.086495 0.003175 -0.022875
v 0.086286 0.003925 -0.023625
v 0.086286 0.003925 -0.022875
v 0.086062 0.004539 -0.025125
v 0.086062 0.004539 -0.024375
v 0.086062 0.004539 -0.023625
v 0.086062 0.004539 -0.022875
v 0.086597 0.000175 -0.022125
v 0.086597 0.000175 -0.021375
v 0.086588 0.000925 -0.022125
v 0.086588 0.000925 -0.021375
v 0.086597 0.000175 -0.020625
v 0.086597 0.000175 -0.019875
v 0.086588 0.000925 -0.020625
v 0.086588 0.000925 -0.019875
v 0.086580 0.001675 -0.022125
v 0.086580 0.001675 -0.021375
v 0.086571 0.002425 -0.022125
v 0.086571 0.002425 -0.021375
v 0.086580 0.001675 -0.020625
v 0.086580 0.001675 -0.019875
v 0.086571 0.002425 -0.020625
v 0.086571 0.002425 -0.019875
v 0.084851 0.000175 -0.019000
v 0.084851 0.000925 -0.019000
v 0.085601 0.000175 -0.019000
v 0.085601 0.000925 -0.019000
v 0.084851 0.001675 -0.019000
v 0.084851 0.002425 -0.019000
v 0.085601 0.001675 -0.019000
v 0.085601 0.002425 -0.019000
v 0.086286 0.000175 -0.019250
v 0.086282 0.000925 -0.019250
v 0.086278 0.001675 -0.019250
v 0.086273 0.002425 -0.019250
v 0.085926 0.004914 -0.022125
v 0.085926 0.004914 -0.021375
v 0.085740 0.005425 -0.022125
v 0.085740 0.005425 -0.021375
v 0.085926 0.004914 -0.020625
v 0.085926 0.004914 -0.019875
v 0.085740 0.005425 -0.020625
v 0.085740 0.005425 -0.019875
v 0.086495 0.003175 -0.022125
v 0.086495 0.003175 -0.021375
v 0.086286 0.003925 -0.022125
v 0.086286 0.003925 -0.021375
v 0.086495 0.003175 -0.020625
v 0.086495 0.003175 -0.019875
v 0.086286 0.003925 -0.020625
v 0.086286 0.003925 -0.019875
v 0.086062 0.004539 -0.022125
v 0.086062 0.004539 -0.021375
v 0.086062 0.004539 -0.020625
v 0.086062 0.004539 -0.019875
v 0.084851 0.003175 -0.019000
v 0.084851 0.003925 -0.019000
v 0.085601 0.003175 -0.019000
v 0.085601 0.003925 -0.019000
v 0.084851 0.004675 -0.019000
v 0.084851 0.005425 -0.019000
v 0.085656 0.004695 -0.019200
v 0.085483 0.005425 -0.019250
v 0.086235 0.003175 -0.019250
v 0.086131 0.003925 -0.019250
v 0.086033 0.004459 -0.019333
v 0.085135 0.006459 -0.028125
v 0.085135 0.006459 -0.027375
v 0.084760 0.006834 -0.028125
v 0.084760 0.006834 -0.027375
v 0.085414 0.006084 -0.028125
v 0.085414 0.006084 -0.027375
v 0.085135 0.006459 -0.026625
v 0.085135 0.006459 -0.025875
v 0.084760 0.006834 -0.026625
v 0.084760 0.006834 -0.025875
v 0.085414 0.006084 -0.026625
v 0.085414 0.006084 -0.025875
v 0.085135 0.006459 -0.025125
v 0.085135 0.006459 -0.024375
v 0.084760 0.006834 -0.025125
v 0.084760 0.006834 -0.024375
v 0.085414 0.006084 -0.025125
v 0.085414 0.006084 -0.024375
v 0.085135 0.006459 -0.023625
v 0.085135 0.006459 -0.022875
v 0.084760 0.006834 -0.023625
v 0.084760 0.006834 -0.022875
v 0.085414 0.006084 -0.023625
v 0.085414 0.006084 -0.022875
v 0.085135 0.006459 -0.022125
v 0.085135 0.006459 -0.021375
v 0.084760 0.006834 -0.022125
v 0.084760 0.006834 -0.021375
v 0.085414 0.006084 -0.022125
v 0.085414 0.006084 -0.021375
v 0.085135 0.006459 -0.020625
v 0.085135 0.006459 -0.019875
v 0.084760 0.006834 -0.020625
v 0.084760 0.006834 -0.019875
v 0.085414 0.006084 -0.020625
v 0.085414 0.006084 -0.019875
v 0.084889 0.006214 -0.019200
v 0.084665 0.006739 -0.019333
v 0.085351 0.005989 -0.019333
vn -0.9917 -0.1280 -0.0089
vn -0.9922 -0.0843 -0.0916
vn -0.9923 -0.1103 -0.0559
vn -0.9908 -0.1347 -0.0089
vn -0.9958 -0.0909 -0.0097
vn -0.9913 -0.1313 -0.0089
vn -0.9867 -0.1623 -0.0063
vn -0.9873 -0.1569 -0.0251
vn -0.9844 -0.1756 -0.0062
vn -0.9856 -0.1690 -0.0063
vn -0.9861 -0.0839 -0.1432
vn -0.9895 -0.0841 -0.1177
vn -0.9779 -0.0834 -0.1915
vn -0.9823 -0.0836 -0.1678
vn -0.9871 -0.0576 -0.1495
vn -0.9920 -0.0653 -0.1081
vn -0.9897 -0.1184 -0.0808
vn -0.9661 -0.0563 -0.2519
vn -0.9778 -0.0570 -0.2016
vn -0.9365 -0.0544 -0.3464
vn -0.9522 -0.0554 -0.3003
vn -0.9899 -0.1413 -0.0089
vn -0.9904 -0.1380 -0.0089
vn -0.9890 -0.1480 -0.0089
vn -0.9894 -0.1446 -0.0089
vn -0.9820 -0.1888 -0.0062
vn -0.9832 -0.1822 -0.0062
vn -0.9794 -0.2020 -0.0062
vn -0.9807 -0.1954 -0.0062
vn -0.9879 -0.1545 -0.0089
vn -0.9885 -0.1512 -0.0089
vn -0.9869 -0.1610 -0.0089
vn -0.9874 -0.1578 -0.0089
vn -0.9766 -0.2150 -0.0062
vn -0.9780 -0.2085 -0.0062
vn -0.9737 -0.2279 -0.0062
vn -0.9752 -0.2214 -0.0062
vn -0.9682 -0.0828 -0.2360
vn -0.9732 -0.0831 -0.2143
vn -0.9638 -0.0879 -0.2515
vn -0.9716 -0.1497 -0.1833
vn -0.9957 -0.0909 -0.0171
vn -0.5159 -0.0893 -0.8520
vn -0.2581 -0.0037 -0.9661
vn -0.2897 -0.0754 -0.9542
vn -0.4604 -0.0146 -0.8876
vn -0.2289 -0.0031 -0.9735
vn -0.2427 -0.0034 -0.9701
vn -0.4877 -0.0153 -0.8729
vn -0.9942 -0.0844 -0.0660
vn -0.9962 -0.0804 -0.0348
vn -0.9894 -0.0841 -0.1188
vn -0.9921 -0.0843 -0.0927
vn -0.5075 -0.1781 -0.8430
vn -0.3143 -0.1718 -0.9336
vn -0.9006 -0.0521 -0.4315
vn -0.9192 -0.0533 -0.3902
vn -0.8859 -0.0906 -0.4549
vn -0.8128 -0.3665 -0.4528
vn -0.9964 -0.0761 -0.0378
vn -0.9935 -0.0580 -0.0984
vn -0.9972 -0.0501 -0.0564
vn -0.9774 -0.0570 -0.2037
vn -0.9867 -0.0576 -0.1517
vn -0.2433 -0.0034 -0.9699
vn 0.0000 -0.2205 -0.9754
vn -0.2430 -0.2079 -0.9475
vn 0.0000 0.0000 -1.0000
vn 0.0000 -0.2207 -0.9754
vn 0.0000 -0.2206 -0.9754
vn 0.0001 -0.4301 -0.9028
vn -0.1750 -0.3665 -0.9138
vn 0.0001 -0.4304 -0.9027
vn 0.0001 -0.4302 -0.9027
vn 0.0005 -0.9931 -0.1173
vn -0.1676 -0.9859 -0.0003
vn -0.1501 -0.9838 -0.0976
vn 0.0005 -1.0000 0.0000
vn -0.1650 -0.9863 -0.0003
vn -0.1663 -0.9861 -0.0003
vn 0.0005 -0.9931 -0.1170
vn 0.0005 -0.9931 -0.1172
vn -0.2169 -0.0029 -0.9762
vn -0.2294 -0.0031 -0.9733
vn -0.1953 -0.0025 -0.9807
vn -0.2056 -0.0027 -0.9786
vn 0.0000 -0.2208 -0.9753
vn 0.0000 -0.2207 -0.9753
vn 0.0000 -0.2209 -0.9753
vn 0.0001 -0.4306 -0.9025
vn 0.0001 -0.4305 -0.9026
vn 0.0001 -0.4309 -0.9024
vn 0.0001 -0.4308 -0.9025
vn 0.0005 -0.9932 -0.1167
vn 0.0005 -0.9931 -0.1169
vn 0.0005 -0.9932 -0.1164
vn 0.0005 -0.9932 -0.1166
vn -0.0779 -0.9695 -0.2324
vn 0.0003 -0.9726 -0.2326
vn 0.0003 -0.9725 -0.2329
vn 0.0003 -0.9727 -0.2320
vn 0.0003 -0.9728 -0.2315
vn 0.0003 -0.9728 -0.2317
vn 0.0003 -0.9726 -0.2323
vn -0.1625 -0.9867 -0.0003
vn -0.1637 -0.9865 -0.0003
vn -0.1600 -0.9871 -0.0002
vn -0.1612 -0.9869 -0.0002
vn -0.1576 -0.9875 -0.0002
vn -0.1588 -0.9873 -0.0002
vn -0.1553 -0.9879 -0.0002
vn -0.1565 -0.9877 -0.0002
vn -0.1775 -0.0021 -0.9841
vn -0.1860 -0.0023 -0.9825
vn -0.1024 -0.0424 -0.9938
vn -0.1697 -0.0020 -0.9855
vn -0.4312 -0.1597 -0.8880
vn -0.2189 -0.1833 -0.9584
vn -0.3321 -0.9420 -0.0490
vn -0.3300 -0.9440 -0.0011
vn -0.3275 -0.9448 -0.0011
vn -0.3251 -0.9457 -0.0011
vn -0.4366 -0.0140 -0.8995
vn -0.3935 -0.0129 -0.9193
vn -0.4140 -0.0134 -0.9102
vn -0.2298 -0.9564 -0.1802
vn -0.4615 -0.0146 -0.8870
vn -0.3226 -0.9465 -0.0011
vn -0.3202 -0.9473 -0.0011
vn -0.3179 -0.9481 -0.0010
vn -0.3156 -0.9489 -0.0010
vn -0.3133 -0.9497 -0.0010
vn -0.3110 -0.9504 -0.0010
vn -0.3088 -0.9511 -0.0010
vn -0.3066 -0.9518 -0.0010
vn -0.3575 -0.0120 -0.9338
vn -0.3052 -0.0342 -0.9517
vn -0.3417 -0.0116 -0.9397
vn -0.3747 -0.0124 -0.9271
vn -0.9858 -0.1675 -0.0089
vn -0.9864 -0.1643 -0.0089
vn -0.9847 -0.1739 -0.0089
vn -0.9853 -0.1707 -0.0089
vn -0.9706 -0.2407 -0.0062
vn -0.9721 -0.2343 -0.0062
vn -0.9674 -0.2533 -0.0061
vn -0.9690 -0.2470 -0.0061
vn -0.9836 -0.1803 -0.0089
vn -0.9841 -0.1771 -0.0089
vn -0.9824 -0.1867 -0.0089
vn -0.9830 -0.1835 -0.0089
vn -0.9640 -0.2658 -0.0061
vn -0.9657 -0.2596 -0.0061
vn -0.9605 -0.2782 -0.0061
vn -0.9623 -0.2720 -0.0061
vn -0.9812 -0.1929 -0.0089
vn -0.9818 -0.1898 -0.0089
vn -0.9794 -0.1756 0.1000
vn -0.9806 -0.1960 -0.0089
vn -0.9569 -0.2905 -0.0061
vn -0.9587 -0.2844 -0.0061
vn -0.9521 -0.3023 0.0469
vn -0.9550 -0.2966 -0.0060
vn -0.9825 -0.0837 0.1666
vn -0.9736 -0.0832 0.2125
vn -0.9782 -0.0834 0.1900
vn -0.9863 -0.0839 0.1422
vn -0.9615 -0.0560 0.2690
vn -0.9583 -0.2277 0.1728
vn -0.9306 -0.0540 0.3619
vn -0.8990 -0.0879 0.4290
vn -0.9695 -0.0885 0.2286
vn -0.9129 -0.0529 0.4048
vn -0.9470 -0.0551 0.3166
vn -0.9888 -0.0956 0.1148
vn -0.9964 -0.0844 0.0119
vn -0.9957 -0.0845 0.0388
vn -0.2493 -0.0035 0.9684
vn -0.5005 -0.0155 0.8656
vn -0.2621 -0.0365 0.9643
vn -0.3967 -0.0973 0.9128
vn -0.2281 -0.1202 0.9662
vn -0.9922 -0.0843 0.0922
vn -0.9861 -0.0839 0.1432
vn -0.9894 -0.0841 0.1181
vn -0.2217 -0.0030 0.9751
vn -0.4462 -0.0142 0.8948
vn -0.2348 -0.0032 0.9720
vn -0.1993 -0.0025 0.9799
vn -0.4014 -0.0131 0.9158
vn -0.2100 -0.0027 0.9777
vn -0.4227 -0.0136 0.9062
vn -0.9943 -0.0844 0.0657
vn -0.4720 -0.0149 0.8815
vn -0.9164 -0.1303 0.3784
vn -0.9747 -0.0985 0.2005
vn -0.9981 -0.0574 0.0220
vn -0.9914 -0.0579 0.1171
vn -0.9963 -0.0579 0.0633
vn -0.9735 -0.0568 0.2214
vn -0.9463 -0.0550 0.3185
vn -0.9823 -0.0837 0.1676
vn -0.9610 -0.0560 0.2710
vn -0.9838 -0.0574 0.1699
vn -0.1531 -0.9882 -0.0002
vn -0.1542 -0.9880 -0.0002
vn -0.1509 -0.9885 -0.0002
vn -0.1520 -0.9884 -0.0002
vn -0.1488 -0.9889 -0.0002
vn -0.1498 -0.9887 -0.0002
vn -0.1467 -0.9892 -0.0002
vn -0.1477 -0.9890 -0.0002
vn -0.1447 -0.9895 -0.0002
vn -0.1457 -0.9893 -0.0002
vn -0.1264 -0.9869 0.1002
vn -0.1437 -0.9896 -0.0002
vn 0.0005 -0.9931 0.1171
vn 0.0005 -0.9931 0.1173
vn 0.0000 0.0000 1.0000
vn -0.1896 -0.1904 0.9632
vn 0.0000 -0.2205 0.9754
vn 0.0000 -0.2206 0.9754
vn 0.0000 -0.2207 0.9754
vn 0.0001 -0.4301 0.9028
vn -0.1016 -0.4278 0.8981
vn 0.0001 -0.4304 0.9026
vn 0.0001 -0.4303 0.9027
vn -0.1997 -0.0025 0.9799
vn -0.1811 -0.0022 0.9835
vn -0.1900 -0.0023 0.9818
vn 0.0005 -0.9931 0.1169
vn 0.0005 -0.9932 0.1166
vn 0.0005 -0.9932 0.1167
vn 0.0000 -0.2207 0.9753
vn 0.0000 -0.2208 0.9753
vn 0.0000 -0.2209 0.9753
vn 0.0001 -0.4306 0.9025
vn 0.0001 -0.4305 0.9026
vn 0.0001 -0.4309 0.9024
vn 0.0001 -0.4308 0.9025
vn 0.0005 -0.9931 0.1170
vn -0.2104 -0.0027 0.9776
vn -0.0687 -0.9702 0.2325
vn 0.0003 -0.9726 0.2325
vn 0.0003 -0.9725 0.2328
vn 0.0003 -0.9727 0.2320
vn 0.0005 -0.9932 0.1164
vn 0.0003 -0.9729 0.2314
vn 0.0003 -0.9728 0.2317
vn 0.0003 -0.9727 0.2323
vn -0.1343 -0.0131 0.9909
vn -0.0737 -0.0313 0.9968
vn -0.3044 -0.9525 -0.0010
vn -0.3023 -0.9532 -0.0010
vn -0.3001 -0.9539 -0.0010
vn -0.2981 -0.9545 -0.0010
vn -0.2960 -0.9552 -0.0010
vn -0.2940 -0.9558 -0.0010
vn -0.2920 -0.9564 -0.0010
vn -0.2900 -0.9570 -0.0010
vn -0.2880 -0.9576 -0.0010
vn -0.2861 -0.9582 -0.0010
vn -0.2842 -0.9588 -0.0010
vn -0.2823 -0.9578 0.0538
vn -0.4212 -0.1068 0.9006
vn -0.3151 -0.3189 0.8939
vn -0.3827 -0.0126 0.9238
vn -0.1730 -0.0020 0.9849
vn -0.3485 -0.0117 0.9373
vn -0.3648 -0.0122 0.9310
vn -0.2048 -0.9623 0.1790
vn -0.4022 -0.0131 0.9154
vn -0.2226 -0.0656 0.9727
vn -0.3124 -0.0330 0.9494
vn -0.4131 -0.0134 -0.9106
vn -0.2052 -0.0026 -0.9787
vn -0.2164 -0.0029 -0.9763
vn -0.3739 -0.0124 -0.9274
vn -0.1856 -0.0023 -0.9826
vn -0.1949 -0.0024 -0.9808
vn -0.3926 -0.0129 -0.9196
vn -0.9821 -0.0836 -0.1688
vn -0.9860 -0.0839 -0.1442
vn -0.9730 -0.0831 -0.2152
vn -0.9778 -0.0834 -0.1925
vn -0.3411 -0.0115 -0.9400
vn -0.1693 -0.0020 -0.9856
vn -0.1771 -0.0021 -0.9842
vn -0.2886 -0.0746 -0.9545
vn -0.1020 -0.0423 -0.9939
vn -0.3128 -0.1707 -0.9343
vn -0.5052 -0.1765 -0.8448
vn -0.3046 -0.0343 -0.9519
vn -0.9957 -0.0909 -0.0180
vn -0.9961 -0.0804 -0.0359
vn -0.9636 -0.0879 -0.2524
vn -0.9680 -0.0828 -0.2369
vn -0.9712 -0.1494 -0.1854
vn -0.3568 -0.0120 -0.9341
vn -0.9516 -0.0554 -0.3023
vn -0.9656 -0.0562 -0.2540
vn -0.9184 -0.0532 -0.3919
vn -0.9358 -0.0543 -0.3483
vn -0.9963 -0.0763 -0.0395
vn -0.9970 -0.0502 -0.0586
vn -0.8850 -0.0909 -0.4566
vn -0.8998 -0.0520 -0.4331
vn -0.8092 -0.3683 -0.4578
vn -0.2421 -0.0034 -0.9702
vn -0.2575 -0.0037 -0.9663
vn -0.2159 -0.0029 -0.9764
vn -0.2283 -0.0031 -0.9736
vn -0.4865 -0.0152 -0.8735
vn -0.4347 -0.0140 -0.9005
vn -0.4593 -0.0146 -0.8882
vn -0.9920 -0.0842 -0.0938
vn -0.9942 -0.0844 -0.0671
vn -0.9858 -0.0839 -0.1452
vn -0.9892 -0.0841 -0.1198
vn -0.1654 0.1931 -0.9671
vn -0.2047 -0.0026 -0.9788
vn -0.3918 -0.0129 -0.9199
vn 0.0024 0.4379 -0.8990
vn 0.0005 0.2256 -0.9742
vn -0.2827 0.3135 -0.9065
vn -0.3756 0.0976 -0.9216
vn -0.9778 0.1328 -0.1621
vn -0.9819 -0.0836 -0.1698
vn -0.9866 0.1627 -0.0089
vn 0.0155 0.9999 0.0000
vn -0.0881 0.9912 -0.0992
vn -0.1006 0.9949 -0.0001
vn 0.0154 0.9999 0.0001
vn -0.1000 0.9950 -0.0001
vn -0.0995 0.9950 -0.0000
vn -0.2156 0.9748 -0.0582
vn -0.2148 0.9767 -0.0007
vn -0.2136 0.9769 -0.0007
vn -0.2124 0.9772 -0.0007
vn -0.9173 0.3981 -0.0058
vn -0.9153 0.3921 -0.0921
vn -0.9126 0.4089 -0.0057
vn -0.9150 0.4035 -0.0057
vn -0.9871 0.1597 -0.0089
vn -0.4123 -0.0134 -0.9110
vn -0.9864 -0.0576 -0.1539
vn -0.9932 -0.0580 -0.1007
vn -0.9650 -0.0562 -0.2560
vn -0.9769 -0.0570 -0.2058
vn -0.9350 0.0594 -0.3496
vn -0.9510 -0.0553 -0.3042
vn 0.0144 0.9940 -0.1088
vn -0.0490 0.9741 -0.2206
vn -0.9178 0.2822 -0.2794
vn -0.1656 0.9712 -0.1715
vn -0.9857 0.1684 -0.0089
vn -0.0983 0.9952 -0.0000
vn 0.0153 0.9999 0.0001
vn -0.0989 0.9951 -0.0000
vn -0.0971 0.9953 0.0000
vn 0.0152 0.9999 0.0001
vn -0.0977 0.9952 0.0000
vn -0.2112 0.9775 -0.0007
vn -0.2099 0.9777 -0.0007
vn -0.2087 0.9780 -0.0007
vn -0.2076 0.9782 -0.0006
vn -0.9077 0.4195 -0.0057
vn -0.9102 0.4142 -0.0057
vn -0.9042 0.4270 -0.0075
vn -0.9028 0.4300 -0.0057
vn -0.9053 0.4248 -0.0057
vn -0.9067 0.4217 -0.0075
vn -0.0959 0.9954 0.0000
vn -0.0965 0.9953 0.0000
vn -0.0953 0.9955 0.0000
vn -0.0947 0.9955 0.0000
vn -0.2064 0.9785 -0.0006
vn -0.2052 0.9787 -0.0006
vn -0.2041 0.9790 -0.0006
vn -0.2029 0.9792 -0.0006
vn -0.8993 0.4373 -0.0075
vn -0.8978 0.4403 -0.0056
vn -0.9003 0.4352 -0.0056
vn -0.8942 0.4475 -0.0074
vn -0.8928 0.4504 -0.0056
vn -0.8953 0.4454 -0.0056
vn -0.8968 0.4425 -0.0075
vn -0.9018 0.4322 -0.0075
vn 0.0005 0.2278 -0.9737
vn 0.0005 0.2323 -0.9726
vn 0.0005 0.2300 -0.9732
vn 0.0024 0.4460 -0.8950
vn 0.0025 0.4545 -0.8908
vn 0.0005 0.2347 -0.9721
vn 0.0025 0.4502 -0.8929
vn 0.0144 0.9944 -0.1043
vn 0.0144 0.9953 -0.0954
vn 0.0144 0.9949 -0.0999
vn 0.0006 0.2370 -0.9715
vn 0.0006 0.2419 -0.9703
vn 0.0006 0.2395 -0.9709
vn 0.0025 0.4632 -0.8862
vn 0.0025 0.4722 -0.8815
vn 0.0006 0.2444 -0.9697
vn 0.0025 0.4677 -0.8839
vn 0.0144 0.9962 -0.0864
vn 0.0144 0.9969 -0.0774
vn 0.0144 0.9965 -0.0819
vn 0.0025 0.4588 -0.8885
vn 0.0144 0.9958 -0.0909
vn 0.0097 0.9790 -0.2036
vn 0.0097 0.9825 -0.1860
vn 0.0097 0.9808 -0.1948
vn 0.0098 0.9857 -0.1683
vn 0.0144 0.9972 -0.0729
vn 0.0098 0.9886 -0.1503
vn 0.0098 0.9872 -0.1593
vn 0.0098 0.9841 -0.1772
vn 0.0154 0.9999 0.0000
vn 0.0024 0.4419 -0.8971
vn 0.0097 0.9772 -0.2123
vn -0.5147 -0.0878 -0.8529
vn -0.9862 0.1656 -0.0089
vn -0.9780 -0.0834 0.1910
vn -0.9704 -0.1003 0.2197
vn -0.9734 -0.0831 0.2134
vn -0.1808 -0.0022 0.9835
vn -0.3641 -0.0121 0.9313
vn -0.1896 -0.0023 0.9819
vn -0.1064 -0.0426 0.9934
vn -0.3118 -0.0330 0.9496
vn -0.1727 -0.0020 0.9850
vn -0.3478 -0.0117 0.9375
vn -0.9964 -0.0781 0.0339
vn -0.9942 -0.0844 0.0668
vn -0.9963 -0.0863 0.0035
vn -0.3006 -0.0837 0.9501
vn -0.2486 -0.0035 0.9686
vn -0.5106 -0.0074 0.8598
vn -0.5278 -0.1080 0.8425
vn -0.2342 -0.0032 0.9722
vn -0.4709 -0.0148 0.8821
vn -0.4993 -0.0155 0.8663
vn -0.9975 -0.0713 0.0036
vn -0.9772 -0.1468 0.1532
vn -0.3300 -0.1830 0.9261
vn -0.5304 -0.1978 0.8243
vn -0.9121 -0.0528 0.4065
vn -0.8833 -0.2995 0.3607
vn -0.8894 -0.1047 0.4449
vn -0.8012 -0.5461 0.2446
vn -0.6875 -0.7262 0.0000
vn -0.9973 -0.0651 0.0326
vn -0.9834 -0.0574 0.1721
vn -0.9921 -0.0843 0.0932
vn -0.9912 -0.0579 0.1193
vn -0.0936 0.9956 0.0000
vn -0.0941 0.9956 0.0000
vn -0.0930 0.9957 0.0000
vn -0.0924 0.9957 0.0000
vn -0.2018 0.9794 -0.0006
vn -0.2007 0.9797 -0.0006
vn -0.1996 0.9799 -0.0006
vn -0.1985 0.9801 -0.0006
vn -0.8891 0.4576 -0.0074
vn -0.8877 0.4604 -0.0056
vn -0.8902 0.4555 -0.0056
vn -0.8840 0.4674 -0.0074
vn -0.8825 0.4703 -0.0055
vn -0.8851 0.4654 -0.0055
vn -0.8866 0.4625 -0.0074
vn -0.0913 0.9958 0.0000
vn -0.0919 0.9958 0.0000
vn -0.0908 0.9959 0.0000
vn -0.0903 0.9959 0.0000
vn -0.1974 0.9803 -0.0006
vn -0.1963 0.9805 -0.0006
vn -0.1953 0.9808 -0.0006
vn -0.1942 0.9810 -0.0006
vn -0.8788 0.4771 -0.0073
vn -0.8773 0.4799 -0.0055
vn -0.8799 0.4751 -0.0055
vn -0.8736 0.4867 -0.0073
vn -0.8721 0.4894 -0.0054
vn -0.8747 0.4846 -0.0055
vn -0.8762 0.4819 -0.0073
vn -0.8814 0.4723 -0.0073
vn -0.9893 -0.0841 0.1191
vn -0.9821 -0.0837 0.1685
vn -0.9860 -0.0839 0.1443
vn -0.2212 -0.0030 0.9752
vn -0.1989 -0.0025 0.9800
vn -0.2095 -0.0027 0.9778
vn -0.4218 -0.0136 0.9066
vn -0.1892 -0.0023 0.9819
vn -0.3812 -0.0126 0.9244
vn -0.4006 -0.0131 0.9162
vn -0.9732 -0.0831 0.2143
vn -0.0897 0.9960 0.0000
vn -0.0892 0.9960 0.0000
vn -0.0764 0.9921 0.0997
vn -0.0887 0.9961 0.0000
vn -0.1932 0.9812 -0.0006
vn -0.1921 0.9814 -0.0006
vn -0.1911 0.9816 -0.0006
vn -0.1900 0.9800 0.0588
vn -0.8683 0.4960 -0.0072
vn -0.8668 0.4987 -0.0054
vn -0.8694 0.4940 -0.0054
vn -0.8630 0.5052 -0.0072
vn -0.8565 0.5049 0.1077
vn -0.8641 0.5033 -0.0054
vn -0.8656 0.5007 -0.0072
vn 0.0005 0.2260 0.9741
vn -0.1804 -0.0022 0.9836
vn -0.1458 0.1970 0.9695
vn -0.3472 -0.0117 0.9377
vn 0.0024 0.4386 0.8987
vn -0.2584 0.3148 0.9133
vn -0.3341 0.1043 0.9368
vn -0.9779 -0.0834 0.1919
vn -0.3634 -0.0121 0.9315
vn -0.9604 -0.0559 0.2730
vn -0.9292 -0.0539 0.3656
vn -0.9457 -0.0550 0.3204
vn -0.8897 0.0937 0.4467
vn -0.9624 0.1871 0.1968
vn -0.0437 0.9747 0.2190
vn 0.0141 0.9940 0.1080
vn -0.8623 0.3682 0.3476
vn -0.1501 0.9741 0.1692
vn -0.9113 -0.0528 0.4082
vn 0.0141 0.9950 0.0993
vn 0.0141 0.9945 0.1037
vn 0.0141 0.9958 0.0906
vn 0.0141 0.9954 0.0949
vn 0.0005 0.2304 0.9731
vn 0.0005 0.2349 0.9720
vn 0.0005 0.2326 0.9726
vn 0.0024 0.4467 0.8947
vn 0.0005 0.2281 0.9736
vn 0.0024 0.4549 0.8905
vn 0.0024 0.4508 0.8926
vn 0.0141 0.9966 0.0817
vn 0.0141 0.9962 0.0862
vn 0.0142 0.9972 0.0728
vn 0.0141 0.9969 0.0773
vn 0.0006 0.2396 0.9709
vn 0.0006 0.2445 0.9697
vn 0.0006 0.2420 0.9703
vn 0.0025 0.4635 0.8861
vn 0.0005 0.2372 0.9715
vn 0.0025 0.4724 0.8814
vn 0.0025 0.4679 0.8838
vn 0.0024 0.4592 0.8883
vn 0.0095 0.9793 0.2023
vn 0.0095 0.9827 0.1850
vn 0.0095 0.9810 0.1937
vn 0.0096 0.9858 0.1676
vn 0.0096 0.9886 0.1501
vn 0.0096 0.9873 0.1589
vn 0.0096 0.9843 0.1763
vn 0.0024 0.4426 0.8967
vn 0.0095 0.9775 0.2108
vn -0.4452 -0.0142 0.8953
vn -0.9731 -0.0567 0.2234
vn -0.8709 0.4914 -0.0073
vn 0.0000 -0.2211 -0.9753
vn 0.0000 -0.2210 -0.9753
vn 0.0000 -0.2212 -0.9752
vn 0.0000 -0.2211 -0.9752
vn 0.0001 -0.4311 -0.9023
vn 0.0001 -0.4310 -0.9023
vn 0.0001 -0.4314 -0.9022
vn 0.0001 -0.4313 -0.9022
vn 0.0005 -0.9932 -0.1161
vn 0.0005 -0.9932 -0.1163
vn 0.0005 -0.9933 -0.1159
vn 0.0005 -0.9932 -0.1160
vn 0.0000 -0.2214 -0.9752
vn 0.0000 -0.2213 -0.9752
vn 0.1446 -0.2464 -0.9583
vn 0.0063 -0.2268 -0.9739
vn 0.0001 -0.4317 -0.9020
vn 0.0001 -0.4315 -0.9021
vn 0.1402 -0.4675 -0.8728
vn 0.0195 -0.4317 -0.9018
vn 0.0005 -0.9933 -0.1156
vn 0.0005 -0.9933 -0.1157
vn 0.2438 -0.9682 -0.0562
vn 0.0918 -0.9958 0.0000
vn 0.0906 -0.9893 -0.1142
vn 0.2714 -0.9625 0.0000
vn 0.0364 -0.0364 -0.9987
vn 0.0003 -0.9730 -0.2309
vn 0.0003 -0.9731 -0.2303
vn 0.0003 -0.9731 -0.2306
vn 0.0003 -0.9733 -0.2297
vn 0.0709 -0.9761 -0.2055
vn 0.0003 -0.9733 -0.2295
vn 0.0003 -0.9732 -0.2300
vn 0.1737 -0.1737 -0.9693
vn 0.3724 -0.3724 -0.8501
vn 0.2726 -0.2726 -0.9227
vn 0.7071 -0.7071 0.0000
vn 0.7071 -0.7071 -0.0036
vn 0.7065 -0.7065 -0.0428
vn 0.7231 -0.6907 -0.0036
vn 0.7231 -0.6907 0.0000
vn 0.5447 -0.8386 -0.0035
vn 0.5446 -0.8387 0.0000
vn 0.2175 -0.1549 -0.9637
vn 0.1665 0.0002 -0.9860
vn 0.1755 -0.0104 -0.9844
vn 0.3805 -0.1748 -0.9081
vn 0.3291 0.0012 -0.9443
vn 0.3277 0.0012 -0.9448
vn 0.3265 -0.0335 -0.9446
vn 0.9509 -0.1952 -0.2401
vn 0.8353 -0.5498 -0.0001
vn 0.8593 -0.4958 -0.1255
vn 0.9782 -0.2075 -0.0005
vn 0.8351 -0.5501 -0.0001
vn 0.8352 -0.5499 -0.0001
vn 1.0000 0.0097 -0.0010
vn 0.9680 0.0083 -0.2506
vn 0.9686 0.0089 -0.2486
vn 1.0000 0.0086 -0.0009
vn 1.0000 0.0088 -0.0009
vn 1.0000 0.0083 -0.0009
vn 0.9783 -0.2071 -0.0005
vn 0.4158 -0.3275 -0.8484
vn 0.7037 -0.7037 -0.0981
vn 0.6974 -0.6974 -0.1652
vn 0.5423 -0.8350 -0.0930
vn 0.7351 -0.6666 -0.1236
vn 0.8865 -0.1563 -0.4355
vn 0.9072 -0.3311 -0.2597
vn 0.8757 0.0051 -0.4827
vn 0.8779 0.0054 -0.4788
vn 0.9781 -0.2084 -0.0005
vn 0.8349 -0.5504 -0.0001
vn 0.8350 -0.5503 -0.0001
vn 0.9779 -0.2093 -0.0005
vn 0.8346 -0.5508 -0.0001
vn 0.8348 -0.5506 -0.0001
vn 1.0000 0.0081 -0.0009
vn 1.0000 0.0076 -0.0009
vn 1.0000 0.0079 -0.0009
vn 1.0000 0.0074 -0.0009
vn 0.9780 -0.2088 -0.0005
vn 0.9777 -0.2101 -0.0005
vn 0.8344 -0.5511 -0.0001
vn 0.8345 -0.5510 -0.0001
vn 0.9775 -0.2110 -0.0005
vn 0.8342 -0.5515 -0.0001
vn 0.8343 -0.5513 -0.0001
vn 1.0000 0.0071 -0.0009
vn 1.0000 0.0066 -0.0009
vn 1.0000 0.0069 -0.0009
vn 1.0000 0.0064 -0.0009
vn 0.9776 -0.2106 -0.0005
vn 0.9778 -0.2097 -0.0005
vn 0.1681 0.0002 -0.9858
vn 0.1697 0.0002 -0.9855
vn 0.3321 0.0012 -0.9432
vn 0.3306 0.0012 -0.9438
vn 0.3352 0.0012 -0.9421
vn 0.3337 0.0012 -0.9427
vn 0.1689 0.0002 -0.9856
vn 0.9691 0.0089 -0.2464
vn 0.9697 0.0089 -0.2442
vn 0.9702 0.0089 -0.2420
vn 0.9708 0.0089 -0.2398
vn 0.1713 0.0002 -0.9852
vn 0.1729 0.0002 -0.9849
vn 0.3383 0.0012 -0.9410
vn 0.3368 0.0012 -0.9416
vn 0.3415 0.0012 -0.9399
vn 0.3399 0.0012 -0.9405
vn 0.1721 0.0002 -0.9851
vn 0.9713 0.0089 -0.2376
vn 0.9719 0.0089 -0.2353
vn 0.9724 0.0089 -0.2331
vn 0.9730 0.0089 -0.2308
vn 0.1705 0.0002 -0.9854
vn 0.8801 0.0054 -0.4748
vn 0.8822 0.0054 -0.4708
vn 0.8843 0.0054 -0.4668
vn 0.8865 0.0054 -0.4628
vn 0.8886 0.0054 -0.4587
vn 0.8907 0.0055 -0.4546
vn 0.8928 0.0055 -0.4504
vn 0.8949 0.0055 -0.4463
vn 1.0000 0.0098 -0.0009
vn 1.0000 0.0098 -0.0010
vn 1.0000 0.0099 -0.0009
vn 0.9999 0.0105 -0.0005
vn 0.9999 0.0102 -0.0007
vn 0.9999 0.0100 -0.0008
vn 0.9999 0.0101 -0.0008
vn 0.9999 0.0108 -0.0003
vn 0.9999 0.0104 -0.0006
vn 0.9999 0.0112 -0.0001
vn 0.9999 0.0103 -0.0007
vn 0.9999 0.0109 -0.0003
vn 0.9999 0.0113 0.0000
vn 0.9999 0.0110 -0.0002
vn 0.9999 0.0107 -0.0004
vn 0.2862 -0.4533 -0.8441
vn 0.1477 -0.9815 -0.1220
vn 0.1673 0.0002 -0.9859
vn 0.9781 -0.2079 -0.0005
vn 0.0005 -0.9932 0.1163
vn 0.0005 -0.9932 0.1160
vn 0.0005 -0.9932 0.1161
vn 0.0000 -0.2210 0.9753
vn 0.0000 -0.2211 0.9753
vn 0.0000 -0.2211 0.9752
vn 0.0000 -0.2212 0.9752
vn 0.0001 -0.4311 0.9023
vn 0.0001 -0.4310 0.9023
vn 0.0001 -0.4314 0.9022
vn 0.0001 -0.4313 0.9022
vn 0.0005 -0.9933 0.1157
vn 0.0906 -0.9893 0.1142
vn 0.0005 -0.9933 0.1156
vn 0.0000 -0.2213 0.9752
vn 0.0364 -0.0364 0.9987
vn 0.0063 -0.2268 0.9739
vn 0.1446 -0.2464 0.9583
vn 0.0001 -0.4317 0.9020
vn 0.0001 -0.4315 0.9021
vn 0.1402 -0.4675 0.8728
vn 0.0195 -0.4317 0.9018
vn 0.0005 -0.9933 0.1159
vn 0.0003 -0.9730 0.2309
vn 0.0003 -0.9731 0.2303
vn 0.0003 -0.9731 0.2306
vn 0.0003 -0.9733 0.2297
vn 0.2438 -0.9682 0.0562
vn 0.0709 -0.9761 0.2055
vn 0.0003 -0.9733 0.2295
vn 0.0003 -0.9732 0.2300
vn 0.9773 -0.2119 -0.0005
vn 0.8340 -0.5518 -0.0001
vn 0.8341 -0.5516 -0.0001
vn 0.9771 -0.2127 -0.0006
vn 0.8337 -0.5521 -0.0001
vn 0.8339 -0.5520 -0.0001
vn 1.0000 0.0061 -0.0009
vn 1.0000 0.0056 -0.0010
vn 1.0000 0.0058 -0.0009
vn 1.0000 0.0054 -0.0009
vn 0.9772 -0.2123 -0.0004
vn 0.9769 -0.2137 -0.0005
vn 0.8335 -0.5525 -0.0001
vn 0.8336 -0.5523 -0.0001
vn 0.9767 -0.2144 -0.0005
vn 0.8333 -0.5528 -0.0001
vn 0.8334 -0.5527 -0.0001
vn 1.0000 0.0051 -0.0009
vn 1.0000 0.0045 -0.0009
vn 1.0000 0.0048 -0.0009
vn 0.9766 -0.2149 -0.0005
vn 0.9768 -0.2140 -0.0004
vn 0.9770 -0.2132 -0.0005
vn 0.7065 -0.7065 0.0428
vn 0.3724 -0.3724 0.8501
vn 0.1737 -0.1737 0.9693
vn 0.2726 -0.2726 0.9227
vn 0.9766 -0.2153 -0.0005
vn 0.8331 -0.5532 -0.0001
vn 0.8332 -0.5530 -0.0001
vn 0.9764 -0.2160 -0.0004
vn 0.8573 -0.4993 0.1258
vn 0.8330 -0.5533 -0.0001
vn 1.0000 0.0043 -0.0008
vn 0.9999 0.0104 -0.0005
vn 0.9675 0.0103 0.2525
vn 1.0000 0.0045 -0.0004
vn 0.9999 0.0111 -0.0001
vn 0.9765 -0.2157 -0.0005
vn 0.9487 -0.2039 0.2417
vn 1.0000 0.0043 -0.0007
vn 0.1746 -0.0108 0.9846
vn 0.2175 -0.1549 0.9637
vn 0.1657 0.0002 0.9862
vn 0.1648 0.0002 0.9863
vn 0.3799 -0.1751 0.9083
vn 0.3259 0.0014 0.9454
vn 0.3247 0.0008 0.9458
vn 0.3247 -0.0348 0.9452
vn 0.4158 -0.3275 0.8485
vn 0.7037 -0.7037 0.0981
vn 0.7071 -0.7071 0.0036
vn 0.6974 -0.6974 0.1652
vn 0.5423 -0.8350 0.0930
vn 0.5447 -0.8386 0.0035
vn 0.7351 -0.6666 0.1236
vn 0.8834 -0.1632 0.4393
vn 0.8713 0.0031 0.4908
vn 0.9672 0.0045 0.2540
vn 0.7231 -0.6907 0.0036
vn 0.9999 0.0103 -0.0006
vn 0.9999 0.0106 -0.0005
vn 0.9999 0.0109 -0.0002
vn 0.9999 0.0112 -0.0000
vn 0.9999 0.0114 0.0000
vn 0.9688 0.0103 0.2475
vn 0.9701 0.0103 0.2423
vn 0.9695 0.0103 0.2449
vn 0.1675 0.0002 0.9859
vn 0.1666 0.0002 0.9860
vn 0.1694 0.0002 0.9856
vn 0.1684 0.0002 0.9857
vn 0.3294 0.0014 0.9442
vn 0.3277 0.0014 0.9448
vn 0.3329 0.0014 0.9430
vn 0.3312 0.0014 0.9436
vn 0.9714 0.0104 0.2372
vn 0.9727 0.0104 0.2319
vn 0.9720 0.0104 0.2345
vn 0.1712 0.0002 0.9852
vn 0.1703 0.0002 0.9854
vn 0.1732 0.0003 0.9849
vn 0.1722 0.0002 0.9851
vn 0.3365 0.0014 0.9417
vn 0.3347 0.0014 0.9423
vn 0.3402 0.0014 0.9404
vn 0.3383 0.0014 0.9410
vn 0.9708 0.0104 0.2398
vn 0.8762 0.0063 0.4819
vn 0.9682 0.0103 0.2500
vn 0.8812 0.0063 0.4727
vn 0.8787 0.0063 0.4773
vn 0.8862 0.0063 0.4633
vn 0.8911 0.0064 0.4537
vn 0.8887 0.0064 0.4585
vn 0.8837 0.0063 0.4680
vn 0.2862 -0.4533 0.8442
vn 0.1477 -0.9815 0.1220
vn 0.8737 0.0062 0.4865
vn 1.0000 0.0043 -0.0009
vn 0.0743 0.2639 -0.9617
vn 0.0468 0.1051 -0.9934
vn 0.0101 0.1958 -0.9806
vn 0.1247 0.4256 -0.8963
vn 0.0871 0.2566 -0.9626
vn 0.0657 0.3289 -0.9421
vn 0.1835 0.4493 -0.8744
vn 0.1830 0.2952 -0.9377
vn 0.2350 0.9720 0.0000
vn 0.0690 0.9958 -0.0602
vn 0.0781 0.9969 0.0000
vn 0.3420 0.9397 0.0000
vn 0.3362 0.9236 -0.1843
vn 0.3209 0.9373 -0.1362
vn 0.3348 0.9423 0.0000
vn 0.3347 0.9423 0.0000
vn 0.2387 0.9702 -0.0423
vn 0.1265 0.1309 -0.9833
vn 0.1263 0.1263 -0.9839
vn 0.2725 0.2725 -0.9228
vn 0.2571 0.2571 -0.9316
vn 0.7071 0.7071 0.0000
vn 0.6960 0.6960 -0.1765
vn 0.7019 0.7019 -0.1209
vn 0.7019 0.7019 -0.1210
vn 0.3509 0.9364 0.0000
vn 0.4970 0.8572 -0.1348
vn 0.3510 0.9359 -0.0314
vn 0.6512 0.7589 0.0000
vn 0.4798 0.8774 0.0000
vn 0.6511 0.7589 0.0000
vn 0.2197 0.4493 -0.8660
vn 0.2552 0.3070 -0.9169
vn 0.3037 0.9475 -0.1002
vn 0.2609 0.2840 -0.9227
vn 0.6468 0.7532 -0.1199
vn 0.1606 0.9818 -0.1015
vn 0.0404 0.9901 -0.1342
vn 0.2647 0.9006 -0.3448
vn 0.6718 0.5850 -0.4545
vn 0.2358 0.8727 -0.4275
vn 0.6563 0.6563 -0.3724
vn 0.6288 0.6288 -0.4575
vn 0.6827 0.6177 -0.3903
vn 0.5466 0.7356 -0.4002
vn 0.6315 0.6900 -0.3538
vn 0.2923 0.9495 -0.1144
vn 0.1913 0.9633 -0.1882
vn 0.6511 0.7590 0.0000
vn 0.1746 0.0002 -0.9846
vn 0.1763 0.0002 -0.9843
vn 0.3447 0.0012 -0.9387
vn 0.3431 0.0012 -0.9393
vn 0.3480 0.0091 -0.9375
vn 0.3464 0.0013 -0.9381
vn 0.1755 0.0002 -0.9845
vn 0.9735 0.0089 -0.2285
vn 0.9740 0.0089 -0.2262
vn 0.9999 0.0100 -0.0009
vn 0.9984 0.0560 -0.0004
vn 0.9746 0.0091 -0.2238
vn 0.9741 0.0534 -0.2196
vn 0.9984 0.0565 -0.0000
vn 0.9984 0.0564 -0.0002
vn 0.9999 0.0102 -0.0008
vn 0.1933 0.0075 -0.9811
vn 0.1053 0.0468 -0.9933
vn 0.3271 0.1332 -0.9355
vn 0.2947 0.1836 -0.9378
vn 0.4090 0.1126 -0.9055
vn 0.3618 0.0286 -0.9318
vn 0.2424 0.0813 -0.9667
vn 0.4271 0.2037 -0.8810
vn 0.9196 0.3929 0.0000
vn 0.9351 0.3272 -0.1361
vn 0.9154 0.3680 -0.1633
vn 0.9397 0.3420 0.0000
vn 0.9522 0.3054 -0.0000
vn 0.9648 0.1739 -0.1972
vn 0.9553 0.2703 -0.1199
vn 0.9522 0.3055 0.0000
vn 0.9826 0.1858 -0.0000
vn 0.9385 0.3416 -0.0500
vn 0.9826 0.1856 -0.0001
vn 0.1792 0.0024 -0.9838
vn 0.8970 0.0055 -0.4421
vn 0.8990 0.0055 -0.4378
vn 0.9011 0.0056 -0.4335
vn 0.9072 0.0378 -0.4190
vn 0.8843 0.2660 -0.3838
vn 0.8733 0.2364 -0.4259
vn 0.9286 0.1253 -0.3492
vn 0.9563 0.1709 -0.2373
vn 0.9443 0.2922 -0.1517
vn 0.5824 0.6760 -0.4516
vn 0.9984 0.0566 0.0000
vn 0.9999 0.0111 -0.0002
vn 0.7417 0.6493 -0.1680
vn 0.8528 0.5223 0.0000
vn 0.7564 0.6541 0.0000
vn 0.6488 0.6082 -0.4573
vn 0.7721 0.5449 -0.3272
vn 0.2690 0.2561 -0.9285
vn 0.2123 0.0830 -0.9737
vn 0.3621 0.2144 -0.9072
vn 0.8477 0.5221 -0.0937
vn 0.0689 0.9958 0.0602
vn 0.0780 0.9969 0.0001
vn 0.3037 0.9475 0.1002
vn 0.3362 0.9236 0.1843
vn 0.3209 0.9373 0.1362
vn 0.2387 0.9702 0.0423
vn 0.0468 0.1051 0.9934
vn 0.0743 0.2639 0.9617
vn 0.1247 0.4256 0.8963
vn 0.0101 0.1957 0.9806
vn 0.0871 0.2566 0.9626
vn 0.0657 0.3289 0.9421
vn 0.1835 0.4493 0.8744
vn 0.1830 0.2952 0.9377
vn 0.7019 0.7019 0.1210
vn 0.6960 0.6960 0.1765
vn 0.1263 0.1263 0.9839
vn 0.1265 0.1309 0.9833
vn 0.2725 0.2725 0.9228
vn 0.2571 0.2571 0.9316
vn 0.3510 0.9359 0.0315
vn 0.6468 0.7532 0.1199
vn 0.4970 0.8572 0.1349
vn 0.2197 0.4492 0.8660
vn 0.2551 0.3070 0.9169
vn 0.2609 0.2839 0.9227
vn 0.1605 0.9818 0.1015
vn 0.0403 0.9901 0.1342
vn 0.2647 0.9006 0.3448
vn 0.2358 0.8727 0.4275
vn 0.6563 0.6563 0.3724
vn 0.6288 0.6288 0.4575
vn 0.2923 0.9495 0.1144
vn 0.6315 0.6900 0.3538
vn 0.5466 0.7356 0.4002
vn 0.1913 0.9633 0.1882
vn 0.9739 0.0104 0.2266
vn 0.9741 0.0543 0.2196
vn 0.9746 0.0104 0.2239
vn 0.1751 0.0003 0.9845
vn 0.1742 0.0003 0.9847
vn 0.1792 0.0024 0.9838
vn 0.1761 0.0003 0.9844
vn 0.3439 0.0015 0.9390
vn 0.3421 0.0014 0.9397
vn 0.3478 0.0092 0.9375
vn 0.3458 0.0015 0.9383
vn 0.9154 0.3680 0.1633
vn 0.9553 0.2703 0.1199
vn 0.9385 0.3416 0.0500
vn 0.9351 0.3272 0.1361
vn 0.2424 0.0813 0.9668
vn 0.1933 0.0075 0.9811
vn 0.3271 0.1332 0.9355
vn 0.1053 0.0468 0.9933
vn 0.2947 0.1836 0.9378
vn 0.4090 0.1126 0.9055
vn 0.3617 0.0286 0.9319
vn 0.4271 0.2037 0.8810
vn 0.9648 0.1742 0.1972
vn 0.8960 0.0064 0.4440
vn 0.9733 0.0104 0.2293
vn 0.9008 0.0065 0.4341
vn 0.8984 0.0064 0.4391
vn 0.8843 0.2660 0.3838
vn 0.9286 0.1255 0.3492
vn 0.9443 0.2922 0.1517
vn 0.5824 0.6760 0.4516
vn 0.9071 0.0384 0.4191
vn 0.8477 0.5221 0.0937
vn 0.7417 0.6493 0.1680
vn 0.7721 0.5449 0.3272
vn 0.6488 0.6082 0.4573
vn 0.2123 0.0830 0.9737
vn 0.2690 0.2561 0.9285
vn 0.3621 0.2144 0.9072
vn 0.0003 -0.9729 -0.2312
vn 0.0003 -0.9729 0.2311
vn 0.0820 0.4753 -0.8760
vn 0.0098 0.9899 -0.1413
vn 0.0820 0.4753 0.8760
vn 0.0096 0.9899 0.1412
vn -0.4356 -0.0140 -0.9000
vn 0.1738 0.0002 -0.9848
vn -0.3819 -0.0126 0.9241
vn -0.9299 -0.0540 0.3638
vn 0.8936 0.0064 0.4489
vn -0.8917 0.4526 -0.0074
vn 0.9774 -0.2114 -0.0005
vn -0.6683 -0.5894 -0.4538
vn -0.9678 -0.1025 0.2299
vn -0.9224 -0.1289 0.3640
vn -0.4907 -0.7653 0.4166
vn -0.6632 -0.5899 -0.4606
vn -0.0843 0.4332 -0.8974
vn -0.9960 -0.0454 0.0775
vn -0.9990 -0.0456 0.0000
vn -0.0761 0.4343 0.8976
vn 0.9063 -0.3336 0.2595
vn 0.6718 0.5850 0.4545
vn 0.6827 0.6177 0.3903
vn 0.8733 0.2364 0.4260
vn 0.9563 0.1709 0.2373
s 1
f 9//1 10//2 8//3
f 13//4 14//5 12//6
f 5//7 8//3 4//8
f 7//9 12//6 6//10
f 12//6 11//5 9//1
f 6//10 9//1 5//7
f 21//5 22//11 20//12
f 25//5 26//5 24//5
f 29//5 30//13 28//14
f 33//5 34//5 32//5
f 23//5 28//14 22//11
f 27//5 32//5 26//5
f 24//5 23//5 21//5
f 32//5 31//5 29//5
f 26//5 29//5 23//5
f 11//5 20//12 10//2
f 15//5 24//5 14//5
f 14//5 21//5 11//5
f 8//3 3//15 2//16
f 1//17 8//3 2//16
f 20//12 17//18 16//19
f 28//14 19//20 18//21
f 22//11 18//21 17//18
f 10//2 16//19 3//15
f 41//22 42//5 40//23
f 45//24 46//5 44//25
f 37//26 40//23 36//27
f 39//28 44//25 38//29
f 44//25 43//5 41//22
f 38//29 41//22 37//26
f 53//30 54//5 52//31
f 57//32 58//5 56//33
f 49//34 52//31 48//35
f 51//36 56//33 50//37
f 56//33 55//5 53//30
f 50//37 53//30 49//34
f 61//5 62//5 60//5
f 65//5 66//5 64//5
f 69//5 70//5 68//5
f 73//5 74//5 72//5
f 63//5 68//5 62//5
f 67//5 72//5 66//5
f 64//5 63//5 61//5
f 72//5 71//5 69//5
f 66//5 69//5 63//5
f 77//5 78//5 76//5
f 81//5 82//5 80//5
f 85//5 86//5 84//5
f 89//5 90//5 88//5
f 79//5 84//5 78//5
f 83//5 88//5 82//5
f 80//5 79//5 77//5
f 88//5 87//5 85//5
f 82//5 85//5 79//5
f 43//5 60//5 42//5
f 47//5 64//5 46//5
f 46//5 61//5 43//5
f 55//5 76//5 54//5
f 59//5 80//5 58//5
f 58//5 77//5 55//5
f 52//31 47//5 45//24
f 48//35 45//24 39//28
f 76//5 67//5 65//5
f 84//5 75//5 73//5
f 78//5 73//5 67//5
f 54//5 65//5 47//5
f 98//5 99//38 97//39
f 102//5 103//5 101//5
f 107//40 110//5 109//41
f 109//41 106//5 105//42
f 113//5 116//5 115//5
f 115//5 112//5 111//5
f 100//5 107//40 99//38
f 104//5 113//5 103//5
f 101//5 100//5 98//5
f 108//5 115//5 110//5
f 110//5 111//5 106//5
f 103//5 108//5 100//5
f 117//43 120//44 119//45
f 121//46 124//47 123//48
f 118//49 123//48 120//44
f 126//5 127//50 125//51
f 130//5 131//5 129//5
f 134//5 135//52 133//53
f 138//5 139//5 137//5
f 128//5 133//53 127//50
f 132//5 137//5 131//5
f 129//5 128//5 126//5
f 137//5 136//5 134//5
f 131//5 134//5 128//5
f 94//54 119//45 96//55
f 105//42 126//5 125//51
f 111//5 130//5 129//5
f 106//5 129//5 126//5
f 97//39 93//56 92//57
f 95//58 109//41 96//59
f 94//60 109//41 105//42
f 99//38 95//58 93//56
f 125//51 118//61 117//62
f 133//53 122//63 121//64
f 127//50 121//64 118//61
f 94//60 125//51 117//62
f 142//5 143//5 141//5
f 146//5 147//5 145//5
f 152//5 155//5 154//5
f 150//5 155//5 151//5
f 149//5 155//5 153//5
f 156//5 159//5 158//5
f 160//5 157//5 156//5
f 144//5 152//5 143//5
f 147//5 161//5 160//5
f 145//5 144//5 142//5
f 149//5 158//5 151//5
f 149//5 160//5 156//5
f 144//5 160//5 153//5
f 163//5 164//5 162//5
f 167//5 168//5 166//5
f 170//5 173//5 172//5
f 174//5 171//5 170//5
f 176//5 179//5 178//5
f 180//5 177//5 176//5
f 164//5 175//5 174//5
f 168//5 181//5 180//5
f 166//5 165//5 163//5
f 171//5 178//5 173//5
f 175//5 176//5 171//5
f 165//5 180//5 175//5
f 183//5 184//5 182//5
f 187//5 188//5 186//5
f 191//5 192//5 190//5
f 195//5 196//5 194//5
f 185//5 190//5 184//5
f 189//5 194//5 188//5
f 186//5 185//5 183//5
f 194//5 193//5 191//5
f 188//5 191//5 185//5
f 199//5 200//5 198//5
f 203//5 204//5 202//5
f 207//5 208//5 206//5
f 211//5 212//5 210//5
f 201//5 206//5 200//5
f 205//5 210//5 204//5
f 202//5 201//5 199//5
f 210//5 209//5 207//5
f 204//5 207//5 201//5
f 150//5 183//5 182//5
f 159//5 186//5 158//5
f 158//5 183//5 151//5
f 173//5 198//5 172//5
f 179//5 202//5 178//5
f 178//5 199//5 173//5
f 162//5 148//5 146//5
f 157//5 172//5 159//5
f 161//5 170//5 157//5
f 148//5 174//5 161//5
f 198//5 189//5 187//5
f 206//5 197//5 195//5
f 200//5 195//5 189//5
f 172//5 187//5 159//5
f 217//65 218//66 216//67
f 223//68 224//69 222//70
f 219//68 222//70 218//66
f 216//67 215//71 214//72
f 222//70 221//73 220//74
f 218//66 220//74 215//71
f 228//75 227//76 226//77
f 232//78 231//79 230//80
f 236//81 235//78 234//82
f 240//78 239//78 238//78
f 234//82 229//78 228//75
f 238//78 233//78 232//78
f 229//78 230//80 227//76
f 237//78 238//78 235//78
f 235//78 232//78 229//78
f 243//83 244//68 242//84
f 247//85 248//68 246//86
f 251//68 252//68 250//68
f 255//68 256//68 254//68
f 245//68 250//68 244//68
f 249//68 254//68 248//68
f 246//86 245//68 243//83
f 254//68 253//68 251//68
f 248//68 251//68 245//68
f 261//68 262//87 260//88
f 267//68 268//89 266//89
f 263//68 266//89 262//87
f 260//88 259//90 258//91
f 266//89 265//92 264//93
f 262//87 264//93 259//90
f 272//94 271//78 270//95
f 276//78 275//78 274//78
f 280//96 279//78 278//97
f 284//78 283//78 282//78
f 278//97 273//78 272//94
f 282//78 277//78 276//78
f 273//78 274//78 271//78
f 281//78 282//78 279//78
f 279//78 276//78 273//78
f 287//68 288//68 286//68
f 291//68 292//68 290//68
f 295//68 296//68 294//68
f 299//68 300//68 298//68
f 289//68 294//68 288//68
f 293//68 298//68 292//68
f 290//68 289//68 287//68
f 298//68 297//68 295//68
f 292//68 295//68 289//68
f 225//68 260//88 224//69
f 224//69 258//91 221//73
f 270//95 237//78 236//81
f 274//78 241//78 240//78
f 271//78 240//78 237//78
f 253//68 286//68 252//68
f 257//68 290//68 256//68
f 256//68 287//68 253//68
f 242//84 219//68 217//65
f 250//68 225//68 223//68
f 244//68 223//68 219//68
f 286//68 263//68 261//68
f 294//68 269//68 267//68
f 288//68 267//68 263//68
f 214//98 228//75 226//77
f 220//99 236//81 234//82
f 215//100 234//82 228//75
f 258//101 272//94 270//95
f 264//102 280//96 278//97
f 259//103 278//97 272//94
f 221//104 270//95 236//81
f 252//68 261//68 225//68
f 304//78 303//105 302//106
f 308//78 307//107 306//108
f 312//78 311//78 310//78
f 316//78 315//78 314//78
f 310//78 305//78 304//78
f 314//78 309//78 308//78
f 305//78 306//108 303//105
f 313//78 314//78 311//78
f 311//78 308//78 305//78
f 320//78 319//109 318//110
f 324//78 323//111 322//112
f 328//78 327//78 326//78
f 332//78 331//78 330//78
f 326//78 321//78 320//78
f 330//78 325//78 324//78
f 321//78 322//112 319//109
f 329//78 330//78 327//78
f 327//78 324//78 321//78
f 336//78 335//78 334//78
f 340//78 339//78 338//78
f 344//78 343//78 342//78
f 348//78 347//78 346//78
f 342//78 337//78 336//78
f 346//78 341//78 340//78
f 337//78 338//78 335//78
f 345//78 346//78 343//78
f 343//78 340//78 337//78
f 352//78 351//78 350//78
f 356//78 355//78 354//78
f 360//78 359//78 358//78
f 364//78 363//78 362//78
f 358//78 353//78 352//78
f 362//78 357//78 356//78
f 353//78 354//78 351//78
f 361//78 362//78 359//78
f 359//78 356//78 353//78
f 334//78 313//78 312//78
f 338//78 317//78 316//78
f 335//78 316//78 313//78
f 350//78 329//78 328//78
f 354//78 333//78 332//78
f 351//78 332//78 329//78
f 309//78 318//110 307//107
f 317//78 326//78 315//78
f 315//78 320//78 309//78
f 341//78 350//78 339//78
f 349//78 358//78 347//78
f 347//78 352//78 341//78
f 339//78 328//78 317//78
f 367//113 368//68 366//114
f 371//115 372//68 370//116
f 375//68 376//68 374//68
f 379//68 380//68 378//68
f 369//68 374//68 368//68
f 373//68 378//68 372//68
f 370//116 369//68 367//113
f 378//68 377//68 375//68
f 372//68 375//68 369//68
f 383//68 384//68 382//68
f 387//68 388//68 386//68
f 391//68 392//68 390//68
f 395//68 396//68 394//68
f 385//68 390//68 384//68
f 389//68 394//68 388//68
f 386//68 385//68 383//68
f 394//68 393//68 391//68
f 388//68 391//68 385//68
f 399//68 400//68 398//68
f 403//68 404//68 402//68
f 407//68 408//68 406//68
f 411//68 412//68 410//68
f 401//68 406//68 400//68
f 405//68 410//68 404//68
f 402//68 401//68 399//68
f 410//68 409//68 407//68
f 404//68 407//68 401//68
f 415//68 416//68 414//68
f 419//68 420//68 418//68
f 423//68 424//68 422//68
f 427//68 428//68 426//68
f 417//68 422//68 416//68
f 421//68 426//68 420//68
f 418//68 417//68 415//68
f 426//68 425//68 423//68
f 420//68 423//68 417//68
f 377//68 398//68 376//68
f 381//68 402//68 380//68
f 380//68 399//68 377//68
f 393//68 414//68 392//68
f 397//68 418//68 396//68
f 396//68 415//68 393//68
f 382//68 373//68 371//115
f 390//68 381//68 379//68
f 384//68 379//68 373//68
f 414//68 405//68 403//68
f 422//68 413//68 411//68
f 416//68 411//68 405//68
f 392//68 403//68 381//68
f 2//117 217//65 216//67
f 2//117 214//72 1//118
f 4//119 227//76 5//120
f 6//121 231//79 7//122
f 5//120 230//80 6//121
f 16//123 243//83 242//84
f 18//124 247//85 246//86
f 17//125 246//86 243//83
f 1//126 226//77 4//119
f 3//127 242//84 217//65
f 36//128 303//105 37//129
f 38//130 307//107 39//131
f 37//129 306//108 38//130
f 48//132 319//109 49//133
f 50//134 323//111 51//135
f 49//133 322//112 50//134
f 39//131 318//110 48//132
f 92//136 367//113 366//114
f 95//137 371//115 370//116
f 93//138 370//116 367//113
f 120//44 382//68 119//45
f 124//47 386//68 123//48
f 123//48 383//68 120//44
f 119//45 371//115 96//55
f 31//5 97//39 30//13
f 35//5 101//5 34//5
f 34//5 98//5 31//5
f 30//13 92//57 19//20
f 366//114 249//68 247//85
f 374//68 257//68 255//68
f 368//68 255//68 249//68
f 398//68 293//68 291//68
f 406//68 301//68 299//68
f 400//68 299//68 293//68
f 376//68 291//68 257//68
f 71//5 141//5 70//5
f 75//5 145//5 74//5
f 74//5 142//5 71//5
f 87//5 162//5 86//5
f 91//5 166//5 90//5
f 90//5 163//5 87//5
f 86//5 146//5 75//5
f 40//23 15//5 13//4
f 36//27 13//4 7//9
f 60//5 27//5 25//5
f 68//5 35//5 33//5
f 62//5 33//5 27//5
f 42//5 25//5 15//5
f 141//5 104//5 102//5
f 114//5 154//5 116//5
f 116//5 150//5 112//5
f 143//5 114//5 104//5
f 182//5 132//5 130//5
f 190//5 140//5 138//5
f 184//5 138//5 132//5
f 112//5 182//5 130//5
f 233//78 302//106 231//79
f 241//78 310//78 239//78
f 239//78 304//78 233//78
f 277//78 334//78 275//78
f 285//78 342//78 283//78
f 283//78 336//78 277//78
f 275//78 312//78 241//78
f 70//5 102//5 35//5
f 7//122 302//106 36//128
f 19//139 366//114 247//85
f 435//140 436//5 434//141
f 439//142 440//5 438//143
f 431//144 434//141 430//145
f 433//146 438//143 432//147
f 438//143 437//5 435//140
f 432//147 435//140 431//144
f 447//148 448//5 446//149
f 451//150 452//5 450//151
f 443//152 446//149 442//153
f 445//154 450//151 444//155
f 450//151 449//5 447//148
f 444//155 447//148 443//152
f 455//5 456//5 454//5
f 459//5 460//5 458//5
f 463//5 464//5 462//5
f 467//5 468//5 466//5
f 457//5 462//5 456//5
f 461//5 466//5 460//5
f 458//5 457//5 455//5
f 466//5 465//5 463//5
f 460//5 463//5 457//5
f 471//5 472//5 470//5
f 475//5 476//5 474//5
f 479//5 480//5 478//5
f 483//5 484//5 482//5
f 473//5 478//5 472//5
f 477//5 482//5 476//5
f 474//5 473//5 471//5
f 482//5 481//5 479//5
f 476//5 479//5 473//5
f 437//5 454//5 436//5
f 441//5 458//5 440//5
f 440//5 455//5 437//5
f 449//5 470//5 448//5
f 453//5 474//5 452//5
f 452//5 471//5 449//5
f 446//149 441//5 439//142
f 442//153 439//142 433//146
f 470//5 461//5 459//5
f 478//5 469//5 467//5
f 472//5 467//5 461//5
f 448//5 459//5 441//5
f 491//156 492//5 490//157
f 495//158 496//5 494//159
f 487//160 490//157 486//161
f 489//162 494//159 488//163
f 494//159 493//5 491//156
f 488//163 491//156 487//160
f 502//5 503//5 501//5
f 506//164 507//5 505//5
f 510//5 511//5 509//5
f 514//165 515//5 513//5
f 504//5 509//5 503//5
f 508//166 513//5 507//5
f 505//5 504//5 502//5
f 513//5 512//5 510//5
f 507//5 510//5 504//5
f 493//5 501//5 492//5
f 497//167 505//5 496//5
f 496//5 502//5 493//5
f 495//158 500//168 497//167
f 498//169 495//158 489//162
f 506//164 518//170 508//166
f 514//165 520//171 516//172
f 508//166 519//173 514//165
f 497//167 517//174 506//164
f 522//5 523//5 521//5
f 527//5 530//5 529//5
f 525//5 530//5 526//5
f 531//5 534//5 533//5
f 535//5 532//5 531//5
f 538//5 539//5 537//5
f 523//5 536//5 535//5
f 525//5 538//5 537//5
f 525//5 541//5 529//5
f 527//5 524//5 522//5
f 532//5 539//5 534//5
f 532//5 541//5 537//5
f 524//5 541//5 536//5
f 544//5 547//5 546//5
f 546//5 543//5 542//5
f 550//5 553//5 552//5
f 552//5 549//5 548//5
f 555//5 556//5 554//5
f 559//5 560//5 558//5
f 542//5 555//5 554//5
f 548//5 559//5 558//5
f 545//5 552//5 547//5
f 547//5 548//5 543//5
f 558//5 557//5 555//5
f 543//5 558//5 555//5
f 563//5 564//5 562//5
f 567//5 568//5 566//5
f 571//5 572//5 570//5
f 575//5 576//5 574//5
f 565//5 570//5 564//5
f 569//5 574//5 568//5
f 566//5 565//5 563//5
f 574//5 573//5 571//5
f 568//5 571//5 565//5
f 579//5 580//5 578//5
f 583//5 584//5 582//5
f 587//5 588//5 586//5
f 591//5 592//5 590//5
f 581//5 586//5 580//5
f 585//5 590//5 584//5
f 582//5 581//5 579//5
f 590//5 589//5 587//5
f 584//5 587//5 581//5
f 534//5 562//5 533//5
f 540//5 566//5 539//5
f 539//5 563//5 534//5
f 557//5 578//5 556//5
f 561//5 582//5 560//5
f 560//5 579//5 557//5
f 528//5 546//5 530//5
f 530//5 542//5 526//5
f 554//5 540//5 538//5
f 526//5 554//5 538//5
f 578//5 569//5 567//5
f 586//5 577//5 575//5
f 580//5 575//5 569//5
f 556//5 567//5 540//5
f 596//5 599//5 598//5
f 598//5 595//5 594//5
f 602//5 605//175 604//5
f 604//5 601//176 600//5
f 607//5 608//5 606//5
f 611//177 612//5 610//5
f 594//5 607//5 606//5
f 600//5 611//177 610//5
f 597//5 604//5 599//5
f 599//5 600//5 595//5
f 610//5 609//5 607//5
f 595//5 610//5 607//5
f 620//178 617//179 619//180
f 619//180 614//181 616//182
f 622//5 623//5 621//5
f 626//183 627//5 625//5
f 630//5 631//5 629//5
f 634//184 635//5 633//5
f 624//5 629//5 623//5
f 628//185 633//5 627//5
f 625//5 624//5 622//5
f 633//5 632//5 630//5
f 627//5 630//5 624//5
f 640//186 637//187 639//188
f 644//189 641//190 643//191
f 643//191 638//192 640//186
f 609//5 621//5 608//5
f 613//193 625//5 612//5
f 612//5 622//5 609//5
f 639//188 618//194 620//178
f 615//195 605//175 603//196
f 605//175 614//197 601//176
f 611//177 618//198 613//193
f 601//176 617//199 611//177
f 626//183 638//200 628//185
f 634//184 642//201 636//202
f 628//185 641//203 634//184
f 613//193 637//204 626//183
f 647//78 646//205 645//206
f 651//78 650//207 649//208
f 655//78 654//78 653//78
f 659//78 658//78 657//78
f 653//78 648//78 647//78
f 657//78 652//78 651//78
f 648//78 649//208 646//205
f 656//78 657//78 654//78
f 654//78 651//78 648//78
f 663//78 662//209 661//210
f 667//78 666//211 665//212
f 671//78 670//78 669//78
f 675//78 674//78 673//78
f 669//78 664//78 663//78
f 673//78 668//78 667//78
f 664//78 665//212 662//209
f 672//78 673//78 670//78
f 670//78 667//78 664//78
f 679//78 678//78 677//78
f 683//78 682//78 681//78
f 687//78 686//78 685//78
f 691//78 690//78 689//78
f 685//78 680//78 679//78
f 689//78 684//78 683//78
f 680//78 681//78 678//78
f 688//78 689//78 686//78
f 686//78 683//78 680//78
f 695//78 694//78 693//78
f 699//78 698//78 697//78
f 703//78 702//78 701//78
f 707//78 706//78 705//78
f 701//78 696//78 695//78
f 705//78 700//78 699//78
f 696//78 697//78 694//78
f 704//78 705//78 702//78
f 702//78 699//78 696//78
f 677//78 656//78 655//78
f 681//78 660//78 659//78
f 678//78 659//78 656//78
f 693//78 672//78 671//78
f 697//78 676//78 675//78
f 694//78 675//78 672//78
f 652//78 661//210 650//207
f 660//78 669//78 658//78
f 658//78 663//78 652//78
f 684//78 693//78 682//78
f 692//78 701//78 690//78
f 690//78 695//78 684//78
f 682//78 671//78 660//78
f 711//78 710//213 709//214
f 715//78 714//215 713//216
f 719//78 718//78 717//78
f 723//78 722//217 721//78
f 717//78 712//78 711//78
f 721//78 716//218 715//78
f 712//78 713//216 710//213
f 720//78 721//78 718//78
f 718//78 715//78 712//78
f 730//219 727//220 729//221
f 736//219 733//222 735//223
f 734//219 729//221 733//222
f 726//224 727//220 725//225
f 732//226 733//222 731//227
f 731//227 729//221 726//224
f 740//219 737//228 739//219
f 744//219 741//229 743//219
f 748//219 745//219 747//219
f 752//219 749//219 751//219
f 746//219 739//219 745//219
f 750//219 743//219 749//219
f 743//219 738//230 740//219
f 751//219 746//219 748//219
f 749//219 740//219 746//219
f 755//78 754//78 753//78
f 759//78 758//231 757//78
f 763//78 762//78 761//78
f 767//78 766//232 765//78
f 761//78 756//78 755//78
f 765//78 760//233 759//78
f 756//78 757//78 754//78
f 764//78 765//78 762//78
f 762//78 759//78 756//78
f 774//219 771//234 773//235
f 780//219 777//236 779//236
f 778//219 773//235 777//236
f 770//237 771//234 769//238
f 776//239 777//236 775//240
f 775//240 773//235 770//237
f 784//219 781//219 783//219
f 788//219 785//219 787//219
f 792//219 789//219 791//219
f 796//219 793//219 795//219
f 790//219 783//219 789//219
f 794//219 787//219 793//219
f 787//219 782//219 784//219
f 795//219 790//219 792//219
f 793//219 784//219 790//219
f 753//78 720//78 719//78
f 757//78 724//241 723//78
f 754//78 723//78 720//78
f 772//219 735//223 771//234
f 769//238 735//223 732//226
f 782//219 747//219 781//219
f 786//219 751//219 785//219
f 785//219 748//219 782//219
f 739//219 728//242 730//219
f 747//219 734//219 736//219
f 745//219 730//219 734//219
f 783//219 772//219 774//219
f 791//219 778//219 780//219
f 789//219 774//219 778//219
f 716//218 725//243 714//215
f 724//241 731//244 722//217
f 722//217 726//245 716//218
f 760//233 769//246 758//231
f 768//247 775//248 766//232
f 766//232 770//249 760//233
f 758//231 732//250 724//241
f 781//219 736//219 772//219
f 800//219 797//251 799//219
f 804//219 801//219 803//219
f 808//219 805//219 807//219
f 812//219 809//219 811//219
f 806//219 799//219 805//219
f 810//219 803//219 809//219
f 803//219 798//252 800//219
f 811//219 806//219 808//219
f 809//219 800//219 806//219
f 816//219 813//219 815//219
f 820//219 817//219 819//219
f 824//219 821//219 823//219
f 828//219 825//219 827//219
f 822//219 815//219 821//219
f 826//219 819//219 825//219
f 819//219 814//219 816//219
f 827//219 822//219 824//219
f 825//219 816//219 822//219
f 832//219 829//219 831//219
f 836//219 833//219 835//219
f 840//219 837//219 839//219
f 844//219 841//219 843//219
f 838//219 831//219 837//219
f 842//219 835//219 841//219
f 835//219 830//219 832//219
f 843//219 838//219 840//219
f 841//219 832//219 838//219
f 848//219 845//219 847//219
f 852//219 849//219 851//219
f 856//219 853//219 855//219
f 860//219 857//219 859//219
f 854//219 847//219 853//219
f 858//219 851//219 857//219
f 851//219 846//219 848//219
f 859//219 854//219 856//219
f 857//219 848//219 854//219
f 830//219 807//219 829//219
f 834//219 811//219 833//219
f 833//219 808//219 830//219
f 846//219 823//219 845//219
f 850//219 827//219 849//219
f 849//219 824//219 846//219
f 815//219 802//219 804//219
f 823//219 810//219 812//219
f 821//219 804//219 810//219
f 847//219 834//219 836//219
f 855//219 842//219 844//219
f 853//219 836//219 842//219
f 845//219 812//219 834//219
f 430//253 646//205 431//254
f 432//255 650//207 433//256
f 431//254 649//208 432//255
f 442//257 662//209 443//258
f 444//259 666//211 445//260
f 443//258 665//212 444//259
f 433//256 661//210 442//257
f 486//261 710//213 487//262
f 488//263 714//215 489//264
f 487//262 713//216 488//263
f 728//242 499//265 727//220
f 727//220 498//266 725//225
f 738//230 517//267 737//228
f 742//268 519//269 741//229
f 741//229 518//270 738//230
f 714//215 498//271 489//264
f 737//228 500//272 728//242
f 798//252 615//273 797//251
f 802//219 619//180 801//219
f 798//252 619//180 616//182
f 814//219 639//188 813//219
f 818//219 643//191 817//219
f 817//219 640//186 814//219
f 813//219 620//178 802//219
f 465//5 521//5 464//5
f 469//5 527//5 468//5
f 468//5 522//5 465//5
f 481//5 544//5 480//5
f 485//5 550//5 484//5
f 484//5 545//5 481//5
f 480//5 528//5 469//5
f 512//5 596//5 511//5
f 516//172 602//5 515//5
f 515//5 597//5 512//5
f 520//171 603//196 516//172
f 799//219 742//268 744//219
f 807//219 750//219 752//219
f 805//219 744//219 750//219
f 831//219 786//219 788//219
f 839//219 794//219 796//219
f 837//219 788//219 794//219
f 829//219 752//219 786//219
f 490//157 453//5 451//150
f 486//161 451//150 445//154
f 501//5 477//5 475//5
f 509//5 485//5 483//5
f 503//5 483//5 477//5
f 492//5 475//5 453//5
f 551//5 598//5 553//5
f 553//5 594//5 549//5
f 606//5 561//5 559//5
f 549//5 606//5 559//5
f 621//5 585//5 583//5
f 629//5 593//5 591//5
f 623//5 591//5 585//5
f 608//5 583//5 561//5
f 668//78 709//214 666//211
f 676//78 717//78 674//78
f 674//78 711//78 668//78
f 700//78 753//78 698//78
f 708//78 761//78 706//78
f 706//78 755//78 700//78
f 698//78 719//78 676//78
f 511//5 551//5 485//5
f 445//260 709//214 486//261
f 797//251 520//274 742//268
f 861//275 864//276 863//277
f 865//278 868//279 867//280
f 862//281 867//280 864//276
f 870//5 871//282 869//283
f 874//5 875//5 873//5
f 878//5 879//284 877//285
f 882//5 883//5 881//5
f 872//5 877//285 871//282
f 876//5 881//5 875//5
f 873//5 872//5 870//5
f 881//5 880//5 878//5
f 875//5 878//5 872//5
f 887//286 890//287 889//288
f 892//289 893//290 891//291
f 885//292 892//289 891//291
f 888//293 893//290 890//287
f 895//294 898//5 897//295
f 899//5 902//5 901//5
f 904//5 905//296 903//297
f 908//5 909//5 907//5
f 911//298 896//5 895//294
f 913//5 900//5 899//5
f 905//296 912//5 911//298
f 909//5 914//5 913//5
f 896//5 901//5 898//5
f 907//5 906//5 904//5
f 906//5 913//5 912//5
f 912//5 899//5 896//5
f 866//299 889//288 868//279
f 880//5 903//297 879//284
f 884//5 907//5 883//5
f 883//5 904//5 880//5
f 869//283 862//300 861//301
f 877//285 866//302 865//303
f 871//282 865//303 862//300
f 885//304 897//295 886//305
f 903//297 888//306 887//307
f 888//306 911//298 891//308
f 885//304 911//298 895//294
f 879//284 887//307 866//302
f 916//5 917//5 915//5
f 920//5 921//5 919//5
f 924//5 925//5 923//5
f 928//5 929//5 927//5
f 918//5 923//5 917//5
f 922//5 927//5 921//5
f 919//5 918//5 916//5
f 927//5 926//5 924//5
f 921//5 924//5 918//5
f 932//5 933//5 931//5
f 936//5 937//5 935//5
f 940//5 941//5 939//5
f 944//5 945//5 943//5
f 934//5 939//5 933//5
f 938//5 943//5 937//5
f 935//5 934//5 932//5
f 943//5 942//5 940//5
f 937//5 940//5 934//5
f 951//5 954//5 953//5
f 956//5 957//5 955//5
f 959//5 962//5 961//5
f 963//5 966//5 965//5
f 947//5 962//5 948//5
f 965//5 950//5 949//5
f 947//5 952//5 951//5
f 949//5 956//5 955//5
f 955//5 954//5 952//5
f 960//5 965//5 962//5
f 948//5 955//5 952//5
f 962//5 949//5 948//5
f 947//5 967//5 961//5
f 973//5 974//5 972//5
f 977//5 978//5 976//5
f 980//5 983//5 982//5
f 984//5 987//5 986//5
f 982//5 969//5 968//5
f 986//5 971//5 970//5
f 968//5 973//5 972//5
f 970//5 977//5 976//5
f 976//5 975//5 973//5
f 981//5 986//5 983//5
f 969//5 976//5 973//5
f 983//5 970//5 969//5
f 926//5 959//5 925//5
f 930//5 963//5 929//5
f 929//5 960//5 926//5
f 942//5 980//5 941//5
f 946//5 984//5 945//5
f 945//5 981//5 942//5
f 931//5 922//5 920//5
f 939//5 930//5 928//5
f 933//5 928//5 922//5
f 972//5 958//5 956//5
f 964//5 982//5 966//5
f 950//5 972//5 956//5
f 966//5 968//5 950//5
f 941//5 964//5 930//5
f 993//309 994//68 992//310
f 997//311 998//68 996//312
f 988//313 993//309 992//310
f 990//314 997//311 996//312
f 996//312 995//68 993//309
f 989//315 996//312 993//309
f 1001//5 1002//316 1000//317
f 1005//5 1006//5 1004//5
f 1009//5 1010//318 1008//319
f 1013//5 1014//5 1012//5
f 1003//5 1008//319 1002//316
f 1007//5 1012//5 1006//5
f 1004//5 1003//5 1001//5
f 1012//5 1011//5 1009//5
f 1006//5 1009//5 1003//5
f 1020//320 1021//68 1019//321
f 1016//322 1020//320 1019//321
f 1020//320 1024//323 1022//324
f 1018//325 1020//320 1017//326
f 1026//5 1027//327 1025//328
f 1030//5 1031//329 1029//5
f 1040//330 1037//331 1038//332
f 1044//333 1041//334 1042//335
f 1038//332 1033//336 1034//337
f 1042//335 1035//338 1036//339
f 1027//327 1034//340 1033//341
f 1031//329 1036//342 1035//343
f 1029//5 1028//344 1026//5
f 1043//330 1038//332 1041//334
f 1028//344 1035//343 1034//340
f 1041//334 1034//337 1035//338
f 1019//321 999//68 997//311
f 991//345 1019//321 997//311
f 1011//5 1025//328 1010//318
f 1015//5 1029//5 1014//5
f 1014//5 1026//5 1011//5
f 1000//317 989//346 988//347
f 1008//319 991//348 990//349
f 1002//316 990//349 989//346
f 1025//328 1017//350 1016//351
f 1039//352 1023//353 1037//331
f 1027//327 1018//354 1017//350
f 1037//331 1018//355 1033//336
f 1010//318 1016//351 991//348
f 1046//5 1047//5 1045//5
f 1050//5 1051//5 1049//5
f 1054//5 1055//5 1053//5
f 1058//5 1059//5 1057//5
f 1048//5 1053//5 1047//5
f 1052//5 1057//5 1051//5
f 1049//5 1048//5 1046//5
f 1057//5 1056//5 1054//5
f 1051//5 1054//5 1048//5
f 1062//5 1063//5 1061//5
f 1066//5 1067//5 1065//5
f 1070//5 1071//5 1069//5
f 1074//5 1075//5 1073//5
f 1064//5 1069//5 1063//5
f 1068//5 1073//5 1067//5
f 1065//5 1064//5 1062//5
f 1073//5 1072//5 1070//5
f 1067//5 1070//5 1064//5
f 1078//5 1079//356 1077//5
f 1082//5 1083//5 1081//5
f 1090//357 1091//358 1089//359
f 1094//360 1095//361 1093//362
f 1090//357 1085//363 1086//364
f 1094//360 1087//365 1088//366
f 1079//356 1086//367 1085//368
f 1083//369 1088//370 1087//371
f 1081//5 1080//5 1078//5
f 1095//361 1090//357 1093//362
f 1080//372 1087//371 1086//367
f 1093//362 1086//364 1087//365
f 1098//5 1099//5 1097//5
f 1102//5 1103//5 1101//5
f 1110//373 1111//361 1109//374
f 1116//361 1113//375 1114//376
f 1110//373 1105//377 1106//378
f 1114//376 1107//379 1108//380
f 1099//381 1106//382 1105//383
f 1103//384 1108//385 1107//386
f 1101//5 1100//5 1098//5
f 1115//361 1110//373 1113//375
f 1100//387 1107//386 1106//382
f 1113//375 1106//378 1107//379
f 1056//5 1077//5 1055//5
f 1060//5 1081//5 1059//5
f 1059//5 1078//5 1056//5
f 1072//5 1097//5 1071//5
f 1076//5 1101//5 1075//5
f 1075//5 1098//5 1072//5
f 1061//5 1052//5 1050//5
f 1069//5 1060//5 1058//5
f 1063//5 1058//5 1052//5
f 1097//5 1084//5 1082//5
f 1109//374 1096//361 1094//360
f 1084//388 1105//383 1088//370
f 1109//374 1088//366 1105//377
f 1071//5 1082//5 1060//5
f 1118//68 1119//68 1117//68
f 1122//68 1123//68 1121//68
f 1126//68 1127//68 1125//68
f 1130//68 1131//68 1129//68
f 1120//68 1125//68 1119//68
f 1124//68 1129//68 1123//68
f 1121//68 1120//68 1118//68
f 1129//68 1128//68 1126//68
f 1123//68 1126//68 1120//68
f 1134//68 1135//68 1133//68
f 1138//68 1139//68 1137//68
f 1142//68 1143//68 1141//68
f 1146//68 1147//68 1145//68
f 1136//68 1141//68 1135//68
f 1140//68 1145//68 1139//68
f 1137//68 1136//68 1134//68
f 1145//68 1144//68 1142//68
f 1139//68 1142//68 1136//68
f 1150//68 1151//68 1149//68
f 1154//68 1155//68 1153//68
f 1158//68 1159//68 1157//68
f 1162//68 1163//68 1161//68
f 1152//68 1157//68 1151//68
f 1156//68 1161//68 1155//68
f 1153//68 1152//68 1150//68
f 1161//68 1160//68 1158//68
f 1155//68 1158//68 1152//68
f 1166//68 1167//68 1165//68
f 1170//68 1171//68 1169//68
f 1174//68 1175//68 1173//68
f 1178//68 1179//68 1177//68
f 1168//68 1173//68 1167//68
f 1172//68 1177//68 1171//68
f 1169//68 1168//68 1166//68
f 1177//68 1176//68 1174//68
f 1171//68 1174//68 1168//68
f 1128//68 1149//68 1127//68
f 1132//68 1153//68 1131//68
f 1131//68 1150//68 1128//68
f 1144//68 1165//68 1143//68
f 1148//68 1169//68 1147//68
f 1147//68 1166//68 1144//68
f 1133//68 1124//68 1122//68
f 1141//68 1132//68 1130//68
f 1135//68 1130//68 1124//68
f 1165//68 1156//68 1154//68
f 1173//68 1164//68 1162//68
f 1167//68 1162//68 1156//68
f 1143//68 1154//68 1132//68
f 1182//68 1183//68 1181//68
f 1186//68 1187//68 1185//68
f 1190//68 1191//68 1189//68
f 1194//68 1195//68 1193//68
f 1184//68 1189//68 1183//68
f 1188//68 1193//68 1187//68
f 1185//68 1184//68 1182//68
f 1193//68 1192//68 1190//68
f 1187//68 1190//68 1184//68
f 1198//389 1199//68 1197//68
f 1204//390 1205//68 1203//68
f 1200//391 1203//68 1199//68
f 1198//389 1202//392 1200//391
f 1204//390 1208//393 1206//394
f 1200//391 1207//395 1204//390
f 1212//330 1209//396 1210//330
f 1216//330 1213//330 1214//330
f 1220//330 1217//397 1218//330
f 1224//330 1221//330 1222//330
f 1218//330 1211//398 1212//330
f 1222//330 1215//330 1216//330
f 1215//330 1210//330 1213//330
f 1223//330 1218//330 1221//330
f 1221//330 1212//330 1215//330
f 1226//68 1227//68 1225//68
f 1230//68 1231//68 1229//68
f 1234//68 1235//68 1233//68
f 1238//68 1239//68 1237//68
f 1228//68 1233//68 1227//68
f 1232//68 1237//68 1231//68
f 1229//68 1228//68 1226//68
f 1237//68 1236//68 1234//68
f 1231//68 1234//68 1228//68
f 1242//399 1243//68 1241//68
f 1248//400 1249//68 1247//68
f 1244//401 1247//68 1243//68
f 1242//399 1246//402 1244//401
f 1248//400 1252//403 1250//404
f 1244//401 1251//405 1248//400
f 1256//330 1253//406 1254//330
f 1260//330 1257//330 1258//330
f 1264//330 1261//407 1262//330
f 1268//330 1265//330 1266//330
f 1262//330 1255//408 1256//330
f 1266//330 1259//330 1260//330
f 1259//330 1254//330 1257//330
f 1267//330 1262//330 1265//330
f 1265//330 1256//330 1259//330
f 1192//68 1225//68 1191//68
f 1196//68 1229//68 1195//68
f 1195//68 1226//68 1192//68
f 1206//394 1241//68 1205//68
f 1206//394 1245//409 1242//399
f 1254//330 1219//410 1220//330
f 1258//330 1223//330 1224//330
f 1257//330 1220//330 1223//330
f 1197//68 1188//68 1186//68
f 1203//68 1196//68 1194//68
f 1199//68 1194//68 1188//68
f 1241//68 1232//68 1230//68
f 1247//68 1240//68 1238//68
f 1243//68 1238//68 1232//68
f 1211//398 1201//411 1209//396
f 1219//410 1207//412 1217//397
f 1217//397 1202//413 1211//398
f 1255//408 1245//414 1253//406
f 1263//415 1251//416 1261//407
f 1261//407 1246//417 1255//408
f 1253//406 1208//418 1219//410
f 1205//68 1230//68 1196//68
f 1272//330 1269//330 1270//333
f 1276//419 1273//358 1274//358
f 1280//330 1277//330 1278//330
f 1284//330 1281//330 1282//330
f 1278//330 1271//330 1272//330
f 1282//330 1275//330 1276//419
f 1275//330 1270//333 1273//358
f 1283//330 1278//330 1281//330
f 1281//330 1272//330 1275//330
f 1288//358 1285//361 1286//361
f 1292//361 1289//361 1290//361
f 1296//330 1293//330 1294//419
f 1300//330 1297//333 1298//358
f 1294//419 1287//333 1288//358
f 1298//358 1291//361 1292//361
f 1289//361 1288//358 1286//361
f 1299//330 1294//419 1297//333
f 1297//333 1288//358 1291//361
f 1304//330 1301//330 1302//330
f 1308//330 1305//330 1306//330
f 1312//330 1309//330 1310//330
f 1316//330 1313//330 1314//330
f 1310//330 1303//330 1304//330
f 1314//330 1307//330 1308//330
f 1307//330 1302//330 1305//330
f 1315//330 1310//330 1313//330
f 1313//330 1304//330 1307//330
f 1320//330 1317//330 1318//330
f 1324//330 1321//330 1322//330
f 1328//330 1325//330 1326//330
f 1332//330 1329//330 1330//330
f 1326//330 1319//330 1320//330
f 1330//330 1323//330 1324//330
f 1323//330 1318//330 1321//330
f 1331//330 1326//330 1329//330
f 1329//330 1320//330 1323//330
f 1302//330 1279//330 1280//330
f 1306//330 1283//330 1284//330
f 1305//330 1280//330 1283//330
f 1318//330 1295//330 1296//330
f 1322//330 1299//330 1300//330
f 1321//330 1296//330 1299//330
f 1287//333 1274//358 1285//361
f 1295//330 1282//330 1293//330
f 1293//330 1276//419 1287//333
f 1319//330 1306//330 1317//330
f 1327//330 1314//330 1325//330
f 1325//330 1308//330 1319//330
f 1317//330 1284//330 1295//330
f 864//276 1117//68 863//277
f 868//279 1121//68 867//280
f 867//280 1118//68 864//276
f 890//287 1133//68 889//288
f 894//68 1137//68 893//290
f 893//290 1134//68 890//287
f 889//288 1122//68 868//279
f 995//68 1181//68 994//68
f 999//68 1185//68 998//68
f 998//68 1182//68 995//68
f 1022//324 1197//68 1021//68
f 1022//324 1201//420 1198//389
f 1210//330 1039//352 1040//330
f 1044//333 1213//330 1043//330
f 1213//330 1040//330 1043//330
f 1209//396 1024//421 1039//352
f 1021//68 1186//68 999//68
f 1270//333 1091//358 1092//358
f 1096//361 1273//358 1095//361
f 1273//358 1092//358 1095//361
f 1286//361 1111//361 1112//361
f 1116//361 1289//361 1115//361
f 1115//361 1286//361 1112//361
f 1285//361 1096//361 1111//361
f 992//310 894//68 892//289
f 886//422 992//310 892//289
f 898//5 1000//317 897//295
f 902//5 1004//5 901//5
f 901//5 1001//5 898//5
f 897//295 988//347 886//305
f 1181//68 1140//68 1138//68
f 1189//68 1148//68 1146//68
f 1183//68 1146//68 1140//68
f 1225//68 1172//68 1170//68
f 1233//68 1180//68 1178//68
f 1227//68 1178//68 1172//68
f 1191//68 1170//68 1148//68
f 954//5 1045//5 953//5
f 958//5 1049//5 957//5
f 957//5 1046//5 954//5
f 975//5 1061//5 974//5
f 979//5 1065//5 978//5
f 978//5 1062//5 975//5
f 974//5 1050//5 958//5
f 915//5 876//5 874//5
f 923//5 884//5 882//5
f 917//5 882//5 876//5
f 900//5 953//5 902//5
f 959//5 910//5 908//5
f 910//5 967//5 914//5
f 900//5 967//5 951//5
f 925//5 908//5 884//5
f 1045//5 1007//5 1005//5
f 1053//5 1015//5 1013//5
f 1047//5 1013//5 1007//5
f 1077//5 1032//423 1030//5
f 1091//358 1042//335 1089//359
f 1032//423 1085//368 1036//342
f 1089//359 1036//339 1085//363
f 1055//5 1030//5 1015//5
f 1271//330 1214//330 1269//330
f 1279//330 1222//330 1277//330
f 1277//330 1216//330 1271//330
f 1303//330 1258//330 1301//330
f 1311//330 1266//330 1309//330
f 1309//330 1260//330 1303//330
f 1301//330 1224//330 1279//330
f 953//5 1005//5 902//5
f 1269//330 1044//333 1091//358
f 994//68 1138//68 894//68
f 1334//5 1335//5 1333//5
f 1338//5 1339//5 1337//5
f 1342//5 1343//5 1341//5
f 1346//5 1347//5 1345//5
f 1336//5 1341//5 1335//5
f 1340//5 1345//5 1339//5
f 1337//5 1336//5 1334//5
f 1345//5 1344//5 1342//5
f 1339//5 1342//5 1336//5
f 1350//5 1351//5 1349//5
f 1354//5 1355//5 1353//5
f 1358//5 1359//5 1357//5
f 1362//5 1363//5 1361//5
f 1352//5 1357//5 1351//5
f 1356//5 1361//5 1355//5
f 1353//5 1352//5 1350//5
f 1361//5 1360//5 1358//5
f 1355//5 1358//5 1352//5
f 1367//5 1370//5 1369//5
f 1372//5 1373//5 1371//5
f 1376//5 1377//5 1375//5
f 1379//5 1382//5 1381//5
f 1381//5 1366//5 1365//5
f 1367//5 1384//5 1368//5
f 1367//5 1385//5 1383//5
f 1365//5 1372//5 1371//5
f 1370//5 1375//5 1369//5
f 1375//5 1374//5 1372//5
f 1380//5 1385//5 1382//5
f 1366//5 1375//5 1372//5
f 1366//5 1385//5 1369//5
f 1386//5 1389//5 1388//5
f 1390//5 1393//5 1392//5
f 1395//5 1396//5 1394//5
f 1399//5 1400//5 1398//5
f 1402//5 1387//5 1386//5
f 1404//5 1391//5 1390//5
f 1389//5 1394//5 1388//5
f 1393//5 1398//5 1392//5
f 1387//5 1392//5 1389//5
f 1398//5 1397//5 1395//5
f 1392//5 1395//5 1389//5
f 1403//5 1390//5 1387//5
f 1344//5 1379//5 1343//5
f 1347//5 1384//5 1383//5
f 1347//5 1380//5 1344//5
f 1359//5 1403//5 1402//5
f 1363//5 1405//5 1404//5
f 1360//5 1404//5 1403//5
f 1349//5 1340//5 1338//5
f 1357//5 1348//5 1346//5
f 1351//5 1346//5 1340//5
f 1368//5 1388//5 1370//5
f 1394//5 1378//5 1376//5
f 1388//5 1376//5 1370//5
f 1384//5 1386//5 1368//5
f 1348//5 1402//5 1384//5
f 1408//5 1409//5 1407//5
f 1412//424 1413//5 1411//5
f 1416//5 1417//5 1415//5
f 1420//425 1421//5 1419//5
f 1410//5 1415//5 1409//5
f 1414//426 1419//5 1413//5
f 1411//5 1410//5 1408//5
f 1419//5 1418//5 1416//5
f 1413//5 1416//5 1410//5
f 1427//427 1424//428 1426//429
f 1431//430 1428//431 1430//432
f 1430//432 1425//433 1427//427
f 1432//5 1435//5 1434//5
f 1436//5 1439//434 1438//5
f 1441//5 1442//5 1440//5
f 1445//435 1446//5 1444//5
f 1448//5 1433//5 1432//5
f 1436//5 1451//5 1437//436
f 1435//5 1440//5 1434//5
f 1439//434 1444//5 1438//5
f 1433//5 1438//5 1435//5
f 1444//5 1443//5 1441//5
f 1438//5 1441//5 1435//5
f 1449//5 1436//5 1433//5
f 1459//219 1456//437 1458//219
f 1463//219 1460//438 1462//219
f 1457//439 1452//440 1456//437
f 1461//441 1454//442 1460//438
f 1462//219 1457//219 1459//219
f 1460//438 1453//443 1457//439
f 1417//5 1449//5 1448//5
f 1421//5 1451//5 1450//5
f 1418//5 1450//5 1449//5
f 1406//444 1451//5 1422//445
f 1431//430 1456//437 1429//446
f 1456//437 1423//447 1429//446
f 1412//424 1425//448 1414//426
f 1420//425 1429//449 1422//445
f 1414//426 1428//450 1420//425
f 1406//451 1429//449 1423//452
f 1452//453 1439//434 1437//436
f 1445//435 1455//454 1447//455
f 1439//434 1454//456 1445//435
f 1406//444 1452//453 1437//436
f 1465//5 1466//5 1464//5
f 1469//5 1470//5 1468//5
f 1473//5 1474//5 1472//5
f 1477//5 1478//5 1476//5
f 1467//5 1472//5 1466//5
f 1471//5 1476//5 1470//5
f 1468//5 1467//5 1465//5
f 1476//5 1475//5 1473//5
f 1470//5 1473//5 1467//5
f 1481//5 1482//5 1480//5
f 1485//5 1486//5 1484//5
f 1489//5 1490//5 1488//5
f 1493//5 1494//5 1492//5
f 1483//5 1488//5 1482//5
f 1487//5 1492//5 1486//5
f 1484//5 1483//5 1481//5
f 1492//5 1491//5 1489//5
f 1486//5 1489//5 1483//5
f 1497//5 1498//5 1496//5
f 1501//5 1502//5 1500//5
f 1509//457 1510//361 1508//458
f 1515//361 1512//459 1513//460
f 1509//457 1504//461 1505//462
f 1513//460 1506//463 1507//464
f 1498//465 1505//466 1504//467
f 1502//468 1507//469 1506//470
f 1500//5 1499//5 1497//5
f 1512//459 1511//361 1509//457
f 1499//471 1506//470 1505//466
f 1512//459 1505//462 1506//463
f 1517//5 1518//5 1516//5
f 1521//5 1522//5 1520//5
f 1529//472 1530//361 1528//473
f 1535//361 1532//474 1533//475
f 1529//472 1524//476 1525//477
f 1533//475 1526//478 1527//479
f 1518//480 1525//481 1524//482
f 1522//483 1527//484 1526//485
f 1520//5 1519//5 1517//5
f 1532//474 1531//361 1529//472
f 1519//486 1526//485 1525//481
f 1532//474 1525//477 1526//478
f 1475//5 1496//5 1474//5
f 1479//5 1500//5 1478//5
f 1478//5 1497//5 1475//5
f 1491//5 1516//5 1490//5
f 1495//5 1520//5 1494//5
f 1494//5 1517//5 1491//5
f 1480//5 1471//5 1469//5
f 1488//5 1479//5 1477//5
f 1482//5 1477//5 1471//5
f 1516//5 1503//5 1501//5
f 1530//361 1513//460 1528//473
f 1503//487 1524//482 1507//469
f 1528//473 1507//464 1524//476
f 1490//5 1501//5 1479//5
f 1537//5 1538//5 1536//5
f 1541//488 1542//5 1540//5
f 1545//5 1546//5 1544//5
f 1549//489 1550//5 1548//5
f 1539//5 1544//5 1538//5
f 1543//490 1548//5 1542//5
f 1540//5 1539//5 1537//5
f 1548//5 1547//5 1545//5
f 1542//5 1545//5 1539//5
f 1559//219 1556//491 1558//219
f 1563//219 1560//492 1562//219
f 1557//493 1552//494 1556//491
f 1561//495 1554//496 1560//492
f 1562//219 1557//493 1559//219
f 1560//492 1553//497 1557//493
f 1565//5 1566//5 1564//5
f 1569//498 1570//5 1568//5
f 1579//361 1576//499 1577//500
f 1581//501 1582//361 1580//502
f 1577//500 1572//503 1573//504
f 1581//501 1574//505 1575//506
f 1566//507 1573//508 1572//509
f 1570//510 1575//511 1574//512
f 1568//5 1567//5 1565//5
f 1580//502 1579//361 1577//500
f 1567//513 1574//512 1573//508
f 1580//502 1573//504 1574//505
f 1590//514 1587//515 1589//219
f 1588//516 1584//517 1587//515
f 1592//518 1588//516 1590//514
f 1588//516 1586//519 1585//520
f 1547//5 1564//5 1546//5
f 1551//521 1568//5 1550//5
f 1550//5 1565//5 1547//5
f 1589//219 1561//495 1563//219
f 1587//515 1555//522 1561//495
f 1541//488 1553//523 1543//490
f 1549//489 1555//524 1551//521
f 1543//490 1554//525 1549//489
f 1569//498 1585//526 1571//527
f 1591//528 1583//529 1581//501
f 1571//527 1586//530 1575//511
f 1586//531 1581//501 1575//506
f 1551//521 1584//532 1569//498
f 1596//219 1593//219 1595//219
f 1600//219 1597//219 1599//219
f 1604//219 1601//219 1603//219
f 1608//219 1605//219 1607//219
f 1602//219 1595//219 1601//219
f 1606//219 1599//219 1605//219
f 1599//219 1594//219 1596//219
f 1607//219 1602//219 1604//219
f 1605//219 1596//219 1602//219
f 1612//219 1609//219 1611//219
f 1616//219 1613//219 1615//219
f 1620//219 1617//219 1619//219
f 1624//219 1621//219 1623//219
f 1618//219 1611//219 1617//219
f 1622//219 1615//219 1621//219
f 1615//219 1610//219 1612//219
f 1623//219 1618//219 1620//219
f 1621//219 1612//219 1618//219
f 1628//219 1625//219 1627//219
f 1632//219 1629//219 1631//219
f 1636//219 1633//219 1635//219
f 1640//219 1637//219 1639//219
f 1634//219 1627//219 1633//219
f 1638//219 1631//219 1637//219
f 1631//219 1626//219 1628//219
f 1639//219 1634//219 1636//219
f 1637//219 1628//219 1634//219
f 1644//219 1641//219 1643//219
f 1648//219 1645//219 1647//219
f 1652//219 1649//219 1651//219
f 1656//219 1653//219 1655//219
f 1650//219 1643//219 1649//219
f 1654//219 1647//219 1653//219
f 1647//219 1642//219 1644//219
f 1655//219 1650//219 1652//219
f 1653//219 1644//219 1650//219
f 1626//219 1603//219 1625//219
f 1630//219 1607//219 1629//219
f 1629//219 1604//219 1626//219
f 1642//219 1619//219 1641//219
f 1646//219 1623//219 1645//219
f 1645//219 1620//219 1642//219
f 1611//219 1598//219 1600//219
f 1619//219 1606//219 1608//219
f 1617//219 1600//219 1606//219
f 1643//219 1630//219 1632//219
f 1651//219 1638//219 1640//219
f 1649//219 1632//219 1638//219
f 1641//219 1608//219 1630//219
f 1658//361 1659//361 1657//361
f 1664//361 1661//361 1662//361
f 1668//358 1665//358 1666//361
f 1672//361 1669//361 1670//361
f 1660//361 1665//358 1659//361
f 1664//361 1669//361 1663//361
f 1661//361 1660//361 1658//361
f 1671//358 1666//361 1669//361
f 1669//361 1660//361 1663//361
f 1674//361 1675//361 1673//361
f 1678//361 1679//361 1677//361
f 1682//361 1683//361 1681//361
f 1686//361 1687//361 1685//361
f 1676//361 1681//361 1675//361
f 1686//361 1679//361 1680//361
f 1679//361 1674//361 1677//361
f 1687//361 1682//361 1685//361
f 1679//361 1682//361 1676//361
f 1692//330 1689//330 1690//419
f 1696//330 1693//333 1694//358
f 1700//330 1697//330 1698//330
f 1704//330 1701//330 1702//330
f 1698//330 1691//330 1692//330
f 1702//330 1695//330 1696//330
f 1695//330 1690//419 1693//333
f 1703//330 1698//330 1701//330
f 1701//330 1692//330 1695//330
f 1708//358 1705//358 1706//361
f 1710//361 1711//358 1709//361
f 1716//330 1713//330 1714//330
f 1720//330 1717//333 1718//358
f 1714//330 1707//333 1708//358
f 1718//358 1711//358 1712//361
f 1709//361 1708//358 1706//361
f 1719//330 1714//330 1717//333
f 1717//333 1708//358 1711//358
f 1668//358 1689//330 1667//333
f 1694//358 1671//358 1672//361
f 1671//358 1690//419 1668//358
f 1706//361 1683//361 1684//361
f 1710//361 1687//361 1688//361
f 1709//361 1684//361 1687//361
f 1673//361 1664//361 1662//361
f 1683//361 1670//361 1681//361
f 1681//361 1664//361 1675//361
f 1707//333 1694//358 1705//358
f 1715//330 1702//330 1713//330
f 1713//330 1696//330 1707//333
f 1683//361 1694//358 1672//361
f 1724//219 1721//219 1723//219
f 1728//219 1725//219 1727//219
f 1732//219 1729//219 1731//219
f 1736//219 1733//219 1735//219
f 1730//219 1723//219 1729//219
f 1734//219 1727//219 1733//219
f 1727//219 1722//219 1724//219
f 1735//219 1730//219 1732//219
f 1733//219 1724//219 1730//219
f 1740//361 1737//361 1738//361
f 1744//533 1741//361 1742//534
f 1748//361 1745//361 1746//361
f 1752//535 1749//361 1750//536
f 1740//361 1745//361 1739//361
f 1750//536 1743//361 1744//533
f 1743//361 1738//361 1741//361
f 1749//361 1748//361 1746//361
f 1743//361 1746//361 1740//361
f 1756//537 1753//219 1755//219
f 1762//538 1759//219 1761//219
f 1760//539 1755//219 1759//219
f 1758//540 1754//541 1756//537
f 1764//542 1760//539 1762//538
f 1763//543 1756//537 1760//539
f 1768//219 1765//219 1767//219
f 1772//219 1769//219 1771//219
f 1776//219 1773//219 1775//219
f 1780//219 1777//219 1779//219
f 1774//219 1767//219 1773//219
f 1778//219 1771//219 1777//219
f 1771//219 1766//219 1768//219
f 1779//219 1774//219 1776//219
f 1777//219 1768//219 1774//219
f 1784//361 1781//361 1782//361
f 1788//544 1785//361 1786//545
f 1790//358 1791//333 1789//358
f 1796//546 1793//361 1794//547
f 1790//358 1783//361 1784//361
f 1788//544 1793//361 1787//361
f 1785//361 1784//361 1782//361
f 1793//361 1792//358 1790//358
f 1787//361 1790//358 1784//361
f 1800//548 1797//219 1799//219
f 1806//549 1803//219 1805//219
f 1804//550 1799//219 1803//219
f 1802//551 1798//552 1800//548
f 1808//553 1804//550 1806//549
f 1807//554 1800//548 1804//550
f 1766//219 1731//219 1765//219
f 1770//219 1735//219 1769//219
f 1769//219 1732//219 1766//219
f 1782//361 1747//361 1748//361
f 1786//545 1751//361 1752//535
f 1785//361 1748//361 1751//361
f 1798//552 1761//219 1797//219
f 1801//555 1762//538 1798//552
f 1755//219 1726//219 1728//219
f 1761//219 1734//219 1736//219
f 1759//219 1728//219 1734//219
f 1799//219 1770//219 1772//219
f 1805//219 1778//219 1780//219
f 1803//219 1772//219 1778//219
f 1757//556 1744//533 1742//534
f 1763//557 1752//535 1750//536
f 1758//558 1750//536 1744//533
f 1801//559 1788//544 1786//545
f 1807//560 1796//546 1794//547
f 1802//561 1794//547 1788//544
f 1764//562 1786//545 1752//535
f 1797//219 1736//219 1770//219
f 1594//219 1426//429 1593//219
f 1598//219 1430//432 1597//219
f 1597//219 1427//427 1594//219
f 1610//219 1458//219 1609//219
f 1614//219 1462//219 1613//219
f 1613//219 1459//219 1610//219
f 1609//219 1431//430 1598//219
f 1658//361 1510//361 1511//361
f 1662//361 1514//361 1515//361
f 1661//361 1511//361 1514//361
f 1674//361 1530//361 1531//361
f 1535//361 1677//361 1534//361
f 1677//361 1531//361 1534//361
f 1530//361 1662//361 1515//361
f 1722//219 1558//219 1721//219
f 1726//219 1562//219 1725//219
f 1725//219 1559//219 1722//219
f 1579//361 1737//361 1578//361
f 1583//529 1741//361 1582//361
f 1741//361 1579//361 1582//361
f 1754//541 1589//219 1753//219
f 1757//563 1590//514 1754//541
f 1592//564 1742//534 1583//529
f 1753//219 1563//219 1726//219
f 1374//5 1464//5 1373//5
f 1378//5 1468//5 1377//5
f 1377//5 1465//5 1374//5
f 1397//5 1480//5 1396//5
f 1401//5 1484//5 1400//5
f 1400//5 1481//5 1397//5
f 1396//5 1469//5 1378//5
f 1443//5 1536//5 1442//5
f 1447//455 1540//5 1446//5
f 1446//5 1537//5 1443//5
f 1558//219 1461//441 1463//219
f 1556//491 1455//565 1461//441
f 1447//455 1552//566 1541//488
f 1723//219 1614//219 1616//219
f 1731//219 1622//219 1624//219
f 1729//219 1616//219 1622//219
f 1767//219 1646//219 1648//219
f 1775//219 1654//219 1656//219
f 1773//219 1648//219 1654//219
f 1765//219 1624//219 1646//219
f 1407//5 1356//5 1354//5
f 1415//5 1364//5 1362//5
f 1409//5 1362//5 1356//5
f 1391//5 1434//5 1393//5
f 1440//5 1401//5 1399//5
f 1434//5 1399//5 1393//5
f 1405//5 1432//5 1391//5
f 1364//5 1448//5 1405//5
f 1536//5 1487//5 1485//5
f 1544//5 1495//5 1493//5
f 1538//5 1493//5 1487//5
f 1564//5 1523//5 1521//5
f 1578//361 1533//475 1576//499
f 1523//567 1572//509 1527//484
f 1576//499 1527//479 1572//503
f 1546//5 1521//5 1495//5
f 1737//361 1680//361 1678//361
f 1745//361 1688//361 1686//361
f 1739//361 1686//361 1680//361
f 1781//361 1712//361 1710//361
f 1791//333 1718//358 1789//358
f 1789//358 1712//361 1783//361
f 1747//361 1710//361 1688//361
f 1442//5 1485//5 1401//5
f 1578//361 1678//361 1535//361
f 1721//219 1463//219 1614//219
f 1812//68 1813//568 1811//569
f 1818//68 1819//570 1817//571
f 1814//68 1817//571 1813//568
f 1811//569 1810//572 1809//573
f 1817//571 1816//574 1815//575
f 1813//568 1815//575 1810//572
f 1823//576 1822//78 1821//577
f 1827//78 1826//78 1825//78
f 1831//578 1830//78 1829//579
f 1835//78 1834//78 1833//78
f 1829//579 1824//78 1823//576
f 1833//78 1828//78 1827//78
f 1824//78 1825//78 1822//78
f 1832//78 1833//78 1830//78
f 1830//78 1827//78 1824//78
f 1838//68 1839//68 1837//68
f 1842//68 1843//68 1841//68
f 1846//68 1847//68 1845//68
f 1850//68 1851//68 1849//68
f 1840//68 1845//68 1839//68
f 1844//68 1849//68 1843//68
f 1841//68 1840//68 1838//68
f 1849//68 1848//68 1846//68
f 1843//68 1846//68 1840//68
f 1856//68 1857//580 1855//581
f 1862//68 1863//582 1861//583
f 1858//68 1861//583 1857//580
f 1855//581 1854//584 1853//585
f 1861//583 1860//586 1859//587
f 1857//580 1859//587 1854//584
f 1867//588 1866//78 1865//589
f 1871//78 1870//78 1869//78
f 1875//590 1874//591 1873//592
f 1879//593 1878//591 1877//591
f 1873//592 1868//78 1867//588
f 1877//591 1872//78 1871//78
f 1868//78 1869//78 1866//78
f 1876//593 1877//591 1874//591
f 1874//591 1871//78 1868//78
f 1882//68 1883//68 1881//68
f 1886//68 1887//68 1885//68
f 1890//68 1891//68 1889//68
f 1894//68 1895//68 1893//68
f 1884//68 1889//68 1883//68
f 1888//68 1893//68 1887//68
f 1885//68 1884//68 1882//68
f 1893//68 1892//68 1890//68
f 1887//68 1890//68 1884//68
f 1820//68 1855//581 1819//570
f 1819//570 1853//585 1816//574
f 1865//589 1832//78 1831//578
f 1869//78 1836//78 1835//78
f 1866//78 1835//78 1832//78
f 1848//68 1881//68 1847//68
f 1852//68 1885//68 1851//68
f 1851//68 1882//68 1848//68
f 1837//68 1814//68 1812//68
f 1845//68 1820//68 1818//68
f 1839//68 1818//68 1814//68
f 1881//68 1858//68 1856//68
f 1889//68 1864//594 1862//68
f 1883//68 1862//68 1858//68
f 1809//595 1823//576 1821//577
f 1815//596 1831//578 1829//579
f 1810//597 1829//579 1823//576
f 1853//598 1867//588 1865//589
f 1859//599 1875//590 1873//592
f 1854//600 1873//592 1867//588
f 1816//601 1865//589 1831//578
f 1847//68 1856//68 1820//68
f 1899//78 1898//78 1897//78
f 1903//78 1902//78 1901//78
f 1907//78 1906//78 1905//78
f 1911//78 1910//78 1909//78
f 1905//78 1900//78 1899//78
f 1909//78 1904//78 1903//78
f 1900//78 1901//78 1898//78
f 1908//78 1909//78 1906//78
f 1906//78 1903//78 1900//78
f 1915//78 1914//78 1913//78
f 1919//78 1918//78 1917//78
f 1923//78 1922//78 1921//78
f 1927//78 1926//78 1925//78
f 1921//78 1916//78 1915//78
f 1925//78 1920//78 1919//78
f 1916//78 1917//78 1914//78
f 1924//78 1925//78 1922//78
f 1922//78 1919//78 1916//78
f 1931//78 1930//78 1929//78
f 1935//78 1934//78 1933//78
f 1939//593 1938//591 1937//591
f 1943//593 1942//591 1941//591
f 1937//591 1932//78 1931//78
f 1941//591 1936//78 1935//78
f 1932//78 1933//78 1930//78
f 1940//593 1941//591 1938//591
f 1938//591 1935//78 1932//78
f 1947//78 1946//78 1945//78
f 1951//78 1950//78 1949//78
f 1955//593 1954//591 1953//591
f 1959//593 1958//591 1957//591
f 1953//591 1948//78 1947//78
f 1957//591 1952//78 1951//78
f 1948//78 1949//78 1946//78
f 1956//593 1957//591 1954//591
f 1954//591 1951//78 1948//78
f 1929//78 1908//78 1907//78
f 1933//78 1912//78 1911//78
f 1930//78 1911//78 1908//78
f 1945//78 1924//78 1923//78
f 1949//78 1928//78 1927//78
f 1946//78 1927//78 1924//78
f 1904//78 1913//78 1902//78
f 1912//78 1921//78 1910//78
f 1910//78 1915//78 1904//78
f 1936//78 1945//78 1934//78
f 1944//593 1953//591 1942//591
f 1942//591 1947//78 1936//78
f 1934//78 1923//78 1912//78
f 1962//68 1963//68 1961//68
f 1966//68 1967//68 1965//68
f 1970//68 1971//68 1969//68
f 1974//68 1975//68 1973//68
f 1964//68 1969//68 1963//68
f 1968//68 1973//68 1967//68
f 1965//68 1964//68 1962//68
f 1973//68 1972//68 1970//68
f 1967//68 1970//68 1964//68
f 1978//68 1979//68 1977//68
f 1982//68 1983//68 1981//68
f 1986//68 1987//68 1985//68
f 1990//68 1991//68 1989//68
f 1980//68 1985//68 1979//68
f 1984//68 1989//68 1983//68
f 1981//68 1980//68 1978//68
f 1989//68 1988//68 1986//68
f 1983//68 1986//68 1980//68
f 1994//68 1995//68 1993//68
f 1998//68 1999//68 1997//68
f 2002//68 2003//68 2001//68
f 2006//68 2007//68 2005//68
f 1996//68 2001//68 1995//68
f 2000//68 2005//68 1999//68
f 1997//68 1996//68 1994//68
f 2005//68 2004//68 2002//68
f 1999//68 2002//68 1996//68
f 2010//68 2011//68 2009//68
f 2014//68 2015//68 2013//68
f 2018//68 2019//68 2017//68
f 2022//68 2023//68 2021//68
f 2012//68 2017//68 2011//68
f 2016//68 2021//68 2015//68
f 2013//68 2012//68 2010//68
f 2021//68 2020//68 2018//68
f 2015//68 2018//68 2012//68
f 1972//68 1993//68 1971//68
f 1976//68 1997//68 1975//68
f 1975//68 1994//68 1972//68
f 1988//68 2009//68 1987//68
f 1992//68 2013//68 1991//68
f 1991//68 2010//68 1988//68
f 1977//68 1968//68 1966//68
f 1985//68 1976//68 1974//68
f 1979//68 1974//68 1968//68
f 2009//68 2000//68 1998//68
f 2017//68 2008//68 2006//68
f 2011//68 2006//68 2000//68
f 1987//68 1998//68 1976//68
f 2027//602 2028//603 2026//604
f 2040//605 2037//606 2039//607
f 2037//606 2036//605 2035//607
f 2046//605 2043//605 2045//605
f 2043//605 2042//605 2041//605
f 2047//608 2040//605 2039//607
f 2049//609 2046//605 2045//605
f 2036//605 2031//610 2035//607
f 2042//605 2033//611 2041//605
f 2045//605 2038//605 2040//605
f 2038//605 2041//605 2036//605
f 2041//605 2032//611 2036//605
f 2048//609 2045//605 2040//605
f 2052//68 2053//612 2051//594
f 2056//68 2057//613 2055//68
f 2054//614 2059//615 2053//612
f 2057//613 2062//616 2061//617
f 2055//68 2054//614 2052//68
f 2054//614 2061//617 2060//618
f 2065//619 2064//620 2063//621
f 2069//622 2068//623 2067//624
f 2074//625 2071//626 2073//627
f 2078//625 2075//628 2077//625
f 2072//629 2065//619 2071//626
f 2076//630 2069//622 2075//628
f 2066//631 2067//624 2064//620
f 2077//625 2072//629 2074//625
f 2075//628 2066//631 2072//629
f 2051//594 2029//604 2027//602
f 2053//612 2030//632 2029//604
f 2064//620 2047//608 2063//621
f 2068//623 2049//609 2067//624
f 2067//624 2048//609 2064//620
f 2039//607 2028//633 2029//634
f 2028//633 2035//607 2026//634
f 2035//607 2025//635 2026//634
f 2030//636 2039//607 2029//634
f 2060//637 2063//621 2059//638
f 2073//627 2061//639 2062//640
f 2071//626 2060//637 2061//639
f 2063//621 2030//636 2059//638
f 2088//605 2085//605 2087//605
f 2085//605 2084//605 2083//605
f 2094//605 2091//605 2093//605
f 2091//605 2090//605 2089//605
f 2095//609 2088//605 2087//605
f 2097//609 2094//605 2093//605
f 2084//605 2079//611 2083//605
f 2090//605 2081//611 2089//605
f 2093//605 2086//605 2088//605
f 2086//605 2089//605 2084//605
f 2089//605 2080//611 2084//605
f 2096//609 2093//605 2088//605
f 2108//605 2105//605 2107//605
f 2105//605 2104//605 2103//605
f 2114//605 2111//605 2113//605
f 2111//605 2110//605 2109//605
f 2115//609 2108//605 2107//605
f 2117//609 2114//605 2113//605
f 2104//605 2099//611 2103//605
f 2110//605 2101//611 2109//605
f 2113//605 2106//605 2108//605
f 2106//605 2109//605 2104//605
f 2109//605 2100//611 2104//605
f 2116//609 2113//605 2108//605
f 2121//641 2120//642 2119//643
f 2125//644 2124//645 2123//646
f 2130//625 2127//647 2129//625
f 2134//625 2131//648 2133//625
f 2128//649 2121//641 2127//647
f 2132//650 2125//644 2131//648
f 2122//651 2123//646 2120//642
f 2133//625 2128//649 2130//625
f 2131//648 2122//651 2128//649
f 2137//652 2136//653 2135//654
f 2141//655 2140//656 2139//657
f 2146//625 2143//658 2145//625
f 2150//625 2147//659 2149//625
f 2144//660 2137//652 2143//658
f 2148//661 2141//655 2147//659
f 2138//662 2139//657 2136//653
f 2149//625 2144//660 2146//625
f 2147//659 2138//662 2144//660
f 2120//642 2095//609 2119//643
f 2124//645 2097//609 2123//646
f 2123//646 2096//609 2120//642
f 2136//653 2115//609 2135//654
f 2140//656 2117//609 2139//657
f 2139//657 2116//609 2136//653
f 2107//605 2092//605 2094//605
f 2092//605 2103//605 2090//605
f 2103//605 2082//611 2090//605
f 2098//609 2107//605 2094//605
f 2126//663 2135//654 2124//645
f 2145//625 2132//650 2134//625
f 2143//658 2126//663 2132//650
f 2135//654 2098//609 2124//645
f 2152//68 2153//664 2151//68
f 2156//68 2157//665 2155//68
f 2153//664 2160//666 2159//667
f 2157//665 2162//668 2161//669
f 2155//68 2154//670 2152//68
f 2154//670 2161//669 2160//666
f 2166//625 2163//671 2165//672
f 2170//625 2167//625 2169//625
f 2174//625 2171//673 2173//674
f 2178//625 2175//625 2177//625
f 2172//625 2165//672 2171//673
f 2176//625 2169//625 2175//625
f 2169//625 2164//625 2166//625
f 2177//625 2172//625 2174//625
f 2175//625 2166//625 2172//625
f 2180//68 2181//675 2179//68
f 2184//68 2185//676 2183//68
f 2181//675 2188//677 2187//678
f 2185//676 2190//679 2189//680
f 2183//68 2182//681 2180//68
f 2182//681 2189//680 2188//677
f 2194//625 2191//682 2193//683
f 2198//625 2195//625 2197//625
f 2202//625 2199//684 2201//685
f 2206//625 2203//625 2205//625
f 2200//625 2193//683 2199//684
f 2204//625 2197//625 2203//625
f 2197//625 2192//625 2194//625
f 2205//625 2200//625 2202//625
f 2203//625 2194//625 2200//625
f 2179//68 2158//686 2156//68
f 2158//686 2187//678 2162//668
f 2192//625 2173//674 2191//682
f 2196//625 2177//625 2195//625
f 2195//625 2174//625 2192//625
f 2165//672 2159//687 2160//688
f 2173//674 2161//689 2162//690
f 2171//673 2160//688 2161//689
f 2193//683 2187//691 2188//692
f 2201//685 2189//693 2190//694
f 2199//684 2188//692 2189//693
f 2191//682 2162//690 2187//691
f 2210//625 2207//625 2209//625
f 2214//625 2211//625 2213//625
f 2218//625 2215//625 2217//625
f 2222//625 2219//625 2221//625
f 2216//625 2209//625 2215//625
f 2220//625 2213//625 2219//625
f 2213//625 2208//625 2210//625
f 2221//625 2216//625 2218//625
f 2219//625 2210//625 2216//625
f 2226//625 2223//625 2225//625
f 2230//625 2227//625 2229//625
f 2234//625 2231//625 2233//625
f 2238//695 2235//625 2237//625
f 2232//625 2225//625 2231//625
f 2236//625 2229//625 2235//625
f 2229//625 2224//625 2226//625
f 2237//625 2232//625 2234//625
f 2235//625 2226//625 2232//625
f 2242//625 2239//625 2241//625
f 2246//696 2243//625 2245//625
f 2250//697 2247//625 2249//625
f 2254//698 2251//695 2253//699
f 2248//625 2241//625 2247//625
f 2252//700 2245//625 2251//695
f 2245//625 2240//625 2242//625
f 2253//699 2248//625 2250//697
f 2251//695 2242//625 2248//625
f 2258//701 2255//625 2257//697
f 2262//702 2259//697 2261//703
f 2266//704 2263//705 2265//706
f 2270//707 2267//708 2269//707
f 2264//709 2257//697 2263//705
f 2268//704 2261//703 2267//708
f 2261//703 2256//696 2258//701
f 2269//707 2264//709 2266//704
f 2267//708 2258//701 2264//709
f 2240//625 2217//625 2239//625
f 2244//625 2221//625 2243//625
f 2243//625 2218//625 2240//625
f 2256//696 2233//625 2255//625
f 2260//699 2237//625 2259//697
f 2259//697 2234//625 2256//696
f 2225//625 2212//625 2214//625
f 2233//625 2220//625 2222//625
f 2231//625 2214//625 2220//625
f 2257//697 2244//625 2246//696
f 2265//706 2252//700 2254//698
f 2263//705 2246//696 2252//700
f 2255//625 2222//625 2244//625
f 1864//594 2026//604 1863//582
f 1863//582 2025//710 1860//586
f 2031//610 1876//593 1875//590
f 2033//611 1880//593 1879//593
f 2032//611 1879//593 1876//593
f 1892//68 2051//594 1891//68
f 1896//68 2055//68 1895//68
f 1895//68 2052//68 1892//68
f 2025//635 1875//590 1860//711
f 1891//68 2027//602 1864//594
f 2079//611 1940//593 1939//593
f 2081//611 1944//593 1943//593
f 2080//611 1943//593 1940//593
f 2099//611 1956//593 1955//593
f 2101//611 1960//593 1959//593
f 2100//611 1959//593 1956//593
f 2082//611 1955//593 1944//593
f 2004//68 2151//68 2003//68
f 2008//68 2155//68 2007//68
f 2007//68 2152//68 2004//68
f 2020//68 2179//68 2019//68
f 2024//68 2183//68 2023//68
f 2023//68 2180//68 2020//68
f 2019//68 2156//68 2008//68
f 1961//68 1844//68 1842//68
f 1969//68 1852//68 1850//68
f 1963//68 1850//68 1844//68
f 1993//68 1888//68 1886//68
f 2001//68 1896//68 1894//68
f 1995//68 1894//68 1888//68
f 1971//68 1886//68 1852//68
f 2151//68 2058//712 2056//68
f 2058//712 2159//667 2062//616
f 2164//625 2073//627 2163//671
f 2168//625 2077//625 2167//625
f 2167//625 2074//625 2164//625
f 2163//671 2062//640 2159//687
f 2208//625 2129//625 2207//625
f 2212//625 2133//625 2211//625
f 2211//625 2130//625 2208//625
f 2224//625 2145//625 2223//625
f 2228//625 2149//625 2227//625
f 2227//625 2146//625 2224//625
f 2223//625 2134//625 2212//625
f 1828//78 1897//78 1826//78
f 1836//78 1905//78 1834//78
f 1834//78 1899//78 1828//78
f 1872//78 1929//78 1870//78
f 1880//593 1937//591 1878//591
f 1878//591 1931//78 1872//78
f 1870//78 1907//78 1836//78
f 2087//605 2044//605 2046//605
f 2044//605 2083//605 2042//605
f 2083//605 2034//611 2042//605
f 2050//609 2087//605 2046//605
f 2070//713 2119//643 2068//623
f 2129//625 2076//630 2078//625
f 2127//647 2070//713 2076//630
f 2119//643 2050//609 2068//623
f 2209//625 2168//625 2170//625
f 2217//625 2176//625 2178//625
f 2215//625 2170//625 2176//625
f 2241//625 2196//625 2198//625
f 2249//625 2204//625 2206//625
f 2247//625 2198//625 2204//625
f 2239//625 2178//625 2196//625
f 2207//625 2078//625 2168//625
f 2034//611 1939//593 1880//593
f 2003//68 2056//68 1896//68
f 2273//78 2272//78 2271//78
f 2277//78 2276//78 2275//78
f 2281//78 2280//78 2279//78
f 2285//78 2284//78 2283//78
f 2279//78 2274//78 2273//78
f 2283//78 2278//78 2277//78
f 2274//78 2275//78 2272//78
f 2282//78 2283//78 2280//78
f 2280//78 2277//78 2274//78
f 2289//78 2288//78 2287//78
f 2293//78 2292//78 2291//78
f 2297//78 2296//78 2295//78
f 2301//78 2300//78 2299//78
f 2295//78 2290//78 2289//78
f 2299//78 2294//78 2293//78
f 2290//78 2291//78 2288//78
f 2298//78 2299//78 2296//78
f 2296//78 2293//78 2290//78
f 2305//78 2304//78 2303//78
f 2309//78 2308//78 2307//78
f 2313//593 2312//591 2311//591
f 2317//593 2316//591 2315//591
f 2311//591 2306//78 2305//78
f 2315//591 2310//78 2309//78
f 2306//78 2307//78 2304//78
f 2314//593 2315//591 2312//591
f 2312//591 2309//78 2306//78
f 2321//78 2320//78 2319//78
f 2325//78 2324//78 2323//78
f 2329//593 2328//591 2327//591
f 2333//593 2332//591 2331//591
f 2327//591 2322//78 2321//78
f 2331//591 2326//78 2325//78
f 2322//78 2323//78 2320//78
f 2330//593 2331//591 2328//591
f 2328//591 2325//78 2322//78
f 2303//78 2282//78 2281//78
f 2307//78 2286//78 2285//78
f 2304//78 2285//78 2282//78
f 2319//78 2298//78 2297//78
f 2323//78 2302//78 2301//78
f 2320//78 2301//78 2298//78
f 2278//78 2287//78 2276//78
f 2286//78 2295//78 2284//78
f 2284//78 2289//78 2278//78
f 2310//78 2319//78 2308//78
f 2318//593 2327//591 2316//591
f 2316//591 2321//78 2310//78
f 2308//78 2297//78 2286//78
f 2337//78 2336//78 2335//78
f 2341//78 2340//714 2339//78
f 2345//78 2344//78 2343//78
f 2349//78 2348//715 2347//78
f 2343//78 2338//78 2337//78
f 2347//78 2342//716 2341//78
f 2338//78 2339//78 2336//78
f 2346//78 2347//78 2344//78
f 2344//78 2341//78 2338//78
f 2356//219 2353//717 2355//718
f 2362//219 2359//719 2361//720
f 2360//219 2355//718 2359//719
f 2352//721 2353//717 2351//722
f 2358//723 2359//719 2357//724
f 2357//724 2355//718 2352//721
f 2366//219 2363//219 2365//219
f 2370//219 2367//219 2369//219
f 2374//219 2371//219 2373//219
f 2378//219 2375//219 2377//219
f 2372//219 2365//219 2371//219
f 2376//219 2369//219 2375//219
f 2369//219 2364//219 2366//219
f 2377//219 2372//219 2374//219
f 2375//219 2366//219 2372//219
f 2381//78 2380//78 2379//78
f 2385//78 2384//725 2383//78
f 2389//593 2388//591 2387//591
f 2393//593 2392//726 2391//591
f 2387//591 2382//78 2381//78
f 2391//591 2386//727 2385//78
f 2382//78 2383//78 2380//78
f 2390//593 2391//591 2388//591
f 2388//591 2385//78 2382//78
f 2400//219 2397//728 2399//728
f 2406//729 2403//730 2405//731
f 2404//219 2399//728 2403//730
f 2396//732 2397//728 2395//733
f 2402//734 2403//730 2401//735
f 2401//735 2399//728 2396//732
f 2410//219 2407//219 2409//219
f 2414//219 2411//219 2413//219
f 2418//219 2415//219 2417//219
f 2422//219 2419//219 2421//219
f 2416//219 2409//219 2415//219
f 2420//219 2413//219 2419//219
f 2413//219 2408//219 2410//219
f 2421//219 2416//219 2418//219
f 2419//219 2410//219 2416//219
f 2379//78 2346//78 2345//78
f 2383//78 2350//736 2349//78
f 2380//78 2349//78 2346//78
f 2398//219 2361//720 2397//728
f 2395//733 2361//720 2358//723
f 2408//219 2373//219 2407//219
f 2412//219 2377//219 2411//219
f 2411//219 2374//219 2408//219
f 2365//219 2354//219 2356//219
f 2373//219 2360//219 2362//219
f 2371//219 2356//219 2360//219
f 2409//219 2398//219 2400//219
f 2417//219 2404//219 2406//729
f 2415//219 2400//219 2404//219
f 2342//716 2351//737 2340//714
f 2350//736 2357//738 2348//715
f 2348//715 2352//739 2342//716
f 2386//727 2395//740 2384//725
f 2394//741 2401//742 2392//726
f 2392//726 2396//743 2386//727
f 2384//725 2358//744 2350//736
f 2407//219 2362//219 2398//219
f 2426//219 2423//219 2425//219
f 2430//219 2427//219 2429//219
f 2434//219 2431//219 2433//219
f 2438//219 2435//219 2437//219
f 2432//219 2425//219 2431//219
f 2436//219 2429//219 2435//219
f 2429//219 2424//219 2426//219
f 2437//219 2432//219 2434//219
f 2435//219 2426//219 2432//219
f 2442//219 2439//219 2441//219
f 2446//219 2443//219 2445//219
f 2450//219 2447//219 2449//219
f 2454//219 2451//219 2453//219
f 2448//219 2441//219 2447//219
f 2452//219 2445//219 2451//219
f 2445//219 2440//219 2442//219
f 2453//219 2448//219 2450//219
f 2451//219 2442//219 2448//219
f 2458//219 2455//219 2457//219
f 2462//219 2459//219 2461//219
f 2466//219 2463//219 2465//219
f 2470//219 2467//219 2469//219
f 2464//219 2457//219 2463//219
f 2468//219 2461//219 2467//219
f 2461//219 2456//219 2458//219
f 2469//219 2464//219 2466//219
f 2467//219 2458//219 2464//219
f 2474//219 2471//219 2473//219
f 2478//219 2475//219 2477//219
f 2482//219 2479//219 2481//219
f 2486//219 2483//219 2485//219
f 2480//219 2473//219 2479//219
f 2484//219 2477//219 2483//219
f 2477//219 2472//219 2474//219
f 2485//219 2480//219 2482//219
f 2483//219 2474//219 2480//219
f 2456//219 2433//219 2455//219
f 2460//219 2437//219 2459//219
f 2459//219 2434//219 2456//219
f 2472//219 2449//219 2471//219
f 2476//219 2453//219 2475//219
f 2475//219 2450//219 2472//219
f 2441//219 2428//219 2430//219
f 2449//219 2436//219 2438//219
f 2447//219 2430//219 2436//219
f 2473//219 2460//219 2462//219
f 2481//219 2468//219 2470//219
f 2479//219 2462//219 2468//219
f 2471//219 2438//219 2460//219
f 2496//605 2493//605 2495//605
f 2493//605 2492//605 2491//605
f 2502//605 2499//605 2501//605
f 2499//605 2498//605 2497//605
f 2503//609 2496//605 2495//605
f 2505//609 2502//605 2501//605
f 2492//605 2487//611 2491//605
f 2498//605 2489//611 2497//605
f 2501//605 2494//605 2496//605
f 2494//605 2497//605 2492//605
f 2497//605 2488//611 2492//605
f 2504//609 2501//605 2496//605
f 2516//605 2513//605 2515//605
f 2513//605 2512//605 2511//605
f 2522//605 2519//605 2521//605
f 2519//605 2518//605 2517//605
f 2523//609 2516//605 2515//605
f 2525//609 2522//605 2521//605
f 2512//605 2507//611 2511//605
f 2518//605 2509//611 2517//605
f 2521//605 2514//605 2516//605
f 2514//605 2517//605 2512//605
f 2517//605 2508//611 2512//605
f 2524//609 2521//605 2516//605
f 2529//745 2528//746 2527//747
f 2533//748 2532//749 2531//750
f 2538//625 2535//751 2537//625
f 2542//625 2539//752 2541//625
f 2536//753 2529//745 2535//751
f 2540//754 2533//748 2539//752
f 2530//755 2531//750 2528//746
f 2541//625 2536//753 2538//625
f 2536//753 2533//748 2530//755
f 2545//756 2544//757 2543//758
f 2549//759 2548//760 2547//761
f 2554//696 2551//762 2553//625
f 2558//701 2555//763 2557//697
f 2552//764 2545//756 2551//762
f 2555//763 2550//765 2549//759
f 2546//766 2547//761 2544//757
f 2557//697 2552//764 2554//696
f 2552//764 2549//759 2546//766
f 2528//746 2503//609 2527//747
f 2532//749 2505//609 2531//750
f 2531//750 2504//609 2528//746
f 2544//757 2523//609 2543//758
f 2548//760 2525//609 2547//761
f 2547//761 2524//609 2544//757
f 2515//605 2500//605 2502//605
f 2500//605 2511//605 2498//605
f 2511//605 2490//611 2498//605
f 2506//609 2515//605 2502//605
f 2534//767 2543//758 2532//749
f 2553//625 2540//754 2542//625
f 2551//762 2534//767 2540//754
f 2543//758 2506//609 2532//749
f 2568//605 2565//605 2567//605
f 2565//605 2564//605 2563//605
f 2574//768 2571//605 2573//605
f 2571//605 2570//768 2569//605
f 2575//609 2568//605 2567//605
f 2577//609 2574//768 2573//605
f 2564//605 2559//611 2563//605
f 2570//768 2561//611 2569//605
f 2573//605 2566//605 2568//605
f 2566//605 2569//605 2564//605
f 2569//605 2560//611 2564//605
f 2576//609 2573//605 2568//605
f 2582//769 2581//770 2580//771
f 2587//772 2586//773 2585//774
f 2591//775 2590//776 2589//777
f 2596//702 2593//778 2595//779
f 2600//780 2597//781 2599//782
f 2593//778 2588//783 2587//772
f 2597//781 2592//784 2591//775
f 2588//783 2589//777 2586//773
f 2599//782 2594//785 2596//702
f 2594//785 2591//775 2588//783
f 2604//786 2601//729 2603//787
f 2608//788 2605//219 2607//789
f 2609//790 2604//786 2603//787
f 2612//791 2607//789 2611//792
f 2607//789 2602//219 2604//786
f 2610//793 2607//789 2604//786
f 2586//773 2575//609 2585//774
f 2590//776 2577//609 2589//777
f 2589//777 2576//609 2586//773
f 2583//771 2601//729 2581//770
f 2584//794 2603//787 2583//771
f 2574//768 2582//795 2572//796
f 2570//768 2582//795 2580//797
f 2570//768 2579//798 2562//799
f 2574//768 2584//800 2583//797
f 2610//801 2590//776 2592//784
f 2600//780 2611//802 2598//803
f 2611//802 2592//784 2598//803
f 2590//776 2584//800 2578//804
f 2616//625 2613//625 2615//625
f 2620//697 2617//625 2619//696
f 2624//805 2621//625 2623//700
f 2628//708 2625//701 2627//709
f 2622//697 2615//625 2621//625
f 2626//779 2619//696 2625//701
f 2619//696 2614//625 2616//625
f 2627//709 2622//697 2624//805
f 2625//701 2616//625 2622//697
f 2632//806 2629//695 2631//699
f 2636//704 2633//805 2635//807
f 2640//707 2637//702 2639//808
f 2644//809 2641//707 2643//809
f 2638//782 2631//699 2637//702
f 2642//707 2635//807 2641//707
f 2635//807 2630//700 2632//806
f 2643//809 2638//782 2640//707
f 2641//707 2632//806 2638//782
f 2648//707 2645//806 2647//782
f 2652//707 2649//704 2651//707
f 2656//707 2653//707 2655//809
f 2660//707 2657//809 2659//809
f 2654//809 2647//782 2653//707
f 2658//809 2651//707 2657//809
f 2651//707 2646//706 2648//707
f 2659//809 2654//809 2656//707
f 2657//809 2648//707 2654//809
f 2664//707 2661//809 2663//707
f 2668//707 2665//809 2667//707
f 2672//707 2669//809 2671//707
f 2676//707 2673//809 2675//809
f 2670//809 2663//707 2669//809
f 2674//809 2667//707 2673//809
f 2667//707 2662//809 2664//707
f 2675//809 2670//809 2672//707
f 2673//809 2664//707 2670//809
f 2646//706 2623//700 2645//806
f 2650//707 2627//709 2649//704
f 2649//704 2624//805 2646//706
f 2662//809 2639//808 2661//809
f 2666//809 2643//809 2665//809
f 2665//809 2640//707 2662//809
f 2631//699 2618//625 2620//697
f 2639//808 2626//779 2628//708
f 2637//702 2620//697 2626//779
f 2663//707 2650//707 2652//707
f 2671//707 2658//809 2660//707
f 2669//809 2652//707 2658//809
f 2661//809 2628//708 2650//707
f 2680//809 2677//708 2679//707
f 2684//810 2681//707 2683//809
f 2688//809 2685//707 2687//809
f 2692//811 2689//809 2691//809
f 2686//707 2679//707 2685//707
f 2690//812 2683//809 2689//809
f 2683//809 2678//808 2680//809
f 2691//809 2686//707 2688//809
f 2689//809 2680//809 2686//707
f 2696//813 2693//219 2695//814
f 2700//815 2697//219 2699//816
f 2702//817 2695//814 2701//818
f 2704//819 2699//816 2703//820
f 2699//816 2694//219 2696//813
f 2703//820 2696//813 2702//817
f 2708//707 2705//809 2707//707
f 2712//821 2709//809 2711//707
f 2716//707 2713//809 2715//707
f 2720//822 2717//809 2719//809
f 2714//809 2707//707 2713//809
f 2718//823 2711//707 2717//809
f 2711//707 2706//809 2708//707
f 2719//809 2714//809 2716//707
f 2717//809 2708//707 2714//809
f 2724//824 2721//219 2723//825
f 2728//826 2725//219 2727//827
f 2730//828 2723//825 2729//829
f 2732//830 2727//827 2731//831
f 2727//827 2722//219 2724//824
f 2731//831 2724//824 2730//828
f 2706//809 2687//809 2705//809
f 2710//832 2691//809 2709//809
f 2709//809 2688//809 2706//809
f 2723//825 2698//219 2700//815
f 2729//829 2700//815 2704//819
f 2684//810 2701//833 2682//834
f 2692//811 2703//835 2690//812
f 2690//812 2702//836 2684//810
f 2712//821 2729//837 2710//832
f 2720//822 2731//838 2718//823
f 2718//823 2730//839 2712//821
f 2710//832 2704//840 2692//811
f 2487//611 2314//593 2313//593
f 2489//611 2318//593 2317//593
f 2488//611 2317//593 2314//593
f 2507//611 2330//593 2329//593
f 2509//611 2334//593 2333//593
f 2508//611 2333//593 2330//593
f 2490//611 2329//593 2318//593
f 2559//611 2390//593 2389//593
f 2561//611 2394//741 2393//593
f 2560//611 2393//593 2390//593
f 2580//771 2406//729 2405//731
f 2579//841 2405//731 2402//734
f 2602//219 2417//219 2601//729
f 2606//219 2421//219 2605//219
f 2605//219 2418//219 2602//219
f 2394//741 2579//798 2402//842
f 2601//729 2406//729 2581//770
f 2694//219 2465//219 2693//219
f 2698//219 2469//219 2697//219
f 2697//219 2466//219 2694//219
f 2722//219 2481//219 2721//219
f 2726//219 2485//219 2725//219
f 2725//219 2482//219 2722//219
f 2721//219 2470//219 2698//219
f 2614//625 2537//625 2613//625
f 2618//625 2541//625 2617//625
f 2617//625 2538//625 2614//625
f 2630//700 2553//625 2629//695
f 2634//709 2557//697 2633//805
f 2633//805 2554//696 2630//700
f 2629//695 2542//625 2618//625
f 2425//219 2368//219 2370//219
f 2433//219 2376//219 2378//219
f 2431//219 2370//219 2376//219
f 2457//219 2412//219 2414//219
f 2465//219 2420//219 2422//219
f 2463//219 2414//219 2420//219
f 2455//219 2378//219 2412//219
f 2678//808 2595//779 2677//708
f 2682//834 2599//782 2681//707
f 2681//707 2596//702 2678//808
f 2695//814 2606//219 2608//788
f 2701//818 2608//788 2612//791
f 2682//834 2612//843 2600//780
f 2294//78 2335//78 2292//78
f 2302//78 2343//78 2300//78
f 2300//78 2337//78 2294//78
f 2326//78 2379//78 2324//78
f 2334//593 2387//591 2332//591
f 2332//591 2381//78 2326//78
f 2324//78 2345//78 2302//78
f 2567//605 2520//605 2522//605
f 2520//605 2563//605 2518//605
f 2563//605 2510//611 2518//605
f 2526//609 2567//605 2522//605
f 2550//765 2585//774 2548//760
f 2595//779 2556//844 2558//701
f 2556//844 2587//772 2550//765
f 2585//774 2526//609 2548//760
f 2679//707 2634//709 2636//704
f 2687//809 2642//707 2644//809
f 2685//707 2636//704 2642//707
f 2707//707 2666//809 2668//707
f 2715//707 2674//809 2676//707
f 2713//809 2668//707 2674//809
f 2705//809 2644//809 2666//809
f 2677//708 2558//701 2634//709
f 2510//611 2389//593 2334//593
f 2693//219 2422//219 2606//219
f 2734//68 2735//68 2733//68
f 2738//68 2739//68 2737//68
f 2742//68 2743//68 2741//68
f 2746//68 2747//68 2745//68
f 2736//68 2741//68 2735//68
f 2740//68 2745//68 2739//68
f 2737//68 2736//68 2734//68
f 2745//68 2744//68 2742//68
f 2739//68 2742//68 2736//68
f 2750//68 2751//68 2749//68
f 2754//68 2755//68 2753//68
f 2758//68 2759//68 2757//68
f 2762//68 2763//68 2761//68
f 2752//68 2757//68 2751//68
f 2756//68 2761//68 2755//68
f 2753//68 2752//68 2750//68
f 2761//68 2760//68 2758//68
f 2755//68 2758//68 2752//68
f 2766//68 2767//68 2765//68
f 2770//68 2771//68 2769//68
f 2774//68 2775//68 2773//68
f 2778//68 2779//68 2777//68
f 2768//68 2773//68 2767//68
f 2772//68 2777//68 2771//68
f 2769//68 2768//68 2766//68
f 2777//68 2776//68 2774//68
f 2771//68 2774//68 2768//68
f 2782//68 2783//68 2781//68
f 2786//68 2787//68 2785//68
f 2790//68 2791//68 2789//68
f 2794//68 2795//68 2793//68
f 2784//68 2789//68 2783//68
f 2788//68 2793//68 2787//68
f 2785//68 2784//68 2782//68
f 2793//68 2792//68 2790//68
f 2787//68 2790//68 2784//68
f 2744//68 2765//68 2743//68
f 2748//68 2769//68 2747//68
f 2747//68 2766//68 2744//68
f 2760//68 2781//68 2759//68
f 2764//68 2785//68 2763//68
f 2763//68 2782//68 2760//68
f 2749//68 2740//68 2738//68
f 2757//68 2748//68 2746//68
f 2751//68 2746//68 2740//68
f 2781//68 2772//68 2770//68
f 2789//68 2780//68 2778//68
f 2783//68 2778//68 2772//68
f 2759//68 2770//68 2748//68
f 2798//68 2799//68 2797//68
f 2802//68 2803//68 2801//68
f 2806//68 2807//68 2805//68
f 2810//68 2811//68 2809//68
f 2800//68 2805//68 2799//68
f 2804//68 2809//68 2803//68
f 2801//68 2800//68 2798//68
f 2809//68 2808//68 2806//68
f 2803//68 2806//68 2800//68
f 2814//845 2815//846 2813//68
f 2819//847 2822//848 2821//849
f 2815//846 2820//850 2819//847
f 2814//845 2818//851 2816//852
f 2830//853 2827//854 2828//855
f 2834//853 2831//855 2832//855
f 2838//856 2835//857 2836//856
f 2842//856 2839//856 2840//856
f 2836//856 2823//858 2824//859
f 2840//856 2825//860 2826//860
f 2830//853 2823//858 2829//861
f 2834//853 2825//860 2833//853
f 2833//853 2828//855 2831//855
f 2841//856 2836//856 2839//856
f 2833//853 2824//859 2830//853
f 2839//856 2824//859 2825//860
f 2844//68 2845//68 2843//68
f 2848//862 2849//863 2847//68
f 2852//863 2853//863 2851//68
f 2846//68 2851//68 2845//68
f 2849//863 2856//864 2855//865
f 2847//68 2846//68 2844//68
f 2852//863 2857//864 2854//865
f 2849//863 2852//863 2846//68
f 2869//866 2866//867 2868//868
f 2871//866 2866//867 2867//866
f 2875//866 2872//866 2874//866
f 2877//866 2872//866 2873//866
f 2869//866 2858//867 2859//866
f 2875//866 2860//866 2861//866
f 2871//866 2862//867 2870//869
f 2877//866 2864//866 2876//866
f 2874//866 2867//866 2869//866
f 2876//866 2867//866 2872//866
f 2876//866 2863//866 2871//866
f 2874//866 2859//866 2860//866
f 2884//870 2881//871 2883//872
f 2886//873 2881//871 2882//874
f 2890//870 2887//874 2889//870
f 2892//875 2887//874 2888//874
f 2889//870 2882//874 2884//870
f 2891//875 2882//874 2887//874
f 2808//68 2843//68 2807//68
f 2812//68 2847//68 2811//68
f 2811//68 2844//68 2808//68
f 2821//849 2879//876 2878//877
f 2884//870 2837//878 2838//856
f 2890//870 2841//856 2842//856
f 2889//870 2838//856 2841//856
f 2813//68 2804//68 2802//68
f 2819//847 2812//68 2810//68
f 2815//846 2810//68 2804//68
f 2848//862 2880//879 2850//865
f 2886//873 2858//867 2885//880
f 2892//875 2860//866 2891//875
f 2891//875 2859//866 2886//873
f 2827//854 2818//881 2817//882
f 2837//878 2820//883 2835//857
f 2818//884 2823//884 2816//884
f 2823//858 2820//883 2816//885
f 2856//886 2866//867 2855//887
f 2866//867 2857//886 2855//887
f 2857//886 2862//867 2854//887
f 2858//867 2856//886 2850//887
f 2879//888 2881//871 2878//889
f 2881//871 2880//890 2878//889
f 2880//890 2858//867 2850//887
f 2837//878 2879//891 2822//892
f 2821//849 2848//862 2812//68
f 2900//853 2897//855 2898//855
f 2904//853 2901//855 2902//855
f 2908//856 2905//856 2906//856
f 2912//856 2909//856 2910//856
f 2906//856 2893//859 2894//860
f 2910//856 2895//860 2896//859
f 2900//853 2893//859 2899//853
f 2904//853 2895//860 2903//853
f 2903//853 2898//855 2901//855
f 2911//856 2906//856 2909//856
f 2903//853 2894//860 2900//853
f 2909//856 2894//860 2895//860
f 2920//853 2917//855 2918//855
f 2924//853 2921//855 2922//855
f 2928//856 2925//856 2926//856
f 2932//856 2929//856 2930//856
f 2926//856 2913//859 2914//859
f 2930//856 2915//860 2916//859
f 2920//853 2913//859 2919//853
f 2924//853 2915//860 2923//853
f 2923//853 2918//855 2921//855
f 2931//856 2926//856 2929//856
f 2923//853 2914//859 2920//853
f 2929//856 2914//859 2915//860
f 2944//866 2941//866 2943//866
f 2946//866 2941//866 2942//866
f 2950//866 2947//866 2949//866
f 2952//866 2947//866 2948//866
f 2944//866 2933//866 2934//866
f 2950//866 2935//866 2936//866
f 2946//866 2937//866 2945//866
f 2952//866 2939//866 2951//866
f 2949//866 2942//866 2944//866
f 2951//866 2942//866 2947//866
f 2951//866 2938//866 2946//866
f 2949//866 2934//866 2935//866
f 2964//866 2961//866 2963//866
f 2966//866 2961//866 2962//866
f 2970//866 2967//866 2969//866
f 2972//866 2967//866 2968//866
f 2964//866 2953//866 2954//866
f 2970//866 2955//866 2956//866
f 2966//866 2957//866 2965//866
f 2972//866 2959//866 2971//866
f 2969//866 2962//866 2964//866
f 2971//866 2962//866 2967//866
f 2971//866 2958//866 2966//866
f 2969//866 2954//866 2955//866
f 2976//870 2973//874 2975//870
f 2978//875 2973//874 2974//874
f 2982//870 2979//874 2981//870
f 2984//875 2979//874 2980//874
f 2981//870 2974//874 2976//870
f 2983//893 2974//874 2979//874
f 2988//870 2985//874 2987//870
f 2990//873 2985//874 2986//874
f 2994//870 2991//874 2993//870
f 2996//873 2991//874 2992//874
f 2993//870 2986//874 2988//870
f 2995//893 2986//874 2991//874
f 2976//870 2907//856 2908//856
f 2982//870 2911//856 2912//856
f 2981//870 2908//856 2911//856
f 2988//870 2927//856 2928//856
f 2994//870 2931//856 2932//856
f 2993//870 2928//856 2931//856
f 2978//875 2933//866 2977//873
f 2984//875 2935//866 2983//893
f 2983//893 2934//866 2978//875
f 2990//873 2953//866 2989//873
f 2996//873 2955//866 2995//893
f 2995//893 2954//866 2990//873
f 2919//853 2902//855 2917//855
f 2927//856 2910//856 2925//856
f 2919//853 2896//859 2904//853
f 2925//856 2896//859 2913//859
f 2963//866 2948//866 2950//866
f 2965//866 2948//866 2961//866
f 2965//866 2940//866 2952//866
f 2963//866 2936//866 2953//866
f 2987//870 2980//874 2982//870
f 2989//873 2980//874 2985//874
f 2989//873 2936//866 2984//875
f 2987//870 2912//856 2927//856
f 2998//68 2999//894 2997//68
f 3002//68 3003//895 3001//68
f 2999//894 3006//896 3005//897
f 3003//895 3008//898 3007//899
f 3001//68 3000//900 2998//68
f 3000//900 3007//899 3006//896
f 3012//695 3009//901 3011//902
f 3016//705 3013//625 3015//903
f 3020//904 3017//905 3019//906
f 3024//907 3021//698 3023//908
f 3018//909 3011//902 3017//905
f 3022//706 3015//903 3021//698
f 3015//903 3010//625 3012//695
f 3023//908 3018//909 3020//904
f 3021//698 3012//695 3018//909
f 3026//68 3027//910 3025//68
f 3029//911 3032//912 3031//913
f 3027//910 3034//914 3033//915
f 3029//911 3028//916 3026//68
f 3028//916 3035//917 3034//914
f 3039//918 3036//919 3038//920
f 3043//918 3040//921 3042//918
f 3047//922 3044//923 3046//924
f 3051//925 3048//926 3050//925
f 3053//921 3036//919 3037//921
f 3055//921 3040//921 3041//921
f 3053//921 3046//924 3052//927
f 3055//921 3050//925 3054//921
f 3042//918 3037//921 3039//918
f 3050//925 3045//928 3047//922
f 3054//921 3047//922 3053//921
f 3054//921 3037//921 3040//921
f 3025//68 3004//929 3002//68
f 3004//929 3033//915 3008//898
f 3045//928 3019//906 3044//923
f 3049//926 3023//908 3048//926
f 3048//926 3020//904 3045//928
f 3011//902 3005//930 3006//931
f 3019//906 3007//932 3008//933
f 3017//905 3006//931 3007//932
f 3032//934 3036//919 3031//935
f 3046//924 3033//936 3034//937
f 3035//938 3046//924 3034//937
f 3036//939 3035//939 3031//939
f 3044//923 3008//933 3033//936
f 3059//708 3056//701 3058//709
f 3063//707 3060//702 3062//704
f 3067//940 3064//704 3066//940
f 3071//940 3068//707 3070//940
f 3065//707 3058//709 3064//704
f 3069//707 3062//704 3068//707
f 3062//704 3057//703 3059//708
f 3070//940 3065//707 3067//940
f 3068//707 3059//708 3065//707
f 3075//809 3072//707 3074//809
f 3079//809 3076//809 3078//809
f 3083//940 3080//707 3082//940
f 3087//940 3084//707 3086//940
f 3081//707 3074//809 3080//707
f 3085//707 3078//809 3084//707
f 3078//809 3073//707 3075//809
f 3086//940 3081//707 3083//940
f 3084//707 3075//809 3081//707
f 3091//918 3088//921 3090//918
f 3095//918 3092//921 3094//918
f 3099//925 3096//926 3098//925
f 3103//925 3100//926 3102//925
f 3105//921 3088//921 3089//921
f 3107//921 3092//921 3093//921
f 3105//921 3098//925 3104//921
f 3107//921 3102//925 3106//921
f 3094//918 3089//921 3091//918
f 3102//925 3097//926 3099//925
f 3106//921 3099//925 3105//921
f 3106//921 3089//921 3092//921
f 3111//918 3108//921 3110//918
f 3115//918 3112//921 3114//918
f 3119//925 3116//926 3118//925
f 3123//925 3120//926 3122//925
f 3125//921 3108//921 3109//921
f 3127//921 3112//921 3113//921
f 3125//921 3118//925 3124//921
f 3127//921 3122//925 3126//921
f 3114//918 3109//921 3111//918
f 3122//925 3117//926 3119//925
f 3126//921 3119//925 3125//921
f 3126//921 3109//921 3112//921
f 3097//926 3066//940 3096//926
f 3101//926 3070//940 3100//926
f 3100//926 3067//940 3097//926
f 3117//926 3082//940 3116//926
f 3121//926 3086//940 3120//926
f 3120//926 3083//940 3117//926
f 3074//809 3061//941 3063//707
f 3082//940 3069//707 3071//940
f 3080//707 3063//707 3069//707
f 3110//918 3093//921 3095//918
f 3118//925 3101//926 3103//925
f 3124//921 3103//925 3107//921
f 3124//921 3093//921 3108//921
f 3116//926 3071//940 3101//926
f 3134//866 3131//942 3133//868
f 3136//943 3131//942 3132//944
f 3140//866 3137//944 3139//866
f 3142//943 3137//944 3138//944
f 3139//866 3132//944 3134//866
f 3141//943 3132//944 3137//944
f 3129//886 3131//942 3128//945
f 3131//942 3130//946 3128//945
f 3146//866 3143//944 3145//866
f 3148//943 3143//944 3144//944
f 3152//866 3149//944 3151//866
f 3154//943 3149//944 3150//944
f 3151//866 3144//944 3146//866
f 3153//943 3144//944 3149//944
f 3158//866 3155//944 3157//866
f 3160//943 3155//944 3156//944
f 3164//866 3161//944 3163//866
f 3166//943 3161//944 3162//944
f 3163//866 3156//944 3158//866
f 3165//943 3156//944 3161//944
f 3157//866 3150//944 3152//866
f 3159//943 3150//944 3155//944
f 2776//68 2997//68 2775//68
f 2780//68 3001//68 2779//68
f 2779//68 2998//68 2776//68
f 2792//68 3025//68 2791//68
f 2796//68 3029//911 2795//68
f 2795//68 3026//68 2792//68
f 2791//68 3002//68 2780//68
f 2853//863 3129//864 3128//947
f 3134//866 2862//867 2863//866
f 3140//866 2864//866 2865//866
f 3139//866 2863//866 2864//866
f 2862//867 3129//886 2854//887
f 3146//866 2937//866 2938//866
f 3152//866 2939//866 2940//866
f 3151//866 2938//866 2939//866
f 3158//866 2957//866 2958//866
f 3164//866 2959//866 2960//866
f 3163//866 2958//866 2959//866
f 3157//866 2940//866 2957//866
f 2797//68 2756//68 2754//68
f 2805//68 2764//68 2762//68
f 2799//68 2762//68 2756//68
f 2843//68 2788//68 2786//68
f 2851//68 2796//68 2794//68
f 2845//68 2794//68 2788//68
f 2807//68 2786//68 2764//68
f 3030//948 3130//949 3032//912
f 3136//943 3038//920 3135//950
f 3142//943 3042//918 3141//943
f 3141//943 3039//918 3136//943
f 3130//946 3038//920 3032//934
f 3148//943 3090//918 3147//943
f 3154//943 3094//918 3153//943
f 3153//943 3091//918 3148//943
f 3160//943 3110//918 3159//943
f 3166//943 3114//918 3165//943
f 3165//943 3111//918 3160//943
f 3159//943 3095//918 3154//943
f 2899//853 2832//855 2897//855
f 2907//856 2840//856 2905//856
f 2899//853 2826//860 2834//853
f 2905//856 2826//860 2893//859
f 2943//866 2873//866 2875//866
f 2945//866 2873//866 2941//866
f 2945//866 2865//866 2877//866
f 2943//866 2861//866 2933//866
f 2975//870 2888//874 2890//870
f 2977//873 2888//874 2973//874
f 2977//873 2861//866 2892//875
f 2975//870 2842//856 2907//856
f 3058//709 3014//697 3016//705
f 3066//940 3022//706 3024//907
f 3064//704 3016//705 3022//706
f 3090//918 3041//921 3043//918
f 3098//925 3049//926 3051//925
f 3104//921 3051//925 3055//921
f 3104//921 3041//921 3088//921
f 3096//926 3024//907 3049//926
f 3145//866 3138//944 3140//866
f 3147//943 3138//944 3143//944
f 3147//943 3043//918 3142//943
f 3145//866 2865//866 2937//866
f 2853//863 3030//948 2796//68
f 3170//219 3167//219 3169//219
f 3174//219 3171//219 3173//219
f 3178//219 3175//219 3177//219
f 3182//219 3179//219 3181//219
f 3176//219 3169//219 3175//219
f 3180//219 3173//219 3179//219
f 3173//219 3168//219 3170//219
f 3181//219 3176//219 3178//219
f 3179//219 3170//219 3176//219
f 3186//219 3183//219 3185//219
f 3190//219 3187//219 3189//219
f 3194//219 3191//219 3193//219
f 3198//219 3195//219 3197//219
f 3192//219 3185//219 3191//219
f 3196//219 3189//219 3195//219
f 3189//219 3184//219 3186//219
f 3197//219 3192//219 3194//219
f 3195//219 3186//219 3192//219
f 3202//219 3199//219 3201//219
f 3206//219 3203//219 3205//219
f 3210//219 3207//219 3209//219
f 3214//219 3211//219 3213//219
f 3208//219 3201//219 3207//219
f 3212//219 3205//219 3211//219
f 3205//219 3200//219 3202//219
f 3213//219 3208//219 3210//219
f 3211//219 3202//219 3208//219
f 3218//219 3215//219 3217//219
f 3222//219 3219//219 3221//219
f 3226//219 3223//219 3225//219
f 3230//219 3227//219 3229//219
f 3224//219 3217//219 3223//219
f 3228//219 3221//219 3227//219
f 3221//219 3216//219 3218//219
f 3229//219 3224//219 3226//219
f 3227//219 3218//219 3224//219
f 3200//219 3177//219 3199//219
f 3204//219 3181//219 3203//219
f 3203//219 3178//219 3200//219
f 3216//219 3193//219 3215//219
f 3220//219 3197//219 3219//219
f 3219//219 3194//219 3216//219
f 3185//219 3172//219 3174//219
f 3193//219 3180//219 3182//219
f 3191//219 3174//219 3180//219
f 3217//219 3204//219 3206//219
f 3225//219 3212//219 3214//219
f 3223//219 3206//219 3212//219
f 3215//219 3182//219 3204//219
f 3238//853 3235//855 3236//855
f 3242//853 3239//855 3240//855
f 3246//856 3243//856 3244//856
f 3250//856 3247//856 3248//856
f 3244//856 3231//859 3232//860
f 3248//856 3233//859 3234//860
f 3238//853 3231//859 3237//853
f 3242//853 3233//859 3241//853
f 3241//853 3236//855 3239//855
f 3249//856 3244//856 3247//856
f 3241//853 3232//860 3238//853
f 3247//856 3232//860 3233//859
f 3258//853 3255//855 3256//855
f 3262//853 3259//855 3260//855
f 3266//856 3263//856 3264//856
f 3270//856 3267//856 3268//856
f 3264//856 3251//859 3252//859
f 3268//856 3253//859 3254//860
f 3258//853 3251//859 3257//853
f 3262//853 3253//859 3261//853
f 3261//853 3256//855 3259//855
f 3269//856 3264//856 3267//856
f 3261//853 3252//859 3258//853
f 3267//856 3252//859 3253//859
f 3282//866 3279//866 3281//866
f 3284//866 3279//866 3280//866
f 3288//866 3285//866 3287//866
f 3290//866 3285//866 3286//866
f 3282//866 3271//866 3272//866
f 3288//866 3273//866 3274//866
f 3284//866 3275//866 3283//866
f 3290//866 3277//866 3289//866
f 3287//866 3280//866 3282//866
f 3289//866 3280//866 3285//866
f 3289//866 3276//866 3284//866
f 3287//866 3272//866 3273//866
f 3302//866 3299//866 3301//866
f 3304//866 3299//866 3300//866
f 3308//866 3305//866 3307//866
f 3310//866 3305//866 3306//866
f 3302//866 3291//866 3292//866
f 3308//866 3293//866 3294//866
f 3304//866 3295//866 3303//866
f 3310//866 3297//866 3309//866
f 3307//866 3300//866 3302//866
f 3309//866 3300//866 3305//866
f 3309//866 3296//866 3304//866
f 3307//866 3292//866 3293//866
f 3314//870 3311//874 3313//870
f 3316//893 3311//874 3312//874
f 3320//870 3317//874 3319//870
f 3322//893 3317//874 3318//874
f 3319//870 3312//874 3314//870
f 3321//873 3312//874 3317//874
f 3326//870 3323//874 3325//870
f 3328//873 3323//874 3324//874
f 3332//870 3329//874 3331//870
f 3334//875 3329//874 3330//874
f 3331//870 3324//874 3326//870
f 3333//873 3324//874 3329//874
f 3314//870 3245//856 3246//856
f 3320//870 3249//856 3250//856
f 3319//870 3246//856 3249//856
f 3326//870 3265//856 3266//856
f 3332//870 3269//856 3270//856
f 3331//870 3266//856 3269//856
f 3316//893 3271//866 3315//873
f 3322//893 3273//866 3321//873
f 3321//873 3272//866 3316//893
f 3328//873 3291//866 3327//873
f 3334//875 3293//866 3333//873
f 3333//873 3292//866 3328//873
f 3257//853 3240//855 3255//855
f 3265//856 3248//856 3263//856
f 3257//853 3234//860 3242//853
f 3263//856 3234//860 3251//859
f 3301//866 3286//866 3288//866
f 3303//866 3286//866 3299//866
f 3303//866 3278//866 3290//866
f 3301//866 3274//866 3291//866
f 3325//870 3318//874 3320//870
f 3327//873 3318//874 3323//874
f 3327//873 3274//866 3322//893
f 3325//870 3250//856 3265//856
f 3338//219 3335//219 3337//219
f 3342//219 3339//219 3341//219
f 3346//219 3343//219 3345//219
f 3350//219 3347//219 3349//219
f 3344//219 3337//219 3343//219
f 3348//219 3341//219 3347//219
f 3341//219 3336//219 3338//219
f 3349//219 3344//219 3346//219
f 3347//219 3338//219 3344//219
f 3358//853 3355//855 3356//855
f 3360//951 3361//853 3359//952
f 3366//856 3363//856 3364//856
f 3370//953 3367//856 3368//954
f 3364//856 3351//859 3352//859
f 3368//954 3353//860 3354//955
f 3358//853 3351//859 3357//853
f 3362//956 3353//860 3361//853
f 3361//853 3356//855 3359//952
f 3369//856 3364//856 3367//856
f 3361//853 3352//859 3358//853
f 3367//856 3352//859 3353//860
f 3373//957 3372//958 3371//219
f 3380//959 3377//960 3379//961
f 3378//962 3373//957 3377//960
f 3376//963 3372//958 3374//964
f 3392//866 3389//866 3391//866
f 3394//866 3389//866 3390//866
f 3398//965 3395//866 3397//866
f 3400//965 3395//866 3396//966
f 3392//866 3381//866 3382//866
f 3398//965 3383//866 3384//966
f 3394//866 3385//866 3393//866
f 3400//965 3387//866 3399//866
f 3397//866 3390//866 3392//866
f 3399//866 3390//866 3395//866
f 3399//866 3386//866 3394//866
f 3397//866 3382//866 3383//866
f 3404//219 3401//219 3403//219
f 3407//967 3406//968 3405//219
f 3411//967 3410//967 3409//219
f 3410//967 3403//219 3409//219
f 3414//969 3407//967 3413//970
f 3407//967 3402//219 3404//219
f 3415//969 3410//967 3412//970
f 3410//967 3407//967 3404//219
f 3419//870 3416//874 3418//870
f 3421//873 3416//874 3417//874
f 3425//971 3422//874 3424//870
f 3427//972 3422//874 3423//973
f 3424//870 3417//874 3419//870
f 3426//873 3417//874 3422//874
f 3402//219 3345//219 3401//219
f 3406//968 3349//219 3405//219
f 3405//219 3346//219 3402//219
f 3419//870 3365//856 3366//856
f 3425//971 3369//856 3370//953
f 3424//870 3366//856 3369//856
f 3429//974 3379//961 3428//975
f 3421//873 3381//866 3420//873
f 3427//972 3383//866 3426//873
f 3426//873 3382//866 3421//873
f 3373//957 3340//219 3342//219
f 3379//961 3348//219 3350//219
f 3377//960 3342//219 3348//219
f 3430//976 3406//968 3408//970
f 3376//977 3360//951 3375//978
f 3378//979 3370//953 3368//954
f 3376//977 3354//955 3362//956
f 3378//979 3354//955 3374//980
f 3414//981 3396//966 3398//965
f 3415//981 3396//966 3413//982
f 3415//981 3388//966 3400//965
f 3414//981 3384//966 3408//982
f 3429//983 3423//973 3425//971
f 3430//984 3423//973 3428//985
f 3430//984 3384//966 3427//972
f 3429//983 3370//953 3380//986
f 3406//968 3379//961 3350//219
f 3434//809 3431//809 3433//809
f 3438//809 3435//809 3437//809
f 3442//940 3439//707 3441//940
f 3446//940 3443//707 3445//940
f 3440//707 3433//809 3439//707
f 3444//707 3437//809 3443//707
f 3437//809 3432//809 3434//809
f 3445//940 3440//707 3442//940
f 3443//707 3434//809 3440//707
f 3450//809 3447//809 3449//809
f 3454//809 3451//809 3453//809
f 3458//940 3455//707 3457//940
f 3462//940 3459//707 3461//940
f 3456//707 3449//809 3455//707
f 3460//707 3453//809 3459//707
f 3453//809 3448//809 3450//809
f 3461//940 3456//707 3458//940
f 3459//707 3450//809 3456//707
f 3466//918 3463//921 3465//918
f 3470//918 3467//921 3469//918
f 3474//925 3471//926 3473//925
f 3478//925 3475//926 3477//925
f 3480//921 3463//921 3464//921
f 3482//921 3467//921 3468//921
f 3480//921 3473//925 3479//921
f 3482//921 3477//925 3481//921
f 3469//918 3464//921 3466//918
f 3477//925 3472//926 3474//925
f 3481//921 3474//925 3480//921
f 3481//921 3464//921 3467//921
f 3486//918 3483//921 3485//918
f 3490//918 3487//921 3489//918
f 3494//925 3491//926 3493//925
f 3498//925 3495//926 3497//925
f 3500//921 3483//921 3484//921
f 3502//921 3487//921 3488//921
f 3500//921 3493//925 3499//921
f 3502//921 3497//925 3501//921
f 3489//918 3484//921 3486//918
f 3497//925 3492//926 3494//925
f 3501//921 3494//925 3500//921
f 3501//921 3484//921 3487//921
f 3472//926 3441//940 3471//926
f 3476//926 3445//940 3475//926
f 3475//926 3442//940 3472//926
f 3492//926 3457//940 3491//926
f 3496//926 3461//940 3495//926
f 3495//926 3458//940 3492//926
f 3449//809 3436//809 3438//809
f 3457//940 3444//707 3446//940
f 3455//707 3438//809 3444//707
f 3485//918 3468//921 3470//918
f 3493//925 3476//926 3478//925
f 3499//921 3478//925 3482//921
f 3499//921 3468//921 3483//921
f 3491//926 3446//940 3476//926
f 3506//809 3503//809 3505//809
f 3510//987 3507//809 3509//809
f 3514//940 3511//707 3513//940
f 3518//988 3515//707 3517//940
f 3512//707 3505//809 3511//707
f 3516//989 3509//809 3515//707
f 3509//809 3504//809 3506//809
f 3517//940 3512//707 3514//940
f 3515//707 3506//809 3512//707
f 3522//990 3519//219 3521//991
f 3526//992 3523//219 3525//993
f 3528//994 3521//991 3527//995
f 3530//996 3525//993 3529//997
f 3525//993 3520//219 3522//990
f 3529//997 3522//990 3528//994
f 3534//918 3531//921 3533//918
f 3538//998 3535//921 3537//918
f 3542//925 3539//926 3541//925
f 3546//999 3543//926 3545//925
f 3548//921 3531//921 3532//921
f 3550//1000 3535//921 3536//1001
f 3548//921 3541//925 3547//921
f 3550//1000 3545//925 3549//921
f 3537//918 3532//921 3534//918
f 3545//925 3540//926 3542//925
f 3549//921 3542//925 3548//921
f 3549//921 3532//921 3535//921
f 3554//1002 3551//219 3553//1003
f 3558//1004 3555//1005 3557//1006
f 3560//1007 3553//1003 3559//1008
f 3554//1002 3555//1005 3552//219
f 3561//1009 3554//1002 3560//1007
f 3540//926 3513//940 3539//926
f 3544//1010 3517//940 3543//926
f 3543//926 3514//940 3540//926
f 3553//1003 3524//219 3526//992
f 3559//1008 3526//992 3530//996
f 3510//987 3527//1011 3508//1012
f 3518//988 3529//1013 3516//989
f 3516//989 3528//1014 3510//987
f 3558//1015 3536//1001 3538//998
f 3546//999 3559//1016 3544//1010
f 3561//1017 3546//999 3550//1000
f 3561//1018 3536//1018 3557//1018
f 3544//1010 3530//1019 3518//988
f 3565//866 3562//944 3564//866
f 3567//943 3562//944 3563//944
f 3571//866 3568//944 3570//866
f 3573//943 3568//944 3569//944
f 3570//866 3563//944 3565//866
f 3572//943 3563//944 3568//944
f 3577//866 3574//944 3576//866
f 3579//943 3574//944 3575//944
f 3583//866 3580//944 3582//866
f 3585//943 3580//944 3581//944
f 3582//866 3575//944 3577//866
f 3584//943 3575//944 3580//944
f 3576//866 3569//944 3571//866
f 3578//943 3569//944 3574//944
f 3589//866 3586//944 3588//866
f 3591//943 3586//944 3587//944
f 3595//965 3592//944 3594//866
f 3597//1020 3592//944 3593//1021
f 3594//866 3587//944 3589//866
f 3596//943 3587//944 3592//944
f 3599//981 3593//1021 3595//965
f 3600//1022 3593//1021 3598//1023
f 3520//219 3209//219 3519//219
f 3524//219 3213//219 3523//219
f 3523//219 3210//219 3520//219
f 3552//219 3225//219 3551//219
f 3556//1024 3229//219 3555//1005
f 3555//1005 3226//219 3552//219
f 3551//219 3214//219 3524//219
f 3565//866 3275//866 3276//866
f 3571//866 3277//866 3278//866
f 3570//866 3276//866 3277//866
f 3577//866 3295//866 3296//866
f 3583//866 3297//866 3298//866
f 3582//866 3296//866 3297//866
f 3576//866 3278//866 3295//866
f 3589//866 3385//866 3386//866
f 3595//965 3387//866 3388//966
f 3594//866 3386//866 3387//866
f 3599//969 3411//967 3598//1025
f 3599//981 3388//966 3412//982
f 3567//943 3465//918 3566//943
f 3573//943 3469//918 3572//943
f 3572//943 3466//918 3567//943
f 3579//943 3485//918 3578//943
f 3585//943 3489//918 3584//943
f 3584//943 3486//918 3579//943
f 3578//943 3470//918 3573//943
f 3337//219 3188//219 3190//219
f 3345//219 3196//219 3198//219
f 3343//219 3190//219 3196//219
f 3403//219 3220//219 3222//219
f 3411//967 3228//219 3230//219
f 3409//219 3222//219 3228//219
f 3401//219 3198//219 3220//219
f 3591//943 3533//918 3590//943
f 3597//1020 3537//918 3596//943
f 3596//943 3534//918 3591//943
f 3600//1026 3556//1024 3558//1004
f 3600//1022 3538//998 3597//1020
f 3357//853 3260//855 3355//855
f 3365//856 3268//856 3363//856
f 3357//853 3254//860 3262//853
f 3363//856 3254//860 3351//859
f 3391//866 3306//866 3308//866
f 3393//866 3306//866 3389//866
f 3393//866 3298//866 3310//866
f 3391//866 3294//866 3381//866
f 3418//870 3330//874 3332//870
f 3420//873 3330//874 3416//874
f 3420//873 3294//866 3334//875
f 3418//870 3270//856 3365//856
f 3505//809 3452//809 3454//809
f 3513//940 3460//707 3462//940
f 3511//707 3454//809 3460//707
f 3533//918 3488//921 3490//918
f 3541//925 3496//926 3498//925
f 3547//921 3498//925 3502//921
f 3547//921 3488//921 3531//921
f 3539//926 3462//940 3496//926
f 3588//866 3581//944 3583//866
f 3590//943 3581//944 3586//944
f 3590//943 3490//918 3585//943
f 3588//866 3298//866 3385//866
f 3556//1024 3411//967 3230//219
f 269//68 1811//569 268//89
f 268//89 1809//573 265//92
f 1821//577 281//78 280//96
f 1825//78 285//78 284//78
f 1822//78 284//78 281//78
f 297//68 1837//68 296//68
f 301//68 1841//68 300//68
f 300//68 1838//68 297//68
f 265//1027 1821//577 280//96
f 296//68 1812//68 269//68
f 1897//78 345//78 344//78
f 1901//78 349//78 348//78
f 1898//78 348//78 345//78
f 1913//78 361//78 360//78
f 1917//78 365//78 364//78
f 1914//78 364//78 361//78
f 1902//78 360//78 349//78
f 409//68 1961//68 408//68
f 413//68 1965//68 412//68
f 412//68 1962//68 409//68
f 425//68 1977//68 424//68
f 429//68 1981//68 428//68
f 428//68 1978//68 425//68
f 424//68 1966//68 413//68
f 1826//78 344//78 285//78
f 408//68 1842//68 301//68
f 2271//78 688//78 687//78
f 2275//78 692//78 691//78
f 2272//78 691//78 688//78
f 2287//78 704//78 703//78
f 2291//78 708//78 707//78
f 2288//78 707//78 704//78
f 2276//78 703//78 692//78
f 2335//78 764//78 763//78
f 2339//78 768//247 767//78
f 2336//78 767//78 764//78
f 2354//219 779//236 2353//717
f 2351//722 779//236 776//239
f 2364//219 791//219 2363//219
f 2368//219 795//219 2367//219
f 2367//219 792//219 2364//219
f 2340//714 776//1028 768//247
f 2363//219 780//219 2354//219
f 2424//219 839//219 2423//219
f 2428//219 843//219 2427//219
f 2427//219 840//219 2424//219
f 2440//219 855//219 2439//219
f 2444//219 859//219 2443//219
f 2443//219 856//219 2440//219
f 2439//219 844//219 2428//219
f 2292//78 763//78 708//78
f 2423//219 796//219 2368//219
f 1160//68 2733//68 1159//68
f 1164//68 2737//68 1163//68
f 1163//68 2734//68 1160//68
f 1176//68 2749//68 1175//68
f 1180//68 2753//68 1179//68
f 1179//68 2750//68 1176//68
f 1175//68 2738//68 1164//68
f 1236//68 2797//68 1235//68
f 1240//68 2801//68 1239//68
f 1239//68 2798//68 1236//68
f 1250//404 2813//68 1249//68
f 1250//404 2817//1029 2814//845
f 2828//855 1263//415 1264//330
f 2832//855 1267//330 1268//330
f 2831//855 1264//330 1267//330
f 2827//854 1252//1030 1263//415
f 1249//68 2802//68 1240//68
f 2898//855 1311//330 1312//330
f 2902//855 1315//330 1316//330
f 2901//855 1312//330 1315//330
f 2918//855 1327//330 1328//330
f 2922//855 1331//330 1332//330
f 2921//855 1328//330 1331//330
f 2917//855 1316//330 1327//330
f 2897//855 1268//330 1311//330
f 1235//68 2754//68 1180//68
f 3168//219 1635//219 3167//219
f 3172//219 1639//219 3171//219
f 3171//219 1636//219 3168//219
f 3184//219 1651//219 3183//219
f 3188//219 1655//219 3187//219
f 3187//219 1652//219 3184//219
f 3183//219 1640//219 3172//219
f 3236//855 1699//330 1700//330
f 3240//855 1703//330 1704//330
f 3239//855 1700//330 1703//330
f 3256//855 1715//330 1716//330
f 3260//855 1719//330 1720//330
f 3259//855 1716//330 1719//330
f 3255//855 1704//330 1715//330
f 3336//219 1775//219 3335//219
f 3340//219 1779//219 3339//219
f 3339//219 1776//219 3336//219
f 3356//855 1791//333 1792//358
f 3360//951 1795//358 1796//546
f 3359//952 1792//358 1795//358
f 3372//958 1805//219 3371//219
f 3375//1031 1806//549 3372//958
f 1808//1032 3360//951 1796//546
f 3371//219 1780//219 3340//219
f 3355//855 1720//330 1791//333
f 3335//219 1656//219 3188//219
f 122//1033 863//277 124//47
f 136//5 869//283 135//52
f 140//5 873//5 139//5
f 139//5 870//5 136//5
f 135//52 861//301 122//63
f 1117//68 389//68 387//68
f 1125//68 397//68 395//68
f 1119//68 395//68 389//68
f 1149//68 421//68 419//68
f 1157//68 429//68 427//68
f 1151//68 427//68 421//68
f 1127//68 419//68 397//68
f 193//5 915//5 192//5
f 197//5 919//5 196//5
f 196//5 916//5 193//5
f 209//5 931//5 208//5
f 213//5 935//5 212//5
f 212//5 932//5 209//5
f 208//5 920//5 197//5
f 192//5 874//5 140//5
f 863//277 387//68 124//47
f 2733//68 1984//68 1982//68
f 2741//68 1992//68 1990//68
f 2735//68 1990//68 1984//68
f 2765//68 2016//68 2014//68
f 2773//68 2024//68 2022//68
f 2767//68 2022//68 2016//68
f 2743//68 2014//68 1992//68
f 2997//68 2186//1034 2184//68
f 2186//1034 3005//897 2190//679
f 3010//625 2201//685 3009//901
f 3014//697 2205//625 3013//625
f 3013//625 2202//625 3010//625
f 3009//901 2190//694 3005//930
f 3057//703 2249//625 3056//701
f 3061//941 2253//699 3060//702
f 3060//702 2250//697 3057//703
f 3073//707 2265//706 3072//707
f 3077//809 2269//707 3076//809
f 3076//809 2266//704 3073//707
f 3072//707 2254//698 3061//941
f 3056//701 2206//625 3014//697
f 2775//68 2184//68 2024//68
f 573//5 1333//5 572//5
f 577//5 1337//5 576//5
f 576//5 1334//5 573//5
f 589//5 1349//5 588//5
f 593//5 1353//5 592//5
f 592//5 1350//5 589//5
f 588//5 1338//5 577//5
f 632//5 1407//5 631//5
f 636//202 1411//5 635//5
f 635//5 1408//5 632//5
f 1426//429 642//1035 644//189
f 636//202 1424//1036 1412//424
f 1595//219 818//219 820//219
f 1603//219 826//219 828//219
f 1601//219 820//219 826//219
f 1627//219 850//219 852//219
f 1635//219 858//219 860//219
f 1633//219 852//219 858//219
f 1625//219 828//219 850//219
f 631//5 1354//5 593//5
f 1593//219 644//189 818//219
f 3432//809 2655//809 3431//809
f 3436//809 2659//809 3435//809
f 3435//809 2656//707 3432//809
f 3448//809 2671//707 3447//809
f 3452//809 2675//809 3451//809
f 3451//809 2672//707 3448//809
f 3447//809 2660//707 3436//809
f 3169//219 2444//219 2446//219
f 3177//219 2452//219 2454//219
f 3175//219 2446//219 2452//219
f 3201//219 2476//219 2478//219
f 3209//219 2484//219 2486//219
f 3207//219 2478//219 2484//219
f 3199//219 2454//219 2476//219
f 3504//809 2715//707 3503//809
f 3508//1012 2719//809 3507//809
f 3507//809 2716//707 3504//809
f 3521//991 2726//219 2728//826
f 3527//995 2728//826 2732//830
f 3508//1012 2732//1037 2720//822
f 3503//809 2676//707 3452//809
f 3519//219 2486//219 2726//219
f 434//141 59//5 57//32
f 430//145 57//32 51//36
f 454//5 83//5 81//5
f 462//5 91//5 89//5
f 456//5 89//5 83//5
f 436//5 81//5 59//5
f 521//5 169//5 167//5
f 177//5 533//5 179//5
f 181//5 531//5 177//5
f 169//5 535//5 181//5
f 562//5 205//5 203//5
f 570//5 213//5 211//5
f 564//5 211//5 205//5
f 533//5 203//5 179//5
f 325//78 645//206 323//111
f 333//78 653//78 331//78
f 331//78 647//78 325//78
f 357//78 677//78 355//78
f 365//78 685//78 363//78
f 363//78 679//78 357//78
f 355//78 655//78 333//78
f 464//5 167//5 91//5
f 51//135 645//206 430//253
f 1333//5 938//5 936//5
f 1341//5 946//5 944//5
f 1335//5 944//5 938//5
f 1371//5 979//5 977//5
f 985//5 1381//5 987//5
f 971//5 1371//5 977//5
f 987//5 1365//5 971//5
f 1343//5 985//5 946//5
f 1464//5 1068//5 1066//5
f 1472//5 1076//5 1074//5
f 1466//5 1074//5 1068//5
f 1496//5 1104//5 1102//5
f 1508//458 1116//361 1114//376
f 1104//1038 1504//467 1108//385
f 1508//458 1108//380 1504//461
f 1474//5 1102//5 1076//5
f 1659//361 1290//361 1657//361
f 1667//333 1298//358 1665//358
f 1665//358 1292//361 1659//361
f 1691//330 1322//330 1689//330
f 1699//330 1330//330 1697//330
f 1697//330 1324//330 1691//330
f 1689//330 1300//330 1667//333
f 1373//5 1066//5 979//5
f 1510//361 1290//361 1116//361
f 1920//78 2271//78 1918//78
f 1928//78 2279//78 1926//78
f 1926//78 2273//78 1920//78
f 1952//78 2303//78 1950//78
f 1960//593 2311//591 1958//591
f 1958//591 2305//78 1952//78
f 1950//78 2281//78 1928//78
f 2495//605 2112//605 2114//605
f 2112//605 2491//605 2110//605
f 2491//605 2102//611 2110//605
f 2118//609 2495//605 2114//605
f 2142//1039 2527//747 2140//656
f 2537//625 2148//661 2150//625
f 2535//751 2142//1039 2148//661
f 2527//747 2118//609 2140//656
f 2615//625 2228//625 2230//625
f 2623//700 2236//625 2238//695
f 2621//625 2230//625 2236//625
f 2647//782 2260//699 2262//702
f 2655//809 2268//704 2270//707
f 2653//707 2262//702 2268//704
f 2645//806 2238//695 2260//699
f 2613//625 2150//625 2228//625
f 2102//611 2313//593 1960//593
f 3237//853 2922//855 3235//855
f 3245//856 2930//856 3243//856
f 3237//853 2916//859 2924//853
f 3243//856 2916//859 3231//859
f 3281//866 2968//866 2970//866
f 3283//866 2968//866 3279//866
f 3283//866 2960//866 2972//866
f 3281//866 2956//866 3271//866
f 3313//870 2992//874 2994//870
f 3315//873 2992//874 3311//874
f 3315//873 2956//866 2996//873
f 3313//870 2932//856 3245//856
f 3433//809 3077//809 3079//809
f 3441//940 3085//707 3087//940
f 3439//707 3079//809 3085//707
f 3465//918 3113//921 3115//918
f 3473//925 3121//926 3123//925
f 3479//921 3123//925 3127//921
f 3479//921 3113//921 3463//921
f 3471//926 3087//940 3121//926
f 3564//866 3162//944 3164//866
f 3566//943 3162//944 3562//944
f 3566//943 3115//918 3166//943
f 3564//866 2960//866 3275//866
f 572//5 936//5 213//5
f 3431//809 2270//707 3077//809
f 1918//78 687//78 365//78
f 3235//855 1332//330 1699//330
f 1159//68 1982//68 429//68
f 3167//219 860//219 2444//219
f 9//1 11//5 10//2
f 13//4 15//5 14//5
f 5//7 9//1 8//3
f 7//9 13//4 12//6
f 12//6 14//5 11//5
f 6//10 12//6 9//1
f 21//5 23//5 22//11
f 25//5 27//5 26//5
f 29//5 31//5 30//13
f 33//5 35//5 34//5
f 23//5 29//5 28//14
f 27//5 33//5 32//5
f 24//5 26//5 23//5
f 32//5 34//5 31//5
f 26//5 32//5 29//5
f 11//5 21//5 20//12
f 15//5 25//5 24//5
f 14//5 24//5 21//5
f 8//3 10//2 3//15
f 1//17 4//8 8//3
f 20//12 22//11 17//18
f 28//14 30//13 19//20
f 22//11 28//14 18//21
f 10//2 20//12 16//19
f 41//22 43//5 42//5
f 45//24 47//5 46//5
f 37//26 41//22 40//23
f 39//28 45//24 44//25
f 44//25 46//5 43//5
f 38//29 44//25 41//22
f 53//30 55//5 54//5
f 57//32 59//5 58//5
f 49//34 53//30 52//31
f 51//36 57//32 56//33
f 56//33 58//5 55//5
f 50//37 56//33 53//30
f 61//5 63//5 62//5
f 65//5 67//5 66//5
f 69//5 71//5 70//5
f 73//5 75//5 74//5
f 63//5 69//5 68//5
f 67//5 73//5 72//5
f 64//5 66//5 63//5
f 72//5 74//5 71//5
f 66//5 72//5 69//5
f 77//5 79//5 78//5
f 81//5 83//5 82//5
f 85//5 87//5 86//5
f 89//5 91//5 90//5
f 79//5 85//5 84//5
f 83//5 89//5 88//5
f 80//5 82//5 79//5
f 88//5 90//5 87//5
f 82//5 88//5 85//5
f 43//5 61//5 60//5
f 47//5 65//5 64//5
f 46//5 64//5 61//5
f 55//5 77//5 76//5
f 59//5 81//5 80//5
f 58//5 80//5 77//5
f 52//31 54//5 47//5
f 48//35 52//31 45//24
f 76//5 78//5 67//5
f 84//5 86//5 75//5
f 78//5 84//5 73//5
f 54//5 76//5 65//5
f 98//5 100//5 99//38
f 102//5 104//5 103//5
f 107//40 108//5 110//5
f 109//41 110//5 106//5
f 113//5 114//5 116//5
f 115//5 116//5 112//5
f 100//5 108//5 107//40
f 104//5 114//5 113//5
f 101//5 103//5 100//5
f 108//5 113//5 115//5
f 110//5 115//5 111//5
f 103//5 113//5 108//5
f 117//43 118//49 120//44
f 121//46 122//1033 124//47
f 118//49 121//46 123//48
f 126//5 128//5 127//50
f 130//5 132//5 131//5
f 134//5 136//5 135//52
f 138//5 140//5 139//5
f 128//5 134//5 133//53
f 132//5 138//5 137//5
f 129//5 131//5 128//5
f 137//5 139//5 136//5
f 131//5 137//5 134//5
f 94//54 117//43 119//45
f 105//42 106//5 126//5
f 111//5 112//5 130//5
f 106//5 111//5 129//5
f 97//39 99//38 93//56
f 95//58 107//40 109//41
f 94//1040 96//59 109//41
f 99//38 107//40 95//58
f 125//51 127//50 118//61
f 133//53 135//52 122//63
f 127//50 133//53 121//64
f 94//60 105//42 125//51
f 142//5 144//5 143//5
f 146//5 148//5 147//5
f 152//5 153//5 155//5
f 150//5 154//5 155//5
f 149//5 151//5 155//5
f 156//5 157//5 159//5
f 160//5 161//5 157//5
f 144//5 153//5 152//5
f 147//5 148//5 161//5
f 145//5 147//5 144//5
f 149//5 156//5 158//5
f 149//5 153//5 160//5
f 144//5 147//5 160//5
f 163//5 165//5 164//5
f 167//5 169//5 168//5
f 170//5 171//5 173//5
f 174//5 175//5 171//5
f 176//5 177//5 179//5
f 180//5 181//5 177//5
f 164//5 165//5 175//5
f 168//5 169//5 181//5
f 166//5 168//5 165//5
f 171//5 176//5 178//5
f 175//5 180//5 176//5
f 165//5 168//5 180//5
f 183//5 185//5 184//5
f 187//5 189//5 188//5
f 191//5 193//5 192//5
f 195//5 197//5 196//5
f 185//5 191//5 190//5
f 189//5 195//5 194//5
f 186//5 188//5 185//5
f 194//5 196//5 193//5
f 188//5 194//5 191//5
f 199//5 201//5 200//5
f 203//5 205//5 204//5
f 207//5 209//5 208//5
f 211//5 213//5 212//5
f 201//5 207//5 206//5
f 205//5 211//5 210//5
f 202//5 204//5 201//5
f 210//5 212//5 209//5
f 204//5 210//5 207//5
f 150//5 151//5 183//5
f 159//5 187//5 186//5
f 158//5 186//5 183//5
f 173//5 199//5 198//5
f 179//5 203//5 202//5
f 178//5 202//5 199//5
f 162//5 164//5 148//5
f 157//5 170//5 172//5
f 161//5 174//5 170//5
f 148//5 164//5 174//5
f 198//5 200//5 189//5
f 206//5 208//5 197//5
f 200//5 206//5 195//5
f 172//5 198//5 187//5
f 217//65 219//68 218//66
f 223//68 225//68 224//69
f 219//68 223//68 222//70
f 216//67 218//66 215//71
f 222//70 224//69 221//73
f 218//66 222//70 220//74
f 228//75 229//78 227//76
f 232//78 233//78 231//79
f 236//81 237//78 235//78
f 240//78 241//78 239//78
f 234//82 235//78 229//78
f 238//78 239//78 233//78
f 229//78 232//78 230//80
f 237//78 240//78 238//78
f 235//78 238//78 232//78
f 243//83 245//68 244//68
f 247//85 249//68 248//68
f 251//68 253//68 252//68
f 255//68 257//68 256//68
f 245//68 251//68 250//68
f 249//68 255//68 254//68
f 246//86 248//68 245//68
f 254//68 256//68 253//68
f 248//68 254//68 251//68
f 261//68 263//68 262//87
f 267//68 269//68 268//89
f 263//68 267//68 266//89
f 260//88 262//87 259//90
f 266//89 268//89 265//92
f 262//87 266//89 264//93
f 272//94 273//78 271//78
f 276//78 277//78 275//78
f 280//96 281//78 279//78
f 284//78 285//78 283//78
f 278//97 279//78 273//78
f 282//78 283//78 277//78
f 273//78 276//78 274//78
f 281//78 284//78 282//78
f 279//78 282//78 276//78
f 287//68 289//68 288//68
f 291//68 293//68 292//68
f 295//68 297//68 296//68
f 299//68 301//68 300//68
f 289//68 295//68 294//68
f 293//68 299//68 298//68
f 290//68 292//68 289//68
f 298//68 300//68 297//68
f 292//68 298//68 295//68
f 225//68 261//68 260//88
f 224//69 260//88 258//91
f 270//95 271//78 237//78
f 274//78 275//78 241//78
f 271//78 274//78 240//78
f 253//68 287//68 286//68
f 257//68 291//68 290//68
f 256//68 290//68 287//68
f 242//84 244//68 219//68
f 250//68 252//68 225//68
f 244//68 250//68 223//68
f 286//68 288//68 263//68
f 294//68 296//68 269//68
f 288//68 294//68 267//68
f 214//98 215//100 228//75
f 220//99 221//104 236//81
f 215//100 220//99 234//82
f 258//101 259//103 272//94
f 264//102 265//1027 280//96
f 259//103 264//102 278//97
f 221//104 258//101 270//95
f 252//68 286//68 261//68
f 304//78 305//78 303//105
f 308//78 309//78 307//107
f 312//78 313//78 311//78
f 316//78 317//78 315//78
f 310//78 311//78 305//78
f 314//78 315//78 309//78
f 305//78 308//78 306//108
f 313//78 316//78 314//78
f 311//78 314//78 308//78
f 320//78 321//78 319//109
f 324//78 325//78 323//111
f 328//78 329//78 327//78
f 332//78 333//78 331//78
f 326//78 327//78 321//78
f 330//78 331//78 325//78
f 321//78 324//78 322//112
f 329//78 332//78 330//78
f 327//78 330//78 324//78
f 336//78 337//78 335//78
f 340//78 341//78 339//78
f 344//78 345//78 343//78
f 348//78 349//78 347//78
f 342//78 343//78 337//78
f 346//78 347//78 341//78
f 337//78 340//78 338//78
f 345//78 348//78 346//78
f 343//78 346//78 340//78
f 352//78 353//78 351//78
f 356//78 357//78 355//78
f 360//78 361//78 359//78
f 364//78 365//78 363//78
f 358//78 359//78 353//78
f 362//78 363//78 357//78
f 353//78 356//78 354//78
f 361//78 364//78 362//78
f 359//78 362//78 356//78
f 334//78 335//78 313//78
f 338//78 339//78 317//78
f 335//78 338//78 316//78
f 350//78 351//78 329//78
f 354//78 355//78 333//78
f 351//78 354//78 332//78
f 309//78 320//78 318//110
f 317//78 328//78 326//78
f 315//78 326//78 320//78
f 341//78 352//78 350//78
f 349//78 360//78 358//78
f 347//78 358//78 352//78
f 339//78 350//78 328//78
f 367//113 369//68 368//68
f 371//115 373//68 372//68
f 375//68 377//68 376//68
f 379//68 381//68 380//68
f 369//68 375//68 374//68
f 373//68 379//68 378//68
f 370//116 372//68 369//68
f 378//68 380//68 377//68
f 372//68 378//68 375//68
f 383//68 385//68 384//68
f 387//68 389//68 388//68
f 391//68 393//68 392//68
f 395//68 397//68 396//68
f 385//68 391//68 390//68
f 389//68 395//68 394//68
f 386//68 388//68 385//68
f 394//68 396//68 393//68
f 388//68 394//68 391//68
f 399//68 401//68 400//68
f 403//68 405//68 404//68
f 407//68 409//68 408//68
f 411//68 413//68 412//68
f 401//68 407//68 406//68
f 405//68 411//68 410//68
f 402//68 404//68 401//68
f 410//68 412//68 409//68
f 404//68 410//68 407//68
f 415//68 417//68 416//68
f 419//68 421//68 420//68
f 423//68 425//68 424//68
f 427//68 429//68 428//68
f 417//68 423//68 422//68
f 421//68 427//68 426//68
f 418//68 420//68 417//68
f 426//68 428//68 425//68
f 420//68 426//68 423//68
f 377//68 399//68 398//68
f 381//68 403//68 402//68
f 380//68 402//68 399//68
f 393//68 415//68 414//68
f 397//68 419//68 418//68
f 396//68 418//68 415//68
f 382//68 384//68 373//68
f 390//68 392//68 381//68
f 384//68 390//68 379//68
f 414//68 416//68 405//68
f 422//68 424//68 413//68
f 416//68 422//68 411//68
f 392//68 414//68 403//68
f 2//117 3//127 217//65
f 2//117 216//67 214//72
f 4//119 226//77 227//76
f 6//121 230//80 231//79
f 5//120 227//76 230//80
f 16//123 17//125 243//83
f 18//124 19//139 247//85
f 17//125 18//124 246//86
f 1//126 214//98 226//77
f 3//127 16//123 242//84
f 36//128 302//106 303//105
f 38//130 306//108 307//107
f 37//129 303//105 306//108
f 48//132 318//110 319//109
f 50//134 322//112 323//111
f 49//133 319//109 322//112
f 39//131 307//107 318//110
f 92//136 93//138 367//113
f 95//137 96//55 371//115
f 93//138 95//137 370//116
f 120//44 383//68 382//68
f 124//47 387//68 386//68
f 123//48 386//68 383//68
f 119//45 382//68 371//115
f 31//5 98//5 97//39
f 35//5 102//5 101//5
f 34//5 101//5 98//5
f 30//13 97//39 92//57
f 366//114 368//68 249//68
f 374//68 376//68 257//68
f 368//68 374//68 255//68
f 398//68 400//68 293//68
f 406//68 408//68 301//68
f 400//68 406//68 299//68
f 376//68 398//68 291//68
f 71//5 142//5 141//5
f 75//5 146//5 145//5
f 74//5 145//5 142//5
f 87//5 163//5 162//5
f 91//5 167//5 166//5
f 90//5 166//5 163//5
f 86//5 162//5 146//5
f 40//23 42//5 15//5
f 36//27 40//23 13//4
f 60//5 62//5 27//5
f 68//5 70//5 35//5
f 62//5 68//5 33//5
f 42//5 60//5 25//5
f 141//5 143//5 104//5
f 114//5 152//5 154//5
f 116//5 154//5 150//5
f 143//5 152//5 114//5
f 182//5 184//5 132//5
f 190//5 192//5 140//5
f 184//5 190//5 138//5
f 112//5 150//5 182//5
f 233//78 304//78 302//106
f 241//78 312//78 310//78
f 239//78 310//78 304//78
f 277//78 336//78 334//78
f 285//78 344//78 342//78
f 283//78 342//78 336//78
f 275//78 334//78 312//78
f 70//5 141//5 102//5
f 7//122 231//79 302//106
f 19//139 92//136 366//114
f 435//140 437//5 436//5
f 439//142 441//5 440//5
f 431//144 435//140 434//141
f 433//146 439//142 438//143
f 438//143 440//5 437//5
f 432//147 438//143 435//140
f 447//148 449//5 448//5
f 451//150 453//5 452//5
f 443//152 447//148 446//149
f 445//154 451//150 450//151
f 450//151 452//5 449//5
f 444//155 450//151 447//148
f 455//5 457//5 456//5
f 459//5 461//5 460//5
f 463//5 465//5 464//5
f 467//5 469//5 468//5
f 457//5 463//5 462//5
f 461//5 467//5 466//5
f 458//5 460//5 457//5
f 466//5 468//5 465//5
f 460//5 466//5 463//5
f 471//5 473//5 472//5
f 475//5 477//5 476//5
f 479//5 481//5 480//5
f 483//5 485//5 484//5
f 473//5 479//5 478//5
f 477//5 483//5 482//5
f 474//5 476//5 473//5
f 482//5 484//5 481//5
f 476//5 482//5 479//5
f 437//5 455//5 454//5
f 441//5 459//5 458//5
f 440//5 458//5 455//5
f 449//5 471//5 470//5
f 453//5 475//5 474//5
f 452//5 474//5 471//5
f 446//149 448//5 441//5
f 442//153 446//149 439//142
f 470//5 472//5 461//5
f 478//5 480//5 469//5
f 472//5 478//5 467//5
f 448//5 470//5 459//5
f 491//156 493//5 492//5
f 495//158 497//167 496//5
f 487//160 491//156 490//157
f 489//162 495//158 494//159
f 494//159 496//5 493//5
f 488//163 494//159 491//156
f 502//5 504//5 503//5
f 506//164 508//166 507//5
f 510//5 512//5 511//5
f 514//165 516//172 515//5
f 504//5 510//5 509//5
f 508//166 514//165 513//5
f 505//5 507//5 504//5
f 513//5 515//5 512//5
f 507//5 513//5 510//5
f 493//5 502//5 501//5
f 497//167 506//164 505//5
f 496//5 505//5 502//5
f 495//158 499//1041 500//168
f 498//169 499//1041 495//158
f 506//164 517//174 518//170
f 514//165 519//173 520//171
f 508//166 518//170 519//173
f 497//167 500//168 517//174
f 522//5 524//5 523//5
f 527//5 528//5 530//5
f 525//5 529//5 530//5
f 531//5 532//5 534//5
f 535//5 536//5 532//5
f 538//5 540//5 539//5
f 523//5 524//5 536//5
f 525//5 526//5 538//5
f 525//5 537//5 541//5
f 527//5 529//5 524//5
f 532//5 537//5 539//5
f 532//5 536//5 541//5
f 524//5 529//5 541//5
f 544//5 545//5 547//5
f 546//5 547//5 543//5
f 550//5 551//5 553//5
f 552//5 553//5 549//5
f 555//5 557//5 556//5
f 559//5 561//5 560//5
f 542//5 543//5 555//5
f 548//5 549//5 559//5
f 545//5 550//5 552//5
f 547//5 552//5 548//5
f 558//5 560//5 557//5
f 543//5 548//5 558//5
f 563//5 565//5 564//5
f 567//5 569//5 568//5
f 571//5 573//5 572//5
f 575//5 577//5 576//5
f 565//5 571//5 570//5
f 569//5 575//5 574//5
f 566//5 568//5 565//5
f 574//5 576//5 573//5
f 568//5 574//5 571//5
f 579//5 581//5 580//5
f 583//5 585//5 584//5
f 587//5 589//5 588//5
f 591//5 593//5 592//5
f 581//5 587//5 586//5
f 585//5 591//5 590//5
f 582//5 584//5 581//5
f 590//5 592//5 589//5
f 584//5 590//5 587//5
f 534//5 563//5 562//5
f 540//5 567//5 566//5
f 539//5 566//5 563//5
f 557//5 579//5 578//5
f 561//5 583//5 582//5
f 560//5 582//5 579//5
f 528//5 544//5 546//5
f 530//5 546//5 542//5
f 554//5 556//5 540//5
f 526//5 542//5 554//5
f 578//5 580//5 569//5
f 586//5 588//5 577//5
f 580//5 586//5 575//5
f 556//5 578//5 567//5
f 596//5 597//5 599//5
f 598//5 599//5 595//5
f 602//5 603//196 605//175
f 604//5 605//175 601//176
f 607//5 609//5 608//5
f 611//177 613//193 612//5
f 594//5 595//5 607//5
f 600//5 601//176 611//177
f 597//5 602//5 604//5
f 599//5 604//5 600//5
f 610//5 612//5 609//5
f 595//5 600//5 610//5
f 620//178 618//194 617//179
f 619//180 617//179 614//181
f 622//5 624//5 623//5
f 626//183 628//185 627//5
f 630//5 632//5 631//5
f 634//184 636//202 635//5
f 624//5 630//5 629//5
f 628//185 634//184 633//5
f 625//5 627//5 624//5
f 633//5 635//5 632//5
f 627//5 633//5 630//5
f 640//186 638//192 637//187
f 644//189 642//1035 641//190
f 643//191 641//190 638//192
f 609//5 622//5 621//5
f 613//193 626//183 625//5
f 612//5 625//5 622//5
f 639//188 637//187 618//194
f 615//195 616//1042 605//175
f 605//1043 616//1043 614//1043
f 611//177 617//199 618//198
f 601//176 614//197 617//199
f 626//183 637//204 638//200
f 634//184 641//203 642//201
f 628//185 638//200 641//203
f 613//193 618//198 637//204
f 647//78 648//78 646//205
f 651//78 652//78 650//207
f 655//78 656//78 654//78
f 659//78 660//78 658//78
f 653//78 654//78 648//78
f 657//78 658//78 652//78
f 648//78 651//78 649//208
f 656//78 659//78 657//78
f 654//78 657//78 651//78
f 663//78 664//78 662//209
f 667//78 668//78 666//211
f 671//78 672//78 670//78
f 675//78 676//78 674//78
f 669//78 670//78 664//78
f 673//78 674//78 668//78
f 664//78 667//78 665//212
f 672//78 675//78 673//78
f 670//78 673//78 667//78
f 679//78 680//78 678//78
f 683//78 684//78 682//78
f 687//78 688//78 686//78
f 691//78 692//78 690//78
f 685//78 686//78 680//78
f 689//78 690//78 684//78
f 680//78 683//78 681//78
f 688//78 691//78 689//78
f 686//78 689//78 683//78
f 695//78 696//78 694//78
f 699//78 700//78 698//78
f 703//78 704//78 702//78
f 707//78 708//78 706//78
f 701//78 702//78 696//78
f 705//78 706//78 700//78
f 696//78 699//78 697//78
f 704//78 707//78 705//78
f 702//78 705//78 699//78
f 677//78 678//78 656//78
f 681//78 682//78 660//78
f 678//78 681//78 659//78
f 693//78 694//78 672//78
f 697//78 698//78 676//78
f 694//78 697//78 675//78
f 652//78 663//78 661//210
f 660//78 671//78 669//78
f 658//78 669//78 663//78
f 684//78 695//78 693//78
f 692//78 703//78 701//78
f 690//78 701//78 695//78
f 682//78 693//78 671//78
f 711//78 712//78 710//213
f 715//78 716//218 714//215
f 719//78 720//78 718//78
f 723//78 724//241 722//217
f 717//78 718//78 712//78
f 721//78 722//217 716//218
f 712//78 715//78 713//216
f 720//78 723//78 721//78
f 718//78 721//78 715//78
f 730//219 728//242 727//220
f 736//219 734//219 733//222
f 734//219 730//219 729//221
f 726//224 729//221 727//220
f 732//226 735//223 733//222
f 731//227 733//222 729//221
f 740//219 738//230 737//228
f 744//219 742//268 741//229
f 748//219 746//219 745//219
f 752//219 750//219 749//219
f 746//219 740//219 739//219
f 750//219 744//219 743//219
f 743//219 741//229 738//230
f 751//219 749//219 746//219
f 749//219 743//219 740//219
f 755//78 756//78 754//78
f 759//78 760//233 758//231
f 763//78 764//78 762//78
f 767//78 768//247 766//232
f 761//78 762//78 756//78
f 765//78 766//232 760//233
f 756//78 759//78 757//78
f 764//78 767//78 765//78
f 762//78 765//78 759//78
f 774//219 772//219 771//234
f 780//219 778//219 777//236
f 778//219 774//219 773//235
f 770//237 773//235 771//234
f 776//239 779//236 777//236
f 775//240 777//236 773//235
f 784//219 782//219 781//219
f 788//219 786//219 785//219
f 792//219 790//219 789//219
f 796//219 794//219 793//219
f 790//219 784//219 783//219
f 794//219 788//219 787//219
f 787//219 785//219 782//219
f 795//219 793//219 790//219
f 793//219 787//219 784//219
f 753//78 754//78 720//78
f 757//78 758//231 724//241
f 754//78 757//78 723//78
f 772//219 736//219 735//223
f 769//238 771//234 735//223
f 782//219 748//219 747//219
f 786//219 752//219 751//219
f 785//219 751//219 748//219
f 739//219 737//228 728//242
f 747//219 745//219 734//219
f 745//219 739//219 730//219
f 783//219 781//219 772//219
f 791//219 789//219 778//219
f 789//219 783//219 774//219
f 716//218 726//245 725//243
f 724//241 732//250 731//244
f 722//217 731//244 726//245
f 760//233 770//249 769//246
f 768//247 776//1028 775//248
f 766//232 775//248 770//249
f 758//231 769//246 732//250
f 781//219 747//219 736//219
f 800//219 798//252 797//251
f 804//219 802//219 801//219
f 808//219 806//219 805//219
f 812//219 810//219 809//219
f 806//219 800//219 799//219
f 810//219 804//219 803//219
f 803//219 801//219 798//252
f 811//219 809//219 806//219
f 809//219 803//219 800//219
f 816//219 814//219 813//219
f 820//219 818//219 817//219
f 824//219 822//219 821//219
f 828//219 826//219 825//219
f 822//219 816//219 815//219
f 826//219 820//219 819//219
f 819//219 817//219 814//219
f 827//219 825//219 822//219
f 825//219 819//219 816//219
f 832//219 830//219 829//219
f 836//219 834//219 833//219
f 840//219 838//219 837//219
f 844//219 842//219 841//219
f 838//219 832//219 831//219
f 842//219 836//219 835//219
f 835//219 833//219 830//219
f 843//219 841//219 838//219
f 841//219 835//219 832//219
f 848//219 846//219 845//219
f 852//219 850//219 849//219
f 856//219 854//219 853//219
f 860//219 858//219 857//219
f 854//219 848//219 847//219
f 858//219 852//219 851//219
f 851//219 849//219 846//219
f 859//219 857//219 854//219
f 857//219 851//219 848//219
f 830//219 808//219 807//219
f 834//219 812//219 811//219
f 833//219 811//219 808//219
f 846//219 824//219 823//219
f 850//219 828//219 827//219
f 849//219 827//219 824//219
f 815//219 813//219 802//219
f 823//219 821//219 810//219
f 821//219 815//219 804//219
f 847//219 845//219 834//219
f 855//219 853//219 842//219
f 853//219 847//219 836//219
f 845//219 823//219 812//219
f 430//253 645//206 646//205
f 432//255 649//208 650//207
f 431//254 646//205 649//208
f 442//257 661//210 662//209
f 444//259 665//212 666//211
f 443//258 662//209 665//212
f 433//256 650//207 661//210
f 486//261 709//214 710//213
f 488//263 713//216 714//215
f 487//262 710//213 713//216
f 728//242 500//272 499//265
f 727//220 499//265 498//266
f 738//230 518//270 517//267
f 742//268 520//274 519//269
f 741//229 519//269 518//270
f 714//215 725//243 498//271
f 737//228 517//267 500//272
f 798//252 616//182 615//273
f 802//219 620//178 619//180
f 798//252 801//219 619//180
f 814//219 640//186 639//188
f 818//219 644//189 643//191
f 817//219 643//191 640//186
f 813//219 639//188 620//178
f 465//5 522//5 521//5
f 469//5 528//5 527//5
f 468//5 527//5 522//5
f 481//5 545//5 544//5
f 485//5 551//5 550//5
f 484//5 550//5 545//5
f 480//5 544//5 528//5
f 512//5 597//5 596//5
f 516//172 603//196 602//5
f 515//5 602//5 597//5
f 520//171 615//195 603//196
f 799//219 797//251 742//268
f 807//219 805//219 750//219
f 805//219 799//219 744//219
f 831//219 829//219 786//219
f 839//219 837//219 794//219
f 837//219 831//219 788//219
f 829//219 807//219 752//219
f 490//157 492//5 453//5
f 486//161 490//157 451//150
f 501//5 503//5 477//5
f 509//5 511//5 485//5
f 503//5 509//5 483//5
f 492//5 501//5 475//5
f 551//5 596//5 598//5
f 553//5 598//5 594//5
f 606//5 608//5 561//5
f 549//5 594//5 606//5
f 621//5 623//5 585//5
f 629//5 631//5 593//5
f 623//5 629//5 591//5
f 608//5 621//5 583//5
f 668//78 711//78 709//214
f 676//78 719//78 717//78
f 674//78 717//78 711//78
f 700//78 755//78 753//78
f 708//78 763//78 761//78
f 706//78 761//78 755//78
f 698//78 753//78 719//78
f 511//5 596//5 551//5
f 445//260 666//211 709//214
f 797//251 615//273 520//274
f 861//275 862//281 864//276
f 865//278 866//299 868//279
f 862//281 865//278 867//280
f 870//5 872//5 871//282
f 874//5 876//5 875//5
f 878//5 880//5 879//284
f 882//5 884//5 883//5
f 872//5 878//5 877//285
f 876//5 882//5 881//5
f 873//5 875//5 872//5
f 881//5 883//5 880//5
f 875//5 881//5 878//5
f 887//286 888//293 890//287
f 892//289 894//68 893//290
f 885//292 886//422 892//289
f 888//293 891//291 893//290
f 895//294 896//5 898//5
f 899//5 900//5 902//5
f 904//5 906//5 905//296
f 908//5 910//5 909//5
f 911//298 912//5 896//5
f 913//5 914//5 900//5
f 905//296 906//5 912//5
f 909//5 910//5 914//5
f 896//5 899//5 901//5
f 907//5 909//5 906//5
f 906//5 909//5 913//5
f 912//5 913//5 899//5
f 866//299 887//286 889//288
f 880//5 904//5 903//297
f 884//5 908//5 907//5
f 883//5 907//5 904//5
f 869//283 871//282 862//300
f 877//285 879//284 866//302
f 871//282 877//285 865//303
f 885//304 895//294 897//295
f 903//297 905//296 888//306
f 888//306 905//296 911//298
f 885//1044 891//308 911//298
f 879//284 903//297 887//307
f 916//5 918//5 917//5
f 920//5 922//5 921//5
f 924//5 926//5 925//5
f 928//5 930//5 929//5
f 918//5 924//5 923//5
f 922//5 928//5 927//5
f 919//5 921//5 918//5
f 927//5 929//5 926//5
f 921//5 927//5 924//5
f 932//5 934//5 933//5
f 936//5 938//5 937//5
f 940//5 942//5 941//5
f 944//5 946//5 945//5
f 934//5 940//5 939//5
f 938//5 944//5 943//5
f 935//5 937//5 934//5
f 943//5 945//5 942//5
f 937//5 943//5 940//5
f 951//5 952//5 954//5
f 956//5 958//5 957//5
f 959//5 960//5 962//5
f 963//5 964//5 966//5
f 947//5 961//5 962//5
f 965//5 966//5 950//5
f 947//5 948//5 952//5
f 949//5 950//5 956//5
f 955//5 957//5 954//5
f 960//5 963//5 965//5
f 948//5 949//5 955//5
f 962//5 965//5 949//5
f 947//5 951//5 967//5
f 973//5 975//5 974//5
f 977//5 979//5 978//5
f 980//5 981//5 983//5
f 984//5 985//5 987//5
f 982//5 983//5 969//5
f 986//5 987//5 971//5
f 968//5 969//5 973//5
f 970//5 971//5 977//5
f 976//5 978//5 975//5
f 981//5 984//5 986//5
f 969//5 970//5 976//5
f 983//5 986//5 970//5
f 926//5 960//5 959//5
f 930//5 964//5 963//5
f 929//5 963//5 960//5
f 942//5 981//5 980//5
f 946//5 985//5 984//5
f 945//5 984//5 981//5
f 931//5 933//5 922//5
f 939//5 941//5 930//5
f 933//5 939//5 928//5
f 972//5 974//5 958//5
f 964//5 980//5 982//5
f 950//5 968//5 972//5
f 966//5 982//5 968//5
f 941//5 980//5 964//5
f 993//309 995//68 994//68
f 997//311 999//68 998//68
f 988//313 989//315 993//309
f 990//314 991//345 997//311
f 996//312 998//68 995//68
f 989//315 990//314 996//312
f 1001//5 1003//5 1002//316
f 1005//5 1007//5 1006//5
f 1009//5 1011//5 1010//318
f 1013//5 1015//5 1014//5
f 1003//5 1009//5 1008//319
f 1007//5 1013//5 1012//5
f 1004//5 1006//5 1003//5
f 1012//5 1014//5 1011//5
f 1006//5 1012//5 1009//5
f 1020//320 1022//324 1021//68
f 1016//322 1017//326 1020//320
f 1020//320 1023//1045 1024//323
f 1018//325 1023//1045 1020//320
f 1026//5 1028//344 1027//327
f 1030//5 1032//423 1031//329
f 1040//330 1039//352 1037//331
f 1044//333 1043//330 1041//334
f 1038//332 1037//331 1033//336
f 1042//335 1041//334 1035//338
f 1027//327 1028//344 1034//340
f 1031//329 1032//423 1036//342
f 1029//5 1031//329 1028//344
f 1043//330 1040//330 1038//332
f 1028//344 1031//329 1035//343
f 1041//334 1038//332 1034//337
f 1019//321 1021//68 999//68
f 991//345 1016//322 1019//321
f 1011//5 1026//5 1025//328
f 1015//5 1030//5 1029//5
f 1014//5 1029//5 1026//5
f 1000//317 1002//316 989//346
f 1008//319 1010//318 991//348
f 1002//316 1008//319 990//349
f 1025//328 1027//327 1017//350
f 1039//352 1024//421 1023//353
f 1027//327 1033//341 1018//354
f 1037//331 1023//353 1018//355
f 1010//318 1025//328 1016//351
f 1046//5 1048//5 1047//5
f 1050//5 1052//5 1051//5
f 1054//5 1056//5 1055//5
f 1058//5 1060//5 1059//5
f 1048//5 1054//5 1053//5
f 1052//5 1058//5 1057//5
f 1049//5 1051//5 1048//5
f 1057//5 1059//5 1056//5
f 1051//5 1057//5 1054//5
f 1062//5 1064//5 1063//5
f 1066//5 1068//5 1067//5
f 1070//5 1072//5 1071//5
f 1074//5 1076//5 1075//5
f 1064//5 1070//5 1069//5
f 1068//5 1074//5 1073//5
f 1065//5 1067//5 1064//5
f 1073//5 1075//5 1072//5
f 1067//5 1073//5 1070//5
f 1078//5 1080//5 1079//356
f 1082//5 1084//5 1083//5
f 1090//357 1092//358 1091//358
f 1094//360 1096//361 1095//361
f 1090//357 1089//359 1085//363
f 1094//360 1093//362 1087//365
f 1079//356 1080//372 1086//367
f 1083//369 1084//388 1088//370
f 1081//5 1083//5 1080//5
f 1095//361 1092//358 1090//357
f 1080//372 1083//369 1087//371
f 1093//362 1090//357 1086//364
f 1098//5 1100//5 1099//5
f 1102//5 1104//5 1103//5
f 1110//373 1112//361 1111//361
f 1116//361 1115//361 1113//375
f 1110//373 1109//374 1105//377
f 1114//376 1113//375 1107//379
f 1099//381 1100//387 1106//382
f 1103//384 1104//1038 1108//385
f 1101//5 1103//5 1100//5
f 1115//361 1112//361 1110//373
f 1100//387 1103//384 1107//386
f 1113//375 1110//373 1106//378
f 1056//5 1078//5 1077//5
f 1060//5 1082//5 1081//5
f 1059//5 1081//5 1078//5
f 1072//5 1098//5 1097//5
f 1076//5 1102//5 1101//5
f 1075//5 1101//5 1098//5
f 1061//5 1063//5 1052//5
f 1069//5 1071//5 1060//5
f 1063//5 1069//5 1058//5
f 1097//5 1099//5 1084//5
f 1109//374 1111//361 1096//361
f 1084//388 1099//381 1105//383
f 1109//374 1094//360 1088//366
f 1071//5 1097//5 1082//5
f 1118//68 1120//68 1119//68
f 1122//68 1124//68 1123//68
f 1126//68 1128//68 1127//68
f 1130//68 1132//68 1131//68
f 1120//68 1126//68 1125//68
f 1124//68 1130//68 1129//68
f 1121//68 1123//68 1120//68
f 1129//68 1131//68 1128//68
f 1123//68 1129//68 1126//68
f 1134//68 1136//68 1135//68
f 1138//68 1140//68 1139//68
f 1142//68 1144//68 1143//68
f 1146//68 1148//68 1147//68
f 1136//68 1142//68 1141//68
f 1140//68 1146//68 1145//68
f 1137//68 1139//68 1136//68
f 1145//68 1147//68 1144//68
f 1139//68 1145//68 1142//68
f 1150//68 1152//68 1151//68
f 1154//68 1156//68 1155//68
f 1158//68 1160//68 1159//68
f 1162//68 1164//68 1163//68
f 1152//68 1158//68 1157//68
f 1156//68 1162//68 1161//68
f 1153//68 1155//68 1152//68
f 1161//68 1163//68 1160//68
f 1155//68 1161//68 1158//68
f 1166//68 1168//68 1167//68
f 1170//68 1172//68 1171//68
f 1174//68 1176//68 1175//68
f 1178//68 1180//68 1179//68
f 1168//68 1174//68 1173//68
f 1172//68 1178//68 1177//68
f 1169//68 1171//68 1168//68
f 1177//68 1179//68 1176//68
f 1171//68 1177//68 1174//68
f 1128//68 1150//68 1149//68
f 1132//68 1154//68 1153//68
f 1131//68 1153//68 1150//68
f 1144//68 1166//68 1165//68
f 1148//68 1170//68 1169//68
f 1147//68 1169//68 1166//68
f 1133//68 1135//68 1124//68
f 1141//68 1143//68 1132//68
f 1135//68 1141//68 1130//68
f 1165//68 1167//68 1156//68
f 1173//68 1175//68 1164//68
f 1167//68 1173//68 1162//68
f 1143//68 1165//68 1154//68
f 1182//68 1184//68 1183//68
f 1186//68 1188//68 1187//68
f 1190//68 1192//68 1191//68
f 1194//68 1196//68 1195//68
f 1184//68 1190//68 1189//68
f 1188//68 1194//68 1193//68
f 1185//68 1187//68 1184//68
f 1193//68 1195//68 1192//68
f 1187//68 1193//68 1190//68
f 1198//389 1200//391 1199//68
f 1204//390 1206//394 1205//68
f 1200//391 1204//390 1203//68
f 1198//389 1201//420 1202//392
f 1204//390 1207//395 1208//393
f 1200//391 1202//392 1207//395
f 1212//330 1211//398 1209//396
f 1216//330 1215//330 1213//330
f 1220//330 1219//410 1217//397
f 1224//330 1223//330 1221//330
f 1218//330 1217//397 1211//398
f 1222//330 1221//330 1215//330
f 1215//330 1212//330 1210//330
f 1223//330 1220//330 1218//330
f 1221//330 1218//330 1212//330
f 1226//68 1228//68 1227//68
f 1230//68 1232//68 1231//68
f 1234//68 1236//68 1235//68
f 1238//68 1240//68 1239//68
f 1228//68 1234//68 1233//68
f 1232//68 1238//68 1237//68
f 1229//68 1231//68 1228//68
f 1237//68 1239//68 1236//68
f 1231//68 1237//68 1234//68
f 1242//399 1244//401 1243//68
f 1248//400 1250//404 1249//68
f 1244//401 1248//400 1247//68
f 1242//399 1245//409 1246//402
f 1248//400 1251//405 1252//403
f 1244//401 1246//402 1251//405
f 1256//330 1255//408 1253//406
f 1260//330 1259//330 1257//330
f 1264//330 1263//415 1261//407
f 1268//330 1267//330 1265//330
f 1262//330 1261//407 1255//408
f 1266//330 1265//330 1259//330
f 1259//330 1256//330 1254//330
f 1267//330 1264//330 1262//330
f 1265//330 1262//330 1256//330
f 1192//68 1226//68 1225//68
f 1196//68 1230//68 1229//68
f 1195//68 1229//68 1226//68
f 1206//394 1242//399 1241//68
f 1206//394 1208//393 1245//409
f 1254//330 1253//406 1219//410
f 1258//330 1257//330 1223//330
f 1257//330 1254//330 1220//330
f 1197//68 1199//68 1188//68
f 1203//68 1205//68 1196//68
f 1199//68 1203//68 1194//68
f 1241//68 1243//68 1232//68
f 1247//68 1249//68 1240//68
f 1243//68 1247//68 1238//68
f 1211//398 1202//413 1201//411
f 1219//410 1208//418 1207//412
f 1217//397 1207//412 1202//413
f 1255//408 1246//417 1245//414
f 1263//415 1252//1030 1251//416
f 1261//407 1251//416 1246//417
f 1253//406 1245//414 1208//418
f 1205//68 1241//68 1230//68
f 1272//330 1271//330 1269//330
f 1276//419 1275//330 1273//358
f 1280//330 1279//330 1277//330
f 1284//330 1283//330 1281//330
f 1278//330 1277//330 1271//330
f 1282//330 1281//330 1275//330
f 1275//330 1272//330 1270//333
f 1283//330 1280//330 1278//330
f 1281//330 1278//330 1272//330
f 1288//358 1287//333 1285//361
f 1292//361 1291//361 1289//361
f 1296//330 1295//330 1293//330
f 1300//330 1299//330 1297//333
f 1294//419 1293//330 1287//333
f 1298//358 1297//333 1291//361
f 1289//361 1291//361 1288//358
f 1299//330 1296//330 1294//419
f 1297//333 1294//419 1288//358
f 1304//330 1303//330 1301//330
f 1308//330 1307//330 1305//330
f 1312//330 1311//330 1309//330
f 1316//330 1315//330 1313//330
f 1310//330 1309//330 1303//330
f 1314//330 1313//330 1307//330
f 1307//330 1304//330 1302//330
f 1315//330 1312//330 1310//330
f 1313//330 1310//330 1304//330
f 1320//330 1319//330 1317//330
f 1324//330 1323//330 1321//330
f 1328//330 1327//330 1325//330
f 1332//330 1331//330 1329//330
f 1326//330 1325//330 1319//330
f 1330//330 1329//330 1323//330
f 1323//330 1320//330 1318//330
f 1331//330 1328//330 1326//330
f 1329//330 1326//330 1320//330
f 1302//330 1301//330 1279//330
f 1306//330 1305//330 1283//330
f 1305//330 1302//330 1280//330
f 1318//330 1317//330 1295//330
f 1322//330 1321//330 1299//330
f 1321//330 1318//330 1296//330
f 1287//333 1276//419 1274//358
f 1295//330 1284//330 1282//330
f 1293//330 1282//330 1276//419
f 1319//330 1308//330 1306//330
f 1327//330 1316//330 1314//330
f 1325//330 1314//330 1308//330
f 1317//330 1306//330 1284//330
f 864//276 1118//68 1117//68
f 868//279 1122//68 1121//68
f 867//280 1121//68 1118//68
f 890//287 1134//68 1133//68
f 894//68 1138//68 1137//68
f 893//290 1137//68 1134//68
f 889//288 1133//68 1122//68
f 995//68 1182//68 1181//68
f 999//68 1186//68 1185//68
f 998//68 1185//68 1182//68
f 1022//324 1198//389 1197//68
f 1022//324 1024//323 1201//420
f 1210//330 1209//396 1039//352
f 1044//333 1214//330 1213//330
f 1213//330 1210//330 1040//330
f 1209//396 1201//411 1024//421
f 1021//68 1197//68 1186//68
f 1270//333 1269//330 1091//358
f 1096//361 1274//358 1273//358
f 1273//358 1270//333 1092//358
f 1286//361 1285//361 1111//361
f 1116//361 1290//361 1289//361
f 1115//361 1289//361 1286//361
f 1285//361 1274//358 1096//361
f 992//310 994//68 894//68
f 886//422 988//313 992//310
f 898//5 1001//5 1000//317
f 902//5 1005//5 1004//5
f 901//5 1004//5 1001//5
f 897//295 1000//317 988//347
f 1181//68 1183//68 1140//68
f 1189//68 1191//68 1148//68
f 1183//68 1189//68 1146//68
f 1225//68 1227//68 1172//68
f 1233//68 1235//68 1180//68
f 1227//68 1233//68 1178//68
f 1191//68 1225//68 1170//68
f 954//5 1046//5 1045//5
f 958//5 1050//5 1049//5
f 957//5 1049//5 1046//5
f 975//5 1062//5 1061//5
f 979//5 1066//5 1065//5
f 978//5 1065//5 1062//5
f 974//5 1061//5 1050//5
f 915//5 917//5 876//5
f 923//5 925//5 884//5
f 917//5 923//5 882//5
f 900//5 951//5 953//5
f 959//5 961//5 910//5
f 910//5 961//5 967//5
f 900//5 914//5 967//5
f 925//5 959//5 908//5
f 1045//5 1047//5 1007//5
f 1053//5 1055//5 1015//5
f 1047//5 1053//5 1013//5
f 1077//5 1079//356 1032//423
f 1091//358 1044//333 1042//335
f 1032//423 1079//356 1085//368
f 1089//359 1042//335 1036//339
f 1055//5 1077//5 1030//5
f 1271//330 1216//330 1214//330
f 1279//330 1224//330 1222//330
f 1277//330 1222//330 1216//330
f 1303//330 1260//330 1258//330
f 1311//330 1268//330 1266//330
f 1309//330 1266//330 1260//330
f 1301//330 1258//330 1224//330
f 953//5 1045//5 1005//5
f 1269//330 1214//330 1044//333
f 994//68 1181//68 1138//68
f 1334//5 1336//5 1335//5
f 1338//5 1340//5 1339//5
f 1342//5 1344//5 1343//5
f 1346//5 1348//5 1347//5
f 1336//5 1342//5 1341//5
f 1340//5 1346//5 1345//5
f 1337//5 1339//5 1336//5
f 1345//5 1347//5 1344//5
f 1339//5 1345//5 1342//5
f 1350//5 1352//5 1351//5
f 1354//5 1356//5 1355//5
f 1358//5 1360//5 1359//5
f 1362//5 1364//5 1363//5
f 1352//5 1358//5 1357//5
f 1356//5 1362//5 1361//5
f 1353//5 1355//5 1352//5
f 1361//5 1363//5 1360//5
f 1355//5 1361//5 1358//5
f 1367//5 1368//5 1370//5
f 1372//5 1374//5 1373//5
f 1376//5 1378//5 1377//5
f 1379//5 1380//5 1382//5
f 1381//5 1382//5 1366//5
f 1367//5 1383//5 1384//5
f 1367//5 1369//5 1385//5
f 1365//5 1366//5 1372//5
f 1370//5 1376//5 1375//5
f 1375//5 1377//5 1374//5
f 1380//5 1383//5 1385//5
f 1366//5 1369//5 1375//5
f 1366//5 1382//5 1385//5
f 1386//5 1387//5 1389//5
f 1390//5 1391//5 1393//5
f 1395//5 1397//5 1396//5
f 1399//5 1401//5 1400//5
f 1402//5 1403//5 1387//5
f 1404//5 1405//5 1391//5
f 1389//5 1395//5 1394//5
f 1393//5 1399//5 1398//5
f 1387//5 1390//5 1392//5
f 1398//5 1400//5 1397//5
f 1392//5 1398//5 1395//5
f 1403//5 1404//5 1390//5
f 1344//5 1380//5 1379//5
f 1347//5 1348//5 1384//5
f 1347//5 1383//5 1380//5
f 1359//5 1360//5 1403//5
f 1363//5 1364//5 1405//5
f 1360//5 1363//5 1404//5
f 1349//5 1351//5 1340//5
f 1357//5 1359//5 1348//5
f 1351//5 1357//5 1346//5
f 1368//5 1386//5 1388//5
f 1394//5 1396//5 1378//5
f 1388//5 1394//5 1376//5
f 1384//5 1402//5 1386//5
f 1348//5 1359//5 1402//5
f 1408//5 1410//5 1409//5
f 1412//424 1414//426 1413//5
f 1416//5 1418//5 1417//5
f 1420//425 1422//445 1421//5
f 1410//5 1416//5 1415//5
f 1414//426 1420//425 1419//5
f 1411//5 1413//5 1410//5
f 1419//5 1421//5 1418//5
f 1413//5 1419//5 1416//5
f 1427//427 1425//433 1424//428
f 1431//430 1429//446 1428//431
f 1430//432 1428//431 1425//433
f 1432//5 1433//5 1435//5
f 1436//5 1437//436 1439//434
f 1441//5 1443//5 1442//5
f 1445//435 1447//455 1446//5
f 1448//5 1449//5 1433//5
f 1436//5 1450//5 1451//5
f 1435//5 1441//5 1440//5
f 1439//434 1445//435 1444//5
f 1433//5 1436//5 1438//5
f 1444//5 1446//5 1443//5
f 1438//5 1444//5 1441//5
f 1449//5 1450//5 1436//5
f 1459//219 1457//219 1456//437
f 1463//219 1461//441 1460//438
f 1457//439 1453//443 1452//440
f 1461//441 1455//565 1454//442
f 1462//219 1460//438 1457//219
f 1460//438 1454//442 1453//443
f 1417//5 1418//5 1449//5
f 1421//5 1422//445 1451//5
f 1418//5 1421//5 1450//5
f 1406//444 1437//436 1451//5
f 1431//430 1458//219 1456//437
f 1456//437 1452//440 1423//447
f 1412//424 1424//1036 1425//448
f 1420//425 1428//450 1429//449
f 1414//426 1425//448 1428//450
f 1406//451 1422//445 1429//449
f 1452//453 1453//1046 1439//434
f 1445//435 1454//456 1455//454
f 1439//434 1453//1046 1454//456
f 1406//444 1423//1047 1452//453
f 1465//5 1467//5 1466//5
f 1469//5 1471//5 1470//5
f 1473//5 1475//5 1474//5
f 1477//5 1479//5 1478//5
f 1467//5 1473//5 1472//5
f 1471//5 1477//5 1476//5
f 1468//5 1470//5 1467//5
f 1476//5 1478//5 1475//5
f 1470//5 1476//5 1473//5
f 1481//5 1483//5 1482//5
f 1485//5 1487//5 1486//5
f 1489//5 1491//5 1490//5
f 1493//5 1495//5 1494//5
f 1483//5 1489//5 1488//5
f 1487//5 1493//5 1492//5
f 1484//5 1486//5 1483//5
f 1492//5 1494//5 1491//5
f 1486//5 1492//5 1489//5
f 1497//5 1499//5 1498//5
f 1501//5 1503//5 1502//5
f 1509//457 1511//361 1510//361
f 1515//361 1514//361 1512//459
f 1509//457 1508//458 1504//461
f 1513//460 1512//459 1506//463
f 1498//465 1499//471 1505//466
f 1502//468 1503//487 1507//469
f 1500//5 1502//5 1499//5
f 1512//459 1514//361 1511//361
f 1499//471 1502//468 1506//470
f 1512//459 1509//457 1505//462
f 1517//5 1519//5 1518//5
f 1521//5 1523//5 1522//5
f 1529//472 1531//361 1530//361
f 1535//361 1534//361 1532//474
f 1529//472 1528//473 1524//476
f 1533//475 1532//474 1526//478
f 1518//480 1519//486 1525//481
f 1522//483 1523//567 1527//484
f 1520//5 1522//5 1519//5
f 1532//474 1534//361 1531//361
f 1519//486 1522//483 1526//485
f 1532//474 1529//472 1525//477
f 1475//5 1497//5 1496//5
f 1479//5 1501//5 1500//5
f 1478//5 1500//5 1497//5
f 1491//5 1517//5 1516//5
f 1495//5 1521//5 1520//5
f 1494//5 1520//5 1517//5
f 1480//5 1482//5 1471//5
f 1488//5 1490//5 1479//5
f 1482//5 1488//5 1477//5
f 1516//5 1518//5 1503//5
f 1530//361 1515//361 1513//460
f 1503//487 1518//480 1524//482
f 1528//473 1513//460 1507//464
f 1490//5 1516//5 1501//5
f 1537//5 1539//5 1538//5
f 1541//488 1543//490 1542//5
f 1545//5 1547//5 1546//5
f 1549//489 1551//521 1550//5
f 1539//5 1545//5 1544//5
f 1543//490 1549//489 1548//5
f 1540//5 1542//5 1539//5
f 1548//5 1550//5 1547//5
f 1542//5 1548//5 1545//5
f 1559//219 1557//493 1556//491
f 1563//219 1561//495 1560//492
f 1557//493 1553//497 1552//494
f 1561//495 1555//522 1554//496
f 1562//219 1560//492 1557//493
f 1560//492 1554//496 1553//497
f 1565//5 1567//5 1566//5
f 1569//498 1571//527 1570//5
f 1579//361 1578//361 1576//499
f 1581//501 1583//529 1582//361
f 1577//500 1576//499 1572//503
f 1581//501 1580//502 1574//505
f 1566//507 1567//513 1573//508
f 1570//510 1571//527 1575//511
f 1568//5 1570//5 1567//5
f 1580//502 1582//361 1579//361
f 1567//513 1570//510 1574//512
f 1580//502 1577//500 1573//504
f 1590//514 1588//516 1587//515
f 1588//516 1585//520 1584//517
f 1592//518 1591//1048 1588//516
f 1588//516 1591//1048 1586//519
f 1547//5 1565//5 1564//5
f 1551//521 1569//498 1568//5
f 1550//5 1568//5 1565//5
f 1589//219 1587//515 1561//495
f 1587//515 1584//517 1555//522
f 1541//488 1552//566 1553//523
f 1549//489 1554//525 1555//524
f 1543//490 1553//523 1554//525
f 1569//498 1584//532 1585//526
f 1591//528 1592//564 1583//529
f 1571//527 1585//526 1586//530
f 1586//531 1591//528 1581//501
f 1551//521 1555//524 1584//532
f 1596//219 1594//219 1593//219
f 1600//219 1598//219 1597//219
f 1604//219 1602//219 1601//219
f 1608//219 1606//219 1605//219
f 1602//219 1596//219 1595//219
f 1606//219 1600//219 1599//219
f 1599//219 1597//219 1594//219
f 1607//219 1605//219 1602//219
f 1605//219 1599//219 1596//219
f 1612//219 1610//219 1609//219
f 1616//219 1614//219 1613//219
f 1620//219 1618//219 1617//219
f 1624//219 1622//219 1621//219
f 1618//219 1612//219 1611//219
f 1622//219 1616//219 1615//219
f 1615//219 1613//219 1610//219
f 1623//219 1621//219 1618//219
f 1621//219 1615//219 1612//219
f 1628//219 1626//219 1625//219
f 1632//219 1630//219 1629//219
f 1636//219 1634//219 1633//219
f 1640//219 1638//219 1637//219
f 1634//219 1628//219 1627//219
f 1638//219 1632//219 1631//219
f 1631//219 1629//219 1626//219
f 1639//219 1637//219 1634//219
f 1637//219 1631//219 1628//219
f 1644//219 1642//219 1641//219
f 1648//219 1646//219 1645//219
f 1652//219 1650//219 1649//219
f 1656//219 1654//219 1653//219
f 1650//219 1644//219 1643//219
f 1654//219 1648//219 1647//219
f 1647//219 1645//219 1642//219
f 1655//219 1653//219 1650//219
f 1653//219 1647//219 1644//219
f 1626//219 1604//219 1603//219
f 1630//219 1608//219 1607//219
f 1629//219 1607//219 1604//219
f 1642//219 1620//219 1619//219
f 1646//219 1624//219 1623//219
f 1645//219 1623//219 1620//219
f 1611//219 1609//219 1598//219
f 1619//219 1617//219 1606//219
f 1617//219 1611//219 1600//219
f 1643//219 1641//219 1630//219
f 1651//219 1649//219 1638//219
f 1649//219 1643//219 1632//219
f 1641//219 1619//219 1608//219
f 1658//361 1660//361 1659//361
f 1664//361 1663//361 1661//361
f 1668//358 1667//333 1665//358
f 1672//361 1671//358 1669//361
f 1660//361 1666//361 1665//358
f 1664//361 1670//361 1669//361
f 1661//361 1663//361 1660//361
f 1671//358 1668//358 1666//361
f 1669//361 1666//361 1660//361
f 1674//361 1676//361 1675//361
f 1678//361 1680//361 1679//361
f 1682//361 1684//361 1683//361
f 1686//361 1688//361 1687//361
f 1676//361 1682//361 1681//361
f 1686//361 1685//361 1679//361
f 1679//361 1676//361 1674//361
f 1687//361 1684//361 1682//361
f 1679//361 1685//361 1682//361
f 1692//330 1691//330 1689//330
f 1696//330 1695//330 1693//333
f 1700//330 1699//330 1697//330
f 1704//330 1703//330 1701//330
f 1698//330 1697//330 1691//330
f 1702//330 1701//330 1695//330
f 1695//330 1692//330 1690//419
f 1703//330 1700//330 1698//330
f 1701//330 1698//330 1692//330
f 1708//358 1707//333 1705//358
f 1710//361 1712//361 1711//358
f 1716//330 1715//330 1713//330
f 1720//330 1719//330 1717//333
f 1714//330 1713//330 1707//333
f 1718//358 1717//333 1711//358
f 1709//361 1711//358 1708//358
f 1719//330 1716//330 1714//330
f 1717//333 1714//330 1708//358
f 1668//358 1690//419 1689//330
f 1694//358 1693//333 1671//358
f 1671//358 1693//333 1690//419
f 1706//361 1705//358 1683//361
f 1710//361 1709//361 1687//361
f 1709//361 1706//361 1684//361
f 1673//361 1675//361 1664//361
f 1683//361 1672//361 1670//361
f 1681//361 1670//361 1664//361
f 1707//333 1696//330 1694//358
f 1715//330 1704//330 1702//330
f 1713//330 1702//330 1696//330
f 1683//361 1705//358 1694//358
f 1724//219 1722//219 1721//219
f 1728//219 1726//219 1725//219
f 1732//219 1730//219 1729//219
f 1736//219 1734//219 1733//219
f 1730//219 1724//219 1723//219
f 1734//219 1728//219 1727//219
f 1727//219 1725//219 1722//219
f 1735//219 1733//219 1730//219
f 1733//219 1727//219 1724//219
f 1740//361 1739//361 1737//361
f 1744//533 1743//361 1741//361
f 1748//361 1747//361 1745//361
f 1752//535 1751//361 1749//361
f 1740//361 1746//361 1745//361
f 1750//536 1749//361 1743//361
f 1743//361 1740//361 1738//361
f 1749//361 1751//361 1748//361
f 1743//361 1749//361 1746//361
f 1756//537 1754//541 1753//219
f 1762//538 1760//539 1759//219
f 1760//539 1756//537 1755//219
f 1758//540 1757//563 1754//541
f 1764//542 1763//543 1760//539
f 1763//543 1758//540 1756//537
f 1768//219 1766//219 1765//219
f 1772//219 1770//219 1769//219
f 1776//219 1774//219 1773//219
f 1780//219 1778//219 1777//219
f 1774//219 1768//219 1767//219
f 1778//219 1772//219 1771//219
f 1771//219 1769//219 1766//219
f 1779//219 1777//219 1774//219
f 1777//219 1771//219 1768//219
f 1784//361 1783//361 1781//361
f 1788//544 1787//361 1785//361
f 1790//358 1792//358 1791//333
f 1796//546 1795//358 1793//361
f 1790//358 1789//358 1783//361
f 1788//544 1794//547 1793//361
f 1785//361 1787//361 1784//361
f 1793//361 1795//358 1792//358
f 1787//361 1793//361 1790//358
f 1800//548 1798//552 1797//219
f 1806//549 1804//550 1803//219
f 1804//550 1800//548 1799//219
f 1802//551 1801//555 1798//552
f 1808//553 1807//554 1804//550
f 1807//554 1802//551 1800//548
f 1766//219 1732//219 1731//219
f 1770//219 1736//219 1735//219
f 1769//219 1735//219 1732//219
f 1782//361 1781//361 1747//361
f 1786//545 1785//361 1751//361
f 1785//361 1782//361 1748//361
f 1798//552 1762//538 1761//219
f 1801//555 1764//542 1762//538
f 1755//219 1753//219 1726//219
f 1761//219 1759//219 1734//219
f 1759//219 1755//219 1728//219
f 1799//219 1797//219 1770//219
f 1805//219 1803//219 1778//219
f 1803//219 1799//219 1772//219
f 1757//556 1758//558 1744//533
f 1763//557 1764//562 1752//535
f 1758//558 1763//557 1750//536
f 1801//559 1802//561 1788//544
f 1807//560 1808//1032 1796//546
f 1802//561 1807//560 1794//547
f 1764//562 1801//559 1786//545
f 1797//219 1761//219 1736//219
f 1594//219 1427//427 1426//429
f 1598//219 1431//430 1430//432
f 1597//219 1430//432 1427//427
f 1610//219 1459//219 1458//219
f 1614//219 1463//219 1462//219
f 1613//219 1462//219 1459//219
f 1609//219 1458//219 1431//430
f 1658//361 1657//361 1510//361
f 1662//361 1661//361 1514//361
f 1661//361 1658//361 1511//361
f 1674//361 1673//361 1530//361
f 1535//361 1678//361 1677//361
f 1677//361 1674//361 1531//361
f 1530//361 1673//361 1662//361
f 1722//219 1559//219 1558//219
f 1726//219 1563//219 1562//219
f 1725//219 1562//219 1559//219
f 1579//361 1738//361 1737//361
f 1583//529 1742//534 1741//361
f 1741//361 1738//361 1579//361
f 1754//541 1590//514 1589//219
f 1757//563 1592//518 1590//514
f 1592//564 1757//556 1742//534
f 1753//219 1589//219 1563//219
f 1374//5 1465//5 1464//5
f 1378//5 1469//5 1468//5
f 1377//5 1468//5 1465//5
f 1397//5 1481//5 1480//5
f 1401//5 1485//5 1484//5
f 1400//5 1484//5 1481//5
f 1396//5 1480//5 1469//5
f 1443//5 1537//5 1536//5
f 1447//455 1541//488 1540//5
f 1446//5 1540//5 1537//5
f 1558//219 1556//491 1461//441
f 1556//491 1552//494 1455//565
f 1447//455 1455//454 1552//566
f 1723//219 1721//219 1614//219
f 1731//219 1729//219 1622//219
f 1729//219 1723//219 1616//219
f 1767//219 1765//219 1646//219
f 1775//219 1773//219 1654//219
f 1773//219 1767//219 1648//219
f 1765//219 1731//219 1624//219
f 1407//5 1409//5 1356//5
f 1415//5 1417//5 1364//5
f 1409//5 1415//5 1362//5
f 1391//5 1432//5 1434//5
f 1440//5 1442//5 1401//5
f 1434//5 1440//5 1399//5
f 1405//5 1448//5 1432//5
f 1364//5 1417//5 1448//5
f 1536//5 1538//5 1487//5
f 1544//5 1546//5 1495//5
f 1538//5 1544//5 1493//5
f 1564//5 1566//5 1523//5
f 1578//361 1535//361 1533//475
f 1523//567 1566//507 1572//509
f 1576//499 1533//475 1527//479
f 1546//5 1564//5 1521//5
f 1737//361 1739//361 1680//361
f 1745//361 1747//361 1688//361
f 1739//361 1745//361 1686//361
f 1781//361 1783//361 1712//361
f 1791//333 1720//330 1718//358
f 1789//358 1718//358 1712//361
f 1747//361 1781//361 1710//361
f 1442//5 1536//5 1485//5
f 1578//361 1737//361 1678//361
f 1721//219 1558//219 1463//219
f 1812//68 1814//68 1813//568
f 1818//68 1820//68 1819//570
f 1814//68 1818//68 1817//571
f 1811//569 1813//568 1810//572
f 1817//571 1819//570 1816//574
f 1813//568 1817//571 1815//575
f 1823//576 1824//78 1822//78
f 1827//78 1828//78 1826//78
f 1831//578 1832//78 1830//78
f 1835//78 1836//78 1834//78
f 1829//579 1830//78 1824//78
f 1833//78 1834//78 1828//78
f 1824//78 1827//78 1825//78
f 1832//78 1835//78 1833//78
f 1830//78 1833//78 1827//78
f 1838//68 1840//68 1839//68
f 1842//68 1844//68 1843//68
f 1846//68 1848//68 1847//68
f 1850//68 1852//68 1851//68
f 1840//68 1846//68 1845//68
f 1844//68 1850//68 1849//68
f 1841//68 1843//68 1840//68
f 1849//68 1851//68 1848//68
f 1843//68 1849//68 1846//68
f 1856//68 1858//68 1857//580
f 1862//68 1864//594 1863//582
f 1858//68 1862//68 1861//583
f 1855//581 1857//580 1854//584
f 1861//583 1863//582 1860//586
f 1857//580 1861//583 1859//587
f 1867//588 1868//78 1866//78
f 1871//78 1872//78 1870//78
f 1875//590 1876//593 1874//591
f 1879//593 1880//593 1878//591
f 1873//592 1874//591 1868//78
f 1877//591 1878//591 1872//78
f 1868//78 1871//78 1869//78
f 1876//593 1879//593 1877//591
f 1874//591 1877//591 1871//78
f 1882//68 1884//68 1883//68
f 1886//68 1888//68 1887//68
f 1890//68 1892//68 1891//68
f 1894//68 1896//68 1895//68
f 1884//68 1890//68 1889//68
f 1888//68 1894//68 1893//68
f 1885//68 1887//68 1884//68
f 1893//68 1895//68 1892//68
f 1887//68 1893//68 1890//68
f 1820//68 1856//68 1855//581
f 1819//570 1855//581 1853//585
f 1865//589 1866//78 1832//78
f 1869//78 1870//78 1836//78
f 1866//78 1869//78 1835//78
f 1848//68 1882//68 1881//68
f 1852//68 1886//68 1885//68
f 1851//68 1885//68 1882//68
f 1837//68 1839//68 1814//68
f 1845//68 1847//68 1820//68
f 1839//68 1845//68 1818//68
f 1881//68 1883//68 1858//68
f 1889//68 1891//68 1864//594
f 1883//68 1889//68 1862//68
f 1809//595 1810//597 1823//576
f 1815//596 1816//601 1831//578
f 1810//597 1815//596 1829//579
f 1853//598 1854//600 1867//588
f 1859//599 1860//711 1875//590
f 1854//600 1859//599 1873//592
f 1816//601 1853//598 1865//589
f 1847//68 1881//68 1856//68
f 1899//78 1900//78 1898//78
f 1903//78 1904//78 1902//78
f 1907//78 1908//78 1906//78
f 1911//78 1912//78 1910//78
f 1905//78 1906//78 1900//78
f 1909//78 1910//78 1904//78
f 1900//78 1903//78 1901//78
f 1908//78 1911//78 1909//78
f 1906//78 1909//78 1903//78
f 1915//78 1916//78 1914//78
f 1919//78 1920//78 1918//78
f 1923//78 1924//78 1922//78
f 1927//78 1928//78 1926//78
f 1921//78 1922//78 1916//78
f 1925//78 1926//78 1920//78
f 1916//78 1919//78 1917//78
f 1924//78 1927//78 1925//78
f 1922//78 1925//78 1919//78
f 1931//78 1932//78 1930//78
f 1935//78 1936//78 1934//78
f 1939//593 1940//593 1938//591
f 1943//593 1944//593 1942//591
f 1937//591 1938//591 1932//78
f 1941//591 1942//591 1936//78
f 1932//78 1935//78 1933//78
f 1940//593 1943//593 1941//591
f 1938//591 1941//591 1935//78
f 1947//78 1948//78 1946//78
f 1951//78 1952//78 1950//78
f 1955//593 1956//593 1954//591
f 1959//593 1960//593 1958//591
f 1953//591 1954//591 1948//78
f 1957//591 1958//591 1952//78
f 1948//78 1951//78 1949//78
f 1956//593 1959//593 1957//591
f 1954//591 1957//591 1951//78
f 1929//78 1930//78 1908//78
f 1933//78 1934//78 1912//78
f 1930//78 1933//78 1911//78
f 1945//78 1946//78 1924//78
f 1949//78 1950//78 1928//78
f 1946//78 1949//78 1927//78
f 1904//78 1915//78 1913//78
f 1912//78 1923//78 1921//78
f 1910//78 1921//78 1915//78
f 1936//78 1947//78 1945//78
f 1944//593 1955//593 1953//591
f 1942//591 1953//591 1947//78
f 1934//78 1945//78 1923//78
f 1962//68 1964//68 1963//68
f 1966//68 1968//68 1967//68
f 1970//68 1972//68 1971//68
f 1974//68 1976//68 1975//68
f 1964//68 1970//68 1969//68
f 1968//68 1974//68 1973//68
f 1965//68 1967//68 1964//68
f 1973//68 1975//68 1972//68
f 1967//68 1973//68 1970//68
f 1978//68 1980//68 1979//68
f 1982//68 1984//68 1983//68
f 1986//68 1988//68 1987//68
f 1990//68 1992//68 1991//68
f 1980//68 1986//68 1985//68
f 1984//68 1990//68 1989//68
f 1981//68 1983//68 1980//68
f 1989//68 1991//68 1988//68
f 1983//68 1989//68 1986//68
f 1994//68 1996//68 1995//68
f 1998//68 2000//68 1999//68
f 2002//68 2004//68 2003//68
f 2006//68 2008//68 2007//68
f 1996//68 2002//68 2001//68
f 2000//68 2006//68 2005//68
f 1997//68 1999//68 1996//68
f 2005//68 2007//68 2004//68
f 1999//68 2005//68 2002//68
f 2010//68 2012//68 2011//68
f 2014//68 2016//68 2015//68
f 2018//68 2020//68 2019//68
f 2022//68 2024//68 2023//68
f 2012//68 2018//68 2017//68
f 2016//68 2022//68 2021//68
f 2013//68 2015//68 2012//68
f 2021//68 2023//68 2020//68
f 2015//68 2021//68 2018//68
f 1972//68 1994//68 1993//68
f 1976//68 1998//68 1997//68
f 1975//68 1997//68 1994//68
f 1988//68 2010//68 2009//68
f 1992//68 2014//68 2013//68
f 1991//68 2013//68 2010//68
f 1977//68 1979//68 1968//68
f 1985//68 1987//68 1976//68
f 1979//68 1985//68 1974//68
f 2009//68 2011//68 2000//68
f 2017//68 2019//68 2008//68
f 2011//68 2017//68 2006//68
f 1987//68 2009//68 1998//68
f 2027//602 2029//604 2028//603
f 2040//605 2038//605 2037//606
f 2037//606 2038//605 2036//605
f 2046//605 2044//605 2043//605
f 2043//605 2044//605 2042//605
f 2047//608 2048//609 2040//605
f 2049//609 2050//609 2046//605
f 2036//605 2032//611 2031//610
f 2042//605 2034//611 2033//611
f 2045//605 2043//605 2038//605
f 2038//605 2043//605 2041//605
f 2041//605 2033//611 2032//611
f 2048//609 2049//609 2045//605
f 2052//68 2054//614 2053//612
f 2056//68 2058//712 2057//613
f 2054//614 2060//618 2059//615
f 2057//613 2058//712 2062//616
f 2055//68 2057//613 2054//614
f 2054//614 2057//613 2061//617
f 2065//619 2066//631 2064//620
f 2069//622 2070//713 2068//623
f 2074//625 2072//629 2071//626
f 2078//625 2076//630 2075//628
f 2072//629 2066//631 2065//619
f 2076//630 2070//713 2069//622
f 2066//631 2069//622 2067//624
f 2077//625 2075//628 2072//629
f 2075//628 2069//622 2066//631
f 2051//594 2053//612 2029//604
f 2053//612 2059//615 2030//632
f 2064//620 2048//609 2047//608
f 2068//623 2050//609 2049//609
f 2067//624 2049//609 2048//609
f 2039//607 2037//606 2028//633
f 2028//633 2037//606 2035//607
f 2035//607 2031//610 2025//635
f 2030//636 2047//608 2039//607
f 2060//637 2065//619 2063//621
f 2073//627 2071//626 2061//639
f 2071//626 2065//619 2060//637
f 2063//621 2047//608 2030//636
f 2088//605 2086//605 2085//605
f 2085//605 2086//605 2084//605
f 2094//605 2092//605 2091//605
f 2091//605 2092//605 2090//605
f 2095//609 2096//609 2088//605
f 2097//609 2098//609 2094//605
f 2084//605 2080//611 2079//611
f 2090//605 2082//611 2081//611
f 2093//605 2091//605 2086//605
f 2086//605 2091//605 2089//605
f 2089//605 2081//611 2080//611
f 2096//609 2097//609 2093//605
f 2108//605 2106//605 2105//605
f 2105//605 2106//605 2104//605
f 2114//605 2112//605 2111//605
f 2111//605 2112//605 2110//605
f 2115//609 2116//609 2108//605
f 2117//609 2118//609 2114//605
f 2104//605 2100//611 2099//611
f 2110//605 2102//611 2101//611
f 2113//605 2111//605 2106//605
f 2106//605 2111//605 2109//605
f 2109//605 2101//611 2100//611
f 2116//609 2117//609 2113//605
f 2121//641 2122//651 2120//642
f 2125//644 2126//663 2124//645
f 2130//625 2128//649 2127//647
f 2134//625 2132//650 2131//648
f 2128//649 2122//651 2121//641
f 2132//650 2126//663 2125//644
f 2122//651 2125//644 2123//646
f 2133//625 2131//648 2128//649
f 2131//648 2125//644 2122//651
f 2137//652 2138//662 2136//653
f 2141//655 2142//1039 2140//656
f 2146//625 2144//660 2143//658
f 2150//625 2148//661 2147//659
f 2144//660 2138//662 2137//652
f 2148//661 2142//1039 2141//655
f 2138//662 2141//655 2139//657
f 2149//625 2147//659 2144//660
f 2147//659 2141//655 2138//662
f 2120//642 2096//609 2095//609
f 2124//645 2098//609 2097//609
f 2123//646 2097//609 2096//609
f 2136//653 2116//609 2115//609
f 2140//656 2118//609 2117//609
f 2139//657 2117//609 2116//609
f 2107//605 2105//605 2092//605
f 2092//605 2105//605 2103//605
f 2103//605 2099//611 2082//611
f 2098//609 2115//609 2107//605
f 2126//663 2137//652 2135//654
f 2145//625 2143//658 2132//650
f 2143//658 2137//652 2126//663
f 2135//654 2115//609 2098//609
f 2152//68 2154//670 2153//664
f 2156//68 2158//686 2157//665
f 2153//664 2154//670 2160//666
f 2157//665 2158//686 2162//668
f 2155//68 2157//665 2154//670
f 2154//670 2157//665 2161//669
f 2166//625 2164//625 2163//671
f 2170//625 2168//625 2167//625
f 2174//625 2172//625 2171//673
f 2178//625 2176//625 2175//625
f 2172//625 2166//625 2165//672
f 2176//625 2170//625 2169//625
f 2169//625 2167//625 2164//625
f 2177//625 2175//625 2172//625
f 2175//625 2169//625 2166//625
f 2180//68 2182//681 2181//675
f 2184//68 2186//1034 2185//676
f 2181//675 2182//681 2188//677
f 2185//676 2186//1034 2190//679
f 2183//68 2185//676 2182//681
f 2182//681 2185//676 2189//680
f 2194//625 2192//625 2191//682
f 2198//625 2196//625 2195//625
f 2202//625 2200//625 2199//684
f 2206//625 2204//625 2203//625
f 2200//625 2194//625 2193//683
f 2204//625 2198//625 2197//625
f 2197//625 2195//625 2192//625
f 2205//625 2203//625 2200//625
f 2203//625 2197//625 2194//625
f 2179//68 2181//675 2158//686
f 2158//686 2181//675 2187//678
f 2192//625 2174//625 2173//674
f 2196//625 2178//625 2177//625
f 2195//625 2177//625 2174//625
f 2165//672 2163//671 2159//687
f 2173//674 2171//673 2161//689
f 2171//673 2165//672 2160//688
f 2193//683 2191//682 2187//691
f 2201//685 2199//684 2189//693
f 2199//684 2193//683 2188//692
f 2191//682 2173//674 2162//690
f 2210//625 2208//625 2207//625
f 2214//625 2212//625 2211//625
f 2218//625 2216//625 2215//625
f 2222//625 2220//625 2219//625
f 2216//625 2210//625 2209//625
f 2220//625 2214//625 2213//625
f 2213//625 2211//625 2208//625
f 2221//625 2219//625 2216//625
f 2219//625 2213//625 2210//625
f 2226//625 2224//625 2223//625
f 2230//625 2228//625 2227//625
f 2234//625 2232//625 2231//625
f 2238//695 2236//625 2235//625
f 2232//625 2226//625 2225//625
f 2236//625 2230//625 2229//625
f 2229//625 2227//625 2224//625
f 2237//625 2235//625 2232//625
f 2235//625 2229//625 2226//625
f 2242//625 2240//625 2239//625
f 2246//696 2244//625 2243//625
f 2250//697 2248//625 2247//625
f 2254//698 2252//700 2251//695
f 2248//625 2242//625 2241//625
f 2252//700 2246//696 2245//625
f 2245//625 2243//625 2240//625
f 2253//699 2251//695 2248//625
f 2251//695 2245//625 2242//625
f 2258//701 2256//696 2255//625
f 2262//702 2260//699 2259//697
f 2266//704 2264//709 2263//705
f 2270//707 2268//704 2267//708
f 2264//709 2258//701 2257//697
f 2268//704 2262//702 2261//703
f 2261//703 2259//697 2256//696
f 2269//707 2267//708 2264//709
f 2267//708 2261//703 2258//701
f 2240//625 2218//625 2217//625
f 2244//625 2222//625 2221//625
f 2243//625 2221//625 2218//625
f 2256//696 2234//625 2233//625
f 2260//699 2238//695 2237//625
f 2259//697 2237//625 2234//625
f 2225//625 2223//625 2212//625
f 2233//625 2231//625 2220//625
f 2231//625 2225//625 2214//625
f 2257//697 2255//625 2244//625
f 2265//706 2263//705 2252//700
f 2263//705 2257//697 2246//696
f 2255//625 2233//625 2222//625
f 1864//594 2027//602 2026//604
f 1863//582 2026//604 2025//710
f 2031//610 2032//611 1876//593
f 2033//611 2034//611 1880//593
f 2032//611 2033//611 1879//593
f 1892//68 2052//68 2051//594
f 1896//68 2056//68 2055//68
f 1895//68 2055//68 2052//68
f 2025//635 2031//610 1875//590
f 1891//68 2051//594 2027//602
f 2079//611 2080//611 1940//593
f 2081//611 2082//611 1944//593
f 2080//611 2081//611 1943//593
f 2099//611 2100//611 1956//593
f 2101//611 2102//611 1960//593
f 2100//611 2101//611 1959//593
f 2082//611 2099//611 1955//593
f 2004//68 2152//68 2151//68
f 2008//68 2156//68 2155//68
f 2007//68 2155//68 2152//68
f 2020//68 2180//68 2179//68
f 2024//68 2184//68 2183//68
f 2023//68 2183//68 2180//68
f 2019//68 2179//68 2156//68
f 1961//68 1963//68 1844//68
f 1969//68 1971//68 1852//68
f 1963//68 1969//68 1850//68
f 1993//68 1995//68 1888//68
f 2001//68 2003//68 1896//68
f 1995//68 2001//68 1894//68
f 1971//68 1993//68 1886//68
f 2151//68 2153//664 2058//712
f 2058//712 2153//664 2159//667
f 2164//625 2074//625 2073//627
f 2168//625 2078//625 2077//625
f 2167//625 2077//625 2074//625
f 2163//671 2073//627 2062//640
f 2208//625 2130//625 2129//625
f 2212//625 2134//625 2133//625
f 2211//625 2133//625 2130//625
f 2224//625 2146//625 2145//625
f 2228//625 2150//625 2149//625
f 2227//625 2149//625 2146//625
f 2223//625 2145//625 2134//625
f 1828//78 1899//78 1897//78
f 1836//78 1907//78 1905//78
f 1834//78 1905//78 1899//78
f 1872//78 1931//78 1929//78
f 1880//593 1939//593 1937//591
f 1878//591 1937//591 1931//78
f 1870//78 1929//78 1907//78
f 2087//605 2085//605 2044//605
f 2044//605 2085//605 2083//605
f 2083//605 2079//611 2034//611
f 2050//609 2095//609 2087//605
f 2070//713 2121//641 2119//643
f 2129//625 2127//647 2076//630
f 2127//647 2121//641 2070//713
f 2119//643 2095//609 2050//609
f 2209//625 2207//625 2168//625
f 2217//625 2215//625 2176//625
f 2215//625 2209//625 2170//625
f 2241//625 2239//625 2196//625
f 2249//625 2247//625 2204//625
f 2247//625 2241//625 2198//625
f 2239//625 2217//625 2178//625
f 2207//625 2129//625 2078//625
f 2034//611 2079//611 1939//593
f 2003//68 2151//68 2056//68
f 2273//78 2274//78 2272//78
f 2277//78 2278//78 2276//78
f 2281//78 2282//78 2280//78
f 2285//78 2286//78 2284//78
f 2279//78 2280//78 2274//78
f 2283//78 2284//78 2278//78
f 2274//78 2277//78 2275//78
f 2282//78 2285//78 2283//78
f 2280//78 2283//78 2277//78
f 2289//78 2290//78 2288//78
f 2293//78 2294//78 2292//78
f 2297//78 2298//78 2296//78
f 2301//78 2302//78 2300//78
f 2295//78 2296//78 2290//78
f 2299//78 2300//78 2294//78
f 2290//78 2293//78 2291//78
f 2298//78 2301//78 2299//78
f 2296//78 2299//78 2293//78
f 2305//78 2306//78 2304//78
f 2309//78 2310//78 2308//78
f 2313//593 2314//593 2312//591
f 2317//593 2318//593 2316//591
f 2311//591 2312//591 2306//78
f 2315//591 2316//591 2310//78
f 2306//78 2309//78 2307//78
f 2314//593 2317//593 2315//591
f 2312//591 2315//591 2309//78
f 2321//78 2322//78 2320//78
f 2325//78 2326//78 2324//78
f 2329//593 2330//593 2328//591
f 2333//593 2334//593 2332//591
f 2327//591 2328//591 2322//78
f 2331//591 2332//591 2326//78
f 2322//78 2325//78 2323//78
f 2330//593 2333//593 2331//591
f 2328//591 2331//591 2325//78
f 2303//78 2304//78 2282//78
f 2307//78 2308//78 2286//78
f 2304//78 2307//78 2285//78
f 2319//78 2320//78 2298//78
f 2323//78 2324//78 2302//78
f 2320//78 2323//78 2301//78
f 2278//78 2289//78 2287//78
f 2286//78 2297//78 2295//78
f 2284//78 2295//78 2289//78
f 2310//78 2321//78 2319//78
f 2318//593 2329//593 2327//591
f 2316//591 2327//591 2321//78
f 2308//78 2319//78 2297//78
f 2337//78 2338//78 2336//78
f 2341//78 2342//716 2340//714
f 2345//78 2346//78 2344//78
f 2349//78 2350//736 2348//715
f 2343//78 2344//78 2338//78
f 2347//78 2348//715 2342//716
f 2338//78 2341//78 2339//78
f 2346//78 2349//78 2347//78
f 2344//78 2347//78 2341//78
f 2356//219 2354//219 2353//717
f 2362//219 2360//219 2359//719
f 2360//219 2356//219 2355//718
f 2352//721 2355//718 2353//717
f 2358//723 2361//720 2359//719
f 2357//724 2359//719 2355//718
f 2366//219 2364//219 2363//219
f 2370//219 2368//219 2367//219
f 2374//219 2372//219 2371//219
f 2378//219 2376//219 2375//219
f 2372//219 2366//219 2365//219
f 2376//219 2370//219 2369//219
f 2369//219 2367//219 2364//219
f 2377//219 2375//219 2372//219
f 2375//219 2369//219 2366//219
f 2381//78 2382//78 2380//78
f 2385//78 2386//727 2384//725
f 2389//593 2390//593 2388//591
f 2393//593 2394//741 2392//726
f 2387//591 2388//591 2382//78
f 2391//591 2392//726 2386//727
f 2382//78 2385//78 2383//78
f 2390//593 2393//593 2391//591
f 2388//591 2391//591 2385//78
f 2400//219 2398//219 2397//728
f 2406//729 2404//219 2403//730
f 2404//219 2400//219 2399//728
f 2396//732 2399//728 2397//728
f 2402//734 2405//731 2403//730
f 2401//735 2403//730 2399//728
f 2410//219 2408//219 2407//219
f 2414//219 2412//219 2411//219
f 2418//219 2416//219 2415//219
f 2422//219 2420//219 2419//219
f 2416//219 2410//219 2409//219
f 2420//219 2414//219 2413//219
f 2413//219 2411//219 2408//219
f 2421//219 2419//219 2416//219
f 2419//219 2413//219 2410//219
f 2379//78 2380//78 2346//78
f 2383//78 2384//725 2350//736
f 2380//78 2383//78 2349//78
f 2398//219 2362//219 2361//720
f 2395//733 2397//728 2361//720
f 2408//219 2374//219 2373//219
f 2412//219 2378//219 2377//219
f 2411//219 2377//219 2374//219
f 2365//219 2363//219 2354//219
f 2373//219 2371//219 2360//219
f 2371//219 2365//219 2356//219
f 2409//219 2407//219 2398//219
f 2417//219 2415//219 2404//219
f 2415//219 2409//219 2400//219
f 2342//716 2352//739 2351//737
f 2350//736 2358//744 2357//738
f 2348//715 2357//738 2352//739
f 2386//727 2396//743 2395//740
f 2394//741 2402//842 2401//742
f 2392//726 2401//742 2396//743
f 2384//725 2395//740 2358//744
f 2407//219 2373//219 2362//219
f 2426//219 2424//219 2423//219
f 2430//219 2428//219 2427//219
f 2434//219 2432//219 2431//219
f 2438//219 2436//219 2435//219
f 2432//219 2426//219 2425//219
f 2436//219 2430//219 2429//219
f 2429//219 2427//219 2424//219
f 2437//219 2435//219 2432//219
f 2435//219 2429//219 2426//219
f 2442//219 2440//219 2439//219
f 2446//219 2444//219 2443//219
f 2450//219 2448//219 2447//219
f 2454//219 2452//219 2451//219
f 2448//219 2442//219 2441//219
f 2452//219 2446//219 2445//219
f 2445//219 2443//219 2440//219
f 2453//219 2451//219 2448//219
f 2451//219 2445//219 2442//219
f 2458//219 2456//219 2455//219
f 2462//219 2460//219 2459//219
f 2466//219 2464//219 2463//219
f 2470//219 2468//219 2467//219
f 2464//219 2458//219 2457//219
f 2468//219 2462//219 2461//219
f 2461//219 2459//219 2456//219
f 2469//219 2467//219 2464//219
f 2467//219 2461//219 2458//219
f 2474//219 2472//219 2471//219
f 2478//219 2476//219 2475//219
f 2482//219 2480//219 2479//219
f 2486//219 2484//219 2483//219
f 2480//219 2474//219 2473//219
f 2484//219 2478//219 2477//219
f 2477//219 2475//219 2472//219
f 2485//219 2483//219 2480//219
f 2483//219 2477//219 2474//219
f 2456//219 2434//219 2433//219
f 2460//219 2438//219 2437//219
f 2459//219 2437//219 2434//219
f 2472//219 2450//219 2449//219
f 2476//219 2454//219 2453//219
f 2475//219 2453//219 2450//219
f 2441//219 2439//219 2428//219
f 2449//219 2447//219 2436//219
f 2447//219 2441//219 2430//219
f 2473//219 2471//219 2460//219
f 2481//219 2479//219 2468//219
f 2479//219 2473//219 2462//219
f 2471//219 2449//219 2438//219
f 2496//605 2494//605 2493//605
f 2493//605 2494//605 2492//605
f 2502//605 2500//605 2499//605
f 2499//605 2500//605 2498//605
f 2503//609 2504//609 2496//605
f 2505//609 2506//609 2502//605
f 2492//605 2488//611 2487//611
f 2498//605 2490//611 2489//611
f 2501//605 2499//605 2494//605
f 2494//605 2499//605 2497//605
f 2497//605 2489//611 2488//611
f 2504//609 2505//609 2501//605
f 2516//605 2514//605 2513//605
f 2513//605 2514//605 2512//605
f 2522//605 2520//605 2519//605
f 2519//605 2520//605 2518//605
f 2523//609 2524//609 2516//605
f 2525//609 2526//609 2522//605
f 2512//605 2508//611 2507//611
f 2518//605 2510//611 2509//611
f 2521//605 2519//605 2514//605
f 2514//605 2519//605 2517//605
f 2517//605 2509//611 2508//611
f 2524//609 2525//609 2521//605
f 2529//745 2530//755 2528//746
f 2533//748 2534//767 2532//749
f 2538//625 2536//753 2535//751
f 2542//625 2540//754 2539//752
f 2536//753 2530//755 2529//745
f 2540//754 2534//767 2533//748
f 2530//755 2533//748 2531//750
f 2541//625 2539//752 2536//753
f 2536//753 2539//752 2533//748
f 2545//756 2546//766 2544//757
f 2549//759 2550//765 2548//760
f 2554//696 2552//764 2551//762
f 2558//701 2556//844 2555//763
f 2552//764 2546//766 2545//756
f 2555//763 2556//844 2550//765
f 2546//766 2549//759 2547//761
f 2557//697 2555//763 2552//764
f 2552//764 2555//763 2549//759
f 2528//746 2504//609 2503//609
f 2532//749 2506//609 2505//609
f 2531//750 2505//609 2504//609
f 2544//757 2524//609 2523//609
f 2548//760 2526//609 2525//609
f 2547//761 2525//609 2524//609
f 2515//605 2513//605 2500//605
f 2500//605 2513//605 2511//605
f 2511//605 2507//611 2490//611
f 2506//609 2523//609 2515//605
f 2534//767 2545//756 2543//758
f 2553//625 2551//762 2540//754
f 2551//762 2545//756 2534//767
f 2543//758 2523//609 2506//609
f 2568//605 2566//605 2565//605
f 2565//605 2566//605 2564//605
f 2574//768 2572//796 2571//605
f 2571//605 2572//796 2570//768
f 2575//609 2576//609 2568//605
f 2577//609 2578//804 2574//768
f 2564//605 2560//611 2559//611
f 2570//768 2562//799 2561//611
f 2573//605 2571//605 2566//605
f 2566//605 2571//605 2569//605
f 2569//605 2561//611 2560//611
f 2576//609 2577//609 2573//605
f 2582//769 2583//771 2581//770
f 2587//772 2588//783 2586//773
f 2591//775 2592//784 2590//776
f 2596//702 2594//785 2593//778
f 2600//780 2598//803 2597//781
f 2593//778 2594//785 2588//783
f 2597//781 2598//803 2592//784
f 2588//783 2591//775 2589//777
f 2599//782 2597//781 2594//785
f 2594//785 2597//781 2591//775
f 2604//786 2602//219 2601//729
f 2608//788 2606//219 2605//219
f 2609//790 2610//793 2604//786
f 2612//791 2608//788 2607//789
f 2607//789 2605//219 2602//219
f 2610//793 2611//792 2607//789
f 2586//773 2576//609 2575//609
f 2590//776 2578//804 2577//609
f 2589//777 2577//609 2576//609
f 2583//771 2603//787 2601//729
f 2584//794 2609//790 2603//787
f 2574//768 2583//797 2582//795
f 2570//768 2572//796 2582//795
f 2570//768 2580//797 2579//798
f 2574//768 2578//804 2584//800
f 2610//801 2609//1049 2590//776
f 2600//780 2612//843 2611//802
f 2611//802 2610//801 2592//784
f 2590//776 2609//1049 2584//800
f 2616//625 2614//625 2613//625
f 2620//697 2618//625 2617//625
f 2624//805 2622//697 2621//625
f 2628//708 2626//779 2625//701
f 2622//697 2616//625 2615//625
f 2626//779 2620//697 2619//696
f 2619//696 2617//625 2614//625
f 2627//709 2625//701 2622//697
f 2625//701 2619//696 2616//625
f 2632//806 2630//700 2629//695
f 2636//704 2634//709 2633//805
f 2640//707 2638//782 2637//702
f 2644//809 2642//707 2641//707
f 2638//782 2632//806 2631//699
f 2642//707 2636//704 2635//807
f 2635//807 2633//805 2630//700
f 2643//809 2641//707 2638//782
f 2641//707 2635//807 2632//806
f 2648//707 2646//706 2645//806
f 2652//707 2650//707 2649//704
f 2656//707 2654//809 2653//707
f 2660//707 2658//809 2657//809
f 2654//809 2648//707 2647//782
f 2658//809 2652//707 2651//707
f 2651//707 2649//704 2646//706
f 2659//809 2657//809 2654//809
f 2657//809 2651//707 2648//707
f 2664//707 2662//809 2661//809
f 2668//707 2666//809 2665//809
f 2672//707 2670//809 2669//809
f 2676//707 2674//809 2673//809
f 2670//809 2664//707 2663//707
f 2674//809 2668//707 2667//707
f 2667//707 2665//809 2662//809
f 2675//809 2673//809 2670//809
f 2673//809 2667//707 2664//707
f 2646//706 2624//805 2623//700
f 2650//707 2628//708 2627//709
f 2649//704 2627//709 2624//805
f 2662//809 2640//707 2639//808
f 2666//809 2644//809 2643//809
f 2665//809 2643//809 2640//707
f 2631//699 2629//695 2618//625
f 2639//808 2637//702 2626//779
f 2637//702 2631//699 2620//697
f 2663//707 2661//809 2650//707
f 2671//707 2669//809 2658//809
f 2669//809 2663//707 2652//707
f 2661//809 2639//808 2628//708
f 2680//809 2678//808 2677//708
f 2684//810 2682//834 2681//707
f 2688//809 2686//707 2685//707
f 2692//811 2690//812 2689//809
f 2686//707 2680//809 2679//707
f 2690//812 2684//810 2683//809
f 2683//809 2681//707 2678//808
f 2691//809 2689//809 2686//707
f 2689//809 2683//809 2680//809
f 2696//813 2694//219 2693//219
f 2700//815 2698//219 2697//219
f 2702//817 2696//813 2695//814
f 2704//819 2700//815 2699//816
f 2699//816 2697//219 2694//219
f 2703//820 2699//816 2696//813
f 2708//707 2706//809 2705//809
f 2712//821 2710//832 2709//809
f 2716//707 2714//809 2713//809
f 2720//822 2718//823 2717//809
f 2714//809 2708//707 2707//707
f 2718//823 2712//821 2711//707
f 2711//707 2709//809 2706//809
f 2719//809 2717//809 2714//809
f 2717//809 2711//707 2708//707
f 2724//824 2722//219 2721//219
f 2728//826 2726//219 2725//219
f 2730//828 2724//824 2723//825
f 2732//830 2728//826 2727//827
f 2727//827 2725//219 2722//219
f 2731//831 2727//827 2724//824
f 2706//809 2688//809 2687//809
f 2710//832 2692//811 2691//809
f 2709//809 2691//809 2688//809
f 2723//825 2721//219 2698//219
f 2729//829 2723//825 2700//815
f 2684//810 2702//836 2701//833
f 2692//811 2704//840 2703//835
f 2690//812 2703//835 2702//836
f 2712//821 2730//839 2729//837
f 2720//822 2732//1037 2731//838
f 2718//823 2731//838 2730//839
f 2710//832 2729//837 2704//840
f 2487//611 2488//611 2314//593
f 2489//611 2490//611 2318//593
f 2488//611 2489//611 2317//593
f 2507//611 2508//611 2330//593
f 2509//611 2510//611 2334//593
f 2508//611 2509//611 2333//593
f 2490//611 2507//611 2329//593
f 2559//611 2560//611 2390//593
f 2561//611 2562//799 2394//741
f 2560//611 2561//611 2393//593
f 2580//771 2581//770 2406//729
f 2579//841 2580//771 2405//731
f 2602//219 2418//219 2417//219
f 2606//219 2422//219 2421//219
f 2605//219 2421//219 2418//219
f 2394//741 2562//799 2579//798
f 2601//729 2417//219 2406//729
f 2694//219 2466//219 2465//219
f 2698//219 2470//219 2469//219
f 2697//219 2469//219 2466//219
f 2722//219 2482//219 2481//219
f 2726//219 2486//219 2485//219
f 2725//219 2485//219 2482//219
f 2721//219 2481//219 2470//219
f 2614//625 2538//625 2537//625
f 2618//625 2542//625 2541//625
f 2617//625 2541//625 2538//625
f 2630//700 2554//696 2553//625
f 2634//709 2558//701 2557//697
f 2633//805 2557//697 2554//696
f 2629//695 2553//625 2542//625
f 2425//219 2423//219 2368//219
f 2433//219 2431//219 2376//219
f 2431//219 2425//219 2370//219
f 2457//219 2455//219 2412//219
f 2465//219 2463//219 2420//219
f 2463//219 2457//219 2414//219
f 2455//219 2433//219 2378//219
f 2678//808 2596//702 2595//779
f 2682//834 2600//780 2599//782
f 2681//707 2599//782 2596//702
f 2695//814 2693//219 2606//219
f 2701//818 2695//814 2608//788
f 2682//834 2701//833 2612//843
f 2294//78 2337//78 2335//78
f 2302//78 2345//78 2343//78
f 2300//78 2343//78 2337//78
f 2326//78 2381//78 2379//78
f 2334//593 2389//593 2387//591
f 2332//591 2387//591 2381//78
f 2324//78 2379//78 2345//78
f 2567//605 2565//605 2520//605
f 2520//605 2565//605 2563//605
f 2563//605 2559//611 2510//611
f 2526//609 2575//609 2567//605
f 2550//765 2587//772 2585//774
f 2595//779 2593//778 2556//844
f 2556//844 2593//778 2587//772
f 2585//774 2575//609 2526//609
f 2679//707 2677//708 2634//709
f 2687//809 2685//707 2642//707
f 2685//707 2679//707 2636//704
f 2707//707 2705//809 2666//809
f 2715//707 2713//809 2674//809
f 2713//809 2707//707 2668//707
f 2705//809 2687//809 2644//809
f 2677//708 2595//779 2558//701
f 2510//611 2559//611 2389//593
f 2693//219 2465//219 2422//219
f 2734//68 2736//68 2735//68
f 2738//68 2740//68 2739//68
f 2742//68 2744//68 2743//68
f 2746//68 2748//68 2747//68
f 2736//68 2742//68 2741//68
f 2740//68 2746//68 2745//68
f 2737//68 2739//68 2736//68
f 2745//68 2747//68 2744//68
f 2739//68 2745//68 2742//68
f 2750//68 2752//68 2751//68
f 2754//68 2756//68 2755//68
f 2758//68 2760//68 2759//68
f 2762//68 2764//68 2763//68
f 2752//68 2758//68 2757//68
f 2756//68 2762//68 2761//68
f 2753//68 2755//68 2752//68
f 2761//68 2763//68 2760//68
f 2755//68 2761//68 2758//68
f 2766//68 2768//68 2767//68
f 2770//68 2772//68 2771//68
f 2774//68 2776//68 2775//68
f 2778//68 2780//68 2779//68
f 2768//68 2774//68 2773//68
f 2772//68 2778//68 2777//68
f 2769//68 2771//68 2768//68
f 2777//68 2779//68 2776//68
f 2771//68 2777//68 2774//68
f 2782//68 2784//68 2783//68
f 2786//68 2788//68 2787//68
f 2790//68 2792//68 2791//68
f 2794//68 2796//68 2795//68
f 2784//68 2790//68 2789//68
f 2788//68 2794//68 2793//68
f 2785//68 2787//68 2784//68
f 2793//68 2795//68 2792//68
f 2787//68 2793//68 2790//68
f 2744//68 2766//68 2765//68
f 2748//68 2770//68 2769//68
f 2747//68 2769//68 2766//68
f 2760//68 2782//68 2781//68
f 2764//68 2786//68 2785//68
f 2763//68 2785//68 2782//68
f 2749//68 2751//68 2740//68
f 2757//68 2759//68 2748//68
f 2751//68 2757//68 2746//68
f 2781//68 2783//68 2772//68
f 2789//68 2791//68 2780//68
f 2783//68 2789//68 2778//68
f 2759//68 2781//68 2770//68
f 2798//68 2800//68 2799//68
f 2802//68 2804//68 2803//68
f 2806//68 2808//68 2807//68
f 2810//68 2812//68 2811//68
f 2800//68 2806//68 2805//68
f 2804//68 2810//68 2809//68
f 2801//68 2803//68 2800//68
f 2809//68 2811//68 2808//68
f 2803//68 2809//68 2806//68
f 2814//845 2816//852 2815//846
f 2819//847 2820//850 2822//848
f 2815//846 2816//852 2820//850
f 2814//845 2817//1029 2818//851
f 2830//853 2829//861 2827//854
f 2834//853 2833//853 2831//855
f 2838//856 2837//878 2835//857
f 2842//856 2841//856 2839//856
f 2836//856 2835//857 2823//858
f 2840//856 2839//856 2825//860
f 2830//853 2824//859 2823//858
f 2834//853 2826//860 2825//860
f 2833//853 2830//853 2828//855
f 2841//856 2838//856 2836//856
f 2833//853 2825//860 2824//859
f 2839//856 2836//856 2824//859
f 2844//68 2846//68 2845//68
f 2848//862 2850//865 2849//863
f 2852//863 2854//865 2853//863
f 2846//68 2852//863 2851//68
f 2849//863 2850//865 2856//864
f 2847//68 2849//863 2846//68
f 2852//863 2855//865 2857//864
f 2849//863 2855//865 2852//863
f 2869//866 2867//866 2866//867
f 2871//866 2870//869 2866//867
f 2875//866 2873//866 2872//866
f 2877//866 2876//866 2872//866
f 2869//866 2868//868 2858//867
f 2875//866 2874//866 2860//866
f 2871//866 2863//866 2862//867
f 2877//866 2865//866 2864//866
f 2874//866 2872//866 2867//866
f 2876//866 2871//866 2867//866
f 2876//866 2864//866 2863//866
f 2874//866 2869//866 2859//866
f 2884//870 2882//874 2881//871
f 2886//873 2885//880 2881//871
f 2890//870 2888//874 2887//874
f 2892//875 2891//875 2887//874
f 2889//870 2887//874 2882//874
f 2891//875 2886//873 2882//874
f 2808//68 2844//68 2843//68
f 2812//68 2848//862 2847//68
f 2811//68 2847//68 2844//68
f 2821//849 2822//848 2879//876
f 2884//870 2883//872 2837//878
f 2890//870 2889//870 2841//856
f 2889//870 2884//870 2838//856
f 2813//68 2815//846 2804//68
f 2819//847 2821//849 2812//68
f 2815//846 2819//847 2810//68
f 2848//862 2878//877 2880//879
f 2886//873 2859//866 2858//867
f 2892//875 2861//866 2860//866
f 2891//875 2860//866 2859//866
f 2827//854 2829//861 2818//881
f 2837//878 2822//892 2820//883
f 2818//881 2829//861 2823//858
f 2823//858 2835//857 2820//883
f 2856//886 2868//868 2866//867
f 2866//867 2870//869 2857//886
f 2857//886 2870//869 2862//867
f 2858//867 2868//868 2856//886
f 2879//891 2883//872 2881//871
f 2881//871 2885//880 2880//890
f 2880//890 2885//880 2858//867
f 2837//878 2883//872 2879//891
f 2821//849 2878//877 2848//862
f 2900//853 2899//853 2897//855
f 2904//853 2903//853 2901//855
f 2908//856 2907//856 2905//856
f 2912//856 2911//856 2909//856
f 2906//856 2905//856 2893//859
f 2910//856 2909//856 2895//860
f 2900//853 2894//860 2893//859
f 2904//853 2896//859 2895//860
f 2903//853 2900//853 2898//855
f 2911//856 2908//856 2906//856
f 2903//853 2895//860 2894//860
f 2909//856 2906//856 2894//860
f 2920//853 2919//853 2917//855
f 2924//853 2923//853 2921//855
f 2928//856 2927//856 2925//856
f 2932//856 2931//856 2929//856
f 2926//856 2925//856 2913//859
f 2930//856 2929//856 2915//860
f 2920//853 2914//859 2913//859
f 2924//853 2916//859 2915//860
f 2923//853 2920//853 2918//855
f 2931//856 2928//856 2926//856
f 2923//853 2915//860 2914//859
f 2929//856 2926//856 2914//859
f 2944//866 2942//866 2941//866
f 2946//866 2945//866 2941//866
f 2950//866 2948//866 2947//866
f 2952//866 2951//866 2947//866
f 2944//866 2943//866 2933//866
f 2950//866 2949//866 2935//866
f 2946//866 2938//866 2937//866
f 2952//866 2940//866 2939//866
f 2949//866 2947//866 2942//866
f 2951//866 2946//866 2942//866
f 2951//866 2939//866 2938//866
f 2949//866 2944//866 2934//866
f 2964//866 2962//866 2961//866
f 2966//866 2965//866 2961//866
f 2970//866 2968//866 2967//866
f 2972//866 2971//866 2967//866
f 2964//866 2963//866 2953//866
f 2970//866 2969//866 2955//866
f 2966//866 2958//866 2957//866
f 2972//866 2960//866 2959//866
f 2969//866 2967//866 2962//866
f 2971//866 2966//866 2962//866
f 2971//866 2959//866 2958//866
f 2969//866 2964//866 2954//866
f 2976//870 2974//874 2973//874
f 2978//875 2977//873 2973//874
f 2982//870 2980//874 2979//874
f 2984//875 2983//893 2979//874
f 2981//870 2979//874 2974//874
f 2983//893 2978//875 2974//874
f 2988//870 2986//874 2985//874
f 2990//873 2989//873 2985//874
f 2994//870 2992//874 2991//874
f 2996//873 2995//893 2991//874
f 2993//870 2991//874 2986//874
f 2995//893 2990//873 2986//874
f 2976//870 2975//870 2907//856
f 2982//870 2981//870 2911//856
f 2981//870 2976//870 2908//856
f 2988//870 2987//870 2927//856
f 2994//870 2993//870 2931//856
f 2993//870 2988//870 2928//856
f 2978//875 2934//866 2933//866
f 2984//875 2936//866 2935//866
f 2983//893 2935//866 2934//866
f 2990//873 2954//866 2953//866
f 2996//873 2956//866 2955//866
f 2995//893 2955//866 2954//866
f 2919//853 2904//853 2902//855
f 2927//856 2912//856 2910//856
f 2919//853 2913//859 2896//859
f 2925//856 2910//856 2896//859
f 2963//866 2961//866 2948//866
f 2965//866 2952//866 2948//866
f 2965//866 2957//866 2940//866
f 2963//866 2950//866 2936//866
f 2987//870 2985//874 2980//874
f 2989//873 2984//875 2980//874
f 2989//873 2953//866 2936//866
f 2987//870 2982//870 2912//856
f 2998//68 3000//900 2999//894
f 3002//68 3004//929 3003//895
f 2999//894 3000//900 3006//896
f 3003//895 3004//929 3008//898
f 3001//68 3003//895 3000//900
f 3000//900 3003//895 3007//899
f 3012//695 3010//625 3009//901
f 3016//705 3014//697 3013//625
f 3020//904 3018//909 3017//905
f 3024//907 3022//706 3021//698
f 3018//909 3012//695 3011//902
f 3022//706 3016//705 3015//903
f 3015//903 3013//625 3010//625
f 3023//908 3021//698 3018//909
f 3021//698 3015//903 3012//695
f 3026//68 3028//916 3027//910
f 3029//911 3030//948 3032//912
f 3027//910 3028//916 3034//914
f 3029//911 3031//913 3028//916
f 3028//916 3031//913 3035//917
f 3039//918 3037//921 3036//919
f 3043//918 3041//921 3040//921
f 3047//922 3045//928 3044//923
f 3051//925 3049//926 3048//926
f 3053//921 3052//927 3036//919
f 3055//921 3054//921 3040//921
f 3053//921 3047//922 3046//924
f 3055//921 3051//925 3050//925
f 3042//918 3040//921 3037//921
f 3050//925 3048//926 3045//928
f 3054//921 3050//925 3047//922
f 3054//921 3053//921 3037//921
f 3025//68 3027//910 3004//929
f 3004//929 3027//910 3033//915
f 3045//928 3020//904 3019//906
f 3049//926 3024//907 3023//908
f 3048//926 3023//908 3020//904
f 3011//902 3009//901 3005//930
f 3019//906 3017//905 3007//932
f 3017//905 3011//902 3006//931
f 3032//934 3038//920 3036//919
f 3046//924 3044//923 3033//936
f 3035//938 3052//927 3046//924
f 3036//919 3052//927 3035//938
f 3044//923 3019//906 3008//933
f 3059//708 3057//703 3056//701
f 3063//707 3061//941 3060//702
f 3067//940 3065//707 3064//704
f 3071//940 3069//707 3068//707
f 3065//707 3059//708 3058//709
f 3069//707 3063//707 3062//704
f 3062//704 3060//702 3057//703
f 3070//940 3068//707 3065//707
f 3068//707 3062//704 3059//708
f 3075//809 3073//707 3072//707
f 3079//809 3077//809 3076//809
f 3083//940 3081//707 3080//707
f 3087//940 3085//707 3084//707
f 3081//707 3075//809 3074//809
f 3085//707 3079//809 3078//809
f 3078//809 3076//809 3073//707
f 3086//940 3084//707 3081//707
f 3084//707 3078//809 3075//809
f 3091//918 3089//921 3088//921
f 3095//918 3093//921 3092//921
f 3099//925 3097//926 3096//926
f 3103//925 3101//926 3100//926
f 3105//921 3104//921 3088//921
f 3107//921 3106//921 3092//921
f 3105//921 3099//925 3098//925
f 3107//921 3103//925 3102//925
f 3094//918 3092//921 3089//921
f 3102//925 3100//926 3097//926
f 3106//921 3102//925 3099//925
f 3106//921 3105//921 3089//921
f 3111//918 3109//921 3108//921
f 3115//918 3113//921 3112//921
f 3119//925 3117//926 3116//926
f 3123//925 3121//926 3120//926
f 3125//921 3124//921 3108//921
f 3127//921 3126//921 3112//921
f 3125//921 3119//925 3118//925
f 3127//921 3123//925 3122//925
f 3114//918 3112//921 3109//921
f 3122//925 3120//926 3117//926
f 3126//921 3122//925 3119//925
f 3126//921 3125//921 3109//921
f 3097//926 3067//940 3066//940
f 3101//926 3071//940 3070//940
f 3100//926 3070//940 3067//940
f 3117//926 3083//940 3082//940
f 3121//926 3087//940 3086//940
f 3120//926 3086//940 3083//940
f 3074//809 3072//707 3061//941
f 3082//940 3080//707 3069//707
f 3080//707 3074//809 3063//707
f 3110//918 3108//921 3093//921
f 3118//925 3116//926 3101//926
f 3124//921 3118//925 3103//925
f 3124//921 3107//921 3093//921
f 3116//926 3082//940 3071//940
f 3134//866 3132//944 3131//942
f 3136//943 3135//950 3131//942
f 3140//866 3138//944 3137//944
f 3142//943 3141//943 3137//944
f 3139//866 3137//944 3132//944
f 3141//943 3136//943 3132//944
f 3129//886 3133//868 3131//942
f 3131//942 3135//950 3130//946
f 3146//866 3144//944 3143//944
f 3148//943 3147//943 3143//944
f 3152//866 3150//944 3149//944
f 3154//943 3153//943 3149//944
f 3151//866 3149//944 3144//944
f 3153//943 3148//943 3144//944
f 3158//866 3156//944 3155//944
f 3160//943 3159//943 3155//944
f 3164//866 3162//944 3161//944
f 3166//943 3165//943 3161//944
f 3163//866 3161//944 3156//944
f 3165//943 3160//943 3156//944
f 3157//866 3155//944 3150//944
f 3159//943 3154//943 3150//944
f 2776//68 2998//68 2997//68
f 2780//68 3002//68 3001//68
f 2779//68 3001//68 2998//68
f 2792//68 3026//68 3025//68
f 2796//68 3030//948 3029//911
f 2795//68 3029//911 3026//68
f 2791//68 3025//68 3002//68
f 2853//863 2854//865 3129//864
f 3134//866 3133//868 2862//867
f 3140//866 3139//866 2864//866
f 3139//866 3134//866 2863//866
f 2862//867 3133//868 3129//886
f 3146//866 3145//866 2937//866
f 3152//866 3151//866 2939//866
f 3151//866 3146//866 2938//866
f 3158//866 3157//866 2957//866
f 3164//866 3163//866 2959//866
f 3163//866 3158//866 2958//866
f 3157//866 3152//866 2940//866
f 2797//68 2799//68 2756//68
f 2805//68 2807//68 2764//68
f 2799//68 2805//68 2762//68
f 2843//68 2845//68 2788//68
f 2851//68 2853//863 2796//68
f 2845//68 2851//68 2794//68
f 2807//68 2843//68 2786//68
f 3030//948 3128//947 3130//949
f 3136//943 3039//918 3038//920
f 3142//943 3043//918 3042//918
f 3141//943 3042//918 3039//918
f 3130//946 3135//950 3038//920
f 3148//943 3091//918 3090//918
f 3154//943 3095//918 3094//918
f 3153//943 3094//918 3091//918
f 3160//943 3111//918 3110//918
f 3166//943 3115//918 3114//918
f 3165//943 3114//918 3111//918
f 3159//943 3110//918 3095//918
f 2899//853 2834//853 2832//855
f 2907//856 2842//856 2840//856
f 2899//853 2893//859 2826//860
f 2905//856 2840//856 2826//860
f 2943//866 2941//866 2873//866
f 2945//866 2877//866 2873//866
f 2945//866 2937//866 2865//866
f 2943//866 2875//866 2861//866
f 2975//870 2973//874 2888//874
f 2977//873 2892//875 2888//874
f 2977//873 2933//866 2861//866
f 2975//870 2890//870 2842//856
f 3058//709 3056//701 3014//697
f 3066//940 3064//704 3022//706
f 3064//704 3058//709 3016//705
f 3090//918 3088//921 3041//921
f 3098//925 3096//926 3049//926
f 3104//921 3098//925 3051//925
f 3104//921 3055//921 3041//921
f 3096//926 3066//940 3024//907
f 3145//866 3143//944 3138//944
f 3147//943 3142//943 3138//944
f 3147//943 3090//918 3043//918
f 3145//866 3140//866 2865//866
f 2853//863 3128//947 3030//948
f 3170//219 3168//219 3167//219
f 3174//219 3172//219 3171//219
f 3178//219 3176//219 3175//219
f 3182//219 3180//219 3179//219
f 3176//219 3170//219 3169//219
f 3180//219 3174//219 3173//219
f 3173//219 3171//219 3168//219
f 3181//219 3179//219 3176//219
f 3179//219 3173//219 3170//219
f 3186//219 3184//219 3183//219
f 3190//219 3188//219 3187//219
f 3194//219 3192//219 3191//219
f 3198//219 3196//219 3195//219
f 3192//219 3186//219 3185//219
f 3196//219 3190//219 3189//219
f 3189//219 3187//219 3184//219
f 3197//219 3195//219 3192//219
f 3195//219 3189//219 3186//219
f 3202//219 3200//219 3199//219
f 3206//219 3204//219 3203//219
f 3210//219 3208//219 3207//219
f 3214//219 3212//219 3211//219
f 3208//219 3202//219 3201//219
f 3212//219 3206//219 3205//219
f 3205//219 3203//219 3200//219
f 3213//219 3211//219 3208//219
f 3211//219 3205//219 3202//219
f 3218//219 3216//219 3215//219
f 3222//219 3220//219 3219//219
f 3226//219 3224//219 3223//219
f 3230//219 3228//219 3227//219
f 3224//219 3218//219 3217//219
f 3228//219 3222//219 3221//219
f 3221//219 3219//219 3216//219
f 3229//219 3227//219 3224//219
f 3227//219 3221//219 3218//219
f 3200//219 3178//219 3177//219
f 3204//219 3182//219 3181//219
f 3203//219 3181//219 3178//219
f 3216//219 3194//219 3193//219
f 3220//219 3198//219 3197//219
f 3219//219 3197//219 3194//219
f 3185//219 3183//219 3172//219
f 3193//219 3191//219 3180//219
f 3191//219 3185//219 3174//219
f 3217//219 3215//219 3204//219
f 3225//219 3223//219 3212//219
f 3223//219 3217//219 3206//219
f 3215//219 3193//219 3182//219
f 3238//853 3237//853 3235//855
f 3242//853 3241//853 3239//855
f 3246//856 3245//856 3243//856
f 3250//856 3249//856 3247//856
f 3244//856 3243//856 3231//859
f 3248//856 3247//856 3233//859
f 3238//853 3232//860 3231//859
f 3242//853 3234//860 3233//859
f 3241//853 3238//853 3236//855
f 3249//856 3246//856 3244//856
f 3241//853 3233//859 3232//860
f 3247//856 3244//856 3232//860
f 3258//853 3257//853 3255//855
f 3262//853 3261//853 3259//855
f 3266//856 3265//856 3263//856
f 3270//856 3269//856 3267//856
f 3264//856 3263//856 3251//859
f 3268//856 3267//856 3253//859
f 3258//853 3252//859 3251//859
f 3262//853 3254//860 3253//859
f 3261//853 3258//853 3256//855
f 3269//856 3266//856 3264//856
f 3261//853 3253//859 3252//859
f 3267//856 3264//856 3252//859
f 3282//866 3280//866 3279//866
f 3284//866 3283//866 3279//866
f 3288//866 3286//866 3285//866
f 3290//866 3289//866 3285//866
f 3282//866 3281//866 3271//866
f 3288//866 3287//866 3273//866
f 3284//866 3276//866 3275//866
f 3290//866 3278//866 3277//866
f 3287//866 3285//866 3280//866
f 3289//866 3284//866 3280//866
f 3289//866 3277//866 3276//866
f 3287//866 3282//866 3272//866
f 3302//866 3300//866 3299//866
f 3304//866 3303//866 3299//866
f 3308//866 3306//866 3305//866
f 3310//866 3309//866 3305//866
f 3302//866 3301//866 3291//866
f 3308//866 3307//866 3293//866
f 3304//866 3296//866 3295//866
f 3310//866 3298//866 3297//866
f 3307//866 3305//866 3300//866
f 3309//866 3304//866 3300//866
f 3309//866 3297//866 3296//866
f 3307//866 3302//866 3292//866
f 3314//870 3312//874 3311//874
f 3316//893 3315//873 3311//874
f 3320//870 3318//874 3317//874
f 3322//893 3321//873 3317//874
f 3319//870 3317//874 3312//874
f 3321//873 3316//893 3312//874
f 3326//870 3324//874 3323//874
f 3328//873 3327//873 3323//874
f 3332//870 3330//874 3329//874
f 3334//875 3333//873 3329//874
f 3331//870 3329//874 3324//874
f 3333//873 3328//873 3324//874
f 3314//870 3313//870 3245//856
f 3320//870 3319//870 3249//856
f 3319//870 3314//870 3246//856
f 3326//870 3325//870 3265//856
f 3332//870 3331//870 3269//856
f 3331//870 3326//870 3266//856
f 3316//893 3272//866 3271//866
f 3322//893 3274//866 3273//866
f 3321//873 3273//866 3272//866
f 3328//873 3292//866 3291//866
f 3334//875 3294//866 3293//866
f 3333//873 3293//866 3292//866
f 3257//853 3242//853 3240//855
f 3265//856 3250//856 3248//856
f 3257//853 3251//859 3234//860
f 3263//856 3248//856 3234//860
f 3301//866 3299//866 3286//866
f 3303//866 3290//866 3286//866
f 3303//866 3295//866 3278//866
f 3301//866 3288//866 3274//866
f 3325//870 3323//874 3318//874
f 3327//873 3322//893 3318//874
f 3327//873 3291//866 3274//866
f 3325//870 3320//870 3250//856
f 3338//219 3336//219 3335//219
f 3342//219 3340//219 3339//219
f 3346//219 3344//219 3343//219
f 3350//219 3348//219 3347//219
f 3344//219 3338//219 3337//219
f 3348//219 3342//219 3341//219
f 3341//219 3339//219 3336//219
f 3349//219 3347//219 3344//219
f 3347//219 3341//219 3338//219
f 3358//853 3357//853 3355//855
f 3360//951 3362//956 3361//853
f 3366//856 3365//856 3363//856
f 3370//953 3369//856 3367//856
f 3364//856 3363//856 3351//859
f 3368//954 3367//856 3353//860
f 3358//853 3352//859 3351//859
f 3362//956 3354//955 3353//860
f 3361//853 3358//853 3356//855
f 3369//856 3366//856 3364//856
f 3361//853 3353//860 3352//859
f 3367//856 3364//856 3352//859
f 3373//957 3374//964 3372//958
f 3380//959 3378//962 3377//960
f 3378//962 3374//964 3373//957
f 3376//963 3375//1031 3372//958
f 3392//866 3390//866 3389//866
f 3394//866 3393//866 3389//866
f 3398//965 3396//966 3395//866
f 3400//965 3399//866 3395//866
f 3392//866 3391//866 3381//866
f 3398//965 3397//866 3383//866
f 3394//866 3386//866 3385//866
f 3400//965 3388//966 3387//866
f 3397//866 3395//866 3390//866
f 3399//866 3394//866 3390//866
f 3399//866 3387//866 3386//866
f 3397//866 3392//866 3382//866
f 3404//219 3402//219 3401//219
f 3407//967 3408//970 3406//968
f 3411//967 3412//970 3410//967
f 3410//967 3404//219 3403//219
f 3414//969 3408//970 3407//967
f 3407//967 3405//219 3402//219
f 3415//969 3413//970 3410//967
f 3410//967 3413//970 3407//967
f 3419//870 3417//874 3416//874
f 3421//873 3420//873 3416//874
f 3425//971 3423//973 3422//874
f 3427//972 3426//873 3422//874
f 3424//870 3422//874 3417//874
f 3426//873 3421//873 3417//874
f 3402//219 3346//219 3345//219
f 3406//968 3350//219 3349//219
f 3405//219 3349//219 3346//219
f 3419//870 3418//870 3365//856
f 3425//971 3424//870 3369//856
f 3424//870 3419//870 3366//856
f 3429//974 3380//959 3379//961
f 3421//873 3382//866 3381//866
f 3427//972 3384//966 3383//866
f 3426//873 3383//866 3382//866
f 3373//957 3371//219 3340//219
f 3379//961 3377//960 3348//219
f 3377//960 3373//957 3342//219
f 3430//976 3428//975 3406//968
f 3376//977 3362//956 3360//951
f 3378//979 3380//986 3370//953
f 3376//1050 3374//1050 3354//1050
f 3378//979 3368//954 3354//955
f 3414//981 3413//982 3396//966
f 3415//981 3400//965 3396//966
f 3415//981 3412//982 3388//966
f 3414//981 3398//965 3384//966
f 3429//1051 3428//985 3423//973
f 3430//984 3427//972 3423//973
f 3430//984 3408//982 3384//966
f 3429//983 3425//971 3370//953
f 3406//968 3428//975 3379//961
f 3434//809 3432//809 3431//809
f 3438//809 3436//809 3435//809
f 3442//940 3440//707 3439//707
f 3446//940 3444//707 3443//707
f 3440//707 3434//809 3433//809
f 3444//707 3438//809 3437//809
f 3437//809 3435//809 3432//809
f 3445//940 3443//707 3440//707
f 3443//707 3437//809 3434//809
f 3450//809 3448//809 3447//809
f 3454//809 3452//809 3451//809
f 3458//940 3456//707 3455//707
f 3462//940 3460//707 3459//707
f 3456//707 3450//809 3449//809
f 3460//707 3454//809 3453//809
f 3453//809 3451//809 3448//809
f 3461//940 3459//707 3456//707
f 3459//707 3453//809 3450//809
f 3466//918 3464//921 3463//921
f 3470//918 3468//921 3467//921
f 3474//925 3472//926 3471//926
f 3478//925 3476//926 3475//926
f 3480//921 3479//921 3463//921
f 3482//921 3481//921 3467//921
f 3480//921 3474//925 3473//925
f 3482//921 3478//925 3477//925
f 3469//918 3467//921 3464//921
f 3477//925 3475//926 3472//926
f 3481//921 3477//925 3474//925
f 3481//921 3480//921 3464//921
f 3486//918 3484//921 3483//921
f 3490//918 3488//921 3487//921
f 3494//925 3492//926 3491//926
f 3498//925 3496//926 3495//926
f 3500//921 3499//921 3483//921
f 3502//921 3501//921 3487//921
f 3500//921 3494//925 3493//925
f 3502//921 3498//925 3497//925
f 3489//918 3487//921 3484//921
f 3497//925 3495//926 3492//926
f 3501//921 3497//925 3494//925
f 3501//921 3500//921 3484//921
f 3472//926 3442//940 3441//940
f 3476//926 3446//940 3445//940
f 3475//926 3445//940 3442//940
f 3492//926 3458//940 3457//940
f 3496//926 3462//940 3461//940
f 3495//926 3461//940 3458//940
f 3449//809 3447//809 3436//809
f 3457//940 3455//707 3444//707
f 3455//707 3449//809 3438//809
f 3485//918 3483//921 3468//921
f 3493//925 3491//926 3476//926
f 3499//921 3493//925 3478//925
f 3499//921 3482//921 3468//921
f 3491//926 3457//940 3446//940
f 3506//809 3504//809 3503//809
f 3510//987 3508//1012 3507//809
f 3514//940 3512//707 3511//707
f 3518//988 3516//989 3515//707
f 3512//707 3506//809 3505//809
f 3516//989 3510//987 3509//809
f 3509//809 3507//809 3504//809
f 3517//940 3515//707 3512//707
f 3515//707 3509//809 3506//809
f 3522//990 3520//219 3519//219
f 3526//992 3524//219 3523//219
f 3528//994 3522//990 3521//991
f 3530//996 3526//992 3525//993
f 3525//993 3523//219 3520//219
f 3529//997 3525//993 3522//990
f 3534//918 3532//921 3531//921
f 3538//998 3536//1001 3535//921
f 3542//925 3540//926 3539//926
f 3546//999 3544//1010 3543//926
f 3548//921 3547//921 3531//921
f 3550//1000 3549//921 3535//921
f 3548//921 3542//925 3541//925
f 3550//1000 3546//999 3545//925
f 3537//918 3535//921 3532//921
f 3545//925 3543//926 3540//926
f 3549//921 3545//925 3542//925
f 3549//921 3548//921 3532//921
f 3554//1002 3552//219 3551//219
f 3558//1004 3556//1024 3555//1005
f 3560//1007 3554//1002 3553//1003
f 3554//1002 3557//1006 3555//1005
f 3561//1009 3557//1006 3554//1002
f 3540//926 3514//940 3513//940
f 3544//1010 3518//988 3517//940
f 3543//926 3517//940 3514//940
f 3553//1003 3551//219 3524//219
f 3559//1008 3553//1003 3526//992
f 3510//987 3528//1014 3527//1011
f 3518//988 3530//1019 3529//1013
f 3516//989 3529//1013 3528//1014
f 3558//1015 3557//1052 3536//1001
f 3546//999 3560//1053 3559//1016
f 3561//1017 3560//1053 3546//999
f 3561//1017 3550//1000 3536//1001
f 3544//1010 3559//1016 3530//1019
f 3565//866 3563//944 3562//944
f 3567//943 3566//943 3562//944
f 3571//866 3569//944 3568//944
f 3573//943 3572//943 3568//944
f 3570//866 3568//944 3563//944
f 3572//943 3567//943 3563//944
f 3577//866 3575//944 3574//944
f 3579//943 3578//943 3574//944
f 3583//866 3581//944 3580//944
f 3585//943 3584//943 3580//944
f 3582//866 3580//944 3575//944
f 3584//943 3579//943 3575//944
f 3576//866 3574//944 3569//944
f 3578//943 3573//943 3569//944
f 3589//866 3587//944 3586//944
f 3591//943 3590//943 3586//944
f 3595//965 3593//1021 3592//944
f 3597//1020 3596//943 3592//944
f 3594//866 3592//944 3587//944
f 3596//943 3591//943 3587//944
f 3599//981 3598//1023 3593//1021
f 3600//1022 3597//1020 3593//1021
f 3520//219 3210//219 3209//219
f 3524//219 3214//219 3213//219
f 3523//219 3213//219 3210//219
f 3552//219 3226//219 3225//219
f 3556//1024 3230//219 3229//219
f 3555//1005 3229//219 3226//219
f 3551//219 3225//219 3214//219
f 3565//866 3564//866 3275//866
f 3571//866 3570//866 3277//866
f 3570//866 3565//866 3276//866
f 3577//866 3576//866 3295//866
f 3583//866 3582//866 3297//866
f 3582//866 3577//866 3296//866
f 3576//866 3571//866 3278//866
f 3589//866 3588//866 3385//866
f 3595//965 3594//866 3387//866
f 3594//866 3589//866 3386//866
f 3599//969 3412//970 3411//967
f 3599//981 3595//965 3388//966
f 3567//943 3466//918 3465//918
f 3573//943 3470//918 3469//918
f 3572//943 3469//918 3466//918
f 3579//943 3486//918 3485//918
f 3585//943 3490//918 3489//918
f 3584//943 3489//918 3486//918
f 3578//943 3485//918 3470//918
f 3337//219 3335//219 3188//219
f 3345//219 3343//219 3196//219
f 3343//219 3337//219 3190//219
f 3403//219 3401//219 3220//219
f 3411//967 3409//219 3228//219
f 3409//219 3403//219 3222//219
f 3401//219 3345//219 3198//219
f 3591//943 3534//918 3533//918
f 3597//1020 3538//998 3537//918
f 3596//943 3537//918 3534//918
f 3600//1026 3598//1025 3556//1024
f 3600//1022 3558//1015 3538//998
f 3357//853 3262//853 3260//855
f 3365//856 3270//856 3268//856
f 3357//853 3351//859 3254//860
f 3363//856 3268//856 3254//860
f 3391//866 3389//866 3306//866
f 3393//866 3310//866 3306//866
f 3393//866 3385//866 3298//866
f 3391//866 3308//866 3294//866
f 3418//870 3416//874 3330//874
f 3420//873 3334//875 3330//874
f 3420//873 3381//866 3294//866
f 3418//870 3332//870 3270//856
f 3505//809 3503//809 3452//809
f 3513//940 3511//707 3460//707
f 3511//707 3505//809 3454//809
f 3533//918 3531//921 3488//921
f 3541//925 3539//926 3496//926
f 3547//921 3541//925 3498//925
f 3547//921 3502//921 3488//921
f 3539//926 3513//940 3462//940
f 3588//866 3586//944 3581//944
f 3590//943 3585//943 3581//944
f 3590//943 3533//918 3490//918
f 3588//866 3583//866 3298//866
f 3556//1024 3598//1025 3411//967
f 269//68 1812//68 1811//569
f 268//89 1811//569 1809//573
f 1821//577 1822//78 281//78
f 1825//78 1826//78 285//78
f 1822//78 1825//78 284//78
f 297//68 1838//68 1837//68
f 301//68 1842//68 1841//68
f 300//68 1841//68 1838//68
f 265//1027 1809//595 1821//577
f 296//68 1837//68 1812//68
f 1897//78 1898//78 345//78
f 1901//78 1902//78 349//78
f 1898//78 1901//78 348//78
f 1913//78 1914//78 361//78
f 1917//78 1918//78 365//78
f 1914//78 1917//78 364//78
f 1902//78 1913//78 360//78
f 409//68 1962//68 1961//68
f 413//68 1966//68 1965//68
f 412//68 1965//68 1962//68
f 425//68 1978//68 1977//68
f 429//68 1982//68 1981//68
f 428//68 1981//68 1978//68
f 424//68 1977//68 1966//68
f 1826//78 1897//78 344//78
f 408//68 1961//68 1842//68
f 2271//78 2272//78 688//78
f 2275//78 2276//78 692//78
f 2272//78 2275//78 691//78
f 2287//78 2288//78 704//78
f 2291//78 2292//78 708//78
f 2288//78 2291//78 707//78
f 2276//78 2287//78 703//78
f 2335//78 2336//78 764//78
f 2339//78 2340//714 768//247
f 2336//78 2339//78 767//78
f 2354//219 780//219 779//236
f 2351//722 2353//717 779//236
f 2364//219 792//219 791//219
f 2368//219 796//219 795//219
f 2367//219 795//219 792//219
f 2340//714 2351//737 776//1028
f 2363//219 791//219 780//219
f 2424//219 840//219 839//219
f 2428//219 844//219 843//219
f 2427//219 843//219 840//219
f 2440//219 856//219 855//219
f 2444//219 860//219 859//219
f 2443//219 859//219 856//219
f 2439//219 855//219 844//219
f 2292//78 2335//78 763//78
f 2423//219 839//219 796//219
f 1160//68 2734//68 2733//68
f 1164//68 2738//68 2737//68
f 1163//68 2737//68 2734//68
f 1176//68 2750//68 2749//68
f 1180//68 2754//68 2753//68
f 1179//68 2753//68 2750//68
f 1175//68 2749//68 2738//68
f 1236//68 2798//68 2797//68
f 1240//68 2802//68 2801//68
f 1239//68 2801//68 2798//68
f 1250//404 2814//845 2813//68
f 1250//404 1252//403 2817//1029
f 2828//855 2827//854 1263//415
f 2832//855 2831//855 1267//330
f 2831//855 2828//855 1264//330
f 2827//854 2817//882 1252//1030
f 1249//68 2813//68 2802//68
f 2898//855 2897//855 1311//330
f 2902//855 2901//855 1315//330
f 2901//855 2898//855 1312//330
f 2918//855 2917//855 1327//330
f 2922//855 2921//855 1331//330
f 2921//855 2918//855 1328//330
f 2917//855 2902//855 1316//330
f 2897//855 2832//855 1268//330
f 1235//68 2797//68 2754//68
f 3168//219 1636//219 1635//219
f 3172//219 1640//219 1639//219
f 3171//219 1639//219 1636//219
f 3184//219 1652//219 1651//219
f 3188//219 1656//219 1655//219
f 3187//219 1655//219 1652//219
f 3183//219 1651//219 1640//219
f 3236//855 3235//855 1699//330
f 3240//855 3239//855 1703//330
f 3239//855 3236//855 1700//330
f 3256//855 3255//855 1715//330
f 3260//855 3259//855 1719//330
f 3259//855 3256//855 1716//330
f 3255//855 3240//855 1704//330
f 3336//219 1776//219 1775//219
f 3340//219 1780//219 1779//219
f 3339//219 1779//219 1776//219
f 3356//855 3355//855 1791//333
f 3360//951 3359//952 1795//358
f 3359//952 3356//855 1792//358
f 3372//958 1806//549 1805//219
f 3375//1031 1808//553 1806//549
f 1808//1032 3375//978 3360//951
f 3371//219 1805//219 1780//219
f 3355//855 3260//855 1720//330
f 3335//219 1775//219 1656//219
f 122//1033 861//275 863//277
f 136//5 870//5 869//283
f 140//5 874//5 873//5
f 139//5 873//5 870//5
f 135//52 869//283 861//301
f 1117//68 1119//68 389//68
f 1125//68 1127//68 397//68
f 1119//68 1125//68 395//68
f 1149//68 1151//68 421//68
f 1157//68 1159//68 429//68
f 1151//68 1157//68 427//68
f 1127//68 1149//68 419//68
f 193//5 916//5 915//5
f 197//5 920//5 919//5
f 196//5 919//5 916//5
f 209//5 932//5 931//5
f 213//5 936//5 935//5
f 212//5 935//5 932//5
f 208//5 931//5 920//5
f 192//5 915//5 874//5
f 863//277 1117//68 387//68
f 2733//68 2735//68 1984//68
f 2741//68 2743//68 1992//68
f 2735//68 2741//68 1990//68
f 2765//68 2767//68 2016//68
f 2773//68 2775//68 2024//68
f 2767//68 2773//68 2022//68
f 2743//68 2765//68 2014//68
f 2997//68 2999//894 2186//1034
f 2186//1034 2999//894 3005//897
f 3010//625 2202//625 2201//685
f 3014//697 2206//625 2205//625
f 3013//625 2205//625 2202//625
f 3009//901 2201//685 2190//694
f 3057//703 2250//697 2249//625
f 3061//941 2254//698 2253//699
f 3060//702 2253//699 2250//697
f 3073//707 2266//704 2265//706
f 3077//809 2270//707 2269//707
f 3076//809 2269//707 2266//704
f 3072//707 2265//706 2254//698
f 3056//701 2249//625 2206//625
f 2775//68 2997//68 2184//68
f 573//5 1334//5 1333//5
f 577//5 1338//5 1337//5
f 576//5 1337//5 1334//5
f 589//5 1350//5 1349//5
f 593//5 1354//5 1353//5
f 592//5 1353//5 1350//5
f 588//5 1349//5 1338//5
f 632//5 1408//5 1407//5
f 636//202 1412//424 1411//5
f 635//5 1411//5 1408//5
f 1426//429 1424//428 642//1035
f 636//202 642//201 1424//1036
f 1595//219 1593//219 818//219
f 1603//219 1601//219 826//219
f 1601//219 1595//219 820//219
f 1627//219 1625//219 850//219
f 1635//219 1633//219 858//219
f 1633//219 1627//219 852//219
f 1625//219 1603//219 828//219
f 631//5 1407//5 1354//5
f 1593//219 1426//429 644//189
f 3432//809 2656//707 2655//809
f 3436//809 2660//707 2659//809
f 3435//809 2659//809 2656//707
f 3448//809 2672//707 2671//707
f 3452//809 2676//707 2675//809
f 3451//809 2675//809 2672//707
f 3447//809 2671//707 2660//707
f 3169//219 3167//219 2444//219
f 3177//219 3175//219 2452//219
f 3175//219 3169//219 2446//219
f 3201//219 3199//219 2476//219
f 3209//219 3207//219 2484//219
f 3207//219 3201//219 2478//219
f 3199//219 3177//219 2454//219
f 3504//809 2716//707 2715//707
f 3508//1012 2720//822 2719//809
f 3507//809 2719//809 2716//707
f 3521//991 3519//219 2726//219
f 3527//995 3521//991 2728//826
f 3508//1012 3527//1011 2732//1037
f 3503//809 2715//707 2676//707
f 3519//219 3209//219 2486//219
f 434//141 436//5 59//5
f 430//145 434//141 57//32
f 454//5 456//5 83//5
f 462//5 464//5 91//5
f 456//5 462//5 89//5
f 436//5 454//5 81//5
f 521//5 523//5 169//5
f 177//5 531//5 533//5
f 181//5 535//5 531//5
f 169//5 523//5 535//5
f 562//5 564//5 205//5
f 570//5 572//5 213//5
f 564//5 570//5 211//5
f 533//5 562//5 203//5
f 325//78 647//78 645//206
f 333//78 655//78 653//78
f 331//78 653//78 647//78
f 357//78 679//78 677//78
f 365//78 687//78 685//78
f 363//78 685//78 679//78
f 355//78 677//78 655//78
f 464//5 521//5 167//5
f 51//135 323//111 645//206
f 1333//5 1335//5 938//5
f 1341//5 1343//5 946//5
f 1335//5 1341//5 944//5
f 1371//5 1373//5 979//5
f 985//5 1379//5 1381//5
f 971//5 1365//5 1371//5
f 987//5 1381//5 1365//5
f 1343//5 1379//5 985//5
f 1464//5 1466//5 1068//5
f 1472//5 1474//5 1076//5
f 1466//5 1472//5 1074//5
f 1496//5 1498//5 1104//5
f 1508//458 1510//361 1116//361
f 1104//1038 1498//465 1504//467
f 1508//458 1114//376 1108//380
f 1474//5 1496//5 1102//5
f 1659//361 1292//361 1290//361
f 1667//333 1300//330 1298//358
f 1665//358 1298//358 1292//361
f 1691//330 1324//330 1322//330
f 1699//330 1332//330 1330//330
f 1697//330 1330//330 1324//330
f 1689//330 1322//330 1300//330
f 1373//5 1464//5 1066//5
f 1510//361 1657//361 1290//361
f 1920//78 2273//78 2271//78
f 1928//78 2281//78 2279//78
f 1926//78 2279//78 2273//78
f 1952//78 2305//78 2303//78
f 1960//593 2313//593 2311//591
f 1958//591 2311//591 2305//78
f 1950//78 2303//78 2281//78
f 2495//605 2493//605 2112//605
f 2112//605 2493//605 2491//605
f 2491//605 2487//611 2102//611
f 2118//609 2503//609 2495//605
f 2142//1039 2529//745 2527//747
f 2537//625 2535//751 2148//661
f 2535//751 2529//745 2142//1039
f 2527//747 2503//609 2118//609
f 2615//625 2613//625 2228//625
f 2623//700 2621//625 2236//625
f 2621//625 2615//625 2230//625
f 2647//782 2645//806 2260//699
f 2655//809 2653//707 2268//704
f 2653//707 2647//782 2262//702
f 2645//806 2623//700 2238//695
f 2613//625 2537//625 2150//625
f 2102//611 2487//611 2313//593
f 3237//853 2924//853 2922//855
f 3245//856 2932//856 2930//856
f 3237//853 3231//859 2916//859
f 3243//856 2930//856 2916//859
f 3281//866 3279//866 2968//866
f 3283//866 2972//866 2968//866
f 3283//866 3275//866 2960//866
f 3281//866 2970//866 2956//866
f 3313//870 3311//874 2992//874
f 3315//873 2996//873 2992//874
f 3315//873 3271//866 2956//866
f 3313//870 2994//870 2932//856
f 3433//809 3431//809 3077//809
f 3441//940 3439//707 3085//707
f 3439//707 3433//809 3079//809
f 3465//918 3463//921 3113//921
f 3473//925 3471//926 3121//926
f 3479//921 3473//925 3123//925
f 3479//921 3127//921 3113//921
f 3471//926 3441//940 3087//940
f 3564//866 3562//944 3162//944
f 3566//943 3166//943 3162//944
f 3566//943 3465//918 3115//918
f 3564//866 3164//866 2960//866
f 572//5 1333//5 936//5
f 3431//809 2655//809 2270//707
f 1918//78 2271//78 687//78
f 3235//855 2922//855 1332//330
f 1159//68 2733//68 1982//68
f 3167//219 1635//219 860//219
