# Blender v3.0.1 OBJ File: ''
# www.blender.org
o right_hand_palm_link.003
v 0.000142 -0.015890 -0.010085
v 0.000119 -0.015968 -0.008892
v 0.000119 -0.015989 -0.006997
v 0.000134 -0.016017 -0.005016
v 0.000102 -0.015998 -0.003001
v 0.000095 -0.015997 -0.001000
v 0.000150 -0.013903 -0.016081
v 0.000120 -0.012076 -0.018078
v 0.000034 -0.012738 -0.016747
v 0.000109 -0.010084 -0.020080
v 0.000013 -0.010750 -0.018750
v 0.000001 -0.010952 -0.016952
v 0.000153 -0.008072 -0.021949
v 0.000023 -0.008747 -0.020741
v 0.000000 -0.008952 -0.018952
v -0.000000 -0.008997 -0.016997
v 0.000082 -0.006892 -0.021994
v 0.000003 -0.006972 -0.020863
v -0.000000 -0.006998 -0.018994
v -0.000000 -0.007000 -0.017000
v 0.000048 -0.005000 -0.021998
v 0.000001 -0.005003 -0.020882
v -0.000000 -0.005004 -0.018996
v -0.000000 -0.005004 -0.017000
v 0.000030 -0.003115 -0.021997
v 0.000001 -0.003117 -0.020883
v -0.000000 -0.003117 -0.018996
v -0.000000 -0.003117 -0.017000
v 0.000029 -0.002032 -0.021963
v 0.000003 -0.001999 -0.020885
v 0.000002 -0.001997 -0.018996
v 0.000002 -0.001997 -0.017000
v 0.000123 -0.014012 -0.014901
v 0.000057 -0.014086 -0.012977
v 0.000023 -0.014738 -0.010832
v 0.000004 -0.014862 -0.008975
v 0.000004 -0.014882 -0.006999
v 0.000004 -0.014884 -0.005001
v 0.000003 -0.014883 -0.003000
v 0.000003 -0.014883 -0.001000
v 0.000005 -0.012863 -0.014973
v 0.000002 -0.012888 -0.012998
v 0.000000 -0.012972 -0.010979
v -0.000000 -0.012995 -0.008998
v -0.000000 -0.012996 -0.007000
v -0.000000 -0.012996 -0.005000
v -0.000000 -0.012996 -0.003000
v -0.000000 -0.012996 -0.001000
v -0.000000 -0.010994 -0.014998
v -0.000000 -0.010996 -0.013000
v -0.000000 -0.010999 -0.010999
v -0.000000 -0.011000 -0.009000
v -0.000000 -0.011000 -0.007000
v -0.000000 -0.011000 -0.005000
v -0.000000 -0.011000 -0.003000
v -0.000000 -0.011000 -0.001000
v -0.000000 -0.009000 -0.015000
v -0.000000 -0.009000 -0.013000
v -0.000000 -0.009000 -0.011000
v -0.000000 -0.009000 -0.009000
v -0.000000 -0.009000 -0.007000
v -0.000000 -0.009000 -0.005000
v -0.000000 -0.009000 -0.003000
v -0.000000 -0.009000 -0.001000
v -0.000000 -0.007000 -0.015000
v -0.000000 -0.007000 -0.013000
v -0.000000 -0.007000 -0.011000
v -0.000000 -0.007000 -0.009000
v -0.000000 -0.007000 -0.007000
v -0.000000 -0.007000 -0.005000
v -0.000000 -0.007000 -0.003000
v -0.000000 -0.007000 -0.001000
v -0.000000 -0.005004 -0.015000
v -0.000000 -0.005004 -0.013000
v -0.000000 -0.005004 -0.011000
v -0.000000 -0.005004 -0.009000
v -0.000000 -0.005004 -0.007000
v -0.000000 -0.005004 -0.005000
v -0.000000 -0.005004 -0.003000
v -0.000000 -0.005004 -0.001000
v -0.000000 -0.003117 -0.015000
v -0.000000 -0.003117 -0.013000
v -0.000000 -0.003117 -0.011000
v -0.000000 -0.003117 -0.009000
v -0.000000 -0.003117 -0.007000
v -0.000000 -0.003117 -0.005000
v -0.000000 -0.003117 -0.003000
v -0.000000 -0.003117 -0.001000
v 0.000002 -0.001997 -0.015000
v 0.000002 -0.001997 -0.013000
v 0.000002 -0.001997 -0.011000
v 0.000002 -0.001997 -0.009000
v 0.000002 -0.001997 -0.007000
v 0.000002 -0.001997 -0.005000
v 0.000002 -0.001997 -0.003000
v 0.000002 -0.001997 -0.001000
v 0.000095 -0.015997 0.001000
v 0.000103 -0.015998 0.003001
v 0.000134 -0.016017 0.005016
v 0.000119 -0.015989 0.006997
v 0.000119 -0.015968 0.008892
v 0.000143 -0.015890 0.010085
v 0.000003 -0.014883 0.001000
v 0.000003 -0.014883 0.003000
v 0.000004 -0.014884 0.005001
v 0.000004 -0.014882 0.006999
v 0.000004 -0.014862 0.008975
v 0.000024 -0.014738 0.010832
v 0.000058 -0.014086 0.012977
v 0.000123 -0.014012 0.014901
v -0.000000 -0.012996 0.001000
v -0.000000 -0.012996 0.003000
v -0.000000 -0.012996 0.005000
v -0.000000 -0.012996 0.007000
v -0.000000 -0.012995 0.008998
v 0.000000 -0.012972 0.010979
v 0.000002 -0.012888 0.012998
v 0.000005 -0.012863 0.014973
v -0.000000 -0.011000 0.001000
v -0.000000 -0.011000 0.003000
v -0.000000 -0.011000 0.005000
v -0.000000 -0.011000 0.007000
v -0.000000 -0.011000 0.009000
v -0.000000 -0.010999 0.010999
v -0.000000 -0.010996 0.013000
v -0.000000 -0.010994 0.014998
v -0.000000 -0.009000 0.001000
v -0.000000 -0.009000 0.003000
v -0.000000 -0.009000 0.005000
v -0.000000 -0.009000 0.007000
v -0.000000 -0.009000 0.009000
v -0.000000 -0.009000 0.011000
v -0.000000 -0.009000 0.013000
v -0.000000 -0.009000 0.015000
v -0.000000 -0.007000 0.001000
v -0.000000 -0.007000 0.003000
v -0.000000 -0.007000 0.005000
v -0.000000 -0.007000 0.007000
v -0.000000 -0.007000 0.009000
v -0.000000 -0.007000 0.011000
v -0.000000 -0.007000 0.013000
v -0.000000 -0.007000 0.015000
v -0.000000 -0.005004 0.001000
v -0.000000 -0.005004 0.003000
v -0.000000 -0.005004 0.005000
v -0.000000 -0.005004 0.007000
v -0.000000 -0.005004 0.009000
v -0.000000 -0.005004 0.011000
v -0.000000 -0.005004 0.013000
v -0.000000 -0.005004 0.015000
v -0.000000 -0.003117 0.001000
v -0.000000 -0.003117 0.003000
v -0.000000 -0.003117 0.005000
v -0.000000 -0.003117 0.007000
v -0.000000 -0.003117 0.009000
v -0.000000 -0.003117 0.011000
v -0.000000 -0.003117 0.013000
v -0.000000 -0.003117 0.015000
v 0.000002 -0.001997 0.001000
v 0.000002 -0.001997 0.003000
v 0.000002 -0.001997 0.005000
v 0.000002 -0.001997 0.007000
v 0.000002 -0.001997 0.009000
v 0.000002 -0.001997 0.011000
v 0.000002 -0.001997 0.013000
v 0.000002 -0.001997 0.015000
v 0.000151 -0.013903 0.016081
v 0.000035 -0.012738 0.016747
v 0.000120 -0.012076 0.018076
v 0.000001 -0.010952 0.016952
v 0.000013 -0.010749 0.018749
v 0.000108 -0.010083 0.020081
v -0.000000 -0.008997 0.016997
v 0.000000 -0.008952 0.018952
v 0.000023 -0.008747 0.020741
v 0.000154 -0.008071 0.021949
v -0.000000 -0.007000 0.017000
v -0.000000 -0.006998 0.018994
v 0.000003 -0.006972 0.020863
v 0.000083 -0.006892 0.021994
v -0.000000 -0.005004 0.017000
v -0.000000 -0.005004 0.018996
v 0.000001 -0.005003 0.020882
v 0.000048 -0.005000 0.021998
v -0.000000 -0.003117 0.017000
v -0.000000 -0.003117 0.018996
v 0.000001 -0.003117 0.020883
v 0.000031 -0.003115 0.021997
v 0.000002 -0.001997 0.017000
v 0.000002 -0.001997 0.018996
v 0.000003 -0.001999 0.020885
v 0.000029 -0.002032 0.021963
v 0.000033 0.002032 -0.021963
v 0.000004 0.001999 -0.020885
v 0.000002 0.001997 -0.018996
v 0.000002 0.001997 -0.017000
v 0.000040 0.003115 -0.021997
v 0.000001 0.003117 -0.020883
v -0.000000 0.003117 -0.018996
v -0.000000 0.003117 -0.017000
v 0.000058 0.005000 -0.021998
v 0.000002 0.005003 -0.020882
v -0.000000 0.005004 -0.018996
v -0.000000 0.005004 -0.017000
v 0.000086 0.006892 -0.021995
v 0.000003 0.006975 -0.020863
v -0.000000 0.006998 -0.018995
v -0.000000 0.007000 -0.017000
v 0.000151 0.008087 -0.021957
v 0.000019 0.008829 -0.020742
v 0.000000 0.008978 -0.018971
v -0.000000 0.008999 -0.016999
v 0.000056 0.010873 -0.020082
v 0.000003 0.010971 -0.018869
v -0.000000 0.010995 -0.016995
v 0.000162 0.012082 -0.019950
v 0.000047 0.012740 -0.018740
v 0.000004 0.012869 -0.016971
v 0.000173 0.013946 -0.018069
v 0.000078 0.014081 -0.016872
v 0.000002 0.001997 -0.015000
v 0.000002 0.001997 -0.013000
v 0.000002 0.001997 -0.011000
v 0.000002 0.001997 -0.009000
v 0.000002 0.001997 -0.007000
v 0.000002 0.001997 -0.005000
v 0.000002 0.001997 -0.003000
v 0.000002 0.001997 -0.001000
v -0.000000 0.003117 -0.015000
v -0.000000 0.003117 -0.013000
v -0.000000 0.003117 -0.011000
v -0.000000 0.003117 -0.009000
v -0.000000 0.003117 -0.007000
v -0.000000 0.003117 -0.005000
v -0.000000 0.003117 -0.003000
v -0.000000 0.003117 -0.001000
v -0.000000 0.005004 -0.015000
v -0.000000 0.005004 -0.013000
v -0.000000 0.005004 -0.011000
v -0.000000 0.005004 -0.009000
v -0.000000 0.005004 -0.007000
v -0.000000 0.005004 -0.005000
v -0.000000 0.005004 -0.003000
v -0.000000 0.005004 -0.001000
v -0.000000 0.007000 -0.015000
v -0.000000 0.007000 -0.013000
v -0.000000 0.007000 -0.011000
v -0.000000 0.007000 -0.009000
v -0.000000 0.007000 -0.007000
v -0.000000 0.007000 -0.005000
v -0.000000 0.007000 -0.003000
v -0.000000 0.007000 -0.001000
v -0.000000 0.009000 -0.015000
v -0.000000 0.009000 -0.013000
v -0.000000 0.009000 -0.011000
v -0.000000 0.009000 -0.009000
v -0.000000 0.009000 -0.007000
v -0.000000 0.009000 -0.005000
v -0.000000 0.009000 -0.003000
v -0.000000 0.009000 -0.001000
v -0.000000 0.010999 -0.014999
v -0.000000 0.011000 -0.013000
v -0.000000 0.011000 -0.011000
v -0.000000 0.011000 -0.009000
v -0.000000 0.011000 -0.007000
v -0.000000 0.011000 -0.005000
v -0.000000 0.011000 -0.003000
v -0.000000 0.011000 -0.001000
v 0.000001 0.012971 -0.014978
v -0.000000 0.012995 -0.012998
v -0.000000 0.012996 -0.011000
v -0.000000 0.012996 -0.009000
v -0.000000 0.012996 -0.007000
v -0.000000 0.012996 -0.005000
v -0.000000 0.012996 -0.003000
v -0.000000 0.012996 -0.001000
v 0.000031 0.014738 -0.014829
v 0.000005 0.014862 -0.012975
v 0.000004 0.014883 -0.011000
v 0.000003 0.014883 -0.009000
v 0.000002 0.014883 -0.007000
v 0.000002 0.014883 -0.005000
v 0.000002 0.014883 -0.003000
v 0.000002 0.014883 -0.001000
v 0.000148 0.015895 -0.014085
v 0.000120 0.015980 -0.012893
v 0.000131 0.016016 -0.011008
v 0.000091 0.015998 -0.009001
v 0.000074 0.015997 -0.007000
v 0.000062 0.015997 -0.005000
v 0.000055 0.015998 -0.003000
v 0.000051 0.015998 -0.001000
v 0.000002 0.001997 0.001000
v 0.000002 0.001997 0.003000
v 0.000002 0.001997 0.005000
v 0.000002 0.001997 0.007000
v 0.000002 0.001997 0.009000
v 0.000002 0.001997 0.011000
v 0.000002 0.001997 0.013000
v 0.000002 0.001997 0.015000
v -0.000000 0.003117 0.001000
v -0.000000 0.003117 0.003000
v -0.000000 0.003117 0.005000
v -0.000000 0.003117 0.007000
v -0.000000 0.003117 0.009000
v -0.000000 0.003117 0.011000
v -0.000000 0.003117 0.013000
v -0.000000 0.003117 0.015000
v -0.000000 0.005004 0.001000
v -0.000000 0.005004 0.003000
v -0.000000 0.005004 0.005000
v -0.000000 0.005004 0.007000
v -0.000000 0.005004 0.009000
v -0.000000 0.005004 0.011000
v -0.000000 0.005004 0.013000
v -0.000000 0.005004 0.015000
v -0.000000 0.007000 0.001000
v -0.000000 0.007000 0.003000
v -0.000000 0.007000 0.005000
v -0.000000 0.007000 0.007000
v -0.000000 0.007000 0.009000
v -0.000000 0.007000 0.011000
v -0.000000 0.007000 0.013000
v -0.000000 0.007000 0.015000
v -0.000000 0.009000 0.001000
v -0.000000 0.009000 0.003000
v -0.000000 0.009000 0.005000
v -0.000000 0.009000 0.007000
v -0.000000 0.009000 0.009000
v -0.000000 0.009000 0.011000
v -0.000000 0.009000 0.013000
v -0.000000 0.009000 0.015000
v -0.000000 0.011000 0.001000
v -0.000000 0.011000 0.003000
v -0.000000 0.011000 0.005000
v -0.000000 0.011000 0.007000
v -0.000000 0.011000 0.009000
v -0.000000 0.011000 0.011000
v -0.000000 0.011000 0.013000
v -0.000000 0.010999 0.014999
v -0.000000 0.012996 0.001000
v -0.000000 0.012996 0.003000
v -0.000000 0.012996 0.005000
v -0.000000 0.012996 0.007000
v -0.000000 0.012996 0.009000
v -0.000000 0.012996 0.011000
v -0.000000 0.012995 0.012998
v 0.000001 0.012971 0.014978
v 0.000002 0.014883 0.001000
v 0.000002 0.014883 0.003000
v 0.000002 0.014883 0.005000
v 0.000002 0.014883 0.007000
v 0.000003 0.014883 0.009000
v 0.000004 0.014883 0.011000
v 0.000005 0.014862 0.012975
v 0.000031 0.014738 0.014829
v 0.000002 0.001997 0.017000
v 0.000002 0.001997 0.018996
v 0.000004 0.001999 0.020885
v 0.000033 0.002032 0.021963
v -0.000000 0.003117 0.017000
v -0.000000 0.003117 0.018996
v 0.000001 0.003117 0.020883
v 0.000041 0.003115 0.021997
v -0.000000 0.005004 0.017000
v -0.000000 0.005004 0.018996
v 0.000002 0.005003 0.020882
v 0.000059 0.005000 0.021998
v -0.000000 0.007000 0.017000
v -0.000000 0.006998 0.018995
v 0.000003 0.006975 0.020863
v 0.000086 0.006892 0.021995
v -0.000000 0.008999 0.016999
v 0.000000 0.008978 0.018971
v 0.000019 0.008829 0.020742
v 0.000151 0.008087 0.021957
v -0.000000 0.010995 0.016995
v 0.000003 0.010971 0.018869
v 0.000056 0.010873 0.020082
v 0.000004 0.012869 0.016971
v 0.000047 0.012740 0.018740
v 0.000163 0.012082 0.019950
v 0.000077 0.014081 0.016872
v 0.000173 0.013946 0.018069
v 0.000051 0.015998 0.001000
v 0.000055 0.015998 0.003000
v 0.000062 0.015997 0.005000
v 0.000074 0.015997 0.007000
v 0.000091 0.015998 0.009001
v 0.000131 0.016016 0.011009
v 0.000120 0.015980 0.012893
v 0.000148 0.015896 0.014085
v 0.003482 -0.016250 -0.016577
v 0.005451 -0.016169 -0.018378
v 0.004883 -0.016518 -0.017105
v 0.007764 -0.016032 -0.020123
v 0.007096 -0.016377 -0.018935
v 0.006991 -0.017084 -0.017012
v 0.009727 -0.018051 -0.016251
v 0.009074 -0.016278 -0.020470
v 0.009022 -0.016926 -0.018930
v 0.008985 -0.017616 -0.017001
v 0.011803 -0.018019 -0.018183
v 0.011140 -0.018232 -0.016874
v 0.011563 -0.016168 -0.022336
v 0.010941 -0.016600 -0.021026
v 0.011032 -0.017500 -0.018961
v 0.010446 -0.017830 -0.017578
v 0.013877 -0.017975 -0.020048
v 0.013211 -0.018197 -0.018819
v 0.013032 -0.018670 -0.016976
v 0.013782 -0.015999 -0.024128
v 0.013138 -0.016437 -0.022905
v 0.013139 -0.017375 -0.020906
v 0.012550 -0.017758 -0.019507
v 0.015086 -0.018185 -0.020430
v 0.015023 -0.018640 -0.018925
v 0.014999 -0.019132 -0.016998
v 0.015073 -0.016318 -0.024483
v 0.014997 -0.017057 -0.023000
v 0.014927 -0.017724 -0.021495
v 0.001936 -0.017978 -0.004518
v 0.001875 -0.018026 -0.002954
v 0.001832 -0.018058 -0.000998
v 0.001785 -0.016093 -0.014436
v 0.001495 -0.016294 -0.012924
v 0.001011 -0.016453 -0.010836
v 0.001048 -0.016790 -0.008976
v 0.001039 -0.016947 -0.007019
v 0.001162 -0.017193 -0.005129
v 0.000900 -0.017030 -0.003014
v 0.000833 -0.017014 -0.001001
v 0.003795 -0.018060 -0.010395
v 0.003529 -0.018202 -0.008937
v 0.003247 -0.018340 -0.007017
v 0.002904 -0.018387 -0.005129
v 0.003079 -0.018586 -0.003014
v 0.003094 -0.018658 -0.001001
v 0.002958 -0.016528 -0.015044
v 0.003036 -0.017124 -0.013015
v 0.002985 -0.017579 -0.011031
v 0.002447 -0.017720 -0.009006
v 0.002159 -0.017852 -0.007100
v 0.002029 -0.017921 -0.005858
v 0.005607 -0.018084 -0.012361
v 0.005027 -0.018243 -0.010991
v 0.005051 -0.018573 -0.009002
v 0.005021 -0.018813 -0.007001
v 0.004983 -0.018981 -0.005016
v 0.005002 -0.019110 -0.003001
v 0.005003 -0.019174 -0.001000
v 0.004961 -0.017211 -0.015030
v 0.004899 -0.017742 -0.013083
v 0.004277 -0.017921 -0.011737
v 0.007668 -0.018069 -0.014300
v 0.007047 -0.018246 -0.012954
v 0.006998 -0.018614 -0.011004
v 0.007001 -0.018918 -0.009001
v 0.007001 -0.019144 -0.007000
v 0.007000 -0.019307 -0.005000
v 0.006999 -0.019418 -0.003000
v 0.006999 -0.019475 -0.001000
v 0.006940 -0.017696 -0.015040
v 0.006316 -0.017921 -0.013689
v 0.009089 -0.018242 -0.014911
v 0.009007 -0.018641 -0.012995
v 0.009000 -0.018988 -0.011000
v 0.009000 -0.019250 -0.009000
v 0.008999 -0.019446 -0.007000
v 0.009012 -0.019590 -0.004995
v 0.008972 -0.019678 -0.003000
v 0.008955 -0.019724 -0.001000
v 0.008375 -0.017881 -0.015628
v 0.011925 -0.020007 -0.004266
v 0.011801 -0.020028 -0.002918
v 0.011689 -0.020044 -0.000997
v 0.011017 -0.018667 -0.014986
v 0.011001 -0.019053 -0.013000
v 0.010998 -0.019352 -0.011001
v 0.011000 -0.019572 -0.009012
v 0.010949 -0.019730 -0.006998
v 0.011066 -0.019865 -0.004957
v 0.010710 -0.019894 -0.002992
v 0.010572 -0.019917 -0.001000
v 0.013751 -0.020038 -0.008468
v 0.013460 -0.020083 -0.006944
v 0.012982 -0.020107 -0.004955
v 0.013079 -0.020171 -0.002992
v 0.013076 -0.020195 -0.001000
v 0.013002 -0.019110 -0.015000
v 0.013002 -0.019453 -0.013002
v 0.012934 -0.019690 -0.011015
v 0.012954 -0.019873 -0.009097
v 0.012405 -0.019933 -0.007074
v 0.012149 -0.019977 -0.005607
v 0.015780 -0.020033 -0.012342
v 0.015438 -0.020100 -0.010944
v 0.014931 -0.020157 -0.009093
v 0.015032 -0.020278 -0.007010
v 0.014992 -0.020340 -0.004995
v 0.015002 -0.020382 -0.003000
v 0.015002 -0.020398 -0.001000
v 0.014991 -0.019526 -0.015023
v 0.014979 -0.019821 -0.013013
v 0.014378 -0.019926 -0.011091
v 0.014079 -0.019990 -0.009809
v 0.001579 -0.014217 -0.018435
v 0.001049 -0.014526 -0.016816
v 0.001380 -0.012498 -0.020530
v 0.000850 -0.012940 -0.018950
v 0.000410 -0.013375 -0.017411
v 0.001494 -0.010485 -0.022385
v 0.000785 -0.010985 -0.020976
v 0.000231 -0.011443 -0.019441
v 0.001917 -0.008173 -0.023954
v 0.001057 -0.008756 -0.022829
v 0.000323 -0.009409 -0.021426
v 0.001713 -0.006907 -0.024171
v 0.000724 -0.006965 -0.023011
v 0.001468 -0.004998 -0.024369
v 0.000470 -0.005000 -0.023048
v 0.001343 -0.003022 -0.024491
v 0.000331 -0.003026 -0.023037
v 0.001275 -0.001022 -0.024497
v 0.000246 -0.001182 -0.022743
v 0.000035 -0.000909 -0.020972
v 0.000015 -0.000885 -0.018999
v 0.000014 -0.000884 -0.017000
v 0.003497 -0.014252 -0.020444
v 0.002906 -0.014770 -0.019079
v 0.002795 -0.015638 -0.017223
v 0.003451 -0.012461 -0.022371
v 0.002761 -0.013176 -0.021192
v 0.002123 -0.013800 -0.019827
v 0.003692 -0.010232 -0.024050
v 0.002923 -0.011094 -0.023076
v 0.002068 -0.011883 -0.021884
v 0.003108 -0.008843 -0.024364
v 0.002359 -0.009527 -0.023627
v 0.003078 -0.006987 -0.024927
v 0.002977 -0.005024 -0.025302
v 0.003876 -0.002567 -0.026040
v 0.003054 -0.003163 -0.025583
v 0.003823 -0.000961 -0.026074
v 0.002760 -0.001020 -0.025540
v 0.005778 -0.014029 -0.022058
v 0.005100 -0.014576 -0.020966
v 0.004793 -0.015593 -0.019110
v 0.004083 -0.015979 -0.017907
v 0.005084 -0.013046 -0.022691
v 0.004402 -0.013713 -0.021716
v 0.005052 -0.010612 -0.024393
v 0.004894 -0.011692 -0.023686
v 0.004994 -0.008965 -0.025075
v 0.005702 -0.006361 -0.026095
v 0.004932 -0.007024 -0.025670
v 0.005343 -0.004955 -0.026240
v 0.004285 -0.005107 -0.025877
v 0.004903 -0.003161 -0.026326
v 0.004030 -0.003908 -0.025977
v 0.005071 -0.001019 -0.026485
v 0.007081 -0.014291 -0.022368
v 0.007070 -0.015325 -0.020905
v 0.006399 -0.015821 -0.019671
v 0.007436 -0.012393 -0.024279
v 0.006798 -0.013055 -0.023459
v 0.006818 -0.011137 -0.024771
v 0.006087 -0.011983 -0.023998
v 0.007554 -0.008458 -0.026182
v 0.006842 -0.009160 -0.025667
v 0.006992 -0.006977 -0.026382
v 0.006231 -0.007714 -0.025929
v 0.007039 -0.004989 -0.026778
v 0.006961 -0.003019 -0.026979
v 0.006969 -0.001002 -0.027079
v 0.009757 -0.014071 -0.024076
v 0.009050 -0.014641 -0.023002
v 0.008929 -0.015637 -0.021534
v 0.009067 -0.012964 -0.024627
v 0.008392 -0.013648 -0.023728
v 0.009505 -0.010493 -0.026253
v 0.008815 -0.011189 -0.025613
v 0.008952 -0.009041 -0.026544
v 0.008174 -0.009811 -0.025955
v 0.008941 -0.007001 -0.027105
v 0.009956 -0.004197 -0.028014
v 0.009087 -0.004910 -0.027557
v 0.009854 -0.002908 -0.028077
v 0.008759 -0.002986 -0.027628
v 0.009783 -0.000997 -0.028111
v 0.008667 -0.001000 -0.027673
v 0.011062 -0.014416 -0.024432
v 0.010880 -0.015447 -0.023027
v 0.010210 -0.015927 -0.021877
v 0.011522 -0.012412 -0.026329
v 0.010836 -0.013083 -0.025487
v 0.010903 -0.011053 -0.026683
v 0.010152 -0.011826 -0.025947
v 0.011815 -0.008315 -0.028088
v 0.010982 -0.009007 -0.027469
v 0.011508 -0.006915 -0.028268
v 0.010451 -0.007051 -0.027742
v 0.010995 -0.004907 -0.028378
v 0.010170 -0.005537 -0.027917
v 0.011103 -0.002982 -0.028618
v 0.011082 -0.000998 -0.028674
v 0.013674 -0.014207 -0.026264
v 0.013037 -0.014997 -0.024972
v 0.012430 -0.015714 -0.023652
v 0.013971 -0.012116 -0.027932
v 0.013103 -0.012870 -0.026932
v 0.012293 -0.013732 -0.025822
v 0.013625 -0.010899 -0.028238
v 0.012548 -0.011067 -0.027548
v 0.013009 -0.009000 -0.028510
v 0.012197 -0.009656 -0.027884
v 0.012983 -0.006996 -0.028978
v 0.012918 -0.004988 -0.029278
v 0.013975 -0.002295 -0.030016
v 0.013097 -0.002974 -0.029551
v 0.013956 -0.000975 -0.030030
v 0.012890 -0.000984 -0.029510
v 0.015892 -0.013972 -0.027958
v 0.015188 -0.014536 -0.026915
v 0.014934 -0.015560 -0.025544
v 0.015231 -0.012763 -0.028328
v 0.014570 -0.013387 -0.027500
v 0.015013 -0.010995 -0.029002
v 0.015753 -0.008528 -0.030165
v 0.014952 -0.009134 -0.029552
v 0.015511 -0.006955 -0.030339
v 0.014431 -0.007018 -0.029733
v 0.015276 -0.004994 -0.030486
v 0.014169 -0.005068 -0.029897
v 0.014910 -0.002974 -0.030459
v 0.014049 -0.003633 -0.029979
v 0.015052 -0.000984 -0.030586
v 0.001071 -0.015148 -0.015056
v 0.000555 -0.015096 -0.013045
v 0.000302 -0.015375 -0.011426
v 0.000014 -0.000884 -0.015000
v 0.000014 -0.000884 -0.013000
v 0.000014 -0.000884 -0.011000
v 0.000014 -0.000884 -0.009000
v 0.000014 -0.000884 -0.007000
v 0.000014 -0.000884 -0.005000
v 0.000014 -0.000884 -0.003000
v 0.000014 -0.000884 -0.001000
v 0.002181 -0.015877 -0.015803
v 0.025871 -0.015934 -0.032041
v 0.027100 -0.016160 -0.032273
v 0.028984 -0.016404 -0.032656
v 0.031481 -0.016110 -0.034209
v 0.030866 -0.016563 -0.033087
v 0.017518 -0.018162 -0.022399
v 0.016900 -0.018467 -0.021055
v 0.017002 -0.019113 -0.018993
v 0.016928 -0.019562 -0.017025
v 0.017530 -0.016201 -0.026362
v 0.016893 -0.016683 -0.025062
v 0.016831 -0.017634 -0.023122
v 0.016176 -0.017964 -0.021890
v 0.019915 -0.019989 -0.018079
v 0.019505 -0.020110 -0.016919
v 0.019703 -0.018065 -0.024188
v 0.019063 -0.018374 -0.022962
v 0.019007 -0.019028 -0.020999
v 0.019124 -0.019638 -0.018873
v 0.018438 -0.019876 -0.017085
v 0.019749 -0.016021 -0.028160
v 0.019100 -0.016481 -0.026933
v 0.019015 -0.017456 -0.025007
v 0.018346 -0.017867 -0.023709
v 0.021082 -0.020117 -0.018477
v 0.021054 -0.020357 -0.016944
v 0.021059 -0.018277 -0.024547
v 0.021005 -0.018858 -0.022959
v 0.020977 -0.019461 -0.021065
v 0.020917 -0.019859 -0.019544
v 0.021068 -0.016325 -0.028515
v 0.020993 -0.017087 -0.027018
v 0.020908 -0.017767 -0.025608
v 0.023460 -0.020106 -0.020426
v 0.022858 -0.020278 -0.019092
v 0.022984 -0.020587 -0.017014
v 0.023498 -0.018149 -0.026318
v 0.022885 -0.018499 -0.025079
v 0.022969 -0.019263 -0.023013
v 0.022801 -0.019809 -0.021134
v 0.022117 -0.019995 -0.019943
v 0.023538 -0.016161 -0.030340
v 0.022887 -0.016633 -0.029073
v 0.022870 -0.017620 -0.027100
v 0.022159 -0.017978 -0.025933
v 0.025713 -0.020027 -0.022139
v 0.025062 -0.020214 -0.020973
v 0.024987 -0.020547 -0.019020
v 0.024999 -0.020732 -0.017002
v 0.025025 -0.018340 -0.026663
v 0.024990 -0.018970 -0.024977
v 0.025025 -0.019661 -0.022967
v 0.024349 -0.019927 -0.021725
v 0.025176 -0.016362 -0.030910
v 0.024981 -0.017220 -0.029092
v 0.024881 -0.017853 -0.027722
v 0.027086 -0.020131 -0.022431
v 0.027008 -0.020447 -0.020943
v 0.027000 -0.020698 -0.018999
v 0.027000 -0.020790 -0.017000
v 0.027438 -0.018140 -0.028290
v 0.026843 -0.018502 -0.027111
v 0.026987 -0.019287 -0.025054
v 0.026948 -0.019802 -0.023490
v 0.027002 -0.016829 -0.030920
v 0.026839 -0.017671 -0.029073
v 0.026097 -0.018007 -0.027983
v 0.029777 -0.020009 -0.024073
v 0.029075 -0.020219 -0.022979
v 0.029009 -0.020597 -0.021003
v 0.029000 -0.020769 -0.019000
v 0.029000 -0.020819 -0.017000
v 0.029031 -0.018297 -0.028600
v 0.028990 -0.018912 -0.026967
v 0.029072 -0.019637 -0.024930
v 0.028437 -0.019922 -0.023790
v 0.028989 -0.017207 -0.031030
v 0.028899 -0.017829 -0.029656
v 0.031088 -0.020091 -0.024270
v 0.031012 -0.020414 -0.022925
v 0.031001 -0.020703 -0.020998
v 0.031000 -0.020803 -0.019000
v 0.031000 -0.020840 -0.017000
v 0.031599 -0.018061 -0.030145
v 0.030953 -0.018407 -0.029059
v 0.030994 -0.019163 -0.027048
v 0.031010 -0.019741 -0.025361
v 0.030939 -0.017574 -0.030993
v 0.030258 -0.017959 -0.029911
v 0.017533 -0.020089 -0.014567
v 0.016993 -0.020164 -0.012977
v 0.017036 -0.020326 -0.010998
v 0.016987 -0.020434 -0.009012
v 0.017000 -0.020512 -0.007001
v 0.017000 -0.020558 -0.005000
v 0.017000 -0.020584 -0.003000
v 0.017000 -0.020595 -0.001000
v 0.016837 -0.019871 -0.015219
v 0.016229 -0.019965 -0.013707
v 0.018891 -0.020241 -0.015157
v 0.018975 -0.020456 -0.013020
v 0.019000 -0.020583 -0.011001
v 0.018999 -0.020655 -0.009000
v 0.019000 -0.020693 -0.007000
v 0.019000 -0.020715 -0.005000
v 0.019000 -0.020727 -0.003000
v 0.019000 -0.020733 -0.001000
v 0.018032 -0.020002 -0.015905
v 0.020984 -0.020555 -0.015018
v 0.020998 -0.020681 -0.013002
v 0.021000 -0.020742 -0.011000
v 0.021000 -0.020770 -0.009000
v 0.021000 -0.020783 -0.007000
v 0.021000 -0.020789 -0.005000
v 0.021000 -0.020793 -0.003000
v 0.021000 -0.020795 -0.001000
v 0.022999 -0.020727 -0.015001
v 0.023000 -0.020778 -0.013000
v 0.023000 -0.020799 -0.011000
v 0.023000 -0.020811 -0.009000
v 0.023000 -0.020818 -0.007000
v 0.023000 -0.020823 -0.005000
v 0.023000 -0.020826 -0.003000
v 0.023000 -0.020828 -0.001000
v 0.025000 -0.020791 -0.015000
v 0.025000 -0.020812 -0.013000
v 0.025000 -0.020828 -0.011000
v 0.025000 -0.020840 -0.009000
v 0.025000 -0.020847 -0.007000
v 0.025000 -0.020852 -0.005000
v 0.025000 -0.020856 -0.003000
v 0.025000 -0.020858 -0.001000
v 0.027000 -0.020820 -0.015000
v 0.027000 -0.020837 -0.013000
v 0.027000 -0.020854 -0.011000
v 0.027000 -0.020868 -0.009000
v 0.027000 -0.020875 -0.007000
v 0.027000 -0.020881 -0.005000
v 0.027000 -0.020885 -0.003000
v 0.027000 -0.020887 -0.001000
v 0.029000 -0.020843 -0.015000
v 0.029000 -0.020861 -0.013000
v 0.029000 -0.020880 -0.011000
v 0.029000 -0.020896 -0.009000
v 0.029000 -0.020903 -0.007000
v 0.029000 -0.020910 -0.005000
v 0.029000 -0.020914 -0.003000
v 0.029000 -0.020917 -0.001000
v 0.031000 -0.020866 -0.015000
v 0.031000 -0.020885 -0.013000
v 0.031000 -0.020906 -0.011000
v 0.031000 -0.020924 -0.009000
v 0.031000 -0.020932 -0.007000
v 0.031000 -0.020938 -0.005000
v 0.031000 -0.020944 -0.003000
v 0.031000 -0.020946 -0.001000
v 0.017965 -0.004288 -0.032018
v 0.017912 -0.002921 -0.032058
v 0.017892 -0.001001 -0.032073
v 0.019779 -0.010515 -0.032155
v 0.019542 -0.008955 -0.032339
v 0.019296 -0.007006 -0.032502
v 0.018910 -0.004972 -0.032489
v 0.019055 -0.002994 -0.032668
v 0.019071 -0.001000 -0.032696
v 0.021914 -0.014014 -0.031977
v 0.021515 -0.012908 -0.032371
v 0.020877 -0.011124 -0.032666
v 0.020961 -0.009026 -0.033164
v 0.021915 -0.006433 -0.034049
v 0.021076 -0.007071 -0.033510
v 0.021835 -0.004942 -0.034106
v 0.020731 -0.005003 -0.033497
v 0.021785 -0.002998 -0.034139
v 0.020672 -0.003000 -0.033543
v 0.021794 -0.001002 -0.034132
v 0.020681 -0.001000 -0.033549
v 0.023110 -0.014361 -0.032346
v 0.023813 -0.012286 -0.034090
v 0.023049 -0.012916 -0.033302
v 0.023542 -0.010922 -0.034314
v 0.022445 -0.011011 -0.033643
v 0.023288 -0.008999 -0.034494
v 0.022181 -0.009088 -0.033872
v 0.022902 -0.007070 -0.034510
v 0.022043 -0.007773 -0.033978
v 0.023046 -0.005007 -0.034725
v 0.023056 -0.003000 -0.034782
v 0.023063 -0.001000 -0.034764
v 0.025721 -0.014153 -0.034069
v 0.025133 -0.014938 -0.032892
v 0.025090 -0.012900 -0.034486
v 0.024392 -0.013618 -0.033690
v 0.025008 -0.010983 -0.035075
v 0.025969 -0.008208 -0.036001
v 0.025112 -0.008917 -0.035478
v 0.025882 -0.006910 -0.036062
v 0.024774 -0.006995 -0.035497
v 0.025802 -0.004997 -0.036113
v 0.024687 -0.005000 -0.035561
v 0.025779 -0.003000 -0.036126
v 0.024665 -0.003000 -0.035583
v 0.025825 -0.001004 -0.036097
v 0.024712 -0.001001 -0.035567
v 0.027080 -0.014414 -0.034481
v 0.027019 -0.015416 -0.033316
v 0.027750 -0.012320 -0.036103
v 0.026971 -0.012946 -0.035412
v 0.027426 -0.010918 -0.036302
v 0.026373 -0.011051 -0.035769
v 0.026971 -0.008914 -0.036375
v 0.026132 -0.009548 -0.035922
v 0.027085 -0.006986 -0.036590
v 0.027088 -0.005000 -0.036683
v 0.027085 -0.003000 -0.036698
v 0.027091 -0.001001 -0.036648
v 0.029700 -0.014099 -0.036052
v 0.029005 -0.014732 -0.035053
v 0.028903 -0.015747 -0.033750
v 0.029097 -0.012905 -0.036432
v 0.028363 -0.013621 -0.035738
v 0.029019 -0.010992 -0.036950
v 0.028930 -0.008990 -0.037197
v 0.028917 -0.006999 -0.037358
v 0.028905 -0.005000 -0.037439
v 0.028904 -0.003000 -0.037449
v 0.028913 -0.001000 -0.037399
v 0.031080 -0.014349 -0.036340
v 0.030875 -0.015456 -0.034974
v 0.030141 -0.015967 -0.033960
v 0.031990 -0.012042 -0.037943
v 0.031175 -0.012792 -0.037301
v 0.031803 -0.010891 -0.038076
v 0.030713 -0.010975 -0.037632
v 0.031557 -0.008996 -0.038192
v 0.030440 -0.008999 -0.037791
v 0.031373 -0.007000 -0.038272
v 0.030256 -0.007000 -0.037882
v 0.031275 -0.005000 -0.038314
v 0.030157 -0.005000 -0.037927
v 0.031267 -0.003000 -0.038317
v 0.030150 -0.003000 -0.037931
v 0.031335 -0.001000 -0.038287
v 0.030218 -0.001000 -0.037901
v 0.017090 -0.014363 -0.028360
v 0.016869 -0.015413 -0.027030
v 0.016182 -0.015929 -0.025898
v 0.017715 -0.012356 -0.030189
v 0.016960 -0.012951 -0.029330
v 0.017360 -0.010968 -0.030494
v 0.016303 -0.011099 -0.029766
v 0.016856 -0.009135 -0.030674
v 0.016033 -0.009869 -0.029999
v 0.016961 -0.007014 -0.031151
v 0.017106 -0.004972 -0.031487
v 0.016806 -0.002990 -0.031459
v 0.016778 -0.000999 -0.031486
v 0.019655 -0.014242 -0.030239
v 0.019022 -0.015003 -0.028977
v 0.018394 -0.015720 -0.027676
v 0.018988 -0.012971 -0.030679
v 0.018297 -0.013695 -0.029749
v 0.018996 -0.011126 -0.031482
v 0.018444 -0.009033 -0.031660
v 0.018194 -0.007069 -0.031864
v 0.018061 -0.005628 -0.031965
v 0.021164 -0.014533 -0.030934
v 0.020929 -0.015582 -0.029574
v 0.020447 -0.013048 -0.031600
v 0.020068 -0.011853 -0.031967
v 0.022877 -0.015420 -0.031015
v 0.022176 -0.015934 -0.029910
v 0.024514 -0.015691 -0.031641
v 0.033046 -0.016275 -0.034444
v 0.032985 -0.016969 -0.033006
v 0.034984 -0.016433 -0.034724
v 0.035002 -0.017247 -0.033039
v 0.037734 -0.018016 -0.032061
v 0.037509 -0.016057 -0.036123
v 0.036894 -0.016512 -0.035080
v 0.037033 -0.017542 -0.032938
v 0.039082 -0.018091 -0.032181
v 0.039050 -0.016165 -0.036273
v 0.038988 -0.016804 -0.034963
v 0.039008 -0.017597 -0.033272
v 0.041003 -0.018182 -0.032352
v 0.041002 -0.016283 -0.036456
v 0.040999 -0.016998 -0.034991
v 0.041000 -0.017700 -0.033466
v 0.043000 -0.018271 -0.032524
v 0.043000 -0.016392 -0.036627
v 0.043000 -0.017167 -0.035034
v 0.043000 -0.017804 -0.033640
v 0.044999 -0.018350 -0.032676
v 0.044986 -0.016476 -0.036794
v 0.044998 -0.017306 -0.035074
v 0.044996 -0.017888 -0.033793
v 0.046976 -0.018412 -0.032829
v 0.047541 -0.016024 -0.038067
v 0.046910 -0.016478 -0.037096
v 0.046965 -0.017429 -0.035109
v 0.046892 -0.017956 -0.033923
v 0.033009 -0.020187 -0.024573
v 0.033001 -0.020543 -0.022956
v 0.033000 -0.020764 -0.020999
v 0.033000 -0.020827 -0.019000
v 0.033000 -0.020861 -0.017000
v 0.033063 -0.018180 -0.030354
v 0.032997 -0.018717 -0.028946
v 0.033005 -0.019401 -0.027055
v 0.032941 -0.019863 -0.025661
v 0.032993 -0.017697 -0.031441
v 0.035762 -0.020006 -0.026054
v 0.035063 -0.020234 -0.025025
v 0.035008 -0.020630 -0.023008
v 0.035000 -0.020797 -0.021000
v 0.035000 -0.020847 -0.019000
v 0.035000 -0.020882 -0.017000
v 0.035006 -0.018304 -0.030627
v 0.035008 -0.018936 -0.028949
v 0.035063 -0.019653 -0.026920
v 0.034422 -0.019947 -0.025865
v 0.034936 -0.017844 -0.031716
v 0.037086 -0.020066 -0.026192
v 0.037011 -0.020394 -0.024920
v 0.037001 -0.020709 -0.022998
v 0.037000 -0.020822 -0.021000
v 0.037000 -0.020866 -0.019000
v 0.037000 -0.020903 -0.017000
v 0.037044 -0.018353 -0.031038
v 0.037006 -0.019097 -0.029036
v 0.037011 -0.019703 -0.027285
v 0.036394 -0.017941 -0.031886
v 0.039003 -0.020142 -0.026394
v 0.039000 -0.020497 -0.024934
v 0.039000 -0.020760 -0.022998
v 0.039000 -0.020844 -0.021000
v 0.039000 -0.020885 -0.019000
v 0.039000 -0.020924 -0.017000
v 0.039008 -0.018584 -0.030922
v 0.039000 -0.019273 -0.029052
v 0.039000 -0.019797 -0.027510
v 0.040999 -0.020211 -0.026591
v 0.041000 -0.020572 -0.024959
v 0.041000 -0.020791 -0.022999
v 0.041000 -0.020862 -0.021000
v 0.041000 -0.020904 -0.019000
v 0.041000 -0.020945 -0.017000
v 0.041000 -0.018739 -0.030931
v 0.040999 -0.019416 -0.029077
v 0.040996 -0.019881 -0.027708
v 0.042982 -0.020265 -0.026785
v 0.042999 -0.020631 -0.024983
v 0.043000 -0.020813 -0.023000
v 0.043000 -0.020880 -0.021000
v 0.043000 -0.020923 -0.019000
v 0.043000 -0.020965 -0.017000
v 0.042999 -0.018873 -0.030952
v 0.042982 -0.019542 -0.029084
v 0.042903 -0.019948 -0.027879
v 0.045500 -0.020026 -0.028088
v 0.044884 -0.020272 -0.027098
v 0.044986 -0.020676 -0.025017
v 0.044999 -0.020832 -0.023001
v 0.045000 -0.020897 -0.021000
v 0.045000 -0.020942 -0.019000
v 0.045000 -0.020985 -0.017000
v 0.044986 -0.019004 -0.030958
v 0.044884 -0.019706 -0.028946
v 0.044160 -0.019991 -0.027978
v 0.047049 -0.020068 -0.028187
v 0.046987 -0.020404 -0.026928
v 0.046999 -0.020728 -0.024998
v 0.047000 -0.020851 -0.023000
v 0.047000 -0.020914 -0.021000
v 0.047000 -0.020960 -0.019000
v 0.047000 -0.021005 -0.017000
v 0.046997 -0.019107 -0.031014
v 0.046987 -0.019712 -0.029278
v 0.033000 -0.020889 -0.015000
v 0.033000 -0.020909 -0.013000
v 0.033000 -0.020932 -0.011000
v 0.033000 -0.020952 -0.009000
v 0.033000 -0.020960 -0.007000
v 0.033000 -0.020967 -0.005000
v 0.033000 -0.020973 -0.003000
v 0.033000 -0.020976 -0.001000
v 0.035000 -0.020912 -0.015000
v 0.035000 -0.020933 -0.013000
v 0.035000 -0.020958 -0.011000
v 0.035000 -0.020979 -0.009000
v 0.035000 -0.020988 -0.007000
v 0.035000 -0.020996 -0.005000
v 0.035000 -0.021002 -0.003000
v 0.035000 -0.021005 -0.001000
v 0.037000 -0.020935 -0.015000
v 0.037000 -0.020957 -0.013000
v 0.037000 -0.020982 -0.011000
v 0.037000 -0.021005 -0.009000
v 0.037000 -0.021017 -0.007000
v 0.037000 -0.021025 -0.005000
v 0.037000 -0.021031 -0.003000
v 0.037000 -0.021035 -0.001000
v 0.039000 -0.020958 -0.015000
v 0.039000 -0.020980 -0.013000
v 0.039000 -0.021007 -0.011000
v 0.039000 -0.021031 -0.009000
v 0.039000 -0.021045 -0.007000
v 0.039000 -0.021054 -0.005000
v 0.039000 -0.021061 -0.003000
v 0.039000 -0.021064 -0.001000
v 0.041000 -0.020980 -0.015000
v 0.041000 -0.021002 -0.013000
v 0.041000 -0.021030 -0.011000
v 0.041000 -0.021057 -0.009000
v 0.041000 -0.021072 -0.007000
v 0.041000 -0.021083 -0.005000
v 0.041000 -0.021090 -0.003000
v 0.041000 -0.021094 -0.001000
v 0.043000 -0.021001 -0.015000
v 0.043000 -0.021023 -0.013000
v 0.043000 -0.021049 -0.011000
v 0.043000 -0.021077 -0.009000
v 0.043000 -0.021096 -0.007000
v 0.043000 -0.021110 -0.005000
v 0.043000 -0.021119 -0.003000
v 0.043000 -0.021123 -0.001000
v 0.045000 -0.021022 -0.015000
v 0.045000 -0.021046 -0.013000
v 0.045000 -0.021071 -0.011000
v 0.045000 -0.021098 -0.009000
v 0.045000 -0.021118 -0.007000
v 0.045000 -0.021133 -0.005000
v 0.045000 -0.021145 -0.003000
v 0.045000 -0.021152 -0.001000
v 0.047000 -0.021045 -0.015000
v 0.047000 -0.021073 -0.013000
v 0.047000 -0.021101 -0.011000
v 0.047000 -0.021130 -0.009000
v 0.047000 -0.021149 -0.007000
v 0.047000 -0.021162 -0.005000
v 0.047000 -0.021174 -0.003000
v 0.047000 -0.021182 -0.001000
v 0.032988 -0.014646 -0.036722
v 0.032981 -0.015643 -0.035497
v 0.033097 -0.012420 -0.038165
v 0.032932 -0.013447 -0.037660
v 0.033092 -0.010935 -0.038475
v 0.033060 -0.008998 -0.038676
v 0.033035 -0.007000 -0.038806
v 0.033021 -0.005000 -0.038872
v 0.033021 -0.003000 -0.038877
v 0.033030 -0.001000 -0.038831
v 0.035536 -0.014138 -0.038070
v 0.034895 -0.014815 -0.037139
v 0.034892 -0.015819 -0.035827
v 0.034912 -0.013033 -0.038454
v 0.034198 -0.013854 -0.037875
v 0.034990 -0.011010 -0.038992
v 0.035009 -0.009006 -0.039238
v 0.034961 -0.007000 -0.039369
v 0.034942 -0.005000 -0.039439
v 0.034939 -0.003000 -0.039447
v 0.034952 -0.001000 -0.039402
v 0.037041 -0.014338 -0.038258
v 0.036882 -0.015434 -0.036921
v 0.036168 -0.015967 -0.035963
v 0.036997 -0.012929 -0.039014
v 0.036946 -0.011007 -0.039501
v 0.037867 -0.008400 -0.040029
v 0.037028 -0.009048 -0.039765
v 0.037705 -0.006937 -0.040083
v 0.036617 -0.007004 -0.039813
v 0.037578 -0.004998 -0.040123
v 0.036462 -0.005000 -0.039854
v 0.037561 -0.003000 -0.040128
v 0.036444 -0.003000 -0.039860
v 0.037654 -0.001003 -0.040100
v 0.036537 -0.001000 -0.039832
v 0.039010 -0.014485 -0.038534
v 0.038988 -0.015527 -0.037311
v 0.039828 -0.012122 -0.040000
v 0.039068 -0.012859 -0.039529
v 0.039473 -0.010911 -0.040127
v 0.038415 -0.011066 -0.039859
v 0.038954 -0.009045 -0.040209
v 0.038109 -0.009739 -0.039972
v 0.039063 -0.007004 -0.040370
v 0.039061 -0.005000 -0.040444
v 0.039060 -0.003000 -0.040456
v 0.039072 -0.001000 -0.040413
v 0.040997 -0.014670 -0.038768
v 0.040999 -0.015659 -0.037544
v 0.041087 -0.012457 -0.040142
v 0.040937 -0.013481 -0.039704
v 0.041051 -0.010940 -0.040422
v 0.040989 -0.009004 -0.040609
v 0.041001 -0.007000 -0.040748
v 0.041002 -0.005000 -0.040824
v 0.041002 -0.003000 -0.040842
v 0.041002 -0.001000 -0.040808
v 0.043654 -0.014043 -0.039975
v 0.042988 -0.014716 -0.039129
v 0.042995 -0.015770 -0.037753
v 0.042991 -0.013006 -0.040299
v 0.042314 -0.013811 -0.039847
v 0.043000 -0.011006 -0.040736
v 0.042999 -0.009001 -0.040950
v 0.043000 -0.007000 -0.041082
v 0.043000 -0.005000 -0.041158
v 0.043000 -0.003000 -0.041183
v 0.043000 -0.001000 -0.041163
v 0.045070 -0.014171 -0.040088
v 0.044987 -0.015114 -0.039003
v 0.044909 -0.015900 -0.037883
v 0.045001 -0.012918 -0.040627
v 0.045000 -0.010998 -0.041042
v 0.045001 -0.009000 -0.041254
v 0.044998 -0.007000 -0.041389
v 0.044997 -0.005000 -0.041470
v 0.044996 -0.003000 -0.041501
v 0.044997 -0.001000 -0.041487
v 0.046992 -0.014321 -0.040209
v 0.046911 -0.015442 -0.038868
v 0.046201 -0.015972 -0.037970
v 0.047000 -0.012924 -0.040893
v 0.047001 -0.010997 -0.041322
v 0.047010 -0.008989 -0.041549
v 0.046951 -0.006999 -0.041687
v 0.046911 -0.005000 -0.041770
v 0.046895 -0.003000 -0.041802
v 0.046904 -0.001000 -0.041789
v 0.049429 -0.018048 -0.034101
v 0.048835 -0.018410 -0.033112
v 0.049054 -0.016093 -0.038155
v 0.048970 -0.016718 -0.036913
v 0.048834 -0.017629 -0.034955
v 0.048089 -0.018002 -0.033998
v 0.051039 -0.018104 -0.034201
v 0.050981 -0.018604 -0.032933
v 0.051002 -0.016170 -0.038269
v 0.050998 -0.016839 -0.036946
v 0.050981 -0.017620 -0.035289
v 0.053001 -0.018164 -0.034313
v 0.052999 -0.018707 -0.032926
v 0.053000 -0.016241 -0.038376
v 0.053000 -0.016947 -0.036975
v 0.052999 -0.017677 -0.035427
v 0.055000 -0.018220 -0.034417
v 0.055000 -0.018793 -0.032939
v 0.055000 -0.016307 -0.038478
v 0.055000 -0.017048 -0.037002
v 0.055000 -0.017735 -0.035533
v 0.057000 -0.018272 -0.034514
v 0.057000 -0.018874 -0.032952
v 0.057000 -0.016373 -0.038573
v 0.057000 -0.017142 -0.037026
v 0.057000 -0.017790 -0.035630
v 0.059000 -0.018311 -0.034584
v 0.059000 -0.018941 -0.032960
v 0.059001 -0.016417 -0.038640
v 0.059000 -0.017207 -0.037044
v 0.059000 -0.017829 -0.035700
v 0.061000 -0.018334 -0.034619
v 0.060996 -0.018990 -0.032946
v 0.061000 -0.016437 -0.038662
v 0.061000 -0.017237 -0.037052
v 0.061000 -0.017849 -0.035736
v 0.063000 -0.018338 -0.034627
v 0.063000 -0.018998 -0.032974
v 0.063000 -0.016430 -0.038638
v 0.063000 -0.017234 -0.037050
v 0.063000 -0.017851 -0.035743
v 0.049002 -0.020114 -0.028310
v 0.048999 -0.020471 -0.026923
v 0.049000 -0.020761 -0.024997
v 0.049000 -0.020866 -0.023000
v 0.049000 -0.020930 -0.021000
v 0.049000 -0.020979 -0.019000
v 0.049000 -0.021025 -0.017000
v 0.048979 -0.019199 -0.031062
v 0.048999 -0.019764 -0.029427
v 0.051000 -0.020157 -0.028431
v 0.051000 -0.020520 -0.026938
v 0.051000 -0.020784 -0.024998
v 0.051000 -0.020880 -0.023000
v 0.051000 -0.020945 -0.021000
v 0.051000 -0.020997 -0.019000
v 0.051000 -0.021045 -0.017000
v 0.050998 -0.019301 -0.031058
v 0.051000 -0.019817 -0.029548
v 0.053000 -0.020195 -0.028542
v 0.053000 -0.020561 -0.026952
v 0.053000 -0.020801 -0.024998
v 0.053000 -0.020892 -0.023000
v 0.053000 -0.020960 -0.021000
v 0.053000 -0.021015 -0.019000
v 0.053000 -0.021064 -0.017000
v 0.053000 -0.019383 -0.031071
v 0.053000 -0.019862 -0.029660
v 0.055000 -0.020229 -0.028645
v 0.055000 -0.020596 -0.026966
v 0.055000 -0.020815 -0.024999
v 0.055000 -0.020904 -0.023000
v 0.055000 -0.020973 -0.021000
v 0.055000 -0.021032 -0.019000
v 0.055000 -0.021084 -0.017000
v 0.055000 -0.019457 -0.031085
v 0.055000 -0.019903 -0.029762
v 0.057000 -0.020261 -0.028743
v 0.057000 -0.020628 -0.026978
v 0.057000 -0.020829 -0.024999
v 0.057000 -0.020915 -0.023000
v 0.057000 -0.020986 -0.021000
v 0.057000 -0.021048 -0.019000
v 0.057000 -0.021103 -0.017000
v 0.057000 -0.019530 -0.031097
v 0.056997 -0.019941 -0.029860
v 0.058993 -0.020283 -0.028844
v 0.059000 -0.020656 -0.026990
v 0.059000 -0.020840 -0.025000
v 0.059000 -0.020924 -0.023000
v 0.059000 -0.020995 -0.021000
v 0.059000 -0.021060 -0.019000
v 0.059000 -0.021117 -0.017000
v 0.058993 -0.019596 -0.031087
v 0.058920 -0.019972 -0.029938
v 0.061621 -0.020005 -0.030027
v 0.060966 -0.020255 -0.029097
v 0.060996 -0.020675 -0.027017
v 0.061000 -0.020848 -0.025001
v 0.061000 -0.020930 -0.023000
v 0.061000 -0.021000 -0.021000
v 0.061000 -0.021064 -0.019000
v 0.061000 -0.021121 -0.017000
v 0.060966 -0.019703 -0.030907
v 0.060280 -0.019990 -0.029980
v 0.063066 -0.020021 -0.030062
v 0.062998 -0.020345 -0.028912
v 0.063000 -0.020702 -0.026998
v 0.063000 -0.020853 -0.025000
v 0.063000 -0.020932 -0.023000
v 0.063000 -0.021000 -0.021000
v 0.063000 -0.021062 -0.019000
v 0.063000 -0.021119 -0.017000
v 0.062998 -0.019654 -0.031154
v 0.049000 -0.021067 -0.015000
v 0.049000 -0.021099 -0.013000
v 0.049000 -0.021130 -0.011000
v 0.049000 -0.021161 -0.009000
v 0.049000 -0.021183 -0.007000
v 0.049000 -0.021196 -0.005000
v 0.049000 -0.021207 -0.003000
v 0.049000 -0.021212 -0.001000
v 0.051000 -0.021089 -0.015000
v 0.051000 -0.021123 -0.013000
v 0.051000 -0.021155 -0.011000
v 0.051000 -0.021187 -0.009000
v 0.051000 -0.021210 -0.007000
v 0.051000 -0.021226 -0.005000
v 0.051000 -0.021236 -0.003000
v 0.051000 -0.021241 -0.001000
v 0.053000 -0.021110 -0.015000
v 0.053000 -0.021146 -0.013000
v 0.053000 -0.021179 -0.011000
v 0.053000 -0.021211 -0.009000
v 0.053000 -0.021237 -0.007000
v 0.053000 -0.021254 -0.005000
v 0.053000 -0.021265 -0.003000
v 0.053000 -0.021271 -0.001000
v 0.055000 -0.021132 -0.015000
v 0.055000 -0.021170 -0.013000
v 0.055000 -0.021203 -0.011000
v 0.055000 -0.021236 -0.009000
v 0.055000 -0.021264 -0.007000
v 0.055000 -0.021283 -0.005000
v 0.055000 -0.021295 -0.003000
v 0.055000 -0.021300 -0.001000
v 0.057000 -0.021153 -0.015000
v 0.057000 -0.021194 -0.013000
v 0.057000 -0.021228 -0.011000
v 0.057000 -0.021261 -0.009000
v 0.057000 -0.021290 -0.007000
v 0.057000 -0.021311 -0.005000
v 0.057000 -0.021324 -0.003000
v 0.057000 -0.021330 -0.001000
v 0.059000 -0.021170 -0.015000
v 0.059000 -0.021214 -0.013000
v 0.059000 -0.021250 -0.011000
v 0.059000 -0.021284 -0.009000
v 0.059000 -0.021315 -0.007000
v 0.059000 -0.021338 -0.005000
v 0.059000 -0.021351 -0.003000
v 0.059000 -0.021358 -0.001000
v 0.061000 -0.021175 -0.015000
v 0.061000 -0.021223 -0.013000
v 0.061000 -0.021263 -0.011000
v 0.061000 -0.021302 -0.009000
v 0.061000 -0.021336 -0.007000
v 0.061000 -0.021359 -0.005000
v 0.061000 -0.021373 -0.003000
v 0.061000 -0.021382 -0.001000
v 0.063000 -0.021173 -0.015000
v 0.063000 -0.021221 -0.013000
v 0.063000 -0.021264 -0.011000
v 0.063000 -0.021306 -0.009000
v 0.063000 -0.021345 -0.007000
v 0.063000 -0.021370 -0.005000
v 0.063000 -0.021385 -0.003000
v 0.063000 -0.021396 -0.001000
v 0.048999 -0.014421 -0.040375
v 0.048991 -0.015446 -0.039182
v 0.049001 -0.012936 -0.041143
v 0.049010 -0.010989 -0.041592
v 0.049899 -0.008203 -0.042007
v 0.049059 -0.008915 -0.041837
v 0.049632 -0.006909 -0.042055
v 0.048542 -0.006986 -0.041912
v 0.049351 -0.004997 -0.042100
v 0.048235 -0.005000 -0.041961
v 0.049226 -0.003000 -0.042120
v 0.048109 -0.003000 -0.041980
v 0.049289 -0.001000 -0.042108
v 0.048172 -0.001000 -0.041973
v 0.051000 -0.014508 -0.040510
v 0.051000 -0.015530 -0.039331
v 0.051003 -0.012938 -0.041381
v 0.051678 -0.010310 -0.042032
v 0.050949 -0.011039 -0.041840
v 0.051081 -0.008856 -0.042095
v 0.050352 -0.009542 -0.041949
v 0.051069 -0.006984 -0.042221
v 0.051033 -0.005000 -0.042301
v 0.051016 -0.003000 -0.042336
v 0.051025 -0.001000 -0.042320
v 0.053004 -0.014557 -0.040625
v 0.053000 -0.015595 -0.039450
v 0.053725 -0.012081 -0.041996
v 0.053036 -0.012894 -0.041629
v 0.053094 -0.010914 -0.042111
v 0.052385 -0.011642 -0.041924
v 0.053009 -0.008984 -0.042293
v 0.053002 -0.006999 -0.042432
v 0.053001 -0.005000 -0.042520
v 0.053000 -0.003000 -0.042560
v 0.053001 -0.001000 -0.042552
v 0.055001 -0.014663 -0.040720
v 0.055000 -0.015659 -0.039561
v 0.055081 -0.012300 -0.042076
v 0.055006 -0.013355 -0.041673
v 0.055009 -0.010921 -0.042296
v 0.055000 -0.008997 -0.042488
v 0.055000 -0.007000 -0.042630
v 0.055000 -0.005000 -0.042720
v 0.055000 -0.003000 -0.042763
v 0.055000 -0.001000 -0.042762
v 0.057017 -0.014750 -0.040855
v 0.057001 -0.015734 -0.039670
v 0.057020 -0.012591 -0.042176
v 0.056958 -0.013652 -0.041778
v 0.057002 -0.010958 -0.042476
v 0.057000 -0.008999 -0.042676
v 0.057000 -0.007000 -0.042818
v 0.057000 -0.005000 -0.042908
v 0.057000 -0.003000 -0.042949
v 0.057000 -0.001000 -0.042953
v 0.059888 -0.013973 -0.041913
v 0.059149 -0.014676 -0.041137
v 0.059019 -0.015772 -0.039768
v 0.059149 -0.013019 -0.042224
v 0.058548 -0.013838 -0.041855
v 0.059019 -0.011008 -0.042636
v 0.059001 -0.009000 -0.042847
v 0.059000 -0.007000 -0.042983
v 0.059000 -0.005000 -0.043071
v 0.059000 -0.003000 -0.043115
v 0.059000 -0.001000 -0.043124
v 0.061104 -0.014015 -0.041952
v 0.061022 -0.014892 -0.040991
v 0.061001 -0.015814 -0.039774
v 0.061022 -0.012900 -0.042389
v 0.061001 -0.010997 -0.042795
v 0.061000 -0.009000 -0.042996
v 0.061000 -0.007000 -0.043124
v 0.061000 -0.005000 -0.043215
v 0.061000 -0.003000 -0.043267
v 0.061000 -0.001000 -0.043281
v 0.063001 -0.014044 -0.041987
v 0.063001 -0.014927 -0.040975
v 0.063000 -0.015805 -0.039749
v 0.063001 -0.012892 -0.042496
v 0.063000 -0.010996 -0.042931
v 0.063000 -0.009000 -0.043126
v 0.063000 -0.007000 -0.043256
v 0.063000 -0.005000 -0.043356
v 0.063000 -0.003000 -0.043417
v 0.063000 -0.001000 -0.043436
v 0.065000 -0.018317 -0.034579
v 0.065000 -0.018976 -0.032972
v 0.065000 -0.016383 -0.038559
v 0.065000 -0.017172 -0.037033
v 0.065000 -0.017820 -0.035694
v 0.066998 -0.018265 -0.034472
v 0.066999 -0.018909 -0.032952
v 0.066996 -0.016287 -0.038416
v 0.066999 -0.017040 -0.037001
v 0.067000 -0.017749 -0.035585
v 0.068946 -0.018178 -0.034314
v 0.068991 -0.018778 -0.032924
v 0.068904 -0.016140 -0.038207
v 0.068984 -0.016815 -0.036958
v 0.069009 -0.017632 -0.035400
v 0.070469 -0.018069 -0.034153
v 0.071094 -0.018464 -0.033080
v 0.070168 -0.015991 -0.038038
v 0.070896 -0.016451 -0.036956
v 0.071084 -0.017495 -0.034987
v 0.071810 -0.017915 -0.033942
v 0.071804 -0.016118 -0.032255
v 0.072967 -0.018350 -0.032638
v 0.072890 -0.016238 -0.036372
v 0.072994 -0.016996 -0.034993
v 0.072987 -0.016213 -0.032249
v 0.073105 -0.017735 -0.033691
v 0.074501 -0.018159 -0.032307
v 0.074144 -0.015960 -0.036058
v 0.074829 -0.016427 -0.034880
v 0.074124 -0.015984 -0.032035
v 0.075103 -0.017464 -0.033076
v 0.076283 -0.016109 -0.034273
v 0.076939 -0.016639 -0.032999
v 0.078324 -0.016242 -0.032332
v 0.064999 -0.020027 -0.030076
v 0.064999 -0.020364 -0.028894
v 0.065000 -0.020708 -0.026996
v 0.065000 -0.020849 -0.025000
v 0.065000 -0.020926 -0.023000
v 0.065000 -0.020994 -0.021000
v 0.065000 -0.021056 -0.019000
v 0.065000 -0.021113 -0.017000
v 0.064999 -0.019642 -0.031191
v 0.066896 -0.020011 -0.030041
v 0.066978 -0.020341 -0.028906
v 0.066999 -0.020687 -0.026997
v 0.067000 -0.020818 -0.025000
v 0.067000 -0.020894 -0.023000
v 0.067000 -0.020962 -0.021000
v 0.067000 -0.021024 -0.019000
v 0.067000 -0.021081 -0.017000
v 0.066978 -0.019615 -0.031134
v 0.068111 -0.019985 -0.030002
v 0.068850 -0.020243 -0.029058
v 0.068981 -0.020624 -0.027013
v 0.068999 -0.020748 -0.025001
v 0.069000 -0.020823 -0.023000
v 0.069000 -0.020892 -0.021000
v 0.069000 -0.020955 -0.019000
v 0.069000 -0.021012 -0.017000
v 0.068851 -0.019595 -0.030889
v 0.069451 -0.019921 -0.029920
v 0.069916 -0.016197 -0.028392
v 0.069746 -0.016312 -0.026937
v 0.069696 -0.016345 -0.024998
v 0.069680 -0.016354 -0.023000
v 0.069670 -0.016358 -0.021000
v 0.069661 -0.016362 -0.019000
v 0.069652 -0.016368 -0.017000
v 0.070980 -0.020221 -0.028692
v 0.070997 -0.020516 -0.026971
v 0.070999 -0.020624 -0.024999
v 0.071001 -0.020697 -0.022999
v 0.071000 -0.020768 -0.021000
v 0.071000 -0.020834 -0.019000
v 0.071000 -0.020893 -0.017000
v 0.070995 -0.019258 -0.031083
v 0.071042 -0.019781 -0.029783
v 0.071839 -0.018100 -0.028180
v 0.071794 -0.018307 -0.026935
v 0.071719 -0.018404 -0.024999
v 0.071692 -0.018416 -0.023000
v 0.071676 -0.018416 -0.020999
v 0.071658 -0.018418 -0.019000
v 0.071641 -0.018420 -0.017000
v 0.071490 -0.016511 -0.030928
v 0.071081 -0.017013 -0.028961
v 0.070756 -0.017337 -0.026995
v 0.070676 -0.017399 -0.025000
v 0.070648 -0.017408 -0.023000
v 0.070629 -0.017413 -0.021000
v 0.070611 -0.017418 -0.019000
v 0.070594 -0.017424 -0.017000
v 0.072917 -0.020111 -0.028407
v 0.072942 -0.020326 -0.026935
v 0.072967 -0.020416 -0.024996
v 0.073010 -0.020482 -0.022981
v 0.072997 -0.020556 -0.020999
v 0.072997 -0.020624 -0.019000
v 0.072997 -0.020686 -0.017000
v 0.073013 -0.018975 -0.031035
v 0.072996 -0.019618 -0.029492
v 0.072696 -0.018209 -0.028202
v 0.073181 -0.018465 -0.027095
v 0.073057 -0.018799 -0.025017
v 0.073052 -0.018848 -0.023000
v 0.073088 -0.018846 -0.020985
v 0.073071 -0.018876 -0.018999
v 0.073068 -0.018897 -0.017000
v 0.073050 -0.016843 -0.030910
v 0.073170 -0.017634 -0.028992
v 0.073916 -0.018012 -0.027897
v 0.074224 -0.019989 -0.028143
v 0.074462 -0.020069 -0.026905
v 0.074667 -0.020111 -0.024980
v 0.075036 -0.020139 -0.022850
v 0.074906 -0.020250 -0.020978
v 0.074906 -0.020319 -0.018999
v 0.074918 -0.020381 -0.017000
v 0.075112 -0.018557 -0.031067
v 0.074976 -0.019427 -0.028922
v 0.075543 -0.019565 -0.026988
v 0.074361 -0.018296 -0.026566
v 0.074566 -0.018440 -0.024961
v 0.075756 -0.019608 -0.025041
v 0.074720 -0.018461 -0.022985
v 0.075886 -0.019762 -0.023451
v 0.075059 -0.018420 -0.020878
v 0.074910 -0.018655 -0.018981
v 0.074904 -0.018799 -0.016999
v 0.075840 -0.017911 -0.031924
v 0.074805 -0.016416 -0.030880
v 0.075005 -0.017253 -0.029008
v 0.075114 -0.017826 -0.027163
v 0.075639 -0.017926 -0.025021
v 0.075806 -0.017960 -0.023048
v 0.075918 -0.017996 -0.021492
v 0.076003 -0.019952 -0.022110
v 0.076071 -0.019995 -0.020896
v 0.076173 -0.020031 -0.018996
v 0.076276 -0.020065 -0.017000
v 0.076924 -0.018288 -0.030499
v 0.076980 -0.018848 -0.028918
v 0.077056 -0.019085 -0.026995
v 0.077061 -0.019170 -0.024983
v 0.076887 -0.019486 -0.022850
v 0.077163 -0.019531 -0.020978
v 0.076006 -0.018075 -0.020151
v 0.076061 -0.018205 -0.018902
v 0.077288 -0.019553 -0.018999
v 0.076147 -0.018339 -0.016997
v 0.077391 -0.019571 -0.017000
v 0.077079 -0.017567 -0.031565
v 0.076290 -0.016126 -0.030280
v 0.076925 -0.016552 -0.028937
v 0.076949 -0.017172 -0.027015
v 0.077031 -0.017375 -0.025001
v 0.077041 -0.017465 -0.022986
v 0.076876 -0.017629 -0.020878
v 0.077145 -0.017613 -0.018981
v 0.077280 -0.017649 -0.017003
v 0.078180 -0.017971 -0.030100
v 0.078808 -0.018249 -0.028771
v 0.078883 -0.018573 -0.026975
v 0.078904 -0.018673 -0.024998
v 0.078894 -0.018774 -0.022981
v 0.078933 -0.018835 -0.020999
v 0.078956 -0.018888 -0.019000
v 0.078977 -0.018935 -0.017000
v 0.078875 -0.016938 -0.030901
v 0.079491 -0.017513 -0.029416
v 0.078226 -0.016113 -0.028321
v 0.078437 -0.016382 -0.026928
v 0.078581 -0.016512 -0.024997
v 0.078680 -0.016580 -0.022999
v 0.078732 -0.016645 -0.020985
v 0.078850 -0.016675 -0.019005
v 0.079115 -0.016614 -0.017025
v 0.065000 -0.021166 -0.015000
v 0.065000 -0.021216 -0.013000
v 0.065000 -0.021259 -0.011000
v 0.065000 -0.021300 -0.009000
v 0.065000 -0.021340 -0.007000
v 0.065000 -0.021367 -0.005000
v 0.065000 -0.021383 -0.003000
v 0.065000 -0.021395 -0.001000
v 0.067000 -0.021135 -0.015000
v 0.067000 -0.021186 -0.013000
v 0.067000 -0.021230 -0.011000
v 0.067000 -0.021270 -0.009000
v 0.067000 -0.021308 -0.007000
v 0.067000 -0.021335 -0.005000
v 0.067000 -0.021351 -0.003000
v 0.067000 -0.021363 -0.001000
v 0.069000 -0.021066 -0.015000
v 0.069000 -0.021115 -0.013000
v 0.069000 -0.021156 -0.011000
v 0.069000 -0.021191 -0.009000
v 0.069000 -0.021220 -0.007000
v 0.069000 -0.021241 -0.005000
v 0.069000 -0.021255 -0.003000
v 0.069000 -0.021265 -0.001000
v 0.069644 -0.016377 -0.015000
v 0.069640 -0.016388 -0.013000
v 0.069637 -0.016400 -0.011000
v 0.069634 -0.016415 -0.009000
v 0.069631 -0.016429 -0.007000
v 0.069629 -0.016442 -0.005000
v 0.069627 -0.016451 -0.003000
v 0.069626 -0.016459 -0.001000
v 0.071000 -0.020948 -0.015000
v 0.071000 -0.020998 -0.013000
v 0.071000 -0.021039 -0.011000
v 0.071000 -0.021066 -0.009000
v 0.071000 -0.021082 -0.007000
v 0.071000 -0.021092 -0.005000
v 0.071000 -0.021100 -0.003000
v 0.071000 -0.021106 -0.001000
v 0.071623 -0.018420 -0.015000
v 0.071603 -0.018420 -0.013000
v 0.071582 -0.018421 -0.011000
v 0.071560 -0.018430 -0.009000
v 0.071538 -0.018447 -0.007000
v 0.071520 -0.018462 -0.005000
v 0.071507 -0.018472 -0.003000
v 0.071496 -0.018481 -0.001000
v 0.070575 -0.017432 -0.015000
v 0.070555 -0.017443 -0.013000
v 0.070533 -0.017455 -0.011000
v 0.070512 -0.017471 -0.009000
v 0.070490 -0.017487 -0.007000
v 0.070472 -0.017501 -0.005000
v 0.070459 -0.017512 -0.003000
v 0.070448 -0.017521 -0.001000
v 0.072998 -0.020747 -0.015000
v 0.072998 -0.020803 -0.013000
v 0.072999 -0.020850 -0.011000
v 0.072999 -0.020884 -0.009000
v 0.072999 -0.020908 -0.007000
v 0.073000 -0.020924 -0.005000
v 0.073000 -0.020935 -0.003000
v 0.073000 -0.020945 -0.001000
v 0.073066 -0.018903 -0.015000
v 0.073063 -0.018905 -0.013000
v 0.073061 -0.018906 -0.011000
v 0.073059 -0.018915 -0.009000
v 0.073056 -0.018932 -0.007000
v 0.073054 -0.018947 -0.005000
v 0.073052 -0.018958 -0.003000
v 0.073051 -0.018966 -0.001000
v 0.074932 -0.020442 -0.015000
v 0.074945 -0.020498 -0.013000
v 0.074956 -0.020547 -0.011000
v 0.074966 -0.020591 -0.009000
v 0.074976 -0.020630 -0.007000
v 0.074983 -0.020658 -0.005000
v 0.074989 -0.020678 -0.003000
v 0.074993 -0.020694 -0.001000
v 0.074915 -0.018847 -0.015000
v 0.074926 -0.018866 -0.013000
v 0.074935 -0.018877 -0.011000
v 0.074944 -0.018884 -0.009000
v 0.074951 -0.018891 -0.007000
v 0.074957 -0.018898 -0.005000
v 0.074961 -0.018903 -0.003000
v 0.074965 -0.018906 -0.001000
v 0.076381 -0.020101 -0.015000
v 0.076480 -0.020134 -0.013000
v 0.076567 -0.020164 -0.011000
v 0.076648 -0.020192 -0.009000
v 0.076725 -0.020221 -0.007000
v 0.076783 -0.020244 -0.005000
v 0.076826 -0.020264 -0.003000
v 0.076859 -0.020282 -0.001000
v 0.076234 -0.018390 -0.015000
v 0.077497 -0.019593 -0.015000
v 0.076317 -0.018413 -0.013000
v 0.077596 -0.019619 -0.013000
v 0.076391 -0.018427 -0.011000
v 0.077682 -0.019647 -0.011000
v 0.076458 -0.018435 -0.009000
v 0.077764 -0.019685 -0.009000
v 0.076519 -0.018442 -0.007000
v 0.077841 -0.019736 -0.007000
v 0.076565 -0.018448 -0.005000
v 0.077899 -0.019793 -0.005000
v 0.076596 -0.018452 -0.003000
v 0.077943 -0.019857 -0.003000
v 0.076623 -0.018455 -0.001000
v 0.077976 -0.019922 -0.001000
v 0.077349 -0.017714 -0.015000
v 0.077431 -0.017757 -0.013000
v 0.077505 -0.017792 -0.011000
v 0.077572 -0.017820 -0.009000
v 0.077633 -0.017845 -0.007000
v 0.077679 -0.017862 -0.005000
v 0.077711 -0.017874 -0.003000
v 0.077738 -0.017885 -0.001000
v 0.078998 -0.018987 -0.015000
v 0.079018 -0.019040 -0.013000
v 0.079035 -0.019090 -0.011000
v 0.079051 -0.019149 -0.009000
v 0.079065 -0.019219 -0.007000
v 0.079076 -0.019289 -0.005000
v 0.079084 -0.019361 -0.003000
v 0.079090 -0.019432 -0.001000
v 0.078949 -0.016859 -0.015001
v 0.078947 -0.016970 -0.013000
v 0.078960 -0.017039 -0.011000
v 0.078973 -0.017091 -0.009000
v 0.078985 -0.017133 -0.007000
v 0.078993 -0.017160 -0.005000
v 0.078998 -0.017179 -0.003000
v 0.079003 -0.017195 -0.001000
v 0.064920 -0.014032 -0.041992
v 0.064993 -0.014854 -0.040980
v 0.065000 -0.015747 -0.039671
v 0.064993 -0.012907 -0.042538
v 0.065000 -0.010998 -0.042992
v 0.065000 -0.009000 -0.043160
v 0.064997 -0.007000 -0.043315
v 0.064998 -0.005000 -0.043439
v 0.064999 -0.003000 -0.043515
v 0.065001 -0.001000 -0.043540
v 0.066277 -0.013985 -0.041963
v 0.066964 -0.014579 -0.041097
v 0.066995 -0.015616 -0.039541
v 0.066962 -0.013056 -0.042421
v 0.067618 -0.013874 -0.041853
v 0.066993 -0.011013 -0.042905
v 0.066985 -0.009010 -0.042932
v 0.067901 -0.008387 -0.040517
v 0.067916 -0.008380 -0.039626
v 0.066925 -0.007001 -0.043064
v 0.067726 -0.006943 -0.040709
v 0.067798 -0.006943 -0.039432
v 0.066938 -0.005000 -0.043213
v 0.067730 -0.004998 -0.040722
v 0.067790 -0.004998 -0.039405
v 0.066971 -0.002999 -0.043310
v 0.067763 -0.002999 -0.040712
v 0.067791 -0.003000 -0.039403
v 0.067016 -0.000989 -0.043336
v 0.067808 -0.000989 -0.040712
v 0.067793 -0.001000 -0.039402
v 0.068994 -0.014496 -0.040656
v 0.068982 -0.015451 -0.039263
v 0.069945 -0.014287 -0.032259
v 0.068945 -0.012660 -0.042410
v 0.069076 -0.013652 -0.041664
v 0.069925 -0.013540 -0.032263
v 0.068930 -0.010979 -0.042683
v 0.069671 -0.010230 -0.040529
v 0.069685 -0.010144 -0.039715
v 0.068807 -0.009118 -0.042343
v 0.068909 -0.009069 -0.041091
v 0.069072 -0.008969 -0.039323
v 0.068274 -0.007010 -0.042429
v 0.068347 -0.007012 -0.041674
v 0.069073 -0.007006 -0.038590
v 0.068345 -0.005000 -0.042517
v 0.068420 -0.005000 -0.041739
v 0.069078 -0.005000 -0.038506
v 0.068600 -0.002987 -0.042565
v 0.068676 -0.002987 -0.041742
v 0.069078 -0.003000 -0.038503
v 0.069024 -0.000876 -0.042478
v 0.069085 -0.000876 -0.041781
v 0.069078 -0.001000 -0.038503
v 0.070892 -0.014191 -0.040244
v 0.070868 -0.015232 -0.038835
v 0.071506 -0.015794 -0.037760
v 0.071682 -0.014426 -0.034204
v 0.071109 -0.014928 -0.032909
v 0.070410 -0.012329 -0.042185
v 0.071023 -0.012941 -0.041268
v 0.071662 -0.013604 -0.034209
v 0.070996 -0.012992 -0.032942
v 0.070377 -0.011015 -0.042230
v 0.070967 -0.010985 -0.041088
v 0.071065 -0.010335 -0.039666
v 0.071579 -0.011716 -0.032327
v 0.070015 -0.009859 -0.042149
v 0.070087 -0.009859 -0.041640
v 0.070999 -0.008941 -0.038745
v 0.071002 -0.006999 -0.038190
v 0.071002 -0.005000 -0.038125
v 0.071002 -0.003000 -0.038123
v 0.069864 -0.000240 -0.042073
v 0.069867 -0.000240 -0.041972
v 0.071002 -0.001000 -0.038123
v 0.072082 -0.013922 -0.039933
v 0.072757 -0.014432 -0.038863
v 0.073005 -0.015445 -0.037418
v 0.072976 -0.014461 -0.034267
v 0.072980 -0.015352 -0.033237
v 0.072755 -0.012827 -0.040316
v 0.073389 -0.013354 -0.039454
v 0.072976 -0.013532 -0.034292
v 0.072977 -0.012600 -0.033423
v 0.072871 -0.011621 -0.040375
v 0.072977 -0.010604 -0.039520
v 0.072981 -0.011534 -0.032453
v 0.072998 -0.008959 -0.038619
v 0.073000 -0.006999 -0.038081
v 0.073000 -0.005000 -0.038014
v 0.073000 -0.003000 -0.038012
v 0.073000 -0.001000 -0.038012
v 0.074197 -0.014105 -0.038194
v 0.074810 -0.014872 -0.036857
v 0.075479 -0.015551 -0.035584
v 0.074140 -0.014269 -0.033998
v 0.074749 -0.014874 -0.032800
v 0.073961 -0.012236 -0.039891
v 0.074745 -0.012693 -0.038752
v 0.075536 -0.013379 -0.037577
v 0.074156 -0.013677 -0.034017
v 0.075988 -0.012012 -0.034006
v 0.074848 -0.013077 -0.032915
v 0.075988 -0.012012 -0.033987
v 0.073987 -0.011808 -0.039940
v 0.074777 -0.011095 -0.039010
v 0.075988 -0.011995 -0.034006
v 0.075988 -0.011995 -0.033987
v 0.074308 -0.011793 -0.032257
v 0.074978 -0.009014 -0.038369
v 0.074999 -0.007001 -0.038040
v 0.075000 -0.005000 -0.038002
v 0.075000 -0.003000 -0.038000
v 0.075000 -0.001000 -0.038000
v 0.076272 -0.014260 -0.036271
v 0.076956 -0.014962 -0.034960
v 0.077636 -0.015621 -0.033673
v 0.076219 -0.014421 -0.032214
v 0.076063 -0.012029 -0.037952
v 0.076823 -0.012717 -0.036832
v 0.077554 -0.013438 -0.035627
v 0.076008 -0.012012 -0.034006
v 0.076243 -0.013567 -0.032242
v 0.076008 -0.012012 -0.033987
v 0.077971 -0.012032 -0.032020
v 0.076812 -0.010758 -0.038061
v 0.077399 -0.011385 -0.037303
v 0.076008 -0.011995 -0.034006
v 0.076008 -0.011995 -0.033987
v 0.077971 -0.011991 -0.032020
v 0.076977 -0.008973 -0.038075
v 0.076999 -0.006999 -0.038008
v 0.077000 -0.005000 -0.038000
v 0.077000 -0.003000 -0.038000
v 0.077000 -0.001000 -0.038000
v 0.078223 -0.014317 -0.034312
v 0.078966 -0.014937 -0.032962
v 0.078028 -0.012087 -0.036104
v 0.078503 -0.012844 -0.034958
v 0.079498 -0.013071 -0.033538
v 0.078019 -0.012032 -0.032020
v 0.078847 -0.010061 -0.037869
v 0.078794 -0.010912 -0.036751
v 0.079382 -0.011483 -0.035063
v 0.079881 -0.011855 -0.033821
v 0.078019 -0.011991 -0.032020
v 0.078969 -0.008869 -0.037999
v 0.078998 -0.006994 -0.038001
v 0.079000 -0.005000 -0.038000
v 0.079000 -0.003000 -0.038000
v 0.079000 -0.001000 -0.038000
v 0.069726 -0.014545 -0.030935
v 0.069603 -0.015045 -0.029046
v 0.069349 -0.014969 -0.027004
v 0.069291 -0.014963 -0.025000
v 0.069278 -0.014963 -0.023000
v 0.069270 -0.014961 -0.020999
v 0.069266 -0.014923 -0.018990
v 0.069227 -0.014930 -0.016999
v 0.069709 -0.013365 -0.030926
v 0.069649 -0.013370 -0.029004
v 0.069612 -0.013357 -0.027000
v 0.069606 -0.013357 -0.025000
v 0.069605 -0.013355 -0.023000
v 0.069608 -0.013316 -0.020992
v 0.069630 -0.012978 -0.018921
v 0.069350 -0.013007 -0.016987
v 0.069990 -0.011833 -0.018224
v 0.069645 -0.011131 -0.016934
v 0.069637 -0.009015 -0.016470
v 0.069635 -0.007001 -0.016414
v 0.069634 -0.005000 -0.016412
v 0.069634 -0.003000 -0.016412
v 0.069635 -0.001000 -0.016412
v 0.070490 -0.015516 -0.031078
v 0.070214 -0.015852 -0.029733
v 0.070332 -0.012382 -0.030999
v 0.070248 -0.012288 -0.029001
v 0.070243 -0.012281 -0.027000
v 0.070243 -0.012281 -0.025000
v 0.070242 -0.012281 -0.023002
v 0.070234 -0.012267 -0.021057
v 0.070180 -0.012138 -0.019564
v 0.071332 -0.011410 -0.030934
v 0.071293 -0.011350 -0.028998
v 0.071291 -0.011345 -0.027000
v 0.071291 -0.011345 -0.025000
v 0.071290 -0.011344 -0.023000
v 0.071256 -0.011313 -0.021002
v 0.070951 -0.010984 -0.019020
v 0.070335 -0.010507 -0.017717
v 0.071492 -0.009000 -0.018536
v 0.070490 -0.008954 -0.017500
v 0.071560 -0.007000 -0.018435
v 0.070514 -0.006998 -0.017469
v 0.071563 -0.005000 -0.018426
v 0.070515 -0.005000 -0.017468
v 0.071563 -0.003000 -0.018426
v 0.070515 -0.003000 -0.017468
v 0.071564 -0.001000 -0.018425
v 0.070515 -0.001000 -0.017467
v 0.073024 -0.010940 -0.030950
v 0.073026 -0.010726 -0.028999
v 0.073026 -0.010696 -0.027000
v 0.073026 -0.010694 -0.025000
v 0.073026 -0.010692 -0.023002
v 0.073024 -0.010654 -0.021071
v 0.072993 -0.010271 -0.019654
v 0.073056 -0.008921 -0.019099
v 0.073061 -0.006997 -0.018945
v 0.073061 -0.005000 -0.018930
v 0.073061 -0.003000 -0.018929
v 0.073061 -0.001000 -0.018928
v 0.075456 -0.015580 -0.031593
v 0.075648 -0.012370 -0.031717
v 0.074942 -0.011352 -0.030977
v 0.075003 -0.010782 -0.029007
v 0.075001 -0.010623 -0.027001
v 0.075001 -0.010605 -0.025000
v 0.075001 -0.010602 -0.023002
v 0.075001 -0.010564 -0.021077
v 0.075000 -0.010182 -0.019730
v 0.075002 -0.008914 -0.019171
v 0.075002 -0.006997 -0.019013
v 0.075002 -0.005000 -0.018997
v 0.075002 -0.003000 -0.018997
v 0.075002 -0.001000 -0.018997
v 0.076935 -0.014979 -0.030940
v 0.077646 -0.015652 -0.029654
v 0.076993 -0.013016 -0.031006
v 0.077971 -0.012032 -0.031970
v 0.077728 -0.012336 -0.029797
v 0.077971 -0.011991 -0.031970
v 0.076389 -0.011699 -0.030394
v 0.077039 -0.011289 -0.029014
v 0.077003 -0.010726 -0.027003
v 0.076999 -0.010605 -0.025000
v 0.076999 -0.010586 -0.023002
v 0.077000 -0.010545 -0.021078
v 0.077001 -0.010171 -0.019742
v 0.077000 -0.008913 -0.019184
v 0.077000 -0.006997 -0.019017
v 0.077000 -0.005000 -0.019000
v 0.077000 -0.003000 -0.019000
v 0.077000 -0.001000 -0.019000
v 0.079649 -0.015607 -0.031638
v 0.078268 -0.014468 -0.030261
v 0.078926 -0.014936 -0.028918
v 0.079449 -0.015442 -0.026990
v 0.079636 -0.015637 -0.025000
v 0.079747 -0.015749 -0.023000
v 0.079827 -0.015826 -0.021002
v 0.079906 -0.015897 -0.019078
v 0.079956 -0.015945 -0.017707
v 0.078019 -0.012032 -0.031970
v 0.078279 -0.013552 -0.030337
v 0.078954 -0.013028 -0.029369
v 0.078019 -0.011991 -0.031970
v 0.078901 -0.011678 -0.028548
v 0.078928 -0.010995 -0.026954
v 0.078966 -0.010656 -0.024999
v 0.078977 -0.010565 -0.023003
v 0.078984 -0.010517 -0.021081
v 0.079015 -0.010195 -0.019723
v 0.079003 -0.008915 -0.019182
v 0.079001 -0.006998 -0.019023
v 0.079000 -0.005000 -0.019001
v 0.079000 -0.003000 -0.019000
v 0.079000 -0.001000 -0.019000
v 0.069203 -0.014931 -0.015000
v 0.069199 -0.014933 -0.013000
v 0.069199 -0.014934 -0.011000
v 0.069199 -0.014936 -0.009000
v 0.069199 -0.014938 -0.007000
v 0.069199 -0.014940 -0.005000
v 0.069199 -0.014941 -0.003000
v 0.069199 -0.014942 -0.001000
v 0.069170 -0.012999 -0.015000
v 0.069149 -0.012998 -0.013000
v 0.069149 -0.012998 -0.011000
v 0.069149 -0.012998 -0.009000
v 0.069149 -0.012998 -0.007000
v 0.069149 -0.012998 -0.005000
v 0.069149 -0.012998 -0.003000
v 0.069149 -0.012998 -0.001000
v 0.069202 -0.011016 -0.014995
v 0.069149 -0.011001 -0.013000
v 0.069147 -0.011000 -0.011000
v 0.069147 -0.011000 -0.009000
v 0.069147 -0.011000 -0.007000
v 0.069147 -0.011000 -0.005000
v 0.069147 -0.011000 -0.003000
v 0.069147 -0.011000 -0.001000
v 0.069199 -0.009001 -0.014940
v 0.069149 -0.009000 -0.012998
v 0.069147 -0.009000 -0.011000
v 0.069147 -0.009000 -0.009000
v 0.069147 -0.009000 -0.007000
v 0.069147 -0.009000 -0.005000
v 0.069147 -0.009000 -0.003000
v 0.069147 -0.009000 -0.001000
v 0.069199 -0.007000 -0.014936
v 0.069149 -0.007000 -0.012998
v 0.069147 -0.007000 -0.011000
v 0.069147 -0.007000 -0.009000
v 0.069147 -0.007000 -0.007000
v 0.069147 -0.007000 -0.005000
v 0.069147 -0.007000 -0.003000
v 0.069147 -0.007000 -0.001000
v 0.069199 -0.005000 -0.014936
v 0.069149 -0.005000 -0.012998
v 0.069147 -0.005000 -0.011000
v 0.069147 -0.005000 -0.009000
v 0.069147 -0.005000 -0.007000
v 0.069147 -0.005000 -0.005000
v 0.069147 -0.005000 -0.003000
v 0.069147 -0.005000 -0.001000
v 0.069199 -0.003000 -0.014936
v 0.069149 -0.003000 -0.012998
v 0.069148 -0.003000 -0.011000
v 0.069147 -0.003000 -0.009000
v 0.069147 -0.003000 -0.007000
v 0.069147 -0.003000 -0.005000
v 0.069147 -0.003000 -0.003000
v 0.069147 -0.003000 -0.001000
v 0.069207 -0.001000 -0.014936
v 0.069165 -0.001002 -0.012998
v 0.069161 -0.001002 -0.011000
v 0.069153 -0.001000 -0.009000
v 0.069147 -0.001000 -0.007000
v 0.069147 -0.001000 -0.005000
v 0.069147 -0.001000 -0.003000
v 0.069147 -0.001000 -0.001000
v 0.079914 -0.008252 -0.012206
v 0.079875 -0.008253 -0.011708
v 0.079784 -0.006926 -0.012290
v 0.079739 -0.006925 -0.011613
v 0.079762 -0.004998 -0.012308
v 0.079718 -0.004998 -0.011585
v 0.079761 -0.003000 -0.012299
v 0.079716 -0.003001 -0.011507
v 0.079751 -0.001001 -0.012256
v 0.079679 -0.001023 -0.011246
v 0.079977 -0.017884 -0.028091
v 0.080071 -0.018011 -0.026895
v 0.080152 -0.018085 -0.024996
v 0.080227 -0.018151 -0.022999
v 0.080300 -0.018211 -0.021000
v 0.080366 -0.018265 -0.019000
v 0.080426 -0.018312 -0.017000
v 0.080263 -0.016261 -0.030268
v 0.080790 -0.016789 -0.028709
v 0.081062 -0.017077 -0.026961
v 0.081171 -0.017194 -0.024999
v 0.081256 -0.017284 -0.023000
v 0.081335 -0.017367 -0.021000
v 0.081407 -0.017440 -0.019000
v 0.081473 -0.017506 -0.017000
v 0.080018 -0.016012 -0.016366
v 0.081883 -0.015979 -0.028102
v 0.082021 -0.016088 -0.026897
v 0.082106 -0.016178 -0.024996
v 0.082180 -0.016261 -0.023000
v 0.082250 -0.016338 -0.021000
v 0.082314 -0.016406 -0.019000
v 0.082376 -0.016468 -0.017000
v 0.080485 -0.018359 -0.015000
v 0.080540 -0.018403 -0.013000
v 0.080587 -0.018441 -0.011000
v 0.080629 -0.018475 -0.009000
v 0.080668 -0.018509 -0.007000
v 0.080694 -0.018536 -0.005000
v 0.080711 -0.018556 -0.003000
v 0.080726 -0.018575 -0.001000
v 0.080074 -0.016079 -0.014932
v 0.081539 -0.017570 -0.015000
v 0.080132 -0.016145 -0.012998
v 0.081600 -0.017625 -0.012999
v 0.080174 -0.016190 -0.011000
v 0.081650 -0.017671 -0.011000
v 0.080210 -0.016220 -0.009000
v 0.081695 -0.017706 -0.009000
v 0.080242 -0.016242 -0.007000
v 0.081735 -0.017737 -0.007000
v 0.080274 -0.016237 -0.005001
v 0.081764 -0.017763 -0.005000
v 0.080269 -0.016268 -0.003000
v 0.081782 -0.017780 -0.003000
v 0.080277 -0.016279 -0.001000
v 0.081797 -0.017793 -0.001000
v 0.082446 -0.016526 -0.014999
v 0.082532 -0.016557 -0.012983
v 0.082574 -0.016628 -0.010999
v 0.082602 -0.016669 -0.009000
v 0.082626 -0.016704 -0.007000
v 0.082646 -0.016733 -0.005000
v 0.082657 -0.016751 -0.003000
v 0.082664 -0.016766 -0.001000
v 0.080146 -0.014276 -0.032176
v 0.080455 -0.012927 -0.032501
v 0.079982 -0.009837 -0.037838
v 0.080144 -0.010102 -0.036859
v 0.080550 -0.010509 -0.035002
v 0.081084 -0.011054 -0.033046
v 0.080726 -0.008733 -0.037901
v 0.081193 -0.009310 -0.036881
v 0.081589 -0.009691 -0.035057
v 0.081851 -0.009894 -0.033591
v 0.080952 -0.006953 -0.037994
v 0.080997 -0.004997 -0.038000
v 0.081000 -0.003000 -0.038000
v 0.081000 -0.001000 -0.038000
v 0.082052 -0.010211 -0.032238
v 0.082010 -0.007991 -0.037841
v 0.082456 -0.008379 -0.036877
v 0.082867 -0.008771 -0.034990
v 0.082812 -0.009131 -0.032937
v 0.082755 -0.006755 -0.037901
v 0.083457 -0.007456 -0.036880
v 0.083902 -0.007905 -0.034996
v 0.083943 -0.007997 -0.032992
v 0.082953 -0.004953 -0.037994
v 0.082994 -0.002998 -0.038000
v 0.082996 -0.001000 -0.038000
v 0.083993 -0.006010 -0.037841
v 0.084387 -0.006462 -0.036878
v 0.084734 -0.006870 -0.034996
v 0.084777 -0.006925 -0.033000
v 0.084734 -0.004731 -0.037901
v 0.085316 -0.005226 -0.036880
v 0.085644 -0.005472 -0.034996
v 0.085685 -0.005500 -0.033000
v 0.084860 -0.002972 -0.037993
v 0.084879 -0.000999 -0.037996
v 0.085828 -0.003993 -0.037840
v 0.086017 -0.004191 -0.036878
v 0.086143 -0.004364 -0.034996
v 0.086157 -0.004388 -0.033000
v 0.085905 -0.002887 -0.037878
v 0.086236 -0.002908 -0.036879
v 0.086454 -0.002931 -0.034996
v 0.086482 -0.002933 -0.033000
v 0.085918 -0.000996 -0.037879
v 0.086328 -0.000997 -0.036879
v 0.086623 -0.000998 -0.034996
v 0.086661 -0.000998 -0.033000
v 0.080883 -0.014808 -0.030832
v 0.081498 -0.015422 -0.029418
v 0.080046 -0.014218 -0.028223
v 0.080319 -0.014426 -0.026918
v 0.080488 -0.014579 -0.024997
v 0.080592 -0.014684 -0.023000
v 0.080688 -0.014755 -0.021000
v 0.080768 -0.014836 -0.019002
v 0.080698 -0.015133 -0.017025
v 0.081334 -0.013025 -0.031202
v 0.080121 -0.013019 -0.028404
v 0.080686 -0.013008 -0.026938
v 0.081088 -0.012990 -0.024998
v 0.081267 -0.012994 -0.023000
v 0.081400 -0.012991 -0.020996
v 0.081691 -0.012959 -0.018976
v 0.081781 -0.013519 -0.016999
v 0.081616 -0.011529 -0.031587
v 0.079982 -0.011981 -0.028234
v 0.080288 -0.011665 -0.026925
v 0.080584 -0.011382 -0.024998
v 0.080693 -0.011299 -0.023000
v 0.080768 -0.011261 -0.021010
v 0.081140 -0.010933 -0.019115
v 0.081693 -0.010517 -0.017918
v 0.081050 -0.009072 -0.018755
v 0.081678 -0.009728 -0.017870
v 0.081021 -0.007024 -0.019014
v 0.081002 -0.005001 -0.019004
v 0.081000 -0.003000 -0.019001
v 0.081000 -0.001000 -0.019000
v 0.081898 -0.014109 -0.029991
v 0.082194 -0.014764 -0.028770
v 0.082554 -0.014877 -0.026976
v 0.082672 -0.014905 -0.024999
v 0.082744 -0.014917 -0.023000
v 0.082801 -0.014926 -0.021000
v 0.082821 -0.014928 -0.018995
v 0.082896 -0.014986 -0.016999
v 0.082070 -0.012885 -0.030198
v 0.082540 -0.012974 -0.028888
v 0.082875 -0.012995 -0.026995
v 0.082927 -0.012996 -0.024999
v 0.082956 -0.012997 -0.023000
v 0.082946 -0.012989 -0.020995
v 0.082600 -0.012976 -0.018968
v 0.082562 -0.013499 -0.016995
v 0.083946 -0.012063 -0.016108
v 0.082216 -0.010892 -0.030851
v 0.082588 -0.010990 -0.028984
v 0.082802 -0.011002 -0.026998
v 0.082857 -0.010981 -0.024982
v 0.082886 -0.011003 -0.022998
v 0.082880 -0.010995 -0.020990
v 0.082429 -0.011045 -0.019044
v 0.083946 -0.012001 -0.016108
v 0.082245 -0.010536 -0.017907
v 0.083076 -0.009111 -0.030980
v 0.083196 -0.009115 -0.028998
v 0.083299 -0.009093 -0.026984
v 0.083466 -0.008892 -0.024857
v 0.083391 -0.009083 -0.022973
v 0.083426 -0.008897 -0.020941
v 0.082610 -0.009087 -0.019070
v 0.082270 -0.009730 -0.017910
v 0.083974 -0.007992 -0.030999
v 0.083986 -0.007992 -0.029002
v 0.083997 -0.007992 -0.027043
v 0.084005 -0.007995 -0.025462
v 0.083881 -0.007877 -0.020305
v 0.083117 -0.007165 -0.019400
v 0.083024 -0.005016 -0.019102
v 0.082998 -0.003001 -0.019025
v 0.082997 -0.001000 -0.019013
v 0.083997 -0.012063 -0.016108
v 0.083997 -0.012001 -0.016108
v 0.084012 -0.008004 -0.024125
v 0.084022 -0.008013 -0.022958
v 0.084017 -0.008013 -0.021578
v 0.084779 -0.006927 -0.031000
v 0.084779 -0.006927 -0.028999
v 0.084764 -0.006950 -0.026984
v 0.084624 -0.007148 -0.024857
v 0.084753 -0.006981 -0.022975
v 0.084584 -0.007113 -0.021003
v 0.084384 -0.006562 -0.019795
v 0.085687 -0.005501 -0.031000
v 0.085687 -0.005501 -0.029000
v 0.085686 -0.005502 -0.026999
v 0.085670 -0.005524 -0.024982
v 0.085681 -0.005503 -0.023000
v 0.085579 -0.005468 -0.021056
v 0.084975 -0.004930 -0.019616
v 0.084917 -0.002993 -0.019249
v 0.084919 -0.001000 -0.019155
v 0.086157 -0.004389 -0.031000
v 0.086157 -0.004389 -0.029000
v 0.086157 -0.004389 -0.027000
v 0.086156 -0.004389 -0.024999
v 0.086157 -0.004388 -0.023003
v 0.086140 -0.004371 -0.021099
v 0.085980 -0.004217 -0.019948
v 0.086483 -0.002933 -0.031000
v 0.086483 -0.002933 -0.029000
v 0.086483 -0.002933 -0.027000
v 0.086483 -0.002933 -0.025000
v 0.086482 -0.002933 -0.023003
v 0.086451 -0.002932 -0.021083
v 0.086124 -0.002918 -0.019788
v 0.086663 -0.000998 -0.031000
v 0.086663 -0.000998 -0.029000
v 0.086663 -0.000998 -0.027000
v 0.086663 -0.000998 -0.025000
v 0.086661 -0.000998 -0.023002
v 0.086620 -0.000998 -0.021074
v 0.086210 -0.000997 -0.019713
v 0.080949 -0.014981 -0.015001
v 0.081054 -0.014982 -0.013000
v 0.081119 -0.014998 -0.011000
v 0.081175 -0.015011 -0.009000
v 0.081241 -0.015003 -0.007003
v 0.081408 -0.014829 -0.005007
v 0.081293 -0.015032 -0.002998
v 0.081293 -0.015068 -0.001000
v 0.081854 -0.013670 -0.014999
v 0.081943 -0.013728 -0.012986
v 0.081934 -0.013780 -0.010999
v 0.081956 -0.013856 -0.009004
v 0.081983 -0.013936 -0.007074
v 0.082000 -0.013982 -0.005680
v 0.081745 -0.010348 -0.012201
v 0.081644 -0.010488 -0.011021
v 0.081953 -0.010304 -0.009869
v 0.081071 -0.008904 -0.012355
v 0.080804 -0.008914 -0.011079
v 0.081739 -0.008940 -0.009744
v 0.081089 -0.007013 -0.012599
v 0.080641 -0.006996 -0.010678
v 0.081638 -0.006999 -0.009617
v 0.081074 -0.005001 -0.012653
v 0.080630 -0.005000 -0.010614
v 0.081633 -0.004999 -0.009587
v 0.081079 -0.002995 -0.012622
v 0.080608 -0.003004 -0.010519
v 0.081654 -0.002994 -0.009475
v 0.081010 -0.001011 -0.012539
v 0.080368 -0.001115 -0.010227
v 0.081317 -0.001086 -0.008919
v 0.081576 -0.000582 -0.006991
v 0.081606 -0.000515 -0.005000
v 0.081606 -0.000502 -0.003000
v 0.081605 -0.000494 -0.001000
v 0.083059 -0.014989 -0.014983
v 0.083421 -0.014785 -0.012824
v 0.083499 -0.015105 -0.010979
v 0.083526 -0.015200 -0.008999
v 0.083549 -0.015266 -0.007000
v 0.083568 -0.015311 -0.005000
v 0.082037 -0.014005 -0.004340
v 0.082080 -0.014016 -0.002929
v 0.083578 -0.015338 -0.003000
v 0.082125 -0.014030 -0.000997
v 0.083585 -0.015358 -0.001000
v 0.082694 -0.013610 -0.014985
v 0.083946 -0.012063 -0.015900
v 0.083112 -0.013115 -0.012824
v 0.082730 -0.012777 -0.010986
v 0.082719 -0.012758 -0.009037
v 0.082749 -0.012902 -0.007006
v 0.082626 -0.013140 -0.005007
v 0.082800 -0.012906 -0.003009
v 0.082831 -0.012888 -0.001001
v 0.083946 -0.012001 -0.015900
v 0.083095 -0.011135 -0.012208
v 0.082738 -0.011513 -0.010964
v 0.083616 -0.010734 -0.010977
v 0.083173 -0.011086 -0.009366
v 0.083607 -0.011610 -0.007038
v 0.083634 -0.011583 -0.005014
v 0.083598 -0.011023 -0.003081
v 0.083354 -0.010994 -0.001011
v 0.082777 -0.009038 -0.012304
v 0.083640 -0.009054 -0.011089
v 0.083151 -0.009037 -0.009103
v 0.083630 -0.008593 -0.007009
v 0.083680 -0.008616 -0.005012
v 0.083617 -0.009054 -0.003081
v 0.083355 -0.009011 -0.001011
v 0.083082 -0.007135 -0.012368
v 0.083846 -0.007869 -0.011769
v 0.082665 -0.007010 -0.008591
v 0.083268 -0.006969 -0.006955
v 0.083332 -0.006972 -0.004999
v 0.083317 -0.007011 -0.003011
v 0.083280 -0.007001 -0.001001
v 0.082936 -0.005012 -0.012531
v 0.082648 -0.004985 -0.008573
v 0.083243 -0.005025 -0.006954
v 0.083307 -0.005023 -0.004998
v 0.083302 -0.005022 -0.003000
v 0.083295 -0.005019 -0.001000
v 0.082985 -0.002966 -0.012275
v 0.083531 -0.002417 -0.010920
v 0.083070 -0.002904 -0.008977
v 0.083600 -0.003360 -0.006995
v 0.083658 -0.003368 -0.005000
v 0.083657 -0.003346 -0.003000
v 0.083655 -0.003330 -0.001000
v 0.082386 -0.001081 -0.012170
v 0.082823 -0.001013 -0.010905
v 0.082418 -0.001076 -0.008942
v 0.082219 -0.000622 -0.006992
v 0.082210 -0.000558 -0.005000
v 0.082216 -0.000544 -0.003000
v 0.082222 -0.000536 -0.001000
v 0.083930 -0.013983 -0.012065
v 0.083974 -0.014051 -0.010897
v 0.084006 -0.014118 -0.008996
v 0.084036 -0.014180 -0.007000
v 0.084056 -0.014222 -0.005000
v 0.084069 -0.014245 -0.003000
v 0.084079 -0.014264 -0.001000
v 0.083997 -0.012063 -0.015900
v 0.083930 -0.012996 -0.012210
v 0.084067 -0.012975 -0.010917
v 0.084117 -0.012971 -0.008999
v 0.084161 -0.012970 -0.007000
v 0.084193 -0.012964 -0.005001
v 0.084221 -0.012914 -0.003011
v 0.084253 -0.012917 -0.001001
v 0.083997 -0.012001 -0.015900
v 0.083900 -0.011903 -0.012141
v 0.084012 -0.011755 -0.010921
v 0.083990 -0.011701 -0.009035
v 0.084064 -0.011675 -0.007003
v 0.084090 -0.011566 -0.005012
v 0.084169 -0.011023 -0.003081
v 0.084353 -0.010995 -0.001011
v 0.084126 -0.008375 -0.010524
v 0.084159 -0.008527 -0.008965
v 0.084247 -0.008545 -0.007000
v 0.084272 -0.008614 -0.005012
v 0.084308 -0.009054 -0.003081
v 0.084526 -0.009011 -0.001011
v 0.084033 -0.006527 -0.012062
v 0.084271 -0.007084 -0.011056
v 0.084483 -0.006976 -0.009013
v 0.084555 -0.006966 -0.007001
v 0.084592 -0.006972 -0.005001
v 0.084619 -0.007011 -0.003011
v 0.084661 -0.007001 -0.001001
v 0.084092 -0.005022 -0.012130
v 0.084408 -0.005055 -0.010926
v 0.084505 -0.005035 -0.008998
v 0.084559 -0.005028 -0.007000
v 0.084593 -0.005023 -0.005000
v 0.084616 -0.005022 -0.003000
v 0.084634 -0.005019 -0.001000
v 0.084007 -0.003658 -0.012030
v 0.084183 -0.003429 -0.010900
v 0.084166 -0.003411 -0.008993
v 0.084247 -0.003407 -0.007000
v 0.084269 -0.003370 -0.005000
v 0.084281 -0.003346 -0.003000
v 0.084290 -0.003330 -0.001000
v 0.001834 -0.018057 0.000998
v 0.001878 -0.018025 0.002954
v 0.001938 -0.017976 0.004521
v 0.000835 -0.017014 0.001001
v 0.000903 -0.017030 0.003015
v 0.001164 -0.017194 0.005131
v 0.001039 -0.016947 0.007019
v 0.001049 -0.016789 0.008976
v 0.001013 -0.016453 0.010836
v 0.001499 -0.016295 0.012924
v 0.001788 -0.016092 0.014435
v 0.003094 -0.018658 0.001001
v 0.003079 -0.018584 0.003015
v 0.002904 -0.018386 0.005131
v 0.003246 -0.018340 0.007018
v 0.003529 -0.018203 0.008938
v 0.003796 -0.018060 0.010396
v 0.002028 -0.017922 0.005861
v 0.002157 -0.017852 0.007100
v 0.002447 -0.017720 0.009006
v 0.002986 -0.017579 0.011032
v 0.003036 -0.017124 0.013015
v 0.002959 -0.016527 0.015043
v 0.005003 -0.019174 0.001000
v 0.005002 -0.019109 0.003001
v 0.004983 -0.018981 0.005016
v 0.005020 -0.018814 0.007001
v 0.005051 -0.018573 0.009002
v 0.005026 -0.018243 0.010993
v 0.005604 -0.018084 0.012364
v 0.004275 -0.017921 0.011739
v 0.004897 -0.017743 0.013085
v 0.004960 -0.017210 0.015030
v 0.006999 -0.019473 0.001000
v 0.006999 -0.019417 0.003000
v 0.007000 -0.019307 0.005000
v 0.007001 -0.019144 0.007000
v 0.007001 -0.018918 0.009001
v 0.006998 -0.018614 0.011004
v 0.007043 -0.018247 0.012956
v 0.007662 -0.018071 0.014305
v 0.006311 -0.017922 0.013692
v 0.006936 -0.017698 0.015043
v 0.008955 -0.019724 0.001000
v 0.008972 -0.019677 0.003000
v 0.009012 -0.019589 0.004995
v 0.008999 -0.019446 0.007000
v 0.009000 -0.019250 0.009000
v 0.009000 -0.018988 0.011000
v 0.009006 -0.018642 0.012995
v 0.009084 -0.018245 0.014915
v 0.008368 -0.017883 0.015634
v 0.011689 -0.020044 0.000997
v 0.011801 -0.020028 0.002918
v 0.011925 -0.020007 0.004266
v 0.010572 -0.019917 0.001000
v 0.010710 -0.019894 0.002992
v 0.011067 -0.019865 0.004956
v 0.010949 -0.019730 0.006998
v 0.011000 -0.019572 0.009012
v 0.010998 -0.019351 0.011001
v 0.011001 -0.019053 0.013000
v 0.011016 -0.018670 0.014987
v 0.013076 -0.020195 0.001000
v 0.013079 -0.020170 0.002992
v 0.012984 -0.020105 0.004955
v 0.013462 -0.020082 0.006945
v 0.013751 -0.020038 0.008475
v 0.012152 -0.019977 0.005607
v 0.012407 -0.019933 0.007074
v 0.012954 -0.019873 0.009101
v 0.012933 -0.019689 0.011016
v 0.013001 -0.019451 0.013002
v 0.013002 -0.019110 0.015000
v 0.015002 -0.020398 0.001000
v 0.015002 -0.020379 0.003000
v 0.014992 -0.020336 0.004995
v 0.015032 -0.020275 0.007010
v 0.014926 -0.020158 0.009097
v 0.015428 -0.020105 0.010945
v 0.015773 -0.020035 0.012347
v 0.014072 -0.019991 0.009815
v 0.014368 -0.019927 0.011093
v 0.014975 -0.019820 0.013016
v 0.014991 -0.019526 0.015023
v 0.003482 -0.016249 0.016577
v 0.004884 -0.016518 0.017105
v 0.005453 -0.016168 0.018378
v 0.006990 -0.017083 0.017013
v 0.007103 -0.016373 0.018935
v 0.007773 -0.016028 0.020116
v 0.009719 -0.018054 0.016260
v 0.008979 -0.017617 0.017007
v 0.009021 -0.016921 0.018930
v 0.009075 -0.016272 0.020464
v 0.011134 -0.018235 0.016880
v 0.011796 -0.018021 0.018187
v 0.010438 -0.017833 0.017587
v 0.011027 -0.017499 0.018964
v 0.010940 -0.016598 0.021025
v 0.011561 -0.016168 0.022336
v 0.013031 -0.018672 0.016977
v 0.013210 -0.018199 0.018822
v 0.013876 -0.017976 0.020050
v 0.012548 -0.017758 0.019510
v 0.013138 -0.017375 0.020908
v 0.013139 -0.016437 0.022905
v 0.013783 -0.015999 0.024128
v 0.014999 -0.019133 0.016998
v 0.015023 -0.018641 0.018925
v 0.015085 -0.018186 0.020433
v 0.014926 -0.017725 0.021498
v 0.014997 -0.017058 0.023001
v 0.015073 -0.016317 0.024483
v 0.000305 -0.015375 0.011426
v 0.000559 -0.015096 0.013045
v 0.001072 -0.015147 0.015056
v 0.000014 -0.000884 0.001000
v 0.000014 -0.000884 0.003000
v 0.000014 -0.000884 0.005000
v 0.000014 -0.000884 0.007000
v 0.000014 -0.000884 0.009000
v 0.000014 -0.000884 0.011000
v 0.000014 -0.000884 0.013000
v 0.000014 -0.000884 0.015000
v 0.002182 -0.015876 0.015802
v 0.001052 -0.014525 0.016816
v 0.001583 -0.014216 0.018431
v 0.000414 -0.013374 0.017411
v 0.000853 -0.012939 0.018948
v 0.001382 -0.012495 0.020531
v 0.000232 -0.011442 0.019440
v 0.000783 -0.010985 0.020977
v 0.001490 -0.010485 0.022383
v 0.000319 -0.009408 0.021426
v 0.001057 -0.008750 0.022828
v 0.001923 -0.008163 0.023949
v 0.000729 -0.006964 0.023010
v 0.001718 -0.006906 0.024167
v 0.000474 -0.005000 0.023047
v 0.001472 -0.004998 0.024366
v 0.000334 -0.003026 0.023037
v 0.001346 -0.003020 0.024489
v 0.000014 -0.000884 0.017000
v 0.000015 -0.000885 0.018999
v 0.000036 -0.000909 0.020972
v 0.000246 -0.001182 0.022743
v 0.001276 -0.001022 0.024496
v 0.002796 -0.015637 0.017222
v 0.002908 -0.014770 0.019077
v 0.003499 -0.014254 0.020445
v 0.002126 -0.013798 0.019823
v 0.002762 -0.013175 0.021193
v 0.003449 -0.012461 0.022369
v 0.002066 -0.011884 0.021885
v 0.002921 -0.011095 0.023074
v 0.003690 -0.010232 0.024052
v 0.002357 -0.009516 0.023625
v 0.003107 -0.008835 0.024362
v 0.003079 -0.006985 0.024923
v 0.002978 -0.005022 0.025298
v 0.003055 -0.003152 0.025580
v 0.003878 -0.002552 0.026040
v 0.002762 -0.001018 0.025538
v 0.003825 -0.000959 0.026073
v 0.004083 -0.015979 0.017906
v 0.004795 -0.015595 0.019110
v 0.005100 -0.014578 0.020967
v 0.005776 -0.014030 0.022060
v 0.004401 -0.013714 0.021717
v 0.005082 -0.013046 0.022691
v 0.004893 -0.011693 0.023685
v 0.005052 -0.010613 0.024394
v 0.004995 -0.008964 0.025075
v 0.004933 -0.007021 0.025668
v 0.005704 -0.006356 0.026094
v 0.004290 -0.005104 0.025876
v 0.005347 -0.004953 0.026240
v 0.004036 -0.003892 0.025976
v 0.004907 -0.003150 0.026326
v 0.005072 -0.001017 0.026484
v 0.006408 -0.015821 0.019670
v 0.007077 -0.015326 0.020901
v 0.007081 -0.014293 0.022369
v 0.006797 -0.013056 0.023461
v 0.007435 -0.012395 0.024281
v 0.006086 -0.011984 0.023999
v 0.006818 -0.011138 0.024773
v 0.006845 -0.009160 0.025667
v 0.007558 -0.008458 0.026179
v 0.006236 -0.007710 0.025927
v 0.006996 -0.006974 0.026379
v 0.007040 -0.004988 0.026780
v 0.006964 -0.003018 0.026981
v 0.006972 -0.001001 0.027078
v 0.008929 -0.015639 0.021528
v 0.009047 -0.014644 0.023003
v 0.009753 -0.014074 0.024079
v 0.008388 -0.013650 0.023730
v 0.009064 -0.012965 0.024629
v 0.008814 -0.011188 0.025614
v 0.009503 -0.010493 0.026255
v 0.008172 -0.009811 0.025955
v 0.008951 -0.009041 0.026542
v 0.008942 -0.007000 0.027099
v 0.009088 -0.004910 0.027557
v 0.009958 -0.004197 0.028012
v 0.008779 -0.002986 0.027629
v 0.009873 -0.002908 0.028068
v 0.008691 -0.001000 0.027671
v 0.009807 -0.000997 0.028100
v 0.010208 -0.015928 0.021875
v 0.010879 -0.015449 0.023027
v 0.011062 -0.014418 0.024434
v 0.010837 -0.013083 0.025489
v 0.011523 -0.012411 0.026329
v 0.010153 -0.011825 0.025948
v 0.010904 -0.011052 0.026685
v 0.010986 -0.009006 0.027469
v 0.011822 -0.008314 0.028085
v 0.010459 -0.007051 0.027738
v 0.011516 -0.006915 0.028263
v 0.010174 -0.005538 0.027915
v 0.010998 -0.004907 0.028374
v 0.011106 -0.002982 0.028606
v 0.011085 -0.000999 0.028662
v 0.012431 -0.015715 0.023652
v 0.013038 -0.014997 0.024973
v 0.013675 -0.014206 0.026264
v 0.012294 -0.013732 0.025822
v 0.013104 -0.012870 0.026932
v 0.013972 -0.012115 0.027933
v 0.012545 -0.011066 0.027550
v 0.013623 -0.010899 0.028242
v 0.012194 -0.009655 0.027885
v 0.013007 -0.009001 0.028509
v 0.012984 -0.006996 0.028973
v 0.012918 -0.004987 0.029274
v 0.013099 -0.002968 0.029547
v 0.013978 -0.002287 0.030014
v 0.012892 -0.000986 0.029507
v 0.013958 -0.000978 0.030029
v 0.014934 -0.015561 0.025545
v 0.015190 -0.014535 0.026915
v 0.015895 -0.013970 0.027956
v 0.014573 -0.013386 0.027500
v 0.015233 -0.012763 0.028330
v 0.015011 -0.010998 0.029013
v 0.014952 -0.009153 0.029558
v 0.015753 -0.008556 0.030166
v 0.014433 -0.007020 0.029731
v 0.015513 -0.006959 0.030339
v 0.014169 -0.005067 0.029897
v 0.015276 -0.004994 0.030487
v 0.014047 -0.003624 0.029979
v 0.014910 -0.002968 0.030457
v 0.015053 -0.000986 0.030583
v 0.017000 -0.020595 0.001000
v 0.017000 -0.020582 0.003000
v 0.017000 -0.020555 0.005000
v 0.017000 -0.020509 0.007001
v 0.016986 -0.020434 0.009012
v 0.017035 -0.020332 0.010999
v 0.016994 -0.020166 0.012980
v 0.017536 -0.020088 0.014565
v 0.016231 -0.019965 0.013712
v 0.016840 -0.019871 0.015218
v 0.019000 -0.020733 0.001000
v 0.019000 -0.020727 0.003000
v 0.019000 -0.020714 0.005000
v 0.019000 -0.020691 0.007000
v 0.018999 -0.020652 0.009000
v 0.019000 -0.020583 0.011001
v 0.018975 -0.020456 0.013020
v 0.018893 -0.020240 0.015154
v 0.018035 -0.020002 0.015902
v 0.021000 -0.020796 0.001000
v 0.021000 -0.020794 0.003000
v 0.021000 -0.020789 0.005000
v 0.021000 -0.020782 0.007000
v 0.021000 -0.020768 0.009000
v 0.021000 -0.020740 0.011000
v 0.020998 -0.020680 0.013002
v 0.020984 -0.020555 0.015018
v 0.023000 -0.020828 0.001000
v 0.023000 -0.020827 0.003000
v 0.023000 -0.020823 0.005000
v 0.023000 -0.020818 0.007000
v 0.023000 -0.020811 0.009000
v 0.023000 -0.020800 0.011000
v 0.023000 -0.020780 0.013000
v 0.022999 -0.020728 0.015001
v 0.025000 -0.020858 0.001000
v 0.025000 -0.020856 0.003000
v 0.025000 -0.020852 0.005000
v 0.025000 -0.020846 0.007000
v 0.025000 -0.020840 0.009000
v 0.025000 -0.020830 0.011000
v 0.025000 -0.020816 0.013000
v 0.025000 -0.020794 0.015000
v 0.027000 -0.020888 0.001000
v 0.027000 -0.020885 0.003000
v 0.027000 -0.020880 0.005000
v 0.027000 -0.020874 0.007000
v 0.027000 -0.020868 0.009000
v 0.027000 -0.020857 0.011000
v 0.027000 -0.020842 0.013000
v 0.027000 -0.020825 0.015000
v 0.029000 -0.020917 0.001000
v 0.029000 -0.020914 0.003000
v 0.029000 -0.020908 0.005000
v 0.029000 -0.020902 0.007000
v 0.029000 -0.020896 0.009000
v 0.029000 -0.020884 0.011000
v 0.029000 -0.020868 0.013000
v 0.029000 -0.020850 0.015000
v 0.031000 -0.020947 0.001000
v 0.031000 -0.020943 0.003000
v 0.031000 -0.020937 0.005000
v 0.031000 -0.020931 0.007000
v 0.031000 -0.020923 0.009000
v 0.031000 -0.020911 0.011000
v 0.031000 -0.020894 0.013000
v 0.031000 -0.020875 0.015000
v 0.016929 -0.019561 0.017025
v 0.017002 -0.019114 0.018994
v 0.016899 -0.018468 0.021056
v 0.017517 -0.018162 0.022396
v 0.016174 -0.017965 0.021892
v 0.016830 -0.017633 0.023120
v 0.016891 -0.016682 0.025064
v 0.017527 -0.016201 0.026368
v 0.019507 -0.020110 0.016918
v 0.019916 -0.019989 0.018078
v 0.018440 -0.019876 0.017085
v 0.019124 -0.019637 0.018873
v 0.019007 -0.019027 0.020999
v 0.019066 -0.018373 0.022959
v 0.019707 -0.018064 0.024188
v 0.018350 -0.017864 0.023705
v 0.019017 -0.017455 0.025007
v 0.019096 -0.016483 0.026936
v 0.019744 -0.016023 0.028160
v 0.021054 -0.020357 0.016944
v 0.021083 -0.020117 0.018477
v 0.020917 -0.019859 0.019543
v 0.020977 -0.019461 0.021065
v 0.021005 -0.018858 0.022959
v 0.021059 -0.018277 0.024550
v 0.020908 -0.017769 0.025611
v 0.020992 -0.017094 0.027019
v 0.021066 -0.016331 0.028519
v 0.022984 -0.020588 0.017014
v 0.022859 -0.020279 0.019091
v 0.023461 -0.020106 0.020426
v 0.022117 -0.019995 0.019943
v 0.022801 -0.019809 0.021134
v 0.022969 -0.019262 0.023014
v 0.022880 -0.018499 0.025082
v 0.023491 -0.018149 0.026318
v 0.022152 -0.017981 0.025938
v 0.022865 -0.017626 0.027100
v 0.022882 -0.016638 0.029077
v 0.023532 -0.016163 0.030340
v 0.024999 -0.020734 0.017002
v 0.024987 -0.020548 0.019020
v 0.025063 -0.020214 0.020973
v 0.025714 -0.020027 0.022140
v 0.024350 -0.019927 0.021725
v 0.025025 -0.019662 0.022968
v 0.024989 -0.018970 0.024977
v 0.025024 -0.018339 0.026662
v 0.024880 -0.017854 0.027722
v 0.024980 -0.017224 0.029092
v 0.025177 -0.016365 0.030910
v 0.027000 -0.020794 0.017000
v 0.027000 -0.020700 0.018999
v 0.027008 -0.020447 0.020944
v 0.027085 -0.020131 0.022441
v 0.026946 -0.019806 0.023500
v 0.026986 -0.019291 0.025056
v 0.026843 -0.018502 0.027111
v 0.027439 -0.018141 0.028293
v 0.026098 -0.018008 0.027983
v 0.026840 -0.017675 0.029075
v 0.027002 -0.016833 0.030920
v 0.029000 -0.020825 0.017000
v 0.029000 -0.020773 0.019000
v 0.029008 -0.020598 0.021004
v 0.029066 -0.020220 0.022987
v 0.029764 -0.020009 0.024075
v 0.028424 -0.019927 0.023803
v 0.029063 -0.019641 0.024931
v 0.028989 -0.018912 0.026968
v 0.029031 -0.018297 0.028602
v 0.028899 -0.017830 0.029658
v 0.028989 -0.017208 0.031030
v 0.031000 -0.020847 0.017000
v 0.031000 -0.020807 0.019000
v 0.031001 -0.020704 0.020998
v 0.031011 -0.020413 0.022926
v 0.031087 -0.020090 0.024269
v 0.031009 -0.019741 0.025360
v 0.030994 -0.019163 0.027048
v 0.030954 -0.018406 0.029059
v 0.031600 -0.018060 0.030145
v 0.030259 -0.017958 0.029910
v 0.030939 -0.017573 0.030993
v 0.025873 -0.015933 0.032039
v 0.027100 -0.016160 0.032272
v 0.028983 -0.016404 0.032659
v 0.030858 -0.016563 0.033090
v 0.031470 -0.016110 0.034209
v 0.016180 -0.015929 0.025901
v 0.016867 -0.015415 0.027033
v 0.017090 -0.014364 0.028358
v 0.016956 -0.012951 0.029332
v 0.017707 -0.012356 0.030190
v 0.016289 -0.011103 0.029776
v 0.017345 -0.010970 0.030498
v 0.016020 -0.009897 0.030006
v 0.016848 -0.009154 0.030672
v 0.016962 -0.007017 0.031146
v 0.017105 -0.004973 0.031487
v 0.016808 -0.002990 0.031458
v 0.016782 -0.000999 0.031483
v 0.018389 -0.015724 0.027681
v 0.019021 -0.015004 0.028976
v 0.019658 -0.014240 0.030238
v 0.018299 -0.013694 0.029747
v 0.018989 -0.012971 0.030679
v 0.018994 -0.011128 0.031484
v 0.018449 -0.009036 0.031658
v 0.018203 -0.007070 0.031859
v 0.018063 -0.005630 0.031964
v 0.020928 -0.015583 0.029578
v 0.021164 -0.014533 0.030933
v 0.020447 -0.013048 0.031599
v 0.020067 -0.011856 0.031968
v 0.022170 -0.015937 0.029916
v 0.022873 -0.015421 0.031015
v 0.024515 -0.015691 0.031640
v 0.017964 -0.004289 0.032019
v 0.017915 -0.002921 0.032056
v 0.017896 -0.001001 0.032070
v 0.019777 -0.010518 0.032157
v 0.019547 -0.008955 0.032337
v 0.019304 -0.007008 0.032499
v 0.018912 -0.004973 0.032488
v 0.019056 -0.002994 0.032666
v 0.019072 -0.001000 0.032694
v 0.021915 -0.014013 0.031976
v 0.021515 -0.012908 0.032371
v 0.020877 -0.011126 0.032667
v 0.020961 -0.009029 0.033165
v 0.021075 -0.007088 0.033509
v 0.021913 -0.006458 0.034051
v 0.020733 -0.005006 0.033495
v 0.021836 -0.004945 0.034106
v 0.020675 -0.003000 0.033541
v 0.021788 -0.002998 0.034138
v 0.020682 -0.001000 0.033548
v 0.021794 -0.001002 0.034131
v 0.023109 -0.014360 0.032345
v 0.023049 -0.012915 0.033301
v 0.023814 -0.012284 0.034089
v 0.022445 -0.011011 0.033643
v 0.023542 -0.010922 0.034316
v 0.022177 -0.009092 0.033874
v 0.023284 -0.009001 0.034497
v 0.022038 -0.007798 0.033981
v 0.022898 -0.007087 0.034513
v 0.023046 -0.005009 0.034729
v 0.023056 -0.003000 0.034782
v 0.023063 -0.001000 0.034762
v 0.025135 -0.014937 0.032891
v 0.025723 -0.014152 0.034068
v 0.024394 -0.013616 0.033689
v 0.025091 -0.012898 0.034485
v 0.025008 -0.010983 0.035077
v 0.025111 -0.008921 0.035480
v 0.025967 -0.008214 0.036002
v 0.024772 -0.006998 0.035499
v 0.025881 -0.006911 0.036063
v 0.024686 -0.005000 0.035565
v 0.025801 -0.004997 0.036113
v 0.024665 -0.003000 0.035585
v 0.025780 -0.003000 0.036125
v 0.024714 -0.001001 0.035566
v 0.025828 -0.001004 0.036096
v 0.027020 -0.015415 0.033315
v 0.027081 -0.014413 0.034480
v 0.026971 -0.012945 0.035411
v 0.027751 -0.012319 0.036101
v 0.026373 -0.011052 0.035769
v 0.027426 -0.010919 0.036301
v 0.026131 -0.009554 0.035923
v 0.026970 -0.008918 0.036374
v 0.027085 -0.006987 0.036589
v 0.027087 -0.005000 0.036680
v 0.027085 -0.003000 0.036696
v 0.027091 -0.001001 0.036646
v 0.028902 -0.015748 0.033753
v 0.029005 -0.014733 0.035052
v 0.029701 -0.014099 0.036052
v 0.028364 -0.013619 0.035737
v 0.029098 -0.012904 0.036432
v 0.029019 -0.010992 0.036949
v 0.028930 -0.008990 0.037194
v 0.028918 -0.006999 0.037355
v 0.028906 -0.005000 0.037436
v 0.028904 -0.003000 0.037448
v 0.028913 -0.001000 0.037398
v 0.030130 -0.015970 0.033965
v 0.030868 -0.015458 0.034974
v 0.031079 -0.014349 0.036339
v 0.031176 -0.012791 0.037301
v 0.031991 -0.012041 0.037943
v 0.030715 -0.010975 0.037632
v 0.031806 -0.010891 0.038075
v 0.030446 -0.008999 0.037789
v 0.031563 -0.008996 0.038189
v 0.030262 -0.007000 0.037879
v 0.031379 -0.007000 0.038269
v 0.030161 -0.005000 0.037925
v 0.031278 -0.005000 0.038312
v 0.030149 -0.003000 0.037931
v 0.031266 -0.003000 0.038317
v 0.030217 -0.001000 0.037901
v 0.031334 -0.001000 0.038287
v 0.033000 -0.020976 0.001000
v 0.033000 -0.020972 0.003000
v 0.033000 -0.020965 0.005000
v 0.033000 -0.020959 0.007000
v 0.033000 -0.020951 0.009000
v 0.033000 -0.020938 0.011000
v 0.033000 -0.020920 0.013000
v 0.033000 -0.020899 0.015000
v 0.035000 -0.021006 0.001000
v 0.035000 -0.021001 0.003000
v 0.035000 -0.020994 0.005000
v 0.035000 -0.020987 0.007000
v 0.035000 -0.020979 0.009000
v 0.035000 -0.020964 0.011000
v 0.035000 -0.020945 0.013000
v 0.035000 -0.020924 0.015000
v 0.037000 -0.021035 0.001000
v 0.037000 -0.021031 0.003000
v 0.037000 -0.021022 0.005000
v 0.037000 -0.021015 0.007000
v 0.037000 -0.021006 0.009000
v 0.037000 -0.020991 0.011000
v 0.037000 -0.020971 0.013000
v 0.037000 -0.020947 0.015000
v 0.039000 -0.021065 0.001000
v 0.039000 -0.021060 0.003000
v 0.039000 -0.021051 0.005000
v 0.039000 -0.021043 0.007000
v 0.039000 -0.021033 0.009000
v 0.039000 -0.021016 0.011000
v 0.039000 -0.020996 0.013000
v 0.039000 -0.020969 0.015000
v 0.041000 -0.021094 0.001000
v 0.041000 -0.021089 0.003000
v 0.041000 -0.021079 0.005000
v 0.041000 -0.021070 0.007000
v 0.041000 -0.021059 0.009000
v 0.041000 -0.021040 0.011000
v 0.041000 -0.021018 0.013000
v 0.041000 -0.020990 0.015000
v 0.043000 -0.021124 0.001000
v 0.043000 -0.021117 0.003000
v 0.043000 -0.021106 0.005000
v 0.043000 -0.021094 0.007000
v 0.043000 -0.021079 0.009000
v 0.043000 -0.021060 0.011000
v 0.043000 -0.021038 0.013000
v 0.043000 -0.021009 0.015000
v 0.045000 -0.021152 0.001000
v 0.045000 -0.021142 0.003000
v 0.045000 -0.021128 0.005000
v 0.045000 -0.021116 0.007000
v 0.045000 -0.021101 0.009000
v 0.045000 -0.021082 0.011000
v 0.045000 -0.021062 0.013000
v 0.045000 -0.021030 0.015000
v 0.047000 -0.021182 0.001000
v 0.047000 -0.021171 0.003000
v 0.047000 -0.021157 0.005000
v 0.047000 -0.021147 0.007000
v 0.047000 -0.021133 0.009000
v 0.047000 -0.021113 0.011000
v 0.047000 -0.021088 0.013000
v 0.047000 -0.021051 0.015000
v 0.033000 -0.020869 0.017000
v 0.033000 -0.020831 0.019000
v 0.033000 -0.020764 0.020999
v 0.033001 -0.020542 0.022956
v 0.033008 -0.020186 0.024574
v 0.032939 -0.019864 0.025663
v 0.033005 -0.019402 0.027055
v 0.032997 -0.018717 0.028945
v 0.033063 -0.018180 0.030353
v 0.032993 -0.017697 0.031440
v 0.035000 -0.020890 0.017000
v 0.035000 -0.020850 0.019000
v 0.035000 -0.020797 0.021000
v 0.035007 -0.020630 0.023009
v 0.035058 -0.020235 0.025027
v 0.035755 -0.020006 0.026055
v 0.034415 -0.019948 0.025868
v 0.035058 -0.019654 0.026920
v 0.035007 -0.018935 0.028949
v 0.035006 -0.018303 0.030626
v 0.034936 -0.017844 0.031715
v 0.037000 -0.020911 0.017000
v 0.037000 -0.020869 0.019000
v 0.037000 -0.020822 0.021000
v 0.037001 -0.020708 0.022998
v 0.037010 -0.020392 0.024920
v 0.037085 -0.020065 0.026189
v 0.037010 -0.019703 0.027282
v 0.037006 -0.019096 0.029036
v 0.037045 -0.018353 0.031038
v 0.036396 -0.017941 0.031885
v 0.039000 -0.020930 0.017000
v 0.039000 -0.020888 0.019000
v 0.039000 -0.020843 0.021000
v 0.039000 -0.020759 0.022998
v 0.039000 -0.020493 0.024933
v 0.039003 -0.020138 0.026384
v 0.039000 -0.019795 0.027500
v 0.039000 -0.019271 0.029051
v 0.039009 -0.018583 0.030922
v 0.041000 -0.020949 0.017000
v 0.041000 -0.020906 0.019000
v 0.041000 -0.020862 0.021000
v 0.041000 -0.020790 0.022999
v 0.041000 -0.020569 0.024958
v 0.040999 -0.020208 0.026583
v 0.040997 -0.019878 0.027700
v 0.040999 -0.019414 0.029076
v 0.041000 -0.018738 0.030931
v 0.043000 -0.020968 0.017000
v 0.043000 -0.020924 0.019000
v 0.043000 -0.020879 0.021000
v 0.043000 -0.020813 0.023000
v 0.042999 -0.020630 0.024983
v 0.042982 -0.020264 0.026783
v 0.042903 -0.019947 0.027877
v 0.042982 -0.019541 0.029084
v 0.042999 -0.018872 0.030952
v 0.045000 -0.020986 0.017000
v 0.045000 -0.020943 0.019000
v 0.045000 -0.020896 0.021000
v 0.044999 -0.020832 0.023001
v 0.044986 -0.020676 0.025017
v 0.044885 -0.020271 0.027098
v 0.045502 -0.020026 0.028087
v 0.044162 -0.019990 0.027978
v 0.044885 -0.019706 0.028946
v 0.044986 -0.019004 0.030958
v 0.047000 -0.021005 0.017000
v 0.047000 -0.020961 0.019000
v 0.047000 -0.020913 0.021000
v 0.047000 -0.020851 0.023000
v 0.046999 -0.020728 0.024998
v 0.046987 -0.020404 0.026928
v 0.047049 -0.020068 0.028187
v 0.046987 -0.019714 0.029278
v 0.046997 -0.019108 0.031014
v 0.032984 -0.016968 0.033006
v 0.033044 -0.016275 0.034444
v 0.035002 -0.017247 0.033039
v 0.034985 -0.016433 0.034724
v 0.037736 -0.018016 0.032060
v 0.037035 -0.017542 0.032938
v 0.036896 -0.016512 0.035080
v 0.037511 -0.016056 0.036122
v 0.039082 -0.018090 0.032181
v 0.039008 -0.017597 0.033271
v 0.038989 -0.016803 0.034963
v 0.039050 -0.016164 0.036272
v 0.041003 -0.018181 0.032351
v 0.041000 -0.017699 0.033465
v 0.040999 -0.016997 0.034991
v 0.041002 -0.016283 0.036454
v 0.043000 -0.018271 0.032523
v 0.043000 -0.017804 0.033639
v 0.043000 -0.017167 0.035034
v 0.043000 -0.016391 0.036623
v 0.044999 -0.018350 0.032676
v 0.044996 -0.017887 0.033792
v 0.044999 -0.017305 0.035073
v 0.044988 -0.016475 0.036787
v 0.046976 -0.018412 0.032828
v 0.046893 -0.017956 0.033923
v 0.046967 -0.017428 0.035108
v 0.046929 -0.016476 0.037092
v 0.047568 -0.016023 0.038066
v 0.032980 -0.015644 0.035497
v 0.032988 -0.014646 0.036722
v 0.032932 -0.013446 0.037659
v 0.033097 -0.012419 0.038165
v 0.033092 -0.010935 0.038475
v 0.033061 -0.008998 0.038673
v 0.033035 -0.007000 0.038802
v 0.033022 -0.005000 0.038870
v 0.033020 -0.003000 0.038877
v 0.033029 -0.001000 0.038830
v 0.034893 -0.015819 0.035827
v 0.034897 -0.014815 0.037138
v 0.035538 -0.014138 0.038070
v 0.034200 -0.013853 0.037874
v 0.034914 -0.013033 0.038454
v 0.034991 -0.011010 0.038993
v 0.035010 -0.009006 0.039236
v 0.034962 -0.007000 0.039366
v 0.034942 -0.005000 0.039437
v 0.034940 -0.003000 0.039446
v 0.034952 -0.001000 0.039400
v 0.036170 -0.015966 0.035962
v 0.036884 -0.015433 0.036921
v 0.037042 -0.014337 0.038258
v 0.036998 -0.012928 0.039014
v 0.036947 -0.011006 0.039502
v 0.037030 -0.009045 0.039765
v 0.037870 -0.008395 0.040028
v 0.036620 -0.007003 0.039811
v 0.037709 -0.006936 0.040082
v 0.036464 -0.005000 0.039853
v 0.037581 -0.004998 0.040122
v 0.036444 -0.003000 0.039860
v 0.037562 -0.003000 0.040128
v 0.036539 -0.001000 0.039831
v 0.037656 -0.001003 0.040100
v 0.038988 -0.015525 0.037310
v 0.039011 -0.014483 0.038533
v 0.039075 -0.012853 0.039528
v 0.039839 -0.012113 0.039997
v 0.038425 -0.011064 0.039858
v 0.039484 -0.010910 0.040123
v 0.038112 -0.009735 0.039971
v 0.038956 -0.009042 0.040207
v 0.039064 -0.007003 0.040368
v 0.039062 -0.005000 0.040443
v 0.039060 -0.003000 0.040455
v 0.039072 -0.001000 0.040411
v 0.040999 -0.015657 0.037542
v 0.040997 -0.014667 0.038767
v 0.040938 -0.013474 0.039703
v 0.041089 -0.012450 0.040140
v 0.041052 -0.010939 0.040418
v 0.040989 -0.009004 0.040606
v 0.041001 -0.007000 0.040747
v 0.041002 -0.005000 0.040823
v 0.041002 -0.003000 0.040838
v 0.041002 -0.001000 0.040801
v 0.042996 -0.015768 0.037749
v 0.042990 -0.014714 0.039128
v 0.043656 -0.014042 0.039975
v 0.042316 -0.013809 0.039847
v 0.042993 -0.013005 0.040299
v 0.043000 -0.011006 0.040736
v 0.042999 -0.009001 0.040949
v 0.043000 -0.007000 0.041081
v 0.043000 -0.005000 0.041157
v 0.043000 -0.003000 0.041176
v 0.043000 -0.001000 0.041150
v 0.044912 -0.015896 0.037875
v 0.044989 -0.015110 0.039002
v 0.045070 -0.014171 0.040088
v 0.045001 -0.012918 0.040629
v 0.045000 -0.010998 0.041043
v 0.045001 -0.009000 0.041253
v 0.044998 -0.007000 0.041388
v 0.044997 -0.005000 0.041469
v 0.044997 -0.003000 0.041494
v 0.044997 -0.001000 0.041475
v 0.046228 -0.015968 0.037964
v 0.046930 -0.015440 0.038868
v 0.046994 -0.014321 0.040209
v 0.047000 -0.012924 0.040892
v 0.047001 -0.010997 0.041321
v 0.047011 -0.008989 0.041548
v 0.046951 -0.006999 0.041686
v 0.046912 -0.005000 0.041768
v 0.046898 -0.003000 0.041796
v 0.046908 -0.001000 0.041781
v 0.049000 -0.021211 0.001000
v 0.049000 -0.021203 0.003000
v 0.049000 -0.021192 0.005000
v 0.049000 -0.021182 0.007000
v 0.049000 -0.021166 0.009000
v 0.049000 -0.021143 0.011000
v 0.049000 -0.021113 0.013000
v 0.049000 -0.021071 0.015000
v 0.051000 -0.021240 0.001000
v 0.051000 -0.021232 0.003000
v 0.051000 -0.021221 0.005000
v 0.051000 -0.021210 0.007000
v 0.051000 -0.021193 0.009000
v 0.051000 -0.021168 0.011000
v 0.051000 -0.021135 0.013000
v 0.051000 -0.021090 0.015000
v 0.053000 -0.021269 0.001000
v 0.053000 -0.021261 0.003000
v 0.053000 -0.021250 0.005000
v 0.053000 -0.021237 0.007000
v 0.053000 -0.021218 0.009000
v 0.053000 -0.021191 0.011000
v 0.053000 -0.021155 0.013000
v 0.053000 -0.021109 0.015000
v 0.055000 -0.021299 0.001000
v 0.055000 -0.021289 0.003000
v 0.055000 -0.021278 0.005000
v 0.055000 -0.021264 0.007000
v 0.055000 -0.021243 0.009000
v 0.055000 -0.021214 0.011000
v 0.055000 -0.021175 0.013000
v 0.055000 -0.021128 0.015000
v 0.057000 -0.021328 0.001000
v 0.057000 -0.021318 0.003000
v 0.057000 -0.021306 0.005000
v 0.057000 -0.021291 0.007000
v 0.057000 -0.021268 0.009000
v 0.057000 -0.021236 0.011000
v 0.057000 -0.021194 0.013000
v 0.057000 -0.021146 0.015000
v 0.059000 -0.021356 0.001000
v 0.059000 -0.021346 0.003000
v 0.059000 -0.021334 0.005000
v 0.059000 -0.021317 0.007000
v 0.059000 -0.021291 0.009000
v 0.059000 -0.021254 0.011000
v 0.059000 -0.021209 0.013000
v 0.059000 -0.021161 0.015000
v 0.061000 -0.021381 0.001000
v 0.061000 -0.021370 0.003000
v 0.061000 -0.021357 0.005000
v 0.061000 -0.021337 0.007000
v 0.061000 -0.021306 0.009000
v 0.061000 -0.021264 0.011000
v 0.061000 -0.021217 0.013000
v 0.061000 -0.021168 0.015000
v 0.063000 -0.021396 0.001000
v 0.063000 -0.021384 0.003000
v 0.063000 -0.021370 0.005000
v 0.063000 -0.021347 0.007000
v 0.063000 -0.021310 0.009000
v 0.063000 -0.021266 0.011000
v 0.063000 -0.021219 0.013000
v 0.063000 -0.021169 0.015000
v 0.049000 -0.021024 0.017000
v 0.049000 -0.020979 0.019000
v 0.049000 -0.020929 0.021000
v 0.049000 -0.020866 0.023000
v 0.049000 -0.020761 0.024997
v 0.048999 -0.020470 0.026923
v 0.049002 -0.020114 0.028309
v 0.048999 -0.019765 0.029426
v 0.048980 -0.019200 0.031062
v 0.051000 -0.021043 0.017000
v 0.051000 -0.020996 0.019000
v 0.051000 -0.020945 0.021000
v 0.051000 -0.020881 0.023000
v 0.051000 -0.020784 0.024998
v 0.051000 -0.020518 0.026938
v 0.051000 -0.020156 0.028427
v 0.051000 -0.019816 0.029544
v 0.050998 -0.019302 0.031057
v 0.053000 -0.021061 0.017000
v 0.053000 -0.021014 0.019000
v 0.053000 -0.020960 0.021000
v 0.053000 -0.020894 0.023000
v 0.053000 -0.020801 0.024998
v 0.053000 -0.020559 0.026952
v 0.053000 -0.020193 0.028536
v 0.053000 -0.019860 0.029653
v 0.053000 -0.019384 0.031070
v 0.055000 -0.021080 0.017000
v 0.055000 -0.021031 0.019000
v 0.055000 -0.020975 0.021000
v 0.055000 -0.020906 0.023000
v 0.055000 -0.020816 0.024999
v 0.055000 -0.020594 0.026965
v 0.055000 -0.020227 0.028639
v 0.055000 -0.019901 0.029756
v 0.055000 -0.019458 0.031084
v 0.057000 -0.021098 0.017000
v 0.057000 -0.021047 0.019000
v 0.057000 -0.020988 0.021000
v 0.057000 -0.020918 0.023000
v 0.057000 -0.020830 0.024999
v 0.057000 -0.020627 0.026978
v 0.056999 -0.020260 0.028740
v 0.056997 -0.019940 0.029856
v 0.056999 -0.019530 0.031097
v 0.059000 -0.021112 0.017000
v 0.059000 -0.021059 0.019000
v 0.059000 -0.020998 0.021000
v 0.059000 -0.020927 0.023000
v 0.059000 -0.020841 0.025000
v 0.058999 -0.020656 0.026991
v 0.058982 -0.020283 0.028849
v 0.058903 -0.019974 0.029944
v 0.058982 -0.019597 0.031089
v 0.061000 -0.021118 0.017000
v 0.061000 -0.021063 0.019000
v 0.061000 -0.021001 0.021000
v 0.061000 -0.020933 0.023000
v 0.060999 -0.020850 0.025001
v 0.060986 -0.020675 0.027018
v 0.060885 -0.020256 0.029103
v 0.061503 -0.020006 0.030030
v 0.060162 -0.019993 0.029990
v 0.060885 -0.019703 0.030910
v 0.063000 -0.021117 0.017000
v 0.063000 -0.021062 0.019000
v 0.063000 -0.021001 0.021000
v 0.063000 -0.020935 0.023000
v 0.063000 -0.020857 0.025000
v 0.062999 -0.020704 0.026998
v 0.062987 -0.020343 0.028912
v 0.063049 -0.020018 0.030056
v 0.062987 -0.019650 0.031148
v 0.048836 -0.018410 0.033111
v 0.049431 -0.018047 0.034099
v 0.048091 -0.018001 0.033997
v 0.048836 -0.017627 0.034953
v 0.048973 -0.016713 0.036912
v 0.049058 -0.016090 0.038152
v 0.050981 -0.018605 0.032932
v 0.051039 -0.018103 0.034197
v 0.050981 -0.017616 0.035285
v 0.050998 -0.016832 0.036945
v 0.051002 -0.016167 0.038264
v 0.052999 -0.018709 0.032926
v 0.053001 -0.018163 0.034309
v 0.052999 -0.017673 0.035423
v 0.053000 -0.016944 0.036975
v 0.053000 -0.016240 0.038377
v 0.055000 -0.018795 0.032939
v 0.055000 -0.018220 0.034416
v 0.055000 -0.017735 0.035531
v 0.055000 -0.017047 0.037002
v 0.055000 -0.016308 0.038481
v 0.057000 -0.018875 0.032952
v 0.057000 -0.018271 0.034515
v 0.057000 -0.017791 0.035631
v 0.057000 -0.017142 0.037026
v 0.057000 -0.016372 0.038572
v 0.058999 -0.018940 0.032961
v 0.059000 -0.018310 0.034590
v 0.059000 -0.017833 0.035706
v 0.059000 -0.017211 0.037044
v 0.059001 -0.016417 0.038638
v 0.060986 -0.018985 0.032948
v 0.060999 -0.018331 0.034632
v 0.061000 -0.017857 0.035749
v 0.061000 -0.017247 0.037054
v 0.061000 -0.016440 0.038669
v 0.062999 -0.018989 0.032974
v 0.063000 -0.018333 0.034634
v 0.063000 -0.017857 0.035750
v 0.063000 -0.017241 0.037051
v 0.063000 -0.016432 0.038644
v 0.048993 -0.015444 0.039178
v 0.048999 -0.014420 0.040373
v 0.049001 -0.012936 0.041141
v 0.049011 -0.010989 0.041589
v 0.049061 -0.008912 0.041835
v 0.049903 -0.008198 0.042006
v 0.048546 -0.006986 0.041911
v 0.049636 -0.006909 0.042054
v 0.048240 -0.005000 0.041960
v 0.049356 -0.004997 0.042099
v 0.048130 -0.003000 0.041977
v 0.049248 -0.003000 0.042116
v 0.048207 -0.001000 0.041968
v 0.049325 -0.001000 0.042101
v 0.051000 -0.015528 0.039327
v 0.051000 -0.014506 0.040508
v 0.051001 -0.012939 0.041380
v 0.050950 -0.011046 0.041840
v 0.051680 -0.010322 0.042032
v 0.050357 -0.009539 0.041948
v 0.051085 -0.008854 0.042095
v 0.051070 -0.006984 0.042219
v 0.051033 -0.005000 0.042300
v 0.051019 -0.003000 0.042331
v 0.051029 -0.001000 0.042312
v 0.053000 -0.015595 0.039451
v 0.053002 -0.014557 0.040623
v 0.053020 -0.012899 0.041630
v 0.053701 -0.012087 0.041998
v 0.052363 -0.011655 0.041928
v 0.053079 -0.010923 0.042112
v 0.053008 -0.008985 0.042292
v 0.053002 -0.006999 0.042431
v 0.053001 -0.005000 0.042519
v 0.053000 -0.003000 0.042556
v 0.053001 -0.001000 0.042544
v 0.055000 -0.015661 0.039564
v 0.055001 -0.014665 0.040720
v 0.055004 -0.013358 0.041672
v 0.055078 -0.012303 0.042077
v 0.055007 -0.010923 0.042298
v 0.055000 -0.008997 0.042488
v 0.055000 -0.007000 0.042630
v 0.055000 -0.005000 0.042719
v 0.055000 -0.003000 0.042758
v 0.055000 -0.001000 0.042754
v 0.057001 -0.015733 0.039669
v 0.057018 -0.014749 0.040854
v 0.056959 -0.013650 0.041777
v 0.057021 -0.012589 0.042176
v 0.057002 -0.010958 0.042475
v 0.057000 -0.008999 0.042676
v 0.057000 -0.007000 0.042817
v 0.057000 -0.005000 0.042907
v 0.057000 -0.003000 0.042947
v 0.057000 -0.001000 0.042949
v 0.059019 -0.015770 0.039766
v 0.059154 -0.014674 0.041136
v 0.059896 -0.013972 0.041912
v 0.058555 -0.013836 0.041854
v 0.059154 -0.013017 0.042223
v 0.059019 -0.011008 0.042634
v 0.059001 -0.009000 0.042846
v 0.059000 -0.007000 0.042982
v 0.059000 -0.005000 0.043070
v 0.059000 -0.003000 0.043112
v 0.059000 -0.001000 0.043120
v 0.061001 -0.015818 0.039780
v 0.061023 -0.014895 0.040992
v 0.061105 -0.014015 0.041951
v 0.061023 -0.012900 0.042387
v 0.061001 -0.010997 0.042793
v 0.061000 -0.009000 0.042995
v 0.061000 -0.007000 0.043123
v 0.061000 -0.005000 0.043214
v 0.061000 -0.003000 0.043263
v 0.061000 -0.001000 0.043276
v 0.063000 -0.015809 0.039755
v 0.063001 -0.014931 0.040976
v 0.063001 -0.014046 0.041987
v 0.063001 -0.012892 0.042496
v 0.063000 -0.010996 0.042936
v 0.063000 -0.009000 0.043134
v 0.063000 -0.007000 0.043262
v 0.063000 -0.005000 0.043360
v 0.063000 -0.003000 0.043416
v 0.063000 -0.001000 0.043434
v 0.065000 -0.021395 0.001000
v 0.065000 -0.021383 0.003000
v 0.065000 -0.021367 0.005000
v 0.065000 -0.021342 0.007000
v 0.065000 -0.021304 0.009000
v 0.065000 -0.021262 0.011000
v 0.065000 -0.021216 0.013000
v 0.065000 -0.021165 0.015000
v 0.067000 -0.021363 0.001000
v 0.067000 -0.021351 0.003000
v 0.067000 -0.021334 0.005000
v 0.067000 -0.021309 0.007000
v 0.067000 -0.021272 0.009000
v 0.067000 -0.021232 0.011000
v 0.067000 -0.021187 0.013000
v 0.067000 -0.021136 0.015000
v 0.069000 -0.021264 0.001000
v 0.069000 -0.021254 0.003000
v 0.069000 -0.021240 0.005000
v 0.069000 -0.021220 0.007000
v 0.069000 -0.021191 0.009000
v 0.069000 -0.021157 0.011000
v 0.069000 -0.021115 0.013000
v 0.069000 -0.021067 0.015000
v 0.069626 -0.016459 0.001000
v 0.069627 -0.016451 0.003000
v 0.069629 -0.016442 0.005000
v 0.069631 -0.016429 0.007000
v 0.069634 -0.016414 0.009000
v 0.069637 -0.016400 0.011000
v 0.069640 -0.016387 0.013000
v 0.069645 -0.016376 0.015000
v 0.071000 -0.021106 0.001000
v 0.071000 -0.021099 0.003000
v 0.071000 -0.021092 0.005000
v 0.071000 -0.021082 0.007000
v 0.071000 -0.021067 0.009000
v 0.071000 -0.021040 0.011000
v 0.071000 -0.020998 0.013000
v 0.071000 -0.020949 0.015000
v 0.071496 -0.018481 0.001000
v 0.071507 -0.018472 0.003000
v 0.071521 -0.018462 0.005000
v 0.071539 -0.018447 0.007000
v 0.071561 -0.018429 0.009000
v 0.071583 -0.018420 0.011000
v 0.071604 -0.018419 0.013000
v 0.071624 -0.018419 0.015000
v 0.070448 -0.017521 0.001000
v 0.070459 -0.017512 0.003000
v 0.070472 -0.017501 0.005000
v 0.070490 -0.017487 0.007000
v 0.070513 -0.017470 0.009000
v 0.070534 -0.017455 0.011000
v 0.070555 -0.017442 0.013000
v 0.070576 -0.017431 0.015000
v 0.073000 -0.020945 0.001000
v 0.073000 -0.020936 0.003000
v 0.073000 -0.020925 0.005000
v 0.072999 -0.020909 0.007000
v 0.072999 -0.020885 0.009000
v 0.072999 -0.020851 0.011000
v 0.072998 -0.020804 0.013000
v 0.072998 -0.020748 0.015000
v 0.073051 -0.018966 0.001000
v 0.073052 -0.018958 0.003000
v 0.073054 -0.018947 0.005000
v 0.073056 -0.018931 0.007000
v 0.073059 -0.018913 0.009000
v 0.073061 -0.018904 0.011000
v 0.073064 -0.018902 0.013000
v 0.073066 -0.018899 0.015000
v 0.074993 -0.020694 0.001000
v 0.074989 -0.020678 0.003000
v 0.074983 -0.020658 0.005000
v 0.074976 -0.020630 0.007000
v 0.074967 -0.020592 0.009000
v 0.074956 -0.020548 0.011000
v 0.074945 -0.020500 0.013000
v 0.074933 -0.020444 0.015000
v 0.074965 -0.018906 0.001000
v 0.074962 -0.018904 0.003000
v 0.074958 -0.018898 0.005000
v 0.074951 -0.018890 0.007000
v 0.074943 -0.018881 0.009000
v 0.074935 -0.018873 0.011000
v 0.074925 -0.018861 0.013000
v 0.074915 -0.018837 0.015000
v 0.076859 -0.020282 0.001000
v 0.076824 -0.020262 0.003000
v 0.076780 -0.020243 0.005000
v 0.076726 -0.020221 0.007000
v 0.076653 -0.020194 0.009000
v 0.076571 -0.020165 0.011000
v 0.076484 -0.020135 0.013000
v 0.076388 -0.020103 0.015000
v 0.076626 -0.018455 0.001000
v 0.077975 -0.019919 0.001000
v 0.076602 -0.018453 0.003000
v 0.077940 -0.019849 0.003000
v 0.076568 -0.018448 0.005000
v 0.077897 -0.019786 0.005000
v 0.076518 -0.018441 0.007000
v 0.077842 -0.019737 0.007000
v 0.076454 -0.018432 0.009000
v 0.077769 -0.019691 0.009000
v 0.076388 -0.018423 0.011000
v 0.077687 -0.019652 0.011000
v 0.076315 -0.018409 0.013000
v 0.077600 -0.019622 0.013000
v 0.076230 -0.018382 0.015000
v 0.077503 -0.019598 0.015000
v 0.077741 -0.017886 0.001000
v 0.077717 -0.017877 0.003000
v 0.077683 -0.017865 0.005000
v 0.077633 -0.017845 0.007000
v 0.077568 -0.017818 0.009000
v 0.077502 -0.017790 0.011000
v 0.077429 -0.017756 0.013000
v 0.077345 -0.017710 0.015000
v 0.079090 -0.019430 0.001000
v 0.079084 -0.019354 0.003000
v 0.079076 -0.019283 0.005000
v 0.079066 -0.019221 0.007000
v 0.079051 -0.019156 0.009000
v 0.079036 -0.019097 0.011000
v 0.079019 -0.019044 0.013000
v 0.078999 -0.018993 0.015000
v 0.079003 -0.017197 0.001000
v 0.078999 -0.017183 0.003000
v 0.078994 -0.017163 0.005000
v 0.078985 -0.017132 0.007000
v 0.078973 -0.017087 0.009000
v 0.078960 -0.017036 0.011000
v 0.078946 -0.016967 0.013000
v 0.078948 -0.016854 0.014999
v 0.065000 -0.021112 0.017000
v 0.065000 -0.021056 0.019000
v 0.065000 -0.020995 0.021000
v 0.065000 -0.020929 0.023000
v 0.065000 -0.020853 0.025000
v 0.065000 -0.020712 0.026996
v 0.064999 -0.020362 0.028893
v 0.064998 -0.020023 0.030067
v 0.064999 -0.019638 0.031181
v 0.067000 -0.021082 0.017000
v 0.067000 -0.021025 0.019000
v 0.067000 -0.020964 0.021000
v 0.067000 -0.020898 0.023000
v 0.067000 -0.020824 0.025000
v 0.066999 -0.020692 0.026998
v 0.066983 -0.020344 0.028906
v 0.066905 -0.020012 0.030045
v 0.066983 -0.019613 0.031137
v 0.069000 -0.021014 0.017000
v 0.069000 -0.020956 0.019000
v 0.069000 -0.020893 0.021000
v 0.069000 -0.020826 0.023000
v 0.069000 -0.020751 0.025001
v 0.068987 -0.020626 0.027013
v 0.068894 -0.020245 0.029057
v 0.068175 -0.019988 0.030011
v 0.069515 -0.019919 0.029919
v 0.068894 -0.019593 0.030895
v 0.069652 -0.016368 0.017000
v 0.069661 -0.016362 0.019000
v 0.069671 -0.016358 0.021000
v 0.069682 -0.016353 0.023000
v 0.069696 -0.016345 0.024998
v 0.069745 -0.016313 0.026936
v 0.069916 -0.016198 0.028389
v 0.071000 -0.020894 0.017000
v 0.071000 -0.020834 0.019000
v 0.071000 -0.020768 0.021000
v 0.071001 -0.020696 0.022999
v 0.070999 -0.020621 0.024999
v 0.070997 -0.020514 0.026971
v 0.070986 -0.020221 0.028690
v 0.071642 -0.018418 0.017000
v 0.071659 -0.018416 0.019000
v 0.071677 -0.018414 0.020999
v 0.071694 -0.018414 0.023000
v 0.071719 -0.018407 0.024999
v 0.071792 -0.018312 0.026934
v 0.071051 -0.019781 0.029781
v 0.071837 -0.018101 0.028180
v 0.071001 -0.019257 0.031084
v 0.070595 -0.017423 0.017000
v 0.070612 -0.017417 0.019000
v 0.070631 -0.017412 0.021000
v 0.070650 -0.017407 0.023000
v 0.070676 -0.017399 0.025000
v 0.070755 -0.017338 0.026995
v 0.071081 -0.017013 0.028959
v 0.071492 -0.016509 0.030927
v 0.072997 -0.020688 0.017000
v 0.072997 -0.020625 0.019000
v 0.072997 -0.020556 0.020999
v 0.073010 -0.020481 0.022982
v 0.072966 -0.020411 0.024997
v 0.072941 -0.020322 0.026935
v 0.072917 -0.020111 0.028406
v 0.073068 -0.018892 0.017000
v 0.073071 -0.018872 0.018999
v 0.073088 -0.018841 0.020984
v 0.073052 -0.018843 0.023000
v 0.073057 -0.018801 0.025016
v 0.073178 -0.018469 0.027090
v 0.072996 -0.019618 0.029491
v 0.072691 -0.018211 0.028202
v 0.073013 -0.018975 0.031034
v 0.073911 -0.018012 0.027890
v 0.073166 -0.017633 0.028991
v 0.073049 -0.016841 0.030910
v 0.074919 -0.020383 0.017000
v 0.074906 -0.020321 0.018999
v 0.074907 -0.020251 0.020978
v 0.075035 -0.020138 0.022853
v 0.074659 -0.020107 0.024980
v 0.074452 -0.020065 0.026905
v 0.074221 -0.019988 0.028142
v 0.074904 -0.018785 0.016999
v 0.074910 -0.018643 0.018981
v 0.075060 -0.018414 0.020874
v 0.074722 -0.018456 0.022985
v 0.075885 -0.019757 0.023456
v 0.074569 -0.018440 0.024960
v 0.075748 -0.019596 0.025042
v 0.075533 -0.019555 0.026988
v 0.074363 -0.018298 0.026559
v 0.074973 -0.019424 0.028921
v 0.075111 -0.018556 0.031066
v 0.075920 -0.017996 0.021486
v 0.075809 -0.017961 0.023047
v 0.075642 -0.017928 0.025020
v 0.075115 -0.017827 0.027159
v 0.075005 -0.017253 0.029007
v 0.075839 -0.017911 0.031923
v 0.074804 -0.016415 0.030880
v 0.076283 -0.020068 0.017000
v 0.076177 -0.020032 0.018996
v 0.076072 -0.019995 0.020896
v 0.076004 -0.019952 0.022115
v 0.076143 -0.018327 0.016996
v 0.077399 -0.019576 0.017000
v 0.076058 -0.018195 0.018901
v 0.077291 -0.019555 0.018999
v 0.077164 -0.019528 0.020978
v 0.076005 -0.018069 0.020146
v 0.076887 -0.019480 0.022853
v 0.077060 -0.019157 0.024983
v 0.077054 -0.019073 0.026995
v 0.076980 -0.018843 0.028917
v 0.076923 -0.018285 0.030494
v 0.077276 -0.017646 0.017001
v 0.077143 -0.017611 0.018981
v 0.076876 -0.017629 0.020874
v 0.077042 -0.017467 0.022986
v 0.077032 -0.017378 0.025001
v 0.076950 -0.017174 0.027015
v 0.076926 -0.016553 0.028938
v 0.077078 -0.017567 0.031561
v 0.076291 -0.016127 0.030280
v 0.078978 -0.018941 0.017000
v 0.078957 -0.018890 0.019000
v 0.078933 -0.018832 0.020999
v 0.078894 -0.018768 0.022982
v 0.078903 -0.018667 0.024998
v 0.078882 -0.018569 0.026975
v 0.078804 -0.018246 0.028770
v 0.078174 -0.017967 0.030094
v 0.079113 -0.016610 0.017013
v 0.078850 -0.016673 0.019003
v 0.078733 -0.016645 0.020984
v 0.078682 -0.016580 0.022999
v 0.078584 -0.016514 0.024997
v 0.078439 -0.016383 0.026928
v 0.079484 -0.017511 0.029414
v 0.078227 -0.016114 0.028322
v 0.078871 -0.016937 0.030898
v 0.065000 -0.018969 0.032971
v 0.065000 -0.018314 0.034581
v 0.065000 -0.017822 0.035697
v 0.065000 -0.017174 0.037034
v 0.065000 -0.016383 0.038559
v 0.066999 -0.018907 0.032953
v 0.066998 -0.018264 0.034473
v 0.067000 -0.017750 0.035587
v 0.066999 -0.017041 0.037002
v 0.066996 -0.016287 0.038415
v 0.068997 -0.018776 0.032924
v 0.068946 -0.018177 0.034311
v 0.069009 -0.017634 0.035397
v 0.068984 -0.016818 0.036958
v 0.068905 -0.016141 0.038208
v 0.071092 -0.018463 0.033080
v 0.070467 -0.018069 0.034152
v 0.071808 -0.017917 0.033941
v 0.071805 -0.016117 0.032248
v 0.071083 -0.017498 0.034986
v 0.070898 -0.016454 0.036956
v 0.070171 -0.015992 0.038040
v 0.072966 -0.018350 0.032638
v 0.072987 -0.016210 0.032244
v 0.073104 -0.017737 0.033690
v 0.072994 -0.017000 0.034993
v 0.072890 -0.016239 0.036373
v 0.074500 -0.018159 0.032306
v 0.074122 -0.015981 0.032032
v 0.075103 -0.017466 0.033076
v 0.074831 -0.016431 0.034882
v 0.074146 -0.015961 0.036061
v 0.076942 -0.016642 0.032999
v 0.076287 -0.016113 0.034277
v 0.078324 -0.016242 0.032331
v 0.069199 -0.014942 0.001000
v 0.069199 -0.014941 0.003000
v 0.069199 -0.014940 0.005000
v 0.069199 -0.014938 0.007000
v 0.069199 -0.014936 0.009000
v 0.069199 -0.014934 0.011000
v 0.069199 -0.014933 0.013000
v 0.069203 -0.014931 0.015000
v 0.069149 -0.012998 0.001000
v 0.069149 -0.012998 0.003000
v 0.069149 -0.012998 0.005000
v 0.069149 -0.012998 0.007000
v 0.069149 -0.012998 0.009000
v 0.069149 -0.012998 0.011000
v 0.069149 -0.012998 0.013000
v 0.069170 -0.012999 0.015000
v 0.069147 -0.011000 0.001000
v 0.069147 -0.011000 0.003000
v 0.069147 -0.011000 0.005000
v 0.069147 -0.011000 0.007000
v 0.069147 -0.011000 0.009000
v 0.069147 -0.011000 0.011000
v 0.069149 -0.011001 0.013000
v 0.069202 -0.011016 0.014995
v 0.069147 -0.009000 0.001000
v 0.069147 -0.009000 0.003000
v 0.069147 -0.009000 0.005000
v 0.069147 -0.009000 0.007000
v 0.069147 -0.009000 0.009000
v 0.069147 -0.009000 0.011000
v 0.069149 -0.009000 0.012998
v 0.069199 -0.009001 0.014940
v 0.069147 -0.007000 0.001000
v 0.069147 -0.007000 0.003000
v 0.069147 -0.007000 0.005000
v 0.069147 -0.007000 0.007000
v 0.069147 -0.007000 0.009000
v 0.069147 -0.007000 0.011000
v 0.069149 -0.007000 0.012998
v 0.069199 -0.007000 0.014936
v 0.069147 -0.005000 0.001000
v 0.069147 -0.005000 0.003000
v 0.069147 -0.005000 0.005000
v 0.069147 -0.005000 0.007000
v 0.069147 -0.005000 0.009000
v 0.069147 -0.005000 0.011000
v 0.069149 -0.005000 0.012998
v 0.069199 -0.005000 0.014936
v 0.069147 -0.003000 0.001000
v 0.069147 -0.003000 0.003000
v 0.069147 -0.003000 0.005000
v 0.069147 -0.003000 0.007000
v 0.069147 -0.003000 0.009000
v 0.069148 -0.003000 0.011000
v 0.069149 -0.003000 0.012998
v 0.069199 -0.003000 0.014936
v 0.069147 -0.001000 0.001000
v 0.069147 -0.001000 0.003000
v 0.069147 -0.001000 0.005000
v 0.069147 -0.001000 0.007000
v 0.069153 -0.001000 0.009000
v 0.069161 -0.001002 0.011000
v 0.069165 -0.001002 0.012998
v 0.069207 -0.001000 0.014936
v 0.079875 -0.008252 0.011708
v 0.079915 -0.008252 0.012206
v 0.079739 -0.006925 0.011614
v 0.079784 -0.006926 0.012289
v 0.079719 -0.004998 0.011585
v 0.079763 -0.004998 0.012307
v 0.079716 -0.003001 0.011507
v 0.079762 -0.003000 0.012298
v 0.079679 -0.001023 0.011245
v 0.079751 -0.001001 0.012255
v 0.069228 -0.014930 0.016999
v 0.069267 -0.014923 0.018990
v 0.069271 -0.014961 0.020999
v 0.069279 -0.014963 0.023000
v 0.069291 -0.014963 0.025000
v 0.069348 -0.014969 0.027004
v 0.069603 -0.015043 0.029044
v 0.069726 -0.014542 0.030934
v 0.069350 -0.013007 0.016987
v 0.069630 -0.012978 0.018921
v 0.069608 -0.013316 0.020992
v 0.069605 -0.013355 0.023000
v 0.069606 -0.013357 0.025000
v 0.069612 -0.013357 0.027000
v 0.069649 -0.013370 0.029003
v 0.069709 -0.013365 0.030926
v 0.069645 -0.011131 0.016934
v 0.069990 -0.011833 0.018224
v 0.069637 -0.009015 0.016470
v 0.069635 -0.007001 0.016414
v 0.069634 -0.005000 0.016412
v 0.069634 -0.003000 0.016412
v 0.069635 -0.001000 0.016412
v 0.070217 -0.015849 0.029730
v 0.070493 -0.015513 0.031077
v 0.070180 -0.012138 0.019564
v 0.070234 -0.012267 0.021057
v 0.070242 -0.012281 0.023002
v 0.070243 -0.012281 0.025000
v 0.070243 -0.012281 0.027000
v 0.070248 -0.012288 0.029000
v 0.070333 -0.012382 0.030999
v 0.070335 -0.010507 0.017717
v 0.070951 -0.010984 0.019020
v 0.071256 -0.011313 0.021002
v 0.071290 -0.011344 0.023000
v 0.071291 -0.011345 0.025000
v 0.071291 -0.011345 0.027000
v 0.071293 -0.011350 0.028998
v 0.071332 -0.011411 0.030934
v 0.070490 -0.008954 0.017500
v 0.071492 -0.009000 0.018536
v 0.070514 -0.006998 0.017469
v 0.071560 -0.007000 0.018435
v 0.070515 -0.005000 0.017468
v 0.071563 -0.005000 0.018426
v 0.070515 -0.003000 0.017468
v 0.071563 -0.003000 0.018426
v 0.070515 -0.001000 0.017467
v 0.071564 -0.001000 0.018425
v 0.072993 -0.010271 0.019654
v 0.073024 -0.010654 0.021071
v 0.073026 -0.010692 0.023002
v 0.073026 -0.010694 0.025000
v 0.073026 -0.010696 0.027000
v 0.073026 -0.010727 0.028999
v 0.073023 -0.010944 0.030949
v 0.073056 -0.008921 0.019099
v 0.073061 -0.006997 0.018945
v 0.073061 -0.005000 0.018930
v 0.073061 -0.003000 0.018929
v 0.073061 -0.001000 0.018928
v 0.075453 -0.015578 0.031592
v 0.075643 -0.012371 0.031717
v 0.075000 -0.010182 0.019730
v 0.075001 -0.010564 0.021077
v 0.075001 -0.010602 0.023002
v 0.075001 -0.010605 0.025000
v 0.075001 -0.010623 0.027001
v 0.075003 -0.010783 0.029007
v 0.074938 -0.011355 0.030977
v 0.075002 -0.008914 0.019171
v 0.075002 -0.006997 0.019013
v 0.075002 -0.005000 0.018997
v 0.075002 -0.003000 0.018997
v 0.075002 -0.001000 0.018997
v 0.077648 -0.015653 0.029656
v 0.076936 -0.014979 0.030940
v 0.077728 -0.012335 0.029796
v 0.076993 -0.013016 0.031006
v 0.077971 -0.012032 0.031969
v 0.077001 -0.010171 0.019742
v 0.077000 -0.010545 0.021078
v 0.076999 -0.010586 0.023002
v 0.076999 -0.010607 0.025000
v 0.077003 -0.010728 0.027003
v 0.077039 -0.011289 0.029012
v 0.076389 -0.011699 0.030394
v 0.077971 -0.011990 0.031969
v 0.077000 -0.008913 0.019183
v 0.077000 -0.006997 0.019017
v 0.077000 -0.005000 0.019000
v 0.077000 -0.003000 0.019000
v 0.077000 -0.001000 0.019000
v 0.079955 -0.015944 0.017689
v 0.079905 -0.015896 0.019075
v 0.079828 -0.015827 0.021002
v 0.079749 -0.015751 0.023000
v 0.079639 -0.015640 0.025000
v 0.079451 -0.015445 0.026990
v 0.078927 -0.014937 0.028918
v 0.079647 -0.015604 0.031637
v 0.078269 -0.014469 0.030263
v 0.078954 -0.013028 0.029357
v 0.078280 -0.013552 0.030336
v 0.078019 -0.012032 0.031969
v 0.079015 -0.010195 0.019723
v 0.078984 -0.010517 0.021080
v 0.078977 -0.010566 0.023003
v 0.078964 -0.010665 0.024998
v 0.078926 -0.011011 0.026952
v 0.078900 -0.011687 0.028533
v 0.078019 -0.011990 0.031969
v 0.079003 -0.008915 0.019182
v 0.079001 -0.006998 0.019023
v 0.079000 -0.005000 0.019001
v 0.079000 -0.003000 0.019000
v 0.079000 -0.001000 0.019000
v 0.065000 -0.015747 0.039671
v 0.064993 -0.014855 0.040981
v 0.064921 -0.014033 0.041993
v 0.064993 -0.012908 0.042545
v 0.065000 -0.010998 0.043053
v 0.065000 -0.009000 0.043263
v 0.064999 -0.007000 0.043400
v 0.064999 -0.005000 0.043503
v 0.065000 -0.003000 0.043561
v 0.065001 -0.001000 0.043581
v 0.066996 -0.015616 0.039541
v 0.066970 -0.014579 0.041099
v 0.066286 -0.013985 0.041965
v 0.067627 -0.013878 0.041858
v 0.066969 -0.013058 0.042439
v 0.066995 -0.011014 0.043080
v 0.067004 -0.009008 0.043264
v 0.066966 -0.007001 0.043411
v 0.066975 -0.005000 0.043523
v 0.066989 -0.002999 0.043584
v 0.067019 -0.000989 0.043590
v 0.069946 -0.014286 0.032252
v 0.068982 -0.015450 0.039264
v 0.068995 -0.014496 0.040659
v 0.069925 -0.013540 0.032257
v 0.069078 -0.013655 0.041667
v 0.068946 -0.012663 0.042426
v 0.068949 -0.010978 0.042813
v 0.069855 -0.008345 0.039678
v 0.069606 -0.008605 0.041020
v 0.068987 -0.009075 0.042551
v 0.069694 -0.006935 0.039423
v 0.069279 -0.006959 0.041010
v 0.068635 -0.007006 0.042646
v 0.069687 -0.004998 0.039393
v 0.069327 -0.004998 0.041017
v 0.068682 -0.005000 0.042716
v 0.069699 -0.002999 0.039394
v 0.069429 -0.002988 0.041042
v 0.068796 -0.002988 0.042737
v 0.069717 -0.000989 0.039415
v 0.069599 -0.000882 0.041218
v 0.069082 -0.000882 0.042620
v 0.071113 -0.014924 0.032902
v 0.071689 -0.014419 0.034199
v 0.071510 -0.015794 0.037760
v 0.070871 -0.015231 0.038836
v 0.070893 -0.014190 0.040244
v 0.070999 -0.012993 0.032938
v 0.071669 -0.013605 0.034205
v 0.071059 -0.012942 0.041265
v 0.070414 -0.012330 0.042186
v 0.071579 -0.011717 0.032325
v 0.071739 -0.010240 0.039862
v 0.071397 -0.011023 0.041070
v 0.070426 -0.011016 0.042241
v 0.071076 -0.008977 0.039312
v 0.070447 -0.009641 0.040944
v 0.070079 -0.009834 0.042078
v 0.071068 -0.007002 0.038494
v 0.071068 -0.005000 0.038396
v 0.071068 -0.003000 0.038393
v 0.071069 -0.001000 0.038394
v 0.069936 -0.000250 0.041884
v 0.069870 -0.000250 0.042100
v 0.072980 -0.015345 0.033230
v 0.072976 -0.014454 0.034262
v 0.073005 -0.015443 0.037420
v 0.072754 -0.014431 0.038862
v 0.072080 -0.013920 0.039931
v 0.072977 -0.012604 0.033418
v 0.072976 -0.013535 0.034287
v 0.073351 -0.013371 0.039472
v 0.072754 -0.012827 0.040315
v 0.072980 -0.011538 0.032449
v 0.073073 -0.010600 0.039524
v 0.072920 -0.011623 0.040370
v 0.073005 -0.008965 0.038680
v 0.073002 -0.006999 0.038110
v 0.073002 -0.005000 0.038041
v 0.073002 -0.003000 0.038039
v 0.073002 -0.001000 0.038039
v 0.074744 -0.014871 0.032795
v 0.075481 -0.015549 0.035588
v 0.074132 -0.014266 0.033995
v 0.074815 -0.014847 0.036863
v 0.074158 -0.014121 0.038212
v 0.074841 -0.013079 0.032909
v 0.074149 -0.013680 0.034014
v 0.075632 -0.013051 0.037667
v 0.074506 -0.012810 0.038894
v 0.073925 -0.012254 0.039910
v 0.074303 -0.011798 0.032252
v 0.075947 -0.011915 0.038003
v 0.074974 -0.011203 0.038851
v 0.074014 -0.011825 0.039915
v 0.075000 -0.009024 0.038352
v 0.075000 -0.007001 0.038040
v 0.075000 -0.005000 0.038003
v 0.075000 -0.003000 0.038001
v 0.075000 -0.001000 0.038001
v 0.077640 -0.015620 0.033673
v 0.076218 -0.014420 0.032208
v 0.076958 -0.014962 0.034959
v 0.076294 -0.014276 0.036236
v 0.077971 -0.012032 0.032014
v 0.076242 -0.013568 0.032236
v 0.077579 -0.013458 0.035592
v 0.076966 -0.012839 0.036611
v 0.077971 -0.011990 0.032014
v 0.077083 -0.011474 0.037448
v 0.076998 -0.010433 0.038074
v 0.076999 -0.008935 0.038076
v 0.077000 -0.006998 0.038008
v 0.077000 -0.005000 0.038000
v 0.077000 -0.003000 0.038000
v 0.077000 -0.001000 0.038000
v 0.078966 -0.014935 0.032960
v 0.078223 -0.014315 0.034311
v 0.079517 -0.013070 0.033537
v 0.078019 -0.012032 0.032014
v 0.078520 -0.012845 0.034955
v 0.078052 -0.012107 0.036071
v 0.078019 -0.011990 0.032014
v 0.079909 -0.011855 0.033823
v 0.079403 -0.011484 0.035064
v 0.078769 -0.010920 0.036763
v 0.078868 -0.010023 0.037871
v 0.078971 -0.008866 0.037999
v 0.078998 -0.006994 0.038001
v 0.079000 -0.005000 0.038000
v 0.079000 -0.003000 0.038000
v 0.079000 -0.001000 0.038000
v 0.080726 -0.018575 0.001000
v 0.080712 -0.018555 0.003000
v 0.080695 -0.018535 0.005000
v 0.080669 -0.018510 0.007000
v 0.080631 -0.018478 0.009000
v 0.080589 -0.018443 0.011000
v 0.080542 -0.018405 0.013000
v 0.080487 -0.018361 0.015000
v 0.080277 -0.016280 0.001000
v 0.081797 -0.017793 0.001000
v 0.080270 -0.016269 0.003000
v 0.081782 -0.017780 0.003000
v 0.080274 -0.016238 0.004997
v 0.081764 -0.017763 0.005000
v 0.080242 -0.016241 0.007000
v 0.081736 -0.017738 0.007000
v 0.080209 -0.016218 0.009000
v 0.081697 -0.017707 0.009000
v 0.080173 -0.016188 0.011000
v 0.081652 -0.017673 0.011000
v 0.080131 -0.016143 0.012997
v 0.081601 -0.017626 0.012999
v 0.080071 -0.016075 0.014930
v 0.081541 -0.017571 0.015000
v 0.082664 -0.016766 0.001000
v 0.082657 -0.016751 0.003000
v 0.082646 -0.016733 0.005000
v 0.082626 -0.016705 0.007000
v 0.082603 -0.016670 0.009000
v 0.082575 -0.016629 0.010999
v 0.082532 -0.016558 0.012983
v 0.082447 -0.016527 0.014999
v 0.080428 -0.018314 0.017000
v 0.080367 -0.018265 0.019000
v 0.080299 -0.018210 0.021000
v 0.080223 -0.018147 0.022999
v 0.080148 -0.018080 0.024996
v 0.080069 -0.018008 0.026895
v 0.079976 -0.017883 0.028091
v 0.081475 -0.017508 0.017000
v 0.080014 -0.016008 0.016349
v 0.081408 -0.017441 0.019000
v 0.081333 -0.017364 0.021000
v 0.081251 -0.017278 0.023000
v 0.081166 -0.017187 0.024999
v 0.081059 -0.017073 0.026961
v 0.080788 -0.016787 0.028707
v 0.080260 -0.016259 0.030266
v 0.082377 -0.016470 0.017000
v 0.082314 -0.016406 0.019000
v 0.082249 -0.016336 0.021000
v 0.082176 -0.016256 0.023000
v 0.082100 -0.016172 0.024996
v 0.082017 -0.016083 0.026896
v 0.081881 -0.015977 0.028099
v 0.081293 -0.015068 0.001000
v 0.081293 -0.015030 0.002994
v 0.081408 -0.014828 0.004977
v 0.081240 -0.015003 0.007000
v 0.081173 -0.015011 0.009000
v 0.081117 -0.014998 0.011000
v 0.081052 -0.014982 0.013000
v 0.080945 -0.014980 0.014999
v 0.082000 -0.013980 0.005637
v 0.081983 -0.013934 0.007068
v 0.081956 -0.013855 0.009004
v 0.081933 -0.013779 0.010999
v 0.081942 -0.013727 0.012986
v 0.081853 -0.013669 0.014999
v 0.081952 -0.010306 0.009869
v 0.081644 -0.010489 0.011021
v 0.081747 -0.010346 0.012199
v 0.081738 -0.008940 0.009744
v 0.080805 -0.008914 0.011079
v 0.081072 -0.008903 0.012353
v 0.081638 -0.006999 0.009617
v 0.080641 -0.006996 0.010678
v 0.081089 -0.007013 0.012598
v 0.081633 -0.004999 0.009587
v 0.080629 -0.005000 0.010615
v 0.081074 -0.005001 0.012652
v 0.081654 -0.002993 0.009475
v 0.080607 -0.003004 0.010519
v 0.081080 -0.002994 0.012621
v 0.081605 -0.000493 0.001000
v 0.081606 -0.000501 0.003000
v 0.081606 -0.000515 0.005000
v 0.081576 -0.000582 0.006991
v 0.081316 -0.001086 0.008919
v 0.080366 -0.001115 0.010226
v 0.081010 -0.001011 0.012538
v 0.082122 -0.014029 0.000997
v 0.083584 -0.015357 0.001000
v 0.082072 -0.014014 0.002923
v 0.083577 -0.015335 0.003000
v 0.083568 -0.015309 0.005000
v 0.082032 -0.014004 0.004297
v 0.083549 -0.015265 0.007000
v 0.083527 -0.015200 0.008999
v 0.083500 -0.015106 0.010980
v 0.083421 -0.014785 0.012825
v 0.083062 -0.014989 0.014983
v 0.082827 -0.012887 0.001001
v 0.082794 -0.012906 0.003006
v 0.082624 -0.013139 0.004978
v 0.082752 -0.012901 0.007002
v 0.082719 -0.012756 0.009036
v 0.082729 -0.012776 0.010986
v 0.083112 -0.013114 0.012824
v 0.082695 -0.013609 0.014985
v 0.083910 -0.012105 0.015852
v 0.083353 -0.010994 0.001011
v 0.083597 -0.011024 0.003081
v 0.083636 -0.011586 0.005010
v 0.083610 -0.011615 0.007037
v 0.083174 -0.011088 0.009366
v 0.082737 -0.011513 0.010964
v 0.083615 -0.010733 0.010976
v 0.083094 -0.011133 0.012206
v 0.083910 -0.012000 0.015852
v 0.083355 -0.009011 0.001011
v 0.083617 -0.009054 0.003081
v 0.083680 -0.008616 0.005012
v 0.083630 -0.008593 0.007009
v 0.083151 -0.009037 0.009103
v 0.083640 -0.009054 0.011088
v 0.082775 -0.009038 0.012302
v 0.083280 -0.007001 0.001001
v 0.083317 -0.007011 0.003011
v 0.083332 -0.006972 0.004999
v 0.083268 -0.006969 0.006955
v 0.082665 -0.007010 0.008591
v 0.083846 -0.007868 0.011768
v 0.083082 -0.007135 0.012367
v 0.083296 -0.005019 0.001000
v 0.083304 -0.005022 0.003000
v 0.083308 -0.005023 0.004998
v 0.083244 -0.005024 0.006954
v 0.082649 -0.004985 0.008573
v 0.082936 -0.005012 0.012530
v 0.083656 -0.003331 0.001000
v 0.083659 -0.003347 0.003000
v 0.083659 -0.003367 0.005000
v 0.083601 -0.003354 0.006995
v 0.083074 -0.002898 0.008977
v 0.083536 -0.002411 0.010920
v 0.082986 -0.002965 0.012275
v 0.082222 -0.000536 0.001000
v 0.082216 -0.000544 0.003000
v 0.082210 -0.000558 0.005000
v 0.082219 -0.000621 0.006992
v 0.082420 -0.001075 0.008942
v 0.082826 -0.001013 0.010905
v 0.082387 -0.001081 0.012169
v 0.084078 -0.014262 0.001000
v 0.084067 -0.014242 0.003000
v 0.084055 -0.014219 0.005000
v 0.084035 -0.014179 0.007000
v 0.084006 -0.014118 0.008996
v 0.083974 -0.014051 0.010897
v 0.083930 -0.013983 0.012067
v 0.084253 -0.012916 0.001001
v 0.084219 -0.012914 0.003011
v 0.084190 -0.012964 0.005001
v 0.084159 -0.012971 0.007000
v 0.084116 -0.012971 0.008999
v 0.084068 -0.012975 0.010917
v 0.083931 -0.012996 0.012210
v 0.083995 -0.012105 0.015852
v 0.084353 -0.010995 0.001011
v 0.084168 -0.011024 0.003081
v 0.084088 -0.011569 0.005011
v 0.084063 -0.011679 0.007003
v 0.083990 -0.011703 0.009034
v 0.084012 -0.011755 0.010920
v 0.083900 -0.011903 0.012139
v 0.083995 -0.012000 0.015852
v 0.084526 -0.009011 0.001011
v 0.084308 -0.009054 0.003081
v 0.084272 -0.008614 0.005012
v 0.084247 -0.008544 0.007000
v 0.084159 -0.008526 0.008965
v 0.084126 -0.008375 0.010523
v 0.084661 -0.007001 0.001001
v 0.084619 -0.007011 0.003011
v 0.084592 -0.006972 0.005001
v 0.084556 -0.006966 0.007001
v 0.084484 -0.006976 0.009013
v 0.084271 -0.007084 0.011055
v 0.084033 -0.006526 0.012062
v 0.084633 -0.005019 0.001000
v 0.084614 -0.005022 0.003000
v 0.084593 -0.005023 0.005000
v 0.084559 -0.005028 0.007000
v 0.084505 -0.005034 0.008998
v 0.084409 -0.005054 0.010926
v 0.084092 -0.005021 0.012130
v 0.084288 -0.003331 0.001000
v 0.084279 -0.003347 0.003000
v 0.084268 -0.003369 0.005000
v 0.084247 -0.003401 0.007000
v 0.084166 -0.003403 0.008993
v 0.084184 -0.003422 0.010900
v 0.084007 -0.003656 0.012030
v 0.080695 -0.015132 0.017013
v 0.080768 -0.014836 0.019000
v 0.080690 -0.014756 0.021000
v 0.080595 -0.014687 0.023000
v 0.080491 -0.014583 0.024997
v 0.080320 -0.014429 0.026918
v 0.081495 -0.015421 0.029415
v 0.080046 -0.014219 0.028222
v 0.080880 -0.014807 0.030832
v 0.081780 -0.013518 0.016997
v 0.081691 -0.012958 0.018976
v 0.081401 -0.012991 0.020996
v 0.081269 -0.012994 0.023000
v 0.081082 -0.012992 0.024998
v 0.080673 -0.013011 0.026936
v 0.080113 -0.013020 0.028389
v 0.081334 -0.013025 0.031207
v 0.081692 -0.010518 0.017917
v 0.081139 -0.010933 0.019115
v 0.080768 -0.011261 0.021010
v 0.080692 -0.011300 0.023000
v 0.080575 -0.011392 0.024998
v 0.080272 -0.011681 0.026923
v 0.079971 -0.011992 0.028213
v 0.081618 -0.011528 0.031594
v 0.081677 -0.009728 0.017869
v 0.081050 -0.009072 0.018755
v 0.081021 -0.007024 0.019014
v 0.081002 -0.005001 0.019004
v 0.081000 -0.003000 0.019001
v 0.081000 -0.001000 0.019000
v 0.082899 -0.014986 0.016999
v 0.082822 -0.014928 0.018995
v 0.082800 -0.014926 0.021000
v 0.082740 -0.014916 0.023000
v 0.082666 -0.014905 0.024999
v 0.082549 -0.014877 0.026976
v 0.082193 -0.014763 0.028767
v 0.081898 -0.014108 0.029991
v 0.082564 -0.013498 0.016995
v 0.083910 -0.012105 0.016189
v 0.082601 -0.012975 0.018968
v 0.082946 -0.012989 0.020995
v 0.082956 -0.012997 0.023000
v 0.082926 -0.012996 0.024999
v 0.082876 -0.012995 0.026995
v 0.082544 -0.012974 0.028889
v 0.082074 -0.012885 0.030203
v 0.083910 -0.012000 0.016189
v 0.082245 -0.010536 0.017906
v 0.082429 -0.011045 0.019044
v 0.082881 -0.010995 0.020990
v 0.082886 -0.011003 0.022998
v 0.082857 -0.010981 0.024983
v 0.082803 -0.011002 0.026998
v 0.082593 -0.010989 0.028984
v 0.082220 -0.010892 0.030855
v 0.082270 -0.009730 0.017910
v 0.082610 -0.009087 0.019069
v 0.083426 -0.008898 0.020941
v 0.083391 -0.009083 0.022973
v 0.083466 -0.008892 0.024860
v 0.083299 -0.009093 0.026984
v 0.083197 -0.009115 0.028998
v 0.083076 -0.009111 0.030980
v 0.083118 -0.007165 0.019400
v 0.083881 -0.007877 0.020304
v 0.084005 -0.007995 0.025466
v 0.083997 -0.007992 0.027044
v 0.083986 -0.007992 0.029002
v 0.083974 -0.007992 0.030999
v 0.083024 -0.005016 0.019102
v 0.082998 -0.003001 0.019025
v 0.082997 -0.001000 0.019013
v 0.083995 -0.012105 0.016189
v 0.083995 -0.012000 0.016189
v 0.084017 -0.008014 0.021577
v 0.084022 -0.008013 0.022958
v 0.084012 -0.008004 0.024129
v 0.084384 -0.006562 0.019795
v 0.084584 -0.007113 0.021003
v 0.084754 -0.006981 0.022975
v 0.084624 -0.007148 0.024860
v 0.084764 -0.006950 0.026984
v 0.084779 -0.006927 0.028999
v 0.084779 -0.006927 0.031000
v 0.084975 -0.004930 0.019616
v 0.085579 -0.005468 0.021056
v 0.085681 -0.005503 0.023000
v 0.085670 -0.005524 0.024983
v 0.085686 -0.005502 0.026999
v 0.085687 -0.005501 0.029000
v 0.085687 -0.005501 0.031000
v 0.084917 -0.002993 0.019249
v 0.084919 -0.001000 0.019155
v 0.085980 -0.004217 0.019948
v 0.086140 -0.004371 0.021099
v 0.086157 -0.004388 0.023003
v 0.086156 -0.004389 0.024999
v 0.086157 -0.004389 0.027000
v 0.086157 -0.004389 0.029000
v 0.086157 -0.004389 0.031000
v 0.086124 -0.002918 0.019788
v 0.086451 -0.002932 0.021083
v 0.086482 -0.002933 0.023003
v 0.086483 -0.002933 0.025000
v 0.086483 -0.002933 0.027000
v 0.086483 -0.002933 0.029000
v 0.086483 -0.002933 0.031000
v 0.086210 -0.000997 0.019713
v 0.086620 -0.000998 0.021074
v 0.086661 -0.000998 0.023002
v 0.086663 -0.000998 0.025000
v 0.086663 -0.000998 0.027000
v 0.086663 -0.000998 0.029000
v 0.086663 -0.000998 0.031000
v 0.080143 -0.014274 0.032172
v 0.080457 -0.012927 0.032500
v 0.081087 -0.011054 0.033047
v 0.080553 -0.010510 0.035002
v 0.080144 -0.010103 0.036860
v 0.079983 -0.009835 0.037838
v 0.081851 -0.009894 0.033590
v 0.081589 -0.009691 0.035056
v 0.081194 -0.009310 0.036881
v 0.080726 -0.008733 0.037901
v 0.080952 -0.006953 0.037994
v 0.080997 -0.004997 0.038000
v 0.081000 -0.003000 0.038000
v 0.081000 -0.001000 0.038000
v 0.082052 -0.010210 0.032238
v 0.082812 -0.009131 0.032936
v 0.082867 -0.008770 0.034990
v 0.082456 -0.008379 0.036877
v 0.082010 -0.007991 0.037841
v 0.083943 -0.007997 0.032992
v 0.083902 -0.007905 0.034995
v 0.083457 -0.007456 0.036880
v 0.082755 -0.006755 0.037901
v 0.082953 -0.004953 0.037994
v 0.082994 -0.002998 0.038000
v 0.082996 -0.001000 0.038000
v 0.084777 -0.006925 0.033000
v 0.084734 -0.006870 0.034996
v 0.084387 -0.006462 0.036878
v 0.083993 -0.006010 0.037841
v 0.085685 -0.005500 0.033000
v 0.085644 -0.005472 0.034996
v 0.085316 -0.005226 0.036880
v 0.084734 -0.004731 0.037901
v 0.084860 -0.002972 0.037993
v 0.084879 -0.000999 0.037996
v 0.086157 -0.004388 0.033000
v 0.086143 -0.004364 0.034996
v 0.086017 -0.004191 0.036878
v 0.085828 -0.003993 0.037840
v 0.086482 -0.002933 0.033000
v 0.086454 -0.002931 0.034996
v 0.086236 -0.002908 0.036879
v 0.085905 -0.002887 0.037878
v 0.086661 -0.000998 0.033000
v 0.086623 -0.000998 0.034996
v 0.086328 -0.000997 0.036879
v 0.085918 -0.000996 0.037879
v 0.001299 0.001020 -0.024490
v 0.000268 0.001182 -0.022742
v 0.000038 0.000909 -0.020972
v 0.000015 0.000885 -0.018999
v 0.000014 0.000884 -0.017000
v 0.001385 0.003001 -0.024467
v 0.000401 0.003025 -0.023035
v 0.001561 0.004991 -0.024375
v 0.000548 0.005000 -0.023047
v 0.001739 0.006921 -0.024196
v 0.000752 0.006974 -0.023018
v 0.001890 0.008277 -0.024006
v 0.001029 0.008841 -0.022880
v 0.000273 0.009426 -0.021440
v 0.001437 0.010908 -0.022508
v 0.000532 0.011012 -0.021087
v 0.001826 0.012282 -0.022172
v 0.001101 0.012808 -0.020820
v 0.000541 0.013395 -0.019386
v 0.001725 0.014285 -0.020300
v 0.001167 0.014787 -0.018733
v 0.000694 0.015054 -0.017001
v 0.003814 0.000998 -0.026080
v 0.002729 0.001000 -0.025525
v 0.003861 0.002916 -0.026051
v 0.002806 0.002990 -0.025483
v 0.003957 0.004253 -0.025987
v 0.003132 0.004947 -0.025455
v 0.003033 0.006990 -0.025043
v 0.003000 0.008969 -0.024548
v 0.002157 0.009616 -0.023787
v 0.003571 0.010899 -0.024273
v 0.002552 0.011047 -0.023499
v 0.003902 0.012109 -0.023959
v 0.003125 0.012859 -0.022926
v 0.002310 0.013622 -0.021663
v 0.003655 0.014337 -0.022260
v 0.003006 0.014994 -0.020982
v 0.002385 0.015562 -0.019499
v 0.005091 0.000999 -0.026507
v 0.005087 0.002990 -0.026447
v 0.005000 0.004944 -0.026261
v 0.004177 0.005593 -0.025905
v 0.005539 0.006910 -0.026169
v 0.004482 0.007051 -0.025761
v 0.005859 0.008241 -0.026033
v 0.005028 0.008940 -0.025534
v 0.005067 0.010944 -0.024940
v 0.005082 0.012498 -0.024305
v 0.004931 0.013561 -0.023602
v 0.005167 0.014975 -0.022602
v 0.004527 0.015599 -0.021575
v 0.006972 0.001000 -0.027087
v 0.006983 0.002999 -0.027024
v 0.007009 0.004986 -0.026887
v 0.007055 0.006987 -0.026659
v 0.007056 0.008890 -0.026305
v 0.006315 0.009588 -0.025861
v 0.007631 0.010377 -0.026125
v 0.006902 0.011098 -0.025593
v 0.006861 0.013088 -0.024703
v 0.006135 0.013929 -0.023952
v 0.007500 0.014343 -0.024215
v 0.006852 0.015009 -0.023393
v 0.009792 0.000997 -0.028106
v 0.008675 0.001000 -0.027673
v 0.009864 0.002914 -0.028069
v 0.008771 0.002989 -0.027640
v 0.009955 0.004241 -0.028017
v 0.009084 0.004939 -0.027620
v 0.008945 0.006995 -0.027323
v 0.008993 0.009005 -0.026964
v 0.009008 0.010982 -0.026428
v 0.008258 0.011727 -0.025884
v 0.009610 0.012342 -0.026140
v 0.008907 0.013077 -0.025501
v 0.009195 0.014896 -0.024486
v 0.008543 0.015578 -0.023659
v 0.011105 0.001011 -0.028671
v 0.011082 0.002990 -0.028577
v 0.010956 0.004938 -0.028365
v 0.010110 0.005582 -0.027955
v 0.011401 0.006942 -0.028292
v 0.010347 0.007070 -0.027843
v 0.011712 0.008469 -0.028137
v 0.010932 0.009100 -0.027674
v 0.010984 0.011035 -0.027135
v 0.011105 0.012926 -0.026417
v 0.010408 0.013653 -0.025786
v 0.011756 0.014107 -0.026037
v 0.011074 0.014870 -0.025235
v 0.013967 0.000469 -0.030022
v 0.013091 0.001093 -0.029580
v 0.012917 0.003014 -0.029396
v 0.012907 0.004993 -0.029208
v 0.012979 0.007008 -0.028951
v 0.012942 0.009060 -0.028508
v 0.012147 0.009836 -0.027980
v 0.013457 0.010585 -0.028274
v 0.012788 0.011237 -0.027768
v 0.012972 0.012971 -0.027081
v 0.013099 0.014410 -0.026306
v 0.012968 0.015408 -0.025513
v 0.014893 0.001092 -0.030466
v 0.014019 0.001806 -0.029997
v 0.015214 0.003002 -0.030502
v 0.014103 0.003092 -0.029945
v 0.015395 0.004996 -0.030381
v 0.014281 0.005003 -0.029836
v 0.015652 0.006916 -0.030213
v 0.014563 0.006992 -0.029670
v 0.015883 0.008248 -0.030047
v 0.015021 0.008969 -0.029440
v 0.014877 0.011120 -0.028672
v 0.014072 0.011922 -0.028020
v 0.015426 0.012475 -0.028293
v 0.014788 0.013166 -0.027656
v 0.015129 0.014970 -0.026570
v 0.014545 0.015735 -0.025770
v 0.000014 0.000884 -0.015000
v 0.000014 0.000884 -0.013000
v 0.000014 0.000884 -0.011000
v 0.000014 0.000884 -0.009000
v 0.000014 0.000884 -0.007000
v 0.000014 0.000884 -0.005000
v 0.000014 0.000884 -0.003000
v 0.000014 0.000884 -0.001000
v 0.000381 0.015378 -0.015424
v 0.001932 0.015977 -0.018160
v 0.001653 0.016270 -0.016870
v 0.003721 0.016077 -0.020280
v 0.003119 0.016450 -0.018828
v 0.003209 0.017284 -0.016855
v 0.003960 0.017947 -0.016079
v 0.005867 0.015961 -0.022000
v 0.005192 0.016393 -0.020889
v 0.005005 0.017202 -0.019042
v 0.004927 0.017761 -0.017526
v 0.005090 0.018128 -0.016462
v 0.007102 0.016188 -0.022319
v 0.007007 0.016997 -0.020919
v 0.006827 0.017732 -0.019116
v 0.006158 0.017973 -0.017916
v 0.007498 0.018100 -0.018405
v 0.006886 0.018302 -0.017073
v 0.009905 0.015947 -0.023951
v 0.009161 0.016479 -0.022912
v 0.009019 0.017547 -0.020990
v 0.008323 0.017900 -0.019711
v 0.009681 0.018032 -0.020181
v 0.009045 0.018231 -0.018964
v 0.008988 0.018618 -0.017016
v 0.011113 0.016144 -0.024191
v 0.011010 0.017018 -0.022965
v 0.010914 0.017775 -0.021585
v 0.011060 0.018169 -0.020528
v 0.011004 0.018516 -0.018955
v 0.011000 0.018850 -0.016999
v 0.013011 0.016462 -0.024496
v 0.012915 0.017516 -0.022951
v 0.012203 0.017936 -0.021895
v 0.013544 0.018049 -0.022166
v 0.012915 0.018297 -0.021051
v 0.012989 0.018731 -0.019011
v 0.013000 0.019009 -0.017001
v 0.015885 0.015968 -0.025975
v 0.015147 0.016576 -0.025028
v 0.015007 0.017631 -0.023475
v 0.015055 0.018177 -0.022384
v 0.014991 0.018582 -0.020948
v 0.014999 0.018922 -0.018999
v 0.015000 0.019088 -0.017000
v 0.001029 0.016477 -0.014829
v 0.001043 0.016882 -0.012990
v 0.001142 0.017185 -0.011094
v 0.000812 0.017036 -0.009010
v 0.000668 0.017025 -0.007000
v 0.000578 0.017031 -0.005000
v 0.000521 0.017034 -0.003000
v 0.000493 0.017036 -0.001000
v 0.001902 0.017997 -0.010467
v 0.001786 0.018078 -0.008947
v 0.001667 0.018151 -0.006998
v 0.001578 0.018201 -0.005000
v 0.001521 0.018232 -0.003000
v 0.001493 0.018247 -0.001000
v 0.002611 0.017562 -0.014962
v 0.002245 0.017797 -0.013090
v 0.002057 0.017906 -0.011808
v 0.003700 0.018114 -0.014895
v 0.003333 0.018298 -0.013011
v 0.002921 0.018390 -0.011094
v 0.003070 0.018641 -0.009010
v 0.003073 0.018770 -0.007000
v 0.003062 0.018852 -0.005000
v 0.003055 0.018900 -0.003000
v 0.003051 0.018926 -0.001000
v 0.005079 0.018433 -0.014941
v 0.005032 0.018721 -0.012999
v 0.004985 0.018926 -0.011012
v 0.005002 0.019084 -0.009001
v 0.005002 0.019181 -0.007000
v 0.005002 0.019234 -0.005000
v 0.005002 0.019258 -0.003000
v 0.005002 0.019270 -0.001000
v 0.006988 0.018706 -0.015012
v 0.007000 0.018978 -0.013001
v 0.006999 0.019158 -0.011000
v 0.007000 0.019261 -0.009000
v 0.007000 0.019291 -0.007000
v 0.007000 0.019244 -0.005000
v 0.007000 0.019159 -0.003000
v 0.007000 0.019104 -0.001000
v 0.008999 0.018938 -0.015001
v 0.009000 0.019149 -0.013000
v 0.009000 0.019235 -0.011000
v 0.009000 0.019155 -0.009000
v 0.009000 0.018984 -0.007000
v 0.009000 0.018838 -0.005000
v 0.009000 0.018729 -0.003000
v 0.009000 0.018665 -0.001000
v 0.011000 0.019089 -0.015000
v 0.011000 0.019160 -0.013000
v 0.011000 0.019008 -0.011000
v 0.011000 0.018754 -0.009000
v 0.011000 0.018554 -0.007000
v 0.011000 0.018460 -0.005000
v 0.011000 0.018437 -0.003000
v 0.011000 0.018428 -0.001000
v 0.013000 0.019106 -0.015000
v 0.013000 0.018934 -0.013000
v 0.013000 0.018634 -0.011000
v 0.013000 0.018458 -0.009000
v 0.013000 0.018414 -0.007000
v 0.013000 0.018402 -0.005000
v 0.013000 0.018401 -0.003000
v 0.013000 0.018401 -0.001000
v 0.015000 0.018948 -0.015000
v 0.015000 0.018624 -0.013000
v 0.015000 0.018442 -0.011000
v 0.015000 0.018403 -0.009000
v 0.015000 0.018400 -0.007000
v 0.015000 0.018400 -0.005000
v 0.015000 0.018400 -0.003000
v 0.015000 0.018400 -0.001000
v 0.017930 0.000906 -0.032046
v 0.017983 0.002181 -0.032005
v 0.019071 0.000984 -0.032641
v 0.018968 0.002900 -0.032450
v 0.019355 0.004986 -0.032399
v 0.019653 0.006913 -0.032220
v 0.019893 0.008229 -0.032039
v 0.021850 0.000932 -0.034093
v 0.020762 0.001000 -0.033525
v 0.021927 0.002362 -0.034037
v 0.021055 0.003013 -0.033522
v 0.020966 0.005004 -0.033221
v 0.021025 0.006986 -0.032888
v 0.021069 0.008874 -0.032425
v 0.021636 0.010375 -0.032176
v 0.023068 0.000999 -0.034682
v 0.022950 0.003009 -0.034463
v 0.022074 0.003702 -0.033964
v 0.023336 0.005001 -0.034386
v 0.022247 0.005077 -0.033853
v 0.023655 0.006913 -0.034204
v 0.022567 0.006990 -0.033653
v 0.023899 0.008221 -0.034029
v 0.023056 0.008921 -0.033389
v 0.023018 0.010975 -0.032589
v 0.023626 0.012312 -0.032181
v 0.025921 0.000898 -0.036041
v 0.024829 0.000979 -0.035525
v 0.025993 0.002124 -0.035987
v 0.025100 0.002861 -0.035497
v 0.024986 0.004985 -0.035162
v 0.025070 0.007003 -0.034836
v 0.025064 0.008875 -0.034382
v 0.024329 0.009566 -0.033817
v 0.025643 0.010369 -0.034156
v 0.024932 0.011080 -0.033484
v 0.025163 0.012903 -0.032518
v 0.025849 0.014000 -0.032000
v 0.027093 0.000979 -0.036537
v 0.026991 0.002858 -0.036331
v 0.026160 0.003465 -0.035916
v 0.027459 0.004940 -0.036263
v 0.026405 0.005059 -0.035795
v 0.027741 0.006532 -0.036124
v 0.026948 0.007140 -0.035657
v 0.026930 0.009012 -0.035177
v 0.027019 0.010967 -0.034531
v 0.026270 0.011714 -0.033844
v 0.027639 0.012301 -0.034150
v 0.026944 0.012974 -0.033346
v 0.027113 0.014257 -0.032317
v 0.028931 0.000999 -0.037288
v 0.028951 0.002983 -0.037103
v 0.029038 0.005015 -0.036875
v 0.028910 0.007137 -0.036475
v 0.028048 0.007873 -0.035990
v 0.029434 0.008934 -0.036274
v 0.028371 0.009090 -0.035791
v 0.029828 0.010229 -0.036044
v 0.029034 0.010932 -0.035402
v 0.029229 0.012870 -0.034442
v 0.028567 0.013562 -0.033654
v 0.029914 0.013949 -0.033942
v 0.029179 0.014531 -0.032944
v 0.031477 0.000997 -0.038226
v 0.030361 0.001000 -0.037835
v 0.031687 0.002928 -0.038133
v 0.030598 0.002997 -0.037729
v 0.031877 0.004335 -0.038040
v 0.031035 0.005004 -0.037635
v 0.030935 0.007020 -0.037263
v 0.031060 0.008984 -0.036868
v 0.031158 0.010851 -0.036309
v 0.030470 0.011545 -0.035732
v 0.031799 0.012083 -0.036005
v 0.031105 0.012849 -0.035212
v 0.031135 0.014163 -0.034169
v 0.031161 0.015233 -0.032817
v 0.016821 0.000995 -0.031461
v 0.017113 0.002898 -0.031485
v 0.016976 0.004989 -0.031181
v 0.017023 0.006987 -0.030871
v 0.017054 0.008889 -0.030425
v 0.016300 0.009598 -0.029849
v 0.017613 0.010401 -0.030187
v 0.016883 0.011124 -0.029541
v 0.016992 0.013015 -0.028627
v 0.016266 0.013770 -0.027877
v 0.017632 0.014166 -0.028130
v 0.016989 0.014916 -0.027258
v 0.018106 0.003521 -0.031942
v 0.018269 0.005051 -0.031835
v 0.018567 0.006990 -0.031644
v 0.019048 0.008930 -0.031385
v 0.019000 0.010993 -0.030590
v 0.018239 0.011747 -0.029884
v 0.019601 0.012331 -0.030195
v 0.018900 0.013019 -0.029433
v 0.019071 0.014409 -0.028471
v 0.018996 0.015431 -0.027475
v 0.020322 0.009576 -0.031817
v 0.020924 0.011087 -0.031481
v 0.021146 0.012916 -0.030524
v 0.020477 0.013613 -0.029715
v 0.021827 0.014027 -0.030012
v 0.021091 0.014684 -0.029026
v 0.020910 0.015757 -0.027806
v 0.022265 0.011720 -0.031848
v 0.022932 0.012985 -0.031351
v 0.023085 0.014285 -0.030330
v 0.022867 0.015402 -0.028976
v 0.022118 0.015977 -0.027981
v 0.024501 0.013582 -0.031670
v 0.025120 0.014588 -0.030970
v 0.024927 0.015633 -0.029570
v 0.027022 0.015336 -0.030909
v 0.026342 0.015872 -0.029847
v 0.028981 0.015572 -0.031447
v 0.030538 0.015798 -0.031740
v 0.031877 0.015949 -0.032011
v 0.017100 0.016112 -0.026171
v 0.017013 0.017010 -0.024984
v 0.016918 0.017815 -0.023755
v 0.016993 0.018313 -0.022667
v 0.016999 0.018794 -0.020968
v 0.017000 0.019070 -0.018999
v 0.017000 0.019052 -0.017000
v 0.018997 0.016383 -0.026403
v 0.018954 0.017436 -0.024896
v 0.018262 0.017939 -0.023925
v 0.019602 0.018028 -0.024090
v 0.018953 0.018387 -0.023066
v 0.018994 0.018968 -0.021013
v 0.019000 0.019179 -0.019001
v 0.019000 0.018944 -0.017000
v 0.020978 0.016571 -0.026742
v 0.020995 0.017513 -0.025294
v 0.021063 0.018131 -0.024229
v 0.020996 0.018655 -0.022930
v 0.021000 0.019142 -0.020998
v 0.021000 0.019263 -0.019000
v 0.021000 0.018883 -0.017000
v 0.023458 0.016140 -0.028225
v 0.022854 0.016672 -0.027151
v 0.022982 0.017644 -0.025543
v 0.023002 0.018244 -0.024411
v 0.023000 0.018834 -0.022936
v 0.023000 0.019281 -0.020998
v 0.023000 0.019315 -0.019000
v 0.023000 0.018869 -0.017000
v 0.025042 0.016326 -0.028519
v 0.024983 0.017096 -0.027046
v 0.024999 0.017798 -0.025693
v 0.025000 0.018336 -0.024576
v 0.025000 0.018973 -0.022957
v 0.025000 0.019398 -0.020999
v 0.025000 0.019366 -0.019000
v 0.025000 0.018873 -0.017000
v 0.027683 0.016039 -0.030130
v 0.027009 0.016451 -0.029021
v 0.027000 0.017321 -0.027100
v 0.027000 0.017890 -0.025801
v 0.027000 0.018386 -0.024684
v 0.027000 0.019062 -0.022971
v 0.027000 0.019499 -0.020999
v 0.027000 0.019462 -0.019000
v 0.027000 0.018930 -0.017000
v 0.029091 0.016186 -0.030395
v 0.029005 0.016766 -0.028947
v 0.029000 0.017456 -0.027094
v 0.029000 0.017922 -0.025826
v 0.029000 0.018382 -0.024709
v 0.029000 0.019083 -0.022975
v 0.029000 0.019572 -0.020999
v 0.029000 0.019601 -0.019000
v 0.029000 0.019064 -0.017000
v 0.031143 0.016279 -0.030946
v 0.031018 0.016925 -0.029002
v 0.031001 0.017495 -0.027086
v 0.031000 0.017904 -0.025749
v 0.030998 0.018317 -0.024633
v 0.031000 0.019003 -0.022966
v 0.031000 0.019582 -0.020999
v 0.031000 0.019723 -0.019000
v 0.031001 0.019279 -0.017000
v 0.017000 0.018729 -0.015000
v 0.017000 0.018456 -0.013000
v 0.017000 0.018403 -0.011000
v 0.017000 0.018400 -0.009000
v 0.017000 0.018400 -0.007000
v 0.017000 0.018400 -0.005000
v 0.017000 0.018400 -0.003000
v 0.017000 0.018400 -0.001000
v 0.019000 0.018554 -0.015000
v 0.019000 0.018415 -0.013000
v 0.019000 0.018400 -0.011000
v 0.019000 0.018400 -0.009000
v 0.019000 0.018400 -0.007000
v 0.019000 0.018400 -0.005000
v 0.019000 0.018400 -0.003000
v 0.019000 0.018400 -0.001000
v 0.021000 0.018467 -0.015000
v 0.021000 0.018403 -0.013000
v 0.021000 0.018400 -0.011000
v 0.021000 0.018400 -0.009000
v 0.021000 0.018400 -0.007000
v 0.021000 0.018400 -0.005000
v 0.021000 0.018400 -0.003000
v 0.021000 0.018400 -0.001000
v 0.023000 0.018455 -0.015000
v 0.023000 0.018402 -0.013000
v 0.023000 0.018400 -0.011000
v 0.023000 0.018400 -0.009000
v 0.023000 0.018400 -0.007000
v 0.023000 0.018400 -0.005000
v 0.023000 0.018400 -0.003000
v 0.023000 0.018400 -0.001000
v 0.025000 0.018454 -0.015000
v 0.025000 0.018402 -0.013000
v 0.025000 0.018400 -0.011000
v 0.025000 0.018400 -0.009000
v 0.025000 0.018400 -0.007000
v 0.025000 0.018400 -0.005000
v 0.025000 0.018400 -0.003000
v 0.025000 0.018400 -0.001000
v 0.027000 0.018464 -0.015000
v 0.027000 0.018402 -0.013000
v 0.027000 0.018400 -0.011000
v 0.027000 0.018400 -0.009000
v 0.027000 0.018400 -0.007000
v 0.027000 0.018400 -0.005000
v 0.027000 0.018400 -0.003000
v 0.027000 0.018400 -0.001000
v 0.029000 0.018509 -0.015000
v 0.029000 0.018406 -0.013000
v 0.029000 0.018400 -0.011000
v 0.029000 0.018400 -0.009000
v 0.029000 0.018400 -0.007000
v 0.029000 0.018400 -0.005000
v 0.029000 0.018400 -0.003000
v 0.029000 0.018400 -0.001000
v 0.031001 0.018655 -0.015001
v 0.031000 0.018425 -0.013000
v 0.031000 0.018401 -0.011000
v 0.031000 0.018400 -0.009000
v 0.031000 0.018400 -0.007000
v 0.031000 0.018400 -0.005000
v 0.031000 0.018400 -0.003000
v 0.031000 0.018400 -0.001000
v 0.033048 0.001000 -0.038735
v 0.033065 0.002997 -0.038577
v 0.032975 0.005001 -0.038315
v 0.032140 0.005675 -0.037944
v 0.033492 0.006924 -0.038198
v 0.032432 0.007068 -0.037804
v 0.033819 0.008286 -0.038051
v 0.033010 0.008972 -0.037584
v 0.033020 0.010923 -0.036949
v 0.033099 0.012405 -0.036274
v 0.032958 0.013406 -0.035517
v 0.033014 0.014457 -0.034532
v 0.033023 0.015438 -0.033212
v 0.034977 0.000999 -0.039305
v 0.035017 0.002989 -0.039157
v 0.034991 0.004999 -0.038930
v 0.035051 0.006992 -0.038665
v 0.035059 0.008912 -0.038291
v 0.034323 0.009624 -0.037871
v 0.035660 0.010312 -0.038092
v 0.034946 0.011046 -0.037563
v 0.035083 0.012967 -0.036566
v 0.034445 0.013750 -0.035782
v 0.035785 0.014013 -0.036012
v 0.035078 0.014619 -0.035046
v 0.035007 0.015647 -0.033542
v 0.037823 0.000909 -0.040049
v 0.036730 0.000986 -0.039774
v 0.037956 0.002201 -0.040003
v 0.037086 0.002912 -0.039722
v 0.036956 0.004991 -0.039476
v 0.037006 0.007002 -0.039213
v 0.037010 0.008991 -0.038828
v 0.037113 0.010910 -0.038310
v 0.036415 0.011634 -0.037805
v 0.037756 0.012094 -0.038013
v 0.037067 0.012872 -0.037278
v 0.037095 0.014180 -0.036229
v 0.036997 0.015100 -0.035000
v 0.036906 0.015848 -0.033793
v 0.039082 0.000986 -0.040330
v 0.038990 0.002910 -0.040195
v 0.038159 0.003542 -0.039952
v 0.039497 0.004923 -0.040136
v 0.038440 0.005055 -0.039864
v 0.039805 0.006361 -0.040045
v 0.038995 0.007025 -0.039740
v 0.038992 0.009017 -0.039357
v 0.039011 0.010929 -0.038817
v 0.039084 0.012356 -0.038235
v 0.039006 0.013384 -0.037510
v 0.038990 0.014458 -0.036467
v 0.038897 0.015513 -0.034925
v 0.038179 0.015958 -0.033953
v 0.041002 0.000999 -0.040738
v 0.040993 0.002989 -0.040630
v 0.041043 0.004998 -0.040472
v 0.040985 0.006985 -0.040233
v 0.040216 0.007721 -0.039953
v 0.041524 0.008511 -0.040118
v 0.040836 0.009183 -0.039807
v 0.040969 0.010997 -0.039293
v 0.040979 0.012706 -0.038512
v 0.040895 0.013757 -0.037783
v 0.040976 0.014656 -0.036784
v 0.040988 0.015600 -0.035354
v 0.043000 0.001000 -0.041107
v 0.043000 0.003000 -0.041015
v 0.043000 0.005001 -0.040865
v 0.042978 0.007015 -0.040643
v 0.042923 0.009068 -0.040306
v 0.042139 0.009852 -0.039975
v 0.043497 0.010397 -0.040115
v 0.042810 0.011123 -0.039710
v 0.042834 0.013095 -0.038721
v 0.042103 0.013951 -0.037953
v 0.043443 0.014115 -0.038116
v 0.042844 0.014750 -0.037157
v 0.042977 0.015733 -0.035628
v 0.044998 0.001000 -0.041437
v 0.044999 0.003000 -0.041355
v 0.045000 0.005000 -0.041219
v 0.044999 0.007001 -0.041021
v 0.044992 0.009014 -0.040716
v 0.045069 0.010952 -0.040274
v 0.044356 0.011695 -0.039872
v 0.045717 0.012095 -0.040012
v 0.045016 0.012893 -0.039371
v 0.045044 0.014263 -0.038309
v 0.044965 0.015205 -0.037024
v 0.044903 0.015888 -0.035825
v 0.046932 0.001000 -0.041745
v 0.046955 0.003000 -0.041677
v 0.047003 0.005005 -0.041555
v 0.046998 0.007000 -0.041370
v 0.047000 0.008998 -0.041094
v 0.047008 0.010928 -0.040658
v 0.047080 0.012321 -0.040177
v 0.047003 0.013353 -0.039524
v 0.046988 0.014486 -0.038485
v 0.046889 0.015545 -0.036924
v 0.046168 0.015984 -0.035963
v 0.033102 0.016068 -0.032168
v 0.035004 0.016200 -0.032422
v 0.036984 0.016302 -0.032703
v 0.039520 0.016036 -0.034123
v 0.038897 0.016339 -0.033085
v 0.041051 0.016125 -0.034285
v 0.040989 0.016536 -0.032939
v 0.043001 0.016210 -0.034496
v 0.043000 0.016649 -0.032947
v 0.044983 0.016297 -0.034733
v 0.045000 0.016797 -0.032976
v 0.047509 0.016066 -0.036118
v 0.046890 0.016454 -0.035091
v 0.046997 0.017194 -0.033023
v 0.033021 0.016513 -0.030909
v 0.033001 0.017032 -0.028999
v 0.033001 0.017470 -0.027057
v 0.033008 0.017846 -0.025513
v 0.032944 0.018196 -0.024426
v 0.033008 0.018790 -0.022956
v 0.033001 0.019491 -0.020999
v 0.033001 0.019788 -0.018999
v 0.033022 0.019542 -0.016991
v 0.035001 0.016670 -0.030937
v 0.035000 0.017083 -0.028998
v 0.035010 0.017416 -0.026997
v 0.035082 0.017803 -0.025014
v 0.035790 0.018006 -0.023931
v 0.034449 0.018086 -0.024197
v 0.035080 0.018430 -0.023074
v 0.035011 0.019284 -0.021014
v 0.035022 0.019797 -0.018993
v 0.035210 0.019840 -0.016936
v 0.036023 0.019983 -0.016289
v 0.036999 0.016784 -0.030972
v 0.037000 0.017118 -0.028999
v 0.037001 0.017355 -0.027002
v 0.037014 0.017632 -0.025067
v 0.037093 0.017908 -0.023654
v 0.036950 0.018272 -0.022596
v 0.037004 0.018945 -0.020973
v 0.037002 0.019641 -0.019061
v 0.037025 0.019936 -0.017530
v 0.037126 0.020008 -0.016472
v 0.038987 0.016868 -0.031015
v 0.039000 0.017155 -0.029001
v 0.039000 0.017316 -0.027000
v 0.039006 0.017494 -0.025001
v 0.039047 0.017802 -0.023048
v 0.039732 0.017985 -0.021858
v 0.038394 0.018106 -0.022257
v 0.039044 0.018436 -0.021032
v 0.039005 0.019269 -0.019065
v 0.038986 0.019827 -0.017502
v 0.038913 0.020009 -0.016414
v 0.040999 0.016947 -0.030999
v 0.041000 0.017179 -0.029000
v 0.041000 0.017297 -0.027001
v 0.041000 0.017406 -0.025001
v 0.041017 0.017616 -0.023045
v 0.041031 0.017867 -0.021538
v 0.041020 0.018205 -0.020494
v 0.040989 0.018815 -0.018928
v 0.040904 0.019601 -0.016925
v 0.040190 0.019963 -0.016087
v 0.043000 0.017014 -0.030998
v 0.042999 0.017227 -0.029001
v 0.043009 0.017369 -0.027016
v 0.042962 0.017519 -0.025000
v 0.043036 0.017757 -0.022998
v 0.042487 0.017872 -0.021532
v 0.043813 0.018023 -0.022251
v 0.043107 0.018152 -0.020819
v 0.043012 0.018653 -0.018978
v 0.042990 0.019344 -0.017015
v 0.045009 0.017215 -0.031004
v 0.044945 0.017505 -0.029020
v 0.045022 0.017737 -0.027135
v 0.044519 0.017818 -0.025080
v 0.044205 0.017927 -0.023615
v 0.045858 0.018022 -0.026523
v 0.045577 0.018096 -0.024952
v 0.045013 0.018158 -0.022958
v 0.045008 0.018357 -0.020975
v 0.045000 0.018708 -0.018998
v 0.044989 0.019198 -0.016996
v 0.047080 0.017692 -0.031039
v 0.046395 0.017867 -0.029103
v 0.046067 0.017964 -0.027864
v 0.047844 0.018001 -0.030336
v 0.047457 0.018081 -0.028952
v 0.046927 0.018137 -0.027131
v 0.047045 0.018262 -0.025015
v 0.046996 0.018336 -0.022996
v 0.047000 0.018425 -0.020999
v 0.047000 0.018603 -0.019000
v 0.046999 0.018861 -0.016999
v 0.033021 0.018926 -0.015019
v 0.033002 0.018485 -0.013002
v 0.033000 0.018405 -0.011000
v 0.033000 0.018400 -0.009000
v 0.033000 0.018400 -0.007000
v 0.033000 0.018400 -0.005000
v 0.033000 0.018400 -0.003000
v 0.033000 0.018400 -0.001000
v 0.035176 0.019440 -0.015152
v 0.035036 0.018746 -0.013036
v 0.035003 0.018454 -0.011003
v 0.035000 0.018404 -0.009000
v 0.035000 0.018400 -0.007000
v 0.035000 0.018400 -0.005000
v 0.035000 0.018400 -0.003000
v 0.035000 0.018400 -0.001000
v 0.036041 0.019924 -0.015788
v 0.036560 0.019686 -0.014592
v 0.037100 0.019354 -0.013108
v 0.037029 0.018725 -0.011029
v 0.037002 0.018464 -0.009001
v 0.037000 0.018412 -0.007000
v 0.037000 0.018402 -0.005000
v 0.037000 0.018401 -0.003000
v 0.037000 0.018401 -0.001000
v 0.037228 0.019994 -0.015197
v 0.037891 0.019929 -0.013898
v 0.038533 0.019669 -0.012553
v 0.039082 0.019384 -0.011075
v 0.039024 0.018823 -0.009002
v 0.039000 0.018553 -0.007000
v 0.038999 0.018457 -0.005000
v 0.039001 0.018431 -0.003000
v 0.039000 0.018419 -0.001000
v 0.039023 0.020050 -0.014967
v 0.039204 0.020018 -0.013214
v 0.039866 0.019948 -0.011854
v 0.041530 0.019881 -0.015520
v 0.040496 0.019743 -0.010480
v 0.041040 0.019563 -0.008884
v 0.040966 0.019135 -0.006986
v 0.040974 0.018870 -0.004999
v 0.041012 0.018719 -0.002997
v 0.041000 0.018621 -0.001000
v 0.040903 0.020026 -0.014808
v 0.041021 0.020060 -0.013014
v 0.041177 0.020031 -0.011157
v 0.041815 0.019982 -0.009575
v 0.043039 0.019829 -0.015318
v 0.042299 0.019907 -0.008217
v 0.042542 0.019769 -0.006911
v 0.042715 0.019586 -0.004997
v 0.043081 0.019508 -0.002980
v 0.042967 0.019312 -0.001006
v 0.042900 0.020014 -0.014277
v 0.042984 0.020052 -0.012907
v 0.043015 0.020065 -0.011002
v 0.043074 0.020044 -0.008924
v 0.043623 0.020036 -0.006990
v 0.043804 0.020030 -0.005068
v 0.043933 0.019983 -0.003640
v 0.044917 0.019695 -0.014970
v 0.045524 0.019858 -0.013543
v 0.044361 0.019893 -0.002304
v 0.044383 0.019880 -0.001009
v 0.044204 0.019987 -0.014153
v 0.044834 0.020030 -0.012851
v 0.044906 0.020065 -0.010984
v 0.044993 0.020064 -0.008981
v 0.045068 0.020085 -0.006998
v 0.045096 0.020103 -0.005000
v 0.045117 0.020054 -0.002980
v 0.045428 0.020054 -0.001006
v 0.046976 0.019208 -0.014985
v 0.046909 0.019617 -0.012923
v 0.047327 0.019766 -0.011044
v 0.047614 0.019878 -0.009557
v 0.046060 0.019978 -0.012212
v 0.046276 0.020019 -0.010903
v 0.046864 0.020035 -0.008920
v 0.046900 0.020082 -0.006987
v 0.046914 0.020092 -0.004999
v 0.046924 0.020073 -0.002997
v 0.046969 0.020094 -0.001000
v 0.049499 0.000998 -0.042073
v 0.048383 0.001000 -0.041948
v 0.049664 0.002935 -0.042050
v 0.048578 0.003002 -0.041915
v 0.049807 0.004384 -0.042026
v 0.048990 0.005037 -0.041865
v 0.048944 0.007007 -0.041689
v 0.049005 0.008991 -0.041439
v 0.049001 0.010961 -0.040998
v 0.049004 0.012621 -0.040370
v 0.048933 0.013668 -0.039723
v 0.049000 0.014633 -0.038748
v 0.048988 0.015608 -0.037402
v 0.051053 0.001000 -0.042276
v 0.051061 0.003002 -0.042237
v 0.050969 0.005035 -0.042141
v 0.050136 0.005724 -0.041981
v 0.051493 0.006921 -0.042086
v 0.050434 0.007070 -0.041914
v 0.051830 0.008234 -0.042015
v 0.051019 0.008939 -0.041774
v 0.051017 0.010991 -0.041303
v 0.051026 0.013038 -0.040477
v 0.050367 0.013857 -0.039863
v 0.051707 0.014019 -0.039992
v 0.051026 0.014656 -0.039120
v 0.051001 0.015722 -0.037717
v 0.053002 0.001000 -0.042527
v 0.053002 0.003000 -0.042496
v 0.052992 0.005004 -0.042412
v 0.053060 0.006987 -0.042292
v 0.053130 0.008858 -0.042116
v 0.052429 0.009557 -0.041904
v 0.053758 0.010107 -0.042006
v 0.053057 0.010939 -0.041661
v 0.053013 0.012907 -0.040859
v 0.053079 0.014138 -0.040109
v 0.053014 0.015034 -0.038995
v 0.052944 0.015858 -0.037844
v 0.055000 0.001000 -0.042746
v 0.055000 0.003000 -0.042723
v 0.055000 0.005000 -0.042653
v 0.055002 0.006997 -0.042533
v 0.055013 0.008928 -0.042342
v 0.055088 0.010422 -0.042105
v 0.054946 0.011478 -0.041794
v 0.055004 0.012956 -0.041145
v 0.055013 0.014294 -0.040239
v 0.055079 0.015398 -0.038845
v 0.054445 0.015951 -0.037931
v 0.057000 0.001000 -0.042944
v 0.057000 0.003000 -0.042926
v 0.057000 0.005000 -0.042868
v 0.057000 0.007000 -0.042758
v 0.057005 0.009002 -0.042559
v 0.057043 0.010979 -0.042209
v 0.056389 0.011788 -0.041905
v 0.057729 0.012061 -0.041992
v 0.057040 0.012871 -0.041485
v 0.057006 0.014386 -0.040421
v 0.057013 0.015421 -0.039151
v 0.059000 0.001000 -0.043119
v 0.059000 0.003000 -0.043105
v 0.059000 0.005000 -0.043061
v 0.059000 0.007000 -0.042965
v 0.059000 0.008998 -0.042778
v 0.059008 0.010919 -0.042443
v 0.059081 0.012217 -0.042087
v 0.059008 0.013258 -0.041535
v 0.059000 0.014528 -0.040549
v 0.059000 0.015519 -0.039320
v 0.061000 0.001000 -0.043279
v 0.061000 0.003000 -0.043268
v 0.061000 0.005000 -0.043230
v 0.061000 0.007000 -0.043143
v 0.061000 0.008998 -0.042968
v 0.061000 0.010937 -0.042637
v 0.061003 0.012415 -0.042199
v 0.061000 0.013489 -0.041637
v 0.061000 0.014629 -0.040663
v 0.061000 0.015602 -0.039456
v 0.063000 0.001000 -0.043437
v 0.063000 0.003000 -0.043430
v 0.063000 0.005000 -0.043392
v 0.063000 0.007000 -0.043303
v 0.063000 0.008999 -0.043129
v 0.063000 0.010960 -0.042803
v 0.063000 0.012599 -0.042306
v 0.062997 0.013682 -0.041745
v 0.063000 0.014721 -0.040775
v 0.063000 0.015679 -0.039579
v 0.049050 0.016282 -0.036339
v 0.048988 0.016998 -0.034949
v 0.049000 0.017649 -0.033084
v 0.051002 0.016523 -0.036590
v 0.050999 0.017340 -0.034963
v 0.051000 0.017821 -0.033083
v 0.053008 0.016631 -0.036755
v 0.053000 0.017468 -0.034981
v 0.052985 0.017859 -0.033075
v 0.055786 0.016020 -0.038031
v 0.055079 0.016577 -0.037067
v 0.054998 0.017537 -0.035015
v 0.054908 0.017924 -0.033047
v 0.055536 0.018014 -0.032250
v 0.057089 0.016088 -0.038121
v 0.057013 0.016801 -0.036919
v 0.057000 0.017622 -0.035067
v 0.056989 0.017948 -0.033599
v 0.057054 0.018037 -0.032516
v 0.059003 0.016177 -0.038253
v 0.059001 0.016924 -0.036917
v 0.059011 0.017680 -0.035057
v 0.058949 0.017960 -0.033709
v 0.059013 0.018035 -0.032628
v 0.061000 0.016259 -0.038376
v 0.061013 0.017044 -0.036914
v 0.061107 0.017789 -0.034883
v 0.060485 0.017967 -0.033748
v 0.061826 0.017981 -0.034005
v 0.061107 0.018023 -0.032947
v 0.063000 0.016331 -0.038487
v 0.063001 0.017150 -0.036963
v 0.063017 0.017810 -0.035212
v 0.063093 0.018001 -0.034121
v 0.063015 0.018052 -0.032901
v 0.049014 0.017930 -0.031707
v 0.049094 0.018049 -0.030630
v 0.049048 0.018151 -0.028968
v 0.048985 0.018230 -0.027016
v 0.049001 0.018293 -0.025001
v 0.049000 0.018328 -0.023000
v 0.049000 0.018377 -0.021000
v 0.049000 0.018485 -0.019000
v 0.049000 0.018604 -0.017000
v 0.050997 0.017976 -0.031744
v 0.051003 0.018036 -0.030629
v 0.051002 0.018103 -0.028963
v 0.050999 0.018154 -0.026999
v 0.051000 0.018192 -0.025000
v 0.051000 0.018214 -0.023000
v 0.051000 0.018270 -0.021000
v 0.051000 0.018361 -0.019000
v 0.051000 0.018411 -0.017000
v 0.052908 0.017979 -0.031730
v 0.052985 0.018031 -0.030640
v 0.052999 0.018077 -0.028962
v 0.053000 0.018102 -0.026999
v 0.053000 0.018122 -0.025000
v 0.053000 0.018138 -0.023000
v 0.053000 0.018199 -0.021000
v 0.053000 0.018276 -0.019000
v 0.053000 0.018287 -0.017000
v 0.054196 0.017996 -0.031902
v 0.054908 0.018065 -0.031056
v 0.054989 0.018144 -0.029010
v 0.055000 0.018172 -0.027001
v 0.055000 0.018198 -0.025000
v 0.055000 0.018204 -0.023000
v 0.055000 0.018233 -0.021000
v 0.055000 0.018278 -0.019000
v 0.055000 0.018251 -0.017000
v 0.056990 0.018134 -0.030965
v 0.056999 0.018218 -0.029000
v 0.057000 0.018255 -0.027000
v 0.057000 0.018293 -0.025000
v 0.057000 0.018292 -0.023000
v 0.057000 0.018288 -0.021000
v 0.057000 0.018301 -0.019000
v 0.057000 0.018253 -0.017000
v 0.059001 0.018114 -0.030962
v 0.059000 0.018178 -0.028999
v 0.059000 0.018237 -0.027000
v 0.059000 0.018297 -0.025000
v 0.059000 0.018301 -0.023000
v 0.059000 0.018293 -0.021000
v 0.059000 0.018291 -0.019000
v 0.059000 0.018245 -0.017000
v 0.061013 0.018076 -0.030997
v 0.061000 0.018124 -0.029000
v 0.061000 0.018204 -0.027000
v 0.061000 0.018280 -0.025000
v 0.061000 0.018292 -0.023000
v 0.061000 0.018288 -0.021000
v 0.061000 0.018281 -0.019000
v 0.061000 0.018227 -0.017000
v 0.063001 0.018094 -0.030996
v 0.063000 0.018151 -0.029000
v 0.063000 0.018234 -0.027000
v 0.063000 0.018300 -0.025000
v 0.063000 0.018307 -0.023000
v 0.063000 0.018305 -0.021000
v 0.063000 0.018307 -0.019000
v 0.063000 0.018256 -0.017000
v 0.048999 0.018779 -0.014999
v 0.048987 0.019034 -0.012990
v 0.049013 0.019279 -0.010992
v 0.048893 0.019590 -0.008923
v 0.049247 0.019664 -0.006987
v 0.049329 0.019742 -0.005000
v 0.049343 0.019801 -0.003000
v 0.049396 0.019828 -0.001000
v 0.048026 0.019970 -0.008217
v 0.048154 0.020018 -0.006911
v 0.048213 0.020032 -0.004997
v 0.048226 0.020023 -0.003000
v 0.048280 0.020032 -0.001000
v 0.051000 0.018459 -0.015000
v 0.050999 0.018585 -0.013000
v 0.051000 0.018747 -0.010999
v 0.050985 0.018919 -0.008990
v 0.051023 0.019058 -0.006999
v 0.051032 0.019166 -0.005000
v 0.051032 0.019254 -0.003000
v 0.051040 0.019286 -0.001000
v 0.053000 0.018257 -0.015000
v 0.053000 0.018308 -0.013000
v 0.053000 0.018417 -0.011000
v 0.052999 0.018496 -0.009000
v 0.053001 0.018556 -0.007000
v 0.053001 0.018603 -0.005000
v 0.053001 0.018645 -0.003000
v 0.053001 0.018652 -0.001000
v 0.055000 0.018190 -0.015000
v 0.055000 0.018211 -0.013000
v 0.055000 0.018281 -0.011000
v 0.055000 0.018320 -0.009000
v 0.055000 0.018335 -0.007000
v 0.055000 0.018339 -0.005000
v 0.055000 0.018328 -0.003000
v 0.055000 0.018320 -0.001000
v 0.057000 0.018182 -0.015000
v 0.057000 0.018194 -0.013000
v 0.057000 0.018249 -0.011000
v 0.057000 0.018283 -0.009000
v 0.057000 0.018288 -0.007000
v 0.057000 0.018274 -0.005000
v 0.057000 0.018232 -0.003000
v 0.057000 0.018216 -0.001000
v 0.059000 0.018177 -0.015000
v 0.059000 0.018184 -0.013000
v 0.059000 0.018233 -0.011000
v 0.059000 0.018256 -0.009000
v 0.059000 0.018266 -0.007000
v 0.059000 0.018262 -0.005000
v 0.059000 0.018217 -0.003000
v 0.059000 0.018204 -0.001000
v 0.061000 0.018166 -0.015000
v 0.061000 0.018168 -0.013000
v 0.061000 0.018192 -0.011000
v 0.061000 0.018206 -0.009000
v 0.061000 0.018240 -0.007000
v 0.061000 0.018272 -0.005000
v 0.061000 0.018254 -0.003000
v 0.061000 0.018245 -0.001000
v 0.063000 0.018223 -0.015000
v 0.063000 0.018232 -0.013000
v 0.063000 0.018226 -0.011000
v 0.063000 0.018241 -0.009000
v 0.063000 0.018276 -0.007000
v 0.063000 0.018309 -0.005000
v 0.063000 0.018320 -0.003000
v 0.063000 0.018305 -0.001000
v 0.065001 0.000999 -0.043548
v 0.065000 0.003000 -0.043542
v 0.064999 0.005000 -0.043499
v 0.064999 0.007000 -0.043394
v 0.065000 0.008999 -0.043197
v 0.064999 0.010982 -0.042905
v 0.064990 0.012781 -0.042392
v 0.064915 0.013850 -0.041853
v 0.064990 0.014797 -0.040906
v 0.064999 0.015755 -0.039687
v 0.067013 0.000978 -0.043352
v 0.067805 0.000978 -0.040711
v 0.067793 0.000999 -0.039402
v 0.066980 0.002998 -0.043357
v 0.067772 0.002998 -0.040708
v 0.067792 0.003000 -0.039402
v 0.066970 0.005000 -0.043296
v 0.067762 0.004998 -0.040713
v 0.067792 0.004998 -0.039404
v 0.066969 0.006999 -0.043166
v 0.067774 0.006942 -0.040700
v 0.067804 0.006943 -0.039430
v 0.067006 0.008990 -0.042993
v 0.067927 0.008367 -0.040513
v 0.067920 0.008379 -0.039619
v 0.066991 0.011015 -0.042876
v 0.066941 0.013087 -0.042388
v 0.066246 0.013945 -0.041914
v 0.067582 0.014019 -0.041966
v 0.066941 0.014725 -0.041162
v 0.066992 0.015788 -0.039771
v 0.069010 0.000795 -0.042489
v 0.069071 0.000795 -0.041781
v 0.069078 0.001000 -0.038503
v 0.068677 0.002977 -0.042598
v 0.068752 0.002977 -0.041742
v 0.069078 0.003000 -0.038503
v 0.068589 0.004999 -0.042570
v 0.068665 0.004999 -0.041736
v 0.069078 0.005000 -0.038506
v 0.068601 0.006989 -0.042494
v 0.068670 0.006996 -0.041673
v 0.069071 0.007006 -0.038584
v 0.068965 0.008970 -0.042411
v 0.069025 0.008951 -0.041102
v 0.069066 0.008971 -0.039269
v 0.068934 0.010989 -0.042750
v 0.069580 0.010312 -0.040527
v 0.069641 0.010322 -0.039625
v 0.068920 0.012914 -0.042510
v 0.068961 0.014065 -0.042006
v 0.068929 0.014919 -0.040998
v 0.068972 0.015758 -0.039731
v 0.069860 0.000096 -0.042075
v 0.069863 0.000096 -0.041972
v 0.071002 0.001000 -0.038123
v 0.071002 0.003000 -0.038123
v 0.071002 0.005000 -0.038124
v 0.071001 0.007001 -0.038153
v 0.070027 0.009611 -0.042218
v 0.070035 0.009626 -0.041659
v 0.070991 0.009011 -0.038455
v 0.070224 0.011057 -0.042291
v 0.070431 0.011032 -0.041032
v 0.071012 0.010976 -0.039255
v 0.070267 0.012896 -0.042178
v 0.070831 0.012955 -0.040928
v 0.071447 0.013050 -0.038999
v 0.071763 0.013621 -0.037001
v 0.071803 0.013686 -0.035000
v 0.071804 0.013688 -0.033000
v 0.070057 0.013991 -0.041943
v 0.070353 0.014429 -0.040907
v 0.070699 0.015059 -0.039104
v 0.071306 0.015012 -0.037013
v 0.071419 0.015014 -0.035001
v 0.071423 0.015017 -0.033000
v 0.073000 0.001000 -0.038012
v 0.073000 0.003000 -0.038012
v 0.073000 0.005000 -0.038012
v 0.073000 0.006999 -0.038019
v 0.072998 0.008974 -0.038095
v 0.072978 0.010776 -0.038212
v 0.073509 0.011324 -0.036913
v 0.073583 0.011591 -0.034997
v 0.073587 0.011623 -0.033000
v 0.072325 0.012312 -0.038265
v 0.072515 0.012579 -0.036927
v 0.072555 0.012636 -0.034998
v 0.072558 0.012639 -0.033000
v 0.075000 0.001000 -0.038000
v 0.075000 0.003000 -0.038000
v 0.075000 0.005000 -0.038000
v 0.075000 0.006996 -0.038001
v 0.075000 0.008887 -0.038004
v 0.075001 0.010032 -0.037911
v 0.075057 0.010608 -0.036881
v 0.075064 0.011048 -0.034996
v 0.075064 0.011106 -0.033000
v 0.077000 0.001000 -0.038000
v 0.077000 0.003000 -0.038000
v 0.077000 0.005000 -0.038000
v 0.077000 0.006996 -0.038000
v 0.077000 0.008881 -0.037996
v 0.077000 0.009941 -0.037880
v 0.077002 0.010502 -0.036879
v 0.077002 0.010949 -0.034996
v 0.077002 0.011006 -0.033000
v 0.079000 0.001000 -0.038000
v 0.079000 0.003000 -0.038000
v 0.079000 0.005000 -0.038000
v 0.079000 0.006996 -0.038000
v 0.079000 0.008881 -0.037996
v 0.079000 0.009938 -0.037879
v 0.079000 0.010496 -0.036879
v 0.079000 0.010942 -0.034996
v 0.079000 0.010998 -0.033000
v 0.069659 0.000997 -0.016396
v 0.069822 0.002909 -0.016284
v 0.070049 0.004111 -0.016207
v 0.071579 0.000997 -0.018409
v 0.070532 0.001000 -0.017449
v 0.071693 0.002918 -0.018278
v 0.070682 0.002981 -0.017296
v 0.071863 0.004263 -0.018048
v 0.071076 0.004870 -0.016909
v 0.071436 0.006990 -0.016628
v 0.071569 0.008999 -0.016528
v 0.071652 0.010989 -0.016633
v 0.071803 0.013688 -0.031000
v 0.071803 0.013688 -0.029000
v 0.071803 0.013688 -0.027000
v 0.071803 0.013688 -0.025000
v 0.071803 0.013688 -0.023000
v 0.071801 0.013668 -0.021000
v 0.071770 0.013493 -0.019015
v 0.071680 0.012929 -0.017134
v 0.071416 0.015019 -0.031000
v 0.071418 0.015020 -0.029000
v 0.071418 0.015020 -0.027000
v 0.071418 0.015020 -0.025000
v 0.071419 0.015020 -0.023000
v 0.071419 0.015019 -0.021000
v 0.071420 0.015000 -0.019001
v 0.071441 0.014954 -0.017011
v 0.073062 0.001000 -0.018913
v 0.073068 0.002992 -0.018783
v 0.072995 0.004961 -0.018469
v 0.072166 0.005603 -0.017774
v 0.073405 0.006998 -0.018460
v 0.072361 0.007064 -0.017652
v 0.073497 0.008998 -0.018503
v 0.072445 0.008999 -0.017559
v 0.073587 0.011624 -0.031000
v 0.073587 0.011624 -0.029000
v 0.073587 0.011624 -0.027000
v 0.073587 0.011624 -0.025000
v 0.073586 0.011621 -0.023000
v 0.073554 0.011556 -0.021004
v 0.073298 0.010965 -0.019058
v 0.072337 0.010912 -0.017678
v 0.072558 0.012639 -0.031000
v 0.072558 0.012639 -0.029000
v 0.072558 0.012639 -0.027000
v 0.072558 0.012639 -0.025000
v 0.072557 0.012638 -0.023000
v 0.072533 0.012616 -0.021003
v 0.072366 0.012414 -0.019095
v 0.072100 0.012169 -0.017874
v 0.075002 0.001000 -0.018996
v 0.075002 0.003000 -0.018979
v 0.074996 0.004995 -0.018941
v 0.075043 0.006998 -0.018942
v 0.075055 0.008944 -0.019000
v 0.075064 0.011108 -0.031000
v 0.075064 0.011108 -0.029000
v 0.075064 0.011108 -0.027000
v 0.075064 0.011108 -0.025000
v 0.075064 0.011105 -0.023002
v 0.075061 0.011039 -0.021058
v 0.075034 0.010458 -0.019560
v 0.077000 0.001000 -0.019000
v 0.077000 0.003000 -0.018999
v 0.077000 0.005000 -0.018998
v 0.077001 0.006998 -0.019000
v 0.077002 0.008938 -0.019060
v 0.077002 0.011008 -0.031000
v 0.077002 0.011008 -0.029000
v 0.077002 0.011008 -0.027000
v 0.077002 0.011008 -0.025000
v 0.077002 0.011006 -0.023002
v 0.077002 0.010945 -0.021062
v 0.077001 0.010383 -0.019619
v 0.079000 0.001000 -0.019000
v 0.079000 0.003000 -0.019000
v 0.079000 0.005000 -0.019000
v 0.079000 0.006998 -0.019002
v 0.079000 0.008938 -0.019062
v 0.079000 0.011000 -0.031000
v 0.079000 0.011000 -0.029000
v 0.079000 0.011000 -0.027000
v 0.079000 0.011000 -0.025000
v 0.079000 0.010998 -0.023002
v 0.079000 0.010938 -0.021062
v 0.079000 0.010379 -0.019621
v 0.069299 0.000999 -0.014942
v 0.069308 0.000941 -0.012998
v 0.069295 0.000938 -0.011000
v 0.069222 0.000998 -0.009003
v 0.069154 0.001000 -0.007000
v 0.069147 0.001000 -0.005000
v 0.069147 0.001000 -0.003000
v 0.069147 0.001000 -0.001000
v 0.069701 0.002962 -0.014990
v 0.069757 0.002482 -0.013003
v 0.069733 0.002460 -0.011007
v 0.069542 0.003011 -0.009042
v 0.069190 0.003000 -0.007002
v 0.069149 0.003000 -0.005000
v 0.069147 0.003000 -0.003000
v 0.069147 0.003000 -0.001000
v 0.070018 0.004139 -0.015600
v 0.069611 0.005002 -0.008556
v 0.069198 0.005000 -0.006951
v 0.069149 0.005000 -0.004998
v 0.069148 0.005000 -0.003000
v 0.069148 0.005000 -0.001000
v 0.069626 0.006997 -0.008496
v 0.069212 0.006998 -0.006947
v 0.069163 0.006998 -0.004998
v 0.069161 0.006998 -0.003000
v 0.069161 0.006998 -0.001000
v 0.069697 0.008915 -0.008430
v 0.069341 0.008927 -0.006939
v 0.069298 0.008928 -0.004998
v 0.069296 0.008928 -0.003000
v 0.069295 0.008928 -0.001000
v 0.069936 0.010190 -0.008229
v 0.069753 0.010330 -0.006919
v 0.069735 0.010348 -0.004997
v 0.069734 0.010350 -0.003000
v 0.069732 0.010352 -0.001000
v 0.070305 0.003774 -0.014388
v 0.070611 0.003508 -0.012940
v 0.070589 0.003518 -0.011084
v 0.070207 0.003736 -0.009787
v 0.070948 0.005042 -0.014900
v 0.071569 0.004540 -0.012987
v 0.071441 0.004901 -0.011086
v 0.070380 0.005057 -0.009640
v 0.071395 0.007009 -0.015167
v 0.071453 0.006979 -0.010549
v 0.070399 0.007001 -0.009562
v 0.071538 0.009000 -0.015249
v 0.071503 0.008909 -0.010395
v 0.070496 0.008987 -0.009452
v 0.071647 0.011000 -0.015350
v 0.071640 0.010227 -0.010151
v 0.071082 0.010853 -0.008870
v 0.070603 0.011352 -0.006989
v 0.070549 0.011404 -0.005000
v 0.070545 0.011407 -0.003000
v 0.070541 0.011410 -0.001000
v 0.071742 0.013005 -0.015425
v 0.071668 0.012152 -0.008215
v 0.071550 0.012364 -0.006920
v 0.071532 0.012388 -0.004997
v 0.071529 0.012390 -0.003000
v 0.071526 0.012392 -0.001000
v 0.071704 0.015083 -0.015030
v 0.071883 0.015777 -0.013803
v 0.072011 0.005851 -0.014025
v 0.072888 0.005328 -0.012908
v 0.073039 0.005263 -0.011544
v 0.072142 0.007098 -0.014148
v 0.073193 0.007028 -0.013327
v 0.072990 0.006994 -0.010840
v 0.072214 0.009004 -0.014229
v 0.073270 0.008999 -0.013365
v 0.073050 0.008834 -0.010391
v 0.073765 0.009507 -0.009659
v 0.072272 0.010998 -0.014316
v 0.073311 0.010982 -0.013301
v 0.072551 0.010217 -0.010154
v 0.073050 0.010907 -0.008936
v 0.073541 0.011413 -0.006997
v 0.073592 0.011469 -0.005000
v 0.073594 0.011473 -0.003000
v 0.073595 0.011477 -0.001000
v 0.072282 0.012957 -0.014328
v 0.073227 0.013029 -0.012882
v 0.073592 0.013574 -0.010989
v 0.073600 0.013625 -0.009000
v 0.072400 0.012158 -0.008224
v 0.072534 0.012371 -0.006921
v 0.073596 0.013624 -0.007000
v 0.072554 0.012396 -0.004997
v 0.073596 0.013624 -0.005000
v 0.072556 0.012398 -0.003000
v 0.073599 0.013627 -0.003000
v 0.072559 0.012401 -0.001000
v 0.073604 0.013630 -0.001000
v 0.072143 0.014511 -0.014227
v 0.072423 0.015046 -0.013026
v 0.072751 0.014979 -0.011008
v 0.072756 0.014966 -0.009000
v 0.072752 0.014965 -0.007000
v 0.072753 0.014965 -0.005000
v 0.072756 0.014966 -0.003000
v 0.072761 0.014966 -0.001000
v 0.074973 0.005266 -0.012307
v 0.075018 0.005265 -0.011024
v 0.075840 0.005787 -0.009765
v 0.075010 0.007010 -0.012690
v 0.074413 0.006942 -0.010302
v 0.075498 0.007192 -0.008999
v 0.075963 0.007849 -0.007003
v 0.076016 0.007931 -0.005000
v 0.076016 0.007937 -0.003000
v 0.076018 0.007943 -0.001000
v 0.074935 0.008974 -0.012590
v 0.074101 0.008174 -0.010002
v 0.074785 0.008851 -0.008975
v 0.075642 0.009025 -0.007002
v 0.075739 0.009044 -0.005000
v 0.075727 0.009045 -0.003000
v 0.075716 0.009047 -0.001000
v 0.074871 0.010758 -0.012264
v 0.075284 0.011072 -0.010916
v 0.075320 0.011101 -0.008997
v 0.074456 0.010217 -0.008404
v 0.074815 0.010395 -0.006939
v 0.075320 0.011108 -0.007000
v 0.074841 0.010416 -0.004998
v 0.075321 0.011117 -0.005000
v 0.074825 0.010419 -0.003000
v 0.075324 0.011129 -0.003000
v 0.074812 0.010423 -0.001000
v 0.075326 0.011139 -0.001000
v 0.074228 0.012287 -0.012161
v 0.074386 0.012505 -0.010911
v 0.074389 0.012521 -0.008997
v 0.074387 0.012520 -0.007000
v 0.074388 0.012521 -0.005000
v 0.074390 0.012524 -0.003000
v 0.074391 0.012529 -0.001000
v 0.077583 0.003874 -0.011977
v 0.077583 0.003801 -0.010993
v 0.077968 0.004006 -0.009884
v 0.076863 0.004923 -0.012178
v 0.076581 0.004515 -0.010945
v 0.077169 0.005105 -0.009187
v 0.077558 0.005553 -0.007018
v 0.077602 0.005600 -0.005001
v 0.077601 0.005600 -0.003000
v 0.077599 0.005602 -0.001000
v 0.076899 0.006958 -0.012251
v 0.077370 0.007480 -0.010923
v 0.077268 0.007545 -0.008998
v 0.076439 0.006510 -0.008423
v 0.076655 0.006831 -0.006939
v 0.077171 0.007560 -0.007000
v 0.076678 0.006871 -0.004998
v 0.077160 0.007571 -0.005000
v 0.076675 0.006875 -0.003000
v 0.077160 0.007582 -0.003000
v 0.076673 0.006881 -0.001000
v 0.077154 0.007592 -0.001000
v 0.076208 0.008887 -0.012097
v 0.076493 0.008941 -0.010903
v 0.076369 0.008947 -0.008997
v 0.076274 0.008949 -0.007000
v 0.076268 0.008952 -0.005000
v 0.076273 0.008955 -0.003000
v 0.076272 0.008957 -0.001000
v 0.075894 0.009985 -0.011927
v 0.075994 0.010031 -0.010884
v 0.075980 0.010037 -0.008996
v 0.075971 0.010043 -0.007000
v 0.075976 0.010052 -0.005000
v 0.075983 0.010063 -0.003000
v 0.075989 0.010073 -0.001000
v 0.079656 0.000994 -0.012155
v 0.079557 0.000842 -0.010766
v 0.079815 0.001502 -0.009017
v 0.079967 0.001782 -0.007002
v 0.079985 0.001837 -0.005000
v 0.079990 0.001855 -0.003002
v 0.079996 0.001891 -0.001017
v 0.079044 0.003182 -0.012004
v 0.078739 0.002812 -0.010925
v 0.079512 0.003720 -0.010942
v 0.079218 0.003277 -0.009408
v 0.079858 0.002787 -0.007043
v 0.079936 0.002780 -0.005002
v 0.079944 0.002853 -0.003018
v 0.079948 0.003122 -0.001080
v 0.078393 0.004928 -0.012077
v 0.078823 0.005023 -0.010921
v 0.078421 0.005008 -0.009129
v 0.078257 0.005503 -0.007016
v 0.078249 0.005555 -0.005001
v 0.078256 0.005557 -0.003000
v 0.078261 0.005559 -0.001000
v 0.079979 0.003875 -0.000546
v 0.078078 0.006237 -0.012037
v 0.078259 0.006407 -0.010902
v 0.078211 0.006435 -0.009012
v 0.078188 0.006497 -0.007001
v 0.078194 0.006512 -0.005000
v 0.078201 0.006523 -0.003000
v 0.078206 0.006532 -0.001000
v 0.065000 0.016382 -0.038582
v 0.065000 0.017217 -0.036989
v 0.065003 0.017844 -0.035304
v 0.064936 0.018015 -0.034221
v 0.064963 0.018072 -0.032912
v 0.066998 0.016358 -0.038639
v 0.067004 0.017132 -0.036958
v 0.067036 0.017791 -0.034914
v 0.067673 0.017918 -0.033048
v 0.066337 0.017998 -0.034143
v 0.066627 0.018036 -0.032903
v 0.068929 0.016284 -0.038661
v 0.068957 0.016839 -0.036969
v 0.068973 0.017278 -0.034991
v 0.069023 0.017428 -0.032994
v 0.070287 0.016067 -0.038443
v 0.070539 0.016258 -0.036948
v 0.070616 0.016399 -0.034998
v 0.070620 0.016444 -0.032999
v 0.065007 0.018111 -0.030989
v 0.064997 0.018179 -0.028999
v 0.064997 0.018258 -0.027000
v 0.064996 0.018301 -0.025000
v 0.064996 0.018301 -0.023000
v 0.064996 0.018298 -0.021000
v 0.064996 0.018309 -0.019000
v 0.064996 0.018287 -0.017000
v 0.067852 0.017935 -0.031576
v 0.067017 0.018051 -0.030933
v 0.066904 0.018123 -0.028989
v 0.066898 0.018183 -0.027000
v 0.066894 0.018192 -0.025000
v 0.066894 0.018189 -0.023000
v 0.066893 0.018184 -0.021000
v 0.066889 0.018180 -0.019000
v 0.066893 0.018187 -0.017000
v 0.068862 0.017556 -0.030935
v 0.069128 0.017477 -0.028989
v 0.069193 0.017473 -0.027000
v 0.069170 0.017472 -0.025000
v 0.069165 0.017473 -0.023000
v 0.069158 0.017475 -0.021000
v 0.069132 0.017475 -0.019000
v 0.069164 0.017480 -0.017000
v 0.068005 0.017955 -0.030236
v 0.068067 0.017985 -0.028914
v 0.068110 0.018010 -0.026997
v 0.068087 0.018001 -0.025000
v 0.068082 0.017998 -0.023000
v 0.068075 0.017995 -0.021000
v 0.068049 0.017984 -0.019000
v 0.068080 0.017997 -0.017000
v 0.070595 0.016466 -0.030992
v 0.070624 0.016466 -0.028999
v 0.070632 0.016468 -0.027000
v 0.070629 0.016469 -0.025000
v 0.070629 0.016471 -0.023000
v 0.070629 0.016472 -0.021000
v 0.070626 0.016474 -0.019000
v 0.070644 0.016476 -0.017001
v 0.064996 0.018287 -0.015000
v 0.064996 0.018305 -0.013000
v 0.064997 0.018297 -0.011000
v 0.064997 0.018307 -0.009000
v 0.064997 0.018316 -0.007000
v 0.064996 0.018315 -0.005000
v 0.064996 0.018324 -0.003000
v 0.064997 0.018308 -0.001000
v 0.066894 0.018195 -0.015000
v 0.066895 0.018208 -0.013000
v 0.066899 0.018216 -0.011000
v 0.066896 0.018211 -0.009000
v 0.066895 0.018209 -0.007000
v 0.066894 0.018198 -0.005000
v 0.066890 0.018191 -0.003000
v 0.066894 0.018194 -0.001000
v 0.069187 0.017494 -0.015001
v 0.069229 0.017511 -0.013012
v 0.069235 0.017544 -0.011001
v 0.069215 0.017545 -0.009000
v 0.069210 0.017545 -0.007000
v 0.069199 0.017545 -0.005000
v 0.069174 0.017543 -0.003000
v 0.069200 0.017545 -0.001000
v 0.068090 0.018004 -0.015000
v 0.068096 0.018011 -0.013000
v 0.068120 0.018024 -0.011000
v 0.068101 0.018016 -0.009000
v 0.068097 0.018013 -0.007000
v 0.068085 0.018007 -0.005000
v 0.068060 0.017996 -0.003000
v 0.068087 0.018007 -0.001000
v 0.070774 0.016501 -0.015011
v 0.071096 0.016533 -0.013097
v 0.070934 0.016728 -0.011010
v 0.070911 0.016751 -0.009000
v 0.070910 0.016752 -0.007000
v 0.070909 0.016752 -0.005000
v 0.070905 0.016752 -0.003000
v 0.070910 0.016753 -0.001000
v 0.071994 0.016012 -0.012469
v 0.072051 0.016061 -0.010947
v 0.072052 0.016066 -0.008998
v 0.072052 0.016066 -0.007000
v 0.072052 0.016066 -0.005000
v 0.072052 0.016067 -0.003000
v 0.072054 0.016067 -0.001000
v 0.081000 0.001000 -0.038000
v 0.081000 0.003000 -0.038000
v 0.081000 0.005000 -0.038000
v 0.081000 0.006996 -0.038000
v 0.080999 0.008880 -0.037996
v 0.080996 0.009937 -0.037879
v 0.080997 0.010493 -0.036879
v 0.080998 0.010935 -0.034996
v 0.080998 0.010992 -0.033000
v 0.082996 0.001000 -0.038000
v 0.082996 0.003000 -0.038000
v 0.082996 0.005000 -0.038000
v 0.082995 0.006995 -0.038000
v 0.082972 0.008861 -0.037993
v 0.082888 0.009931 -0.037878
v 0.082917 0.010446 -0.036879
v 0.082948 0.010849 -0.034996
v 0.082951 0.010902 -0.033000
v 0.084880 0.001000 -0.037996
v 0.084880 0.003000 -0.037996
v 0.084880 0.004999 -0.037996
v 0.084860 0.006972 -0.037993
v 0.084730 0.008728 -0.037901
v 0.085256 0.009242 -0.036880
v 0.085532 0.009506 -0.034996
v 0.085566 0.009537 -0.033000
v 0.084005 0.009849 -0.037840
v 0.084260 0.010143 -0.036878
v 0.084494 0.010380 -0.034996
v 0.084526 0.010408 -0.033000
v 0.085920 0.001000 -0.037879
v 0.086345 0.001000 -0.036879
v 0.086656 0.001000 -0.034996
v 0.086696 0.001000 -0.033000
v 0.085920 0.003000 -0.037879
v 0.086346 0.003000 -0.036879
v 0.086659 0.003000 -0.034996
v 0.086699 0.003000 -0.033000
v 0.085920 0.004996 -0.037879
v 0.086346 0.004997 -0.036879
v 0.086658 0.004998 -0.034996
v 0.086697 0.004998 -0.033000
v 0.085916 0.006887 -0.037878
v 0.086323 0.006914 -0.036879
v 0.086618 0.006943 -0.034996
v 0.086656 0.006945 -0.033000
v 0.085841 0.008002 -0.037840
v 0.086089 0.008240 -0.036878
v 0.086278 0.008456 -0.034996
v 0.086300 0.008485 -0.033000
v 0.081000 0.001000 -0.019000
v 0.081000 0.003000 -0.019000
v 0.081000 0.005000 -0.019000
v 0.081000 0.006998 -0.019002
v 0.081000 0.008937 -0.019066
v 0.080998 0.010994 -0.031000
v 0.080998 0.010994 -0.029000
v 0.080998 0.010994 -0.027000
v 0.080998 0.010994 -0.025000
v 0.080998 0.010992 -0.023002
v 0.080998 0.010931 -0.021063
v 0.080998 0.010376 -0.019624
v 0.082997 0.001000 -0.019012
v 0.082997 0.003000 -0.019012
v 0.082997 0.005000 -0.019012
v 0.082998 0.006998 -0.019019
v 0.082999 0.008936 -0.019129
v 0.082951 0.010904 -0.031000
v 0.082951 0.010904 -0.029000
v 0.082951 0.010904 -0.027000
v 0.082951 0.010904 -0.025000
v 0.082951 0.010902 -0.023002
v 0.082949 0.010846 -0.021066
v 0.082930 0.010339 -0.019658
v 0.084920 0.001000 -0.019141
v 0.084920 0.003000 -0.019140
v 0.084920 0.005000 -0.019142
v 0.084923 0.006997 -0.019183
v 0.085567 0.009538 -0.031000
v 0.085567 0.009538 -0.029000
v 0.085567 0.009538 -0.027000
v 0.085567 0.009538 -0.025000
v 0.085565 0.009536 -0.023002
v 0.085502 0.009476 -0.021059
v 0.084945 0.008935 -0.019577
v 0.084527 0.010409 -0.031000
v 0.084527 0.010409 -0.029000
v 0.084527 0.010409 -0.027000
v 0.084527 0.010409 -0.025000
v 0.084526 0.010409 -0.023003
v 0.084503 0.010385 -0.021084
v 0.084307 0.010154 -0.019839
v 0.086697 0.001000 -0.031000
v 0.086697 0.001000 -0.029000
v 0.086697 0.001000 -0.027000
v 0.086697 0.001000 -0.025000
v 0.086696 0.001000 -0.023002
v 0.086653 0.001000 -0.021073
v 0.086228 0.001000 -0.019700
v 0.086700 0.003000 -0.031000
v 0.086700 0.003000 -0.029000
v 0.086700 0.003000 -0.027000
v 0.086700 0.003000 -0.025000
v 0.086699 0.003000 -0.023002
v 0.086655 0.003000 -0.021072
v 0.086229 0.003000 -0.019699
v 0.086699 0.004998 -0.031000
v 0.086699 0.004998 -0.029000
v 0.086699 0.004998 -0.027000
v 0.086699 0.004998 -0.025000
v 0.086697 0.004998 -0.023002
v 0.086654 0.004998 -0.021072
v 0.086229 0.004998 -0.019699
v 0.086658 0.006945 -0.031000
v 0.086658 0.006945 -0.029000
v 0.086658 0.006945 -0.027000
v 0.086658 0.006945 -0.025000
v 0.086656 0.006945 -0.023002
v 0.086614 0.006944 -0.021074
v 0.086214 0.006927 -0.019716
v 0.086301 0.008486 -0.031000
v 0.086301 0.008486 -0.029000
v 0.086301 0.008486 -0.027000
v 0.086301 0.008486 -0.025000
v 0.086300 0.008485 -0.023003
v 0.086281 0.008463 -0.021088
v 0.086081 0.008280 -0.019866
v 0.080942 0.000886 -0.012227
v 0.081308 0.001363 -0.010921
v 0.080054 0.000053 -0.010010
v 0.080400 0.000376 -0.008884
v 0.081263 0.001437 -0.008999
v 0.080651 0.000721 -0.006996
v 0.081241 0.001470 -0.007000
v 0.080680 0.000778 -0.005000
v 0.081234 0.001494 -0.005000
v 0.080679 0.000790 -0.003000
v 0.081229 0.001513 -0.003002
v 0.080679 0.000801 -0.001001
v 0.081217 0.001548 -0.001017
v 0.080248 0.002462 -0.012051
v 0.080379 0.002739 -0.010908
v 0.080267 0.002711 -0.009040
v 0.080311 0.002693 -0.007003
v 0.080308 0.002736 -0.005001
v 0.080298 0.002811 -0.003018
v 0.080235 0.003088 -0.001080
v 0.080029 0.003873 -0.000546
v 0.082031 0.000162 -0.012019
v 0.082193 0.000305 -0.010897
v 0.082161 0.000341 -0.008989
v 0.082152 0.000412 -0.006999
v 0.082163 0.000436 -0.005000
v 0.082170 0.000448 -0.003000
v 0.082174 0.000458 -0.001001
v 0.000014 0.000884 0.001000
v 0.000014 0.000884 0.003000
v 0.000014 0.000884 0.005000
v 0.000014 0.000884 0.007000
v 0.000014 0.000884 0.009000
v 0.000014 0.000884 0.011000
v 0.000014 0.000884 0.013000
v 0.000014 0.000884 0.015000
v 0.000379 0.015378 0.015424
v 0.000014 0.000884 0.017000
v 0.000015 0.000885 0.018999
v 0.000038 0.000909 0.020972
v 0.000269 0.001182 0.022742
v 0.001301 0.001020 0.024489
v 0.000406 0.003025 0.023034
v 0.001391 0.003001 0.024464
v 0.000557 0.005000 0.023046
v 0.001570 0.004992 0.024370
v 0.000758 0.006974 0.023018
v 0.001745 0.006921 0.024192
v 0.000272 0.009426 0.021440
v 0.001029 0.008841 0.022881
v 0.001892 0.008277 0.024005
v 0.000533 0.011012 0.021087
v 0.001437 0.010908 0.022509
v 0.000542 0.013395 0.019386
v 0.001103 0.012807 0.020820
v 0.001828 0.012280 0.022172
v 0.000691 0.015054 0.017001
v 0.001167 0.014786 0.018735
v 0.001726 0.014283 0.020299
v 0.002730 0.001000 0.025524
v 0.003815 0.000998 0.026080
v 0.002805 0.002991 0.025480
v 0.003859 0.002918 0.026052
v 0.003131 0.004955 0.025452
v 0.003953 0.004264 0.025988
v 0.003033 0.006991 0.025039
v 0.002155 0.009617 0.023788
v 0.002999 0.008969 0.024546
v 0.002545 0.011047 0.023500
v 0.003564 0.010900 0.024275
v 0.002311 0.013619 0.021662
v 0.003121 0.012862 0.022926
v 0.003894 0.012116 0.023963
v 0.002385 0.015561 0.019502
v 0.003007 0.014993 0.020982
v 0.003655 0.014337 0.022259
v 0.005091 0.000999 0.026507
v 0.005086 0.002991 0.026448
v 0.004175 0.005604 0.025905
v 0.004998 0.004952 0.026262
v 0.004481 0.007052 0.025760
v 0.005539 0.006911 0.026168
v 0.005030 0.008935 0.025530
v 0.005861 0.008234 0.026031
v 0.005067 0.010944 0.024940
v 0.004931 0.013566 0.023602
v 0.005081 0.012503 0.024308
v 0.004528 0.015599 0.021575
v 0.005168 0.014975 0.022601
v 0.006973 0.001000 0.027086
v 0.006982 0.002999 0.027023
v 0.007008 0.004989 0.026886
v 0.007056 0.006986 0.026656
v 0.006326 0.009580 0.025855
v 0.007064 0.008884 0.026300
v 0.006911 0.011091 0.025588
v 0.007643 0.010367 0.026120
v 0.006135 0.013929 0.023951
v 0.006862 0.013087 0.024701
v 0.006853 0.015008 0.023392
v 0.007501 0.014343 0.024214
v 0.008683 0.001000 0.027671
v 0.009800 0.000997 0.028102
v 0.008769 0.002992 0.027640
v 0.009862 0.002918 0.028069
v 0.009079 0.004956 0.027620
v 0.009948 0.004266 0.028020
v 0.008945 0.006997 0.027321
v 0.008994 0.009004 0.026958
v 0.008266 0.011717 0.025880
v 0.009012 0.010974 0.026424
v 0.008912 0.013074 0.025498
v 0.009618 0.012338 0.026139
v 0.008544 0.015578 0.023659
v 0.009196 0.014896 0.024485
v 0.011106 0.001009 0.028664
v 0.011081 0.002992 0.028575
v 0.010108 0.005606 0.027956
v 0.010955 0.004954 0.028366
v 0.010348 0.007074 0.027842
v 0.011402 0.006944 0.028291
v 0.010930 0.009098 0.027673
v 0.011714 0.008470 0.028136
v 0.010954 0.011013 0.027130
v 0.010411 0.013650 0.025786
v 0.011123 0.012907 0.026432
v 0.011076 0.014870 0.025235
v 0.011760 0.014106 0.026039
v 0.013092 0.001073 0.029576
v 0.013968 0.000441 0.030022
v 0.012918 0.003012 0.029392
v 0.012908 0.004995 0.029206
v 0.012979 0.007009 0.028949
v 0.012105 0.009809 0.027973
v 0.012952 0.009088 0.028504
v 0.012508 0.011067 0.027724
v 0.013574 0.010905 0.028222
v 0.013163 0.012789 0.027258
v 0.013959 0.012028 0.027959
v 0.012969 0.015408 0.025513
v 0.013121 0.014392 0.026327
v 0.014022 0.001777 0.029995
v 0.014895 0.001073 0.030465
v 0.014107 0.003088 0.029943
v 0.015217 0.002999 0.030501
v 0.014283 0.005003 0.029835
v 0.015397 0.004996 0.030380
v 0.014566 0.006991 0.029670
v 0.015654 0.006916 0.030212
v 0.015039 0.008955 0.029457
v 0.015885 0.008249 0.030048
v 0.015068 0.010931 0.028836
v 0.014963 0.013438 0.027586
v 0.015103 0.012374 0.028235
v 0.014548 0.015737 0.025770
v 0.015147 0.014995 0.026567
v 0.000492 0.017036 0.001000
v 0.000520 0.017034 0.003000
v 0.000576 0.017031 0.005000
v 0.000669 0.017025 0.007000
v 0.000814 0.017036 0.009011
v 0.001142 0.017186 0.011101
v 0.001042 0.016884 0.012991
v 0.001028 0.016478 0.014829
v 0.001492 0.018247 0.001000
v 0.001520 0.018232 0.003000
v 0.001576 0.018201 0.005000
v 0.001668 0.018149 0.006998
v 0.001788 0.018077 0.008948
v 0.001902 0.017997 0.010478
v 0.002054 0.017908 0.011818
v 0.002242 0.017799 0.013092
v 0.002610 0.017563 0.014962
v 0.003051 0.018926 0.001000
v 0.003055 0.018903 0.003000
v 0.003062 0.018850 0.005000
v 0.003073 0.018765 0.007000
v 0.003070 0.018637 0.009011
v 0.002919 0.018387 0.011101
v 0.003330 0.018296 0.013012
v 0.003699 0.018114 0.014895
v 0.005002 0.019270 0.001000
v 0.005002 0.019260 0.003000
v 0.005002 0.019231 0.005000
v 0.005002 0.019174 0.007000
v 0.005002 0.019079 0.009001
v 0.004985 0.018918 0.011013
v 0.005031 0.018716 0.012999
v 0.005078 0.018433 0.014941
v 0.007000 0.019104 0.001000
v 0.007000 0.019160 0.003000
v 0.007000 0.019242 0.005000
v 0.007000 0.019287 0.007000
v 0.007000 0.019257 0.009000
v 0.006999 0.019151 0.011000
v 0.007000 0.018973 0.013001
v 0.006987 0.018705 0.015013
v 0.009000 0.018666 0.001000
v 0.009000 0.018730 0.003000
v 0.009000 0.018838 0.005000
v 0.009000 0.018984 0.007000
v 0.009000 0.019154 0.009000
v 0.009000 0.019232 0.011000
v 0.009000 0.019146 0.013000
v 0.008999 0.018936 0.015001
v 0.011000 0.018428 0.001000
v 0.011000 0.018437 0.003000
v 0.011000 0.018460 0.005000
v 0.011000 0.018554 0.007000
v 0.011000 0.018754 0.009000
v 0.011000 0.019008 0.011000
v 0.011000 0.019160 0.013000
v 0.011000 0.019088 0.015000
v 0.013000 0.018401 0.001000
v 0.013000 0.018401 0.003000
v 0.013000 0.018402 0.005000
v 0.013000 0.018414 0.007000
v 0.013000 0.018458 0.009000
v 0.013000 0.018634 0.011000
v 0.013000 0.018937 0.013000
v 0.013000 0.019109 0.015000
v 0.015000 0.018400 0.001000
v 0.015000 0.018400 0.003000
v 0.015000 0.018400 0.005000
v 0.015000 0.018400 0.007000
v 0.015000 0.018403 0.009000
v 0.015000 0.018442 0.011000
v 0.015000 0.018624 0.013000
v 0.015000 0.018949 0.015000
v 0.001650 0.016271 0.016870
v 0.001930 0.015978 0.018163
v 0.003209 0.017283 0.016855
v 0.003119 0.016448 0.018830
v 0.003721 0.016077 0.020280
v 0.003960 0.017947 0.016079
v 0.004925 0.017760 0.017532
v 0.005004 0.017201 0.019043
v 0.005193 0.016393 0.020889
v 0.005868 0.015961 0.022000
v 0.005088 0.018128 0.016467
v 0.006141 0.017976 0.017925
v 0.006816 0.017734 0.019122
v 0.007006 0.016996 0.020919
v 0.007102 0.016187 0.022319
v 0.006875 0.018305 0.017079
v 0.007482 0.018105 0.018414
v 0.008323 0.017900 0.019718
v 0.009020 0.017544 0.020988
v 0.009162 0.016476 0.022913
v 0.009905 0.015946 0.023951
v 0.008986 0.018619 0.017017
v 0.009045 0.018234 0.018969
v 0.009683 0.018032 0.020178
v 0.010914 0.017771 0.021582
v 0.011010 0.017013 0.022964
v 0.011113 0.016142 0.024191
v 0.010999 0.018848 0.016999
v 0.011004 0.018515 0.018955
v 0.011061 0.018168 0.020524
v 0.012205 0.017935 0.021894
v 0.012916 0.017515 0.022952
v 0.013011 0.016461 0.024495
v 0.013000 0.019010 0.017001
v 0.012989 0.018732 0.019011
v 0.012916 0.018298 0.021050
v 0.013545 0.018049 0.022166
v 0.015007 0.017631 0.023476
v 0.015148 0.016576 0.025028
v 0.015887 0.015969 0.025975
v 0.015000 0.019092 0.017000
v 0.014999 0.018926 0.018999
v 0.014991 0.018582 0.020948
v 0.015056 0.018177 0.022385
v 0.016822 0.000993 0.031460
v 0.017114 0.002896 0.031485
v 0.016976 0.004988 0.031180
v 0.017023 0.006988 0.030870
v 0.016298 0.009599 0.029853
v 0.017052 0.008891 0.030426
v 0.016897 0.011108 0.029559
v 0.017610 0.010402 0.030189
v 0.016286 0.013814 0.027870
v 0.016959 0.013009 0.028627
v 0.016986 0.014921 0.027260
v 0.017624 0.014170 0.028134
v 0.018107 0.003517 0.031942
v 0.018270 0.005051 0.031834
v 0.018569 0.006990 0.031644
v 0.019049 0.008931 0.031387
v 0.018237 0.011748 0.029888
v 0.018998 0.010995 0.030593
v 0.018897 0.013025 0.029440
v 0.019598 0.012337 0.030198
v 0.018996 0.015438 0.027480
v 0.019070 0.014416 0.028479
v 0.020322 0.009576 0.031819
v 0.020923 0.011086 0.031483
v 0.020473 0.013621 0.029722
v 0.021143 0.012920 0.030526
v 0.020908 0.015763 0.027812
v 0.021087 0.014691 0.029032
v 0.021823 0.014030 0.030014
v 0.022265 0.011719 0.031848
v 0.022931 0.012986 0.031354
v 0.022107 0.015982 0.027986
v 0.022858 0.015407 0.028983
v 0.023083 0.014288 0.030334
v 0.024499 0.013583 0.031673
v 0.024928 0.015634 0.029575
v 0.025120 0.014589 0.030972
v 0.026356 0.015869 0.029844
v 0.027032 0.015334 0.030905
v 0.028983 0.015572 0.031445
v 0.030544 0.015799 0.031742
v 0.017932 0.000906 0.032045
v 0.017984 0.002177 0.032004
v 0.019072 0.000984 0.032639
v 0.018968 0.002897 0.032449
v 0.019357 0.004986 0.032398
v 0.019654 0.006913 0.032219
v 0.019894 0.008229 0.032039
v 0.020765 0.000999 0.033524
v 0.021853 0.000931 0.034091
v 0.021057 0.003008 0.033522
v 0.021929 0.002356 0.034036
v 0.020966 0.005004 0.033220
v 0.021025 0.006986 0.032887
v 0.021069 0.008874 0.032423
v 0.021636 0.010373 0.032175
v 0.023068 0.000999 0.034680
v 0.022075 0.003696 0.033963
v 0.022951 0.003004 0.034461
v 0.022248 0.005076 0.033852
v 0.023337 0.005001 0.034384
v 0.022569 0.006990 0.033652
v 0.023656 0.006912 0.034203
v 0.023057 0.008919 0.033387
v 0.023901 0.008218 0.034027
v 0.023019 0.010974 0.032587
v 0.023627 0.012313 0.032181
v 0.024830 0.000978 0.035524
v 0.025923 0.000897 0.036040
v 0.025101 0.002858 0.035495
v 0.025995 0.002119 0.035986
v 0.024987 0.004985 0.035159
v 0.025071 0.007002 0.034835
v 0.024333 0.009563 0.033815
v 0.025067 0.008873 0.034380
v 0.024935 0.011076 0.033482
v 0.025648 0.010364 0.034153
v 0.025162 0.012903 0.032517
v 0.025847 0.014001 0.032001
v 0.027093 0.000978 0.036535
v 0.026166 0.003460 0.035913
v 0.026995 0.002854 0.036330
v 0.026411 0.005059 0.035793
v 0.027464 0.004940 0.036260
v 0.026950 0.007140 0.035656
v 0.027744 0.006532 0.036123
v 0.026931 0.009011 0.035174
v 0.026274 0.011709 0.033842
v 0.027022 0.010963 0.034528
v 0.026946 0.012972 0.033344
v 0.027642 0.012297 0.034148
v 0.027115 0.014257 0.032315
v 0.028932 0.000999 0.037285
v 0.028951 0.002983 0.037101
v 0.029039 0.005015 0.036873
v 0.028048 0.007873 0.035990
v 0.028910 0.007137 0.036474
v 0.028371 0.009090 0.035790
v 0.029435 0.008934 0.036273
v 0.029034 0.010932 0.035402
v 0.029829 0.010229 0.036043
v 0.028567 0.013559 0.033652
v 0.029229 0.012868 0.034441
v 0.029179 0.014531 0.032942
v 0.029914 0.013949 0.033942
v 0.030365 0.001000 0.037833
v 0.031481 0.000997 0.038224
v 0.030600 0.002998 0.037727
v 0.031689 0.002929 0.038132
v 0.031034 0.005009 0.037635
v 0.031875 0.004341 0.038041
v 0.030935 0.007020 0.037263
v 0.031060 0.008983 0.036866
v 0.030467 0.011545 0.035733
v 0.031156 0.010852 0.036309
v 0.031103 0.012851 0.035214
v 0.031796 0.012085 0.036007
v 0.031165 0.015235 0.032816
v 0.031135 0.014165 0.034171
v 0.017000 0.018400 0.001000
v 0.017000 0.018400 0.003000
v 0.017000 0.018400 0.005000
v 0.017000 0.018400 0.007000
v 0.017000 0.018400 0.009000
v 0.017000 0.018403 0.011000
v 0.017000 0.018456 0.013000
v 0.017000 0.018729 0.015000
v 0.019000 0.018400 0.001000
v 0.019000 0.018400 0.003000
v 0.019000 0.018400 0.005000
v 0.019000 0.018400 0.007000
v 0.019000 0.018400 0.009000
v 0.019000 0.018400 0.011000
v 0.019000 0.018415 0.013000
v 0.019000 0.018554 0.015000
v 0.021000 0.018400 0.001000
v 0.021000 0.018400 0.003000
v 0.021000 0.018400 0.005000
v 0.021000 0.018400 0.007000
v 0.021000 0.018400 0.009000
v 0.021000 0.018400 0.011000
v 0.021000 0.018403 0.013000
v 0.021000 0.018467 0.015000
v 0.023000 0.018400 0.001000
v 0.023000 0.018400 0.003000
v 0.023000 0.018400 0.005000
v 0.023000 0.018400 0.007000
v 0.023000 0.018400 0.009000
v 0.023000 0.018400 0.011000
v 0.023000 0.018402 0.013000
v 0.023000 0.018455 0.015000
v 0.025000 0.018400 0.001000
v 0.025000 0.018400 0.003000
v 0.025000 0.018400 0.005000
v 0.025000 0.018400 0.007000
v 0.025000 0.018400 0.009000
v 0.025000 0.018400 0.011000
v 0.025000 0.018402 0.013000
v 0.025000 0.018454 0.015000
v 0.027000 0.018400 0.001000
v 0.027000 0.018400 0.003000
v 0.027000 0.018400 0.005000
v 0.027000 0.018400 0.007000
v 0.027000 0.018400 0.009000
v 0.027000 0.018400 0.011000
v 0.027000 0.018402 0.013000
v 0.027000 0.018464 0.015000
v 0.029000 0.018400 0.001000
v 0.029000 0.018400 0.003000
v 0.029000 0.018400 0.005000
v 0.029000 0.018400 0.007000
v 0.029000 0.018400 0.009000
v 0.029000 0.018400 0.011000
v 0.029000 0.018406 0.013000
v 0.029000 0.018509 0.015000
v 0.031000 0.018400 0.001000
v 0.031000 0.018400 0.003000
v 0.031000 0.018400 0.005000
v 0.031000 0.018400 0.007000
v 0.031000 0.018400 0.009000
v 0.031000 0.018401 0.011000
v 0.031000 0.018425 0.013000
v 0.031001 0.018655 0.015001
v 0.016918 0.017815 0.023756
v 0.017013 0.017010 0.024984
v 0.017099 0.016113 0.026172
v 0.017000 0.019055 0.017000
v 0.017000 0.019072 0.018999
v 0.016999 0.018792 0.020968
v 0.016993 0.018312 0.022668
v 0.018259 0.017939 0.023926
v 0.018952 0.017437 0.024897
v 0.018997 0.016384 0.026407
v 0.019000 0.018944 0.017000
v 0.019000 0.019179 0.019001
v 0.018994 0.018966 0.021013
v 0.018951 0.018385 0.023066
v 0.019599 0.018028 0.024091
v 0.020995 0.017513 0.025294
v 0.020977 0.016572 0.026747
v 0.021000 0.018883 0.017000
v 0.021000 0.019262 0.019000
v 0.021000 0.019140 0.020998
v 0.020996 0.018653 0.022930
v 0.021063 0.018131 0.024228
v 0.022981 0.017644 0.025541
v 0.022846 0.016678 0.027154
v 0.023446 0.016149 0.028235
v 0.023000 0.018870 0.017000
v 0.023000 0.019313 0.019000
v 0.023000 0.019277 0.020998
v 0.023000 0.018831 0.022936
v 0.023002 0.018242 0.024408
v 0.024999 0.017798 0.025690
v 0.024982 0.017103 0.027047
v 0.025041 0.016333 0.028524
v 0.025000 0.018873 0.017000
v 0.025000 0.019365 0.019000
v 0.025000 0.019395 0.020999
v 0.025000 0.018970 0.022957
v 0.025000 0.018334 0.024573
v 0.027000 0.017891 0.025803
v 0.027002 0.017321 0.027100
v 0.027019 0.016448 0.029019
v 0.027698 0.016036 0.030124
v 0.027000 0.018930 0.017000
v 0.027000 0.019461 0.019000
v 0.027000 0.019497 0.020999
v 0.027000 0.019061 0.022971
v 0.027000 0.018385 0.024686
v 0.029000 0.017924 0.025831
v 0.029000 0.017456 0.027095
v 0.029006 0.016764 0.028946
v 0.029094 0.016186 0.030392
v 0.029000 0.019064 0.017000
v 0.029000 0.019598 0.019000
v 0.029000 0.019569 0.020999
v 0.029000 0.019082 0.022975
v 0.029000 0.018382 0.024714
v 0.031000 0.017905 0.025750
v 0.031001 0.017498 0.027087
v 0.031018 0.016931 0.029002
v 0.031147 0.016282 0.030948
v 0.031001 0.019278 0.017000
v 0.031000 0.019720 0.019000
v 0.031000 0.019579 0.020999
v 0.031000 0.019001 0.022966
v 0.030998 0.018315 0.024634
v 0.031883 0.015948 0.032009
v 0.033049 0.001000 0.038731
v 0.033065 0.002998 0.038575
v 0.032138 0.005681 0.037945
v 0.032973 0.005005 0.038316
v 0.032431 0.007069 0.037804
v 0.033491 0.006925 0.038198
v 0.033010 0.008970 0.037583
v 0.033820 0.008284 0.038050
v 0.033020 0.010923 0.036949
v 0.032957 0.013408 0.035520
v 0.033098 0.012407 0.036275
v 0.033023 0.015440 0.033211
v 0.033013 0.014459 0.034534
v 0.034978 0.000999 0.039301
v 0.035017 0.002989 0.039155
v 0.034991 0.005000 0.038932
v 0.035051 0.006992 0.038665
v 0.034324 0.009622 0.037870
v 0.035060 0.008911 0.038290
v 0.034946 0.011045 0.037563
v 0.035661 0.010311 0.038092
v 0.034439 0.013751 0.035783
v 0.035080 0.012968 0.036568
v 0.035006 0.015649 0.033544
v 0.035074 0.014622 0.035047
v 0.035779 0.014016 0.036015
v 0.036734 0.000986 0.039772
v 0.037827 0.000909 0.040048
v 0.037088 0.002911 0.039723
v 0.037958 0.002200 0.040002
v 0.036955 0.004991 0.039480
v 0.037006 0.007002 0.039214
v 0.037010 0.008991 0.038827
v 0.036414 0.011633 0.037806
v 0.037113 0.010910 0.038310
v 0.037066 0.012873 0.037281
v 0.037755 0.012095 0.038014
v 0.036904 0.015851 0.033798
v 0.036995 0.015106 0.035001
v 0.037094 0.014183 0.036232
v 0.039083 0.000986 0.040328
v 0.038155 0.003541 0.039953
v 0.038987 0.002909 0.040195
v 0.038435 0.005055 0.039867
v 0.039493 0.004922 0.040137
v 0.038993 0.007023 0.039742
v 0.039802 0.006358 0.040045
v 0.038992 0.009017 0.039355
v 0.039011 0.010929 0.038816
v 0.039006 0.013385 0.037511
v 0.039084 0.012357 0.038235
v 0.038164 0.015960 0.033958
v 0.038887 0.015517 0.034928
v 0.038989 0.014461 0.036469
v 0.041002 0.000999 0.040732
v 0.040992 0.002989 0.040628
v 0.041042 0.004998 0.040475
v 0.040217 0.007718 0.039954
v 0.040986 0.006983 0.040235
v 0.040837 0.009181 0.039806
v 0.041526 0.008508 0.040117
v 0.040969 0.010997 0.039292
v 0.040895 0.013756 0.037783
v 0.040979 0.012705 0.038511
v 0.040986 0.015602 0.035358
v 0.040976 0.014658 0.036784
v 0.043000 0.001000 0.041093
v 0.043000 0.003000 0.041003
v 0.043000 0.005001 0.040863
v 0.042979 0.007014 0.040641
v 0.042142 0.009849 0.039973
v 0.042925 0.009066 0.040301
v 0.042812 0.011120 0.039708
v 0.043501 0.010393 0.040112
v 0.042105 0.013950 0.037953
v 0.042836 0.013094 0.038720
v 0.042977 0.015733 0.035632
v 0.042846 0.014749 0.037157
v 0.043445 0.014113 0.038116
v 0.044998 0.001000 0.041421
v 0.044999 0.003000 0.041337
v 0.045000 0.005000 0.041210
v 0.044999 0.007001 0.041015
v 0.044992 0.009014 0.040707
v 0.044359 0.011691 0.039871
v 0.045071 0.010949 0.040270
v 0.045018 0.012892 0.039371
v 0.045719 0.012094 0.040011
v 0.044906 0.015886 0.035823
v 0.044967 0.015201 0.037023
v 0.045044 0.014260 0.038309
v 0.046936 0.001000 0.041737
v 0.046957 0.003000 0.041668
v 0.047002 0.005005 0.041555
v 0.046998 0.007000 0.041370
v 0.047000 0.008998 0.041089
v 0.047008 0.010928 0.040655
v 0.047004 0.013352 0.039524
v 0.047080 0.012320 0.040176
v 0.046192 0.015981 0.035955
v 0.046905 0.015542 0.036923
v 0.046990 0.014483 0.038485
v 0.033000 0.018400 0.001000
v 0.033000 0.018400 0.003000
v 0.033000 0.018400 0.005000
v 0.033000 0.018400 0.007000
v 0.033000 0.018400 0.009000
v 0.033000 0.018405 0.011000
v 0.033002 0.018485 0.013002
v 0.033021 0.018927 0.015019
v 0.035000 0.018400 0.001000
v 0.035000 0.018400 0.003000
v 0.035000 0.018400 0.005000
v 0.035000 0.018400 0.007000
v 0.035000 0.018404 0.009000
v 0.035003 0.018454 0.011003
v 0.035036 0.018745 0.013036
v 0.035176 0.019440 0.015151
v 0.036041 0.019924 0.015786
v 0.037000 0.018401 0.001000
v 0.037000 0.018401 0.003000
v 0.037000 0.018402 0.005000
v 0.037000 0.018412 0.007000
v 0.037002 0.018464 0.009001
v 0.037029 0.018724 0.011029
v 0.037101 0.019353 0.013109
v 0.036561 0.019685 0.014592
v 0.037892 0.019929 0.013899
v 0.037229 0.019993 0.015196
v 0.039001 0.018420 0.001000
v 0.038999 0.018431 0.003000
v 0.038999 0.018458 0.005000
v 0.039000 0.018553 0.007000
v 0.039024 0.018823 0.009002
v 0.039082 0.019383 0.011075
v 0.038534 0.019667 0.012554
v 0.039866 0.019947 0.011854
v 0.039204 0.020018 0.013215
v 0.039023 0.020050 0.014967
v 0.041014 0.018638 0.000992
v 0.040982 0.018712 0.002999
v 0.040971 0.018870 0.005000
v 0.040966 0.019135 0.006986
v 0.041039 0.019563 0.008883
v 0.040496 0.019742 0.010480
v 0.041530 0.019881 0.015520
v 0.041815 0.019983 0.009574
v 0.041177 0.020031 0.011157
v 0.041021 0.020060 0.013014
v 0.040904 0.020026 0.014809
v 0.043081 0.019454 0.000935
v 0.042781 0.019439 0.002994
v 0.042683 0.019579 0.004996
v 0.042540 0.019769 0.006911
v 0.042298 0.019907 0.008216
v 0.043039 0.019829 0.015319
v 0.043947 0.019968 0.001575
v 0.043873 0.020007 0.003059
v 0.043798 0.020033 0.005002
v 0.043621 0.020036 0.006987
v 0.043073 0.020044 0.008924
v 0.043014 0.020065 0.011002
v 0.042984 0.020052 0.012907
v 0.042900 0.020014 0.014277
v 0.044167 0.019906 0.000238
v 0.045524 0.019858 0.013542
v 0.044917 0.019695 0.014970
v 0.044992 0.020068 0.000935
v 0.045087 0.020100 0.002994
v 0.045089 0.020109 0.005000
v 0.045068 0.020086 0.006999
v 0.044993 0.020064 0.008980
v 0.044906 0.020065 0.010984
v 0.044834 0.020030 0.012850
v 0.044204 0.019987 0.014153
v 0.047613 0.019878 0.009557
v 0.047326 0.019766 0.011044
v 0.046909 0.019617 0.012922
v 0.046976 0.019208 0.014985
v 0.046913 0.020096 0.000992
v 0.046914 0.020078 0.002999
v 0.046913 0.020091 0.005000
v 0.046899 0.020081 0.006987
v 0.046864 0.020035 0.008920
v 0.046275 0.020018 0.010903
v 0.046059 0.019977 0.012210
v 0.033008 0.017845 0.025511
v 0.033001 0.017471 0.027056
v 0.033001 0.017035 0.028999
v 0.033022 0.016514 0.030909
v 0.033022 0.019541 0.016990
v 0.033001 0.019785 0.018999
v 0.033001 0.019488 0.020999
v 0.033008 0.018788 0.022956
v 0.032944 0.018195 0.024425
v 0.035789 0.018006 0.023930
v 0.035081 0.017802 0.025014
v 0.035010 0.017415 0.026997
v 0.035000 0.017082 0.028998
v 0.035001 0.016670 0.030937
v 0.035210 0.019838 0.016929
v 0.035022 0.019794 0.018992
v 0.035011 0.019281 0.021014
v 0.035079 0.018428 0.023073
v 0.034448 0.018086 0.024197
v 0.036023 0.019983 0.016278
v 0.037093 0.017908 0.023654
v 0.037014 0.017631 0.025066
v 0.037001 0.017354 0.027002
v 0.037000 0.017117 0.028999
v 0.036999 0.016784 0.030973
v 0.037025 0.019935 0.017523
v 0.037002 0.019640 0.019060
v 0.037004 0.018943 0.020973
v 0.036949 0.018271 0.022595
v 0.037126 0.020008 0.016464
v 0.039731 0.017985 0.021857
v 0.039046 0.017801 0.023048
v 0.039006 0.017494 0.025001
v 0.039000 0.017315 0.027000
v 0.038999 0.017153 0.029001
v 0.038986 0.016866 0.031016
v 0.038986 0.019827 0.017502
v 0.039004 0.019269 0.019065
v 0.039044 0.018436 0.021031
v 0.038393 0.018106 0.022256
v 0.038913 0.020009 0.016414
v 0.041031 0.017867 0.021537
v 0.041017 0.017616 0.023045
v 0.041000 0.017406 0.025001
v 0.041000 0.017297 0.027001
v 0.041000 0.017177 0.029000
v 0.040999 0.016945 0.030999
v 0.040904 0.019602 0.016926
v 0.040990 0.018816 0.018928
v 0.041019 0.018205 0.020493
v 0.040190 0.019963 0.016088
v 0.042487 0.017872 0.021531
v 0.043036 0.017756 0.022998
v 0.042962 0.017518 0.025000
v 0.043009 0.017367 0.027018
v 0.042999 0.017230 0.029001
v 0.043000 0.017016 0.030998
v 0.042990 0.019345 0.017015
v 0.043012 0.018654 0.018978
v 0.043107 0.018152 0.020819
v 0.043812 0.018023 0.022252
v 0.044205 0.017927 0.023616
v 0.044520 0.017817 0.025082
v 0.045021 0.017737 0.027148
v 0.044944 0.017509 0.029022
v 0.045009 0.017219 0.031005
v 0.044989 0.019197 0.016996
v 0.045000 0.018708 0.018998
v 0.045008 0.018357 0.020975
v 0.045013 0.018158 0.022958
v 0.045578 0.018096 0.024955
v 0.045858 0.018021 0.026543
v 0.046058 0.017965 0.027884
v 0.046387 0.017869 0.029106
v 0.047079 0.017694 0.031045
v 0.046999 0.018861 0.016999
v 0.047000 0.018603 0.019000
v 0.047000 0.018425 0.020999
v 0.046996 0.018336 0.022996
v 0.047045 0.018262 0.025016
v 0.046921 0.018136 0.027145
v 0.047449 0.018081 0.028955
v 0.047842 0.018001 0.030345
v 0.033103 0.016067 0.032167
v 0.035004 0.016200 0.032424
v 0.036982 0.016302 0.032707
v 0.038887 0.016340 0.033088
v 0.039505 0.016038 0.034128
v 0.040988 0.016538 0.032940
v 0.041049 0.016128 0.034290
v 0.042999 0.016652 0.032947
v 0.043001 0.016214 0.034500
v 0.045000 0.016797 0.032976
v 0.044985 0.016297 0.034731
v 0.046999 0.017192 0.033024
v 0.046906 0.016452 0.035086
v 0.047532 0.016065 0.036117
v 0.048411 0.001000 0.041944
v 0.049527 0.000998 0.042068
v 0.048589 0.003003 0.041914
v 0.049675 0.002935 0.042049
v 0.048990 0.005040 0.041868
v 0.049806 0.004388 0.042027
v 0.048945 0.007007 0.041690
v 0.049006 0.008990 0.041436
v 0.049001 0.010961 0.040996
v 0.048932 0.013668 0.039723
v 0.049004 0.012621 0.040369
v 0.048990 0.015607 0.037399
v 0.049000 0.014632 0.038748
v 0.051057 0.001000 0.042269
v 0.051063 0.003003 0.042234
v 0.050136 0.005728 0.041981
v 0.050969 0.005037 0.042141
v 0.050442 0.007069 0.041913
v 0.051502 0.006921 0.042084
v 0.051026 0.008933 0.041772
v 0.051842 0.008226 0.042013
v 0.051018 0.010990 0.041302
v 0.050366 0.013858 0.039863
v 0.051026 0.013038 0.040477
v 0.051001 0.015725 0.037714
v 0.051025 0.014658 0.039120
v 0.051707 0.014020 0.039992
v 0.053002 0.001000 0.042521
v 0.053002 0.003000 0.042493
v 0.052992 0.005005 0.042411
v 0.053062 0.006986 0.042289
v 0.052435 0.009548 0.041902
v 0.053134 0.008852 0.042113
v 0.053060 0.010936 0.041660
v 0.053763 0.010103 0.042005
v 0.053014 0.012907 0.040858
v 0.052944 0.015860 0.037843
v 0.053014 0.015036 0.038995
v 0.053079 0.014138 0.040109
v 0.055000 0.001000 0.042739
v 0.055000 0.003000 0.042719
v 0.055000 0.005000 0.042651
v 0.055002 0.006997 0.042530
v 0.055014 0.008927 0.042339
v 0.054946 0.011475 0.041793
v 0.055088 0.010418 0.042104
v 0.055004 0.012955 0.041144
v 0.054446 0.015949 0.037930
v 0.055080 0.015397 0.038845
v 0.055013 0.014294 0.040239
v 0.057000 0.001000 0.042939
v 0.057000 0.003000 0.042922
v 0.057000 0.005000 0.042866
v 0.057000 0.007000 0.042756
v 0.057005 0.009002 0.042556
v 0.056391 0.011785 0.041905
v 0.057044 0.010977 0.042207
v 0.057042 0.012871 0.041485
v 0.057731 0.012060 0.041992
v 0.057013 0.015421 0.039151
v 0.057006 0.014387 0.040421
v 0.059000 0.001000 0.043116
v 0.059000 0.003000 0.043103
v 0.059000 0.005000 0.043059
v 0.059000 0.007000 0.042963
v 0.059000 0.008998 0.042776
v 0.059008 0.010919 0.042441
v 0.059008 0.013257 0.041535
v 0.059082 0.012216 0.042086
v 0.059000 0.015520 0.039320
v 0.059000 0.014528 0.040549
v 0.061000 0.001000 0.043275
v 0.061000 0.003000 0.043266
v 0.061000 0.005000 0.043228
v 0.061000 0.007000 0.043141
v 0.061000 0.008998 0.042966
v 0.061000 0.010936 0.042635
v 0.061000 0.013488 0.041636
v 0.061003 0.012414 0.042198
v 0.061000 0.015603 0.039457
v 0.061000 0.014630 0.040662
v 0.063000 0.001000 0.043438
v 0.063000 0.003000 0.043432
v 0.063000 0.005000 0.043394
v 0.063000 0.007000 0.043307
v 0.063000 0.008999 0.043136
v 0.063000 0.010960 0.042807
v 0.062997 0.013681 0.041745
v 0.063000 0.012598 0.042305
v 0.063000 0.015680 0.039579
v 0.063000 0.014721 0.040774
v 0.049394 0.019828 0.001000
v 0.049341 0.019800 0.003000
v 0.049325 0.019741 0.005000
v 0.049243 0.019664 0.006987
v 0.048892 0.019590 0.008923
v 0.049013 0.019279 0.010992
v 0.048987 0.019034 0.012990
v 0.048999 0.018778 0.014999
v 0.048277 0.020032 0.001000
v 0.048224 0.020023 0.003000
v 0.048209 0.020031 0.004997
v 0.048150 0.020016 0.006911
v 0.048025 0.019969 0.008217
v 0.051040 0.019285 0.001000
v 0.051032 0.019253 0.003000
v 0.051031 0.019166 0.005000
v 0.051022 0.019057 0.006999
v 0.050985 0.018919 0.008990
v 0.051000 0.018747 0.010999
v 0.050999 0.018585 0.013000
v 0.051000 0.018459 0.015000
v 0.053001 0.018657 0.001000
v 0.053001 0.018651 0.003000
v 0.053001 0.018604 0.005000
v 0.053001 0.018556 0.007000
v 0.052999 0.018496 0.009000
v 0.053000 0.018417 0.011000
v 0.053000 0.018308 0.013000
v 0.053000 0.018257 0.015000
v 0.055000 0.018355 0.001000
v 0.055000 0.018373 0.003000
v 0.055000 0.018349 0.005000
v 0.055000 0.018336 0.007000
v 0.055000 0.018320 0.009000
v 0.055000 0.018281 0.011000
v 0.055000 0.018211 0.013000
v 0.055000 0.018190 0.015000
v 0.057000 0.018281 0.001000
v 0.057000 0.018315 0.003000
v 0.057000 0.018293 0.005000
v 0.057000 0.018289 0.007000
v 0.057000 0.018283 0.009000
v 0.057000 0.018249 0.011000
v 0.057000 0.018194 0.013000
v 0.057000 0.018182 0.015000
v 0.059000 0.018266 0.001000
v 0.059000 0.018296 0.003000
v 0.059000 0.018280 0.005000
v 0.059000 0.018267 0.007000
v 0.059000 0.018256 0.009000
v 0.059000 0.018233 0.011000
v 0.059000 0.018184 0.013000
v 0.059000 0.018177 0.015000
v 0.061000 0.018280 0.001000
v 0.061000 0.018298 0.003000
v 0.061000 0.018281 0.005000
v 0.061000 0.018241 0.007000
v 0.061000 0.018206 0.009000
v 0.061000 0.018192 0.011000
v 0.061000 0.018168 0.013000
v 0.061000 0.018166 0.015000
v 0.063000 0.018312 0.001000
v 0.063000 0.018329 0.003000
v 0.063000 0.018310 0.005000
v 0.063000 0.018276 0.007000
v 0.063000 0.018241 0.009000
v 0.063000 0.018226 0.011000
v 0.063000 0.018232 0.013000
v 0.063000 0.018224 0.015000
v 0.049014 0.017931 0.031713
v 0.049000 0.018603 0.017000
v 0.049000 0.018485 0.019000
v 0.049000 0.018377 0.021000
v 0.049000 0.018328 0.023000
v 0.049001 0.018293 0.025001
v 0.048985 0.018230 0.027017
v 0.049047 0.018151 0.028969
v 0.049094 0.018049 0.030636
v 0.050997 0.017976 0.031744
v 0.051000 0.018411 0.017000
v 0.051000 0.018361 0.019000
v 0.051000 0.018270 0.021000
v 0.051000 0.018214 0.023000
v 0.051000 0.018192 0.025000
v 0.050999 0.018154 0.027000
v 0.051002 0.018103 0.028963
v 0.051003 0.018036 0.030629
v 0.052908 0.017979 0.031729
v 0.053000 0.018287 0.017000
v 0.053000 0.018276 0.019000
v 0.053000 0.018199 0.021000
v 0.053000 0.018138 0.023000
v 0.053000 0.018122 0.025000
v 0.053000 0.018102 0.026999
v 0.052999 0.018076 0.028961
v 0.052985 0.018031 0.030639
v 0.054198 0.017996 0.031901
v 0.055000 0.018251 0.017000
v 0.055000 0.018278 0.019000
v 0.055000 0.018233 0.021000
v 0.055000 0.018204 0.023000
v 0.055000 0.018198 0.025000
v 0.055000 0.018172 0.027001
v 0.054989 0.018144 0.029010
v 0.054909 0.018065 0.031055
v 0.057000 0.018253 0.017000
v 0.057000 0.018301 0.019000
v 0.057000 0.018288 0.021000
v 0.057000 0.018291 0.023000
v 0.057000 0.018293 0.025000
v 0.057000 0.018255 0.027000
v 0.056999 0.018218 0.029000
v 0.056991 0.018134 0.030965
v 0.059000 0.018245 0.017000
v 0.059000 0.018291 0.019000
v 0.059000 0.018293 0.021000
v 0.059000 0.018301 0.023000
v 0.059000 0.018297 0.025000
v 0.059000 0.018237 0.027000
v 0.059000 0.018178 0.028999
v 0.059001 0.018114 0.030962
v 0.061000 0.018227 0.017000
v 0.061000 0.018281 0.019000
v 0.061000 0.018288 0.021000
v 0.061000 0.018292 0.023000
v 0.061000 0.018280 0.025000
v 0.061000 0.018204 0.027000
v 0.061001 0.018124 0.029000
v 0.061013 0.018076 0.030997
v 0.063000 0.018256 0.017000
v 0.063000 0.018307 0.019000
v 0.063000 0.018305 0.021000
v 0.063000 0.018307 0.023000
v 0.063000 0.018300 0.025000
v 0.063000 0.018234 0.027000
v 0.063000 0.018151 0.029000
v 0.063001 0.018094 0.030996
v 0.049000 0.017649 0.033085
v 0.048990 0.016996 0.034948
v 0.049053 0.016280 0.036336
v 0.051000 0.017820 0.033083
v 0.051000 0.017338 0.034962
v 0.051002 0.016522 0.036587
v 0.052985 0.017859 0.033075
v 0.053000 0.017468 0.034981
v 0.053008 0.016631 0.036753
v 0.054910 0.017924 0.033046
v 0.054999 0.017538 0.035014
v 0.055079 0.016577 0.037067
v 0.055786 0.016019 0.038031
v 0.055538 0.018014 0.032248
v 0.056989 0.017948 0.033596
v 0.057000 0.017623 0.035066
v 0.057013 0.016801 0.036919
v 0.057089 0.016088 0.038121
v 0.057055 0.018036 0.032513
v 0.058949 0.017960 0.033706
v 0.059012 0.017681 0.035056
v 0.059001 0.016924 0.036917
v 0.059003 0.016177 0.038253
v 0.059014 0.018035 0.032625
v 0.060488 0.017967 0.033746
v 0.061108 0.017789 0.034883
v 0.061013 0.017043 0.036914
v 0.061001 0.016259 0.038376
v 0.061108 0.018023 0.032946
v 0.061828 0.017981 0.034005
v 0.063017 0.017810 0.035211
v 0.063001 0.017149 0.036963
v 0.063000 0.016330 0.038488
v 0.063016 0.018052 0.032901
v 0.063093 0.018001 0.034120
v 0.069147 0.001000 0.001000
v 0.069147 0.001000 0.003000
v 0.069147 0.001000 0.005000
v 0.069154 0.001000 0.007000
v 0.069222 0.000998 0.009003
v 0.069295 0.000938 0.011000
v 0.069308 0.000942 0.012998
v 0.069299 0.000999 0.014942
v 0.069147 0.003000 0.001000
v 0.069147 0.003000 0.003000
v 0.069149 0.003000 0.005000
v 0.069190 0.003000 0.007002
v 0.069542 0.003010 0.009042
v 0.069733 0.002460 0.011007
v 0.069757 0.002483 0.013003
v 0.069701 0.002962 0.014989
v 0.069148 0.005000 0.001000
v 0.069148 0.005000 0.003000
v 0.069149 0.005000 0.004998
v 0.069198 0.005000 0.006951
v 0.069611 0.005002 0.008555
v 0.070017 0.004140 0.015600
v 0.069161 0.006998 0.001000
v 0.069161 0.006998 0.003000
v 0.069163 0.006998 0.004998
v 0.069213 0.006998 0.006947
v 0.069626 0.006997 0.008495
v 0.069295 0.008928 0.001000
v 0.069296 0.008928 0.003000
v 0.069299 0.008927 0.004998
v 0.069344 0.008925 0.006939
v 0.069700 0.008914 0.008426
v 0.069732 0.010352 0.001000
v 0.069734 0.010349 0.003000
v 0.069737 0.010345 0.004997
v 0.069759 0.010322 0.006919
v 0.069941 0.010181 0.008223
v 0.070208 0.003735 0.009787
v 0.070589 0.003518 0.011084
v 0.070611 0.003509 0.012940
v 0.070304 0.003775 0.014387
v 0.070382 0.005057 0.009639
v 0.071443 0.004902 0.011084
v 0.071569 0.004541 0.012986
v 0.070947 0.005043 0.014899
v 0.070402 0.007002 0.009560
v 0.071474 0.007000 0.010526
v 0.071395 0.007009 0.015166
v 0.070500 0.008987 0.009447
v 0.071483 0.008923 0.010398
v 0.071538 0.009000 0.015247
v 0.070541 0.011410 0.001000
v 0.070545 0.011407 0.003000
v 0.070553 0.011401 0.005000
v 0.070613 0.011343 0.006988
v 0.071090 0.010845 0.008864
v 0.071642 0.010225 0.010147
v 0.071647 0.011000 0.015349
v 0.071526 0.012392 0.001000
v 0.071530 0.012389 0.003000
v 0.071535 0.012384 0.004997
v 0.071559 0.012353 0.006919
v 0.071677 0.012141 0.008209
v 0.071742 0.013005 0.015424
v 0.071883 0.015776 0.013802
v 0.071703 0.015082 0.015029
v 0.073060 0.005283 0.011520
v 0.072889 0.005330 0.012907
v 0.072011 0.005852 0.014025
v 0.074031 0.007924 0.009950
v 0.073174 0.007171 0.010662
v 0.073192 0.007028 0.013326
v 0.072141 0.007098 0.014146
v 0.073805 0.009097 0.009716
v 0.072819 0.008946 0.010443
v 0.073269 0.008999 0.013364
v 0.072213 0.009004 0.014227
v 0.073595 0.011477 0.001000
v 0.073593 0.011472 0.003000
v 0.073589 0.011465 0.005000
v 0.073530 0.011399 0.006996
v 0.073046 0.010866 0.008932
v 0.072516 0.010229 0.010159
v 0.073310 0.010982 0.013300
v 0.072272 0.010998 0.014315
v 0.072559 0.012401 0.001000
v 0.073604 0.013630 0.001000
v 0.072556 0.012398 0.003000
v 0.073599 0.013627 0.003000
v 0.072551 0.012392 0.004997
v 0.073597 0.013626 0.005000
v 0.072524 0.012360 0.006920
v 0.073600 0.013629 0.007000
v 0.073606 0.013632 0.009000
v 0.072390 0.012144 0.008219
v 0.073595 0.013578 0.010989
v 0.073227 0.013029 0.012882
v 0.072281 0.012957 0.014327
v 0.072761 0.014966 0.001000
v 0.072756 0.014966 0.003000
v 0.072754 0.014965 0.005000
v 0.072756 0.014966 0.007000
v 0.072761 0.014967 0.009000
v 0.072754 0.014979 0.011007
v 0.072423 0.015045 0.013025
v 0.072142 0.014510 0.014226
v 0.075799 0.005805 0.009786
v 0.075023 0.005239 0.011028
v 0.074974 0.005266 0.012307
v 0.076018 0.007943 0.001000
v 0.076016 0.007936 0.003000
v 0.076012 0.007928 0.005001
v 0.075923 0.007850 0.007019
v 0.075225 0.007298 0.009151
v 0.074466 0.006606 0.010361
v 0.075010 0.007010 0.012690
v 0.075716 0.009047 0.001000
v 0.075727 0.009045 0.003000
v 0.075736 0.009044 0.004999
v 0.075642 0.009035 0.006976
v 0.074890 0.008958 0.008726
v 0.074935 0.008974 0.012589
v 0.074812 0.010423 0.001000
v 0.075326 0.011139 0.001000
v 0.074825 0.010418 0.003000
v 0.075324 0.011129 0.003000
v 0.074840 0.010413 0.004998
v 0.075323 0.011118 0.005000
v 0.074811 0.010383 0.006936
v 0.075325 0.011109 0.007000
v 0.075327 0.011102 0.008997
v 0.074469 0.010219 0.008362
v 0.075288 0.011072 0.010916
v 0.074871 0.010758 0.012264
v 0.074392 0.012529 0.001000
v 0.074390 0.012525 0.003000
v 0.074389 0.012522 0.005000
v 0.074392 0.012525 0.007000
v 0.074396 0.012528 0.008997
v 0.074390 0.012509 0.010911
v 0.074228 0.012287 0.012161
v 0.077965 0.004002 0.009878
v 0.077582 0.003801 0.010992
v 0.077583 0.003874 0.011977
v 0.077599 0.005602 0.001000
v 0.077602 0.005601 0.003000
v 0.077603 0.005600 0.005001
v 0.077556 0.005547 0.007017
v 0.077164 0.005103 0.009184
v 0.076580 0.004515 0.010945
v 0.076862 0.004923 0.012178
v 0.076673 0.006881 0.001000
v 0.077154 0.007592 0.001000
v 0.076676 0.006875 0.003000
v 0.077160 0.007581 0.003000
v 0.076679 0.006868 0.004998
v 0.077166 0.007569 0.005000
v 0.076650 0.006818 0.006941
v 0.077191 0.007557 0.007000
v 0.077288 0.007542 0.008998
v 0.076394 0.006513 0.008445
v 0.077375 0.007478 0.010923
v 0.076899 0.006957 0.012250
v 0.076272 0.008957 0.001000
v 0.076273 0.008955 0.003000
v 0.076273 0.008952 0.005000
v 0.076295 0.008949 0.007000
v 0.076390 0.008947 0.008997
v 0.076498 0.008941 0.010903
v 0.076209 0.008887 0.012097
v 0.075989 0.010073 0.001000
v 0.075984 0.010063 0.003000
v 0.075977 0.010052 0.005000
v 0.075974 0.010043 0.007000
v 0.075984 0.010037 0.008996
v 0.075995 0.010031 0.010884
v 0.075894 0.009985 0.011927
v 0.079996 0.001891 0.001013
v 0.079989 0.001854 0.003001
v 0.079983 0.001832 0.005000
v 0.079963 0.001772 0.007002
v 0.079811 0.001493 0.009016
v 0.079557 0.000839 0.010765
v 0.079656 0.000993 0.012154
v 0.079948 0.003120 0.001049
v 0.079943 0.002847 0.003014
v 0.079934 0.002761 0.005002
v 0.079854 0.002755 0.007043
v 0.079210 0.003259 0.009404
v 0.078737 0.002809 0.010925
v 0.079499 0.003708 0.010942
v 0.079041 0.003180 0.012003
v 0.078261 0.005559 0.001000
v 0.079979 0.003874 0.000492
v 0.078254 0.005558 0.003000
v 0.078245 0.005555 0.005001
v 0.078251 0.005498 0.007015
v 0.078409 0.005002 0.009125
v 0.078807 0.005021 0.010920
v 0.078387 0.004928 0.012076
v 0.078205 0.006532 0.001000
v 0.078199 0.006522 0.003000
v 0.078190 0.006509 0.005000
v 0.078185 0.006493 0.007001
v 0.078208 0.006431 0.009011
v 0.078254 0.006404 0.010902
v 0.078076 0.006236 0.012036
v 0.069659 0.000997 0.016396
v 0.069822 0.002909 0.016285
v 0.070049 0.004112 0.016208
v 0.070532 0.001000 0.017449
v 0.071579 0.000997 0.018409
v 0.070682 0.002981 0.017296
v 0.071693 0.002919 0.018278
v 0.071076 0.004870 0.016909
v 0.071863 0.004264 0.018048
v 0.071436 0.006990 0.016629
v 0.071569 0.008999 0.016528
v 0.071652 0.010989 0.016633
v 0.071680 0.012929 0.017134
v 0.071770 0.013493 0.019015
v 0.071800 0.013668 0.021000
v 0.071803 0.013687 0.023000
v 0.071803 0.013688 0.025000
v 0.071803 0.013688 0.027000
v 0.071803 0.013688 0.029000
v 0.071803 0.013688 0.031000
v 0.071441 0.014954 0.017011
v 0.071419 0.015000 0.019001
v 0.071419 0.015019 0.021000
v 0.071419 0.015020 0.023000
v 0.071418 0.015020 0.025000
v 0.071418 0.015020 0.027000
v 0.071418 0.015020 0.029000
v 0.071416 0.015019 0.031000
v 0.073062 0.001000 0.018913
v 0.073068 0.002992 0.018784
v 0.072165 0.005604 0.017774
v 0.072995 0.004962 0.018469
v 0.072361 0.007064 0.017652
v 0.073405 0.006998 0.018460
v 0.072445 0.008999 0.017560
v 0.073497 0.008998 0.018503
v 0.072337 0.010912 0.017679
v 0.073298 0.010965 0.019058
v 0.073554 0.011556 0.021004
v 0.073586 0.011621 0.023000
v 0.073587 0.011624 0.025000
v 0.073587 0.011624 0.027000
v 0.073587 0.011624 0.029000
v 0.073587 0.011624 0.031000
v 0.072100 0.012169 0.017875
v 0.072366 0.012414 0.019095
v 0.072533 0.012616 0.021003
v 0.072557 0.012638 0.023000
v 0.072558 0.012639 0.025000
v 0.072558 0.012639 0.027000
v 0.072558 0.012639 0.029000
v 0.072558 0.012639 0.031000
v 0.075002 0.001000 0.018996
v 0.075002 0.003000 0.018980
v 0.074996 0.004995 0.018941
v 0.075043 0.006998 0.018942
v 0.075055 0.008944 0.019000
v 0.075034 0.010458 0.019560
v 0.075061 0.011039 0.021058
v 0.075064 0.011105 0.023002
v 0.075064 0.011108 0.025000
v 0.075064 0.011108 0.027000
v 0.075064 0.011108 0.029000
v 0.075064 0.011108 0.031000
v 0.077000 0.001000 0.019000
v 0.077000 0.003000 0.018999
v 0.077000 0.005000 0.018998
v 0.077001 0.006998 0.019000
v 0.077002 0.008938 0.019060
v 0.077001 0.010383 0.019619
v 0.077002 0.010945 0.021062
v 0.077002 0.011006 0.023002
v 0.077002 0.011008 0.025000
v 0.077002 0.011008 0.027000
v 0.077002 0.011008 0.029000
v 0.077002 0.011008 0.031000
v 0.079000 0.001000 0.019000
v 0.079000 0.003000 0.019000
v 0.079000 0.005000 0.019000
v 0.079000 0.006998 0.019002
v 0.079000 0.008938 0.019062
v 0.079000 0.010379 0.019621
v 0.079000 0.010938 0.021062
v 0.079000 0.010998 0.023002
v 0.079000 0.011000 0.025000
v 0.079000 0.011000 0.027000
v 0.079000 0.011000 0.029000
v 0.079000 0.011000 0.031000
v 0.065001 0.000999 0.043590
v 0.065000 0.003000 0.043589
v 0.065001 0.004999 0.043553
v 0.065000 0.007000 0.043467
v 0.065000 0.008999 0.043291
v 0.065000 0.010982 0.042958
v 0.064917 0.013848 0.041852
v 0.064991 0.012779 0.042396
v 0.065000 0.015755 0.039686
v 0.064991 0.014797 0.040905
v 0.067018 0.000978 0.043602
v 0.066996 0.002997 0.043618
v 0.067017 0.004989 0.043577
v 0.066998 0.006999 0.043526
v 0.066997 0.009001 0.043350
v 0.066991 0.011016 0.043038
v 0.066257 0.013943 0.041913
v 0.066948 0.013085 0.042400
v 0.066993 0.015788 0.039768
v 0.066948 0.014725 0.041161
v 0.067592 0.014017 0.041965
v 0.069716 0.000978 0.039415
v 0.069598 0.000793 0.041220
v 0.069082 0.000793 0.042625
v 0.069705 0.002997 0.039396
v 0.069485 0.002966 0.041063
v 0.068864 0.002966 0.042747
v 0.069717 0.004989 0.039412
v 0.069599 0.004960 0.041179
v 0.069071 0.004960 0.042691
v 0.069729 0.006996 0.039404
v 0.069628 0.006988 0.040837
v 0.068910 0.006991 0.042995
v 0.069868 0.008907 0.039561
v 0.069773 0.008907 0.040592
v 0.068901 0.008999 0.042995
v 0.070054 0.010124 0.039790
v 0.069979 0.010125 0.040327
v 0.068924 0.010998 0.042908
v 0.068921 0.012914 0.042523
v 0.068972 0.015759 0.039728
v 0.068930 0.014919 0.040998
v 0.068963 0.014064 0.042005
v 0.071069 0.000999 0.038394
v 0.069935 0.000094 0.041884
v 0.069869 0.000094 0.042101
v 0.071068 0.003000 0.038393
v 0.071069 0.004999 0.038395
v 0.069972 0.005606 0.041859
v 0.069905 0.005606 0.042197
v 0.071069 0.007000 0.038425
v 0.070025 0.007055 0.041799
v 0.069957 0.007056 0.042275
v 0.071082 0.008986 0.038692
v 0.070148 0.008989 0.041533
v 0.070053 0.009001 0.042315
v 0.071052 0.010863 0.039362
v 0.070473 0.010875 0.040929
v 0.070228 0.010987 0.042303
v 0.071803 0.013688 0.033000
v 0.071803 0.013686 0.035000
v 0.071763 0.013620 0.037002
v 0.071449 0.013038 0.039010
v 0.070833 0.012938 0.040915
v 0.070267 0.012893 0.042178
v 0.071423 0.015017 0.033000
v 0.071419 0.015014 0.035001
v 0.071306 0.015012 0.037013
v 0.070699 0.015058 0.039104
v 0.070353 0.014428 0.040906
v 0.070057 0.013991 0.041943
v 0.073002 0.001000 0.038039
v 0.073002 0.003000 0.038039
v 0.073002 0.005000 0.038039
v 0.073002 0.006999 0.038047
v 0.073001 0.008973 0.038125
v 0.073587 0.011623 0.033000
v 0.073583 0.011591 0.034997
v 0.073509 0.011323 0.036913
v 0.072979 0.010765 0.038224
v 0.072558 0.012639 0.033000
v 0.072555 0.012636 0.034998
v 0.072515 0.012579 0.036927
v 0.072326 0.012311 0.038267
v 0.075000 0.001000 0.038001
v 0.075000 0.003000 0.038001
v 0.075000 0.005000 0.038001
v 0.075000 0.006996 0.038002
v 0.075000 0.008887 0.038005
v 0.075064 0.011106 0.033000
v 0.075064 0.011048 0.034996
v 0.075057 0.010608 0.036881
v 0.075001 0.010032 0.037912
v 0.077000 0.001000 0.038000
v 0.077000 0.003000 0.038000
v 0.077000 0.005000 0.038000
v 0.077000 0.006996 0.038000
v 0.077000 0.008881 0.037996
v 0.077002 0.011006 0.033000
v 0.077002 0.010949 0.034996
v 0.077002 0.010502 0.036879
v 0.077000 0.009941 0.037880
v 0.079000 0.001000 0.038000
v 0.079000 0.003000 0.038000
v 0.079000 0.005000 0.038000
v 0.079000 0.006996 0.038000
v 0.079000 0.008881 0.037996
v 0.079000 0.010998 0.033000
v 0.079000 0.010942 0.034996
v 0.079000 0.010496 0.036879
v 0.079000 0.009938 0.037879
v 0.064997 0.018309 0.001000
v 0.064996 0.018325 0.003000
v 0.064996 0.018315 0.005000
v 0.064997 0.018316 0.007000
v 0.064997 0.018307 0.009000
v 0.064997 0.018297 0.011000
v 0.064997 0.018305 0.013000
v 0.064997 0.018287 0.015000
v 0.066894 0.018194 0.001000
v 0.066890 0.018191 0.003000
v 0.066894 0.018198 0.005000
v 0.066895 0.018208 0.007000
v 0.066896 0.018211 0.009000
v 0.066899 0.018216 0.011000
v 0.066895 0.018208 0.013000
v 0.066895 0.018195 0.015000
v 0.069200 0.017545 0.001000
v 0.069174 0.017543 0.003000
v 0.069199 0.017545 0.005000
v 0.069210 0.017545 0.007000
v 0.069214 0.017546 0.009000
v 0.069235 0.017544 0.011001
v 0.069229 0.017512 0.013012
v 0.069188 0.017495 0.015001
v 0.068087 0.018007 0.001000
v 0.068061 0.017996 0.003000
v 0.068085 0.018007 0.005000
v 0.068096 0.018013 0.007000
v 0.068101 0.018016 0.009000
v 0.068119 0.018024 0.011000
v 0.068097 0.018011 0.013000
v 0.068090 0.018004 0.015000
v 0.070910 0.016753 0.001000
v 0.070905 0.016752 0.003000
v 0.070909 0.016752 0.005000
v 0.070910 0.016752 0.007000
v 0.070911 0.016751 0.009000
v 0.070934 0.016729 0.011010
v 0.071096 0.016533 0.013096
v 0.070774 0.016501 0.015011
v 0.072054 0.016067 0.001000
v 0.072052 0.016067 0.003000
v 0.072052 0.016066 0.005000
v 0.072052 0.016066 0.007000
v 0.072052 0.016066 0.008998
v 0.072052 0.016061 0.010947
v 0.071994 0.016012 0.012467
v 0.064996 0.018287 0.017000
v 0.064996 0.018309 0.019000
v 0.064996 0.018298 0.021000
v 0.064996 0.018301 0.023000
v 0.064996 0.018301 0.025000
v 0.064997 0.018258 0.027000
v 0.064997 0.018179 0.028999
v 0.065004 0.018111 0.030986
v 0.067819 0.017931 0.031539
v 0.066893 0.018187 0.017000
v 0.066889 0.018180 0.019000
v 0.066893 0.018184 0.021000
v 0.066894 0.018189 0.023000
v 0.066894 0.018192 0.025000
v 0.066898 0.018183 0.027000
v 0.066901 0.018123 0.028986
v 0.066995 0.018051 0.030908
v 0.069164 0.017480 0.017000
v 0.069132 0.017475 0.019000
v 0.069158 0.017475 0.021000
v 0.069165 0.017473 0.023000
v 0.069170 0.017472 0.025000
v 0.069193 0.017473 0.027000
v 0.069127 0.017477 0.028986
v 0.068858 0.017553 0.030910
v 0.068079 0.017997 0.017000
v 0.068049 0.017984 0.019000
v 0.068075 0.017995 0.021000
v 0.068082 0.017998 0.023000
v 0.068087 0.018001 0.025000
v 0.068111 0.018010 0.026997
v 0.068067 0.017985 0.028908
v 0.068001 0.017954 0.030199
v 0.070644 0.016476 0.017001
v 0.070626 0.016473 0.019000
v 0.070629 0.016472 0.021000
v 0.070629 0.016471 0.023000
v 0.070629 0.016469 0.025000
v 0.070632 0.016468 0.027000
v 0.070624 0.016466 0.028999
v 0.070595 0.016466 0.030989
v 0.065004 0.017843 0.035302
v 0.065000 0.017215 0.036989
v 0.065000 0.016381 0.038582
v 0.064961 0.018072 0.032912
v 0.064937 0.018015 0.034219
v 0.067652 0.017915 0.033043
v 0.067039 0.017790 0.034913
v 0.067005 0.017130 0.036957
v 0.066998 0.016356 0.038637
v 0.066608 0.018036 0.032899
v 0.066342 0.017998 0.034141
v 0.069020 0.017425 0.032990
v 0.068973 0.017277 0.034990
v 0.068957 0.016837 0.036969
v 0.068929 0.016282 0.038659
v 0.070620 0.016444 0.032999
v 0.070616 0.016399 0.034998
v 0.070539 0.016258 0.036948
v 0.070287 0.016066 0.038442
v 0.080679 0.000801 0.001001
v 0.081216 0.001548 0.001013
v 0.080680 0.000790 0.003000
v 0.081229 0.001511 0.003001
v 0.080680 0.000776 0.005000
v 0.081236 0.001491 0.005000
v 0.080651 0.000716 0.006996
v 0.081245 0.001463 0.007000
v 0.080399 0.000369 0.008884
v 0.081264 0.001428 0.008999
v 0.081307 0.001358 0.010921
v 0.080052 0.000048 0.010008
v 0.080942 0.000885 0.012226
v 0.080235 0.003086 0.001049
v 0.080298 0.002805 0.003014
v 0.080310 0.002717 0.005001
v 0.080314 0.002659 0.007003
v 0.080267 0.002683 0.009040
v 0.080377 0.002725 0.010908
v 0.080247 0.002458 0.012050
v 0.080029 0.003873 0.000492
v 0.082174 0.000458 0.001001
v 0.082169 0.000447 0.003000
v 0.082163 0.000435 0.005000
v 0.082152 0.000409 0.006999
v 0.082159 0.000336 0.008989
v 0.082192 0.000301 0.010897
v 0.082030 0.000161 0.012018
v 0.081000 0.001000 0.019000
v 0.081000 0.003000 0.019000
v 0.081000 0.005000 0.019000
v 0.081000 0.006998 0.019002
v 0.081000 0.008937 0.019066
v 0.080998 0.010376 0.019624
v 0.080998 0.010931 0.021063
v 0.080998 0.010992 0.023002
v 0.080998 0.010994 0.025000
v 0.080998 0.010994 0.027000
v 0.080998 0.010994 0.029000
v 0.080998 0.010994 0.031000
v 0.082997 0.001000 0.019012
v 0.082997 0.003000 0.019012
v 0.082997 0.005000 0.019012
v 0.082998 0.006998 0.019019
v 0.082999 0.008936 0.019129
v 0.082930 0.010339 0.019658
v 0.082949 0.010846 0.021066
v 0.082951 0.010902 0.023002
v 0.082951 0.010904 0.025000
v 0.082951 0.010904 0.027000
v 0.082951 0.010904 0.029000
v 0.082951 0.010904 0.031000
v 0.084920 0.001000 0.019141
v 0.084920 0.003000 0.019140
v 0.084920 0.005000 0.019142
v 0.084923 0.006997 0.019183
v 0.084945 0.008935 0.019577
v 0.085502 0.009476 0.021059
v 0.085565 0.009536 0.023002
v 0.085567 0.009538 0.025000
v 0.085567 0.009538 0.027000
v 0.085567 0.009538 0.029000
v 0.085567 0.009538 0.031000
v 0.084307 0.010154 0.019839
v 0.084503 0.010385 0.021084
v 0.084526 0.010409 0.023003
v 0.084527 0.010409 0.025000
v 0.084527 0.010409 0.027000
v 0.084527 0.010409 0.029000
v 0.084527 0.010409 0.031000
v 0.086228 0.001000 0.019700
v 0.086653 0.001000 0.021073
v 0.086696 0.001000 0.023002
v 0.086697 0.001000 0.025000
v 0.086697 0.001000 0.027000
v 0.086697 0.001000 0.029000
v 0.086697 0.001000 0.031000
v 0.086229 0.003000 0.019699
v 0.086655 0.003000 0.021072
v 0.086699 0.003000 0.023002
v 0.086700 0.003000 0.025000
v 0.086700 0.003000 0.027000
v 0.086700 0.003000 0.029000
v 0.086700 0.003000 0.031000
v 0.086229 0.004998 0.019699
v 0.086654 0.004998 0.021072
v 0.086697 0.004998 0.023002
v 0.086699 0.004998 0.025000
v 0.086699 0.004998 0.027000
v 0.086699 0.004998 0.029000
v 0.086699 0.004998 0.031000
v 0.086214 0.006927 0.019716
v 0.086614 0.006944 0.021074
v 0.086656 0.006945 0.023002
v 0.086658 0.006945 0.025000
v 0.086658 0.006945 0.027000
v 0.086658 0.006945 0.029000
v 0.086658 0.006945 0.031000
v 0.086081 0.008280 0.019866
v 0.086281 0.008463 0.021088
v 0.086300 0.008485 0.023003
v 0.086301 0.008486 0.025000
v 0.086301 0.008486 0.027000
v 0.086301 0.008486 0.029000
v 0.086301 0.008486 0.031000
v 0.081000 0.001000 0.038000
v 0.081000 0.003000 0.038000
v 0.081000 0.005000 0.038000
v 0.081000 0.006996 0.038000
v 0.080999 0.008880 0.037996
v 0.080998 0.010992 0.033000
v 0.080998 0.010935 0.034996
v 0.080997 0.010493 0.036879
v 0.080996 0.009937 0.037879
v 0.082996 0.001000 0.038000
v 0.082996 0.003000 0.038000
v 0.082996 0.005000 0.038000
v 0.082995 0.006995 0.038000
v 0.082972 0.008861 0.037993
v 0.082951 0.010902 0.033000
v 0.082948 0.010849 0.034996
v 0.082917 0.010446 0.036879
v 0.082888 0.009931 0.037878
v 0.084880 0.001000 0.037996
v 0.084880 0.003000 0.037996
v 0.084880 0.004999 0.037996
v 0.084860 0.006972 0.037993
v 0.085566 0.009537 0.033000
v 0.085532 0.009506 0.034996
v 0.085256 0.009242 0.036880
v 0.084730 0.008728 0.037901
v 0.084526 0.010408 0.033000
v 0.084494 0.010380 0.034996
v 0.084260 0.010143 0.036878
v 0.084005 0.009849 0.037840
v 0.086696 0.001000 0.033000
v 0.086656 0.001000 0.034996
v 0.086345 0.001000 0.036879
v 0.085920 0.001000 0.037879
v 0.086699 0.003000 0.033000
v 0.086659 0.003000 0.034996
v 0.086346 0.003000 0.036879
v 0.085920 0.003000 0.037879
v 0.086697 0.004998 0.033000
v 0.086658 0.004998 0.034996
v 0.086346 0.004997 0.036879
v 0.085920 0.004996 0.037879
v 0.086656 0.006945 0.033000
v 0.086618 0.006943 0.034996
v 0.086323 0.006914 0.036879
v 0.085916 0.006887 0.037878
v 0.086300 0.008485 0.033000
v 0.086278 0.008456 0.034996
v 0.086089 0.008240 0.036878
v 0.085841 0.008002 0.037840
vn -0.9997 -0.0211 -0.0154
vn -0.9538 -0.2376 -0.1839
vn -0.9823 -0.1426 -0.1218
vn -0.9997 -0.0148 -0.0174
vn -0.9627 -0.1772 -0.2044
vn -0.9939 -0.0802 -0.0764
vn -1.0000 -0.0011 -0.0010
vn -0.9989 -0.0144 -0.0435
vn -0.9095 -0.1577 -0.3846
vn -0.9885 -0.0952 -0.1179
vn -1.0000 -0.0016 -0.0023
vn -1.0000 -0.0000 -0.0000
vn -0.9997 -0.0035 -0.0236
vn -0.9541 -0.0580 -0.2939
vn -1.0000 -0.0001 -0.0005
vn -0.9999 -0.0009 -0.0145
vn -0.9778 -0.0121 -0.2091
vn -1.0000 0.0008 -0.0003
vn -1.0000 0.0008 -0.0000
vn -0.9889 0.0341 -0.1446
vn -0.9998 0.0138 -0.0140
vn -1.0000 0.0068 -0.0004
vn -1.0000 0.0065 -0.0000
vn -0.9984 -0.0555 -0.0088
vn -0.8661 -0.4819 -0.1327
vn -0.9945 -0.1043 -0.0127
vn -0.9986 -0.0530 -0.0003
vn -0.9945 -0.1051 0.0003
vn -0.9985 -0.0551 -0.0016
vn -0.9936 -0.1131 -0.0043
vn -0.9957 -0.0925 -0.0044
vn -0.9990 -0.0447 -0.0009
vn -0.9965 -0.0831 -0.0006
vn -0.9991 -0.0419 -0.0000
vn -0.9984 -0.0549 -0.0127
vn -0.8854 -0.4296 -0.1775
vn -0.9291 -0.3631 -0.0695
vn -0.9996 -0.0284 -0.0073
vn -0.9741 -0.2168 -0.0637
vn -0.9999 -0.0099 -0.0042
vn -0.9894 -0.1267 -0.0703
vn -1.0000 -0.0025 -0.0015
vn -1.0000 -0.0011 -0.0000
vn -1.0000 -0.0009 -0.0000
vn -1.0000 -0.0008 0.0000
vn -1.0000 -0.0034 -0.0023
vn -1.0000 -0.0007 -0.0002
vn -1.0000 -0.0002 -0.0001
vn -1.0000 -0.0001 -0.0001
vn -0.9991 -0.0420 0.0001
vn -0.9965 -0.0833 0.0007
vn -0.9990 -0.0448 0.0009
vn -0.9957 -0.0928 0.0044
vn -0.9985 -0.0551 0.0016
vn -0.9936 -0.1132 0.0042
vn -0.9945 -0.1051 -0.0004
vn -0.9986 -0.0530 0.0003
vn -0.9945 -0.1043 0.0128
vn -0.9984 -0.0555 0.0089
vn -0.8659 -0.4821 0.1336
vn -0.9892 -0.1279 0.0712
vn -1.0000 -0.0025 0.0015
vn -0.9999 -0.0100 0.0043
vn -0.9738 -0.2183 0.0638
vn -0.9996 -0.0286 0.0073
vn -0.9289 -0.3638 0.0694
vn -0.9984 -0.0550 0.0128
vn -1.0000 -0.0002 0.0001
vn -1.0000 -0.0007 0.0002
vn -1.0000 -0.0035 0.0024
vn -1.0000 -0.0001 0.0001
vn -0.8850 -0.4301 0.1784
vn -0.9820 -0.1435 0.1228
vn -0.9997 -0.0212 0.0155
vn -0.9534 -0.2387 0.1846
vn -0.9938 -0.0807 0.0766
vn -1.0000 -0.0011 0.0010
vn -0.9997 -0.0148 0.0173
vn -0.9629 -0.1774 0.2032
vn -0.9886 -0.0943 0.1171
vn -1.0000 -0.0015 0.0022
vn -0.9989 -0.0143 0.0438
vn -0.9091 -0.1568 0.3861
vn -0.9535 -0.0579 0.2957
vn -1.0000 -0.0001 0.0005
vn -0.9997 -0.0035 0.0238
vn -0.9775 -0.0121 0.2107
vn -1.0000 0.0008 0.0003
vn -0.9999 -0.0009 0.0146
vn -0.9862 -0.0133 0.1651
vn -1.0000 0.0069 0.0004
vn -0.9998 0.0139 0.0140
vn -0.9888 0.0338 0.1455
vn -0.9998 0.0016 -0.0182
vn -0.9856 -0.0312 -0.1662
vn -0.9998 -0.0146 -0.0160
vn -1.0000 -0.0069 -0.0005
vn -1.0000 -0.0008 -0.0004
vn -1.0000 -0.0065 -0.0000
vn -0.9707 0.0103 -0.2399
vn -0.9996 0.0028 -0.0277
vn -1.0000 0.0001 -0.0006
vn -0.9510 0.0492 -0.3054
vn -0.9989 0.0125 -0.0445
vn -1.0000 0.0012 -0.0020
vn -0.9162 0.1322 -0.3784
vn -0.9917 0.0607 -0.1133
vn -0.9999 0.0047 -0.0089
vn -1.0000 0.0002 -0.0002
vn -0.9743 0.0991 -0.2024
vn -0.9992 0.0244 -0.0331
vn -1.0000 0.0040 -0.0037
vn -0.9097 0.2407 -0.3385
vn -0.9714 0.1703 -0.1653
vn -0.9989 0.0409 -0.0236
vn -0.8933 0.3843 -0.2330
vn -0.9582 0.2646 -0.1088
vn -1.0000 0.0004 -0.0002
vn -1.0000 0.0001 -0.0001
vn -0.9999 0.0135 -0.0062
vn -1.0000 0.0031 -0.0021
vn -1.0000 0.0012 -0.0000
vn -1.0000 0.0009 -0.0001
vn -1.0000 0.0007 -0.0000
vn -1.0000 0.0006 -0.0000
vn -1.0000 0.0005 -0.0000
vn -1.0000 0.0004 -0.0000
vn -0.9846 0.1486 -0.0924
vn -0.9984 0.0555 -0.0111
vn -0.9986 0.0535 -0.0029
vn -0.9992 0.0390 -0.0019
vn -0.9995 0.0318 -0.0011
vn -0.9996 0.0270 -0.0007
vn -0.9997 0.0241 -0.0004
vn -0.9997 0.0228 -0.0000
vn -0.8714 0.4656 -0.1544
vn -0.9943 0.1053 -0.0142
vn -0.9158 0.4005 -0.0293
vn -0.9434 0.3311 -0.0170
vn -0.9581 0.2861 -0.0114
vn -0.9674 0.2533 -0.0075
vn -0.9727 0.2320 -0.0040
vn -0.9751 0.2217 -0.0007
vn -1.0000 0.0001 0.0001
vn -1.0000 0.0004 0.0002
vn -1.0000 0.0009 0.0001
vn -1.0000 0.0031 0.0021
vn -0.9999 0.0134 0.0061
vn -0.9997 0.0227 0.0000
vn -0.9997 0.0240 0.0004
vn -0.9996 0.0269 0.0007
vn -0.9995 0.0318 0.0012
vn -0.9992 0.0391 0.0019
vn -0.9986 0.0535 0.0029
vn -0.9984 0.0555 0.0110
vn -0.9847 0.1481 0.0920
vn -1.0000 -0.0069 0.0005
vn -1.0000 -0.0008 0.0004
vn -0.9998 0.0017 0.0185
vn -0.9998 -0.0147 0.0161
vn -0.9853 -0.0308 0.1678
vn -0.9802 0.0161 0.1971
vn -1.0000 0.0001 0.0006
vn -0.9996 0.0028 0.0282
vn -0.9698 0.0103 0.2437
vn -1.0000 0.0012 0.0020
vn -0.9989 0.0124 0.0447
vn -0.9502 0.0485 0.3079
vn -1.0000 0.0002 0.0002
vn -0.9999 0.0047 0.0089
vn -0.9918 0.0603 0.1129
vn -0.9159 0.1311 0.3793
vn -1.0000 0.0040 0.0038
vn -0.9992 0.0245 0.0331
vn -0.9742 0.0994 0.2025
vn -0.9989 0.0408 0.0237
vn -0.9713 0.1706 0.1658
vn -0.9093 0.2413 0.3391
vn -0.9585 0.2637 0.1087
vn -0.8934 0.3837 0.2335
vn -0.9752 0.2212 0.0006
vn -0.9729 0.2313 0.0040
vn -0.9675 0.2526 0.0076
vn -0.9581 0.2862 0.0117
vn -0.9432 0.3317 0.0171
vn -0.9160 0.4002 0.0289
vn -0.9943 0.1052 0.0141
vn -0.8718 0.4651 0.1541
vn -0.2386 -0.9174 -0.3185
vn -0.2513 -0.8853 -0.3912
vn -0.2524 -0.8897 -0.3804
vn -0.2578 -0.8968 -0.3596
vn -0.2774 -0.8548 -0.4385
vn -0.2765 -0.8649 -0.4190
vn -0.2498 -0.9183 -0.3071
vn -0.2713 -0.8963 -0.3508
vn -0.2812 -0.8712 -0.4025
vn -0.2576 -0.9163 -0.3067
vn -0.2546 -0.9194 -0.2999
vn -0.2343 -0.9379 -0.2559
vn -0.2360 -0.9354 -0.2634
vn -0.2289 -0.9434 -0.2399
vn -0.2499 -0.9241 -0.2890
vn -0.2938 -0.8753 -0.3842
vn -0.3080 -0.8330 -0.4596
vn -0.3102 -0.8417 -0.4418
vn -0.2798 -0.8957 -0.3455
vn -0.2715 -0.9035 -0.3315
vn -0.2393 -0.9332 -0.2679
vn -0.2553 -0.9141 -0.3149
vn -0.2202 -0.9506 -0.2188
vn -0.3040 -0.8553 -0.4196
vn -0.3431 -0.7935 -0.5026
vn -0.3273 -0.8204 -0.4689
vn -0.2903 -0.8801 -0.3758
vn -0.6099 -0.7859 -0.1019
vn -0.6170 -0.7597 -0.2056
vn -0.6816 -0.7302 -0.0474
vn -0.6758 -0.7353 -0.0515
vn -0.7552 -0.6549 -0.0273
vn -0.7161 -0.6964 -0.0472
vn -0.7495 -0.6616 -0.0254
vn -0.5665 -0.8223 -0.0540
vn -0.5789 -0.8146 -0.0360
vn -0.7654 -0.6435 -0.0079
vn -0.5861 -0.8102 -0.0126
vn -0.7946 -0.6071 -0.0106
vn -0.3419 -0.9387 -0.0439
vn -0.3498 -0.9341 -0.0710
vn -0.3457 -0.9382 -0.0144
vn -0.3946 -0.8888 -0.2331
vn -0.5935 -0.7692 -0.2371
vn -0.3840 -0.8843 -0.2657
vn -0.4299 -0.8807 -0.1986
vn -0.6258 -0.7497 -0.2152
vn -0.4701 -0.8699 -0.1494
vn -0.3116 -0.9341 -0.1744
vn -0.3215 -0.9374 -0.1338
vn -0.3300 -0.9386 -0.1006
vn -0.5106 -0.8532 -0.1066
vn -0.5420 -0.8363 -0.0826
vn -0.2050 -0.9694 -0.1351
vn -0.2043 -0.9629 -0.1766
vn -0.2095 -0.9727 -0.0999
vn -0.2134 -0.9743 -0.0720
vn -0.2080 -0.9771 -0.0453
vn -0.2054 -0.9786 -0.0151
vn -0.2676 -0.9234 -0.2753
vn -0.3624 -0.8777 -0.3135
vn -0.2569 -0.9110 -0.3226
vn -0.2631 -0.9316 -0.2507
vn -0.2840 -0.9333 -0.2196
vn -0.2040 -0.9561 -0.2105
vn -0.1833 -0.9688 -0.1666
vn -0.1969 -0.9587 -0.2053
vn -0.1690 -0.9773 -0.1279
vn -0.1575 -0.9830 -0.0946
vn -0.1481 -0.9868 -0.0660
vn -0.1404 -0.9892 -0.0413
vn -0.1377 -0.9904 -0.0139
vn -0.2290 -0.9342 -0.2737
vn -0.2168 -0.9455 -0.2428
vn -0.2123 -0.9486 -0.2346
vn -0.1973 -0.9614 -0.1919
vn -0.2167 -0.9497 -0.2261
vn -0.1798 -0.9725 -0.1480
vn -0.1595 -0.9811 -0.1097
vn -0.1447 -0.9859 -0.0845
vn -0.1356 -0.9892 -0.0555
vn -0.1273 -0.9912 -0.0357
vn -0.1229 -0.9923 -0.0125
vn -0.2352 -0.9338 -0.2695
vn -0.2170 -0.9530 -0.2114
vn -0.1988 -0.9653 -0.1694
vn -0.1730 -0.9770 -0.1245
vn -0.1556 -0.9834 -0.0931
vn -0.1425 -0.9872 -0.0722
vn -0.1323 -0.9901 -0.0474
vn -0.1239 -0.9919 -0.0279
vn -0.1216 -0.9920 -0.0343
vn -0.1161 -0.9930 -0.0200
vn -0.1115 -0.9937 -0.0081
vn -0.1165 -0.9931 -0.0104
vn -0.1107 -0.9937 -0.0182
vn -0.1173 -0.9925 -0.0351
vn -0.1068 -0.9943 -0.0065
vn -0.2113 -0.9583 -0.1926
vn -0.1862 -0.9721 -0.1425
vn -0.1683 -0.9800 -0.1063
vn -0.1556 -0.9844 -0.0818
vn -0.1409 -0.9881 -0.0620
vn -0.1376 -0.9885 -0.0623
vn -0.1269 -0.9908 -0.0478
vn -0.1299 -0.9904 -0.0484
vn -0.1219 -0.9918 -0.0396
vn -0.1323 -0.9894 -0.0606
vn -0.1119 -0.9933 -0.0284
vn -0.1057 -0.9943 -0.0132
vn -0.1023 -0.9947 -0.0042
vn -0.1976 -0.9655 -0.1695
vn -0.1795 -0.9761 -0.1226
vn -0.1623 -0.9820 -0.0968
vn -0.1580 -0.9830 -0.0937
vn -0.1431 -0.9868 -0.0755
vn -0.1491 -0.9857 -0.0783
vn -0.8331 -0.4483 -0.3239
vn -0.6279 -0.6739 -0.3895
vn -0.6562 -0.6834 -0.3199
vn -0.7758 -0.5073 -0.3752
vn -0.9041 -0.3125 -0.2914
vn -0.6914 -0.5337 -0.4870
vn -0.7964 -0.3941 -0.4588
vn -0.8700 -0.2912 -0.3978
vn -0.6622 -0.4146 -0.6242
vn -0.7185 -0.2920 -0.6312
vn -0.7875 -0.1541 -0.5967
vn -0.5904 -0.2794 -0.7572
vn -0.6654 -0.1165 -0.7374
vn -0.8671 -0.0673 -0.4936
vn -0.6915 -0.0590 -0.7200
vn -0.9043 -0.0272 -0.4260
vn -0.9864 -0.0131 -0.1636
vn -0.7315 -0.0005 -0.6818
vn -0.9424 0.0325 -0.3328
vn -0.9981 0.0252 -0.0559
vn -1.0000 0.0075 -0.0040
vn -1.0000 0.0057 -0.0001
vn -0.4788 -0.7991 -0.3636
vn -0.4448 -0.7802 -0.4398
vn -0.5683 -0.6713 -0.4759
vn -0.3983 -0.7526 -0.5244
vn -0.4868 -0.6457 -0.5883
vn -0.5809 -0.5273 -0.6201
vn -0.4172 -0.5906 -0.6907
vn -0.4677 -0.4933 -0.7334
vn -0.5363 -0.3861 -0.7505
vn -0.3933 -0.4249 -0.8153
vn -0.4128 -0.3205 -0.8525
vn -0.4216 -0.2317 -0.8767
vn -0.6248 -0.1980 -0.7552
vn -0.4699 -0.1479 -0.8702
vn -0.5114 -0.0205 -0.8591
vn -0.3786 -0.0566 -0.9238
vn -0.4909 -0.0828 -0.8673
vn -0.3091 -0.8299 -0.4645
vn -0.3082 -0.7868 -0.5348
vn -0.3368 -0.8560 -0.3922
vn -0.3590 -0.6953 -0.6227
vn -0.3022 -0.7203 -0.6244
vn -0.3358 -0.6245 -0.7052
vn -0.3519 -0.5333 -0.7692
vn -0.3238 -0.4288 -0.8434
vn -0.3351 -0.3254 -0.8842
vn -0.3522 -0.1763 -0.9192
vn -0.3091 -0.2027 -0.9292
vn -0.3411 -0.2485 -0.9066
vn -0.3658 -0.1172 -0.9233
vn -0.2974 -0.1456 -0.9436
vn -0.2957 -0.0814 -0.9518
vn -0.3040 -0.0251 -0.9523
vn -0.3834 -0.0176 -0.9234
vn -0.2978 -0.8031 -0.5161
vn -0.3139 -0.7280 -0.6094
vn -0.2778 -0.8458 -0.4554
vn -0.3328 -0.6218 -0.7089
vn -0.3274 -0.5339 -0.7796
vn -0.3409 -0.5375 -0.7713
vn -0.3324 -0.4383 -0.8351
vn -0.3358 -0.3379 -0.8793
vn -0.3215 -0.2665 -0.9086
vn -0.3396 -0.2795 -0.8981
vn -0.3233 -0.2155 -0.9214
vn -0.3230 -0.1412 -0.9358
vn -0.3177 -0.0780 -0.9450
vn -0.3101 -0.8027 -0.5094
vn -0.3356 -0.7362 -0.5877
vn -0.3554 -0.6389 -0.6822
vn -0.3608 -0.6618 -0.6571
vn -0.3766 -0.5482 -0.7467
vn -0.3814 -0.4296 -0.8185
vn -0.3634 -0.3468 -0.8647
vn -0.3884 -0.3532 -0.8511
vn -0.3690 -0.2852 -0.8846
vn -0.3647 -0.2115 -0.9068
vn -0.3595 -0.0675 -0.9307
vn -0.3904 -0.1013 -0.9151
vn -0.3714 -0.1334 -0.9189
vn -0.3481 -0.0174 -0.9373
vn -0.3863 -0.0536 -0.9208
vn -0.3148 -0.0239 -0.9489
vn -0.3419 -0.7644 -0.5467
vn -0.3708 -0.6800 -0.6325
vn -0.3116 -0.8175 -0.4843
vn -0.4054 -0.5523 -0.7284
vn -0.4104 -0.4449 -0.7960
vn -0.4210 -0.4660 -0.7782
vn -0.4167 -0.3609 -0.8343
vn -0.4215 -0.2719 -0.8651
vn -0.4062 -0.2060 -0.8903
vn -0.4349 -0.2309 -0.8704
vn -0.3958 -0.1536 -0.9054
vn -0.4219 -0.1818 -0.8882
vn -0.4084 -0.1232 -0.9044
vn -0.4098 -0.0578 -0.9104
vn -0.4085 -0.0125 -0.9127
vn -0.3812 -0.0137 -0.9244
vn -0.3471 -0.7737 -0.5301
vn -0.3835 -0.7067 -0.5946
vn -0.4139 -0.5930 -0.6907
vn -0.4220 -0.6238 -0.6579
vn -0.4526 -0.4855 -0.7479
vn -0.4603 -0.3546 -0.8139
vn -0.4730 -0.4039 -0.7831
vn -0.4486 -0.2831 -0.8477
vn -0.4701 -0.3076 -0.8273
vn -0.4538 -0.2394 -0.8583
vn -0.4448 -0.1765 -0.8781
vn -0.4370 -0.1175 -0.8918
vn -0.4304 -0.0079 -0.9026
vn -0.4466 -0.0316 -0.8942
vn -0.4361 -0.0537 -0.8983
vn -0.3788 -0.7362 -0.5608
vn -0.4198 -0.6548 -0.6285
vn -0.4634 -0.5248 -0.7140
vn -0.4465 -0.5791 -0.6821
vn -0.4758 -0.4315 -0.7665
vn -0.4864 -0.3109 -0.8166
vn -0.4891 -0.2255 -0.8425
vn -0.4704 -0.1611 -0.8676
vn -0.4915 -0.1879 -0.8504
vn -0.4691 -0.0978 -0.8777
vn -0.4550 -0.1146 -0.8831
vn -0.4501 -0.0698 -0.8903
vn -0.4569 -0.0480 -0.8882
vn -0.4557 -0.0026 -0.8901
vn -0.4455 -0.0040 -0.8953
vn -0.7087 -0.6741 -0.2080
vn -0.8177 -0.5461 -0.1823
vn -0.8614 -0.4628 -0.2092
vn -1.0000 0.0057 0.0000
vn -0.5329 -0.7898 -0.3039
vn -0.2268 -0.9408 -0.2518
vn -0.2451 -0.9207 -0.3037
vn -0.2113 -0.9568 -0.1998
vn -0.2918 -0.8666 -0.4048
vn -0.3074 -0.8397 -0.4477
vn -0.2760 -0.8909 -0.3608
vn -0.2584 -0.9015 -0.3472
vn -0.2260 -0.9310 -0.2865
vn -0.2412 -0.9098 -0.3378
vn -0.2142 -0.9485 -0.2334
vn -0.2021 -0.9610 -0.1887
vn -0.1849 -0.9645 -0.1887
vn -0.1666 -0.9752 -0.1454
vn -0.2871 -0.8557 -0.4305
vn -0.3311 -0.8046 -0.4930
vn -0.3107 -0.8288 -0.4653
vn -0.2775 -0.8759 -0.3948
vn -0.2528 -0.8895 -0.3806
vn -0.1353 -0.9827 -0.1262
vn -0.1569 -0.9718 -0.1762
vn -0.2115 -0.9228 -0.3220
vn -0.2276 -0.9037 -0.3625
vn -0.2028 -0.9390 -0.2778
vn -0.1939 -0.9530 -0.2330
vn -0.2793 -0.8533 -0.4404
vn -0.3434 -0.7870 -0.5125
vn -0.3062 -0.8275 -0.4706
vn -0.2641 -0.8702 -0.4159
vn -0.1042 -0.9895 -0.0997
vn -0.1344 -0.9770 -0.1654
vn -0.1911 -0.9308 -0.3115
vn -0.2041 -0.9148 -0.3485
vn -0.1812 -0.9461 -0.2685
vn -0.1713 -0.9595 -0.2237
vn -0.1452 -0.9666 -0.2113
vn -0.2470 -0.8703 -0.4262
vn -0.2652 -0.8555 -0.4447
vn -0.2397 -0.8856 -0.3979
vn -0.2120 -0.8999 -0.3812
vn -0.0961 -0.9865 -0.1326
vn -0.1266 -0.9710 -0.2026
vn -0.0508 -0.9969 -0.0594
vn -0.1727 -0.9264 -0.3347
vn -0.1847 -0.9127 -0.3645
vn -0.1623 -0.9387 -0.3040
vn -0.1605 -0.9511 -0.2639
vn -0.1352 -0.9574 -0.2552
vn -0.2312 -0.8740 -0.4273
vn -0.2851 -0.8238 -0.4899
vn -0.2530 -0.8493 -0.4633
vn -0.2150 -0.8865 -0.4097
vn -0.0864 -0.9816 -0.1702
vn -0.1142 -0.9641 -0.2399
vn -0.0489 -0.9945 -0.0927
vn -0.0225 -0.9993 -0.0296
vn -0.1520 -0.9329 -0.3265
vn -0.1635 -0.9204 -0.3551
vn -0.1426 -0.9438 -0.2981
vn -0.2074 -0.8755 -0.4364
vn -0.2754 -0.8040 -0.5271
vn -0.2257 -0.8374 -0.4977
vn -0.1947 -0.8900 -0.4122
vn -0.1898 -0.8993 -0.3939
vn -0.1697 -0.9100 -0.3783
vn -0.0732 -0.9880 -0.1358
vn -0.1018 -0.9688 -0.2259
vn -0.0334 -0.9977 -0.0587
vn -0.0129 -0.9998 -0.0180
vn -0.1397 -0.9294 -0.3415
vn -0.1510 -0.9187 -0.3650
vn -0.1292 -0.9393 -0.3179
vn -0.1271 -0.9494 -0.2871
vn -0.1090 -0.9547 -0.2767
vn -0.1770 -0.8867 -0.4272
vn -0.2040 -0.8635 -0.4613
vn -0.1716 -0.8994 -0.4022
vn -0.0704 -0.9785 -0.1939
vn -0.0916 -0.9600 -0.2648
vn -0.0369 -0.9939 -0.1038
vn -0.0159 -0.9993 -0.0326
vn -0.0109 -0.9998 -0.0155
vn -0.1230 -0.9349 -0.3329
vn -0.1305 -0.9242 -0.3590
vn -0.1116 -0.9441 -0.3102
vn -0.1516 -0.8952 -0.4190
vn -0.1652 -0.8848 -0.4357
vn -0.1492 -0.9067 -0.3944
vn -0.1330 -0.9129 -0.3858
vn -0.1358 -0.9887 -0.0632
vn -0.1517 -0.9843 -0.0901
vn -0.1196 -0.9916 -0.0502
vn -0.1065 -0.9939 -0.0280
vn -0.0949 -0.9953 -0.0186
vn -0.0867 -0.9962 -0.0087
vn -0.0838 -0.9965 -0.0024
vn -0.1951 -0.9686 -0.1544
vn -0.1763 -0.9770 -0.1203
vn -0.1647 -0.9797 -0.1140
vn -0.1307 -0.9885 -0.0757
vn -0.1504 -0.9823 -0.1115
vn -0.1081 -0.9932 -0.0444
vn -0.0862 -0.9958 -0.0298
vn -0.0676 -0.9976 -0.0149
vn -0.0578 -0.9983 -0.0084
vn -0.0524 -0.9986 -0.0043
vn -0.0503 -0.9987 -0.0012
vn -0.1838 -0.9715 -0.1497
vn -0.1108 -0.9898 -0.0895
vn -0.0797 -0.9958 -0.0450
vn -0.0537 -0.9983 -0.0225
vn -0.0384 -0.9992 -0.0109
vn -0.0305 -0.9995 -0.0053
vn -0.0265 -0.9996 -0.0031
vn -0.0245 -0.9997 -0.0017
vn -0.0238 -0.9997 -0.0005
vn -0.0629 -0.9967 -0.0511
vn -0.0321 -0.9993 -0.0185
vn -0.0208 -0.9997 -0.0090
vn -0.0170 -0.9998 -0.0051
vn -0.0159 -0.9999 -0.0030
vn -0.0156 -0.9999 -0.0022
vn -0.0156 -0.9999 -0.0014
vn -0.0156 -0.9999 -0.0005
vn -0.0232 -0.9995 -0.0201
vn -0.0146 -0.9999 -0.0092
vn -0.0136 -0.9999 -0.0071
vn -0.0141 -0.9999 -0.0049
vn -0.0143 -0.9999 -0.0030
vn -0.0145 -0.9999 -0.0023
vn -0.0147 -0.9999 -0.0015
vn -0.0148 -0.9999 -0.0006
vn -0.0131 -0.9998 -0.0115
vn -0.0122 -0.9999 -0.0084
vn -0.0131 -0.9999 -0.0079
vn -0.0139 -0.9999 -0.0054
vn -0.0142 -0.9999 -0.0032
vn -0.0144 -0.9999 -0.0025
vn -0.0146 -0.9999 -0.0016
vn -0.0147 -0.9999 -0.0007
vn -0.0115 -0.9999 -0.0105
vn -0.0121 -0.9999 -0.0091
vn -0.0131 -0.9999 -0.0088
vn -0.0139 -0.9999 -0.0059
vn -0.0142 -0.9999 -0.0034
vn -0.0144 -0.9999 -0.0027
vn -0.0146 -0.9999 -0.0018
vn -0.0114 -0.9999 -0.0112
vn -0.0121 -0.9999 -0.0099
vn -0.0130 -0.9999 -0.0098
vn -0.0138 -0.9999 -0.0065
vn -0.0142 -0.9999 -0.0037
vn -0.0144 -0.9999 -0.0030
vn -0.0146 -0.9999 -0.0020
vn -0.0147 -0.9999 -0.0008
vn -0.4751 -0.0254 -0.8796
vn -0.4799 -0.0560 -0.8755
vn -0.4721 -0.0278 -0.8811
vn -0.4686 0.0082 -0.8834
vn -0.4668 0.0050 -0.8843
vn -0.5031 -0.1492 -0.8512
vn -0.5150 -0.2023 -0.8330
vn -0.5054 -0.1534 -0.8491
vn -0.4955 -0.1000 -0.8628
vn -0.4914 -0.1138 -0.8635
vn -0.4843 -0.0560 -0.8731
vn -0.4750 -0.0740 -0.8769
vn -0.4803 -0.0655 -0.8747
vn -0.4738 -0.0173 -0.8804
vn -0.4673 -0.0429 -0.8831
vn -0.4659 0.0150 -0.8847
vn -0.4612 -0.0118 -0.8872
vn -0.4796 -0.4074 -0.7772
vn -0.4432 -0.5661 -0.6951
vn -0.4830 -0.3832 -0.7873
vn -0.5054 -0.2316 -0.8313
vn -0.4701 -0.3265 -0.8200
vn -0.4929 -0.2403 -0.8362
vn -0.4926 -0.1424 -0.8585
vn -0.4766 -0.1915 -0.8580
vn -0.4839 -0.1078 -0.8685
vn -0.4690 -0.1236 -0.8745
vn -0.4624 -0.0819 -0.8829
vn -0.4561 -0.0401 -0.8890
vn -0.4495 -0.0069 -0.8933
vn -0.4555 0.0189 -0.8900
vn -0.4301 -0.5207 -0.7375
vn -0.3776 -0.5918 -0.7122
vn -0.3525 -0.6940 -0.6278
vn -0.4230 -0.3839 -0.8208
vn -0.3904 -0.6224 -0.6784
vn -0.4513 -0.2100 -0.8673
vn -0.4580 -0.0699 -0.8862
vn -0.4303 -0.0874 -0.8985
vn -0.4644 -0.1166 -0.8779
vn -0.4479 -0.0311 -0.8936
vn -0.4268 -0.0569 -0.9025
vn -0.4197 0.0044 -0.9076
vn -0.4409 0.0002 -0.8976
vn -0.4335 0.0310 -0.9006
vn -0.4419 0.0238 -0.8968
vn -0.2797 -0.7561 -0.5917
vn -0.3323 -0.6367 -0.6958
vn -0.4196 -0.4078 -0.8109
vn -0.4419 -0.2208 -0.8695
vn -0.4017 -0.3117 -0.8611
vn -0.4349 -0.1315 -0.8908
vn -0.3994 -0.1747 -0.9000
vn -0.3956 -0.1008 -0.9128
vn -0.3944 -0.0595 -0.9170
vn -0.3948 -0.0245 -0.9185
vn -0.4242 -0.0257 -0.9052
vn -0.3918 0.0080 -0.9200
vn -0.4140 0.0349 -0.9096
vn -0.2566 -0.7936 -0.5517
vn -0.2996 -0.7053 -0.6424
vn -0.3743 -0.5129 -0.7726
vn -0.3120 -0.5879 -0.7463
vn -0.3519 -0.3576 -0.8651
vn -0.3654 -0.1894 -0.9114
vn -0.3749 -0.1026 -0.9214
vn -0.3745 -0.0587 -0.9254
vn -0.3730 -0.0224 -0.9276
vn -0.3699 0.0400 -0.9282
vn -0.3888 0.0378 -0.9205
vn -0.2318 -0.7723 -0.5915
vn -0.2664 -0.6339 -0.7261
vn -0.2145 -0.8261 -0.5211
vn -0.1771 -0.8543 -0.4888
vn -0.3511 -0.3756 -0.8577
vn -0.3709 -0.1788 -0.9113
vn -0.3364 -0.2679 -0.9028
vn -0.3239 -0.0872 -0.9421
vn -0.3505 -0.0989 -0.9313
vn -0.3181 -0.0522 -0.9466
vn -0.3468 -0.0564 -0.9362
vn -0.3162 -0.0192 -0.9485
vn -0.3455 -0.0207 -0.9382
vn -0.3157 0.0112 -0.9488
vn -0.3440 0.0109 -0.9389
vn -0.3711 0.0101 -0.9286
vn -0.3426 0.0404 -0.9386
vn -0.3890 -0.7167 -0.5788
vn -0.4304 -0.6227 -0.6535
vn -0.3574 -0.7709 -0.5273
vn -0.4986 -0.4479 -0.7422
vn -0.5148 -0.3117 -0.7987
vn -0.5109 -0.3799 -0.7712
vn -0.5051 -0.2375 -0.8297
vn -0.5132 -0.2655 -0.8162
vn -0.5008 -0.1956 -0.8432
vn -0.4944 -0.1373 -0.8583
vn -0.4827 -0.1452 -0.8637
vn -0.4730 -0.0400 -0.8801
vn -0.4856 -0.0817 -0.8704
vn -0.4649 0.0024 -0.8854
vn -0.3729 -0.7478 -0.5494
vn -0.4126 -0.6827 -0.6031
vn -0.4752 -0.5372 -0.6968
vn -0.4456 -0.5966 -0.6675
vn -0.4951 -0.4314 -0.7542
vn -0.5287 -0.2634 -0.8069
vn -0.5113 -0.1770 -0.8410
vn -0.4962 -0.1298 -0.8584
vn -0.4897 -0.0896 -0.8673
vn -0.3730 -0.7360 -0.5650
vn -0.4272 -0.6394 -0.6393
vn -0.4931 -0.4565 -0.7406
vn -0.5116 -0.3116 -0.8008
vn -0.3569 -0.7293 -0.5837
vn -0.3311 -0.7825 -0.5274
vn -0.3204 -0.7649 -0.5588
vn -0.1429 -0.8934 -0.4260
vn -0.1491 -0.8711 -0.4679
vn -0.1214 -0.8987 -0.4214
vn -0.1355 -0.8822 -0.4509
vn -0.1091 -0.8919 -0.4389
vn -0.1037 -0.9030 -0.4170
vn -0.0961 -0.8970 -0.4314
vn -0.1158 -0.8619 -0.4937
vn -0.1021 -0.8724 -0.4781
vn -0.0892 -0.9059 -0.4141
vn -0.0931 -0.9165 -0.3890
vn -0.0891 -0.9000 -0.4267
vn -0.0949 -0.8786 -0.4680
vn -0.0842 -0.9101 -0.4058
vn -0.0759 -0.9218 -0.3801
vn -0.0810 -0.9186 -0.3867
vn -0.0781 -0.9017 -0.4252
vn -0.0830 -0.8841 -0.4598
vn -0.0756 -0.9135 -0.3997
vn -0.0702 -0.9257 -0.3718
vn -0.0676 -0.9036 -0.4229
vn -0.0757 -0.8910 -0.4476
vn -0.0646 -0.9154 -0.3974
vn -0.0617 -0.9274 -0.3691
vn -0.0641 -0.9058 -0.4188
vn -0.0674 -0.8935 -0.4440
vn -0.0604 -0.9168 -0.3948
vn -0.0564 -0.9282 -0.3678
vn -0.0554 -0.9852 -0.1620
vn -0.0813 -0.9664 -0.2438
vn -0.0248 -0.9967 -0.0778
vn -0.0107 -0.9996 -0.0244
vn -0.0105 -0.9998 -0.0156
vn -0.1111 -0.9301 -0.3501
vn -0.1185 -0.9188 -0.3765
vn -0.1044 -0.9393 -0.3270
vn -0.1015 -0.9491 -0.2983
vn -0.1331 -0.9033 -0.4079
vn -0.0491 -0.9893 -0.1375
vn -0.0720 -0.9700 -0.2323
vn -0.0215 -0.9983 -0.0542
vn -0.0111 -0.9997 -0.0216
vn -0.0105 -0.9998 -0.0164
vn -0.0954 -0.9350 -0.3415
vn -0.1054 -0.9248 -0.3656
vn -0.0888 -0.9421 -0.3232
vn -0.0877 -0.9519 -0.2937
vn -0.0767 -0.9547 -0.2875
vn -0.1171 -0.9101 -0.3975
vn -0.0532 -0.9767 -0.2079
vn -0.0678 -0.9578 -0.2795
vn -0.0287 -0.9932 -0.1125
vn -0.0131 -0.9992 -0.0378
vn -0.0099 -0.9998 -0.0200
vn -0.0105 -0.9998 -0.0173
vn -0.0881 -0.9376 -0.3365
vn -0.0932 -0.9282 -0.3601
vn -0.0805 -0.9446 -0.3181
vn -0.1041 -0.9138 -0.3925
vn -0.0444 -0.9819 -0.1840
vn -0.0618 -0.9624 -0.2645
vn -0.0221 -0.9954 -0.0934
vn -0.0106 -0.9995 -0.0306
vn -0.0096 -0.9998 -0.0201
vn -0.0105 -0.9998 -0.0182
vn -0.0803 -0.9310 -0.3561
vn -0.0789 -0.9398 -0.3324
vn -0.0743 -0.9486 -0.3075
vn -0.0347 -0.9860 -0.1633
vn -0.0532 -0.9672 -0.2485
vn -0.0154 -0.9969 -0.0770
vn -0.0093 -0.9996 -0.0280
vn -0.0095 -0.9997 -0.0207
vn -0.0102 -0.9998 -0.0189
vn -0.0702 -0.9326 -0.3540
vn -0.0672 -0.9413 -0.3309
vn -0.0643 -0.9514 -0.3013
vn -0.0281 -0.9890 -0.1452
vn -0.0458 -0.9710 -0.2345
vn -0.0125 -0.9978 -0.0652
vn -0.0089 -0.9996 -0.0273
vn -0.0094 -0.9997 -0.0214
vn -0.0100 -0.9998 -0.0194
vn -0.0647 -0.9351 -0.3485
vn -0.0599 -0.9425 -0.3289
vn -0.0580 -0.9527 -0.2982
vn -0.0289 -0.9909 -0.1318
vn -0.0428 -0.9720 -0.2310
vn -0.0131 -0.9984 -0.0546
vn -0.0086 -0.9996 -0.0271
vn -0.0093 -0.9997 -0.0221
vn -0.0100 -0.9997 -0.0200
vn -0.0593 -0.9371 -0.3440
vn -0.0550 -0.9444 -0.3240
vn -0.0527 -0.9541 -0.2950
vn -0.0467 -0.9561 -0.2892
vn -0.0352 -0.9761 -0.2147
vn -0.0409 -0.9584 -0.2824
vn -0.0204 -0.9933 -0.1133
vn -0.0094 -0.9989 -0.0454
vn -0.0083 -0.9996 -0.0274
vn -0.0092 -0.9997 -0.0229
vn -0.0100 -0.9997 -0.0210
vn -0.0540 -0.9380 -0.3424
vn -0.0493 -0.9465 -0.3189
vn -0.0114 -0.9999 -0.0119
vn -0.0121 -0.9999 -0.0107
vn -0.0128 -0.9999 -0.0107
vn -0.0141 -0.9999 -0.0040
vn -0.0144 -0.9999 -0.0032
vn -0.0146 -0.9999 -0.0021
vn -0.0147 -0.9999 -0.0009
vn -0.0114 -0.9999 -0.0127
vn -0.0120 -0.9999 -0.0113
vn -0.0126 -0.9999 -0.0114
vn -0.0133 -0.9999 -0.0078
vn -0.0140 -0.9999 -0.0045
vn -0.0144 -0.9999 -0.0035
vn -0.0146 -0.9999 -0.0023
vn -0.0114 -0.9998 -0.0134
vn -0.0119 -0.9999 -0.0118
vn -0.0124 -0.9999 -0.0121
vn -0.0132 -0.9999 -0.0086
vn -0.0140 -0.9999 -0.0050
vn -0.0144 -0.9999 -0.0037
vn -0.0146 -0.9999 -0.0024
vn -0.0147 -0.9999 -0.0010
vn -0.0112 -0.9998 -0.0140
vn -0.0115 -0.9999 -0.0122
vn -0.0119 -0.9998 -0.0127
vn -0.0129 -0.9999 -0.0095
vn -0.0139 -0.9999 -0.0057
vn -0.0144 -0.9999 -0.0040
vn -0.0146 -0.9999 -0.0026
vn -0.0106 -0.9998 -0.0143
vn -0.0107 -0.9999 -0.0124
vn -0.0108 -0.9999 -0.0134
vn -0.0114 -0.9999 -0.0106
vn -0.0127 -0.9999 -0.0066
vn -0.0139 -0.9999 -0.0046
vn -0.0145 -0.9999 -0.0028
vn -0.0147 -0.9999 -0.0011
vn -0.0104 -0.9998 -0.0145
vn -0.0107 -0.9999 -0.0122
vn -0.0104 -0.9999 -0.0134
vn -0.0106 -0.9999 -0.0116
vn -0.0117 -0.9999 -0.0082
vn -0.0126 -0.9999 -0.0056
vn -0.0135 -0.9999 -0.0034
vn -0.0144 -0.9999 -0.0014
vn -0.0110 -0.9998 -0.0153
vn -0.0122 -0.9998 -0.0125
vn -0.0127 -0.9998 -0.0132
vn -0.0132 -0.9998 -0.0120
vn -0.0133 -0.9999 -0.0086
vn -0.0132 -0.9999 -0.0063
vn -0.0139 -0.9999 -0.0047
vn -0.0146 -0.9999 -0.0019
vn -0.0113 -0.9998 -0.0168
vn -0.0131 -0.9998 -0.0140
vn -0.0146 -0.9998 -0.0143
vn -0.0155 -0.9998 -0.0124
vn -0.0158 -0.9998 -0.0083
vn -0.0159 -0.9999 -0.0062
vn -0.0156 -0.9999 -0.0049
vn -0.0150 -0.9999 -0.0017
vn -0.1864 -0.8035 -0.5654
vn -0.2352 -0.6967 -0.6777
vn -0.2999 -0.4807 -0.8240
vn -0.2718 -0.2988 -0.9148
vn -0.2762 -0.1456 -0.9500
vn -0.3325 -0.1307 -0.9340
vn -0.2893 -0.0855 -0.9534
vn -0.2930 -0.0498 -0.9548
vn -0.2936 -0.0186 -0.9557
vn -0.2946 0.0104 -0.9556
vn -0.3162 0.0384 -0.9479
vn -0.1653 -0.8249 -0.5405
vn -0.1956 -0.7442 -0.6387
vn -0.2574 -0.5421 -0.7999
vn -0.2030 -0.5965 -0.7765
vn -0.2364 -0.3395 -0.9104
vn -0.2526 -0.1738 -0.9518
vn -0.2698 -0.0526 -0.9615
vn -0.2737 -0.0202 -0.9616
vn -0.2734 0.0371 -0.9612
vn -0.2953 0.0364 -0.9547
vn -0.1542 -0.7892 -0.5945
vn -0.1661 -0.6241 -0.7635
vn -0.1414 -0.8443 -0.5169
vn -0.2109 -0.3607 -0.9085
vn -0.2648 -0.0932 -0.9598
vn -0.2463 -0.1830 -0.9518
vn -0.2485 -0.0539 -0.9671
vn -0.2246 -0.0714 -0.9718
vn -0.2508 -0.0941 -0.9635
vn -0.2235 -0.0204 -0.9745
vn -0.2483 -0.0216 -0.9685
vn -0.2237 0.0097 -0.9746
vn -0.2488 0.0099 -0.9685
vn -0.2748 0.0096 -0.9614
vn -0.2472 0.0383 -0.9682
vn -0.1254 -0.8029 -0.5828
vn -0.1672 -0.6457 -0.7451
vn -0.2373 -0.1883 -0.9530
vn -0.2170 -0.2597 -0.9410
vn -0.2334 -0.3903 -0.8906
vn -0.2272 -0.1072 -0.9679
vn -0.2013 -0.1329 -0.9705
vn -0.1967 -0.0809 -0.9771
vn -0.1990 -0.0507 -0.9787
vn -0.2239 -0.0476 -0.9735
vn -0.2015 -0.0209 -0.9793
vn -0.2045 0.0074 -0.9788
vn -0.2250 0.0356 -0.9737
vn -0.1131 -0.8191 -0.5624
vn -0.1497 -0.7082 -0.6900
vn -0.2018 -0.4804 -0.8535
vn -0.1730 -0.2769 -0.9452
vn -0.1704 -0.1386 -0.9756
vn -0.1779 -0.0830 -0.9805
vn -0.1782 -0.0517 -0.9826
vn -0.1788 -0.0226 -0.9836
vn -0.1877 0.0253 -0.9819
vn -0.2092 0.0316 -0.9774
vn -0.1030 -0.8337 -0.5425
vn -0.1353 -0.7436 -0.6548
vn -0.1789 -0.5275 -0.8305
vn -0.1374 -0.5689 -0.8109
vn -0.1513 -0.3012 -0.9415
vn -0.1525 -0.1553 -0.9760
vn -0.1573 -0.0846 -0.9839
vn -0.1579 -0.0515 -0.9861
vn -0.1820 0.0026 -0.9833
vn -0.1597 -0.0249 -0.9868
vn -0.1671 0.0193 -0.9858
vn -0.1008 -0.7793 -0.6185
vn -0.1117 -0.5897 -0.7999
vn -0.0879 -0.8497 -0.5199
vn -0.1307 -0.3009 -0.9447
vn -0.1419 -0.1578 -0.9772
vn -0.1472 -0.0869 -0.9853
vn -0.1520 -0.0535 -0.9869
vn -0.1629 -0.0020 -0.9866
vn -0.1550 -0.0277 -0.9875
vn -0.1579 0.0163 -0.9873
vn -0.0951 -0.6117 -0.7854
vn -0.0881 -0.7999 -0.5936
vn -0.0803 -0.8559 -0.5109
vn -0.0712 -0.8635 -0.4993
vn -0.1162 -0.3262 -0.9381
vn -0.1336 -0.1635 -0.9775
vn -0.1446 -0.0577 -0.9878
vn -0.1485 -0.0302 -0.9885
vn -0.1508 -0.0049 -0.9886
vn -0.1568 -0.0042 -0.9876
vn -0.0629 -0.8964 -0.4388
vn -0.0654 -0.8688 -0.4908
vn -0.0620 -0.9080 -0.4143
vn -0.0606 -0.9180 -0.3919
vn -0.0580 -0.9196 -0.3887
vn -0.0555 -0.9291 -0.3657
vn -0.0494 -0.9320 -0.3591
vn -0.0523 -0.9211 -0.3857
vn -0.0580 -0.8970 -0.4383
vn -0.0614 -0.8728 -0.4842
vn -0.0565 -0.9081 -0.4150
vn -0.0441 -0.9341 -0.3543
vn -0.0479 -0.9228 -0.3823
vn -0.0528 -0.8977 -0.4375
vn -0.0549 -0.8743 -0.4823
vn -0.0511 -0.9094 -0.4128
vn -0.0412 -0.9358 -0.3501
vn -0.0441 -0.9241 -0.3797
vn -0.0492 -0.8988 -0.4356
vn -0.0523 -0.8755 -0.4804
vn -0.0468 -0.9105 -0.4109
vn -0.0362 -0.9372 -0.3470
vn -0.0373 -0.9249 -0.3783
vn -0.0408 -0.9004 -0.4332
vn -0.0445 -0.8789 -0.4749
vn -0.0389 -0.9118 -0.4087
vn -0.0256 -0.9377 -0.3466
vn -0.0242 -0.9250 -0.3791
vn -0.0246 -0.9015 -0.4320
vn -0.0257 -0.8817 -0.4712
vn -0.0245 -0.9125 -0.4084
vn -0.0113 -0.9241 -0.3820
vn -0.0158 -0.9371 -0.3488
vn -0.0062 -0.9007 -0.4344
vn -0.0033 -0.8837 -0.4680
vn -0.0094 -0.9121 -0.4099
vn 0.0014 -0.9342 -0.3568
vn 0.0087 -0.9224 -0.3861
vn 0.0240 -0.8819 -0.4708
vn 0.0177 -0.8977 -0.4402
vn 0.0127 -0.9102 -0.4140
vn -0.0260 -0.9794 -0.2003
vn -0.0379 -0.9612 -0.2732
vn -0.0129 -0.9947 -0.1020
vn -0.0080 -0.9991 -0.0416
vn -0.0079 -0.9996 -0.0281
vn -0.0091 -0.9997 -0.0239
vn -0.0100 -0.9997 -0.0220
vn -0.0502 -0.9392 -0.3397
vn -0.0454 -0.9490 -0.3120
vn -0.0233 -0.9824 -0.1855
vn -0.0342 -0.9642 -0.2630
vn -0.0112 -0.9955 -0.0938
vn -0.0069 -0.9992 -0.0399
vn -0.0075 -0.9995 -0.0292
vn -0.0089 -0.9996 -0.0250
vn -0.0099 -0.9997 -0.0228
vn -0.0444 -0.9414 -0.3344
vn -0.0409 -0.9509 -0.3069
vn -0.0198 -0.9847 -0.1732
vn -0.0303 -0.9667 -0.2542
vn -0.0091 -0.9963 -0.0858
vn -0.0063 -0.9992 -0.0394
vn -0.0071 -0.9995 -0.0305
vn -0.0087 -0.9996 -0.0263
vn -0.0098 -0.9997 -0.0238
vn -0.0394 -0.9429 -0.3308
vn -0.0363 -0.9522 -0.3032
vn -0.0177 -0.9866 -0.1622
vn -0.0277 -0.9688 -0.2462
vn -0.0082 -0.9968 -0.0793
vn -0.0060 -0.9992 -0.0392
vn -0.0066 -0.9995 -0.0319
vn -0.0082 -0.9996 -0.0277
vn -0.0096 -0.9996 -0.0249
vn -0.0370 -0.9442 -0.3272
vn -0.0337 -0.9535 -0.2996
vn -0.0159 -0.9882 -0.1524
vn -0.0247 -0.9707 -0.2392
vn -0.0073 -0.9973 -0.0735
vn -0.0053 -0.9992 -0.0390
vn -0.0056 -0.9994 -0.0330
vn -0.0069 -0.9995 -0.0292
vn -0.0082 -0.9996 -0.0262
vn -0.0332 -0.9456 -0.3236
vn -0.0301 -0.9548 -0.2956
vn -0.0129 -0.9894 -0.1445
vn -0.0197 -0.9720 -0.2342
vn -0.0055 -0.9977 -0.0682
vn -0.0036 -0.9992 -0.0388
vn -0.0036 -0.9994 -0.0336
vn -0.0040 -0.9995 -0.0303
vn -0.0047 -0.9996 -0.0273
vn -0.0259 -0.9466 -0.3213
vn -0.0250 -0.9559 -0.2925
vn -0.0134 -0.9900 -0.1403
vn -0.0191 -0.9712 -0.2376
vn -0.0054 -0.9980 -0.0628
vn -0.0022 -0.9993 -0.0379
vn -0.0011 -0.9994 -0.0332
vn -0.0005 -0.9995 -0.0303
vn -0.0005 -0.9996 -0.0278
vn -0.0196 -0.9471 -0.3204
vn -0.0217 -0.9563 -0.2917
vn -0.0180 -0.9560 -0.2928
vn -0.0127 -0.9735 -0.2284
vn -0.0104 -0.9552 -0.2958
vn -0.0069 -0.9915 -0.1301
vn -0.0007 -0.9984 -0.0568
vn 0.0010 -0.9993 -0.0367
vn 0.0014 -0.9995 -0.0325
vn 0.0018 -0.9996 -0.0299
vn 0.0021 -0.9996 -0.0277
vn -0.0077 -0.9449 -0.3272
vn -0.0111 -0.9998 -0.0183
vn -0.0125 -0.9998 -0.0156
vn -0.0136 -0.9998 -0.0155
vn -0.0143 -0.9998 -0.0132
vn -0.0152 -0.9998 -0.0089
vn -0.0158 -0.9999 -0.0062
vn -0.0154 -0.9999 -0.0040
vn -0.0149 -0.9999 -0.0011
vn -0.0108 -0.9998 -0.0195
vn -0.0118 -0.9998 -0.0165
vn -0.0124 -0.9998 -0.0160
vn -0.0127 -0.9998 -0.0139
vn -0.0135 -0.9999 -0.0098
vn -0.0144 -0.9999 -0.0066
vn -0.0147 -0.9999 -0.0040
vn -0.0108 -0.9997 -0.0205
vn -0.0118 -0.9998 -0.0173
vn -0.0122 -0.9998 -0.0163
vn -0.0125 -0.9998 -0.0144
vn -0.0133 -0.9999 -0.0107
vn -0.0142 -0.9999 -0.0072
vn -0.0146 -0.9999 -0.0042
vn -0.0107 -0.9997 -0.0215
vn -0.0117 -0.9998 -0.0180
vn -0.0122 -0.9998 -0.0166
vn -0.0125 -0.9998 -0.0149
vn -0.0133 -0.9998 -0.0117
vn -0.0142 -0.9999 -0.0078
vn -0.0145 -0.9999 -0.0044
vn -0.0094 -0.9997 -0.0227
vn -0.0108 -0.9998 -0.0189
vn -0.0116 -0.9998 -0.0169
vn -0.0121 -0.9998 -0.0155
vn -0.0130 -0.9998 -0.0126
vn -0.0138 -0.9999 -0.0085
vn -0.0142 -0.9999 -0.0047
vn -0.0145 -0.9999 -0.0011
vn -0.0057 -0.9997 -0.0241
vn -0.0072 -0.9998 -0.0202
vn -0.0087 -0.9998 -0.0178
vn -0.0100 -0.9998 -0.0165
vn -0.0113 -0.9998 -0.0136
vn -0.0120 -0.9999 -0.0090
vn -0.0123 -0.9999 -0.0050
vn -0.0130 -0.9999 -0.0014
vn -0.0010 -0.9997 -0.0252
vn -0.0021 -0.9998 -0.0218
vn -0.0037 -0.9998 -0.0196
vn -0.0055 -0.9998 -0.0182
vn -0.0071 -0.9999 -0.0146
vn -0.0079 -0.9999 -0.0093
vn -0.0084 -0.9999 -0.0057
vn -0.0094 -1.0000 -0.0023
vn 0.0021 -0.9997 -0.0257
vn 0.0016 -0.9997 -0.0227
vn 0.0009 -0.9998 -0.0210
vn 0.0001 -0.9998 -0.0199
vn -0.0012 -0.9999 -0.0160
vn -0.0021 -0.9999 -0.0100
vn -0.0027 -1.0000 -0.0064
vn -0.0033 -1.0000 -0.0029
vn -0.0798 -0.8021 -0.5918
vn -0.0905 -0.6154 -0.7830
vn -0.1121 -0.3450 -0.9319
vn -0.1396 -0.0926 -0.9859
vn -0.1297 -0.1702 -0.9768
vn -0.1332 -0.0579 -0.9894
vn -0.1234 -0.0731 -0.9897
vn -0.1346 -0.0930 -0.9865
vn -0.1217 -0.0298 -0.9921
vn -0.1331 -0.0311 -0.9906
vn -0.1217 -0.0043 -0.9926
vn -0.1347 -0.0050 -0.9909
vn -0.1320 0.0169 -0.9911
vn -0.1501 0.0157 -0.9885
vn -0.0687 -0.8074 -0.5860
vn -0.0742 -0.6253 -0.7768
vn -0.1098 -0.3713 -0.9220
vn -0.1270 -0.1026 -0.9866
vn -0.1145 -0.1142 -0.9868
vn -0.1330 -0.1770 -0.9752
vn -0.1120 -0.0787 -0.9906
vn -0.1125 -0.0543 -0.9922
vn -0.1219 -0.0517 -0.9912
vn -0.1146 -0.0303 -0.9929
vn -0.1160 -0.0047 -0.9932
vn -0.1200 0.0187 -0.9926
vn -0.0585 -0.8058 -0.5893
vn -0.0781 -0.6422 -0.7625
vn -0.1242 -0.2095 -0.9699
vn -0.1079 -0.2449 -0.9635
vn -0.1183 -0.4029 -0.9076
vn -0.1013 -0.1256 -0.9869
vn -0.1009 -0.0827 -0.9915
vn -0.1033 -0.0567 -0.9930
vn -0.1047 -0.0317 -0.9940
vn -0.1071 -0.0078 -0.9942
vn -0.1191 0.0165 -0.9928
vn -0.0606 -0.8095 -0.5840
vn -0.0806 -0.6829 -0.7260
vn -0.1111 -0.4624 -0.8797
vn -0.0960 -0.2590 -0.9611
vn -0.0925 -0.1289 -0.9873
vn -0.0956 -0.0847 -0.9918
vn -0.0961 -0.0576 -0.9937
vn -0.0966 -0.0327 -0.9948
vn -0.0996 0.0039 -0.9950
vn -0.1124 0.0091 -0.9936
vn -0.0536 -0.8178 -0.5730
vn -0.0747 -0.7147 -0.6955
vn -0.0853 -0.2666 -0.9600
vn -0.1016 -0.4954 -0.8627
vn -0.0850 -0.1396 -0.9865
vn -0.0889 -0.0857 -0.9923
vn -0.0881 -0.0571 -0.9945
vn -0.0970 -0.0104 -0.9952
vn -0.0874 -0.0326 -0.9956
vn -0.0878 -0.0112 -0.9961
vn -0.0353 -0.8260 -0.5626
vn -0.0591 -0.7355 -0.6749
vn -0.0900 -0.5236 -0.8472
vn -0.0597 -0.5536 -0.8306
vn -0.0730 -0.2875 -0.9550
vn -0.0766 -0.1533 -0.9852
vn -0.0793 -0.0855 -0.9932
vn -0.0765 -0.0552 -0.9955
vn -0.0764 -0.0328 -0.9965
vn -0.0900 0.0007 -0.9959
vn -0.0789 -0.0134 -0.9968
vn -0.0212 -0.7655 -0.6431
vn -0.0364 -0.5721 -0.8194
vn -0.0074 -0.8382 -0.5454
vn -0.0571 -0.2853 -0.9567
vn -0.0700 -0.1570 -0.9851
vn -0.0690 -0.0818 -0.9943
vn -0.0680 -0.0543 -0.9962
vn -0.0711 -0.0357 -0.9968
vn -0.0815 -0.0015 -0.9967
vn -0.0752 -0.0168 -0.9970
vn 0.0092 -0.7850 -0.6194
vn -0.0111 -0.5935 -0.8047
vn 0.0278 -0.8432 -0.5369
vn -0.0307 -0.3126 -0.9494
vn -0.0471 -0.1617 -0.9857
vn -0.0426 -0.0792 -0.9959
vn -0.0467 -0.0584 -0.9972
vn -0.0550 -0.0411 -0.9976
vn -0.0778 -0.0035 -0.9970
vn -0.0613 -0.0204 -0.9979
vn 0.0325 -0.9188 -0.3935
vn 0.0242 -0.9303 -0.3660
vn 0.0586 -0.8765 -0.4779
vn 0.0490 -0.8931 -0.4472
vn 0.0406 -0.9057 -0.4219
vn 0.0609 -0.9119 -0.4058
vn 0.0499 -0.9257 -0.3749
vn 0.1006 -0.8658 -0.4901
vn 0.0877 -0.8852 -0.4569
vn 0.0748 -0.8978 -0.4339
vn 0.0900 -0.9033 -0.4195
vn 0.0875 -0.9209 -0.3799
vn 0.1416 -0.8518 -0.5044
vn 0.1358 -0.8732 -0.4680
vn 0.1164 -0.8821 -0.4565
vn 0.1390 -0.8881 -0.4381
vn 0.1359 -0.9093 -0.3933
vn 0.1980 -0.8305 -0.5207
vn 0.2016 -0.8513 -0.4845
vn 0.1858 -0.8582 -0.4785
vn 0.1892 -0.8654 -0.4639
vn 0.2762 -0.8146 -0.5100
vn 0.2540 -0.8350 -0.4882
vn 0.2360 -0.8386 -0.4910
vn 0.1803 -0.8927 -0.4131
vn 0.3599 -0.7575 -0.5447
vn 0.3455 -0.7831 -0.5172
vn 0.3178 -0.7959 -0.5152
vn 0.2402 -0.8617 -0.4469
vn 0.4392 -0.7118 -0.5481
vn 0.4253 -0.7330 -0.5309
vn 0.0028 -0.9738 -0.2272
vn 0.0042 -0.9538 -0.3005
vn 0.0050 -0.9922 -0.1246
vn 0.0088 -0.9985 -0.0544
vn 0.0094 -0.9993 -0.0364
vn 0.0094 -0.9994 -0.0325
vn 0.0094 -0.9995 -0.0296
vn 0.0094 -0.9996 -0.0276
vn 0.0121 -0.9408 -0.3389
vn 0.0223 -0.9511 -0.3081
vn 0.0206 -0.9731 -0.2296
vn 0.0210 -0.9923 -0.1217
vn 0.0245 -0.9983 -0.0521
vn 0.0257 -0.9990 -0.0362
vn 0.0254 -0.9991 -0.0326
vn 0.0251 -0.9992 -0.0296
vn 0.0251 -0.9993 -0.0276
vn 0.0382 -0.9345 -0.3540
vn 0.0461 -0.9455 -0.3223
vn 0.0467 -0.9674 -0.2488
vn 0.0420 -0.9917 -0.1219
vn 0.0471 -0.9977 -0.0489
vn 0.0489 -0.9982 -0.0360
vn 0.0484 -0.9983 -0.0332
vn 0.0474 -0.9984 -0.0301
vn 0.0467 -0.9985 -0.0276
vn 0.0811 -0.9273 -0.3654
vn 0.0854 -0.9345 -0.3457
vn 0.0869 -0.9593 -0.2688
vn 0.0754 -0.9910 -0.1105
vn 0.0828 -0.9956 -0.0445
vn 0.0843 -0.9958 -0.0359
vn 0.0837 -0.9959 -0.0341
vn 0.0826 -0.9961 -0.0313
vn 0.0810 -0.9963 -0.0287
vn 0.1249 -0.9213 -0.3682
vn 0.1233 -0.9207 -0.3702
vn 0.6916 0.7124 0.1193
vn 0.6977 0.6898 0.1935
vn 0.5263 0.7730 0.3542
vn 0.8107 0.5455 0.2125
vn 0.8596 0.5038 0.0859
vn 0.7099 0.7036 0.0307
vn 0.4347 0.8915 0.1275
vn 0.8695 0.4935 0.0202
vn 0.5123 0.8588 0.0080
vn 0.5045 0.8625 0.0393
vn 0.7152 0.6988 0.0097
vn 0.8719 0.4896 0.0077
vn 0.5084 0.8611 0.0059
vn 0.7159 0.6981 0.0076
vn 0.8736 0.4865 0.0055
vn 0.5136 0.8580 0.0065
vn 0.7170 0.6970 0.0075
vn 0.8772 0.4802 0.0045
vn 0.5156 0.8568 0.0053
vn 0.7176 0.6964 0.0081
vn 0.8751 0.4839 0.0083
vn 0.1228 -0.9520 -0.2803
vn 0.1281 -0.9875 -0.0913
vn 0.1401 -0.9893 -0.0407
vn 0.1379 -0.9897 -0.0380
vn 0.1320 -0.9906 -0.0348
vn 0.1312 -0.9908 -0.0323
vn 0.1301 -0.9910 -0.0306
vn 0.1583 -0.9147 -0.3719
vn 0.1552 -0.9090 -0.3868
vn -0.0094 0.9103 0.4138
vn 0.1657 0.8544 0.4925
vn 0.0178 0.9973 0.0711
vn 0.0375 0.9992 0.0112
vn 0.1031 0.9945 0.0194
vn 0.1333 0.9911 0.0058
vn -0.0130 0.9212 0.3889
vn 0.3516 0.7690 0.5339
vn 0.4332 0.8407 0.3250
vn -0.0231 0.8796 0.4751
vn -0.2591 0.9007 0.3488
vn -0.0773 0.9735 0.2150
vn 0.2675 -0.9317 -0.2458
vn 0.2968 -0.9511 -0.0856
vn 0.2896 -0.9552 -0.0617
vn 0.2399 -0.9681 -0.0728
vn 0.1889 -0.9812 -0.0386
vn 0.1892 -0.9814 -0.0321
vn 0.1913 -0.9811 -0.0308
vn 0.2271 -0.8942 -0.3858
vn 0.2726 -0.9147 -0.2984
vn 0.3561 -0.9284 -0.1060
vn -0.3167 0.9291 0.1907
vn 0.3428 -0.9316 -0.1208
vn 0.3645 -0.9272 -0.0862
vn -0.3313 0.9402 0.0788
vn 0.0478 0.9986 0.0205
vn -0.3191 0.9471 0.0332
vn -0.2582 0.9632 0.0741
vn -0.2087 0.9772 0.0384
vn 0.3199 -0.8160 -0.4814
vn -0.3195 0.7628 0.5623
vn -0.0972 0.8323 0.5457
vn -0.2815 0.8853 0.3701
vn -0.3538 0.9049 0.2365
vn -0.3927 0.9155 0.0878
vn -0.3940 0.9178 0.0486
vn -0.3966 0.9162 0.0577
vn -0.3174 0.9460 0.0668
vn 0.3159 -0.9446 -0.0884
vn 0.3037 -0.9518 -0.0427
vn 0.3088 -0.9505 -0.0335
vn 0.3162 -0.9481 -0.0321
vn 0.3115 -0.8595 -0.4051
vn 0.2982 -0.9249 -0.2357
vn 0.2922 -0.9516 -0.0949
vn 0.2989 -0.9518 -0.0694
vn 0.3459 -0.9321 -0.1070
vn 0.3743 -0.9260 -0.0482
vn -0.4085 0.9090 0.0825
vn 0.3825 -0.9234 -0.0318
vn -0.4234 0.9016 0.0885
vn 0.3984 -0.7609 -0.5121
vn -0.4238 0.7481 0.5106
vn -0.3047 0.8290 0.4690
vn -0.4024 0.8943 0.1954
vn -0.4268 0.9013 0.0740
vn -0.4272 0.9031 0.0433
vn -0.4311 0.9008 0.0526
vn -0.4699 0.8808 0.0579
vn -0.4971 0.8660 0.0536
vn -0.4323 0.8997 0.0598
vn 0.4104 -0.8029 -0.4325
vn 0.3884 -0.8758 -0.2864
vn 0.3452 -0.9320 -0.1107
vn 0.3457 -0.9371 -0.0479
vn 0.3715 -0.9268 -0.0543
vn 0.3917 -0.9195 -0.0339
vn 0.3887 -0.9209 -0.0288
vn 0.3893 -0.9206 -0.0303
vn 0.3847 -0.9226 -0.0284
vn 0.5240 -0.6517 -0.5483
vn 0.5133 -0.6833 -0.5193
vn 0.5378 -0.7228 -0.4339
vn -0.5729 0.7390 0.3546
vn -0.4042 0.8317 0.3807
vn -0.5681 0.8047 0.1723
vn -0.5620 0.8237 0.0749
vn -0.5349 0.8438 0.0447
vn -0.5371 0.8423 0.0463
vn 0.0093 -0.9996 -0.0259
vn 0.0088 -0.9997 -0.0232
vn 0.0086 -0.9997 -0.0210
vn 0.0091 -0.9998 -0.0200
vn 0.0094 -0.9998 -0.0167
vn 0.0090 -0.9999 -0.0107
vn 0.0085 -0.9999 -0.0069
vn 0.0084 -1.0000 -0.0031
vn 0.0253 -0.9993 -0.0262
vn 0.0256 -0.9994 -0.0236
vn 0.0261 -0.9994 -0.0206
vn 0.0278 -0.9994 -0.0188
vn 0.0302 -0.9994 -0.0159
vn 0.0316 -0.9994 -0.0108
vn 0.0321 -0.9995 -0.0069
vn 0.0325 -0.9995 -0.0030
vn 0.0465 -0.9986 -0.0256
vn 0.0469 -0.9986 -0.0228
vn 0.0480 -0.9987 -0.0187
vn 0.0514 -0.9986 -0.0153
vn 0.0564 -0.9983 -0.0124
vn 0.0605 -0.9981 -0.0088
vn 0.0628 -0.9980 -0.0059
vn 0.0641 -0.9979 -0.0025
vn 0.0791 -0.9965 -0.0264
vn 0.0774 -0.9967 -0.0230
vn 0.0759 -0.9970 -0.0175
vn 0.0754 -0.9971 -0.0116
vn 0.0764 -0.9970 -0.0077
vn 0.0780 -0.9969 -0.0053
vn 0.0790 -0.9969 -0.0040
vn 0.0795 -0.9968 -0.0017
vn 0.5138 0.8579 0.0050
vn 0.7185 0.6954 0.0081
vn 0.8736 0.4866 0.0057
vn 0.5104 0.8599 0.0056
vn 0.8754 0.4833 0.0050
vn 0.7199 0.6940 0.0099
vn 0.5063 0.8623 0.0079
vn 0.8786 0.4774 0.0051
vn 0.7215 0.6923 0.0111
vn 0.5031 0.8642 0.0111
vn 0.8821 0.4710 0.0054
vn 0.7245 0.6891 0.0122
vn 0.5012 0.8652 0.0114
vn 0.8857 0.4642 0.0052
vn 0.7285 0.6850 0.0115
vn 0.5002 0.8658 0.0090
vn 0.8887 0.4585 0.0041
vn 0.7317 0.6816 0.0090
vn 0.4994 0.8664 0.0070
vn 0.8910 0.4540 0.0032
vn 0.7340 0.6791 0.0071
vn 0.4988 0.8667 0.0033
vn 0.8927 0.4506 0.0019
vn 0.1282 -0.9913 -0.0287
vn 0.1261 -0.9917 -0.0254
vn 0.1234 -0.9921 -0.0206
vn 0.1196 -0.9927 -0.0141
vn 0.1145 -0.9934 -0.0104
vn 0.1095 -0.9940 -0.0072
vn 0.1059 -0.9944 -0.0054
vn 0.1031 -0.9947 -0.0026
vn 0.1430 0.9897 0.0048
vn 0.1485 0.9889 0.0024
vn 0.1500 0.9887 0.0038
vn 0.1483 0.9889 0.0069
vn 0.1443 0.9895 0.0078
vn 0.1408 0.9900 0.0063
vn 0.1381 0.9904 0.0047
vn 0.1358 0.9907 0.0020
vn 0.1923 -0.9809 -0.0296
vn 0.1927 -0.9809 -0.0266
vn 0.1925 -0.9810 -0.0235
vn 0.1889 -0.9818 -0.0198
vn 0.1833 -0.9829 -0.0169
vn 0.1786 -0.9838 -0.0123
vn 0.1744 -0.9846 -0.0094
vn 0.1710 -0.9853 -0.0047
vn -0.1816 0.9832 0.0186
vn -0.1681 0.9857 0.0097
vn -0.1588 0.9873 0.0069
vn -0.1537 0.9881 0.0060
vn -0.1513 0.9885 0.0055
vn -0.1499 0.9887 0.0044
vn -0.1492 0.9888 0.0031
vn 0.3224 -0.9461 -0.0319
vn 0.3263 -0.9448 -0.0294
vn 0.3273 -0.9445 -0.0274
vn 0.3240 -0.9457 -0.0268
vn 0.3155 -0.9486 -0.0242
vn 0.3022 -0.9530 -0.0199
vn 0.2842 -0.9586 -0.0174
vn 0.2651 -0.9642 -0.0099
vn 0.3944 -0.9184 -0.0314
vn -0.4233 0.9054 0.0329
vn 0.3979 -0.9169 -0.0305
vn -0.4105 0.9115 0.0241
vn 0.3993 -0.9163 -0.0309
vn -0.3978 0.9173 0.0191
vn 0.3972 -0.9171 -0.0340
vn -0.3863 0.9222 0.0163
vn 0.3909 -0.9198 -0.0350
vn -0.3766 0.9263 0.0136
vn 0.3814 -0.9238 -0.0331
vn -0.3699 0.9290 0.0099
vn 0.3680 -0.9292 -0.0330
vn -0.1484 0.9889 0.0014
vn -0.3653 0.9309 0.0071
vn -0.4925 0.8693 0.0421
vn -0.4829 0.8750 0.0343
vn -0.4761 0.8789 0.0293
vn -0.4710 0.8818 0.0253
vn -0.4679 0.8835 0.0205
vn -0.4671 0.8841 0.0143
vn -0.4669 0.8843 0.0107
vn -0.3617 0.9323 0.0040
vn -0.4667 0.8844 0.0057
vn 0.3824 -0.9235 -0.0291
vn 0.3819 -0.9238 -0.0282
vn 0.3835 -0.9231 -0.0289
vn 0.3880 -0.9211 -0.0324
vn 0.3978 -0.9169 -0.0313
vn 0.4103 -0.9114 -0.0312
vn 0.4231 -0.9056 -0.0316
vn 0.4331 -0.9012 -0.0166
vn -0.5238 0.8503 0.0513
vn -0.5178 0.8546 0.0381
vn -0.5176 0.8551 0.0293
vn -0.5203 0.8537 0.0233
vn -0.5236 0.8518 0.0180
vn -0.5286 0.8488 0.0114
vn -0.5303 0.8477 0.0089
vn 0.0192 -0.6158 -0.7877
vn 0.0503 -0.8039 -0.5926
vn 0.0641 -0.8451 -0.5308
vn 0.0055 -0.3340 -0.9426
vn 0.0166 -0.1504 -0.9885
vn 0.0487 -0.0769 -0.9959
vn 0.0468 -0.0696 -0.9965
vn 0.0364 -0.0490 -0.9981
vn -0.0645 -0.0058 -0.9979
vn 0.0284 -0.0264 -0.9992
vn 0.0664 -0.6383 -0.7669
vn 0.1173 -0.8042 -0.5827
vn 0.1151 -0.8391 -0.5316
vn 0.1436 -0.6608 -0.7367
vn 0.0653 -0.3752 -0.9246
vn 0.0948 -0.0904 -0.9914
vn 0.2174 -0.0286 -0.9757
vn 0.2788 -0.0636 -0.9583
vn 0.9977 0.0462 -0.0503
vn 0.9938 0.1048 -0.0359
vn 0.9929 0.1176 -0.0187
vn 0.2824 -0.0589 -0.9575
vn 0.9988 -0.0071 -0.0479
vn 0.9976 0.0428 -0.0546
vn 0.9998 -0.0076 -0.0203
vn 0.9991 -0.0029 -0.0415
vn 0.0242 -0.0090 -0.9997
vn 0.2649 -0.0379 -0.9635
vn 1.0000 -0.0068 0.0047
vn 0.9999 -0.0104 0.0111
vn 0.2067 -0.7875 -0.5806
vn 0.1776 -0.8173 -0.5481
vn 0.1686 -0.3734 -0.9122
vn 0.2510 -0.6616 -0.7066
vn 0.2585 0.0980 -0.9610
vn 0.7021 0.7074 -0.0819
vn 0.8635 0.4962 -0.0905
vn 0.7080 0.6984 -0.1050
vn 0.4947 0.8667 -0.0635
vn 0.4573 0.8892 -0.0158
vn 0.3968 -0.0288 -0.9175
vn 0.9888 0.1149 -0.0948
vn 0.9668 0.2394 -0.0891
vn 0.9907 0.0966 -0.0959
vn 0.8087 0.1219 0.5754
vn 0.7039 0.3094 0.6394
vn 0.6347 0.3663 0.6804
vn 0.3695 0.1563 -0.9160
vn 0.4566 0.2577 -0.8515
vn 0.5566 0.0892 -0.8260
vn 0.4324 -0.0626 -0.8995
vn 0.9919 -0.0822 -0.0965
vn 0.9919 -0.0835 -0.0958
vn 0.8149 -0.0253 0.5791
vn 0.8383 0.0798 0.5394
vn 0.3893 0.0155 -0.9210
vn 0.5724 0.0072 -0.8199
vn 0.9830 -0.1599 -0.0903
vn 0.9830 -0.1597 -0.0901
vn 0.7627 -0.0421 0.6454
vn 0.7246 -0.0740 0.6851
vn 0.5729 0.0003 -0.8196
vn 0.2544 -0.0155 -0.9670
vn 0.4096 -0.0509 -0.9109
vn 0.9777 -0.1915 -0.0863
vn 0.6656 -0.0387 0.7453
vn 0.5586 -0.0361 0.8286
vn 0.5733 -0.0000 -0.8194
vn 0.3919 0.0006 -0.9200
vn 0.3027 -0.7154 -0.6298
vn 0.2623 -0.7796 -0.5688
vn 0.2674 -0.7953 -0.5441
vn 0.3011 -0.3931 -0.8688
vn 0.4042 -0.4492 -0.7967
vn 0.9019 0.0455 0.4294
vn 0.9006 0.0484 0.4319
vn 0.9108 0.0246 0.4120
vn 0.5132 0.0364 0.8575
vn 0.5145 0.0348 0.8568
vn 0.5056 0.0447 0.8616
vn 0.1890 0.0283 -0.9816
vn 0.8607 0.1912 -0.4718
vn 0.8657 0.0481 -0.4982
vn 0.8846 0.2101 -0.4164
vn 0.2097 0.7178 -0.6640
vn 0.2335 0.9359 -0.2637
vn 0.1400 0.9844 -0.1067
vn 0.2819 0.1764 -0.9431
vn 0.8937 0.3605 -0.2672
vn 0.9431 0.3045 -0.1332
vn 0.5300 0.8447 -0.0752
vn 0.5303 0.8444 -0.0760
vn 0.5305 0.8442 -0.0765
vn 0.6087 0.6554 0.4471
vn 0.6101 0.6541 0.4472
vn 0.5859 0.6768 0.4457
vn 0.1350 0.4071 -0.9034
vn 0.1898 0.4822 -0.8552
vn 0.3022 0.3604 -0.8825
vn 0.1269 0.1523 -0.9801
vn 0.1249 0.0168 -0.9920
vn 0.6200 -0.7829 -0.0515
vn 0.6257 -0.7795 -0.0287
vn 0.6287 -0.7775 -0.0162
vn 0.1250 0.0000 -0.9922
vn 0.3920 0.0000 -0.9200
vn 0.3975 -0.6475 -0.6502
vn 0.3935 -0.7002 -0.5958
vn 0.3510 -0.7404 -0.5732
vn -0.0712 0.7534 0.6537
vn 0.1857 0.8221 0.5381
vn 0.2753 0.7383 0.6157
vn 0.5129 -0.5554 -0.6546
vn 0.4723 -0.3461 -0.8107
vn 0.0536 0.0156 0.9984
vn -0.0811 0.0233 0.9964
vn -0.0805 0.0286 0.9963
vn -0.0455 -0.6825 0.7295
vn 0.2136 -0.7606 0.6131
vn -0.0794 -0.6798 0.7290
vn 0.4020 -0.0405 -0.9147
vn 0.3770 0.0956 -0.9213
vn 0.3219 0.6601 -0.6788
vn 0.3762 0.8327 -0.4064
vn 0.4243 -0.7411 0.5203
vn -0.0389 -0.8216 0.5688
vn 0.1031 0.3827 -0.9181
vn 0.0508 0.1361 -0.9894
vn 0.1250 0.0005 -0.9922
vn 0.0326 0.0154 -0.9993
vn 0.0306 0.0000 -0.9995
vn 0.5048 -0.5980 -0.6226
vn 0.4684 -0.6426 -0.6063
vn 0.4548 -0.6795 -0.5757
vn -0.3108 0.7466 0.5883
vn -0.1055 0.7520 0.6507
vn -0.3845 0.6807 0.6236
vn 0.6850 -0.3464 -0.6409
vn 0.6327 -0.3572 -0.6871
vn 0.5830 -0.4845 -0.6522
vn -0.2250 0.0334 0.9738
vn -0.2220 0.0383 0.9743
vn -0.8679 0.0688 0.4919
vn -0.8656 0.0632 0.4967
vn -0.8719 0.0791 0.4832
vn -0.3095 -0.6961 0.6478
vn -0.4272 -0.5909 0.6844
vn 0.3524 -0.1061 -0.9298
vn 0.7968 -0.1139 -0.5933
vn 0.2268 0.5122 -0.8284
vn 0.3702 0.5673 -0.7356
vn 1.0000 0.0000 0.0000
vn -0.3484 -0.7284 0.5900
vn 0.1847 0.2131 -0.9594
vn 0.0323 0.0759 -0.9966
vn 0.0307 0.0005 -0.9995
vn 0.0052 0.0079 -1.0000
vn 0.0029 0.0000 -1.0000
vn 0.5603 -0.5417 -0.6265
vn 0.5490 -0.5814 -0.6005
vn 0.5381 -0.6182 -0.5729
vn 0.5557 -0.3701 -0.7444
vn 0.6058 -0.4582 -0.6504
vn 0.6376 -0.4580 -0.6195
vn 0.0000 1.0000 0.0000
vn -0.4007 0.0679 0.9137
vn -0.4053 0.0623 0.9121
vn -0.4224 0.0414 0.9054
vn 0.6437 -0.1807 -0.7437
vn 0.4855 -0.5598 -0.6715
vn 0.4332 -0.4588 -0.7758
vn 0.0000 0.0000 1.0000
vn -0.0000 -1.0000 -0.0001
vn -0.0000 -1.0000 -0.0002
vn 0.0000 0.0000 -1.0000
vn 0.2035 0.0625 -0.9771
vn 0.3579 0.3331 -0.8723
vn 0.0849 0.0144 -0.9963
vn 0.0122 0.0166 -0.9998
vn 0.0002 0.0001 -1.0000
vn 0.0029 0.0003 -1.0000
vn 0.0001 0.0000 -1.0000
vn 0.6507 -0.4690 -0.5972
vn 0.6378 -0.4900 -0.5942
vn 0.6160 -0.5315 -0.5815
vn 0.7003 -0.4299 -0.5699
vn 0.7136 -0.3671 -0.5968
vn 0.3574 -0.7707 -0.5275
vn 0.4745 -0.7199 -0.5066
vn 0.6338 -0.6342 -0.4429
vn 0.6933 -0.5040 -0.5151
vn 0.0608 -0.0882 -0.9943
vn 0.0439 -0.0513 -0.9977
vn 0.0009 0.0016 -1.0000
vn 0.0100 -0.0066 -0.9999
vn 0.0005 -0.0003 -1.0000
vn 0.9949 0.0793 0.0622
vn 0.9646 0.2139 0.1542
vn 0.9987 0.0482 0.0134
vn 0.9992 0.0407 0.0059
vn 0.9993 0.0385 0.0036
vn 0.9992 0.0396 0.0104
vn 0.9568 -0.2678 0.1132
vn 0.9868 0.0215 0.1604
vn 0.9874 0.0280 0.1559
vn 0.9608 -0.2738 0.0447
vn 0.9954 0.0032 0.0962
vn 0.9401 -0.3408 0.0120
vn 0.9335 -0.3585 0.0040
vn 0.9345 -0.3561 0.0018
vn 0.9358 -0.3518 0.0239
vn 0.9470 -0.3052 0.1002
vn 0.9948 0.0970 0.0306
vn 0.8677 -0.3893 0.3091
vn 0.9833 -0.1265 0.1311
vn 0.6945 0.6376 0.3334
vn 0.6354 0.6463 0.4226
vn 0.6759 0.6440 0.3585
vn 0.7945 0.5551 0.2463
vn 0.7526 0.5933 0.2856
vn 0.7555 -0.6248 0.1971
vn 0.6928 -0.6289 0.3528
vn 0.6774 -0.6035 0.4206
vn 0.7797 -0.6257 0.0261
vn 0.7739 -0.6333 0.0019
vn 0.7726 -0.6348 0.0006
vn 0.7724 -0.6351 0.0041
vn 0.7774 -0.6272 0.0465
vn 0.8110 -0.5624 0.1613
vn 0.4884 -0.8591 0.1532
vn 0.5051 -0.8625 0.0291
vn 0.5159 -0.8566 0.0029
vn 0.5175 -0.8557 0.0004
vn 0.5192 -0.8546 0.0090
vn 0.5417 -0.8332 0.1110
vn 0.7159 -0.6044 0.3496
vn 0.7892 -0.2721 0.5505
vn 0.5582 -0.1907 0.8075
vn 0.8945 -0.0481 0.4445
vn 0.7381 -0.0967 0.6677
vn 0.5173 -0.0296 0.8553
vn 0.8833 -0.0056 0.4688
vn 0.7244 -0.0108 0.6893
vn 0.5081 -0.0018 0.8613
vn 0.8819 -0.0002 0.4714
vn 0.7229 -0.0004 0.6909
vn 0.5076 -0.0002 0.8616
vn 0.8821 -0.0007 0.4711
vn 0.7229 -0.0002 0.6909
vn 0.7233 -0.0064 0.6905
vn 0.5077 -0.0054 0.8615
vn 0.8846 -0.0118 0.4661
vn 0.0475 -0.9691 0.2420
vn 0.1663 -0.9838 0.0676
vn 0.1971 -0.9803 0.0090
vn 0.2006 -0.9797 0.0008
vn 0.2010 -0.9795 0.0103
vn 0.2034 -0.9687 0.1424
vn 0.2227 -0.9429 0.2476
vn 0.2212 -0.3645 0.9045
vn 0.1919 -0.2339 0.9531
vn 0.1810 -0.0438 0.9825
vn 0.1791 -0.0036 0.9838
vn 0.1786 -0.0002 0.9839
vn 0.1790 -0.0043 0.9838
vn -0.4401 0.6838 0.5821
vn -0.5168 -0.6056 0.6052
vn -0.3201 -0.8573 0.4033
vn -0.1412 -0.9710 0.1930
vn -0.0089 -0.9991 0.0424
vn 0.0224 -0.9997 0.0051
vn 0.0270 -0.9996 0.0108
vn 0.0271 -0.9887 0.1474
vn 0.0275 -0.9623 0.2706
vn 0.0249 -0.3989 0.9166
vn 0.0209 -0.2468 0.9688
vn 0.0184 -0.0451 0.9988
vn 0.0182 -0.0041 0.9998
vn 0.0182 -0.0001 0.9998
vn 0.0192 -0.0012 0.9998
vn -0.4824 0.6388 0.5993
vn -0.5139 0.6218 0.5910
vn -0.5396 0.6594 0.5234
vn -0.8625 0.0418 0.5043
vn -0.8625 0.0417 0.5044
vn -0.8628 0.0423 0.5038
vn -0.5485 -0.5487 0.6310
vn -0.5652 -0.5448 0.6195
vn -0.4446 -0.7449 0.4974
vn -0.4977 -0.5910 0.6348
vn -0.3103 -0.8655 0.3933
vn -0.1357 -0.9787 0.1539
vn -0.0334 -0.9985 0.0426
vn 0.0039 -0.9998 0.0191
vn 0.0111 -0.9891 0.1468
vn 0.0057 -0.9649 0.2627
vn 0.0005 -0.4020 0.9156
vn 0.0032 -0.2491 0.9685
vn 0.0027 -0.0473 0.9989
vn 0.0009 -0.0043 1.0000
vn 0.0008 -0.0001 1.0000
vn 0.0009 -0.0001 1.0000
vn 0.6225 -0.5480 -0.5587
vn -0.5813 0.5915 0.5587
vn -0.6574 0.6232 0.4235
vn -0.7060 0.6735 0.2190
vn -0.7091 0.6987 0.0947
vn -0.5471 0.8353 0.0538
vn -0.7018 0.7092 0.0677
vn -0.6948 0.7173 0.0530
vn -0.6900 0.7219 0.0523
vn -0.6844 0.7265 0.0610
vn -0.5433 0.8377 0.0551
vn -0.6665 0.0591 0.7431
vn -0.4574 0.0560 0.8875
vn -0.6971 0.0924 0.7110
vn -0.6477 -0.2071 0.7332
vn -0.7468 0.1633 0.6447
vn -0.5427 -0.5338 0.6484
vn 0.0000 -1.0000 0.0000
vn -0.3457 -0.7485 0.5660
vn -0.2653 -0.9301 0.2540
vn -0.2190 -0.9698 0.1072
vn -0.1969 -0.9797 0.0370
vn -0.1966 -0.9713 0.1341
vn -0.2135 -0.9489 0.2322
vn -0.0839 -0.2127 0.9735
vn -0.1515 -0.3445 0.9265
vn -0.0008 -0.0466 0.9989
vn 0.0010 -0.0055 1.0000
vn 0.0002 -0.0002 1.0000
vn 0.0001 -0.0000 1.0000
vn 0.9874 0.1583 0.0024
vn 0.9891 0.1461 0.0170
vn 0.9875 0.1578 0.0007
vn 0.9878 0.1558 0.0006
vn 0.9881 0.1538 0.0006
vn 0.9884 0.1521 0.0005
vn 0.9886 0.1508 0.0004
vn 0.9887 0.1497 0.0003
vn 0.9976 -0.0159 0.0667
vn 0.9999 0.0133 0.0002
vn 0.9999 0.0110 0.0074
vn 0.9999 0.0134 0.0000
vn 0.9999 0.0133 0.0000
vn 0.9282 -0.1526 0.3395
vn 0.9914 -0.0136 0.1305
vn 0.9999 0.0003 0.0136
vn 1.0000 0.0004 0.0000
vn 1.0000 0.0004 0.0005
vn 0.9884 -0.0024 0.1517
vn 0.9999 0.0000 0.0134
vn 1.0000 -0.0000 0.0004
vn 0.9878 -0.0001 0.1556
vn 0.9999 -0.0001 0.0134
vn 0.9878 -0.0001 0.1557
vn 1.0000 -0.0001 0.0004
vn 0.9879 -0.0024 0.1551
vn 0.9999 -0.0039 0.0134
vn 1.0000 -0.0036 0.0005
vn 1.0000 -0.0016 0.0009
vn 1.0000 -0.0001 0.0000
vn 0.9886 -0.0274 0.1481
vn 0.9991 -0.0395 0.0128
vn 0.9993 -0.0373 0.0024
vn 1.0000 -0.0016 0.0015
vn 0.9998 -0.0189 0.0117
vn 1.0000 -0.0000 0.0001
vn -0.9963 -0.0542 -0.0673
vn -0.9921 -0.1009 -0.0744
vn -0.9965 -0.0529 -0.0653
vn -0.9981 -0.0052 -0.0616
vn -0.9981 -0.0048 -0.0607
vn -0.9983 -0.0017 -0.0580
vn -0.9982 -0.0025 -0.0597
vn -0.9972 -0.0257 -0.0700
vn -0.9650 -0.1179 0.2342
vn 0.5610 -0.7885 -0.2521
vn 0.5576 -0.8246 -0.0951
vn 0.5469 -0.8355 -0.0522
vn 0.5389 -0.8410 -0.0471
vn 0.5279 -0.8483 -0.0427
vn 0.5165 -0.8554 -0.0382
vn 0.5066 -0.8614 -0.0362
vn 0.6322 -0.5944 -0.4970
vn 0.6655 -0.6551 -0.3576
vn 0.6970 -0.7047 -0.1330
vn 0.6969 -0.7144 -0.0626
vn 0.6932 -0.7185 -0.0570
vn 0.6904 -0.7215 -0.0520
vn 0.6878 -0.7244 -0.0471
vn 0.7940 -0.5437 -0.2719
vn 0.8263 -0.5535 -0.1044
vn 0.8356 -0.5465 -0.0561
vn 0.8439 -0.5342 -0.0500
vn 0.8538 -0.5188 -0.0433
vn 0.8636 -0.5022 -0.0450
vn 0.8633 -0.5028 -0.0441
vn 0.4985 -0.8662 -0.0350
vn 0.4929 -0.8695 -0.0313
vn 0.4905 -0.8710 -0.0282
vn 0.4933 -0.8694 -0.0267
vn 0.4983 -0.8668 -0.0210
vn 0.5044 -0.8633 -0.0178
vn 0.5145 -0.8574 -0.0151
vn 0.5257 -0.8507 -0.0083
vn 0.6841 -0.7280 -0.0447
vn -0.6816 0.7294 0.0585
vn 0.6797 -0.7322 -0.0424
vn -0.6827 0.7288 0.0522
vn 0.6755 -0.7364 -0.0378
vn -0.6852 0.7279 0.0274
vn 0.6715 -0.7404 -0.0302
vn -0.6853 0.7279 0.0218
vn 0.6737 -0.7386 -0.0258
vn -0.6852 0.7282 0.0157
vn 0.6763 -0.7363 -0.0217
vn 0.6775 -0.7354 -0.0155
vn -0.6813 0.7320 0.0087
vn 0.6795 -0.7336 -0.0111
vn -0.6799 0.7333 0.0037
vn -0.5323 0.8465 0.0045
vn 0.8546 -0.5170 -0.0493
vn 0.8308 -0.5532 -0.0607
vn 0.8038 -0.5940 -0.0319
vn 0.8008 -0.5984 -0.0236
vn 0.8005 -0.5989 -0.0198
vn 0.8006 -0.5991 -0.0139
vn 0.8009 -0.5987 -0.0090
vn 0.8017 -0.5977 -0.0039
vn 0.7087 -0.3883 -0.5891
vn 0.4948 -0.7938 -0.3537
vn 0.4304 -0.8188 -0.3799
vn 0.6202 -0.7165 -0.3193
vn 0.7368 -0.5336 -0.4152
vn 0.7480 -0.3411 -0.5694
vn 0.0577 -0.1051 -0.9928
vn 0.5668 -0.7171 -0.4056
vn 0.5477 -0.5955 -0.5878
vn 0.6759 -0.6967 -0.2401
vn 0.5826 -0.7732 -0.2503
vn 0.0517 -0.0547 -0.9972
vn 0.0340 -0.0344 -0.9988
vn 0.0080 -0.0080 -0.9999
vn 0.5386 -0.6092 -0.5820
vn 0.5832 -0.7049 -0.4037
vn 0.6251 -0.7530 -0.2053
vn 0.7122 -0.6905 -0.1264
vn 0.7898 -0.5464 -0.2787
vn 0.0716 -0.0738 -0.9947
vn 0.6252 -0.6255 -0.4668
vn 0.5070 -0.5074 -0.6968
vn 0.7495 -0.6602 -0.0495
vn 0.7033 -0.6875 -0.1811
vn 0.0508 -0.0509 -0.9974
vn 0.0004 -0.0004 -1.0000
vn 0.0344 -0.0339 -0.9988
vn 0.0083 -0.0080 -0.9999
vn 0.6036 -0.5394 -0.5871
vn 0.7096 -0.5859 -0.3914
vn 0.7955 -0.5850 -0.1577
vn 0.8168 -0.5765 -0.0205
vn 0.0737 -0.0716 -0.9947
vn 0.7528 -0.5547 -0.3544
vn 0.5884 -0.5437 -0.5985
vn 0.8680 -0.4811 -0.1232
vn 0.8845 -0.4663 -0.0138
vn 0.0545 -0.0498 -0.9973
vn 0.0012 -0.0002 -1.0000
vn 0.0564 -0.0270 -0.9980
vn 0.8496 -0.3803 -0.3654
vn 0.9102 -0.3740 -0.1781
vn 0.9413 -0.3299 -0.0713
vn 0.9515 -0.3077 -0.0074
vn 0.1020 -0.0525 -0.9934
vn 0.9741 -0.0949 -0.2054
vn 0.9439 -0.0543 -0.3259
vn 0.9879 -0.1405 -0.0651
vn 0.9880 -0.1543 -0.0071
vn 0.0572 -0.0009 -0.9984
vn 0.1118 -0.0206 -0.9935
vn 0.9654 -0.0248 -0.2595
vn 0.9255 -0.0038 -0.3787
vn 0.9948 -0.0512 -0.0875
vn 0.7188 -0.4224 -0.5522
vn 0.7377 -0.4955 -0.4587
vn -0.7879 0.3670 0.4944
vn -0.8744 0.4497 0.1823
vn -0.8635 0.4997 0.0681
vn -0.8619 0.5040 0.0567
vn -0.8369 0.5414 0.0803
vn -0.7967 0.6014 0.0595
vn 0.7786 -0.2873 -0.5579
vn -0.8046 -0.0304 0.5930
vn -0.9701 -0.0082 0.2425
vn -0.8682 0.4851 0.1040
vn -0.9261 0.3544 0.1292
vn -0.9260 0.3706 0.0712
vn -0.9176 0.3904 0.0748
vn -0.8893 0.4349 0.1414
vn -0.8457 0.5261 0.0896
vn 0.8183 -0.3536 -0.4532
vn -0.7497 -0.3086 0.5854
vn -0.9308 -0.2815 0.2333
vn -0.3840 -0.8571 0.3435
vn -0.4244 -0.8739 0.2371
vn -0.9452 -0.2992 0.1309
vn -0.9469 -0.2969 0.1235
vn -0.4027 -0.9075 0.1198
vn -0.9471 -0.3155 0.0583
vn -0.9432 -0.3254 0.0675
vn -0.3911 -0.9193 0.0435
vn -0.9427 -0.3111 0.1206
vn -0.9347 -0.3405 0.1020
vn -0.3840 -0.9132 0.1363
vn -0.9393 -0.2887 0.1853
vn -0.9436 -0.2413 0.2269
vn -0.3775 -0.8973 0.2291
vn -0.1020 -0.0134 0.9947
vn -0.3318 -0.1943 0.9231
vn -0.8734 -0.1022 0.4762
vn -0.8731 -0.1028 0.4766
vn -0.9010 -0.0437 0.4316
vn 0.0480 0.0162 0.9987
vn 0.0197 -0.0085 0.9998
vn 0.0058 -0.0015 1.0000
vn 0.0033 -0.0001 1.0000
vn 0.8273 -0.3027 -0.4732
vn 0.8969 -0.3148 -0.3106
vn 0.9530 -0.2776 -0.1215
vn 0.9610 -0.2721 -0.0486
vn 0.9663 -0.2554 -0.0320
vn 0.9735 -0.2279 -0.0177
vn 0.9924 -0.1233 0.0068
vn 0.9398 -0.3381 -0.0496
vn 0.9625 -0.1082 -0.2488
vn 0.8885 -0.1812 -0.4216
vn 0.9921 -0.0701 -0.1042
vn 0.9984 -0.0502 -0.0278
vn 0.9994 -0.0332 -0.0090
vn 0.9974 0.0094 0.0712
vn 0.9814 0.1912 -0.0190
vn 0.9858 0.1044 0.1312
vn -0.0203 0.9850 0.1714
vn 0.0061 0.9633 0.2683
vn 0.0157 0.9622 0.2720
vn 0.9019 -0.3261 -0.2833
vn 0.9675 -0.1866 -0.1705
vn 0.9899 -0.1244 -0.0674
vn 0.9939 -0.1105 -0.0061
vn 0.9928 -0.1179 -0.0214
vn 0.9772 -0.0250 0.2107
vn 0.9863 -0.0924 0.1366
vn -0.0388 0.0506 0.9980
vn -0.0222 0.0442 0.9988
vn -0.0080 0.0387 0.9992
vn -0.0683 -0.9199 0.3863
vn -0.0838 -0.9223 0.3773
vn -0.0390 -0.9144 0.4029
vn 0.8174 -0.5690 -0.0899
vn 0.8871 -0.4576 -0.0612
vn 0.9172 -0.3969 -0.0335
vn 0.9234 -0.3839 0.0012
vn 0.9115 -0.4109 -0.0163
vn 0.9349 -0.2142 0.2828
vn 0.8968 -0.4055 0.1770
vn 0.9746 -0.0671 0.2138
vn 0.0806 0.8517 0.5177
vn 0.0922 0.8467 0.5240
vn 0.1165 0.8355 0.5370
vn 0.0339 -0.0345 0.9988
vn 0.0158 -0.0213 0.9996
vn -0.0192 0.0044 0.9998
vn 0.7917 -0.6108 -0.0129
vn 0.8224 -0.5688 -0.0096
vn 0.8096 -0.5870 -0.0041
vn 0.8303 -0.5572 -0.0080
vn 0.8231 -0.5168 0.2354
vn 0.1924 0.1219 0.9737
vn 0.3905 -0.1277 0.9117
vn 0.1616 -0.0932 0.9824
vn 0.0634 -0.0223 0.9977
vn 0.0408 -0.0025 0.9992
vn 0.8360 -0.5487 -0.0101
vn 0.8394 -0.5435 -0.0042
vn 0.8381 -0.5416 0.0650
vn 0.8217 -0.5699 -0.0015
vn 0.8237 -0.5670 -0.0008
vn 0.8255 -0.5644 -0.0002
vn 0.8246 -0.5658 -0.0036
vn 0.8348 -0.5504 0.0134
vn 0.8339 -0.5201 0.1845
vn 0.8167 -0.4296 0.3852
vn 0.8854 -0.4648 -0.0005
vn 0.8855 -0.4647 0.0000
vn 0.8853 -0.4651 0.0006
vn 0.8837 -0.4681 0.0004
vn 0.8436 -0.4892 0.2215
vn 0.8834 -0.4682 0.0202
vn 0.3567 -0.2511 0.8998
vn 0.3009 -0.1768 0.9371
vn 0.2813 -0.0887 0.9555
vn 0.2435 -0.0217 0.9696
vn 0.9522 -0.3053 -0.0002
vn 0.9523 -0.3053 0.0000
vn 0.9522 -0.3054 0.0001
vn 0.9516 -0.3074 0.0006
vn 0.9517 -0.3071 0.0054
vn 0.9387 -0.3304 0.0987
vn 0.8738 -0.3857 0.2960
vn 0.9878 -0.1558 -0.0002
vn 0.9878 -0.1559 0.0000
vn 0.9878 -0.1559 0.0002
vn 0.9879 -0.1548 0.0076
vn 0.9826 -0.1398 0.1222
vn 0.4095 -0.1573 0.8986
vn 0.4081 -0.0983 0.9076
vn 0.9985 -0.0547 -0.0099
vn 0.9985 -0.0549 0.0000
vn 0.9985 -0.0549 -0.0003
vn 0.9985 -0.0549 0.0003
vn 0.9985 -0.0541 0.0106
vn 0.9873 -0.0469 0.1517
vn 0.9618 -0.1032 0.2534
vn 0.3957 -0.0304 0.9179
vn -0.8022 0.5948 0.0521
vn -0.8018 0.5965 0.0356
vn -0.6843 0.7282 0.0381
vn -0.8072 0.5895 0.0290
vn -0.8041 0.5939 0.0261
vn -0.7983 0.6019 0.0204
vn -0.6876 0.7261 0.0109
vn -0.7939 0.6077 0.0184
vn -0.7824 0.6227 0.0145
vn -0.7748 0.6322 0.0065
vn -0.8198 0.5694 0.0603
vn -0.6350 0.7725 -0.0023
vn -0.7853 0.6186 -0.0256
vn -0.8229 0.5670 0.0353
vn -0.8128 0.5818 0.0307
vn -0.8114 0.5839 0.0257
vn -0.8788 -0.4478 -0.1649
vn -0.7557 -0.6212 -0.2076
vn -0.7578 -0.6525 -0.0019
vn -0.5083 -0.8578 -0.0764
vn -0.5158 -0.8512 -0.0968
vn -0.5227 -0.8445 -0.1165
vn -0.6707 -0.2179 0.7090
vn -0.8585 -0.2939 0.4201
vn -0.9439 -0.1738 0.2808
vn -0.0717 -0.0676 -0.9951
vn -0.2107 -0.1082 -0.9715
vn -0.2380 -0.0508 -0.9699
vn -0.7279 -0.0865 0.6802
vn -0.6747 -0.1767 0.7166
vn -0.7524 -0.2609 0.6049
vn -0.7156 -0.0494 0.6967
vn -0.0939 -0.0034 -0.9956
vn -0.2515 -0.0002 -0.9678
vn -0.7238 -0.0280 0.6894
vn -0.7225 -0.0709 0.6877
vn -0.7099 -0.0236 0.7039
vn -0.0349 0.0505 -0.9981
vn -0.2347 0.0159 -0.9719
vn -0.7379 -0.0674 0.6715
vn -0.7308 -0.1008 0.6751
vn -0.5560 -0.0803 0.8273
vn 0.0246 0.1043 -0.9942
vn -0.1867 0.0679 -0.9801
vn -0.7837 -0.2668 0.5609
vn -0.8001 -0.4139 0.4343
vn 0.9189 -0.3872 -0.0756
vn 0.8863 -0.4596 -0.0576
vn 0.8903 -0.4413 -0.1125
vn 0.8827 -0.4691 -0.0281
vn 0.8797 -0.4751 -0.0213
vn 0.8785 -0.4776 -0.0146
vn 0.8777 -0.4792 -0.0092
vn -0.8126 0.5824 0.0219
vn 0.8768 -0.4808 -0.0034
vn -0.8155 0.5783 0.0215
vn 0.9633 0.2315 -0.1360
vn 0.9729 0.2266 -0.0464
vn -0.0666 0.9966 0.0481
vn -0.0318 0.9860 0.1634
vn 0.9047 0.1850 -0.3837
vn 0.9584 0.2541 -0.1300
vn -0.1433 0.9895 0.0172
vn -0.5300 0.8422 -0.0989
vn -0.8908 0.4452 0.0914
vn -0.8218 0.5690 0.0311
vn -0.8271 0.5619 0.0156
vn -0.8807 0.4730 -0.0240
vn -0.9158 0.4016 0.0069
vn -0.8171 0.5764 0.0109
vn -1.0000 0.0002 0.0000
vn -1.0000 0.0001 0.0000
vn -0.9707 0.0393 -0.2372
vn -0.9913 0.0245 -0.1296
vn -0.9923 0.0767 -0.0974
vn -0.6269 -0.7785 0.0301
vn -0.4677 -0.7993 -0.3774
vn -0.9330 0.2946 0.2066
vn -0.6325 -0.7037 0.3236
vn -0.6039 -0.7136 0.3550
vn -0.8623 0.5012 0.0717
vn -0.8628 0.5047 -0.0278
vn -0.9591 0.2558 -0.1212
vn -0.9874 0.1520 -0.0442
vn 0.4099 -0.1237 -0.9037
vn -0.0103 -0.0707 -0.9974
vn -0.0419 -0.1186 -0.9921
vn 0.8735 0.0531 -0.4839
vn 0.9003 0.1171 -0.4192
vn 0.9682 -0.0105 0.2498
vn 0.9589 0.1971 0.2041
vn 0.9709 0.0019 0.2393
vn -0.4226 -0.2191 0.8794
vn -0.4320 -0.1311 0.8923
vn -0.4426 -0.1189 0.8888
vn -0.9905 -0.0896 -0.1040
vn -0.9983 -0.0320 -0.0492
vn 0.7694 -0.2616 -0.5828
vn 0.2917 -0.1063 -0.9506
vn -0.8243 -0.1256 0.5521
vn -0.9550 -0.2406 0.1732
vn -0.9748 -0.1157 0.1905
vn -0.9813 -0.1924 -0.0077
vn -0.9939 -0.1094 0.0120
vn -0.9970 -0.0697 -0.0348
vn -0.9998 -0.0167 -0.0073
vn 0.2106 0.0159 -0.9774
vn -0.8200 0.0780 0.5670
vn -0.9764 0.0993 0.1919
vn -0.9951 0.0982 0.0148
vn -0.9948 0.1018 -0.0057
vn -0.9941 0.1086 -0.0014
vn -0.3344 0.0625 0.9404
vn -0.9572 0.2217 0.1859
vn -0.9780 0.2080 0.0139
vn -0.9782 0.2077 -0.0030
vn -0.9780 0.2086 -0.0011
vn 0.2388 0.1239 -0.9631
vn 0.8731 0.3317 -0.3573
vn 0.8651 0.4782 -0.1516
vn 0.7213 0.4903 -0.4892
vn 0.9492 0.2831 0.1371
vn 0.9031 0.4266 -0.0485
vn -0.1113 -0.2244 0.9681
vn -0.0496 -0.9879 0.1470
vn -0.0008 -0.9721 0.2346
vn 0.0142 -0.9736 0.2279
vn -0.0695 -0.9974 0.0195
vn -0.0703 -0.9973 0.0192
vn -0.0693 -0.9976 0.0055
vn -0.0691 -0.9976 0.0056
vn -0.0688 -0.9976 0.0022
vn -0.0687 -0.9976 0.0022
vn 0.9592 -0.2683 -0.0892
vn 0.9670 -0.2519 -0.0390
vn 0.9667 -0.2546 -0.0247
vn 0.9654 -0.2599 -0.0190
vn 0.9650 -0.2620 -0.0123
vn 0.9641 -0.2655 -0.0103
vn 0.9620 -0.2732 -0.0031
vn 0.7606 0.1185 -0.6384
vn 0.7049 0.0450 -0.7079
vn 0.9987 -0.0091 -0.0503
vn 0.9944 0.0097 -0.1054
vn 0.9997 -0.0003 -0.0257
vn 0.9997 -0.0138 -0.0183
vn 0.9997 -0.0179 -0.0137
vn 0.9960 -0.0887 -0.0064
vn 0.9984 -0.0482 -0.0296
vn 0.4200 0.2226 -0.8798
vn 0.3432 0.2817 -0.8960
vn 0.9852 0.1314 -0.1104
vn 0.6301 0.6194 -0.4684
vn 0.9958 0.0885 -0.0251
vn 0.9807 0.1956 0.0043
vn 0.9552 0.0897 0.2820
vn 0.9967 0.0786 -0.0220
vn 0.2022 0.9793 -0.0045
vn 0.5641 0.8251 0.0322
vn 0.5950 0.8034 0.0234
vn -0.0239 0.9861 -0.1642
vn 0.1277 0.9916 -0.0194
vn 0.9978 0.0612 -0.0245
vn -0.0056 0.9624 -0.2718
vn -0.0337 0.9850 -0.1694
vn 0.9976 -0.0584 -0.0368
vn 0.9971 -0.0085 -0.0761
vn 0.5097 -0.8595 0.0383
vn 0.6550 -0.7489 0.1004
vn 0.4191 -0.9079 -0.0053
vn 0.1373 -0.9905 0.0032
vn 0.0712 -0.9973 -0.0150
vn 0.0098 -0.9918 -0.1272
vn 0.0029 -0.9915 -0.1300
vn 0.0005 -0.9752 -0.2214
vn 0.9889 -0.1229 -0.0836
vn 0.9556 -0.0951 -0.2788
vn 0.9677 -0.1360 -0.2123
vn 0.9507 -0.2378 -0.1992
vn 0.8249 -0.2584 -0.5027
vn 0.9928 -0.1077 -0.0531
vn 0.9947 -0.0994 -0.0273
vn 0.9784 -0.2027 -0.0399
vn 0.9953 -0.0956 -0.0167
vn 0.9810 -0.1912 -0.0323
vn 0.9971 -0.0686 -0.0334
vn 0.9834 -0.1794 -0.0275
vn 0.9953 -0.0872 -0.0408
vn 0.3675 -0.1139 -0.9230
vn 0.9880 0.0386 -0.1497
vn 0.9671 0.0153 -0.2540
vn 0.9954 0.0893 -0.0339
vn 0.9953 0.0940 -0.0225
vn 0.9949 0.1002 -0.0116
vn 0.9953 0.0961 -0.0139
vn 0.9996 -0.0281 -0.0087
vn 0.3108 0.1036 -0.9448
vn 0.2109 0.1138 -0.9709
vn 0.8705 0.3784 -0.3147
vn 0.9264 0.3599 -0.1107
vn 0.3777 0.9092 0.1752
vn 0.4029 0.8606 0.3116
vn 0.4130 0.8856 0.2126
vn 0.9809 0.1931 -0.0244
vn 0.9660 0.2581 -0.0140
vn 0.1331 0.9910 0.0155
vn 0.0096 0.9999 -0.0129
vn 0.0658 0.9978 -0.0035
vn 0.9810 0.1936 -0.0120
vn 0.0003 1.0000 -0.0099
vn 0.0024 0.9999 -0.0150
vn 0.9803 0.1971 -0.0080
vn 0.9943 0.1069 -0.0037
vn 0.0000 1.0000 -0.0038
vn 0.0000 1.0000 -0.0100
vn -0.7650 -0.6439 0.0087
vn -0.5862 -0.8101 0.0137
vn -0.8088 -0.5881 0.0016
vn -0.5791 -0.8145 0.0360
vn -0.7487 -0.6624 0.0254
vn -0.7937 -0.6082 0.0107
vn -0.5666 -0.8223 0.0528
vn -0.7160 -0.6966 0.0461
vn -0.7549 -0.6553 0.0268
vn -0.6819 -0.7299 0.0474
vn -0.6756 -0.7354 0.0517
vn -0.6098 -0.7859 0.1024
vn -0.6171 -0.7594 0.2061
vn -0.3460 -0.9381 0.0149
vn -0.3426 -0.9384 0.0439
vn -0.3502 -0.9341 0.0701
vn -0.5422 -0.8363 0.0814
vn -0.3299 -0.9386 0.1006
vn -0.5108 -0.8531 0.1067
vn -0.4703 -0.8697 0.1498
vn -0.3216 -0.9373 0.1341
vn -0.3118 -0.9341 0.1740
vn -0.4304 -0.8806 0.1984
vn -0.6262 -0.7494 0.2152
vn -0.3952 -0.8885 0.2334
vn -0.5937 -0.7690 0.2369
vn -0.3843 -0.8841 0.2659
vn -0.2053 -0.9786 0.0154
vn -0.2081 -0.9771 0.0451
vn -0.2135 -0.9743 0.0717
vn -0.2093 -0.9727 0.0999
vn -0.2049 -0.9694 0.1351
vn -0.2043 -0.9629 0.1761
vn -0.2844 -0.9333 0.2192
vn -0.2043 -0.9561 0.2100
vn -0.2638 -0.9314 0.2510
vn -0.2684 -0.9230 0.2759
vn -0.1377 -0.9904 0.0143
vn -0.1405 -0.9892 0.0410
vn -0.1481 -0.9868 0.0658
vn -0.1574 -0.9830 0.0946
vn -0.1688 -0.9773 0.1279
vn -0.1831 -0.9690 0.1661
vn -0.1969 -0.9589 0.2042
vn -0.2177 -0.9453 0.2427
vn -0.2128 -0.9487 0.2341
vn -0.2304 -0.9336 0.2746
vn -0.1231 -0.9923 0.0127
vn -0.1276 -0.9912 0.0356
vn -0.1356 -0.9892 0.0555
vn -0.1447 -0.9859 0.0845
vn -0.1594 -0.9811 0.1098
vn -0.1794 -0.9726 0.1476
vn -0.1967 -0.9617 0.1907
vn -0.2165 -0.9500 0.2249
vn -0.2366 -0.9333 0.2701
vn -0.1165 -0.9931 0.0104
vn -0.1115 -0.9937 0.0082
vn -0.1239 -0.9919 0.0280
vn -0.1158 -0.9931 0.0202
vn -0.1209 -0.9921 0.0345
vn -0.1321 -0.9901 0.0475
vn -0.1423 -0.9872 0.0722
vn -0.1558 -0.9834 0.0933
vn -0.1729 -0.9770 0.1247
vn -0.1981 -0.9656 0.1684
vn -0.2160 -0.9536 0.2098
vn -0.1067 -0.9943 0.0067
vn -0.1100 -0.9938 0.0187
vn -0.1161 -0.9926 0.0352
vn -0.1289 -0.9905 0.0482
vn -0.1260 -0.9909 0.0467
vn -0.1404 -0.9882 0.0615
vn -0.1378 -0.9886 0.0609
vn -0.1564 -0.9843 0.0816
vn -0.1695 -0.9797 0.1069
vn -0.1865 -0.9721 0.1425
vn -0.2105 -0.9587 0.1915
vn -0.1022 -0.9948 0.0048
vn -0.1056 -0.9943 0.0142
vn -0.1118 -0.9933 0.0285
vn -0.1216 -0.9918 0.0383
vn -0.1325 -0.9894 0.0586
vn -0.1509 -0.9855 0.0781
vn -0.1444 -0.9866 0.0759
vn -0.1649 -0.9814 0.0980
vn -0.1591 -0.9826 0.0961
vn -0.1807 -0.9757 0.1242
vn -0.1973 -0.9656 0.1694
vn -0.3626 -0.8776 0.3135
vn -0.2570 -0.9109 0.3228
vn -0.2393 -0.9166 0.3202
vn -0.2502 -0.8855 0.3915
vn -0.2509 -0.8894 0.3822
vn -0.2365 -0.9353 0.2632
vn -0.2520 -0.9169 0.3096
vn -0.2595 -0.8951 0.3625
vn -0.2760 -0.8559 0.4373
vn -0.2780 -0.8651 0.4175
vn -0.2330 -0.9383 0.2555
vn -0.2584 -0.9153 0.3090
vn -0.2539 -0.9190 0.3015
vn -0.2726 -0.8949 0.3534
vn -0.2827 -0.8710 0.4018
vn -0.2276 -0.9438 0.2395
vn -0.2493 -0.9241 0.2895
vn -0.2801 -0.8951 0.3469
vn -0.2717 -0.9033 0.3319
vn -0.2945 -0.8749 0.3846
vn -0.3079 -0.8334 0.4589
vn -0.3102 -0.8416 0.4422
vn -0.2195 -0.9509 0.2183
vn -0.2389 -0.9334 0.2676
vn -0.2553 -0.9142 0.3149
vn -0.2906 -0.8798 0.3762
vn -0.3037 -0.8550 0.4203
vn -0.3432 -0.7936 0.5025
vn -0.3275 -0.8205 0.4685
vn -0.8605 -0.4640 0.2104
vn -0.8170 -0.5471 0.1822
vn -0.7085 -0.6744 0.2078
vn -1.0000 0.0056 0.0000
vn -0.5330 -0.7897 0.3039
vn -0.6559 -0.6833 0.3208
vn -0.8320 -0.4493 0.3254
vn -0.6280 -0.6734 0.3900
vn -0.7751 -0.5083 0.3752
vn -0.9039 -0.3136 0.2910
vn -0.6915 -0.5352 0.4851
vn -0.7968 -0.3950 0.4573
vn -0.8705 -0.2899 0.3977
vn -0.6620 -0.4133 0.6253
vn -0.7171 -0.2897 0.6339
vn -0.7859 -0.1544 0.5988
vn -0.5904 -0.2780 0.7577
vn -0.6244 -0.1994 0.7553
vn -0.8662 -0.0675 0.4952
vn -0.6651 -0.1172 0.7375
vn -0.9036 -0.0279 0.4274
vn -0.6912 -0.0597 0.7202
vn -1.0000 0.0057 0.0001
vn -1.0000 0.0074 0.0038
vn -0.9981 0.0251 0.0562
vn -0.9422 0.0322 0.3334
vn -0.7313 -0.0010 0.6820
vn -0.4792 -0.7988 0.3638
vn -0.4463 -0.7796 0.4393
vn -0.5695 -0.6711 0.4746
vn -0.3999 -0.7524 0.5235
vn -0.4876 -0.6462 0.5871
vn -0.5806 -0.5280 0.6198
vn -0.4169 -0.5907 0.6909
vn -0.4678 -0.4926 0.7338
vn -0.5376 -0.3827 0.7514
vn -0.3949 -0.4236 0.8152
vn -0.4154 -0.3183 0.8521
vn -0.4230 -0.2317 0.8760
vn -0.4699 -0.1479 0.8702
vn -0.4908 -0.0834 0.8673
vn -0.5116 -0.0211 0.8590
vn -0.3793 -0.0574 0.9235
vn -0.3836 -0.0179 0.9233
vn -0.3369 -0.8561 0.3919
vn -0.3084 -0.8305 0.4638
vn -0.3075 -0.7873 0.5343
vn -0.3597 -0.6946 0.6230
vn -0.3023 -0.7206 0.6240
vn -0.3366 -0.6238 0.7054
vn -0.3524 -0.5338 0.7687
vn -0.3238 -0.4287 0.8434
vn -0.3353 -0.3239 0.8847
vn -0.3410 -0.2482 0.9067
vn -0.3530 -0.1755 0.9190
vn -0.3091 -0.2037 0.9289
vn -0.2990 -0.1459 0.9430
vn -0.3664 -0.1171 0.9230
vn -0.2973 -0.0818 0.9513
vn -0.3041 -0.0251 0.9523
vn -0.2748 -0.8471 0.4549
vn -0.2962 -0.8053 0.5136
vn -0.3142 -0.7291 0.6080
vn -0.3337 -0.6214 0.7089
vn -0.3282 -0.5337 0.7794
vn -0.3415 -0.5368 0.7715
vn -0.3327 -0.4376 0.8353
vn -0.3359 -0.3358 0.8800
vn -0.3207 -0.2659 0.9091
vn -0.3398 -0.2774 0.8986
vn -0.3227 -0.2167 0.9213
vn -0.3227 -0.1421 0.9358
vn -0.3165 -0.0774 0.9454
vn -0.3124 -0.0228 0.9497
vn -0.3106 -0.8050 0.5056
vn -0.3358 -0.7373 0.5862
vn -0.3559 -0.6388 0.6821
vn -0.3603 -0.6618 0.6574
vn -0.3763 -0.5473 0.7476
vn -0.3813 -0.4293 0.8187
vn -0.3639 -0.3448 0.8652
vn -0.3882 -0.3526 0.8515
vn -0.3693 -0.2827 0.8853
vn -0.3641 -0.2121 0.9069
vn -0.3705 -0.1334 0.9192
vn -0.3556 -0.0643 0.9324
vn -0.3887 -0.0974 0.9162
vn -0.3844 -0.0478 0.9219
vn -0.3435 -0.0172 0.9390
vn -0.3806 -0.0153 0.9246
vn -0.3122 -0.8188 0.4817
vn -0.3411 -0.7653 0.5458
vn -0.3695 -0.6802 0.6331
vn -0.4045 -0.5515 0.7295
vn -0.4097 -0.4451 0.7962
vn -0.4207 -0.4664 0.7781
vn -0.4169 -0.3611 0.8341
vn -0.4220 -0.2689 0.8658
vn -0.4059 -0.2061 0.8904
vn -0.4361 -0.2276 0.8706
vn -0.4223 -0.1821 0.8880
vn -0.3945 -0.1551 0.9057
vn -0.4074 -0.1222 0.9050
vn -0.4115 -0.0555 0.9097
vn -0.4120 -0.0141 0.9111
vn -0.3462 -0.7741 0.5300
vn -0.3830 -0.7067 0.5949
vn -0.4132 -0.5927 0.6914
vn -0.4218 -0.6234 0.6584
vn -0.4521 -0.4862 0.7478
vn -0.4605 -0.3557 0.8133
vn -0.4737 -0.4065 0.7813
vn -0.4721 -0.3087 0.8258
vn -0.4499 -0.2804 0.8479
vn -0.4561 -0.2364 0.8580
vn -0.4465 -0.1757 0.8774
vn -0.4389 -0.1172 0.8909
vn -0.4388 -0.0531 0.8970
vn -0.4326 -0.0085 0.9016
vn -0.4475 -0.0306 0.8938
vn -0.4455 -0.0048 0.8953
vn -0.3796 -0.7357 0.5609
vn -0.4204 -0.6535 0.6294
vn -0.4630 -0.5256 0.7137
vn -0.4472 -0.5791 0.6817
vn -0.4766 -0.4352 0.7638
vn -0.4900 -0.3129 0.8136
vn -0.4926 -0.2217 0.8415
vn -0.4718 -0.1599 0.8671
vn -0.4916 -0.1823 0.8515
vn -0.4824 -0.1442 0.8640
vn -0.4566 -0.1151 0.8822
vn -0.4692 -0.0981 0.8776
vn -0.4516 -0.0684 0.8896
vn -0.4569 -0.0463 0.8883
vn -0.4553 -0.0026 0.8903
vn -0.0839 -0.9965 0.0028
vn -0.0871 -0.9962 0.0094
vn -0.0955 -0.9952 0.0189
vn -0.1064 -0.9939 0.0274
vn -0.1185 -0.9918 0.0479
vn -0.1345 -0.9889 0.0627
vn -0.1514 -0.9842 0.0922
vn -0.1766 -0.9767 0.1221
vn -0.1644 -0.9797 0.1149
vn -0.1948 -0.9686 0.1545
vn -0.0504 -0.9987 0.0013
vn -0.0529 -0.9986 0.0046
vn -0.0585 -0.9982 0.0088
vn -0.0683 -0.9976 0.0153
vn -0.0856 -0.9959 0.0289
vn -0.1064 -0.9934 0.0437
vn -0.1299 -0.9886 0.0763
vn -0.1505 -0.9823 0.1116
vn -0.1836 -0.9716 0.1494
vn -0.0239 -0.9997 0.0004
vn -0.0247 -0.9997 0.0019
vn -0.0268 -0.9996 0.0033
vn -0.0310 -0.9995 0.0057
vn -0.0391 -0.9992 0.0109
vn -0.0541 -0.9983 0.0221
vn -0.0801 -0.9958 0.0450
vn -0.1113 -0.9898 0.0894
vn -0.0156 -0.9999 0.0004
vn -0.0156 -0.9999 0.0015
vn -0.0156 -0.9999 0.0023
vn -0.0159 -0.9999 0.0030
vn -0.0174 -0.9998 0.0048
vn -0.0216 -0.9997 0.0084
vn -0.0333 -0.9993 0.0185
vn -0.0638 -0.9966 0.0513
vn -0.0148 -0.9999 0.0004
vn -0.0146 -0.9999 0.0017
vn -0.0143 -0.9999 0.0025
vn -0.0142 -0.9999 0.0029
vn -0.0141 -0.9999 0.0042
vn -0.0141 -0.9999 0.0060
vn -0.0155 -0.9998 0.0090
vn -0.0241 -0.9995 0.0206
vn -0.0147 -0.9999 0.0005
vn -0.0145 -0.9999 0.0019
vn -0.0142 -0.9999 0.0027
vn -0.0141 -0.9999 0.0031
vn -0.0139 -0.9999 0.0044
vn -0.0135 -0.9999 0.0063
vn -0.0131 -0.9999 0.0079
vn -0.0141 -0.9998 0.0120
vn -0.0147 -0.9999 0.0006
vn -0.0145 -0.9999 0.0022
vn -0.0142 -0.9999 0.0030
vn -0.0141 -0.9999 0.0032
vn -0.0139 -0.9999 0.0047
vn -0.0135 -0.9999 0.0068
vn -0.0129 -0.9999 0.0083
vn -0.0124 -0.9999 0.0110
vn -0.0147 -0.9999 0.0007
vn -0.0145 -0.9999 0.0025
vn -0.0142 -0.9999 0.0032
vn -0.0141 -0.9999 0.0033
vn -0.0139 -0.9999 0.0050
vn -0.0135 -0.9999 0.0074
vn -0.0129 -0.9999 0.0089
vn -0.0122 -0.9999 0.0118
vn -0.2109 -0.9570 0.1992
vn -0.2263 -0.9410 0.2515
vn -0.2443 -0.9208 0.3040
vn -0.2752 -0.8907 0.3617
vn -0.2573 -0.9013 0.3486
vn -0.2904 -0.8666 0.4058
vn -0.3069 -0.8407 0.4462
vn -0.1669 -0.9752 0.1451
vn -0.2021 -0.9611 0.1882
vn -0.1850 -0.9645 0.1886
vn -0.2140 -0.9486 0.2333
vn -0.2258 -0.9310 0.2868
vn -0.2418 -0.9093 0.3387
vn -0.2773 -0.8758 0.3950
vn -0.2544 -0.8895 0.3796
vn -0.2882 -0.8564 0.4284
vn -0.3316 -0.8055 0.4912
vn -0.3110 -0.8296 0.4638
vn -0.1357 -0.9827 0.1261
vn -0.1571 -0.9717 0.1763
vn -0.1940 -0.9529 0.2330
vn -0.2029 -0.9390 0.2778
vn -0.2120 -0.9228 0.3218
vn -0.2287 -0.9042 0.3608
vn -0.2660 -0.8707 0.4137
vn -0.2803 -0.8534 0.4395
vn -0.3439 -0.7861 0.5136
vn -0.3078 -0.8266 0.4711
vn -0.1046 -0.9895 0.0999
vn -0.1347 -0.9769 0.1657
vn -0.1714 -0.9595 0.2238
vn -0.1453 -0.9665 0.2115
vn -0.1812 -0.9461 0.2685
vn -0.1911 -0.9309 0.3112
vn -0.2032 -0.9155 0.3473
vn -0.2390 -0.8866 0.3961
vn -0.2096 -0.9009 0.3802
vn -0.2451 -0.8712 0.4254
vn -0.2641 -0.8556 0.4451
vn -0.0516 -0.9969 0.0600
vn -0.0966 -0.9864 0.1330
vn -0.1269 -0.9710 0.2028
vn -0.1607 -0.9511 0.2637
vn -0.1365 -0.9575 0.2540
vn -0.1637 -0.9387 0.3035
vn -0.1736 -0.9261 0.3349
vn -0.1843 -0.9128 0.3644
vn -0.2136 -0.8875 0.4082
vn -0.2306 -0.8745 0.4267
vn -0.2837 -0.8230 0.4921
vn -0.2529 -0.8483 0.4651
vn -0.0235 -0.9993 0.0303
vn -0.0497 -0.9944 0.0935
vn -0.0870 -0.9816 0.1702
vn -0.1151 -0.9646 0.2375
vn -0.1449 -0.9437 0.2972
vn -0.1532 -0.9320 0.3284
vn -0.1640 -0.9202 0.3554
vn -0.1899 -0.9000 0.3922
vn -0.1696 -0.9105 0.3772
vn -0.1944 -0.8907 0.4110
vn -0.2071 -0.8749 0.4379
vn -0.0137 -0.9997 0.0188
vn -0.0337 -0.9976 0.0599
vn -0.0729 -0.9880 0.1362
vn -0.0997 -0.9695 0.2239
vn -0.1256 -0.9498 0.2867
vn -0.1057 -0.9552 0.2765
vn -0.1274 -0.9389 0.3198
vn -0.1394 -0.9293 0.3421
vn -0.1503 -0.9189 0.3647
vn -0.1703 -0.8997 0.4019
vn -0.1762 -0.8866 0.4276
vn -0.0113 -0.9998 0.0167
vn -0.0159 -0.9993 0.0343
vn -0.0367 -0.9938 0.1050
vn -0.0695 -0.9786 0.1939
vn -0.0905 -0.9602 0.2642
vn -0.1108 -0.9442 0.3101
vn -0.1228 -0.9348 0.3332
vn -0.1302 -0.9241 0.3592
vn -0.1482 -0.9069 0.3944
vn -0.1328 -0.9130 0.3858
vn -0.1512 -0.8955 0.4186
vn -0.2756 -0.8030 0.5284
vn -0.2264 -0.8367 0.4986
vn -0.2050 -0.8637 0.4604
vn -0.1643 -0.8855 0.4346
vn -0.3584 -0.7710 0.5265
vn -0.3911 -0.7152 0.5792
vn -0.4314 -0.6215 0.6539
vn -0.4973 -0.4520 0.7405
vn -0.5138 -0.3155 0.7978
vn -0.5077 -0.3839 0.7713
vn -0.5089 -0.2658 0.8188
vn -0.5051 -0.2345 0.8306
vn -0.4971 -0.1911 0.8464
vn -0.4925 -0.1369 0.8595
vn -0.4850 -0.0826 0.8706
vn -0.4728 -0.0385 0.8803
vn -0.4647 0.0024 0.8854
vn -0.3729 -0.7470 0.5503
vn -0.4129 -0.6806 0.6052
vn -0.4739 -0.5385 0.6967
vn -0.4460 -0.5958 0.6679
vn -0.4938 -0.4336 0.7537
vn -0.5275 -0.2633 0.8077
vn -0.5099 -0.1739 0.8425
vn -0.4952 -0.1307 0.8589
vn -0.4884 -0.0924 0.8677
vn -0.3754 -0.7336 0.5665
vn -0.4283 -0.6379 0.6400
vn -0.4931 -0.4577 0.7399
vn -0.5111 -0.3130 0.8005
vn -0.3315 -0.7809 0.5295
vn -0.3561 -0.7278 0.5860
vn -0.3198 -0.7640 0.5604
vn -0.4792 -0.0559 0.8759
vn -0.4722 -0.0262 0.8811
vn -0.4676 0.0048 0.8839
vn -0.5154 -0.2009 0.8331
vn -0.5072 -0.1508 0.8485
vn -0.4930 -0.1139 0.8625
vn -0.4794 -0.0669 0.8750
vn -0.4748 -0.0251 0.8797
vn -0.4693 0.0079 0.8830
vn -0.4431 -0.5657 0.6954
vn -0.4825 -0.3841 0.7872
vn -0.4922 -0.2407 0.8366
vn -0.5051 -0.1493 0.8501
vn -0.4993 -0.0990 0.8608
vn -0.4855 -0.0557 0.8724
vn -0.4773 -0.0724 0.8758
vn -0.4691 -0.0412 0.8822
vn -0.4741 -0.0175 0.8803
vn -0.4620 -0.0117 0.8868
vn -0.4660 0.0149 0.8846
vn -0.4555 0.0193 0.8900
vn -0.3898 -0.6219 0.6792
vn -0.4789 -0.4079 0.7774
vn -0.5053 -0.2328 0.8309
vn -0.4699 -0.3277 0.8196
vn -0.4768 -0.1934 0.8575
vn -0.4937 -0.1449 0.8575
vn -0.4685 -0.1248 0.8746
vn -0.4856 -0.1080 0.8675
vn -0.4619 -0.0815 0.8832
vn -0.4573 -0.0388 0.8884
vn -0.4504 -0.0058 0.8928
vn -0.4417 0.0246 0.8968
vn -0.3524 -0.6938 0.6281
vn -0.4299 -0.5209 0.7375
vn -0.3778 -0.5917 0.7121
vn -0.4229 -0.3847 0.8205
vn -0.4508 -0.2115 0.8672
vn -0.4637 -0.1169 0.8783
vn -0.4570 -0.0701 0.8867
vn -0.4288 -0.0871 0.8992
vn -0.4251 -0.0567 0.9034
vn -0.4468 -0.0306 0.8941
vn -0.4220 -0.0253 0.9062
vn -0.4403 0.0018 0.8979
vn -0.4187 0.0054 0.9081
vn -0.4334 0.0317 0.9006
vn -0.4141 0.0350 0.9095
vn -0.2809 -0.7557 0.5916
vn -0.3330 -0.6361 0.6960
vn -0.4194 -0.4081 0.8109
vn -0.4408 -0.2220 0.8697
vn -0.4015 -0.3119 0.8611
vn -0.3984 -0.1750 0.9004
vn -0.4336 -0.1319 0.8914
vn -0.3939 -0.1008 0.9136
vn -0.3931 -0.0592 0.9176
vn -0.3937 -0.0245 0.9189
vn -0.3917 0.0080 0.9201
vn -0.3891 0.0379 0.9204
vn -0.2589 -0.7929 0.5516
vn -0.3007 -0.7038 0.6436
vn -0.3748 -0.5123 0.7727
vn -0.3127 -0.5871 0.7467
vn -0.3524 -0.3574 0.8649
vn -0.3655 -0.1889 0.9114
vn -0.3742 -0.1023 0.9217
vn -0.3738 -0.0588 0.9256
vn -0.3729 -0.0230 0.9276
vn -0.3718 0.0095 0.9283
vn -0.3707 0.0404 0.9279
vn -0.2145 -0.8259 0.5214
vn -0.1754 -0.8546 0.4888
vn -0.2312 -0.7714 0.5929
vn -0.2665 -0.6332 0.7267
vn -0.3512 -0.3753 0.8578
vn -0.3710 -0.1779 0.9114
vn -0.3364 -0.2675 0.9029
vn -0.3326 -0.1296 0.9341
vn -0.3502 -0.0982 0.9315
vn -0.3240 -0.0864 0.9421
vn -0.3464 -0.0567 0.9364
vn -0.3179 -0.0525 0.9467
vn -0.3454 -0.0218 0.9382
vn -0.3162 -0.0204 0.9485
vn -0.3444 0.0101 0.9388
vn -0.3155 0.0103 0.9489
vn -0.3427 0.0411 0.9385
vn -0.3157 0.0394 0.9480
vn -0.0147 -0.9999 0.0008
vn -0.0145 -0.9999 0.0028
vn -0.0142 -0.9999 0.0034
vn -0.0141 -0.9999 0.0035
vn -0.0139 -0.9999 0.0053
vn -0.0134 -0.9999 0.0079
vn -0.0128 -0.9999 0.0095
vn -0.0121 -0.9998 0.0128
vn -0.0147 -0.9999 0.0009
vn -0.0145 -0.9999 0.0030
vn -0.0142 -0.9999 0.0037
vn -0.0140 -0.9999 0.0037
vn -0.0137 -0.9999 0.0057
vn -0.0133 -0.9999 0.0084
vn -0.0127 -0.9999 0.0102
vn -0.0118 -0.9998 0.0139
vn -0.0147 -0.9999 0.0011
vn -0.0145 -0.9999 0.0033
vn -0.0142 -0.9999 0.0039
vn -0.0140 -0.9999 0.0040
vn -0.0135 -0.9999 0.0061
vn -0.0130 -0.9999 0.0089
vn -0.0113 -0.9998 0.0151
vn -0.0147 -0.9999 0.0012
vn -0.0145 -0.9999 0.0036
vn -0.0142 -0.9999 0.0042
vn -0.0138 -0.9999 0.0044
vn -0.0130 -0.9999 0.0067
vn -0.0123 -0.9999 0.0094
vn -0.0117 -0.9999 0.0119
vn -0.0107 -0.9998 0.0163
vn -0.0147 -0.9999 0.0013
vn -0.0143 -0.9999 0.0039
vn -0.0137 -0.9999 0.0047
vn -0.0127 -0.9999 0.0052
vn -0.0116 -0.9999 0.0076
vn -0.0110 -0.9999 0.0101
vn -0.0107 -0.9999 0.0125
vn -0.0101 -0.9998 0.0172
vn -0.0143 -0.9999 0.0018
vn -0.0133 -0.9999 0.0046
vn -0.0124 -0.9999 0.0056
vn -0.0116 -0.9999 0.0066
vn -0.0108 -0.9999 0.0084
vn -0.0107 -0.9999 0.0101
vn -0.0107 -0.9999 0.0128
vn -0.0100 -0.9998 0.0177
vn -0.0144 -0.9999 0.0026
vn -0.0137 -0.9999 0.0058
vn -0.0131 -0.9999 0.0062
vn -0.0134 -0.9999 0.0068
vn -0.0134 -0.9999 0.0085
vn -0.0130 -0.9999 0.0101
vn -0.0120 -0.9998 0.0135
vn -0.0104 -0.9998 0.0187
vn -0.0149 -0.9999 0.0026
vn -0.0154 -0.9999 0.0059
vn -0.0159 -0.9999 0.0059
vn -0.0162 -0.9998 0.0063
vn -0.0160 -0.9998 0.0088
vn -0.0149 -0.9998 0.0115
vn -0.0128 -0.9998 0.0156
vn -0.0106 -0.9997 0.0204
vn -0.0108 -0.9998 0.0171
vn -0.0107 -0.9996 0.0263
vn -0.0248 -0.9966 0.0790
vn -0.0555 -0.9852 0.1620
vn -0.0816 -0.9666 0.2430
vn -0.1020 -0.9491 0.2979
vn -0.1047 -0.9390 0.3275
vn -0.1112 -0.9300 0.3504
vn -0.1185 -0.9188 0.3766
vn -0.1329 -0.9034 0.4077
vn -0.0105 -0.9998 0.0182
vn -0.0110 -0.9997 0.0236
vn -0.0215 -0.9982 0.0553
vn -0.0491 -0.9893 0.1375
vn -0.0715 -0.9702 0.2316
vn -0.0878 -0.9519 0.2935
vn -0.0753 -0.9548 0.2876
vn -0.0883 -0.9419 0.3240
vn -0.0952 -0.9349 0.3418
vn -0.1054 -0.9248 0.3657
vn -0.1171 -0.9101 0.3974
vn -0.0101 -0.9998 0.0193
vn -0.0096 -0.9997 0.0218
vn -0.0130 -0.9992 0.0388
vn -0.0318 -0.9935 0.1097
vn -0.0552 -0.9759 0.2113
vn -0.0655 -0.9579 0.2795
vn -0.0787 -0.9449 0.3179
vn -0.0875 -0.9378 0.3361
vn -0.0932 -0.9283 0.3601
vn -0.1042 -0.9139 0.3924
vn -0.0097 -0.9997 0.0202
vn -0.0093 -0.9997 0.0215
vn -0.0106 -0.9994 0.0316
vn -0.0187 -0.9957 0.0912
vn -0.0405 -0.9812 0.1886
vn -0.0609 -0.9625 0.2644
vn -0.0737 -0.9492 0.3060
vn -0.0786 -0.9403 0.3312
vn -0.0802 -0.9311 0.3558
vn -0.0095 -0.9997 0.0208
vn -0.0091 -0.9997 0.0217
vn -0.0093 -0.9995 0.0286
vn -0.0156 -0.9968 0.0779
vn -0.0355 -0.9858 0.1644
vn -0.0543 -0.9672 0.2482
vn -0.0653 -0.9517 0.3000
vn -0.0676 -0.9415 0.3301
vn -0.0703 -0.9328 0.3536
vn -0.0094 -0.9997 0.0212
vn -0.0091 -0.9997 0.0221
vn -0.0088 -0.9996 0.0277
vn -0.0127 -0.9978 0.0655
vn -0.0290 -0.9889 0.1456
vn -0.0468 -0.9710 0.2342
vn -0.0589 -0.9528 0.2978
vn -0.0605 -0.9424 0.3289
vn -0.0649 -0.9352 0.3482
vn -0.0095 -0.9997 0.0217
vn -0.0090 -0.9997 0.0225
vn -0.0086 -0.9996 0.0274
vn -0.0132 -0.9984 0.0546
vn -0.0292 -0.9908 0.1319
vn -0.0430 -0.9720 0.2310
vn -0.0529 -0.9541 0.2947
vn -0.0468 -0.9562 0.2889
vn -0.0553 -0.9445 0.3238
vn -0.0598 -0.9371 0.3440
vn -0.0095 -0.9997 0.0224
vn -0.0090 -0.9997 0.0231
vn -0.0083 -0.9996 0.0274
vn -0.0095 -0.9989 0.0453
vn -0.0204 -0.9933 0.1134
vn -0.0352 -0.9760 0.2147
vn -0.0409 -0.9586 0.2819
vn -0.0494 -0.9467 0.3184
vn -0.0542 -0.9379 0.3426
vn -0.1422 -0.8936 0.4258
vn -0.1485 -0.8714 0.4675
vn -0.1214 -0.8988 0.4213
vn -0.1352 -0.8823 0.4508
vn -0.0931 -0.9165 0.3890
vn -0.1037 -0.9030 0.4169
vn -0.1090 -0.8918 0.4391
vn -0.0810 -0.9187 0.3866
vn -0.0891 -0.9059 0.4141
vn -0.0960 -0.8969 0.4317
vn -0.1156 -0.8617 0.4941
vn -0.1020 -0.8721 0.4786
vn -0.0760 -0.9218 0.3801
vn -0.0842 -0.9100 0.4059
vn -0.0892 -0.8999 0.4269
vn -0.0948 -0.8784 0.4685
vn -0.0703 -0.9257 0.3717
vn -0.0757 -0.9135 0.3997
vn -0.0781 -0.9015 0.4257
vn -0.0824 -0.8837 0.4608
vn -0.0618 -0.9273 0.3692
vn -0.0646 -0.9153 0.3976
vn -0.0674 -0.9033 0.4238
vn -0.0751 -0.8902 0.4493
vn -0.0564 -0.9280 0.3682
vn -0.0603 -0.9166 0.3953
vn -0.0638 -0.9054 0.4198
vn -0.0681 -0.8930 0.4449
vn -0.1859 -0.8035 0.5655
vn -0.2349 -0.6963 0.6782
vn -0.2995 -0.4806 0.8242
vn -0.2720 -0.2990 0.9147
vn -0.2768 -0.1448 0.9499
vn -0.2900 -0.0846 0.9533
vn -0.2934 -0.0500 0.9547
vn -0.2938 -0.0195 0.9557
vn -0.2943 0.0100 0.9557
vn -0.2948 0.0373 0.9548
vn -0.1647 -0.8249 0.5407
vn -0.1952 -0.7439 0.6391
vn -0.2573 -0.5421 0.8000
vn -0.2029 -0.5967 0.7764
vn -0.2365 -0.3401 0.9102
vn -0.2528 -0.1734 0.9519
vn -0.2653 -0.0923 0.9597
vn -0.2703 -0.0526 0.9613
vn -0.2738 -0.0207 0.9616
vn -0.2747 0.0096 0.9615
vn -0.2733 0.0378 0.9612
vn -0.1410 -0.8442 0.5172
vn -0.1539 -0.7891 0.5946
vn -0.1658 -0.6244 0.7633
vn -0.2100 -0.3609 0.9087
vn -0.2451 -0.1830 0.9521
vn -0.2504 -0.0936 0.9636
vn -0.2486 -0.0538 0.9671
vn -0.2241 -0.0713 0.9720
vn -0.2239 -0.0477 0.9734
vn -0.2485 -0.0220 0.9684
vn -0.2236 -0.0207 0.9745
vn -0.2491 0.0099 0.9684
vn -0.2237 0.0096 0.9746
vn -0.2476 0.0388 0.9681
vn -0.2250 0.0361 0.9737
vn -0.1252 -0.8027 0.5831
vn -0.1668 -0.6452 0.7456
vn -0.2320 -0.3888 0.8916
vn -0.2349 -0.1885 0.9536
vn -0.2164 -0.2585 0.9415
vn -0.2004 -0.1335 0.9706
vn -0.2256 -0.1073 0.9683
vn -0.1960 -0.0815 0.9772
vn -0.1989 -0.0511 0.9787
vn -0.2015 -0.0212 0.9793
vn -0.2037 0.0078 0.9790
vn -0.2078 0.0320 0.9776
vn -0.1127 -0.8189 0.5627
vn -0.1498 -0.7078 0.6903
vn -0.2028 -0.4785 0.8544
vn -0.1751 -0.2762 0.9450
vn -0.1720 -0.1388 0.9753
vn -0.1785 -0.0837 0.9804
vn -0.1784 -0.0521 0.9826
vn -0.1786 -0.0223 0.9837
vn -0.1805 0.0044 0.9836
vn -0.1851 0.0259 0.9824
vn -0.1021 -0.8337 0.5426
vn -0.1352 -0.7443 0.6540
vn -0.1801 -0.5273 0.8304
vn -0.1377 -0.5700 0.8101
vn -0.1526 -0.3015 0.9412
vn -0.1538 -0.1549 0.9759
vn -0.1579 -0.0844 0.9838
vn -0.1579 -0.0514 0.9861
vn -0.1595 -0.0236 0.9869
vn -0.1622 0.0008 0.9868
vn -0.1659 0.0211 0.9859
vn -0.0867 -0.8499 0.5197
vn -0.1005 -0.7808 0.6166
vn -0.1118 -0.5909 0.7989
vn -0.1305 -0.3014 0.9445
vn -0.1415 -0.1572 0.9774
vn -0.1470 -0.0865 0.9854
vn -0.1519 -0.0534 0.9869
vn -0.1550 -0.0264 0.9876
vn -0.1571 -0.0016 0.9876
vn -0.1587 0.0185 0.9872
vn -0.0815 -0.8561 0.5103
vn -0.0721 -0.8637 0.4988
vn -0.0890 -0.8010 0.5920
vn -0.0948 -0.6124 0.7848
vn -0.1154 -0.3262 0.9382
vn -0.1328 -0.1631 0.9776
vn -0.1392 -0.0926 0.9859
vn -0.1445 -0.0577 0.9878
vn -0.1484 -0.0291 0.9885
vn -0.1508 -0.0028 0.9886
vn -0.1507 0.0168 0.9884
vn -0.0147 -0.9999 0.0022
vn -0.0152 -0.9999 0.0050
vn -0.0158 -0.9999 0.0055
vn -0.0157 -0.9999 0.0066
vn -0.0149 -0.9998 0.0098
vn -0.0137 -0.9998 0.0133
vn -0.0118 -0.9998 0.0178
vn -0.0101 -0.9997 0.0219
vn -0.0146 -0.9999 0.0023
vn -0.0144 -0.9999 0.0048
vn -0.0144 -0.9999 0.0055
vn -0.0139 -0.9999 0.0072
vn -0.0131 -0.9999 0.0106
vn -0.0121 -0.9998 0.0146
vn -0.0107 -0.9998 0.0193
vn -0.0097 -0.9997 0.0228
vn -0.0146 -0.9999 0.0026
vn -0.0143 -0.9999 0.0049
vn -0.0141 -0.9999 0.0059
vn -0.0135 -0.9999 0.0079
vn -0.0126 -0.9999 0.0116
vn -0.0114 -0.9998 0.0158
vn -0.0102 -0.9997 0.0205
vn -0.0095 -0.9997 0.0234
vn -0.0146 -0.9999 0.0028
vn -0.0143 -0.9999 0.0051
vn -0.0141 -0.9999 0.0063
vn -0.0134 -0.9999 0.0087
vn -0.0124 -0.9998 0.0127
vn -0.0110 -0.9998 0.0171
vn -0.0097 -0.9997 0.0214
vn -0.0093 -0.9997 0.0237
vn -0.0144 -0.9999 0.0030
vn -0.0141 -0.9999 0.0053
vn -0.0138 -0.9999 0.0068
vn -0.0130 -0.9999 0.0096
vn -0.0118 -0.9998 0.0140
vn -0.0101 -0.9998 0.0187
vn -0.0087 -0.9997 0.0222
vn -0.0083 -0.9997 0.0240
vn -0.0132 -0.9999 0.0032
vn -0.0129 -0.9999 0.0056
vn -0.0124 -0.9999 0.0074
vn -0.0112 -0.9999 0.0109
vn -0.0092 -0.9998 0.0157
vn -0.0072 -0.9998 0.0203
vn -0.0060 -0.9997 0.0232
vn -0.0054 -0.9997 0.0243
vn -0.0099 -0.9999 0.0032
vn -0.0096 -0.9999 0.0061
vn -0.0089 -0.9999 0.0084
vn -0.0073 -0.9999 0.0129
vn -0.0049 -0.9998 0.0180
vn -0.0032 -0.9998 0.0219
vn -0.0024 -0.9997 0.0240
vn -0.0020 -0.9997 0.0248
vn -0.0035 -1.0000 0.0031
vn -0.0034 -1.0000 0.0066
vn -0.0029 -1.0000 0.0094
vn -0.0016 -0.9999 0.0149
vn -0.0001 -0.9998 0.0199
vn 0.0005 -0.9997 0.0226
vn 0.0003 -0.9997 0.0241
vn 0.0005 -0.9997 0.0253
vn -0.0094 -0.9997 0.0230
vn -0.0088 -0.9997 0.0238
vn -0.0080 -0.9996 0.0280
vn -0.0081 -0.9991 0.0416
vn -0.0128 -0.9947 0.1022
vn -0.0257 -0.9794 0.2004
vn -0.0373 -0.9613 0.2728
vn -0.0446 -0.9492 0.3116
vn -0.0500 -0.9393 0.3396
vn -0.0093 -0.9997 0.0234
vn -0.0087 -0.9997 0.0245
vn -0.0077 -0.9996 0.0290
vn -0.0072 -0.9992 0.0399
vn -0.0113 -0.9955 0.0943
vn -0.0230 -0.9823 0.1860
vn -0.0333 -0.9642 0.2631
vn -0.0400 -0.9512 0.3061
vn -0.0443 -0.9418 0.3333
vn -0.0092 -0.9997 0.0238
vn -0.0086 -0.9996 0.0254
vn -0.0074 -0.9995 0.0301
vn -0.0066 -0.9992 0.0394
vn -0.0093 -0.9962 0.0866
vn -0.0197 -0.9845 0.1742
vn -0.0300 -0.9666 0.2544
vn -0.0361 -0.9527 0.3017
vn -0.0394 -0.9435 0.3291
vn -0.0090 -0.9997 0.0242
vn -0.0082 -0.9996 0.0264
vn -0.0070 -0.9995 0.0312
vn -0.0063 -0.9992 0.0394
vn -0.0083 -0.9967 0.0802
vn -0.0179 -0.9864 0.1632
vn -0.0280 -0.9688 0.2463
vn -0.0340 -0.9540 0.2980
vn -0.0369 -0.9447 0.3257
vn -0.0079 -0.9997 0.0248
vn -0.0070 -0.9996 0.0275
vn -0.0059 -0.9995 0.0322
vn -0.0055 -0.9992 0.0393
vn -0.0075 -0.9972 0.0744
vn -0.0164 -0.9881 0.1531
vn -0.0258 -0.9707 0.2390
vn -0.0316 -0.9552 0.2944
vn -0.0336 -0.9457 0.3233
vn -0.0049 -0.9997 0.0255
vn -0.0041 -0.9996 0.0284
vn -0.0037 -0.9995 0.0327
vn -0.0040 -0.9992 0.0388
vn -0.0062 -0.9976 0.0691
vn -0.0136 -0.9894 0.1447
vn -0.0214 -0.9723 0.2327
vn -0.0278 -0.9560 0.2922
vn -0.0266 -0.9458 0.3236
vn -0.0015 -0.9997 0.0261
vn -0.0009 -0.9996 0.0290
vn -0.0010 -0.9995 0.0323
vn -0.0021 -0.9993 0.0376
vn -0.0057 -0.9980 0.0636
vn -0.0136 -0.9900 0.1405
vn -0.0179 -0.9716 0.2358
vn -0.0219 -0.9561 0.2923
vn -0.0148 -0.9557 0.2941
vn -0.0177 -0.9459 0.3239
vn 0.0012 -0.9996 0.0267
vn 0.0016 -0.9996 0.0292
vn 0.0016 -0.9995 0.0317
vn 0.0011 -0.9993 0.0362
vn -0.0011 -0.9984 0.0571
vn -0.0075 -0.9913 0.1315
vn -0.0115 -0.9732 0.2295
vn -0.0078 -0.9546 0.2976
vn -0.0055 -0.9443 0.3291
vn -0.0555 -0.9287 0.3666
vn -0.0602 -0.9177 0.3926
vn -0.0574 -0.9190 0.3900
vn -0.0611 -0.9077 0.4151
vn -0.0622 -0.8962 0.4392
vn -0.0646 -0.8691 0.4903
vn -0.0497 -0.9316 0.3601
vn -0.0525 -0.9202 0.3879
vn -0.0562 -0.9075 0.4162
vn -0.0581 -0.8970 0.4381
vn -0.0623 -0.8732 0.4834
vn -0.0442 -0.9337 0.3552
vn -0.0482 -0.9219 0.3845
vn -0.0520 -0.9090 0.4135
vn -0.0545 -0.8982 0.4362
vn -0.0568 -0.8747 0.4812
vn -0.0410 -0.9356 0.3506
vn -0.0447 -0.9237 0.3806
vn -0.0481 -0.9106 0.4106
vn -0.0502 -0.8992 0.4347
vn -0.0524 -0.8758 0.4797
vn -0.0356 -0.9371 0.3471
vn -0.0377 -0.9250 0.3781
vn -0.0402 -0.9120 0.4082
vn -0.0416 -0.9002 0.4335
vn -0.0438 -0.8787 0.4754
vn -0.0254 -0.9378 0.3462
vn -0.0254 -0.9258 0.3772
vn -0.0269 -0.9131 0.4069
vn -0.0269 -0.9007 0.4337
vn -0.0271 -0.8808 0.4728
vn -0.0137 -0.9374 0.3480
vn -0.0104 -0.9260 0.3773
vn -0.0098 -0.9133 0.4071
vn -0.0069 -0.8998 0.4363
vn -0.0049 -0.8832 0.4690
vn 0.0024 -0.9346 0.3556
vn 0.0102 -0.9245 0.3810
vn 0.0149 -0.9116 0.4108
vn 0.0196 -0.8972 0.4412
vn 0.0256 -0.8817 0.4711
vn -0.0793 -0.8028 0.5909
vn -0.0899 -0.6159 0.7827
vn -0.1120 -0.3451 0.9319
vn -0.1302 -0.1700 0.9768
vn -0.1347 -0.0933 0.9865
vn -0.1332 -0.0580 0.9894
vn -0.1236 -0.0733 0.9896
vn -0.1219 -0.0517 0.9912
vn -0.1331 -0.0299 0.9907
vn -0.1218 -0.0286 0.9921
vn -0.1341 -0.0031 0.9910
vn -0.1217 -0.0021 0.9926
vn -0.1309 0.0174 0.9912
vn -0.1197 0.0192 0.9926
vn -0.0697 -0.8079 0.5852
vn -0.0749 -0.6261 0.7762
vn -0.1118 -0.3730 0.9211
vn -0.1358 -0.1762 0.9749
vn -0.1279 -0.1020 0.9865
vn -0.1159 -0.1120 0.9869
vn -0.1125 -0.0784 0.9906
vn -0.1125 -0.0543 0.9922
vn -0.1147 -0.0294 0.9930
vn -0.1166 -0.0027 0.9932
vn -0.1201 0.0168 0.9926
vn -0.0602 -0.8057 0.5892
vn -0.0791 -0.6427 0.7620
vn -0.1183 -0.4062 0.9061
vn -0.1255 -0.2097 0.9697
vn -0.1064 -0.2461 0.9634
vn -0.1009 -0.1236 0.9872
vn -0.1015 -0.0816 0.9915
vn -0.1036 -0.0565 0.9930
vn -0.1048 -0.0309 0.9940
vn -0.1072 -0.0061 0.9942
vn -0.1126 0.0094 0.9936
vn -0.0602 -0.8093 0.5843
vn -0.0801 -0.6826 0.7264
vn -0.1097 -0.4637 0.8792
vn -0.0940 -0.2598 0.9611
vn -0.0912 -0.1285 0.9875
vn -0.0953 -0.0839 0.9919
vn -0.0961 -0.0573 0.9937
vn -0.0966 -0.0318 0.9948
vn -0.0977 -0.0091 0.9952
vn -0.1005 0.0048 0.9949
vn -0.0524 -0.8176 0.5734
vn -0.0738 -0.7145 0.6957
vn -0.1007 -0.4954 0.8628
vn -0.0844 -0.2669 0.9600
vn -0.0840 -0.1398 0.9866
vn -0.0883 -0.0855 0.9924
vn -0.0879 -0.0571 0.9945
vn -0.0875 -0.0321 0.9957
vn -0.0880 -0.0107 0.9961
vn -0.0908 0.0016 0.9959
vn -0.0368 -0.8255 0.5632
vn -0.0601 -0.7352 0.6751
vn -0.0899 -0.5235 0.8473
vn -0.0606 -0.5529 0.8310
vn -0.0730 -0.2875 0.9550
vn -0.0763 -0.1534 0.9852
vn -0.0791 -0.0857 0.9932
vn -0.0765 -0.0554 0.9955
vn -0.0764 -0.0325 0.9965
vn -0.0786 -0.0126 0.9968
vn -0.0814 -0.0014 0.9967
vn -0.0097 -0.8377 0.5461
vn -0.0229 -0.7641 0.6447
vn -0.0371 -0.5707 0.8203
vn -0.0576 -0.2849 0.9568
vn -0.0714 -0.1574 0.9850
vn -0.0714 -0.0824 0.9940
vn -0.0700 -0.0543 0.9961
vn -0.0724 -0.0348 0.9968
vn -0.0757 -0.0156 0.9970
vn -0.0779 -0.0034 0.9970
vn 0.0295 -0.8430 0.5371
vn 0.0097 -0.7840 0.6207
vn -0.0117 -0.5924 0.8056
vn -0.0327 -0.3135 0.9490
vn -0.0597 -0.1666 0.9842
vn -0.0660 -0.0820 0.9944
vn -0.0689 -0.0563 0.9960
vn -0.0722 -0.0382 0.9967
vn -0.0745 -0.0182 0.9971
vn -0.0761 -0.0052 0.9971
vn 0.0084 -1.0000 0.0030
vn 0.0085 -0.9999 0.0069
vn 0.0090 -0.9999 0.0101
vn 0.0096 -0.9998 0.0157
vn 0.0094 -0.9998 0.0200
vn 0.0085 -0.9997 0.0221
vn 0.0080 -0.9997 0.0240
vn 0.0083 -0.9996 0.0258
vn 0.0326 -0.9995 0.0031
vn 0.0324 -0.9995 0.0070
vn 0.0320 -0.9994 0.0103
vn 0.0309 -0.9994 0.0153
vn 0.0287 -0.9994 0.0188
vn 0.0266 -0.9994 0.0210
vn 0.0254 -0.9994 0.0237
vn 0.0248 -0.9994 0.0260
vn 0.0641 -0.9979 0.0029
vn 0.0628 -0.9980 0.0060
vn 0.0605 -0.9981 0.0085
vn 0.0566 -0.9983 0.0121
vn 0.0517 -0.9985 0.0152
vn 0.0482 -0.9987 0.0187
vn 0.0469 -0.9986 0.0226
vn 0.0466 -0.9986 0.0255
vn 0.0794 -0.9968 0.0019
vn 0.0787 -0.9969 0.0040
vn 0.0777 -0.9970 0.0052
vn 0.0762 -0.9971 0.0074
vn 0.0752 -0.9971 0.0115
vn 0.0758 -0.9970 0.0176
vn 0.0774 -0.9967 0.0230
vn 0.0792 -0.9965 0.0263
vn 0.7356 0.6774 -0.0036
vn 0.7356 0.6774 0.0035
vn 0.8927 0.4506 -0.0019
vn 0.7340 0.6791 -0.0071
vn 0.4988 0.8667 -0.0033
vn 0.8910 0.4540 -0.0032
vn 0.7317 0.6816 -0.0093
vn 0.4994 0.8663 -0.0070
vn 0.8887 0.4585 -0.0042
vn 0.7283 0.6851 -0.0118
vn 0.5002 0.8658 -0.0092
vn 0.8856 0.4645 -0.0053
vn 0.7243 0.6894 -0.0122
vn 0.5012 0.8653 -0.0118
vn 0.8819 0.4713 -0.0054
vn 0.7213 0.6925 -0.0109
vn 0.5029 0.8643 -0.0112
vn 0.8785 0.4777 -0.0050
vn 0.7191 0.6948 -0.0090
vn 0.5061 0.8624 -0.0078
vn 0.8757 0.4828 -0.0041
vn 0.7177 0.6963 -0.0091
vn 0.5099 0.8602 -0.0058
vn 0.8738 0.4862 -0.0067
vn 0.1031 -0.9947 0.0026
vn 0.1059 -0.9944 0.0054
vn 0.1095 -0.9940 0.0071
vn 0.1145 -0.9934 0.0102
vn 0.1195 -0.9927 0.0140
vn 0.1232 -0.9922 0.0206
vn 0.1258 -0.9917 0.0253
vn 0.1278 -0.9914 0.0285
vn 0.1358 0.9907 -0.0020
vn 0.1382 0.9904 -0.0047
vn 0.1408 0.9900 -0.0066
vn 0.1441 0.9895 -0.0083
vn 0.1477 0.9890 -0.0071
vn 0.1492 0.9888 -0.0040
vn 0.5129 0.8584 -0.0053
vn 0.1471 0.9891 -0.0032
vn 0.1712 -0.9852 0.0048
vn 0.1749 -0.9845 0.0094
vn 0.1790 -0.9838 0.0120
vn 0.1832 -0.9829 0.0164
vn 0.1885 -0.9819 0.0196
vn 0.1920 -0.9811 0.0235
vn 0.1922 -0.9810 0.0263
vn 0.1917 -0.9810 0.0292
vn -0.1486 0.9889 -0.0031
vn -0.1495 0.9888 -0.0049
vn -0.1513 0.9885 -0.0065
vn -0.1541 0.9880 -0.0066
vn -0.1592 0.9872 -0.0072
vn -0.1686 0.9856 -0.0112
vn -0.1825 0.9830 -0.0205
vn 0.1404 0.9901 -0.0057
vn 0.2662 -0.9639 0.0111
vn 0.2869 -0.9578 0.0176
vn 0.3042 -0.9524 0.0189
vn 0.3152 -0.9488 0.0228
vn 0.3223 -0.9463 0.0262
vn 0.3257 -0.9451 0.0274
vn 0.3251 -0.9452 0.0291
vn 0.3211 -0.9465 0.0314
vn 0.3557 -0.9344 0.0199
vn 0.3551 -0.9347 -0.0174
vn -0.1481 0.9890 -0.0010
vn 0.3696 -0.9286 0.0337
vn -0.3642 0.9313 -0.0071
vn 0.3830 -0.9232 0.0310
vn -0.3691 0.9293 -0.0109
vn 0.3911 -0.9198 0.0319
vn -0.3762 0.9264 -0.0150
vn 0.3961 -0.9176 0.0329
vn -0.3860 0.9224 -0.0169
vn 0.3982 -0.9168 0.0313
vn -0.3974 0.9175 -0.0192
vn 0.3973 -0.9172 0.0303
vn -0.4096 0.9119 -0.0252
vn 0.3938 -0.9187 0.0309
vn -0.4214 0.9062 -0.0345
vn -0.3611 0.9325 -0.0027
vn -0.4667 0.8844 -0.0037
vn -0.4667 0.8844 -0.0106
vn -0.4669 0.8841 -0.0157
vn -0.4678 0.8836 -0.0221
vn -0.4707 0.8819 -0.0259
vn -0.4758 0.8790 -0.0292
vn -0.4823 0.8753 -0.0348
vn -0.4914 0.8699 -0.0428
vn 0.4324 -0.9015 0.0188
vn 0.4213 -0.9064 0.0322
vn 0.4084 -0.9123 0.0293
vn 0.3976 -0.9171 0.0286
vn 0.3891 -0.9207 0.0311
vn 0.3845 -0.9227 0.0294
vn 0.3828 -0.9234 0.0283
vn 0.3836 -0.9231 0.0287
vn -0.5314 0.8471 -0.0088
vn -0.5294 0.8483 -0.0125
vn -0.5238 0.8516 -0.0195
vn -0.5202 0.8537 -0.0239
vn -0.5175 0.8552 -0.0292
vn -0.5178 0.8546 -0.0386
vn 0.0088 -0.9996 0.0273
vn 0.0092 -0.9995 0.0293
vn 0.0093 -0.9995 0.0317
vn 0.0091 -0.9993 0.0355
vn 0.0083 -0.9985 0.0542
vn 0.0043 -0.9920 0.1262
vn 0.0016 -0.9733 0.2296
vn 0.0024 -0.9531 0.3026
vn 0.0104 -0.9405 0.3396
vn 0.0247 -0.9993 0.0277
vn 0.0250 -0.9993 0.0296
vn 0.0254 -0.9992 0.0318
vn 0.0257 -0.9991 0.0351
vn 0.0248 -0.9983 0.0520
vn 0.0213 -0.9922 0.1226
vn 0.0193 -0.9731 0.2295
vn 0.0188 -0.9506 0.3098
vn 0.0354 -0.9337 0.3564
vn 0.0469 -0.9985 0.0277
vn 0.0476 -0.9984 0.0302
vn 0.0488 -0.9983 0.0327
vn 0.0501 -0.9981 0.0356
vn 0.0492 -0.9976 0.0493
vn 0.0436 -0.9916 0.1218
vn 0.0484 -0.9676 0.2476
vn 0.0469 -0.9450 0.3238
vn 0.0892 -0.9339 0.3464
vn 0.0827 -0.9260 0.3683
vn 0.0810 -0.9963 0.0287
vn 0.0826 -0.9961 0.0314
vn 0.0841 -0.9959 0.0342
vn 0.0855 -0.9957 0.0366
vn 0.0847 -0.9954 0.0451
vn 0.0769 -0.9910 0.1095
vn 0.0881 -0.9594 0.2678
vn 0.1252 -0.9205 0.3702
vn 0.1260 -0.9209 0.3689
vn 0.7173 0.6968 -0.0080
vn 0.8749 0.4842 -0.0082
vn 0.7167 0.6973 -0.0076
vn 0.5144 0.8575 -0.0053
vn 0.8771 0.4804 -0.0046
vn 0.7155 0.6985 -0.0078
vn 0.5125 0.8587 -0.0066
vn 0.8735 0.4868 -0.0057
vn 0.7150 0.6991 -0.0093
vn 0.5073 0.8617 -0.0060
vn 0.8717 0.4900 -0.0074
vn 0.7104 0.7031 -0.0296
vn 0.5114 0.8593 -0.0069
vn 0.8695 0.4935 -0.0195
vn 0.4353 0.8912 -0.1278
vn 0.5047 0.8625 -0.0375
vn 0.8597 0.5035 -0.0857
vn 0.6923 0.7117 -0.1194
vn 0.6987 0.6884 -0.1947
vn 0.8105 0.5451 -0.2142
vn 0.1296 -0.9911 0.0306
vn 0.1308 -0.9909 0.0326
vn 0.1318 -0.9907 0.0353
vn 0.1379 -0.9897 0.0393
vn 0.1405 -0.9892 0.0415
vn 0.1288 -0.9876 0.0899
vn 0.1233 -0.9523 0.2790
vn 0.1300 0.9915 -0.0059
vn 0.1002 0.9948 -0.0193
vn 0.0367 0.9993 -0.0096
vn 0.0170 0.9975 -0.0690
vn -0.0105 0.9096 -0.4154
vn 0.1658 0.8534 -0.4942
vn 0.1559 -0.9090 0.3866
vn 0.1587 -0.9146 0.3719
vn -0.2595 0.9003 -0.3494
vn -0.0231 0.8795 -0.4753
vn 0.2345 0.8434 -0.4835
vn -0.0129 0.9208 -0.3899
vn 0.4337 0.8402 -0.3256
vn 0.1906 -0.9812 0.0310
vn 0.1890 -0.9814 0.0327
vn 0.1890 -0.9812 0.0391
vn 0.2408 -0.9677 0.0748
vn 0.2920 -0.9543 0.0637
vn 0.2994 -0.9504 0.0843
vn 0.2699 -0.9315 0.2437
vn -0.2103 0.9769 -0.0387
vn 0.0464 0.9987 -0.0200
vn -0.2593 0.9631 -0.0726
vn -0.3173 0.9478 -0.0317
vn 0.3449 -0.9303 0.1247
vn -0.3308 0.9405 -0.0772
vn 0.3583 -0.9278 0.1042
vn 0.3668 -0.9260 0.0890
vn -0.3171 0.9288 -0.1917
vn -0.0786 0.9732 -0.2162
vn 0.2744 -0.9148 0.2965
vn 0.2280 -0.8944 0.3848
vn -0.3945 0.9173 -0.0551
vn -0.3921 0.9187 -0.0476
vn -0.3918 0.9159 -0.0874
vn -0.3527 0.9051 -0.2374
vn -0.2804 0.8857 -0.3700
vn 0.3152 -0.9485 0.0326
vn 0.3087 -0.9505 0.0348
vn 0.3050 -0.9514 0.0433
vn 0.3178 -0.9439 0.0901
vn 0.3887 -0.9208 0.0312
vn -0.4297 0.9009 -0.0601
vn 0.3824 -0.9234 0.0341
vn -0.4206 0.9031 -0.0866
vn 0.3754 -0.9255 0.0499
vn -0.4059 0.9105 -0.0793
vn -0.3161 0.9466 -0.0641
vn 0.3473 -0.9313 0.1096
vn 0.2976 -0.9521 0.0707
vn 0.2904 -0.9523 0.0934
vn 0.2986 -0.9252 0.2342
vn 0.3128 -0.8597 0.4038
vn -0.4950 0.8673 -0.0531
vn -0.4673 0.8823 -0.0563
vn -0.4298 0.9015 -0.0506
vn -0.4272 0.9031 -0.0424
vn -0.4268 0.9013 -0.0738
vn -0.4020 0.8944 -0.1960
vn -0.4229 0.7480 -0.5115
vn -0.3038 0.8286 -0.4703
vn 0.3205 -0.8169 0.4795
vn 0.3995 -0.7620 0.5097
vn 0.3857 -0.9221 0.0292
vn 0.3890 -0.9207 0.0310
vn 0.3915 -0.9195 0.0359
vn 0.3711 -0.9269 0.0556
vn 0.3440 -0.9378 0.0475
vn 0.3429 -0.9329 0.1100
vn 0.3870 -0.8762 0.2872
vn 0.4101 -0.8033 0.4318
vn -0.5240 0.8502 -0.0519
vn -0.5366 0.8426 -0.0450
vn -0.5344 0.8441 -0.0438
vn -0.5616 0.8241 -0.0747
vn -0.5677 0.8049 -0.1729
vn -0.5727 0.7390 -0.3548
vn -0.4038 0.8319 -0.3807
vn 0.5365 -0.7233 0.4348
vn 0.5131 -0.6844 0.5180
vn 0.0227 -0.9309 0.3647
vn 0.0321 -0.9201 0.3903
vn 0.0416 -0.9066 0.4199
vn 0.0503 -0.8926 0.4481
vn 0.0599 -0.8761 0.4785
vn 0.0486 -0.9258 0.3749
vn 0.0607 -0.9127 0.4042
vn 0.0751 -0.8983 0.4329
vn 0.0877 -0.8848 0.4576
vn 0.1004 -0.8655 0.4908
vn 0.0873 -0.9204 0.3810
vn 0.0900 -0.9038 0.4184
vn 0.1164 -0.8829 0.4549
vn 0.1356 -0.8733 0.4680
vn 0.1409 -0.8514 0.5052
vn 0.1352 -0.9094 0.3932
vn 0.1378 -0.8888 0.4370
vn 0.1882 -0.8663 0.4628
vn 0.1849 -0.8590 0.4774
vn 0.2019 -0.8511 0.4847
vn 0.1983 -0.8298 0.5217
vn 0.1801 -0.8930 0.4125
vn 0.3515 0.7681 -0.5352
vn 0.2354 -0.8394 0.4898
vn 0.2533 -0.8352 0.4881
vn 0.2764 -0.8140 0.5109
vn 0.2401 -0.8624 0.4457
vn -0.3185 0.7617 -0.5643
vn -0.0973 0.8310 -0.5476
vn 0.3174 -0.7972 0.5135
vn 0.3449 -0.7829 0.5178
vn 0.3611 -0.7546 0.5479
vn 0.4269 -0.7335 0.5288
vn 0.4403 -0.7111 0.5482
vn 0.5254 -0.6518 0.5469
vn 0.9887 0.1497 -0.0003
vn 0.9886 0.1508 -0.0004
vn 0.9884 0.1521 -0.0005
vn 0.9881 0.1539 -0.0006
vn 0.9878 0.1559 -0.0006
vn 0.9875 0.1579 -0.0007
vn 0.9874 0.1584 -0.0025
vn 0.9999 0.0133 -0.0002
vn 0.9976 -0.0159 -0.0667
vn 0.9999 0.0110 -0.0074
vn 0.9999 0.0003 -0.0136
vn 1.0000 0.0004 -0.0005
vn 0.9914 -0.0136 -0.1305
vn 0.9999 0.0000 -0.0134
vn 1.0000 0.0000 -0.0004
vn 0.9884 -0.0024 -0.1517
vn 0.9878 -0.0001 -0.1556
vn 1.0000 -0.0001 -0.0004
vn 0.9999 -0.0001 -0.0134
vn 0.9878 -0.0001 -0.1557
vn 1.0000 -0.0016 -0.0010
vn 1.0000 -0.0036 -0.0005
vn 0.9999 -0.0039 -0.0134
vn 1.0000 -0.0000 -0.0001
vn 1.0000 -0.0016 -0.0015
vn 0.9993 -0.0373 -0.0024
vn 0.9998 -0.0189 -0.0117
vn 0.9991 -0.0395 -0.0128
vn 0.9879 -0.0024 -0.1551
vn -0.9963 -0.0541 0.0674
vn -0.9921 -0.1010 0.0746
vn -0.9916 -0.1025 0.0783
vn -0.9981 -0.0052 0.0619
vn -0.9965 -0.0529 0.0655
vn -0.9983 -0.0017 0.0582
vn -0.9981 -0.0048 0.0609
vn -0.9972 -0.0259 0.0704
vn -0.9982 -0.0025 0.0599
vn 0.9948 0.0972 -0.0306
vn 0.9891 0.1463 -0.0171
vn 0.9992 0.0398 -0.0105
vn 0.9992 0.0388 -0.0037
vn 0.9991 0.0410 -0.0056
vn 0.9988 0.0482 -0.0130
vn 0.9949 0.0789 -0.0622
vn 0.9833 -0.1264 -0.1311
vn 0.9470 -0.3051 -0.1002
vn 0.9358 -0.3516 -0.0240
vn 0.9336 -0.3583 -0.0039
vn 0.9400 -0.3410 -0.0119
vn 0.9345 -0.3561 -0.0018
vn 0.9607 -0.2739 -0.0448
vn 0.9953 0.0034 -0.0967
vn 0.9643 0.2143 -0.1553
vn 0.9282 -0.1526 -0.3395
vn 0.8677 -0.3893 -0.3091
vn 0.8945 -0.0481 -0.4445
vn 0.8833 -0.0056 -0.4688
vn 0.8819 -0.0002 -0.4714
vn 0.9886 -0.0274 -0.1481
vn 0.8821 -0.0007 -0.4711
vn 0.7522 0.5932 -0.2869
vn 0.6609 0.6997 -0.2714
vn 0.7932 0.5568 -0.2467
vn 0.8110 -0.5624 -0.1613
vn 0.7775 -0.6272 -0.0465
vn 0.7724 -0.6351 -0.0041
vn 0.7726 -0.6348 -0.0006
vn 0.7739 -0.6333 -0.0019
vn 0.7796 -0.6258 -0.0262
vn 0.9567 -0.2679 -0.1138
vn 0.7553 -0.6248 -0.1980
vn 0.7892 -0.2721 -0.5505
vn 0.7159 -0.6044 -0.3496
vn 0.5417 -0.8332 -0.1110
vn 0.5192 -0.8546 -0.0090
vn 0.5175 -0.8557 -0.0004
vn 0.5159 -0.8567 -0.0030
vn 0.5048 -0.8627 -0.0294
vn 0.4876 -0.8595 -0.1536
vn 0.5582 -0.1907 -0.8075
vn 0.7381 -0.0967 -0.6677
vn 0.5173 -0.0296 -0.8553
vn 0.7244 -0.0108 -0.6893
vn 0.5081 -0.0018 -0.8613
vn 0.7229 -0.0004 -0.6909
vn 0.5076 -0.0002 -0.8616
vn 0.7229 -0.0002 -0.6909
vn 0.8846 -0.0117 -0.4661
vn 0.7233 -0.0063 -0.6905
vn 0.2227 -0.9429 -0.2476
vn 0.2034 -0.9687 -0.1424
vn 0.2010 -0.9795 -0.0103
vn 0.2006 -0.9797 -0.0008
vn 0.1972 -0.9803 -0.0091
vn 0.1663 -0.9837 -0.0685
vn 0.0465 -0.9688 -0.2434
vn 0.2212 -0.3645 -0.9045
vn 0.3802 -0.3159 -0.8693
vn 0.1919 -0.2339 -0.9531
vn 0.1791 -0.0036 -0.9838
vn 0.1786 -0.0002 -0.9839
vn 0.5077 -0.0054 -0.8615
vn 0.0275 -0.9623 -0.2706
vn 0.0271 -0.9887 -0.1474
vn 0.0259 -0.9996 -0.0119
vn 0.0211 -0.9998 -0.0041
vn -0.0092 -0.9991 -0.0425
vn -0.1411 -0.9709 -0.1936
vn -0.3187 -0.8568 -0.4054
vn 0.0249 -0.3989 -0.9166
vn 0.1810 -0.0438 -0.9825
vn 0.0208 -0.2468 -0.9688
vn 0.0182 -0.0041 -0.9998
vn 0.0182 -0.0001 -0.9998
vn 0.0192 -0.0012 -0.9998
vn 0.1790 -0.0043 -0.9838
vn -0.5394 0.6595 -0.5236
vn -0.5127 0.6213 -0.5926
vn -0.4389 0.6827 -0.5841
vn 0.0057 -0.9649 -0.2627
vn 0.0111 -0.9891 -0.1469
vn 0.0042 -0.9998 -0.0209
vn -0.0352 -0.9985 -0.0423
vn -0.1396 -0.9782 -0.1536
vn -0.3130 -0.8651 -0.3919
vn -0.4438 -0.7449 -0.4982
vn -0.5006 -0.5919 -0.6317
vn -0.5641 -0.5448 -0.6204
vn -0.5143 -0.6055 -0.6073
vn 0.0005 -0.4020 -0.9156
vn 0.0027 -0.0473 -0.9989
vn 0.0184 -0.0451 -0.9988
vn 0.0009 -0.0043 -1.0000
vn 0.0008 -0.0001 -1.0000
vn 0.0009 -0.0001 -1.0000
vn -0.6841 0.7270 -0.0592
vn -0.6898 0.7222 -0.0509
vn -0.6944 0.7177 -0.0520
vn -0.5467 0.8357 -0.0531
vn -0.7012 0.7098 -0.0669
vn -0.7088 0.6990 -0.0947
vn -0.7060 0.6732 -0.2198
vn -0.6576 0.6229 -0.4237
vn -0.5811 0.5914 -0.5591
vn -0.6512 -0.2112 -0.7289
vn -0.6976 0.0898 -0.7109
vn -0.6682 0.0577 -0.7417
vn -0.5451 -0.5345 -0.6459
vn -0.4571 0.0552 -0.8877
vn -0.4469 0.0432 -0.8935
vn -0.1966 -0.9712 -0.1345
vn -0.2135 -0.9489 -0.2322
vn -0.1973 -0.9795 -0.0395
vn -0.2217 -0.9688 -0.1107
vn -0.2708 -0.9284 -0.2547
vn -0.3524 -0.7483 -0.5620
vn -0.0839 -0.2126 -0.9735
vn 0.0032 -0.2491 -0.9685
vn -0.0008 -0.0465 -0.9989
vn 0.0010 -0.0055 -1.0000
vn 0.0002 -0.0002 -1.0000
vn 0.0655 -0.8451 0.5305
vn 0.0510 -0.8042 0.5922
vn 0.0187 -0.6169 0.7868
vn -0.0085 -0.3521 0.9359
vn -0.0351 -0.1784 0.9833
vn -0.0335 -0.0865 0.9957
vn -0.0374 -0.0595 0.9975
vn -0.0401 -0.0405 0.9984
vn -0.0417 -0.0194 0.9989
vn -0.0402 -0.0063 0.9992
vn 0.1150 -0.8394 0.5312
vn 0.1166 -0.8053 0.5813
vn 0.0640 -0.6423 0.7638
vn 0.1435 -0.6655 0.7324
vn 0.0642 -0.4102 0.9097
vn 0.0569 -0.1824 0.9816
vn 0.1561 -0.0450 0.9867
vn 0.2099 -0.0588 0.9759
vn 0.2132 -0.0430 0.9761
vn 0.2121 -0.0199 0.9771
vn 0.2170 -0.0056 0.9762
vn 0.1775 -0.8172 0.5484
vn 0.2075 -0.7885 0.5790
vn 0.9867 0.0217 -0.1614
vn 0.2525 -0.6643 0.7035
vn 0.1798 -0.4070 0.8956
vn 0.2699 -0.0434 0.9619
vn 0.3729 0.0827 0.9242
vn 0.9489 0.0761 0.3063
vn 0.7380 0.4082 0.5373
vn 0.9673 0.0673 0.2446
vn 0.9241 0.0603 0.3773
vn 0.8545 0.4003 0.3311
vn 0.3959 -0.0310 0.9178
vn 0.9585 -0.0281 0.2838
vn 0.9762 0.0003 0.2168
vn 0.9332 -0.0428 0.3569
vn 0.4239 -0.0394 0.9049
vn 0.9845 -0.0212 0.1742
vn 0.9334 -0.0797 0.3499
vn 0.9678 -0.0637 0.2436
vn 0.4247 -0.0200 0.9051
vn 0.9957 -0.0279 0.0884
vn 0.9324 -0.1053 0.3458
vn 0.9843 -0.0628 0.1650
vn 0.4577 -0.0043 0.8891
vn 0.6941 0.6378 -0.3339
vn 0.6743 0.6450 -0.3594
vn 0.2685 -0.7942 0.5452
vn 0.2632 -0.7787 0.5696
vn 0.3033 -0.7173 0.6273
vn 0.6924 -0.6286 -0.3542
vn 0.6774 -0.6023 -0.4224
vn 0.5127 0.0374 -0.8578
vn 0.5141 0.0358 -0.8570
vn 0.5285 0.0198 -0.8487
vn 0.9011 0.0461 -0.4312
vn 0.8997 0.0492 -0.4337
vn 0.8943 0.0610 -0.4434
vn 0.3731 -0.6089 0.7001
vn 0.5091 -0.2965 0.8080
vn 0.4232 -0.7407 -0.5217
vn 0.6281 -0.0445 0.7768
vn 0.6508 -0.0374 0.7583
vn 0.5187 0.0436 0.8539
vn 0.7142 0.5542 0.4275
vn 0.4890 0.5537 0.6741
vn 0.4367 0.5079 0.7426
vn 0.7673 0.4338 0.4724
vn 0.6221 0.5581 0.5491
vn 0.7916 0.4784 0.3802
vn 0.6329 0.6306 0.4492
vn 0.4145 0.1657 0.8948
vn 0.3759 0.1749 0.9100
vn 0.3907 0.0172 0.9204
vn 0.5658 0.1175 0.8161
vn 0.5920 -0.0037 0.8059
vn 0.3952 0.0004 0.9186
vn 0.4009 -0.0020 0.9161
vn 0.7165 -0.6523 0.2474
vn 0.7090 -0.6580 0.2538
vn 0.7403 -0.6330 0.2263
vn -0.0707 0.7528 -0.6545
vn 0.2745 0.7371 -0.6175
vn 0.1848 0.8219 -0.5388
vn 0.3523 -0.7395 0.5737
vn 0.3912 -0.7013 0.5960
vn 0.3980 -0.6492 0.6482
vn 0.2126 -0.7606 -0.6135
vn -0.0467 -0.6826 -0.7293
vn -0.0800 -0.6805 -0.7283
vn 0.0540 0.0161 -0.9984
vn -0.0809 0.0239 -0.9964
vn 0.0492 0.0088 -0.9988
vn 0.5078 -0.5585 0.6559
vn 0.4624 -0.3377 0.8199
vn -0.0413 -0.8211 -0.5693
vn 0.2968 -0.6622 -0.6880
vn 0.4202 0.5828 0.6955
vn 0.3763 -0.0934 0.9218
vn 0.2153 0.3826 0.8985
vn 0.3459 0.4741 0.8097
vn 0.1277 0.1408 0.9818
vn 0.1021 0.0158 0.9946
vn 0.0999 0.0005 0.9950
vn 0.1000 0.0000 0.9950
vn -0.3833 0.6799 -0.6251
vn -0.3092 0.7473 -0.5881
vn -0.1047 0.7528 -0.6499
vn 0.4543 -0.6769 0.5792
vn 0.4756 -0.6312 0.6127
vn 0.5123 -0.5996 0.6148
vn -0.8679 0.0683 -0.4921
vn -0.8656 0.0625 -0.4969
vn -0.8564 0.0407 -0.5147
vn -0.3098 -0.6964 -0.6473
vn -0.4263 -0.5910 -0.6848
vn -0.0803 0.0291 -0.9963
vn -0.2251 0.0335 -0.9738
vn 0.6003 -0.4472 0.6631
vn 0.6407 -0.3888 0.6621
vn 0.5911 -0.2759 0.7579
vn -0.3478 -0.7280 -0.5908
vn 0.5560 -0.3577 0.7503
vn 0.7961 -0.1956 0.5726
vn 0.6176 -0.2323 0.7514
vn 0.4196 0.5524 0.7203
vn 0.3691 -0.0871 0.9253
vn 0.1865 0.2058 0.9607
vn 0.3657 0.2999 0.8811
vn 0.0381 0.0732 0.9966
vn 0.0119 0.0078 0.9999
vn 0.0097 0.0003 1.0000
vn 0.0097 0.0000 1.0000
vn -0.4812 0.6377 -0.6015
vn 0.5406 -0.6167 0.5722
vn 0.5502 -0.5802 0.6005
vn 0.5541 -0.5387 0.6347
vn -0.8611 0.0414 -0.5067
vn -0.8611 0.0413 -0.5068
vn -0.8606 0.0404 -0.5076
vn -0.5466 -0.5482 -0.6330
vn -0.3998 0.0673 -0.9141
vn -0.4045 0.0617 -0.9125
vn -0.3897 0.0796 -0.9175
vn 0.6361 -0.4596 0.6198
vn 0.6033 -0.4457 0.6613
vn 0.5160 -0.4686 0.7170
vn 0.4342 -0.4901 0.7559
vn 0.1685 0.0622 0.9837
vn 0.0832 0.0221 0.9963
vn 0.0123 0.0169 0.9998
vn 0.0011 0.0016 1.0000
vn 0.0004 0.0001 1.0000
vn 0.0003 0.0000 1.0000
vn 0.6229 -0.5478 0.5585
vn 0.6382 -0.4914 0.5926
vn 0.6493 -0.4717 0.5965
vn 0.7136 -0.3731 0.5930
vn 0.6968 -0.4340 0.5711
vn 0.6120 -0.5284 0.5884
vn 0.6962 -0.5033 0.5119
vn 0.6338 -0.6318 0.4462
vn 0.4437 -0.7045 0.5539
vn 0.2787 -0.8030 0.5269
vn 0.0604 -0.0881 0.9943
vn 0.0436 -0.0519 0.9977
vn 0.0100 -0.0065 0.9999
vn 0.0005 -0.0003 1.0000
vn 0.5249 -0.8511 0.0087
vn 0.5128 -0.8584 0.0151
vn 0.5031 -0.8640 0.0171
vn 0.4984 -0.8667 0.0203
vn 0.4944 -0.8689 0.0260
vn 0.4916 -0.8704 0.0284
vn 0.4937 -0.8691 0.0313
vn 0.4994 -0.8657 0.0346
vn 0.6816 -0.7317 -0.0050
vn -0.6805 0.7328 -0.0031
vn -0.5328 0.8463 -0.0030
vn 0.6795 -0.7336 0.0111
vn 0.6817 -0.7316 0.0049
vn 0.6774 -0.7354 0.0154
vn -0.6824 0.7310 -0.0088
vn 0.6765 -0.7361 0.0212
vn -0.6853 0.7281 -0.0167
vn 0.6742 -0.7381 0.0255
vn 0.6720 -0.7400 0.0303
vn -0.6850 0.7282 -0.0221
vn 0.6758 -0.7361 0.0377
vn -0.6849 0.7281 -0.0274
vn 0.6801 -0.7319 0.0420
vn -0.6823 0.7291 -0.0530
vn 0.8020 -0.5973 0.0041
vn 0.8014 -0.5980 0.0090
vn 0.8010 -0.5985 0.0137
vn 0.8009 -0.5985 0.0194
vn 0.8012 -0.5980 0.0234
vn 0.8041 -0.5936 0.0320
vn 0.8310 -0.5530 0.0606
vn 0.8547 -0.5169 0.0490
vn 0.5075 -0.8609 0.0366
vn 0.5169 -0.8551 0.0397
vn 0.5279 -0.8482 0.0445
vn 0.5392 -0.8408 0.0482
vn 0.5476 -0.8352 0.0517
vn 0.5581 -0.8245 0.0937
vn 0.5607 -0.7885 0.2525
vn 0.6844 -0.7277 0.0451
vn -0.6812 0.7298 -0.0577
vn -0.5433 0.8378 -0.0539
vn 0.6880 -0.7241 0.0485
vn 0.6906 -0.7212 0.0540
vn 0.6935 -0.7181 0.0584
vn 0.6975 -0.7139 0.0622
vn 0.6978 -0.7041 0.1316
vn 0.6655 -0.6551 0.3576
vn 0.6318 -0.5950 0.4969
vn 0.8633 -0.5027 0.0444
vn 0.8636 -0.5021 0.0462
vn 0.8536 -0.5189 0.0450
vn 0.8434 -0.5348 0.0513
vn 0.8352 -0.5471 0.0559
vn 0.8263 -0.5538 0.1028
vn 0.7941 -0.5442 0.2707
vn -0.7757 0.6310 -0.0072
vn -0.7842 0.6204 -0.0146
vn -0.6883 0.7253 -0.0113
vn -0.7950 0.6063 -0.0178
vn -0.7984 0.6017 -0.0206
vn -0.8039 0.5942 -0.0262
vn -0.8070 0.5899 -0.0290
vn -0.8014 0.5970 -0.0360
vn -0.6841 0.7284 -0.0388
vn -0.8014 0.5959 -0.0525
vn -0.8113 0.5842 -0.0241
vn -0.8121 0.5827 -0.0304
vn -0.8225 0.5677 -0.0354
vn -0.7851 0.6189 0.0257
vn -0.6346 0.7729 0.0023
vn -0.8192 0.5703 -0.0606
vn -0.6709 -0.2177 -0.7089
vn -0.8592 -0.2934 -0.4191
vn -0.7526 -0.2609 -0.6046
vn -0.8784 -0.4481 0.1661
vn -0.7556 -0.6207 0.2091
vn -0.8817 -0.4323 0.1889
vn -0.5155 -0.8513 0.0972
vn -0.5080 -0.8579 0.0766
vn -0.5225 -0.8446 0.1169
vn -0.7280 -0.0867 -0.6801
vn -0.6747 -0.1767 -0.7166
vn -0.7226 -0.0710 -0.6876
vn -0.0715 -0.0677 0.9951
vn -0.2100 -0.1083 0.9717
vn -0.0415 -0.1188 0.9920
vn -0.7240 -0.0282 -0.6892
vn -0.7156 -0.0495 -0.6967
vn -0.7292 -0.0228 -0.6839
vn -0.0938 -0.0034 0.9956
vn -0.2375 -0.0508 0.9700
vn -0.7309 -0.1012 -0.6749
vn -0.7097 -0.0236 -0.7041
vn -0.7384 -0.0677 -0.6710
vn -0.0350 0.0505 0.9981
vn -0.2511 -0.0002 0.9680
vn -0.7836 -0.2679 -0.5606
vn -0.5554 -0.0804 -0.8277
vn -0.9652 -0.1184 -0.2332
vn 0.0246 0.1042 0.9943
vn -0.2343 0.0159 0.9720
vn -0.8174 0.5759 -0.0132
vn 0.8769 -0.4806 0.0041
vn -0.8164 0.5771 -0.0219
vn 0.8780 -0.4785 0.0093
vn -0.8132 0.5816 -0.0203
vn 0.8789 -0.4768 0.0142
vn 0.8800 -0.4745 0.0208
vn 0.8829 -0.4688 0.0278
vn 0.8864 -0.4594 0.0574
vn 0.9188 -0.3875 0.0754
vn 0.8903 -0.4413 0.1122
vn -0.9155 0.4022 -0.0091
vn -0.8798 0.4747 0.0244
vn -0.8259 0.5637 -0.0135
vn -0.8206 0.5707 -0.0309
vn -0.8903 0.4459 -0.0923
vn -0.5297 0.8424 0.0992
vn 0.9633 0.2317 0.1357
vn 0.9047 0.1857 0.3834
vn 0.7604 0.1196 0.6383
vn -0.1431 0.9896 -0.0172
vn -0.0663 0.9966 -0.0482
vn -0.9873 0.1528 0.0435
vn -0.9586 0.2574 0.1220
vn -0.8615 0.5069 0.0297
vn -0.8613 0.5030 -0.0718
vn -0.9326 0.2952 -0.2078
vn -0.9923 0.0768 0.0972
vn -0.9913 0.0244 0.1294
vn -0.6271 -0.7784 -0.0292
vn -0.6325 -0.7041 -0.3228
vn -0.6032 -0.7143 -0.3550
vn -0.9706 0.0392 0.2375
vn -0.9751 0.0578 0.2139
vn -0.4684 -0.7983 0.3785
vn -0.9983 -0.0318 0.0491
vn -0.9906 -0.0894 0.1040
vn -0.4223 -0.2189 -0.8796
vn -0.4315 -0.1306 -0.8926
vn 0.9684 -0.0103 -0.2493
vn 0.9589 0.1972 -0.2038
vn 0.9553 0.0902 -0.2816
vn 0.4094 -0.1239 0.9039
vn 0.8730 0.0534 0.4848
vn 0.8245 -0.2584 0.5034
vn -0.0104 -0.0709 0.9974
vn -0.0352 -0.0514 0.9981
vn -0.9998 -0.0164 0.0074
vn -0.9970 -0.0692 0.0348
vn -0.9813 -0.1924 0.0076
vn -0.9939 -0.1092 -0.0122
vn -0.9749 -0.1156 -0.1904
vn -0.9550 -0.2408 -0.1731
vn -0.8242 -0.1256 -0.5521
vn -0.9182 -0.2886 -0.2713
vn 0.7689 -0.2620 0.5832
vn 0.2913 -0.1067 0.9507
vn -0.9941 0.1087 0.0020
vn -0.9948 0.1020 0.0056
vn -0.9950 0.0983 -0.0152
vn -0.9764 0.0994 -0.1919
vn -0.8199 0.0783 -0.5671
vn 0.2101 0.0158 0.9776
vn -0.9780 0.2086 0.0017
vn -0.9782 0.2076 0.0029
vn -0.9780 0.2079 -0.0143
vn -0.9572 0.2217 -0.1858
vn -0.9212 0.2458 -0.3016
vn 0.2103 0.1137 0.9710
vn -0.0688 -0.9976 -0.0020
vn -0.0693 -0.9976 -0.0056
vn -0.0689 -0.9976 -0.0020
vn -0.0700 -0.9974 -0.0193
vn -0.0694 -0.9976 -0.0056
vn -0.0491 -0.9879 -0.1469
vn -0.0692 -0.9974 -0.0196
vn -0.0002 -0.9721 -0.2345
vn 0.0149 -0.9736 -0.2278
vn -0.1111 -0.2245 -0.9681
vn 0.0230 -0.2759 -0.9609
vn 0.9484 0.2857 -0.1374
vn 0.8648 0.4783 0.1530
vn 0.9015 0.3175 -0.2940
vn 0.8718 0.3326 0.3596
vn 0.9019 0.4292 0.0490
vn 0.2384 0.1239 0.9632
vn 0.9620 -0.2731 0.0039
vn 0.9642 -0.2651 0.0107
vn 0.9652 -0.2611 0.0121
vn 0.9657 -0.2590 0.0184
vn 0.9669 -0.2541 0.0242
vn 0.9670 -0.2517 0.0388
vn 0.9592 -0.2682 0.0891
vn 0.9960 -0.0889 0.0070
vn 0.9997 -0.0180 0.0138
vn 0.9984 -0.0486 0.0301
vn 0.9998 -0.0135 0.0178
vn 0.9997 -0.0001 0.0250
vn 0.9987 -0.0090 0.0501
vn 0.7045 0.0462 0.7082
vn 0.6015 -0.0184 0.7986
vn 0.9976 -0.0586 0.0370
vn 0.9979 0.0602 0.0248
vn 0.9970 -0.0091 0.0764
vn -0.0349 0.9848 0.1701
vn -0.0060 0.9620 0.2731
vn -0.0252 0.9858 0.1661
vn 0.9967 0.0780 0.0215
vn 0.1295 0.9914 0.0189
vn 0.2036 0.9790 0.0040
vn 0.5649 0.8245 -0.0330
vn 0.5955 0.8030 -0.0241
vn 0.9958 0.0885 0.0245
vn 0.9806 0.1959 -0.0042
vn 0.9851 0.1318 0.1107
vn 0.6297 0.6192 0.4691
vn 0.4204 0.2238 0.8793
vn 0.9953 -0.0872 0.0409
vn 0.9889 -0.1229 0.0836
vn -0.0001 -0.0000 1.0000
vn -0.0002 -0.0001 1.0000
vn 0.0098 -0.9918 0.1272
vn 0.0005 -0.9752 0.2214
vn 0.0029 -0.9915 0.1301
vn 0.0712 -0.9973 0.0151
vn 0.4195 -0.9078 0.0053
vn 0.1374 -0.9905 -0.0032
vn 0.6550 -0.7490 -0.1000
vn 0.5100 -0.8593 -0.0382
vn 0.9996 -0.0278 0.0089
vn 0.9971 -0.0680 0.0334
vn 0.9834 -0.1794 0.0275
vn 0.9953 -0.0954 0.0164
vn 0.9810 -0.1914 0.0322
vn 0.9947 -0.0995 0.0272
vn 0.9784 -0.2030 0.0399
vn 0.9927 -0.1079 0.0531
vn 0.9505 -0.2381 0.1996
vn 0.9676 -0.1365 0.2126
vn 0.9555 -0.0956 0.2791
vn 0.9942 0.1071 0.0046
vn 0.9949 0.1006 0.0115
vn 0.9953 0.0940 0.0222
vn 0.9953 0.0962 0.0133
vn 0.9955 0.0891 0.0336
vn 0.9880 0.0382 0.1499
vn 0.3669 -0.1143 0.9232
vn 0.3270 0.0162 0.9449
vn 0.9798 0.1999 0.0035
vn 0.9798 0.1999 -0.0026
vn 0.0000 1.0000 0.0041
vn 0.9804 0.1971 0.0078
vn 0.0000 1.0000 0.0095
vn 0.0002 1.0000 0.0095
vn 0.9810 0.1936 0.0113
vn 0.0024 0.9999 0.0133
vn 0.0096 0.9999 0.0112
vn 0.9810 0.1928 0.0240
vn 0.0655 0.9979 0.0017
vn 0.1326 0.9910 -0.0171
vn 0.3771 0.9093 -0.1759
vn 0.4123 0.8858 -0.2130
vn 0.9268 0.3586 0.1115
vn 0.9663 0.2571 0.0136
vn 0.4022 0.8609 -0.3116
vn 0.8704 0.3771 0.3165
vn 0.7197 0.4896 0.4923
vn 0.3101 0.1034 0.9451
vn -0.7961 0.6023 -0.0584
vn -0.8368 0.5417 -0.0791
vn -0.8620 0.5039 -0.0557
vn -0.8640 0.4989 -0.0680
vn -0.8766 0.4451 -0.1832
vn -0.7899 0.3611 -0.4956
vn 0.7370 -0.4966 0.4584
vn 0.7178 -0.4236 0.5526
vn -0.8453 0.5268 -0.0890
vn -0.8893 0.4351 -0.1407
vn -0.9177 0.3902 -0.0743
vn -0.9263 0.3698 -0.0726
vn -0.9273 0.3505 -0.1318
vn -0.8697 0.4823 -0.1049
vn -0.9697 -0.0147 -0.2438
vn -0.8061 -0.0399 -0.5904
vn -0.7479 0.1588 -0.6445
vn -0.9425 -0.3117 -0.1206
vn -0.9392 -0.2892 -0.1850
vn -0.9345 -0.3411 -0.1017
vn -0.3840 -0.9132 -0.1366
vn -0.3775 -0.8973 -0.2290
vn -0.9427 -0.3264 -0.0696
vn -0.9464 -0.3171 -0.0609
vn -0.3912 -0.9191 -0.0466
vn -0.9437 -0.3019 -0.1354
vn -0.9454 -0.2996 -0.1286
vn -0.4038 -0.9063 -0.1246
vn -0.9290 -0.2853 -0.2356
vn -0.4276 -0.8718 -0.2390
vn -0.7508 -0.3137 -0.5813
vn -0.3892 -0.8551 -0.3425
vn -0.8735 -0.1022 -0.4760
vn -0.8732 -0.1027 -0.4764
vn -0.8536 -0.1382 -0.5022
vn -0.1021 -0.0134 -0.9947
vn -0.1516 -0.3444 -0.9265
vn 0.0480 0.0162 -0.9987
vn 0.0197 -0.0085 -0.9998
vn 0.0058 -0.0015 -1.0000
vn 0.0033 -0.0001 -1.0000
vn 0.9397 -0.3384 0.0499
vn 0.9923 -0.1234 -0.0059
vn 0.9733 -0.2288 0.0188
vn 0.9658 -0.2570 0.0331
vn 0.9605 -0.2740 0.0487
vn 0.9527 -0.2792 0.1202
vn 0.8964 -0.3169 0.3097
vn 0.8263 -0.3057 0.4731
vn 0.9728 0.2269 0.0467
vn 0.9584 0.2543 0.1297
vn -0.0313 0.9861 -0.1633
vn -0.0199 0.9851 -0.1711
vn 0.9813 0.1914 0.0194
vn 0.0063 0.9634 -0.2678
vn 0.0158 0.9623 -0.2715
vn 0.9975 0.0091 -0.0708
vn 0.9859 0.1045 -0.1309
vn 0.9994 -0.0340 0.0095
vn 0.9983 -0.0517 0.0276
vn 0.9921 -0.0718 0.1029
vn 0.9626 -0.1099 0.2476
vn 0.7768 -0.2899 0.5590
vn 0.8878 -0.1835 0.4221
vn -0.0837 -0.9224 -0.3771
vn -0.0682 -0.9199 -0.3861
vn -0.0389 -0.9145 -0.4027
vn -0.0387 0.0506 -0.9980
vn -0.0221 0.0442 -0.9988
vn -0.0496 0.0547 -0.9973
vn 0.9773 -0.0249 -0.2106
vn 0.9938 -0.1107 0.0061
vn 0.9863 -0.0924 -0.1364
vn 0.9900 -0.1242 0.0665
vn 0.9928 -0.1181 0.0210
vn 0.9678 -0.1856 0.1698
vn 0.8177 -0.3536 0.4541
vn 0.9020 -0.3250 0.2842
vn 0.0339 -0.0345 -0.9988
vn 0.0158 -0.0212 -0.9996
vn 0.0676 -0.0592 -0.9960
vn 0.9746 -0.0669 -0.2139
vn 0.9845 -0.0301 -0.1727
vn 0.0921 0.8468 -0.5239
vn 0.0806 0.8518 -0.5176
vn 0.1165 0.8356 -0.5368
vn 0.9350 -0.2141 -0.2829
vn 0.9234 -0.3839 -0.0012
vn 0.8968 -0.4055 -0.1770
vn 0.9174 -0.3966 0.0333
vn 0.9116 -0.4109 0.0163
vn 0.8875 -0.4568 0.0611
vn 0.1924 0.1220 -0.9737
vn 0.6186 -0.2725 -0.7369
vn 0.7314 -0.0764 -0.6777
vn 0.3904 -0.1275 -0.9118
vn 0.8303 -0.5572 0.0080
vn 0.8225 -0.5687 0.0096
vn 0.7917 -0.6108 0.0129
vn 0.8097 -0.5869 0.0041
vn 0.1616 -0.0932 -0.9824
vn 0.0634 -0.0223 -0.9977
vn 0.0408 -0.0025 -0.9992
vn 0.8381 -0.5416 -0.0651
vn 0.8394 -0.5435 0.0042
vn 0.8360 -0.5487 0.0101
vn 0.8231 -0.5168 -0.2355
vn 0.8167 -0.4295 -0.3852
vn 0.8340 -0.5200 -0.1845
vn 0.8348 -0.5504 -0.0134
vn 0.8246 -0.5658 0.0037
vn 0.8255 -0.5644 0.0002
vn 0.8237 -0.5670 0.0008
vn 0.8217 -0.5699 0.0015
vn 0.3567 -0.2510 -0.8999
vn 0.8436 -0.4892 -0.2215
vn 0.7230 -0.4905 -0.4864
vn 0.8837 -0.4681 -0.0004
vn 0.8834 -0.4682 -0.0202
vn 0.8853 -0.4651 -0.0006
vn 0.2813 -0.0887 -0.9555
vn 0.2435 -0.0217 -0.9696
vn 0.8738 -0.3857 -0.2960
vn 0.9387 -0.3303 -0.0987
vn 0.9517 -0.3071 -0.0054
vn 0.9516 -0.3074 -0.0006
vn 0.9522 -0.3054 -0.0001
vn 0.9522 -0.3053 0.0002
vn 0.4095 -0.1573 -0.8986
vn 0.3009 -0.1768 -0.9371
vn 0.9826 -0.1398 -0.1222
vn 0.9618 -0.1032 -0.2534
vn 0.9879 -0.1548 -0.0076
vn 0.9878 -0.1559 -0.0002
vn 0.9878 -0.1558 0.0002
vn 0.4081 -0.0983 -0.9076
vn 0.9873 -0.0469 -0.1517
vn 0.9566 -0.0339 -0.2894
vn 0.9985 -0.0541 -0.0106
vn 0.7090 -0.3904 0.5872
vn 0.7500 -0.3439 0.5650
vn 0.7395 -0.5313 0.4133
vn 0.6238 -0.7130 0.3202
vn 0.4925 -0.7932 0.3583
vn 0.4183 -0.8245 0.3811
vn 0.6767 -0.6960 0.2401
vn 0.5668 -0.7169 0.4058
vn 0.5834 -0.7727 0.2502
vn 0.0573 -0.1055 0.9928
vn 0.0517 -0.0547 0.9972
vn 0.0340 -0.0344 0.9988
vn 0.0080 -0.0080 0.9999
vn 0.0004 -0.0004 1.0000
vn 0.7904 -0.5452 0.2794
vn 0.8177 -0.5685 0.0902
vn 0.7122 -0.6905 0.1265
vn 0.6251 -0.7531 0.2053
vn 0.5833 -0.7049 0.4036
vn 0.5386 -0.6092 0.5820
vn 0.7494 -0.6602 0.0495
vn 0.6252 -0.6255 0.4668
vn 0.7032 -0.6875 0.1811
vn 0.0716 -0.0738 0.9947
vn 0.0508 -0.0509 0.9974
vn 0.0344 -0.0339 0.9988
vn 0.0083 -0.0080 0.9999
vn 0.0012 -0.0002 1.0000
vn 0.8168 -0.5765 0.0205
vn 0.7955 -0.5850 0.1577
vn 0.7096 -0.5859 0.3914
vn 0.6036 -0.5394 0.5871
vn 0.8854 -0.4648 0.0005
vn 0.8845 -0.4663 0.0138
vn 0.8680 -0.4811 0.1232
vn 0.7528 -0.5547 0.3544
vn 0.0737 -0.0716 0.9947
vn 0.0545 -0.0498 0.9973
vn 0.0564 -0.0270 0.9980
vn 0.0572 -0.0009 0.9984
vn 0.9515 -0.3077 0.0074
vn 0.9413 -0.3299 0.0713
vn 0.9102 -0.3740 0.1781
vn 0.8496 -0.3803 0.3654
vn 0.9880 -0.1543 0.0071
vn 0.9879 -0.1405 0.0651
vn 0.9741 -0.0949 0.2054
vn 0.1020 -0.0525 0.9934
vn 0.1118 -0.0206 0.9935
vn 0.9985 -0.0547 0.0099
vn 0.9948 -0.0512 0.0875
vn 0.9654 -0.0248 0.2595
vn 0.9439 -0.0543 0.3259
vn 0.1121 -0.0008 0.9937
vn -0.9392 -0.0180 -0.3428
vn -0.9979 -0.0243 -0.0597
vn -1.0000 -0.0075 -0.0043
vn -1.0000 -0.0057 -0.0001
vn -0.8940 0.0357 -0.4467
vn -0.7345 0.0171 -0.6784
vn -0.9808 0.0155 -0.1945
vn -0.8517 0.0659 -0.5198
vn -0.7087 0.0617 -0.7028
vn -0.6616 0.1460 -0.7355
vn -0.7900 0.1158 -0.6020
vn -0.6417 0.2026 -0.7397
vn -0.7606 0.2250 -0.6090
vn -0.8947 0.2054 -0.3967
vn -0.7339 0.3088 -0.6050
vn -0.8336 0.2621 -0.4862
vn -0.6793 0.3999 -0.6153
vn -0.7429 0.4152 -0.5250
vn -0.7969 0.4409 -0.4129
vn -0.6737 0.5542 -0.4889
vn -0.7106 0.5917 -0.3807
vn -0.7754 0.5747 -0.2616
vn -0.5218 0.0167 -0.8529
vn -0.3917 0.0498 -0.9187
vn -0.5274 0.0649 -0.8471
vn -0.3940 0.0931 -0.9144
vn -0.5117 0.1238 -0.8502
vn -0.6832 0.1156 -0.7210
vn -0.4973 0.1744 -0.8498
vn -0.6176 0.2714 -0.7382
vn -0.4695 0.3049 -0.8286
vn -0.5914 0.3475 -0.7277
vn -0.4614 0.4103 -0.7866
vn -0.5398 0.4642 -0.7022
vn -0.6226 0.5113 -0.5924
vn -0.4897 0.5733 -0.6569
vn -0.5519 0.6335 -0.5423
vn -0.5909 0.6753 -0.4414
vn -0.3048 0.0109 -0.9524
vn -0.3877 0.0094 -0.9217
vn -0.3001 0.0509 -0.9525
vn -0.3896 0.1419 -0.9100
vn -0.3184 0.1518 -0.9357
vn -0.3905 0.1898 -0.9008
vn -0.3344 0.2009 -0.9208
vn -0.3854 0.2415 -0.8906
vn -0.4843 0.2358 -0.8425
vn -0.3683 0.3122 -0.8757
vn -0.4084 0.5184 -0.7513
vn -0.4190 0.6989 -0.5797
vn -0.3085 0.0502 -0.9499
vn -0.3140 0.0939 -0.9448
vn -0.3044 0.1034 -0.9469
vn -0.3194 0.1441 -0.9366
vn -0.3439 0.2582 -0.9028
vn -0.3324 0.2760 -0.9018
vn -0.3439 0.3327 -0.8781
vn -0.3600 0.4153 -0.8354
vn -0.3447 0.5289 -0.7755
vn -0.3122 0.5420 -0.7802
vn -0.3272 0.6299 -0.7044
vn -0.3796 0.6222 -0.6847
vn -0.3438 0.0171 -0.9389
vn -0.3105 0.0148 -0.9505
vn -0.3446 0.0487 -0.9375
vn -0.3787 0.0185 -0.9253
vn -0.3710 0.0737 -0.9257
vn -0.3489 0.0876 -0.9331
vn -0.3413 0.1444 -0.9288
vn -0.3332 0.2120 -0.9187
vn -0.3240 0.2082 -0.9229
vn -0.3367 0.3567 -0.8715
vn -0.3239 0.3798 -0.8665
vn -0.3283 0.4478 -0.8317
vn -0.3249 0.4322 -0.8412
vn -0.3141 0.6562 -0.6861
vn -0.3755 0.0474 -0.9256
vn -0.4046 0.0230 -0.9142
vn -0.3949 0.0566 -0.9170
vn -0.3655 0.1070 -0.9247
vn -0.3796 0.1458 -0.9136
vn -0.3620 0.1525 -0.9196
vn -0.3745 0.1944 -0.9066
vn -0.3616 0.2213 -0.9057
vn -0.3401 0.3063 -0.8891
vn -0.3247 0.2925 -0.8995
vn -0.3218 0.4755 -0.8188
vn -0.2967 0.5070 -0.8093
vn -0.2919 0.5714 -0.7670
vn -0.3101 0.5550 -0.7719
vn -0.4427 0.0198 -0.8964
vn -0.4283 0.0302 -0.9031
vn -0.4181 0.0668 -0.9059
vn -0.4065 0.1056 -0.9075
vn -0.3833 0.0944 -0.9188
vn -0.3951 0.1574 -0.9050
vn -0.3637 0.2584 -0.8950
vn -0.3636 0.2975 -0.8828
vn -0.3510 0.3347 -0.8745
vn -0.3157 0.4030 -0.8590
vn -0.3167 0.4274 -0.8468
vn -0.2580 0.6225 -0.7389
vn -0.4372 0.0494 -0.8980
vn -0.4468 0.0775 -0.8913
vn -0.4313 0.0775 -0.8989
vn -0.4245 0.1128 -0.8984
vn -0.4190 0.1641 -0.8930
vn -0.4418 0.1155 -0.8897
vn -0.4228 0.2181 -0.8796
vn -0.4048 0.2430 -0.8815
vn -0.3771 0.2249 -0.8985
vn -0.3456 0.3814 -0.8574
vn -0.3376 0.4301 -0.8373
vn -0.3152 0.4794 -0.8191
vn -0.2738 0.5358 -0.7987
vn -0.2347 0.6605 -0.7132
vn -1.0000 -0.0057 0.0000
vn -1.0000 -0.0056 -0.0000
vn -0.8370 0.4825 -0.2582
vn -0.6180 0.7075 -0.3428
vn -0.6367 0.7156 -0.2871
vn -0.4490 0.7647 -0.4621
vn -0.4596 0.8077 -0.3693
vn -0.4532 0.8340 -0.3146
vn -0.3251 0.7406 -0.5880
vn -0.3341 0.8188 -0.4669
vn -0.3257 0.8714 -0.3670
vn -0.3051 0.8959 -0.3228
vn -0.3400 0.9036 -0.2605
vn -0.2660 0.8558 -0.4437
vn -0.2200 0.9335 -0.2832
vn -0.1764 0.9532 -0.2454
vn -0.1551 0.9666 -0.2043
vn -0.2046 0.9511 -0.2313
vn -0.2802 0.6874 -0.6701
vn -0.2728 0.7883 -0.5515
vn -0.2861 0.7631 -0.5795
vn -0.2414 0.8728 -0.4242
vn -0.2155 0.9222 -0.3211
vn -0.2444 0.9079 -0.3405
vn -0.1826 0.9376 -0.2959
vn -0.1560 0.9621 -0.2236
vn -0.1280 0.9757 -0.1778
vn -0.2312 0.8158 -0.5301
vn -0.2185 0.8864 -0.4080
vn -0.1233 0.9725 -0.1976
vn -0.2423 0.7129 -0.6581
vn -0.1908 0.8372 -0.5126
vn -0.1804 0.9041 -0.3873
vn -0.1427 0.9175 -0.3712
vn -0.1292 0.9603 -0.2471
vn -0.1522 0.9526 -0.2634
vn -0.1037 0.9797 -0.1713
vn -0.0946 0.9851 -0.1437
vn -0.2088 0.7024 -0.6805
vn -0.1876 0.7730 -0.6060
vn -0.2158 0.7512 -0.6238
vn -0.1581 0.8492 -0.5039
vn -0.1091 0.9680 -0.2261
vn -0.0571 0.9939 -0.0945
vn -0.0803 0.9883 -0.1295
vn -0.6473 0.7198 -0.2505
vn -0.6607 0.7427 -0.1086
vn -0.7009 0.7123 -0.0374
vn -0.7700 0.6354 -0.0573
vn -0.8074 0.5886 -0.0397
vn -0.8313 0.5551 -0.0269
vn -0.8462 0.5327 -0.0154
vn -0.8537 0.5207 -0.0046
vn -0.5629 0.8214 -0.0919
vn -0.5761 0.8139 -0.0760
vn -0.5861 0.8085 -0.0527
vn -0.5943 0.8035 -0.0354
vn -0.5990 0.8005 -0.0205
vn -0.6017 0.7987 -0.0068
vn -0.4971 0.8377 -0.2263
vn -0.5026 0.8478 -0.1694
vn -0.5333 0.8369 -0.1230
vn -0.7155 0.6940 -0.0803
vn -0.3346 0.9250 -0.1800
vn -0.3252 0.9352 -0.1400
vn -0.3348 0.9366 -0.1033
vn -0.3150 0.9463 -0.0723
vn -0.3083 0.9500 -0.0487
vn -0.3010 0.9531 -0.0307
vn -0.2937 0.9557 -0.0171
vn -0.2894 0.9572 -0.0056
vn -0.1832 0.9686 -0.1682
vn -0.1829 0.9751 -0.1255
vn -0.1789 0.9797 -0.0907
vn -0.1568 0.9858 -0.0604
vn -0.1279 0.9914 -0.0287
vn -0.0977 0.9950 -0.0208
vn -0.0719 0.9974 -0.0030
vn -0.1341 0.9786 -0.1559
vn -0.1103 0.9877 -0.1111
vn -0.0786 0.9946 -0.0676
vn -0.0251 0.9993 -0.0260
vn 0.0920 0.9954 0.0257
vn -0.0499 0.9988 0.0012
vn 0.1329 0.9906 0.0319
vn -0.0949 0.9871 -0.1288
vn -0.0481 0.9963 -0.0709
vn 0.0338 0.9994 0.0017
vn 0.0360 0.9992 0.0168
vn 0.1265 0.9901 0.0601
vn 0.1848 0.9800 0.0735
vn 0.1964 0.9788 0.0577
vn 0.1484 0.9888 0.0142
vn 0.1830 0.9824 0.0366
vn -0.0418 0.9962 -0.0770
vn 0.0530 0.9984 0.0204
vn 0.1493 0.9839 0.0982
vn 0.1770 0.9787 0.1043
vn 0.1462 0.9871 0.0658
vn 0.1072 0.9938 0.0292
vn 0.1694 0.9855 0.0122
vn 0.0793 0.9968 0.0100
vn 0.0355 0.9992 0.0181
vn 0.1316 0.9844 0.1164
vn 0.1411 0.9834 0.1142
vn 0.0855 0.9948 0.0556
vn 0.0358 0.9992 0.0165
vn 0.0143 0.9999 0.0039
vn 0.0663 0.9978 0.0017
vn 0.0087 1.0000 0.0008
vn -0.0073 0.9999 -0.0098
vn 0.0913 0.9890 0.1165
vn 0.1134 0.9852 0.1285
vn 0.0568 0.9969 0.0552
vn 0.0142 0.9998 0.0108
vn 0.0030 1.0000 0.0013
vn 0.0005 1.0000 0.0002
vn 0.0002 1.0000 0.0000
vn 0.0070 1.0000 0.0001
vn -0.4645 0.0347 -0.8849
vn -0.4618 0.0652 -0.8846
vn -0.4626 0.0430 -0.8855
vn -0.4498 0.0450 -0.8920
vn -0.4619 0.0472 -0.8857
vn -0.4456 0.0768 -0.8919
vn -0.4585 0.0918 -0.8839
vn -0.4561 0.0850 -0.8858
vn -0.4523 0.1306 -0.8823
vn -0.4466 0.1769 -0.8771
vn -0.4485 0.1375 -0.8831
vn -0.4397 0.2376 -0.8661
vn -0.4350 0.1913 -0.8799
vn -0.4328 0.0548 -0.8998
vn -0.4398 0.1123 -0.8910
vn -0.4239 0.1386 -0.8951
vn -0.4349 0.1459 -0.8886
vn -0.4363 0.1923 -0.8790
vn -0.4236 0.2321 -0.8756
vn -0.4330 0.2743 -0.8586
vn -0.4244 0.2652 -0.8657
vn -0.4188 0.3472 -0.8391
vn -0.4282 0.0594 -0.9017
vn -0.4043 0.0805 -0.9111
vn -0.4243 0.0976 -0.9003
vn -0.4257 0.0958 -0.8998
vn -0.4160 0.1406 -0.8984
vn -0.4238 0.1769 -0.8883
vn -0.4050 0.1876 -0.8948
vn -0.4209 0.3067 -0.8537
vn -0.3998 0.3337 -0.8537
vn -0.4099 0.4040 -0.8178
vn -0.4068 0.3797 -0.8309
vn -0.3827 0.4925 -0.7816
vn -0.4084 0.0561 -0.9111
vn -0.3823 0.0655 -0.9217
vn -0.3998 0.1141 -0.9095
vn -0.3757 0.1323 -0.9172
vn -0.4003 0.1453 -0.9048
vn -0.3791 0.1622 -0.9110
vn -0.4043 0.1924 -0.8942
vn -0.3936 0.2643 -0.8805
vn -0.3993 0.2524 -0.8814
vn -0.3936 0.4423 -0.8059
vn -0.3520 0.4805 -0.8032
vn -0.3609 0.5596 -0.7460
vn -0.3743 0.5304 -0.7606
vn -0.3286 0.6596 -0.6760
vn -0.3675 0.0721 -0.9272
vn -0.3624 0.1032 -0.9263
vn -0.3758 0.0973 -0.9216
vn -0.3567 0.1354 -0.9244
vn -0.3798 0.2115 -0.9006
vn -0.3516 0.2390 -0.9051
vn -0.3807 0.2771 -0.8822
vn -0.3558 0.3183 -0.8787
vn -0.3676 0.3801 -0.8488
vn -0.3726 0.3602 -0.8553
vn -0.3300 0.6111 -0.7195
vn -0.2828 0.6606 -0.6954
vn -0.2716 0.7421 -0.6128
vn -0.3011 0.6985 -0.6492
vn -0.3428 0.0722 -0.9366
vn -0.3474 0.1026 -0.9321
vn -0.3198 0.0669 -0.9451
vn -0.3275 0.1179 -0.9375
vn -0.3497 0.1362 -0.9269
vn -0.3446 0.1800 -0.9213
vn -0.3516 0.1770 -0.9193
vn -0.3324 0.2456 -0.9106
vn -0.3502 0.4253 -0.8345
vn -0.3152 0.4635 -0.8281
vn -0.3117 0.5437 -0.7793
vn -0.3287 0.5119 -0.7937
vn -0.2215 0.7886 -0.5736
vn -0.4621 0.0385 -0.8860
vn -0.4492 0.0371 -0.8927
vn -0.4611 0.0799 -0.8837
vn -0.4508 0.1224 -0.8842
vn -0.4342 0.1615 -0.8862
vn -0.4345 0.1785 -0.8828
vn -0.4057 0.2868 -0.8678
vn -0.4031 0.3303 -0.8535
vn -0.3834 0.3708 -0.8458
vn -0.3652 0.3363 -0.8681
vn -0.3113 0.5307 -0.7883
vn -0.2903 0.5852 -0.7572
vn -0.2564 0.6290 -0.7339
vn -0.2616 0.5851 -0.7676
vn -0.4568 0.0975 -0.8842
vn -0.4503 0.1325 -0.8830
vn -0.4458 0.1859 -0.8756
vn -0.4341 0.2713 -0.8590
vn -0.4166 0.2523 -0.8734
vn -0.3807 0.4201 -0.8237
vn -0.3673 0.4734 -0.8006
vn -0.3422 0.5183 -0.7837
vn -0.3355 0.4753 -0.8133
vn -0.2275 0.6966 -0.6804
vn -0.4291 0.3118 -0.8477
vn -0.4110 0.4041 -0.8172
vn -0.3980 0.3705 -0.8392
vn -0.3356 0.5782 -0.7437
vn -0.3226 0.6336 -0.7032
vn -0.2826 0.6825 -0.6741
vn -0.2828 0.6287 -0.7244
vn -0.2379 0.7417 -0.6271
vn -0.4052 0.4483 -0.7968
vn -0.3709 0.5538 -0.7455
vn -0.3670 0.5193 -0.7718
vn -0.2585 0.7410 -0.6198
vn -0.2148 0.7786 -0.5896
vn -0.3568 0.6075 -0.7096
vn -0.3003 0.7222 -0.6230
vn -0.3104 0.6738 -0.6705
vn -0.2495 0.7817 -0.5715
vn -0.2592 0.7777 -0.5727
vn -0.2260 0.8215 -0.5234
vn -0.2300 0.8117 -0.5369
vn -0.2011 0.8456 -0.4945
vn -0.1686 0.8022 -0.5728
vn -0.1498 0.8637 -0.4812
vn -0.1151 0.9339 -0.3384
vn -0.1229 0.9258 -0.3574
vn -0.0892 0.9748 -0.2047
vn -0.0389 0.9973 -0.0629
vn -0.1987 0.7305 -0.6534
vn -0.1713 0.7732 -0.6105
vn -0.1303 0.8751 -0.4660
vn -0.1123 0.8862 -0.4496
vn -0.1029 0.9371 -0.3335
vn -0.0903 0.9786 -0.1849
vn -0.0492 0.9987 0.0166
vn 0.0324 0.9901 0.1368
vn 0.0471 0.9962 0.0730
vn -0.1788 0.8098 -0.5588
vn -0.1262 0.8443 -0.5207
vn -0.1414 0.8257 -0.5460
vn -0.0916 0.9453 -0.3131
vn -0.0732 0.9852 -0.1553
vn 0.0111 0.9827 0.1848
vn -0.1982 0.8210 -0.5355
vn -0.1595 0.8430 -0.5137
vn -0.1178 0.8685 -0.4814
vn -0.0870 0.9031 -0.4206
vn -0.0979 0.8948 -0.4355
vn -0.0757 0.9507 -0.3007
vn -0.0351 0.9967 0.0730
vn -0.0554 0.9911 -0.1207
vn -0.0013 0.9784 0.2066
vn -0.1274 0.8734 -0.4700
vn -0.0638 0.9129 -0.4032
vn -0.0560 0.9549 -0.2915
vn -0.0384 0.9912 0.1268
vn -0.0228 0.9943 0.1037
vn -0.0148 0.9749 0.2223
vn -0.1909 0.8619 -0.4698
vn -0.1569 0.8904 -0.4273
vn -0.1811 0.8590 -0.4788
vn -0.0945 0.9074 -0.4095
vn -0.0863 0.8952 -0.4372
vn -0.0278 0.9204 -0.3901
vn -0.0279 0.9560 -0.2919
vn -0.0534 0.9937 -0.0988
vn -0.0580 0.9886 0.1386
vn -0.0432 0.9686 0.2449
vn -0.0943 0.9256 -0.3665
vn -0.0455 0.9173 -0.3956
vn -0.0329 0.9352 -0.3526
vn 0.0144 0.9260 -0.3772
vn 0.0075 0.9506 -0.3102
vn -0.0442 0.9933 -0.1067
vn -0.0590 0.9916 0.1148
vn -0.0799 0.9606 0.2662
vn -0.1643 0.8759 -0.4537
vn -0.1361 0.9216 -0.3634
vn -0.1580 0.8964 -0.4141
vn -0.0817 0.9499 -0.3016
vn -0.0116 0.9558 -0.2937
vn -0.0048 0.9338 -0.3577
vn 0.0390 0.9480 -0.3157
vn 0.0643 0.9314 -0.3584
vn 0.0085 0.9847 -0.1743
vn -0.0206 0.9916 -0.1279
vn -0.1089 0.9590 0.2615
vn 0.0896 0.9840 0.1540
vn 0.0520 0.9954 0.0803
vn 0.0105 0.9999 0.0137
vn 0.0008 1.0000 0.0008
vn 0.0003 1.0000 0.0000
vn 0.0546 0.9886 0.1402
vn 0.0155 0.9992 0.0361
vn 0.0013 1.0000 0.0031
vn 0.0001 1.0000 0.0000
vn 0.0200 0.9922 0.1228
vn 0.0032 0.9999 0.0167
vn 0.0000 1.0000 0.0001
vn 0.0025 0.9933 0.1159
vn 0.0001 1.0000 0.0005
vn 0.0001 1.0000 0.0007
vn -0.0019 0.9932 0.1164
vn 0.0003 0.9999 0.0136
vn 0.0000 1.0000 0.0004
vn -0.0139 0.9915 0.1292
vn -0.0014 0.9999 0.0155
vn -0.0001 0.9999 0.0135
vn -0.0000 1.0000 0.0005
vn -0.0443 0.9857 0.1624
vn -0.0072 0.9996 0.0257
vn -0.0004 1.0000 0.0013
vn -0.0906 0.9726 0.2139
vn -0.0239 0.9980 0.0587
vn -0.0020 1.0000 0.0053
vn -0.0000 1.0000 0.0002
vn -0.3252 0.0928 -0.9411
vn -0.2956 0.0633 -0.9532
vn -0.2964 0.0928 -0.9505
vn -0.3291 0.1458 -0.9330
vn -0.3043 0.1582 -0.9394
vn -0.3336 0.1827 -0.9248
vn -0.3107 0.2058 -0.9280
vn -0.3350 0.2513 -0.9081
vn -0.3120 0.3511 -0.8828
vn -0.3260 0.3395 -0.8823
vn -0.2780 0.6037 -0.7472
vn -0.2490 0.6971 -0.6724
vn -0.1812 0.8178 -0.5463
vn -0.2706 0.0639 -0.9606
vn -0.2717 0.0895 -0.9582
vn -0.2771 0.1202 -0.9533
vn -0.2998 0.1246 -0.9458
vn -0.2768 0.1584 -0.9478
vn -0.3105 0.2799 -0.9084
vn -0.2819 0.3026 -0.9105
vn -0.3006 0.3872 -0.8716
vn -0.2824 0.4892 -0.8252
vn -0.2556 0.6401 -0.7245
vn -0.2230 0.6797 -0.6988
vn -0.2041 0.7729 -0.6008
vn -0.2293 0.7384 -0.6342
vn -0.1607 0.8514 -0.4993
vn -0.2501 0.0610 -0.9663
vn -0.2363 0.0659 -0.9694
vn -0.2572 0.0834 -0.9627
vn -0.2604 0.1161 -0.9585
vn -0.2608 0.1580 -0.9524
vn -0.2580 0.2227 -0.9401
vn -0.2780 0.2194 -0.9352
vn -0.2875 0.4230 -0.8593
vn -0.2540 0.4543 -0.8539
vn -0.2570 0.5542 -0.7917
vn -0.2664 0.5270 -0.8071
vn -0.1770 0.8103 -0.5587
vn -0.1488 0.8771 -0.4568
vn -0.2299 0.0517 -0.9719
vn -0.2149 0.0493 -0.9754
vn -0.2423 0.0877 -0.9662
vn -0.2242 0.0984 -0.9696
vn -0.2476 0.1148 -0.9620
vn -0.2325 0.1232 -0.9648
vn -0.2553 0.1543 -0.9545
vn -0.2541 0.2256 -0.9405
vn -0.2405 0.3211 -0.9160
vn -0.2576 0.3187 -0.9122
vn -0.2287 0.6078 -0.7604
vn -0.2055 0.7059 -0.6778
vn -0.1823 0.7537 -0.6314
vn -0.1208 0.8961 -0.4272
vn -0.1945 0.0433 -0.9799
vn -0.2006 0.0679 -0.9773
vn -0.2196 0.0705 -0.9730
vn -0.2051 0.0944 -0.9742
vn -0.2396 0.1659 -0.9566
vn -0.2144 0.1760 -0.9608
vn -0.2442 0.2340 -0.9411
vn -0.2270 0.4696 -0.8532
vn -0.2325 0.3449 -0.9094
vn -0.2108 0.4830 -0.8499
vn -0.2106 0.6398 -0.7391
vn -0.1254 0.8609 -0.4930
vn -0.1430 0.8411 -0.5216
vn -0.1719 0.0368 -0.9844
vn -0.1787 0.0605 -0.9820
vn -0.1907 0.1286 -0.9732
vn -0.2098 0.1285 -0.9693
vn -0.2231 0.2551 -0.9408
vn -0.1982 0.2668 -0.9431
vn -0.2249 0.3660 -0.9031
vn -0.1868 0.6655 -0.7227
vn -0.1597 0.6917 -0.7043
vn -0.1505 0.8050 -0.5739
vn -0.1672 0.7894 -0.5907
vn -0.1218 0.8828 -0.4538
vn -0.1603 0.0323 -0.9865
vn -0.1643 0.0544 -0.9849
vn -0.1689 0.0815 -0.9823
vn -0.1858 0.0883 -0.9786
vn -0.1764 0.1213 -0.9768
vn -0.1825 0.1851 -0.9656
vn -0.1916 0.1864 -0.9636
vn -0.2163 0.3911 -0.8946
vn -0.1910 0.4170 -0.8886
vn -0.1970 0.5382 -0.8195
vn -0.1979 0.5162 -0.8333
vn -0.1315 0.8285 -0.5444
vn -0.1528 0.0498 -0.9870
vn -0.1660 0.1128 -0.9797
vn -0.1722 0.1774 -0.9690
vn -0.1723 0.2729 -0.9465
vn -0.1875 0.2759 -0.9427
vn -0.1762 0.5863 -0.7907
vn -0.1554 0.7111 -0.6857
vn -0.1465 0.7464 -0.6492
vn -0.1216 0.8932 -0.4330
vn -0.1148 0.9001 -0.4203
vn -0.1102 0.9213 -0.3730
vn -0.1243 0.8999 -0.4181
vn -0.0957 0.9428 -0.3193
vn -0.1001 0.9145 -0.3920
vn -0.0778 0.9536 -0.2908
vn -0.0612 0.9645 -0.2569
vn -0.0848 0.9389 -0.3335
vn -0.0829 0.9281 -0.3629
vn -0.0648 0.9703 -0.2329
vn -0.1183 0.9395 -0.3214
vn -0.1383 0.9622 -0.2348
vn -0.1508 0.8753 -0.4595
vn -0.1619 0.9141 -0.3716
vn -0.2011 0.9435 -0.2632
vn -0.0908 0.9464 -0.3101
vn -0.0365 0.9694 -0.2427
vn 0.0232 0.9737 -0.2266
vn 0.0717 0.9622 -0.2627
vn 0.0624 0.9391 -0.3378
vn 0.1066 0.9350 -0.3381
vn 0.0648 0.9667 -0.2474
vn -0.0087 1.0000 -0.0032
vn -0.0587 0.9964 0.0617
vn -0.1133 0.9742 0.1950
vn -0.0614 0.9637 -0.2599
vn -0.0140 0.9811 -0.1931
vn 0.0367 0.9845 -0.1716
vn 0.1146 0.9420 -0.3154
vn 0.1209 0.9524 -0.2798
vn 0.0836 0.9707 -0.2253
vn 0.1122 0.9264 -0.3595
vn 0.1242 0.9398 -0.3183
vn 0.0083 0.9930 -0.1181
vn -0.0532 0.9746 -0.2176
vn -0.0174 0.9880 -0.1534
vn 0.0684 0.9826 -0.1729
vn 0.1712 0.9235 -0.3433
vn 0.1481 0.9214 -0.3592
vn 0.1163 0.9563 -0.2681
vn 0.0172 0.9934 -0.1136
vn -0.1446 0.9878 0.0582
vn -0.1237 0.9915 0.0414
vn -0.0492 0.9803 -0.1914
vn -0.0169 0.9932 -0.1152
vn 0.0200 0.9920 -0.1249
vn 0.0228 0.9962 -0.0840
vn 0.1227 0.9632 -0.2391
vn 0.0628 0.9899 -0.1272
vn 0.1756 0.9341 -0.3108
vn 0.1549 0.9506 -0.2688
vn 0.1085 0.9751 -0.1935
vn 0.1810 0.9143 -0.3624
vn 0.2043 0.9163 -0.3444
vn 0.1289 0.9614 -0.2430
vn -0.0098 0.9995 -0.0316
vn -0.0347 0.9863 -0.1615
vn -0.0164 0.9959 -0.0887
vn -0.0046 0.9958 -0.0911
vn 0.0269 0.9906 -0.1339
vn 0.1056 0.9373 -0.3323
vn 0.2057 0.9095 -0.3613
vn 0.1506 0.9248 -0.3494
vn 0.1063 0.9822 -0.1550
vn 0.0265 0.9950 -0.0962
vn -0.0671 0.9857 -0.1543
vn -0.0146 0.9981 -0.0607
vn -0.0842 0.9927 -0.0867
vn -0.1229 0.9882 -0.0915
vn -0.0889 0.9714 -0.2200
vn 0.0718 0.9680 -0.2406
vn -0.1764 0.9750 -0.1351
vn -0.0880 0.9684 -0.2332
vn 0.0193 0.9549 -0.2964
vn 0.0796 0.9494 -0.3038
vn 0.1545 0.9418 -0.2986
vn -0.1981 0.9725 -0.1223
vn -0.1066 0.9911 -0.0795
vn -0.2162 0.9710 -0.1016
vn -0.2016 0.9731 -0.1112
vn -0.1420 0.9825 -0.1206
vn -0.1943 0.9780 -0.0757
vn -0.1699 0.9824 -0.0769
vn -0.1355 0.9870 -0.0860
vn -0.0722 0.9885 -0.1325
vn 0.0138 0.9789 -0.2037
vn 0.1184 0.9629 -0.2425
vn -0.1612 0.9699 -0.1823
vn -0.2157 0.9665 -0.1393
vn -0.2100 0.9729 -0.0963
vn -0.2298 0.9683 -0.0976
vn -0.1403 0.9810 -0.1338
vn -0.1082 0.9910 -0.0792
vn -0.0960 0.9938 -0.0568
vn -0.0669 0.9968 -0.0429
vn -0.0437 0.9982 -0.0414
vn -0.0083 0.9976 -0.0692
vn 0.0530 0.9925 -0.1104
vn 0.1407 0.9786 -0.1502
vn -0.1550 0.9521 0.2634
vn -0.0761 0.9891 0.1258
vn -0.0138 0.9997 0.0205
vn -0.0011 1.0000 0.0009
vn -0.0003 1.0000 0.0002
vn -0.2464 0.9312 0.2687
vn -0.1876 0.9566 0.2230
vn -0.0772 0.9936 0.0822
vn -0.0155 0.9998 0.0133
vn -0.0005 1.0000 0.0001
vn -0.0002 1.0000 0.0000
vn -0.0001 1.0000 0.0000
vn -0.2120 0.9605 0.1803
vn -0.2643 0.9250 0.2730
vn -0.2145 0.9566 0.1975
vn -0.1015 0.9919 0.0758
vn -0.0357 0.9992 0.0176
vn -0.0023 1.0000 0.0015
vn -0.0149 0.9999 0.0021
vn -0.0087 1.0000 0.0026
vn -0.0048 1.0000 0.0001
vn -0.1142 0.9881 0.1033
vn -0.2038 0.9590 0.1969
vn -0.2930 0.9097 0.2943
vn -0.2898 0.9181 0.2705
vn -0.2661 0.9477 0.1761
vn -0.1798 0.9801 0.0847
vn -0.1200 0.9925 0.0232
vn -0.0556 0.9984 0.0021
vn -0.0126 0.9999 -0.0007
vn -0.1216 0.9863 0.1111
vn -0.2093 0.9613 0.1794
vn -0.3186 0.9089 0.2690
vn -0.2931 0.9314 0.2158
vn -0.3346 0.9306 0.1483
vn -0.2940 0.9522 0.0833
vn -0.0812 0.9964 0.0228
vn -0.2227 0.9748 0.0153
vn 0.0904 0.9764 -0.1961
vn 0.0329 0.9975 -0.0628
vn -0.0163 0.9998 0.0061
vn -0.1052 0.9909 0.0835
vn -0.1850 0.9764 0.1112
vn -0.3416 0.9186 0.1986
vn -0.2451 0.9611 0.1275
vn -0.3014 0.9437 0.1361
vn -0.2504 0.9657 0.0682
vn -0.3657 0.9264 0.0894
vn -0.3579 0.9337 0.0044
vn 0.0291 0.9952 -0.0935
vn 0.0071 0.9998 -0.0161
vn -0.0124 0.9999 0.0051
vn -0.0552 0.9980 0.0295
vn -0.1288 0.9906 0.0462
vn -0.2157 0.9759 0.0342
vn -0.2491 0.9641 0.0915
vn -0.3631 0.9259 0.1043
vn 0.0725 0.9717 -0.2247
vn -0.2477 0.9665 0.0678
vn 0.0900 0.9862 -0.1388
vn 0.1904 0.9681 -0.1629
vn 0.1724 0.9602 -0.2198
vn 0.0637 0.9961 -0.0606
vn 0.0185 0.9998 -0.0110
vn 0.0021 1.0000 -0.0047
vn -0.0164 0.9998 -0.0089
vn -0.0279 0.9996 0.0109
vn -0.0679 0.9971 0.0338
vn -0.0843 0.9964 -0.0086
vn -0.2637 0.9643 -0.0252
vn 0.2166 0.9603 -0.1760
vn 0.1685 0.9805 -0.1011
vn 0.2542 0.9601 -0.1168
vn 0.2610 0.9514 -0.1637
vn 0.1176 0.9919 -0.0487
vn 0.2170 0.9701 -0.1084
vn 0.0702 0.9966 -0.0423
vn 0.0301 0.9994 -0.0181
vn 0.0246 0.9997 0.0036
vn 0.0127 0.9999 0.0003
vn -0.1264 0.0289 -0.9916
vn -0.1482 0.0302 -0.9885
vn -0.1369 0.0387 -0.9898
vn -0.1205 0.0260 -0.9924
vn -0.1354 0.0498 -0.9895
vn -0.1505 0.0699 -0.9861
vn -0.1598 0.0752 -0.9843
vn -0.1560 0.1066 -0.9820
vn -0.1597 0.1731 -0.9719
vn -0.1542 0.2816 -0.9470
vn -0.1696 0.4280 -0.8877
vn -0.1505 0.4347 -0.8879
vn -0.1610 0.6097 -0.7761
vn -0.1510 0.8215 -0.5498
vn -0.1275 0.8469 -0.5163
vn -0.1273 0.0253 -0.9915
vn -0.1281 0.0202 -0.9916
vn -0.1315 0.0290 -0.9909
vn -0.1432 0.0748 -0.9869
vn -0.1391 0.0789 -0.9871
vn -0.1544 0.1008 -0.9828
vn -0.1491 0.1193 -0.9816
vn -0.1662 0.1714 -0.9711
vn -0.1530 0.2971 -0.9425
vn -0.1483 0.6269 -0.7648
vn -0.1290 0.6450 -0.7532
vn -0.1233 0.7654 -0.6317
vn -0.1383 0.7586 -0.6367
vn -0.1155 0.8026 -0.5852
vn -0.1228 0.0279 -0.9920
vn -0.1255 0.0527 -0.9907
vn -0.1313 0.0556 -0.9898
vn -0.1262 0.0793 -0.9888
vn -0.1603 0.1941 -0.9678
vn -0.1400 0.2107 -0.9675
vn -0.1606 0.3061 -0.9384
vn -0.1419 0.4470 -0.8832
vn -0.1406 0.4505 -0.8816
vn -0.1017 0.7889 -0.6060
vn -0.1035 0.0099 -0.9946
vn -0.1188 0.0133 -0.9928
vn -0.1071 0.0229 -0.9940
vn -0.1132 0.0480 -0.9924
vn -0.1311 0.1281 -0.9831
vn -0.1175 0.0789 -0.9899
vn -0.1161 0.1281 -0.9849
vn -0.1453 0.3313 -0.9323
vn -0.1165 0.6587 -0.7433
vn -0.1262 0.4843 -0.8657
vn -0.1010 0.6772 -0.7288
vn -0.0831 0.8231 -0.5618
vn -0.0887 0.8107 -0.5787
vn -0.0926 0.0070 -0.9957
vn -0.0956 0.0184 -0.9952
vn -0.1014 0.0415 -0.9940
vn -0.1073 0.0765 -0.9913
vn -0.1200 0.2136 -0.9695
vn -0.1089 0.1357 -0.9847
vn -0.1333 0.3431 -0.9298
vn -0.1164 0.3608 -0.9254
vn -0.1271 0.4993 -0.8570
vn -0.1035 0.6792 -0.7267
vn -0.0901 0.8072 -0.5834
vn -0.0972 0.8056 -0.5844
vn -0.0833 0.0046 -0.9965
vn -0.0854 0.0144 -0.9962
vn -0.0898 0.0352 -0.9953
vn -0.0953 0.0702 -0.9930
vn -0.1005 0.1324 -0.9861
vn -0.1011 0.2192 -0.9704
vn -0.1121 0.2229 -0.9684
vn -0.1091 0.5330 -0.8391
vn -0.0809 0.8137 -0.5756
vn -0.0795 0.0031 -0.9968
vn -0.0808 0.0123 -0.9967
vn -0.0821 0.0317 -0.9961
vn -0.0836 0.0656 -0.9943
vn -0.0864 0.1276 -0.9881
vn -0.0876 0.2248 -0.9705
vn -0.1010 0.3680 -0.9243
vn -0.0890 0.3749 -0.9228
vn -0.0905 0.7011 -0.7073
vn -0.0963 0.5534 -0.8273
vn -0.0688 0.8166 -0.5731
vn -0.0669 0.0014 -0.9978
vn -0.0678 0.0118 -0.9976
vn -0.0659 0.0327 -0.9973
vn -0.0611 0.0669 -0.9959
vn -0.0589 0.1231 -0.9906
vn -0.0663 0.2268 -0.9717
vn -0.0773 0.3735 -0.9244
vn -0.0781 0.7183 -0.6914
vn -0.0908 0.5696 -0.8169
vn -0.0623 0.8206 -0.5681
vn -0.1816 0.9037 -0.3878
vn -0.1197 0.8553 -0.5041
vn -0.1762 0.8557 -0.4866
vn -0.1018 0.9279 -0.3587
vn -0.1627 0.9544 -0.2503
vn -0.0469 0.9453 -0.3228
vn -0.0452 0.9824 -0.1815
vn -0.0802 0.8381 -0.5396
vn -0.0627 0.8692 -0.4905
vn -0.0714 0.8648 -0.4970
vn -0.0488 0.9489 -0.3118
vn -0.0398 0.9899 -0.1358
vn -0.0241 0.9891 -0.1452
vn -0.0600 0.8844 -0.4629
vn -0.0298 0.9881 -0.1506
vn -0.0312 0.9969 -0.0724
vn -0.0725 0.8592 -0.5065
vn -0.0744 0.8495 -0.5224
vn -0.0550 0.8979 -0.4369
vn -0.0398 0.9504 -0.3084
vn -0.0115 0.9901 -0.1398
vn -0.0142 0.9975 -0.0693
vn -0.0613 0.8653 -0.4974
vn -0.0277 0.9578 -0.2860
vn -0.0527 0.9093 -0.4128
vn -0.0205 0.9926 -0.1200
vn -0.0292 0.9929 -0.1153
vn -0.0096 0.9991 -0.0419
vn 0.0002 0.9985 -0.0549
vn -0.0517 0.8689 -0.4922
vn -0.0468 0.9096 -0.4128
vn -0.0388 0.9637 -0.2642
vn -0.0429 0.9661 -0.2544
vn -0.0132 0.9994 -0.0331
vn -0.1089 0.9806 -0.1628
vn -0.2139 0.9555 -0.2030
vn -0.0091 0.9987 -0.0506
vn 0.0002 0.9992 -0.0395
vn 0.0275 0.9993 -0.0238
vn 0.0373 0.9985 -0.0406
vn 0.0602 0.9966 -0.0564
vn 0.1106 0.9912 -0.0734
vn -0.0279 0.9965 -0.0787
vn -0.0079 0.9960 -0.0891
vn 0.0167 0.9993 -0.0324
vn 0.0331 0.9991 -0.0246
vn 0.0166 0.9996 -0.0221
vn 0.0465 0.9987 -0.0205
vn 0.0459 0.9983 -0.0354
vn 0.0536 0.9980 -0.0338
vn 0.0795 0.9965 -0.0239
vn -0.0134 0.9974 -0.0704
vn 0.0038 0.9989 -0.0465
vn -0.0113 0.9991 -0.0401
vn -0.0062 0.9999 -0.0131
vn -0.0023 0.9999 -0.0105
vn 0.0433 0.9990 -0.0146
vn 0.0015 0.9998 -0.0189
vn 0.0074 0.9995 -0.0323
vn 0.0178 0.9996 -0.0208
vn 0.0351 0.9994 0.0047
vn -0.0288 0.9972 -0.0694
vn -0.0292 0.9984 -0.0483
vn -0.0337 0.9991 -0.0252
vn -0.0108 0.9997 -0.0200
vn -0.0379 0.9992 -0.0134
vn -0.0414 0.9991 -0.0094
vn -0.0369 0.9993 -0.0103
vn -0.0224 0.9996 -0.0185
vn -0.0045 1.0000 -0.0034
vn -0.0108 0.9986 -0.0515
vn -0.0101 0.9995 -0.0286
vn -0.0169 0.9996 -0.0207
vn -0.0242 0.9997 -0.0097
vn -0.0215 0.9998 -0.0008
vn -0.0120 0.9999 -0.0035
vn 0.0009 0.9996 0.0276
vn 0.0105 0.9997 0.0199
vn 0.0148 0.9990 -0.0416
vn 0.0209 0.9993 -0.0309
vn 0.0037 0.9999 -0.0147
vn 0.0000 1.0000 0.0018
vn 0.0038 0.9999 0.0116
vn -0.0034 1.0000 0.0089
vn 0.0019 0.9996 -0.0285
vn 0.0057 0.9994 -0.0330
vn 0.0023 0.9993 -0.0380
vn 0.0117 0.9995 -0.0308
vn -0.0004 0.9998 -0.0204
vn -0.0018 1.0000 -0.0010
vn -0.0001 1.0000 0.0010
vn -0.0032 1.0000 0.0019
vn 0.0059 0.9996 0.0292
vn -0.0035 0.9999 0.0148
vn -0.0104 0.9996 -0.0266
vn -0.0134 0.9993 -0.0343
vn -0.0132 0.9992 -0.0376
vn -0.0058 0.9998 -0.0167
vn -0.0030 1.0000 -0.0003
vn -0.0084 0.9999 0.0111
vn -0.0170 0.9997 0.0190
vn -0.0049 0.9996 0.0273
vn 0.1787 0.9781 -0.1065
vn 0.2391 0.9628 -0.1257
vn 0.2734 0.9547 -0.1176
vn 0.2030 0.9757 -0.0826
vn 0.3134 0.9474 -0.0655
vn 0.2995 0.9468 -0.1179
vn 0.1770 0.9835 -0.0377
vn 0.2854 0.9579 -0.0309
vn 0.1223 0.9925 -0.0085
vn 0.1498 0.9887 -0.0035
vn 0.1156 0.9933 -0.0052
vn 0.2504 0.9679 -0.0236
vn 0.0103 0.9999 -0.0047
vn 0.1258 0.9910 -0.0462
vn 0.1725 0.9821 -0.0750
vn 0.2102 0.9743 -0.0803
vn 0.2556 0.9635 -0.0797
vn 0.2874 0.9560 -0.0584
vn 0.3053 0.9519 -0.0268
vn 0.2469 0.9690 -0.0091
vn 0.0621 0.9981 -0.0062
vn 0.0906 0.9950 -0.0418
vn 0.1146 0.9923 -0.0475
vn 0.1440 0.9889 -0.0371
vn 0.1755 0.9841 -0.0290
vn 0.2028 0.9790 -0.0223
vn 0.3000 0.9529 -0.0447
vn 0.2239 0.9745 -0.0148
vn 0.2321 0.9727 -0.0056
vn 0.3100 0.9507 -0.0084
vn 0.0274 0.9993 -0.0236
vn 0.0397 0.9988 -0.0294
vn 0.0513 0.9986 -0.0155
vn 0.0640 0.9979 -0.0075
vn 0.0780 0.9970 0.0002
vn 0.0982 0.9952 0.0025
vn 0.0187 0.9998 0.0113
vn 0.0064 0.9998 -0.0169
vn 0.0117 0.9997 -0.0225
vn 0.0153 0.9998 -0.0103
vn 0.0177 0.9998 0.0004
vn 0.0217 0.9997 0.0114
vn 0.1058 0.9944 -0.0081
vn 0.0281 0.9995 0.0143
vn 0.0038 0.9999 0.0148
vn 0.0078 0.9999 -0.0128
vn 0.0145 0.9997 -0.0178
vn 0.0170 0.9998 -0.0104
vn 0.0093 1.0000 -0.0028
vn -0.0009 0.9999 0.0104
vn 0.0293 0.9995 -0.0122
vn -0.0059 0.9999 0.0146
vn 0.0049 0.9999 0.0150
vn -0.0118 0.9999 -0.0072
vn -0.0016 1.0000 -0.0091
vn 0.0033 0.9999 -0.0128
vn -0.0009 0.9999 -0.0150
vn -0.0111 0.9999 -0.0030
vn -0.0236 0.9997 0.0089
vn -0.0232 0.9997 -0.0080
vn -0.0072 0.9999 -0.0124
vn -0.0288 0.9996 0.0081
vn -0.0116 0.9998 0.0146
vn -0.0316 0.9995 -0.0029
vn -0.0263 0.9997 -0.0022
vn -0.0257 0.9996 -0.0123
vn -0.0206 0.9997 -0.0152
vn -0.0157 0.9999 0.0028
vn -0.0146 0.9999 -0.0002
vn 0.0209 -0.0006 -0.9998
vn 0.0200 0.0135 -0.9997
vn 0.0244 0.0368 -0.9990
vn 0.0323 0.0756 -0.9966
vn 0.0339 0.1187 -0.9924
vn -0.0089 0.2030 -0.9791
vn -0.0579 0.3532 -0.9338
vn -0.0749 0.7348 -0.6741
vn -0.0832 0.5810 -0.8097
vn -0.0452 0.8315 -0.5537
vn 0.2525 -0.0005 -0.9676
vn 0.9999 0.0084 0.0095
vn 0.2537 0.0169 -0.9671
vn 0.9999 0.0041 -0.0121
vn 1.0000 0.0054 0.0046
vn 0.2585 0.0439 -0.9650
vn 0.9998 -0.0017 -0.0212
vn 0.9997 -0.0007 -0.0228
vn 0.9987 -0.0487 -0.0176
vn 0.9983 -0.0528 -0.0234
vn 0.2506 0.0690 -0.9656
vn 0.9959 -0.0906 -0.0054
vn 0.1689 0.0402 -0.9848
vn 0.0194 0.1371 -0.9904
vn -0.0689 0.5897 -0.8047
vn -0.0393 0.5955 -0.8024
vn -0.0446 0.7607 -0.6476
vn -0.0652 0.7516 -0.6564
vn -0.0147 0.8506 -0.5255
vn 0.4056 0.0027 -0.9140
vn 0.5673 0.0303 0.8230
vn 0.5733 0.0002 -0.8194
vn 0.4055 0.0194 -0.9139
vn 0.9916 0.0950 -0.0875
vn 0.9857 0.1456 -0.0852
vn 0.9917 0.0944 -0.0874
vn 0.7096 0.0355 0.7037
vn 0.6641 0.0301 0.7470
vn 0.5730 -0.0003 -0.8196
vn 0.3919 0.0000 -0.9200
vn 0.4022 0.0386 -0.9147
vn 0.9957 0.0208 -0.0899
vn 0.7427 0.0004 0.6696
vn 0.7305 0.0155 0.6827
vn 0.5726 -0.0078 -0.8198
vn 0.3918 -0.0004 -0.9201
vn 0.9928 -0.0859 -0.0834
vn 0.9958 0.0204 -0.0894
vn 0.7380 -0.0906 0.6687
vn 0.7054 -0.1311 0.6966
vn 0.5598 -0.0867 -0.8241
vn 0.3917 -0.0127 -0.9200
vn 0.3556 0.0315 -0.9341
vn 0.9843 -0.1676 -0.0557
vn 0.9925 -0.0953 -0.0761
vn 0.6362 -0.2677 0.7236
vn 0.5756 -0.3236 0.7509
vn 0.4638 -0.8859 0.0057
vn 0.4637 -0.8860 0.0058
vn 0.4697 -0.8829 -0.0012
vn 0.4734 -0.2413 -0.8471
vn 0.3943 -0.1305 -0.9097
vn 0.2198 0.0174 -0.9754
vn 0.8028 -0.5951 -0.0360
vn 0.9231 -0.3833 -0.0316
vn 0.9283 -0.3716 -0.0169
vn 0.1043 0.2479 -0.9632
vn -0.0433 0.3426 -0.9385
vn 0.1219 0.8024 -0.5842
vn 0.4352 -0.0009 -0.9003
vn 0.4043 -0.0153 -0.9145
vn 0.9996 0.0126 -0.0254
vn 0.9996 0.0127 -0.0256
vn 0.9996 0.0126 -0.0253
vn 0.6508 0.7574 -0.0534
vn 0.6565 0.7538 -0.0294
vn 0.6502 0.7577 -0.0559
vn 0.2359 0.0025 0.9718
vn 0.2352 0.0031 0.9719
vn 0.1268 -0.0062 -0.9919
vn 0.1525 -0.0693 -0.9859
vn 0.5278 -0.8493 -0.0102
vn 0.5337 -0.8454 -0.0222
vn 0.5147 -0.8572 0.0153
vn 0.2937 -0.2408 -0.9251
vn 0.3860 -0.3272 -0.8626
vn 0.2934 -0.1329 -0.9467
vn 0.2787 -0.1055 -0.9546
vn 0.9844 -0.0993 -0.1452
vn 0.9839 -0.1625 -0.0740
vn 0.9907 -0.1358 -0.0116
vn 0.6824 -0.4703 0.5596
vn 0.6726 -0.4811 0.5622
vn 0.7045 -0.4448 0.5531
vn 0.7481 -0.6564 -0.0971
vn 0.5278 -0.8397 -0.1275
vn 0.4628 -0.8683 -0.1784
vn 0.3816 -0.3647 -0.8493
vn 0.3153 0.0081 -0.9490
vn 0.9295 0.0572 -0.3644
vn 0.9568 -0.1444 -0.2522
vn 0.9329 0.0599 -0.3552
vn 0.9381 -0.1696 -0.3020
vn 0.1993 0.5999 -0.7749
vn 0.0222 0.5986 -0.8007
vn 0.8791 0.2744 -0.3897
vn 0.8952 0.3023 -0.3275
vn 0.9197 0.2654 -0.2892
vn 0.2009 0.8431 -0.4988
vn 0.3607 0.8200 -0.4443
vn 0.8917 0.3725 -0.2570
vn 0.8816 0.4483 -0.1477
vn 0.9009 0.4094 -0.1441
vn 0.8985 0.4386 -0.0204
vn 0.9187 0.3939 -0.0299
vn 0.8999 0.4361 -0.0007
vn 0.1250 -0.0002 -0.9922
vn 0.0312 -0.0014 -0.9995
vn 0.0411 -0.0179 -0.9990
vn 0.1100 -0.0523 -0.9926
vn 0.2291 -0.1501 -0.9618
vn 0.4041 -0.3484 -0.8458
vn 0.5548 0.0687 -0.8292
vn 0.5474 0.0789 -0.8332
vn 0.6235 -0.0345 -0.7811
vn 0.7837 0.5412 -0.3048
vn 0.8032 0.5395 -0.2524
vn 0.8167 0.3303 -0.4732
vn 0.7859 0.6019 -0.1420
vn 0.5521 0.8313 -0.0640
vn 0.7642 0.6446 -0.0199
vn 0.5310 0.8473 -0.0060
vn 0.0048 -0.0009 -1.0000
vn 0.0232 0.0365 -0.9991
vn 0.0540 0.0459 -0.9975
vn 0.3801 0.8594 -0.3419
vn 0.2148 0.8453 -0.4891
vn 0.3645 0.7954 -0.4843
vn 0.2103 0.9707 -0.1166
vn 0.1946 0.9808 -0.0130
vn 0.0030 -0.0001 -1.0000
vn 0.0002 0.0010 -1.0000
vn 0.0017 0.0552 -0.9985
vn 0.0050 0.1043 -0.9945
vn 0.2292 0.9033 -0.3625
vn 0.0251 0.8720 -0.4889
vn 0.0278 0.9911 -0.1301
vn 0.0277 0.9995 -0.0148
vn -0.0000 0.0010 -1.0000
vn 0.0000 0.0562 -0.9984
vn 0.0001 0.1101 -0.9939
vn 0.0020 0.9321 -0.3622
vn 0.0272 0.9310 -0.3640
vn 0.0034 0.9915 -0.1300
vn 0.0036 0.9999 -0.0147
vn 0.5095 -0.0493 0.8591
vn 0.8907 -0.0574 0.4510
vn 0.7246 -0.0566 0.6868
vn 0.5219 -0.1451 0.8406
vn 0.9047 -0.1673 0.3919
vn 0.7173 -0.1749 0.6744
vn 0.5722 -0.2350 0.7857
vn 0.7081 -0.2422 0.6633
vn 0.6973 -0.2650 0.6660
vn 0.9220 0.3872 -0.0016
vn 0.8991 0.4377 0.0006
vn 0.9220 0.3871 -0.0002
vn 0.8992 0.4375 -0.0001
vn 0.9245 0.3813 -0.0011
vn 0.8993 0.4372 -0.0000
vn 0.9252 0.3795 -0.0002
vn 0.8994 0.4371 0.0000
vn 0.9250 0.3799 -0.0001
vn 0.9250 0.3800 0.0000
vn 0.9260 0.3775 0.0018
vn 0.9001 0.4358 0.0021
vn 0.9341 0.3571 0.0043
vn 0.9070 0.4205 0.0238
vn 0.9519 0.3037 -0.0397
vn 0.9403 0.3267 0.0958
vn 0.1854 -0.0381 0.9819
vn 0.2421 -0.0875 0.9663
vn 0.3791 -0.1427 0.9143
vn 0.6351 -0.2039 0.7450
vn 0.4431 -0.0494 0.8951
vn 0.7298 -0.1333 0.6705
vn 0.6768 -0.1092 0.7280
vn 0.7200 0.0043 0.6940
vn 0.5224 0.1240 0.8436
vn 0.7583 -0.0353 0.6509
vn 0.8026 0.1827 0.5678
vn 0.8169 0.3895 0.4254
vn 0.9646 0.0329 0.2616
vn 0.7599 0.6500 -0.0012
vn 0.5290 0.8486 -0.0002
vn 0.7596 0.6504 0.0000
vn 0.5290 0.8486 0.0000
vn 0.7597 0.6503 0.0003
vn 0.7610 0.6487 0.0071
vn 0.5290 0.8486 0.0006
vn 0.7764 0.6267 0.0662
vn 0.5311 0.8472 0.0155
vn 0.8286 0.5129 0.2244
vn 0.5601 0.8131 0.1587
vn 0.8795 0.3087 0.3622
vn 0.9869 0.1277 0.0988
vn 0.0294 -0.0115 0.9995
vn 0.0568 -0.0103 0.9983
vn 0.1211 -0.0338 0.9921
vn 0.1591 0.0101 0.9872
vn 0.1723 0.1916 0.9662
vn 0.1927 0.9813 -0.0004
vn 0.1926 0.9813 0.0000
vn 0.1923 0.9812 0.0171
vn 0.1906 0.9609 0.2007
vn 0.2012 0.9155 0.3484
vn 0.3490 0.8829 0.3141
vn 0.1930 0.3299 0.9241
vn 0.0021 -0.0011 1.0000
vn 0.0052 -0.0004 1.0000
vn 0.0126 -0.0023 0.9999
vn 0.0155 0.0159 0.9998
vn 0.0162 0.1988 0.9799
vn 0.0277 0.9996 -0.0005
vn 0.0277 0.9996 0.0000
vn 0.1926 0.9813 0.0006
vn 0.0277 0.9996 0.0005
vn 0.0262 0.9794 0.2004
vn 0.0246 0.9318 0.3622
vn 0.0185 0.3575 0.9337
vn 0.0002 0.0000 1.0000
vn 0.0005 0.0004 1.0000
vn 0.0006 0.0161 0.9999
vn 0.0013 0.1993 0.9799
vn 0.0036 1.0000 -0.0005
vn 0.0036 1.0000 0.0000
vn 0.0036 1.0000 0.0005
vn 0.0276 0.9995 0.0163
vn 0.0036 0.9999 0.0161
vn 0.0031 0.9800 0.1991
vn 0.0016 0.3612 0.9325
vn 0.9889 -0.1130 0.0969
vn 0.9849 -0.1729 0.0023
vn 0.9855 -0.1689 0.0186
vn 0.9998 -0.0124 0.0170
vn 0.9935 -0.0911 0.0684
vn 1.0000 -0.0007 0.0014
vn 0.8995 -0.4327 -0.0606
vn 0.9512 -0.3030 -0.0579
vn 0.9032 -0.4186 0.0952
vn 0.9954 -0.0393 0.0879
vn 0.9470 -0.2061 0.2462
vn 1.0000 -0.0032 0.0091
vn 1.0000 -0.0002 0.0003
vn 0.8633 -0.5001 -0.0674
vn 0.9803 -0.1886 0.0593
vn 0.9150 -0.0620 0.3986
vn 0.9905 -0.0078 0.1376
vn 0.9999 -0.0036 0.0130
vn 1.0000 -0.0035 0.0000
vn 1.0000 -0.0035 0.0004
vn 0.9031 -0.0326 0.4281
vn 0.9896 -0.0337 0.1395
vn 0.9993 -0.0383 0.0005
vn 0.9992 -0.0380 0.0127
vn 0.8920 -0.1433 0.4287
vn 0.9788 -0.1668 0.1188
vn 0.9833 -0.1818 0.0099
vn 0.9831 -0.1831 0.0007
vn 0.9993 -0.0381 0.0001
vn 0.7940 -0.4543 0.4040
vn 0.8798 -0.4659 0.0948
vn 0.8881 -0.4595 0.0070
vn 0.8887 -0.4586 0.0011
vn 0.9832 -0.1827 0.0004
vn 0.7941 -0.5335 -0.2912
vn 0.7455 -0.6544 -0.1265
vn 0.7924 -0.5815 0.1842
vn 0.8240 -0.3580 0.4391
vn 0.7585 -0.5552 -0.3413
vn 0.6484 -0.7557 0.0922
vn 0.6365 -0.7639 0.1063
vn 0.7228 -0.6338 -0.2752
vn 0.8401 -0.3574 0.4080
vn 0.7916 -0.1194 0.5993
vn 0.9897 -0.1368 0.0423
vn 0.9795 -0.1925 0.0597
vn 0.9812 -0.1768 0.0780
vn 0.7106 -0.0850 0.6984
vn 0.7476 -0.0492 0.6624
vn 0.9980 -0.0593 0.0213
vn 0.9887 -0.1471 0.0289
vn 0.6722 -0.1348 0.7280
vn 0.7268 -0.1974 0.6579
vn 0.9653 -0.0495 -0.2563
vn 0.7240 -0.3248 0.6086
vn 0.7034 -0.5237 0.4806
vn 0.7410 -0.6538 0.1530
vn 0.7511 -0.6601 0.0129
vn 0.7517 -0.6595 0.0019
vn 0.8890 -0.4579 0.0008
vn 0.7519 -0.6593 0.0012
vn 0.9705 0.0259 -0.2397
vn 0.7589 -0.5907 0.2742
vn 0.7186 -0.6884 0.0991
vn 0.7073 -0.7068 0.0088
vn 0.7062 -0.7080 0.0011
vn 0.7066 -0.7076 0.0018
vn 0.6910 -0.3655 -0.6237
vn 0.4552 -0.4107 -0.7900
vn 0.3831 -0.9209 0.0712
vn 0.3862 -0.9199 0.0675
vn 0.5146 -0.8519 -0.0974
vn 0.7859 -0.1439 -0.6013
vn 0.4910 -0.1286 -0.8616
vn 0.7193 -0.0998 -0.6875
vn 0.1729 -0.2404 0.9552
vn 0.2619 -0.2913 0.9201
vn 0.1799 -0.3051 0.9352
vn 0.8318 -0.0609 -0.5517
vn 0.5541 -0.0045 -0.8324
vn 0.7404 -0.0537 -0.6700
vn 0.0391 -0.1595 0.9864
vn 0.7763 -0.0238 -0.6299
vn -0.0052 -0.1771 0.9842
vn -0.0063 -0.1275 0.9918
vn -0.5587 -0.4870 0.6713
vn -0.5830 -0.4322 0.6880
vn -0.5972 -0.6527 0.4662
vn 0.0224 -0.8833 0.4682
vn 0.0203 -0.8824 0.4701
vn -0.0083 -0.8686 0.4955
vn 0.8515 0.0651 -0.5203
vn 0.6646 0.0841 -0.7425
vn 0.0312 -0.4681 0.8831
vn 0.0344 -0.4706 0.8817
vn 0.0426 -0.4770 0.8779
vn -0.7173 -0.6382 0.2797
vn -0.6530 -0.7395 0.1635
vn -0.6768 -0.7287 0.1048
vn 0.0081 -0.9964 0.0845
vn 0.0086 -0.9869 0.1612
vn 0.0092 -0.9869 0.1608
vn -0.6560 -0.7546 0.0130
vn -0.6659 -0.7460 0.0092
vn 0.0079 -0.9999 0.0068
vn -0.6585 -0.7526 0.0012
vn -0.6656 -0.7463 0.0018
vn 0.0079 -1.0000 0.0012
vn -0.6602 -0.7511 0.0010
vn -0.6655 -0.7464 0.0010
vn 0.0080 -1.0000 0.0006
vn 0.0079 -1.0000 0.0011
vn 0.8946 0.2105 -0.3941
vn 0.9071 0.3167 -0.2773
vn 0.8259 0.3213 -0.4633
vn 0.7933 0.5532 -0.2543
vn 0.8621 0.5004 -0.0798
vn 0.8955 0.3854 -0.2226
vn 0.8310 0.5563 -0.0033
vn 0.8176 0.5549 -0.1533
vn 0.8441 0.5362 0.0011
vn 0.8301 0.5576 0.0007
vn 0.8450 0.5348 -0.0005
vn 0.8449 0.5349 0.0006
vn 0.8444 0.5358 -0.0017
vn 0.8298 0.5580 -0.0009
vn 0.8437 0.5368 -0.0013
vn 0.8297 0.5582 -0.0022
vn -0.0108 -0.9995 -0.0311
vn -0.0815 -0.9966 -0.0069
vn -0.1508 -0.9853 -0.0805
vn 0.2101 -0.1788 -0.9612
vn -0.4963 -0.4017 0.7697
vn -0.2766 -0.4147 0.8669
vn -0.4124 -0.5743 0.7072
vn -0.5740 -0.5967 0.5607
vn -0.7259 -0.4560 0.5149
vn 0.3905 0.1170 -0.9131
vn -0.5657 -0.3022 0.7672
vn -0.3675 -0.3116 0.8763
vn -0.7673 -0.3557 0.5336
vn -0.8809 -0.4299 0.1982
vn -0.9050 -0.3703 0.2094
vn -0.9190 -0.3938 0.0193
vn -0.9177 -0.3968 0.0187
vn -0.9195 -0.3931 0.0003
vn -0.9135 -0.4067 -0.0039
vn -0.9177 -0.3974 -0.0002
vn -0.9114 -0.4115 -0.0023
vn 0.4984 0.1762 -0.8489
vn -0.6822 -0.5901 0.4317
vn -0.7455 -0.6515 0.1402
vn -0.7486 -0.6629 0.0064
vn -0.7499 -0.6616 -0.0035
vn -0.7517 -0.6595 -0.0011
vn 0.6145 0.2279 -0.7553
vn 0.7913 0.5476 -0.2719
vn 0.8220 0.5497 -0.1489
vn 0.7661 0.5332 -0.3589
vn 0.8221 0.5595 -0.1050
vn 0.8425 0.5387 -0.0052
vn 0.8247 0.5655 -0.0026
vn 0.8440 0.5364 -0.0023
vn 0.8236 0.5672 -0.0002
vn 0.8424 0.5388 -0.0036
vn 0.8225 0.5687 -0.0015
vn 0.8408 0.5413 -0.0038
vn 0.8217 0.5699 -0.0021
vn 0.8397 0.5430 -0.0015
vn 0.8216 0.5701 -0.0011
vn 0.8299 0.5579 -0.0014
vn -0.5695 -0.8174 0.0863
vn -0.5694 -0.8083 -0.1499
vn -0.5748 -0.8123 0.0987
vn -0.5300 -0.7940 -0.2978
vn -0.5815 -0.7182 0.3822
vn -0.6285 -0.6512 0.4253
vn 0.1722 -0.0105 -0.9850
vn 0.2918 -0.0603 -0.9546
vn -0.7241 -0.5714 0.3863
vn -0.8069 -0.5725 0.1456
vn -0.8164 -0.5624 0.1313
vn -0.8103 -0.5859 0.0128
vn -0.8290 -0.5591 0.0106
vn -0.8091 -0.5877 -0.0001
vn -0.8299 -0.5579 0.0006
vn -0.8097 -0.5868 0.0003
vn -0.8309 -0.5564 0.0007
vn 0.3273 0.1630 -0.9308
vn 0.8856 0.3716 -0.2786
vn 0.8010 0.5715 -0.1784
vn 0.6978 0.5466 -0.4629
vn 0.8861 0.4571 -0.0764
vn 0.8023 0.5964 0.0256
vn 0.8934 0.4475 0.0400
vn 0.7849 0.6195 0.0165
vn 0.9100 0.4143 0.0153
vn 0.7816 0.6238 -0.0016
vn 0.9142 0.4053 -0.0013
vn 0.7803 0.6254 -0.0026
vn 0.9152 0.4031 -0.0018
vn 0.7792 0.6268 -0.0004
vn 0.4000 0.2060 -0.8930
vn 0.8341 0.5102 -0.2099
vn 0.8761 0.4801 -0.0450
vn 0.9034 0.4286 0.0112
vn 0.9174 0.3979 -0.0002
vn 0.9193 0.3936 -0.0043
vn 0.9196 0.3929 -0.0040
vn 0.9165 0.4000 -0.0008
vn 0.9201 0.3916 -0.0020
vn -0.9710 -0.1997 -0.1313
vn -0.9549 -0.2652 0.1338
vn -0.9537 -0.3004 0.0100
vn -0.5353 -0.7946 -0.2863
vn -0.5805 -0.7058 -0.4060
vn -0.9086 -0.3404 0.2419
vn -0.9240 -0.2466 0.2922
vn -0.5938 -0.7114 0.3761
vn -0.5709 -0.7172 0.3997
vn -0.9848 -0.1467 0.0926
vn -0.9436 -0.3230 0.0721
vn -0.9982 -0.0590 0.0110
vn -0.9508 -0.3096 0.0102
vn -0.9523 -0.3051 0.0058
vn -0.9990 -0.0448 0.0054
vn -0.9558 -0.2940 0.0048
vn -0.9998 -0.0196 0.0028
vn 0.0313 -0.0398 -0.9987
vn 0.0075 -0.1000 -0.9950
vn 0.0813 -0.0460 -0.9956
vn 0.8711 0.3011 -0.3879
vn 0.7453 0.4393 -0.5015
vn 0.7116 0.5166 -0.4761
vn 0.9166 0.3971 -0.0476
vn 0.6815 0.7117 0.1703
vn 0.7876 0.5351 0.3056
vn -0.2680 -0.4994 0.8239
vn -0.3563 -0.4540 0.8166
vn -0.5082 -0.3596 0.7826
vn -0.0745 -0.9889 0.1286
vn -0.0825 -0.9726 0.2176
vn -0.0718 -0.9893 0.1269
vn -0.0696 -0.9975 0.0129
vn -0.0690 -0.9975 0.0130
vn -0.0668 -0.9978 0.0009
vn -0.0664 -0.9978 0.0010
vn -0.0653 -0.9979 0.0007
vn -0.0651 -0.9979 0.0007
vn 0.1184 -0.0024 -0.9930
vn 0.7962 0.5140 -0.3193
vn 0.8693 0.4897 -0.0670
vn 0.9589 0.2581 0.1181
vn 0.7639 0.6453 0.0022
vn 0.9908 0.1321 0.0288
vn 0.9964 0.0837 0.0128
vn 0.7308 0.6826 0.0034
vn 0.9977 0.0674 0.0048
vn 0.9982 0.0599 -0.0024
vn 0.7173 0.6968 -0.0046
vn 0.9983 0.0581 -0.0032
vn 0.9984 0.0571 -0.0033
vn 0.7140 0.7001 -0.0050
vn 0.9984 0.0569 -0.0033
vn 0.9984 0.0571 -0.0013
vn 0.7107 0.7035 -0.0014
vn -0.0198 0.8796 -0.4753
vn 0.0033 0.9129 -0.4082
vn 0.0123 0.9658 -0.2589
vn 0.0002 0.9947 -0.1031
vn -0.0193 0.9940 -0.1075
vn 0.0048 0.9995 -0.0314
vn 0.0231 0.9045 -0.4259
vn 0.1025 0.9271 -0.3605
vn 0.0733 0.9907 -0.1146
vn 0.2243 0.9719 -0.0713
vn 0.1635 0.9604 -0.2255
vn 0.1151 0.9191 -0.3768
vn 0.2289 0.9430 -0.2414
vn 0.3604 0.9191 -0.1590
vn 0.3388 0.8409 -0.4220
vn 0.8343 0.5043 -0.2227
vn 0.8450 0.5191 -0.1289
vn 0.4423 0.8929 -0.0836
vn 0.8658 0.4989 -0.0378
vn 0.7155 0.6984 -0.0161
vn 0.4417 0.8957 -0.0508
vn 0.0098 0.9993 -0.0351
vn 0.0173 0.9994 -0.0296
vn 0.0308 0.9995 0.0003
vn -0.0023 1.0000 -0.0012
vn 0.0341 0.9994 0.0032
vn 0.0222 0.9997 0.0055
vn 0.0664 0.9972 -0.0336
vn 0.2424 0.9695 -0.0363
vn 0.0099 0.9996 -0.0264
vn 0.0737 0.9968 -0.0309
vn 0.0889 0.9959 -0.0143
vn 0.1056 0.9944 -0.0034
vn 0.0287 0.9995 -0.0105
vn 0.1086 0.9941 0.0017
vn 0.1097 0.9940 0.0031
vn 0.0327 0.9995 -0.0010
vn 0.1144 0.9934 0.0002
vn 0.2679 0.9629 -0.0331
vn 0.0769 0.9967 -0.0273
vn 0.4928 0.8699 -0.0210
vn 0.4551 0.8899 -0.0306
vn 0.2831 0.9587 -0.0276
vn 0.5073 0.8618 -0.0047
vn 0.2977 0.9546 -0.0061
vn 0.5042 0.8636 0.0038
vn 0.2998 0.9540 0.0029
vn 0.5021 0.8648 0.0009
vn 0.3002 0.9539 0.0019
vn 0.4991 0.8665 0.0032
vn 0.2983 0.9545 0.0050
vn 0.4932 0.8699 -0.0016
vn 0.2963 0.9551 -0.0009
vn 0.2971 0.9548 -0.0072
vn 0.1057 0.9944 -0.0041
vn 0.7232 0.6906 -0.0099
vn 0.7394 0.6732 -0.0074
vn 0.7453 0.6667 -0.0011
vn 0.7431 0.6691 0.0011
vn 0.7423 0.6700 -0.0003
vn 0.7418 0.6707 0.0004
vn 0.7408 0.6718 -0.0026
vn 0.7403 0.6717 -0.0261
vn 0.4962 0.8681 -0.0094
vn 0.0106 0.9999 -0.0021
vn 0.0056 1.0000 -0.0010
vn 0.0110 0.9999 -0.0058
vn -0.0127 0.9999 -0.0086
vn 0.0210 0.9998 -0.0033
vn 0.0338 0.9994 0.0015
vn 0.1048 0.9945 -0.0042
vn 0.0071 1.0000 -0.0024
vn 0.1045 0.9945 0.0009
vn 0.1076 0.9942 0.0024
vn 0.1098 0.9939 0.0044
vn 0.0302 0.9995 -0.0010
vn 0.1149 0.9934 0.0011
vn 0.0308 0.9995 0.0022
vn 0.2934 0.9560 -0.0061
vn 0.1031 0.9947 -0.0055
vn 0.2851 0.9585 -0.0090
vn 0.4789 0.8777 -0.0172
vn 0.4139 0.9103 -0.0065
vn 0.4380 0.8985 -0.0301
vn 0.1001 0.9950 -0.0009
vn 0.2778 0.9606 -0.0021
vn 0.4071 0.9134 0.0026
vn 0.2758 0.9612 0.0034
vn 0.4051 0.9143 0.0016
vn 0.2756 0.9613 0.0027
vn 0.4019 0.9157 0.0039
vn 0.2726 0.9621 0.0061
vn 0.3974 0.9176 -0.0001
vn 0.2704 0.9628 0.0003
vn 0.2711 0.9626 -0.0036
vn 0.1085 0.9941 -0.0018
vn 0.6642 0.7375 -0.1226
vn 0.4771 0.8786 -0.0212
vn 0.4707 0.8823 -0.0011
vn 0.4697 0.8828 0.0001
vn 0.4683 0.8835 0.0007
vn 0.4661 0.8847 -0.0002
vn 0.4014 0.9159 -0.0024
vn 0.7216 0.6840 -0.1067
vn 0.5272 0.8444 -0.0947
vn 0.6949 0.7187 -0.0245
vn 0.6969 0.7172 -0.0008
vn 0.6977 0.7163 -0.0001
vn 0.6979 0.7162 -0.0001
vn 0.6967 0.7173 -0.0006
vn 0.6961 0.7179 -0.0007
vn 0.4677 0.8839 -0.0006
vn 0.0002 0.0012 -1.0000
vn 0.0008 0.0562 -0.9984
vn 0.0006 0.1102 -0.9939
vn 0.0023 0.8740 -0.4859
vn 0.0009 0.8730 -0.4877
vn 0.0211 0.9917 -0.1265
vn 0.0246 0.9996 -0.0146
vn 0.0010 -0.0000 -1.0000
vn 0.0012 0.0002 -1.0000
vn 0.0082 0.0082 -0.9999
vn 0.0270 0.0551 -0.9981
vn 0.0205 0.1093 -0.9938
vn 0.0092 0.9337 -0.3578
vn 0.0473 0.8846 -0.4639
vn 0.1039 0.9405 -0.3235
vn 0.1725 0.9849 -0.0127
vn 0.0571 0.0000 -0.9984
vn 0.0570 0.0008 -0.9984
vn 0.0558 0.0270 -0.9981
vn 0.0533 0.0531 -0.9972
vn 0.0525 0.0993 -0.9937
vn 0.4138 0.7892 -0.4537
vn 0.6794 0.6521 -0.3364
vn 0.5755 0.5718 -0.5847
vn 0.4808 0.8713 -0.0983
vn 0.4521 0.8492 -0.2731
vn 0.1602 0.9809 -0.1099
vn 0.4804 0.8770 -0.0107
vn 0.7315 0.6730 -0.1093
vn 0.0572 -0.0000 -0.9984
vn 0.1121 -0.0008 -0.9937
vn 0.9212 -0.0029 -0.3891
vn 0.9605 -0.0054 -0.2782
vn 0.9957 -0.0089 -0.0917
vn 0.1121 -0.0000 -0.9937
vn 0.9200 -0.0002 -0.3919
vn 0.9600 -0.0003 -0.2798
vn 0.9958 -0.0004 -0.0921
vn 0.9999 -0.0093 -0.0103
vn 0.1120 0.0005 -0.9937
vn 0.9201 0.0013 -0.3916
vn 0.9605 0.0044 -0.2783
vn 0.9999 0.0108 -0.0102
vn 0.9958 0.0094 -0.0908
vn 0.1108 0.0204 -0.9936
vn 0.9239 0.0410 -0.3805
vn 0.9629 0.0799 -0.2576
vn 0.9899 0.1157 -0.0824
vn 0.1004 0.0524 -0.9936
vn 0.8206 0.3968 -0.4113
vn 0.8790 0.4158 -0.2333
vn 0.9054 0.4157 -0.0857
vn 0.9923 0.1232 -0.0092
vn 0.9132 0.4074 -0.0092
vn 0.7375 0.6753 -0.0120
vn 0.0031 -0.0001 1.0000
vn 0.0030 -0.0000 1.0000
vn 0.0030 0.0005 1.0000
vn 0.0041 0.0171 0.9998
vn 0.0124 0.2018 0.9793
vn 0.0247 0.9997 -0.0005
vn 0.0247 0.9997 0.0000
vn 0.0247 0.9997 0.0005
vn 0.0246 0.9996 0.0161
vn 0.0134 0.9327 0.3603
vn 0.0022 0.9324 0.3614
vn 0.0127 0.3614 0.9323
vn 0.0373 -0.0012 0.9993
vn 0.0363 -0.0001 0.9993
vn 0.0368 0.0015 0.9993
vn 0.0474 0.0292 0.9985
vn 0.1024 0.2187 0.9704
vn 0.1740 0.9847 -0.0004
vn 0.1740 0.9847 0.0000
vn 0.1740 0.9848 0.0004
vn 0.0210 0.9805 0.1955
vn 0.1717 0.9851 0.0133
vn 0.0992 0.9341 0.3430
vn 0.0936 0.3574 0.9292
vn 0.2336 -0.0041 0.9723
vn 0.2329 -0.0001 0.9725
vn 0.2338 0.0068 0.9723
vn 0.2474 0.0822 0.9654
vn 0.2549 0.2263 0.9401
vn 0.4800 0.8773 -0.0003
vn 0.4799 0.8773 0.0000
vn 0.7376 0.6752 -0.0004
vn 0.7376 0.6752 0.0000
vn 0.4799 0.8773 0.0002
vn 0.4805 0.8769 0.0088
vn 0.7376 0.6752 0.0004
vn 0.4865 0.8642 0.1285
vn 0.7372 0.6755 0.0143
vn 0.1494 0.9739 0.1708
vn 0.4946 0.8016 0.3357
vn 0.7193 0.6653 0.2001
vn 0.1948 0.3294 0.9239
vn 1.0000 -0.0093 0.0000
vn 1.0000 -0.0093 -0.0003
vn 0.9999 -0.0093 0.0116
vn 1.0000 -0.0093 0.0003
vn 0.9871 -0.0080 0.1598
vn 0.9566 -0.0339 0.2894
vn 0.3928 -0.0051 0.9196
vn 0.9999 -0.0003 -0.0103
vn 1.0000 -0.0003 0.0000
vn 1.0000 -0.0003 -0.0003
vn 1.0000 -0.0003 0.0003
vn 0.9999 -0.0003 0.0116
vn 0.9870 -0.0004 0.1609
vn 0.9551 -0.0004 0.2962
vn 0.3925 -0.0002 0.9197
vn 0.9999 0.0109 -0.0003
vn 0.9999 0.0109 0.0000
vn 0.9999 0.0109 0.0003
vn 0.9999 0.0108 0.0115
vn 0.9552 0.0051 0.2960
vn 0.9872 0.0089 0.1594
vn 0.3922 0.0057 0.9199
vn 0.9923 0.1240 -0.0003
vn 0.9923 0.1240 0.0000
vn 0.9923 0.1240 0.0003
vn 0.9841 0.1060 0.1423
vn 0.9924 0.1225 0.0099
vn 0.9558 0.0683 0.2859
vn 0.3863 0.0742 0.9194
vn 0.9138 0.4063 -0.0003
vn 0.9138 0.4062 0.0000
vn 0.9138 0.4062 0.0002
vn 0.9134 0.4070 0.0074
vn 0.9007 0.4190 0.1148
vn 0.8377 0.4471 0.3137
vn 0.6447 0.6072 0.4644
vn 0.3581 0.1659 0.9188
vn 0.0132 0.1097 -0.9939
vn -0.0397 0.0682 -0.9969
vn -0.8518 -0.3255 0.4106
vn -0.8325 -0.4692 0.2944
vn -0.8152 -0.5634 0.1340
vn -0.8294 -0.5484 0.1064
vn -0.8135 -0.5813 0.0169
vn -0.8249 -0.5651 0.0147
vn -0.8128 -0.5826 0.0026
vn -0.8259 -0.5638 0.0034
vn -0.8131 -0.5821 0.0013
vn -0.8301 -0.5577 0.0030
vn -0.0132 0.0761 -0.9970
vn 0.0028 0.0696 -0.9976
vn 0.6911 0.6634 -0.2867
vn 0.7868 0.5943 -0.1666
vn 0.7021 0.5827 -0.4094
vn 0.7264 0.6793 -0.1040
vn 0.7851 0.6193 0.0009
vn 0.7953 0.6062 -0.0066
vn 0.6275 0.7777 0.0370
vn 0.2441 0.9697 0.0092
vn 0.7763 0.6303 -0.0058
vn 0.7765 0.6301 -0.0045
vn 0.1250 0.9918 -0.0278
vn 0.1994 0.9799 -0.0013
vn 0.8040 0.5946 -0.0107
vn 0.7809 0.6246 -0.0069
vn 0.1175 0.9893 -0.0861
vn 0.1174 0.9893 -0.0872
vn 0.8205 0.5713 -0.0222
vn 0.7965 0.6046 -0.0091
vn 0.1164 0.9837 -0.1369
vn 0.0268 0.5774 -0.8160
vn 0.0662 0.5735 -0.8165
vn 0.0186 0.5782 -0.8157
vn 0.2793 0.1758 -0.9440
vn 0.7947 0.5353 -0.2861
vn 0.8544 0.5162 -0.0601
vn 0.9111 0.4121 0.0082
vn 0.9960 0.0886 0.0138
vn 0.7609 0.6487 -0.0105
vn 0.9981 0.0621 0.0010
vn 0.9987 0.0500 -0.0034
vn 0.7527 0.6583 -0.0071
vn 0.9989 0.0473 -0.0047
vn 0.9989 0.0470 -0.0032
vn 0.7498 0.6616 -0.0051
vn 0.9989 0.0471 -0.0032
vn 0.9989 0.0477 -0.0012
vn 0.7510 0.6603 -0.0030
vn -1.0000 -0.0057 0.0001
vn -1.0000 -0.0074 0.0041
vn -0.9979 -0.0243 0.0601
vn -0.9389 -0.0172 0.3437
vn -0.7344 0.0181 0.6785
vn -0.8929 0.0374 0.4488
vn -0.7090 0.0634 0.7024
vn -0.8498 0.0661 0.5229
vn -0.6839 0.1159 0.7204
vn -0.7888 0.1138 0.6040
vn -0.6621 0.1436 0.7355
vn -0.8949 0.2052 0.3964
vn -0.7607 0.2234 0.6095
vn -0.6419 0.1999 0.7403
vn -0.8333 0.2632 0.4862
vn -0.7347 0.3094 0.6038
vn -0.7964 0.4409 0.4139
vn -0.7426 0.4155 0.5253
vn -0.6803 0.4007 0.6137
vn -0.8376 0.4817 0.2575
vn -0.7762 0.5737 0.2616
vn -0.7108 0.5906 0.3820
vn -0.6738 0.5534 0.4896
vn -0.5225 0.0167 0.8525
vn -0.3881 0.0087 0.9216
vn -0.5300 0.0652 0.8455
vn -0.3929 0.0491 0.9183
vn -0.5154 0.1244 0.8479
vn -0.3959 0.0933 0.9136
vn -0.4993 0.1739 0.8488
vn -0.6183 0.2692 0.7384
vn -0.4840 0.2339 0.8432
vn -0.5937 0.3468 0.7262
vn -0.4689 0.3021 0.8300
vn -0.6236 0.5114 0.5913
vn -0.5416 0.4660 0.6996
vn -0.4613 0.4109 0.7864
vn -0.5906 0.6747 0.4426
vn -0.5523 0.6330 0.5425
vn -0.4901 0.5742 0.6559
vn -0.3045 0.0103 0.9524
vn -0.2996 0.0502 0.9528
vn -0.3911 0.1433 0.9091
vn -0.3037 0.1040 0.9471
vn -0.3906 0.1917 0.9004
vn -0.3174 0.1538 0.9357
vn -0.3830 0.2422 0.8914
vn -0.3328 0.2038 0.9207
vn -0.3647 0.3099 0.8781
vn -0.4073 0.5210 0.7501
vn -0.3567 0.4154 0.8368
vn -0.4190 0.6987 0.5798
vn -0.3794 0.6228 0.6843
vn -0.3090 0.0138 0.9510
vn -0.3080 0.0495 0.9501
vn -0.3138 0.0945 0.9448
vn -0.3188 0.1461 0.9365
vn -0.3416 0.2590 0.9035
vn -0.3238 0.2109 0.9223
vn -0.3415 0.3304 0.8799
vn -0.3330 0.2758 0.9017
vn -0.3433 0.5297 0.7756
vn -0.3229 0.4308 0.8427
vn -0.3273 0.6299 0.7044
vn -0.3120 0.5412 0.7809
vn -0.3426 0.0136 0.9394
vn -0.3780 0.0138 0.9257
vn -0.3458 0.0470 0.9371
vn -0.3746 0.0441 0.9261
vn -0.3508 0.0890 0.9322
vn -0.3706 0.0731 0.9259
vn -0.3422 0.1466 0.9281
vn -0.3349 0.2133 0.9178
vn -0.3377 0.3544 0.8720
vn -0.3276 0.2920 0.8986
vn -0.3291 0.4456 0.8325
vn -0.3264 0.3783 0.8663
vn -0.3139 0.6564 0.6860
vn -0.3102 0.5542 0.7724
vn -0.4050 0.0209 0.9141
vn -0.3927 0.0543 0.9181
vn -0.3654 0.1096 0.9244
vn -0.3808 0.0947 0.9198
vn -0.3625 0.1545 0.9191
vn -0.3786 0.1468 0.9138
vn -0.3636 0.2207 0.9050
vn -0.3745 0.1935 0.9068
vn -0.3425 0.3054 0.8885
vn -0.3229 0.4744 0.8189
vn -0.3190 0.4017 0.8584
vn -0.2922 0.5711 0.7671
vn -0.2982 0.5075 0.8084
vn -0.4294 0.0306 0.9026
vn -0.4433 0.0201 0.8962
vn -0.4181 0.0655 0.9060
vn -0.4058 0.1051 0.9079
vn -0.3949 0.1577 0.9051
vn -0.3645 0.2544 0.8958
vn -0.3764 0.2257 0.8985
vn -0.3566 0.3245 0.8761
vn -0.3652 0.3008 0.8810
vn -0.3280 0.4239 0.8442
vn -0.3471 0.3867 0.8544
vn -0.2583 0.6225 0.7388
vn -0.2772 0.5367 0.7970
vn -0.4380 0.0496 0.8976
vn -0.4495 0.0371 0.8925
vn -0.4320 0.0763 0.8986
vn -0.4475 0.0770 0.8910
vn -0.4246 0.1123 0.8984
vn -0.4420 0.1152 0.8896
vn -0.4194 0.1632 0.8930
vn -0.4345 0.1609 0.8862
vn -0.4062 0.2396 0.8818
vn -0.4227 0.2159 0.8802
vn -0.3703 0.3240 0.8706
vn -0.3094 0.4941 0.8125
vn -0.3332 0.4249 0.8417
vn -0.2357 0.6622 0.7113
vn -0.2601 0.5932 0.7618
vn -0.8540 0.5203 0.0040
vn -0.8466 0.5320 0.0153
vn -0.8316 0.5547 0.0273
vn -0.8071 0.5891 0.0405
vn -0.7697 0.6359 0.0569
vn -0.6616 0.7419 0.1086
vn -0.7018 0.7114 0.0374
vn -0.6477 0.7196 0.2503
vn -0.6017 0.7987 0.0062
vn -0.5992 0.8004 0.0204
vn -0.5939 0.8037 0.0365
vn -0.5851 0.8092 0.0536
vn -0.5754 0.8145 0.0748
vn -0.5621 0.8221 0.0903
vn -0.7162 0.6934 0.0793
vn -0.5324 0.8376 0.1223
vn -0.5015 0.8483 0.1700
vn -0.2894 0.9572 0.0050
vn -0.2936 0.9558 0.0174
vn -0.2999 0.9534 0.0324
vn -0.3073 0.9503 0.0493
vn -0.3138 0.9468 0.0717
vn -0.3319 0.9377 0.1024
vn -0.3227 0.9362 0.1395
vn -0.4962 0.8381 0.2267
vn -0.3337 0.9254 0.1796
vn -0.0499 0.9988 -0.0017
vn -0.0718 0.9974 0.0036
vn -0.0978 0.9949 0.0229
vn -0.1280 0.9913 0.0291
vn -0.1568 0.9858 0.0608
vn -0.1781 0.9798 0.0906
vn -0.1822 0.9754 0.1238
vn 0.1484 0.9888 -0.0145
vn 0.1330 0.9906 -0.0316
vn 0.0911 0.9955 -0.0243
vn -0.0262 0.9993 0.0265
vn -0.0798 0.9945 0.0680
vn -0.1105 0.9878 0.1096
vn -0.1833 0.9688 0.1667
vn 0.1695 0.9855 -0.0125
vn 0.1832 0.9824 -0.0366
vn 0.1961 0.9789 -0.0573
vn 0.1839 0.9802 -0.0731
vn 0.0345 0.9993 -0.0162
vn 0.1254 0.9903 -0.0597
vn 0.0321 0.9995 -0.0012
vn -0.0494 0.9963 0.0708
vn -0.0947 0.9873 0.1277
vn -0.1338 0.9790 0.1536
vn 0.0663 0.9978 -0.0017
vn 0.0795 0.9968 -0.0101
vn 0.1073 0.9938 -0.0291
vn 0.1462 0.9871 -0.0657
vn 0.1767 0.9787 -0.1043
vn 0.1484 0.9840 -0.0983
vn 0.0516 0.9985 -0.0201
vn -0.0431 0.9961 0.0774
vn 0.0070 1.0000 -0.0001
vn 0.0087 1.0000 -0.0008
vn 0.0144 0.9999 -0.0039
vn 0.0358 0.9992 -0.0165
vn 0.0856 0.9948 -0.0557
vn 0.1412 0.9833 -0.1147
vn 0.1316 0.9844 -0.1167
vn 0.0348 0.9992 -0.0179
vn 0.0005 1.0000 -0.0001
vn 0.0030 1.0000 -0.0013
vn 0.0142 0.9998 -0.0108
vn 0.0569 0.9968 -0.0553
vn 0.1139 0.9851 -0.1289
vn 0.0918 0.9889 -0.1172
vn -0.6364 0.7160 0.2869
vn -0.6174 0.7076 0.3437
vn -0.4527 0.8343 0.3146
vn -0.4590 0.8078 0.3698
vn -0.4491 0.7645 0.4625
vn -0.3403 0.9036 0.2603
vn -0.3087 0.8948 0.3226
vn -0.3248 0.8701 0.3707
vn -0.3321 0.8206 0.4651
vn -0.3252 0.7405 0.5882
vn -0.2067 0.9510 0.2300
vn -0.2237 0.9324 0.2838
vn -0.2484 0.9043 0.3472
vn -0.2685 0.8555 0.4427
vn -0.2859 0.7632 0.5795
vn -0.1554 0.9671 0.2015
vn -0.1759 0.9529 0.2472
vn -0.2137 0.9212 0.3253
vn -0.2402 0.8725 0.4255
vn -0.2722 0.7890 0.5508
vn -0.2798 0.6881 0.6695
vn -0.1260 0.9763 0.1760
vn -0.1537 0.9621 0.2254
vn -0.1816 0.9371 0.2980
vn -0.2194 0.8859 0.4086
vn -0.2347 0.8169 0.5269
vn -0.2451 0.7109 0.6593
vn -0.0947 0.9851 0.1434
vn -0.1231 0.9725 0.1979
vn -0.1531 0.9522 0.2644
vn -0.1819 0.9036 0.3878
vn -0.2140 0.7505 0.6253
vn -0.0585 0.9938 0.0946
vn -0.1047 0.9796 0.1714
vn -0.1299 0.9601 0.2477
vn -0.1433 0.9173 0.3716
vn -0.1899 0.8384 0.5109
vn -0.1583 0.8492 0.5038
vn -0.1877 0.7731 0.6059
vn -0.2082 0.7044 0.6786
vn -0.0076 0.9999 0.0094
vn -0.0804 0.9882 0.1302
vn -0.1087 0.9678 0.2270
vn -0.1226 0.9259 0.3573
vn -0.4623 0.0377 0.8859
vn -0.4614 0.0797 0.8836
vn -0.4511 0.1221 0.8841
vn -0.4350 0.1777 0.8827
vn -0.4049 0.2846 0.8689
vn -0.4165 0.2509 0.8738
vn -0.3824 0.3690 0.8471
vn -0.4027 0.3295 0.8540
vn -0.3064 0.5338 0.7881
vn -0.3346 0.4740 0.8145
vn -0.2555 0.6320 0.7317
vn -0.2904 0.5856 0.7568
vn -0.4568 0.0974 0.8842
vn -0.4503 0.1321 0.8830
vn -0.4456 0.1852 0.8759
vn -0.4338 0.2702 0.8596
vn -0.3811 0.4183 0.8245
vn -0.3979 0.3695 0.8397
vn -0.3431 0.5167 0.7844
vn -0.3671 0.4713 0.8019
vn -0.2285 0.6982 0.6784
vn -0.2836 0.6290 0.7238
vn -0.4277 0.3109 0.8488
vn -0.4094 0.4030 0.8185
vn -0.3338 0.5774 0.7451
vn -0.3650 0.5180 0.7736
vn -0.2381 0.7429 0.6257
vn -0.2816 0.6821 0.6748
vn -0.3210 0.6325 0.7049
vn -0.4044 0.4466 0.7982
vn -0.3708 0.5522 0.7467
vn -0.2167 0.7789 0.5885
vn -0.2586 0.7389 0.6222
vn -0.3100 0.6726 0.6719
vn -0.2450 0.7809 0.5746
vn -0.3561 0.6066 0.7108
vn -0.2977 0.7233 0.6230
vn -0.2216 0.8219 0.5248
vn -0.4648 0.0340 0.8848
vn -0.4619 0.0649 0.8846
vn -0.4626 0.0428 0.8855
vn -0.4560 0.0848 0.8859
vn -0.4522 0.1304 0.8824
vn -0.4462 0.1767 0.8774
vn -0.4389 0.2367 0.8668
vn -0.4615 0.0474 0.8859
vn -0.4496 0.0454 0.8921
vn -0.4582 0.0914 0.8841
vn -0.4453 0.0764 0.8921
vn -0.4485 0.1373 0.8832
vn -0.4347 0.1913 0.8800
vn -0.4233 0.2649 0.8664
vn -0.4172 0.3466 0.8401
vn -0.4329 0.0551 0.8997
vn -0.4395 0.1116 0.8913
vn -0.4255 0.0955 0.8999
vn -0.4345 0.1459 0.8888
vn -0.4234 0.1383 0.8953
vn -0.4361 0.1926 0.8791
vn -0.4236 0.1769 0.8884
vn -0.4323 0.2749 0.8588
vn -0.4232 0.2331 0.8755
vn -0.4061 0.3788 0.8316
vn -0.3825 0.4905 0.7831
vn -0.4285 0.0596 0.9016
vn -0.4085 0.0562 0.9110
vn -0.4240 0.0982 0.9003
vn -0.4043 0.0814 0.9110
vn -0.4154 0.1403 0.8988
vn -0.4049 0.1877 0.8949
vn -0.4200 0.3074 0.8538
vn -0.3992 0.2537 0.8811
vn -0.4090 0.4028 0.8188
vn -0.3999 0.3340 0.8536
vn -0.3733 0.5285 0.7625
vn -0.3267 0.6599 0.6766
vn -0.3820 0.0658 0.9218
vn -0.3996 0.1147 0.9095
vn -0.3761 0.0982 0.9214
vn -0.4001 0.1446 0.9050
vn -0.3765 0.1319 0.9170
vn -0.4047 0.1918 0.8941
vn -0.3797 0.1611 0.9110
vn -0.3945 0.2651 0.8798
vn -0.3935 0.4411 0.8066
vn -0.3738 0.3603 0.8547
vn -0.3605 0.5584 0.7471
vn -0.3531 0.4801 0.8030
vn -0.2582 0.7798 0.5703
vn -0.3005 0.6989 0.6490
vn -0.3675 0.0727 0.9272
vn -0.3628 0.1031 0.9261
vn -0.3578 0.1349 0.9240
vn -0.3802 0.2113 0.9004
vn -0.3519 0.1766 0.9192
vn -0.3812 0.2776 0.8818
vn -0.3515 0.2391 0.9052
vn -0.3690 0.3799 0.8483
vn -0.3563 0.3175 0.8788
vn -0.3312 0.6104 0.7195
vn -0.3307 0.5118 0.7929
vn -0.2317 0.8120 0.5357
vn -0.2723 0.7417 0.6129
vn -0.2846 0.6606 0.6947
vn -0.3424 0.0730 0.9367
vn -0.3194 0.0673 0.9452
vn -0.3480 0.1015 0.9320
vn -0.3253 0.0911 0.9412
vn -0.3510 0.1359 0.9265
vn -0.3278 0.1168 0.9375
vn -0.3451 0.1805 0.9210
vn -0.3324 0.2455 0.9106
vn -0.3516 0.4243 0.8345
vn -0.3263 0.3380 0.8828
vn -0.3129 0.5435 0.7789
vn -0.3153 0.4626 0.8286
vn -0.2011 0.8452 0.4951
vn -0.2214 0.7892 0.5729
vn -0.2502 0.6976 0.6713
vn 0.0008 1.0000 -0.0008
vn 0.0106 0.9998 -0.0137
vn 0.0521 0.9954 -0.0805
vn 0.0899 0.9839 -0.1546
vn 0.0014 1.0000 -0.0031
vn 0.0155 0.9992 -0.0361
vn 0.0547 0.9886 -0.1403
vn 0.0000 1.0000 -0.0001
vn 0.0001 1.0000 -0.0006
vn 0.0032 0.9999 -0.0168
vn 0.0200 0.9922 -0.1228
vn 0.0002 0.9999 -0.0137
vn 0.0025 0.9933 -0.1159
vn 0.0000 1.0000 -0.0004
vn -0.0001 0.9999 -0.0135
vn -0.0019 0.9932 -0.1164
vn -0.0000 1.0000 -0.0005
vn -0.0014 0.9999 -0.0155
vn -0.0004 1.0000 -0.0013
vn -0.0139 0.9915 -0.1292
vn -0.0072 0.9996 -0.0258
vn -0.0000 1.0000 -0.0002
vn -0.0020 1.0000 -0.0053
vn -0.0443 0.9857 -0.1624
vn -0.0239 0.9980 -0.0587
vn -0.1499 0.8639 0.4808
vn -0.1690 0.8022 0.5727
vn -0.1997 0.7313 0.6522
vn 0.0480 0.9962 -0.0734
vn -0.0378 0.9972 0.0640
vn -0.0885 0.9747 0.2053
vn -0.1149 0.9342 0.3378
vn -0.1303 0.8754 0.4655
vn -0.1719 0.7746 0.6087
vn 0.0330 0.9901 -0.1367
vn -0.0485 0.9987 -0.0158
vn -0.0902 0.9786 0.1850
vn -0.1028 0.9374 0.3326
vn -0.1119 0.8865 0.4491
vn -0.1413 0.8260 0.5456
vn -0.1255 0.8451 0.5196
vn -0.1792 0.8115 0.5562
vn 0.0111 0.9828 -0.1846
vn -0.0727 0.9852 0.1555
vn -0.0909 0.9456 0.3125
vn -0.0968 0.8952 0.4351
vn -0.1177 0.8701 0.4787
vn -0.1608 0.8450 0.5100
vn -0.1985 0.8206 0.5359
vn -0.0013 0.9785 -0.2062
vn -0.0349 0.9968 -0.0723
vn -0.0552 0.9911 0.1212
vn -0.0752 0.9508 0.3005
vn -0.0865 0.9035 0.4197
vn -0.1253 0.8753 0.4670
vn -0.1765 0.8587 0.4811
vn -0.0228 0.9944 -0.1028
vn -0.0148 0.9750 -0.2219
vn -0.0386 0.9913 -0.1260
vn -0.0567 0.9549 0.2915
vn -0.0647 0.9133 0.4021
vn -0.0863 0.8964 0.4348
vn -0.0933 0.9073 0.4101
vn -0.1547 0.8894 0.4301
vn -0.1920 0.8621 0.4690
vn -0.0431 0.9687 -0.2446
vn -0.0539 0.9936 0.0992
vn -0.0579 0.9887 -0.1380
vn -0.0286 0.9562 0.2915
vn -0.0287 0.9207 0.3893
vn -0.0462 0.9171 0.3959
vn -0.0337 0.9346 0.3540
vn -0.0967 0.9251 0.3671
vn -0.1614 0.8960 0.4137
vn -0.0797 0.9608 -0.2657
vn -0.0443 0.9933 0.1066
vn -0.0586 0.9917 -0.1141
vn 0.0078 0.9509 0.3095
vn 0.0146 0.9265 0.3759
vn -0.0051 0.9338 0.3576
vn -0.0116 0.9560 0.2931
vn -0.0754 0.9484 0.3081
vn -0.1289 0.9249 0.3578
vn -0.0907 0.9727 -0.2138
vn -0.1088 0.9592 -0.2608
vn 0.0086 0.9847 0.1740
vn -0.0202 0.9916 0.1276
vn 0.0650 0.9317 0.3573
vn 0.0399 0.9485 0.3143
vn -0.1634 0.8759 0.4540
vn -0.2956 0.0634 0.9532
vn -0.2964 0.0914 0.9507
vn -0.3292 0.1464 0.9329
vn -0.2993 0.1242 0.9460
vn -0.3334 0.1839 0.9247
vn -0.3040 0.1591 0.9393
vn -0.3347 0.2514 0.9082
vn -0.3106 0.2065 0.9278
vn -0.3117 0.3500 0.8834
vn -0.2778 0.6035 0.7474
vn -0.2819 0.4882 0.8259
vn -0.1818 0.8188 0.5446
vn -0.2296 0.7389 0.6335
vn -0.2708 0.0637 0.9605
vn -0.2721 0.0882 0.9582
vn -0.2776 0.1199 0.9532
vn -0.2772 0.1591 0.9475
vn -0.3105 0.2795 0.9086
vn -0.2783 0.2197 0.9350
vn -0.3007 0.3860 0.8721
vn -0.2821 0.3020 0.9106
vn -0.2560 0.6397 0.7248
vn -0.2667 0.5258 0.8077
vn -0.1615 0.8519 0.4982
vn -0.2048 0.7729 0.6006
vn -0.2236 0.6791 0.6991
vn -0.2505 0.0606 0.9662
vn -0.2299 0.0515 0.9718
vn -0.2577 0.0816 0.9628
vn -0.2362 0.0643 0.9696
vn -0.2611 0.1158 0.9583
vn -0.2611 0.1591 0.9521
vn -0.2581 0.2232 0.9400
vn -0.2877 0.4217 0.8599
vn -0.2576 0.3180 0.9124
vn -0.2568 0.5531 0.7925
vn -0.2537 0.4534 0.8545
vn -0.1498 0.8774 0.4558
vn -0.1775 0.8100 0.5589
vn -0.2052 0.7054 0.6785
vn -0.2140 0.0488 0.9756
vn -0.2419 0.0859 0.9665
vn -0.2187 0.0691 0.9733
vn -0.2467 0.1146 0.9623
vn -0.2233 0.0977 0.9698
vn -0.2546 0.1553 0.9545
vn -0.2322 0.1238 0.9648
vn -0.2538 0.2261 0.9405
vn -0.2402 0.3207 0.9162
vn -0.2279 0.6070 0.7613
vn -0.2263 0.4690 0.8537
vn -0.1211 0.8964 0.4264
vn -0.1817 0.7529 0.6326
vn -0.1916 0.0424 0.9806
vn -0.1980 0.0662 0.9780
vn -0.2041 0.0933 0.9745
vn -0.2393 0.1670 0.9565
vn -0.2095 0.1296 0.9692
vn -0.2436 0.2342 0.9412
vn -0.2130 0.1769 0.9609
vn -0.2319 0.3446 0.9096
vn -0.2102 0.4827 0.8502
vn -0.1248 0.8604 0.4941
vn -0.1428 0.8407 0.5224
vn -0.2096 0.6392 0.7399
vn -0.1662 0.7885 0.5921
vn -0.1694 0.0366 0.9849
vn -0.1754 0.0578 0.9828
vn -0.1834 0.0860 0.9793
vn -0.1888 0.1295 0.9734
vn -0.2215 0.2544 0.9414
vn -0.1895 0.1865 0.9640
vn -0.2241 0.3650 0.9036
vn -0.1970 0.2650 0.9439
vn -0.1862 0.6651 0.7231
vn -0.1978 0.5159 0.8335
vn -0.1200 0.8819 0.4558
vn -0.1492 0.8045 0.5749
vn -0.1592 0.6919 0.7042
vn -0.1616 0.0332 0.9863
vn -0.1652 0.0523 0.9849
vn -0.1695 0.0788 0.9824
vn -0.1769 0.1218 0.9767
vn -0.1827 0.1851 0.9656
vn -0.2163 0.3894 0.8953
vn -0.1876 0.2737 0.9433
vn -0.1973 0.5377 0.8197
vn -0.1915 0.4157 0.8891
vn -0.1299 0.8290 0.5439
vn -0.1552 0.7117 0.6851
vn -0.1502 0.0299 0.9882
vn -0.1563 0.0474 0.9866
vn -0.1626 0.0732 0.9840
vn -0.1679 0.1138 0.9792
vn -0.1737 0.1783 0.9685
vn -0.1731 0.2717 0.9467
vn -0.1765 0.5863 0.7906
vn -0.1699 0.4272 0.8880
vn -0.1211 0.8931 0.4333
vn -0.1115 0.8998 0.4218
vn -0.1467 0.7472 0.6482
vn -0.0009 1.0000 -0.0011
vn -0.0138 0.9997 -0.0205
vn -0.0760 0.9891 -0.1259
vn -0.0004 1.0000 -0.0001
vn -0.0025 1.0000 -0.0013
vn -0.0156 0.9998 -0.0135
vn -0.0769 0.9937 -0.0821
vn -0.1550 0.9522 -0.2632
vn -0.1872 0.9567 -0.2231
vn -0.0056 1.0000 -0.0008
vn -0.0077 1.0000 -0.0003
vn -0.0134 0.9999 -0.0037
vn -0.0357 0.9992 -0.0176
vn -0.1014 0.9920 -0.0756
vn -0.2142 0.9567 -0.1972
vn -0.2640 0.9249 -0.2737
vn -0.2463 0.9311 -0.2689
vn -0.2039 0.9589 -0.1972
vn -0.1142 0.9880 -0.1038
vn -0.2122 0.9603 -0.1813
vn -0.0787 0.9969 -0.0072
vn -0.1136 0.9930 -0.0330
vn -0.1799 0.9800 -0.0846
vn -0.2662 0.9478 -0.1758
vn -0.2902 0.9179 -0.2706
vn -0.2928 0.9097 -0.2944
vn -0.2098 0.9611 -0.1795
vn -0.1221 0.9863 -0.1113
vn -0.0128 0.9999 0.0005
vn -0.0620 0.9980 -0.0079
vn -0.2622 0.9639 -0.0459
vn -0.3018 0.9489 -0.0918
vn -0.3349 0.9306 -0.1480
vn -0.2935 0.9313 -0.2158
vn -0.3189 0.9089 -0.2688
vn -0.1853 0.9764 -0.1111
vn -0.1055 0.9909 -0.0836
vn -0.0164 0.9998 -0.0061
vn 0.0328 0.9975 0.0627
vn -0.2367 0.9712 -0.0290
vn -0.4163 0.9069 -0.0645
vn -0.3014 0.9438 -0.1358
vn -0.2453 0.9611 -0.1273
vn -0.3420 0.9185 -0.1983
vn -0.2942 0.9541 -0.0563
vn -0.2645 0.9636 -0.0379
vn -0.3744 0.9240 -0.0776
vn -0.2156 0.9763 -0.0178
vn -0.1290 0.9906 -0.0454
vn -0.0552 0.9980 -0.0294
vn -0.0123 0.9999 -0.0051
vn 0.0071 0.9998 0.0161
vn 0.0291 0.9952 0.0935
vn 0.0905 0.9765 0.1958
vn 0.0727 0.9717 0.2247
vn -0.2825 0.9571 -0.0645
vn -0.4080 0.9110 -0.0606
vn -0.0784 0.9965 -0.0287
vn -0.0377 0.9993 -0.0085
vn -0.0266 0.9996 0.0006
vn -0.0162 0.9998 0.0100
vn 0.0022 1.0000 0.0048
vn 0.0186 0.9998 0.0111
vn 0.0639 0.9961 0.0605
vn 0.0902 0.9862 0.1388
vn 0.1905 0.9681 0.1627
vn 0.1726 0.9601 0.2199
vn 0.2166 0.9603 0.1760
vn 0.0173 0.9998 -0.0010
vn 0.0271 0.9996 0.0019
vn 0.0309 0.9994 0.0181
vn 0.0704 0.9966 0.0421
vn 0.1176 0.9919 0.0488
vn 0.2169 0.9702 0.1084
vn 0.1685 0.9805 0.1010
vn 0.2541 0.9601 0.1168
vn 0.2609 0.9514 0.1635
vn 0.0243 0.9739 0.2257
vn -0.0424 0.9673 0.2499
vn -0.0586 0.9964 -0.0611
vn -0.1132 0.9744 -0.1942
vn -0.0087 1.0000 0.0036
vn 0.0627 0.9393 0.3374
vn 0.0649 0.9668 0.2473
vn 0.1065 0.9352 0.3378
vn 0.0721 0.9624 0.2620
vn 0.0429 0.9832 0.1773
vn -0.0072 0.9823 0.1871
vn -0.0612 0.9637 0.2597
vn -0.0985 0.9476 0.3038
vn 0.0081 0.9929 0.1183
vn 0.1122 0.9265 0.3592
vn 0.1241 0.9398 0.3183
vn 0.1144 0.9422 0.3148
vn 0.1207 0.9526 0.2792
vn 0.1480 0.9217 0.3585
vn 0.0836 0.9707 0.2253
vn -0.1450 0.9877 -0.0579
vn -0.1251 0.9912 -0.0425
vn 0.0683 0.9825 0.1731
vn 0.0140 0.9913 0.1311
vn -0.0230 0.9888 0.1473
vn 0.0164 0.9934 0.1137
vn 0.1155 0.9565 0.2680
vn 0.1706 0.9238 0.3428
vn 0.1224 0.9633 0.2388
vn -0.0102 0.9994 0.0318
vn 0.0627 0.9899 0.1273
vn 0.0226 0.9962 0.0845
vn -0.0168 0.9932 0.1154
vn -0.0530 0.9748 0.2169
vn 0.1282 0.9615 0.2430
vn 0.1804 0.9144 0.3625
vn 0.2038 0.9164 0.3446
vn 0.1751 0.9342 0.3107
vn 0.1549 0.9507 0.2688
vn 0.2054 0.9095 0.3615
vn 0.1083 0.9751 0.1935
vn 0.0261 0.9950 0.0962
vn 0.0269 0.9906 0.1339
vn -0.0044 0.9958 0.0912
vn -0.0176 0.9959 0.0890
vn -0.0356 0.9864 0.1607
vn -0.0488 0.9805 0.1904
vn 0.1505 0.9246 0.3498
vn 0.1055 0.9371 0.3326
vn 0.0718 0.9680 0.2407
vn 0.1061 0.9822 0.1548
vn 0.1544 0.9419 0.2985
vn -0.0890 0.9714 0.2201
vn -0.1229 0.9882 0.0917
vn -0.0147 0.9980 0.0608
vn -0.0857 0.9926 0.0860
vn -0.0684 0.9856 0.1546
vn 0.0799 0.9494 0.3036
vn 0.0195 0.9548 0.2966
vn -0.0880 0.9684 0.2333
vn -0.1764 0.9750 0.1352
vn -0.1420 0.9825 0.1208
vn -0.2017 0.9731 0.1114
vn -0.1070 0.9912 0.0786
vn -0.2167 0.9710 0.1015
vn -0.1989 0.9724 0.1219
vn 0.1186 0.9629 0.2425
vn 0.0139 0.9789 0.2037
vn -0.0722 0.9886 0.1325
vn -0.1355 0.9870 0.0860
vn -0.1701 0.9824 0.0765
vn -0.1949 0.9780 0.0743
vn -0.2313 0.9681 0.0960
vn -0.2103 0.9730 0.0954
vn -0.1613 0.9696 0.1837
vn -0.2145 0.9667 0.1398
vn 0.1407 0.9786 0.1501
vn 0.0530 0.9925 0.1104
vn -0.0083 0.9976 0.0692
vn -0.0437 0.9982 0.0414
vn -0.0669 0.9968 0.0426
vn -0.0954 0.9939 0.0561
vn -0.1070 0.9911 0.0789
vn -0.1395 0.9812 0.1337
vn -0.2135 0.9553 0.2043
vn -0.1249 0.9001 0.4175
vn -0.1109 0.9216 0.3719
vn -0.0960 0.9433 0.3177
vn -0.0776 0.9542 0.2888
vn -0.0996 0.9148 0.3913
vn -0.0612 0.9649 0.2552
vn -0.0828 0.9283 0.3624
vn -0.0645 0.9706 0.2320
vn -0.0835 0.9388 0.3342
vn -0.1373 0.9621 0.2355
vn -0.1158 0.9392 0.3232
vn -0.2010 0.9430 0.2651
vn -0.1625 0.9134 0.3733
vn -0.1533 0.8749 0.4594
vn -0.1286 0.8476 0.5149
vn -0.1266 0.0275 0.9916
vn -0.1206 0.0241 0.9924
vn -0.1384 0.0359 0.9897
vn -0.1274 0.0227 0.9916
vn -0.1505 0.0691 0.9862
vn -0.1344 0.0483 0.9898
vn -0.1552 0.1082 0.9819
vn -0.1596 0.1737 0.9718
vn -0.1545 0.2809 0.9472
vn -0.1507 0.4341 0.8882
vn -0.1521 0.8219 0.5489
vn -0.1615 0.6098 0.7759
vn -0.1393 0.7591 0.6360
vn -0.1287 0.0187 0.9915
vn -0.1311 0.0273 0.9910
vn -0.1413 0.0756 0.9871
vn -0.1301 0.0556 0.9899
vn -0.1529 0.1023 0.9829
vn -0.1384 0.0800 0.9871
vn -0.1656 0.1708 0.9713
vn -0.1488 0.1192 0.9816
vn -0.1529 0.2963 0.9428
vn -0.1487 0.6265 0.7651
vn -0.1404 0.4498 0.8820
vn -0.1159 0.8038 0.5835
vn -0.1238 0.7653 0.6316
vn -0.1286 0.6443 0.7539
vn -0.1189 0.0123 0.9928
vn -0.1227 0.0268 0.9921
vn -0.1252 0.0527 0.9907
vn -0.1263 0.0798 0.9888
vn -0.1606 0.1928 0.9680
vn -0.1315 0.1276 0.9831
vn -0.1607 0.3052 0.9386
vn -0.1402 0.2099 0.9676
vn -0.1419 0.4463 0.8835
vn -0.1012 0.7891 0.6059
vn -0.1165 0.6581 0.7439
vn -0.1037 0.0089 0.9946
vn -0.1070 0.0218 0.9940
vn -0.1132 0.0478 0.9924
vn -0.1176 0.0792 0.9899
vn -0.1161 0.1279 0.9850
vn -0.1454 0.3305 0.9325
vn -0.1200 0.2129 0.9697
vn -0.1264 0.4836 0.8661
vn -0.0831 0.8232 0.5617
vn -0.0883 0.8116 0.5774
vn -0.1011 0.6771 0.7289
vn -0.0936 0.0066 0.9956
vn -0.0960 0.0177 0.9952
vn -0.1015 0.0412 0.9940
vn -0.1074 0.0767 0.9913
vn -0.1090 0.1355 0.9848
vn -0.1335 0.3422 0.9301
vn -0.1122 0.2221 0.9685
vn -0.1271 0.4986 0.8575
vn -0.1164 0.3600 0.9256
vn -0.0904 0.8074 0.5830
vn -0.0973 0.8061 0.5837
vn -0.1035 0.6790 0.7268
vn -0.0836 0.0043 0.9965
vn -0.0858 0.0141 0.9962
vn -0.0899 0.0351 0.9953
vn -0.0955 0.0704 0.9929
vn -0.1007 0.1323 0.9861
vn -0.1012 0.2186 0.9705
vn -0.1090 0.5325 0.8394
vn -0.1010 0.3675 0.9245
vn -0.0810 0.8139 0.5754
vn -0.0904 0.7008 0.7076
vn -0.0799 0.0022 0.9968
vn -0.0817 0.0119 0.9966
vn -0.0832 0.0316 0.9960
vn -0.0852 0.0655 0.9942
vn -0.0885 0.1277 0.9879
vn -0.0891 0.2245 0.9704
vn -0.0893 0.3749 0.9227
vn -0.0688 0.8167 0.5729
vn -0.0962 0.5530 0.8276
vn -0.0780 0.7178 0.6919
vn -0.0784 -0.0001 0.9969
vn -0.0803 0.0109 0.9967
vn -0.0810 0.0310 0.9962
vn -0.0808 0.0646 0.9946
vn -0.0801 0.1253 0.9889
vn -0.0795 0.2282 0.9704
vn -0.0814 0.3773 0.9225
vn -0.0619 0.8208 0.5678
vn -0.0909 0.5694 0.8170
vn -0.0746 0.7344 0.6746
vn 0.2733 0.9547 0.1176
vn 0.2390 0.9628 0.1257
vn 0.2468 0.9690 0.0095
vn 0.1154 0.9933 0.0055
vn 0.2504 0.9678 0.0236
vn 0.1240 0.9922 0.0083
vn 0.2848 0.9581 0.0311
vn 0.1498 0.9887 0.0043
vn 0.0285 0.9996 0.0000
vn 0.1766 0.9836 0.0371
vn 0.2030 0.9757 0.0820
vn 0.3129 0.9476 0.0651
vn 0.2995 0.9468 0.1176
vn 0.3090 0.9510 0.0084
vn 0.3037 0.9524 0.0267
vn 0.2870 0.9561 0.0584
vn 0.2554 0.9635 0.0796
vn 0.2102 0.9744 0.0804
vn 0.1787 0.9781 0.1065
vn 0.1725 0.9822 0.0750
vn 0.2252 0.9743 0.0009
vn 0.2991 0.9532 0.0450
vn 0.2134 0.9768 0.0155
vn 0.1984 0.9798 0.0256
vn 0.1747 0.9842 0.0298
vn 0.1439 0.9889 0.0371
vn 0.1146 0.9923 0.0475
vn 0.1257 0.9910 0.0461
vn 0.0905 0.9950 0.0418
vn 0.0944 0.9955 -0.0124
vn 0.0836 0.9965 0.0044
vn 0.0752 0.9971 0.0113
vn 0.0642 0.9979 0.0095
vn 0.0512 0.9986 0.0157
vn 0.0397 0.9988 0.0294
vn 0.0621 0.9981 0.0062
vn 0.0274 0.9993 0.0235
vn 0.0243 0.9994 -0.0226
vn 0.0202 0.9998 -0.0020
vn 0.0172 0.9998 0.0066
vn 0.0160 0.9999 0.0037
vn 0.0153 0.9998 0.0107
vn 0.0117 0.9997 0.0225
vn 0.0186 0.9998 -0.0113
vn 0.0064 0.9998 0.0168
vn -0.0016 0.9998 -0.0214
vn 0.0029 1.0000 -0.0025
vn 0.0037 1.0000 0.0065
vn 0.0106 0.9999 0.0073
vn 0.0171 0.9998 0.0107
vn 0.0145 0.9997 0.0178
vn 0.0038 0.9999 -0.0148
vn 0.0077 0.9999 0.0127
vn -0.0125 0.9998 -0.0123
vn -0.0062 0.9999 0.0120
vn -0.0007 0.9999 0.0173
vn 0.0033 0.9999 0.0129
vn -0.0016 1.0000 0.0092
vn 0.0049 0.9999 -0.0150
vn -0.0118 0.9999 0.0071
vn -0.0082 1.0000 -0.0000
vn -0.0075 1.0000 -0.0056
vn -0.0102 0.9999 0.0103
vn -0.0200 0.9997 0.0159
vn -0.0257 0.9996 0.0123
vn -0.0263 0.9997 0.0022
vn -0.0316 0.9995 0.0028
vn -0.0289 0.9996 -0.0081
vn -0.0116 0.9998 -0.0146
vn 0.1105 0.9912 0.0734
vn 0.0602 0.9966 0.0564
vn 0.0373 0.9985 0.0407
vn 0.0275 0.9993 0.0238
vn 0.0003 0.9992 0.0395
vn -0.0089 0.9987 0.0504
vn -0.1086 0.9806 0.1634
vn -0.0275 0.9966 0.0782
vn 0.0794 0.9966 0.0239
vn 0.0535 0.9980 0.0338
vn 0.0459 0.9983 0.0354
vn 0.0165 0.9996 0.0221
vn 0.0464 0.9987 0.0205
vn 0.0331 0.9991 0.0246
vn 0.0167 0.9993 0.0324
vn -0.0075 0.9960 0.0892
vn 0.0039 0.9989 0.0464
vn 0.0350 0.9994 -0.0046
vn 0.0178 0.9996 0.0209
vn 0.0074 0.9994 0.0323
vn 0.0433 0.9990 0.0146
vn 0.0015 0.9998 0.0189
vn -0.0023 0.9999 0.0105
vn -0.0062 0.9999 0.0131
vn -0.0113 0.9991 0.0401
vn -0.0134 0.9974 0.0705
vn 0.0105 0.9997 -0.0199
vn -0.0045 1.0000 0.0035
vn -0.0224 0.9996 0.0185
vn -0.0369 0.9993 0.0103
vn -0.0415 0.9991 0.0093
vn -0.0379 0.9992 0.0134
vn -0.0109 0.9997 0.0200
vn -0.0337 0.9991 0.0252
vn -0.0288 0.9972 0.0694
vn -0.0291 0.9984 0.0484
vn 0.0009 0.9996 -0.0276
vn -0.0120 0.9999 0.0035
vn -0.0215 0.9998 0.0008
vn -0.0242 0.9997 0.0097
vn -0.0169 0.9996 0.0208
vn -0.0101 0.9995 0.0286
vn -0.0108 0.9986 0.0516
vn 0.0059 0.9996 -0.0292
vn 0.0038 0.9999 -0.0116
vn -0.0034 1.0000 -0.0089
vn 0.0000 1.0000 -0.0018
vn 0.0038 0.9999 0.0147
vn 0.0208 0.9993 0.0310
vn 0.0148 0.9990 0.0416
vn -0.0049 0.9996 -0.0273
vn -0.0035 0.9999 -0.0147
vn -0.0032 1.0000 -0.0019
vn -0.0017 1.0000 0.0010
vn -0.0001 1.0000 -0.0011
vn 0.0117 0.9995 0.0308
vn -0.0004 0.9998 0.0203
vn 0.0023 0.9993 0.0381
vn 0.0057 0.9994 0.0330
vn -0.0170 0.9997 -0.0190
vn -0.0084 0.9999 -0.0110
vn -0.0030 1.0000 0.0003
vn -0.0058 0.9998 0.0167
vn -0.0132 0.9992 0.0377
vn -0.0127 0.9993 0.0350
vn 0.0018 0.9996 0.0285
vn -0.1826 0.9031 0.3887
vn -0.1774 0.8554 0.4867
vn -0.0450 0.9823 0.1820
vn -0.1631 0.9540 0.2515
vn -0.1022 0.9277 0.3592
vn -0.1199 0.8554 0.5039
vn -0.0472 0.9453 0.3229
vn -0.0721 0.8647 0.4972
vn -0.0241 0.9891 0.1453
vn -0.0398 0.9900 0.1357
vn -0.0490 0.9489 0.3117
vn -0.0632 0.8689 0.4910
vn -0.0810 0.8380 0.5397
vn -0.0311 0.9969 0.0724
vn -0.0298 0.9882 0.1502
vn -0.0600 0.8843 0.4630
vn -0.0745 0.8495 0.5222
vn -0.0142 0.9975 0.0693
vn -0.0398 0.9505 0.3080
vn -0.0115 0.9902 0.1395
vn -0.0548 0.8979 0.4368
vn -0.0725 0.8593 0.5063
vn 0.0002 0.9985 0.0549
vn -0.0275 0.9579 0.2858
vn -0.0204 0.9926 0.1199
vn -0.0525 0.9094 0.4127
vn -0.0612 0.8656 0.4969
vn -0.0096 0.9991 0.0420
vn -0.0293 0.9929 0.1154
vn -0.0428 0.9662 0.2544
vn -0.0386 0.9636 0.2644
vn -0.0465 0.9097 0.4127
vn -0.0514 0.8693 0.4916
vn -0.0097 0.9996 0.0259
vn -0.0133 0.9994 0.0331
vn -0.0193 0.9940 0.1077
vn 1.0000 -0.0007 -0.0013
vn 0.9998 -0.0124 -0.0170
vn 0.9855 -0.1689 -0.0186
vn 0.9935 -0.0911 -0.0684
vn 0.9849 -0.1728 -0.0022
vn 1.0000 -0.0002 -0.0003
vn 1.0000 -0.0032 -0.0091
vn 0.9954 -0.0393 -0.0879
vn 0.9031 -0.4187 -0.0951
vn 0.9470 -0.2063 -0.2464
vn 0.8996 -0.4326 0.0608
vn 0.9889 -0.1130 -0.0969
vn 1.0000 -0.0035 -0.0004
vn 0.9999 -0.0037 -0.0131
vn 0.9904 -0.0080 -0.1377
vn 0.9148 -0.0624 -0.3990
vn 0.9993 -0.0381 -0.0001
vn 0.9993 -0.0384 -0.0006
vn 0.9896 -0.0347 -0.1398
vn 0.9992 -0.0384 -0.0129
vn 0.9027 -0.0339 -0.4290
vn 0.9832 -0.1827 -0.0004
vn 0.9831 -0.1833 -0.0011
vn 0.9831 -0.1826 -0.0110
vn 0.9784 -0.1686 -0.1197
vn 0.8916 -0.1455 -0.4289
vn 0.8890 -0.4579 -0.0009
vn 0.8886 -0.4587 -0.0017
vn 0.8877 -0.4604 -0.0092
vn 0.8784 -0.4680 -0.0968
vn 0.7931 -0.4563 -0.4035
vn 0.8237 -0.3585 -0.4393
vn 0.7923 -0.5818 -0.1837
vn 0.7455 -0.6542 0.1270
vn 0.7941 -0.5335 0.2912
vn 0.8386 -0.3613 -0.4076
vn 0.7898 -0.1221 -0.6011
vn 0.7228 -0.6337 0.2755
vn 0.8634 -0.5000 0.0674
vn 0.7585 -0.5552 0.3412
vn 0.7434 -0.0466 -0.6672
vn 0.7006 -0.0772 -0.7094
vn 0.6789 -0.1383 -0.7211
vn 0.7309 -0.2011 -0.6522
vn 0.7519 -0.6593 -0.0013
vn 0.7515 -0.6597 -0.0029
vn 0.7504 -0.6608 -0.0162
vn 0.7395 -0.6549 -0.1555
vn 0.7032 -0.5257 -0.4787
vn 0.7282 -0.3328 -0.5992
vn 0.7062 -0.7080 -0.0012
vn 0.7073 -0.7068 -0.0124
vn 0.7066 -0.7076 -0.0030
vn 0.7183 -0.6883 -0.1019
vn 0.7582 -0.5916 -0.2741
vn 0.3887 -0.9187 -0.0698
vn 0.3852 -0.9199 -0.0739
vn 0.5148 -0.8523 0.0921
vn 0.6911 -0.3653 0.6236
vn 0.4550 -0.4105 0.7902
vn 0.1390 -0.2283 -0.9636
vn -0.0074 -0.3900 -0.9208
vn 0.3065 -0.2491 -0.9187
vn 0.4907 -0.1285 0.8618
vn 0.7863 -0.1437 0.6009
vn 0.7195 -0.0996 0.6874
vn -0.5332 -0.2674 -0.8026
vn -0.5655 -0.3105 -0.7641
vn -0.1844 -0.3084 -0.9332
vn 0.0503 -0.1380 -0.9892
vn 0.0323 -0.1309 -0.9909
vn 0.5539 -0.0047 0.8326
vn 0.8322 -0.0611 0.5512
vn 0.7406 -0.0539 0.6698
vn -0.6171 -0.4497 -0.6457
vn -0.6005 -0.3593 -0.7144
vn 0.0192 -0.8934 -0.4489
vn 0.0200 -0.8937 -0.4482
vn 0.0103 -0.8894 -0.4571
vn 0.0258 -0.1990 -0.9797
vn 0.0146 -0.1905 -0.9816
vn 0.7764 -0.0239 0.6298
vn 0.6643 0.0838 0.7427
vn -0.6655 -0.7464 -0.0011
vn -0.6602 -0.7511 -0.0012
vn 0.0080 -1.0000 -0.0007
vn -0.6656 -0.7463 -0.0030
vn -0.6585 -0.7526 -0.0025
vn 0.0079 -1.0000 -0.0021
vn -0.6661 -0.7458 -0.0130
vn -0.6557 -0.7549 -0.0168
vn 0.0078 -0.9999 -0.0097
vn 0.0079 -0.9999 -0.0097
vn -0.6776 -0.7273 -0.1086
vn -0.6510 -0.7402 -0.1681
vn 0.0074 -0.9962 -0.0872
vn -0.7189 -0.6349 -0.2830
vn -0.6111 -0.6232 -0.4881
vn 0.0070 -0.9866 -0.1630
vn 0.0066 -0.9866 -0.1632
vn 0.0269 -0.4659 -0.8844
vn 0.0297 -0.4682 -0.8831
vn 0.0144 -0.4561 -0.8898
vn 0.8515 0.0653 0.5203
vn 0.8254 0.3211 0.4644
vn 0.9654 -0.0495 0.2560
vn 0.8299 0.5579 0.0014
vn 0.8437 0.5368 0.0013
vn 0.8297 0.5582 0.0017
vn 0.8443 0.5359 0.0014
vn 0.8297 0.5582 -0.0006
vn 0.8445 0.5355 -0.0002
vn 0.8295 0.5585 -0.0022
vn 0.8427 0.5384 -0.0011
vn 0.8438 0.5367 -0.0014
vn 0.8613 0.5015 0.0813
vn 0.8301 0.5575 0.0037
vn 0.8170 0.5553 0.1557
vn 0.8947 0.2105 0.3940
vn 0.8953 0.3853 0.2236
vn 0.7937 0.5526 0.2544
vn 0.9074 0.3164 0.2767
vn 0.9706 0.0260 0.2394
vn -0.0884 -0.9959 0.0197
vn -0.0205 -0.9994 0.0273
vn -0.1553 -0.9832 0.0957
vn -0.4698 -0.4584 -0.7545
vn -0.5585 -0.6073 -0.5650
vn -0.3906 -0.6041 -0.6946
vn -0.6999 -0.4423 -0.5608
vn 0.2100 -0.1787 0.9612
vn 0.2916 -0.0601 0.9547
vn -0.9114 -0.4115 0.0023
vn -0.9176 -0.3974 0.0001
vn -0.9135 -0.4068 0.0033
vn -0.9194 -0.3934 -0.0012
vn -0.9176 -0.3972 -0.0189
vn -0.9191 -0.3934 -0.0235
vn -0.9087 -0.3651 -0.2022
vn -0.8819 -0.4195 -0.2153
vn -0.7753 -0.3362 -0.5347
vn 0.3901 0.1170 0.9133
vn -0.7517 -0.6595 0.0011
vn -0.7498 -0.6617 0.0025
vn -0.7481 -0.6635 -0.0090
vn -0.7431 -0.6547 -0.1382
vn -0.6673 -0.5913 -0.4529
vn 0.4981 0.1759 0.8491
vn 0.8216 0.5701 0.0011
vn 0.8217 0.5699 0.0016
vn 0.8397 0.5430 0.0015
vn 0.8226 0.5687 -0.0001
vn 0.8409 0.5412 0.0034
vn 0.8238 0.5669 -0.0017
vn 0.8427 0.5383 0.0024
vn 0.8251 0.5650 0.0033
vn 0.8447 0.5352 0.0011
vn 0.8221 0.5590 0.1077
vn 0.8436 0.5370 0.0058
vn 0.7910 0.5468 0.2745
vn 0.8224 0.5486 0.1507
vn 0.6141 0.2277 0.7556
vn -0.5668 -0.8192 -0.0873
vn -0.5847 -0.7180 -0.3776
vn -0.5760 -0.8117 -0.0962
vn -0.6290 -0.6536 -0.4209
vn -0.5702 -0.8076 0.1505
vn -0.5255 -0.7955 0.3017
vn -0.8309 -0.5565 -0.0005
vn -0.8097 -0.5869 -0.0000
vn -0.8295 -0.5585 -0.0011
vn -0.8087 -0.5882 0.0000
vn -0.8278 -0.5608 -0.0137
vn -0.8091 -0.5875 -0.0151
vn -0.8105 -0.5685 -0.1407
vn -0.8019 -0.5782 -0.1501
vn -0.7122 -0.5823 -0.3920
vn 0.1724 -0.0106 0.9850
vn 0.0817 -0.0460 0.9956
vn 0.9165 0.4000 0.0007
vn 0.9151 0.4033 0.0010
vn 0.7793 0.6267 0.0006
vn 0.9133 0.4074 -0.0021
vn 0.7807 0.6248 0.0021
vn 0.9072 0.4204 -0.0186
vn 0.7831 0.6219 -0.0016
vn 0.8911 0.4523 -0.0375
vn 0.7882 0.6152 -0.0186
vn 0.8854 0.4577 0.0813
vn 0.8063 0.5910 -0.0227
vn 0.8847 0.3713 0.2817
vn 0.8025 0.5685 0.1810
vn 0.3269 0.1630 0.9309
vn 0.9201 0.3916 0.0020
vn 0.9195 0.3930 0.0037
vn 0.9188 0.3948 0.0031
vn 0.9152 0.4030 -0.0015
vn 0.9010 0.4337 -0.0105
vn 0.8752 0.4814 0.0471
vn 0.8335 0.5104 0.2116
vn 0.7658 0.5324 0.3607
vn 0.3997 0.2058 0.8933
vn -0.9708 -0.2004 0.1319
vn -0.9998 -0.0201 -0.0029
vn -0.9558 -0.2941 -0.0050
vn -0.9990 -0.0451 -0.0059
vn -0.9522 -0.3054 -0.0065
vn -0.9982 -0.0595 -0.0120
vn -0.9505 -0.3105 -0.0116
vn -0.9426 -0.3260 -0.0730
vn -0.9844 -0.1492 -0.0931
vn -0.9079 -0.3430 -0.2410
vn -0.9238 -0.2509 -0.2894
vn -0.9532 -0.3023 -0.0074
vn -0.9550 -0.2654 -0.1321
vn -0.5978 -0.7114 -0.3696
vn -0.5766 -0.7170 -0.3916
vn -0.9122 -0.2333 0.3369
vn -0.5367 -0.7936 0.2866
vn -0.5817 -0.7048 0.4060
vn -0.9992 0.0412 0.0000
vn -0.0652 -0.9979 -0.0005
vn -0.0668 -0.9978 -0.0011
vn -0.0654 -0.9979 -0.0004
vn -0.0694 -0.9975 -0.0145
vn -0.0673 -0.9977 -0.0009
vn -0.0708 -0.9892 -0.1286
vn -0.0699 -0.9975 -0.0144
vn -0.0849 -0.9725 -0.2171
vn -0.0740 -0.9887 -0.1303
vn -0.2697 -0.4993 -0.8234
vn -0.3609 -0.4527 -0.8153
vn -0.0849 -0.5744 -0.8142
vn 0.9180 0.3940 0.0450
vn 0.6818 0.7109 -0.1723
vn 0.9601 0.2540 -0.1169
vn 0.8744 0.3013 0.3804
vn 0.7474 0.4436 0.4946
vn 0.0317 -0.0397 0.9987
vn 0.0075 -0.0996 0.9950
vn -0.0461 -0.0588 0.9972
vn 0.9984 0.0571 0.0019
vn 0.9984 0.0571 0.0042
vn 0.9984 0.0572 0.0019
vn 0.7109 0.7033 0.0018
vn 0.9983 0.0579 0.0035
vn 0.9984 0.0573 0.0041
vn 0.7151 0.6990 0.0053
vn 0.9979 0.0642 -0.0043
vn 0.9982 0.0591 0.0030
vn 0.7212 0.6927 0.0036
vn 0.9916 0.1266 -0.0280
vn 0.9968 0.0796 -0.0119
vn 0.7386 0.6741 -0.0036
vn 0.8723 0.4845 0.0660
vn 0.7711 0.6367 -0.0007
vn 0.7991 0.5108 0.3170
vn 0.6980 0.5451 0.4644
vn 0.1191 -0.0026 0.9929
vn 0.9047 -0.1672 -0.3919
vn 0.9513 -0.3028 0.0579
vn 0.8907 -0.0573 -0.4510
vn 0.5095 -0.0492 -0.8591
vn 0.7246 -0.0564 -0.6868
vn 0.5219 -0.1449 -0.8406
vn 0.7174 -0.1748 -0.6744
vn 0.6485 -0.7556 -0.0921
vn 0.6365 -0.7639 -0.1062
vn 0.7081 -0.2421 -0.6633
vn 0.5722 -0.2350 -0.7857
vn 0.6974 -0.2650 -0.6659
vn 0.9897 -0.1368 -0.0424
vn 0.9794 -0.1927 -0.0597
vn 0.9887 -0.1472 -0.0290
vn 0.9980 -0.0593 -0.0214
vn 0.9978 -0.0623 -0.0239
vn 0.9646 0.0328 -0.2616
vn 0.9520 0.3037 0.0396
vn 0.9403 0.3267 -0.0958
vn 0.9869 0.1277 -0.0988
vn 0.9341 0.3571 -0.0043
vn 0.9069 0.4206 -0.0237
vn 0.9260 0.3775 -0.0018
vn 0.9000 0.4358 -0.0021
vn 0.9250 0.3799 0.0001
vn 0.9252 0.3794 0.0002
vn 0.9245 0.3812 0.0011
vn 0.8993 0.4373 0.0000
vn 0.9221 0.3871 0.0002
vn 0.8992 0.4375 0.0001
vn 0.1853 -0.0381 -0.9819
vn 0.6351 -0.2040 -0.7450
vn 0.3789 -0.1427 -0.9144
vn 0.2420 -0.0875 -0.9663
vn 0.7300 -0.1333 -0.6703
vn 0.4429 -0.0495 -0.8952
vn 0.6768 -0.1093 -0.7280
vn 0.7585 -0.0354 -0.6508
vn 0.7200 0.0042 -0.6940
vn 0.8026 0.1827 -0.5678
vn 0.5224 0.1239 -0.8437
vn 0.8795 0.3087 -0.3622
vn 0.8169 0.3895 -0.4254
vn 0.8286 0.5129 -0.2244
vn 0.5601 0.8131 -0.1587
vn 0.7764 0.6267 -0.0662
vn 0.5311 0.8472 -0.0155
vn 0.7610 0.6487 -0.0071
vn 0.5290 0.8486 -0.0006
vn 0.7596 0.6503 -0.0003
vn 0.5289 0.8487 -0.0000
vn 0.5290 0.8486 0.0002
vn 0.7596 0.6504 -0.0001
vn 0.8992 0.4376 -0.0006
vn 0.0294 -0.0115 -0.9995
vn 0.1211 -0.0338 -0.9921
vn 0.1591 0.0100 -0.9872
vn 0.1929 0.3299 -0.9241
vn 0.3426 0.2869 -0.8946
vn 0.2012 0.9155 -0.3484
vn 0.3490 0.8830 -0.3141
vn 0.1906 0.9609 -0.2007
vn 0.1923 0.9812 -0.0171
vn 0.1926 0.9813 -0.0006
vn 0.0567 -0.0103 -0.9983
vn 0.0021 -0.0011 -1.0000
vn 0.0126 -0.0023 -0.9999
vn 0.1722 0.1916 -0.9662
vn 0.0155 0.0159 -0.9998
vn 0.0185 0.3575 -0.9337
vn 0.0246 0.9318 -0.3622
vn 0.0262 0.9794 -0.2004
vn 0.1927 0.9813 0.0004
vn 0.0002 -0.0000 -1.0000
vn 0.0052 -0.0004 -1.0000
vn 0.0005 0.0004 -1.0000
vn 0.0162 0.1988 -0.9799
vn 0.0006 0.0161 -0.9999
vn 0.0016 0.3612 -0.9325
vn 0.0031 0.9800 -0.1991
vn 0.0036 0.9999 -0.0161
vn 0.0276 0.9995 -0.0163
vn -0.0421 -0.0032 0.9991
vn -0.0462 0.0096 0.9989
vn -0.0480 0.0286 0.9984
vn -0.0546 0.0654 0.9964
vn -0.0535 0.1261 0.9906
vn -0.0572 0.2296 0.9716
vn -0.0683 0.3726 0.9255
vn -0.0446 0.8317 0.5535
vn -0.0828 0.5820 0.8090
vn -0.0647 0.7512 0.6569
vn 0.2164 -0.0063 0.9763
vn 0.2088 0.0070 0.9779
vn 0.1847 0.0011 0.9828
vn 0.1219 0.0588 0.9908
vn 0.0860 0.1105 0.9902
vn 0.0133 0.1988 0.9800
vn -0.0699 0.5926 0.8025
vn -0.0460 0.3770 0.9251
vn -0.0146 0.8510 0.5250
vn -0.0445 0.7603 0.6480
vn -0.0394 0.5997 0.7993
vn 0.9854 0.0429 0.1649
vn 0.9965 0.0193 0.0819
vn 0.4572 -0.0051 0.8893
vn 0.9755 -0.0020 0.2200
vn 0.9914 -0.0001 0.1309
vn 0.9359 0.0739 0.3445
vn 0.4169 -0.0035 0.9090
vn 0.9965 -0.0203 0.0814
vn 0.9384 -0.0794 0.3363
vn 0.9969 -0.0558 0.0553
vn 0.4406 -0.0656 0.8953
vn 0.9859 -0.0612 -0.1560
vn 0.9966 -0.0376 0.0737
vn 0.4237 -0.0175 0.9056
vn 0.9794 -0.1445 -0.1409
vn 0.9887 -0.1141 0.0971
vn 0.3422 0.0270 0.9393
vn 0.9275 -0.3676 -0.0680
vn 0.8642 -0.4714 0.1760
vn 0.2555 0.1041 0.9612
vn 0.1185 0.2774 0.9534
vn 0.1220 0.8024 0.5842
vn 0.0218 0.6026 0.7978
vn 0.6027 0.0055 0.7980
vn 0.4012 0.0018 0.9160
vn 0.8917 0.0009 -0.4527
vn 0.8917 0.0008 -0.4526
vn 0.8919 0.0004 -0.4521
vn 0.9565 0.0017 0.2917
vn 0.9564 0.0019 0.2920
vn 0.9563 0.0021 0.2923
vn 0.7477 0.6125 0.2565
vn 0.7396 0.6190 0.2641
vn 0.7337 0.6237 0.2697
vn 0.5520 -0.0020 0.8338
vn 0.5509 -0.0007 0.8346
vn 0.5948 -0.0024 0.8039
vn 0.3976 -0.0016 0.9175
vn 0.5993 -0.0028 0.8006
vn 0.4012 -0.0042 0.9160
vn 0.7129 -0.6692 0.2097
vn 0.7013 -0.6783 0.2190
vn 0.7777 -0.6099 0.1526
vn 0.5908 -0.0585 0.8047
vn 0.4080 -0.0567 0.9112
vn 0.9107 -0.0738 -0.4064
vn 0.9914 -0.0647 -0.1138
vn 0.9828 -0.0309 0.1820
vn 0.9809 -0.0279 0.1925
vn 0.5578 -0.0751 0.8266
vn 0.5560 -0.0386 0.8303
vn 0.4584 -0.1707 0.8722
vn 0.9862 -0.1274 -0.1056
vn 0.9902 -0.0671 0.1226
vn 0.4910 -0.0170 0.8710
vn 0.5566 -0.2586 0.7895
vn 0.5412 -0.1455 0.8282
vn 0.6867 -0.6971 0.2064
vn 0.6422 -0.7271 0.2426
vn 0.9835 -0.0553 0.1725
vn 0.9566 -0.1122 0.2691
vn 0.3863 0.0540 0.9208
vn 0.9305 0.0683 0.3598
vn 0.9357 -0.1423 0.3227
vn 0.9163 0.2758 0.2905
vn 0.9292 0.0635 0.3640
vn 0.2477 0.1499 0.9572
vn 0.9220 0.3871 0.0016
vn 0.9187 0.3939 0.0300
vn 0.8999 0.4361 0.0007
vn 0.9008 0.4095 0.1441
vn 0.8985 0.4386 0.0204
vn 0.8916 0.3728 0.2570
vn 0.8815 0.4484 0.1479
vn 0.8958 0.2995 0.3283
vn 0.3610 0.8200 0.4442
vn 0.2007 0.8435 0.4983
vn 0.8812 0.2718 0.3868
vn 0.2017 0.6020 0.7726
vn 0.1000 0.0001 0.9950
vn 0.0999 -0.0001 0.9950
vn 0.1007 -0.0015 0.9949
vn 0.1107 -0.0184 0.9937
vn 0.1729 -0.0459 0.9839
vn 0.5015 0.0675 0.8625
vn 0.7599 0.6500 0.0011
vn 0.7642 0.6446 0.0199
vn 0.5310 0.8473 0.0060
vn 0.7859 0.6018 0.1421
vn 0.5521 0.8313 0.0641
vn 0.7502 0.3897 0.5342
vn 0.8032 0.5396 0.2524
vn 0.0097 -0.0001 1.0000
vn 0.0116 -0.0010 0.9999
vn 0.0306 0.0366 0.9989
vn 0.1946 0.9808 0.0130
vn 0.3797 0.8595 0.3423
vn 0.2103 0.9707 0.1166
vn 0.2148 0.8451 0.4896
vn 0.3633 0.7951 0.4857
vn 0.0610 0.0489 0.9969
vn 0.0004 0.0010 1.0000
vn 0.0020 0.0552 0.9985
vn 0.0277 0.9995 0.0148
vn 0.2291 0.9033 0.3626
vn 0.0278 0.9911 0.1301
vn 0.0251 0.8720 0.4889
vn 0.0052 0.1044 0.9945
vn 0.0000 0.0010 1.0000
vn 0.0000 0.0563 0.9984
vn 0.0036 0.9999 0.0147
vn 0.0272 0.9310 0.3640
vn 0.0034 0.9915 0.1300
vn 0.0020 0.9321 0.3622
vn 0.0001 0.1101 0.9939
vn 0.0355 0.9994 -0.0009
vn -0.0067 1.0000 0.0006
vn 0.0211 0.9998 0.0034
vn 0.0110 0.9999 0.0057
vn 0.0056 1.0000 0.0010
vn 0.0106 0.9999 0.0021
vn 0.0322 0.9995 -0.0029
vn 0.1150 0.9934 -0.0011
vn 0.0306 0.9995 0.0012
vn 0.1098 0.9939 -0.0044
vn 0.1076 0.9942 -0.0024
vn 0.1046 0.9945 -0.0009
vn 0.1048 0.9945 0.0041
vn 0.0071 1.0000 0.0024
vn 0.2711 0.9626 0.0036
vn 0.3974 0.9176 0.0001
vn 0.4014 0.9159 0.0024
vn 0.2704 0.9627 -0.0003
vn 0.2725 0.9621 -0.0060
vn 0.2755 0.9613 -0.0027
vn 0.4018 0.9157 -0.0039
vn 0.2757 0.9612 -0.0034
vn 0.4050 0.9143 -0.0016
vn 0.2775 0.9607 0.0020
vn 0.4069 0.9135 -0.0027
vn 0.1001 0.9950 0.0009
vn 0.2849 0.9585 0.0089
vn 0.4136 0.9104 0.0063
vn 0.4788 0.8777 0.0173
vn 0.4379 0.8985 0.0300
vn 0.2933 0.9560 0.0061
vn 0.1031 0.9947 0.0055
vn 0.4677 0.8839 0.0005
vn 0.4661 0.8847 0.0002
vn 0.4683 0.8836 -0.0008
vn 0.4696 0.8829 -0.0002
vn 0.4707 0.8823 0.0010
vn 0.4772 0.8785 0.0213
vn 0.6645 0.7372 0.1225
vn 0.5277 0.8441 0.0949
vn 0.6961 0.7179 0.0007
vn 0.6967 0.7174 0.0005
vn 0.6972 0.7169 -0.0002
vn 0.6974 0.7166 0.0000
vn 0.6958 0.7182 0.0007
vn 0.6943 0.7193 0.0249
vn 0.7216 0.6840 0.1074
vn 0.0223 0.9997 -0.0055
vn 0.0341 0.9994 -0.0032
vn 0.0308 0.9995 -0.0003
vn -0.0023 1.0000 0.0012
vn 0.0161 0.9995 0.0285
vn 0.0080 0.9993 0.0370
vn 0.0095 0.9996 0.0257
vn 0.1057 0.9944 0.0042
vn 0.1144 0.9934 -0.0002
vn 0.0327 0.9995 0.0010
vn 0.1097 0.9940 -0.0031
vn 0.0287 0.9995 0.0105
vn 0.1086 0.9941 -0.0017
vn 0.1056 0.9944 0.0034
vn 0.0751 0.9966 0.0327
vn 0.4961 0.8682 0.0095
vn 0.2970 0.9548 0.0073
vn 0.4932 0.8699 0.0016
vn 0.2963 0.9551 0.0008
vn 0.2983 0.9545 -0.0050
vn 0.3002 0.9539 -0.0019
vn 0.4992 0.8665 -0.0032
vn 0.2998 0.9540 -0.0029
vn 0.5021 0.8648 -0.0009
vn 0.2977 0.9546 0.0062
vn 0.5042 0.8636 -0.0038
vn 0.0901 0.9958 0.0132
vn 0.2831 0.9587 0.0287
vn 0.5072 0.8618 0.0047
vn 0.2677 0.9628 0.0370
vn 0.4924 0.8701 0.0220
vn 0.0786 0.9965 0.0290
vn 0.2392 0.9702 0.0381
vn 0.4511 0.8919 0.0334
vn 0.7404 0.6717 0.0262
vn 0.7408 0.6718 0.0027
vn 0.7423 0.6700 0.0003
vn 0.7418 0.6706 -0.0004
vn 0.7432 0.6691 -0.0011
vn 0.7453 0.6667 0.0010
vn 0.7394 0.6732 0.0074
vn 0.7225 0.6913 0.0101
vn 0.0125 0.9657 0.2593
vn 0.0037 0.9129 0.4082
vn -0.0193 0.8799 0.4748
vn 0.0050 0.9995 0.0313
vn 0.0003 0.9946 0.1034
vn 0.1026 0.9270 0.3607
vn 0.0233 0.9047 0.4254
vn 0.0683 0.9971 0.0327
vn 0.0750 0.9906 0.1142
vn 0.2241 0.9722 0.0682
vn 0.1644 0.9604 0.2248
vn 0.4380 0.8976 0.0493
vn 0.3598 0.9195 0.1583
vn 0.2285 0.9431 0.2417
vn 0.1146 0.9194 0.3762
vn 0.7150 0.6990 0.0159
vn 0.8658 0.4989 0.0380
vn 0.8448 0.5192 0.1290
vn 0.4421 0.8931 0.0839
vn 0.8342 0.5045 0.2227
vn 0.3381 0.8413 0.4218
vn 0.4748 0.7211 0.5046
vn -0.8300 -0.5578 -0.0030
vn -0.8131 -0.5822 -0.0012
vn -0.8256 -0.5642 -0.0040
vn -0.8125 -0.5830 -0.0029
vn -0.8240 -0.5664 -0.0157
vn -0.8128 -0.5823 -0.0173
vn -0.8278 -0.5507 -0.1070
vn -0.8139 -0.5653 -0.1343
vn -0.8313 -0.4710 -0.2952
vn -0.7990 -0.4153 -0.4350
vn -0.8518 -0.3264 -0.4097
vn 0.0132 0.1096 0.9939
vn -0.1864 0.0679 0.9801
vn 0.8813 0.4722 0.0187
vn 0.8821 0.4707 -0.0181
vn 0.8195 0.5726 0.0238
vn 0.7962 0.6050 0.0097
vn 0.1175 0.9889 0.0905
vn 0.1166 0.9837 0.1372
vn 0.1165 0.9837 0.1372
vn 0.8009 0.5987 0.0131
vn 0.7800 0.6257 0.0073
vn 0.1239 0.9917 0.0344
vn 0.1175 0.9890 0.0894
vn 0.7897 0.6134 0.0079
vn 0.7741 0.6330 0.0065
vn 0.1986 0.9801 0.0038
vn 0.2443 0.9697 -0.0079
vn 0.7828 0.6223 -0.0010
vn 0.7732 0.6341 0.0056
vn 0.6256 0.7791 -0.0403
vn 0.7243 0.6822 0.0994
vn 0.7871 0.5363 -0.3047
vn 0.6910 0.6657 0.2817
vn 0.7859 0.5958 0.1653
vn 0.7141 0.5196 0.4691
vn -0.0132 0.0760 0.9970
vn -0.0396 0.0682 0.9969
vn 0.9673 0.2535 0.0003
vn 0.9673 0.2538 0.0001
vn 0.0322 0.9995 0.0003
vn 0.0275 0.5933 0.8045
vn 0.0681 0.5892 0.8051
vn 0.0698 0.5890 0.8051
vn 0.9989 0.0479 0.0013
vn 0.9989 0.0479 -0.0012
vn 0.9989 0.0472 0.0032
vn 0.9989 0.0478 0.0014
vn 0.7509 0.6604 0.0034
vn 0.9989 0.0471 0.0048
vn 0.9989 0.0471 0.0032
vn 0.7497 0.6618 0.0051
vn 0.9981 0.0623 -0.0006
vn 0.9988 0.0498 0.0035
vn 0.7528 0.6582 0.0075
vn 0.9106 0.4133 -0.0081
vn 0.9959 0.0893 -0.0136
vn 0.7611 0.6485 0.0115
vn 0.8533 0.5180 0.0592
vn 0.7940 0.5368 0.2854
vn 0.7024 0.5833 0.4079
vn 0.2790 0.1758 0.9441
vn 0.0031 -0.0001 -1.0000
vn 0.0030 0.0000 -1.0000
vn 0.0030 0.0005 -1.0000
vn 0.0013 0.1993 -0.9799
vn 0.0041 0.0171 -0.9998
vn 0.0127 0.3614 -0.9323
vn 0.0134 0.9327 -0.3603
vn 0.0022 0.9324 -0.3614
vn 0.0246 0.9996 -0.0161
vn 0.0363 -0.0001 -0.9993
vn 0.0368 0.0015 -0.9993
vn 0.0124 0.2018 -0.9793
vn 0.0474 0.0292 -0.9985
vn 0.0936 0.3574 -0.9292
vn 0.0210 0.9805 -0.1955
vn 0.0992 0.9341 -0.3430
vn 0.1717 0.9851 -0.0133
vn 0.1740 0.9848 -0.0004
vn 0.1740 0.9847 0.0004
vn 0.0373 -0.0012 -0.9993
vn 0.2336 -0.0041 -0.9723
vn 0.2329 -0.0001 -0.9725
vn 0.2338 0.0068 -0.9723
vn 0.1024 0.2187 -0.9704
vn 0.2474 0.0822 -0.9654
vn 0.1948 0.3294 -0.9239
vn 0.4946 0.8016 -0.3357
vn 0.7193 0.6653 -0.2001
vn 0.6447 0.6072 -0.4644
vn 0.1494 0.9739 -0.1708
vn 0.4865 0.8642 -0.1285
vn 0.7372 0.6755 -0.0143
vn 0.4805 0.8769 -0.0088
vn 0.4799 0.8773 -0.0002
vn 0.4800 0.8773 0.0003
vn 0.3957 -0.0304 -0.9179
vn 0.9871 -0.0080 -0.1598
vn 0.9553 -0.0055 -0.2957
vn 0.9999 -0.0093 -0.0116
vn 0.3928 -0.0051 -0.9196
vn 0.9551 -0.0004 -0.2962
vn 0.9870 -0.0004 -0.1609
vn 0.9999 -0.0003 -0.0116
vn 0.3922 0.0057 -0.9199
vn 0.9552 0.0051 -0.2960
vn 0.9999 0.0108 -0.0115
vn 0.9872 0.0089 -0.1594
vn 0.3863 0.0742 -0.9194
vn 0.9558 0.0683 -0.2859
vn 0.9841 0.1060 -0.1423
vn 0.9924 0.1225 -0.0099
vn 0.3581 0.1659 -0.9188
vn 0.2549 0.2263 -0.9401
vn 0.8377 0.4471 -0.3137
vn 0.9007 0.4190 -0.1148
vn 0.9134 0.4070 -0.0074
vn 0.9138 0.4062 -0.0002
vn 0.9138 0.4063 0.0003
vn 0.0002 0.0012 1.0000
vn 0.0008 0.0562 0.9984
vn 0.0246 0.9996 0.0146
vn 0.0211 0.9917 0.1265
vn 0.0023 0.8740 0.4859
vn 0.0009 0.8730 0.4877
vn 0.0006 0.1102 0.9939
vn 0.0010 -0.0000 1.0000
vn 0.0012 0.0002 1.0000
vn 0.0082 0.0082 0.9999
vn 0.0270 0.0551 0.9981
vn 0.1725 0.9849 0.0127
vn 0.1039 0.9405 0.3235
vn 0.0092 0.9337 0.3578
vn 0.0473 0.8846 0.4639
vn 0.0205 0.1093 0.9938
vn 0.0572 -0.0000 0.9984
vn 0.0571 0.0000 0.9984
vn 0.0570 0.0008 0.9984
vn 0.0558 0.0270 0.9981
vn 0.0533 0.0531 0.9972
vn 0.7375 0.6753 0.0120
vn 0.4804 0.8770 0.0107
vn 0.7315 0.6730 0.1093
vn 0.4808 0.8713 0.0983
vn 0.1602 0.9809 0.1099
vn 0.6794 0.6521 0.3364
vn 0.4521 0.8492 0.2731
vn 0.4138 0.7892 0.4537
vn 0.0525 0.0993 0.9937
vn 0.9999 -0.0093 0.0103
vn 0.9957 -0.0089 0.0917
vn 0.9605 -0.0054 0.2782
vn 0.9212 -0.0029 0.3891
vn 0.1121 -0.0000 0.9937
vn 0.9999 -0.0003 0.0103
vn 0.9958 -0.0004 0.0921
vn 0.9600 -0.0003 0.2798
vn 0.9200 -0.0002 0.3919
vn 0.1120 -0.0000 0.9937
vn 0.9999 0.0108 0.0102
vn 0.9605 0.0044 0.2783
vn 0.9958 0.0094 0.0908
vn 0.9201 0.0013 0.3916
vn 0.1120 0.0005 0.9937
vn 0.9899 0.1157 0.0824
vn 0.9923 0.1232 0.0092
vn 0.9629 0.0799 0.2576
vn 0.9239 0.0410 0.3805
vn 0.1108 0.0204 0.9936
vn 0.9132 0.4074 0.0092
vn 0.9054 0.4157 0.0857
vn 0.8790 0.4158 0.2333
vn 0.8206 0.3968 0.4113
vn 0.5755 0.5718 0.5847
vn 0.1004 0.0524 0.9936
vn -0.7212 -0.6927 -0.0062
vn -0.8092 -0.5875 -0.0013
vn 0.9998 -0.0007 -0.0219
vn 0.8757 0.4783 -0.0657
vn 0.9670 0.2391 -0.0881
vn 0.8272 -0.0072 0.5619
vn 0.9779 -0.1911 -0.0853
vn 0.8952 0.0602 0.4416
vn 0.5285 0.0192 0.8487
vn 0.2997 0.0563 -0.9524
vn 0.8510 0.0721 -0.5202
vn 0.5296 0.8450 -0.0741
vn 0.6326 0.6317 0.4481
vn 0.6193 -0.7833 -0.0540
vn 0.0488 0.0081 0.9988
vn 0.2975 -0.6635 0.6865
vn -0.8562 0.0409 0.5150
vn 0.3410 -0.1275 -0.9314
vn -0.3903 0.0803 0.9172
vn 0.3802 -0.3159 0.8693
vn -0.8621 0.0408 0.5052
vn -0.4467 0.0433 0.8936
vn -0.9917 -0.1025 -0.0780
vn -0.8535 -0.1382 0.5025
vn -0.0497 0.0547 0.9973
vn -0.1002 -0.9246 0.3676
vn 0.9845 -0.0302 0.1725
vn 0.0360 0.8695 0.4926
vn 0.0677 -0.0593 0.9959
vn 0.6188 -0.2727 0.7367
vn 0.7316 -0.0765 0.6774
vn 0.7230 -0.4906 0.4864
vn -0.8822 -0.4316 -0.1884
vn -0.4944 -0.8683 -0.0401
vn -0.7288 -0.0228 0.6843
vn -0.7749 0.6168 -0.1384
vn -1.0000 0.0003 0.0000
vn -0.9752 0.0580 -0.2134
vn -0.0351 -0.0512 -0.9981
vn -0.9182 -0.2883 0.2715
vn -0.9210 0.2453 0.3026
vn 0.9022 0.3161 0.2933
vn 0.0227 -0.2758 0.9609
vn -0.0608 -0.9864 0.1526
vn 0.6017 -0.0202 -0.7984
vn 0.6053 0.7958 -0.0158
vn -0.0006 0.9627 -0.2706
vn 0.7210 -0.6682 0.1834
vn 0.0000 -0.9752 -0.2212
vn 0.3277 0.0164 -0.9446
vn -0.7215 -0.6924 0.0061
vn 0.9872 0.0282 -0.1569
vn 0.9035 0.1353 0.4066
vn 0.6349 0.6459 -0.4240
vn 0.5049 0.0460 -0.8619
vn 0.9101 0.0251 -0.4137
vn 0.5854 0.0053 0.8107
vn 0.6028 -0.0067 0.7979
vn 0.7026 -0.6627 0.2592
vn -0.8717 0.0782 -0.4837
vn -0.2223 0.0381 -0.9742
vn -0.8614 0.0420 -0.5062
vn -0.4213 0.0411 -0.9060
vn -0.9445 -0.1729 -0.2793
vn -0.7579 -0.6523 0.0038
vn -0.4941 -0.8685 0.0402
vn -0.7749 0.6168 0.1384
vn -0.4418 -0.1188 -0.8892
vn 0.9711 0.0020 -0.2388
vn 0.8998 0.1173 0.4201
vn -0.3338 0.0620 -0.9406
vn -0.0604 -0.9865 -0.1525
vn 0.9944 0.0100 0.1055
vn -0.0007 0.9623 0.2719
vn 0.6057 0.7956 0.0146
vn 0.3439 0.2827 0.8954
vn -0.0003 -0.0001 1.0000
vn 0.0000 -0.9752 0.2212
vn 0.7210 -0.6683 -0.1829
vn 0.9670 0.0151 0.2544
vn -0.9436 -0.2415 -0.2267
vn -0.9011 -0.0437 -0.4313
vn -0.3319 -0.1943 -0.9231
vn -0.1002 -0.9246 -0.3674
vn -0.0079 0.0387 -0.9992
vn -0.0191 0.0044 -0.9998
vn 0.0360 0.8696 -0.4924
vn 0.5476 -0.5954 0.5879
vn 0.5070 -0.5074 0.6968
vn 0.5884 -0.5437 0.5985
vn 0.9255 -0.0038 0.3787
vn 0.9999 0.0003 -0.0152
vn 0.9968 -0.0794 0.0095
vn 0.9857 0.1454 -0.0847
vn 0.7499 -0.0019 0.6615
vn 0.9852 -0.1647 -0.0474
vn 0.4546 -0.8906 0.0163
vn 0.4333 0.0011 -0.9012
vn 0.9996 0.0127 -0.0257
vn 0.6593 0.7517 -0.0167
vn 0.5408 -0.8404 -0.0366
vn 0.6501 -0.5051 0.5677
vn 0.2384 0.1473 -0.9599
vn 0.4750 0.7209 -0.5047
vn 0.4754 0.1718 -0.8629
vn 0.3426 0.2870 0.8946
vn 0.9978 -0.0624 0.0238
vn 0.2700 -0.9424 0.1972
vn 0.3170 -0.2390 0.9178
vn 0.0009 -0.1818 0.9833
vn -0.4892 -0.2851 0.8243
vn 0.0396 -0.8909 0.4524
vn 0.0153 -0.4555 0.8901
vn 0.0078 -0.9964 0.0850
vn -0.0166 -0.9988 -0.0458
vn -0.9123 -0.2318 -0.3374
vn -0.0461 -0.0591 -0.9972
vn -0.0820 -0.5758 0.8135
vn -0.0853 -0.9726 0.2164
vn 0.3433 0.9307 -0.1261
vn 0.1120 -0.0000 -0.9937
vn 0.9553 -0.0055 0.2957
vn 0.1189 0.9925 -0.0291
vn 0.0678 0.5733 -0.8165
vn 0.2748 -0.9411 -0.1971
vn 0.0251 -0.8960 -0.4434
vn 0.0074 -0.9961 -0.0874
vn 0.0360 -0.4730 -0.8803
vn -0.0219 -0.9993 0.0306
vn -0.0886 -0.9725 -0.2156
vn -0.5113 -0.3598 -0.7805
vn 0.9803 -0.1885 -0.0592
vn 0.9811 -0.1769 -0.0780
vn 0.9382 -0.0070 0.3460
vn 0.8910 0.0020 -0.4540
vn 0.9566 0.0014 0.2914
vn 0.7699 0.5935 0.2345
vn 0.6781 -0.6957 0.2370
vn 0.9890 -0.0474 0.1400
vn 0.5806 -0.1697 0.7963
vn 0.8823 -0.2744 -0.3824
vn 0.6490 0.0050 0.7608
vn 0.3425 0.9310 0.1263
vn 0.1175 0.9924 0.0357
vn 0.0028 0.0696 0.9976
vn 0.0191 0.5940 0.8042
vn 0.3925 -0.0002 -0.9197
s 1
f 12//1 8//2 9//3
f 15//4 10//5 11//6
f 16//7 11//6 12//1
f 18//8 13//9 14//10
f 19//11 14//10 15//4
f 20//12 15//4 16//7
f 22//13 17//14 18//8
f 23//15 18//8 19//11
f 24//12 19//11 20//12
f 26//16 21//17 22//13
f 27//18 22//13 23//15
f 27//18 24//12 28//19
f 29//20 26//16 30//21
f 31//22 26//16 27//18
f 31//22 28//19 32//23
f 36//24 1//25 2//26
f 37//27 2//26 3//28
f 38//29 3//28 4//30
f 38//29 5//31 39//32
f 39//32 6//33 40//34
f 41//35 7//36 33//37
f 42//38 33//37 34//39
f 43//40 34//39 35//41
f 44//42 35//41 36//24
f 45//43 36//24 37//27
f 46//43 37//27 38//29
f 46//43 39//32 47//44
f 47//44 40//34 48//45
f 49//46 9//3 41//35
f 50//47 41//35 42//38
f 51//48 42//38 43//40
f 52//12 43//40 44//42
f 53//12 44//42 45//43
f 53//12 46//43 54//12
f 54//12 47//44 55//12
f 55//12 48//45 56//12
f 57//49 12//1 49//46
f 58//12 49//46 50//47
f 59//12 50//47 51//48
f 60//12 51//48 52//12
f 61//12 52//12 53//12
f 61//12 54//12 62//12
f 62//12 55//12 63//12
f 63//12 56//12 64//12
f 65//12 16//7 57//49
f 66//12 57//49 58//12
f 66//12 59//12 67//12
f 67//12 60//12 68//12
f 68//12 61//12 69//12
f 69//12 62//12 70//12
f 70//12 63//12 71//12
f 71//12 64//12 72//12
f 24//12 65//12 73//12
f 74//12 65//12 66//12
f 74//12 67//12 75//12
f 75//12 68//12 76//12
f 76//12 69//12 77//12
f 77//12 70//12 78//12
f 79//12 70//12 71//12
f 79//12 72//12 80//12
f 28//19 73//12 81//19
f 82//19 73//12 74//12
f 82//19 75//12 83//19
f 83//19 76//12 84//19
f 84//19 77//12 85//19
f 85//19 78//12 86//19
f 87//19 78//12 79//12
f 87//19 80//12 88//19
f 32//23 81//19 89//23
f 90//23 81//19 82//19
f 91//23 82//19 83//19
f 92//23 83//19 84//19
f 92//23 85//19 93//23
f 93//23 86//19 94//23
f 94//23 87//19 95//23
f 95//23 88//19 96//23
f 103//50 6//33 97//51
f 104//52 97//51 98//53
f 105//54 98//53 99//55
f 105//54 100//56 106//57
f 106//57 101//58 107//59
f 107//59 102//60 108//61
f 48//45 103//50 111//45
f 111//45 104//52 112//44
f 113//43 104//52 105//54
f 113//43 106//57 114//43
f 114//43 107//59 115//62
f 115//62 108//61 116//63
f 116//63 109//64 117//65
f 117//65 110//66 118//67
f 56//12 111//45 119//12
f 119//12 112//44 120//12
f 120//12 113//43 121//12
f 121//12 114//43 122//12
f 122//12 115//62 123//12
f 123//12 116//63 124//68
f 124//68 117//65 125//69
f 125//69 118//67 126//70
f 64//12 119//12 127//12
f 127//12 120//12 128//12
f 129//12 120//12 121//12
f 129//12 122//12 130//12
f 131//12 122//12 123//12
f 131//12 124//68 132//12
f 132//12 125//69 133//12
f 133//12 126//70 134//71
f 72//12 127//12 135//12
f 135//12 128//12 136//12
f 136//12 129//12 137//12
f 137//12 130//12 138//12
f 138//12 131//12 139//12
f 139//12 132//12 140//12
f 140//12 133//12 141//12
f 141//12 134//71 142//12
f 80//12 135//12 143//12
f 143//12 136//12 144//12
f 144//12 137//12 145//12
f 145//12 138//12 146//12
f 147//12 138//12 139//12
f 148//12 139//12 140//12
f 148//12 141//12 149//12
f 149//12 142//12 150//12
f 88//19 143//12 151//19
f 151//19 144//12 152//19
f 152//19 145//12 153//19
f 153//19 146//12 154//19
f 154//19 147//12 155//19
f 155//19 148//12 156//19
f 156//19 149//12 157//19
f 158//19 149//12 150//12
f 159//23 88//19 151//19
f 160//23 151//19 152//19
f 161//23 152//19 153//19
f 162//23 153//19 154//19
f 163//23 154//19 155//19
f 164//23 155//19 156//19
f 165//23 156//19 157//19
f 166//23 157//19 158//19
f 118//67 167//72 168//73
f 126//70 168//73 170//74
f 170//74 169//75 171//76
f 134//71 170//74 173//77
f 173//77 171//76 174//78
f 174//78 172//79 175//80
f 142//12 173//77 177//12
f 177//12 174//78 178//81
f 178//81 175//80 179//82
f 179//82 176//83 180//84
f 181//12 142//12 177//12
f 181//12 178//81 182//85
f 182//85 179//82 183//86
f 183//86 180//84 184//87
f 185//19 150//12 181//12
f 185//19 182//85 186//88
f 186//88 183//86 187//89
f 187//89 184//87 188//90
f 189//23 158//19 185//19
f 190//91 185//19 186//88
f 190//91 187//89 191//92
f 192//93 187//89 188//90
f 198//94 193//95 194//96
f 198//94 195//97 199//98
f 200//45 195//97 196//99
f 201//100 198//94 202//101
f 202//101 199//98 203//102
f 204//12 199//98 200//45
f 205//103 202//101 206//104
f 206//104 203//102 207//105
f 207//105 204//12 208//12
f 209//106 206//104 210//107
f 210//107 207//105 211//108
f 211//108 208//12 212//109
f 213//110 211//108 214//111
f 214//111 212//109 215//112
f 216//113 214//111 217//114
f 217//114 215//112 218//115
f 219//116 218//115 220//117
f 200//45 221//99 229//45
f 229//45 222//99 230//45
f 231//45 222//99 223//99
f 232//45 223//99 224//99
f 233//45 224//99 225//99
f 234//45 225//99 226//99
f 235//45 226//99 227//99
f 236//45 227//99 228//99
f 204//12 229//45 237//12
f 237//12 230//45 238//12
f 238//12 231//45 239//12
f 239//12 232//45 240//12
f 240//12 233//45 241//12
f 241//12 234//45 242//12
f 243//12 234//45 235//45
f 243//12 236//45 244//12
f 208//12 237//12 245//12
f 245//12 238//12 246//12
f 246//12 239//12 247//12
f 248//12 239//12 240//12
f 249//12 240//12 241//12
f 249//12 242//12 250//12
f 250//12 243//12 251//12
f 251//12 244//12 252//12
f 212//109 245//12 253//12
f 253//12 246//12 254//12
f 254//12 247//12 255//12
f 255//12 248//12 256//12
f 256//12 249//12 257//12
f 257//12 250//12 258//12
f 258//12 251//12 259//12
f 259//12 252//12 260//12
f 215//112 253//12 261//118
f 261//118 254//12 262//119
f 262//119 255//12 263//12
f 263//12 256//12 264//12
f 264//12 257//12 265//12
f 265//12 258//12 266//12
f 266//12 259//12 267//12
f 267//12 260//12 268//12
f 218//115 261//118 269//120
f 269//120 262//119 270//121
f 270//121 263//12 271//122
f 271//122 264//12 272//123
f 273//124 264//12 265//12
f 273//124 266//12 274//125
f 274//125 267//12 275//126
f 275//126 268//12 276//127
f 220//117 269//120 277//128
f 277//128 270//121 278//129
f 278//129 271//122 279//130
f 279//130 272//123 280//131
f 280//131 273//124 281//132
f 281//132 274//125 282//133
f 282//133 275//126 283//134
f 283//134 276//127 284//135
f 285//136 278//129 286//137
f 286//137 279//130 287//138
f 288//139 279//130 280//131
f 289//140 280//131 281//132
f 290//141 281//132 282//133
f 291//142 282//133 283//134
f 292//143 283//134 284//135
f 236//45 293//99 301//45
f 301//45 294//99 302//45
f 302//45 295//99 303//45
f 303//45 296//99 304//45
f 304//45 297//99 305//45
f 305//45 298//99 306//45
f 306//45 299//99 307//45
f 307//45 300//99 308//45
f 244//12 301//45 309//12
f 309//12 302//45 310//12
f 310//12 303//45 311//12
f 311//12 304//45 312//12
f 313//12 304//45 305//45
f 313//12 306//45 314//12
f 314//12 307//45 315//12
f 315//12 308//45 316//12
f 252//12 309//12 317//12
f 317//12 310//12 318//12
f 318//12 311//12 319//12
f 319//12 312//12 320//12
f 321//12 312//12 313//12
f 321//12 314//12 322//12
f 322//12 315//12 323//12
f 323//12 316//12 324//12
f 260//12 317//12 325//12
f 325//12 318//12 326//12
f 326//12 319//12 327//12
f 327//12 320//12 328//12
f 328//12 321//12 329//12
f 329//12 322//12 330//12
f 330//12 323//12 331//12
f 331//12 324//12 332//12
f 268//12 325//12 333//12
f 333//12 326//12 334//12
f 334//12 327//12 335//12
f 335//12 328//12 336//12
f 336//12 329//12 337//12
f 337//12 330//12 338//12
f 339//144 330//12 331//12
f 340//145 331//12 332//12
f 276//127 333//12 341//127
f 341//127 334//12 342//126
f 342//126 335//12 343//125
f 344//124 335//12 336//12
f 344//124 337//12 345//146
f 345//146 338//12 346//122
f 347//147 338//12 339//144
f 348//148 339//144 340//145
f 284//135 341//127 349//149
f 350//150 341//127 342//126
f 351//151 342//126 343//125
f 352//152 343//125 344//124
f 353//153 344//124 345//146
f 354//154 345//146 346//122
f 355//155 346//122 347//147
f 356//156 347//147 348//148
f 308//45 357//99 361//45
f 361//45 358//157 362//158
f 363//159 358//157 359//160
f 363//159 360//161 364//162
f 316//12 361//45 365//12
f 365//12 362//158 366//163
f 367//164 362//158 363//159
f 368//165 363//159 364//162
f 324//12 365//12 369//12
f 370//166 365//12 366//163
f 371//167 366//163 367//164
f 372//168 367//164 368//165
f 373//169 324//12 369//12
f 374//170 369//12 370//166
f 375//171 370//166 371//167
f 376//172 371//167 372//168
f 377//173 332//12 373//169
f 378//174 373//169 374//170
f 379//175 374//170 375//171
f 380//176 340//145 377//173
f 381//177 377//173 378//174
f 382//178 378//174 379//175
f 383//179 348//148 380//176
f 384//180 380//176 381//177
f 385//181 284//135 349//149
f 385//181 350//150 386//182
f 386//182 351//151 387//183
f 387//183 352//152 388//184
f 388//184 353//153 389//185
f 389//185 354//154 390//186
f 391//187 354//154 355//155
f 392//188 355//155 356//156
f 398//189 394//190 397//191
f 401//192 396//193 400//194
f 398//189 401//192 402//195
f 407//196 400//194 406//197
f 408//198 403//199 404//200
f 408//198 401//192 407//196
f 408//198 399//201 402//195
f 411//202 403//199 410//203
f 414//204 405//205 413//206
f 415//207 409//208 410//203
f 415//207 406//197 414//204
f 415//207 403//199 407//196
f 417//209 409//208 416//210
f 418//211 410//203 417//209
f 420//212 412//213 419//214
f 421//215 413//206 420//212
f 421//215 409//208 414//204
f 428//216 1//25 427//217
f 429//218 2//219 428//216
f 4//220 429//218 430//221
f 431//222 422//223 423//224
f 431//222 4//220 430//221
f 432//225 423//224 424//226
f 432//225 5//227 431//222
f 437//228 422//223 436//229
f 438//230 423//224 437//228
f 440//231 425//232 439//233
f 441//234 426//235 440//231
f 442//236 433//237 434//238
f 442//236 427//217 441//234
f 442//236 435//239 443//240
f 443//240 428//216 442//236
f 444//241 435//239 436//229
f 444//241 429//218 443//240
f 444//241 422//223 430//221
f 447//242 433//237 446//243
f 448//244 434//238 447//242
f 449//245 435//239 448//244
f 437//228 449//245 450//246
f 438//230 450//246 451//247
f 452//248 393//249 395//250
f 440//231 452//248 453//251
f 454//252 445//253 446//243
f 454//252 440//231 453//251
f 454//252 433//237 441//234
f 457//254 445//253 456//255
f 447//242 457//254 458//256
f 448//244 458//256 459//257
f 449//245 459//257 460//258
f 450//246 460//258 461//259
f 451//247 461//259 462//260
f 452//248 398//189 463//261
f 464//262 455//263 456//255
f 464//262 452//248 463//261
f 464//262 445//253 453//251
f 466//264 455//263 465//265
f 457//254 466//264 467//266
f 458//256 467//266 468//267
f 459//257 468//267 469//268
f 460//258 469//268 470//269
f 471//270 460//258 470//269
f 472//271 461//259 471//270
f 473//272 399//201 465//265
f 473//272 398//189 402//195
f 473//272 455//263 463//261
f 477//273 399//201 404//200
f 478//274 465//265 477//273
f 467//266 478//274 479//275
f 468//267 479//275 480//276
f 481//277 468//267 480//276
f 470//269 481//277 482//278
f 483//279 474//280 475//281
f 483//279 470//269 482//278
f 483//279 476//282 484//283
f 484//283 471//270 483//279
f 488//284 474//280 487//285
f 489//286 475//281 488//284
f 490//287 404//200 411//202
f 478//274 490//287 491//288
f 479//275 491//288 492//289
f 493//290 479//275 492//289
f 494//291 485//292 486//293
f 494//291 480//276 493//290
f 495//294 486//293 487//285
f 495//294 481//277 494//291
f 495//294 474//280 482//278
f 499//295 485//292 498//296
f 500//297 486//293 499//295
f 488//284 500//297 501//298
f 502//299 488//284 501//298
f 490//287 418//211 503//300
f 491//288 503//300 504//301
f 505//302 496//303 497//304
f 505//302 491//288 504//301
f 506//305 497//304 498//296
f 506//305 492//289 505//302
f 506//305 485//292 493//290
f 511//306 507//307 508//308
f 511//306 8//2 510//309
f 511//306 7//36 9//3
f 514//310 509//311 510//309
f 514//310 10//5 513//312
f 514//310 8//2 11//6
f 517//313 512//314 513//312
f 517//313 13//9 516//315
f 517//313 10//5 14//10
f 519//316 515//317 516//315
f 519//316 13//9 17//14
f 520//318 519//316 521//319
f 521//319 17//14 21//17
f 522//320 521//319 523//321
f 25//322 521//319 21//17
f 524//323 523//321 525//324
f 29//20 523//321 25//322
f 526//325 29//20 30//21
f 527//326 30//21 31//22
f 528//327 31//22 32//23
f 531//328 507//307 530//329
f 534//330 529//331 530//329
f 534//330 509//311 533//332
f 534//330 507//307 510//309
f 537//333 532//334 533//332
f 537//333 512//314 536//335
f 537//333 509//311 513//312
f 539//336 535//337 536//335
f 539//336 515//317 538//338
f 539//336 512//314 516//315
f 540//339 515//317 518//340
f 541//341 518//340 520//318
f 522//320 541//341 520//318
f 545//342 542//343 543//344
f 545//342 522//320 524//323
f 548//345 529//331 547//346
f 549//347 394//190 395//250
f 549//347 530//329 548//345
f 549//347 393//249 531//328
f 551//348 546//349 547//346
f 551//348 532//334 550//350
f 551//348 529//331 533//332
f 553//351 535//337 552//352
f 553//351 532//334 536//335
f 554//353 535//337 538//338
f 540//339 554//353 538//338
f 558//354 555//355 556//356
f 558//354 540//339 541//341
f 560//357 557//358 558//354
f 560//357 542//343 559//359
f 560//357 541//341 543//344
f 561//360 542//343 544//361
f 563//362 546//349 562//363
f 564//364 396//193 397//191
f 564//364 547//346 563//362
f 564//364 394//190 548//345
f 566//365 546//349 550//350
f 568//366 565//367 566//365
f 568//366 552//352 567//368
f 568//366 550//350 553//351
f 570//369 552//352 554//353
f 572//370 569//371 570//369
f 572//370 555//355 571//372
f 572//370 554//353 556//356
f 573//373 555//355 557//358
f 574//374 557//358 559//359
f 561//360 574//374 559//359
f 578//375 562//363 577//376
f 578//375 396//193 563//362
f 580//377 576//378 577//376
f 580//377 565//367 579//379
f 580//377 562//363 566//365
f 582//380 565//367 567//368
f 584//381 581//382 582//380
f 584//381 569//371 583//383
f 584//381 567//368 570//369
f 585//384 569//371 571//372
f 573//373 585//384 571//372
f 589//385 586//386 587//387
f 589//385 573//373 574//374
f 591//388 588//389 589//385
f 575//390 589//385 574//374
f 593//391 576//378 592//392
f 594//393 405//205 406//197
f 594//393 577//376 593//391
f 594//393 400//194 578//375
f 596//394 576//378 579//379
f 598//395 595//396 596//394
f 598//395 581//382 597//397
f 598//395 579//379 582//380
f 600//398 581//382 583//383
f 602//399 599//400 600//398
f 602//399 583//383 585//384
f 604//401 601//402 602//399
f 604//401 586//386 603//403
f 604//401 585//384 587//387
f 605//404 586//386 588//389
f 606//405 588//389 590//406
f 609//407 412//213 413//206
f 609//407 592//392 608//408
f 609//407 405//205 593//391
f 612//409 607//410 608//408
f 612//409 595//396 611//411
f 612//409 592//392 596//394
f 614//412 610//413 611//411
f 614//412 595//396 597//397
f 616//414 613//415 614//412
f 616//414 599//400 615//416
f 616//414 597//397 600//398
f 617//417 599//400 601//402
f 618//418 601//402 603//403
f 605//404 618//418 603//403
f 622//419 619//420 620//421
f 622//419 605//404 606//405
f 625//422 607//410 624//423
f 625//422 412//213 608//408
f 627//424 623//425 624//423
f 627//424 610//413 626//426
f 627//424 607//410 611//411
f 628//427 610//413 613//415
f 630//428 613//415 615//416
f 632//429 629//430 630//428
f 632//429 615//416 617//417
f 633//431 632//429 634//432
f 634//432 617//417 618//418
f 636//433 633//431 634//432
f 636//433 619//420 635//434
f 636//433 618//418 620//421
f 637//435 619//420 621//436
f 638//437 7//36 508//308
f 639//438 425//232 426//235
f 639//438 33//37 638//437
f 640//439 426//235 427//217
f 640//439 34//39 639//438
f 640//439 1//25 35//41
f 641//440 32//23 89//23
f 642//440 89//23 90//23
f 91//23 642//440 90//23
f 92//23 643//440 91//23
f 93//23 644//440 92//23
f 94//23 645//440 93//23
f 95//23 646//440 94//23
f 96//23 647//440 95//23
f 649//441 393//249 439//233
f 649//441 508//308 531//328
f 649//441 425//232 638//437
f 657//442 416//210 656//443
f 418//211 657//442 658//444
f 661//445 419//214 660//446
f 662//447 655//448 656//443
f 662//447 420//212 661//445
f 662//447 416//210 421//215
f 667//449 655//448 666//450
f 657//442 667//449 668//451
f 669//452 663//453 664//454
f 669//452 657//442 668//451
f 672//455 659//456 671//457
f 673//458 665//459 666//450
f 673//458 660//446 672//455
f 673//458 655//448 661//445
f 675//460 663//453 674//461
f 677//462 665//459 676//463
f 667//449 677//462 678//464
f 679//465 667//449 678//464
f 679//465 663//453 668//451
f 681//466 670//467 680//468
f 682//469 671//457 681//466
f 682//469 665//459 672//455
f 685//470 674//461 684//471
f 688//472 676//463 687//473
f 689//474 677//462 688//472
f 690//475 683//476 684//471
f 690//475 678//464 689//474
f 690//475 674//461 679//465
f 693//477 680//468 692//478
f 694//479 686//480 687//473
f 694//479 681//466 693//477
f 694//479 676//463 682//469
f 697//481 683//476 696//482
f 685//470 697//481 698//483
f 700//484 686//480 699//485
f 688//472 700//484 701//486
f 702//487 695//488 696//482
f 702//487 688//472 701//486
f 702//487 683//476 689//474
f 704//489 691//490 703//491
f 705//492 692//478 704//489
f 705//492 686//480 693//477
f 707//493 695//488 706//494
f 697//481 707//493 708//495
f 698//483 708//495 709//496
f 712//497 699//485 711//498
f 713//499 700//484 712//497
f 713//499 695//488 701//486
f 714//500 650//501 651//502
f 704//489 714//500 715//503
f 716//504 710//505 711//498
f 716//504 704//489 715//503
f 716//504 699//485 705//492
f 719//506 706//494 718//507
f 720//508 707//493 719//506
f 709//496 720//508 721//509
f 723//510 710//505 722//511
f 712//497 723//510 724//512
f 725//513 717//514 718//507
f 725//513 712//497 724//512
f 725//513 706//494 713//499
f 726//515 651//502 652//516
f 727//517 714//500 726//515
f 727//517 710//505 715//503
f 729//518 717//514 728//519
f 719//506 729//518 730//520
f 720//508 730//520 731//521
f 721//509 731//521 732//522
f 735//523 722//511 734//524
f 736//525 723//510 735//523
f 736//525 717//514 724//512
f 737//526 652//516 654//527
f 738//528 733//529 734//524
f 738//528 726//515 737//526
f 738//528 722//511 727//517
f 741//530 496//303 740//531
f 742//532 497//304 741//530
f 499//295 742//532 743//533
f 744//534 499//295 743//533
f 501//298 744//534 745//535
f 502//299 745//535 746//536
f 747//537 418//211 658//444
f 748//538 739//539 740//531
f 748//538 503//300 747//537
f 748//538 496//303 504//301
f 750//540 739//539 749//541
f 741//530 750//540 751//542
f 752//543 741//530 751//542
f 743//533 752//543 753//544
f 744//534 753//544 754//545
f 745//535 754//545 755//546
f 746//536 755//546 756//547
f 757//548 664//454 749//541
f 757//548 658//444 669//452
f 757//548 739//539 747//537
f 758//549 664//454 675//460
f 750//540 758//549 759//550
f 751//542 759//550 760//551
f 752//543 760//551 761//552
f 753//544 761//552 762//553
f 754//545 762//553 763//554
f 755//546 763//554 764//555
f 756//547 764//555 765//556
f 766//557 675//460 685//470
f 759//550 766//557 767//558
f 760//551 767//558 768//559
f 761//552 768//559 769//560
f 762//553 769//560 770//561
f 763//554 770//561 771//562
f 764//555 771//562 772//563
f 765//556 772//563 773//564
f 766//557 698//483 774//565
f 767//558 774//565 775//566
f 768//559 775//566 776//567
f 769//560 776//567 777//568
f 770//561 777//568 778//569
f 771//562 778//569 779//570
f 772//563 779//570 780//571
f 773//564 780//571 781//572
f 774//565 709//496 782//573
f 775//566 782//573 783//574
f 776//567 783//574 784//575
f 777//568 784//575 785//576
f 778//569 785//576 786//577
f 779//570 786//577 787//578
f 780//571 787//578 788//579
f 781//572 788//579 789//580
f 782//573 721//509 790//581
f 783//574 790//581 791//582
f 784//575 791//582 792//583
f 785//576 792//583 793//584
f 786//577 793//584 794//585
f 787//578 794//585 795//586
f 788//579 795//586 796//587
f 789//580 796//587 797//580
f 790//581 732//522 798//588
f 791//582 798//588 799//589
f 792//583 799//589 800//590
f 793//584 800//590 801//591
f 794//585 801//591 802//592
f 795//586 802//592 803//593
f 796//587 803//593 804//594
f 797//580 804//594 805//595
f 813//596 806//597 807//598
f 814//599 807//598 808//600
f 818//601 809//602 810//603
f 820//604 810//603 811//605
f 822//606 819//607 820//604
f 822//606 811//605 812//608
f 824//609 821//610 822//606
f 813//596 822//606 812//608
f 826//611 823//612 824//609
f 814//599 824//609 813//596
f 829//613 815//614 816//615
f 831//616 828//617 829//613
f 831//616 816//615 817//618
f 833//619 830//620 831//616
f 818//601 831//616 817//618
f 835//621 832//622 833//619
f 835//621 819//607 834//623
f 835//621 818//601 820//604
f 836//624 819//607 821//610
f 837//625 821//610 823//612
f 825//626 837//625 823//612
f 842//627 839//628 840//629
f 842//627 828//617 841//630
f 842//627 827//631 829//613
f 843//632 828//617 830//620
f 832//622 843//632 830//620
f 847//633 844//634 845//635
f 847//633 832//622 834//623
f 849//636 846//637 847//633
f 836//624 847//633 834//623
f 850//638 849//636 851//639
f 837//625 849//636 836//624
f 853//640 850//638 851//639
f 838//641 851//639 837//625
f 855//642 839//628 854//643
f 855//642 650//501 840//629
f 857//644 839//628 841//630
f 859//645 856//646 857//644
f 859//645 841//630 843//632
f 861//647 858//648 859//645
f 861//647 844//634 860//649
f 861//647 843//632 845//635
f 862//650 844//634 846//637
f 863//651 846//637 848//652
f 864//653 848//652 850//638
f 852//654 864//653 850//638
f 868//655 854//643 867//656
f 855//642 652//516 651//502
f 870//657 866//658 867//656
f 870//657 856//646 869//659
f 870//657 854//643 857//644
f 871//660 856//646 858//648
f 872//661 858//648 860//649
f 862//650 872//661 860//649
f 863//651 873//662 862//650
f 864//653 874//663 863//651
f 876//664 864//653 865//665
f 878//666 866//658 877//667
f 879//668 653//669 654//527
f 879//668 867//656 878//666
f 879//668 652//516 868//655
f 881//670 866//658 869//659
f 883//671 880//672 881//670
f 883//671 869//659 871//660
f 884//673 883//671 885//674
f 885//674 871//660 872//661
f 886//675 885//674 887//676
f 887//676 872//661 873//662
f 888//677 887//676 889//678
f 889//678 873//662 874//663
f 890//679 889//678 891//680
f 891//680 874//663 875//681
f 893//682 890//679 891//680
f 876//664 891//680 875//681
f 895//683 623//425 894//684
f 896//685 659//456 660//446
f 896//685 624//423 895//683
f 896//685 419//214 625//422
f 898//686 623//425 626//426
f 900//687 897//688 898//686
f 900//687 626//426 628//427
f 902//689 899//690 900//687
f 902//689 629//430 901//691
f 902//689 628//427 630//428
f 903//692 629//430 631//693
f 633//431 903//692 631//693
f 905//694 806//597 904//695
f 905//694 633//431 635//434
f 906//696 807//598 905//694
f 637//435 905//694 635//434
f 909//697 670//467 671//457
f 909//697 894//684 908//698
f 909//697 659//456 895//683
f 911//699 907//700 908//698
f 911//699 897//688 910//701
f 911//699 894//684 898//686
f 912//702 897//688 899//690
f 913//703 809//602 912//702
f 913//703 899//690 901//691
f 811//605 913//703 914//704
f 903//692 913//703 901//691
f 915//705 811//605 914//704
f 915//705 806//597 812//608
f 915//705 903//692 904//695
f 917//706 907//700 916//707
f 917//706 670//467 908//698
f 918//708 815//614 916//707
f 918//708 907//700 910//701
f 919//709 816//615 918//708
f 919//709 809//602 817//618
f 919//709 910//701 912//702
f 920//710 815//614 827//631
f 921//711 691//490 692//478
f 921//711 916//707 920//710
f 921//711 680//468 917//706
f 922//712 650//501 703//491
f 922//712 827//631 840//629
f 922//712 691//490 920//710
f 924//713 653//669 923//714
f 926//715 923//714 925//716
f 926//715 929//717 930//718
f 933//719 928//720 932//721
f 930//718 933//719 934//722
f 934//722 927//723 930//718
f 937//724 932//721 936//725
f 938//726 933//719 937//724
f 934//722 935//727 931//728
f 941//729 936//725 940//730
f 942//731 937//724 941//729
f 938//726 939//732 935//727
f 945//733 940//730 944//734
f 946//735 941//729 945//733
f 942//731 943//736 939//732
f 950//737 944//734 949//738
f 951//739 945//733 950//737
f 946//735 947//740 943//736
f 953//741 728//519 952//742
f 954//743 729//518 953//741
f 731//521 954//743 955//744
f 732//522 955//744 956//745
f 958//746 733//529 957//747
f 735//523 958//746 959//748
f 960//749 735//523 959//748
f 736//525 952//742 728//519
f 961//750 654//527 924//713
f 961//750 733//529 737//526
f 964//751 952//742 963//752
f 965//753 953//741 964//751
f 966//754 954//743 965//753
f 956//745 966//754 967//755
f 969//756 957//747 968//757
f 959//748 969//756 970//758
f 971//759 962//760 963//752
f 971//759 959//748 970//758
f 971//759 952//742 960//749
f 972//761 924//713 926//715
f 961//750 968//757 957//747
f 974//762 962//760 973//763
f 964//751 974//762 975//764
f 965//753 975//764 976//765
f 966//754 976//765 977//766
f 967//755 977//766 978//767
f 980//768 968//757 979//769
f 981//770 969//756 980//768
f 981//770 962//760 970//758
f 982//771 927//723 979//769
f 982//771 926//715 930//718
f 982//771 968//757 972//761
f 984//772 973//763 983//773
f 985//774 974//762 984//772
f 976//765 985//774 986//775
f 977//766 986//775 987//776
f 978//767 987//776 988//777
f 989//778 927//723 931//728
f 980//768 989//778 990//779
f 991//780 980//768 990//779
f 981//770 983//773 973//763
f 993//781 983//773 992//782
f 994//783 984//772 993//781
f 986//775 994//783 995//784
f 987//776 995//784 996//785
f 988//777 996//785 997//786
f 998//787 931//728 935//727
f 990//779 998//787 999//788
f 1000//789 990//779 999//788
f 991//780 992//782 983//773
f 1002//790 992//782 1001//791
f 1003//792 993//781 1002//790
f 995//784 1003//792 1004//793
f 996//785 1004//793 1005//794
f 997//786 1005//794 1006//795
f 1007//796 935//727 939//732
f 999//788 1007//796 1008//797
f 1009//798 999//788 1008//797
f 1000//789 1001//791 992//782
f 1012//799 1001//791 1011//800
f 1013//801 1002//790 1012//799
f 1004//793 1013//801 1014//802
f 1005//794 1014//802 1015//803
f 1006//795 1015//803 1016//804
f 1017//805 939//732 943//736
f 1008//797 1017//805 1018//806
f 1019//807 1010//808 1011//800
f 1019//807 1008//797 1018//806
f 1019//807 1001//791 1009//798
f 1021//809 1010//808 1020//810
f 1012//799 1021//809 1022//811
f 1013//801 1022//811 1023//812
f 1014//802 1023//812 1024//813
f 1015//803 1024//813 1025//814
f 1016//804 1025//814 1026//815
f 1027//816 943//736 947//740
f 1028//817 1017//805 1027//816
f 1028//817 1010//808 1018//806
f 798//588 956//745 1029//818
f 799//589 1029//818 1030//819
f 800//590 1030//819 1031//820
f 801//591 1031//820 1032//567
f 802//592 1032//567 1033//821
f 803//593 1033//821 1034//822
f 804//594 1034//822 1035//823
f 805//595 1035//823 1036//824
f 1029//818 967//755 1037//825
f 1030//819 1037//825 1038//826
f 1031//820 1038//826 1039//827
f 1032//567 1039//827 1040//828
f 1033//821 1040//828 1041//829
f 1034//822 1041//829 1042//830
f 1035//823 1042//830 1043//831
f 1036//824 1043//831 1044//824
f 1037//825 978//767 1045//832
f 1038//826 1045//832 1046//833
f 1039//827 1046//833 1047//834
f 1040//828 1047//834 1048//835
f 1041//829 1048//835 1049//836
f 1042//830 1049//836 1050//837
f 1043//831 1050//837 1051//838
f 1044//824 1051//838 1052//839
f 1045//832 988//777 1053//840
f 1046//833 1053//840 1054//841
f 1047//834 1054//841 1055//842
f 1048//835 1055//842 1056//843
f 1049//836 1056//843 1057//844
f 1050//837 1057//844 1058//845
f 1051//838 1058//845 1059//846
f 1052//839 1059//846 1060//839
f 1053//840 997//786 1061//847
f 1054//841 1061//847 1062//848
f 1055//842 1062//848 1063//849
f 1056//843 1063//849 1064//850
f 1057//844 1064//850 1065//851
f 1058//845 1065//851 1066//852
f 1059//846 1066//852 1067//853
f 1060//839 1067//853 1068//854
f 1061//847 1006//795 1069//855
f 1062//848 1069//855 1070//856
f 1063//849 1070//856 1071//857
f 1064//850 1071//857 1072//858
f 1065//851 1072//858 1073//859
f 1066//852 1073//859 1074//860
f 1067//853 1074//860 1075//861
f 1068//854 1075//861 1076//862
f 1069//855 1016//804 1077//863
f 1070//856 1077//863 1078//864
f 1071//857 1078//864 1079//865
f 1072//858 1079//865 1080//866
f 1073//859 1080//866 1081//867
f 1074//860 1081//867 1082//868
f 1075//861 1082//868 1083//869
f 1076//862 1083//869 1084//870
f 1077//863 1026//815 1085//871
f 1078//864 1085//871 1086//872
f 1079//865 1086//872 1087//873
f 1080//866 1087//873 1088//874
f 1081//867 1088//874 1089//875
f 1082//868 1089//875 1090//876
f 1083//869 1090//876 1091//877
f 1084//870 1091//877 1092//878
f 1094//879 877//667 1093//880
f 1094//879 653//669 878//666
f 1096//881 880//672 1095//882
f 1096//881 877//667 881//670
f 1097//883 880//672 882//884
f 1098//885 882//884 884//673
f 1099//886 884//673 886//675
f 1100//887 886//675 888//677
f 1101//888 888//677 890//679
f 892//889 1101//888 890//679
f 1105//890 1093//880 1104//891
f 1094//879 925//716 923//714
f 1107//892 1103//893 1104//891
f 1107//892 1095//882 1106//894
f 1107//892 1093//880 1096//881
f 1108//895 1095//882 1097//883
f 1098//885 1108//895 1097//883
f 1110//896 1098//885 1099//886
f 1100//887 1110//896 1099//886
f 1101//888 1111//897 1100//887
f 1113//898 1101//888 1102//899
f 1115//900 1103//893 1114//901
f 1116//902 928//720 929//717
f 1116//902 1104//891 1115//900
f 1116//902 925//716 1105//890
f 1117//903 1103//893 1106//894
f 1108//895 1117//903 1106//894
f 1109//904 1118//905 1108//895
f 1122//906 1119//907 1120//908
f 1122//906 1109//904 1110//896
f 1123//909 1122//906 1124//910
f 1124//910 1110//896 1111//897
f 1125//911 1124//910 1126//912
f 1126//912 1111//897 1112//913
f 1128//914 1125//911 1126//912
f 1113//898 1126//912 1112//913
f 1130//915 1114//901 1129//916
f 1130//915 928//720 1115//900
f 1117//903 1129//916 1114//901
f 1134//917 1131//918 1132//919
f 1134//917 1117//903 1118//905
f 1136//920 1133//921 1134//917
f 1136//920 1119//907 1135//922
f 1136//920 1118//905 1120//908
f 1137//923 1119//907 1121//924
f 1138//925 1121//924 1123//909
f 1139//926 1123//909 1125//911
f 1127//927 1139//926 1125//911
f 1142//928 1129//916 1141//929
f 1130//915 936//725 932//721
f 1144//930 1131//918 1143//931
f 1144//930 1129//916 1132//919
f 1145//932 1131//918 1133//921
f 1146//933 1133//921 1135//922
f 1137//923 1146//933 1135//922
f 1138//925 1147//934 1137//923
f 1139//926 1148//935 1138//925
f 1150//936 1139//926 1140//937
f 1153//938 1141//929 1152//939
f 1142//928 940//730 936//725
f 1155//940 1151//941 1152//939
f 1155//940 1143//931 1154//942
f 1155//940 1141//929 1144//930
f 1156//943 1143//931 1145//932
f 1157//944 1145//932 1146//933
f 1147//934 1157//944 1146//933
f 1148//935 1158//945 1147//934
f 1149//946 1159//947 1148//935
f 1161//948 1149//946 1150//936
f 1163//949 1151//941 1162//950
f 1153//938 1163//949 1164//951
f 1153//938 944//734 940//730
f 1165//952 1151//941 1154//942
f 1156//943 1165//952 1154//942
f 1157//944 1166//953 1156//943
f 1158//945 1167//954 1157//944
f 1159//947 1168//955 1158//945
f 1160//956 1169//957 1159//947
f 1171//958 1160//956 1161//948
f 1163//949 1172//959 1173//960
f 1174//961 948//962 949//738
f 1174//961 1163//949 1173//960
f 1174//961 944//734 1164//951
f 1175//963 1162//950 1165//952
f 1166//953 1175//963 1165//952
f 1167//954 1176//964 1166//953
f 1178//965 1167//954 1168//955
f 1179//966 1168//955 1169//957
f 1180//967 1169//957 1170//968
f 1171//958 1180//967 1170//968
f 1185//969 948//962 1184//970
f 950//737 1185//969 1186//971
f 1187//972 1182//973 1183//974
f 1187//972 950//737 1186//971
f 1187//972 947//740 951//739
f 1189//975 1182//973 1188//976
f 1191//977 1184//970 1190//978
f 1192//979 1185//969 1191//977
f 1192//979 1182//973 1186//971
f 1194//980 1188//976 1193//981
f 1196//982 1190//978 1195//983
f 1197//984 1191//977 1196//982
f 1192//979 1193//981 1188//976
f 1199//985 1193//981 1198//986
f 1201//987 1195//983 1200//988
f 1202//989 1196//982 1201//987
f 1197//984 1198//986 1193//981
f 1204//990 1198//986 1203//991
f 1206//992 1200//988 1205//993
f 1207//994 1201//987 1206//992
f 1202//989 1203//991 1198//986
f 1209//995 1203//991 1208//996
f 1211//997 1205//993 1210//998
f 1212//999 1206//992 1211//997
f 1207//994 1208//996 1203//991
f 1209//995 1213//1000 1214//1001
f 1216//1002 1210//998 1215//1003
f 1217//1004 1211//997 1216//1002
f 1212//999 1213//1000 1208//996
f 1219//1005 1213//1000 1218//1006
f 1216//1002 1220//1007 1221//1008
f 1222//1009 1216//1002 1221//1008
f 1217//1004 1218//1006 1213//1000
f 1224//1010 1020//810 1223//1011
f 1022//811 1224//1010 1225//1012
f 1023//812 1225//1012 1226//1013
f 1024//813 1226//1013 1227//1014
f 1025//814 1227//1014 1228//1015
f 1026//815 1228//1015 1229//1016
f 1230//1017 947//740 1183//974
f 1231//1018 1027//816 1230//1017
f 1028//817 1223//1011 1020//810
f 1233//1019 1223//1011 1232//1020
f 1234//1021 1224//1010 1233//1019
f 1226//1013 1234//1021 1235//1022
f 1227//1014 1235//1022 1236//1023
f 1228//1015 1236//1023 1237//1024
f 1229//1016 1237//1024 1238//1025
f 1230//1017 1189//975 1239//1026
f 1240//1027 1230//1017 1239//1026
f 1231//1018 1232//1020 1223//1011
f 1242//1028 1232//1020 1241//1029
f 1243//1030 1233//1019 1242//1028
f 1235//1022 1243//1030 1244//1031
f 1236//1023 1244//1031 1245//1032
f 1237//1024 1245//1032 1246//1033
f 1238//1025 1246//1033 1247//1034
f 1239//1026 1194//980 1248//1035
f 1249//1036 1239//1026 1248//1035
f 1240//1027 1241//1029 1232//1020
f 1251//1037 1241//1029 1250//1038
f 1252//1039 1242//1028 1251//1037
f 1244//1031 1252//1039 1253//1040
f 1245//1032 1253//1040 1254//1041
f 1246//1033 1254//1041 1255//1042
f 1247//1034 1255//1042 1256//1043
f 1248//1035 1199//985 1257//1044
f 1258//1045 1248//1035 1257//1044
f 1249//1036 1250//1038 1241//1029
f 1260//1046 1250//1038 1259//1047
f 1261//1048 1251//1037 1260//1046
f 1253//1040 1261//1048 1262//1049
f 1254//1041 1262//1049 1263//1050
f 1255//1042 1263//1050 1264//1051
f 1256//1043 1264//1051 1265//1052
f 1257//1044 1204//990 1266//1053
f 1267//1054 1257//1044 1266//1053
f 1258//1045 1259//1047 1250//1038
f 1269//1055 1259//1047 1268//1056
f 1270//1057 1260//1046 1269//1055
f 1262//1049 1270//1057 1271//1058
f 1263//1050 1271//1058 1272//1059
f 1264//1051 1272//1059 1273//1060
f 1265//1052 1273//1060 1274//1061
f 1266//1053 1209//995 1275//1062
f 1276//1063 1266//1053 1275//1062
f 1267//1054 1268//1056 1259//1047
f 1279//1064 1268//1056 1278//1065
f 1280//1066 1269//1055 1279//1064
f 1281//1067 1270//1057 1280//1066
f 1272//1059 1281//1067 1282//1068
f 1273//1060 1282//1068 1283//1069
f 1274//1061 1283//1069 1284//1070
f 1275//1062 1214//1001 1285//1071
f 1286//1072 1277//1073 1278//1065
f 1286//1072 1275//1062 1285//1071
f 1286//1072 1268//1056 1276//1063
f 1288//1074 1277//1073 1287//1075
f 1279//1064 1288//1074 1289//1076
f 1280//1066 1289//1076 1290//1077
f 1281//1067 1290//1077 1291//1078
f 1282//1068 1291//1078 1292//1079
f 1293//1080 1282//1068 1292//1079
f 1294//1081 1283//1069 1293//1080
f 1295//1082 1214//1001 1219//1005
f 1295//1082 1277//1073 1285//1071
f 1085//871 1229//1016 1296//1083
f 1086//872 1296//1083 1297//1084
f 1087//873 1297//1084 1298//1085
f 1088//874 1298//1085 1299//1086
f 1089//875 1299//1086 1300//1087
f 1090//876 1300//1087 1301//1088
f 1091//877 1301//1088 1302//1089
f 1092//878 1302//1089 1303//1090
f 1296//1083 1238//1025 1304//1091
f 1297//1084 1304//1091 1305//1092
f 1298//1085 1305//1092 1306//1093
f 1299//1086 1306//1093 1307//1094
f 1300//1087 1307//1094 1308//1095
f 1301//1088 1308//1095 1309//1096
f 1302//1089 1309//1096 1310//1097
f 1303//1090 1310//1097 1311//839
f 1304//1091 1247//1034 1312//1098
f 1305//1092 1312//1098 1313//1099
f 1306//1093 1313//1099 1314//1100
f 1307//1094 1314//1100 1315//1101
f 1308//1095 1315//1101 1316//1102
f 1309//1096 1316//1102 1317//1103
f 1310//1097 1317//1103 1318//1104
f 1311//839 1318//1104 1319//839
f 1312//1098 1256//1043 1320//1105
f 1313//1099 1320//1105 1321//1106
f 1314//1100 1321//1106 1322//1107
f 1315//1101 1322//1107 1323//1108
f 1316//1102 1323//1108 1324//1109
f 1317//1103 1324//1109 1325//1110
f 1318//1104 1325//1110 1326//1111
f 1319//839 1326//1111 1327//839
f 1320//1105 1265//1052 1328//1112
f 1321//1106 1328//1112 1329//1113
f 1322//1107 1329//1113 1330//1114
f 1323//1108 1330//1114 1331//1115
f 1324//1109 1331//1115 1332//1116
f 1325//1110 1332//1116 1333//1117
f 1326//1111 1333//1117 1334//1118
f 1327//839 1334//1118 1335//1119
f 1328//1112 1274//1061 1336//1120
f 1329//1113 1336//1120 1337//1121
f 1330//1114 1337//1121 1338//1122
f 1331//1115 1338//1122 1339//1123
f 1332//1116 1339//1123 1340//1124
f 1333//1117 1340//1124 1341//1125
f 1334//1118 1341//1125 1342//1126
f 1335//1119 1342//1126 1343//1127
f 1336//1120 1284//1070 1344//1128
f 1337//1121 1344//1128 1345//1129
f 1338//1122 1345//1129 1346//1130
f 1339//1123 1346//1130 1347//1131
f 1340//1124 1347//1131 1348//1132
f 1341//1125 1348//1132 1349//1133
f 1342//1126 1349//1133 1350//1134
f 1343//1127 1350//1134 1351//1135
f 1352//1136 1284//1070 1294//1081
f 1353//1137 1344//1128 1352//1136
f 1346//1130 1353//1137 1354//1138
f 1347//1131 1354//1138 1355//1139
f 1348//1132 1355//1139 1356//1140
f 1349//1133 1356//1140 1357//1141
f 1350//1134 1357//1141 1358//1142
f 1351//1135 1358//1142 1359//1143
f 1361//1144 1172//959 1360//1145
f 1361//1144 948//962 1173//960
f 1175//963 1360//1145 1172//959
f 1176//964 1362//1146 1175//963
f 1177//1147 1363//1148 1176//964
f 1367//1149 1364//1150 1365//1151
f 1367//1149 1177//1147 1178//965
f 1368//1152 1367//1149 1369//1153
f 1369//1153 1178//965 1179//966
f 1370//1154 1369//1153 1371//1155
f 1371//1155 1179//966 1180//967
f 1373//1156 1370//1154 1371//1155
f 1181//1157 1371//1155 1180//967
f 1375//1158 1360//1145 1374//1159
f 1361//1144 1190//978 1184//970
f 1362//1146 1374//1159 1360//1145
f 1363//1148 1376//1160 1362//1146
f 1380//1161 1377//1162 1378//1163
f 1380//1161 1364//1150 1379//1164
f 1380//1161 1363//1148 1365//1151
f 1381//1165 1364//1150 1366//1166
f 1382//1167 1366//1166 1368//1152
f 1383//1168 1368//1152 1370//1154
f 1372//1169 1383//1168 1370//1154
f 1386//1170 1374//1159 1385//1171
f 1375//1158 1195//983 1190//978
f 1376//1160 1385//1171 1374//1159
f 1390//1172 1387//1173 1388//1174
f 1390//1172 1377//1162 1389//1175
f 1390//1172 1376//1160 1378//1163
f 1391//1176 1377//1162 1379//1164
f 1392//1177 1379//1164 1381//1165
f 1393//1178 1381//1165 1382//1167
f 1394//1179 1382//1167 1383//1168
f 1384//1180 1394//1179 1383//1168
f 1397//1181 1385//1171 1396//1182
f 1386//1170 1200//988 1195//983
f 1399//1183 1387//1173 1398//1184
f 1399//1183 1385//1171 1388//1174
f 1400//1185 1387//1173 1389//1175
f 1401//1186 1389//1175 1391//1176
f 1392//1177 1401//1186 1391//1176
f 1393//1178 1402//1187 1392//1177
f 1394//1179 1403//1188 1393//1178
f 1405//1189 1394//1179 1395//1190
f 1407//1191 1396//1182 1406//1192
f 1397//1181 1205//993 1200//988
f 1399//1183 1408//1193 1409//1194
f 1409//1194 1396//1182 1399//1183
f 1410//1195 1398//1184 1400//1185
f 1411//1196 1400//1185 1401//1186
f 1402//1187 1411//1196 1401//1186
f 1403//1188 1412//1197 1402//1187
f 1404//1198 1413//1199 1403//1188
f 1405//1189 1414//1200 1404//1198
f 1418//1201 1406//1192 1417//1202
f 1407//1191 1210//998 1205//993
f 1420//1203 1416//1204 1417//1202
f 1420//1203 1408//1193 1419//1205
f 1420//1203 1406//1192 1409//1194
f 1421//1206 1408//1193 1410//1195
f 1422//1207 1410//1195 1411//1196
f 1412//1197 1422//1207 1411//1196
f 1413//1199 1423//1208 1412//1197
f 1414//1200 1424//1209 1413//1199
f 1415//1210 1425//1211 1414//1200
f 1428//1212 1416//1204 1427//1213
f 1418//1201 1428//1212 1429//1214
f 1418//1201 1215//1003 1210//998
f 1430//1215 1416//1204 1419//1205
f 1421//1206 1430//1215 1419//1205
f 1422//1207 1431//1216 1421//1206
f 1423//1208 1432//1217 1422//1207
f 1424//1209 1433//1218 1423//1208
f 1425//1211 1434//1219 1424//1209
f 1426//1220 1435//1221 1425//1211
f 1438//1222 1427//1213 1437//1223
f 1429//1214 1438//1222 1439//1224
f 1439//1224 1215//1003 1429//1214
f 1440//1225 1427//1213 1430//1215
f 1431//1216 1440//1225 1430//1215
f 1432//1217 1441//1226 1431//1216
f 1433//1218 1442//1227 1432//1217
f 1434//1219 1443//1228 1433//1218
f 1435//1221 1444//1229 1434//1219
f 1436//1230 1445//1231 1435//1221
f 1219//1005 1447//1232 1448//1233
f 1221//1008 1449//1234 1450//1235
f 1222//1009 1450//1235 1451//1236
f 1451//1236 1218//1006 1222//1009
f 1448//1233 1452//1237 1453//1238
f 1450//1235 1454//1239 1455//1240
f 1451//1236 1455//1240 1456//1241
f 1456//1241 1447//1232 1451//1236
f 1453//1238 1457//1242 1458//1243
f 1455//1240 1459//1244 1460//1245
f 1456//1241 1460//1245 1461//1246
f 1461//1246 1452//1237 1456//1241
f 1458//1243 1462//1247 1463//1248
f 1460//1245 1464//1249 1465//1250
f 1461//1246 1465//1250 1466//1251
f 1461//1246 1462//1247 1457//1242
f 1467//1252 1462//1247 1466//1251
f 1466//1251 1470//1253 1471//1254
f 1467//1252 1471//1254 1473//1255
f 1467//1252 1469//1256 1463//1248
f 1471//1254 1475//1257 1476//1258
f 1473//1255 1476//1258 1478//1259
f 1473//1255 1474//1260 1469//1256
f 1478//1259 1479//1261 1480//1262
f 1483//1263 1287//1075 1482//1264
f 1289//1076 1483//1263 1484//1265
f 1290//1077 1484//1265 1485//1266
f 1486//1267 1290//1077 1485//1266
f 1487//1268 1291//1078 1486//1267
f 1488//1269 1292//1079 1487//1268
f 1489//1270 1293//1080 1488//1269
f 1490//1271 1219//1005 1448//1233
f 1490//1271 1287//1075 1295//1082
f 1483//1263 1491//1272 1492//1273
f 1484//1265 1492//1273 1493//1274
f 1494//1275 1484//1265 1493//1274
f 1495//1276 1485//1266 1494//1275
f 1496//1277 1486//1267 1495//1276
f 1497//1278 1487//1268 1496//1277
f 1498//1279 1488//1269 1497//1278
f 1490//1271 1453//1238 1499//1280
f 1490//1271 1491//1272 1482//1264
f 1492//1273 1500//1281 1501//1282
f 1502//1283 1492//1273 1501//1282
f 1503//1284 1493//1274 1502//1283
f 1504//1285 1494//1275 1503//1284
f 1505//1286 1495//1276 1504//1285
f 1506//1287 1496//1277 1505//1286
f 1507//1288 1497//1278 1506//1287
f 1499//1280 1458//1243 1508//1289
f 1499//1280 1500//1281 1491//1272
f 1509//1290 1500//1281 1508//1289
f 1502//1283 1517//1291 1518//1292
f 1503//1284 1518//1292 1519//1293
f 1520//1294 1503//1284 1519//1293
f 1521//1295 1504//1285 1520//1294
f 1522//1296 1505//1286 1521//1295
f 1523//1297 1506//1287 1522//1296
f 1524//1298 1458//1243 1463//1248
f 1509//1290 1524//1298 1525//1299
f 1509//1290 1517//1291 1501//1282
f 1535//1300 1526//1301 1534//1302
f 1535//1300 1510//1303 1511//1304
f 1536//1305 1527//1306 1535//1300
f 1536//1305 1511//1304 1512//1307
f 1536//1305 1529//1308 1528//1309
f 1537//1310 1512//1307 1513//1311
f 1537//1310 1530//1312 1529//1308
f 1538//1313 1513//1311 1514//1314
f 1538//1313 1531//1315 1530//1312
f 1539//1316 1514//1314 1515//1317
f 1539//1316 1532//1318 1531//1315
f 1540//1319 1515//1317 1516//1320
f 1518//1292 1541//1321 1542//1322
f 1519//1293 1542//1322 1543//1323
f 1520//1294 1543//1323 1544//1324
f 1545//1325 1520//1294 1544//1324
f 1546//1326 1521//1295 1545//1325
f 1547//1327 1522//1296 1546//1326
f 1524//1298 1469//1256 1548//1328
f 1525//1299 1548//1328 1549//1329
f 1549//1329 1517//1291 1525//1299
f 1527//1306 1550//1330 1526//1331
f 1552//1332 1527//1306 1528//1309
f 1553//1333 1528//1309 1529//1308
f 1530//1312 1553//1333 1529//1308
f 1555//1334 1530//1312 1531//1315
f 1556//1335 1531//1315 1532//1318
f 1557//1336 1468//1337 1533//1338
f 1534//1302 1557//1336 1533//1338
f 1558//1339 1526//1331 1550//1330
f 1559//1340 1550//1330 1551//1341
f 1542//1322 1560//1342 1561//1343
f 1543//1323 1561//1343 1562//1344
f 1544//1324 1562//1344 1563//1345
f 1564//1346 1544//1324 1563//1345
f 1565//1347 1545//1325 1564//1346
f 1566//1348 1546//1326 1565//1347
f 1548//1328 1474//1260 1567//1349
f 1549//1329 1567//1349 1568//1350
f 1549//1329 1560//1342 1541//1321
f 1569//1351 1560//1342 1568//1350
f 1569//1351 1562//1344 1561//1343
f 1552//1332 1570//1352 1551//1341
f 1574//1353 1562//1344 1572//1354
f 1553//1333 1571//1355 1552//1332
f 1554//1356 1573//1357 1553//1333
f 1576//1358 1554//1356 1555//1334
f 1577//1359 1555//1334 1556//1335
f 1578//1360 1474//1260 1478//1259
f 1557//1336 1477//1361 1472//1362
f 1580//1363 1557//1336 1558//1339
f 1559//1340 1580//1363 1558//1339
f 1559//1340 1570//1352 1581//1364
f 1582//1365 1570//1352 1571//1355
f 1582//1365 1573//1357 1583//1366
f 1584//1367 1573//1357 1575//1368
f 1564//1346 1585//1369 1586//1370
f 1565//1347 1586//1370 1587//1371
f 1566//1348 1587//1371 1588//1372
f 1568//1350 1589//1373 1590//1374
f 1569//1351 1590//1374 1591//1375
f 1572//1354 1591//1375 1592//1376
f 1574//1353 1592//1376 1593//1377
f 1574//1353 1585//1369 1563//1345
f 1594//1378 1585//1369 1593//1377
f 1594//1378 1587//1371 1586//1370
f 1576//1358 1595//1379 1575//1368
f 1597//1380 1588//1372 1587//1371
f 1577//1359 1596//1381 1576//1358
f 1578//1360 1480//1262 1600//1382
f 1578//1360 1589//1373 1567//1349
f 1580//1363 1601//1383 1579//1384
f 1603//1385 1580//1363 1581//1364
f 1582//1365 1603//1385 1581//1364
f 1583//1366 1604//1386 1582//1365
f 1584//1367 1605//1387 1583//1366
f 1584//1367 1595//1379 1606//1388
f 1607//1389 1595//1379 1596//1381
f 1608//1390 1596//1381 1598//1391
f 1590//1374 1609//1392 1610//1393
f 1591//1375 1610//1393 1611//1394
f 1612//1395 1591//1375 1611//1394
f 1613//1396 1592//1376 1612//1395
f 1594//1378 1613//1396 1614//1397
f 1597//1380 1614//1397 1615//1398
f 1599//1399 1615//1398 1616//1400
f 1600//1382 1481//1401 1617//1402
f 1600//1382 1609//1392 1589//1373
f 1618//1403 1609//1392 1617//1402
f 1603//1385 1619//1404 1602//1405
f 1604//1386 1620//1406 1603//1385
f 1605//1387 1621//1407 1604//1386
f 1623//1408 1605//1387 1606//1388
f 1607//1389 1623//1408 1606//1388
f 1608//1390 1624//1409 1607//1389
f 1626//1410 1294//1081 1489//1270
f 1627//1411 1352//1136 1626//1410
f 1628//1412 1353//1137 1627//1411
f 1629//1413 1354//1138 1628//1412
f 1630//1414 1355//1139 1629//1413
f 1631//1415 1356//1140 1630//1414
f 1632//1416 1357//1141 1631//1415
f 1633//1417 1358//1142 1632//1416
f 1634//1418 1489//1270 1498//1279
f 1635//1419 1626//1410 1634//1418
f 1636//1420 1627//1411 1635//1419
f 1637//1421 1628//1412 1636//1420
f 1638//1422 1629//1413 1637//1421
f 1639//1423 1630//1414 1638//1422
f 1640//1424 1631//1415 1639//1423
f 1641//1425 1632//1416 1640//1424
f 1642//1426 1498//1279 1507//1288
f 1643//1427 1634//1418 1642//1426
f 1644//1428 1635//1419 1643//1427
f 1645//1429 1636//1420 1644//1428
f 1646//1430 1637//1421 1645//1429
f 1647//1431 1638//1422 1646//1430
f 1648//1432 1639//1423 1647//1431
f 1649//1433 1640//1424 1648//1432
f 1658//1434 1507//1288 1523//1297
f 1659//1435 1642//1426 1658//1434
f 1660//1436 1643//1427 1659//1435
f 1661//1437 1644//1428 1660//1436
f 1662//1438 1645//1429 1661//1437
f 1663//1439 1646//1430 1662//1438
f 1664//1440 1647//1431 1663//1439
f 1665//1441 1648//1432 1664//1440
f 1540//1319 1666//1442 1532//1318
f 1674//1443 1516//1320 1650//1444
f 1674//1443 1667//1445 1666//1442
f 1651//1446 1674//1443 1650//1444
f 1675//1447 1668//1448 1667//1445
f 1652//1449 1675//1447 1651//1446
f 1676//1450 1669//1451 1668//1448
f 1653//1452 1676//1450 1652//1449
f 1677//1453 1670//1454 1669//1451
f 1654//1455 1677//1453 1653//1452
f 1678//1456 1671//1457 1670//1454
f 1655//1458 1678//1456 1654//1455
f 1679//1459 1672//1460 1671//1457
f 1656//1461 1679//1459 1655//1458
f 1680//1462 1673//1463 1672//1460
f 1657//1464 1680//1462 1656//1461
f 1682//1465 1523//1297 1547//1327
f 1683//1466 1658//1434 1682//1465
f 1684//1467 1659//1435 1683//1466
f 1685//1468 1660//1436 1684//1467
f 1686//1469 1661//1437 1685//1468
f 1687//1470 1662//1438 1686//1469
f 1688//1471 1663//1439 1687//1470
f 1689//1472 1664//1440 1688//1471
f 1690//1473 1532//1318 1666//1442
f 1691//1474 1666//1442 1667//1445
f 1692//1475 1667//1445 1668//1448
f 1693//1476 1668//1448 1669//1451
f 1694//1477 1669//1451 1670//1454
f 1695//1478 1670//1454 1671//1457
f 1696//1479 1671//1457 1672//1460
f 1697//1480 1672//1460 1673//1463
f 1698//1481 1547//1327 1566//1348
f 1699//1482 1682//1465 1698//1481
f 1700//1483 1683//1466 1699//1482
f 1701//1484 1684//1467 1700//1483
f 1686//1469 1701//1484 1702//1485
f 1687//1470 1702//1485 1703//1486
f 1688//1471 1703//1486 1704//1487
f 1689//1472 1704//1487 1705//1488
f 1690//1473 1577//1359 1556//1335
f 1691//1474 1706//1489 1690//1473
f 1692//1475 1707//1490 1691//1474
f 1693//1476 1708//1491 1692//1475
f 1694//1477 1709//1492 1693//1476
f 1695//1478 1710//1493 1694//1477
f 1696//1479 1711//1494 1695//1478
f 1697//1480 1712//1495 1696//1479
f 1698//1481 1588//1372 1714//1496
f 1699//1482 1714//1496 1715//1497
f 1700//1483 1715//1497 1716//1498
f 1701//1484 1716//1498 1717//1499
f 1702//1485 1717//1499 1718//1500
f 1703//1486 1718//1500 1719//1501
f 1704//1487 1719//1501 1720//1502
f 1705//1488 1720//1502 1721//1503
f 1599//1399 1714//1496 1588//1372
f 1706//1489 1598//1391 1577//1359
f 1723//1504 1715//1497 1714//1496
f 1707//1490 1722//1505 1706//1489
f 1725//1506 1716//1498 1715//1497
f 1708//1491 1724//1507 1707//1490
f 1727//1508 1717//1499 1716//1498
f 1709//1492 1726//1509 1708//1491
f 1729//1510 1718//1500 1717//1499
f 1710//1493 1728//1511 1709//1492
f 1731//1512 1719//1501 1718//1500
f 1711//1494 1730//1513 1710//1493
f 1733//1514 1720//1502 1719//1501
f 1712//1495 1732//1515 1711//1494
f 1735//1516 1721//1503 1720//1502
f 1713//1517 1734//1518 1712//1495
f 1608//1390 1722//1505 1738//1519
f 1738//1519 1724//1507 1739//1520
f 1739//1520 1726//1509 1740//1521
f 1740//1521 1728//1511 1741//1522
f 1741//1522 1730//1513 1742//1523
f 1742//1523 1732//1515 1743//1524
f 1743//1524 1734//1518 1744//1525
f 1744//1525 1736//1526 1745//1527
f 1723//1504 1616//1400 1746//1528
f 1725//1506 1746//1528 1747//1529
f 1727//1508 1747//1529 1748//1530
f 1729//1510 1748//1530 1749//1531
f 1731//1512 1749//1531 1750//1532
f 1733//1514 1750//1532 1751//1533
f 1752//1534 1733//1514 1751//1533
f 1753//1535 1735//1516 1752//1534
f 1754//1536 1608//1390 1738//1519
f 1755//1537 1738//1519 1739//1520
f 1740//1521 1755//1537 1739//1520
f 1741//1522 1756//1538 1740//1521
f 1742//1523 1757//1539 1741//1522
f 1743//1524 1758//1540 1742//1523
f 1744//1525 1759//1541 1743//1524
f 1745//1527 1760//1542 1744//1525
f 1438//1222 1762//1543 1763//1544
f 1764//1545 1438//1222 1763//1544
f 1764//1545 1220//1007 1439//1224
f 1440//1225 1762//1543 1437//1223
f 1441//1226 1765//1546 1440//1225
f 1442//1227 1766//1547 1441//1226
f 1443//1228 1767//1548 1442//1227
f 1444//1229 1768//1549 1443//1228
f 1445//1231 1769//1550 1444//1229
f 1446//1551 1770//1552 1445//1231
f 1763//1544 1772//1553 1773//1554
f 1774//1555 1763//1544 1773//1554
f 1774//1555 1449//1234 1764//1545
f 1765//1546 1772//1553 1762//1543
f 1776//1556 1772//1553 1775//1557
f 1777//1558 1765//1546 1766//1547
f 1778//1559 1766//1547 1767//1548
f 1781//1560 1767//1548 1768//1549
f 1782//1561 1780//1562 1779//1563
f 1784//1564 1768//1549 1769//1550
f 1785//1565 1783//1566 1782//1561
f 1770//1552 1784//1564 1769//1550
f 1788//1567 1786//1568 1785//1565
f 1771//1569 1787//1570 1770//1552
f 1792//1571 1788//1567 1791//1572
f 1774//1555 1793//1573 1794//1574
f 1794//1574 1454//1239 1774//1555
f 1776//1556 1796//1575 1797//1576
f 1776//1556 1793//1573 1773//1554
f 1777//1558 1796//1575 1775//1557
f 1802//1577 1777//1558 1778//1559
f 1804//1578 1800//1579 1803//1580
f 1804//1578 1779//1581 1780//1582
f 1805//1583 1778//1559 1781//1560
f 1806//1584 1802//1585 1805//1586
f 1806//1587 1779//1588 1803//1589
f 1807//1590 1780//1591 1783//1592
f 1808//1593 1781//1560 1784//1564
f 1809//1594 1805//1586 1808//1595
f 1809//1596 1782//1597 1806//1587
f 1810//1598 1783//1592 1786//1599
f 1787//1570 1808//1593 1784//1564
f 1812//1600 1808//1595 1811//1601
f 1788//1602 1809//1596 1812//1603
f 1789//1604 1810//1598 1786//1599
f 1790//1605 1811//1606 1787//1570
f 1814//1607 1812//1600 1811//1601
f 1791//1608 1812//1603 1815//1609
f 1792//1610 1813//1611 1789//1604
f 1794//1574 1817//1612 1818//1613
f 1794//1574 1464//1249 1459//1244
f 1819//1614 1464//1249 1818//1613
f 1797//1576 1822//1615 1823//1616
f 1797//1576 1817//1612 1793//1573
f 1824//1617 1821//1618 1820//1619
f 1825//1620 1795//1621 1821//1622
f 1799//1623 1822//1615 1796//1575
f 1827//1624 1822//1625 1826//1626
f 1828//1627 1800//1628 1801//1629
f 1830//1630 1799//1623 1802//1577
f 1831//1631 1826//1626 1830//1632
f 1831//1633 1802//1634 1803//1635
f 1831//1636 1800//1637 1827//1638
f 1832//1639 1801//1640 1804//1641
f 1807//1590 1832//1639 1804//1641
f 1810//1598 1833//1642 1807//1590
f 1813//1611 1834//1643 1810//1598
f 1815//1644 1836//1645 1837//1646
f 1838//1647 1813//1611 1816//1648
f 1818//1613 1839//1649 1840//1650
f 1819//1614 1840//1650 1841//1651
f 1819//1614 1470//1253 1465//1250
f 1843//1652 1820//1653 1821//1654
f 1843//1652 1468//1337 1472//1362
f 1823//1616 1839//1649 1817//1612
f 1845//1655 1839//1649 1844//1656
f 1824//1657 1842//1658 1846//1659
f 1847//1660 1824//1661 1846//1662
f 1848//1663 1823//1616 1827//1664
f 1828//1627 1848//1665 1827//1666
f 1829//1667 1847//1660 1850//1668
f 1851//1669 1828//1627 1832//1639
f 1833//1642 1851//1669 1832//1639
f 1834//1643 1852//1670 1833//1642
f 1835//1671 1853//1672 1834//1643
f 1855//1673 1835//1671 1838//1647
f 1841//1651 1856//1674 1857//1675
f 1841//1651 1475//1257 1470//1253
f 1858//1676 1475//1257 1857//1675
f 1843//1652 1859//1677 1842//1678
f 1843//1652 1477//1361 1860//1679
f 1845//1655 1861//1680 1862//1681
f 1845//1655 1856//1674 1840//1650
f 1863//1682 1856//1674 1862//1681
f 1846//1659 1859//1683 1864//1684
f 1866//1685 1859//1686 1860//1687
f 1847//1660 1864//1688 1866//1689
f 1848//1663 1861//1690 1844//1656
f 1868//1691 1862//1681 1861//1680
f 1849//1692 1868//1693 1848//1665
f 1871//1694 1865//1694 1870//1694
f 1872//1695 1847//1660 1866//1689
f 1873//1696 1849//1692 1851//1669
f 1852//1670 1873//1696 1851//1669
f 1853//1672 1874//1697 1852//1670
f 1854//1698 1875//1699 1853//1672
f 1877//1700 1854//1698 1855//1673
f 1858//1676 1878//1701 1879//1702
f 1858//1676 1479//1261 1476//1258
f 1880//1703 1479//1261 1879//1702
f 1863//1682 1882//1704 1883//1705
f 1863//1682 1878//1701 1857//1675
f 1884//1706 1878//1701 1883//1705
f 1887//1707 1865//1707 1867//1707
f 1866//1708 1881//1709 1886//1710
f 1869//1711 1882//1704 1862//1681
f 1890//1712 1882//1704 1889//1713
f 1870//1714 1885//1714 1891//1714
f 1892//12 1885//12 1887//12
f 1871//1715 1891//1715 1892//1716
f 1892//1717 1867//1717 1871//1717
f 1873//1696 1889//1718 1869//1719
f 1874//1697 1894//1720 1873//1696
f 1875//1699 1895//1721 1874//1697
f 1897//1722 1875//1699 1876//1723
f 1898//1724 1876//1723 1877//1700
f 1880//1703 1899//1725 1900//1726
f 1880//1703 1481//1401 1480//1262
f 1884//1706 1901//1727 1902//1728
f 1884//1706 1899//1725 1879//1702
f 1903//1729 1899//1725 1902//1728
f 1890//1712 1905//1730 1906//1731
f 1890//1712 1901//1727 1883//1705
f 1907//1732 1901//1727 1906//1731
f 1908//1733 1902//1728 1907//1732
f 1893//1714 1904//1714 1909//1714
f 1894//1720 1905//1734 1889//1718
f 1895//1721 1910//1735 1894//1720
f 1896//1736 1911//1737 1895//1721
f 1897//1722 1912//1738 1896//1736
f 1914//1717 1897//1722 1898//1724
f 1917//1739 1510//1303 1916//1740
f 1918//1741 1511//1304 1917//1739
f 1919//1742 1512//1307 1918//1741
f 1919//1742 1514//1314 1513//1311
f 1920//1743 1515//1317 1514//1314
f 1921//1744 1516//1320 1515//1317
f 1923//1745 1795//1746 1798//1747
f 1924//1748 1915//1749 1923//1745
f 1924//1748 1917//1739 1916//1740
f 1925//1750 1918//1741 1917//1739
f 1927//1751 1918//1741 1926//1752
f 1927//1751 1920//1743 1919//1742
f 1928//1753 1921//1744 1920//1743
f 1929//1754 1922//1755 1921//1744
f 1931//1756 1930//1757 1929//1754
f 1938//1758 1468//1337 1821//1759
f 1938//1758 1795//1760 1915//1761
f 1939//1762 1533//1338 1938//1758
f 1939//1762 1915//1761 1916//1740
f 1939//1762 1510//1303 1534//1302
f 1940//1763 1798//1764 1825//1765
f 1941//1766 1923//1745 1940//1763
f 1925//1750 1941//1766 1942//1767
f 1943//1768 1925//1750 1942//1767
f 1944//1769 1926//1752 1943//1768
f 1945//1770 1927//1751 1944//1769
f 1946//1771 1928//1753 1945//1770
f 1829//1667 1940//1763 1825//1765
f 1947//1772 1941//1766 1940//1763
f 1948//1773 1942//1767 1941//1766
f 1949//1774 1943//1768 1942//1767
f 1950//1775 1944//1769 1943//1768
f 1951//1776 1945//1770 1944//1769
f 1952//1777 1946//1771 1945//1770
f 1931//1756 1946//1771 1953//1778
f 1954//1779 1931//1756 1953//1778
f 1955//1780 1954//1779 1953//1778
f 1933//1781 1954//1779 1956//1782
f 1957//1783 1956//1782 1955//1780
f 1934//1784 1956//1782 1958//1785
f 1959//1786 1958//1785 1957//1783
f 1935//1787 1958//1785 1960//1788
f 1961//1789 1960//1788 1959//1786
f 1936//1790 1960//1788 1962//1791
f 1964//1792 1961//1789 1963//1793
f 1937//1794 1962//1791 1964//1792
f 1965//1795 1829//1667 1850//1668
f 1948//1773 1965//1795 1966//1796
f 1949//1774 1966//1796 1967//1797
f 1950//1775 1967//1797 1968//1798
f 1969//1799 1950//1775 1968//1798
f 1970//1800 1951//1776 1969//1799
f 1971//1801 1952//1777 1970//1800
f 1955//1780 1971//1802 1972//1803
f 1957//1783 1972//1803 1973//1804
f 1974//1805 1957//1783 1973//1804
f 1975//1806 1959//1786 1974//1805
f 1963//1793 1975//1806 1976//1807
f 1977//1808 1477//1361 1579//1384
f 1872//1695 1978//1809 1979//1810
f 1965//1795 1872//1695 1979//1810
f 1980//1811 1965//1795 1979//1810
f 1981//1812 1966//1796 1980//1811
f 1982//1813 1967//1797 1981//1812
f 1969//1799 1982//1813 1983//1814
f 1984//1815 1969//1799 1983//1814
f 1985//1816 1970//1800 1984//1815
f 1972//1803 1985//1817 1986//1818
f 1973//1804 1986//1818 1987//1819
f 1988//1820 1973//1804 1987//1819
f 1989//1821 1974//1805 1988//1820
f 1990//1822 1975//1806 1989//1821
f 1977//1808 1881//1823 1860//1679
f 1977//1808 1601//1383 1991//1824
f 1992//1825 1601//1383 1602//1405
f 1993//1826 1881//1827 1991//1828
f 1978//1809 1886//1829 1993//1830
f 1996//1694 1888//1694 1893//1694
f 1997//1831 1978//1809 1993//1830
f 1997//1831 1995//1832 1998//1833
f 1980//1811 1997//1831 1998//1833
f 1999//1834 1980//1811 1998//1833
f 2000//1835 1981//1812 1999//1834
f 2001//1836 1982//1813 2000//1835
f 2002//1837 1983//1814 2001//1836
f 2003//1838 1984//1815 2002//1837
f 1986//1818 2003//1839 2004//1840
f 2005//1841 1986//1818 2004//1840
f 2006//1842 1987//1819 2005//1841
f 2007//1843 1988//1820 2006//1842
f 1990//1822 2007//1843 2008//1844
f 2009//1845 1481//1401 1900//1726
f 1992//1825 2010//1846 1991//1824
f 1992//1825 1619//1404 2011//1847
f 2012//1848 1619//1404 1620//1406
f 2013//1849 1620//1406 1621//1407
f 2013//1849 1622//1850 2014//1851
f 2015//1852 1622//1850 1623//1408
f 2016//1853 1623//1408 1624//1409
f 2017//1854 1624//1409 1625//1855
f 2018//1707 1888//1707 1994//1707
f 2019//1856 1991//1857 2010//1858
f 2020//1859 2010//1858 2011//1860
f 1995//1832 2019//1861 2020//1859
f 1909//12 2018//12 2021//12
f 1996//1862 1909//1862 2021//1862
f 2021//1717 1994//1717 1996//1717
f 2022//1863 1995//1832 2020//1859
f 1999//1834 2022//1863 2023//1864
f 2000//1835 2023//1864 2024//1865
f 2001//1836 2024//1865 2025//1866
f 2002//1837 2025//1866 2026//1867
f 2003//1838 2026//1867 2027//1868
f 2028//1869 2003//1839 2027//1870
f 2029//1871 2004//1840 2028//1869
f 2030//1872 2005//1841 2029//1871
f 2031//1873 2006//1842 2030//1872
f 2008//1844 2031//1873 2032//1874
f 1922//1755 1650//1444 1516//1320
f 2034//1875 1650//1444 2033//1876
f 2035//1877 1651//1446 2034//1875
f 2036//1878 1652//1449 2035//1877
f 2037//1879 1653//1452 2036//1878
f 2038//1880 1654//1455 2037//1879
f 2039//1881 1655//1458 2038//1880
f 2040//1882 1656//1461 2039//1881
f 1930//1757 2033//1876 1922//1755
f 2041//1883 2034//1875 2033//1876
f 2043//1884 2034//1875 2042//1885
f 2044//1886 2035//1877 2043//1884
f 2045//1887 2036//1878 2044//1886
f 2046//1887 2037//1879 2045//1887
f 2047//1887 2038//1880 2046//1887
f 2048//1887 2039//1881 2047//1887
f 1932//1888 2041//1883 1930//1757
f 2049//1889 2042//1885 2041//1883
f 2050//1890 2043//1884 2042//1885
f 2052//1891 2043//1884 2051//1892
f 2053//1891 2044//1886 2052//1891
f 2054//1891 2045//1887 2053//1891
f 2055//1891 2046//1887 2054//1891
f 2056//1891 2047//1887 2055//1891
f 1933//1781 2049//1889 1932//1888
f 2057//1893 2050//1890 2049//1889
f 2058//1894 2051//1892 2050//1890
f 2059//1895 2052//1891 2051//1892
f 2060//1694 2053//1891 2052//1891
f 2062//1694 2053//1891 2061//1694
f 2063//1694 2054//1891 2062//1694
f 2064//1694 2055//1891 2063//1694
f 1934//1784 2057//1893 1933//1781
f 2065//1896 2058//1894 2057//1893
f 2067//1895 2058//1894 2066//1894
f 2068//1694 2059//1895 2067//1895
f 2069//1694 2060//1694 2068//1694
f 2070//1694 2061//1694 2069//1694
f 2071//1694 2062//1694 2070//1694
f 2072//1694 2063//1694 2071//1694
f 1935//1787 2065//1896 1934//1784
f 2074//1897 2065//1896 2073//1898
f 2075//1899 2066//1894 2074//1897
f 2075//1899 2068//1694 2067//1895
f 2076//1694 2069//1694 2068//1694
f 2078//1694 2069//1694 2077//1694
f 2079//1694 2070//1694 2078//1694
f 2080//1694 2071//1694 2079//1694
f 2081//1900 1935//1787 1936//1790
f 2082//1901 2073//1898 2081//1900
f 2083//1902 2074//1897 2082//1901
f 2084//1903 2075//1899 2083//1902
f 2085//1904 2076//1694 2084//1903
f 2086//1694 2077//1694 2085//1904
f 2087//1694 2078//1694 2086//1694
f 2088//1694 2079//1694 2087//1694
f 2089//1905 1936//1790 1937//1794
f 2090//1906 2081//1900 2089//1905
f 2091//1907 2082//1901 2090//1906
f 2091//1907 2084//1903 2083//1902
f 2093//1908 2084//1903 2092//1909
f 2094//1910 2085//1904 2093//1908
f 2095//1694 2086//1694 2094//1910
f 2096//1694 2087//1694 2095//1694
f 2099//1911 2098//1912 2100//1913
f 2101//1914 2100//1913 2102//1915
f 2103//1916 2102//1915 2104//1917
f 2105//1918 2104//1917 2106//1919
f 1611//1394 2107//1920 2108//1921
f 1612//1395 2108//1921 2109//1922
f 2110//1923 1612//1395 2109//1922
f 1614//1397 2110//1923 2111//1924
f 1615//1398 2111//1924 2112//1925
f 1616//1400 2112//1925 2113//1926
f 1618//1403 2114//1927 2115//1928
f 1618//1403 2107//1920 1610//1393
f 2116//1929 2107//1920 2115//1928
f 2117//1930 2108//1921 2116//1929
f 2117//1930 2110//1923 2109//1922
f 2118//1931 2111//1924 2110//1923
f 2119//1932 2112//1925 2111//1924
f 2120//1933 2113//1926 2112//1925
f 2116//1929 2123//1934 2124//1935
f 2117//1930 2124//1935 2125//1936
f 2126//1937 2117//1930 2125//1936
f 2127//1938 2118//1931 2126//1937
f 2128//1939 2119//1932 2127//1938
f 2129//1940 2120//1933 2128//1939
f 1746//1528 2113//1926 2130//1941
f 1747//1529 2130//1941 2131//1942
f 1748//1530 2131//1942 2132//1943
f 1749//1531 2132//1943 2133//1944
f 1750//1532 2133//1944 2134//1945
f 2135//1946 1750//1532 2134//1945
f 2136//1947 1751//1533 2135//1946
f 2137//1948 1752//1534 2136//1947
f 2121//1949 2130//1941 2113//1926
f 1754//1536 2122//1950 1625//1855
f 2139//1951 2131//1942 2130//1941
f 1755//1537 2138//1952 1754//1536
f 2141//1953 2132//1943 2131//1942
f 2142//1954 1755//1537 1756//1538
f 2143//1955 2133//1944 2132//1943
f 2144//1956 1756//1538 1757//1539
f 2145//1957 2134//1945 2133//1944
f 2146//1958 1757//1539 1758//1540
f 2147//1959 2135//1946 2134//1945
f 1759//1541 2146//1958 1758//1540
f 2149//1960 2136//1947 2135//1946
f 2150//1961 1759//1541 1760//1542
f 2151//1962 2137//1948 2136//1947
f 2152//1963 1760//1542 1761//1964
f 2154//1965 2121//1949 2129//1940
f 2141//1953 2154//1965 2155//1966
f 2156//1967 2141//1953 2155//1966
f 2157//1968 2143//1955 2156//1967
f 2158//1969 2145//1957 2157//1968
f 2159//1970 2147//1959 2158//1969
f 2160//1971 2149//1960 2159//1970
f 2161//1972 2151//1962 2160//1971
f 1903//1729 2162//1973 1900//1726
f 2165//1974 1905//1730 2164//1975
f 1907//1732 2165//1974 2166//1976
f 1908//1733 2166//1976 2167//1977
f 1908//1733 2163//1978 1903//1729
f 1910//1735 2164//1979 1905//1734
f 2169//1980 2164//1975 2168//1981
f 2169//1980 2166//1976 2165//1974
f 2171//1982 2166//1976 2170//1983
f 1911//1737 2168//1984 1910//1735
f 1912//1738 2172//1985 1911//1737
f 1913//1717 2173//1986 1912//1738
f 2175//1717 1913//1717 1914//1717
f 2169//1980 2177//1987 2178//1988
f 2170//1983 2178//1988 2179//1989
f 2171//1982 2179//1989 2180//1990
f 2171//1982 2176//1991 2167//1977
f 2172//1985 2177//1992 2168//1984
f 2182//1993 2177//1987 2181//1994
f 2182//1993 2179//1989 2178//1988
f 2184//1995 2179//1989 2183//1996
f 2173//1986 2181//1997 2172//1985
f 2174//1998 2185//1999 2173//1986
f 2175//1717 2186//2000 2174//1998
f 2182//1993 2188//2001 2189//2002
f 2190//2003 2182//1993 2189//2002
f 2191//2004 2183//1996 2190//2003
f 2185//1999 2188//2005 2181//1997
f 2193//2006 2188//2001 2192//2007
f 2194//2008 2189//2002 2193//2006
f 2195//2009 2190//2003 2194//2008
f 2186//2000 2192//2010 2185//1999
f 2187//2011 2196//2012 2186//2000
f 2193//2006 2198//2013 2199//2014
f 2200//2015 2193//2006 2199//2014
f 2201//2016 2194//2008 2200//2015
f 2196//2012 2198//2017 2192//2010
f 2203//2018 2198//2013 2202//2019
f 2204//2020 2199//2014 2203//2018
f 2205//2021 2200//2015 2204//2020
f 2197//2022 2202//2023 2196//2012
f 2207//2024 2202//2019 2206//2025
f 2207//2024 2204//2020 2203//2018
f 2208//2026 2205//2021 2204//2020
f 2009//1845 2162//1973 2210//2027
f 2009//1845 2114//1927 1617//1402
f 2211//2028 2114//1927 2210//2027
f 2012//1848 2212//2029 2011//1847
f 2013//1849 2213//2030 2012//1848
f 2215//2031 2013//1849 2014//1851
f 2216//2032 2014//1851 2015//1852
f 2016//1853 2216//2032 2015//1852
f 2017//1854 2217//2033 2016//1853
f 2017//1854 2122//1950 2218//2034
f 2219//2035 2162//1973 2163//1978
f 2020//1859 2212//2029 2220//2036
f 2221//2037 2212//2029 2213//2030
f 2221//2037 2214//2038 2222//2039
f 2222//2039 2215//2031 2223//2040
f 2223//2040 2216//2032 2224//2041
f 2224//2041 2217//2033 2225//2042
f 2226//2043 2217//2033 2218//2034
f 2227//2044 2163//1978 2167//1977
f 2228//2045 2020//1859 2220//2036
f 2228//2045 2221//2037 2229//2046
f 2023//1864 2228//2047 2229//2048
f 2229//2046 2222//2049 2230//2050
f 2024//1865 2229//2048 2230//2051
f 2231//2052 2222//2049 2223//2053
f 2025//1866 2230//2051 2231//2054
f 2232//2055 2223//2053 2224//2056
f 2026//1867 2231//2054 2232//2057
f 2232//2055 2225//2058 2233//2059
f 2027//1868 2232//2057 2233//2060
f 2235//2061 2027//1870 2233//2062
f 2236//2063 2233//2064 2234//2065
f 2237//2066 2028//1869 2235//2061
f 2238//2067 2029//1871 2237//2066
f 2239//2068 2030//1872 2238//2067
f 2032//1874 2239//2068 2240//2069
f 2211//2028 2241//2070 2242//2071
f 2211//2028 2123//1934 2115//1928
f 2243//2072 2123//1934 2242//2071
f 2244//2073 2124//1935 2243//2072
f 2245//2074 2125//1936 2244//2073
f 2246//2075 2126//1937 2245//2074
f 2247//2076 2127//1938 2246//2075
f 2248//2077 2128//1939 2247//2076
f 2219//2035 2241//2070 2210//2027
f 2250//2078 2241//2070 2249//2079
f 2251//2080 2242//2071 2250//2078
f 2252//2081 2243//2072 2251//2080
f 2252//2081 2245//2074 2244//2073
f 2253//2082 2246//2075 2245//2074
f 2254//2083 2247//2076 2246//2075
f 2256//2084 2247//2076 2255//2085
f 2226//2086 2255//2087 2225//2088
f 2227//2044 2176//1991 2258//2089
f 2227//2044 2249//2079 2219//2035
f 2259//2090 2249//2079 2258//2089
f 2260//2091 2250//2078 2259//2090
f 2260//2091 2252//2081 2251//2080
f 2262//2092 2252//2081 2261//2093
f 2262//2092 2254//2083 2253//2082
f 2264//2094 2254//2083 2263//2095
f 2264//2096 2225//2097 2255//2098
f 2234//2099 2264//2100 2266//2101
f 2267//2102 2176//1991 2180//1990
f 2268//2103 2258//2089 2267//2102
f 2268//2103 2260//2091 2259//2090
f 2269//2104 2261//2093 2260//2091
f 2271//2105 2261//2093 2270//2106
f 2271//2105 2263//2095 2262//2092
f 2273//2107 2263//2095 2272//2108
f 2274//2109 2264//2094 2273//2107
f 2236//2110 2273//2111 2235//2112
f 2274//2113 2234//2114 2266//2115
f 2184//1995 2267//2102 2180//1990
f 2275//2116 2268//2103 2267//2102
f 2277//2117 2268//2103 2276//2118
f 2278//2119 2269//2104 2277//2117
f 2279//2120 2273//2107 2272//2108
f 2237//2066 2273//2121 2280//2122
f 2281//2123 2237//2066 2280//2122
f 2282//2124 2238//2067 2281//2123
f 2283//2125 2239//2068 2282//2124
f 2265//1717 2284//1717 2257//1717
f 2271//2105 2286//2126 2287//2127
f 2288//2128 2271//2105 2287//2127
f 2275//2116 2191//2004 2289//2129
f 2276//2118 2289//2129 2290//2130
f 2277//2117 2290//2130 2291//2131
f 2278//2119 2291//2131 2292//2132
f 2278//2119 2286//2126 2270//2106
f 2293//2133 2286//2126 2292//2132
f 2293//2133 2288//2128 2287//2127
f 2279//2120 2288//2128 2294//2134
f 2295//2135 2279//2120 2294//2134
f 2296//2136 2191//2004 2195//2009
f 2297//2137 2289//2129 2296//2136
f 2298//2138 2290//2130 2297//2137
f 2299//2139 2291//2131 2298//2138
f 2299//2139 2293//2133 2292//2132
f 2301//2140 2293//2133 2300//2141
f 2301//2140 2295//2135 2294//2134
f 2281//2123 2295//2142 2302//2143
f 2303//2144 2281//2123 2302//2143
f 2304//2145 2282//2124 2303//2144
f 2305//2146 2195//2009 2201//2016
f 2297//2137 2305//2146 2306//2147
f 2307//2148 2297//2137 2306//2147
f 2308//2149 2298//2138 2307//2148
f 2309//2150 2299//2139 2308//2149
f 2310//2151 2300//2141 2309//2150
f 2311//2152 2301//2140 2310//2151
f 2312//2153 2201//2016 2205//2021
f 2313//2154 2305//2146 2312//2153
f 2314//2154 2306//2147 2313//2154
f 2315//2155 2307//2148 2314//2154
f 2315//2155 2309//2150 2308//2149
f 2316//2156 2310//2151 2309//2150
f 2317//2157 2311//2152 2310//2151
f 2303//2144 2311//2158 2318//2159
f 2209//2160 2312//2153 2205//2021
f 2320//2161 2312//2153 2319//2162
f 2321//2161 2313//2154 2320//2161
f 2322//2163 2314//2154 2321//2161
f 2322//2163 2316//2156 2315//2155
f 2323//2164 2317//2157 2316//2156
f 2324//2165 2318//2166 2317//2157
f 2304//2145 2318//2159 2325//2167
f 2326//2168 2122//1950 2138//1952
f 2327//2169 2138//1952 2140//2170
f 2327//2169 2142//1954 2328//2171
f 2328//2171 2144//1956 2329//2172
f 2329//2172 2146//1958 2330//2173
f 2330//2173 2148//2174 2331//2175
f 2332//2176 2148//2174 2150//1961
f 2333//2177 2150//1961 2152//1963
f 2226//2043 2326//2168 2334//2178
f 2334//2178 2327//2169 2335//2179
f 2336//2180 2327//2169 2328//2171
f 2337//2181 2328//2171 2329//2172
f 2338//2182 2329//2172 2330//2173
f 2339//2183 2330//2173 2331//2175
f 2344//2184 2340//2185 2341//2186
f 2098//2187 2343//2188 2344//2189
f 2345//2190 2341//2191 2342//2192
f 2346//2193 2097//2194 2099//2195
f 2347//2196 2098//2197 2344//2198
f 2347//2196 2345//2190 2348//2199
f 2349//2200 2099//2195 2101//2201
f 2350//2202 2100//2203 2347//2196
f 2350//2202 2348//2199 2351//2204
f 2352//2205 2101//2201 2103//2206
f 2104//2207 2350//2202 2353//2208
f 2353//2208 2351//2204 2354//2209
f 2355//2210 2103//2206 2105//2211
f 2106//1919 2353//2208 2356//2212
f 2356//2212 2354//2209 2357//2213
f 2248//2077 2154//1965 2129//1940
f 2362//2214 2155//1966 2154//1965
f 2364//2215 2155//1966 2363//2216
f 2365//2217 2156//1967 2364//2215
f 2366//2218 2157//1968 2365//2217
f 2367//2219 2158//1969 2366//2218
f 2370//2220 2159//1970 2367//2219
f 2332//2176 2368//2221 2331//2175
f 2372//2222 2160//1971 2370//2220
f 2333//2177 2369//2223 2332//2176
f 2373//2224 2248//2225 2256//2084
f 2334//2226 2256//2227 2226//2086
f 2373//2224 2363//2228 2362//2229
f 2335//2179 2373//2230 2334//2226
f 2336//2180 2375//2231 2335//2179
f 2377//2232 2336//2180 2337//2181
f 2378//2233 2337//2181 2338//2182
f 2339//2183 2378//2233 2338//2182
f 2339//2183 2368//2221 2379//2234
f 2380//2235 2368//2221 2369//2223
f 2381//2236 2369//2223 2371//2237
f 2265//2238 2374//2239 2382//12
f 2383//2240 2376//2241 2384//2242
f 2384//2243 2340//2185 2383//2244
f 2384//2242 2377//2232 2386//2245
f 2342//2246 2384//2243 2386//2247
f 2387//2248 2377//2232 2378//2233
f 2388//2249 2378//2233 2379//2234
f 2388//2249 2380//2235 2389//2250
f 2390//2251 2380//2235 2381//2236
f 2391//2252 2340//2253 2343//2254
f 2391//2252 2385//2255 2383//2256
f 2393//2257 2385//2258 2392//2259
f 2393//2260 2342//2261 2386//2262
f 2396//2263 2390//2251 2397//2264
f 2346//2193 2391//2252 2343//2254
f 2399//2265 2391//2252 2398//2266
f 2400//2267 2345//2190 2393//2260
f 2400//2267 2394//2268 2401//2269
f 2401//2269 2395//2270 2402//2271
f 2403//2272 2395//2270 2396//2263
f 2403//2272 2397//2264 2404//2273
f 2405//2274 2346//2193 2349//2200
f 2351//2204 2400//2267 2406//2275
f 2406//2275 2401//2269 2407//2276
f 2408//2277 2401//2269 2402//2271
f 2409//2278 2402//2271 2403//2272
f 2409//2278 2404//2273 2410//2279
f 2352//2205 2405//2274 2349//2200
f 2354//2209 2406//2275 2413//2280
f 2414//2281 2406//2275 2407//2276
f 2415//2282 2407//2276 2408//2277
f 2415//2282 2409//2278 2416//2283
f 2416//2283 2410//2279 2417//2284
f 2418//2285 2352//2205 2355//2210
f 2418//2286 2412//2287 2411//2288
f 2420//2289 2412//2287 2419//2290
f 2420//2291 2354//2209 2413//2280
f 2421//2292 2357//2293 2420//2294
f 2359//2295 2421//2292 2422//2296
f 2360//2297 2422//2296 2423//2298
f 2361//2299 2423//2298 2424//2300
f 2364//2215 2425//2301 2426//2302
f 2365//2217 2426//2302 2427//2303
f 2428//2304 2365//2217 2427//2303
f 2429//2305 2366//2218 2428//2304
f 2430//2306 2367//2219 2429//2305
f 2431//2307 2370//2220 2430//2306
f 2374//1862 2284//1862 2432//1862
f 2375//2308 2425//2309 2363//2228
f 2434//2310 2425//2301 2433//2311
f 2435//2312 2426//2302 2434//2310
f 2436//2313 2427//2303 2435//2312
f 2437//2314 2428//2304 2436//2313
f 2437//2314 2430//2306 2429//2305
f 2439//2315 2430//2306 2438//2316
f 2440//1694 2284//1694 2285//1694
f 2440//1707 2265//1707 2382//1707
f 2382//1714 2432//1714 2440//1714
f 2441//2317 2375//2308 2383//2318
f 2441//2319 2434//2310 2433//2311
f 2385//2320 2441//2320 2383//2320
f 2443//2321 2434//2310 2442//2322
f 2386//2323 2442//2322 2385//2258
f 2444//2324 2435//2312 2443//2321
f 2387//2325 2443//2326 2386//2327
f 2444//2324 2437//2314 2436//2313
f 2388//2328 2444//2329 2387//2325
f 2445//2330 2438//2316 2437//2314
f 2389//2331 2445//2332 2388//2328
f 2447//2333 2438//2316 2446//2334
f 2393//2335 2448//2336 2449//2337
f 2394//2338 2449//2337 2450//2339
f 2395//2340 2450//2339 2451//2341
f 2452//2342 2395//2340 2451//2341
f 2396//1717 2446//1724 2389//1724
f 2452//2343 2447//2333 2446//2334
f 2399//2265 2454//2344 2455//2345
f 2399//2265 2448//2346 2392//2347
f 2456//2348 2448//2346 2455//2345
f 2457//2349 2449//2350 2456//2348
f 2458//2351 2450//2352 2457//2349
f 2459//2353 2451//2354 2458//2351
f 2459//2353 2453//2355 2452//2343
f 2405//2274 2454//2356 2398//2266
f 2462//2357 2454//2344 2461//2358
f 2462//2357 2456//2348 2455//2345
f 2463//2359 2457//2349 2456//2348
f 2464//2360 2458//2351 2457//2349
f 2466//2361 2458//2351 2465//2362
f 2466//2361 2460//2363 2459//2353
f 2468//2364 2405//2274 2411//2365
f 2468//2366 2462//2357 2461//2358
f 2412//2287 2468//2366 2411//2288
f 2469//2367 2463//2359 2462//2357
f 2470//2368 2412//2369 2413//2370
f 2471//2371 2463//2359 2470//2372
f 2414//2373 2470//2368 2413//2370
f 2471//2371 2465//2362 2464//2360
f 2415//2374 2471//2375 2414//2373
f 2472//2376 2466//2361 2465//2362
f 2416//2377 2472//2378 2415//2374
f 2473//2379 2467//2380 2466//2361
f 2417//2381 2473//2382 2416//2377
f 2478//2383 424//226 2475//2384
f 97//2385 432//225 2478//2383
f 2478//2383 2476//2386 2479//2387
f 98//2388 2478//2383 2479//2387
f 2479//2387 2477//2389 2480//2390
f 99//2391 2479//2387 2480//2390
f 2481//2392 99//2391 2480//2390
f 101//2393 2481//2392 2482//2394
f 102//60 2482//2394 2483//2395
f 2475//2384 438//230 2486//2396
f 2476//2386 2486//2396 2487//2397
f 2477//2389 2487//2397 2488//2398
f 2492//2399 2477//2389 2488//2398
f 2492//2399 2489//2400 2493//2401
f 2481//2392 2492//2399 2493//2401
f 2494//2402 2489//2400 2490//2403
f 2482//2394 2493//2401 2494//2402
f 2494//2402 2491//2404 2495//2405
f 2483//2395 2494//2402 2495//2405
f 2484//2406 2495//2405 2496//2407
f 2485//2408 2496//2407 2497//2409
f 2498//2410 438//230 451//247
f 2499//2411 2486//2396 2498//2410
f 2500//2412 2487//2397 2499//2411
f 2489//2400 2500//2412 2501//2413
f 2490//2403 2501//2413 2502//2414
f 2491//2404 2502//2414 2503//2415
f 2505//2416 2491//2404 2503//2415
f 2505//2416 2504//2417 2506//2418
f 2496//2407 2505//2416 2506//2418
f 2507//2419 2496//2407 2506//2418
f 2508//2420 451//247 462//260
f 2509//2421 2498//2410 2508//2420
f 2510//2422 2499//2411 2509//2421
f 2511//2423 2500//2412 2510//2422
f 2512//2424 2501//2413 2511//2423
f 2513//2425 2502//2414 2512//2424
f 2504//2417 2513//2425 2514//2426
f 2516//2427 2504//2417 2514//2426
f 2516//2427 2515//2428 2517//2429
f 2507//2419 2516//2427 2517//2429
f 2518//2430 462//260 472//271
f 2509//2421 2518//2430 2519//2431
f 2510//2422 2519//2431 2520//2432
f 2521//2433 2510//2422 2520//2432
f 2522//2434 2511//2423 2521//2433
f 2523//2435 2512//2424 2522//2434
f 2524//2436 2513//2425 2523//2435
f 2515//2428 2524//2436 2525//2437
f 2526//2438 2515//2428 2525//2437
f 2530//2439 476//282 2527//2440
f 2518//2430 484//283 2530//2439
f 2531//2441 2527//2440 2528//2442
f 2519//2431 2530//2439 2531//2441
f 2531//2441 2529//2443 2532//2444
f 2520//2432 2531//2441 2532//2444
f 2533//2445 2520//2432 2532//2444
f 2522//2434 2533//2445 2534//2446
f 2535//2447 2522//2434 2534//2446
f 2536//2448 2523//2435 2535//2447
f 2525//2437 2536//2448 2537//2449
f 2527//2440 489//286 2538//2450
f 2528//2442 2538//2450 2539//2451
f 2529//2443 2539//2451 2540//2452
f 2543//2453 2529//2443 2540//2452
f 2543//2453 2541//2454 2544//2455
f 2533//2445 2543//2453 2544//2455
f 2544//2455 2542//2456 2545//2457
f 2534//2446 2544//2455 2545//2457
f 2535//2447 2545//2457 2546//2458
f 2547//2459 2535//2447 2546//2458
f 2548//2460 2536//2448 2547//2459
f 2549//2461 489//286 502//299
f 2539//2451 2549//2461 2550//2462
f 2551//2463 2539//2451 2550//2462
f 2541//2454 2551//2463 2552//2464
f 2542//2456 2552//2464 2553//2465
f 2556//2466 2542//2456 2553//2465
f 2556//2466 2554//2467 2557//2468
f 2546//2458 2556//2466 2557//2468
f 2557//2468 2555//2469 2558//2470
f 2547//2459 2557//2468 2558//2470
f 2559//2471 2547//2459 2558//2470
f 2560//2472 2507//2419 2561//2473
f 2563//2474 2507//2419 2517//2429
f 2562//2475 2563//2474 2564//2476
f 2526//2438 2566//2477 2567//2478
f 2563//2474 2526//2438 2567//2478
f 2568//2479 2563//2474 2567//2478
f 2565//2480 2568//2479 2569//2481
f 2566//2477 2537//2449 2570//2482
f 2572//2483 2566//2477 2570//2482
f 2572//2483 2571//2484 2573//2485
f 2568//2479 2572//2483 2573//2485
f 2569//2481 2573//2485 2574//2486
f 2570//2482 2548//2460 2576//2487
f 2571//2484 2576//2487 2577//2488
f 2579//2489 2571//2484 2577//2488
f 2579//2489 2578//2490 2580//2491
f 2574//2486 2579//2489 2580//2491
f 2575//2492 2580//2491 2581//2493
f 2583//2494 2548//2460 2559//2471
f 2577//2488 2583//2494 2584//2495
f 2578//2490 2584//2495 2585//2496
f 2586//2497 2578//2490 2585//2496
f 2581//2493 2586//2497 2587//2498
f 2582//2499 2587//2498 2588//2500
f 2589//2501 102//60 2483//2395
f 2589//2501 2484//2406 2590//2502
f 109//64 2589//2501 2590//2502
f 2590//2502 2485//2408 2591//2503
f 110//66 2590//2502 2591//2503
f 2592//2504 96//23 159//23
f 2593//440 159//23 160//23
f 2594//440 160//23 161//23
f 2595//440 161//23 162//23
f 2596//440 162//23 163//23
f 2597//440 163//23 164//23
f 2598//440 164//23 165//23
f 2599//440 165//23 166//23
f 2600//2505 2485//2408 2497//2409
f 167//72 2591//2503 2601//2506
f 2603//2507 167//72 2601//2506
f 2603//2507 2602//2508 2604//2509
f 169//75 2603//2507 2604//2509
f 2606//2510 169//75 2604//2509
f 2606//2510 2605//2511 2607//2512
f 172//79 2606//2510 2607//2512
f 2609//2513 172//79 2607//2512
f 2609//2513 2608//2514 2610//2515
f 176//83 2609//2513 2610//2515
f 2612//2516 176//83 2610//2515
f 2612//2516 2611//2517 2613//2518
f 2614//2519 180//84 2612//2516
f 2615//2520 2612//2516 2613//2518
f 188//90 2614//2519 2616//2521
f 2617//2522 2614//2519 2615//2520
f 2618//2523 166//23 189//23
f 190//91 2618//2523 189//23
f 191//92 2619//2524 190//91
f 192//93 2620//2525 191//92
f 192//93 2616//2521 2621//2526
f 2622//2527 2616//2521 2617//2522
f 2600//2505 2560//2472 2623//2528
f 2601//2506 2600//2505 2623//2528
f 2602//2508 2623//2528 2624//2529
f 2626//2530 2602//2508 2624//2529
f 2626//2530 2625//2531 2627//2532
f 2605//2511 2626//2530 2627//2532
f 2629//2533 2605//2511 2627//2532
f 2629//2533 2628//2534 2630//2535
f 2608//2514 2629//2533 2630//2535
f 2632//2536 2608//2514 2630//2535
f 2632//2536 2631//2537 2633//2538
f 2611//2517 2632//2536 2633//2538
f 2634//2539 2611//2517 2633//2538
f 2635//2540 2613//2518 2634//2539
f 2617//2522 2635//2540 2636//2541
f 2638//2542 2617//2522 2636//2541
f 2638//2542 2637//2543 2639//2544
f 2640//2545 2560//2472 2561//2473
f 2640//2545 2562//2475 2641//2546
f 2624//2529 2640//2545 2641//2546
f 2625//2531 2641//2546 2642//2547
f 2644//2548 2625//2531 2642//2547
f 2644//2548 2643//2549 2645//2550
f 2628//2534 2644//2548 2645//2550
f 2646//2551 2628//2534 2645//2550
f 2631//2537 2646//2551 2647//2552
f 2648//2553 2631//2537 2647//2552
f 2634//2539 2648//2553 2649//2554
f 2651//2555 2634//2539 2649//2554
f 2651//2555 2650//2556 2652//2557
f 2653//2558 2635//2540 2651//2555
f 2653//2558 2652//2557 2654//2559
f 2637//2543 2653//2558 2654//2559
f 2655//2560 2637//2543 2654//2559
f 2656//2561 2562//2475 2564//2476
f 2656//2561 2565//2480 2657//2562
f 2642//2547 2656//2561 2657//2562
f 2643//2549 2657//2562 2658//2563
f 2659//2564 2643//2549 2658//2563
f 2661//2565 2645//2550 2659//2564
f 2661//2565 2660//2566 2662//2567
f 2647//2552 2661//2565 2662//2567
f 2663//2568 2647//2552 2662//2567
f 2665//2569 2648//2553 2663//2568
f 2665//2569 2664//2570 2666//2571
f 2650//2556 2665//2569 2666//2571
f 2667//2572 2650//2556 2666//2571
f 2668//2573 2652//2557 2667//2572
f 2655//2560 2668//2573 2669//2574
f 2670//2575 2565//2480 2569//2481
f 2658//2563 2670//2575 2671//2576
f 2673//2577 2658//2563 2671//2576
f 2673//2577 2672//2578 2674//2579
f 2660//2566 2673//2577 2674//2579
f 2675//2580 2660//2566 2674//2579
f 2677//2581 2662//2567 2675//2580
f 2677//2581 2676//2582 2678//2583
f 2664//2570 2677//2581 2678//2583
f 2679//2584 2664//2570 2678//2583
f 2667//2572 2679//2584 2680//2585
f 2682//2586 2667//2572 2680//2585
f 2682//2586 2681//2587 2683//2588
f 2669//2574 2682//2586 2684//2589
f 2684//2589 2683//2588 2685//2590
f 2686//2591 2569//2481 2574//2486
f 2686//2591 2575//2492 2687//2592
f 2671//2576 2686//2591 2687//2592
f 2672//2578 2687//2592 2688//2593
f 2689//2594 2672//2578 2688//2593
f 2691//2595 2674//2579 2689//2594
f 2691//2595 2690//2596 2692//2597
f 2676//2582 2691//2595 2692//2597
f 2693//2598 2676//2582 2692//2597
f 2695//2599 2678//2583 2693//2598
f 2695//2599 2694//2600 2696//2601
f 2697//2602 2679//2584 2695//2599
f 2697//2602 2696//2601 2698//2603
f 2681//2587 2697//2602 2698//2603
f 2699//2604 2681//2587 2698//2603
f 2700//2605 2683//2588 2699//2604
f 2701//2606 2575//2492 2581//2493
f 2701//2606 2582//2499 2702//2607
f 2688//2593 2701//2606 2702//2607
f 2704//2608 2688//2593 2702//2607
f 2704//2608 2703//2609 2705//2610
f 2690//2596 2704//2608 2705//2610
f 2707//2611 2690//2596 2705//2610
f 2707//2611 2706//2612 2708//2613
f 2709//2614 2692//2597 2707//2611
f 2709//2614 2708//2613 2710//2615
f 2694//2600 2709//2614 2710//2615
f 2711//2616 2694//2600 2710//2615
f 2712//2617 2696//2601 2711//2616
f 2699//2604 2712//2617 2713//2618
f 2715//2619 2699//2604 2713//2618
f 2715//2619 2714//2620 2716//2621
f 2717//2622 2582//2499 2588//2500
f 2703//2609 2717//2622 2718//2623
f 2720//2624 2703//2609 2718//2623
f 2720//2624 2719//2625 2721//2626
f 2706//2612 2720//2624 2721//2626
f 2722//2627 2706//2612 2721//2626
f 2723//2628 2708//2613 2722//2627
f 2725//2629 2710//2615 2723//2628
f 2725//2629 2724//2630 2726//2631
f 2727//2632 2711//2616 2725//2629
f 2728//2633 2725//2629 2726//2631
f 2729//2634 2712//2617 2727//2632
f 2729//2634 2728//2633 2730//2635
f 2714//2620 2729//2634 2730//2635
f 2731//2636 2714//2620 2730//2635
f 2732//2637 502//299 746//536
f 2733//2638 2549//2461 2732//2637
f 2734//2639 2550//2462 2733//2638
f 2552//2464 2734//2639 2735//2640
f 2736//2641 2552//2464 2735//2640
f 2554//2467 2736//2641 2737//2642
f 2555//2469 2737//2642 2738//2643
f 2740//2644 2555//2469 2738//2643
f 2740//2644 2739//2645 2741//2646
f 2559//2471 2740//2644 2741//2646
f 2732//2637 756//547 2742//2647
f 2743//2648 2732//2637 2742//2647
f 2744//2649 2733//2638 2743//2648
f 2745//2650 2734//2639 2744//2649
f 2746//2651 2735//2640 2745//2650
f 2737//2642 2746//2651 2747//2652
f 2748//2653 2737//2642 2747//2652
f 2739//2645 2748//2653 2749//2654
f 2750//2655 2739//2645 2749//2654
f 2742//2647 765//556 2751//2656
f 2752//2657 2742//2647 2751//2656
f 2753//2658 2743//2648 2752//2657
f 2754//2659 2744//2649 2753//2658
f 2755//2660 2745//2650 2754//2659
f 2756//2661 2746//2651 2755//2660
f 2757//2662 2747//2652 2756//2661
f 2758//2663 2748//2653 2757//2662
f 2751//2656 773//564 2759//2664
f 2760//2665 2751//2656 2759//2664
f 2761//2666 2752//2657 2760//2665
f 2762//2667 2753//2658 2761//2666
f 2763//2668 2754//2659 2762//2667
f 2764//2669 2755//2660 2763//2668
f 2765//2670 2756//2661 2764//2669
f 2766//2671 2757//2662 2765//2670
f 2759//2664 781//572 2767//2672
f 2768//2673 2759//2664 2767//2672
f 2769//2674 2760//2665 2768//2673
f 2770//2675 2761//2666 2769//2674
f 2771//2676 2762//2667 2770//2675
f 2772//2677 2763//2668 2771//2676
f 2773//2678 2764//2669 2772//2677
f 2774//2679 2765//2670 2773//2678
f 2767//2672 789//580 2775//2680
f 2776//2681 2767//2672 2775//2680
f 2777//2682 2768//2673 2776//2681
f 2778//2683 2769//2674 2777//2682
f 2779//2684 2770//2675 2778//2683
f 2780//2685 2771//2676 2779//2684
f 2781//2686 2772//2677 2780//2685
f 2782//2687 2773//2678 2781//2686
f 2775//2680 797//580 2783//2688
f 2784//2689 2775//2680 2783//2688
f 2785//2690 2776//2681 2784//2689
f 2786//2691 2777//2682 2785//2690
f 2787//2692 2778//2683 2786//2691
f 2788//2693 2779//2684 2787//2692
f 2789//2694 2780//2685 2788//2693
f 2790//2695 2781//2686 2789//2694
f 2783//2688 805//595 2791//2696
f 2792//2697 2783//2688 2791//2696
f 2793//2698 2784//2689 2792//2697
f 2794//2699 2785//2690 2793//2698
f 2795//2700 2786//2691 2794//2699
f 2796//2701 2787//2692 2795//2700
f 2797//2702 2788//2693 2796//2701
f 2798//2703 2789//2694 2797//2702
f 2583//2494 2741//2646 2799//2704
f 2800//2705 2583//2494 2799//2704
f 2585//2496 2800//2705 2801//2706
f 2803//2707 2585//2496 2801//2706
f 2803//2707 2802//2708 2804//2709
f 2587//2498 2803//2707 2804//2709
f 2588//2500 2804//2709 2805//2710
f 2750//2655 2807//2711 2809//2712
f 2799//2704 2750//2655 2809//2712
f 2809//2712 2808//2713 2810//2714
f 2800//2705 2809//2712 2810//2714
f 2811//2715 2800//2705 2810//2714
f 2802//2708 2811//2715 2812//2716
f 2814//2717 2802//2708 2812//2716
f 2814//2717 2813//2718 2815//2719
f 2805//2710 2814//2717 2815//2719
f 2806//2720 2815//2719 2816//2721
f 2807//2711 2758//2663 2818//2722
f 2808//2713 2818//2722 2819//2723
f 2820//2724 2808//2713 2819//2723
f 2811//2715 2820//2724 2821//2725
f 2822//2726 2811//2715 2821//2725
f 2813//2718 2822//2726 2823//2727
f 2824//2728 2813//2718 2823//2727
f 2816//2721 2824//2728 2825//2729
f 2817//2730 2825//2729 2826//2731
f 2818//2722 2766//2671 2827//2732
f 2819//2723 2827//2732 2828//2733
f 2830//2734 2819//2723 2828//2733
f 2830//2734 2829//2735 2831//2736
f 2821//2725 2830//2734 2831//2736
f 2822//2726 2831//2736 2832//2737
f 2823//2727 2832//2737 2833//2738
f 2835//2739 2823//2727 2833//2738
f 2835//2739 2834//2740 2836//2741
f 2825//2729 2835//2739 2836//2741
f 2826//2731 2836//2741 2837//2742
f 2839//2743 2766//2671 2774//2679
f 2840//2744 2827//2732 2839//2743
f 2829//2735 2840//2744 2841//2745
f 2843//2746 2829//2735 2841//2745
f 2843//2746 2842//2747 2844//2748
f 2832//2737 2843//2746 2844//2748
f 2845//2749 2832//2737 2844//2748
f 2834//2740 2845//2749 2846//2750
f 2847//2751 2834//2740 2846//2750
f 2837//2742 2847//2751 2848//2752
f 2838//2753 2848//2752 2849//2754
f 2850//2755 2774//2679 2782//2687
f 2851//2756 2839//2743 2850//2755
f 2852//2757 2840//2744 2851//2756
f 2842//2747 2852//2757 2853//2758
f 2854//2759 2842//2747 2853//2758
f 2845//2749 2854//2759 2855//2760
f 2846//2750 2855//2760 2856//2761
f 2858//2762 2846//2750 2856//2761
f 2858//2762 2857//2763 2859//2764
f 2848//2752 2858//2762 2859//2764
f 2860//2765 2848//2752 2859//2764
f 2861//2766 2782//2687 2790//2695
f 2862//2767 2850//2755 2861//2766
f 2852//2757 2862//2767 2863//2768
f 2853//2758 2863//2768 2864//2769
f 2866//2770 2853//2758 2864//2769
f 2866//2770 2865//2771 2867//2772
f 2855//2760 2866//2770 2867//2772
f 2868//2773 2855//2760 2867//2772
f 2857//2763 2868//2773 2869//2774
f 2870//2775 2857//2763 2869//2774
f 2860//2765 2870//2775 2871//2776
f 2872//2777 2790//2695 2798//2703
f 2873//2778 2861//2766 2872//2777
f 2874//2779 2862//2767 2873//2778
f 2875//2780 2863//2768 2874//2779
f 2865//2771 2875//2780 2876//2781
f 2877//2782 2865//2771 2876//2781
f 2868//2773 2877//2782 2878//2783
f 2869//2774 2878//2783 2879//2784
f 2881//2785 2869//2774 2879//2784
f 2881//2785 2880//2786 2882//2787
f 2871//2776 2881//2785 2882//2787
f 2883//2788 2860//2765 2884//2789
f 2884//2789 2871//2776 2885//2790
f 2885//2790 2882//2787 2886//2791
f 2888//2792 2588//2500 2805//2710
f 2888//2792 2806//2720 2889//2793
f 2718//2623 2888//2792 2889//2793
f 2719//2625 2889//2793 2890//2794
f 2891//2795 2719//2625 2890//2794
f 2893//2796 2721//2626 2891//2795
f 2893//2796 2892//2797 2894//2798
f 2895//2799 2722//2627 2893//2796
f 2895//2799 2894//2798 2896//2800
f 2724//2630 2895//2799 2896//2800
f 2897//2801 2724//2630 2896//2800
f 2728//2633 2897//2801 2898//2802
f 2899//2803 2728//2633 2898//2802
f 2731//2636 2899//2803 2900//2804
f 2901//2805 2806//2720 2816//2721
f 2901//2805 2817//2730 2902//2806
f 2890//2794 2901//2805 2902//2806
f 2904//2807 2890//2794 2902//2806
f 2904//2807 2903//2808 2905//2809
f 2892//2797 2904//2807 2905//2809
f 2906//2810 2892//2797 2905//2809
f 2907//2811 2894//2798 2906//2810
f 2897//2801 2907//2811 2908//2812
f 2909//2813 2897//2801 2908//2812
f 2910//2814 2817//2730 2826//2731
f 2903//2808 2910//2814 2911//2815
f 2912//2816 2903//2808 2911//2815
f 2913//2817 2905//2809 2912//2816
f 2914//2818 2826//2731 2837//2742
f 2914//2818 2838//2753 2915//2819
f 2911//2815 2914//2818 2915//2819
f 2916//2820 2838//2753 2849//2754
f 2899//2803 2917//2821 2918//2822
f 2900//2804 2918//2822 2919//2823
f 2907//2811 2920//2824 2921//2825
f 2922//2826 2907//2811 2921//2825
f 2909//2813 2922//2826 2923//2827
f 2917//2821 2909//2813 2923//2827
f 2924//2828 2917//2821 2923//2827
f 2925//2829 2918//2822 2924//2828
f 2912//2816 2926//2830 2927//2831
f 2913//2817 2927//2831 2928//2832
f 2920//2824 2913//2817 2928//2832
f 2929//2833 2920//2824 2928//2832
f 2930//2834 2921//2825 2929//2833
f 2932//2835 2922//2826 2930//2834
f 2932//2835 2931//2836 2933//2837
f 2924//2828 2932//2835 2934//2838
f 2934//2838 2933//2837 2935//2839
f 2925//2829 2934//2838 2936//2840
f 2936//2840 2935//2839 2937//2841
f 2926//2830 2915//2819 2938//2842
f 2939//2843 2926//2830 2938//2842
f 2941//2844 2927//2831 2939//2843
f 2941//2844 2940//2845 2942//2846
f 2929//2833 2941//2844 2943//2847
f 2943//2847 2942//2846 2944//2848
f 2945//2849 2929//2833 2943//2847
f 2945//2849 2944//2848 2946//2850
f 2931//2836 2945//2849 2946//2850
f 2947//2851 2931//2836 2946//2850
f 2948//2852 2933//2837 2947//2851
f 2937//2841 2948//2852 2949//2853
f 2916//2820 2883//2788 2950//2854
f 2938//2842 2916//2820 2950//2854
f 2952//2855 2938//2842 2950//2854
f 2952//2855 2951//2856 2953//2857
f 2940//2845 2952//2855 2953//2857
f 2954//2858 2940//2845 2953//2857
f 2944//2848 2954//2858 2955//2859
f 2957//2860 2944//2848 2955//2859
f 2957//2860 2956//2861 2958//2862
f 2947//2851 2957//2860 2959//2863
f 2959//2863 2958//2862 2960//2864
f 2948//2852 2959//2863 2961//2865
f 2962//2866 2959//2863 2960//2864
f 2949//2853 2961//2865 2963//2867
f 2963//2867 2962//2866 2964//2868
f 2965//2869 2883//2788 2884//2789
f 2951//2856 2965//2869 2966//2870
f 2967//2871 2951//2856 2966//2870
f 2969//2872 2953//2857 2967//2871
f 2969//2872 2968//2873 2970//2874
f 2971//2875 2954//2858 2969//2872
f 2971//2875 2970//2874 2972//2876
f 2956//2861 2971//2875 2972//2876
f 2973//2877 2956//2861 2972//2876
f 2974//2878 2958//2862 2973//2877
f 2975//2879 2960//2864 2974//2878
f 2964//2868 2975//2879 2976//2880
f 2965//2869 2885//2790 2977//2881
f 2966//2870 2977//2881 2978//2882
f 2980//2883 2966//2870 2978//2882
f 2980//2883 2979//2884 2981//2885
f 2968//2873 2980//2883 2981//2885
f 2982//2886 2968//2873 2981//2885
f 2983//2887 2970//2874 2982//2886
f 2973//2877 2983//2887 2984//2888
f 2974//2878 2984//2888 2985//2889
f 2975//2879 2985//2889 2986//2890
f 2987//2891 2975//2879 2986//2890
f 2988//2892 2885//2790 2886//2791
f 2988//2892 2887//2893 2989//2894
f 2978//2882 2988//2892 2989//2894
f 2979//2884 2989//2894 2990//2895
f 2991//2896 2979//2884 2990//2895
f 2993//2897 2981//2885 2991//2896
f 2993//2897 2992//2898 2994//2899
f 2995//2900 2982//2886 2993//2897
f 2996//2901 2993//2897 2994//2899
f 2997//2902 2983//2887 2995//2900
f 2998//2903 2995//2900 2996//2901
f 2999//2904 2984//2888 2997//2902
f 3000//2905 2997//2902 2998//2903
f 3001//2906 2985//2889 2999//2904
f 3002//2907 2999//2904 3000//2905
f 2987//2891 3001//2906 3003//2908
f 3003//2908 3002//2907 3004//2909
f 2791//2696 1036//824 3005//2910
f 3006//2911 2791//2696 3005//2910
f 3007//2912 2792//2697 3006//2911
f 3008//2913 2793//2698 3007//2912
f 3009//2914 2794//2699 3008//2913
f 3010//2915 2795//2700 3009//2914
f 3011//2916 2796//2701 3010//2915
f 3012//2917 2797//2702 3011//2916
f 3005//2910 1044//824 3013//2918
f 3014//2919 3005//2910 3013//2918
f 3015//2920 3006//2911 3014//2919
f 3016//2921 3007//2912 3015//2920
f 3017//2922 3008//2913 3016//2921
f 3018//2923 3009//2914 3017//2922
f 3019//2924 3010//2915 3018//2923
f 3020//2925 3011//2916 3019//2924
f 3013//2918 1052//839 3021//2926
f 3022//2927 3013//2918 3021//2926
f 3023//2928 3014//2919 3022//2927
f 3024//2929 3015//2920 3023//2928
f 3025//2930 3016//2921 3024//2929
f 3026//2931 3017//2922 3025//2930
f 3027//2695 3018//2923 3026//2931
f 3028//2932 3019//2924 3027//2695
f 3021//2926 1060//839 3029//2933
f 3030//2934 3021//2926 3029//2933
f 3031//2935 3022//2927 3030//2934
f 3032//2936 3023//2928 3031//2935
f 3033//2937 3024//2929 3032//2936
f 3034//2938 3025//2930 3033//2937
f 3035//2939 3026//2931 3034//2938
f 3036//2940 3027//2695 3035//2939
f 3029//2933 1068//854 3037//2941
f 3038//2942 3029//2933 3037//2941
f 3039//2943 3030//2934 3038//2942
f 3040//2944 3031//2935 3039//2943
f 3041//2945 3032//2936 3040//2944
f 3042//2946 3033//2937 3041//2945
f 3043//2947 3034//2938 3042//2946
f 3044//2948 3035//2939 3043//2947
f 3037//2941 1076//862 3045//2949
f 3046//2950 3037//2941 3045//2949
f 3047//2951 3038//2942 3046//2950
f 3048//2952 3039//2943 3047//2951
f 3049//2953 3040//2944 3048//2952
f 3050//2954 3041//2945 3049//2953
f 3051//2955 3042//2946 3050//2954
f 3052//2956 3043//2947 3051//2955
f 3045//2949 1084//870 3053//2957
f 3054//2958 3045//2949 3053//2957
f 3055//2959 3046//2950 3054//2958
f 3056//2960 3047//2951 3055//2959
f 3057//2961 3048//2952 3056//2960
f 3058//2962 3049//2953 3057//2961
f 3059//2963 3050//2954 3058//2962
f 3060//2964 3051//2955 3059//2963
f 3061//2965 1084//870 1092//878
f 3062//2966 3053//2957 3061//2965
f 3063//2967 3054//2958 3062//2966
f 3064//2968 3055//2959 3063//2967
f 3065//2969 3056//2960 3064//2968
f 3066//2970 3057//2961 3065//2969
f 3067//2971 3058//2962 3066//2970
f 3068//2972 3059//2963 3067//2971
f 3069//2973 2798//2703 3012//2917
f 3070//2974 2872//2777 3069//2973
f 3071//2975 2873//2778 3070//2974
f 2875//2780 3071//2975 3072//2976
f 2876//2781 3072//2976 3073//2977
f 2877//2782 3073//2977 3074//2978
f 2878//2783 3074//2978 3075//2979
f 3076//2980 2878//2783 3075//2979
f 2880//2786 3076//2980 3077//2981
f 3078//2982 2880//2786 3077//2981
f 3079//2983 3012//2917 3020//2925
f 3080//2984 3069//2973 3079//2983
f 3071//2975 3080//2984 3081//2985
f 3072//2976 3081//2985 3082//2986
f 3073//2977 3082//2986 3083//2987
f 3085//2988 3073//2977 3083//2987
f 3085//2988 3084//2989 3086//2990
f 3075//2979 3085//2988 3086//2990
f 3087//2991 3075//2979 3086//2990
f 3077//2981 3087//2991 3088//2992
f 3078//2982 3088//2992 3089//2993
f 3090//2994 3020//2925 3028//2932
f 3091//2995 3079//2983 3090//2994
f 3092//2996 3080//2984 3091//2995
f 3093//2997 3081//2985 3092//2996
f 3094//2998 3082//2986 3093//2997
f 3084//2989 3094//2998 3095//2999
f 3096//3000 3084//2989 3095//2999
f 3087//2991 3096//3000 3097//3001
f 3088//2992 3097//3001 3098//3002
f 3099//3003 3088//2992 3098//3002
f 3100//3004 3028//2932 3036//2940
f 3101//3005 3090//2994 3100//3004
f 3102//3006 3091//2995 3101//3005
f 3103//3007 3092//2996 3102//3006
f 3104//3008 3093//2997 3103//3007
f 3095//2999 3104//3008 3105//3009
f 3096//3000 3105//3009 3106//3010
f 3097//3001 3106//3010 3107//3011
f 3108//3012 3097//3001 3107//3011
f 3109//3013 3036//2940 3044//2948
f 3110//3014 3100//3004 3109//3013
f 3111//3015 3101//3005 3110//3014
f 3112//3016 3102//3006 3111//3015
f 3104//3008 3112//3016 3113//3017
f 3105//3009 3113//3017 3114//3018
f 3106//3010 3114//3018 3115//3019
f 3107//3011 3115//3019 3116//3020
f 3117//3021 3107//3011 3116//3020
f 3118//3022 3044//2948 3052//2956
f 3119//3023 3109//3013 3118//3022
f 3120//3024 3110//3014 3119//3023
f 3121//3025 3111//3015 3120//3024
f 3113//3017 3121//3025 3122//3026
f 3114//3018 3122//3026 3123//3027
f 3115//3019 3123//3027 3124//3028
f 3116//3020 3124//3028 3125//3029
f 3126//3030 3116//3020 3125//3029
f 3127//3031 3052//2956 3060//2964
f 3128//3032 3118//3022 3127//3031
f 3129//3033 3119//3023 3128//3032
f 3130//3034 3120//3024 3129//3033
f 3122//3026 3130//3034 3131//3035
f 3123//3027 3131//3035 3132//3036
f 3134//3037 3123//3027 3132//3036
f 3134//3037 3133//3038 3135//3039
f 3125//3029 3134//3037 3135//3039
f 3136//3040 3125//3029 3135//3039
f 3137//3041 3060//2964 3068//2972
f 3138//3042 3127//3031 3137//3041
f 3139//3043 3128//3032 3138//3042
f 3140//3044 3129//3033 3139//3043
f 3141//3045 3130//3034 3140//3044
f 3142//3046 3131//3035 3141//3045
f 3133//3038 3142//3046 3143//3047
f 3144//3048 3133//3038 3143//3047
f 3136//3040 3144//3048 3145//3049
f 2886//2791 3078//2982 3146//3050
f 2887//2893 3146//3050 3147//3051
f 3146//3050 3089//2993 3148//3052
f 3147//3051 3148//3052 3149//3053
f 3099//3003 3150//3054 3151//3055
f 3148//3052 3099//3003 3151//3055
f 3152//3056 3148//3052 3151//3055
f 3150//3054 3108//3012 3154//3057
f 3155//3058 3150//3054 3154//3057
f 3156//3059 3151//3055 3155//3058
f 3153//3060 3156//3059 3157//3061
f 3154//3057 3117//3021 3158//3062
f 3155//3058 3158//3062 3159//3063
f 3156//3059 3159//3063 3160//3064
f 3157//3061 3160//3064 3161//3065
f 3158//3062 3126//3030 3162//3066
f 3159//3063 3162//3066 3163//3067
f 3160//3064 3163//3067 3164//3068
f 3161//3065 3164//3068 3165//3069
f 3162//3066 3136//3040 3166//3070
f 3163//3067 3166//3070 3167//3071
f 3164//3068 3167//3071 3168//3072
f 3165//3069 3168//3072 3169//3073
f 3166//3070 3145//3049 3170//3074
f 3167//3071 3170//3074 3171//3075
f 3168//3072 3171//3075 3172//3076
f 3169//3073 3172//3076 3173//3077
f 3175//3078 2887//2893 3147//3051
f 2990//2895 3175//3078 3176//3079
f 3177//3080 2990//2895 3176//3079
f 2992//2898 3177//3080 3178//3081
f 3179//3082 2992//2898 3178//3081
f 3180//3083 2994//2899 3179//3082
f 3181//3084 2996//2901 3180//3083
f 3182//3085 2998//2903 3181//3084
f 3183//3086 3000//2905 3182//3085
f 3004//2909 3183//3086 3184//3087
f 3175//3078 3149//3053 3185//3088
f 3176//3079 3185//3088 3186//3089
f 3188//3090 3176//3079 3186//3089
f 3188//3090 3187//3091 3189//3092
f 3178//3081 3188//3090 3189//3092
f 3190//3093 3178//3081 3189//3092
f 3180//3083 3190//3093 3191//3094
f 3192//3095 3180//3083 3191//3094
f 3182//3085 3192//3095 3193//3096
f 3183//3086 3193//3096 3194//3097
f 3195//3098 3183//3086 3194//3097
f 3196//3099 3149//3053 3152//3056
f 3196//3099 3153//3060 3197//3100
f 3186//3089 3196//3099 3197//3100
f 3187//3091 3197//3100 3198//3101
f 3199//3102 3187//3091 3198//3101
f 3190//3093 3199//3102 3200//3103
f 3191//3094 3200//3103 3201//3104
f 3203//3105 3191//3094 3201//3104
f 3203//3105 3202//3106 3204//3107
f 3205//3108 3192//3095 3203//3105
f 3206//3109 3203//3105 3204//3107
f 3207//3110 3193//3096 3205//3108
f 3208//3111 3205//3108 3206//3109
f 3195//3098 3207//3110 3209//3112
f 3209//3112 3208//3111 3210//3113
f 3211//3114 3153//3060 3157//3061
f 3198//3101 3211//3114 3212//3115
f 3199//3102 3212//3115 3213//3116
f 3215//3117 3199//3102 3213//3116
f 3215//3117 3214//3118 3216//3119
f 3217//3120 3200//3103 3215//3117
f 3217//3120 3216//3119 3218//3121
f 3202//3106 3217//3120 3218//3121
f 3219//3122 3202//3106 3218//3121
f 3220//3123 3204//3107 3219//3122
f 3221//3124 3206//3109 3220//3123
f 3210//3113 3221//3124 3222//3125
f 3211//3114 3161//3065 3223//3126
f 3212//3115 3223//3126 3224//3127
f 3225//3128 3212//3115 3224//3127
f 3214//3118 3225//3128 3226//3129
f 3227//3130 3214//3118 3226//3129
f 3228//3131 3216//3119 3227//3130
f 3219//3122 3228//3131 3229//3132
f 3220//3123 3229//3132 3230//3133
f 3221//3124 3230//3133 3231//3134
f 3232//3135 3221//3124 3231//3134
f 3223//3126 3165//3069 3233//3136
f 3224//3127 3233//3136 3234//3137
f 3236//3138 3224//3127 3234//3137
f 3236//3138 3235//3139 3237//3140
f 3226//3129 3236//3138 3237//3140
f 3238//3141 3226//3129 3237//3140
f 3239//3142 3227//3130 3238//3141
f 3229//3132 3239//3142 3240//3143
f 3230//3133 3240//3143 3241//3144
f 3231//3134 3241//3144 3242//3145
f 3243//3146 3231//3134 3242//3145
f 3233//3136 3169//3073 3244//3147
f 3245//3148 3233//3136 3244//3147
f 3235//3139 3245//3148 3246//3149
f 3247//3150 3235//3139 3246//3149
f 3238//3141 3247//3150 3248//3151
f 3239//3142 3248//3151 3249//3152
f 3240//3143 3249//3152 3250//3153
f 3241//3144 3250//3153 3251//3154
f 3242//3145 3251//3154 3252//3155
f 3253//3156 3242//3145 3252//3155
f 3254//3157 3169//3073 3173//3077
f 3254//3157 3174//3158 3255//3159
f 3245//3148 3254//3157 3255//3159
f 3256//3160 3245//3148 3255//3159
f 3257//3161 3246//3149 3256//3160
f 3248//3151 3257//3161 3258//3162
f 3249//3152 3258//3162 3259//3163
f 3260//3164 3249//3152 3259//3163
f 3261//3165 3250//3153 3260//3164
f 3262//3166 3251//3154 3261//3165
f 3253//3156 3262//3166 3263//3167
f 3264//3168 1092//878 1303//1090
f 3265//3169 3061//2965 3264//3168
f 3266//3170 3062//2966 3265//3169
f 3267//3171 3063//2967 3266//3170
f 3268//3172 3064//2968 3267//3171
f 3269//3173 3065//2969 3268//3172
f 3270//3174 3066//2970 3269//3173
f 3271//3175 3067//2971 3270//3174
f 3272//3176 1303//1090 1311//839
f 3273//3177 3264//3168 3272//3176
f 3274//3178 3265//3169 3273//3177
f 3275//3179 3266//3170 3274//3178
f 3276//3180 3267//3171 3275//3179
f 3277//3181 3268//3172 3276//3180
f 3278//3182 3269//3173 3277//3181
f 3279//3183 3270//3174 3278//3182
f 3280//3184 1311//839 1319//839
f 3281//3185 3272//3176 3280//3184
f 3282//3186 3273//3177 3281//3185
f 3283//3187 3274//3178 3282//3186
f 3284//3188 3275//3179 3283//3187
f 3285//3189 3276//3180 3284//3188
f 3286//3190 3277//3181 3285//3189
f 3287//3191 3278//3182 3286//3190
f 3288//3192 1319//839 1327//839
f 3289//3193 3280//3184 3288//3192
f 3290//3194 3281//3185 3289//3193
f 3291//3195 3282//3186 3290//3194
f 3292//3196 3283//3187 3291//3195
f 3293//3197 3284//3188 3292//3196
f 3294//3198 3285//3189 3293//3197
f 3295//3199 3286//3190 3294//3198
f 3296//3200 1327//839 1335//1119
f 3297//3201 3288//3192 3296//3200
f 3298//3202 3289//3193 3297//3201
f 3299//3203 3290//3194 3298//3202
f 3300//3204 3291//3195 3299//3203
f 3301//3205 3292//3196 3300//3204
f 3302//3206 3293//3197 3301//3205
f 3303//3207 3294//3198 3302//3206
f 3304//3208 1335//1119 1343//1127
f 3305//3209 3296//3200 3304//3208
f 3306//3210 3297//3201 3305//3209
f 3307//3211 3298//3202 3306//3210
f 3308//3212 3299//3203 3307//3211
f 3309//3213 3300//3204 3308//3212
f 3310//3214 3301//3205 3309//3213
f 3311//3215 3302//3206 3310//3214
f 3312//3216 1343//1127 1351//1135
f 3313//3217 3304//3208 3312//3216
f 3314//3218 3305//3209 3313//3217
f 3315//3219 3306//3210 3314//3218
f 3316//3220 3307//3211 3315//3219
f 3317//3221 3308//3212 3316//3220
f 3318//3222 3309//3213 3317//3221
f 3319//3223 3310//3214 3318//3222
f 3320//3224 1351//1135 1359//1143
f 3321//3225 3312//3216 3320//3224
f 3322//3226 3313//3217 3321//3225
f 3323//3227 3314//3218 3322//3226
f 3324//3228 3315//3219 3323//3227
f 3325//3229 3316//3220 3324//3228
f 3326//3230 3317//3221 3325//3229
f 3327//3231 3318//3222 3326//3230
f 3328//3232 3068//2972 3271//3175
f 3329//3233 3137//3041 3328//3232
f 3330//3234 3138//3042 3329//3233
f 3331//3235 3139//3043 3330//3234
f 3332//3236 3140//3044 3331//3235
f 3333//3237 3141//3045 3332//3236
f 3143//3047 3333//3237 3334//3238
f 3144//3048 3334//3238 3335//3239
f 3145//3049 3335//3239 3336//3240
f 3337//3241 3271//3175 3279//3183
f 3338//3242 3328//3232 3337//3241
f 3339//3243 3329//3233 3338//3242
f 3340//3244 3330//3234 3339//3243
f 3341//3245 3331//3235 3340//3244
f 3333//3237 3341//3245 3342//3246
f 3334//3238 3342//3246 3343//3247
f 3335//3239 3343//3247 3344//3248
f 3336//3240 3344//3248 3345//3249
f 3346//3250 3279//3183 3287//3191
f 3347//3251 3337//3241 3346//3250
f 3348//3252 3338//3242 3347//3251
f 3349//3253 3339//3243 3348//3252
f 3350//3254 3340//3244 3349//3253
f 3342//3246 3350//3254 3351//3255
f 3343//3247 3351//3255 3352//3256
f 3344//3248 3352//3256 3353//3257
f 3345//3249 3353//3257 3354//3258
f 3355//3259 3287//3191 3295//3199
f 3356//3260 3346//3250 3355//3259
f 3357//3261 3347//3251 3356//3260
f 3358//3262 3348//3252 3357//3261
f 3359//3263 3349//3253 3358//3262
f 3351//3255 3359//3263 3360//3264
f 3352//3256 3360//3264 3361//3265
f 3353//3257 3361//3265 3362//3266
f 3354//3258 3362//3266 3363//3267
f 3364//3268 3295//3199 3303//3207
f 3365//3269 3355//3259 3364//3268
f 3366//3270 3356//3260 3365//3269
f 3367//3271 3357//3261 3366//3270
f 3368//3272 3358//3262 3367//3271
f 3360//3264 3368//3272 3369//3273
f 3361//3265 3369//3273 3370//3274
f 3362//3266 3370//3274 3371//3275
f 3363//3267 3371//3275 3372//3276
f 3373//3277 3303//3207 3311//3215
f 3374//3278 3364//3268 3373//3277
f 3375//3279 3365//3269 3374//3278
f 3376//3280 3366//3270 3375//3279
f 3377//3281 3367//3271 3376//3280
f 3369//3273 3377//3281 3378//3282
f 3370//3274 3378//3282 3379//3283
f 3371//3275 3379//3283 3380//3284
f 3372//3276 3380//3284 3381//3285
f 3382//3286 3311//3215 3319//3223
f 3383//3287 3373//3277 3382//3286
f 3384//3288 3374//3278 3383//3287
f 3385//3289 3375//3279 3384//3288
f 3386//3290 3376//3280 3385//3289
f 3378//3282 3386//3290 3387//3291
f 3379//3283 3387//3291 3388//3292
f 3390//3293 3379//3283 3388//3292
f 3390//3293 3389//3294 3391//3295
f 3381//3285 3390//3293 3391//3295
f 3392//3296 3319//3223 3327//3231
f 3383//3287 3392//3296 3393//3297
f 3384//3288 3393//3297 3394//3298
f 3395//3299 3384//3288 3394//3298
f 3396//3300 3385//3289 3395//3299
f 3397//3301 3386//3290 3396//3300
f 3398//3302 3387//3291 3397//3301
f 3389//3294 3398//3302 3399//3303
f 3400//3304 3389//3294 3399//3303
f 3170//3074 3336//3240 3401//3305
f 3403//3306 3170//3074 3401//3305
f 3403//3306 3402//3307 3404//3308
f 3172//3076 3403//3306 3404//3308
f 3405//3309 3172//3076 3404//3308
f 3174//3158 3405//3309 3406//3310
f 3407//3311 3336//3240 3345//3249
f 3402//3307 3407//3311 3408//3312
f 3409//3313 3402//3307 3408//3312
f 3405//3309 3409//3313 3410//3314
f 3406//3310 3410//3314 3411//3315
f 3412//3316 3345//3249 3354//3258
f 3408//3312 3412//3316 3413//3317
f 3409//3313 3413//3317 3414//3318
f 3410//3314 3414//3318 3415//3319
f 3411//3315 3415//3319 3416//3320
f 3417//3321 3354//3258 3363//3267
f 3413//3317 3417//3321 3418//3322
f 3414//3318 3418//3322 3419//3323
f 3415//3319 3419//3323 3420//3324
f 3416//3320 3420//3324 3421//3325
f 3422//3326 3363//3267 3372//3276
f 3418//3322 3422//3326 3423//3327
f 3419//3323 3423//3327 3424//3328
f 3420//3324 3424//3328 3425//3329
f 3421//3325 3425//3329 3426//3330
f 3427//3331 3372//3276 3381//3285
f 3423//3327 3427//3331 3428//3332
f 3424//3328 3428//3332 3429//3333
f 3425//3329 3429//3333 3430//3334
f 3426//3330 3430//3334 3431//3335
f 3432//3336 3381//3285 3391//3295
f 3428//3332 3432//3336 3433//3337
f 3429//3333 3433//3337 3434//3338
f 3430//3334 3434//3338 3435//3339
f 3431//3335 3435//3339 3436//3340
f 3432//3336 3400//3304 3437//3341
f 3433//3337 3437//3341 3438//3342
f 3434//3338 3438//3342 3439//3343
f 3435//3339 3439//3343 3440//3344
f 3441//3345 3435//3339 3440//3344
f 3442//3346 3174//3158 3406//3310
f 3256//3160 3442//3346 3443//3347
f 3257//3161 3443//3347 3444//3348
f 3258//3162 3444//3348 3445//3349
f 3259//3163 3445//3349 3446//3350
f 3448//3351 3259//3163 3446//3350
f 3448//3351 3447//3352 3449//3353
f 3450//3354 3260//3164 3448//3351
f 3451//3355 3448//3351 3449//3353
f 3452//3356 3261//3165 3450//3354
f 3453//3357 3450//3354 3451//3355
f 3263//3167 3452//3356 3454//3358
f 3454//3358 3453//3357 3455//3359
f 3442//3346 3411//3315 3456//3360
f 3443//3347 3456//3360 3457//3361
f 3444//3348 3457//3361 3458//3362
f 3445//3349 3458//3362 3459//3363
f 3461//3364 3445//3349 3459//3363
f 3461//3364 3460//3365 3462//3366
f 3447//3352 3461//3364 3462//3366
f 3463//3367 3447//3352 3462//3366
f 3464//3368 3449//3353 3463//3367
f 3465//3369 3451//3355 3464//3368
f 3455//3359 3465//3369 3466//3370
f 3456//3360 3416//3320 3467//3371
f 3457//3361 3467//3371 3468//3372
f 3458//3362 3468//3372 3469//3373
f 3471//3374 3458//3362 3469//3373
f 3471//3374 3470//3375 3472//3376
f 3460//3365 3471//3374 3472//3376
f 3473//3377 3460//3365 3472//3376
f 3474//3378 3462//3366 3473//3377
f 3475//3379 3463//3367 3474//3378
f 3476//3380 3464//3368 3475//3379
f 3466//3370 3476//3380 3477//3381
f 3467//3371 3421//3325 3478//3382
f 3468//3372 3478//3382 3479//3383
f 3480//3384 3468//3372 3479//3383
f 3470//3375 3480//3384 3481//3385
f 3482//3386 3470//3375 3481//3385
f 3483//3387 3472//3376 3482//3386
f 3474//3378 3483//3387 3484//3388
f 3475//3379 3484//3388 3485//3389
f 3476//3380 3485//3389 3486//3390
f 3487//3391 3476//3380 3486//3390
f 3478//3382 3426//3330 3488//3392
f 3479//3383 3488//3392 3489//3393
f 3490//3394 3479//3383 3489//3393
f 3491//3395 3480//3384 3490//3394
f 3492//3396 3481//3385 3491//3395
f 3493//3397 3482//3386 3492//3396
f 3484//3388 3493//3397 3494//3398
f 3485//3389 3494//3398 3495//3399
f 3486//3390 3495//3399 3496//3400
f 3497//3401 3486//3390 3496//3400
f 3488//3392 3431//3335 3498//3402
f 3489//3393 3498//3402 3499//3403
f 3501//3404 3489//3393 3499//3403
f 3501//3404 3500//3405 3502//3406
f 3491//3395 3501//3404 3502//3406
f 3503//3407 3491//3395 3502//3406
f 3504//3408 3492//3396 3503//3407
f 3494//3398 3504//3408 3505//3409
f 3495//3399 3505//3409 3506//3410
f 3496//3400 3506//3410 3507//3411
f 3497//3401 3507//3411 3508//3412
f 3498//3402 3436//3340 3509//3413
f 3510//3414 3498//3402 3509//3413
f 3500//3405 3510//3414 3511//3415
f 3512//3416 3500//3405 3511//3415
f 3503//3407 3512//3416 3513//3417
f 3504//3408 3513//3417 3514//3418
f 3505//3409 3514//3418 3515//3419
f 3506//3410 3515//3419 3516//3420
f 3507//3411 3516//3420 3517//3421
f 3508//3412 3517//3421 3518//3422
f 3519//3423 3436//3340 3441//3345
f 3520//3424 3509//3413 3519//3423
f 3511//3415 3520//3424 3521//3425
f 3522//3426 3511//3415 3521//3425
f 3513//3417 3522//3426 3523//3427
f 3514//3418 3523//3427 3524//3428
f 3515//3419 3524//3428 3525//3429
f 3516//3420 3525//3429 3526//3430
f 3517//3421 3526//3430 3527//3431
f 3518//3422 3527//3431 3528//3432
f 3320//3224 1633//1417 3529//3433
f 3321//3225 3529//3433 3530//3434
f 3322//3226 3530//3434 3531//3435
f 3323//3227 3531//3435 3532//3436
f 3324//3228 3532//3436 3533//3437
f 3325//3229 3533//3437 3534//3438
f 3326//3230 3534//3438 3535//3439
f 3327//3231 3535//3439 3536//3440
f 3537//3441 1633//1417 1641//1425
f 3530//3434 3537//3441 3538//3442
f 3531//3435 3538//3442 3539//3443
f 3532//3436 3539//3443 3540//3444
f 3533//3437 3540//3444 3541//3445
f 3534//3438 3541//3445 3542//3446
f 3535//3439 3542//3446 3543//3447
f 3536//3440 3543//3447 3544//3448
f 3537//3441 1649//1433 3545//3449
f 3538//3442 3545//3449 3546//3450
f 3539//3443 3546//3450 3547//3451
f 3540//3444 3547//3451 3548//3452
f 3541//3445 3548//3452 3549//3453
f 3542//3446 3549//3453 3550//3454
f 3543//3447 3550//3454 3551//3455
f 3544//3448 3551//3455 3552//3456
f 3545//3449 1665//1441 3561//3457
f 3546//3450 3561//3457 3562//3458
f 3547//3451 3562//3458 3563//3459
f 3548//3452 3563//3459 3564//3460
f 3549//3453 3564//3460 3565//3461
f 3550//3454 3565//3461 3566//3462
f 3551//3455 3566//3462 3567//3463
f 3552//3456 3567//3463 3568//3464
f 3577//3465 1673//1463 1681//3466
f 3577//3465 1657//1464 3553//3467
f 3578//3468 3569//3469 3577//3465
f 3578//3468 3553//3467 3554//3470
f 3579//3471 3570//3472 3578//3468
f 3579//3471 3554//3470 3555//3473
f 3580//3474 3571//3475 3579//3471
f 3580//3474 3555//3473 3556//3476
f 3581//3477 3572//3478 3580//3474
f 3581//3477 3556//3476 3557//3479
f 3582//3480 3573//3481 3581//3477
f 3582//3480 3557//3479 3558//3482
f 3583//3483 3574//3484 3582//3480
f 3583//3483 3558//3482 3559//3485
f 3584//3486 3575//3487 3583//3483
f 3560//3488 3583//3483 3559//3485
f 3561//3457 1689//1472 3585//3489
f 3562//3458 3585//3489 3586//3490
f 3563//3459 3586//3490 3587//3491
f 3564//3460 3587//3491 3588//3492
f 3565//3461 3588//3492 3589//3493
f 3566//3462 3589//3493 3590//3494
f 3567//3463 3590//3494 3591//3495
f 3568//3464 3591//3495 3592//3496
f 3569//3469 1697//1480 1673//1463
f 3570//3472 3593//3497 3569//3469
f 3571//3475 3594//3498 3570//3472
f 3572//3478 3595//3499 3571//3475
f 3573//3481 3596//3500 3572//3478
f 3574//3484 3597//3501 3573//3481
f 3575//3487 3598//3502 3574//3484
f 3576//3503 3599//3504 3575//3487
f 3601//3505 1689//1472 1705//1488
f 3602//3506 3585//3489 3601//3505
f 3603//3507 3586//3490 3602//3506
f 3604//3508 3587//3491 3603//3507
f 3605//3509 3588//3492 3604//3508
f 3590//3494 3605//3509 3606//3510
f 3591//3495 3606//3510 3607//3511
f 3592//3496 3607//3511 3608//3512
f 3593//3497 1713//1517 1697//1480
f 3610//3513 3593//3497 3594//3498
f 3611//3514 3594//3498 3595//3499
f 3612//3515 3595//3499 3596//3500
f 3613//3516 3596//3500 3597//3501
f 3614//3517 3597//3501 3598//3502
f 3615//3518 3598//3502 3599//3504
f 3616//3519 3599//3504 3600//3520
f 3617//3521 1705//1488 1721//1503
f 3618//3522 3601//3505 3617//3521
f 3619//3523 3602//3506 3618//3522
f 3620//3524 3603//3507 3619//3523
f 3621//3525 3604//3508 3620//3524
f 3622//3526 3605//3509 3621//3525
f 3623//3527 3606//3510 3622//3526
f 3624//3528 3607//3511 3623//3527
f 3626//3529 1721//1503 1737//3530
f 3609//3531 1736//1526 1713//1517
f 3628//3532 3617//3521 3626//3529
f 3627//3533 3609//3531 3610//3513
f 3630//3534 3618//3522 3628//3532
f 3629//3535 3610//3513 3611//3514
f 3632//3536 3619//3523 3630//3534
f 3631//3537 3611//3514 3612//3515
f 3634//3538 3620//3524 3632//3536
f 3633//3539 3612//3515 3613//3516
f 3636//3540 3621//3525 3634//3538
f 3635//3541 3613//3516 3614//3517
f 3638//3542 3622//3526 3636//3540
f 3637//3543 3614//3517 3615//3518
f 3640//3544 3623//3527 3638//3542
f 3639//3545 3615//3518 3616//3519
f 1745//1527 3625//3546 3641//3547
f 3642//3548 3625//3546 3627//3533
f 3643//3549 3627//3533 3629//3535
f 3644//3550 3629//3535 3631//3537
f 3645//3551 3631//3537 3633//3539
f 3646//3552 3633//3539 3635//3541
f 3647//3553 3635//3541 3637//3543
f 3648//3554 3637//3543 3639//3545
f 3626//3529 1753//1535 3649//3555
f 3628//3532 3649//3555 3650//3556
f 3630//3534 3650//3556 3651//3557
f 3652//3558 3630//3534 3651//3557
f 3653//3559 3632//3536 3652//3558
f 3654//3560 3634//3538 3653//3559
f 3655//3561 3636//3540 3654//3560
f 3656//3562 3638//3542 3655//3561
f 3641//3547 1761//1964 1745//1527
f 3658//3563 3641//3547 3642//3548
f 3659//3564 3642//3548 3643//3549
f 3660//3565 3643//3549 3644//3550
f 3661//3566 3644//3550 3645//3551
f 3662//3567 3645//3551 3646//3552
f 3663//3568 3646//3552 3647//3553
f 3648//3554 3663//3568 3647//3553
f 3392//3296 3536//3440 3665//3569
f 3393//3297 3665//3569 3666//3570
f 3394//3298 3666//3570 3667//3571
f 3395//3299 3667//3571 3668//3572
f 3396//3300 3668//3572 3669//3573
f 3670//3574 3396//3300 3669//3573
f 3671//3575 3397//3301 3670//3574
f 3399//3303 3671//3575 3672//3576
f 3673//3577 3399//3303 3672//3576
f 3665//3569 3544//3448 3674//3578
f 3666//3570 3674//3578 3675//3579
f 3667//3571 3675//3579 3676//3580
f 3668//3572 3676//3580 3677//3581
f 3669//3573 3677//3581 3678//3582
f 3670//3574 3678//3582 3679//3583
f 3671//3575 3679//3583 3680//3584
f 3681//3585 3671//3575 3680//3584
f 3673//3577 3681//3585 3682//3586
f 3674//3578 3552//3456 3683//3587
f 3675//3579 3683//3587 3684//3588
f 3676//3580 3684//3588 3685//3589
f 3677//3581 3685//3589 3686//3590
f 3678//3582 3686//3590 3687//3591
f 3679//3583 3687//3591 3688//3592
f 3680//3584 3688//3592 3689//3593
f 3690//3594 3680//3584 3689//3593
f 3691//3595 3690//3594 3689//3593
f 3682//3586 3690//3594 3692//3596
f 3683//3587 3568//3464 3700//3597
f 3684//3588 3700//3597 3701//3598
f 3685//3589 3701//3598 3702//3599
f 3686//3590 3702//3599 3703//3600
f 3687//3591 3703//3600 3704//3601
f 3705//3602 3687//3591 3704//3601
f 3706//3603 3688//3592 3705//3602
f 3691//3595 3706//3603 3713//3604
f 3715//3605 3691//3595 3713//3604
f 3716//3606 3576//3503 3584//3486
f 3693//3607 3584//3486 3560//3488
f 3717//3608 3707//3609 3716//3606
f 3694//3610 3716//3606 3693//3607
f 3718//3611 3708//3612 3717//3608
f 3695//3613 3717//3608 3694//3610
f 3719//3614 3709//3615 3718//3611
f 3696//3616 3718//3611 3695//3613
f 3720//3617 3710//3618 3719//3614
f 3697//3619 3719//3614 3696//3616
f 3720//3617 3712//3620 3711//3621
f 3698//3622 3720//3617 3697//3619
f 3721//3623 3714//3624 3712//3620
f 3699//3625 3721//3623 3698//3622
f 3700//3597 3592//3496 3724//3626
f 3701//3598 3724//3626 3725//3627
f 3702//3599 3725//3627 3726//3628
f 3703//3600 3726//3628 3727//3629
f 3728//3630 3703//3600 3727//3629
f 3729//3631 3704//3601 3728//3630
f 3730//3632 3705//3602 3729//3631
f 3707//3609 3600//3520 3576//3503
f 3708//3612 3731//3633 3707//3609
f 3709//3615 3732//3634 3708//3612
f 3734//3635 3709//3615 3710//3618
f 3711//3621 3734//3635 3710//3618
f 3712//3620 3735//3636 3711//3621
f 3738//3637 3712//3620 3714//3638
f 3737//3639 3706//3603 3730//3632
f 3739//3640 3713//3604 3737//3639
f 3740//3641 3738//3637 3741//3642
f 3741//3642 3714//3638 3722//3643
f 3742//3644 3722//3643 3723//3645
f 3724//3626 3608//3512 3743//3646
f 3725//3627 3743//3646 3744//3647
f 3726//3628 3744//3647 3745//3648
f 3727//3629 3745//3648 3746//3649
f 3747//3650 3727//3629 3746//3649
f 3748//3651 3728//3630 3747//3650
f 3749//3652 3729//3631 3748//3651
f 3750//3653 3600//3520 3731//3633
f 3732//3634 3750//3653 3731//3633
f 3733//3654 3751//3655 3732//3634
f 3753//3656 3733//3654 3734//3635
f 3754//3657 3747//3650 3746//3649
f 3755//3658 3734//3635 3735//3636
f 3757//3659 3747//3650 3756//3660
f 3758//3661 3735//3636 3736//3662
f 3757//3659 3749//3652 3748//3651
f 3737//3639 3749//3652 3759//3663
f 3760//3664 3737//3639 3759//3663
f 3761//3665 3753//3656 3762//3666
f 3763//3667 3753//3656 3755//3658
f 3763//3667 3758//3661 3764//3668
f 3740//3641 3758//3661 3736//3662
f 3765//3669 3740//3641 3741//3642
f 3742//3644 3765//3669 3741//3642
f 3768//3670 3608//3512 3624//3528
f 3769//3671 3743//3646 3768//3670
f 3770//3672 3744//3647 3769//3671
f 3771//3673 3745//3648 3770//3672
f 3773//3674 3624//3528 3640//3544
f 3772//3675 3616//3519 3750//3653
f 3775//3676 3768//3670 3773//3674
f 3774//3677 3750//3653 3751//3655
f 3776//3678 3769//3671 3775//3676
f 3777//3679 3751//3655 3752//3680
f 3776//3678 3771//3673 3770//3672
f 3754//3657 3771//3673 3778//3681
f 3779//3682 3754//3657 3778//3681
f 3780//3683 3756//3660 3779//3682
f 3781//3684 3757//3659 3780//3683
f 3782//3685 3759//3663 3781//3684
f 3783//3686 3639//3545 3772//3675
f 3783//3686 3774//3677 3784//3687
f 3784//3687 3777//3679 3785//3688
f 3761//3665 3777//3679 3752//3680
f 3786//3689 3761//3665 3762//3666
f 3787//3690 3762//3666 3763//3667
f 3788//3691 3763//3667 3764//3668
f 3765//3669 3788//3691 3764//3668
f 3791//3692 3765//3669 3767//3693
f 3766//3694 3782//3685 3790//3695
f 3792//3696 3640//3544 3656//3562
f 3793//3697 3773//3674 3792//3696
f 3794//3698 3775//3676 3793//3697
f 3795//3699 3776//3678 3794//3698
f 3779//3682 3795//3699 3796//3700
f 3780//3683 3796//3700 3797//3701
f 3798//3702 3780//3683 3797//3701
f 3799//3703 3781//3684 3798//3702
f 3783//3686 3664//3704 3648//3554
f 3801//3705 3783//3686 3784//3687
f 3802//3706 3784//3687 3785//3688
f 3786//3689 3802//3706 3785//3688
f 3804//3707 3786//3689 3787//3690
f 3805//3708 3787//3690 3788//3691
f 3807//3709 3788//3691 3789//3710
f 3806//3711 3799//3703 3798//3702
f 3790//3695 3799//3703 3808//3712
f 3437//3341 3673//3577 3809//3713
f 3810//3714 3437//3341 3809//3713
f 3811//3715 3438//3342 3810//3714
f 3812//3716 3439//3343 3811//3715
f 3813//3717 3440//3344 3812//3716
f 3814//3718 3673//3577 3682//3586
f 3815//3719 3809//3713 3814//3718
f 3816//3720 3810//3714 3815//3719
f 3817//3721 3811//3715 3816//3720
f 3818//3722 3812//3716 3817//3721
f 3819//3723 3682//3586 3692//3596
f 3820//3724 3814//3718 3819//3723
f 3821//3725 3815//3719 3820//3724
f 3822//3726 3816//3720 3821//3725
f 3823//3727 3817//3721 3822//3726
f 3819//3723 3715//3605 3824//3728
f 3825//3729 3819//3723 3824//3728
f 3826//3730 3825//3729 3824//3728
f 3821//3725 3825//3729 3828//3731
f 3829//3732 3821//3725 3828//3731
f 3830//3733 3822//3726 3829//3732
f 3831//3734 3715//3605 3739//3640
f 3827//3735 3742//3644 3723//3645
f 3826//3730 3831//3734 3833//3736
f 3834//3737 3826//3730 3833//3736
f 3835//3738 3828//3731 3834//3737
f 3836//3739 3739//3640 3760//3664
f 3766//3694 3836//3739 3760//3664
f 3837//3740 3742//3644 3832//3741
f 3833//3736 3836//3739 3838//3742
f 3839//3743 3833//3736 3838//3742
f 3840//3744 3834//3737 3839//3743
f 3841//3745 3766//3694 3790//3695
f 3842//3746 3838//3742 3841//3745
f 3843//3747 3790//3695 3808//3712
f 3844//3748 1657//1464 2040//1882
f 3844//3748 3554//3470 3553//3467
f 3845//3749 3555//3473 3554//3470
f 3846//3750 3556//3476 3555//3473
f 3847//3751 3557//3479 3556//3476
f 3848//3752 3558//3482 3557//3479
f 3849//3753 3559//3485 3558//3482
f 3850//3754 3560//3488 3559//3485
f 3852//1887 2040//1882 2048//1887
f 3852//1887 3845//3749 3844//3748
f 3853//1887 3846//3750 3845//3749
f 3854//1887 3847//3751 3846//3750
f 3855//1886 3848//3752 3847//3751
f 3856//1886 3849//3753 3848//3752
f 3857//3755 3850//3754 3849//3753
f 3859//3756 3850//3754 3858//3757
f 3860//1891 2048//1887 2056//1891
f 3860//1891 3853//1887 3852//1887
f 3861//1891 3854//1887 3853//1887
f 3862//1891 3855//1886 3854//1887
f 3863//1891 3856//1886 3855//1886
f 3864//1891 3857//3755 3856//1886
f 3866//3758 3857//3755 3865//3759
f 3867//3760 3858//3757 3866//3758
f 3868//1694 2056//1891 2064//1694
f 3869//1694 3860//1891 3868//1694
f 3870//1694 3861//1891 3869//1694
f 3871//1694 3862//1891 3870//1694
f 3872//1694 3863//1891 3871//1694
f 3872//1694 3865//3759 3864//1891
f 3874//3761 3865//3759 3873//3762
f 3875//3763 3866//3758 3874//3761
f 3876//1694 2064//1694 2072//1694
f 3877//1694 3868//1694 3876//1694
f 3878//1694 3869//1694 3877//1694
f 3879//1694 3870//1694 3878//1694
f 3880//1694 3871//1694 3879//1694
f 3881//3762 3872//1694 3880//1694
f 3882//3761 3873//3762 3881//3762
f 3883//3764 3874//3761 3882//3761
f 3884//1694 2072//1694 2080//1694
f 3885//1694 3876//1694 3884//1694
f 3886//1694 3877//1694 3885//1694
f 3887//1694 3878//1694 3886//1694
f 3888//1904 3879//1694 3887//1694
f 3889//3765 3880//1694 3888//1904
f 3890//3766 3881//3762 3889//3765
f 3891//3767 3882//3761 3890//3766
f 3892//1694 2080//1694 2088//1694
f 3893//1694 3884//1694 3892//1694
f 3894//1694 3885//1694 3893//1694
f 3895//1904 3886//1694 3894//1694
f 3896//3768 3887//1694 3895//1904
f 3897//3769 3888//1904 3896//3768
f 3897//3769 3890//3766 3889//3765
f 3898//3770 3891//3767 3890//3766
f 3900//1694 2088//1694 2096//1694
f 3901//1694 3892//1694 3900//1694
f 3902//3771 3893//1694 3901//1694
f 3903//3772 3894//1694 3902//3771
f 3903//3772 3896//3768 3895//1904
f 3905//3773 3896//3768 3904//3774
f 3905//3773 3898//3770 3897//3769
f 3906//3775 3899//3776 3898//3770
f 3911//3777 3908//3778 3909//3779
f 3913//3780 3910//3781 3911//3777
f 3915//3782 3912//3783 3913//3780
f 3917//3784 3914//3785 3915//3782
f 3918//3786 3560//3488 3851//3787
f 3919//3788 3693//3607 3918//3786
f 3920//3789 3694//3610 3919//3788
f 3921//3790 3695//3613 3920//3789
f 3921//3790 3697//3619 3696//3616
f 3922//3791 3698//3622 3697//3619
f 3923//3792 3699//3625 3698//3622
f 3926//3793 3851//3787 3859//3756
f 3927//3794 3918//3786 3926//3793
f 3928//3795 3919//3788 3927//3794
f 3929//3796 3920//3789 3928//3795
f 3929//3796 3922//3791 3921//3790
f 3931//3797 3922//3791 3930//3798
f 3932//3799 3923//3792 3931//3797
f 3932//3799 3925//3800 3924//3801
f 3934//3802 3859//3756 3867//3760
f 3935//3803 3926//3793 3934//3802
f 3936//3804 3867//3760 3875//3763
f 3937//3805 3875//3763 3883//3764
f 3938//3806 3883//3764 3891//3767
f 3899//3776 3938//3806 3891//3767
f 3907//3807 3939//3808 3899//3776
f 3941//3809 3699//3625 3924//3801
f 3941//3809 3723//3645 3722//3810
f 3925//3811 3941//3809 3924//3801
f 3928//3795 3943//3812 3944//3813
f 3929//3796 3944//3813 3945//3814
f 3930//3798 3945//3814 3946//3815
f 3931//3797 3946//3815 3947//3816
f 3948//3817 3931//3797 3947//3816
f 3933//3818 3948//3817 3949//3819
f 3935//3803 3950//3820 3951//3821
f 3935//3803 3943//3812 3927//3794
f 3952//3822 3943//3812 3951//3821
f 3953//3823 3944//3813 3952//3822
f 3954//3824 3945//3814 3953//3823
f 3955//3825 3946//3815 3954//3824
f 3956//3826 3947//3816 3955//3825
f 3957//3827 3948//3817 3956//3826
f 3936//3804 3950//3820 3934//3802
f 3959//3828 3950//3820 3958//3829
f 3937//3805 3958//3829 3936//3804
f 3961//3830 3958//3829 3960//3831
f 3938//3806 3960//3831 3937//3805
f 3963//3832 3960//3831 3962//3833
f 3939//3808 3962//3833 3938//3806
f 3965//3834 3962//3833 3964//3835
f 3940//3836 3964//3835 3939//3808
f 3966//3837 3965//3834 3964//3835
f 3952//3822 3968//3838 3969//3839
f 3953//3823 3969//3839 3970//3840
f 3954//3824 3970//3840 3971//3841
f 3972//3842 3954//3824 3971//3841
f 3973//3843 3955//3825 3972//3842
f 3974//3844 3956//3826 3973//3843
f 3959//3828 3968//3845 3951//3846
f 3961//3830 3975//3847 3959//3828
f 3977//3848 3961//3830 3963//3832
f 3978//3849 3963//3832 3965//3834
f 3967//3850 3978//3849 3965//3834
f 3969//3839 3982//3851 3983//3852
f 3970//3840 3983//3852 3984//3853
f 3985//3854 3970//3840 3984//3853
f 3972//3842 3985//3854 3986//3855
f 3973//3843 3986//3855 3987//3856
f 3974//3844 3987//3856 3988//3857
f 3975//3847 3982//3858 3968//3845
f 3976//3859 3989//3860 3975//3847
f 3991//3861 3976//3859 3977//3848
f 3992//3862 3977//3848 3978//3849
f 3993//3863 3978//3849 3979//3864
f 3994//3865 3791//3692 3995//3866
f 3980//3867 3791//3692 3767//3693
f 3983//3852 3999//3868 4000//3869
f 3984//3853 4000//3869 4001//3870
f 4002//3871 3984//3853 4001//3870
f 3986//3855 4002//3871 4003//3872
f 3987//3856 4003//3872 4004//3873
f 4005//3874 3996//3875 3997//3876
f 4005//3874 3987//3856 4004//3873
f 4005//3874 3981//3877 3988//3857
f 3989//3860 3999//3878 3982//3858
f 4008//3879 3989//3860 3990//3880
f 4009//3881 3990//3880 3991//3861
f 4010//3882 3991//3861 3992//3862
f 4011//3883 3992//3862 3993//3863
f 4012//3884 3801//3705 4013//3885
f 4013//3885 3802//3706 4014//3886
f 4014//3886 3803//3887 4015//3888
f 4016//3889 3803//3887 3804//3707
f 4016//3889 3805//3708 4017//3890
f 4017//3890 3807//3709 4018//3891
f 3994//3865 3807//3709 3789//3710
f 4020//3892 3994//3865 3995//3866
f 4021//3893 4020//3894 4022//3895
f 4022//3896 3996//3875 4021//3893
f 4022//3895 3995//3897 3997//3898
f 4025//3899 3999//3868 4024//3900
f 4026//3901 4000//3869 4025//3899
f 4027//3902 4001//3870 4026//3901
f 4028//3903 4002//3871 4027//3902
f 4029//3904 4003//3872 4028//3903
f 4029//3904 3996//3875 4004//3873
f 4006//1714 4023//1714 4030//1714
f 4031//3905 3999//3878 4007//3906
f 4032//3907 4007//3906 4008//3879
f 4033//3908 4008//3879 4009//3881
f 4034//3909 4009//3881 4010//3882
f 4035//1724 4010//3882 4011//3883
f 4036//3910 3441//3345 3813//3717
f 3520//3424 4036//3910 4037//3911
f 4038//3912 3520//3424 4037//3911
f 3522//3426 4038//3912 4039//3913
f 3523//3427 4039//3913 4040//3914
f 3524//3428 4040//3914 4041//3915
f 3525//3429 4041//3915 4042//3916
f 3526//3430 4042//3916 4043//3917
f 3527//3431 4043//3917 4044//3918
f 3528//3432 4044//3918 4045//3919
f 4046//3920 3813//3717 3818//3722
f 4037//3911 4046//3920 4047//3921
f 4048//3922 4037//3911 4047//3921
f 4049//3923 4048//3922 4047//3921
f 4039//3913 4048//3922 4050//3924
f 4051//3925 4039//3913 4050//3924
f 4052//3926 4040//3914 4051//3925
f 4053//3927 4041//3915 4052//3926
f 4043//3917 4053//3927 4054//3928
f 4044//3918 4054//3928 4055//3929
f 4045//3919 4055//3929 4056//3930
f 4058//3931 3818//3722 3823//3727
f 4059//3932 4046//3920 4058//3931
f 3933//3818 4057//3933 3925//3800
f 4049//3923 4059//3932 4061//3934
f 4062//3935 4049//3923 4061//3934
f 4051//3925 4062//3935 4063//3936
f 4052//3926 4063//3936 4066//3937
f 4068//3938 4064//3939 4067//3940
f 4069//3941 4065//3942 4068//3938
f 4069//3943 4052//3926 4066//3937
f 4071//3944 4067//3940 4070//3945
f 4072//3946 4068//3938 4071//3944
f 4072//3947 4053//3927 4069//3943
f 4073//3948 4071//3944 4070//3945
f 4075//3949 4071//3944 4074//3950
f 4055//3929 4072//3947 4075//3951
f 4076//3952 4074//3950 4073//3948
f 4078//3953 4074//3950 4077//3954
f 4056//3930 4075//3951 4078//3955
f 3942//3956 3827//3735 3723//3645
f 4057//3957 3942//3956 3925//3811
f 4081//3958 3830//3733 3829//3732
f 4058//3931 3830//3733 4082//3959
f 4083//3960 4058//3931 4082//3959
f 4060//3961 3949//3819 4084//3962
f 4084//3963 4057//3964 4060//3965
f 4085//3966 4079//3967 4084//3968
f 4061//3934 4083//3960 4086//3969
f 4087//3970 4061//3934 4086//3969
f 4088//3971 3949//3819 3957//3827
f 4090//3972 4087//3970 4086//3973
f 4063//3936 4087//3970 4091//3974
f 4093//3975 4089//3976 4092//3977
f 4093//3975 4064//3939 4065//3942
f 4093//3975 4091//3978 4090//3979
f 4094//3980 4065//3942 4066//3981
f 4094//3982 4063//3936 4091//3974
f 4095//3983 4064//3939 4092//3977
f 4096//3984 4067//3985 4095//3983
f 4073//3986 4096//3984 4097//3987
f 4098//3988 4073//3986 4097//3987
f 4100//3989 4077//3990 4099//3991
f 4101//3992 3827//3735 4079//3993
f 4080//3994 4101//3992 4079//3993
f 4081//3958 3835//3738 4103//3995
f 4104//3996 4081//3958 4103//3995
f 4105//3997 4082//3959 4104//3996
f 4085//3998 4106//3999 4107//4000
f 4085//4001 4102//4002 4080//4003
f 4108//4004 4105//3997 4104//3996
f 4086//3969 4105//3997 4109//4005
f 4088//3971 3974//3844 4110//4006
f 4088//3971 4106//3999 4084//4007
f 4112//4008 4089//3976 4090//3979
f 4090//3972 4109//4005 4112//4009
f 4113//4010 4089//3976 4111//4011
f 4095//3983 4113//4010 4114//4012
f 4096//3984 4114//4012 4115//4013
f 4097//3987 4115//4013 4116//4014
f 4098//3988 4116//4014 4117//4015
f 3980//3867 3837//3740 4118//4016
f 4101//3992 3837//3740 3832//3741
f 4120//4017 4101//3992 4102//4018
f 4119//4019 3840//3744 3839//3743
f 4103//3995 3840//3744 4121//4020
f 4122//4021 4103//3995 4121//4020
f 4123//4022 4120//4023 4124//4024
f 4124//4025 4106//3999 4123//4026
f 4107//4027 4120//4028 4102//4002
f 4125//4029 4122//4021 4121//4020
f 4108//4004 4122//4021 4126//4030
f 4127//4031 4108//4004 4126//4030
f 4128//4032 3981//3877 4123//4026
f 4128//4032 3974//3844 3988//3857
f 4128//4032 4106//3999 4110//4006
f 4129//4033 4126//4030 4125//4029
f 4131//4034 4126//4030 4130//4035
f 4131//4036 4111//4011 4112//4008
f 4112//4009 4127//4031 4131//4037
f 4132//4038 4111//4011 4130//4039
f 4114//4012 4132//4038 4133//4040
f 4115//4013 4133//4040 4134//4041
f 4116//4014 4134//4041 4135//4042
f 4117//4015 4135//4042 4136//4043
f 4138//4044 3980//3867 4118//4016
f 4137//4045 3842//3746 3841//3745
f 4119//4019 3842//3746 4139//4046
f 4140//4047 4119//4019 4139//4046
f 3997//4048 4138//4049 4142//4050
f 4142//4051 3981//3877 3997//3876
f 4123//4052 4138//4053 4118//4054
f 4143//4055 4140//4047 4139//4046
f 4125//4029 4140//4047 4144//4056
f 4145//1694 3998//1694 4006//1694
f 4129//4033 4144//4056 4146//4057
f 4147//4058 4129//4033 4146//4057
f 4132//4038 4147//4059 4148//4060
f 4133//4040 4148//4060 4149//4061
f 4134//4041 4149//4061 4150//4062
f 4151//4063 4134//4041 4150//4062
f 4136//4043 4151//4063 4152//4064
f 4019//4065 3843//3747 3808//3712
f 4137//4045 3843//3747 4153//4066
f 4154//4067 4137//4045 4153//4066
f 4156//1707 3998//1707 4141//1707
f 4155//4068 4154//4067 4153//4066
f 4143//4055 4154//4067 4157//4069
f 4158//4070 4143//4055 4157//4069
f 4030//12 4156//12 4159//12
f 4145//1862 4030//1862 4159//1862
f 4159//1717 4141//1717 4145//1717
f 4160//4071 4157//4069 4155//4068
f 4161//4072 4158//4070 4157//4069
f 4146//4057 4158//4070 4162//4073
f 4147//4058 4162//4073 4163//4074
f 4148//4060 4163//4075 4164//4076
f 4149//4061 4164//4076 4165//4077
f 4150//4062 4165//4077 4166//4078
f 4151//4063 4166//4078 4167//1714
f 4152//4064 4167//1714 4168//1714
f 3649//3555 2137//1948 4169//4079
f 3650//3556 4169//4079 4170//4080
f 3651//3557 4170//4080 4171//4081
f 3652//3558 4171//4081 4172//4082
f 4173//4083 3652//3558 4172//4082
f 4174//4084 3653//3559 4173//4083
f 4175//4085 3654//3560 4174//4084
f 4176//4086 3655//3561 4175//4085
f 2153//4087 4169//4079 2137//1948
f 4177//4088 1761//1964 3657//4089
f 4180//4090 4169//4079 4178//4091
f 3658//3563 4177//4088 3657//4089
f 4182//4092 4170//4080 4180//4090
f 3659//3564 4179//4093 3658//3563
f 4184//4094 4171//4081 4182//4092
f 4183//4095 3659//3564 3660//3565
f 4186//4096 4172//4082 4184//4094
f 3661//3566 4183//4095 3660//3565
f 4188//4097 4173//4083 4186//4096
f 3662//3567 4185//4098 3661//3566
f 4190//4099 4174//4084 4188//4097
f 3663//3568 4187//4100 3662//3567
f 4192//4101 4175//4085 4190//4099
f 4191//4102 3663//3568 3664//3704
f 4193//4103 2153//4087 2161//1972
f 4180//4090 4193//4103 4194//4104
f 4182//4092 4194//4104 4195//4105
f 4184//4094 4195//4105 4196//4106
f 4186//4096 4196//4106 4197//4107
f 4188//4097 4197//4107 4198//4108
f 4190//4099 4198//4108 4199//4109
f 4200//4110 4190//4099 4199//4109
f 4201//4111 3656//3562 4176//4086
f 4202//4112 3792//3696 4201//4111
f 4203//4113 3793//3697 4202//4112
f 4204//4114 3794//3698 4203//4113
f 3796//3700 4204//4114 4205//4115
f 4206//4116 3796//3700 4205//4115
f 4207//4117 3797//3701 4206//4116
f 4208//4118 4176//4086 4192//4101
f 4209//4119 3664//3704 3800//4120
f 4210//4121 4201//4111 4208//4118
f 4211//4122 4202//4112 4210//4121
f 4212//4123 4203//4113 4211//4122
f 4213//4124 4204//4114 4212//4123
f 4213//4124 4206//4116 4205//4115
f 4214//4125 4207//4117 4206//4116
f 3806//3711 4207//4117 4215//4126
f 4216//4127 3806//3711 4215//4126
f 4208//4118 4200//4110 4217//4128
f 4210//4121 4217//4128 4218//4129
f 4211//4122 4218//4129 4219//4130
f 4212//4123 4219//4130 4220//4131
f 4213//4124 4220//4131 4221//4132
f 4222//4133 4213//4124 4221//4132
f 4223//4134 4214//4125 4222//4133
f 2333//2177 4177//4088 4224//4135
f 4224//4135 4179//4093 4225//4136
f 4225//4136 4181//4137 4226//4138
f 4227//4139 4181//4137 4183//4095
f 4228//4140 4183//4095 4185//4098
f 4229//4141 4185//4098 4187//4100
f 4230//4142 4187//4100 4189//4143
f 4230//4142 4191//4102 4231//4144
f 4232//4145 4227//4139 4233//4146
f 4233//4146 4228//4140 4234//4147
f 4234//4147 4229//4141 4235//4148
f 4235//4148 4230//4142 4236//4149
f 4237//4150 4230//4142 4231//4144
f 4241//4151 4239//4152 4242//4153
f 4242//4154 4240//4155 4243//4156
f 4243//4157 3908//4158 4242//4159
f 4245//4160 4241//4151 4242//4153
f 4245//4160 3908//4161 3910//4162
f 4246//4163 3909//4164 4243//4165
f 4248//4166 4244//4167 4245//4160
f 4248//4166 3910//4162 3912//4168
f 4249//4169 3911//4170 4246//4163
f 4251//4171 4247//4172 4248//4166
f 3914//4173 4248//4166 3912//4168
f 4252//4174 3913//4175 4249//4169
f 4258//4176 4250//4177 4251//4171
f 3916//4178 4251//4171 3914//4173
f 4259//4179 3915//4180 4252//4174
f 2372//2222 4193//4103 2161//1972
f 4260//4181 2333//2177 4224//4135
f 4261//4182 4194//4104 4193//4103
f 4262//4183 4224//4135 4225//4136
f 4263//4184 4195//4105 4194//4104
f 4265//4185 4225//4136 4226//4138
f 4264//4186 4196//4106 4195//4105
f 4266//4187 4197//4107 4196//4106
f 4267//4188 4198//4108 4197//4107
f 4268//4189 4199//4109 4198//4108
f 4270//4190 4199//4109 4269//4191
f 4271//4192 2371//2237 4260//4181
f 4271//4192 4262//4183 4272//4193
f 4272//4193 4265//4185 4273//4194
f 4232//4145 4265//4185 4226//4138
f 4274//4195 4232//4145 4233//4146
f 4234//4147 4274//4195 4233//4146
f 4235//4148 4275//4196 4234//4147
f 4277//4197 4235//4148 4236//4149
f 4278//4198 4269//4199 4277//4200
f 4278//4201 4236//4149 4237//4202
f 4280//4203 2381//2236 4271//4192
f 4280//4203 4272//4193 4281//4204
f 4282//4205 4272//4193 4273//4194
f 4282//4205 4274//4195 4283//4206
f 4283//4206 4275//4196 4284//4207
f 4285//4208 4275//4196 4276//4209
f 4285//4210 4238//4211 4284//4212
f 4287//4213 4276//4209 4277//4214
f 4240//4155 4285//4210 4287//4215
f 4289//4216 2390//2251 4280//4203
f 4290//4217 4280//4203 4281//4204
f 4293//4218 4238//4219 4241//4151
f 4293//4220 4286//4221 4284//4222
f 4295//4223 4286//4224 4294//4225
f 4295//4223 4240//4226 4287//4227
f 2404//2273 4289//4216 4296//4228
f 4297//4229 4289//4216 4290//4217
f 4297//4229 4291//4230 4298//4231
f 4299//4232 4291//4230 4292//4233
f 4300//4234 4292//4233 4293//4235
f 4300//4234 4241//4151 4244//4167
f 4301//4236 4295//4223 4294//4225
f 4246//4163 4295//4223 4302//4237
f 4303//4238 2404//2273 4296//4228
f 4304//4239 4296//4228 4297//4229
f 4304//4239 4298//4231 4305//4240
f 4305//4240 4299//4232 4306//4241
f 4307//4242 4299//4232 4300//4234
f 4247//4172 4300//4234 4244//4167
f 4308//4243 4246//4163 4302//4237
f 4309//4244 2410//2279 4303//4238
f 4310//4245 4303//4238 4304//4239
f 4311//4246 4304//4239 4305//4240
f 4311//4246 4306//4241 4312//4247
f 4312//4247 4307//4242 4313//4248
f 4250//4177 4307//4242 4247//4172
f 4252//4174 4308//4243 4315//4249
f 4316//4250 2361//2299 2424//2300
f 4317//4251 4253//4252 4316//4250
f 4318//4253 4254//4254 4317//4251
f 4319//4255 4255//4256 4318//4253
f 4257//4257 4319//4255 4320//4258
f 4320//4259 4250//4177 4257//4260
f 4320//4261 4314//4262 4313//4263
f 4322//4264 4314//4262 4321//4265
f 4322//4266 4252//4174 4315//4249
f 4261//4182 2431//2307 4323//4267
f 4263//4184 4323//4267 4324//4268
f 4264//4186 4324//4268 4325//4269
f 4266//4187 4325//4269 4326//4270
f 4267//4188 4326//4270 4327//4271
f 4328//4272 4267//4188 4327//4271
f 4329//4273 4268//4189 4328//4272
f 2439//2315 4323//4267 2431//2307
f 4330//4274 4324//4268 4323//4267
f 4332//4275 4324//4268 4331//4276
f 4332//4275 4326//4270 4325//4269
f 4333//4277 4327//4271 4326//4270
f 4334//4278 4328//4272 4327//4271
f 4335//4279 4329//4273 4328//4272
f 4277//4200 4329//4280 4336//4281
f 2447//2333 4330//4274 2439//2315
f 4338//4282 4331//4276 4330//4274
f 4340//4283 4331//4276 4339//4284
f 4340//4285 4281//4286 4282//4287
f 4341//4288 4332//4275 4340//4283
f 4341//4289 4282//4287 4283//4290
f 4341//4288 4334//4278 4333//4277
f 4342//4291 4283//4290 4284//4292
f 4342//4293 4335//4279 4334//4278
f 4343//4294 4284//4222 4286//4221
f 4344//4295 4335//4279 4343//4294
f 4344//4296 4286//4296 4287//4296
f 4344//4297 4277//4200 4336//4281
f 4345//1717 4279//1717 4288//1717
f 4346//4298 2447//2333 2453//2355
f 4347//4299 4338//4282 4346//4298
f 4290//4300 4339//4301 4347//1714
f 4291//4302 4347//4303 4348//4304
f 4349//4305 4291//4302 4348//4304
f 4350//4306 4292//4307 4349//4305
f 4351//4308 4293//4309 4350//4306
f 4352//4310 2453//2355 2460//2363
f 4353//4311 4346//4298 4352//4310
f 4353//4311 4348//4312 4347//4299
f 4354//4313 4349//4314 4348//4312
f 4355//4315 4350//4316 4349//4314
f 4356//4317 4351//4318 4350//4316
f 4301//4236 4351//4318 4357//4319
f 4358//4320 4301//4236 4357//4319
f 4359//4321 2460//2363 2467//2380
f 4360//4322 4352//4310 4359//4321
f 4360//4322 4354//4313 4353//4311
f 4362//4323 4354//4313 4361//4324
f 4363//4325 4355//4315 4362//4323
f 4364//4326 4356//4317 4363//4325
f 4364//4326 4358//4320 4357//4319
f 4308//4243 4358//4327 4365//4328
f 4366//4329 2467//2380 2474//4330
f 4366//4331 2417//2381 4309//4331
f 4367//4332 4359//4321 4366//4329
f 4367//4333 4309//4331 4310//4334
f 4368//4335 4360//4322 4367//4332
f 4368//4336 4310//4334 4311//4337
f 4369//4338 4361//4324 4368//4335
f 4369//4339 4311//4337 4312//4340
f 4369//4338 4363//4325 4362//4323
f 4370//4341 4312//4340 4313//4342
f 4371//4343 4363//4325 4370//4344
f 4314//4345 4370//4341 4313//4342
f 4372//4346 4364//4326 4371//4343
f 4372//4346 4314//4262 4315//4347
f 4372//4348 4308//4243 4365//4328
f 4231//4144 4209//4119 4373//4349
f 4012//3884 4209//4119 3800//4120
f 4374//4350 4012//3884 4013//3885
f 4375//4351 4013//3885 4014//3886
f 4015//3888 4375//4351 4014//3886
f 4016//3889 4376//4352 4015//3888
f 4378//4353 4016//3889 4017//3890
f 4380//4354 4017//3890 4018//3891
f 4379//4355 4216//4127 4215//4126
f 4019//4065 4216//4127 4381//4356
f 4382//4357 4231//4144 4373//4349
f 4382//4357 4374//4350 4383//4358
f 4384//4359 4374//4350 4375//4351
f 4385//4360 4375//4351 4376//4352
f 4386//4361 4376//4352 4377//4362
f 4387//4363 4377//4362 4378//4353
f 4387//4363 4380//4354 4388//4364
f 4021//3893 4380//4354 4018//4365
f 4392//4366 4383//4367 4384//4368
f 4392//4369 4024//3900 4391//4370
f 4392//4366 4385//4371 4393//4372
f 4393//4373 4025//3899 4392//4369
f 4393//4372 4386//4374 4394//4375
f 4394//4376 4026//3901 4393//4373
f 4395//4377 4386//4374 4387//4363
f 4395//4378 4027//3902 4394//4376
f 4396//4379 4387//4363 4388//4364
f 4396//4380 4028//3903 4395//4378
f 4396//4379 4021//3893 4029//3904
f 4398//4381 4391//4382 4399//4383
f 4399//4384 4024//4385 4031//3905
f 4400//4386 4031//3905 4032//3907
f 4401//4387 4032//3907 4033//3908
f 4402//4388 4033//3908 4034//3909
f 4403//4389 4034//3909 4035//1724
f 4404//4390 4200//4110 4270//4190
f 4404//4390 4218//4129 4217//4128
f 4405//4391 4219//4130 4218//4129
f 4406//4392 4220//4131 4219//4130
f 4407//4393 4221//4132 4220//4131
f 4408//4394 4222//4133 4221//4132
f 4409//4395 4223//4134 4222//4133
f 4379//4355 4223//4134 4410//4396
f 4411//4397 4379//4355 4410//4396
f 4278//4198 4404//4398 4270//4399
f 4412//4400 4237//4202 4382//4401
f 4412//4402 4405//4391 4404//4398
f 4414//4403 4382//4401 4383//4404
f 4415//4405 4405//4391 4414//4406
f 4416//4407 4406//4392 4415//4405
f 4417//4408 4407//4393 4416//4407
f 4417//4408 4409//4395 4408//4394
f 4418//4409 4410//4396 4409//4395
f 4419//4410 4411//4397 4410//4396
f 4389//4411 4411//4397 4420//4412
f 4288//12 4413//12 4421//12
f 4423//4413 4390//4414 4422//4415
f 4423//4416 4383//4417 4391//4418
f 4423//4419 4415//4405 4414//4406
f 4425//4420 4415//4405 4424//4421
f 4425//4420 4417//4408 4416//4407
f 4427//4422 4417//4408 4426//4423
f 4427//4422 4419//4410 4418//4409
f 4428//4424 4420//4412 4419//4410
f 4397//4425 4420//4412 4429//4426
f 4430//4427 4390//4428 4398//4429
f 4430//4430 4423//4419 4422//4431
f 4431//4432 4398//4433 4399//4434
f 4431//4435 4424//4421 4423//4419
f 4433//4436 4424//4421 4432//4437
f 4433//4436 4426//4423 4425//4420
f 4435//4438 4426//4423 4434//4439
f 4436//4440 4427//4422 4435//4438
f 4436//4440 4429//4426 4428//4424
f 4400//4386 4431//4441 4399//4384
f 4439//4442 4431//4443 4438//4444
f 4440//4445 4435//4438 4434//4439
f 4441//4446 4436//4440 4435//4438
f 4443//4447 4436//4440 4442//4448
f 4444//4449 4400//4386 4401//4387
f 4445//4450 4401//4387 4402//4388
f 4446//4451 4402//4388 4403//4389
f 4413//1862 4337//1862 4447//1862
f 4448//1694 4337//1694 4345//1694
f 4421//1707 4345//1707 4288//1707
f 4421//1714 4447//1714 4448//4300
f 4433//4436 4449//4452 4450//4453
f 4451//4454 4433//4436 4450//4453
f 4439//4455 4452//4456 4453//4457
f 4439//4455 4449//4452 4432//4437
f 4454//4458 4449//4452 4453//4457
f 4454//4458 4451//4454 4450//4453
f 4440//4445 4451//4454 4455//4459
f 4456//4460 4440//4445 4455//4459
f 4457//4461 4441//4446 4456//4460
f 4458//4462 4442//4448 4457//4461
f 4444//4449 4452//4463 4438//4444
f 4460//4464 4452//4456 4459//4465
f 4460//4464 4454//4458 4453//4457
f 4462//4466 4454//4458 4461//4467
f 4462//4466 4456//4460 4455//4459
f 4463//4468 4457//4461 4456//4460
f 4464//2137 4458//4462 4457//4461
f 4466//4469 4444//4449 4445//4450
f 4467//4470 4445//4450 4446//4451
f 4460//4464 4468//4471 4469//4472
f 4461//4467 4469//4472 4470//4473
f 4462//4466 4470//4473 4471//4474
f 4463//4468 4471//4474 4472//4475
f 4464//2137 4472//4475 4473//2147
f 4474//4476 4464//2137 4473//2147
f 4466//4469 4468//4477 4459//4478
f 4476//4479 4468//4471 4475//4480
f 4477//4481 4469//4472 4476//4479
f 4478//4482 4470//4473 4477//4481
f 4478//4482 4472//4475 4471//4474
f 4480//2154 4472//4475 4479//2154
f 4481//4483 4473//2147 4480//2154
f 4467//4470 4475//4484 4466//4469
f 4483//4485 4475//4480 4482//4486
f 4484//4487 4476//4479 4483//4485
f 4485//2162 4477//4481 4484//4487
f 4486//2161 4478//4482 4485//2162
f 4486//2161 4480//2154 4479//2154
f 4488//2163 4480//2154 4487//2161
f 4489//4488 4019//4065 4381//4356
f 4389//4411 4489//4488 4381//4356
f 4155//4068 4489//4488 4490//4489
f 4397//4425 4490//4489 4389//4411
f 4160//4071 4490//4489 4491//4490
f 4492//4491 4160//4071 4491//4490
f 4493//4492 4161//4072 4492//4491
f 4163//4074 4493//4492 4494//4493
f 4495//4494 4492//4491 4491//4490
f 4497//4495 4492//4491 4496//4496
f 4497//4495 4494//4493 4493//4492
f 4164//4076 4494//4497 4498//4498
f 4165//4077 4498//4498 4499//4499
f 4166//4078 4499//4499 4500//4500
f 4167//1714 4500//4500 4501//4501
f 4168//1714 4501//4501 4502//1714
f 4503//4502 4397//4425 4429//4426
f 4437//4503 4503//4502 4429//4426
f 4495//4494 4503//4502 4504//4504
f 4505//4505 4495//4494 4504//4504
f 4506//4506 4496//4496 4505//4505
f 4507//4507 4497//4495 4506//4506
f 4508//4508 4437//4503 4443//4447
f 4508//4508 4505//4505 4504//4504
f 4510//4509 4505//4505 4509//4510
f 4510//4509 4507//4507 4506//4506
f 4499//4499 4507//4511 4511//4512
f 4500//4500 4511//4512 4512//4513
f 4501//4501 4512//4513 4513//4514
f 4502//1714 4513//4514 4514//4515
f 4515//4516 4443//4447 4458//4462
f 4509//4510 4515//4516 4516//4517
f 4510//4509 4516//4517 4517//4518
f 4518//4519 4510//4509 4517//4518
f 4465//4520 4515//4516 4458//4462
f 4519//4521 4516//4517 4515//4516
f 4520//4522 4517//4518 4516//4517
f 4521//4523 4518//4519 4517//4518
f 4512//4513 4518//4524 4522//4525
f 4513//4514 4522//4525 4523//4526
f 4514//4515 4523//4526 4524//4527
f 4519//4521 4474//4476 4525//4528
f 4520//4522 4525//4528 4526//4529
f 4521//4523 4526//4529 4527//4530
f 4528//4531 4521//4523 4527//4530
f 4481//4483 4525//4528 4474//4476
f 4529//4532 4526//4529 4525//4528
f 4530//4533 4527//4530 4526//4529
f 4531//4534 4528//4531 4527//4530
f 4523//4526 4528//4535 4532//4536
f 4533//4537 4481//4483 4488//2163
f 4534//4538 4529//4532 4533//4537
f 4535//4539 4530//4533 4534//4538
f 4535//4539 4532//4540 4531//4534
f 4524//4527 4532//4536 4536//4541
f 4538//4542 524//323 525//324
f 4539//4543 525//324 526//325
f 4539//4543 193//95 4538//4542
f 4539//4543 527//326 4540//4544
f 4540//4544 194//96 4539//4543
f 4540//4544 528//327 4541//4545
f 4541//4545 195//97 4540//4544
f 4543//4546 4537//4547 4538//4542
f 4543//4546 193//95 197//4548
f 4545//4549 4542//4550 4543//4546
f 4545//4549 197//4548 201//100
f 4546//4551 4545//4549 4547//4552
f 205//103 4545//4549 201//100
f 4548//4553 4547//4552 4549//4554
f 209//106 4547//4552 205//103
f 4550//4555 209//106 210//107
f 4551//4556 4550//4555 4552//4557
f 213//110 4550//4555 210//107
f 4553//4558 4552//4557 4554//4559
f 216//113 4552//4557 213//110
f 4555//4560 216//113 217//114
f 4556//4561 4555//4560 4557//4562
f 219//116 4555//4560 217//114
f 4558//4563 219//116 220//117
f 4560//4564 544//361 545//342
f 4560//4564 524//323 4537//4547
f 4561//4565 4560//4564 4562//4566
f 4542//4550 4560//4564 4537//4547
f 4563//4567 4562//4566 4564//4568
f 4544//4569 4562//4566 4542//4550
f 4565//4570 4544//4569 4546//4551
f 4548//4553 4565//4570 4546//4551
f 4567//4571 4548//4553 4549//4554
f 4568//4572 4567//4571 4569//4573
f 4551//4556 4567//4571 4549//4554
f 4570//4574 4569//4573 4571//4575
f 4553//4558 4569//4573 4551//4556
f 4572//4576 4553//4558 4554//4559
f 4573//4577 4572//4576 4574//4578
f 4556//4561 4572//4576 4554//4559
f 4575//4579 4556//4561 4557//4562
f 4576//4580 544//361 4559//4581
f 4561//4565 4576//4580 4559//4581
f 4563//4567 4577//4582 4561//4565
f 4579//4583 4563//4567 4564//4568
f 4580//4584 4579//4583 4581//4585
f 4565//4570 4579//4583 4564//4568
f 4582//4586 4581//4585 4583//4587
f 4566//4588 4581//4585 4565//4570
f 4568//4572 4583//4587 4566//4588
f 4570//4574 4584//4589 4568//4572
f 4586//4590 4570//4574 4571//4575
f 4573//4577 4586//4590 4571//4575
f 4588//4591 4573//4577 4574//4578
f 4576//4580 575//390 561//360
f 4590//4592 4576//4580 4577//4582
f 4591//4593 4577//4582 4578//4594
f 4580//4584 4591//4593 4578//4594
f 4582//4586 4592//4595 4580//4584
f 4594//4596 4582//4586 4583//4587
f 4595//4597 4594//4596 4596//4598
f 4584//4589 4594//4596 4583//4587
f 4585//4599 4596//4598 4584//4589
f 4598//4600 4585//4599 4586//4590
f 4599//4601 4598//4600 4600//4602
f 4587//4603 4598//4600 4586//4590
f 4602//4604 590//406 591//388
f 4589//4605 591//388 575//390
f 4604//4606 4601//4607 4602//4604
f 4590//4592 4602//4604 4589//4605
f 4605//4608 4604//4606 4606//4609
f 4591//4593 4604//4606 4590//4592
f 4607//4610 4591//4593 4592//4595
f 4608//4611 4592//4595 4593//4612
f 4595//4597 4608//4611 4593//4612
f 4610//4613 4595//4597 4596//4598
f 4611//4614 4610//4613 4612//4615
f 4597//4616 4610//4613 4596//4598
f 4599//4601 4612//4615 4597//4616
f 4614//4617 4599//4601 4600//4602
f 4601//4607 606//405 590//406
f 4603//4618 4615//4619 4601//4607
f 4605//4608 4616//4620 4603//4618
f 4618//4621 4605//4608 4606//4609
f 4619//4622 4618//4621 4620//4623
f 4607//4610 4618//4621 4606//4609
f 4621//4624 4620//4623 4622//4625
f 4608//4611 4620//4623 4607//4610
f 4623//4626 4608//4611 4609//4627
f 4611//4614 4623//4626 4609//4627
f 4625//4628 4611//4614 4612//4615
f 4626//4629 4625//4628 4627//4630
f 4613//4631 4625//4628 4612//4615
f 4628//4632 622//419 4629//4633
f 4615//4619 622//419 606//405
f 4630//4634 4615//4619 4616//4620
f 4631//4635 4616//4620 4617//4636
f 4619//4622 4631//4635 4617//4636
f 4621//4624 4632//4637 4619//4622
f 4634//4638 4621//4624 4622//4625
f 4635//4639 4634//4638 4636//4640
f 4623//4626 4634//4638 4622//4625
f 4624//4641 4636//4640 4623//4626
f 4626//4629 4637//4642 4624//4641
f 4639//4643 4626//4629 4627//4630
f 4628//4632 637//435 621//436
f 4641//4644 4628//4632 4629//4633
f 4642//4645 4641//4644 4643//4646
f 4630//4634 4641//4644 4629//4633
f 4645//4647 4642//4645 4643//4646
f 4631//4635 4643//4646 4630//4634
f 4647//4648 4644//4649 4645//4647
f 4632//4637 4645//4647 4631//4635
f 4648//4650 4647//4648 4649//4651
f 4633//4652 4647//4648 4632//4637
f 4635//4639 4649//4651 4633//4652
f 4651//4653 4635//4639 4636//4640
f 4652//4654 4651//4653 4653//4655
f 4637//4642 4651//4653 4636//4640
f 4638//4656 4653//4655 4637//4642
f 4655//4657 4638//4656 4639//4643
f 4541//4545 641//440 4656//4658
f 4656//4658 196//99 4541//4545
f 4657//4658 641//440 642//440
f 4657//4658 221//99 4656//4658
f 4657//4658 643//440 4658//4658
f 223//99 4657//4658 4658//4658
f 4658//4658 644//440 4659//4658
f 224//99 4658//4658 4659//4658
f 4659//4658 645//440 4660//4658
f 225//99 4659//4658 4660//4658
f 4660//4658 646//440 4661//4658
f 226//99 4660//4658 4661//4658
f 4661//4658 647//440 4662//4658
f 227//99 4661//4658 4662//4658
f 4662//4658 648//2504 4663//4659
f 228//99 4662//4658 4663//4659
f 4664//4660 220//117 277//128
f 4665//4661 4558//4563 4666//4662
f 4667//4663 4575//4579 4668//4664
f 4665//4661 4575//4579 4557//4562
f 4669//4665 4665//4661 4666//4662
f 4671//4666 4588//4591 4672//4667
f 4667//4663 4588//4591 4574//4578
f 4673//4668 4667//4663 4668//4664
f 4674//4669 4668//4664 4669//4665
f 4670//4670 4674//4669 4669//4665
f 4671//4666 4600//4602 4587//4603
f 4677//4671 4671//4666 4672//4667
f 4673//4668 4677//4671 4672//4667
f 4679//4672 4673//4668 4674//4669
f 4680//4673 4679//4672 4681//4674
f 4675//4675 4679//4672 4674//4669
f 4682//4676 4614//4617 4683//4677
f 4676//4678 4614//4617 4600//4602
f 4684//4679 4676//4678 4677//4671
f 4685//4680 4677//4671 4678//4681
f 4686//4682 4685//4680 4687//4683
f 4680//4673 4685//4680 4678//4681
f 4688//4684 4680//4673 4681//4674
f 4682//4676 4627//4630 4613//4631
f 4690//4685 4682//4676 4683//4677
f 4691//4686 4683//4677 4684//4679
f 4686//4682 4691//4686 4684//4679
f 4693//4687 4686//4682 4687//4683
f 4688//4684 4693//4687 4687//4683
f 4689//4688 4639//4643 4627//4630
f 4696//4689 4689//4688 4690//4685
f 4697//4690 4690//4685 4691//4686
f 4698//4691 4697//4690 4699//4692
f 4692//4693 4697//4690 4691//4686
f 4700//4694 4692//4693 4693//4687
f 4694//4695 4700//4694 4693//4687
f 4702//4696 4655//4657 4703//4697
f 4695//4698 4655//4657 4639//4643
f 4704//4699 4695//4698 4696//4689
f 4698//4691 4704//4699 4696//4689
f 4706//4700 4698//4691 4699//4692
f 4700//4694 4706//4700 4699//4692
f 4701//4701 4707//4702 4700//4694
f 4666//4662 4664//4660 4709//4703
f 285//136 4664//4660 277//128
f 4710//4704 285//136 286//4705
f 287//138 4710//4704 286//4705
f 4712//4706 287//138 288//139
f 4713//4707 288//139 289//140
f 4714//4708 289//140 290//141
f 4715//4709 290//141 291//142
f 4716//4710 291//142 292//143
f 4717//4711 4712//4706 4718//4712
f 4719//4713 4712//4706 4713//4707
f 4720//4714 4713//4707 4714//4708
f 4721//4715 4714//4708 4715//4709
f 4722//4716 4715//4709 4716//4710
f 4723//4717 4666//4662 4709//4703
f 4724//4718 4709//4703 4710//4704
f 4725//4719 4710//4704 4711//4720
f 4670//4670 4723//4717 4726//4721
f 4727//4722 4723//4717 4724//4718
f 4727//4722 4725//4719 4728//4723
f 4717//4711 4725//4719 4711//4720
f 4729//4724 4717//4711 4718//4712
f 4730//4725 4718//4712 4719//4713
f 4731//4726 4719//4713 4720//4714
f 4732//4727 4720//4714 4721//4715
f 4733//4728 4721//4715 4722//4716
f 4734//4729 4670//4670 4726//4721
f 4735//4730 4726//4721 4727//4722
f 4736//4731 4727//4722 4728//4723
f 4729//4724 4736//4731 4728//4723
f 4730//4725 4737//4732 4729//4724
f 4731//4726 4738//4733 4730//4725
f 4732//4727 4739//4734 4731//4726
f 4733//4728 4740//4735 4732//4727
f 4742//4736 4675//4675 4734//4729
f 4743//4737 4734//4729 4735//4730
f 4736//4731 4743//4737 4735//4730
f 4737//4732 4744//4738 4736//4731
f 4738//4733 4745//4739 4737//4732
f 4747//4740 4738//4733 4739//4734
f 4740//4735 4747//4740 4739//4734
f 4741//4741 4748//4742 4740//4735
f 4742//4736 4688//4684 4681//4674
f 4743//4737 4750//4743 4742//4736
f 4744//4738 4751//4744 4743//4737
f 4745//4739 4752//4745 4744//4738
f 4746//4746 4753//4747 4745//4739
f 4747//4740 4754//4748 4746//4746
f 4748//4742 4755//4749 4747//4740
f 4749//4750 4756//4751 4748//4742
f 4750//4743 4694//4695 4688//4684
f 4751//4744 4758//4752 4750//4743
f 4752//4745 4759//4753 4751//4744
f 4753//4747 4760//4754 4752//4745
f 4754//4748 4761//4755 4753//4747
f 4755//4749 4762//4756 4754//4748
f 4756//4751 4763//4757 4755//4749
f 4757//4758 4764//4759 4756//4751
f 4758//4752 4701//4701 4694//4695
f 4759//4753 4766//4760 4758//4752
f 4760//4754 4767//4761 4759//4753
f 4761//4755 4768//4762 4760//4754
f 4762//4756 4769//4763 4761//4755
f 4763//4757 4770//4764 4762//4756
f 4764//4759 4771//4765 4763//4757
f 4765//4766 4772//4767 4764//4759
f 4766//4760 4708//4768 4701//4701
f 4767//4761 4774//4769 4766//4760
f 4768//4762 4775//4770 4767//4761
f 4769//4763 4776//4771 4768//4762
f 4770//4764 4777//4772 4769//4763
f 4771//4765 4778//4773 4770//4764
f 4772//4767 4779//4774 4771//4765
f 4781//4775 4772//4767 4773//4776
f 4782//4777 814//599 808//600
f 4783//4778 4784//4779 4782//4777
f 4789//4780 826//611 4790//4781
f 4784//4779 826//611 814//599
f 4791//4782 4790//4781 4792//4783
f 4785//4784 4790//4781 4784//4779
f 4786//4785 4792//4783 4785//4784
f 4787//4786 4793//4787 4786//4785
f 4788//4788 4794//4789 4787//4786
f 4789//4780 838//641 825//626
f 4791//4782 4797//4790 4789//4780
f 4799//4791 4791//4782 4792//4783
f 4800//4792 4799//4791 4801//4793
f 4793//4787 4799//4791 4792//4783
f 4803//4794 4800//4792 4801//4793
f 4794//4789 4801//4793 4793//4787
f 4804//4795 4803//4794 4805//4796
f 4795//4797 4803//4794 4794//4789
f 4796//4798 4805//4796 4795//4797
f 4809//4799 852//654 853//640
f 4797//4790 853//640 838//641
f 4810//4800 4809//4799 4811//4801
f 4811//4801 4797//4790 4798//4802
f 4812//4803 4798//4802 4800//4792
f 4802//4804 4812//4803 4800//4792
f 4804//4795 4813//4805 4802//4804
f 4815//4806 4804//4795 4805//4796
f 4816//4807 4815//4806 4817//4808
f 4806//4809 4815//4806 4805//4796
f 4807//4810 4817//4808 4806//4809
f 4808//4811 865//665 852//654
f 4810//4800 4820//4812 4808//4811
f 4822//4813 4810//4800 4811//4801
f 4823//4814 4822//4813 4824//4815
f 4812//4803 4822//4813 4811//4801
f 4825//4816 4824//4815 4826//4817
f 4813//4805 4824//4815 4812//4803
f 4827//4818 4813//4805 4814//4819
f 4816//4807 4827//4818 4814//4819
f 4829//4820 4816//4807 4817//4808
f 4830//4821 4829//4820 4831//4822
f 4818//4823 4829//4820 4817//4808
f 4819//4824 4831//4822 4818//4823
f 4833//4825 865//665 4820//4812
f 4834//4826 4820//4812 4821//4827
f 4823//4814 4834//4826 4821//4827
f 4825//4816 4835//4828 4823//4814
f 4837//4829 4825//4816 4826//4817
f 4838//4830 4837//4829 4839//4831
f 4827//4818 4837//4829 4826//4817
f 4840//4832 4839//4831 4841//4833
f 4828//4834 4839//4831 4827//4818
f 4830//4821 4841//4833 4828//4834
f 4843//4835 4830//4821 4831//4822
f 4844//4836 4843//4835 4845//4837
f 4832//4838 4843//4835 4831//4822
f 4847//4839 892//889 893//682
f 4833//4825 893//682 876//664
f 4849//4840 4846//4841 4847//4839
f 4834//4826 4847//4839 4833//4825
f 4850//4842 4849//4840 4851//4843
f 4835//4828 4849//4840 4834//4826
f 4852//4844 4835//4828 4836//4845
f 4838//4830 4852//4844 4836//4845
f 4840//4832 4853//4846 4838//4830
f 4855//4847 4840//4832 4841//4833
f 4856//4848 4855//4847 4857//4849
f 4842//4850 4855//4847 4841//4833
f 4844//4836 4857//4849 4842//4850
f 4859//4851 4844//4836 4845//4837
f 4782//4777 906//696 4860//4852
f 4860//4852 637//435 4640//4853
f 4783//4778 4860//4852 4861//4854
f 4642//4645 4860//4852 4640//4853
f 4862//4855 4642//4645 4644//4649
f 4646//4856 4862//4855 4644//4649
f 4648//4650 4863//4857 4646//4856
f 4865//4858 4648//4650 4649//4651
f 4866//4859 4865//4858 4867//4860
f 4650//4861 4865//4858 4649//4651
f 4652//4654 4867//4860 4650//4861
f 4869//4862 4652//4654 4653//4655
f 4870//4863 4869//4862 4871//4864
f 4654//4865 4869//4862 4653//4655
f 4872//4866 4783//4778 4861//4854
f 4786//4785 4872//4866 4873//4867
f 4862//4855 4872//4866 4861//4854
f 4874//4868 4786//4785 4873//4867
f 4863//4857 4873//4867 4862//4855
f 4788//4788 4874//4868 4875//4869
f 4864//4870 4874//4868 4863//4857
f 4866//4859 4875//4869 4864//4870
f 4877//4871 4866//4859 4867//4860
f 4878//4872 4877//4871 4879//4873
f 4868//4874 4877//4871 4867//4860
f 4870//4863 4879//4873 4868//4874
f 4881//4875 4870//4863 4871//4864
f 4882//4876 4788//4788 4875//4869
f 4796//4798 4882//4876 4883//4877
f 4876//4878 4882//4876 4875//4869
f 4878//4872 4883//4877 4876//4878
f 4885//4879 4878//4872 4879//4873
f 4886//4880 4885//4879 4887//4881
f 4880//4882 4885//4879 4879//4873
f 4888//4883 4880//4882 4881//4875
f 4889//4884 4796//4798 4883//4877
f 4807//4810 4889//4884 4890//4885
f 4884//4886 4889//4884 4883//4877
f 4886//4880 4890//4885 4884//4886
f 4892//4887 4886//4880 4887//4881
f 4893//4888 4887//4881 4888//4883
f 4894//4889 4807//4810 4890//4885
f 4819//4824 4894//4889 4895//4890
f 4891//4891 4894//4889 4890//4885
f 4896//4892 4891//4891 4892//4887
f 4897//4893 4819//4824 4895//4890
f 4898//4894 4895//4890 4896//4892
f 4899//4895 4832//4838 4897//4893
f 4900//4896 4845//4837 4899//4895
f 4702//4696 4871//4864 4654//4865
f 4903//4897 4702//4696 4703//4697
f 4904//4898 4703//4697 4704//4699
f 4905//4899 4704//4699 4705//4900
f 4906//4901 4705//4900 4706//4700
f 4707//4702 4906//4901 4706//4700
f 4708//4768 4907//4902 4707//4702
f 4902//4903 4881//4875 4871//4864
f 4903//4897 4909//4904 4902//4903
f 4911//4905 4903//4897 4904//4898
f 4912//4906 4911//4905 4913//4907
f 4905//4899 4911//4905 4904//4898
f 4914//4908 4905//4899 4906//4901
f 4915//4909 4906//4901 4907//4902
f 4916//4910 4907//4902 4908//4911
f 4917//4912 4881//4875 4909//4904
f 4918//4913 4909//4904 4910//4914
f 4912//4906 4918//4913 4910//4914
f 4920//4915 4912//4906 4913//4907
f 4914//4908 4920//4915 4913//4907
f 4915//4909 4921//4916 4914//4908
f 4923//4917 4915//4909 4916//4910
f 4924//4918 4893//4888 4925//4919
f 4917//4912 4893//4888 4888//4883
f 4926//4920 4917//4912 4918//4913
f 4927//4921 4918//4913 4919//4922
f 4928//4923 4919//4922 4920//4915
f 4921//4916 4928//4923 4920//4915
f 4922//4924 4929//4925 4921//4916
f 4931//4926 4922//4924 4923//4917
f 4924//4918 4896//4892 4892//4887
f 4933//4927 4924//4918 4925//4919
f 4926//4920 4933//4927 4925//4919
f 4935//4928 4926//4920 4927//4921
f 4936//4929 4927//4921 4928//4923
f 4929//4925 4936//4929 4928//4923
f 4938//4930 4929//4925 4930//4931
f 4939//4932 4930//4931 4931//4926
f 4940//4933 4898//4894 4941//4934
f 4932//4935 4898//4894 4896//4892
f 4942//4936 4932//4935 4933//4927
f 4934//4937 4942//4936 4933//4927
f 4944//4938 4934//4937 4935//4928
f 4945//4939 4935//4928 4936//4929
f 4937//4940 4945//4939 4936//4929
f 4947//4941 4937//4940 4938//4930
f 4948//4942 4938//4930 4939//4932
f 4940//4933 4899//4895 4897//4893
f 4950//4943 4940//4933 4941//4934
f 4942//4936 4950//4943 4941//4934
f 4943//4944 4951//4945 4942//4936
f 4953//4946 4943//4944 4944//4938
f 4954//4947 4944//4938 4945//4939
f 4946//4948 4954//4947 4945//4939
f 4956//4949 4946//4948 4947//4941
f 4957//4950 4947//4941 4948//4942
f 4901//4951 4900//4896 4958//4952
f 4949//4953 4900//4896 4899//4895
f 4959//4954 4949//4953 4950//4943
f 4960//4955 4950//4943 4951//4945
f 4952//4956 4960//4955 4951//4945
f 4953//4946 4961//4957 4952//4956
f 4954//4947 4962//4958 4953//4946
f 4964//4959 4954//4947 4955//4960
f 4956//4949 4964//4959 4955//4960
f 4966//4961 4956//4949 4957//4950
f 4774//4769 4908//4911 4708//4768
f 4775//4770 4967//4962 4774//4769
f 4776//4771 4968//4963 4775//4770
f 4777//4772 4969//4964 4776//4771
f 4778//4773 4970//4965 4777//4772
f 4972//1707 4778//4773 4779//4774
f 4973//1707 4779//4774 4780//4966
f 4974//1707 4780//4966 4781//4775
f 4967//4962 4916//4910 4908//4911
f 4968//4963 4975//4967 4967//4962
f 4969//4964 4976//4968 4968//4963
f 4970//4965 4977//4969 4969//4964
f 4979//1707 4970//4965 4971//4970
f 4980//1707 4971//4970 4972//1707
f 4981//1707 4972//1707 4973//1707
f 4982//1707 4973//1707 4974//1707
f 4975//4967 4923//4917 4916//4910
f 4976//4968 4983//4971 4975//4967
f 4977//4969 4984//4972 4976//4968
f 4986//1707 4977//4969 4978//4973
f 4987//1707 4978//4973 4979//1707
f 4988//1707 4979//1707 4980//1707
f 4989//1707 4980//1707 4981//1707
f 4990//1707 4981//1707 4982//1707
f 4983//4971 4931//4926 4923//4917
f 4984//4972 4991//4974 4983//4971
f 4993//4975 4984//4972 4985//4976
f 4986//1707 4993//4975 4985//4976
f 4987//1707 4994//1707 4986//1707
f 4996//1707 4987//1707 4988//1707
f 4997//1707 4988//1707 4989//1707
f 4998//1707 4989//1707 4990//1707
f 4999//4977 4931//4926 4991//4974
f 4992//4978 4999//4977 4991//4974
f 5001//4979 4992//4978 4993//4975
f 5002//1707 4993//4975 4994//1707
f 5003//1707 4994//1707 4995//1707
f 5004//1707 4995//1707 4996//1707
f 5005//1707 4996//1707 4997//1707
f 5006//1707 4997//1707 4998//1707
f 5007//4980 4939//4932 4999//4977
f 5008//4981 4999//4977 5000//4982
f 5009//4983 5000//4982 5001//4979
f 5010//1707 5001//4979 5002//1707
f 5011//1707 5002//1707 5003//1707
f 5012//1707 5003//1707 5004//1707
f 5013//1707 5004//1707 5005//1707
f 5014//1707 5005//1707 5006//1707
f 5015//4984 4948//4942 5007//4980
f 5016//4985 5007//4980 5008//4981
f 5017//4986 5008//4981 5009//4983
f 5018//4973 5009//4983 5010//1707
f 5019//1707 5010//1707 5011//1707
f 5020//1707 5011//1707 5012//1707
f 5021//1707 5012//1707 5013//1707
f 5022//1707 5013//1707 5014//1707
f 5023//4987 4957//4950 5015//4984
f 5024//4988 5015//4984 5016//4985
f 5025//4989 5016//4985 5017//4986
f 5018//4973 5025//4989 5017//4986
f 5019//1707 5026//4990 5018//4973
f 5028//1707 5019//1707 5020//1707
f 5029//1707 5020//1707 5021//1707
f 5030//1707 5021//1707 5022//1707
f 4846//4841 1102//899 892//889
f 4848//4991 5031//4992 4846//4841
f 4850//4842 5032//4993 4848//4991
f 5034//4994 4850//4842 4851//4843
f 5035//4995 5034//4994 5036//4996
f 4852//4844 5034//4994 4851//4843
f 5037//4997 5036//4996 5038//4998
f 4853//4846 5036//4996 4852//4844
f 5039//4999 4853//4846 4854//5000
f 4856//4848 5039//4999 4854//5000
f 5041//5001 4856//4848 4857//4849
f 4858//5002 5041//5001 4857//4849
f 5043//5003 4858//5002 4859//4851
f 5044//5004 1102//899 5031//4992
f 5045//5005 5031//4992 5032//4993
f 5046//5006 5032//4993 5033//5007
f 5035//4995 5046//5006 5033//5007
f 5037//4997 5047//5008 5035//4995
f 5049//5009 5037//4997 5038//4998
f 5050//5010 5049//5009 5051//5011
f 5039//4999 5049//5009 5038//4998
f 5040//5012 5051//5011 5039//4999
f 5053//5013 5040//5012 5041//5001
f 5054//5014 5053//5013 5055//5015
f 5042//5016 5053//5013 5041//5001
f 5056//5017 5042//5016 5043//5003
f 5058//5018 1127//927 1128//914
f 5044//5004 1128//914 1113//898
f 5059//5019 5058//5018 5060//5020
f 5045//5005 5058//5018 5044//5004
f 5061//5021 5045//5005 5046//5006
f 5062//5022 5046//5006 5047//5008
f 5063//5023 5047//5008 5048//5024
f 5050//5010 5063//5023 5048//5024
f 5065//5025 5050//5010 5051//5011
f 5066//5026 5065//5025 5067//5027
f 5052//5028 5065//5025 5051//5011
f 5054//5014 5067//5027 5052//5028
f 5069//5029 5054//5014 5055//5015
f 5070//5030 5055//5015 5056//5017
f 5057//5031 1140//937 1127//927
f 5059//5019 5071//5032 5057//5031
f 5073//5033 5059//5019 5060//5020
f 5074//5034 5073//5033 5075//5035
f 5061//5021 5073//5033 5060//5020
f 5076//5036 5075//5035 5077//5037
f 5062//5022 5075//5035 5061//5021
f 5078//5038 5062//5022 5063//5023
f 5079//5039 5063//5023 5064//5040
f 5066//5026 5079//5039 5064//5040
f 5081//5041 5066//5026 5067//5027
f 5068//5042 5081//5041 5067//5027
f 5069//5029 5082//5043 5068//5042
f 5084//5044 5069//5029 5070//5030
f 5085//5045 1140//937 5071//5032
f 5086//5046 5071//5032 5072//5047
f 5074//5034 5086//5046 5072//5047
f 5076//5036 5087//5048 5074//5034
f 5089//5049 5076//5036 5077//5037
f 5090//5050 5089//5049 5091//5051
f 5078//5038 5089//5049 5077//5037
f 5079//5039 5091//5051 5078//5038
f 5080//5052 5092//5053 5079//5039
f 5081//5041 5093//5054 5080//5052
f 5082//5043 5094//5055 5081//5041
f 5096//5056 5082//5043 5083//5057
f 5097//5058 1150//936 5085//5045
f 5098//5059 5085//5045 5086//5046
f 5087//5048 5098//5059 5086//5046
f 5100//5060 5087//5048 5088//5061
f 5090//5050 5100//5060 5088//5061
f 5102//5062 5090//5050 5091//5051
f 5103//5063 5102//5062 5104//5064
f 5092//5053 5102//5062 5091//5051
f 5093//5054 5104//5064 5092//5053
f 5106//5065 5093//5054 5094//5055
f 5107//5066 5106//5065 5108//5067
f 5095//5068 5106//5065 5094//5055
f 5109//5069 5095//5068 5096//5056
f 5110//5070 1161//948 5097//5058
f 5111//5071 5097//5058 5098//5059
f 5112//5072 5098//5059 5099//5073
f 5113//5074 5099//5073 5100//5060
f 5114//5075 5100//5060 5101//5076
f 5103//5063 5114//5075 5101//5076
f 5116//5077 5103//5063 5104//5064
f 5117//5078 5116//5077 5118//5079
f 5105//5080 5116//5077 5104//5064
f 5107//5066 5118//5079 5105//5080
f 5120//5081 5107//5066 5108//5067
f 5109//5069 5120//5081 5108//5067
f 5110//5070 1181//1157 1171//958
f 5123//5082 5110//5070 5111//5071
f 5112//5072 5123//5082 5111//5071
f 5125//5083 5112//5072 5113//5074
f 5126//5084 5113//5074 5114//5075
f 5127//5085 5114//5075 5115//5086
f 5117//5078 5127//5085 5115//5086
f 5129//5087 5117//5078 5118//5079
f 5119//5088 5129//5087 5118//5079
f 5120//5081 5130//5089 5119//5088
f 5132//5090 5120//5081 5121//5091
f 4901//4951 5043//5003 4859//4851
f 5134//5092 5043//5003 5133//5093
f 5135//5094 5056//5017 5134//5092
f 5136//5095 5084//5044 5137//5096
f 5135//5094 5084//5044 5070//5030
f 5136//5095 5096//5056 5083//5057
f 5139//5097 5136//5095 5137//5096
f 5140//5098 5096//5056 5138//5099
f 5141//5100 5138//5099 5139//5097
f 5142//5101 5109//5069 5140//5098
f 5143//5102 5140//5098 5141//5100
f 5144//5103 5132//5090 5145//5104
f 5142//5101 5132//5090 5121//5091
f 5146//5105 5142//5101 5143//5102
f 5147//5106 4901//4951 4958//4952
f 4959//4954 5147//5106 4958//4952
f 4960//4955 5148//5107 4959//4954
f 4961//4957 5149//5108 4960//4955
f 4962//4958 5150//5109 4961//4957
f 4963//5110 5151//5111 4962//4958
f 5153//5112 4963//5110 4964//4959
f 5154//5113 4964//4959 4965//5114
f 5155//5115 4965//5114 4966//4961
f 5156//5116 5133//5093 5147//5106
f 5148//5107 5156//5116 5147//5106
f 5149//5108 5157//5117 5148//5107
f 5150//5109 5158//5118 5149//5108
f 5161//5119 5150//5109 5151//5111
f 5161//5119 5160//5120 5159//5121
f 5152//5122 5161//5119 5151//5111
f 5163//5123 5152//5122 5153//5112
f 5164//5124 5153//5112 5154//5113
f 5155//5115 5164//5124 5154//5113
f 5167//5125 5134//5092 5156//5116
f 5168//5126 5156//5116 5157//5117
f 5158//5118 5168//5126 5157//5117
f 5170//5127 5158//5118 5159//5121
f 5160//5120 5170//5127 5159//5121
f 5172//5128 5160//5120 5162//5129
f 5163//5123 5172//5128 5162//5129
f 5174//5130 5163//5123 5164//5124
f 5175//5131 5164//5124 5165//5132
f 5166//5133 5175//5131 5165//5132
f 5177//5134 5135//5094 5167//5125
f 5178//5135 5167//5125 5168//5126
f 5169//5136 5178//5135 5168//5126
f 5170//5127 5179//5137 5169//5136
f 5171//5138 5180//5139 5170//5127
f 5183//5140 5171//5138 5172//5128
f 5183//5140 5182//5141 5181//5142
f 5173//5143 5183//5140 5172//5128
f 5185//5144 5173//5143 5174//5130
f 5186//5145 5174//5130 5175//5131
f 5176//5146 5186//5145 5175//5131
f 5177//5134 5139//5097 5137//5096
f 5178//5135 5188//5147 5177//5134
f 5179//5137 5189//5148 5178//5135
f 5191//5149 5179//5137 5180//5139
f 5181//5142 5191//5149 5180//5139
f 5182//5141 5192//5150 5181//5142
f 5194//5151 5182//5141 5184//5152
f 5185//5144 5194//5151 5184//5152
f 5186//5145 5195//5153 5185//5144
f 5197//5154 5186//5145 5187//5155
f 5188//5147 5141//5100 5139//5097
f 5189//5148 5198//5156 5188//5147
f 5190//5157 5199//5158 5189//5148
f 5201//5159 5190//5157 5191//5149
f 5192//5150 5201//5159 5191//5149
f 5203//5160 5192//5150 5193//5161
f 5204//5162 5203//5160 5205//5163
f 5194//5151 5203//5160 5193//5161
f 5206//5164 5194//5151 5195//5153
f 5207//5165 5195//5153 5196//5166
f 5198//5156 5143//5102 5141//5100
f 5209//5167 5198//5156 5199//5158
f 5200//5168 5209//5167 5199//5158
f 5211//5169 5200//5168 5201//5159
f 5212//5170 5201//5159 5202//5171
f 5213//5172 5211//5169 5214//5173
f 5214//5173 5212//5170 5215//5174
f 5204//5162 5212//5170 5202//5171
f 5216//5175 5204//5162 5205//5163
f 5217//5176 5205//5163 5206//5164
f 5218//5177 5206//5164 5207//5165
f 5208//5178 5146//5105 5143//5102
f 5220//5179 5208//5178 5209//5167
f 5221//5180 5209//5167 5210//5181
f 5222//5182 5220//5179 5223//5183
f 5223//5183 5221//5180 5224//5184
f 5213//5172 5221//5180 5210//5181
f 5225//5185 5213//5172 5214//5173
f 5226//5186 5214//5173 5215//5174
f 5227//5187 5215//5174 5216//5175
f 5228//5188 5216//5175 5217//5176
f 5229//5189 5217//5176 5218//5177
f 5230//5190 4966//4961 5023//4987
f 5231//5191 5023//4987 5024//4988
f 5232//5192 5024//4988 5025//4989
f 5233//5193 5025//4989 5026//4990
f 5234//5194 5026//4990 5027//1707
f 5235//1707 5027//1707 5028//1707
f 5236//1707 5028//1707 5029//1707
f 5237//1707 5029//1707 5030//1707
f 5238//5195 5155//5115 5230//5190
f 5239//5196 5230//5190 5231//5191
f 5240//5197 5231//5191 5232//5192
f 5241//5198 5232//5192 5233//5193
f 5234//5194 5241//5198 5233//5193
f 5243//5199 5234//5194 5235//1707
f 5244//5200 5235//1707 5236//1707
f 5245//5201 5236//1707 5237//1707
f 5246//5202 5165//5132 5238//5195
f 5239//5196 5247//5203 5238//5195
f 5249//5204 5239//5196 5240//5197
f 5250//5205 5240//5197 5241//5198
f 5251//5206 5241//5198 5242//5207
f 5252//5208 5242//5207 5243//5199
f 5253//5209 5243//5199 5244//5200
f 5254//5210 5244//5200 5245//5201
f 5246//5202 5176//5146 5166//5133
f 5246//5202 5247//5203 5255//5211
f 5256//5212 5247//5203 5248//5213
f 5249//5204 5257//5214 5248//5213
f 5259//5215 5249//5204 5250//5205
f 5260//5216 5250//5205 5251//5206
f 5261//5217 5251//5206 5252//5208
f 5253//5209 5261//5217 5252//5208
f 5263//5218 5253//5209 5254//5210
f 5255//5211 5187//5155 5176//5146
f 5256//5212 5264//5219 5255//5211
f 5256//5212 5257//5214 5265//5220
f 5266//5221 5257//5214 5258//5222
f 5259//5215 5268//5223 5258//5222
f 5270//5224 5259//5215 5260//5216
f 5271//5225 5260//5216 5261//5217
f 5262//5226 5271//5225 5261//5217
f 5273//5227 5262//5226 5263//5218
f 5197//5154 5267//5228 5196//5166
f 5264//5219 5197//5154 5187//5155
f 5265//5220 5274//5229 5264//5219
f 5266//5221 5275//5230 5265//5220
f 5266//5221 5268//5223 5276//5231
f 5277//5232 5268//5223 5269//5233
f 5267//5228 5207//5165 5196//5166
f 5270//5224 5279//5234 5269//5233
f 5271//5225 5280//5235 5270//5224
f 5272//5236 5281//5237 5271//5225
f 5283//5238 5272//5236 5273//5227
f 5284//5239 5267//5228 5274//5229
f 5275//5230 5284//5239 5274//5229
f 5276//5231 5285//5240 5275//5230
f 5277//5232 5286//5241 5276//5231
f 5277//5232 5279//5234 5287//5242
f 5288//5243 5279//5234 5280//5235
f 5288//5243 5281//5237 5289//5244
f 5290//5245 5281//5237 5282//5246
f 5278//5247 5218//5177 5207//5165
f 5283//5238 5293//5248 5282//5246
f 5295//5249 5278//5247 5284//5239
f 5295//5249 5292//5250 5291//5251
f 5285//5240 5295//5249 5284//5239
f 5286//5241 5296//5252 5285//5240
f 5287//5242 5297//5253 5286//5241
f 5288//5243 5298//5254 5287//5242
f 5289//5244 5299//5255 5288//5243
f 5290//5245 5300//5256 5289//5244
f 5290//5245 5293//5248 5301//5257
f 5302//5258 5293//5248 5294//5259
f 5303//5260 5218//5177 5291//5251
f 5292//5250 5303//5260 5291//5251
f 5307//5261 5292//5250 5296//5252
f 5307//5261 5305//5262 5304//5263
f 5297//5253 5307//5261 5296//5252
f 5308//5264 5306//5265 5305//5262
f 5298//5254 5308//5264 5297//5253
f 5299//5255 5309//5266 5298//5254
f 5300//5256 5310//5267 5299//5255
f 5301//5257 5311//5268 5300//5256
f 5302//5258 5312//5269 5301//5257
f 5315//5270 1372//1169 1373//1156
f 5122//5271 1373//1156 1181//1157
f 5317//5272 5314//5273 5315//5270
f 5123//5082 5315//5270 5122//5271
f 5318//5274 5317//5272 5319//5275
f 5124//5276 5317//5272 5123//5082
f 5320//5277 5124//5276 5125//5083
f 5321//5278 5125//5083 5126//5084
f 5322//5279 5126//5084 5127//5085
f 5128//5280 5322//5279 5127//5085
f 5129//5087 5323//5281 5128//5280
f 5130//5089 5324//5282 5129//5087
f 5326//5283 5130//5089 5131//5284
f 5314//5273 1384//1180 1372//1169
f 5316//5285 5327//5286 5314//5273
f 5318//5274 5328//5287 5316//5285
f 5330//5288 5318//5274 5319//5275
f 5331//5289 5330//5288 5332//5290
f 5320//5277 5330//5288 5319//5275
f 5333//5291 5332//5290 5334//5292
f 5321//5278 5332//5290 5320//5277
f 5335//5293 5321//5278 5322//5279
f 5323//5281 5335//5293 5322//5279
f 5337//5294 5323//5281 5324//5282
f 5338//5295 5337//5294 5339//5296
f 5325//5297 5337//5294 5324//5282
f 5340//5298 5325//5297 5326//5283
f 5327//5286 1395//1190 1384//1180
f 5342//5299 5327//5286 5328//5287
f 5343//5300 5328//5287 5329//5301
f 5331//5289 5343//5300 5329//5301
f 5333//5291 5344//5302 5331//5289
f 5346//5303 5333//5291 5334//5292
f 5347//5304 5346//5303 5348//5305
f 5335//5293 5346//5303 5334//5292
f 5349//5306 5335//5293 5336//5307
f 5338//5295 5349//5306 5336//5307
f 5351//5308 5338//5295 5339//5296
f 5340//5298 5351//5308 5339//5296
f 5353//5309 1395//1190 5341//5310
f 5354//5311 5341//5310 5342//5299
f 5355//5312 5342//5299 5343//5300
f 5344//5302 5355//5312 5343//5300
f 5345//5313 5356//5314 5344//5302
f 5347//5304 5357//5315 5345//5313
f 5359//5316 5347//5304 5348//5305
f 5349//5306 5359//5316 5348//5305
f 5350//5317 5360//5318 5349//5306
f 5351//5308 5361//5319 5350//5317
f 5363//5320 5351//5308 5352//5321
f 5364//5322 1405//1189 5353//5309
f 5365//5323 5353//5309 5354//5311
f 5366//5324 5354//5311 5355//5312
f 5367//5325 5355//5312 5356//5314
f 5357//5315 5367//5325 5356//5314
f 5358//5326 5368//5327 5357//5315
f 5370//5328 5358//5326 5359//5316
f 5371//5329 5370//5328 5372//5330
f 5360//5318 5370//5328 5359//5316
f 5373//5331 5360//5318 5361//5319
f 5374//5332 5361//5319 5362//5333
f 5375//5334 1415//1210 5364//5322
f 5376//5335 5364//5322 5365//5323
f 5377//5336 5365//5323 5366//5324
f 5378//5337 5366//5324 5367//5325
f 5379//5338 5367//5325 5368//5327
f 5380//5339 5368//5327 5369//5340
f 5371//5329 5380//5339 5369//5340
f 5382//5341 5371//5329 5372//5330
f 5373//5331 5382//5341 5372//5330
f 5384//5342 5373//5331 5374//5332
f 5385//5343 1426//1220 5375//5334
f 5386//5344 5375//5334 5376//5335
f 5387//5345 5376//5335 5377//5336
f 5388//5346 5377//5336 5378//5337
f 5389//5347 5378//5337 5379//5338
f 5390//5348 5379//5338 5380//5339
f 5381//5349 5390//5348 5380//5339
f 5382//5341 5391//5350 5381//5349
f 5383//5351 5392//5352 5382//5341
f 5394//5353 5383//5351 5384//5342
f 5395//5354 1436//1230 5385//5343
f 5396//5355 5385//5343 5386//5344
f 5397//5356 5386//5344 5387//5345
f 5398//5357 5387//5345 5388//5346
f 5399//5358 5388//5346 5389//5347
f 5400//5359 5389//5347 5390//5348
f 5391//5350 5400//5359 5390//5348
f 5392//5352 5401//5360 5391//5350
f 5393//5361 5402//5362 5392//5352
f 5404//5363 5393//5361 5394//5353
f 5144//5103 5326//5283 5131//5284
f 5406//5364 5144//5103 5145//5104
f 5146//5105 5406//5364 5145//5104
f 5408//5365 5326//5283 5405//5366
f 5409//5367 5405//5366 5406//5364
f 5407//5368 5409//5367 5406//5364
f 5408//5365 5352//5321 5340//5298
f 5412//5369 5408//5365 5409//5367
f 5410//5370 5412//5369 5409//5367
f 5414//5371 5363//5320 5415//5372
f 5411//5373 5363//5320 5352//5321
f 5416//5374 5411//5373 5412//5369
f 5417//5375 5412//5369 5413//5376
f 5414//5371 5374//5332 5362//5333
f 5420//5377 5414//5371 5415//5372
f 5416//5374 5420//5377 5415//5372
f 5422//5378 5416//5374 5417//5375
f 5418//5379 5422//5378 5417//5375
f 5424//5380 5374//5332 5419//5381
f 5425//5382 5419//5381 5420//5377
f 5421//5383 5425//5382 5420//5377
f 5427//5384 5421//5383 5422//5378
f 5423//5385 5427//5384 5422//5378
f 5429//5386 5384//5342 5424//5380
f 5425//5382 5429//5386 5424//5380
f 5426//5387 5430//5388 5425//5382
f 5432//5389 5426//5387 5427//5384
f 5433//5390 5432//5389 5434//5391
f 5428//5392 5432//5389 5427//5384
f 5435//5393 5394//5353 5429//5386
f 5436//5394 5429//5386 5430//5388
f 5437//5395 5430//5388 5431//5396
f 5433//5390 5437//5395 5431//5396
f 5439//5397 5433//5390 5434//5391
f 5440//5398 5146//5105 5219//5399
f 5222//5182 5440//5398 5219//5399
f 5442//5400 5222//5182 5223//5183
f 5443//5401 5223//5183 5224//5184
f 5225//5185 5443//5401 5224//5184
f 5445//5402 5225//5185 5226//5186
f 5446//5403 5226//5186 5227//5187
f 5447//5404 5227//5187 5228//5188
f 5448//5405 5228//5188 5229//5189
f 5440//5398 5410//5370 5407//5368
f 5441//5406 5449//5407 5440//5398
f 5451//5408 5441//5406 5442//5400
f 5452//5409 5442//5400 5443//5401
f 5444//5410 5452//5409 5443//5401
f 5454//5411 5444//5410 5445//5402
f 5455//5412 5445//5402 5446//5403
f 5456//5413 5446//5403 5447//5404
f 5457//5414 5447//5404 5448//5405
f 5458//5415 5410//5370 5449//5407
f 5450//5416 5458//5415 5449//5407
f 5451//5408 5459//5417 5450//5416
f 5461//5418 5451//5408 5452//5409
f 5462//5419 5452//5409 5453//5420
f 5463//5421 5453//5420 5454//5411
f 5464//5422 5454//5411 5455//5412
f 5465//5423 5455//5412 5456//5413
f 5466//5424 5456//5413 5457//5414
f 5467//5425 5413//5376 5458//5415
f 5418//5379 5467//5425 5468//5426
f 5459//5417 5467//5425 5458//5415
f 5469//5427 5459//5417 5460//5428
f 5470//5429 5460//5428 5461//5418
f 5462//5419 5470//5429 5461//5418
f 5463//5421 5471//5430 5462//5419
f 5464//5422 5472//5431 5463//5421
f 5465//5423 5473//5432 5464//5422
f 5466//5424 5474//5433 5465//5423
f 5476//5434 5418//5379 5468//5426
f 5469//5427 5476//5434 5468//5426
f 5470//5429 5477//5435 5469//5427
f 5471//5430 5478//5436 5470//5429
f 5472//5431 5479//5437 5471//5430
f 5473//5432 5480//5438 5472//5431
f 5474//5433 5481//5439 5473//5432
f 5483//5440 5474//5433 5475//5441
f 5484//5442 5423//5385 5476//5434
f 5477//5435 5484//5442 5476//5434
f 5478//5436 5485//5443 5477//5435
f 5487//5444 5478//5436 5479//5437
f 5480//5438 5487//5444 5479//5437
f 5489//5445 5480//5438 5481//5439
f 5490//5446 5481//5439 5482//5447
f 5483//5440 5490//5446 5482//5447
f 5492//5448 5428//5392 5484//5442
f 5493//5449 5484//5442 5485//5443
f 5494//5450 5485//5443 5486//5451
f 5495//5452 5486//5451 5487//5444
f 5496//5453 5487//5444 5488//5454
f 5489//5445 5496//5453 5488//5454
f 5490//5446 5497//5455 5489//5445
f 5491//5456 5498//5457 5490//5446
f 5500//5458 5434//5391 5492//5448
f 5501//5459 5492//5448 5493//5449
f 5494//5450 5501//5459 5493//5449
f 5495//5452 5502//5460 5494//5450
f 5496//5453 5503//5461 5495//5452
f 5505//5462 5496//5453 5497//5455
f 5506//5463 5497//5455 5498//5457
f 5507//5464 5498//5457 5499//5465
f 5508//5466 5229//5189 5303//5260
f 5509//5467 5303//5260 5304//5263
f 5305//5262 5509//5467 5304//5263
f 5306//5265 5510//5468 5305//5262
f 5516//5469 5306//5265 5309//5266
f 5516//5469 5512//5470 5511//5471
f 5310//5267 5516//5469 5309//5266
f 5517//5472 5513//5473 5512//5470
f 5311//5268 5517//5472 5310//5267
f 5519//5474 5513//5473 5518//5475
f 5312//5269 5518//5475 5311//5268
f 5520//5476 5514//5477 5519//5474
f 5313//5478 5519//5474 5312//5269
f 5521//5479 5448//5405 5508//5466
f 5522//5480 5508//5466 5509//5467
f 5523//5481 5509//5467 5510//5468
f 5524//5482 5510//5468 5511//5471
f 5512//5470 5524//5482 5511//5471
f 5513//5473 5525//5483 5512//5470
f 5527//5484 5513//5473 5514//5477
f 5515//5485 5527//5484 5514//5477
f 5529//5486 5457//5414 5521//5479
f 5530//5487 5521//5479 5522//5480
f 5531//5488 5522//5480 5523//5481
f 5532//5489 5523//5481 5524//5482
f 5533//5490 5524//5482 5525//5483
f 5534//5491 5525//5483 5526//5492
f 5535//5493 5526//5492 5527//5484
f 5536//5494 5527//5484 5528//5495
f 5529//5486 5475//5441 5466//5424
f 5538//5496 5529//5486 5530//5487
f 5539//5497 5530//5487 5531//5488
f 5540//5498 5531//5488 5532//5489
f 5541//5499 5532//5489 5533//5490
f 5542//5500 5533//5490 5534//5491
f 5543//5501 5534//5491 5535//5493
f 5536//5494 5543//5501 5535//5493
f 5537//5502 5483//5440 5475//5441
f 5546//5503 5537//5502 5538//5496
f 5547//5504 5538//5496 5539//5497
f 5548//5505 5539//5497 5540//5498
f 5549//5506 5540//5498 5541//5499
f 5542//5500 5549//5506 5541//5499
f 5543//5501 5550//5507 5542//5500
f 5544//5508 5551//5509 5543//5501
f 5545//5510 5491//5456 5483//5440
f 5554//5511 5545//5510 5546//5503
f 5555//5512 5546//5503 5547//5504
f 5556//5513 5547//5504 5548//5505
f 5557//5514 5548//5505 5549//5506
f 5550//5507 5557//5514 5549//5506
f 5551//5509 5558//5515 5550//5507
f 5552//5516 5559//5517 5551//5509
f 5553//5518 5499//5465 5491//5456
f 5562//5519 5553//5518 5554//5511
f 5563//5520 5554//5511 5555//5512
f 5564//5521 5555//5512 5556//5513
f 5565//5522 5556//5513 5557//5514
f 5566//5523 5557//5514 5558//5515
f 5567//5524 5558//5515 5559//5517
f 5568//5525 5559//5517 5560//5526
f 5569//5527 5499//5465 5561//5528
f 5562//5519 5569//5527 5561//5528
f 5563//5520 5570//5529 5562//5519
f 5564//5521 5571//5530 5563//5520
f 5565//5522 5572//5531 5564//5521
f 5566//5523 5573//5532 5565//5522
f 5575//5533 5566//5523 5567//5524
f 5576//5534 5567//5524 5568//5525
f 5577//5535 1446//1551 5395//5354
f 5578//5536 5395//5354 5396//5355
f 5579//5537 5396//5355 5397//5356
f 5580//5538 5397//5356 5398//5357
f 5581//5539 5398//5357 5399//5358
f 5582//5540 5399//5358 5400//5359
f 5401//5360 5582//5540 5400//5359
f 5402//5362 5583//5541 5401//5360
f 5403//5542 5584//5543 5402//5362
f 5586//5544 5403//5542 5404//5363
f 5587//5545 1771//1569 5577//5535
f 5588//5546 1792//1571 1791//1572
f 5590//5547 5577//5535 5578//5536
f 5591//5548 5589//5549 5588//5546
f 5593//5550 5578//5536 5579//5537
f 5595//5551 5591//5548 5594//5552
f 5580//5538 5593//5550 5579//5537
f 5598//5553 5594//5552 5597//5554
f 5581//5539 5596//5555 5580//5538
f 5600//5556 5598//5553 5597//5554
f 5582//5540 5599//5557 5581//5539
f 5583//5541 5602//5558 5582//5540
f 5604//5559 5583//5541 5584//5543
f 5605//5560 5604//5559 5606//5561
f 5585//5562 5604//5559 5584//5543
f 5607//5563 5585//5562 5586//5544
f 5608//5564 1790//1605 5587//5545
f 5609//5565 1791//1608 1815//1609
f 5589//5566 1816//1648 1792//1610
f 5611//5567 5587//5545 5590//5547
f 5612//5568 5608//5569 5611//5570
f 5612//5571 5588//5572 5609//5565
f 5592//5573 5610//5574 5589//5566
f 5614//5575 5590//5547 5593//5550
f 5614//5576 5612//5568 5611//5570
f 5615//5577 5591//5578 5612//5571
f 5595//5579 5613//5580 5592//5573
f 5596//5555 5614//5575 5593//5550
f 5617//5581 5615//5582 5614//5576
f 5597//5583 5615//5577 5618//5584
f 5598//5585 5616//5586 5595//5579
f 5599//5557 5617//5587 5596//5555
f 5620//5588 5618//5589 5617//5581
f 5600//5590 5618//5584 5621//5591
f 5622//5592 5600//5593 5621//5594
f 5601//5595 5619//5596 5598//5585
f 5623//5597 5599//5557 5602//5558
f 5624//5598 5622//5599 5621//5600
f 5626//5601 5602//5558 5603//5602
f 5605//5560 5626//5601 5603//5602
f 5628//5603 5605//5560 5606//5561
f 5607//5563 5628//5603 5606//5561
f 5630//5604 1814//5605 5608//5564
f 5631//5606 1836//5607 5630//5608
f 5609//5609 5630//5610 5608//5611
f 5631//5612 1815//1609 1837//5613
f 5610//5574 1838//1647 1816//1648
f 5613//5580 5632//1647 5610//5574
f 5634//5614 5613//5580 5616//5586
f 5635//5615 5616//5586 5619//5596
f 5637//5616 5620//5617 5636//5618
f 5638//5619 5619//5596 5622//5620
f 5623//5597 5636//5621 5620//5622
f 5639//5623 5637//5624 5636//5625
f 5624//5626 5637//5627 5640//5628
f 5625//5629 5640//5630 5641//5631
f 5625//5632 5638//5619 5622//5620
f 5626//5601 5639//5633 5623//5597
f 5642//5634 5640//5635 5639//5623
f 5643//5636 5641//5637 5640//5635
f 5648//5638 5626//5601 5627//5639
f 5648//5640 5643//5636 5642//5634
f 5628//5603 5648//5638 5627//5639
f 5649//5641 5644//5642 5643//5636
f 5629//5643 5649//5644 5628//5603
f 5650//5645 5645//5646 5644//5642
f 5651//5647 5646//5648 5645//5646
f 5652//5649 5647//5650 5646//5648
f 5654//1673 1838//1647 5632//1647
f 5655//1673 5632//1647 5633//5651
f 5656//5652 5633//5651 5634//5614
f 5657//5653 5634//5614 5635//5615
f 5658//5654 5635//5615 5638//5619
f 5659//5655 5638//5619 5641//5656
f 5663//5657 5641//5658 5644//5659
f 5663//5660 5660//5661 5659//5662
f 5645//5646 5663//5660 5644//5642
f 5664//5663 5661//5664 5660//5661
f 5646//5648 5664//5663 5645//5646
f 5665//5665 5662//5666 5661//5664
f 5647//5650 5665//5665 5646//5648
f 5667//1700 1855//1673 5654//1673
f 5668//1700 5654//1673 5655//1673
f 5656//5652 5668//1700 5655//1673
f 5670//5667 5656//5652 5657//5653
f 5671//5668 5657//5653 5658//5654
f 5672//5669 5658//5654 5659//5655
f 5660//5670 5672//5671 5659//5672
f 5674//5673 5660//5670 5661//5664
f 5675//5674 5661//5664 5662//5666
f 5676//1724 1877//1700 5667//1700
f 5677//1724 5667//1700 5668//1700
f 5678//1724 5668//1700 5669//5675
f 5679//5676 5669//5675 5670//5667
f 5680//5677 5670//5667 5671//5668
f 5681//5678 5671//5668 5672//5669
f 5673//5679 5681//5680 5672//5671
f 5683//5681 5673//5679 5674//5673
f 5684//5682 5674//5673 5675//5674
f 5685//1717 1898//1724 5676//1724
f 5686//1717 5676//1724 5677//1724
f 5687//1717 5677//1724 5678//1724
f 5688//5683 5678//1724 5679//5676
f 5689//5684 5679//5676 5680//5677
f 5690//5685 5680//5677 5681//5678
f 5691//5686 5681//5680 5682//5687
f 5692//5688 5682//5687 5683//5681
f 5693//5689 5683//5681 5684//5682
f 5697//5690 1964//1792 1963//1793
f 5694//5691 1964//1792 5698//5692
f 5699//5693 5698//5692 5697//5690
f 5695//5694 5698//5692 5700//5695
f 5701//5696 5700//5695 5699//5693
f 5696//5697 5700//5695 5702//5698
f 5653//5699 5706//5700 5647//5650
f 5714//5701 5707//5702 5706//5700
f 5715//5703 5708//5704 5707//5702
f 5716//5705 5709//5706 5708//5704
f 5718//5707 5709//5706 5717//5708
f 5719//5709 5710//5710 5718//5707
f 5720//5711 5711//5712 5719//5709
f 5721//5713 5712//5714 5720//5711
f 5697//5690 1976//1807 5722//5715
f 5699//5693 5722//5715 5723//5716
f 5701//5696 5723//5716 5724//5717
f 5725//5718 5701//5696 5724//5717
f 5726//5719 5725//5718 5724//5717
f 5703//5720 5725//5718 5727//5721
f 5729//5722 5726//5719 5728//5723
f 5704//5724 5727//5721 5729//5722
f 5737//5725 5728//5723 5736//5726
f 5705//5727 5729//5722 5737//5725
f 5666//5728 5730//5729 5662//5666
f 5738//5730 5647//5650 5706//5700
f 5739//5730 5730//5729 5738//5730
f 5707//5702 5738//5730 5706//5700
f 5740//5730 5731//5731 5739//5730
f 5708//5704 5739//5730 5707//5702
f 5741//5732 5732//5731 5740//5730
f 5709//5706 5740//5730 5708//5704
f 5742//5733 5733//5734 5741//5732
f 5710//5710 5741//5732 5709//5706
f 5743//5735 5734//5736 5742//5733
f 5711//5712 5742//5733 5710//5710
f 5744//5737 5735//5738 5743//5735
f 5712//5714 5743//5735 5711//5712
f 5745//5739 5736//5726 5744//5737
f 5745//5739 5712//5714 5713//5740
f 5745//5739 5705//5727 5737//5725
f 5722//5715 1990//1822 5746//5741
f 5723//5716 5746//5741 5747//5742
f 5748//5743 5723//5716 5747//5742
f 5726//5719 5748//5743 5749//5744
f 5728//5723 5749//5744 5750//5745
f 5751//5746 5662//5666 5730//5729
f 5752//5747 5730//5729 5731//5731
f 5753//5747 5731//5731 5732//5731
f 5733//5734 5753//5747 5732//5731
f 5755//5748 5733//5734 5734//5736
f 5756//5749 5734//5736 5735//5738
f 5757//5750 5735//5738 5736//5751
f 5757//5752 5728//5723 5750//5745
f 5746//5741 2008//1844 5758//5753
f 5747//5742 5758//5753 5759//5754
f 5760//5755 5747//5742 5759//5754
f 5749//5744 5760//5755 5761//5756
f 5750//5745 5761//5756 5762//5757
f 5763//5758 5675//5674 5751//5746
f 5764//5759 5751//5746 5752//5747
f 5765//5759 5752//5747 5753//5747
f 5754//5760 5765//5759 5753//5747
f 5755//5748 5766//5761 5754//5760
f 5768//5762 5755//5748 5756//5749
f 5769//5763 5756//5749 5757//5750
f 5769//5764 5750//5745 5762//5757
f 5758//5753 2032//1874 5770//1874
f 5759//5754 5770//1874 5771//5765
f 5772//5766 5759//5754 5771//5765
f 5761//5756 5772//5766 5773//5767
f 5762//5757 5773//5767 5774//5768
f 5775//5769 5684//5682 5763//5758
f 5776//5770 5763//5758 5764//5759
f 5777//5770 5764//5759 5765//5759
f 5778//5771 5765//5759 5766//5761
f 5767//5772 5778//5771 5766//5761
f 5768//5762 5779//5773 5767//5772
f 5769//5763 5780//5774 5768//5762
f 5781//5775 5762//5757 5774//5768
f 5782//5776 1937//1794 5694//5691
f 5783//5777 2089//1905 5782//5776
f 5784//5778 2090//1906 5783//5777
f 5784//5778 2092//1909 2091//1907
f 5786//5779 2092//1909 5785//5780
f 5787//5781 2093//1908 5786//5779
f 5788//1694 2094//1910 5787//5781
f 5789//1694 2095//1694 5788//1694
f 5695//5694 5782//5776 5694//5691
f 5791//5782 5782//5776 5790//5783
f 5792//5784 5783//5777 5791//5782
f 5792//5784 5785//5780 5784//5778
f 5794//5785 5785//5780 5793//5786
f 5795//5787 5786//5779 5794//5785
f 5796//5788 5787//5781 5795//5787
f 5797//1904 5788//1694 5796//5788
f 5798//5789 5695//5694 5696//5790
f 5799//5791 5794//5785 5793//5786
f 5800//5792 5795//5787 5794//5785
f 5801//5793 5796//5788 5795//5787
f 5803//5794 5796//5788 5802//5795
f 5804//5796 5800//5792 5799//5791
f 5805//5797 5801//5793 5800//5792
f 5807//5798 5801//5793 5806//5799
f 5807//5798 5803//5794 5802//5795
f 5809//5800 5805//5797 5804//5796
f 5810//5801 5806//5799 5805//5797
f 5811//5802 5807//5798 5806//5799
f 5812//5803 5808//5804 5807//5798
f 5814//5805 5810//5801 5809//5800
f 5815//5806 5811//5802 5810//5801
f 5816//5807 5812//5803 5811//5802
f 5817//5808 5813//5809 5812//5803
f 5791//5782 5819//5810 5820//5811
f 5821//5812 5791//5782 5820//5811
f 5822//5813 5792//5784 5821//5812
f 5823//5814 5696//5815 5702//5816
f 5798//5789 5819//5810 5790//5783
f 5824//5817 5819//5810 5823//5814
f 5824//5817 5821//5812 5820//5811
f 5825//5818 5822//5813 5821//5812
f 5799//5791 5822//5813 5826//5819
f 5703//5820 5823//5821 5702//5822
f 5828//5823 5826//5819 5825//5818
f 5829//5824 5799//5791 5826//5819
f 5704//5825 5827//5826 5703//5820
f 5831//5827 5829//5824 5828//5823
f 5809//5800 5829//5824 5832//5828
f 5833//5829 5704//5825 5705//5727
f 5834//5830 5832//5828 5831//5827
f 5814//5805 5832//5828 5835//5831
f 5836//5832 5814//5805 5835//5831
f 5837//5833 5815//5806 5836//5832
f 5838//5834 5816//5807 5837//5833
f 5818//5835 5838//5834 5839//5836
f 5840//5837 5705//5727 5713//5740
f 5841//5838 5836//5832 5835//5831
f 5842//5839 5837//5833 5836//5832
f 5843//5840 5838//5834 5837//5833
f 5845//5841 5838//5834 5844//5842
f 5721//5713 5840//5837 5713//5740
f 5824//5817 5848//5843 5849//5844
f 5850//5845 5824//5846 5849//5847
f 5827//5848 5848//5843 5823//5814
f 5852//5849 5848//5843 5851//5850
f 5828//5851 5850//5852 5853//5853
f 5830//5854 5851//5850 5827//5848
f 5855//5855 5851//5850 5854//5856
f 5856//5857 5828//5851 5853//5853
f 5858//5858 5830//5854 5833//5829
f 5858//5858 5855//5855 5854//5856
f 5860//5859 5831//5860 5856//5857
f 5860//5861 5857//5862 5861//5863
f 5861//5864 5834//5865 5860//5866
f 5866//5867 5833//5829 5840//5837
f 5866//5867 5859//5868 5858//5858
f 5870//5869 5835//5870 5861//5871
f 5870//5872 5862//5873 5871//5874
f 5871//5875 5841//5876 5870//5877
f 5871//5874 5863//5878 5873//5879
f 5843//5880 5871//5875 5873//5880
f 5873//5879 5864//5881 5875//5882
f 5875//5883 5843//5880 5873//5880
f 5875//5882 5865//5884 5877//5885
f 5877//5886 5844//5887 5875//5883
f 5879//5888 5840//5837 5846//5889
f 5879//5888 5867//5890 5866//5867
f 5847//5891 5879//5888 5846//5889
f 5881//5892 5867//5890 5880//5893
f 5881//5892 5869//5894 5868//5895
f 5882//5896 5872//5897 5869//5894
f 5884//5898 5872//5897 5883//5899
f 5885//5900 5874//5901 5884//5898
f 5886//5902 5876//5903 5885//5900
f 5850//5904 5887//5905 5888//5906
f 5852//5849 5887//5907 5849//5844
f 5891//5908 5850//5909 5888//5910
f 5891//5908 5889//5911 5892//5912
f 5897//5913 5852//5849 5855//5855
f 5898//5914 5853//5915 5891//5908
f 5898//5914 5892//5912 5899//5916
f 5857//5862 5898//5914 5899//5916
f 5899//5916 5893//5917 5900//5918
f 5900//5918 5894//5919 5901//5920
f 5901//5920 5895//5921 5902//5922
f 5902//5922 5896//5923 5903//5924
f 5904//5925 5855//5855 5859//5868
f 5907//5926 5857//5862 5899//5916
f 5907//5926 5900//5918 5908//5927
f 5862//5873 5907//5926 5908//5927
f 5908//5927 5901//5920 5910//5928
f 5863//5878 5908//5927 5910//5928
f 5910//5928 5902//5922 5912//5929
f 5912//5929 5863//5878 5910//5928
f 5912//5929 5903//5924 5914//5930
f 5914//5930 5864//5881 5912//5929
f 5916//5931 5859//5868 5867//5890
f 5916//5932 5905//5933 5904//5934
f 5868//5895 5916//5932 5867//5890
f 5917//5935 5906//5936 5905//5933
f 5869//5894 5917//5935 5868//5895
f 5918//5937 5909//5938 5906//5936
f 5872//5897 5918//5937 5869//5894
f 5919//5939 5911//5940 5909//5938
f 5920//5941 5872//5897 5874//5901
f 5920//5941 5913//5942 5911//5940
f 5921//5943 5874//5901 5876//5903
f 5921//5943 5915//5944 5913//5942
f 5922//5945 5876//5903 5878//5946
f 5927//5947 5923//5948 5924//5949
f 5888//5906 5926//5950 5927//5947
f 5927//5947 5925//5951 5928//5952
f 5889//5911 5927//5947 5928//5952
f 5933//5953 5887//5907 5890//5954
f 5936//5955 5889//5911 5928//5952
f 5936//5955 5929//5956 5937//5957
f 5893//5917 5936//5955 5937//5957
f 5937//5957 5930//5958 5939//5959
f 5894//5919 5937//5957 5939//5959
f 5939//5959 5931//5960 5941//5961
f 5941//5961 5894//5919 5939//5959
f 5941//5961 5932//5962 5943//5963
f 5943//5963 5895//5921 5941//5961
f 5945//5964 5890//5954 5897//5913
f 5945//5965 5934//5966 5933//5967
f 5946//5968 5935//5969 5934//5966
f 5947//5970 5938//5971 5935//5969
f 5948//5972 5940//5973 5938//5971
f 5949//5974 5942//5975 5940//5973
f 5950//5976 5944//5977 5942//5975
f 5952//5978 5897//5913 5904//5925
f 5952//5979 5946//5968 5945//5965
f 5905//5933 5952//5979 5904//5934
f 5953//5980 5947//5970 5946//5968
f 5906//5936 5953//5980 5905//5933
f 5954//5981 5948//5972 5947//5970
f 5955//5982 5906//5936 5909//5938
f 5955//5982 5949//5974 5948//5972
f 5956//5983 5909//5938 5911//5940
f 5956//5983 5950//5976 5949//5974
f 5957//5984 5911//5940 5913//5942
f 5957//5984 5951//5985 5950//5976
f 5958//5986 5913//5942 5915//5944
f 5959//5987 2106//1919 5960//5988
f 5967//5989 5959//5987 5960//5988
f 5924//5949 5966//5990 5967//5991
f 5967//5989 5961//5992 5969//5993
f 5925//5951 5967//5994 5969//5995
f 5970//5996 5961//5992 5962//5997
f 5971//5998 5962//5997 5963//5999
f 5971//5998 5964//6000 5972//6001
f 5972//6001 5965//6002 5973//6003
f 5974//6004 5923//6005 5926//6006
f 5974//6007 5968//6008 5966//6009
f 5975//6010 5969//6011 5968//6012
f 5976//6013 5925//6014 5969//6015
f 5929//6016 5976//6017 5977//6018
f 5930//6019 5977//6018 5978//6020
f 5931//6021 5978//6020 5979//6022
f 5932//6023 5979//6022 5980//6024
f 5982//6025 5926//6006 5933//5953
f 5982//6026 5975//6010 5974//6007
f 5934//5966 5982//6026 5933//5967
f 5983//6027 5976//6028 5975//6010
f 5984//6029 5934//5966 5935//5969
f 5984//6030 5977//6031 5976//6028
f 5985//6032 5935//5969 5938//5971
f 5985//6033 5978//6034 5977//6031
f 5986//6035 5938//5971 5940//5973
f 5986//6036 5979//6037 5978//6034
f 5987//6038 5940//5973 5942//5975
f 5987//6039 5980//6040 5979//6037
f 5988//6041 5942//5975 5944//5977
f 5989//6042 5404//5363 5435//5393
f 5990//6043 5435//5393 5436//5394
f 5991//6044 5436//5394 5437//5395
f 5992//6045 5437//5395 5438//6046
f 5993//6047 5438//6046 5439//5397
f 5994//6048 5586//5544 5989//6042
f 5995//6049 5989//6042 5990//6043
f 5991//6044 5995//6049 5990//6043
f 5998//6050 5991//6044 5992//6045
f 5998//6050 5997//6051 5996//6052
f 5993//6047 5998//6050 5992//6045
f 6000//6053 5607//5563 5994//6048
f 6001//6054 5994//6048 5995//6049
f 6002//6055 5995//6049 5996//6052
f 5997//6051 6002//6055 5996//6052
f 6004//6056 5629//5643 6000//6053
f 6004//6057 5651//5647 5650//5645
f 6001//6054 6004//6056 6000//6053
f 6005//6058 5652//5649 5651//5647
f 6006//6059 6001//6054 6002//6055
f 6006//6060 5653//5699 5652//5649
f 6007//6061 6002//6055 6003//6062
f 5500//5458 5993//6047 5439//5397
f 6009//6063 5500//5458 5501//5459
f 5502//5460 6009//6063 5501//5459
f 5503//5461 6010//6064 5502//5460
f 6012//6065 5503//5461 5504//6066
f 5505//5462 6012//6065 5504//6066
f 6014//6067 5505//5462 5506//5463
f 6015//6068 5506//5463 5507//5464
f 5999//6069 6016//6070 5997//6051
f 6008//6071 5999//6069 5993//6047
f 6018//6072 6008//6071 6009//6063
f 6019//6073 6009//6063 6010//6064
f 6020//6074 6010//6064 6011//6075
f 6021//6076 6011//6075 6012//6065
f 6022//6077 6012//6065 6013//6078
f 6023//6079 6013//6078 6014//6067
f 6015//6068 6023//6079 6014//6067
f 6016//6070 6003//6062 5997//6051
f 6033//6080 6016//6070 6017//6081
f 6033//6080 6026//6082 6025//6083
f 6018//6072 6033//6080 6017//6081
f 6034//6084 6027//6085 6026//6082
f 6019//6073 6034//6084 6018//6072
f 6035//6086 6028//6087 6027//6085
f 6036//6088 6019//6073 6020//6074
f 6036//6088 6029//6089 6028//6087
f 6037//6090 6020//6074 6021//6076
f 6037//6090 6030//6091 6029//6089
f 6038//6092 6021//6076 6022//6077
f 6038//6092 6031//6093 6030//6091
f 6039//6094 6022//6077 6023//6079
f 6040//6095 6031//6093 6039//6094
f 6024//6096 6039//6094 6023//6079
f 6007//6061 5714//5701 5653//5699
f 6041//6097 6003//6062 6025//6083
f 6042//6098 5714//5701 6041//6097
f 6026//6082 6041//6097 6025//6083
f 6043//6099 5715//5703 6042//6098
f 6027//6085 6042//6098 6026//6082
f 6043//6099 5717//5708 5716//5705
f 6044//6100 6027//6085 6028//6087
f 6044//6100 5718//5707 5717//5708
f 6045//6101 6028//6087 6029//6089
f 6045//6101 5719//5709 5718//5707
f 6046//6102 6029//6089 6030//6091
f 6047//6103 5719//5709 6046//6102
f 6047//6103 6030//6091 6031//6093
f 6048//6104 5720//5711 6047//6103
f 6032//6105 6047//6103 6031//6093
f 6049//6106 5507//5464 5569//5527
f 5570//5529 6049//6106 5569//5527
f 6051//6107 5570//5529 5571//5530
f 5572//5531 6051//6107 5571//5530
f 5573//5532 6052//6108 5572//5531
f 5574//6109 6053//6110 5573//5532
f 6055//6111 5574//6109 5575//5533
f 5576//5534 6055//6111 5575//5533
f 6049//6106 6024//6096 6015//6068
f 6058//6112 6049//6106 6050//6113
f 6051//6107 6058//6112 6050//6113
f 6060//6114 6051//6107 6052//6108
f 6061//6115 6052//6108 6053//6110
f 6062//6116 6053//6110 6054//6117
f 6063//6118 6054//6117 6055//6111
f 6056//6119 6063//6118 6055//6111
f 6073//6120 6032//6105 6040//6095
f 6057//6121 6040//6095 6024//6096
f 6074//6122 6065//6123 6073//6120
f 6058//6112 6073//6120 6057//6121
f 6074//6122 6067//6124 6066//6125
f 6059//6126 6074//6122 6058//6112
f 6075//6127 6068//6128 6067//6124
f 6076//6129 6059//6126 6060//6114
f 6076//6129 6069//6130 6068//6128
f 6077//6131 6060//6114 6061//6115
f 6077//6131 6070//6132 6069//6130
f 6078//6133 6061//6115 6062//6116
f 6078//6133 6071//6134 6070//6132
f 6079//6135 6062//6116 6063//6118
f 6080//6136 6071//6134 6079//6135
f 6064//6137 6079//6135 6063//6118
f 6081//6138 5721//5713 6048//6104
f 6065//6123 6048//6104 6032//6105
f 6081//6138 5847//5891 5846//5889
f 6066//6125 6081//6138 6065//6123
f 6083//6139 6066//6125 6067//6124
f 6084//6140 6067//6124 6068//6128
f 6085//6141 6068//6128 6069//6130
f 6086//6142 6069//6130 6070//6132
f 6087//6143 6070//6132 6071//6134
f 6072//6144 6087//6143 6071//6134
f 6089//6145 5847//5891 6082//6146
f 6089//6145 5881//5892 5880//5893
f 6083//6139 6089//6145 6082//6146
f 6090//6147 5882//5896 5881//5892
f 6084//6140 6090//6147 6083//6139
f 6091//6148 5883//5899 5882//5896
f 6085//6141 6091//6148 6084//6140
f 6093//6149 5883//5899 6092//6150
f 6093//6149 6085//6141 6086//6142
f 6094//6151 5884//5898 6093//6149
f 6094//6151 6086//6142 6087//6143
f 6095//6152 5885//5900 6094//6151
f 6088//6153 6094//6151 6087//6143
f 6096//1717 1914//1717 5685//1717
f 6097//1717 5685//1717 5686//1717
f 6098//1717 5686//1717 5687//1717
f 6099//6154 5687//1717 5688//5683
f 6100//6155 5688//5683 5689//5684
f 6101//6156 5689//5684 5690//5685
f 5691//5686 6101//6157 5690//6158
f 6103//6159 5691//5686 5692//5688
f 6104//6160 5692//5688 5693//5689
f 6105//6161 2175//1717 6096//1717
f 6106//6161 6096//1717 6097//1717
f 6107//6162 6097//1717 6098//1717
f 6108//6163 6098//1717 6099//6154
f 6109//6164 6099//6154 6100//6155
f 6110//6165 6100//6155 6101//6156
f 6102//6166 6110//6167 6101//6157
f 6103//6159 6111//6168 6102//6166
f 6113//6169 6103//6159 6104//6160
f 6105//6161 2197//2022 2187//2011
f 6115//6170 6105//6161 6106//6161
f 6116//6171 6106//6161 6107//6162
f 6117//6172 6107//6162 6108//6163
f 6118//6173 6108//6163 6109//6164
f 6122//6174 6109//6164 6110//6165
f 6122//6175 6119//6176 6118//6177
f 6111//6168 6122//6175 6110//6167
f 6124//6178 6119//6176 6123//6179
f 6112//6180 6123//6179 6111//6168
f 6125//6181 6120//6182 6124//6178
f 6113//6169 6124//6178 6112//6180
f 6114//6183 2206//6184 2197//2022
f 6126//6185 2207//2024 2206//2025
f 6127//6186 2208//2026 2207//2024
f 6128//6187 2209//2160 2208//2026
f 6115//6170 6126//6188 6114//6183
f 6130//6189 6127//6186 6126//6185
f 6131//6190 6128//6187 6127//6186
f 6132//6191 6129//6192 6128//6187
f 6134//6193 6115//6170 6116//6171
f 6134//6194 6131//6190 6130//6189
f 6135//6195 6132//6191 6131//6190
f 6137//6196 6132//6191 6136//6197
f 6138//6198 6116//6171 6117//6172
f 6138//6199 6135//6195 6134//6194
f 6139//6200 6136//6197 6135//6195
f 6140//6201 6137//6196 6136//6197
f 6142//6202 6117//6172 6118//6173
f 6142//6203 6139//6200 6138//6199
f 6119//6176 6142//6203 6118//6177
f 6143//6204 6140//6201 6139//6200
f 6144//6205 6119//6176 6120//6182
f 6144//6205 6141//6206 6140//6201
f 6145//6207 6120//6182 6121//6208
f 5770//1874 2240//2069 6146//6209
f 5771//5765 6146//6209 6147//6210
f 5772//5766 6147//6210 6148//6211
f 6149//6212 5772//5766 6148//6211
f 5774//5768 6149//6212 6150//6213
f 6151//6214 5693//5689 5775//5769
f 6152//6215 5775//5769 5776//5770
f 6153//6215 5776//5770 5777//5770
f 6154//6216 5777//5770 5778//5771
f 5779//5773 6154//6216 5778//5771
f 5780//5774 6155//6217 5779//5773
f 6157//6218 5780//5774 5781//6219
f 6157//6220 5774//5768 6150//6213
f 6146//6209 2283//2125 6158//6221
f 6147//6210 6158//6221 6159//6222
f 6148//6211 6159//6222 6160//6223
f 6149//6212 6160//6223 6161//6224
f 6150//6213 6161//6224 6162//6225
f 6163//6226 6104//6160 6151//6214
f 6152//6215 6163//6226 6151//6214
f 6153//6215 6164//6227 6152//6215
f 6154//6216 6165//6227 6153//6215
f 6155//6217 6166//6228 6154//6216
f 6156//6229 6167//6230 6155//6217
f 6169//6231 6156//6229 6157//6218
f 6169//6232 6150//6213 6162//6225
f 6158//6221 2304//2145 6170//6233
f 6159//6222 6170//6233 6171//6234
f 6160//6223 6171//6234 6172//6235
f 6161//6224 6172//6235 6173//6236
f 6162//6225 6173//6236 6180//6237
f 6181//6238 6121//6208 6125//6181
f 6163//6226 6125//6181 6113//6169
f 6182//6239 6174//6240 6181//6238
f 6182//6239 6163//6226 6164//6227
f 6182//6239 6176//6241 6175//6241
f 6183//6239 6164//6227 6165//6227
f 6184//6242 6176//6241 6183//6239
f 6184//6242 6165//6227 6166//6228
f 6185//6243 6177//6244 6184//6242
f 6185//6243 6166//6228 6167//6230
f 6186//6245 6178//6246 6185//6243
f 6186//6245 6167//6230 6168//6247
f 6187//6248 6179//6249 6186//6245
f 6187//6248 6168//6247 6169//6231
f 6187//6250 6162//6225 6180//6237
f 6129//6192 2319//2162 2209//2160
f 6189//6251 2319//2162 6188//6252
f 6189//6251 2321//2161 2320//2161
f 6190//6251 2322//2163 2321//2161
f 6192//6253 2322//2163 6191//6254
f 6193//6255 2323//2164 6192//6253
f 6193//6255 2325//6256 2324//2165
f 6170//6233 2325//2167 6194//6257
f 6133//6258 6188//6252 6129//6192
f 6196//6259 6188//6252 6195//6260
f 6197//6259 6189//6251 6196//6259
f 6198//6261 6190//6251 6197//6259
f 6199//6262 6191//6254 6198//6261
f 6200//6263 6192//6253 6199//6262
f 6201//6264 6193//6255 6200//6263
f 6171//6234 6194//6257 6201//6265
f 6202//6266 6133//6258 6137//6196
f 6203//6267 6195//6260 6202//6266
f 6204//6267 6196//6259 6203//6267
f 6205//6268 6197//6259 6204//6267
f 6205//6268 6199//6262 6198//6261
f 6206//6269 6200//6263 6199//6262
f 6208//6270 6200//6263 6207//6271
f 6208//6272 6171//6234 6201//6265
f 6209//6273 6137//6196 6141//6206
f 6210//6274 6202//6266 6209//6273
f 6211//6274 6203//6267 6210//6274
f 6212//6275 6204//6267 6211//6274
f 6212//6275 6206//6269 6205//6268
f 6214//6276 6206//6269 6213//6277
f 6215//6278 6207//6271 6214//6276
f 6215//6279 6172//6235 6208//6272
f 6145//6207 6209//6273 6141//6206
f 6216//6280 6121//6208 6174//6240
f 6217//6281 6209//6273 6216//6280
f 6217//6281 6174//6240 6175//6241
f 6217//6281 6211//6274 6210//6274
f 6218//6281 6175//6241 6176//6241
f 6218//6281 6212//6275 6211//6274
f 6219//6282 6176//6241 6177//6244
f 6220//6283 6212//6275 6219//6282
f 6220//6283 6177//6244 6178//6246
f 6221//6284 6213//6277 6220//6283
f 6221//6284 6178//6246 6179//6249
f 6222//6285 6214//6276 6221//6284
f 6222//6285 6179//6249 6180//6286
f 6222//6287 6173//6236 6215//6279
f 6223//6288 2105//2211 5959//6289
f 6225//6290 2106//1919 2356//2212
f 6225//6290 2357//2213 6226//6291
f 5961//5992 6225//6290 6226//6291
f 6226//6291 2358//6292 6228//6293
f 6228//6293 5961//5992 6226//6291
f 6228//6293 2359//6294 6230//6295
f 6230//6295 5962//5997 6228//6293
f 6230//6295 2360//6296 6232//6297
f 6232//6297 5963//5999 6230//6295
f 6232//6297 2361//6298 6234//6299
f 6234//6299 5964//6000 6232//6297
f 6236//6300 5959//6289 5966//6301
f 6236//6302 6224//6303 6223//6304
f 6237//6305 5966//6009 5968//6008
f 6237//6305 6227//6306 6224//6303
f 5969//6011 6237//6305 5968//6012
f 6239//6307 6227//6306 6238//6308
f 5970//6309 6238//6308 5969//6011
f 6239//6307 6231//6310 6229//6311
f 5971//6312 6239//6313 5970//6309
f 6240//6314 6233//6315 6231//6310
f 6241//6316 5971//6312 5972//6317
f 6241//6318 6235//6319 6233//6315
f 6242//6320 5972//6317 5973//6320
f 6243//6321 5973//6322 5981//6323
f 6244//6324 2355//2210 6223//6288
f 6244//6325 2419//2290 2418//2286
f 6224//6303 6244//6325 6223//6304
f 6245//6326 2420//2289 2419//2290
f 6246//6327 6224//6303 6227//6306
f 6246//6327 2421//6328 2420//2289
f 6247//6329 6227//6306 6229//6311
f 6247//6330 2422//6331 2421//6328
f 6248//6332 6229//6311 6231//6310
f 6248//6333 2423//6334 2422//6331
f 6249//6335 6231//6310 6233//6315
f 6249//6336 2424//6337 2423//6334
f 6250//6338 6233//6315 6235//6319
f 4663//4659 2592//2504 6251//4659
f 6251//4659 228//99 4663//4659
f 6251//4659 2593//440 6252//4658
f 6252//4658 293//99 6251//4659
f 6252//4658 2594//440 6253//4658
f 6253//4658 294//99 6252//4658
f 6253//4658 2595//440 6254//4658
f 6254//4658 295//99 6253//4658
f 6254//4658 2596//440 6255//4658
f 6255//4658 296//99 6254//4658
f 6256//4658 2596//440 2597//440
f 6256//4658 297//99 6255//4658
f 6256//4658 2598//440 6257//4658
f 6257//4658 298//99 6256//4658
f 6257//4658 2599//440 6258//4658
f 6258//4658 299//99 6257//4658
f 6258//4658 2618//2523 6260//6339
f 6260//6339 300//99 6258//4658
f 6260//6339 2619//2524 6261//6340
f 358//157 6260//6339 6261//6340
f 6261//6340 2620//2525 6262//6341
f 359//160 6261//6340 6262//6341
f 6262//6341 2621//2526 6263//6342
f 360//161 6262//6341 6263//6342
f 6263//6342 2622//2527 6264//6343
f 6265//6344 360//161 6263//6342
f 6265//6344 6264//6343 6266//6345
f 6267//6346 364//162 6265//6344
f 6267//6346 6266//6345 6268//6347
f 372//168 6267//6346 6269//6348
f 6270//6349 6267//6346 6268//6347
f 376//172 6271//6350 375//171
f 376//172 6269//6348 6272//6351
f 6273//6352 6269//6348 6270//6349
f 379//175 6271//6350 6274//6353
f 6275//6354 6271//6350 6272//6351
f 382//178 6276//6355 381//177
f 382//178 6274//6353 6277//6356
f 6278//6357 6274//6353 6275//6354
f 383//179 6259//6358 356//156
f 384//180 6279//6359 383//179
f 384//180 6276//6355 6280//6360
f 6281//6361 6276//6355 6277//6356
f 6282//6362 2622//2527 2638//2542
f 6282//6362 2639//2544 6283//6363
f 6266//6345 6282//6362 6284//6364
f 6285//6365 6282//6362 6283//6363
f 6268//6347 6284//6364 6286//6366
f 6287//6367 6284//6364 6285//6365
f 6288//6368 6268//6347 6286//6366
f 6273//6352 6289//6369 6272//6351
f 6273//6352 6288//6368 6290//6370
f 6275//6354 6289//6369 6291//6371
f 6292//6372 6289//6369 6290//6370
f 6278//6357 6293//6373 6277//6356
f 6278//6357 6291//6371 6294//6374
f 6295//6375 6291//6371 6292//6372
f 6281//6361 6296//6376 6280//6360
f 6281//6361 6293//6373 6297//6377
f 6298//6378 6293//6373 6294//6374
f 6299//6379 2639//2544 2655//2560
f 6285//6365 6299//6379 6300//6380
f 6287//6367 6301//6381 6286//6366
f 6287//6367 6300//6380 6302//6382
f 6288//6368 6301//6381 6303//6383
f 6304//6384 6301//6381 6302//6382
f 6290//6370 6303//6383 6305//6385
f 6306//6386 6303//6383 6304//6384
f 6292//6372 6305//6385 6307//6387
f 6295//6375 6308//6388 6294//6374
f 6295//6375 6307//6387 6309//6389
f 6298//6378 6310//6390 6297//6377
f 6298//6378 6308//6388 6311//6391
f 6299//6379 2669//2574 6312//6392
f 6313//6393 6299//6379 6312//6392
f 6314//6394 6300//6380 6313//6393
f 6304//6384 6314//6394 6315//6395
f 6306//6386 6316//6396 6305//6385
f 6306//6386 6315//6395 6317//6397
f 6307//6387 6316//6396 6318//6398
f 6319//6399 6316//6396 6317//6397
f 6309//6389 6320//6400 6308//6388
f 6309//6389 6318//6398 6321//6401
f 6311//6391 6320//6400 6322//6402
f 6323//6403 6320//6400 6321//6401
f 6324//6404 2669//2574 2684//2589
f 6325//6405 2684//2589 2685//2590
f 6313//6393 6324//6404 6326//6406
f 6327//6407 6324//6404 6325//6405
f 6314//6394 6326//6406 6328//6408
f 6329//6409 6326//6406 6327//6407
f 6330//6410 6314//6394 6328//6408
f 6331//6411 6315//6395 6330//6410
f 6319//6399 6332//6412 6318//6398
f 6319//6399 6331//6411 6333//6413
f 6321//6401 6332//6412 6334//6414
f 6335//6415 6332//6412 6333//6413
f 6323//6403 6336//6416 6322//6402
f 6323//6403 6334//6414 6337//6417
f 6325//6405 2700//2605 6338//6418
f 6327//6407 6338//6418 6339//6419
f 6329//6409 6340//6420 6328//6408
f 6329//6409 6339//6419 6341//6421
f 6330//6410 6340//6420 6342//6422
f 6343//6423 6340//6420 6341//6421
f 6331//6411 6342//6422 6344//6424
f 6345//6425 6342//6422 6343//6423
f 6346//6426 6331//6411 6344//6424
f 6335//6415 6347//6427 6334//6414
f 6335//6415 6346//6426 6348//6428
f 6337//6417 6347//6427 6349//6429
f 6350//6430 6347//6427 6348//6428
f 6338//6418 2715//2619 6351//6431
f 6352//6432 2715//2619 2716//2621
f 6353//6433 6338//6418 6351//6431
f 6354//6434 6339//6419 6353//6433
f 6343//6423 6354//6434 6355//6435
f 6345//6425 6356//6436 6344//6424
f 6345//6425 6355//6435 6357//6437
f 6346//6426 6356//6436 6358//6438
f 6359//6439 6356//6436 6357//6437
f 6348//6428 6358//6438 6360//6440
f 6361//6441 6358//6438 6359//6439
f 6350//6430 6362//6442 6349//6429
f 6350//6430 6360//6440 6363//6443
f 6352//6432 6364//6444 6351//6431
f 6352//6432 2731//2636 6365//6445
f 6353//6433 6364//6444 6366//6446
f 6367//6447 6364//6444 6365//6445
f 6354//6434 6366//6446 6368//6448
f 6368//6448 6367//6447 6369//6449
f 6355//6435 6368//6448 6370//6450
f 6370//6450 6369//6449 6371//6451
f 6357//6437 6370//6450 6372//6452
f 6373//6453 6370//6450 6371//6451
f 6359//6439 6372//6452 6374//6454
f 6361//6441 6375//6455 6360//6440
f 6361//6441 6374//6454 6376//6456
f 6363//6443 6377//6457 6362//6442
f 6363//6443 6375//6455 6378//6458
f 6379//6459 292//143 385//181
f 386//182 6379//6459 385//181
f 387//183 6380//6460 386//182
f 388//184 6381//6461 387//183
f 389//185 6382//6462 388//184
f 390//186 6383//6463 389//185
f 6385//6464 390//186 391//6465
f 392//188 6385//6464 391//6465
f 392//188 6259//6358 6386//6466
f 6387//6467 4716//4710 6379//6459
f 6387//6467 6380//6460 6388//6468
f 6388//6468 6381//6461 6389//6469
f 6389//6469 6382//6462 6390//6470
f 6390//6470 6383//6463 6391//6471
f 6392//6472 6383//6463 6384//6473
f 6385//6464 6393//6474 6384//6473
f 6386//6466 6394//6475 6385//6464
f 6396//6476 4722//4716 6387//6467
f 6388//6468 6396//6476 6387//6467
f 6389//6469 6397//6477 6388//6468
f 6390//6470 6398//6478 6389//6469
f 6391//6471 6399//6479 6390//6470
f 6392//6472 6400//6480 6391//6471
f 6392//6472 6393//6474 6401//6481
f 6402//6482 6393//6474 6394//6475
f 6402//6482 6395//6483 6403//6484
f 6404//6485 4733//4728 6396//6476
f 6405//6486 6396//6476 6397//6477
f 6406//6487 6397//6477 6398//6478
f 6407//6488 6398//6478 6399//6479
f 6408//6489 6399//6479 6400//6480
f 6409//6490 6400//6480 6401//6481
f 6402//6482 6409//6490 6401//6481
f 6403//6484 6410//6491 6402//6482
f 6412//6492 4741//4741 6404//6485
f 6413//6493 6404//6485 6405//6486
f 6414//6494 6405//6486 6406//6487
f 6407//6488 6414//6494 6406//6487
f 6416//6495 6407//6488 6408//6489
f 6417//6496 6408//6489 6409//6490
f 6418//6497 6409//6490 6410//6491
f 6411//6498 6418//6497 6410//6491
f 6420//6499 4749//4750 6412//6492
f 6421//6500 6412//6492 6413//6493
f 6422//6501 6413//6493 6414//6494
f 6423//6502 6414//6494 6415//6503
f 6424//6504 6415//6503 6416//6495
f 6425//6505 6416//6495 6417//6496
f 6426//6506 6417//6496 6418//6497
f 6427//6507 6418//6497 6419//6508
f 6428//6509 4757//4758 6420//6499
f 6429//6510 6420//6499 6421//6500
f 6430//6511 6421//6500 6422//6501
f 6431//6512 6422//6501 6423//6502
f 6432//6513 6423//6502 6424//6504
f 6433//6514 6424//6504 6425//6505
f 6434//6515 6425//6505 6426//6506
f 6435//6516 6426//6506 6427//6507
f 6436//6517 4765//4766 6428//6509
f 6437//6518 6428//6509 6429//6510
f 6438//6519 6429//6510 6430//6511
f 6439//6520 6430//6511 6431//6512
f 6440//6521 6431//6512 6432//6513
f 6441//6522 6432//6513 6433//6514
f 6442//6523 6433//6514 6434//6515
f 6443//6524 6434//6515 6435//6516
f 6444//4775 4773//4776 6436//6517
f 6445//4966 6436//6517 6437//6518
f 6446//6525 6437//6518 6438//6519
f 6447//6526 6438//6519 6439//6520
f 6448//6527 6439//6520 6440//6521
f 6449//6528 6440//6521 6441//6522
f 6450//6529 6441//6522 6442//6523
f 6451//6530 6442//6523 6443//6524
f 6452//6531 6259//6358 6279//6359
f 6453//6532 6279//6359 6280//6360
f 6452//6531 6395//6483 6386//6466
f 6453//6532 6454//6533 6452//6531
f 6453//6532 6296//6376 6455//6534
f 6456//6535 6296//6376 6297//6377
f 6457//6536 6395//6483 6454//6533
f 6455//6534 6458//6537 6454//6533
f 6456//6535 6459//6538 6455//6534
f 6456//6535 6310//6390 6460//6539
f 6461//6540 6310//6390 6311//6391
f 6457//6536 6411//6498 6403//6484
f 6457//6536 6458//6537 6462//6541
f 6459//6538 6463//6542 6458//6537
f 6460//6539 6464//6543 6459//6538
f 6461//6540 6465//6544 6460//6539
f 6461//6540 6322//6402 6466//6545
f 6462//6541 6419//6508 6411//6498
f 6462//6541 6463//6542 6467//6546
f 6468//6547 6463//6542 6464//6543
f 6465//6544 6469//6548 6464//6543
f 6466//6545 6470//6549 6465//6544
f 6466//6545 6336//6416 6471//6550
f 6472//6551 6336//6416 6337//6417
f 6473//6552 6419//6508 6467//6546
f 6468//6547 6473//6552 6467//6546
f 6468//6547 6469//6548 6474//6553
f 6475//6554 6469//6548 6470//6549
f 6471//6550 6476//6555 6470//6549
f 6472//6551 6477//6556 6471//6550
f 6472//6551 6349//6429 6478//6557
f 6479//6558 6427//6507 6473//6552
f 6480//6559 6473//6552 6474//6553
f 6475//6554 6480//6559 6474//6553
f 6475//6554 6476//6555 6481//6560
f 6477//6556 6482//6561 6476//6555
f 6484//6562 6477//6556 6478//6557
f 6478//6557 6362//6442 6484//6562
f 6485//6563 6435//6516 6479//6558
f 6486//6564 6479//6558 6480//6559
f 6481//6560 6486//6564 6480//6559
f 6481//6560 6482//6561 6487//6565
f 6488//6566 6482//6561 6483//6567
f 6484//6562 6489//6568 6483//6567
f 6484//6562 6377//6457 6490//6569
f 6491//6570 6377//6457 6378//6458
f 6492//6571 6443//6524 6485//6563
f 6493//6572 6485//6563 6486//6564
f 6494//6573 6486//6564 6487//6565
f 6488//6566 6494//6573 6487//6565
f 6488//6566 6489//6568 6495//6574
f 6496//6575 2731//2636 2900//2804
f 6367//6447 6496//6575 6497//6576
f 6498//6577 6367//6447 6497//6576
f 6371//6451 6498//6577 6499//6578
f 6373//6453 6500//6579 6372//6452
f 6373//6453 6499//6578 6501//6580
f 6374//6454 6500//6579 6502//6581
f 6503//6582 6500//6579 6501//6580
f 6376//6456 6504//6583 6375//6455
f 6376//6456 6502//6581 6505//6584
f 6378//6458 6504//6583 6506//6585
f 6507//6586 6504//6583 6505//6584
f 6498//6577 6508//6587 6509//6588
f 6499//6578 6509//6588 6510//6589
f 6501//6580 6510//6589 6511//6590
f 6503//6582 6512//6591 6502//6581
f 6503//6582 6511//6590 6513//6592
f 6505//6584 6512//6591 6514//6593
f 6515//6594 6512//6591 6513//6592
f 6507//6586 6516//6595 6506//6585
f 6507//6586 6514//6593 6517//6596
f 6513//6592 6518//6597 6519//6598
f 6515//6594 6520//6599 6514//6593
f 6515//6594 6519//6598 6521//6600
f 6517//6596 6522//6601 6516//6595
f 6517//6596 6520//6599 6523//6602
f 6524//6603 6520//6599 6521//6600
f 6521//6600 6525//6604 6526//6605
f 6523//6602 6527//6606 6522//6601
f 6524//6603 6528//6607 6523//6602
f 6524//6603 6526//6605 6529//6608
f 6529//6608 6531//6609 6528//6607
f 6529//6608 6530//6610 6532//6611
f 6532//6611 6533//6612 6531//6609
f 6537//6613 2900//2804 2919//2823
f 6538//6614 6496//6575 6537//6613
f 6537//6613 2925//2829 6539//6615
f 6538//6614 6508//6587 6497//6576
f 6538//6614 6539//6615 6540//6616
f 6541//6617 6508//6587 6540//6616
f 6510//6589 6541//6617 6542//6618
f 6543//6619 6510//6589 6542//6618
f 6539//6615 2936//2840 6544//6620
f 6545//6621 2936//2840 2937//2841
f 6540//6616 6544//6620 6546//6622
f 6547//6623 6544//6620 6545//6621
f 6541//6617 6546//6622 6548//6624
f 6542//6618 6548//6624 6549//6625
f 6543//6619 6518//6597 6511//6590
f 6543//6619 6549//6625 6550//6626
f 6551//6627 6518//6597 6550//6626
f 6545//6621 2949//2853 6552//6628
f 6547//6623 6553//6629 6546//6622
f 6547//6623 6552//6628 6554//6630
f 6548//6624 6553//6629 6555//6631
f 6556//6632 6553//6629 6554//6630
f 6549//6625 6555//6631 6557//6633
f 6557//6633 6556//6632 6558//6634
f 6550//6626 6557//6633 6559//6635
f 6560//6636 6557//6633 6558//6634
f 6551//6627 6525//6604 6519//6598
f 6551//6627 6559//6635 6561//6637
f 6562//6638 6525//6604 6561//6637
f 6552//6628 2963//2867 6563//6639
f 6563//6639 2964//2868 6564//6640
f 6565//6641 6552//6628 6563//6639
f 6566//6642 6563//6639 6564//6640
f 6567//6643 6554//6630 6565//6641
f 6558//6634 6567//6643 6568//6644
f 6560//6636 6569//6645 6559//6635
f 6560//6636 6568//6644 6570//6646
f 6561//6637 6569//6645 6571//6647
f 6572//6648 6569//6645 6570//6646
f 6562//6638 6530//6610 6526//6605
f 6562//6638 6571//6647 6573//6649
f 6574//6650 6530//6610 6573//6649
f 6564//6640 2976//2880 6575//6651
f 6566//6642 6576//6652 6565//6641
f 6566//6642 6575//6651 6577//6653
f 6567//6643 6576//6652 6578//6654
f 6579//6655 6576//6652 6577//6653
f 6568//6644 6578//6654 6580//6656
f 6581//6657 6578//6654 6579//6655
f 6582//6658 6568//6644 6580//6656
f 6572//6648 6583//6659 6571//6647
f 6572//6648 6582//6658 6584//6660
f 6573//6649 6583//6659 6585//6661
f 6586//6662 6583//6659 6584//6660
f 6574//6650 6534//6663 6532//6611
f 6574//6650 6585//6661 6587//6664
f 6588//6665 2976//2880 2987//2891
f 6589//6666 6575//6651 6588//6665
f 6579//6655 6589//6666 6590//6667
f 6581//6657 6591//6668 6580//6656
f 6581//6657 6590//6667 6592//6669
f 6582//6658 6591//6668 6593//6670
f 6594//6671 6591//6668 6592//6669
f 6584//6660 6593//6670 6595//6672
f 6596//6673 6593//6670 6594//6671
f 6586//6662 6597//6674 6585//6661
f 6586//6662 6595//6672 6598//6675
f 6587//6664 6535//6676 6534//6663
f 6587//6664 6597//6674 6599//6677
f 6600//6678 6597//6674 6598//6675
f 6588//6665 3003//2908 6601//6679
f 6601//6679 3004//2909 6602//6680
f 6589//6666 6601//6679 6603//6681
f 6603//6681 6602//6680 6604//6682
f 6590//6667 6603//6681 6605//6683
f 6606//6684 6603//6681 6604//6682
f 6607//6685 6590//6667 6605//6683
f 6594//6671 6607//6685 6608//6686
f 6596//6673 6609//6687 6595//6672
f 6596//6673 6608//6686 6610//6688
f 6598//6675 6609//6687 6611//6689
f 6612//6690 6609//6687 6610//6688
f 6599//6677 6536//6691 6535//6676
f 6600//6678 6613//6692 6599//6677
f 6600//6678 6611//6689 6614//6693
f 6615//1707 4781//4775 6444//4775
f 6616//1707 6444//4775 6445//4966
f 6617//1707 6445//4966 6446//6525
f 6618//4970 6446//6525 6447//6526
f 6619//6694 6447//6526 6448//6527
f 6620//6695 6448//6527 6449//6528
f 6621//6696 6449//6528 6450//6529
f 6622//6697 6450//6529 6451//6530
f 6623//1707 4974//1707 6615//1707
f 6624//1707 6615//1707 6616//1707
f 6625//1707 6616//1707 6617//1707
f 6626//1707 6617//1707 6618//4970
f 6619//6694 6626//1707 6618//4970
f 6628//6698 6619//6694 6620//6695
f 6629//6699 6620//6695 6621//6696
f 6630//6700 6621//6696 6622//6697
f 6631//1707 4982//1707 6623//1707
f 6632//1707 6623//1707 6624//1707
f 6633//1707 6624//1707 6625//1707
f 6634//1707 6625//1707 6626//1707
f 6635//1707 6626//1707 6627//6701
f 6636//6702 6627//6701 6628//6698
f 6637//6703 6628//6698 6629//6699
f 6638//6704 6629//6699 6630//6700
f 6639//1707 4990//1707 6631//1707
f 6640//1707 6631//1707 6632//1707
f 6641//1707 6632//1707 6633//1707
f 6642//1707 6633//1707 6634//1707
f 6635//1707 6642//1707 6634//1707
f 6636//6702 6643//1707 6635//1707
f 6645//6705 6636//6702 6637//6703
f 6646//6706 6637//6703 6638//6704
f 6647//1707 4998//1707 6639//1707
f 6648//1707 6639//1707 6640//1707
f 6649//1707 6640//1707 6641//1707
f 6650//1707 6641//1707 6642//1707
f 6651//1707 6642//1707 6643//1707
f 6644//6707 6651//1707 6643//1707
f 6653//6708 6644//6707 6645//6705
f 6654//6709 6645//6705 6646//6706
f 6655//1707 5006//1707 6647//1707
f 6656//1707 6647//1707 6648//1707
f 6657//1707 6648//1707 6649//1707
f 6650//1707 6657//1707 6649//1707
f 6659//1707 6650//1707 6651//1707
f 6652//6707 6659//1707 6651//1707
f 6653//6708 6660//6710 6652//6707
f 6654//6709 6661//6711 6653//6708
f 6663//1707 5014//1707 6655//1707
f 6664//1707 6655//1707 6656//1707
f 6665//1707 6656//1707 6657//1707
f 6658//1707 6665//1707 6657//1707
f 6667//6701 6658//1707 6659//1707
f 6668//6712 6659//1707 6660//6710
f 6661//6711 6668//6712 6660//6710
f 6662//6713 6669//6714 6661//6711
f 6671//1707 5022//1707 6663//1707
f 6672//1707 6663//1707 6664//1707
f 6673//1707 6664//1707 6665//1707
f 6674//1707 6665//1707 6666//1707
f 6675//6715 6666//1707 6667//6701
f 6676//6716 6667//6701 6668//6712
f 6669//6714 6676//6716 6668//6712
f 6670//6717 6677//6718 6669//6714
f 6490//6569 6679//6719 6489//6568
f 6491//6570 6680//6720 6490//6569
f 6491//6570 6506//6585 6681//6721
f 6682//6722 6451//6530 6492//6571
f 6683//6723 6492//6571 6493//6572
f 6684//6724 6493//6572 6494//6573
f 6495//6574 6684//6724 6494//6573
f 6685//6725 6489//6568 6679//6719
f 6680//6720 6686//6726 6679//6719
f 6688//6727 6680//6720 6681//6721
f 6681//6721 6516//6595 6688//6727
f 6689//6728 6622//6697 6682//6722
f 6683//6723 6689//6728 6682//6722
f 6684//6724 6690//6729 6683//6723
f 6685//6725 6691//6730 6684//6724
f 6685//6725 6686//6726 6692//6731
f 6693//6732 6686//6726 6687//6733
f 6688//6727 6694//6734 6687//6733
f 6695//6735 6516//6595 6522//6601
f 6696//6736 6630//6700 6689//6728
f 6690//6729 6696//6736 6689//6728
f 6698//6737 6690//6729 6691//6730
f 6699//6738 6691//6730 6692//6731
f 6693//6732 6699//6738 6692//6731
f 6693//6732 6694//6734 6700//6739
f 6695//6735 6701//6740 6694//6734
f 6695//6735 6527//6606 6702//6741
f 6703//6742 6527//6606 6528//6607
f 6704//6743 6638//6704 6696//6736
f 6697//6744 6704//6743 6696//6736
f 6706//6745 6697//6744 6698//6737
f 6707//6746 6698//6737 6699//6738
f 6700//6739 6707//6746 6699//6738
f 6708//6747 6694//6734 6701//6740
f 6710//6748 6701//6740 6702//6741
f 6703//6742 6710//6748 6702//6741
f 6703//6742 6531//6609 6711//6749
f 6704//6743 6654//6709 6646//6706
f 6705//6750 6712//6751 6704//6743
f 6706//6745 6713//6752 6705//6750
f 6715//6753 6706//6745 6707//6746
f 6708//6747 6715//6753 6707//6746
f 6716//6754 6701//6740 6709//6755
f 6718//6756 6709//6755 6710//6748
f 6711//6749 6718//6756 6710//6748
f 6711//6749 6533//6612 6719//6757
f 6720//6758 6533//6612 6534//6663
f 6712//6751 6662//6713 6654//6709
f 6713//6752 6721//6759 6712//6751
f 6714//6760 6722//6761 6713//6752
f 6724//6762 6714//6760 6715//6753
f 6716//6754 6724//6762 6715//6753
f 6725//6763 6709//6755 6717//6764
f 6727//6765 6717//6764 6718//6756
f 6728//6766 6718//6756 6719//6757
f 6720//6758 6728//6766 6719//6757
f 6720//6758 6535//6676 6729//6767
f 6721//6759 6670//6717 6662//6713
f 6722//6761 6730//6768 6721//6759
f 6723//6769 6731//6770 6722//6761
f 6733//6771 6723//6769 6724//6762
f 6725//6763 6733//6771 6724//6762
f 6734//6772 6717//6764 6726//6773
f 6736//6774 6726//6773 6727//6765
f 6728//6766 6736//6774 6727//6765
f 6729//6767 6737//6775 6728//6766
f 6729//6767 6536//6691 6738//6776
f 6730//6768 6678//6777 6670//6717
f 6731//6770 6739//6778 6730//6768
f 6741//6779 6731//6770 6732//6780
f 6733//6771 6741//6779 6732//6780
f 6743//6781 6733//6771 6734//6772
f 6734//6772 6735//6782 6743//6781
f 6744//6783 6536//6691 6613//6692
f 6602//6680 3184//3087 6745//6784
f 6604//6682 6745//6784 6746//6785
f 6606//6684 6747//6786 6605//6683
f 6606//6684 6746//6785 6748//6787
f 6607//6685 6747//6786 6749//6788
f 6750//6789 6747//6786 6748//6787
f 6608//6686 6749//6788 6751//6790
f 6752//6791 6749//6788 6750//6789
f 6753//6792 6608//6686 6751//6790
f 6612//6690 6754//6793 6611//6689
f 6612//6690 6753//6792 6755//6794
f 6614//6693 6756//6795 6613//6692
f 6614//6693 6754//6793 6757//6796
f 6758//6797 3184//3087 3195//3098
f 6759//6798 6745//6784 6758//6797
f 6760//6799 6746//6785 6759//6798
f 6750//6789 6760//6799 6761//6800
f 6752//6791 6762//6801 6751//6790
f 6752//6791 6761//6800 6763//6802
f 6753//6792 6762//6801 6764//6803
f 6765//6804 6762//6801 6763//6802
f 6755//6794 6766//6805 6754//6793
f 6755//6794 6764//6803 6767//6806
f 6757//6796 6768//6807 6756//6795
f 6757//6796 6766//6805 6769//6808
f 6770//6809 6766//6805 6767//6806
f 6758//6797 3209//3112 6771//6810
f 6771//6810 3210//3113 6772//6811
f 6759//6798 6771//6810 6773//6812
f 6774//6813 6771//6810 6772//6811
f 6775//6814 6759//6798 6773//6812
f 6776//6815 6760//6799 6775//6814
f 6777//6816 6761//6800 6776//6815
f 6765//6804 6778//6817 6764//6803
f 6765//6804 6777//6816 6779//6818
f 6767//6806 6778//6817 6780//6819
f 6781//6820 6778//6817 6779//6818
f 6769//6808 6782//6821 6768//6807
f 6770//6809 6783//6822 6769//6808
f 6770//6809 6780//6819 6784//6823
f 6772//6811 3222//3125 6785//6824
f 6774//6813 6786//6825 6773//6812
f 6774//6813 6785//6824 6787//6826
f 6775//6814 6786//6825 6788//6827
f 6789//6828 6786//6825 6787//6826
f 6776//6815 6788//6827 6790//6829
f 6791//6830 6788//6827 6789//6828
f 6792//6831 6776//6815 6790//6829
f 6793//6832 6777//6816 6792//6831
f 6781//6820 6794//6833 6780//6819
f 6781//6820 6793//6832 6795//6834
f 6783//6822 6796//6835 6782//6821
f 6798//6836 6783//6822 6784//6823
f 6784//6823 6794//6833 6798//6836
f 6799//6837 3222//3125 3232//3135
f 6800//6838 6785//6824 6799//6837
f 6789//6828 6800//6838 6801//6839
f 6791//6830 6802//6840 6790//6829
f 6791//6830 6801//6839 6803//6841
f 6792//6831 6802//6840 6804//6842
f 6805//6843 6802//6840 6803//6841
f 6793//6832 6804//6842 6806//6844
f 6808//6845 6794//6833 6795//6834
f 6795//6834 6806//6844 6808//6845
f 6798//6836 6809//6846 6797//6847
f 6798//6836 6807//6848 6810//6849
f 6811//6850 3232//3135 3243//3146
f 6812//6851 6799//6837 6811//6850
f 6801//6839 6812//6851 6813//6852
f 6814//6853 6801//6839 6813//6852
f 6805//6843 6815//6854 6804//6842
f 6805//6843 6814//6853 6816//6855
f 6806//6844 6815//6854 6817//6856
f 6818//6857 6815//6854 6816//6855
f 6808//6845 6819//6858 6807//6848
f 6808//6845 6817//6856 6820//6859
f 6810//6849 6821//6860 6809//6846
f 6810//6849 6819//6858 6822//6861
f 6823//6862 6819//6858 6820//6859
f 6824//6863 3243//3146 3253//3156
f 6825//6864 6811//6850 6824//6863
f 6826//6865 6812//6851 6825//6864
f 6827//6866 6813//6852 6826//6865
f 6828//6867 6814//6853 6827//6866
f 6818//6857 6829//6868 6817//6856
f 6818//6857 6828//6867 6830//6869
f 6820//6859 6829//6868 6831//6870
f 6832//6871 6829//6868 6830//6869
f 6834//6872 6821//6860 6822//6861
f 6823//6862 6834//6872 6822//6861
f 6823//6862 6831//6870 6835//6873
f 6824//6863 3263//3167 6836//6874
f 6837//6875 6824//6863 6836//6874
f 6826//6865 6837//6875 6838//6876
f 6839//6877 6826//6865 6838//6876
f 6840//6878 6827//6866 6839//6877
f 6841//6879 6828//6867 6840//6878
f 6832//6871 6842//6880 6831//6870
f 6832//6871 6841//6879 6843//6881
f 6834//6872 6844//6882 6833//6883
f 6846//6884 6834//6872 6835//6873
f 6835//6873 6842//6880 6846//6884
f 6847//1707 5030//1707 6671//1707
f 6848//1707 6671//1707 6672//1707
f 6673//1707 6848//1707 6672//1707
f 6850//5201 6673//1707 6674//1707
f 6851//6885 6674//1707 6675//6715
f 6676//6716 6851//6885 6675//6715
f 6677//6718 6852//6886 6676//6716
f 6678//6777 6853//6887 6677//6718
f 6855//5200 5237//1707 6847//1707
f 6856//5200 6847//1707 6848//1707
f 6857//6888 6848//1707 6849//1707
f 6858//6889 6849//1707 6850//5201
f 6851//6885 6858//6889 6850//5201
f 6852//6886 6859//6890 6851//6885
f 6853//6887 6860//6891 6852//6886
f 6854//6892 6861//6893 6853//6887
f 6864//6894 5245//5201 6855//5200
f 6865//6895 6855//5200 6856//5200
f 6857//6888 6865//6895 6856//5200
f 6858//6889 6866//6896 6857//6888
f 6859//6890 6867//6897 6858//6889
f 6860//6891 6868//6898 6859//6890
f 6861//6893 6869//6899 6860//6891
f 6871//6900 6861//6893 6862//6901
f 6872//6902 6871//6900 6873//6903
f 6863//6904 6871//6900 6862//6901
f 6864//6894 5263//5218 5254//5210
f 6875//6905 6864//6894 6865//6895
f 6866//6896 6875//6905 6865//6895
f 6867//6897 6876//6906 6866//6896
f 6868//6898 6877//6907 6867//6897
f 6869//6899 6878//6908 6868//6898
f 6880//6909 6869//6899 6870//6910
f 6881//6911 6880//6909 6882//6912
f 6872//6902 6880//6909 6870//6910
f 6883//6913 6872//6902 6873//6903
f 6874//6914 5273//5227 5263//5218
f 6885//6915 6874//6914 6875//6905
f 6876//6906 6885//6915 6875//6905
f 6877//6907 6886//6916 6876//6906
f 6878//6908 6887//6917 6877//6907
f 6889//6918 6878//6908 6879//6919
f 6891//6920 6889//6918 6892//6921
f 6881//6911 6889//6918 6879//6919
f 6893//6922 6881//6911 6882//6912
f 6894//6923 6882//6912 6883//6913
f 6884//6924 5283//5238 5273//5227
f 6896//6925 6884//6924 6885//6915
f 6886//6916 6896//6925 6885//6915
f 6898//6926 6886//6916 6887//6917
f 6899//6927 6887//6917 6888//6928
f 6901//6929 6896//6925 6902//6930
f 6902//6930 6897//6931 6903//6932
f 6904//6933 6897//6931 6898//6926
f 6904//6933 6899//6927 6905//6934
f 6891//6920 6899//6927 6888//6928
f 6906//6935 6891//6920 6892//6921
f 6907//6936 6892//6921 6893//6922
f 6908//6937 6893//6922 6894//6923
f 6908//6937 6890//6938 6900//6939
f 6909//6940 5283//5238 6895//6941
f 5302//5258 6909//6940 6912//6942
f 6901//6929 6909//6940 6895//6941
f 6913//6943 6901//6929 6902//6930
f 6914//6944 6902//6930 6903//6932
f 6915//6945 6903//6932 6904//6933
f 6916//6946 6904//6933 6905//6934
f 6917//6947 6905//6934 6906//6935
f 6918//6948 6906//6935 6907//6936
f 6919//6949 6910//6950 6918//6948
f 6919//6949 6907//6936 6908//6937
f 6919//6949 6900//6939 6911//6951
f 6923//6952 6910//6950 6911//6951
f 6924//6953 5302//5258 6912//6942
f 6913//6943 6924//6953 6912//6942
f 6914//6944 6925//6954 6913//6943
f 6927//6955 6914//6944 6915//6945
f 6928//6956 6915//6945 6916//6946
f 6929//6957 6920//6958 6928//6956
f 6929//6957 6916//6946 6917//6947
f 6930//6959 6921//6960 6929//6957
f 6930//6959 6917//6947 6918//6948
f 6930//6959 6910//6950 6922//6961
f 6932//6962 6735//6782 6736//6774
f 6933//6963 6736//6774 6737//6775
f 6738//6776 6933//6963 6737//6775
f 6739//6778 6854//6892 6678//6777
f 6740//6964 6935//6965 6739//6778
f 6741//6779 6936//6966 6740//6964
f 6742//6967 6937//6968 6741//6779
f 6939//6969 6742//6967 6743//6781
f 6743//6781 6931//6970 6939//6969
f 6942//6971 6931//6970 6932//6962
f 6943//6972 6932//6962 6933//6963
f 6944//6973 6933//6963 6934//6974
f 6935//6965 6862//6901 6854//6892
f 6946//6975 6935//6965 6936//6966
f 6937//6968 6946//6975 6936//6966
f 6938//6976 6947//6977 6937//6968
f 6949//6978 6940//6979 6948//6980
f 6949//6978 6938//6976 6939//6969
f 6949//6978 6931//6970 6941//6981
f 6863//6904 6945//6982 6950//6983
f 6952//6984 6940//6979 6941//6981
f 6942//6971 6952//6984 6941//6981
f 6943//6972 6953//6985 6942//6971
f 6944//6973 6954//6986 6943//6972
f 6946//6975 6956//6987 6945//6982
f 6947//6977 6957//6988 6946//6975
f 6959//6989 6947//6977 6948//6980
f 6959//6989 6940//6979 6951//6990
f 6960//6991 6863//6904 6950//6983
f 6950//6983 6956//6987 6960//6991
f 6963//6992 6951//6990 6952//6984
f 6964//6993 6952//6984 6953//6985
f 6965//6994 6953//6985 6954//6986
f 6955//6995 6965//6994 6954//6986
f 6957//6988 6967//6996 6956//6987
f 6958//6997 6968//6998 6957//6988
f 6970//6999 6961//7000 6969//7001
f 6970//6999 6958//6997 6959//6989
f 6970//6999 6951//6990 6962//7002
f 6971//7003 6873//6903 6960//6991
f 6960//6991 6967//6996 6971//7003
f 6973//7004 6961//7000 6962//7002
f 6974//7005 6962//7002 6963//6992
f 6964//6993 6974//7005 6963//6992
f 6976//7006 6964//6993 6965//6994
f 6977//7007 6965//6994 6966//7008
f 6979//7009 6967//6996 6968//6998
f 6980//7010 6968//6998 6969//7001
f 6980//7010 6961//7000 6972//7011
f 6981//7012 6890//6938 6894//6923
f 6981//7012 6883//6913 6971//7003
f 6981//7012 6967//6996 6978//7013
f 6973//7004 6982//7014 6972//7011
f 6984//7015 6973//7004 6974//7005
f 6975//7016 6984//7015 6974//7005
f 6986//7017 6975//7016 6976//7006
f 6987//7018 6976//7006 6977//7007
f 6988//7019 6890//6938 6978//7013
f 6979//7009 6988//7019 6978//7013
f 6980//7010 6989//7020 6979//7009
f 6980//7010 6982//7014 6990//7021
f 6991//7022 6982//7014 6983//7023
f 6984//7015 6992//7024 6983//7023
f 6985//7025 6993//7026 6984//7015
f 6995//7027 6985//7025 6986//7017
f 6987//7018 6995//7027 6986//7017
f 6997//7028 6900//6939 6988//7019
f 6989//7020 6997//7028 6988//7019
f 6990//7021 6998//7029 6989//7020
f 6991//7022 6999//7030 6990//7021
f 6991//7022 6992//7024 7000//7031
f 7001//7032 6992//7024 6993//7026
f 7002//7033 6993//7026 6994//7034
f 6995//7027 7003//7035 6994//7034
f 6996//7036 7004//7037 6995//7027
f 6997//7028 6923//6952 6911//6951
f 6998//7029 7006//7038 6997//7028
f 6999//7030 7007//7039 6998//7029
f 7000//7031 7008//7040 6999//7030
f 7001//7032 7009//7041 7000//7031
f 7002//7033 7010//7042 7001//7032
f 7002//7033 7003//7035 7011//7043
f 7012//7044 7003//7035 7004//7037
f 7013//7045 7004//7037 7005//7046
f 6744//6783 6934//6974 6738//6776
f 6744//6783 6756//6795 7014//7047
f 7014//7047 6944//6973 6934//6974
f 7015//7048 6756//6795 6768//6807
f 7015//7048 6955//6995 6944//6973
f 7016//7049 6768//6807 6782//6821
f 7016//7049 6966//7008 6955//6995
f 7016//7049 6796//6835 7017//7050
f 7018//7051 6796//6835 6797//6847
f 7019//7052 6966//7008 7017//7050
f 7018//7051 7019//7052 7017//7050
f 7018//7051 6809//6846 7020//7053
f 7021//7054 6977//7007 7019//7052
f 7020//7053 7021//7054 7019//7052
f 7022//7055 6809//6846 6821//6860
f 7023//7056 6987//7018 7021//7054
f 7022//7055 7023//7056 7021//7054
f 7024//7057 6821//6860 6833//6883
f 7025//7058 6996//7036 7023//7056
f 7024//7057 7025//7058 7023//7056
f 7024//7057 6844//6882 7026//7059
f 7027//7060 6844//6882 6845//7061
f 6836//6874 3454//3358 7028//7062
f 7028//7062 3455//3359 7029//7063
f 6837//6875 7028//7062 7030//7064
f 7030//7064 7029//7063 7031//7065
f 6838//6876 7030//7064 7032//7066
f 7033//7067 7030//7064 7031//7065
f 7034//7068 6838//6876 7032//7066
f 7035//7069 6839//6877 7034//7068
f 7036//7070 6840//6878 7035//7069
f 7038//7071 6842//6880 6843//6881
f 6843//6881 7036//7070 7038//7071
f 6846//6884 7039//7072 6845//7061
f 6846//6884 7037//7073 7040//7074
f 7029//7063 3466//3370 7041//7075
f 7031//7065 7041//7075 7042//7076
f 7033//7067 7043//7077 7032//7066
f 7033//7067 7042//7076 7044//7078
f 7034//7068 7043//7077 7045//7079
f 7046//7080 7043//7077 7044//7078
f 7035//7069 7045//7079 7047//7081
f 7048//7082 7045//7079 7046//7080
f 7049//7083 7035//7069 7047//7081
f 7038//7071 7050//7084 7037//7073
f 7038//7071 7049//7083 7051//7085
f 7040//7074 7052//7086 7039//7072
f 7040//7074 7050//7084 7053//7087
f 7054//7088 7050//7084 7051//7085
f 7041//7075 3477//3381 7055//7089
f 7056//7090 7041//7075 7055//7089
f 7057//7091 7042//7076 7056//7090
f 7046//7080 7057//7091 7058//7092
f 7048//7082 7059//7093 7047//7081
f 7048//7082 7058//7092 7060//7094
f 7049//7083 7059//7093 7061//7095
f 7062//7096 7059//7093 7060//7094
f 7063//7097 7049//7083 7061//7095
f 7065//7098 7052//7086 7053//7087
f 7054//7088 7065//7098 7053//7087
f 7054//7088 7063//7097 7066//7099
f 7067//7100 3477//3381 3487//3391
f 7068//7101 7055//7089 7067//7100
f 7069//7102 7056//7090 7068//7101
f 7058//7092 7069//7102 7070//7103
f 7060//7094 7070//7103 7071//7104
f 7062//7096 7072//7105 7061//7095
f 7062//7096 7071//7104 7073//7106
f 7063//7097 7072//7105 7074//7107
f 7065//7098 7075//7108 7064//7109
f 7077//7110 7065//7098 7066//7099
f 7066//7099 7074//7107 7077//7110
f 7078//7111 3487//3391 3497//3401
f 7079//7112 7067//7100 7078//7111
f 7080//7113 7068//7101 7079//7112
f 7081//7114 7069//7102 7080//7113
f 7071//7104 7081//7114 7082//7115
f 7073//7106 7083//7116 7072//7105
f 7073//7106 7082//7115 7084//7117
f 7074//7107 7083//7116 7085//7118
f 7086//7119 7083//7116 7084//7117
f 7077//7110 7087//7120 7076//7121
f 7088//7122 7074//7107 7085//7118
f 7089//7123 3497//3401 3508//3412
f 7090//7124 7078//7111 7089//7123
f 7091//7125 7079//7112 7090//7124
f 7092//7126 7080//7113 7091//7125
f 7093//7127 7081//7114 7092//7126
f 7094//7128 7082//7115 7093//7127
f 7086//7119 7095//7129 7085//7118
f 7086//7119 7094//7128 7096//7130
f 7088//7122 7097//7131 7087//7120
f 7088//7122 7095//7129 7098//7132
f 7099//7133 3508//3412 3518//3422
f 7100//7134 7089//7123 7099//7133
f 7101//7135 7090//7124 7100//7134
f 7102//7136 7091//7125 7101//7135
f 7103//7137 7092//7126 7102//7136
f 7104//7138 7093//7127 7103//7137
f 7106//7139 7095//7129 7096//7130
f 7096//7130 7104//7138 7106//7139
f 7098//7132 7107//7140 7097//7131
f 7098//7132 7105//7141 7108//7142
f 7099//7133 3528//3432 7109//7143
f 7110//7144 7099//7133 7109//7143
f 7111//7145 7100//7134 7110//7144
f 7112//7146 7101//7135 7111//7145
f 7113//7147 7102//7136 7112//7146
f 7114//7148 7103//7137 7113//7147
f 7116//7149 7105//7141 7106//7139
f 7106//7139 7114//7148 7116//7149
f 7108//7142 7117//7150 7107//7140
f 7108//7142 7115//7151 7118//7152
f 7124//7153 6920//6958 6921//6960
f 7125//7154 6921//6960 6922//6961
f 6923//6952 7125//7154 6922//6961
f 5520//5476 7119//7155 5515//5485
f 7127//7156 5313//5478 6924//6953
f 7127//7156 7120//7157 7119//7155
f 7128//7158 6924//6953 6925//6954
f 7128//7158 7121//7159 7120//7157
f 7129//7160 6925//6954 6926//7161
f 7130//7162 7121//7159 7129//7160
f 7130//7162 6926//7161 6927//6955
f 7131//7163 7122//7164 7130//7162
f 7131//7163 6927//6955 6928//6956
f 7131//7163 6920//6958 7123//7165
f 7132//7166 5515//5485 7119//7155
f 7133//7167 7119//7155 7120//7157
f 7121//7159 7133//7167 7120//7157
f 7135//7168 7121//7159 7122//7164
f 7136//7169 7122//7164 7123//7165
f 7124//7153 7136//7169 7123//7165
f 7125//7154 7137//7170 7124//7153
f 7126//7171 7138//7172 7125//7154
f 7140//7173 5528//5495 7132//7166
f 7133//7167 7140//7173 7132//7166
f 7134//7174 7141//7175 7133//7167
f 7135//7168 7142//7176 7134//7174
f 7136//7169 7143//7177 7135//7168
f 7137//7170 7144//7178 7136//7169
f 7138//7172 7145//7179 7137//7170
f 7139//7180 7146//7181 7138//7172
f 7148//7182 5536//5494 7140//7173
f 7149//7183 7140//7173 7141//7175
f 7142//7176 7149//7183 7141//7175
f 7143//7177 7150//7184 7142//7176
f 7144//7178 7151//7185 7143//7177
f 7145//7179 7152//7186 7144//7178
f 7146//7181 7153//7187 7145//7179
f 7147//7188 7154//7189 7146//7181
f 7156//7190 5544//5508 7148//7182
f 7157//7191 7148//7182 7149//7183
f 7150//7184 7157//7191 7149//7183
f 7151//7185 7158//7192 7150//7184
f 7152//7186 7159//7193 7151//7185
f 7153//7187 7160//7194 7152//7186
f 7154//7189 7161//7195 7153//7187
f 7155//7196 7162//7197 7154//7189
f 7164//7198 5552//5516 7156//7190
f 7165//7199 7156//7190 7157//7191
f 7158//7192 7165//7199 7157//7191
f 7159//7193 7166//7200 7158//7192
f 7160//7194 7167//7201 7159//7193
f 7161//7195 7168//7202 7160//7194
f 7162//7197 7169//7203 7161//7195
f 7163//7204 7170//7205 7162//7197
f 7164//7198 5568//5525 5560//5526
f 7165//7199 7172//7206 7164//7198
f 7174//7207 7165//7199 7166//7200
f 7167//7201 7174//7207 7166//7200
f 7168//7202 7175//7208 7167//7201
f 7169//7203 7176//7209 7168//7202
f 7170//7205 7177//7210 7169//7203
f 7171//7211 7178//7212 7170//7205
f 7172//7206 5576//5534 5568//5525
f 7173//7213 7180//7214 7172//7206
f 7182//7215 7173//7213 7174//7207
f 7183//7216 7174//7207 7175//7208
f 7184//7217 7175//7208 7176//7209
f 7185//7218 7176//7209 7177//7210
f 7186//7219 7177//7210 7178//7212
f 7187//7220 7178//7212 7179//7221
f 7006//7038 7126//7171 6923//6952
f 7007//7039 7189//7222 7006//7038
f 7008//7040 7190//7223 7007//7039
f 7009//7041 7191//7224 7008//7040
f 7010//7042 7192//7225 7009//7041
f 7194//7226 7010//7042 7011//7043
f 7012//7044 7194//7226 7011//7043
f 7013//7045 7195//7227 7012//7044
f 7013//7045 7188//7228 7196//7229
f 7189//7222 7139//7180 7126//7171
f 7190//7223 7198//7230 7189//7222
f 7191//7224 7199//7231 7190//7223
f 7192//7225 7200//7232 7191//7224
f 7193//7233 7201//7234 7192//7225
f 7203//7235 7193//7233 7194//7226
f 7195//7227 7203//7235 7194//7226
f 7196//7229 7204//7236 7195//7227
f 7196//7229 7197//7237 7205//7238
f 7198//7230 7147//7188 7139//7180
f 7199//7231 7207//7239 7198//7230
f 7200//7232 7208//7240 7199//7231
f 7201//7234 7209//7241 7200//7232
f 7202//7242 7210//7243 7201//7234
f 7203//7235 7211//7244 7202//7242
f 7204//7236 7212//7245 7203//7235
f 7214//7246 7204//7236 7205//7238
f 7205//7238 7206//7247 7214//7246
f 7216//7248 7147//7188 7207//7239
f 7217//7249 7207//7239 7208//7240
f 7218//7250 7208//7240 7209//7241
f 7219//7251 7209//7241 7210//7243
f 7220//7252 7210//7243 7211//7244
f 7221//7253 7211//7244 7212//7245
f 7213//7254 7221//7253 7212//7245
f 7214//7246 7222//7255 7213//7254
f 7214//7246 7215//7256 7223//7257
f 7224//7258 7155//7196 7216//7248
f 7217//7249 7224//7258 7216//7248
f 7226//7259 7217//7249 7218//7250
f 7227//7260 7218//7250 7219//7251
f 7228//7261 7219//7251 7220//7252
f 7229//7262 7220//7252 7221//7253
f 7230//7263 7221//7253 7222//7255
f 7231//7264 7222//7255 7223//7257
f 7232//7265 7163//7204 7224//7258
f 7233//7266 7224//7258 7225//7267
f 7226//7259 7233//7266 7225//7267
f 7227//7260 7234//7268 7226//7259
f 7236//7269 7227//7260 7228//7261
f 7229//7262 7236//7269 7228//7261
f 7238//7270 7229//7262 7230//7263
f 7239//7271 7230//7263 7231//7264
f 7240//7272 7171//7211 7232//7265
f 7241//7273 7232//7265 7233//7266
f 7242//7274 7233//7266 7234//7268
f 7243//7275 7234//7268 7235//7276
f 7236//7269 7243//7275 7235//7276
f 7237//7277 7244//7278 7236//7269
f 7238//7270 7245//7279 7237//7277
f 7239//7271 7246//7280 7238//7270
f 7240//7272 7187//7220 7179//7221
f 7241//7273 7248//7281 7240//7272
f 7242//7274 7249//7282 7241//7273
f 7243//7275 7250//7283 7242//7274
f 7252//7284 7243//7275 7244//7278
f 7253//7285 7244//7278 7245//7279
f 7254//7286 7245//7279 7246//7280
f 7247//7287 7254//7286 7246//7280
f 7025//7058 7188//7228 7005//7046
f 7257//7288 7025//7058 7026//7059
f 7027//7060 7257//7288 7026//7059
f 7027//7060 7039//7072 7258//7289
f 7259//7290 7188//7228 7256//7291
f 7260//7292 7256//7291 7257//7288
f 7258//7289 7260//7292 7257//7288
f 7261//7293 7039//7072 7052//7086
f 7259//7290 7206//7247 7197//7237
f 7263//7294 7259//7290 7260//7292
f 7261//7293 7263//7294 7260//7292
f 7264//7295 7052//7086 7064//7109
f 7262//7296 7215//7256 7206//7247
f 7263//7294 7265//7297 7262//7296
f 7264//7295 7266//7298 7263//7294
f 7264//7295 7075//7108 7267//7299
f 7268//7300 7075//7108 7076//7121
f 7269//7301 7215//7256 7265//7297
f 7266//7298 7270//7302 7265//7297
f 7272//7303 7266//7298 7267//7299
f 7268//7300 7272//7303 7267//7299
f 7268//7300 7087//7120 7273//7304
f 7269//7301 7231//7264 7223//7257
f 7269//7301 7270//7302 7274//7305
f 7271//7306 7275//7307 7270//7302
f 7277//7308 7271//7306 7272//7303
f 7273//7304 7277//7308 7272//7303
f 7278//7309 7087//7120 7097//7131
f 7274//7305 7239//7271 7231//7264
f 7274//7305 7275//7307 7279//7310
f 7276//7311 7280//7312 7275//7307
f 7282//7313 7276//7311 7277//7308
f 7283//7314 7277//7308 7278//7309
f 7283//7314 7097//7131 7107//7140
f 7279//7310 7247//7287 7239//7271
f 7279//7310 7280//7312 7284//7315
f 7285//7316 7280//7312 7281//7317
f 7282//7313 7286//7318 7281//7317
f 7283//7314 7287//7319 7282//7313
f 7288//7320 7107//7140 7117//7150
f 7284//7315 7255//7321 7247//7287
f 7285//7316 7289//7322 7284//7315
f 7285//7316 7286//7318 7290//7323
f 7291//1694 2096//1694 5789//1694
f 7292//1694 3900//1694 7291//1694
f 7293//7324 3901//1694 7292//1694
f 7293//7324 3903//3772 3902//3771
f 7294//7325 3904//3774 3903//3772
f 7296//7326 3904//3774 7295//7327
f 7296//7326 3906//3775 3905//3773
f 7297//7328 3907//3807 3906//3775
f 7299//1904 5789//1694 5797//1904
f 7300//7329 7291//1694 7299//1904
f 7300//7329 7293//7324 7292//1694
f 7301//7330 7294//7325 7293//7324
f 7302//7331 7295//7327 7294//7325
f 7304//7332 7295//7327 7303//7333
f 7304//7332 7297//7328 7296//7326
f 7305//7334 7298//7335 7297//7328
f 7307//5794 5797//1904 5803//5794
f 7308//7336 7299//1904 7307//5794
f 7309//7337 7300//7329 7308//7336
f 7310//7338 7301//7330 7309//7337
f 7311//7339 7302//7331 7310//7338
f 7313//7340 5803//5794 5808//5804
f 7314//7341 7307//5794 7313//7340
f 7314//7341 7309//7337 7308//7336
f 7316//7342 7309//7337 7315//7343
f 7317//7344 7310//7338 7316//7342
f 7318//7345 5808//5804 5813//5809
f 7319//7346 7313//7340 7318//7345
f 7320//7347 7314//7341 7319//7346
f 7321//7348 7315//7343 7320//7347
f 7322//7349 7316//7342 7321//7348
f 7323//7350 5813//5809 5818//5835
f 7324//7351 7318//7345 7323//7350
f 7325//7352 7319//7346 7324//7351
f 7326//7353 7320//7347 7325//7352
f 7327//7354 7321//7348 7326//7353
f 7304//7332 7328//7355 7329//7356
f 7305//7334 7329//7356 7330//7357
f 7331//7358 7305//7334 7330//7357
f 7311//7339 7328//7355 7303//7333
f 7333//7359 7328//7355 7332//7360
f 7334//7361 7329//7356 7333//7359
f 7334//7361 7331//7358 7330//7357
f 7312//7362 7331//7358 7335//7363
f 7336//7364 7311//7339 7317//7344
f 7337//7365 7332//7360 7336//7364
f 7322//7349 7336//7364 7317//7344
f 7340//7366 7336//7364 7339//7367
f 7342//7368 5818//5835 5839//5836
f 7343//7369 7323//7350 7342//7368
f 7325//7352 7343//7369 7344//7370
f 7326//7353 7344//7370 7345//7371
f 7327//7354 7345//7371 7346//7372
f 7327//7354 7339//7367 7322//7349
f 7347//7373 7339//7367 7346//7372
f 5845//5841 7342//7368 5839//5836
f 7349//7374 7343//7369 7342//7368
f 7351//7375 7343//7369 7350//7376
f 7352//7377 7344//7370 7351//7375
f 7353//7378 7345//7371 7352//7377
f 7334//7379 7357//7380 7358//7381
f 7359//7382 7334//7361 7358//7383
f 7337//7384 7357//7385 7333//7386
f 7362//7387 7359//7382 7358//7383
f 7338//7388 7359//7382 7363//7389
f 7365//7390 7360//7391 7361//7392
f 7365//7393 7337//7384 7340//7394
f 7366//7395 7363//7389 7362//7387
f 7341//7396 7363//7389 7367//7397
f 7373//7398 7364//7399 7365//7390
f 7347//7400 7372//7401 7373//7402
f 7373//7403 7340//7394 7347//7404
f 7375//7405 7366//7395 7374//7406
f 7375//7405 7341//7396 7367//7397
f 7376//7407 5865//5884 7368//7408
f 7349//7409 5877//5886 7376//7409
f 7378//7410 7368//7408 7369//7411
f 7350//7412 7376//7409 7378//7412
f 7380//7413 7369//7411 7370//7414
f 7351//7415 7378//7412 7380//7416
f 7382//7417 7370//7414 7371//7418
f 7382//7419 7351//7415 7380//7416
f 7385//7420 7371//7418 7372//7421
f 7353//7422 7382//7419 7385//7423
f 7385//7424 7346//7425 7353//7426
f 7388//7427 7374//7406 7387//7428
f 7388//7427 7348//7429 7375//7405
f 5886//5902 7377//7430 5878//5946
f 7389//7431 7379//7432 7377//7430
f 7390//7433 7381//7434 7379//7432
f 7391//7435 7383//7436 7381//7434
f 7393//7437 7383//7436 7392//7438
f 7394//7439 7384//7440 7393//7437
f 7394//7439 7387//7428 7386//7441
f 7396//7442 7387//7428 7395//7443
f 7396//7442 7355//7444 7356//7445
f 7396//7442 7354//7446 7388//7427
f 7399//7447 7357//7448 7398//7449
f 7405//7450 7397//7451 7398//7452
f 7405//7450 7360//7391 7404//7453
f 7405//7450 7357//7385 7361//7392
f 7362//7387 7399//7454 7406//7455
f 7407//7456 5896//5923 7400//7457
f 7408//7458 7400//7457 7401//7459
f 7409//7460 7401//7459 7402//7461
f 7410//7462 7402//7461 7403//7463
f 7411//7464 7403//7463 7404//7453
f 7411//7464 7360//7391 7364//7399
f 7412//7465 7362//7387 7406//7455
f 7413//7466 5903//5924 7407//7456
f 7368//7408 5914//5930 7413//7466
f 7415//7467 7407//7456 7408//7458
f 7369//7411 7413//7466 7415//7467
f 7417//7468 7408//7458 7409//7460
f 7370//7414 7415//7467 7417//7468
f 7419//7469 7409//7460 7410//7462
f 7419//7469 7370//7414 7417//7468
f 7422//7470 7410//7462 7411//7464
f 7422//7470 7371//7418 7419//7469
f 7422//7470 7364//7399 7372//7421
f 7424//7471 7366//7395 7412//7465
f 7425//7472 5915//5944 5922//5945
f 7377//7430 5922//5945 5878//5946
f 7426//7473 7414//7474 7425//7472
f 7379//7432 7425//7472 7377//7430
f 7427//7475 7416//7476 7426//7473
f 7381//7434 7426//7473 7379//7432
f 7428//7477 7418//7478 7427//7475
f 7428//7477 7381//7434 7383//7436
f 7429//7479 7420//7480 7428//7477
f 7429//7479 7383//7436 7384//7440
f 7430//7481 7421//7482 7429//7479
f 7430//7481 7384//7440 7386//7441
f 7431//7483 7423//7484 7430//7481
f 7431//7483 7386//7441 7387//7428
f 7431//7485 7374//7406 7424//7471
f 7440//7486 7432//7487 7433//7488
f 7440//7486 7397//7451 7439//7489
f 7440//7486 7434//7490 7441//7491
f 7441//7491 7398//7449 7440//7486
f 7442//7492 5932//5962 7435//7493
f 7400//7457 5943//5963 7442//7492
f 7444//7494 7435//7493 7436//7495
f 7401//7459 7442//7492 7444//7494
f 7446//7496 7436//7495 7437//7497
f 7402//7461 7444//7494 7446//7496
f 7448//7498 7437//7497 7438//7499
f 7448//7498 7402//7461 7446//7496
f 7451//7500 7438//7499 7439//7489
f 7451//7500 7403//7463 7448//7498
f 7451//7500 7397//7451 7404//7453
f 7453//7501 7399//7454 7441//7502
f 7454//7503 5944//5977 5951//5985
f 7455//7504 7443//7505 7454//7503
f 7456//7506 7445//7507 7455//7504
f 7457//7508 7447//7509 7456//7506
f 7458//7510 7449//7511 7457//7508
f 7459//7512 7450//7513 7458//7510
f 7460//7514 7452//7515 7459//7512
f 7460//7516 7406//7455 7453//7501
f 7461//7517 5951//5985 5958//5986
f 7414//7474 5958//5986 5915//5944
f 7462//7518 7454//7503 7461//7517
f 7416//7476 7461//7517 7414//7474
f 7463//7519 7455//7504 7462//7518
f 7418//7478 7462//7518 7416//7476
f 7464//7520 7456//7506 7463//7519
f 7420//7480 7463//7519 7418//7478
f 7465//7521 7457//7508 7464//7520
f 7421//7482 7464//7520 7420//7480
f 7466//7522 7458//7510 7465//7521
f 7466//7522 7421//7482 7423//7484
f 7467//7523 7459//7512 7466//7522
f 7467//7523 7423//7484 7424//7524
f 7467//7525 7412//7465 7460//7516
f 7474//7526 3916//4178 3917//3784
f 7475//7527 5965//6002 7468//7528
f 7476//7529 7468//7528 7469//7530
f 7477//7531 7469//7530 7470//7532
f 7477//7531 7471//7533 7478//7534
f 7478//7534 7472//7535 7479//7536
f 7480//7537 7472//7535 7473//7538
f 7480//7539 7432//7487 7479//7540
f 7480//7537 7474//7526 7482//7541
f 7482//7542 7433//7488 7480//7543
f 7484//7544 5973//6003 7475//7527
f 7483//7545 5932//6023 5980//6024
f 7485//7546 7435//7547 7483//7545
f 7486//7548 7436//7549 7485//7546
f 7487//7550 7437//7551 7486//7548
f 7488//7552 7438//7553 7487//7550
f 7488//7554 7432//7555 7439//7556
f 7489//7557 7479//7558 7488//7559
f 7490//7560 7481//7561 7489//7557
f 7490//7562 7434//7563 7482//7564
f 5988//6040 7483//7565 5980//6040
f 7443//7505 5988//6041 5944//5977
f 7492//7566 7483//7565 7491//7567
f 7445//7507 7491//7568 7443//7505
f 7493//7569 7485//7570 7492//7566
f 7447//7509 7492//7571 7445//7507
f 7494//7572 7486//7573 7493//7569
f 7449//7511 7493//7574 7447//7509
f 7495//7575 7487//7576 7494//7572
f 7450//7513 7494//7577 7449//7511
f 7496//7578 7488//7559 7495//7575
f 7452//7515 7495//7579 7450//7513
f 7497//7580 7489//7557 7496//7578
f 7497//7580 7452//7515 7453//7581
f 7497//7582 7441//7502 7490//7562
f 7298//7335 3940//3836 3907//3807
f 7499//7583 7298//7335 7306//7584
f 7312//7362 7499//7583 7306//7584
f 7498//7585 3966//3837 3940//3836
f 7502//7586 3966//3837 7501//7587
f 7499//7583 7501//7587 7498//7585
f 7504//7588 7501//7587 7503//7589
f 7500//7590 7335//7363 7505//7591
f 7500//7592 7503//7589 7499//7583
f 7506//7593 7503//7589 7505//7594
f 7507//7595 7335//7596 7338//7597
f 7508//7598 7338//7597 7341//7599
f 7348//7429 7508//7598 7341//7599
f 7354//7446 7509//7600 7348//7429
f 7518//7601 7354//7446 7356//7445
f 7518//7601 7511//7602 7510//7603
f 7519//7604 7512//7605 7511//7602
f 7520//7606 7513//7607 7512//7605
f 7521//7608 7514//5706 7513//7607
f 7523//7609 7514//5706 7522//5708
f 7524//7610 7515//7611 7523//7609
f 7525//7612 7516//7613 7524//7610
f 7502//7586 3979//3864 3967//3850
f 7504//7588 7526//7614 7502//7586
f 7506//7593 7528//7615 7529//7616
f 7506//7593 7527//7617 7504//7588
f 7507//7618 7528//7615 7505//7594
f 7531//7619 7528//7615 7530//7620
f 7508//7621 7530//7620 7507//7618
f 7532//7622 7531//7619 7530//7620
f 7509//7600 7532//7622 7508//7621
f 7534//7623 7533//7624 7532//7622
f 7542//7625 7509//7600 7510//7603
f 7542//7625 7535//7626 7534//7623
f 7511//7602 7542//7625 7510//7603
f 7543//7627 7536//7628 7535//7626
f 7544//7629 7511//7602 7512//7605
f 7544//7629 7537//7630 7536//7628
f 7545//7631 7512//7605 7513//7607
f 7545//7631 7538//7632 7537//7630
f 7546//7633 7513//7607 7514//5706
f 7546//7633 7539//7634 7538//7632
f 7547//5730 7514//5706 7515//7611
f 7547//5730 7540//7634 7539//7634
f 7548//5730 7515//7611 7516//7613
f 7548//5730 7541//7635 7540//7634
f 7549//7636 7516//7613 7517//7637
f 7526//7614 3993//3863 3979//3864
f 7527//7617 7550//7638 7526//7614
f 7552//7639 7527//7617 7529//7616
f 7531//7619 7552//7639 7529//7616
f 7533//7624 7553//7640 7531//7619
f 7555//7641 7533//7624 7535//7642
f 7536//7628 7555//7643 7535//7644
f 7537//7630 7556//7645 7536//7628
f 7538//7632 7557//7646 7537//7630
f 7539//7634 7558//7647 7538//7632
f 7540//7634 7559//5747 7539//7634
f 7541//7635 7560//5747 7540//7634
f 7550//7638 4011//3883 3993//3863
f 7551//7648 7562//7649 7550//7638
f 7564//7650 7551//7648 7552//7639
f 7553//7640 7564//7650 7552//7639
f 7554//7651 7565//7652 7553//7640
f 7567//7653 7554//7651 7555//7641
f 7556//7645 7567//7654 7555//7643
f 7557//7646 7568//7655 7556//7645
f 7570//5758 7557//7646 7558//7647
f 7571//5759 7558//7647 7559//5747
f 7572//5759 7559//5747 7560//5747
f 7561//7656 7572//5759 7560//5747
f 7574//1724 4011//3883 7562//7649
f 7575//7657 7562//7649 7563//7658
f 7576//7659 7563//7658 7564//7650
f 7565//7652 7576//7659 7564//7650
f 7566//7660 7577//7661 7565//7652
f 7579//7662 7566//7660 7567//7653
f 7580//7663 7567//7654 7568//7655
f 7581//7664 7568//7655 7569//7665
f 7582//5769 7569//7665 7570//5758
f 7571//5759 7582//5769 7570//5758
f 7572//5759 7583//5770 7571//5759
f 7585//5771 7572//5759 7573//5761
f 7109//7143 4045//3919 7586//7666
f 7587//7667 7109//7143 7586//7666
f 7588//7668 7110//7144 7587//7667
f 7589//7669 7111//7145 7588//7668
f 7590//7670 7112//7146 7589//7669
f 7591//7671 7113//7147 7590//7670
f 7593//7672 7115//7151 7116//7149
f 7116//7149 7591//7671 7593//7672
f 7118//7152 7594//7673 7117//7150
f 7118//7152 7592//7674 7595//7675
f 7596//7676 4045//3919 4056//3930
f 7597//7677 7586//7666 7596//7676
f 7588//7668 7597//7677 7598//7678
f 7599//7679 7588//7668 7598//7678
f 7600//7680 7589//7669 7599//7679
f 7591//7671 7600//7680 7601//7681
f 7593//7672 7602//7682 7592//7674
f 7593//7672 7601//7681 7603//7683
f 7595//7675 7604//7684 7594//7673
f 7595//7675 7602//7682 7605//7685
f 7606//7686 7602//7682 7603//7683
f 7608//7687 4076//3952 7607//7688
f 7609//7689 4056//3930 4078//3955
f 7611//7690 7607//7688 7610//7691
f 7611//7690 7609//7692 7608//7687
f 7612//7693 7596//7676 7609//7689
f 7613//7694 7611//7690 7610//7691
f 7615//7695 7611//7690 7614//7696
f 7598//7678 7612//7693 7615//7697
f 7617//7698 7613//7694 7616//7699
f 7618//7700 7598//7678 7615//7697
f 7620//7701 7616//7699 7619//7702
f 7600//7680 7618//7700 7621//7703
f 7623//7704 7619//7702 7622//7705
f 7601//7681 7621//7703 7624//7706
f 7625//7707 7601//7681 7624//7706
f 7627//7708 7604//7684 7605//7685
f 7606//7686 7627//7708 7605//7685
f 7606//7686 7625//7707 7628//7709
f 7607//7710 4098//3988 7629//7711
f 7630//7712 4077//7713 7608//7714
f 7630//7715 4100//7716 4099//7717
f 7631//7718 7608//7719 7609//7720
f 7631//7721 4078//3955 4100//7722
f 7610//7723 7629//7711 7632//7724
f 7613//7725 7632//7724 7633//7726
f 7635//7727 7614//7728 7634//7729
f 7616//7730 7633//7726 7636//7731
f 7617//7698 7634//7732 7614//7696
f 7637//7733 7635//7734 7634//7735
f 7618//7700 7635//7736 7638//7737
f 7639//7738 7616//7730 7636//7731
f 7640//7739 7617//7698 7620//7701
f 7641//7740 7637//7733 7640//7739
f 7621//7703 7638//7737 7641//7741
f 7622//7742 7639//7738 7642//7743
f 7643//7744 7622//7705 7642//7745
f 7623//7704 7640//7739 7620//7701
f 7644//7746 7640//7739 7643//7747
f 7624//7706 7641//7741 7644//7748
f 7649//7749 7642//7750 7648//7751
f 7650//7752 7643//7747 7649//7749
f 7625//7707 7644//7748 7650//7753
f 7651//7754 7517//7637 7525//7612
f 7652//7755 7645//7756 7651//7754
f 7653//7757 7646//7758 7652//7755
f 7654//7759 7647//7760 7653//7757
f 7655//7761 7648//7751 7654//7759
f 7655//7762 7626//7763 7627//7708
f 7656//7764 7649//7749 7655//7761
f 7656//7765 7627//7708 7628//7709
f 7656//7765 7625//7707 7650//7753
f 7629//7711 4117//4015 7657//7766
f 7632//7724 7657//7766 7658//7767
f 7633//7726 7658//7767 7659//7768
f 7660//7769 7633//7726 7659//7768
f 7661//7770 7636//7731 7660//7769
f 7665//7771 7639//7738 7661//7770
f 7666//7772 7541//7635 7549//7636
f 7645//7756 7549//7636 7517//7637
f 7667//7773 7662//7774 7666//7772
f 7667//7773 7645//7756 7646//7758
f 7668//7775 7663//7776 7667//7773
f 7668//7775 7646//7758 7647//7760
f 7669//7777 7664//7778 7668//7775
f 7669//7777 7647//7760 7648//7751
f 7669//7777 7642//7743 7665//7771
f 7657//7766 4136//4043 7670//4043
f 7658//7767 7670//4043 7671//4043
f 7672//7779 7658//7767 7671//4043
f 7673//7780 7659//7768 7672//7779
f 7674//7781 7660//7769 7673//7780
f 7662//7774 7561//7656 7541//7635
f 7663//7776 7675//7782 7662//7774
f 7664//7783 7676//7784 7663//7776
f 7678//7785 7664//7783 7665//7786
f 7678//7787 7661//7770 7674//7781
f 7670//4043 4152//4064 7679//4064
f 7671//4043 7679//4064 7680//4064
f 7672//7779 7680//4064 7681//4064
f 7673//7780 7681//4064 7682//7788
f 7683//7789 7673//7780 7682//7788
f 7675//7782 7573//5761 7561//7656
f 7676//7784 7684//7790 7675//7782
f 7677//7791 7685//7792 7676//7784
f 7687//7793 7677//7791 7678//7785
f 7687//7794 7674//7781 7683//7789
f 7679//4064 4168//1714 7688//1714
f 7680//4064 7688//1714 7689//1714
f 7690//1714 7680//4064 7689//1714
f 7682//7788 7690//1714 7691//7795
f 7683//7789 7691//7795 7692//7796
f 7684//7790 7585//5771 7573//5761
f 7685//7792 7693//7797 7684//7790
f 7686//7798 7694//7799 7685//7792
f 7687//7793 7695//7800 7686//7798
f 7696//7801 7683//7789 7692//7796
f 7180//7214 6056//6119 5576//5534
f 7698//7802 7180//7214 7181//7803
f 7182//7215 7698//7802 7181//7803
f 7700//7804 7182//7215 7183//7216
f 7701//7805 7183//7216 7184//7217
f 7702//7806 7184//7217 7185//7218
f 7186//7219 7702//7806 7185//7218
f 7704//7807 7186//7219 7187//7220
f 7705//6076 6056//6119 7697//7808
f 7706//7809 7697//7808 7698//7802
f 7699//7810 7706//7809 7698//7802
f 7700//7804 7707//7811 7699//7810
f 7701//7805 7708//7812 7700//7804
f 7702//7806 7709//7813 7701//7805
f 7711//7814 7702//7806 7703//7815
f 7704//7807 7711//7814 7703//7815
f 7721//7816 6072//6144 6080//6136
f 7721//7816 6064//6137 7705//6076
f 7721//7816 7714//7817 7713//7818
f 7722//7819 7705//6076 7706//7809
f 7723//7820 7714//7817 7722//7819
f 7707//7811 7722//7819 7706//7809
f 7724//7821 7715//7822 7723//7820
f 7708//7812 7723//7820 7707//7811
f 7725//7823 7716//7824 7724//7821
f 7709//7813 7724//7821 7708//7812
f 7726//7825 7717//7826 7725//7823
f 7710//7827 7725//7823 7709//7813
f 7727//7828 7718//7829 7726//7825
f 7727//7828 7710//7827 7711//7814
f 7727//7828 7720//7830 7719//7831
f 7728//7832 7711//7814 7712//7833
f 7729//7834 6072//6144 7713//7818
f 7730//7835 7713//7818 7714//7817
f 7715//7822 7730//7835 7714//7817
f 7716//7824 7731//7836 7715//7822
f 7717//7826 7732//7837 7716//7824
f 7718//7829 7733//7838 7717//7826
f 7719//7831 7734//7839 7718//7829
f 7736//7840 7355//7444 7735//7841
f 7736//7840 7719//7831 7720//7830
f 6095//6152 7389//7431 5886//5902
f 7737//7842 6088//6153 7729//7834
f 7737//7842 7390//7433 7389//7431
f 7738//7843 7729//7834 7730//7835
f 7738//7843 7391//7435 7390//7433
f 7731//7836 7738//7843 7730//7835
f 7740//7844 7391//7435 7739//7845
f 7732//7837 7739//7845 7731//7836
f 7741//7846 7392//7438 7740//7844
f 7741//7846 7732//7837 7733//7838
f 7742//7847 7393//7437 7741//7846
f 7742//7847 7733//7838 7734//7839
f 7743//7848 7394//7439 7742//7847
f 7743//7848 7734//7839 7735//7841
f 7743//7848 7355//7444 7395//7443
f 7248//7281 7704//7807 7187//7220
f 7249//7282 7744//7849 7248//7281
f 7250//7283 7745//7850 7249//7282
f 7747//7851 7250//7283 7251//7852
f 7252//7284 7747//7851 7251//7852
f 7749//7853 7252//7284 7253//7285
f 7750//7854 7253//7285 7254//7286
f 7751//7855 7254//7286 7255//7321
f 7753//7856 7704//7807 7744//7849
f 7754//7857 7744//7849 7745//7850
f 7746//7858 7754//7857 7745//7850
f 7747//7851 7755//7859 7746//7858
f 7748//7860 7756//7861 7747//7851
f 7749//7853 7757//7862 7748//7860
f 7759//7863 7749//7853 7750//7854
f 7751//7855 7759//7863 7750//7854
f 7728//7832 7761//7864 7720//7830
f 7769//7865 7712//7833 7753//7856
f 7769//7865 7762//7866 7761//7864
f 7770//7867 7753//7856 7754//7857
f 7771//7868 7762//7866 7770//7867
f 7755//7859 7770//7867 7754//7857
f 7772//7869 7763//7870 7771//7868
f 7756//7861 7771//7868 7755//7859
f 7773//7871 7764//7872 7772//7869
f 7757//7862 7772//7869 7756//7861
f 7774//7873 7765//7874 7773//7871
f 7758//7875 7773//7871 7757//7862
f 7775//7876 7766//7877 7774//7873
f 7775//7876 7758//7875 7759//7863
f 7776//7878 7767//7879 7775//7876
f 7776//7878 7759//7863 7760//7880
f 7776//7878 7752//7881 7768//7882
f 7736//7840 7518//7601 7356//7445
f 7777//7883 7720//7830 7761//7864
f 7777//7883 7519//7604 7518//7601
f 7778//7884 7761//7864 7762//7866
f 7778//7884 7520//7606 7519//7604
f 7763//7870 7778//7884 7762//7866
f 7780//7885 7520//7606 7779//7886
f 7764//7872 7779//7886 7763//7870
f 7781//7887 7521//7608 7780//7885
f 7765//7874 7780//7885 7764//7872
f 7782//7888 7522//5708 7781//7887
f 7766//7877 7781//7887 7765//7874
f 7782//7888 7524//7610 7523//7609
f 7783//7889 7766//7877 7767//7879
f 7783//7889 7525//7612 7524//7610
f 7784//7890 7767//7879 7768//7882
f 7287//7319 7785//7891 7286//7318
f 7288//7320 7786//7892 7287//7319
f 7787//7893 7117//7150 7594//7673
f 7788//7894 7255//7321 7289//7322
f 7290//7323 7788//7894 7289//7322
f 7789//7895 7286//7318 7785//7891
f 7792//7896 7785//7891 7786//7892
f 7787//7893 7792//7896 7786//7892
f 7793//7897 7594//7673 7604//7684
f 7794//7898 7752//7881 7760//7880
f 7794//7898 7751//7855 7788//7894
f 7795//7899 7790//7900 7794//7898
f 7795//7899 7788//7894 7789//7895
f 7795//7899 7785//7891 7791//7901
f 7796//7902 7752//7881 7790//7900
f 7797//7903 7790//7900 7791//7901
f 7792//7896 7797//7903 7791//7901
f 7793//7897 7798//7904 7792//7896
f 7799//7905 7604//7684 7626//7763
f 7800//7906 7525//7612 7784//7890
f 7796//7902 7784//7890 7768//7882
f 7801//7907 7651//7754 7800//7906
f 7797//7903 7800//7906 7796//7902
f 7802//7908 7652//7755 7801//7907
f 7798//7904 7801//7909 7797//7903
f 7803//7910 7653//7757 7802//7908
f 7803//7911 7798//7904 7799//7905
f 7803//7911 7626//7763 7654//7912
f 7804//7913 2361//6298 4253//7914
f 7468//7528 6234//6299 7804//7913
f 7806//7915 4253//7914 4254//7916
f 7469//7530 7804//7913 7806//7915
f 7808//7917 4254//7916 4255//7918
f 7470//7532 7806//7915 7808//7917
f 7810//7919 4255//7918 4256//7920
f 7471//7533 7808//7917 7810//7919
f 7812//7921 4256//7920 4257//7922
f 7472//7535 7810//7919 7812//7921
f 7815//7923 4257//7922 4258//4176
f 7815//7923 7472//7535 7812//7921
f 7815//7923 3916//4178 7473//7538
f 7816//7924 3917//7925 4259//4179
f 7817//7926 6235//6319 6242//7927
f 7818//7928 7805//7929 7817//7926
f 7476//7930 7817//7931 7475//7932
f 7819//7933 7807//7934 7818//7928
f 7477//7935 7818//7936 7476//7930
f 7820//7937 7809//7938 7819//7933
f 7820//7939 7477//7935 7478//7940
f 7820//7937 7813//7941 7811//7942
f 7821//7943 7478//7940 7479//7558
f 7822//7944 7813//7941 7821//7943
f 7822//7944 7479//7558 7481//7945
f 7823//7946 7814//7947 7822//7944
f 7482//7948 7822//7944 7481//7561
f 7823//7949 7474//7950 7816//7924
f 7824//7951 6242//7927 6243//7952
f 7484//7953 6243//7953 5981//7953
f 7824//7954 7475//7955 7817//7956
f 7825//7957 2424//6337 6250//7958
f 7805//7929 6250//6338 6235//6319
f 7826//7959 4316//7960 7825//7957
f 7807//7934 7825//7961 7805//7929
f 7827//7962 4317//7963 7826//7959
f 7809//7938 7826//7964 7807//7934
f 7828//7965 4318//7966 7827//7962
f 7811//7942 7827//7967 7809//7938
f 7829//7968 4319//7969 7828//7965
f 7813//7941 7828//7970 7811//7942
f 7830//7971 4320//4261 7829//7968
f 7814//7947 7829//7968 7813//7941
f 7831//7972 4321//4265 7830//7971
f 7831//7972 7814//7947 7816//7973
f 7831//7974 4259//4179 4322//4266
f 7832//7975 4035//1724 7574//1724
f 7833//7976 7574//1724 7575//7657
f 7834//7977 7575//7657 7576//7659
f 7577//7661 7834//7977 7576//7659
f 7578//7978 7835//7979 7577//7661
f 7837//7980 7578//7978 7579//7662
f 7580//7663 7837//7981 7579//7982
f 7839//7983 7580//7663 7581//7664
f 7582//5769 7839//7983 7581//7664
f 7841//6215 7582//5769 7583//5770
f 7842//6215 7583//5770 7584//5770
f 7843//6216 7584//5770 7585//5771
f 7832//7975 4446//4451 4403//4389
f 7845//7984 7832//7975 7833//7976
f 7846//7985 7833//7976 7834//7977
f 7835//7979 7846//7985 7834//7977
f 7836//7986 7847//7987 7835//7979
f 7849//7988 7836//7986 7837//7980
f 7838//7989 7849//7990 7837//7981
f 7851//7991 7838//7989 7839//7983
f 7852//7992 7839//7983 7840//6214
f 7853//6227 7840//6214 7841//6215
f 7854//6227 7841//6215 7842//6215
f 7855//7993 7842//6215 7843//6216
f 7844//7994 4467//4470 4446//4451
f 7845//7984 7856//7995 7844//7994
f 7846//7985 7857//7996 7845//7984
f 7847//7987 7858//7997 7846//7985
f 7848//7998 7859//7999 7847//7987
f 7867//8000 7848//7998 7849//7988
f 7867//8001 7861//8002 7860//8003
f 7850//8004 7867//8001 7849//7990
f 7868//8005 7862//8006 7861//8002
f 7851//7991 7868//8005 7850//8004
f 7869//8007 7863//6240 7862//8006
f 7852//7992 7869//8007 7851//7991
f 7871//6239 7863//6240 7870//8008
f 7871//6239 7852//7992 7853//6227
f 7872//6239 7864//6241 7871//6239
f 7872//6239 7853//6227 7854//6227
f 7872//6239 7866//6244 7865//6241
f 7873//8009 7854//6227 7855//7993
f 7856//7995 4482//8010 4467//4470
f 7875//8011 4482//4486 7874//8012
f 7875//8011 4484//4487 4483//4485
f 7876//8013 4485//2162 4484//4487
f 7878//6251 4485//2162 7877//6252
f 7879//6251 4486//2161 7878//6251
f 7880//6254 4487//2161 7879//6251
f 7857//7996 7874//8014 7856//7995
f 7881//8015 7875//8011 7874//8012
f 7882//8016 7876//8013 7875//8011
f 7883//8017 7877//6252 7876//8013
f 7885//6259 7877//6252 7884//6260
f 7886//6259 7878//6251 7885//6259
f 7887//6261 7879//6251 7886//6259
f 7888//8018 7857//7996 7858//7997
f 7888//8019 7882//8016 7881//8015
f 7890//8020 7882//8016 7889//8021
f 7891//6266 7883//8017 7890//8020
f 7892//6267 7884//6260 7891//6266
f 7893//6267 7885//6259 7892//6267
f 7894//6268 7886//6259 7893//6267
f 7895//8022 7858//7997 7859//7999
f 7895//8023 7889//8021 7888//8019
f 7896//8024 7890//8020 7889//8021
f 7898//6273 7890//8020 7897//8025
f 7899//6274 7891//6266 7898//6273
f 7900//6274 7892//6267 7899//6274
f 7901//6275 7893//6267 7900//6274
f 7902//8026 7859//7999 7860//8027
f 7902//8028 7896//8024 7895//8023
f 7861//8002 7902//8028 7860//8003
f 7903//8029 7897//8025 7896//8024
f 7862//8006 7903//8029 7861//8002
f 7904//8030 7898//6273 7897//8025
f 7863//6240 7904//8030 7862//8006
f 7906//6281 7898//6273 7905//8031
f 7906//6281 7863//6240 7864//6241
f 7907//6281 7899//6274 7906//6281
f 7865//6241 7906//6281 7864//6241
f 7908//8032 7900//6274 7907//6281
f 7908//8032 7865//6241 7866//6244
f 7688//1714 4502//1714 7909//1714
f 7689//1714 7909//1714 7910//1714
f 7911//1714 7689//1714 7910//1714
f 7691//7795 7911//1714 7912//8033
f 7913//8034 7691//7795 7912//8033
f 7914//8035 7585//5771 7693//7797
f 7694//7799 7914//8035 7693//7797
f 7695//7800 7915//8036 7694//7799
f 7917//8037 7695//7800 7696//8038
f 7917//8039 7692//7796 7913//8034
f 7909//1714 4514//4515 7918//8040
f 7910//1714 7918//8040 7919//8040
f 7911//1714 7919//8040 7920//8041
f 7921//8042 7911//1714 7920//8041
f 7922//8043 7912//8033 7921//8042
f 7914//8035 7855//7993 7843//6216
f 7915//8036 7923//8044 7914//8035
f 7925//8045 7915//8036 7916//8046
f 7926//8047 7916//8046 7917//8037
f 7926//8048 7913//8034 7922//8043
f 7918//8040 4524//4527 7927//8049
f 7919//8040 7927//8049 7928//8050
f 7929//8051 7919//8040 7928//8050
f 7930//8052 7920//8041 7929//8051
f 7934//8053 7921//8042 7930//8052
f 7873//8009 7931//8054 7866//6244
f 7935//8055 7855//7993 7923//8044
f 7935//8055 7932//8056 7931//8054
f 7936//8057 7923//8044 7924//8058
f 7936//8057 7933//8059 7932//8056
f 7937//8060 7924//8058 7925//8045
f 7938//8061 7933//8059 7937//8060
f 7938//8061 7925//8045 7926//8047
f 7938//8062 7922//8043 7934//8053
f 7939//8063 4488//2163 7880//6254
f 7940//8064 4533//4537 7939//8063
f 7941//8065 4534//4538 7940//8064
f 7942//8066 4535//4539 7941//8065
f 7927//8049 4536//4541 7942//8067
f 7943//8068 7880//6254 7887//6261
f 7944//8069 7939//8063 7943//8068
f 7945//8070 7940//8064 7944//8069
f 7946//8071 7941//8065 7945//8070
f 7928//8050 7942//8067 7946//8072
f 7894//6268 7943//8068 7887//6261
f 7947//8073 7944//8069 7943//8068
f 7949//8074 7944//8069 7948//8075
f 7950//8076 7945//8070 7949//8074
f 7950//8077 7928//8050 7946//8072
f 7901//6275 7947//8073 7894//6268
f 7952//8078 7947//8073 7951//8079
f 7953//8080 7948//8075 7952//8078
f 7954//8081 7949//8074 7953//8080
f 7954//8082 7929//8051 7950//8077
f 7955//8083 7901//6275 7908//8032
f 7931//8054 7908//8032 7866//6244
f 7956//8084 7951//8079 7955//8083
f 7932//8056 7955//8083 7931//8054
f 7957//8085 7952//8078 7956//8084
f 7933//8059 7956//8084 7932//8056
f 7958//8086 7953//8080 7957//8085
f 7958//8086 7933//8059 7934//8087
f 7958//8088 7930//8052 7954//8082
f 12//1 11//6 8//2
f 15//4 14//10 10//5
f 16//7 15//4 11//6
f 18//8 17//14 13//9
f 19//11 18//8 14//10
f 20//12 19//11 15//4
f 22//13 21//17 17//14
f 23//15 22//13 18//8
f 24//12 23//15 19//11
f 26//16 25//322 21//17
f 27//18 26//16 22//13
f 27//18 23//15 24//12
f 29//20 25//322 26//16
f 31//22 30//21 26//16
f 31//22 27//18 28//19
f 36//24 35//41 1//25
f 37//27 36//24 2//26
f 38//29 37//27 3//28
f 38//29 4//30 5//31
f 39//32 5//31 6//33
f 41//35 9//3 7//36
f 42//38 41//35 33//37
f 43//40 42//38 34//39
f 44//42 43//40 35//41
f 45//43 44//42 36//24
f 46//43 45//43 37//27
f 46//43 38//29 39//32
f 47//44 39//32 40//34
f 49//46 12//1 9//3
f 50//47 49//46 41//35
f 51//48 50//47 42//38
f 52//12 51//48 43//40
f 53//12 52//12 44//42
f 53//12 45//43 46//43
f 54//12 46//43 47//44
f 55//12 47//44 48//45
f 57//49 16//7 12//1
f 58//12 57//49 49//46
f 59//12 58//12 50//47
f 60//12 59//12 51//48
f 61//12 60//12 52//12
f 61//12 53//12 54//12
f 62//12 54//12 55//12
f 63//12 55//12 56//12
f 65//12 20//12 16//7
f 66//12 65//12 57//49
f 66//12 58//12 59//12
f 67//12 59//12 60//12
f 68//12 60//12 61//12
f 69//12 61//12 62//12
f 70//12 62//12 63//12
f 71//12 63//12 64//12
f 24//12 20//12 65//12
f 74//12 73//12 65//12
f 74//12 66//12 67//12
f 75//12 67//12 68//12
f 76//12 68//12 69//12
f 77//12 69//12 70//12
f 79//12 78//12 70//12
f 79//12 71//12 72//12
f 28//19 24//12 73//12
f 82//19 81//19 73//12
f 82//19 74//12 75//12
f 83//19 75//12 76//12
f 84//19 76//12 77//12
f 85//19 77//12 78//12
f 87//19 86//19 78//12
f 87//19 79//12 80//12
f 32//23 28//19 81//19
f 90//23 89//23 81//19
f 91//23 90//23 82//19
f 92//23 91//23 83//19
f 92//23 84//19 85//19
f 93//23 85//19 86//19
f 94//23 86//19 87//19
f 95//23 87//19 88//19
f 103//50 40//34 6//33
f 104//52 103//50 97//51
f 105//54 104//52 98//53
f 105//54 99//55 100//56
f 106//57 100//56 101//58
f 107//59 101//58 102//60
f 48//45 40//34 103//50
f 111//45 103//50 104//52
f 113//43 112//44 104//52
f 113//43 105//54 106//57
f 114//43 106//57 107//59
f 115//62 107//59 108//61
f 116//63 108//61 109//64
f 117//65 109//64 110//66
f 56//12 48//45 111//45
f 119//12 111//45 112//44
f 120//12 112//44 113//43
f 121//12 113//43 114//43
f 122//12 114//43 115//62
f 123//12 115//62 116//63
f 124//68 116//63 117//65
f 125//69 117//65 118//67
f 64//12 56//12 119//12
f 127//12 119//12 120//12
f 129//12 128//12 120//12
f 129//12 121//12 122//12
f 131//12 130//12 122//12
f 131//12 123//12 124//68
f 132//12 124//68 125//69
f 133//12 125//69 126//70
f 72//12 64//12 127//12
f 135//12 127//12 128//12
f 136//12 128//12 129//12
f 137//12 129//12 130//12
f 138//12 130//12 131//12
f 139//12 131//12 132//12
f 140//12 132//12 133//12
f 141//12 133//12 134//71
f 80//12 72//12 135//12
f 143//12 135//12 136//12
f 144//12 136//12 137//12
f 145//12 137//12 138//12
f 147//12 146//12 138//12
f 148//12 147//12 139//12
f 148//12 140//12 141//12
f 149//12 141//12 142//12
f 88//19 80//12 143//12
f 151//19 143//12 144//12
f 152//19 144//12 145//12
f 153//19 145//12 146//12
f 154//19 146//12 147//12
f 155//19 147//12 148//12
f 156//19 148//12 149//12
f 158//19 157//19 149//12
f 159//23 96//23 88//19
f 160//23 159//23 151//19
f 161//23 160//23 152//19
f 162//23 161//23 153//19
f 163//23 162//23 154//19
f 164//23 163//23 155//19
f 165//23 164//23 156//19
f 166//23 165//23 157//19
f 118//67 110//66 167//72
f 126//70 118//67 168//73
f 170//74 168//73 169//75
f 134//71 126//70 170//74
f 173//77 170//74 171//76
f 174//78 171//76 172//79
f 142//12 134//71 173//77
f 177//12 173//77 174//78
f 178//81 174//78 175//80
f 179//82 175//80 176//83
f 181//12 150//12 142//12
f 181//12 177//12 178//81
f 182//85 178//81 179//82
f 183//86 179//82 180//84
f 185//19 158//19 150//12
f 185//19 181//12 182//85
f 186//88 182//85 183//86
f 187//89 183//86 184//87
f 189//23 166//23 158//19
f 190//91 189//23 185//19
f 190//91 186//88 187//89
f 192//93 191//92 187//89
f 198//94 197//4548 193//95
f 198//94 194//96 195//97
f 200//45 199//98 195//97
f 201//100 197//4548 198//94
f 202//101 198//94 199//98
f 204//12 203//102 199//98
f 205//103 201//100 202//101
f 206//104 202//101 203//102
f 207//105 203//102 204//12
f 209//106 205//103 206//104
f 210//107 206//104 207//105
f 211//108 207//105 208//12
f 213//110 210//107 211//108
f 214//111 211//108 212//109
f 216//113 213//110 214//111
f 217//114 214//111 215//112
f 219//116 217//114 218//115
f 200//45 196//99 221//99
f 229//45 221//99 222//99
f 231//45 230//45 222//99
f 232//45 231//45 223//99
f 233//45 232//45 224//99
f 234//45 233//45 225//99
f 235//45 234//45 226//99
f 236//45 235//45 227//99
f 204//12 200//45 229//45
f 237//12 229//45 230//45
f 238//12 230//45 231//45
f 239//12 231//45 232//45
f 240//12 232//45 233//45
f 241//12 233//45 234//45
f 243//12 242//12 234//45
f 243//12 235//45 236//45
f 208//12 204//12 237//12
f 245//12 237//12 238//12
f 246//12 238//12 239//12
f 248//12 247//12 239//12
f 249//12 248//12 240//12
f 249//12 241//12 242//12
f 250//12 242//12 243//12
f 251//12 243//12 244//12
f 212//109 208//12 245//12
f 253//12 245//12 246//12
f 254//12 246//12 247//12
f 255//12 247//12 248//12
f 256//12 248//12 249//12
f 257//12 249//12 250//12
f 258//12 250//12 251//12
f 259//12 251//12 252//12
f 215//112 212//109 253//12
f 261//118 253//12 254//12
f 262//119 254//12 255//12
f 263//12 255//12 256//12
f 264//12 256//12 257//12
f 265//12 257//12 258//12
f 266//12 258//12 259//12
f 267//12 259//12 260//12
f 218//115 215//112 261//118
f 269//120 261//118 262//119
f 270//121 262//119 263//12
f 271//122 263//12 264//12
f 273//124 272//123 264//12
f 273//124 265//12 266//12
f 274//125 266//12 267//12
f 275//126 267//12 268//12
f 220//117 218//115 269//120
f 277//128 269//120 270//121
f 278//129 270//121 271//122
f 279//130 271//122 272//123
f 280//131 272//123 273//124
f 281//132 273//124 274//125
f 282//133 274//125 275//126
f 283//134 275//126 276//127
f 285//136 277//128 278//129
f 286//137 278//129 279//130
f 288//139 287//138 279//130
f 289//140 288//139 280//131
f 290//141 289//140 281//132
f 291//142 290//141 282//133
f 292//143 291//142 283//134
f 236//45 228//99 293//99
f 301//45 293//99 294//99
f 302//45 294//99 295//99
f 303//45 295//99 296//99
f 304//45 296//99 297//99
f 305//45 297//99 298//99
f 306//45 298//99 299//99
f 307//45 299//99 300//99
f 244//12 236//45 301//45
f 309//12 301//45 302//45
f 310//12 302//45 303//45
f 311//12 303//45 304//45
f 313//12 312//12 304//45
f 313//12 305//45 306//45
f 314//12 306//45 307//45
f 315//12 307//45 308//45
f 252//12 244//12 309//12
f 317//12 309//12 310//12
f 318//12 310//12 311//12
f 319//12 311//12 312//12
f 321//12 320//12 312//12
f 321//12 313//12 314//12
f 322//12 314//12 315//12
f 323//12 315//12 316//12
f 260//12 252//12 317//12
f 325//12 317//12 318//12
f 326//12 318//12 319//12
f 327//12 319//12 320//12
f 328//12 320//12 321//12
f 329//12 321//12 322//12
f 330//12 322//12 323//12
f 331//12 323//12 324//12
f 268//12 260//12 325//12
f 333//12 325//12 326//12
f 334//12 326//12 327//12
f 335//12 327//12 328//12
f 336//12 328//12 329//12
f 337//12 329//12 330//12
f 339//144 338//12 330//12
f 340//145 339//144 331//12
f 276//127 268//12 333//12
f 341//127 333//12 334//12
f 342//126 334//12 335//12
f 344//124 343//125 335//12
f 344//124 336//12 337//12
f 345//146 337//12 338//12
f 347//147 346//122 338//12
f 348//148 347//147 339//144
f 284//135 276//127 341//127
f 350//150 349//149 341//127
f 351//151 350//150 342//126
f 352//152 351//151 343//125
f 353//153 352//152 344//124
f 354//154 353//153 345//146
f 355//155 354//154 346//122
f 356//156 355//155 347//147
f 308//45 300//99 357//99
f 361//45 357//99 358//157
f 363//159 362//158 358//157
f 363//159 359//160 360//161
f 316//12 308//45 361//45
f 365//12 361//45 362//158
f 367//164 366//163 362//158
f 368//165 367//164 363//159
f 324//12 316//12 365//12
f 370//166 369//12 365//12
f 371//167 370//166 366//163
f 372//168 371//167 367//164
f 373//169 332//12 324//12
f 374//170 373//169 369//12
f 375//171 374//170 370//166
f 376//172 375//171 371//167
f 377//173 340//145 332//12
f 378//174 377//173 373//169
f 379//175 378//174 374//170
f 380//176 348//148 340//145
f 381//177 380//176 377//173
f 382//178 381//177 378//174
f 383//179 356//156 348//148
f 384//180 383//179 380//176
f 385//181 292//143 284//135
f 385//181 349//149 350//150
f 386//182 350//150 351//151
f 387//183 351//151 352//152
f 388//184 352//152 353//153
f 389//185 353//153 354//154
f 391//187 390//186 354//154
f 392//188 391//187 355//155
f 398//189 395//250 394//190
f 401//192 397//191 396//193
f 398//189 397//191 401//192
f 407//196 401//192 400//194
f 408//198 407//196 403//199
f 408//198 402//195 401//192
f 408//198 404//200 399//201
f 411//202 404//200 403//199
f 414//204 406//197 405//205
f 415//207 414//204 409//208
f 415//207 407//196 406//197
f 415//207 410//203 403//199
f 417//209 410//203 409//208
f 418//211 411//202 410//203
f 420//212 413//206 412//213
f 421//215 414//204 413//206
f 421//215 416//210 409//208
f 428//216 2//219 1//25
f 429//218 3//8089 2//219
f 4//220 3//8089 429//218
f 431//222 430//221 422//223
f 431//222 5//227 4//220
f 432//225 431//222 423//224
f 432//225 6//8090 5//227
f 437//228 423//224 422//223
f 438//230 424//226 423//224
f 440//231 426//235 425//232
f 441//234 427//217 426//235
f 442//236 441//234 433//237
f 442//236 428//216 427//217
f 442//236 434//238 435//239
f 443//240 429//218 428//216
f 444//241 443//240 435//239
f 444//241 430//221 429//218
f 444//241 436//229 422//223
f 447//242 434//238 433//237
f 448//244 435//239 434//238
f 449//245 436//229 435//239
f 437//228 436//229 449//245
f 438//230 437//228 450//246
f 452//248 439//233 393//249
f 440//231 439//233 452//248
f 454//252 453//251 445//253
f 454//252 441//234 440//231
f 454//252 446//243 433//237
f 457//254 446//243 445//253
f 447//242 446//243 457//254
f 448//244 447//242 458//256
f 449//245 448//244 459//257
f 450//246 449//245 460//258
f 451//247 450//246 461//259
f 452//248 395//250 398//189
f 464//262 463//261 455//263
f 464//262 453//251 452//248
f 464//262 456//255 445//253
f 466//264 456//255 455//263
f 457//254 456//255 466//264
f 458//256 457//254 467//266
f 459//257 458//256 468//267
f 460//258 459//257 469//268
f 471//270 461//259 460//258
f 472//271 462//260 461//259
f 473//272 402//195 399//201
f 473//272 463//261 398//189
f 473//272 465//265 455//263
f 477//273 465//265 399//201
f 478//274 466//264 465//265
f 467//266 466//264 478//274
f 468//267 467//266 479//275
f 481//277 469//268 468//267
f 470//269 469//268 481//277
f 483//279 482//278 474//280
f 483//279 471//270 470//269
f 483//279 475//281 476//282
f 484//283 472//271 471//270
f 488//284 475//281 474//280
f 489//286 476//282 475//281
f 490//287 477//273 404//200
f 478//274 477//273 490//287
f 479//275 478//274 491//288
f 493//290 480//276 479//275
f 494//291 493//290 485//292
f 494//291 481//277 480//276
f 495//294 494//291 486//293
f 495//294 482//278 481//277
f 495//294 487//285 474//280
f 499//295 486//293 485//292
f 500//297 487//285 486//293
f 488//284 487//285 500//297
f 502//299 489//286 488//284
f 490//287 411//202 418//211
f 491//288 490//287 503//300
f 505//302 504//301 496//303
f 505//302 492//289 491//288
f 506//305 505//302 497//304
f 506//305 493//290 492//289
f 506//305 498//296 485//292
f 511//306 510//309 507//307
f 511//306 9//3 8//2
f 511//306 508//308 7//36
f 514//310 513//312 509//311
f 514//310 11//6 10//5
f 514//310 510//309 8//2
f 517//313 516//315 512//314
f 517//313 14//10 13//9
f 517//313 513//312 10//5
f 519//316 518//340 515//317
f 519//316 516//315 13//9
f 520//318 518//340 519//316
f 521//319 519//316 17//14
f 522//320 520//318 521//319
f 25//322 523//321 521//319
f 524//323 522//320 523//321
f 29//20 525//324 523//321
f 526//325 525//324 29//20
f 527//326 526//325 30//21
f 528//327 527//326 31//22
f 531//328 508//308 507//307
f 534//330 533//332 529//331
f 534//330 510//309 509//311
f 534//330 530//329 507//307
f 537//333 536//335 532//334
f 537//333 513//312 512//314
f 537//333 533//332 509//311
f 539//336 538//338 535//337
f 539//336 516//315 515//317
f 539//336 536//335 512//314
f 540//339 538//338 515//317
f 541//341 540//339 518//340
f 522//320 543//344 541//341
f 545//342 544//361 542//343
f 545//342 543//344 522//320
f 548//345 530//329 529//331
f 549//347 548//345 394//190
f 549//347 531//328 530//329
f 549//347 395//250 393//249
f 551//348 550//350 546//349
f 551//348 533//332 532//334
f 551//348 547//346 529//331
f 553//351 536//335 535//337
f 553//351 550//350 532//334
f 554//353 552//352 535//337
f 540//339 556//356 554//353
f 558//354 557//358 555//355
f 558//354 556//356 540//339
f 560//357 559//359 557//358
f 560//357 543//344 542//343
f 560//357 558//354 541//341
f 561//360 559//359 542//343
f 563//362 547//346 546//349
f 564//364 563//362 396//193
f 564//364 548//345 547//346
f 564//364 397//191 394//190
f 566//365 562//363 546//349
f 568//366 567//368 565//367
f 568//366 553//351 552//352
f 568//366 566//365 550//350
f 570//369 567//368 552//352
f 572//370 571//372 569//371
f 572//370 556//356 555//355
f 572//370 570//369 554//353
f 573//373 571//372 555//355
f 574//374 573//373 557//358
f 561//360 575//390 574//374
f 578//375 563//362 562//363
f 578//375 400//194 396//193
f 580//377 579//379 576//378
f 580//377 566//365 565//367
f 580//377 577//376 562//363
f 582//380 579//379 565//367
f 584//381 583//383 581//382
f 584//381 570//369 569//371
f 584//381 582//380 567//368
f 585//384 583//383 569//371
f 573//373 587//387 585//384
f 589//385 588//389 586//386
f 589//385 587//387 573//373
f 591//388 590//406 588//389
f 575//390 591//388 589//385
f 593//391 577//376 576//378
f 594//393 593//391 405//205
f 594//393 578//375 577//376
f 594//393 406//197 400//194
f 596//394 592//392 576//378
f 598//395 597//397 595//396
f 598//395 582//380 581//382
f 598//395 596//394 579//379
f 600//398 597//397 581//382
f 602//399 601//402 599//400
f 602//399 600//398 583//383
f 604//401 603//403 601//402
f 604//401 587//387 586//386
f 604//401 602//399 585//384
f 605//404 603//403 586//386
f 606//405 605//404 588//389
f 609//407 608//408 412//213
f 609//407 593//391 592//392
f 609//407 413//206 405//205
f 612//409 611//411 607//410
f 612//409 596//394 595//396
f 612//409 608//408 592//392
f 614//412 613//415 610//413
f 614//412 611//411 595//396
f 616//414 615//416 613//415
f 616//414 600//398 599//400
f 616//414 614//412 597//397
f 617//417 615//416 599//400
f 618//418 617//417 601//402
f 605//404 620//421 618//418
f 622//419 621//436 619//420
f 622//419 620//421 605//404
f 625//422 608//408 607//410
f 625//422 419//214 412//213
f 627//424 626//426 623//425
f 627//424 611//411 610//413
f 627//424 624//423 607//410
f 628//427 626//426 610//413
f 630//428 628//427 613//415
f 632//429 631//693 629//430
f 632//429 630//428 615//416
f 633//431 631//693 632//429
f 634//432 632//429 617//417
f 636//433 635//434 633//431
f 636//433 620//421 619//420
f 636//433 634//432 618//418
f 637//435 635//434 619//420
f 638//437 33//37 7//36
f 639//438 638//437 425//232
f 639//438 34//39 33//37
f 640//439 639//438 426//235
f 640//439 35//41 34//39
f 640//439 427//217 1//25
f 641//440 528//327 32//23
f 642//440 641//440 89//23
f 91//23 643//440 642//440
f 92//23 644//440 643//440
f 93//23 645//440 644//440
f 94//23 646//440 645//440
f 95//23 647//440 646//440
f 96//23 648//2504 647//440
f 649//441 531//328 393//249
f 649//441 638//437 508//308
f 649//441 439//233 425//232
f 657//442 417//209 416//210
f 418//211 417//209 657//442
f 661//445 420//212 419//214
f 662//447 661//445 655//448
f 662//447 421//215 420//212
f 662//447 656//443 416//210
f 667//449 656//443 655//448
f 657//442 656//443 667//449
f 669//452 668//451 663//453
f 669//452 658//444 657//442
f 672//455 660//446 659//456
f 673//458 672//455 665//459
f 673//458 661//445 660//446
f 673//458 666//450 655//448
f 675//460 664//454 663//453
f 677//462 666//450 665//459
f 667//449 666//450 677//462
f 679//465 668//451 667//449
f 679//465 674//461 663//453
f 681//466 671//457 670//467
f 682//469 672//455 671//457
f 682//469 676//463 665//459
f 685//470 675//460 674//461
f 688//472 677//462 676//463
f 689//474 678//464 677//462
f 690//475 689//474 683//476
f 690//475 679//465 678//464
f 690//475 684//471 674//461
f 693//477 681//466 680//468
f 694//479 693//477 686//480
f 694//479 682//469 681//466
f 694//479 687//473 676//463
f 697//481 684//471 683//476
f 685//470 684//471 697//481
f 700//484 687//473 686//480
f 688//472 687//473 700//484
f 702//487 701//486 695//488
f 702//487 689//474 688//472
f 702//487 696//482 683//476
f 704//489 692//478 691//490
f 705//492 693//477 692//478
f 705//492 699//485 686//480
f 707//493 696//482 695//488
f 697//481 696//482 707//493
f 698//483 697//481 708//495
f 712//497 700//484 699//485
f 713//499 701//486 700//484
f 713//499 706//494 695//488
f 714//500 703//491 650//501
f 704//489 703//491 714//500
f 716//504 715//503 710//505
f 716//504 705//492 704//489
f 716//504 711//498 699//485
f 719//506 707//493 706//494
f 720//508 708//495 707//493
f 709//496 708//495 720//508
f 723//510 711//498 710//505
f 712//497 711//498 723//510
f 725//513 724//512 717//514
f 725//513 713//499 712//497
f 725//513 718//507 706//494
f 726//515 714//500 651//502
f 727//517 715//503 714//500
f 727//517 722//511 710//505
f 729//518 718//507 717//514
f 719//506 718//507 729//518
f 720//508 719//506 730//520
f 721//509 720//508 731//521
f 735//523 723//510 722//511
f 736//525 724//512 723//510
f 736//525 728//519 717//514
f 737//526 726//515 652//516
f 738//528 737//526 733//529
f 738//528 727//517 726//515
f 738//528 734//524 722//511
f 741//530 497//304 496//303
f 742//532 498//296 497//304
f 499//295 498//296 742//532
f 744//534 500//297 499//295
f 501//298 500//297 744//534
f 502//299 501//298 745//535
f 747//537 503//300 418//211
f 748//538 747//537 739//539
f 748//538 504//301 503//300
f 748//538 740//531 496//303
f 750//540 740//531 739//539
f 741//530 740//531 750//540
f 752//543 742//532 741//530
f 743//533 742//532 752//543
f 744//534 743//533 753//544
f 745//535 744//534 754//545
f 746//536 745//535 755//546
f 757//548 669//452 664//454
f 757//548 747//537 658//444
f 757//548 749//541 739//539
f 758//549 749//541 664//454
f 750//540 749//541 758//549
f 751//542 750//540 759//550
f 752//543 751//542 760//551
f 753//544 752//543 761//552
f 754//545 753//544 762//553
f 755//546 754//545 763//554
f 756//547 755//546 764//555
f 766//557 758//549 675//460
f 759//550 758//549 766//557
f 760//551 759//550 767//558
f 761//552 760//551 768//559
f 762//553 761//552 769//560
f 763//554 762//553 770//561
f 764//555 763//554 771//562
f 765//556 764//555 772//563
f 766//557 685//470 698//483
f 767//558 766//557 774//565
f 768//559 767//558 775//566
f 769//560 768//559 776//567
f 770//561 769//560 777//568
f 771//562 770//561 778//569
f 772//563 771//562 779//570
f 773//564 772//563 780//571
f 774//565 698//483 709//496
f 775//566 774//565 782//573
f 776//567 775//566 783//574
f 777//568 776//567 784//575
f 778//569 777//568 785//576
f 779//570 778//569 786//577
f 780//571 779//570 787//578
f 781//572 780//571 788//579
f 782//573 709//496 721//509
f 783//574 782//573 790//581
f 784//575 783//574 791//582
f 785//576 784//575 792//583
f 786//577 785//576 793//584
f 787//578 786//577 794//585
f 788//579 787//578 795//586
f 789//580 788//579 796//587
f 790//581 721//509 732//522
f 791//582 790//581 798//588
f 792//583 791//582 799//589
f 793//584 792//583 800//590
f 794//585 793//584 801//591
f 795//586 794//585 802//592
f 796//587 795//586 803//593
f 797//580 796//587 804//594
f 813//596 812//608 806//597
f 814//599 813//596 807//598
f 818//601 817//618 809//602
f 820//604 818//601 810//603
f 822//606 821//610 819//607
f 822//606 820//604 811//605
f 824//609 823//612 821//610
f 813//596 824//609 822//606
f 826//611 825//626 823//612
f 814//599 826//611 824//609
f 829//613 827//631 815//614
f 831//616 830//620 828//617
f 831//616 829//613 816//615
f 833//619 832//622 830//620
f 818//601 833//619 831//616
f 835//621 834//623 832//622
f 835//621 820//604 819//607
f 835//621 833//619 818//601
f 836//624 834//623 819//607
f 837//625 836//624 821//610
f 825//626 838//641 837//625
f 842//627 841//630 839//628
f 842//627 829//613 828//617
f 842//627 840//629 827//631
f 843//632 841//630 828//617
f 832//622 845//635 843//632
f 847//633 846//637 844//634
f 847//633 845//635 832//622
f 849//636 848//652 846//637
f 836//624 849//636 847//633
f 850//638 848//652 849//636
f 837//625 851//639 849//636
f 853//640 852//654 850//638
f 838//641 853//640 851//639
f 855//642 840//629 839//628
f 855//642 651//502 650//501
f 857//644 854//643 839//628
f 859//645 858//648 856//646
f 859//645 857//644 841//630
f 861//647 860//649 858//648
f 861//647 845//635 844//634
f 861//647 859//645 843//632
f 862//650 860//649 844//634
f 863//651 862//650 846//637
f 864//653 863//651 848//652
f 852//654 865//665 864//653
f 868//655 855//642 854//643
f 855//642 868//655 652//516
f 870//657 869//659 866//658
f 870//657 857//644 856//646
f 870//657 867//656 854//643
f 871//660 869//659 856//646
f 872//661 871//660 858//648
f 862//650 873//662 872//661
f 863//651 874//663 873//662
f 864//653 875//681 874//663
f 876//664 875//681 864//653
f 878//666 867//656 866//658
f 879//668 878//666 653//669
f 879//668 868//655 867//656
f 879//668 654//527 652//516
f 881//670 877//667 866//658
f 883//671 882//884 880//672
f 883//671 881//670 869//659
f 884//673 882//884 883//671
f 885//674 883//671 871//660
f 886//675 884//673 885//674
f 887//676 885//674 872//661
f 888//677 886//675 887//676
f 889//678 887//676 873//662
f 890//679 888//677 889//678
f 891//680 889//678 874//663
f 893//682 892//889 890//679
f 876//664 893//682 891//680
f 895//683 624//423 623//425
f 896//685 895//683 659//456
f 896//685 625//422 624//423
f 896//685 660//446 419//214
f 898//686 894//684 623//425
f 900//687 899//690 897//688
f 900//687 898//686 626//426
f 902//689 901//691 899//690
f 902//689 630//428 629//430
f 902//689 900//687 628//427
f 903//692 901//691 629//430
f 633//431 904//695 903//692
f 905//694 807//598 806//597
f 905//694 904//695 633//431
f 906//696 808//600 807//598
f 637//435 906//696 905//694
f 909//697 908//698 670//467
f 909//697 895//683 894//684
f 909//697 671//457 659//456
f 911//699 910//701 907//700
f 911//699 898//686 897//688
f 911//699 908//698 894//684
f 912//702 910//701 897//688
f 913//703 810//603 809//602
f 913//703 912//702 899//690
f 811//605 810//603 913//703
f 903//692 914//704 913//703
f 915//705 812//608 811//605
f 915//705 904//695 806//597
f 915//705 914//704 903//692
f 917//706 908//698 907//700
f 917//706 680//468 670//467
f 918//708 816//615 815//614
f 918//708 916//707 907//700
f 919//709 817//618 816//615
f 919//709 912//702 809//602
f 919//709 918//708 910//701
f 920//710 916//707 815//614
f 921//711 920//710 691//490
f 921//711 917//706 916//707
f 921//711 692//478 680//468
f 922//712 840//629 650//501
f 922//712 920//710 827//631
f 922//712 703//491 691//490
f 924//713 654//527 653//669
f 926//715 924//713 923//714
f 926//715 925//716 929//717
f 933//719 929//717 928//720
f 930//718 929//717 933//719
f 934//722 931//728 927//723
f 937//724 933//719 932//721
f 938//726 934//722 933//719
f 934//722 938//726 935//727
f 941//729 937//724 936//725
f 942//731 938//726 937//724
f 938//726 942//731 939//732
f 945//733 941//729 940//730
f 946//735 942//731 941//729
f 942//731 946//735 943//736
f 950//737 945//733 944//734
f 951//739 946//735 945//733
f 946//735 951//739 947//740
f 953//741 729//518 728//519
f 954//743 730//520 729//518
f 731//521 730//520 954//743
f 732//522 731//521 955//744
f 958//746 734//524 733//529
f 735//523 734//524 958//746
f 960//749 736//525 735//523
f 736//525 960//749 952//742
f 961//750 737//526 654//527
f 961//750 957//747 733//529
f 964//751 953//741 952//742
f 965//753 954//743 953//741
f 966//754 955//744 954//743
f 956//745 955//744 966//754
f 969//756 958//746 957//747
f 959//748 958//746 969//756
f 971//759 970//758 962//760
f 971//759 960//749 959//748
f 971//759 963//752 952//742
f 972//761 961//750 924//713
f 961//750 972//761 968//757
f 974//762 963//752 962//760
f 964//751 963//752 974//762
f 965//753 964//751 975//764
f 966//754 965//753 976//765
f 967//755 966//754 977//766
f 980//768 969//756 968//757
f 981//770 970//758 969//756
f 981//770 973//763 962//760
f 982//771 930//718 927//723
f 982//771 972//761 926//715
f 982//771 979//769 968//757
f 984//772 974//762 973//763
f 985//774 975//764 974//762
f 976//765 975//764 985//774
f 977//766 976//765 986//775
f 978//767 977//766 987//776
f 989//778 979//769 927//723
f 980//768 979//769 989//778
f 991//780 981//770 980//768
f 981//770 991//780 983//773
f 993//781 984//772 983//773
f 994//783 985//774 984//772
f 986//775 985//774 994//783
f 987//776 986//775 995//784
f 988//777 987//776 996//785
f 998//787 989//778 931//728
f 990//779 989//778 998//787
f 1000//789 991//780 990//779
f 991//780 1000//789 992//782
f 1002//790 993//781 992//782
f 1003//792 994//783 993//781
f 995//784 994//783 1003//792
f 996//785 995//784 1004//793
f 997//786 996//785 1005//794
f 1007//796 998//787 935//727
f 999//788 998//787 1007//796
f 1009//798 1000//789 999//788
f 1000//789 1009//798 1001//791
f 1012//799 1002//790 1001//791
f 1013//801 1003//792 1002//790
f 1004//793 1003//792 1013//801
f 1005//794 1004//793 1014//802
f 1006//795 1005//794 1015//803
f 1017//805 1007//796 939//732
f 1008//797 1007//796 1017//805
f 1019//807 1018//806 1010//808
f 1019//807 1009//798 1008//797
f 1019//807 1011//800 1001//791
f 1021//809 1011//800 1010//808
f 1012//799 1011//800 1021//809
f 1013//801 1012//799 1022//811
f 1014//802 1013//801 1023//812
f 1015//803 1014//802 1024//813
f 1016//804 1015//803 1025//814
f 1027//816 1017//805 943//736
f 1028//817 1018//806 1017//805
f 1028//817 1020//810 1010//808
f 798//588 732//522 956//745
f 799//589 798//588 1029//818
f 800//590 799//589 1030//819
f 801//591 800//590 1031//820
f 802//592 801//591 1032//567
f 803//593 802//592 1033//821
f 804//594 803//593 1034//822
f 805//595 804//594 1035//823
f 1029//818 956//745 967//755
f 1030//819 1029//818 1037//825
f 1031//820 1030//819 1038//826
f 1032//567 1031//820 1039//827
f 1033//821 1032//567 1040//828
f 1034//822 1033//821 1041//829
f 1035//823 1034//822 1042//830
f 1036//824 1035//823 1043//831
f 1037//825 967//755 978//767
f 1038//826 1037//825 1045//832
f 1039//827 1038//826 1046//833
f 1040//828 1039//827 1047//834
f 1041//829 1040//828 1048//835
f 1042//830 1041//829 1049//836
f 1043//831 1042//830 1050//837
f 1044//824 1043//831 1051//838
f 1045//832 978//767 988//777
f 1046//833 1045//832 1053//840
f 1047//834 1046//833 1054//841
f 1048//835 1047//834 1055//842
f 1049//836 1048//835 1056//843
f 1050//837 1049//836 1057//844
f 1051//838 1050//837 1058//845
f 1052//839 1051//838 1059//846
f 1053//840 988//777 997//786
f 1054//841 1053//840 1061//847
f 1055//842 1054//841 1062//848
f 1056//843 1055//842 1063//849
f 1057//844 1056//843 1064//850
f 1058//845 1057//844 1065//851
f 1059//846 1058//845 1066//852
f 1060//839 1059//846 1067//853
f 1061//847 997//786 1006//795
f 1062//848 1061//847 1069//855
f 1063//849 1062//848 1070//856
f 1064//850 1063//849 1071//857
f 1065//851 1064//850 1072//858
f 1066//852 1065//851 1073//859
f 1067//853 1066//852 1074//860
f 1068//854 1067//853 1075//861
f 1069//855 1006//795 1016//804
f 1070//856 1069//855 1077//863
f 1071//857 1070//856 1078//864
f 1072//858 1071//857 1079//865
f 1073//859 1072//858 1080//866
f 1074//860 1073//859 1081//867
f 1075//861 1074//860 1082//868
f 1076//862 1075//861 1083//869
f 1077//863 1016//804 1026//815
f 1078//864 1077//863 1085//871
f 1079//865 1078//864 1086//872
f 1080//866 1079//865 1087//873
f 1081//867 1080//866 1088//874
f 1082//868 1081//867 1089//875
f 1083//869 1082//868 1090//876
f 1084//870 1083//869 1091//877
f 1094//879 878//666 877//667
f 1094//879 923//714 653//669
f 1096//881 881//670 880//672
f 1096//881 1093//880 877//667
f 1097//883 1095//882 880//672
f 1098//885 1097//883 882//884
f 1099//886 1098//885 884//673
f 1100//887 1099//886 886//675
f 1101//888 1100//887 888//677
f 892//889 1102//899 1101//888
f 1105//890 1094//879 1093//880
f 1094//879 1105//890 925//716
f 1107//892 1106//894 1103//893
f 1107//892 1096//881 1095//882
f 1107//892 1104//891 1093//880
f 1108//895 1106//894 1095//882
f 1098//885 1109//904 1108//895
f 1110//896 1109//904 1098//885
f 1100//887 1111//897 1110//896
f 1101//888 1112//913 1111//897
f 1113//898 1112//913 1101//888
f 1115//900 1104//891 1103//893
f 1116//902 1115//900 928//720
f 1116//902 1105//890 1104//891
f 1116//902 929//717 925//716
f 1117//903 1114//901 1103//893
f 1108//895 1118//905 1117//903
f 1109//904 1120//908 1118//905
f 1122//906 1121//924 1119//907
f 1122//906 1120//908 1109//904
f 1123//909 1121//924 1122//906
f 1124//910 1122//906 1110//896
f 1125//911 1123//909 1124//910
f 1126//912 1124//910 1111//897
f 1128//914 1127//927 1125//911
f 1113//898 1128//914 1126//912
f 1130//915 1115//900 1114//901
f 1130//915 932//721 928//720
f 1117//903 1132//919 1129//916
f 1134//917 1133//921 1131//918
f 1134//917 1132//919 1117//903
f 1136//920 1135//922 1133//921
f 1136//920 1120//908 1119//907
f 1136//920 1134//917 1118//905
f 1137//923 1135//922 1119//907
f 1138//925 1137//923 1121//924
f 1139//926 1138//925 1123//909
f 1127//927 1140//937 1139//926
f 1142//928 1130//915 1129//916
f 1130//915 1142//928 936//725
f 1144//930 1132//919 1131//918
f 1144//930 1141//929 1129//916
f 1145//932 1143//931 1131//918
f 1146//933 1145//932 1133//921
f 1137//923 1147//934 1146//933
f 1138//925 1148//935 1147//934
f 1139//926 1149//946 1148//935
f 1150//936 1149//946 1139//926
f 1153//938 1142//928 1141//929
f 1142//928 1153//938 940//730
f 1155//940 1154//942 1151//941
f 1155//940 1144//930 1143//931
f 1155//940 1152//939 1141//929
f 1156//943 1154//942 1143//931
f 1157//944 1156//943 1145//932
f 1147//934 1158//945 1157//944
f 1148//935 1159//947 1158//945
f 1149//946 1160//956 1159//947
f 1161//948 1160//956 1149//946
f 1163//949 1152//939 1151//941
f 1153//938 1152//939 1163//949
f 1153//938 1164//951 944//734
f 1165//952 1162//950 1151//941
f 1156//943 1166//953 1165//952
f 1157//944 1167//954 1166//953
f 1158//945 1168//955 1167//954
f 1159//947 1169//957 1168//955
f 1160//956 1170//968 1169//957
f 1171//958 1170//968 1160//956
f 1163//949 1162//950 1172//959
f 1174//961 1173//960 948//962
f 1174//961 1164//951 1163//949
f 1174//961 949//738 944//734
f 1175//963 1172//959 1162//950
f 1166//953 1176//964 1175//963
f 1167//954 1177//1147 1176//964
f 1178//965 1177//1147 1167//954
f 1179//966 1178//965 1168//955
f 1180//967 1179//966 1169//957
f 1171//958 1181//1157 1180//967
f 1185//969 949//738 948//962
f 950//737 949//738 1185//969
f 1187//972 1186//971 1182//973
f 1187//972 951//739 950//737
f 1187//972 1183//974 947//740
f 1189//975 1183//974 1182//973
f 1191//977 1185//969 1184//970
f 1192//979 1186//971 1185//969
f 1192//979 1188//976 1182//973
f 1194//980 1189//975 1188//976
f 1196//982 1191//977 1190//978
f 1197//984 1192//979 1191//977
f 1192//979 1197//984 1193//981
f 1199//985 1194//980 1193//981
f 1201//987 1196//982 1195//983
f 1202//989 1197//984 1196//982
f 1197//984 1202//989 1198//986
f 1204//990 1199//985 1198//986
f 1206//992 1201//987 1200//988
f 1207//994 1202//989 1201//987
f 1202//989 1207//994 1203//991
f 1209//995 1204//990 1203//991
f 1211//997 1206//992 1205//993
f 1212//999 1207//994 1206//992
f 1207//994 1212//999 1208//996
f 1209//995 1208//996 1213//1000
f 1216//1002 1211//997 1210//998
f 1217//1004 1212//999 1211//997
f 1212//999 1217//1004 1213//1000
f 1219//1005 1214//1001 1213//1000
f 1216//1002 1215//1003 1220//1007
f 1222//1009 1217//1004 1216//1002
f 1217//1004 1222//1009 1218//1006
f 1224//1010 1021//809 1020//810
f 1022//811 1021//809 1224//1010
f 1023//812 1022//811 1225//1012
f 1024//813 1023//812 1226//1013
f 1025//814 1024//813 1227//1014
f 1026//815 1025//814 1228//1015
f 1230//1017 1027//816 947//740
f 1231//1018 1028//817 1027//816
f 1028//817 1231//1018 1223//1011
f 1233//1019 1224//1010 1223//1011
f 1234//1021 1225//1012 1224//1010
f 1226//1013 1225//1012 1234//1021
f 1227//1014 1226//1013 1235//1022
f 1228//1015 1227//1014 1236//1023
f 1229//1016 1228//1015 1237//1024
f 1230//1017 1183//974 1189//975
f 1240//1027 1231//1018 1230//1017
f 1231//1018 1240//1027 1232//1020
f 1242//1028 1233//1019 1232//1020
f 1243//1030 1234//1021 1233//1019
f 1235//1022 1234//1021 1243//1030
f 1236//1023 1235//1022 1244//1031
f 1237//1024 1236//1023 1245//1032
f 1238//1025 1237//1024 1246//1033
f 1239//1026 1189//975 1194//980
f 1249//1036 1240//1027 1239//1026
f 1240//1027 1249//1036 1241//1029
f 1251//1037 1242//1028 1241//1029
f 1252//1039 1243//1030 1242//1028
f 1244//1031 1243//1030 1252//1039
f 1245//1032 1244//1031 1253//1040
f 1246//1033 1245//1032 1254//1041
f 1247//1034 1246//1033 1255//1042
f 1248//1035 1194//980 1199//985
f 1258//1045 1249//1036 1248//1035
f 1249//1036 1258//1045 1250//1038
f 1260//1046 1251//1037 1250//1038
f 1261//1048 1252//1039 1251//1037
f 1253//1040 1252//1039 1261//1048
f 1254//1041 1253//1040 1262//1049
f 1255//1042 1254//1041 1263//1050
f 1256//1043 1255//1042 1264//1051
f 1257//1044 1199//985 1204//990
f 1267//1054 1258//1045 1257//1044
f 1258//1045 1267//1054 1259//1047
f 1269//1055 1260//1046 1259//1047
f 1270//1057 1261//1048 1260//1046
f 1262//1049 1261//1048 1270//1057
f 1263//1050 1262//1049 1271//1058
f 1264//1051 1263//1050 1272//1059
f 1265//1052 1264//1051 1273//1060
f 1266//1053 1204//990 1209//995
f 1276//1063 1267//1054 1266//1053
f 1267//1054 1276//1063 1268//1056
f 1279//1064 1269//1055 1268//1056
f 1280//1066 1270//1057 1269//1055
f 1281//1067 1271//1058 1270//1057
f 1272//1059 1271//1058 1281//1067
f 1273//1060 1272//1059 1282//1068
f 1274//1061 1273//1060 1283//1069
f 1275//1062 1209//995 1214//1001
f 1286//1072 1285//1071 1277//1073
f 1286//1072 1276//1063 1275//1062
f 1286//1072 1278//1065 1268//1056
f 1288//1074 1278//1065 1277//1073
f 1279//1064 1278//1065 1288//1074
f 1280//1066 1279//1064 1289//1076
f 1281//1067 1280//1066 1290//1077
f 1282//1068 1281//1067 1291//1078
f 1293//1080 1283//1069 1282//1068
f 1294//1081 1284//1070 1283//1069
f 1295//1082 1285//1071 1214//1001
f 1295//1082 1287//1075 1277//1073
f 1085//871 1026//815 1229//1016
f 1086//872 1085//871 1296//1083
f 1087//873 1086//872 1297//1084
f 1088//874 1087//873 1298//1085
f 1089//875 1088//874 1299//1086
f 1090//876 1089//875 1300//1087
f 1091//877 1090//876 1301//1088
f 1092//878 1091//877 1302//1089
f 1296//1083 1229//1016 1238//1025
f 1297//1084 1296//1083 1304//1091
f 1298//1085 1297//1084 1305//1092
f 1299//1086 1298//1085 1306//1093
f 1300//1087 1299//1086 1307//1094
f 1301//1088 1300//1087 1308//1095
f 1302//1089 1301//1088 1309//1096
f 1303//1090 1302//1089 1310//1097
f 1304//1091 1238//1025 1247//1034
f 1305//1092 1304//1091 1312//1098
f 1306//1093 1305//1092 1313//1099
f 1307//1094 1306//1093 1314//1100
f 1308//1095 1307//1094 1315//1101
f 1309//1096 1308//1095 1316//1102
f 1310//1097 1309//1096 1317//1103
f 1311//839 1310//1097 1318//1104
f 1312//1098 1247//1034 1256//1043
f 1313//1099 1312//1098 1320//1105
f 1314//1100 1313//1099 1321//1106
f 1315//1101 1314//1100 1322//1107
f 1316//1102 1315//1101 1323//1108
f 1317//1103 1316//1102 1324//1109
f 1318//1104 1317//1103 1325//1110
f 1319//839 1318//1104 1326//1111
f 1320//1105 1256//1043 1265//1052
f 1321//1106 1320//1105 1328//1112
f 1322//1107 1321//1106 1329//1113
f 1323//1108 1322//1107 1330//1114
f 1324//1109 1323//1108 1331//1115
f 1325//1110 1324//1109 1332//1116
f 1326//1111 1325//1110 1333//1117
f 1327//839 1326//1111 1334//1118
f 1328//1112 1265//1052 1274//1061
f 1329//1113 1328//1112 1336//1120
f 1330//1114 1329//1113 1337//1121
f 1331//1115 1330//1114 1338//1122
f 1332//1116 1331//1115 1339//1123
f 1333//1117 1332//1116 1340//1124
f 1334//1118 1333//1117 1341//1125
f 1335//1119 1334//1118 1342//1126
f 1336//1120 1274//1061 1284//1070
f 1337//1121 1336//1120 1344//1128
f 1338//1122 1337//1121 1345//1129
f 1339//1123 1338//1122 1346//1130
f 1340//1124 1339//1123 1347//1131
f 1341//1125 1340//1124 1348//1132
f 1342//1126 1341//1125 1349//1133
f 1343//1127 1342//1126 1350//1134
f 1352//1136 1344//1128 1284//1070
f 1353//1137 1345//1129 1344//1128
f 1346//1130 1345//1129 1353//1137
f 1347//1131 1346//1130 1354//1138
f 1348//1132 1347//1131 1355//1139
f 1349//1133 1348//1132 1356//1140
f 1350//1134 1349//1133 1357//1141
f 1351//1135 1350//1134 1358//1142
f 1361//1144 1173//960 1172//959
f 1361//1144 1184//970 948//962
f 1175//963 1362//1146 1360//1145
f 1176//964 1363//1148 1362//1146
f 1177//1147 1365//1151 1363//1148
f 1367//1149 1366//1166 1364//1150
f 1367//1149 1365//1151 1177//1147
f 1368//1152 1366//1166 1367//1149
f 1369//1153 1367//1149 1178//965
f 1370//1154 1368//1152 1369//1153
f 1371//1155 1369//1153 1179//966
f 1373//1156 1372//1169 1370//1154
f 1181//1157 1373//1156 1371//1155
f 1375//1158 1361//1144 1360//1145
f 1361//1144 1375//1158 1190//978
f 1362//1146 1376//1160 1374//1159
f 1363//1148 1378//1163 1376//1160
f 1380//1161 1379//1164 1377//1162
f 1380//1161 1365//1151 1364//1150
f 1380//1161 1378//1163 1363//1148
f 1381//1165 1379//1164 1364//1150
f 1382//1167 1381//1165 1366//1166
f 1383//1168 1382//1167 1368//1152
f 1372//1169 1384//1180 1383//1168
f 1386//1170 1375//1158 1374//1159
f 1375//1158 1386//1170 1195//983
f 1376//1160 1388//1174 1385//1171
f 1390//1172 1389//1175 1387//1173
f 1390//1172 1378//1163 1377//1162
f 1390//1172 1388//1174 1376//1160
f 1391//1176 1389//1175 1377//1162
f 1392//1177 1391//1176 1379//1164
f 1393//1178 1392//1177 1381//1165
f 1394//1179 1393//1178 1382//1167
f 1384//1180 1395//1190 1394//1179
f 1397//1181 1386//1170 1385//1171
f 1386//1170 1397//1181 1200//988
f 1399//1183 1388//1174 1387//1173
f 1399//1183 1396//1182 1385//1171
f 1400//1185 1398//1184 1387//1173
f 1401//1186 1400//1185 1389//1175
f 1392//1177 1402//1187 1401//1186
f 1393//1178 1403//1188 1402//1187
f 1394//1179 1404//1198 1403//1188
f 1405//1189 1404//1198 1394//1179
f 1407//1191 1397//1181 1396//1182
f 1397//1181 1407//1191 1205//993
f 1399//1183 1398//1184 1408//1193
f 1409//1194 1406//1192 1396//1182
f 1410//1195 1408//1193 1398//1184
f 1411//1196 1410//1195 1400//1185
f 1402//1187 1412//1197 1411//1196
f 1403//1188 1413//1199 1412//1197
f 1404//1198 1414//1200 1413//1199
f 1405//1189 1415//1210 1414//1200
f 1418//1201 1407//1191 1406//1192
f 1407//1191 1418//1201 1210//998
f 1420//1203 1419//1205 1416//1204
f 1420//1203 1409//1194 1408//1193
f 1420//1203 1417//1202 1406//1192
f 1421//1206 1419//1205 1408//1193
f 1422//1207 1421//1206 1410//1195
f 1412//1197 1423//1208 1422//1207
f 1413//1199 1424//1209 1423//1208
f 1414//1200 1425//1211 1424//1209
f 1415//1210 1426//1220 1425//1211
f 1428//1212 1417//1202 1416//1204
f 1418//1201 1417//1202 1428//1212
f 1418//1201 1429//1214 1215//1003
f 1430//1215 1427//1213 1416//1204
f 1421//1206 1431//1216 1430//1215
f 1422//1207 1432//1217 1431//1216
f 1423//1208 1433//1218 1432//1217
f 1424//1209 1434//1219 1433//1218
f 1425//1211 1435//1221 1434//1219
f 1426//1220 1436//1230 1435//1221
f 1438//1222 1428//1212 1427//1213
f 1429//1214 1428//1212 1438//1222
f 1439//1224 1220//1007 1215//1003
f 1440//1225 1437//1223 1427//1213
f 1431//1216 1441//1226 1440//1225
f 1432//1217 1442//1227 1441//1226
f 1433//1218 1443//1228 1442//1227
f 1434//1219 1444//1229 1443//1228
f 1435//1221 1445//1231 1444//1229
f 1436//1230 1446//1551 1445//1231
f 1219//1005 1218//1006 1447//1232
f 1221//1008 1220//1007 1449//1234
f 1222//1009 1221//1008 1450//1235
f 1451//1236 1447//1232 1218//1006
f 1448//1233 1447//1232 1452//1237
f 1450//1235 1449//1234 1454//1239
f 1451//1236 1450//1235 1455//1240
f 1456//1241 1452//1237 1447//1232
f 1453//1238 1452//1237 1457//1242
f 1455//1240 1454//1239 1459//1244
f 1456//1241 1455//1240 1460//1245
f 1461//1246 1457//1242 1452//1237
f 1458//1243 1457//1242 1462//1247
f 1460//1245 1459//1244 1464//1249
f 1461//1246 1460//1245 1465//1250
f 1461//1246 1466//1251 1462//1247
f 1467//1252 1463//1248 1462//1247
f 1466//1251 1465//1250 1470//1253
f 1467//1252 1466//1251 1471//1254
f 1467//1252 1473//1255 1469//1256
f 1471//1254 1470//1253 1475//1257
f 1473//1255 1471//1254 1476//1258
f 1473//1255 1478//1259 1474//1260
f 1478//1259 1476//1258 1479//1261
f 1483//1263 1288//1074 1287//1075
f 1289//1076 1288//1074 1483//1263
f 1290//1077 1289//1076 1484//1265
f 1486//1267 1291//1078 1290//1077
f 1487//1268 1292//1079 1291//1078
f 1488//1269 1293//1080 1292//1079
f 1489//1270 1294//1081 1293//1080
f 1490//1271 1295//1082 1219//1005
f 1490//1271 1482//1264 1287//1075
f 1483//1263 1482//1264 1491//1272
f 1484//1265 1483//1263 1492//1273
f 1494//1275 1485//1266 1484//1265
f 1495//1276 1486//1267 1485//1266
f 1496//1277 1487//1268 1486//1267
f 1497//1278 1488//1269 1487//1268
f 1498//1279 1489//1270 1488//1269
f 1490//1271 1448//1233 1453//1238
f 1490//1271 1499//1280 1491//1272
f 1492//1273 1491//1272 1500//1281
f 1502//1283 1493//1274 1492//1273
f 1503//1284 1494//1275 1493//1274
f 1504//1285 1495//1276 1494//1275
f 1505//1286 1496//1277 1495//1276
f 1506//1287 1497//1278 1496//1277
f 1507//1288 1498//1279 1497//1278
f 1499//1280 1453//1238 1458//1243
f 1499//1280 1508//1289 1500//1281
f 1509//1290 1501//1282 1500//1281
f 1502//1283 1501//1282 1517//1291
f 1503//1284 1502//1283 1518//1292
f 1520//1294 1504//1285 1503//1284
f 1521//1295 1505//1286 1504//1285
f 1522//1296 1506//1287 1505//1286
f 1523//1297 1507//1288 1506//1287
f 1524//1298 1508//1289 1458//1243
f 1509//1290 1508//1289 1524//1298
f 1509//1290 1525//1299 1517//1291
f 1535//1300 1527//1306 1526//1301
f 1535//1300 1534//1302 1510//1303
f 1536//1305 1528//1309 1527//1306
f 1536//1305 1535//1300 1511//1304
f 1536//1305 1537//1310 1529//1308
f 1537//1310 1536//1305 1512//1307
f 1537//1310 1538//1313 1530//1312
f 1538//1313 1537//1310 1513//1311
f 1538//1313 1539//1316 1531//1315
f 1539//1316 1538//1313 1514//1314
f 1539//1316 1540//1319 1532//1318
f 1540//1319 1539//1316 1515//1317
f 1518//1292 1517//1291 1541//1321
f 1519//1293 1518//1292 1542//1322
f 1520//1294 1519//1293 1543//1323
f 1545//1325 1521//1295 1520//1294
f 1546//1326 1522//1296 1521//1295
f 1547//1327 1523//1297 1522//1296
f 1524//1298 1463//1248 1469//1256
f 1525//1299 1524//1298 1548//1328
f 1549//1329 1541//1321 1517//1291
f 1527//1306 1551//1341 1550//1330
f 1552//1332 1551//1341 1527//1306
f 1553//1333 1552//1332 1528//1309
f 1530//1312 1554//1356 1553//1333
f 1555//1334 1554//1356 1530//1312
f 1556//1335 1555//1334 1531//1315
f 1557//1336 1472//1362 1468//1337
f 1534//1302 1558//1339 1557//1336
f 1558//1339 1534//1302 1526//1331
f 1559//1340 1558//1339 1550//1330
f 1542//1322 1541//1321 1560//1342
f 1543//1323 1542//1322 1561//1343
f 1544//1324 1543//1323 1562//1344
f 1564//1346 1545//1325 1544//1324
f 1565//1347 1546//1326 1545//1325
f 1566//1348 1547//1327 1546//1326
f 1548//1328 1469//1256 1474//1260
f 1549//1329 1548//1328 1567//1349
f 1549//1329 1568//1350 1560//1342
f 1569//1351 1561//1343 1560//1342
f 1569//1351 1572//1354 1562//1344
f 1552//1332 1571//1355 1570//1352
f 1574//1353 1563//1345 1562//1344
f 1553//1333 1573//1357 1571//1355
f 1554//1356 1575//1368 1573//1357
f 1576//1358 1575//1368 1554//1356
f 1577//1359 1576//1358 1555//1334
f 1578//1360 1567//1349 1474//1260
f 1557//1336 1579//1384 1477//1361
f 1580//1363 1579//1384 1557//1336
f 1559//1340 1581//1364 1580//1363
f 1559//1340 1551//1341 1570//1352
f 1582//1365 1581//1364 1570//1352
f 1582//1365 1571//1355 1573//1357
f 1584//1367 1583//1366 1573//1357
f 1564//1346 1563//1345 1585//1369
f 1565//1347 1564//1346 1586//1370
f 1566//1348 1565//1347 1587//1371
f 1568//1350 1567//1349 1589//1373
f 1569//1351 1568//1350 1590//1374
f 1572//1354 1569//1351 1591//1375
f 1574//1353 1572//1354 1592//1376
f 1574//1353 1593//1377 1585//1369
f 1594//1378 1586//1370 1585//1369
f 1594//1378 1597//1380 1587//1371
f 1576//1358 1596//1381 1595//1379
f 1597//1380 1599//1399 1588//1372
f 1577//1359 1598//1391 1596//1381
f 1578//1360 1478//1259 1480//1262
f 1578//1360 1600//1382 1589//1373
f 1580//1363 1602//1405 1601//1383
f 1603//1385 1602//1405 1580//1363
f 1582//1365 1604//1386 1603//1385
f 1583//1366 1605//1387 1604//1386
f 1584//1367 1606//1388 1605//1387
f 1584//1367 1575//1368 1595//1379
f 1607//1389 1606//1388 1595//1379
f 1608//1390 1607//1389 1596//1381
f 1590//1374 1589//1373 1609//1392
f 1591//1375 1590//1374 1610//1393
f 1612//1395 1592//1376 1591//1375
f 1613//1396 1593//1377 1592//1376
f 1594//1378 1593//1377 1613//1396
f 1597//1380 1594//1378 1614//1397
f 1599//1399 1597//1380 1615//1398
f 1600//1382 1480//1262 1481//1401
f 1600//1382 1617//1402 1609//1392
f 1618//1403 1610//1393 1609//1392
f 1603//1385 1620//1406 1619//1404
f 1604//1386 1621//1407 1620//1406
f 1605//1387 1622//1850 1621//1407
f 1623//1408 1622//1850 1605//1387
f 1607//1389 1624//1409 1623//1408
f 1608//1390 1625//1855 1624//1409
f 1626//1410 1352//1136 1294//1081
f 1627//1411 1353//1137 1352//1136
f 1628//1412 1354//1138 1353//1137
f 1629//1413 1355//1139 1354//1138
f 1630//1414 1356//1140 1355//1139
f 1631//1415 1357//1141 1356//1140
f 1632//1416 1358//1142 1357//1141
f 1633//1417 1359//1143 1358//1142
f 1634//1418 1626//1410 1489//1270
f 1635//1419 1627//1411 1626//1410
f 1636//1420 1628//1412 1627//1411
f 1637//1421 1629//1413 1628//1412
f 1638//1422 1630//1414 1629//1413
f 1639//1423 1631//1415 1630//1414
f 1640//1424 1632//1416 1631//1415
f 1641//1425 1633//1417 1632//1416
f 1642//1426 1634//1418 1498//1279
f 1643//1427 1635//1419 1634//1418
f 1644//1428 1636//1420 1635//1419
f 1645//1429 1637//1421 1636//1420
f 1646//1430 1638//1422 1637//1421
f 1647//1431 1639//1423 1638//1422
f 1648//1432 1640//1424 1639//1423
f 1649//1433 1641//1425 1640//1424
f 1658//1434 1642//1426 1507//1288
f 1659//1435 1643//1427 1642//1426
f 1660//1436 1644//1428 1643//1427
f 1661//1437 1645//1429 1644//1428
f 1662//1438 1646//1430 1645//1429
f 1663//1439 1647//1431 1646//1430
f 1664//1440 1648//1432 1647//1431
f 1665//1441 1649//1433 1648//1432
f 1540//1319 1674//1443 1666//1442
f 1674//1443 1540//1319 1516//1320
f 1674//1443 1675//1447 1667//1445
f 1651//1446 1675//1447 1674//1443
f 1675//1447 1676//1450 1668//1448
f 1652//1449 1676//1450 1675//1447
f 1676//1450 1677//1453 1669//1451
f 1653//1452 1677//1453 1676//1450
f 1677//1453 1678//1456 1670//1454
f 1654//1455 1678//1456 1677//1453
f 1678//1456 1679//1459 1671//1457
f 1655//1458 1679//1459 1678//1456
f 1679//1459 1680//1462 1672//1460
f 1656//1461 1680//1462 1679//1459
f 1680//1462 1681//3466 1673//1463
f 1657//1464 1681//3466 1680//1462
f 1682//1465 1658//1434 1523//1297
f 1683//1466 1659//1435 1658//1434
f 1684//1467 1660//1436 1659//1435
f 1685//1468 1661//1437 1660//1436
f 1686//1469 1662//1438 1661//1437
f 1687//1470 1663//1439 1662//1438
f 1688//1471 1664//1440 1663//1439
f 1689//1472 1665//1441 1664//1440
f 1690//1473 1556//1335 1532//1318
f 1691//1474 1690//1473 1666//1442
f 1692//1475 1691//1474 1667//1445
f 1693//1476 1692//1475 1668//1448
f 1694//1477 1693//1476 1669//1451
f 1695//1478 1694//1477 1670//1454
f 1696//1479 1695//1478 1671//1457
f 1697//1480 1696//1479 1672//1460
f 1698//1481 1682//1465 1547//1327
f 1699//1482 1683//1466 1682//1465
f 1700//1483 1684//1467 1683//1466
f 1701//1484 1685//1468 1684//1467
f 1686//1469 1685//1468 1701//1484
f 1687//1470 1686//1469 1702//1485
f 1688//1471 1687//1470 1703//1486
f 1689//1472 1688//1471 1704//1487
f 1690//1473 1706//1489 1577//1359
f 1691//1474 1707//1490 1706//1489
f 1692//1475 1708//1491 1707//1490
f 1693//1476 1709//1492 1708//1491
f 1694//1477 1710//1493 1709//1492
f 1695//1478 1711//1494 1710//1493
f 1696//1479 1712//1495 1711//1494
f 1697//1480 1713//1517 1712//1495
f 1698//1481 1566//1348 1588//1372
f 1699//1482 1698//1481 1714//1496
f 1700//1483 1699//1482 1715//1497
f 1701//1484 1700//1483 1716//1498
f 1702//1485 1701//1484 1717//1499
f 1703//1486 1702//1485 1718//1500
f 1704//1487 1703//1486 1719//1501
f 1705//1488 1704//1487 1720//1502
f 1599//1399 1723//1504 1714//1496
f 1706//1489 1722//1505 1598//1391
f 1723//1504 1725//1506 1715//1497
f 1707//1490 1724//1507 1722//1505
f 1725//1506 1727//1508 1716//1498
f 1708//1491 1726//1509 1724//1507
f 1727//1508 1729//1510 1717//1499
f 1709//1492 1728//1511 1726//1509
f 1729//1510 1731//1512 1718//1500
f 1710//1493 1730//1513 1728//1511
f 1731//1512 1733//1514 1719//1501
f 1711//1494 1732//1515 1730//1513
f 1733//1514 1735//1516 1720//1502
f 1712//1495 1734//1518 1732//1515
f 1735//1516 1737//3530 1721//1503
f 1713//1517 1736//1526 1734//1518
f 1608//1390 1598//1391 1722//1505
f 1738//1519 1722//1505 1724//1507
f 1739//1520 1724//1507 1726//1509
f 1740//1521 1726//1509 1728//1511
f 1741//1522 1728//1511 1730//1513
f 1742//1523 1730//1513 1732//1515
f 1743//1524 1732//1515 1734//1518
f 1744//1525 1734//1518 1736//1526
f 1723//1504 1599//1399 1616//1400
f 1725//1506 1723//1504 1746//1528
f 1727//1508 1725//1506 1747//1529
f 1729//1510 1727//1508 1748//1530
f 1731//1512 1729//1510 1749//1531
f 1733//1514 1731//1512 1750//1532
f 1752//1534 1735//1516 1733//1514
f 1753//1535 1737//3530 1735//1516
f 1754//1536 1625//1855 1608//1390
f 1755//1537 1754//1536 1738//1519
f 1740//1521 1756//1538 1755//1537
f 1741//1522 1757//1539 1756//1538
f 1742//1523 1758//1540 1757//1539
f 1743//1524 1759//1541 1758//1540
f 1744//1525 1760//1542 1759//1541
f 1745//1527 1761//1964 1760//1542
f 1438//1222 1437//1223 1762//1543
f 1764//1545 1439//1224 1438//1222
f 1764//1545 1449//1234 1220//1007
f 1440//1225 1765//1546 1762//1543
f 1441//1226 1766//1547 1765//1546
f 1442//1227 1767//1548 1766//1547
f 1443//1228 1768//1549 1767//1548
f 1444//1229 1769//1550 1768//1549
f 1445//1231 1770//1552 1769//1550
f 1446//1551 1771//1569 1770//1552
f 1763//1544 1762//1543 1772//1553
f 1774//1555 1764//1545 1763//1544
f 1774//1555 1454//1239 1449//1234
f 1765//1546 1775//1557 1772//1553
f 1776//1556 1773//1554 1772//1553
f 1777//1558 1775//1557 1765//1546
f 1778//1559 1777//1558 1766//1547
f 1781//1560 1778//1559 1767//1548
f 1782//1561 1783//1566 1780//1562
f 1784//1564 1781//1560 1768//1549
f 1785//1565 1786//1568 1783//1566
f 1770//1552 1787//1570 1784//1564
f 1788//1567 1789//8091 1786//1568
f 1771//1569 1790//1605 1787//1570
f 1792//1571 1789//8091 1788//1567
f 1774//1555 1773//1554 1793//1573
f 1794//1574 1459//1244 1454//1239
f 1776//1556 1775//1557 1796//1575
f 1776//1556 1797//1576 1793//1573
f 1777//1558 1799//1623 1796//1575
f 1802//1577 1799//1623 1777//1558
f 1804//1578 1801//8092 1800//1579
f 1804//1578 1803//1580 1779//1581
f 1805//1583 1802//1577 1778//1559
f 1806//1584 1803//8093 1802//1585
f 1806//1587 1782//1597 1779//1588
f 1807//1590 1804//1641 1780//1591
f 1808//1593 1805//1583 1781//1560
f 1809//1594 1806//1584 1805//1586
f 1809//1596 1785//8094 1782//1597
f 1810//1598 1807//1590 1783//1592
f 1787//1570 1811//1606 1808//1593
f 1812//1600 1809//1594 1808//1595
f 1788//1602 1785//8094 1809//1596
f 1789//1604 1813//1611 1810//1598
f 1790//1605 1814//5605 1811//1606
f 1814//1607 1815//8095 1812//1600
f 1791//1608 1788//1602 1812//1603
f 1792//1610 1816//1648 1813//1611
f 1794//1574 1793//1573 1817//1612
f 1794//1574 1818//1613 1464//1249
f 1819//1614 1465//1250 1464//1249
f 1797//1576 1796//1575 1822//1615
f 1797//1576 1823//1616 1817//1612
f 1824//1617 1825//8096 1821//1618
f 1825//1620 1798//8097 1795//1621
f 1799//1623 1826//8098 1822//1615
f 1827//1624 1823//8099 1822//1625
f 1828//1627 1827//1666 1800//1628
f 1830//1630 1826//8098 1799//1623
f 1831//1631 1827//1624 1826//1626
f 1831//1633 1830//8100 1802//1634
f 1831//1636 1803//8101 1800//1637
f 1832//1639 1828//1627 1801//1640
f 1807//1590 1833//1642 1832//1639
f 1810//1598 1834//1643 1833//1642
f 1813//1611 1835//1671 1834//1643
f 1815//1644 1814//8102 1836//1645
f 1838//1647 1835//1671 1813//1611
f 1818//1613 1817//1612 1839//1649
f 1819//1614 1818//1613 1840//1650
f 1819//1614 1841//1651 1470//1253
f 1843//1652 1842//1678 1820//1653
f 1843//1652 1821//1654 1468//1337
f 1823//1616 1844//1656 1839//1649
f 1845//1655 1840//1650 1839//1649
f 1824//1657 1820//8103 1842//1658
f 1847//1660 1825//8104 1824//1661
f 1848//1663 1844//1656 1823//1616
f 1828//1627 1849//1692 1848//1665
f 1829//1667 1825//8104 1847//1660
f 1851//1669 1849//1692 1828//1627
f 1833//1642 1852//1670 1851//1669
f 1834//1643 1853//1672 1852//1670
f 1835//1671 1854//1698 1853//1672
f 1855//1673 1854//1698 1835//1671
f 1841//1651 1840//1650 1856//1674
f 1841//1651 1857//1675 1475//1257
f 1858//1676 1476//1258 1475//1257
f 1843//1652 1860//1679 1859//1677
f 1843//1652 1472//1362 1477//1361
f 1845//1655 1844//1656 1861//1680
f 1845//1655 1862//1681 1856//1674
f 1863//1682 1857//1675 1856//1674
f 1846//1659 1842//1658 1859//1683
f 1866//1685 1864//8105 1859//1686
f 1847//1660 1846//1662 1864//1688
f 1848//1663 1868//8106 1861//1690
f 1868//1691 1869//1711 1862//1681
f 1849//1692 1869//1719 1868//1693
f 1871//1694 1867//1694 1865//1694
f 1872//1695 1850//1668 1847//1660
f 1873//1696 1869//1719 1849//1692
f 1852//1670 1874//1697 1873//1696
f 1853//1672 1875//1699 1874//1697
f 1854//1698 1876//1723 1875//1699
f 1877//1700 1876//1723 1854//1698
f 1858//1676 1857//1675 1878//1701
f 1858//1676 1879//1702 1479//1261
f 1880//1703 1480//1262 1479//1261
f 1863//1682 1862//1681 1882//1704
f 1863//1682 1883//1705 1878//1701
f 1884//1706 1879//1702 1878//1701
f 1887//1707 1885//1707 1865//1707
f 1866//1708 1860//8107 1881//1709
f 1869//1711 1889//1713 1882//1704
f 1890//1712 1883//1705 1882//1704
f 1870//1714 1865//1714 1885//1714
f 1892//12 1891//12 1885//12
f 1871//1715 1870//1862 1891//1715
f 1892//1717 1887//1717 1867//1717
f 1873//1696 1894//1720 1889//1718
f 1874//1697 1895//1721 1894//1720
f 1875//1699 1896//1736 1895//1721
f 1897//1722 1896//1736 1875//1699
f 1898//1724 1897//1722 1876//1723
f 1880//1703 1879//1702 1899//1725
f 1880//1703 1900//1726 1481//1401
f 1884//1706 1883//1705 1901//1727
f 1884//1706 1902//1728 1899//1725
f 1903//1729 1900//1726 1899//1725
f 1890//1712 1889//1713 1905//1730
f 1890//1712 1906//1731 1901//1727
f 1907//1732 1902//1728 1901//1727
f 1908//1733 1903//1729 1902//1728
f 1893//1714 1888//1714 1904//1714
f 1894//1720 1910//1735 1905//1734
f 1895//1721 1911//1737 1910//1735
f 1896//1736 1912//1738 1911//1737
f 1897//1722 1913//1717 1912//1738
f 1914//1717 1913//1717 1897//1722
f 1917//1739 1511//1304 1510//1303
f 1918//1741 1512//1307 1511//1304
f 1919//1742 1513//1311 1512//1307
f 1919//1742 1920//1743 1514//1314
f 1920//1743 1921//1744 1515//1317
f 1921//1744 1922//1755 1516//1320
f 1923//1745 1915//1749 1795//1746
f 1924//1748 1916//1740 1915//1749
f 1924//1748 1925//1750 1917//1739
f 1925//1750 1926//1752 1918//1741
f 1927//1751 1919//1742 1918//1741
f 1927//1751 1928//1753 1920//1743
f 1928//1753 1929//1754 1921//1744
f 1929//1754 1930//1757 1922//1755
f 1931//1756 1932//1888 1930//1757
f 1938//1758 1533//1338 1468//1337
f 1938//1758 1821//1759 1795//1760
f 1939//1762 1534//1302 1533//1338
f 1939//1762 1938//1758 1915//1761
f 1939//1762 1916//1740 1510//1303
f 1940//1763 1923//1745 1798//1764
f 1941//1766 1924//1748 1923//1745
f 1925//1750 1924//1748 1941//1766
f 1943//1768 1926//1752 1925//1750
f 1944//1769 1927//1751 1926//1752
f 1945//1770 1928//1753 1927//1751
f 1946//1771 1929//1754 1928//1753
f 1829//1667 1947//1772 1940//1763
f 1947//1772 1948//1773 1941//1766
f 1948//1773 1949//1774 1942//1767
f 1949//1774 1950//1775 1943//1768
f 1950//1775 1951//1776 1944//1769
f 1951//1776 1952//1777 1945//1770
f 1952//1777 1953//1778 1946//1771
f 1931//1756 1929//1754 1946//1771
f 1954//1779 1932//1888 1931//1756
f 1955//1780 1956//1782 1954//1779
f 1933//1781 1932//1888 1954//1779
f 1957//1783 1958//1785 1956//1782
f 1934//1784 1933//1781 1956//1782
f 1959//1786 1960//1788 1958//1785
f 1935//1787 1934//1784 1958//1785
f 1961//1789 1962//1791 1960//1788
f 1936//1790 1935//1787 1960//1788
f 1964//1792 1962//1791 1961//1789
f 1937//1794 1936//1790 1962//1791
f 1965//1795 1947//1772 1829//1667
f 1948//1773 1947//1772 1965//1795
f 1949//1774 1948//1773 1966//1796
f 1950//1775 1949//1774 1967//1797
f 1969//1799 1951//1776 1950//1775
f 1970//1800 1952//1777 1951//1776
f 1971//1801 1953//1778 1952//1777
f 1955//1780 1953//8108 1971//1802
f 1957//1783 1955//1780 1972//1803
f 1974//1805 1959//1786 1957//1783
f 1975//1806 1961//1789 1959//1786
f 1963//1793 1961//1789 1975//1806
f 1977//1808 1860//1679 1477//1361
f 1872//1695 1866//1689 1978//1809
f 1965//1795 1850//1668 1872//1695
f 1980//1811 1966//1796 1965//1795
f 1981//1812 1967//1797 1966//1796
f 1982//1813 1968//1798 1967//1797
f 1969//1799 1968//1798 1982//1813
f 1984//1815 1970//1800 1969//1799
f 1985//1816 1971//1801 1970//1800
f 1972//1803 1971//1802 1985//1817
f 1973//1804 1972//1803 1986//1818
f 1988//1820 1974//1805 1973//1804
f 1989//1821 1975//1806 1974//1805
f 1990//1822 1976//1807 1975//1806
f 1977//1808 1991//1824 1881//1823
f 1977//1808 1579//1384 1601//1383
f 1992//1825 1991//1824 1601//1383
f 1993//1826 1886//8109 1881//1827
f 1978//1809 1866//1689 1886//1829
f 1996//1694 1994//1694 1888//1694
f 1997//1831 1979//1810 1978//1809
f 1997//1831 1993//1830 1995//1832
f 1980//1811 1979//1810 1997//1831
f 1999//1834 1981//1812 1980//1811
f 2000//1835 1982//1813 1981//1812
f 2001//1836 1983//1814 1982//1813
f 2002//1837 1984//1815 1983//1814
f 2003//1838 1985//1816 1984//1815
f 1986//1818 1985//1817 2003//1839
f 2005//1841 1987//1819 1986//1818
f 2006//1842 1988//1820 1987//1819
f 2007//1843 1989//1821 1988//1820
f 1990//1822 1989//1821 2007//1843
f 2009//1845 1617//1402 1481//1401
f 1992//1825 2011//1847 2010//1846
f 1992//1825 1602//1405 1619//1404
f 2012//1848 2011//1847 1619//1404
f 2013//1849 2012//1848 1620//1406
f 2013//1849 1621//1407 1622//1850
f 2015//1852 2014//1851 1622//1850
f 2016//1853 2015//1852 1623//1408
f 2017//1854 2016//1853 1624//1409
f 2018//1707 1904//1707 1888//1707
f 2019//1856 1993//8110 1991//1857
f 2020//1859 2019//1856 2010//1858
f 1995//1832 1993//1830 2019//1861
f 1909//12 1904//12 2018//12
f 1996//1862 1893//1862 1909//1862
f 2021//1717 2018//1717 1994//1717
f 2022//1863 1998//1833 1995//1832
f 1999//1834 1998//1833 2022//1863
f 2000//1835 1999//1834 2023//1864
f 2001//1836 2000//1835 2024//1865
f 2002//1837 2001//1836 2025//1866
f 2003//1838 2002//1837 2026//1867
f 2028//1869 2004//1840 2003//1839
f 2029//1871 2005//1841 2004//1840
f 2030//1872 2006//1842 2005//1841
f 2031//1873 2007//1843 2006//1842
f 2008//1844 2007//1843 2031//1873
f 1922//1755 2033//1876 1650//1444
f 2034//1875 1651//1446 1650//1444
f 2035//1877 1652//1449 1651//1446
f 2036//1878 1653//1452 1652//1449
f 2037//1879 1654//1455 1653//1452
f 2038//1880 1655//1458 1654//1455
f 2039//1881 1656//1461 1655//1458
f 2040//1882 1657//1464 1656//1461
f 1930//1757 2041//1883 2033//1876
f 2041//1883 2042//1885 2034//1875
f 2043//1884 2035//1877 2034//1875
f 2044//1886 2036//1878 2035//1877
f 2045//1887 2037//1879 2036//1878
f 2046//1887 2038//1880 2037//1879
f 2047//1887 2039//1881 2038//1880
f 2048//1887 2040//1882 2039//1881
f 1932//1888 2049//1889 2041//1883
f 2049//1889 2050//1890 2042//1885
f 2050//1890 2051//1892 2043//1884
f 2052//1891 2044//1886 2043//1884
f 2053//1891 2045//1887 2044//1886
f 2054//1891 2046//1887 2045//1887
f 2055//1891 2047//1887 2046//1887
f 2056//1891 2048//1887 2047//1887
f 1933//1781 2057//1893 2049//1889
f 2057//1893 2058//1894 2050//1890
f 2058//1894 2059//1895 2051//1892
f 2059//1895 2060//1694 2052//1891
f 2060//1694 2061//1694 2053//1891
f 2062//1694 2054//1891 2053//1891
f 2063//1694 2055//1891 2054//1891
f 2064//1694 2056//1891 2055//1891
f 1934//1784 2065//1896 2057//1893
f 2065//1896 2066//1894 2058//1894
f 2067//1895 2059//1895 2058//1894
f 2068//1694 2060//1694 2059//1895
f 2069//1694 2061//1694 2060//1694
f 2070//1694 2062//1694 2061//1694
f 2071//1694 2063//1694 2062//1694
f 2072//1694 2064//1694 2063//1694
f 1935//1787 2073//1898 2065//1896
f 2074//1897 2066//1894 2065//1896
f 2075//1899 2067//1895 2066//1894
f 2075//1899 2076//1694 2068//1694
f 2076//1694 2077//1694 2069//1694
f 2078//1694 2070//1694 2069//1694
f 2079//1694 2071//1694 2070//1694
f 2080//1694 2072//1694 2071//1694
f 2081//1900 2073//1898 1935//1787
f 2082//1901 2074//1897 2073//1898
f 2083//1902 2075//1899 2074//1897
f 2084//1903 2076//1694 2075//1899
f 2085//1904 2077//1694 2076//1694
f 2086//1694 2078//1694 2077//1694
f 2087//1694 2079//1694 2078//1694
f 2088//1694 2080//1694 2079//1694
f 2089//1905 2081//1900 1936//1790
f 2090//1906 2082//1901 2081//1900
f 2091//1907 2083//1902 2082//1901
f 2091//1907 2092//1909 2084//1903
f 2093//1908 2085//1904 2084//1903
f 2094//1910 2086//1694 2085//1904
f 2095//1694 2087//1694 2086//1694
f 2096//1694 2088//1694 2087//1694
f 2099//1911 2097//8111 2098//1912
f 2101//1914 2099//1911 2100//1913
f 2103//1916 2101//1914 2102//1915
f 2105//1918 2103//1916 2104//1917
f 1611//1394 1610//1393 2107//1920
f 1612//1395 1611//1394 2108//1921
f 2110//1923 1613//1396 1612//1395
f 1614//1397 1613//1396 2110//1923
f 1615//1398 1614//1397 2111//1924
f 1616//1400 1615//1398 2112//1925
f 1618//1403 1617//1402 2114//1927
f 1618//1403 2115//1928 2107//1920
f 2116//1929 2108//1921 2107//1920
f 2117//1930 2109//1922 2108//1921
f 2117//1930 2118//1931 2110//1923
f 2118//1931 2119//1932 2111//1924
f 2119//1932 2120//1933 2112//1925
f 2120//1933 2121//1949 2113//1926
f 2116//1929 2115//1928 2123//1934
f 2117//1930 2116//1929 2124//1935
f 2126//1937 2118//1931 2117//1930
f 2127//1938 2119//1932 2118//1931
f 2128//1939 2120//1933 2119//1932
f 2129//1940 2121//1949 2120//1933
f 1746//1528 1616//1400 2113//1926
f 1747//1529 1746//1528 2130//1941
f 1748//1530 1747//1529 2131//1942
f 1749//1531 1748//1530 2132//1943
f 1750//1532 1749//1531 2133//1944
f 2135//1946 1751//1533 1750//1532
f 2136//1947 1752//1534 1751//1533
f 2137//1948 1753//1535 1752//1534
f 2121//1949 2139//1951 2130//1941
f 1754//1536 2138//1952 2122//1950
f 2139//1951 2141//1953 2131//1942
f 1755//1537 2140//2170 2138//1952
f 2141//1953 2143//1955 2132//1943
f 2142//1954 2140//2170 1755//1537
f 2143//1955 2145//1957 2133//1944
f 2144//1956 2142//1954 1756//1538
f 2145//1957 2147//1959 2134//1945
f 2146//1958 2144//1956 1757//1539
f 2147//1959 2149//1960 2135//1946
f 1759//1541 2148//2174 2146//1958
f 2149//1960 2151//1962 2136//1947
f 2150//1961 2148//2174 1759//1541
f 2151//1962 2153//4087 2137//1948
f 2152//1963 2150//1961 1760//1542
f 2154//1965 2139//1951 2121//1949
f 2141//1953 2139//1951 2154//1965
f 2156//1967 2143//1955 2141//1953
f 2157//1968 2145//1957 2143//1955
f 2158//1969 2147//1959 2145//1957
f 2159//1970 2149//1960 2147//1959
f 2160//1971 2151//1962 2149//1960
f 2161//1972 2153//4087 2151//1962
f 1903//1729 2163//1978 2162//1973
f 2165//1974 1906//1731 1905//1730
f 1907//1732 1906//1731 2165//1974
f 1908//1733 1907//1732 2166//1976
f 1908//1733 2167//1977 2163//1978
f 1910//1735 2168//1984 2164//1979
f 2169//1980 2165//1974 2164//1975
f 2169//1980 2170//1983 2166//1976
f 2171//1982 2167//1977 2166//1976
f 1911//1737 2172//1985 2168//1984
f 1912//1738 2173//1986 2172//1985
f 1913//1717 2174//1998 2173//1986
f 2175//1717 2174//1998 1913//1717
f 2169//1980 2168//1981 2177//1987
f 2170//1983 2169//1980 2178//1988
f 2171//1982 2170//1983 2179//1989
f 2171//1982 2180//1990 2176//1991
f 2172//1985 2181//1997 2177//1992
f 2182//1993 2178//1988 2177//1987
f 2182//1993 2183//1996 2179//1989
f 2184//1995 2180//1990 2179//1989
f 2173//1986 2185//1999 2181//1997
f 2174//1998 2186//2000 2185//1999
f 2175//1717 2187//2011 2186//2000
f 2182//1993 2181//1994 2188//2001
f 2190//2003 2183//1996 2182//1993
f 2191//2004 2184//1995 2183//1996
f 2185//1999 2192//2010 2188//2005
f 2193//2006 2189//2002 2188//2001
f 2194//2008 2190//2003 2189//2002
f 2195//2009 2191//2004 2190//2003
f 2186//2000 2196//2012 2192//2010
f 2187//2011 2197//2022 2196//2012
f 2193//2006 2192//2007 2198//2013
f 2200//2015 2194//2008 2193//2006
f 2201//2016 2195//2009 2194//2008
f 2196//2012 2202//2023 2198//2017
f 2203//2018 2199//2014 2198//2013
f 2204//2020 2200//2015 2199//2014
f 2205//2021 2201//2016 2200//2015
f 2197//2022 2206//6184 2202//2023
f 2207//2024 2203//2018 2202//2019
f 2207//2024 2208//2026 2204//2020
f 2208//2026 2209//2160 2205//2021
f 2009//1845 1900//1726 2162//1973
f 2009//1845 2210//2027 2114//1927
f 2211//2028 2115//1928 2114//1927
f 2012//1848 2213//2030 2212//2029
f 2013//1849 2214//2038 2213//2030
f 2215//2031 2214//2038 2013//1849
f 2216//2032 2215//2031 2014//1851
f 2016//1853 2217//2033 2216//2032
f 2017//1854 2218//2034 2217//2033
f 2017//1854 1625//1855 2122//1950
f 2219//2035 2210//2027 2162//1973
f 2020//1859 2011//1860 2212//2029
f 2221//2037 2220//2036 2212//2029
f 2221//2037 2213//2030 2214//2038
f 2222//2039 2214//2038 2215//2031
f 2223//2040 2215//2031 2216//2032
f 2224//2041 2216//2032 2217//2033
f 2226//2043 2225//2042 2217//2033
f 2227//2044 2219//2035 2163//1978
f 2228//2045 2022//1863 2020//1859
f 2228//2045 2220//2036 2221//2037
f 2023//1864 2022//1863 2228//2047
f 2229//2046 2221//2037 2222//2049
f 2024//1865 2023//1864 2229//2048
f 2231//2052 2230//2050 2222//2049
f 2025//1866 2024//1865 2230//2051
f 2232//2055 2231//2052 2223//2053
f 2026//1867 2025//1866 2231//2054
f 2232//2055 2224//2056 2225//2058
f 2027//1868 2026//1867 2232//2057
f 2235//2061 2028//1869 2027//1870
f 2236//2063 2235//8112 2233//2064
f 2237//2066 2029//1871 2028//1869
f 2238//2067 2030//1872 2029//1871
f 2239//2068 2031//1873 2030//1872
f 2032//1874 2031//1873 2239//2068
f 2211//2028 2210//2027 2241//2070
f 2211//2028 2242//2071 2123//1934
f 2243//2072 2124//1935 2123//1934
f 2244//2073 2125//1936 2124//1935
f 2245//2074 2126//1937 2125//1936
f 2246//2075 2127//1938 2126//1937
f 2247//2076 2128//1939 2127//1938
f 2248//2077 2129//1940 2128//1939
f 2219//2035 2249//2079 2241//2070
f 2250//2078 2242//2071 2241//2070
f 2251//2080 2243//2072 2242//2071
f 2252//2081 2244//2073 2243//2072
f 2252//2081 2253//2082 2245//2074
f 2253//2082 2254//2083 2246//2075
f 2254//2083 2255//2085 2247//2076
f 2256//2084 2248//2225 2247//2076
f 2226//2086 2256//2227 2255//2087
f 2227//2044 2167//1977 2176//1991
f 2227//2044 2258//2089 2249//2079
f 2259//2090 2250//2078 2249//2079
f 2260//2091 2251//2080 2250//2078
f 2260//2091 2261//2093 2252//2081
f 2262//2092 2253//2082 2252//2081
f 2262//2092 2263//2095 2254//2083
f 2264//2094 2255//2085 2254//2083
f 2264//2096 2233//8113 2225//2097
f 2234//2099 2233//8114 2264//2100
f 2267//2102 2258//2089 2176//1991
f 2268//2103 2259//2090 2258//2089
f 2268//2103 2269//2104 2260//2091
f 2269//2104 2270//2106 2261//2093
f 2271//2105 2262//2092 2261//2093
f 2271//2105 2272//2108 2263//2095
f 2273//2107 2264//2094 2263//2095
f 2274//2109 2266//8115 2264//2094
f 2236//2110 2274//8116 2273//2111
f 2274//2113 2236//8117 2234//2114
f 2184//1995 2275//2116 2267//2102
f 2275//2116 2276//2118 2268//2103
f 2277//2117 2269//2104 2268//2103
f 2278//2119 2270//2106 2269//2104
f 2279//8118 2280//2122 2273//8119
f 2237//2066 2235//2061 2273//2121
f 2281//2123 2238//2067 2237//2066
f 2282//2124 2239//2068 2238//2067
f 2283//2125 2240//2069 2239//2068
f 2265//1717 2285//1717 2284//1717
f 2271//2105 2270//2106 2286//2126
f 2288//2128 2272//2108 2271//2105
f 2275//2116 2184//1995 2191//2004
f 2276//2118 2275//2116 2289//2129
f 2277//2117 2276//2118 2290//2130
f 2278//2119 2277//2117 2291//2131
f 2278//2119 2292//2132 2286//2126
f 2293//2133 2287//2127 2286//2126
f 2293//2133 2294//2134 2288//2128
f 2279//2120 2272//2108 2288//2128
f 2295//2142 2280//2122 2279//8118
f 2296//2136 2289//2129 2191//2004
f 2297//2137 2290//2130 2289//2129
f 2298//2138 2291//2131 2290//2130
f 2299//2139 2292//2132 2291//2131
f 2299//2139 2300//2141 2293//2133
f 2301//2140 2294//2134 2293//2133
f 2301//2140 2302//8120 2295//2135
f 2281//2123 2280//2122 2295//2142
f 2303//2144 2282//2124 2281//2123
f 2304//2145 2283//2125 2282//2124
f 2305//2146 2296//2136 2195//2009
f 2297//2137 2296//2136 2305//2146
f 2307//2148 2298//2138 2297//2137
f 2308//2149 2299//2139 2298//2138
f 2309//2150 2300//2141 2299//2139
f 2310//2151 2301//2140 2300//2141
f 2311//2152 2302//8120 2301//2140
f 2312//2153 2305//2146 2201//2016
f 2313//2154 2306//2147 2305//2146
f 2314//2154 2307//2148 2306//2147
f 2315//2155 2308//2149 2307//2148
f 2315//2155 2316//2156 2309//2150
f 2316//2156 2317//2157 2310//2151
f 2317//2157 2318//2166 2311//2152
f 2303//2144 2302//2143 2311//2158
f 2209//2160 2319//2162 2312//2153
f 2320//2161 2313//2154 2312//2153
f 2321//2161 2314//2154 2313//2154
f 2322//2163 2315//2155 2314//2154
f 2322//2163 2323//2164 2316//2156
f 2323//2164 2324//2165 2317//2157
f 2324//2165 2325//6256 2318//2166
f 2304//2145 2303//2144 2318//2159
f 2326//2168 2218//2034 2122//1950
f 2327//2169 2326//2168 2138//1952
f 2327//2169 2140//2170 2142//1954
f 2328//2171 2142//1954 2144//1956
f 2329//2172 2144//1956 2146//1958
f 2330//2173 2146//1958 2148//2174
f 2332//2176 2331//2175 2148//2174
f 2333//2177 2332//2176 2150//1961
f 2226//2043 2218//2034 2326//2168
f 2334//2178 2326//2168 2327//2169
f 2336//2180 2335//2179 2327//2169
f 2337//2181 2336//2180 2328//2171
f 2338//2182 2337//2181 2329//2172
f 2339//2183 2338//2182 2330//2173
f 2344//2184 2343//8121 2340//2185
f 2098//2187 2097//8122 2343//2188
f 2345//2190 2344//2198 2341//2191
f 2346//2193 2343//2254 2097//2194
f 2347//2196 2100//2203 2098//2197
f 2347//2196 2344//2198 2345//2190
f 2349//2200 2346//2193 2099//2195
f 2350//2202 2102//8123 2100//2203
f 2350//2202 2347//2196 2348//2199
f 2352//2205 2349//2200 2101//2201
f 2104//2207 2102//8123 2350//2202
f 2353//2208 2350//2202 2351//2204
f 2355//2210 2352//2205 2103//2206
f 2106//1919 2104//2207 2353//2208
f 2356//2212 2353//2208 2354//2209
f 2248//2077 2362//2214 2154//1965
f 2362//2214 2363//2216 2155//1966
f 2364//2215 2156//1967 2155//1966
f 2365//2217 2157//1968 2156//1967
f 2366//2218 2158//1969 2157//1968
f 2367//2219 2159//1970 2158//1969
f 2370//2220 2160//1971 2159//1970
f 2332//2176 2369//2223 2368//2221
f 2372//2222 2161//1972 2160//1971
f 2333//2177 2371//2237 2369//2223
f 2373//2224 2362//2229 2248//2225
f 2334//2226 2373//2230 2256//2227
f 2373//2224 2375//2308 2363//2228
f 2335//2179 2375//2231 2373//2230
f 2336//2180 2376//8124 2375//2231
f 2377//2232 2376//8124 2336//2180
f 2378//2233 2377//2232 2337//2181
f 2339//2183 2379//2234 2378//2233
f 2339//2183 2331//2175 2368//2221
f 2380//2235 2379//2234 2368//2221
f 2381//2236 2380//2235 2369//2223
f 2265//2238 2257//8125 2374//2239
f 2383//2240 2375//8126 2376//2241
f 2384//2243 2341//2186 2340//2185
f 2384//2242 2376//2241 2377//2232
f 2342//2246 2341//2186 2384//2243
f 2387//2248 2386//2245 2377//2232
f 2388//2249 2387//2248 2378//2233
f 2388//2249 2379//2234 2380//2235
f 2390//2251 2389//2250 2380//2235
f 2391//2252 2383//8127 2340//2253
f 2391//2252 2392//2347 2385//2255
f 2393//2257 2386//2323 2385//2258
f 2393//2260 2345//2190 2342//2261
f 2396//2263 2389//2250 2390//2251
f 2346//2193 2398//2266 2391//2252
f 2399//2265 2392//2347 2391//2252
f 2400//2267 2348//2199 2345//2190
f 2400//2267 2393//8128 2394//2268
f 2401//2269 2394//2268 2395//2270
f 2403//2272 2402//2271 2395//2270
f 2403//2272 2396//2263 2397//2264
f 2405//2274 2398//2266 2346//2193
f 2351//2204 2348//2199 2400//2267
f 2406//2275 2400//2267 2401//2269
f 2408//2277 2407//2276 2401//2269
f 2409//2278 2408//2277 2402//2271
f 2409//2278 2403//2272 2404//2273
f 2352//2205 2411//2365 2405//2274
f 2354//2209 2351//2204 2406//2275
f 2414//2281 2413//8129 2406//2275
f 2415//2282 2414//2281 2407//2276
f 2415//2282 2408//2277 2409//2278
f 2416//2283 2409//2278 2410//2279
f 2418//2285 2411//2365 2352//2205
f 2418//2286 2419//2290 2412//2287
f 2420//2289 2413//8130 2412//2287
f 2420//2291 2357//8131 2354//2209
f 2421//2292 2358//8132 2357//2293
f 2359//2295 2358//8132 2421//2292
f 2360//2297 2359//2295 2422//2296
f 2361//2299 2360//2297 2423//2298
f 2364//2215 2363//2216 2425//2301
f 2365//2217 2364//2215 2426//2302
f 2428//2304 2366//2218 2365//2217
f 2429//2305 2367//2219 2366//2218
f 2430//2306 2370//2220 2367//2219
f 2431//2307 2372//2222 2370//2220
f 2374//1862 2257//1862 2284//1862
f 2375//2308 2433//8133 2425//2309
f 2434//2310 2426//2302 2425//2301
f 2435//2312 2427//2303 2426//2302
f 2436//2313 2428//2304 2427//2303
f 2437//2314 2429//2305 2428//2304
f 2437//2314 2438//2316 2430//2306
f 2439//2315 2431//2307 2430//2306
f 2440//1694 2432//1694 2284//1694
f 2440//1707 2285//1707 2265//1707
f 2382//1714 2374//1714 2432//1714
f 2441//2317 2433//8133 2375//2308
f 2441//2319 2442//2322 2434//2310
f 2385//2258 2442//2322 2441//2319
f 2443//2321 2435//2312 2434//2310
f 2386//2327 2443//2326 2442//8134
f 2444//2324 2436//2313 2435//2312
f 2387//2325 2444//2329 2443//2326
f 2444//2324 2445//2330 2437//2314
f 2388//2328 2445//2332 2444//2329
f 2445//2330 2446//2334 2438//2316
f 2389//2331 2446//8135 2445//2332
f 2447//2333 2439//2315 2438//2316
f 2393//2335 2392//8136 2448//2336
f 2394//2338 2393//2335 2449//2337
f 2395//2340 2394//2338 2450//2339
f 2452//2342 2396//8137 2395//2340
f 2396//1717 2452//1717 2446//1724
f 2452//2343 2453//2355 2447//2333
f 2399//2265 2398//2266 2454//2356
f 2399//2265 2455//2345 2448//2346
f 2456//2348 2449//2350 2448//2346
f 2457//2349 2450//2352 2449//2350
f 2458//2351 2451//2354 2450//2352
f 2459//2353 2452//2343 2451//2354
f 2459//2353 2460//2363 2453//2355
f 2405//2274 2461//8138 2454//2356
f 2462//2357 2455//2345 2454//2344
f 2462//2357 2463//2359 2456//2348
f 2463//2359 2464//2360 2457//2349
f 2464//2360 2465//2362 2458//2351
f 2466//2361 2459//2353 2458//2351
f 2466//2361 2467//2380 2460//2363
f 2468//2364 2461//8138 2405//2274
f 2468//2366 2469//2367 2462//2357
f 2412//2287 2469//2367 2468//2366
f 2469//2367 2470//2372 2463//2359
f 2470//2372 2469//2367 2412//2287
f 2471//2371 2464//2360 2463//2359
f 2414//2373 2471//2375 2470//2368
f 2471//2371 2472//2376 2465//2362
f 2415//2374 2472//2378 2471//2375
f 2472//2376 2473//2379 2466//2361
f 2416//2377 2473//2382 2472//2378
f 2473//2379 2474//4330 2467//2380
f 2417//2381 2474//2381 2473//2382
f 2478//2383 432//225 424//226
f 97//2385 6//8090 432//225
f 2478//2383 2475//2384 2476//2386
f 98//2388 97//2385 2478//2383
f 2479//2387 2476//2386 2477//2389
f 99//2391 98//2388 2479//2387
f 2481//2392 100//8139 99//2391
f 101//2393 100//8139 2481//2392
f 102//60 101//2393 2482//2394
f 2475//2384 424//226 438//230
f 2476//2386 2475//2384 2486//2396
f 2477//2389 2476//2386 2487//2397
f 2492//2399 2480//2390 2477//2389
f 2492//2399 2488//2398 2489//2400
f 2481//2392 2480//2390 2492//2399
f 2494//2402 2493//2401 2489//2400
f 2482//2394 2481//2392 2493//2401
f 2494//2402 2490//2403 2491//2404
f 2483//2395 2482//2394 2494//2402
f 2484//2406 2483//2395 2495//2405
f 2485//2408 2484//2406 2496//2407
f 2498//2410 2486//2396 438//230
f 2499//2411 2487//2397 2486//2396
f 2500//2412 2488//2398 2487//2397
f 2489//2400 2488//2398 2500//2412
f 2490//2403 2489//2400 2501//2413
f 2491//2404 2490//2403 2502//2414
f 2505//2416 2495//2405 2491//2404
f 2505//2416 2503//2415 2504//2417
f 2496//2407 2495//2405 2505//2416
f 2507//2419 2497//2409 2496//2407
f 2508//2420 2498//2410 451//247
f 2509//2421 2499//2411 2498//2410
f 2510//2422 2500//2412 2499//2411
f 2511//2423 2501//2413 2500//2412
f 2512//2424 2502//2414 2501//2413
f 2513//2425 2503//2415 2502//2414
f 2504//2417 2503//2415 2513//2425
f 2516//2427 2506//2418 2504//2417
f 2516//2427 2514//2426 2515//2428
f 2507//2419 2506//2418 2516//2427
f 2518//2430 2508//2420 462//260
f 2509//2421 2508//2420 2518//2430
f 2510//2422 2509//2421 2519//2431
f 2521//2433 2511//2423 2510//2422
f 2522//2434 2512//2424 2511//2423
f 2523//2435 2513//2425 2512//2424
f 2524//2436 2514//2426 2513//2425
f 2515//2428 2514//2426 2524//2436
f 2526//2438 2517//2429 2515//2428
f 2530//2439 484//283 476//282
f 2518//2430 472//271 484//283
f 2531//2441 2530//2439 2527//2440
f 2519//2431 2518//2430 2530//2439
f 2531//2441 2528//2442 2529//2443
f 2520//2432 2519//2431 2531//2441
f 2533//2445 2521//2433 2520//2432
f 2522//2434 2521//2433 2533//2445
f 2535//2447 2523//2435 2522//2434
f 2536//2448 2524//2436 2523//2435
f 2525//2437 2524//2436 2536//2448
f 2527//2440 476//282 489//286
f 2528//2442 2527//2440 2538//2450
f 2529//2443 2528//2442 2539//2451
f 2543//2453 2532//2444 2529//2443
f 2543//2453 2540//2452 2541//2454
f 2533//2445 2532//2444 2543//2453
f 2544//2455 2541//2454 2542//2456
f 2534//2446 2533//2445 2544//2455
f 2535//2447 2534//2446 2545//2457
f 2547//2459 2536//2448 2535//2447
f 2548//2460 2537//2449 2536//2448
f 2549//2461 2538//2450 489//286
f 2539//2451 2538//2450 2549//2461
f 2551//2463 2540//2452 2539//2451
f 2541//2454 2540//2452 2551//2463
f 2542//2456 2541//2454 2552//2464
f 2556//2466 2545//2457 2542//2456
f 2556//2466 2553//2465 2554//2467
f 2546//2458 2545//2457 2556//2466
f 2557//2468 2554//2467 2555//2469
f 2547//2459 2546//2458 2557//2468
f 2559//2471 2548//2460 2547//2459
f 2560//2472 2497//2409 2507//2419
f 2563//2474 2561//2473 2507//2419
f 2562//2475 2561//2473 2563//2474
f 2526//2438 2525//2437 2566//2477
f 2563//2474 2517//2429 2526//2438
f 2568//2479 2564//2476 2563//2474
f 2565//2480 2564//2476 2568//2479
f 2566//2477 2525//2437 2537//2449
f 2572//2483 2567//2478 2566//2477
f 2572//2483 2570//2482 2571//2484
f 2568//2479 2567//2478 2572//2483
f 2569//2481 2568//2479 2573//2485
f 2570//2482 2537//2449 2548//2460
f 2571//2484 2570//2482 2576//2487
f 2579//2489 2573//2485 2571//2484
f 2579//2489 2577//2488 2578//2490
f 2574//2486 2573//2485 2579//2489
f 2575//2492 2574//2486 2580//2491
f 2583//2494 2576//2487 2548//2460
f 2577//2488 2576//2487 2583//2494
f 2578//2490 2577//2488 2584//2495
f 2586//2497 2580//2491 2578//2490
f 2581//2493 2580//2491 2586//2497
f 2582//2499 2581//2493 2587//2498
f 2589//2501 108//61 102//60
f 2589//2501 2483//2395 2484//2406
f 109//64 108//61 2589//2501
f 2590//2502 2484//2406 2485//2408
f 110//66 109//64 2590//2502
f 2592//2504 648//2504 96//23
f 2593//440 2592//2504 159//23
f 2594//440 2593//440 160//23
f 2595//440 2594//440 161//23
f 2596//440 2595//440 162//23
f 2597//440 2596//440 163//23
f 2598//440 2597//440 164//23
f 2599//440 2598//440 165//23
f 2600//2505 2591//2503 2485//2408
f 167//72 110//66 2591//2503
f 2603//2507 168//73 167//72
f 2603//2507 2601//2506 2602//2508
f 169//75 168//73 2603//2507
f 2606//2510 171//76 169//75
f 2606//2510 2604//2509 2605//2511
f 172//79 171//76 2606//2510
f 2609//2513 175//80 172//79
f 2609//2513 2607//2512 2608//2514
f 176//83 175//80 2609//2513
f 2612//2516 180//84 176//83
f 2612//2516 2610//2515 2611//2517
f 2614//2519 184//87 180//84
f 2615//2520 2614//2519 2612//2516
f 188//90 184//87 2614//2519
f 2617//2522 2616//2521 2614//2519
f 2618//2523 2599//440 166//23
f 190//91 2619//2524 2618//2523
f 191//92 2620//2525 2619//2524
f 192//93 2621//2526 2620//2525
f 192//93 188//90 2616//2521
f 2622//2527 2621//2526 2616//2521
f 2600//2505 2497//2409 2560//2472
f 2601//2506 2591//2503 2600//2505
f 2602//2508 2601//2506 2623//2528
f 2626//2530 2604//2509 2602//2508
f 2626//2530 2624//2529 2625//2531
f 2605//2511 2604//2509 2626//2530
f 2629//2533 2607//2512 2605//2511
f 2629//2533 2627//2532 2628//2534
f 2608//2514 2607//2512 2629//2533
f 2632//2536 2610//2515 2608//2514
f 2632//2536 2630//2535 2631//2537
f 2611//2517 2610//2515 2632//2536
f 2634//2539 2613//2518 2611//2517
f 2635//2540 2615//2520 2613//2518
f 2617//2522 2615//2520 2635//2540
f 2638//2542 2622//2527 2617//2522
f 2638//2542 2636//2541 2637//2543
f 2640//2545 2623//2528 2560//2472
f 2640//2545 2561//2473 2562//2475
f 2624//2529 2623//2528 2640//2545
f 2625//2531 2624//2529 2641//2546
f 2644//2548 2627//2532 2625//2531
f 2644//2548 2642//2547 2643//2549
f 2628//2534 2627//2532 2644//2548
f 2646//2551 2630//2535 2628//2534
f 2631//2537 2630//2535 2646//2551
f 2648//2553 2633//2538 2631//2537
f 2634//2539 2633//2538 2648//2553
f 2651//2555 2635//2540 2634//2539
f 2651//2555 2649//2554 2650//2556
f 2653//2558 2636//2541 2635//2540
f 2653//2558 2651//2555 2652//2557
f 2637//2543 2636//2541 2653//2558
f 2655//2560 2639//2544 2637//2543
f 2656//2561 2641//2546 2562//2475
f 2656//2561 2564//2476 2565//2480
f 2642//2547 2641//2546 2656//2561
f 2643//2549 2642//2547 2657//2562
f 2659//2564 2645//2550 2643//2549
f 2661//2565 2646//2551 2645//2550
f 2661//2565 2659//2564 2660//2566
f 2647//2552 2646//2551 2661//2565
f 2663//2568 2648//2553 2647//2552
f 2665//2569 2649//2554 2648//2553
f 2665//2569 2663//2568 2664//2570
f 2650//2556 2649//2554 2665//2569
f 2667//2572 2652//2557 2650//2556
f 2668//2573 2654//2559 2652//2557
f 2655//2560 2654//2559 2668//2573
f 2670//2575 2657//2562 2565//2480
f 2658//2563 2657//2562 2670//2575
f 2673//2577 2659//2564 2658//2563
f 2673//2577 2671//2576 2672//2578
f 2660//2566 2659//2564 2673//2577
f 2675//2580 2662//2567 2660//2566
f 2677//2581 2663//2568 2662//2567
f 2677//2581 2675//2580 2676//2582
f 2664//2570 2663//2568 2677//2581
f 2679//2584 2666//2571 2664//2570
f 2667//2572 2666//2571 2679//2584
f 2682//2586 2668//2573 2667//2572
f 2682//2586 2680//2585 2681//2587
f 2669//2574 2668//2573 2682//2586
f 2684//2589 2682//2586 2683//2588
f 2686//2591 2670//2575 2569//2481
f 2686//2591 2574//2486 2575//2492
f 2671//2576 2670//2575 2686//2591
f 2672//2578 2671//2576 2687//2592
f 2689//2594 2674//2579 2672//2578
f 2691//2595 2675//2580 2674//2579
f 2691//2595 2689//2594 2690//2596
f 2676//2582 2675//2580 2691//2595
f 2693//2598 2678//2583 2676//2582
f 2695//2599 2679//2584 2678//2583
f 2695//2599 2693//2598 2694//2600
f 2697//2602 2680//2585 2679//2584
f 2697//2602 2695//2599 2696//2601
f 2681//2587 2680//2585 2697//2602
f 2699//2604 2683//2588 2681//2587
f 2700//2605 2685//2590 2683//2588
f 2701//2606 2687//2592 2575//2492
f 2701//2606 2581//2493 2582//2499
f 2688//2593 2687//2592 2701//2606
f 2704//2608 2689//2594 2688//2593
f 2704//2608 2702//2607 2703//2609
f 2690//2596 2689//2594 2704//2608
f 2707//2611 2692//2597 2690//2596
f 2707//2611 2705//2610 2706//2612
f 2709//2614 2693//2598 2692//2597
f 2709//2614 2707//2611 2708//2613
f 2694//2600 2693//2598 2709//2614
f 2711//2616 2696//2601 2694//2600
f 2712//2617 2698//2603 2696//2601
f 2699//2604 2698//2603 2712//2617
f 2715//2619 2700//2605 2699//2604
f 2715//2619 2713//2618 2714//2620
f 2717//2622 2702//2607 2582//2499
f 2703//2609 2702//2607 2717//2622
f 2720//2624 2705//2610 2703//2609
f 2720//2624 2718//2623 2719//2625
f 2706//2612 2705//2610 2720//2624
f 2722//2627 2708//2613 2706//2612
f 2723//2628 2710//2615 2708//2613
f 2725//2629 2711//2616 2710//2615
f 2725//2629 2723//2628 2724//2630
f 2727//2632 2712//2617 2711//2616
f 2728//2633 2727//2632 2725//2629
f 2729//2634 2713//2618 2712//2617
f 2729//2634 2727//2632 2728//2633
f 2714//2620 2713//2618 2729//2634
f 2731//2636 2716//2621 2714//2620
f 2732//2637 2549//2461 502//299
f 2733//2638 2550//2462 2549//2461
f 2734//2639 2551//2463 2550//2462
f 2552//2464 2551//2463 2734//2639
f 2736//2641 2553//2465 2552//2464
f 2554//2467 2553//2465 2736//2641
f 2555//2469 2554//2467 2737//2642
f 2740//2644 2558//2470 2555//2469
f 2740//2644 2738//2643 2739//2645
f 2559//2471 2558//2470 2740//2644
f 2732//2637 746//536 756//547
f 2743//2648 2733//2638 2732//2637
f 2744//2649 2734//2639 2733//2638
f 2745//2650 2735//2640 2734//2639
f 2746//2651 2736//2641 2735//2640
f 2737//2642 2736//2641 2746//2651
f 2748//2653 2738//2643 2737//2642
f 2739//2645 2738//2643 2748//2653
f 2750//2655 2741//2646 2739//2645
f 2742//2647 756//547 765//556
f 2752//2657 2743//2648 2742//2647
f 2753//2658 2744//2649 2743//2648
f 2754//2659 2745//2650 2744//2649
f 2755//2660 2746//2651 2745//2650
f 2756//2661 2747//2652 2746//2651
f 2757//2662 2748//2653 2747//2652
f 2758//2663 2749//2654 2748//2653
f 2751//2656 765//556 773//564
f 2760//2665 2752//2657 2751//2656
f 2761//2666 2753//2658 2752//2657
f 2762//2667 2754//2659 2753//2658
f 2763//2668 2755//2660 2754//2659
f 2764//2669 2756//2661 2755//2660
f 2765//2670 2757//2662 2756//2661
f 2766//2671 2758//2663 2757//2662
f 2759//2664 773//564 781//572
f 2768//2673 2760//2665 2759//2664
f 2769//2674 2761//2666 2760//2665
f 2770//2675 2762//2667 2761//2666
f 2771//2676 2763//2668 2762//2667
f 2772//2677 2764//2669 2763//2668
f 2773//2678 2765//2670 2764//2669
f 2774//2679 2766//2671 2765//2670
f 2767//2672 781//572 789//580
f 2776//2681 2768//2673 2767//2672
f 2777//2682 2769//2674 2768//2673
f 2778//2683 2770//2675 2769//2674
f 2779//2684 2771//2676 2770//2675
f 2780//2685 2772//2677 2771//2676
f 2781//2686 2773//2678 2772//2677
f 2782//2687 2774//2679 2773//2678
f 2775//2680 789//580 797//580
f 2784//2689 2776//2681 2775//2680
f 2785//2690 2777//2682 2776//2681
f 2786//2691 2778//2683 2777//2682
f 2787//2692 2779//2684 2778//2683
f 2788//2693 2780//2685 2779//2684
f 2789//2694 2781//2686 2780//2685
f 2790//2695 2782//2687 2781//2686
f 2783//2688 797//580 805//595
f 2792//2697 2784//2689 2783//2688
f 2793//2698 2785//2690 2784//2689
f 2794//2699 2786//2691 2785//2690
f 2795//2700 2787//2692 2786//2691
f 2796//2701 2788//2693 2787//2692
f 2797//2702 2789//2694 2788//2693
f 2798//2703 2790//2695 2789//2694
f 2583//2494 2559//2471 2741//2646
f 2800//2705 2584//2495 2583//2494
f 2585//2496 2584//2495 2800//2705
f 2803//2707 2586//2497 2585//2496
f 2803//2707 2801//2706 2802//2708
f 2587//2498 2586//2497 2803//2707
f 2588//2500 2587//2498 2804//2709
f 2750//2655 2749//2654 2807//2711
f 2799//2704 2741//2646 2750//2655
f 2809//2712 2807//2711 2808//2713
f 2800//2705 2799//2704 2809//2712
f 2811//2715 2801//2706 2800//2705
f 2802//2708 2801//2706 2811//2715
f 2814//2717 2804//2709 2802//2708
f 2814//2717 2812//2716 2813//2718
f 2805//2710 2804//2709 2814//2717
f 2806//2720 2805//2710 2815//2719
f 2807//2711 2749//2654 2758//2663
f 2808//2713 2807//2711 2818//2722
f 2820//2724 2810//2714 2808//2713
f 2811//2715 2810//2714 2820//2724
f 2822//2726 2812//2716 2811//2715
f 2813//2718 2812//2716 2822//2726
f 2824//2728 2815//2719 2813//2718
f 2816//2721 2815//2719 2824//2728
f 2817//2730 2816//2721 2825//2729
f 2818//2722 2758//2663 2766//2671
f 2819//2723 2818//2722 2827//2732
f 2830//2734 2820//2724 2819//2723
f 2830//2734 2828//2733 2829//2735
f 2821//2725 2820//2724 2830//2734
f 2822//2726 2821//2725 2831//2736
f 2823//2727 2822//2726 2832//2737
f 2835//2739 2824//2728 2823//2727
f 2835//2739 2833//2738 2834//2740
f 2825//2729 2824//2728 2835//2739
f 2826//2731 2825//2729 2836//2741
f 2839//2743 2827//2732 2766//2671
f 2840//2744 2828//2733 2827//2732
f 2829//2735 2828//2733 2840//2744
f 2843//2746 2831//2736 2829//2735
f 2843//2746 2841//2745 2842//2747
f 2832//2737 2831//2736 2843//2746
f 2845//2749 2833//2738 2832//2737
f 2834//2740 2833//2738 2845//2749
f 2847//2751 2836//2741 2834//2740
f 2837//2742 2836//2741 2847//2751
f 2838//2753 2837//2742 2848//2752
f 2850//2755 2839//2743 2774//2679
f 2851//2756 2840//2744 2839//2743
f 2852//2757 2841//2745 2840//2744
f 2842//2747 2841//2745 2852//2757
f 2854//2759 2844//2748 2842//2747
f 2845//2749 2844//2748 2854//2759
f 2846//2750 2845//2749 2855//2760
f 2858//2762 2847//2751 2846//2750
f 2858//2762 2856//2761 2857//2763
f 2848//2752 2847//2751 2858//2762
f 2860//2765 2849//2754 2848//2752
f 2861//2766 2850//2755 2782//2687
f 2862//2767 2851//2756 2850//2755
f 2852//2757 2851//2756 2862//2767
f 2853//2758 2852//2757 2863//2768
f 2866//2770 2854//2759 2853//2758
f 2866//2770 2864//2769 2865//2771
f 2855//2760 2854//2759 2866//2770
f 2868//2773 2856//2761 2855//2760
f 2857//2763 2856//2761 2868//2773
f 2870//2775 2859//2764 2857//2763
f 2860//2765 2859//2764 2870//2775
f 2872//2777 2861//2766 2790//2695
f 2873//2778 2862//2767 2861//2766
f 2874//2779 2863//2768 2862//2767
f 2875//2780 2864//2769 2863//2768
f 2865//2771 2864//2769 2875//2780
f 2877//2782 2867//2772 2865//2771
f 2868//2773 2867//2772 2877//2782
f 2869//2774 2868//2773 2878//2783
f 2881//2785 2870//2775 2869//2774
f 2881//2785 2879//2784 2880//2786
f 2871//2776 2870//2775 2881//2785
f 2883//2788 2849//2754 2860//2765
f 2884//2789 2860//2765 2871//2776
f 2885//2790 2871//2776 2882//2787
f 2888//2792 2717//2622 2588//2500
f 2888//2792 2805//2710 2806//2720
f 2718//2623 2717//2622 2888//2792
f 2719//2625 2718//2623 2889//2793
f 2891//2795 2721//2626 2719//2625
f 2893//2796 2722//2627 2721//2626
f 2893//2796 2891//2795 2892//2797
f 2895//2799 2723//2628 2722//2627
f 2895//2799 2893//2796 2894//2798
f 2724//2630 2723//2628 2895//2799
f 2897//2801 2726//2631 2724//2630
f 2728//2633 2726//2631 2897//2801
f 2899//2803 2730//2635 2728//2633
f 2731//2636 2730//2635 2899//2803
f 2901//2805 2889//2793 2806//2720
f 2901//2805 2816//2721 2817//2730
f 2890//2794 2889//2793 2901//2805
f 2904//2807 2891//2795 2890//2794
f 2904//2807 2902//2806 2903//2808
f 2892//2797 2891//2795 2904//2807
f 2906//2810 2894//2798 2892//2797
f 2907//2811 2896//2800 2894//2798
f 2897//2801 2896//2800 2907//2811
f 2909//2813 2898//2802 2897//2801
f 2910//2814 2902//2806 2817//2730
f 2903//2808 2902//2806 2910//2814
f 2912//2816 2905//2809 2903//2808
f 2913//2817 2906//2810 2905//2809
f 2914//2818 2910//2814 2826//2731
f 2914//2818 2837//2742 2838//2753
f 2911//2815 2910//2814 2914//2818
f 2916//2820 2915//2819 2838//2753
f 2899//2803 2898//2802 2917//2821
f 2900//2804 2899//2803 2918//2822
f 2907//2811 2906//2810 2920//2824
f 2922//2826 2908//2812 2907//2811
f 2909//2813 2908//2812 2922//2826
f 2917//2821 2898//2802 2909//2813
f 2924//2828 2918//2822 2917//2821
f 2925//2829 2919//2823 2918//2822
f 2912//2816 2911//2815 2926//2830
f 2913//2817 2912//2816 2927//2831
f 2920//2824 2906//2810 2913//2817
f 2929//2833 2921//2825 2920//2824
f 2930//2834 2922//2826 2921//2825
f 2932//2835 2923//2827 2922//2826
f 2932//2835 2930//2834 2931//2836
f 2924//2828 2923//2827 2932//2835
f 2934//2838 2932//2835 2933//2837
f 2925//2829 2924//2828 2934//2838
f 2936//2840 2934//2838 2935//2839
f 2926//2830 2911//2815 2915//2819
f 2939//2843 2927//2831 2926//2830
f 2941//2844 2928//2832 2927//2831
f 2941//2844 2939//2843 2940//2845
f 2929//2833 2928//2832 2941//2844
f 2943//2847 2941//2844 2942//2846
f 2945//2849 2930//2834 2929//2833
f 2945//2849 2943//2847 2944//2848
f 2931//2836 2930//2834 2945//2849
f 2947//2851 2933//2837 2931//2836
f 2948//2852 2935//2839 2933//2837
f 2937//2841 2935//2839 2948//2852
f 2916//2820 2849//2754 2883//2788
f 2938//2842 2915//2819 2916//2820
f 2952//2855 2939//2843 2938//2842
f 2952//2855 2950//2854 2951//2856
f 2940//2845 2939//2843 2952//2855
f 2954//2858 2942//2846 2940//2845
f 2944//2848 2942//2846 2954//2858
f 2957//2860 2946//2850 2944//2848
f 2957//2860 2955//2859 2956//2861
f 2947//2851 2946//2850 2957//2860
f 2959//2863 2957//2860 2958//2862
f 2948//2852 2947//2851 2959//2863
f 2962//2866 2961//2865 2959//2863
f 2949//2853 2948//2852 2961//2865
f 2963//2867 2961//2865 2962//2866
f 2965//2869 2950//2854 2883//2788
f 2951//2856 2950//2854 2965//2869
f 2967//2871 2953//2857 2951//2856
f 2969//2872 2954//2858 2953//2857
f 2969//2872 2967//2871 2968//2873
f 2971//2875 2955//2859 2954//2858
f 2971//2875 2969//2872 2970//2874
f 2956//2861 2955//2859 2971//2875
f 2973//2877 2958//2862 2956//2861
f 2974//2878 2960//2864 2958//2862
f 2975//2879 2962//2866 2960//2864
f 2964//2868 2962//2866 2975//2879
f 2965//2869 2884//2789 2885//2790
f 2966//2870 2965//2869 2977//2881
f 2980//2883 2967//2871 2966//2870
f 2980//2883 2978//2882 2979//2884
f 2968//2873 2967//2871 2980//2883
f 2982//2886 2970//2874 2968//2873
f 2983//2887 2972//2876 2970//2874
f 2973//2877 2972//2876 2983//2887
f 2974//2878 2973//2877 2984//2888
f 2975//2879 2974//2878 2985//2889
f 2987//2891 2976//2880 2975//2879
f 2988//2892 2977//2881 2885//2790
f 2988//2892 2886//2791 2887//2893
f 2978//2882 2977//2881 2988//2892
f 2979//2884 2978//2882 2989//2894
f 2991//2896 2981//2885 2979//2884
f 2993//2897 2982//2886 2981//2885
f 2993//2897 2991//2896 2992//2898
f 2995//2900 2983//2887 2982//2886
f 2996//2901 2995//2900 2993//2897
f 2997//2902 2984//2888 2983//2887
f 2998//2903 2997//2902 2995//2900
f 2999//2904 2985//2889 2984//2888
f 3000//2905 2999//2904 2997//2902
f 3001//2906 2986//2890 2985//2889
f 3002//2907 3001//2906 2999//2904
f 2987//2891 2986//2890 3001//2906
f 3003//2908 3001//2906 3002//2907
f 2791//2696 805//595 1036//824
f 3006//2911 2792//2697 2791//2696
f 3007//2912 2793//2698 2792//2697
f 3008//2913 2794//2699 2793//2698
f 3009//2914 2795//2700 2794//2699
f 3010//2915 2796//2701 2795//2700
f 3011//2916 2797//2702 2796//2701
f 3012//2917 2798//2703 2797//2702
f 3005//2910 1036//824 1044//824
f 3014//2919 3006//2911 3005//2910
f 3015//2920 3007//2912 3006//2911
f 3016//2921 3008//2913 3007//2912
f 3017//2922 3009//2914 3008//2913
f 3018//2923 3010//2915 3009//2914
f 3019//2924 3011//2916 3010//2915
f 3020//2925 3012//2917 3011//2916
f 3013//2918 1044//824 1052//839
f 3022//2927 3014//2919 3013//2918
f 3023//2928 3015//2920 3014//2919
f 3024//2929 3016//2921 3015//2920
f 3025//2930 3017//2922 3016//2921
f 3026//2931 3018//2923 3017//2922
f 3027//2695 3019//2924 3018//2923
f 3028//2932 3020//2925 3019//2924
f 3021//2926 1052//839 1060//839
f 3030//2934 3022//2927 3021//2926
f 3031//2935 3023//2928 3022//2927
f 3032//2936 3024//2929 3023//2928
f 3033//2937 3025//2930 3024//2929
f 3034//2938 3026//2931 3025//2930
f 3035//2939 3027//2695 3026//2931
f 3036//2940 3028//2932 3027//2695
f 3029//2933 1060//839 1068//854
f 3038//2942 3030//2934 3029//2933
f 3039//2943 3031//2935 3030//2934
f 3040//2944 3032//2936 3031//2935
f 3041//2945 3033//2937 3032//2936
f 3042//2946 3034//2938 3033//2937
f 3043//2947 3035//2939 3034//2938
f 3044//2948 3036//2940 3035//2939
f 3037//2941 1068//854 1076//862
f 3046//2950 3038//2942 3037//2941
f 3047//2951 3039//2943 3038//2942
f 3048//2952 3040//2944 3039//2943
f 3049//2953 3041//2945 3040//2944
f 3050//2954 3042//2946 3041//2945
f 3051//2955 3043//2947 3042//2946
f 3052//2956 3044//2948 3043//2947
f 3045//2949 1076//862 1084//870
f 3054//2958 3046//2950 3045//2949
f 3055//2959 3047//2951 3046//2950
f 3056//2960 3048//2952 3047//2951
f 3057//2961 3049//2953 3048//2952
f 3058//2962 3050//2954 3049//2953
f 3059//2963 3051//2955 3050//2954
f 3060//2964 3052//2956 3051//2955
f 3061//2965 3053//2957 1084//870
f 3062//2966 3054//2958 3053//2957
f 3063//2967 3055//2959 3054//2958
f 3064//2968 3056//2960 3055//2959
f 3065//2969 3057//2961 3056//2960
f 3066//2970 3058//2962 3057//2961
f 3067//2971 3059//2963 3058//2962
f 3068//2972 3060//2964 3059//2963
f 3069//2973 2872//2777 2798//2703
f 3070//2974 2873//2778 2872//2777
f 3071//2975 2874//2779 2873//2778
f 2875//2780 2874//2779 3071//2975
f 2876//2781 2875//2780 3072//2976
f 2877//2782 2876//2781 3073//2977
f 2878//2783 2877//2782 3074//2978
f 3076//2980 2879//2784 2878//2783
f 2880//2786 2879//2784 3076//2980
f 3078//2982 2882//2787 2880//2786
f 3079//2983 3069//2973 3012//2917
f 3080//2984 3070//2974 3069//2973
f 3071//2975 3070//2974 3080//2984
f 3072//2976 3071//2975 3081//2985
f 3073//2977 3072//2976 3082//2986
f 3085//2988 3074//2978 3073//2977
f 3085//2988 3083//2987 3084//2989
f 3075//2979 3074//2978 3085//2988
f 3087//2991 3076//2980 3075//2979
f 3077//2981 3076//2980 3087//2991
f 3078//2982 3077//2981 3088//2992
f 3090//2994 3079//2983 3020//2925
f 3091//2995 3080//2984 3079//2983
f 3092//2996 3081//2985 3080//2984
f 3093//2997 3082//2986 3081//2985
f 3094//2998 3083//2987 3082//2986
f 3084//2989 3083//2987 3094//2998
f 3096//3000 3086//2990 3084//2989
f 3087//2991 3086//2990 3096//3000
f 3088//2992 3087//2991 3097//3001
f 3099//3003 3089//2993 3088//2992
f 3100//3004 3090//2994 3028//2932
f 3101//3005 3091//2995 3090//2994
f 3102//3006 3092//2996 3091//2995
f 3103//3007 3093//2997 3092//2996
f 3104//3008 3094//2998 3093//2997
f 3095//2999 3094//2998 3104//3008
f 3096//3000 3095//2999 3105//3009
f 3097//3001 3096//3000 3106//3010
f 3108//3012 3098//3002 3097//3001
f 3109//3013 3100//3004 3036//2940
f 3110//3014 3101//3005 3100//3004
f 3111//3015 3102//3006 3101//3005
f 3112//3016 3103//3007 3102//3006
f 3104//3008 3103//3007 3112//3016
f 3105//3009 3104//3008 3113//3017
f 3106//3010 3105//3009 3114//3018
f 3107//3011 3106//3010 3115//3019
f 3117//3021 3108//3012 3107//3011
f 3118//3022 3109//3013 3044//2948
f 3119//3023 3110//3014 3109//3013
f 3120//3024 3111//3015 3110//3014
f 3121//3025 3112//3016 3111//3015
f 3113//3017 3112//3016 3121//3025
f 3114//3018 3113//3017 3122//3026
f 3115//3019 3114//3018 3123//3027
f 3116//3020 3115//3019 3124//3028
f 3126//3030 3117//3021 3116//3020
f 3127//3031 3118//3022 3052//2956
f 3128//3032 3119//3023 3118//3022
f 3129//3033 3120//3024 3119//3023
f 3130//3034 3121//3025 3120//3024
f 3122//3026 3121//3025 3130//3034
f 3123//3027 3122//3026 3131//3035
f 3134//3037 3124//3028 3123//3027
f 3134//3037 3132//3036 3133//3038
f 3125//3029 3124//3028 3134//3037
f 3136//3040 3126//3030 3125//3029
f 3137//3041 3127//3031 3060//2964
f 3138//3042 3128//3032 3127//3031
f 3139//3043 3129//3033 3128//3032
f 3140//3044 3130//3034 3129//3033
f 3141//3045 3131//3035 3130//3034
f 3142//3046 3132//3036 3131//3035
f 3133//3038 3132//3036 3142//3046
f 3144//3048 3135//3039 3133//3038
f 3136//3040 3135//3039 3144//3048
f 2886//2791 2882//2787 3078//2982
f 2887//2893 2886//2791 3146//3050
f 3146//3050 3078//2982 3089//2993
f 3147//3051 3146//3050 3148//3052
f 3099//3003 3098//3002 3150//3054
f 3148//3052 3089//2993 3099//3003
f 3152//3056 3149//3053 3148//3052
f 3150//3054 3098//3002 3108//3012
f 3155//3058 3151//3055 3150//3054
f 3156//3059 3152//3056 3151//3055
f 3153//3060 3152//3056 3156//3059
f 3154//3057 3108//3012 3117//3021
f 3155//3058 3154//3057 3158//3062
f 3156//3059 3155//3058 3159//3063
f 3157//3061 3156//3059 3160//3064
f 3158//3062 3117//3021 3126//3030
f 3159//3063 3158//3062 3162//3066
f 3160//3064 3159//3063 3163//3067
f 3161//3065 3160//3064 3164//3068
f 3162//3066 3126//3030 3136//3040
f 3163//3067 3162//3066 3166//3070
f 3164//3068 3163//3067 3167//3071
f 3165//3069 3164//3068 3168//3072
f 3166//3070 3136//3040 3145//3049
f 3167//3071 3166//3070 3170//3074
f 3168//3072 3167//3071 3171//3075
f 3169//3073 3168//3072 3172//3076
f 3175//3078 2989//2894 2887//2893
f 2990//2895 2989//2894 3175//3078
f 3177//3080 2991//2896 2990//2895
f 2992//2898 2991//2896 3177//3080
f 3179//3082 2994//2899 2992//2898
f 3180//3083 2996//2901 2994//2899
f 3181//3084 2998//2903 2996//2901
f 3182//3085 3000//2905 2998//2903
f 3183//3086 3002//2907 3000//2905
f 3004//2909 3002//2907 3183//3086
f 3175//3078 3147//3051 3149//3053
f 3176//3079 3175//3078 3185//3088
f 3188//3090 3177//3080 3176//3079
f 3188//3090 3186//3089 3187//3091
f 3178//3081 3177//3080 3188//3090
f 3190//3093 3179//3082 3178//3081
f 3180//3083 3179//3082 3190//3093
f 3192//3095 3181//3084 3180//3083
f 3182//3085 3181//3084 3192//3095
f 3183//3086 3182//3085 3193//3096
f 3195//3098 3184//3087 3183//3086
f 3196//3099 3185//3088 3149//3053
f 3196//3099 3152//3056 3153//3060
f 3186//3089 3185//3088 3196//3099
f 3187//3091 3186//3089 3197//3100
f 3199//3102 3189//3092 3187//3091
f 3190//3093 3189//3092 3199//3102
f 3191//3094 3190//3093 3200//3103
f 3203//3105 3192//3095 3191//3094
f 3203//3105 3201//3104 3202//3106
f 3205//3108 3193//3096 3192//3095
f 3206//3109 3205//3108 3203//3105
f 3207//3110 3194//3097 3193//3096
f 3208//3111 3207//3110 3205//3108
f 3195//3098 3194//3097 3207//3110
f 3209//3112 3207//3110 3208//3111
f 3211//3114 3197//3100 3153//3060
f 3198//3101 3197//3100 3211//3114
f 3199//3102 3198//3101 3212//3115
f 3215//3117 3200//3103 3199//3102
f 3215//3117 3213//3116 3214//3118
f 3217//3120 3201//3104 3200//3103
f 3217//3120 3215//3117 3216//3119
f 3202//3106 3201//3104 3217//3120
f 3219//3122 3204//3107 3202//3106
f 3220//3123 3206//3109 3204//3107
f 3221//3124 3208//3111 3206//3109
f 3210//3113 3208//3111 3221//3124
f 3211//3114 3157//3061 3161//3065
f 3212//3115 3211//3114 3223//3126
f 3225//3128 3213//3116 3212//3115
f 3214//3118 3213//3116 3225//3128
f 3227//3130 3216//3119 3214//3118
f 3228//3131 3218//3121 3216//3119
f 3219//3122 3218//3121 3228//3131
f 3220//3123 3219//3122 3229//3132
f 3221//3124 3220//3123 3230//3133
f 3232//3135 3222//3125 3221//3124
f 3223//3126 3161//3065 3165//3069
f 3224//3127 3223//3126 3233//3136
f 3236//3138 3225//3128 3224//3127
f 3236//3138 3234//3137 3235//3139
f 3226//3129 3225//3128 3236//3138
f 3238//3141 3227//3130 3226//3129
f 3239//3142 3228//3131 3227//3130
f 3229//3132 3228//3131 3239//3142
f 3230//3133 3229//3132 3240//3143
f 3231//3134 3230//3133 3241//3144
f 3243//3146 3232//3135 3231//3134
f 3233//3136 3165//3069 3169//3073
f 3245//3148 3234//3137 3233//3136
f 3235//3139 3234//3137 3245//3148
f 3247//3150 3237//3140 3235//3139
f 3238//3141 3237//3140 3247//3150
f 3239//3142 3238//3141 3248//3151
f 3240//3143 3239//3142 3249//3152
f 3241//3144 3240//3143 3250//3153
f 3242//3145 3241//3144 3251//3154
f 3253//3156 3243//3146 3242//3145
f 3254//3157 3244//3147 3169//3073
f 3254//3157 3173//3077 3174//3158
f 3245//3148 3244//3147 3254//3157
f 3256//3160 3246//3149 3245//3148
f 3257//3161 3247//3150 3246//3149
f 3248//3151 3247//3150 3257//3161
f 3249//3152 3248//3151 3258//3162
f 3260//3164 3250//3153 3249//3152
f 3261//3165 3251//3154 3250//3153
f 3262//3166 3252//3155 3251//3154
f 3253//3156 3252//3155 3262//3166
f 3264//3168 3061//2965 1092//878
f 3265//3169 3062//2966 3061//2965
f 3266//3170 3063//2967 3062//2966
f 3267//3171 3064//2968 3063//2967
f 3268//3172 3065//2969 3064//2968
f 3269//3173 3066//2970 3065//2969
f 3270//3174 3067//2971 3066//2970
f 3271//3175 3068//2972 3067//2971
f 3272//3176 3264//3168 1303//1090
f 3273//3177 3265//3169 3264//3168
f 3274//3178 3266//3170 3265//3169
f 3275//3179 3267//3171 3266//3170
f 3276//3180 3268//3172 3267//3171
f 3277//3181 3269//3173 3268//3172
f 3278//3182 3270//3174 3269//3173
f 3279//3183 3271//3175 3270//3174
f 3280//3184 3272//3176 1311//839
f 3281//3185 3273//3177 3272//3176
f 3282//3186 3274//3178 3273//3177
f 3283//3187 3275//3179 3274//3178
f 3284//3188 3276//3180 3275//3179
f 3285//3189 3277//3181 3276//3180
f 3286//3190 3278//3182 3277//3181
f 3287//3191 3279//3183 3278//3182
f 3288//3192 3280//3184 1319//839
f 3289//3193 3281//3185 3280//3184
f 3290//3194 3282//3186 3281//3185
f 3291//3195 3283//3187 3282//3186
f 3292//3196 3284//3188 3283//3187
f 3293//3197 3285//3189 3284//3188
f 3294//3198 3286//3190 3285//3189
f 3295//3199 3287//3191 3286//3190
f 3296//3200 3288//3192 1327//839
f 3297//3201 3289//3193 3288//3192
f 3298//3202 3290//3194 3289//3193
f 3299//3203 3291//3195 3290//3194
f 3300//3204 3292//3196 3291//3195
f 3301//3205 3293//3197 3292//3196
f 3302//3206 3294//3198 3293//3197
f 3303//3207 3295//3199 3294//3198
f 3304//3208 3296//3200 1335//1119
f 3305//3209 3297//3201 3296//3200
f 3306//3210 3298//3202 3297//3201
f 3307//3211 3299//3203 3298//3202
f 3308//3212 3300//3204 3299//3203
f 3309//3213 3301//3205 3300//3204
f 3310//3214 3302//3206 3301//3205
f 3311//3215 3303//3207 3302//3206
f 3312//3216 3304//3208 1343//1127
f 3313//3217 3305//3209 3304//3208
f 3314//3218 3306//3210 3305//3209
f 3315//3219 3307//3211 3306//3210
f 3316//3220 3308//3212 3307//3211
f 3317//3221 3309//3213 3308//3212
f 3318//3222 3310//3214 3309//3213
f 3319//3223 3311//3215 3310//3214
f 3320//3224 3312//3216 1351//1135
f 3321//3225 3313//3217 3312//3216
f 3322//3226 3314//3218 3313//3217
f 3323//3227 3315//3219 3314//3218
f 3324//3228 3316//3220 3315//3219
f 3325//3229 3317//3221 3316//3220
f 3326//3230 3318//3222 3317//3221
f 3327//3231 3319//3223 3318//3222
f 3328//3232 3137//3041 3068//2972
f 3329//3233 3138//3042 3137//3041
f 3330//3234 3139//3043 3138//3042
f 3331//3235 3140//3044 3139//3043
f 3332//3236 3141//3045 3140//3044
f 3333//3237 3142//3046 3141//3045
f 3143//3047 3142//3046 3333//3237
f 3144//3048 3143//3047 3334//3238
f 3145//3049 3144//3048 3335//3239
f 3337//3241 3328//3232 3271//3175
f 3338//3242 3329//3233 3328//3232
f 3339//3243 3330//3234 3329//3233
f 3340//3244 3331//3235 3330//3234
f 3341//3245 3332//3236 3331//3235
f 3333//3237 3332//3236 3341//3245
f 3334//3238 3333//3237 3342//3246
f 3335//3239 3334//3238 3343//3247
f 3336//3240 3335//3239 3344//3248
f 3346//3250 3337//3241 3279//3183
f 3347//3251 3338//3242 3337//3241
f 3348//3252 3339//3243 3338//3242
f 3349//3253 3340//3244 3339//3243
f 3350//3254 3341//3245 3340//3244
f 3342//3246 3341//3245 3350//3254
f 3343//3247 3342//3246 3351//3255
f 3344//3248 3343//3247 3352//3256
f 3345//3249 3344//3248 3353//3257
f 3355//3259 3346//3250 3287//3191
f 3356//3260 3347//3251 3346//3250
f 3357//3261 3348//3252 3347//3251
f 3358//3262 3349//3253 3348//3252
f 3359//3263 3350//3254 3349//3253
f 3351//3255 3350//3254 3359//3263
f 3352//3256 3351//3255 3360//3264
f 3353//3257 3352//3256 3361//3265
f 3354//3258 3353//3257 3362//3266
f 3364//3268 3355//3259 3295//3199
f 3365//3269 3356//3260 3355//3259
f 3366//3270 3357//3261 3356//3260
f 3367//3271 3358//3262 3357//3261
f 3368//3272 3359//3263 3358//3262
f 3360//3264 3359//3263 3368//3272
f 3361//3265 3360//3264 3369//3273
f 3362//3266 3361//3265 3370//3274
f 3363//3267 3362//3266 3371//3275
f 3373//3277 3364//3268 3303//3207
f 3374//3278 3365//3269 3364//3268
f 3375//3279 3366//3270 3365//3269
f 3376//3280 3367//3271 3366//3270
f 3377//3281 3368//3272 3367//3271
f 3369//3273 3368//3272 3377//3281
f 3370//3274 3369//3273 3378//3282
f 3371//3275 3370//3274 3379//3283
f 3372//3276 3371//3275 3380//3284
f 3382//3286 3373//3277 3311//3215
f 3383//3287 3374//3278 3373//3277
f 3384//3288 3375//3279 3374//3278
f 3385//3289 3376//3280 3375//3279
f 3386//3290 3377//3281 3376//3280
f 3378//3282 3377//3281 3386//3290
f 3379//3283 3378//3282 3387//3291
f 3390//3293 3380//3284 3379//3283
f 3390//3293 3388//3292 3389//3294
f 3381//3285 3380//3284 3390//3293
f 3392//3296 3382//3286 3319//3223
f 3383//3287 3382//3286 3392//3296
f 3384//3288 3383//3287 3393//3297
f 3395//3299 3385//3289 3384//3288
f 3396//3300 3386//3290 3385//3289
f 3397//3301 3387//3291 3386//3290
f 3398//3302 3388//3292 3387//3291
f 3389//3294 3388//3292 3398//3302
f 3400//3304 3391//3295 3389//3294
f 3170//3074 3145//3049 3336//3240
f 3403//3306 3171//3075 3170//3074
f 3403//3306 3401//3305 3402//3307
f 3172//3076 3171//3075 3403//3306
f 3405//3309 3173//3077 3172//3076
f 3174//3158 3173//3077 3405//3309
f 3407//3311 3401//3305 3336//3240
f 3402//3307 3401//3305 3407//3311
f 3409//3313 3404//3308 3402//3307
f 3405//3309 3404//3308 3409//3313
f 3406//3310 3405//3309 3410//3314
f 3412//3316 3407//3311 3345//3249
f 3408//3312 3407//3311 3412//3316
f 3409//3313 3408//3312 3413//3317
f 3410//3314 3409//3313 3414//3318
f 3411//3315 3410//3314 3415//3319
f 3417//3321 3412//3316 3354//3258
f 3413//3317 3412//3316 3417//3321
f 3414//3318 3413//3317 3418//3322
f 3415//3319 3414//3318 3419//3323
f 3416//3320 3415//3319 3420//3324
f 3422//3326 3417//3321 3363//3267
f 3418//3322 3417//3321 3422//3326
f 3419//3323 3418//3322 3423//3327
f 3420//3324 3419//3323 3424//3328
f 3421//3325 3420//3324 3425//3329
f 3427//3331 3422//3326 3372//3276
f 3423//3327 3422//3326 3427//3331
f 3424//3328 3423//3327 3428//3332
f 3425//3329 3424//3328 3429//3333
f 3426//3330 3425//3329 3430//3334
f 3432//3336 3427//3331 3381//3285
f 3428//3332 3427//3331 3432//3336
f 3429//3333 3428//3332 3433//3337
f 3430//3334 3429//3333 3434//3338
f 3431//3335 3430//3334 3435//3339
f 3432//3336 3391//3295 3400//3304
f 3433//3337 3432//3336 3437//3341
f 3434//3338 3433//3337 3438//3342
f 3435//3339 3434//3338 3439//3343
f 3441//3345 3436//3340 3435//3339
f 3442//3346 3255//3159 3174//3158
f 3256//3160 3255//3159 3442//3346
f 3257//3161 3256//3160 3443//3347
f 3258//3162 3257//3161 3444//3348
f 3259//3163 3258//3162 3445//3349
f 3448//3351 3260//3164 3259//3163
f 3448//3351 3446//3350 3447//3352
f 3450//3354 3261//3165 3260//3164
f 3451//3355 3450//3354 3448//3351
f 3452//3356 3262//3166 3261//3165
f 3453//3357 3452//3356 3450//3354
f 3263//3167 3262//3166 3452//3356
f 3454//3358 3452//3356 3453//3357
f 3442//3346 3406//3310 3411//3315
f 3443//3347 3442//3346 3456//3360
f 3444//3348 3443//3347 3457//3361
f 3445//3349 3444//3348 3458//3362
f 3461//3364 3446//3350 3445//3349
f 3461//3364 3459//3363 3460//3365
f 3447//3352 3446//3350 3461//3364
f 3463//3367 3449//3353 3447//3352
f 3464//3368 3451//3355 3449//3353
f 3465//3369 3453//3357 3451//3355
f 3455//3359 3453//3357 3465//3369
f 3456//3360 3411//3315 3416//3320
f 3457//3361 3456//3360 3467//3371
f 3458//3362 3457//3361 3468//3372
f 3471//3374 3459//3363 3458//3362
f 3471//3374 3469//3373 3470//3375
f 3460//3365 3459//3363 3471//3374
f 3473//3377 3462//3366 3460//3365
f 3474//3378 3463//3367 3462//3366
f 3475//3379 3464//3368 3463//3367
f 3476//3380 3465//3369 3464//3368
f 3466//3370 3465//3369 3476//3380
f 3467//3371 3416//3320 3421//3325
f 3468//3372 3467//3371 3478//3382
f 3480//3384 3469//3373 3468//3372
f 3470//3375 3469//3373 3480//3384
f 3482//3386 3472//3376 3470//3375
f 3483//3387 3473//3377 3472//3376
f 3474//3378 3473//3377 3483//3387
f 3475//3379 3474//3378 3484//3388
f 3476//3380 3475//3379 3485//3389
f 3487//3391 3477//3381 3476//3380
f 3478//3382 3421//3325 3426//3330
f 3479//3383 3478//3382 3488//3392
f 3490//3394 3480//3384 3479//3383
f 3491//3395 3481//3385 3480//3384
f 3492//3396 3482//3386 3481//3385
f 3493//3397 3483//3387 3482//3386
f 3484//3388 3483//3387 3493//3397
f 3485//3389 3484//3388 3494//3398
f 3486//3390 3485//3389 3495//3399
f 3497//3401 3487//3391 3486//3390
f 3488//3392 3426//3330 3431//3335
f 3489//3393 3488//3392 3498//3402
f 3501//3404 3490//3394 3489//3393
f 3501//3404 3499//3403 3500//3405
f 3491//3395 3490//3394 3501//3404
f 3503//3407 3492//3396 3491//3395
f 3504//3408 3493//3397 3492//3396
f 3494//3398 3493//3397 3504//3408
f 3495//3399 3494//3398 3505//3409
f 3496//3400 3495//3399 3506//3410
f 3497//3401 3496//3400 3507//3411
f 3498//3402 3431//3335 3436//3340
f 3510//3414 3499//3403 3498//3402
f 3500//3405 3499//3403 3510//3414
f 3512//3416 3502//3406 3500//3405
f 3503//3407 3502//3406 3512//3416
f 3504//3408 3503//3407 3513//3417
f 3505//3409 3504//3408 3514//3418
f 3506//3410 3505//3409 3515//3419
f 3507//3411 3506//3410 3516//3420
f 3508//3412 3507//3411 3517//3421
f 3519//3423 3509//3413 3436//3340
f 3520//3424 3510//3414 3509//3413
f 3511//3415 3510//3414 3520//3424
f 3522//3426 3512//3416 3511//3415
f 3513//3417 3512//3416 3522//3426
f 3514//3418 3513//3417 3523//3427
f 3515//3419 3514//3418 3524//3428
f 3516//3420 3515//3419 3525//3429
f 3517//3421 3516//3420 3526//3430
f 3518//3422 3517//3421 3527//3431
f 3320//3224 1359//1143 1633//1417
f 3321//3225 3320//3224 3529//3433
f 3322//3226 3321//3225 3530//3434
f 3323//3227 3322//3226 3531//3435
f 3324//3228 3323//3227 3532//3436
f 3325//3229 3324//3228 3533//3437
f 3326//3230 3325//3229 3534//3438
f 3327//3231 3326//3230 3535//3439
f 3537//3441 3529//3433 1633//1417
f 3530//3434 3529//3433 3537//3441
f 3531//3435 3530//3434 3538//3442
f 3532//3436 3531//3435 3539//3443
f 3533//3437 3532//3436 3540//3444
f 3534//3438 3533//3437 3541//3445
f 3535//3439 3534//3438 3542//3446
f 3536//3440 3535//3439 3543//3447
f 3537//3441 1641//1425 1649//1433
f 3538//3442 3537//3441 3545//3449
f 3539//3443 3538//3442 3546//3450
f 3540//3444 3539//3443 3547//3451
f 3541//3445 3540//3444 3548//3452
f 3542//3446 3541//3445 3549//3453
f 3543//3447 3542//3446 3550//3454
f 3544//3448 3543//3447 3551//3455
f 3545//3449 1649//1433 1665//1441
f 3546//3450 3545//3449 3561//3457
f 3547//3451 3546//3450 3562//3458
f 3548//3452 3547//3451 3563//3459
f 3549//3453 3548//3452 3564//3460
f 3550//3454 3549//3453 3565//3461
f 3551//3455 3550//3454 3566//3462
f 3552//3456 3551//3455 3567//3463
f 3577//3465 3569//3469 1673//1463
f 3577//3465 1681//3466 1657//1464
f 3578//3468 3570//3472 3569//3469
f 3578//3468 3577//3465 3553//3467
f 3579//3471 3571//3475 3570//3472
f 3579//3471 3578//3468 3554//3470
f 3580//3474 3572//3478 3571//3475
f 3580//3474 3579//3471 3555//3473
f 3581//3477 3573//3481 3572//3478
f 3581//3477 3580//3474 3556//3476
f 3582//3480 3574//3484 3573//3481
f 3582//3480 3581//3477 3557//3479
f 3583//3483 3575//3487 3574//3484
f 3583//3483 3582//3480 3558//3482
f 3584//3486 3576//3503 3575//3487
f 3560//3488 3584//3486 3583//3483
f 3561//3457 1665//1441 1689//1472
f 3562//3458 3561//3457 3585//3489
f 3563//3459 3562//3458 3586//3490
f 3564//3460 3563//3459 3587//3491
f 3565//3461 3564//3460 3588//3492
f 3566//3462 3565//3461 3589//3493
f 3567//3463 3566//3462 3590//3494
f 3568//3464 3567//3463 3591//3495
f 3569//3469 3593//3497 1697//1480
f 3570//3472 3594//3498 3593//3497
f 3571//3475 3595//3499 3594//3498
f 3572//3478 3596//3500 3595//3499
f 3573//3481 3597//3501 3596//3500
f 3574//3484 3598//3502 3597//3501
f 3575//3487 3599//3504 3598//3502
f 3576//3503 3600//3520 3599//3504
f 3601//3505 3585//3489 1689//1472
f 3602//3506 3586//3490 3585//3489
f 3603//3507 3587//3491 3586//3490
f 3604//3508 3588//3492 3587//3491
f 3605//3509 3589//3493 3588//3492
f 3590//3494 3589//3493 3605//3509
f 3591//3495 3590//3494 3606//3510
f 3592//3496 3591//3495 3607//3511
f 3593//3497 3609//3531 1713//1517
f 3610//3513 3609//3531 3593//3497
f 3611//3514 3610//3513 3594//3498
f 3612//3515 3611//3514 3595//3499
f 3613//3516 3612//3515 3596//3500
f 3614//3517 3613//3516 3597//3501
f 3615//3518 3614//3517 3598//3502
f 3616//3519 3615//3518 3599//3504
f 3617//3521 3601//3505 1705//1488
f 3618//3522 3602//3506 3601//3505
f 3619//3523 3603//3507 3602//3506
f 3620//3524 3604//3508 3603//3507
f 3621//3525 3605//3509 3604//3508
f 3622//3526 3606//3510 3605//3509
f 3623//3527 3607//3511 3606//3510
f 3624//3528 3608//3512 3607//3511
f 3626//3529 3617//3521 1721//1503
f 3609//3531 3625//3546 1736//1526
f 3628//3532 3618//3522 3617//3521
f 3627//3533 3625//3546 3609//3531
f 3630//3534 3619//3523 3618//3522
f 3629//3535 3627//3533 3610//3513
f 3632//3536 3620//3524 3619//3523
f 3631//3537 3629//3535 3611//3514
f 3634//3538 3621//3525 3620//3524
f 3633//3539 3631//3537 3612//3515
f 3636//3540 3622//3526 3621//3525
f 3635//3541 3633//3539 3613//3516
f 3638//3542 3623//3527 3622//3526
f 3637//3543 3635//3541 3614//3517
f 3640//3544 3624//3528 3623//3527
f 3639//3545 3637//3543 3615//3518
f 1745//1527 1736//1526 3625//3546
f 3642//3548 3641//3547 3625//3546
f 3643//3549 3642//3548 3627//3533
f 3644//3550 3643//3549 3629//3535
f 3645//3551 3644//3550 3631//3537
f 3646//3552 3645//3551 3633//3539
f 3647//3553 3646//3552 3635//3541
f 3648//3554 3647//3553 3637//3543
f 3626//3529 1737//3530 1753//1535
f 3628//3532 3626//3529 3649//3555
f 3630//3534 3628//3532 3650//3556
f 3652//3558 3632//3536 3630//3534
f 3653//3559 3634//3538 3632//3536
f 3654//3560 3636//3540 3634//3538
f 3655//3561 3638//3542 3636//3540
f 3656//3562 3640//3544 3638//3542
f 3641//3547 3657//4089 1761//1964
f 3658//3563 3657//4089 3641//3547
f 3659//3564 3658//3563 3642//3548
f 3660//3565 3659//3564 3643//3549
f 3661//3566 3660//3565 3644//3550
f 3662//3567 3661//3566 3645//3551
f 3663//3568 3662//3567 3646//3552
f 3648//3554 3664//3704 3663//3568
f 3392//3296 3327//3231 3536//3440
f 3393//3297 3392//3296 3665//3569
f 3394//3298 3393//3297 3666//3570
f 3395//3299 3394//3298 3667//3571
f 3396//3300 3395//3299 3668//3572
f 3670//3574 3397//3301 3396//3300
f 3671//3575 3398//3302 3397//3301
f 3399//3303 3398//3302 3671//3575
f 3673//3577 3400//3304 3399//3303
f 3665//3569 3536//3440 3544//3448
f 3666//3570 3665//3569 3674//3578
f 3667//3571 3666//3570 3675//3579
f 3668//3572 3667//3571 3676//3580
f 3669//3573 3668//3572 3677//3581
f 3670//3574 3669//3573 3678//3582
f 3671//3575 3670//3574 3679//3583
f 3681//3585 3672//3576 3671//3575
f 3673//3577 3672//3576 3681//3585
f 3674//3578 3544//3448 3552//3456
f 3675//3579 3674//3578 3683//3587
f 3676//3580 3675//3579 3684//3588
f 3677//3581 3676//3580 3685//3589
f 3678//3582 3677//3581 3686//3590
f 3679//3583 3678//3582 3687//3591
f 3680//3584 3679//3583 3688//3592
f 3690//3594 3681//3585 3680//3584
f 3691//3595 3692//3596 3690//3594
f 3682//3586 3681//3585 3690//3594
f 3683//3587 3552//3456 3568//3464
f 3684//3588 3683//3587 3700//3597
f 3685//3589 3684//3588 3701//3598
f 3686//3590 3685//3589 3702//3599
f 3687//3591 3686//3590 3703//3600
f 3705//3602 3688//3592 3687//3591
f 3706//3603 3689//3593 3688//3592
f 3691//3595 3689//3593 3706//3603
f 3715//3605 3692//3596 3691//3595
f 3716//3606 3707//3609 3576//3503
f 3693//3607 3716//3606 3584//3486
f 3717//3608 3708//3612 3707//3609
f 3694//3610 3717//3608 3716//3606
f 3718//3611 3709//3615 3708//3612
f 3695//3613 3718//3611 3717//3608
f 3719//3614 3710//3618 3709//3615
f 3696//3616 3719//3614 3718//3611
f 3720//3617 3711//3621 3710//3618
f 3697//3619 3720//3617 3719//3614
f 3720//3617 3721//3623 3712//3620
f 3698//3622 3721//3623 3720//3617
f 3721//3623 3722//3810 3714//3624
f 3699//3625 3722//3810 3721//3623
f 3700//3597 3568//3464 3592//3496
f 3701//3598 3700//3597 3724//3626
f 3702//3599 3701//3598 3725//3627
f 3703//3600 3702//3599 3726//3628
f 3728//3630 3704//3601 3703//3600
f 3729//3631 3705//3602 3704//3601
f 3730//3632 3706//3603 3705//3602
f 3707//3609 3731//3633 3600//3520
f 3708//3612 3732//3634 3731//3633
f 3709//3615 3733//3654 3732//3634
f 3734//3635 3733//3654 3709//3615
f 3711//3621 3735//3636 3734//3635
f 3712//3620 3736//3662 3735//3636
f 3738//3637 3736//3662 3712//3620
f 3737//3639 3713//3604 3706//3603
f 3739//3640 3715//3605 3713//3604
f 3740//3641 3736//3662 3738//3637
f 3741//3642 3738//3637 3714//3638
f 3742//3644 3741//3642 3722//3643
f 3724//3626 3592//3496 3608//3512
f 3725//3627 3724//3626 3743//3646
f 3726//3628 3725//3627 3744//3647
f 3727//3629 3726//3628 3745//3648
f 3747//3650 3728//3630 3727//3629
f 3748//3651 3729//3631 3728//3630
f 3749//3652 3730//3632 3729//3631
f 3750//3653 3616//3519 3600//3520
f 3732//3634 3751//3655 3750//3653
f 3733//3654 3752//3680 3751//3655
f 3753//3656 3752//3680 3733//3654
f 3754//3657 3756//3660 3747//3650
f 3755//3658 3753//3656 3734//3635
f 3757//3659 3748//3651 3747//3650
f 3758//3661 3755//3658 3735//3636
f 3757//3659 3759//3663 3749//3652
f 3737//3639 3730//3632 3749//3652
f 3760//3664 3739//3640 3737//3639
f 3761//3665 3752//3680 3753//3656
f 3763//3667 3762//3666 3753//3656
f 3763//3667 3755//3658 3758//3661
f 3740//3641 3764//3668 3758//3661
f 3765//3669 3764//3668 3740//3641
f 3742//3644 3767//3693 3765//3669
f 3768//3670 3743//3646 3608//3512
f 3769//3671 3744//3647 3743//3646
f 3770//3672 3745//3648 3744//3647
f 3771//3673 3746//3649 3745//3648
f 3773//3674 3768//3670 3624//3528
f 3772//3675 3639//3545 3616//3519
f 3775//3676 3769//3671 3768//3670
f 3774//3677 3772//3675 3750//3653
f 3776//3678 3770//3672 3769//3671
f 3777//3679 3774//3677 3751//3655
f 3776//3678 3778//3681 3771//3673
f 3754//3657 3746//3649 3771//3673
f 3779//3682 3756//3660 3754//3657
f 3780//3683 3757//3659 3756//3660
f 3781//3684 3759//3663 3757//3659
f 3782//3685 3760//3664 3759//3663
f 3783//3686 3648//3554 3639//3545
f 3783//3686 3772//3675 3774//3677
f 3784//3687 3774//3677 3777//3679
f 3761//3665 3785//3688 3777//3679
f 3786//3689 3785//3688 3761//3665
f 3787//3690 3786//3689 3762//3666
f 3788//3691 3787//3690 3763//3667
f 3765//3669 3789//3710 3788//3691
f 3791//3692 3789//3710 3765//3669
f 3766//3694 3760//3664 3782//3685
f 3792//3696 3773//3674 3640//3544
f 3793//3697 3775//3676 3773//3674
f 3794//3698 3776//3678 3775//3676
f 3795//3699 3778//3681 3776//3678
f 3779//3682 3778//3681 3795//3699
f 3780//3683 3779//3682 3796//3700
f 3798//3702 3781//3684 3780//3683
f 3799//3703 3782//3685 3781//3684
f 3783//3686 3800//4120 3664//3704
f 3801//3705 3800//4120 3783//3686
f 3802//3706 3801//3705 3784//3687
f 3786//3689 3803//3887 3802//3706
f 3804//3707 3803//3887 3786//3689
f 3805//3708 3804//3707 3787//3690
f 3807//3709 3805//3708 3788//3691
f 3806//3711 3808//3712 3799//3703
f 3790//3695 3782//3685 3799//3703
f 3437//3341 3400//3304 3673//3577
f 3810//3714 3438//3342 3437//3341
f 3811//3715 3439//3343 3438//3342
f 3812//3716 3440//3344 3439//3343
f 3813//3717 3441//3345 3440//3344
f 3814//3718 3809//3713 3673//3577
f 3815//3719 3810//3714 3809//3713
f 3816//3720 3811//3715 3810//3714
f 3817//3721 3812//3716 3811//3715
f 3818//3722 3813//3717 3812//3716
f 3819//3723 3814//3718 3682//3586
f 3820//3724 3815//3719 3814//3718
f 3821//3725 3816//3720 3815//3719
f 3822//3726 3817//3721 3816//3720
f 3823//3727 3818//3722 3817//3721
f 3819//3723 3692//3596 3715//3605
f 3825//3729 3820//3724 3819//3723
f 3826//3730 3828//3731 3825//3729
f 3821//3725 3820//3724 3825//3729
f 3829//3732 3822//3726 3821//3725
f 3830//3733 3823//3727 3822//3726
f 3831//3734 3824//3728 3715//3605
f 3827//3735 3832//3741 3742//3644
f 3826//3730 3824//3728 3831//3734
f 3834//3737 3828//3731 3826//3730
f 3835//3738 3829//3732 3828//3731
f 3836//3739 3831//3734 3739//3640
f 3766//3694 3838//3742 3836//3739
f 3837//3740 3767//3693 3742//3644
f 3833//3736 3831//3734 3836//3739
f 3839//3743 3834//3737 3833//3736
f 3840//3744 3835//3738 3834//3737
f 3841//3745 3838//3742 3766//3694
f 3842//3746 3839//3743 3838//3742
f 3843//3747 3841//3745 3790//3695
f 3844//3748 3553//3467 1657//1464
f 3844//3748 3845//3749 3554//3470
f 3845//3749 3846//3750 3555//3473
f 3846//3750 3847//3751 3556//3476
f 3847//3751 3848//3752 3557//3479
f 3848//3752 3849//3753 3558//3482
f 3849//3753 3850//3754 3559//3485
f 3850//3754 3851//3787 3560//3488
f 3852//1887 3844//3748 2040//1882
f 3852//1887 3853//1887 3845//3749
f 3853//1887 3854//1887 3846//3750
f 3854//1887 3855//1886 3847//3751
f 3855//1886 3856//1886 3848//3752
f 3856//1886 3857//3755 3849//3753
f 3857//3755 3858//3757 3850//3754
f 3859//3756 3851//3787 3850//3754
f 3860//1891 3852//1887 2048//1887
f 3860//1891 3861//1891 3853//1887
f 3861//1891 3862//1891 3854//1887
f 3862//1891 3863//1891 3855//1886
f 3863//1891 3864//1891 3856//1886
f 3864//1891 3865//3759 3857//3755
f 3866//3758 3858//3757 3857//3755
f 3867//3760 3859//3756 3858//3757
f 3868//1694 3860//1891 2056//1891
f 3869//1694 3861//1891 3860//1891
f 3870//1694 3862//1891 3861//1891
f 3871//1694 3863//1891 3862//1891
f 3872//1694 3864//1891 3863//1891
f 3872//1694 3873//3762 3865//3759
f 3874//3761 3866//3758 3865//3759
f 3875//3763 3867//3760 3866//3758
f 3876//1694 3868//1694 2064//1694
f 3877//1694 3869//1694 3868//1694
f 3878//1694 3870//1694 3869//1694
f 3879//1694 3871//1694 3870//1694
f 3880//1694 3872//1694 3871//1694
f 3881//3762 3873//3762 3872//1694
f 3882//3761 3874//3761 3873//3762
f 3883//3764 3875//3763 3874//3761
f 3884//1694 3876//1694 2072//1694
f 3885//1694 3877//1694 3876//1694
f 3886//1694 3878//1694 3877//1694
f 3887//1694 3879//1694 3878//1694
f 3888//1904 3880//1694 3879//1694
f 3889//3765 3881//3762 3880//1694
f 3890//3766 3882//3761 3881//3762
f 3891//3767 3883//3764 3882//3761
f 3892//1694 3884//1694 2080//1694
f 3893//1694 3885//1694 3884//1694
f 3894//1694 3886//1694 3885//1694
f 3895//1904 3887//1694 3886//1694
f 3896//3768 3888//1904 3887//1694
f 3897//3769 3889//3765 3888//1904
f 3897//3769 3898//3770 3890//3766
f 3898//3770 3899//3776 3891//3767
f 3900//1694 3892//1694 2088//1694
f 3901//1694 3893//1694 3892//1694
f 3902//3771 3894//1694 3893//1694
f 3903//3772 3895//1904 3894//1694
f 3903//3772 3904//3774 3896//3768
f 3905//3773 3897//3769 3896//3768
f 3905//3773 3906//3775 3898//3770
f 3906//3775 3907//3807 3899//3776
f 3911//3777 3910//3781 3908//3778
f 3913//3780 3912//3783 3910//3781
f 3915//3782 3914//3785 3912//3783
f 3917//3784 3916//4178 3914//3785
f 3918//3786 3693//3607 3560//3488
f 3919//3788 3694//3610 3693//3607
f 3920//3789 3695//3613 3694//3610
f 3921//3790 3696//3616 3695//3613
f 3921//3790 3922//3791 3697//3619
f 3922//3791 3923//3792 3698//3622
f 3923//3792 3924//3801 3699//3625
f 3926//3793 3918//3786 3851//3787
f 3927//3794 3919//3788 3918//3786
f 3928//3795 3920//3789 3919//3788
f 3929//3796 3921//3790 3920//3789
f 3929//3796 3930//3798 3922//3791
f 3931//3797 3923//3792 3922//3791
f 3932//3799 3924//3801 3923//3792
f 3932//3799 3933//3818 3925//3800
f 3934//3802 3926//3793 3859//3756
f 3935//3803 3927//3794 3926//3793
f 3936//3804 3934//3802 3867//3760
f 3937//3805 3936//3804 3875//3763
f 3938//3806 3937//3805 3883//3764
f 3899//3776 3939//3808 3938//3806
f 3907//3807 3940//3836 3939//3808
f 3941//3809 3722//3810 3699//3625
f 3941//3809 3942//3956 3723//3645
f 3925//3811 3942//3956 3941//3809
f 3928//3795 3927//3794 3943//3812
f 3929//3796 3928//3795 3944//3813
f 3930//3798 3929//3796 3945//3814
f 3931//3797 3930//3798 3946//3815
f 3948//3817 3932//3799 3931//3797
f 3933//3818 3932//3799 3948//3817
f 3935//3803 3934//3802 3950//3820
f 3935//3803 3951//3821 3943//3812
f 3952//3822 3944//3813 3943//3812
f 3953//3823 3945//3814 3944//3813
f 3954//3824 3946//3815 3945//3814
f 3955//3825 3947//3816 3946//3815
f 3956//3826 3948//3817 3947//3816
f 3957//3827 3949//3819 3948//3817
f 3936//3804 3958//3829 3950//3820
f 3959//3828 3951//3821 3950//3820
f 3937//3805 3960//3831 3958//3829
f 3961//3830 3959//3828 3958//3829
f 3938//3806 3962//3833 3960//3831
f 3963//3832 3961//3830 3960//3831
f 3939//3808 3964//3835 3962//3833
f 3965//3834 3963//3832 3962//3833
f 3940//3836 3966//3837 3964//3835
f 3966//3837 3967//3850 3965//3834
f 3952//3822 3951//3821 3968//3838
f 3953//3823 3952//3822 3969//3839
f 3954//3824 3953//3823 3970//3840
f 3972//3842 3955//3825 3954//3824
f 3973//3843 3956//3826 3955//3825
f 3974//3844 3957//3827 3956//3826
f 3959//3828 3975//3847 3968//3845
f 3961//3830 3976//3859 3975//3847
f 3977//3848 3976//3859 3961//3830
f 3978//3849 3977//3848 3963//3832
f 3967//3850 3979//3864 3978//3849
f 3969//3839 3968//3838 3982//3851
f 3970//3840 3969//3839 3983//3852
f 3985//3854 3971//3841 3970//3840
f 3972//3842 3971//3841 3985//3854
f 3973//3843 3972//3842 3986//3855
f 3974//3844 3973//3843 3987//3856
f 3975//3847 3989//3860 3982//3858
f 3976//3859 3990//3880 3989//3860
f 3991//3861 3990//3880 3976//3859
f 3992//3862 3991//3861 3977//3848
f 3993//3863 3992//3862 3978//3849
f 3994//3865 3789//3710 3791//3692
f 3980//3867 3995//3866 3791//3692
f 3983//3852 3982//3851 3999//3868
f 3984//3853 3983//3852 4000//3869
f 4002//3871 3985//3854 3984//3853
f 3986//3855 3985//3854 4002//3871
f 3987//3856 3986//3855 4003//3872
f 4005//3874 4004//3873 3996//3875
f 4005//3874 3988//3857 3987//3856
f 4005//3874 3997//3876 3981//3877
f 3989//3860 4007//3906 3999//3878
f 4008//3879 4007//3906 3989//3860
f 4009//3881 4008//3879 3990//3880
f 4010//3882 4009//3881 3991//3861
f 4011//3883 4010//3882 3992//3862
f 4012//3884 3800//4120 3801//3705
f 4013//3885 3801//3705 3802//3706
f 4014//3886 3802//3706 3803//3887
f 4016//3889 4015//3888 3803//3887
f 4016//3889 3804//3707 3805//3708
f 4017//3890 3805//3708 3807//3709
f 3994//3865 4018//3891 3807//3709
f 4020//3892 4018//3891 3994//3865
f 4021//3893 4018//4365 4020//3894
f 4022//3896 3997//3876 3996//3875
f 4022//3895 4020//3894 3995//3897
f 4025//3899 4000//3869 3999//3868
f 4026//3901 4001//3870 4000//3869
f 4027//3902 4002//3871 4001//3870
f 4028//3903 4003//3872 4002//3871
f 4029//3904 4004//3873 4003//3872
f 4029//3904 4021//3893 3996//3875
f 4006//1714 3998//1714 4023//1714
f 4031//3905 4024//4385 3999//3878
f 4032//3907 4031//3905 4007//3906
f 4033//3908 4032//3907 4008//3879
f 4034//3909 4033//3908 4009//3881
f 4035//1724 4034//3909 4010//3882
f 4036//3910 3519//3423 3441//3345
f 3520//3424 3519//3423 4036//3910
f 4038//3912 3521//3425 3520//3424
f 3522//3426 3521//3425 4038//3912
f 3523//3427 3522//3426 4039//3913
f 3524//3428 3523//3427 4040//3914
f 3525//3429 3524//3428 4041//3915
f 3526//3430 3525//3429 4042//3916
f 3527//3431 3526//3430 4043//3917
f 3528//3432 3527//3431 4044//3918
f 4046//3920 4036//3910 3813//3717
f 4037//3911 4036//3910 4046//3920
f 4048//3922 4038//3912 4037//3911
f 4049//3923 4050//3924 4048//3922
f 4039//3913 4038//3912 4048//3922
f 4051//3925 4040//3914 4039//3913
f 4052//3926 4041//3915 4040//3914
f 4053//3927 4042//3916 4041//3915
f 4043//3917 4042//3916 4053//3927
f 4044//3918 4043//3917 4054//3928
f 4045//3919 4044//3918 4055//3929
f 4058//3931 4046//3920 3818//3722
f 4059//3932 4047//3921 4046//3920
f 3933//3818 4060//8140 4057//3933
f 4049//3923 4047//3921 4059//3932
f 4062//3935 4050//3924 4049//3923
f 4051//3925 4050//3924 4062//3935
f 4052//3926 4051//3925 4063//3936
f 4068//3938 4065//3942 4064//3939
f 4069//3941 4066//8141 4065//3942
f 4069//3943 4053//3927 4052//3926
f 4071//3944 4068//3938 4067//3940
f 4072//3946 4069//3941 4068//3938
f 4072//3947 4054//3928 4053//3927
f 4073//3948 4074//3950 4071//3944
f 4075//3949 4072//3946 4071//3944
f 4055//3929 4054//3928 4072//3947
f 4076//3952 4077//3954 4074//3950
f 4078//3953 4075//3949 4074//3950
f 4056//3930 4055//3929 4075//3951
f 3942//3956 4079//8142 3827//3735
f 4057//3957 4079//8142 3942//3956
f 4081//3958 4082//3959 3830//3733
f 4058//3931 3823//3727 3830//3733
f 4083//3960 4059//3932 4058//3931
f 4060//3961 3933//3818 3949//3819
f 4084//3963 4079//8143 4057//3964
f 4085//3966 4080//8144 4079//3967
f 4061//3934 4059//3932 4083//3960
f 4087//3970 4062//3935 4061//3934
f 4088//3971 4084//3962 3949//3819
f 4090//3972 4091//3974 4087//3970
f 4063//3936 4062//3935 4087//3970
f 4093//3975 4090//3979 4089//3976
f 4093//3975 4092//3977 4064//3939
f 4093//3975 4094//3980 4091//3978
f 4094//3980 4093//3975 4065//3942
f 4094//3982 4066//3937 4063//3936
f 4095//3983 4067//3985 4064//3939
f 4096//3984 4070//8145 4067//3985
f 4073//3986 4070//8145 4096//3984
f 4098//3988 4076//8146 4073//3986
f 4100//3989 4078//8147 4077//3990
f 4101//3992 3832//3741 3827//3735
f 4080//3994 4102//4018 4101//3992
f 4081//3958 3829//3732 3835//3738
f 4104//3996 4082//3959 4081//3958
f 4105//3997 4083//3960 4082//3959
f 4085//3998 4084//4007 4106//3999
f 4085//4001 4107//4027 4102//4002
f 4108//4004 4109//4005 4105//3997
f 4086//3969 4083//3960 4105//3997
f 4088//3971 3957//3827 3974//3844
f 4088//3971 4110//4006 4106//3999
f 4112//4008 4111//4011 4089//3976
f 4090//3972 4086//3973 4109//4005
f 4113//4010 4092//3977 4089//3976
f 4095//3983 4092//3977 4113//4010
f 4096//3984 4095//3983 4114//4012
f 4097//3987 4096//3984 4115//4013
f 4098//3988 4097//3987 4116//4014
f 3980//3867 3767//3693 3837//3740
f 4101//3992 4118//4016 3837//3740
f 4120//4017 4118//4016 4101//3992
f 4119//4019 4121//4020 3840//3744
f 4103//3995 3835//3738 3840//3744
f 4122//4021 4104//3996 4103//3995
f 4123//4022 4118//8148 4120//4023
f 4124//4025 4107//4000 4106//3999
f 4107//4027 4124//8149 4120//4028
f 4125//4029 4126//4030 4122//4021
f 4108//4004 4104//3996 4122//4021
f 4127//4031 4109//4005 4108//4004
f 4128//4032 3988//3857 3981//3877
f 4128//4032 4110//4006 3974//3844
f 4128//4032 4123//4026 4106//3999
f 4129//4033 4130//4035 4126//4030
f 4131//4034 4127//4031 4126//4030
f 4131//4036 4130//4039 4111//4011
f 4112//4009 4109//4005 4127//4031
f 4132//4038 4113//4010 4111//4011
f 4114//4012 4113//4010 4132//4038
f 4115//4013 4114//4012 4133//4040
f 4116//4014 4115//4013 4134//4041
f 4117//4015 4116//4014 4135//4042
f 4138//4044 3995//3866 3980//3867
f 4137//4045 4139//4046 3842//3746
f 4119//4019 3839//3743 3842//3746
f 4140//4047 4121//4020 4119//4019
f 3997//4048 3995//8150 4138//4049
f 4142//4051 4123//4026 3981//3877
f 4123//4052 4142//8151 4138//4053
f 4143//4055 4144//4056 4140//4047
f 4125//4029 4121//4020 4140//4047
f 4145//1694 4141//1694 3998//1694
f 4129//4033 4125//4029 4144//4056
f 4147//4058 4130//4035 4129//4033
f 4132//4038 4130//4039 4147//4059
f 4133//4040 4132//4038 4148//4060
f 4134//4041 4133//4040 4149//4061
f 4151//4063 4135//4042 4134//4041
f 4136//4043 4135//4042 4151//4063
f 4019//4065 4153//4066 3843//3747
f 4137//4045 3841//3745 3843//3747
f 4154//4067 4139//4046 4137//4045
f 4156//1707 4023//1707 3998//1707
f 4155//4068 4157//4069 4154//4067
f 4143//4055 4139//4046 4154//4067
f 4158//4070 4144//4056 4143//4055
f 4030//12 4023//12 4156//12
f 4145//1862 4006//1862 4030//1862
f 4159//1717 4156//1717 4141//1717
f 4160//4071 4161//4072 4157//4069
f 4161//4072 4162//4073 4158//4070
f 4146//4057 4144//4056 4158//4070
f 4147//4058 4146//4057 4162//4073
f 4148//4060 4147//4059 4163//4075
f 4149//4061 4148//4060 4164//4076
f 4150//4062 4149//4061 4165//4077
f 4151//4063 4150//4062 4166//4078
f 4152//4064 4151//4063 4167//1714
f 3649//3555 1753//1535 2137//1948
f 3650//3556 3649//3555 4169//4079
f 3651//3557 3650//3556 4170//4080
f 3652//3558 3651//3557 4171//4081
f 4173//4083 3653//3559 3652//3558
f 4174//4084 3654//3560 3653//3559
f 4175//4085 3655//3561 3654//3560
f 4176//4086 3656//3562 3655//3561
f 2153//4087 4178//4091 4169//4079
f 4177//4088 2152//1963 1761//1964
f 4180//4090 4170//4080 4169//4079
f 3658//3563 4179//4093 4177//4088
f 4182//4092 4171//4081 4170//4080
f 3659//3564 4181//4137 4179//4093
f 4184//4094 4172//4082 4171//4081
f 4183//4095 4181//4137 3659//3564
f 4186//4096 4173//4083 4172//4082
f 3661//3566 4185//4098 4183//4095
f 4188//4097 4174//4084 4173//4083
f 3662//3567 4187//4100 4185//4098
f 4190//4099 4175//4085 4174//4084
f 3663//3568 4189//4143 4187//4100
f 4192//4101 4176//4086 4175//4085
f 4191//4102 4189//4143 3663//3568
f 4193//4103 4178//4091 2153//4087
f 4180//4090 4178//4091 4193//4103
f 4182//4092 4180//4090 4194//4104
f 4184//4094 4182//4092 4195//4105
f 4186//4096 4184//4094 4196//4106
f 4188//4097 4186//4096 4197//4107
f 4190//4099 4188//4097 4198//4108
f 4200//4110 4192//4101 4190//4099
f 4201//4111 3792//3696 3656//3562
f 4202//4112 3793//3697 3792//3696
f 4203//4113 3794//3698 3793//3697
f 4204//4114 3795//3699 3794//3698
f 3796//3700 3795//3699 4204//4114
f 4206//4116 3797//3701 3796//3700
f 4207//4117 3798//3702 3797//3701
f 4208//4118 4201//4111 4176//4086
f 4209//4119 4191//4102 3664//3704
f 4210//4121 4202//4112 4201//4111
f 4211//4122 4203//4113 4202//4112
f 4212//4123 4204//4114 4203//4113
f 4213//4124 4205//4115 4204//4114
f 4213//4124 4214//4125 4206//4116
f 4214//4125 4215//4126 4207//4117
f 3806//3711 3798//3702 4207//4117
f 4216//4127 3808//3712 3806//3711
f 4208//4118 4192//4101 4200//4110
f 4210//4121 4208//4118 4217//4128
f 4211//4122 4210//4121 4218//4129
f 4212//4123 4211//4122 4219//4130
f 4213//4124 4212//4123 4220//4131
f 4222//4133 4214//4125 4213//4124
f 4223//4134 4215//4126 4214//4125
f 2333//2177 2152//1963 4177//4088
f 4224//4135 4177//4088 4179//4093
f 4225//4136 4179//4093 4181//4137
f 4227//4139 4226//4138 4181//4137
f 4228//4140 4227//4139 4183//4095
f 4229//4141 4228//4140 4185//4098
f 4230//4142 4229//4141 4187//4100
f 4230//4142 4189//4143 4191//4102
f 4232//4145 4226//4138 4227//4139
f 4233//4146 4227//4139 4228//4140
f 4234//4147 4228//4140 4229//4141
f 4235//4148 4229//4141 4230//4142
f 4237//4150 4236//4149 4230//4142
f 4241//4151 4238//8152 4239//4152
f 4242//4154 4239//8153 4240//4155
f 4243//4157 3909//8154 3908//4158
f 4245//4160 4244//4167 4241//4151
f 4245//4160 4242//4153 3908//4161
f 4246//4163 3911//4170 3909//4164
f 4248//4166 4247//4172 4244//4167
f 4248//4166 4245//4160 3910//4162
f 4249//4169 3913//4175 3911//4170
f 4251//4171 4250//4177 4247//4172
f 3914//4173 4251//4171 4248//4166
f 4252//4174 3915//4180 3913//4175
f 4258//4176 4257//7922 4250//4177
f 3916//4178 4258//4176 4251//4171
f 4259//4179 3917//7925 3915//4180
f 2372//2222 4261//4182 4193//4103
f 4260//4181 2371//2237 2333//2177
f 4261//4182 4263//4184 4194//4104
f 4262//4183 4260//4181 4224//4135
f 4263//4184 4264//4186 4195//4105
f 4265//4185 4262//4183 4225//4136
f 4264//4186 4266//4187 4196//4106
f 4266//4187 4267//4188 4197//4107
f 4267//4188 4268//4189 4198//4108
f 4268//4189 4269//4191 4199//4109
f 4270//4190 4200//4110 4199//4109
f 4271//4192 2381//2236 2371//2237
f 4271//4192 4260//4181 4262//4183
f 4272//4193 4262//4183 4265//4185
f 4232//4145 4273//4194 4265//4185
f 4274//4195 4273//4194 4232//4145
f 4234//4147 4275//4196 4274//4195
f 4235//4148 4276//8155 4275//4196
f 4277//4197 4276//8155 4235//4148
f 4278//4198 4270//4399 4269//4199
f 4278//4201 4277//4197 4236//4149
f 4280//4203 2390//2251 2381//2236
f 4280//4203 4271//4192 4272//4193
f 4282//4205 4281//4204 4272//4193
f 4282//4205 4273//4194 4274//4195
f 4283//4206 4274//4195 4275//4196
f 4285//4208 4284//4207 4275//4196
f 4285//4210 4239//8153 4238//4211
f 4287//4213 4285//4208 4276//4209
f 4240//4155 4239//8153 4285//4210
f 4289//4216 2397//2264 2390//2251
f 4290//4217 4289//4216 4280//4203
f 4293//4218 4284//8156 4238//4219
f 4293//4220 4294//8157 4286//4221
f 4295//4223 4287//8158 4286//4224
f 4295//4223 4243//4165 4240//4226
f 2404//2273 2397//2264 4289//4216
f 4297//4229 4296//4228 4289//4216
f 4297//4229 4290//4217 4291//4230
f 4299//4232 4298//4231 4291//4230
f 4300//4234 4299//4232 4292//4233
f 4300//4234 4293//4218 4241//4151
f 4301//4236 4302//4237 4295//4223
f 4246//4163 4243//4165 4295//4223
f 4303//4238 2410//2279 2404//2273
f 4304//4239 4303//4238 4296//4228
f 4304//4239 4297//4229 4298//4231
f 4305//4240 4298//4231 4299//4232
f 4307//4242 4306//4241 4299//4232
f 4247//4172 4307//4242 4300//4234
f 4308//4243 4249//4169 4246//4163
f 4309//4244 2417//2284 2410//2279
f 4310//4245 4309//4244 4303//4238
f 4311//4246 4310//4245 4304//4239
f 4311//4246 4305//4240 4306//4241
f 4312//4247 4306//4241 4307//4242
f 4250//4177 4313//8159 4307//4242
f 4252//4174 4249//4169 4308//4243
f 4316//4250 4253//4252 2361//2299
f 4317//4251 4254//4254 4253//4252
f 4318//4253 4255//4256 4254//4254
f 4319//4255 4256//8160 4255//4256
f 4257//4257 4256//8160 4319//4255
f 4320//4259 4313//8159 4250//4177
f 4320//4261 4321//4265 4314//4262
f 4322//4264 4315//4347 4314//4262
f 4322//4266 4259//4179 4252//4174
f 4261//4182 2372//2222 2431//2307
f 4263//4184 4261//4182 4323//4267
f 4264//4186 4263//4184 4324//4268
f 4266//4187 4264//4186 4325//4269
f 4267//4188 4266//4187 4326//4270
f 4328//4272 4268//4189 4267//4188
f 4329//4273 4269//4191 4268//4189
f 2439//2315 4330//4274 4323//4267
f 4330//4274 4331//4276 4324//4268
f 4332//4275 4325//4269 4324//4268
f 4332//4275 4333//4277 4326//4270
f 4333//4277 4334//4278 4327//4271
f 4334//4278 4335//4279 4328//4272
f 4335//4279 4336//8161 4329//4273
f 4277//4200 4269//4199 4329//4280
f 2447//2333 4338//4282 4330//4274
f 4338//4282 4339//4284 4331//4276
f 4340//4283 4332//4275 4331//4276
f 4340//4285 4339//8162 4281//4286
f 4341//4288 4333//4277 4332//4275
f 4341//4289 4340//4285 4282//4287
f 4341//4288 4342//4293 4334//4278
f 4342//4291 4341//4289 4283//4290
f 4342//4293 4343//4294 4335//4279
f 4343//8163 4342//4291 4284//4292
f 4344//4295 4336//8161 4335//4279
f 4344//4295 4343//4294 4286//4221
f 4344//4297 4287//8164 4277//4200
f 4345//1717 4337//1717 4279//1717
f 4346//4298 4338//4282 2447//2333
f 4347//4299 4339//4284 4338//4282
f 4290//4300 4281//8165 4339//4301
f 4291//4302 4290//8166 4347//4303
f 4349//4305 4292//4307 4291//4302
f 4350//4306 4293//4309 4292//4307
f 4351//4308 4294//8167 4293//4309
f 4352//4310 4346//4298 2453//2355
f 4353//4311 4347//4299 4346//4298
f 4353//4311 4354//4313 4348//4312
f 4354//4313 4355//4315 4349//4314
f 4355//4315 4356//4317 4350//4316
f 4356//4317 4357//4319 4351//4318
f 4301//4236 4294//4225 4351//4318
f 4358//4327 4302//4237 4301//4236
f 4359//4321 4352//4310 2460//2363
f 4360//4322 4353//4311 4352//4310
f 4360//4322 4361//4324 4354//4313
f 4362//4323 4355//4315 4354//4313
f 4363//4325 4356//4317 4355//4315
f 4364//4326 4357//4319 4356//4317
f 4364//4326 4365//8168 4358//4320
f 4308//4243 4302//4237 4358//4327
f 4366//4329 4359//4321 2467//2380
f 4366//4331 2474//2381 2417//2381
f 4367//4332 4360//4322 4359//4321
f 4367//4333 4366//4331 4309//4331
f 4368//4335 4361//4324 4360//4322
f 4368//4336 4367//4333 4310//4334
f 4369//4338 4362//4323 4361//4324
f 4369//4339 4368//4336 4311//4337
f 4369//4338 4370//4344 4363//4325
f 4370//4341 4369//4339 4312//4340
f 4371//4343 4364//4326 4363//4325
f 4314//4262 4371//4343 4370//4344
f 4372//4346 4365//8168 4364//4326
f 4372//4346 4371//4343 4314//4262
f 4372//4348 4315//4249 4308//4243
f 4231//4144 4191//4102 4209//4119
f 4012//3884 4373//4349 4209//4119
f 4374//4350 4373//4349 4012//3884
f 4375//4351 4374//4350 4013//3885
f 4015//3888 4376//4352 4375//4351
f 4016//3889 4377//4362 4376//4352
f 4378//4353 4377//4362 4016//3889
f 4380//4354 4378//4353 4017//3890
f 4379//4355 4381//4356 4216//4127
f 4019//4065 3808//3712 4216//4127
f 4382//4357 4237//4150 4231//4144
f 4382//4357 4373//4349 4374//4350
f 4384//4359 4383//4358 4374//4350
f 4385//4360 4384//4359 4375//4351
f 4386//4361 4385//4360 4376//4352
f 4387//4363 4386//4361 4377//4362
f 4387//4363 4378//4353 4380//4354
f 4021//3893 4388//4364 4380//4354
f 4392//4366 4391//8169 4383//4367
f 4392//4369 4025//3899 4024//3900
f 4392//4366 4384//4368 4385//4371
f 4393//4373 4026//3901 4025//3899
f 4393//4372 4385//4371 4386//4374
f 4394//4376 4027//3902 4026//3901
f 4395//4377 4394//4375 4386//4374
f 4395//4378 4028//3903 4027//3902
f 4396//4379 4395//4377 4387//4363
f 4396//4380 4029//3904 4028//3903
f 4396//4379 4388//4364 4021//3893
f 4398//4381 4390//8170 4391//4382
f 4399//4384 4391//8171 4024//4385
f 4400//4386 4399//4384 4031//3905
f 4401//4387 4400//4386 4032//3907
f 4402//4388 4401//4387 4033//3908
f 4403//4389 4402//4388 4034//3909
f 4404//4390 4217//4128 4200//4110
f 4404//4390 4405//4391 4218//4129
f 4405//4391 4406//4392 4219//4130
f 4406//4392 4407//4393 4220//4131
f 4407//4393 4408//4394 4221//4132
f 4408//4394 4409//4395 4222//4133
f 4409//4395 4410//4396 4223//4134
f 4379//4355 4215//4126 4223//4134
f 4411//4397 4381//4356 4379//4355
f 4278//4198 4412//4402 4404//4398
f 4412//4400 4278//4201 4237//4202
f 4412//4402 4414//4406 4405//4391
f 4414//4403 4412//4400 4382//4401
f 4415//4405 4406//4392 4405//4391
f 4416//4407 4407//4393 4406//4392
f 4417//4408 4408//4394 4407//4393
f 4417//4408 4418//4409 4409//4395
f 4418//4409 4419//4410 4410//4396
f 4419//4410 4420//4412 4411//4397
f 4389//4411 4381//4356 4411//4397
f 4288//12 4279//12 4413//12
f 4423//4413 4391//8172 4390//4414
f 4423//4416 4414//8173 4383//4417
f 4423//4419 4424//4421 4415//4405
f 4425//4420 4416//4407 4415//4405
f 4425//4420 4426//4423 4417//4408
f 4427//4422 4418//4409 4417//4408
f 4427//4422 4428//4424 4419//4410
f 4428//4424 4429//4426 4420//4412
f 4397//4425 4389//4411 4420//4412
f 4430//4427 4422//8174 4390//4428
f 4430//4430 4431//4435 4423//4419
f 4431//4432 4430//8175 4398//4433
f 4431//4435 4432//4437 4424//4421
f 4433//4436 4425//4420 4424//4421
f 4433//4436 4434//4439 4426//4423
f 4435//4438 4427//4422 4426//4423
f 4436//4440 4428//4424 4427//4422
f 4436//4440 4437//4503 4429//4426
f 4400//4386 4438//4444 4431//4441
f 4439//4455 4432//4437 4431//4435
f 4440//4445 4441//4446 4435//4438
f 4441//4446 4442//4448 4436//4440
f 4443//4447 4437//4503 4436//4440
f 4444//4449 4438//4444 4400//4386
f 4445//4450 4444//4449 4401//4387
f 4446//4451 4445//4450 4402//4388
f 4413//1862 4279//1862 4337//1862
f 4448//1694 4447//1694 4337//1694
f 4421//1707 4448//1707 4345//1707
f 4421//1714 4413//1714 4447//1714
f 4433//4436 4432//4437 4449//4452
f 4451//4454 4434//4439 4433//4436
f 4439//4442 4438//4444 4452//4463
f 4439//4455 4453//4457 4449//4452
f 4454//4458 4450//4453 4449//4452
f 4454//4458 4455//4459 4451//4454
f 4440//4445 4434//4439 4451//4454
f 4456//4460 4441//4446 4440//4445
f 4457//4461 4442//4448 4441//4446
f 4458//4462 4443//4447 4442//4448
f 4444//4449 4459//4478 4452//4463
f 4460//4464 4453//4457 4452//4456
f 4460//4464 4461//4467 4454//4458
f 4462//4466 4455//4459 4454//4458
f 4462//4466 4463//4468 4456//4460
f 4463//4468 4464//2137 4457//4461
f 4464//2137 4465//4520 4458//4462
f 4466//4469 4459//4478 4444//4449
f 4467//4470 4466//4469 4445//4450
f 4460//4464 4459//4465 4468//4471
f 4461//4467 4460//4464 4469//4472
f 4462//4466 4461//4467 4470//4473
f 4463//4468 4462//4466 4471//4474
f 4464//2137 4463//4468 4472//4475
f 4474//4476 4465//4520 4464//2137
f 4466//4469 4475//4484 4468//4477
f 4476//4479 4469//4472 4468//4471
f 4477//4481 4470//4473 4469//4472
f 4478//4482 4471//4474 4470//4473
f 4478//4482 4479//2154 4472//4475
f 4480//2154 4473//2147 4472//4475
f 4481//4483 4474//4476 4473//2147
f 4467//4470 4482//8010 4475//4484
f 4483//4485 4476//4479 4475//4480
f 4484//4487 4477//4481 4476//4479
f 4485//2162 4478//4482 4477//4481
f 4486//2161 4479//2154 4478//4482
f 4486//2161 4487//2161 4480//2154
f 4488//2163 4481//4483 4480//2154
f 4489//4488 4153//4066 4019//4065
f 4389//4411 4490//4489 4489//4488
f 4155//4068 4153//4066 4489//4488
f 4397//4425 4491//4490 4490//4489
f 4160//4071 4155//4068 4490//4489
f 4492//4491 4161//4072 4160//4071
f 4493//4492 4162//4073 4161//4072
f 4163//4074 4162//4073 4493//4492
f 4495//4494 4496//4496 4492//4491
f 4497//4495 4493//4492 4492//4491
f 4497//4495 4498//8176 4494//4493
f 4164//4076 4163//4075 4494//4497
f 4165//4077 4164//4076 4498//4498
f 4166//4078 4165//4077 4499//4499
f 4167//1714 4166//4078 4500//4500
f 4168//1714 4167//1714 4501//4501
f 4503//4502 4491//4490 4397//4425
f 4437//4503 4504//4504 4503//4502
f 4495//4494 4491//4490 4503//4502
f 4505//4505 4496//4496 4495//4494
f 4506//4506 4497//4495 4496//4496
f 4507//4507 4498//8176 4497//4495
f 4508//4508 4504//4504 4437//4503
f 4508//4508 4509//4510 4505//4505
f 4510//4509 4506//4506 4505//4505
f 4510//4509 4511//8177 4507//4507
f 4499//4499 4498//4498 4507//4511
f 4500//4500 4499//4499 4511//4512
f 4501//4501 4500//4500 4512//4513
f 4502//1714 4501//4501 4513//4514
f 4515//4516 4508//4508 4443//4447
f 4509//4510 4508//4508 4515//4516
f 4510//4509 4509//4510 4516//4517
f 4518//4519 4511//8177 4510//4509
f 4465//4520 4519//4521 4515//4516
f 4519//4521 4520//4522 4516//4517
f 4520//4522 4521//4523 4517//4518
f 4521//4523 4522//8178 4518//4519
f 4512//4513 4511//4512 4518//4524
f 4513//4514 4512//4513 4522//4525
f 4514//4515 4513//4514 4523//4526
f 4519//4521 4465//4520 4474//4476
f 4520//4522 4519//4521 4525//4528
f 4521//4523 4520//4522 4526//4529
f 4528//4531 4522//8178 4521//4523
f 4481//4483 4529//4532 4525//4528
f 4529//4532 4530//4533 4526//4529
f 4530//4533 4531//4534 4527//4530
f 4531//4534 4532//4540 4528//4531
f 4523//4526 4522//4525 4528//4535
f 4533//4537 4529//4532 4481//4483
f 4534//4538 4530//4533 4529//4532
f 4535//4539 4531//4534 4530//4533
f 4535//4539 4536//8179 4532//4540
f 4524//4527 4523//4526 4532//4536
f 4538//4542 4537//4547 524//323
f 4539//4543 4538//4542 525//324
f 4539//4543 194//96 193//95
f 4539//4543 526//325 527//326
f 4540//4544 195//97 194//96
f 4540//4544 527//326 528//327
f 4541//4545 196//99 195//97
f 4543//4546 4542//4550 4537//4547
f 4543//4546 4538//4542 193//95
f 4545//4549 4544//4569 4542//4550
f 4545//4549 4543//4546 197//4548
f 4546//4551 4544//4569 4545//4549
f 205//103 4547//4552 4545//4549
f 4548//4553 4546//4551 4547//4552
f 209//106 4549//4554 4547//4552
f 4550//4555 4549//4554 209//106
f 4551//4556 4549//4554 4550//4555
f 213//110 4552//4557 4550//4555
f 4553//4558 4551//4556 4552//4557
f 216//113 4554//4559 4552//4557
f 4555//4560 4554//4559 216//113
f 4556//4561 4554//4559 4555//4560
f 219//116 4557//4562 4555//4560
f 4558//4563 4557//4562 219//116
f 4560//4564 4559//4581 544//361
f 4560//4564 545//342 524//323
f 4561//4565 4559//4581 4560//4564
f 4542//4550 4562//4566 4560//4564
f 4563//4567 4561//4565 4562//4566
f 4544//4569 4564//4568 4562//4566
f 4565//4570 4564//4568 4544//4569
f 4548//4553 4566//4588 4565//4570
f 4567//4571 4566//4588 4548//4553
f 4568//4572 4566//4588 4567//4571
f 4551//4556 4569//4573 4567//4571
f 4570//4574 4568//4572 4569//4573
f 4553//4558 4571//4575 4569//4573
f 4572//4576 4571//4575 4553//4558
f 4573//4577 4571//4575 4572//4576
f 4556//4561 4574//4578 4572//4576
f 4575//4579 4574//4578 4556//4561
f 4576//4580 561//360 544//361
f 4561//4565 4577//4582 4576//4580
f 4563//4567 4578//4594 4577//4582
f 4579//4583 4578//4594 4563//4567
f 4580//4584 4578//4594 4579//4583
f 4565//4570 4581//4585 4579//4583
f 4582//4586 4580//4584 4581//4585
f 4566//4588 4583//4587 4581//4585
f 4568//4572 4584//4589 4583//4587
f 4570//4574 4585//4599 4584//4589
f 4586//4590 4585//4599 4570//4574
f 4573//4577 4587//4603 4586//4590
f 4588//4591 4587//4603 4573//4577
f 4576//4580 4589//4605 575//390
f 4590//4592 4589//4605 4576//4580
f 4591//4593 4590//4592 4577//4582
f 4580//4584 4592//4595 4591//4593
f 4582//4586 4593//4612 4592//4595
f 4594//4596 4593//4612 4582//4586
f 4595//4597 4593//4612 4594//4596
f 4584//4589 4596//4598 4594//4596
f 4585//4599 4597//4616 4596//4598
f 4598//4600 4597//4616 4585//4599
f 4599//4601 4597//4616 4598//4600
f 4587//4603 4600//4602 4598//4600
f 4602//4604 4601//4607 590//406
f 4589//4605 4602//4604 591//388
f 4604//4606 4603//4618 4601//4607
f 4590//4592 4604//4606 4602//4604
f 4605//4608 4603//4618 4604//4606
f 4591//4593 4606//4609 4604//4606
f 4607//4610 4606//4609 4591//4593
f 4608//4611 4607//4610 4592//4595
f 4595//4597 4609//4627 4608//4611
f 4610//4613 4609//4627 4595//4597
f 4611//4614 4609//4627 4610//4613
f 4597//4616 4612//4615 4610//4613
f 4599//4601 4613//4631 4612//4615
f 4614//4617 4613//4631 4599//4601
f 4601//4607 4615//4619 606//405
f 4603//4618 4616//4620 4615//4619
f 4605//4608 4617//4636 4616//4620
f 4618//4621 4617//4636 4605//4608
f 4619//4622 4617//4636 4618//4621
f 4607//4610 4620//4623 4618//4621
f 4621//4624 4619//4622 4620//4623
f 4608//4611 4622//4625 4620//4623
f 4623//4626 4622//4625 4608//4611
f 4611//4614 4624//4641 4623//4626
f 4625//4628 4624//4641 4611//4614
f 4626//4629 4624//4641 4625//4628
f 4613//4631 4627//4630 4625//4628
f 4628//4632 621//436 622//419
f 4615//4619 4629//4633 622//419
f 4630//4634 4629//4633 4615//4619
f 4631//4635 4630//4634 4616//4620
f 4619//4622 4632//4637 4631//4635
f 4621//4624 4633//4652 4632//4637
f 4634//4638 4633//4652 4621//4624
f 4635//4639 4633//4652 4634//4638
f 4623//4626 4636//4640 4634//4638
f 4624//4641 4637//4642 4636//4640
f 4626//4629 4638//4656 4637//4642
f 4639//4643 4638//4656 4626//4629
f 4628//4632 4640//4853 637//435
f 4641//4644 4640//4853 4628//4632
f 4642//4645 4640//4853 4641//4644
f 4630//4634 4643//4646 4641//4644
f 4645//4647 4644//4649 4642//4645
f 4631//4635 4645//4647 4643//4646
f 4647//4648 4646//4856 4644//4649
f 4632//4637 4647//4648 4645//4647
f 4648//4650 4646//4856 4647//4648
f 4633//4652 4649//4651 4647//4648
f 4635//4639 4650//4861 4649//4651
f 4651//4653 4650//4861 4635//4639
f 4652//4654 4650//4861 4651//4653
f 4637//4642 4653//4655 4651//4653
f 4638//4656 4654//4865 4653//4655
f 4655//4657 4654//4865 4638//4656
f 4541//4545 528//327 641//440
f 4656//4658 221//99 196//99
f 4657//4658 4656//4658 641//440
f 4657//4658 222//99 221//99
f 4657//4658 642//440 643//440
f 223//99 222//99 4657//4658
f 4658//4658 643//440 644//440
f 224//99 223//99 4658//4658
f 4659//4658 644//440 645//440
f 225//99 224//99 4659//4658
f 4660//4658 645//440 646//440
f 226//99 225//99 4660//4658
f 4661//4658 646//440 647//440
f 227//99 226//99 4661//4658
f 4662//4658 647//440 648//2504
f 228//99 227//99 4662//4658
f 4664//4660 4558//4563 220//117
f 4665//4661 4557//4562 4558//4563
f 4667//4663 4574//4578 4575//4579
f 4665//4661 4668//4664 4575//4579
f 4669//4665 4668//4664 4665//4661
f 4671//4666 4587//4603 4588//4591
f 4667//4663 4672//4667 4588//4591
f 4673//4668 4672//4667 4667//4663
f 4674//4669 4673//4668 4668//4664
f 4670//4670 4675//4675 4674//4669
f 4671//4666 4676//4678 4600//4602
f 4677//4671 4676//4678 4671//4666
f 4673//4668 4678//4681 4677//4671
f 4679//4672 4678//4681 4673//4668
f 4680//4673 4678//4681 4679//4672
f 4675//4675 4681//4674 4679//4672
f 4682//4676 4613//4631 4614//4617
f 4676//4678 4683//4677 4614//4617
f 4684//4679 4683//4677 4676//4678
f 4685//4680 4684//4679 4677//4671
f 4686//4682 4684//4679 4685//4680
f 4680//4673 4687//4683 4685//4680
f 4688//4684 4687//4683 4680//4673
f 4682//4676 4689//4688 4627//4630
f 4690//4685 4689//4688 4682//4676
f 4691//4686 4690//4685 4683//4677
f 4686//4682 4692//4693 4691//4686
f 4693//4687 4692//4693 4686//4682
f 4688//4684 4694//4695 4693//4687
f 4689//4688 4695//4698 4639//4643
f 4696//4689 4695//4698 4689//4688
f 4697//4690 4696//4689 4690//4685
f 4698//4691 4696//4689 4697//4690
f 4692//4693 4699//4692 4697//4690
f 4700//4694 4699//4692 4692//4693
f 4694//4695 4701//4701 4700//4694
f 4702//4696 4654//4865 4655//4657
f 4695//4698 4703//4697 4655//4657
f 4704//4699 4703//4697 4695//4698
f 4698//4691 4705//4900 4704//4699
f 4706//4700 4705//4900 4698//4691
f 4700//4694 4707//4702 4706//4700
f 4701//4701 4708//4768 4707//4702
f 4666//4662 4558//4563 4664//4660
f 285//136 4709//4703 4664//4660
f 4710//4704 4709//4703 285//136
f 287//138 4711//4720 4710//4704
f 4712//4706 4711//4720 287//138
f 4713//4707 4712//4706 288//139
f 4714//4708 4713//4707 289//140
f 4715//4709 4714//4708 290//141
f 4716//4710 4715//4709 291//142
f 4717//4711 4711//4720 4712//4706
f 4719//4713 4718//4712 4712//4706
f 4720//4714 4719//4713 4713//4707
f 4721//4715 4720//4714 4714//4708
f 4722//4716 4721//4715 4715//4709
f 4723//4717 4669//4665 4666//4662
f 4724//4718 4723//4717 4709//4703
f 4725//4719 4724//4718 4710//4704
f 4670//4670 4669//4665 4723//4717
f 4727//4722 4726//4721 4723//4717
f 4727//4722 4724//4718 4725//4719
f 4717//4711 4728//4723 4725//4719
f 4729//4724 4728//4723 4717//4711
f 4730//4725 4729//4724 4718//4712
f 4731//4726 4730//4725 4719//4713
f 4732//4727 4731//4726 4720//4714
f 4733//4728 4732//4727 4721//4715
f 4734//4729 4675//4675 4670//4670
f 4735//4730 4734//4729 4726//4721
f 4736//4731 4735//4730 4727//4722
f 4729//4724 4737//4732 4736//4731
f 4730//4725 4738//4733 4737//4732
f 4731//4726 4739//4734 4738//4733
f 4732//4727 4740//4735 4739//4734
f 4733//4728 4741//4741 4740//4735
f 4742//4736 4681//4674 4675//4675
f 4743//4737 4742//4736 4734//4729
f 4736//4731 4744//4738 4743//4737
f 4737//4732 4745//4739 4744//4738
f 4738//4733 4746//4746 4745//4739
f 4747//4740 4746//4746 4738//4733
f 4740//4735 4748//4742 4747//4740
f 4741//4741 4749//4750 4748//4742
f 4742//4736 4750//4743 4688//4684
f 4743//4737 4751//4744 4750//4743
f 4744//4738 4752//4745 4751//4744
f 4745//4739 4753//4747 4752//4745
f 4746//4746 4754//4748 4753//4747
f 4747//4740 4755//4749 4754//4748
f 4748//4742 4756//4751 4755//4749
f 4749//4750 4757//4758 4756//4751
f 4750//4743 4758//4752 4694//4695
f 4751//4744 4759//4753 4758//4752
f 4752//4745 4760//4754 4759//4753
f 4753//4747 4761//4755 4760//4754
f 4754//4748 4762//4756 4761//4755
f 4755//4749 4763//4757 4762//4756
f 4756//4751 4764//4759 4763//4757
f 4757//4758 4765//4766 4764//4759
f 4758//4752 4766//4760 4701//4701
f 4759//4753 4767//4761 4766//4760
f 4760//4754 4768//4762 4767//4761
f 4761//4755 4769//4763 4768//4762
f 4762//4756 4770//4764 4769//4763
f 4763//4757 4771//4765 4770//4764
f 4764//4759 4772//4767 4771//4765
f 4765//4766 4773//4776 4772//4767
f 4766//4760 4774//4769 4708//4768
f 4767//4761 4775//4770 4774//4769
f 4768//4762 4776//4771 4775//4770
f 4769//4763 4777//4772 4776//4771
f 4770//4764 4778//4773 4777//4772
f 4771//4765 4779//4774 4778//4773
f 4772//4767 4780//4966 4779//4774
f 4781//4775 4780//4966 4772//4767
f 4782//4777 4784//4779 814//599
f 4783//4778 4785//4784 4784//4779
f 4789//4780 825//626 826//611
f 4784//4779 4790//4781 826//611
f 4791//4782 4789//4780 4790//4781
f 4785//4784 4792//4783 4790//4781
f 4786//4785 4793//4787 4792//4783
f 4787//4786 4794//4789 4793//4787
f 4788//4788 4795//4797 4794//4789
f 4789//4780 4797//4790 838//641
f 4791//4782 4798//4802 4797//4790
f 4799//4791 4798//4802 4791//4782
f 4800//4792 4798//4802 4799//4791
f 4793//4787 4801//4793 4799//4791
f 4803//4794 4802//4804 4800//4792
f 4794//4789 4803//4794 4801//4793
f 4804//4795 4802//4804 4803//4794
f 4795//4797 4805//4796 4803//4794
f 4796//4798 4806//4809 4805//4796
f 4809//4799 4808//4811 852//654
f 4797//4790 4809//4799 853//640
f 4810//4800 4808//4811 4809//4799
f 4811//4801 4809//4799 4797//4790
f 4812//4803 4811//4801 4798//4802
f 4802//4804 4813//4805 4812//4803
f 4804//4795 4814//4819 4813//4805
f 4815//4806 4814//4819 4804//4795
f 4816//4807 4814//4819 4815//4806
f 4806//4809 4817//4808 4815//4806
f 4807//4810 4818//4823 4817//4808
f 4808//4811 4820//4812 865//665
f 4810//4800 4821//4827 4820//4812
f 4822//4813 4821//4827 4810//4800
f 4823//4814 4821//4827 4822//4813
f 4812//4803 4824//4815 4822//4813
f 4825//4816 4823//4814 4824//4815
f 4813//4805 4826//4817 4824//4815
f 4827//4818 4826//4817 4813//4805
f 4816//4807 4828//4834 4827//4818
f 4829//4820 4828//4834 4816//4807
f 4830//4821 4828//4834 4829//4820
f 4818//4823 4831//4822 4829//4820
f 4819//4824 4832//4838 4831//4822
f 4833//4825 876//664 865//665
f 4834//4826 4833//4825 4820//4812
f 4823//4814 4835//4828 4834//4826
f 4825//4816 4836//4845 4835//4828
f 4837//4829 4836//4845 4825//4816
f 4838//4830 4836//4845 4837//4829
f 4827//4818 4839//4831 4837//4829
f 4840//4832 4838//4830 4839//4831
f 4828//4834 4841//4833 4839//4831
f 4830//4821 4842//4850 4841//4833
f 4843//4835 4842//4850 4830//4821
f 4844//4836 4842//4850 4843//4835
f 4832//4838 4845//4837 4843//4835
f 4847//4839 4846//4841 892//889
f 4833//4825 4847//4839 893//682
f 4849//4840 4848//4991 4846//4841
f 4834//4826 4849//4840 4847//4839
f 4850//4842 4848//4991 4849//4840
f 4835//4828 4851//4843 4849//4840
f 4852//4844 4851//4843 4835//4828
f 4838//4830 4853//4846 4852//4844
f 4840//4832 4854//5000 4853//4846
f 4855//4847 4854//5000 4840//4832
f 4856//4848 4854//5000 4855//4847
f 4842//4850 4857//4849 4855//4847
f 4844//4836 4858//5002 4857//4849
f 4859//4851 4858//5002 4844//4836
f 4782//4777 808//600 906//696
f 4860//4852 906//696 637//435
f 4783//4778 4782//4777 4860//4852
f 4642//4645 4861//4854 4860//4852
f 4862//4855 4861//4854 4642//4645
f 4646//4856 4863//4857 4862//4855
f 4648//4650 4864//4870 4863//4857
f 4865//4858 4864//4870 4648//4650
f 4866//4859 4864//4870 4865//4858
f 4650//4861 4867//4860 4865//4858
f 4652//4654 4868//4874 4867//4860
f 4869//4862 4868//4874 4652//4654
f 4870//4863 4868//4874 4869//4862
f 4654//4865 4871//4864 4869//4862
f 4872//4866 4785//4784 4783//4778
f 4786//4785 4785//4784 4872//4866
f 4862//4855 4873//4867 4872//4866
f 4874//4868 4787//4786 4786//4785
f 4863//4857 4874//4868 4873//4867
f 4788//4788 4787//4786 4874//4868
f 4864//4870 4875//4869 4874//4868
f 4866//4859 4876//4878 4875//4869
f 4877//4871 4876//4878 4866//4859
f 4878//4872 4876//4878 4877//4871
f 4868//4874 4879//4873 4877//4871
f 4870//4863 4880//4882 4879//4873
f 4881//4875 4880//4882 4870//4863
f 4882//4876 4795//4797 4788//4788
f 4796//4798 4795//4797 4882//4876
f 4876//4878 4883//4877 4882//4876
f 4878//4872 4884//4886 4883//4877
f 4885//4879 4884//4886 4878//4872
f 4886//4880 4884//4886 4885//4879
f 4880//4882 4887//4881 4885//4879
f 4888//4883 4887//4881 4880//4882
f 4889//4884 4806//4809 4796//4798
f 4807//4810 4806//4809 4889//4884
f 4884//4886 4890//4885 4889//4884
f 4886//4880 4891//4891 4890//4885
f 4892//4887 4891//4891 4886//4880
f 4893//4888 4892//4887 4887//4881
f 4894//4889 4818//4823 4807//4810
f 4819//4824 4818//4823 4894//4889
f 4891//4891 4895//4890 4894//4889
f 4896//4892 4895//4890 4891//4891
f 4897//4893 4832//4838 4819//4824
f 4898//4894 4897//4893 4895//4890
f 4899//4895 4845//4837 4832//4838
f 4900//4896 4859//4851 4845//4837
f 4702//4696 4902//4903 4871//4864
f 4903//4897 4902//4903 4702//4696
f 4904//4898 4903//4897 4703//4697
f 4905//4899 4904//4898 4704//4699
f 4906//4901 4905//4899 4705//4900
f 4707//4702 4907//4902 4906//4901
f 4708//4768 4908//4911 4907//4902
f 4902//4903 4909//4904 4881//4875
f 4903//4897 4910//4914 4909//4904
f 4911//4905 4910//4914 4903//4897
f 4912//4906 4910//4914 4911//4905
f 4905//4899 4913//4907 4911//4905
f 4914//4908 4913//4907 4905//4899
f 4915//4909 4914//4908 4906//4901
f 4916//4910 4915//4909 4907//4902
f 4917//4912 4888//4883 4881//4875
f 4918//4913 4917//4912 4909//4904
f 4912//4906 4919//4922 4918//4913
f 4920//4915 4919//4922 4912//4906
f 4914//4908 4921//4916 4920//4915
f 4915//4909 4922//4924 4921//4916
f 4923//4917 4922//4924 4915//4909
f 4924//4918 4892//4887 4893//4888
f 4917//4912 4925//4919 4893//4888
f 4926//4920 4925//4919 4917//4912
f 4927//4921 4926//4920 4918//4913
f 4928//4923 4927//4921 4919//4922
f 4921//4916 4929//4925 4928//4923
f 4922//4924 4930//4931 4929//4925
f 4931//4926 4930//4931 4922//4924
f 4924//4918 4932//4935 4896//4892
f 4933//4927 4932//4935 4924//4918
f 4926//4920 4934//4937 4933//4927
f 4935//4928 4934//4937 4926//4920
f 4936//4929 4935//4928 4927//4921
f 4929//4925 4937//4940 4936//4929
f 4938//4930 4937//4940 4929//4925
f 4939//4932 4938//4930 4930//4931
f 4940//4933 4897//4893 4898//4894
f 4932//4935 4941//4934 4898//4894
f 4942//4936 4941//4934 4932//4935
f 4934//4937 4943//4944 4942//4936
f 4944//4938 4943//4944 4934//4937
f 4945//4939 4944//4938 4935//4928
f 4937//4940 4946//4948 4945//4939
f 4947//4941 4946//4948 4937//4940
f 4948//4942 4947//4941 4938//4930
f 4940//4933 4949//4953 4899//4895
f 4950//4943 4949//4953 4940//4933
f 4942//4936 4951//4945 4950//4943
f 4943//4944 4952//4956 4951//4945
f 4953//4946 4952//4956 4943//4944
f 4954//4947 4953//4946 4944//4938
f 4946//4948 4955//4960 4954//4947
f 4956//4949 4955//4960 4946//4948
f 4957//4950 4956//4949 4947//4941
f 4901//4951 4859//4851 4900//4896
f 4949//4953 4958//4952 4900//4896
f 4959//4954 4958//4952 4949//4953
f 4960//4955 4959//4954 4950//4943
f 4952//4956 4961//4957 4960//4955
f 4953//4946 4962//4958 4961//4957
f 4954//4947 4963//5110 4962//4958
f 4964//4959 4963//5110 4954//4947
f 4956//4949 4965//5114 4964//4959
f 4966//4961 4965//5114 4956//4949
f 4774//4769 4967//4962 4908//4911
f 4775//4770 4968//4963 4967//4962
f 4776//4771 4969//4964 4968//4963
f 4777//4772 4970//4965 4969//4964
f 4778//4773 4971//4970 4970//4965
f 4972//1707 4971//4970 4778//4773
f 4973//1707 4972//1707 4779//4774
f 4974//1707 4973//1707 4780//4966
f 4967//4962 4975//4967 4916//4910
f 4968//4963 4976//4968 4975//4967
f 4969//4964 4977//4969 4976//4968
f 4970//4965 4978//4973 4977//4969
f 4979//1707 4978//4973 4970//4965
f 4980//1707 4979//1707 4971//4970
f 4981//1707 4980//1707 4972//1707
f 4982//1707 4981//1707 4973//1707
f 4975//4967 4983//4971 4923//4917
f 4976//4968 4984//4972 4983//4971
f 4977//4969 4985//4976 4984//4972
f 4986//1707 4985//4976 4977//4969
f 4987//1707 4986//1707 4978//4973
f 4988//1707 4987//1707 4979//1707
f 4989//1707 4988//1707 4980//1707
f 4990//1707 4989//1707 4981//1707
f 4983//4971 4991//4974 4931//4926
f 4984//4972 4992//4978 4991//4974
f 4993//4975 4992//4978 4984//4972
f 4986//1707 4994//1707 4993//4975
f 4987//1707 4995//1707 4994//1707
f 4996//1707 4995//1707 4987//1707
f 4997//1707 4996//1707 4988//1707
f 4998//1707 4997//1707 4989//1707
f 4999//4977 4939//4932 4931//4926
f 4992//4978 5000//4982 4999//4977
f 5001//4979 5000//4982 4992//4978
f 5002//1707 5001//4979 4993//4975
f 5003//1707 5002//1707 4994//1707
f 5004//1707 5003//1707 4995//1707
f 5005//1707 5004//1707 4996//1707
f 5006//1707 5005//1707 4997//1707
f 5007//4980 4948//4942 4939//4932
f 5008//4981 5007//4980 4999//4977
f 5009//4983 5008//4981 5000//4982
f 5010//1707 5009//4983 5001//4979
f 5011//1707 5010//1707 5002//1707
f 5012//1707 5011//1707 5003//1707
f 5013//1707 5012//1707 5004//1707
f 5014//1707 5013//1707 5005//1707
f 5015//4984 4957//4950 4948//4942
f 5016//4985 5015//4984 5007//4980
f 5017//4986 5016//4985 5008//4981
f 5018//4973 5017//4986 5009//4983
f 5019//1707 5018//4973 5010//1707
f 5020//1707 5019//1707 5011//1707
f 5021//1707 5020//1707 5012//1707
f 5022//1707 5021//1707 5013//1707
f 5023//4987 4966//4961 4957//4950
f 5024//4988 5023//4987 5015//4984
f 5025//4989 5024//4988 5016//4985
f 5018//4973 5026//4990 5025//4989
f 5019//1707 5027//1707 5026//4990
f 5028//1707 5027//1707 5019//1707
f 5029//1707 5028//1707 5020//1707
f 5030//1707 5029//1707 5021//1707
f 4846//4841 5031//4992 1102//899
f 4848//4991 5032//4993 5031//4992
f 4850//4842 5033//5007 5032//4993
f 5034//4994 5033//5007 4850//4842
f 5035//4995 5033//5007 5034//4994
f 4852//4844 5036//4996 5034//4994
f 5037//4997 5035//4995 5036//4996
f 4853//4846 5038//4998 5036//4996
f 5039//4999 5038//4998 4853//4846
f 4856//4848 5040//5012 5039//4999
f 5041//5001 5040//5012 4856//4848
f 4858//5002 5042//5016 5041//5001
f 5043//5003 5042//5016 4858//5002
f 5044//5004 1113//898 1102//899
f 5045//5005 5044//5004 5031//4992
f 5046//5006 5045//5005 5032//4993
f 5035//4995 5047//5008 5046//5006
f 5037//4997 5048//5024 5047//5008
f 5049//5009 5048//5024 5037//4997
f 5050//5010 5048//5024 5049//5009
f 5039//4999 5051//5011 5049//5009
f 5040//5012 5052//5028 5051//5011
f 5053//5013 5052//5028 5040//5012
f 5054//5014 5052//5028 5053//5013
f 5042//5016 5055//5015 5053//5013
f 5056//5017 5055//5015 5042//5016
f 5058//5018 5057//5031 1127//927
f 5044//5004 5058//5018 1128//914
f 5059//5019 5057//5031 5058//5018
f 5045//5005 5060//5020 5058//5018
f 5061//5021 5060//5020 5045//5005
f 5062//5022 5061//5021 5046//5006
f 5063//5023 5062//5022 5047//5008
f 5050//5010 5064//5040 5063//5023
f 5065//5025 5064//5040 5050//5010
f 5066//5026 5064//5040 5065//5025
f 5052//5028 5067//5027 5065//5025
f 5054//5014 5068//5042 5067//5027
f 5069//5029 5068//5042 5054//5014
f 5070//5030 5069//5029 5055//5015
f 5057//5031 5071//5032 1140//937
f 5059//5019 5072//5047 5071//5032
f 5073//5033 5072//5047 5059//5019
f 5074//5034 5072//5047 5073//5033
f 5061//5021 5075//5035 5073//5033
f 5076//5036 5074//5034 5075//5035
f 5062//5022 5077//5037 5075//5035
f 5078//5038 5077//5037 5062//5022
f 5079//5039 5078//5038 5063//5023
f 5066//5026 5080//5052 5079//5039
f 5081//5041 5080//5052 5066//5026
f 5068//5042 5082//5043 5081//5041
f 5069//5029 5083//5057 5082//5043
f 5084//5044 5083//5057 5069//5029
f 5085//5045 1150//936 1140//937
f 5086//5046 5085//5045 5071//5032
f 5074//5034 5087//5048 5086//5046
f 5076//5036 5088//5061 5087//5048
f 5089//5049 5088//5061 5076//5036
f 5090//5050 5088//5061 5089//5049
f 5078//5038 5091//5051 5089//5049
f 5079//5039 5092//5053 5091//5051
f 5080//5052 5093//5054 5092//5053
f 5081//5041 5094//5055 5093//5054
f 5082//5043 5095//5068 5094//5055
f 5096//5056 5095//5068 5082//5043
f 5097//5058 1161//948 1150//936
f 5098//5059 5097//5058 5085//5045
f 5087//5048 5099//5073 5098//5059
f 5100//5060 5099//5073 5087//5048
f 5090//5050 5101//5076 5100//5060
f 5102//5062 5101//5076 5090//5050
f 5103//5063 5101//5076 5102//5062
f 5092//5053 5104//5064 5102//5062
f 5093//5054 5105//5080 5104//5064
f 5106//5065 5105//5080 5093//5054
f 5107//5066 5105//5080 5106//5065
f 5095//5068 5108//5067 5106//5065
f 5109//5069 5108//5067 5095//5068
f 5110//5070 1171//958 1161//948
f 5111//5071 5110//5070 5097//5058
f 5112//5072 5111//5071 5098//5059
f 5113//5074 5112//5072 5099//5073
f 5114//5075 5113//5074 5100//5060
f 5103//5063 5115//5086 5114//5075
f 5116//5077 5115//5086 5103//5063
f 5117//5078 5115//5086 5116//5077
f 5105//5080 5118//5079 5116//5077
f 5107//5066 5119//5088 5118//5079
f 5120//5081 5119//5088 5107//5066
f 5109//5069 5121//5091 5120//5081
f 5110//5070 5122//5271 1181//1157
f 5123//5082 5122//5271 5110//5070
f 5112//5072 5124//5276 5123//5082
f 5125//5083 5124//5276 5112//5072
f 5126//5084 5125//5083 5113//5074
f 5127//5085 5126//5084 5114//5075
f 5117//5078 5128//5280 5127//5085
f 5129//5087 5128//5280 5117//5078
f 5119//5088 5130//5089 5129//5087
f 5120//5081 5131//5284 5130//5089
f 5132//5090 5131//5284 5120//5081
f 4901//4951 5133//5093 5043//5003
f 5134//5092 5056//5017 5043//5003
f 5135//5094 5070//5030 5056//5017
f 5136//5095 5083//5057 5084//5044
f 5135//5094 5137//5096 5084//5044
f 5136//5095 5138//5099 5096//5056
f 5139//5097 5138//5099 5136//5095
f 5140//5098 5109//5069 5096//5056
f 5141//5100 5140//5098 5138//5099
f 5142//5101 5121//5091 5109//5069
f 5143//5102 5142//5101 5140//5098
f 5144//5103 5131//5284 5132//5090
f 5142//5101 5145//5104 5132//5090
f 5146//5105 5145//5104 5142//5101
f 5147//5106 5133//5093 4901//4951
f 4959//4954 5148//5107 5147//5106
f 4960//4955 5149//5108 5148//5107
f 4961//4957 5150//5109 5149//5108
f 4962//4958 5151//5111 5150//5109
f 4963//5110 5152//5122 5151//5111
f 5153//5112 5152//5122 4963//5110
f 5154//5113 5153//5112 4964//4959
f 5155//5115 5154//5113 4965//5114
f 5156//5116 5134//5092 5133//5093
f 5148//5107 5157//5117 5156//5116
f 5149//5108 5158//5118 5157//5117
f 5150//5109 5159//5121 5158//5118
f 5161//5119 5159//5121 5150//5109
f 5161//5119 5162//5129 5160//5120
f 5152//5122 5162//5129 5161//5119
f 5163//5123 5162//5129 5152//5122
f 5164//5124 5163//5123 5153//5112
f 5155//5115 5165//5132 5164//5124
f 5167//5125 5135//5094 5134//5092
f 5168//5126 5167//5125 5156//5116
f 5158//5118 5169//5136 5168//5126
f 5170//5127 5169//5136 5158//5118
f 5160//5120 5171//5138 5170//5127
f 5172//5128 5171//5138 5160//5120
f 5163//5123 5173//5143 5172//5128
f 5174//5130 5173//5143 5163//5123
f 5175//5131 5174//5130 5164//5124
f 5166//5133 5176//5146 5175//5131
f 5177//5134 5137//5096 5135//5094
f 5178//5135 5177//5134 5167//5125
f 5169//5136 5179//5137 5178//5135
f 5170//5127 5180//5139 5179//5137
f 5171//5138 5181//5142 5180//5139
f 5183//5140 5181//5142 5171//5138
f 5183//5140 5184//5152 5182//5141
f 5173//5143 5184//5152 5183//5140
f 5185//5144 5184//5152 5173//5143
f 5186//5145 5185//5144 5174//5130
f 5176//5146 5187//5155 5186//5145
f 5177//5134 5188//5147 5139//5097
f 5178//5135 5189//5148 5188//5147
f 5179//5137 5190//5157 5189//5148
f 5191//5149 5190//5157 5179//5137
f 5181//5142 5192//5150 5191//5149
f 5182//5141 5193//5161 5192//5150
f 5194//5151 5193//5161 5182//5141
f 5185//5144 5195//5153 5194//5151
f 5186//5145 5196//5166 5195//5153
f 5197//5154 5196//5166 5186//5145
f 5188//5147 5198//5156 5141//5100
f 5189//5148 5199//5158 5198//5156
f 5190//5157 5200//5168 5199//5158
f 5201//5159 5200//5168 5190//5157
f 5192//5150 5202//5171 5201//5159
f 5203//5160 5202//5171 5192//5150
f 5204//5162 5202//5171 5203//5160
f 5194//5151 5205//5163 5203//5160
f 5206//5164 5205//5163 5194//5151
f 5207//5165 5206//5164 5195//5153
f 5198//5156 5208//5178 5143//5102
f 5209//5167 5208//5178 5198//5156
f 5200//5168 5210//5181 5209//5167
f 5211//5169 5210//5181 5200//5168
f 5212//5170 5211//5169 5201//5159
f 5213//5172 5210//5181 5211//5169
f 5214//5173 5211//5169 5212//5170
f 5204//5162 5215//5174 5212//5170
f 5216//5175 5215//5174 5204//5162
f 5217//5176 5216//5175 5205//5163
f 5218//5177 5217//5176 5206//5164
f 5208//5178 5219//5399 5146//5105
f 5220//5179 5219//5399 5208//5178
f 5221//5180 5220//5179 5209//5167
f 5222//5182 5219//5399 5220//5179
f 5223//5183 5220//5179 5221//5180
f 5213//5172 5224//5184 5221//5180
f 5225//5185 5224//5184 5213//5172
f 5226//5186 5225//5185 5214//5173
f 5227//5187 5226//5186 5215//5174
f 5228//5188 5227//5187 5216//5175
f 5229//5189 5228//5188 5217//5176
f 5230//5190 5155//5115 4966//4961
f 5231//5191 5230//5190 5023//4987
f 5232//5192 5231//5191 5024//4988
f 5233//5193 5232//5192 5025//4989
f 5234//5194 5233//5193 5026//4990
f 5235//1707 5234//5194 5027//1707
f 5236//1707 5235//1707 5028//1707
f 5237//1707 5236//1707 5029//1707
f 5238//5195 5165//5132 5155//5115
f 5239//5196 5238//5195 5230//5190
f 5240//5197 5239//5196 5231//5191
f 5241//5198 5240//5197 5232//5192
f 5234//5194 5242//5207 5241//5198
f 5243//5199 5242//5207 5234//5194
f 5244//5200 5243//5199 5235//1707
f 5245//5201 5244//5200 5236//1707
f 5246//5202 5166//5133 5165//5132
f 5239//5196 5248//5213 5247//5203
f 5249//5204 5248//5213 5239//5196
f 5250//5205 5249//5204 5240//5197
f 5251//5206 5250//5205 5241//5198
f 5252//5208 5251//5206 5242//5207
f 5253//5209 5252//5208 5243//5199
f 5254//5210 5253//5209 5244//5200
f 5246//5202 5255//5211 5176//5146
f 5246//5202 5238//5195 5247//5203
f 5256//5212 5255//5211 5247//5203
f 5249//5204 5258//5222 5257//5214
f 5259//5215 5258//5222 5249//5204
f 5260//5216 5259//5215 5250//5205
f 5261//5217 5260//5216 5251//5206
f 5253//5209 5262//5226 5261//5217
f 5263//5218 5262//5226 5253//5209
f 5255//5211 5264//5219 5187//5155
f 5256//5212 5265//5220 5264//5219
f 5256//5212 5248//5213 5257//5214
f 5266//5221 5265//5220 5257//5214
f 5259//5215 5269//5233 5268//5223
f 5270//5224 5269//5233 5259//5215
f 5271//5225 5270//5224 5260//5216
f 5262//5226 5272//5236 5271//5225
f 5273//5227 5272//5236 5262//5226
f 5197//5154 5274//5229 5267//5228
f 5264//5219 5274//5229 5197//5154
f 5265//5220 5275//5230 5274//5229
f 5266//5221 5276//5231 5275//5230
f 5266//5221 5258//5222 5268//5223
f 5277//5232 5276//5231 5268//5223
f 5267//5228 5278//5247 5207//5165
f 5270//5224 5280//5235 5279//5234
f 5271//5225 5281//5237 5280//5235
f 5272//5236 5282//5246 5281//5237
f 5283//5238 5282//5246 5272//5236
f 5284//5239 5278//5247 5267//5228
f 5275//5230 5285//5240 5284//5239
f 5276//5231 5286//5241 5285//5240
f 5277//5232 5287//5242 5286//5241
f 5277//5232 5269//5233 5279//5234
f 5288//5243 5287//5242 5279//5234
f 5288//5243 5280//5235 5281//5237
f 5290//5245 5289//5244 5281//5237
f 5278//5247 5291//5251 5218//5177
f 5283//5238 5294//5259 5293//5248
f 5295//5249 5291//5251 5278//5247
f 5295//5249 5296//5252 5292//5250
f 5285//5240 5296//5252 5295//5249
f 5286//5241 5297//5253 5296//5252
f 5287//5242 5298//5254 5297//5253
f 5288//5243 5299//5255 5298//5254
f 5289//5244 5300//5256 5299//5255
f 5290//5245 5301//5257 5300//5256
f 5290//5245 5282//5246 5293//5248
f 5302//5258 5301//5257 5293//5248
f 5303//5260 5229//5189 5218//5177
f 5292//5250 5304//5263 5303//5260
f 5307//5261 5304//5263 5292//5250
f 5307//5261 5308//5264 5305//5262
f 5297//5253 5308//5264 5307//5261
f 5308//5264 5309//5266 5306//5265
f 5298//5254 5309//5266 5308//5264
f 5299//5255 5310//5267 5309//5266
f 5300//5256 5311//5268 5310//5267
f 5301//5257 5312//5269 5311//5268
f 5302//5258 5313//5478 5312//5269
f 5315//5270 5314//5273 1372//1169
f 5122//5271 5315//5270 1373//1156
f 5317//5272 5316//5285 5314//5273
f 5123//5082 5317//5272 5315//5270
f 5318//5274 5316//5285 5317//5272
f 5124//5276 5319//5275 5317//5272
f 5320//5277 5319//5275 5124//5276
f 5321//5278 5320//5277 5125//5083
f 5322//5279 5321//5278 5126//5084
f 5128//5280 5323//5281 5322//5279
f 5129//5087 5324//5282 5323//5281
f 5130//5089 5325//5297 5324//5282
f 5326//5283 5325//5297 5130//5089
f 5314//5273 5327//5286 1384//1180
f 5316//5285 5328//5287 5327//5286
f 5318//5274 5329//5301 5328//5287
f 5330//5288 5329//5301 5318//5274
f 5331//5289 5329//5301 5330//5288
f 5320//5277 5332//5290 5330//5288
f 5333//5291 5331//5289 5332//5290
f 5321//5278 5334//5292 5332//5290
f 5335//5293 5334//5292 5321//5278
f 5323//5281 5336//5307 5335//5293
f 5337//5294 5336//5307 5323//5281
f 5338//5295 5336//5307 5337//5294
f 5325//5297 5339//5296 5337//5294
f 5340//5298 5339//5296 5325//5297
f 5327//5286 5341//5310 1395//1190
f 5342//5299 5341//5310 5327//5286
f 5343//5300 5342//5299 5328//5287
f 5331//5289 5344//5302 5343//5300
f 5333//5291 5345//5313 5344//5302
f 5346//5303 5345//5313 5333//5291
f 5347//5304 5345//5313 5346//5303
f 5335//5293 5348//5305 5346//5303
f 5349//5306 5348//5305 5335//5293
f 5338//5295 5350//5317 5349//5306
f 5351//5308 5350//5317 5338//5295
f 5340//5298 5352//5321 5351//5308
f 5353//5309 1405//1189 1395//1190
f 5354//5311 5353//5309 5341//5310
f 5355//5312 5354//5311 5342//5299
f 5344//5302 5356//5314 5355//5312
f 5345//5313 5357//5315 5356//5314
f 5347//5304 5358//5326 5357//5315
f 5359//5316 5358//5326 5347//5304
f 5349//5306 5360//5318 5359//5316
f 5350//5317 5361//5319 5360//5318
f 5351//5308 5362//5333 5361//5319
f 5363//5320 5362//5333 5351//5308
f 5364//5322 1415//1210 1405//1189
f 5365//5323 5364//5322 5353//5309
f 5366//5324 5365//5323 5354//5311
f 5367//5325 5366//5324 5355//5312
f 5357//5315 5368//5327 5367//5325
f 5358//5326 5369//5340 5368//5327
f 5370//5328 5369//5340 5358//5326
f 5371//5329 5369//5340 5370//5328
f 5360//5318 5372//5330 5370//5328
f 5373//5331 5372//5330 5360//5318
f 5374//5332 5373//5331 5361//5319
f 5375//5334 1426//1220 1415//1210
f 5376//5335 5375//5334 5364//5322
f 5377//5336 5376//5335 5365//5323
f 5378//5337 5377//5336 5366//5324
f 5379//5338 5378//5337 5367//5325
f 5380//5339 5379//5338 5368//5327
f 5371//5329 5381//5349 5380//5339
f 5382//5341 5381//5349 5371//5329
f 5373//5331 5383//5351 5382//5341
f 5384//5342 5383//5351 5373//5331
f 5385//5343 1436//1230 1426//1220
f 5386//5344 5385//5343 5375//5334
f 5387//5345 5386//5344 5376//5335
f 5388//5346 5387//5345 5377//5336
f 5389//5347 5388//5346 5378//5337
f 5390//5348 5389//5347 5379//5338
f 5381//5349 5391//5350 5390//5348
f 5382//5341 5392//5352 5391//5350
f 5383//5351 5393//5361 5392//5352
f 5394//5353 5393//5361 5383//5351
f 5395//5354 1446//1551 1436//1230
f 5396//5355 5395//5354 5385//5343
f 5397//5356 5396//5355 5386//5344
f 5398//5357 5397//5356 5387//5345
f 5399//5358 5398//5357 5388//5346
f 5400//5359 5399//5358 5389//5347
f 5391//5350 5401//5360 5400//5359
f 5392//5352 5402//5362 5401//5360
f 5393//5361 5403//5542 5402//5362
f 5404//5363 5403//5542 5393//5361
f 5144//5103 5405//5366 5326//5283
f 5406//5364 5405//5366 5144//5103
f 5146//5105 5407//5368 5406//5364
f 5408//5365 5340//5298 5326//5283
f 5409//5367 5408//5365 5405//5366
f 5407//5368 5410//5370 5409//5367
f 5408//5365 5411//5373 5352//5321
f 5412//5369 5411//5373 5408//5365
f 5410//5370 5413//5376 5412//5369
f 5414//5371 5362//5333 5363//5320
f 5411//5373 5415//5372 5363//5320
f 5416//5374 5415//5372 5411//5373
f 5417//5375 5416//5374 5412//5369
f 5414//5371 5419//5381 5374//5332
f 5420//5377 5419//5381 5414//5371
f 5416//5374 5421//5383 5420//5377
f 5422//5378 5421//5383 5416//5374
f 5418//5379 5423//5385 5422//5378
f 5424//5380 5384//5342 5374//5332
f 5425//5382 5424//5380 5419//5381
f 5421//5383 5426//5387 5425//5382
f 5427//5384 5426//5387 5421//5383
f 5423//5385 5428//5392 5427//5384
f 5429//5386 5394//5353 5384//5342
f 5425//5382 5430//5388 5429//5386
f 5426//5387 5431//5396 5430//5388
f 5432//5389 5431//5396 5426//5387
f 5433//5390 5431//5396 5432//5389
f 5428//5392 5434//5391 5432//5389
f 5435//5393 5404//5363 5394//5353
f 5436//5394 5435//5393 5429//5386
f 5437//5395 5436//5394 5430//5388
f 5433//5390 5438//6046 5437//5395
f 5439//5397 5438//6046 5433//5390
f 5440//5398 5407//5368 5146//5105
f 5222//5182 5441//5406 5440//5398
f 5442//5400 5441//5406 5222//5182
f 5443//5401 5442//5400 5223//5183
f 5225//5185 5444//5410 5443//5401
f 5445//5402 5444//5410 5225//5185
f 5446//5403 5445//5402 5226//5186
f 5447//5404 5446//5403 5227//5187
f 5448//5405 5447//5404 5228//5188
f 5440//5398 5449//5407 5410//5370
f 5441//5406 5450//5416 5449//5407
f 5451//5408 5450//5416 5441//5406
f 5452//5409 5451//5408 5442//5400
f 5444//5410 5453//5420 5452//5409
f 5454//5411 5453//5420 5444//5410
f 5455//5412 5454//5411 5445//5402
f 5456//5413 5455//5412 5446//5403
f 5457//5414 5456//5413 5447//5404
f 5458//5415 5413//5376 5410//5370
f 5450//5416 5459//5417 5458//5415
f 5451//5408 5460//5428 5459//5417
f 5461//5418 5460//5428 5451//5408
f 5462//5419 5461//5418 5452//5409
f 5463//5421 5462//5419 5453//5420
f 5464//5422 5463//5421 5454//5411
f 5465//5423 5464//5422 5455//5412
f 5466//5424 5465//5423 5456//5413
f 5467//5425 5417//5375 5413//5376
f 5418//5379 5417//5375 5467//5425
f 5459//5417 5468//5426 5467//5425
f 5469//5427 5468//5426 5459//5417
f 5470//5429 5469//5427 5460//5428
f 5462//5419 5471//5430 5470//5429
f 5463//5421 5472//5431 5471//5430
f 5464//5422 5473//5432 5472//5431
f 5465//5423 5474//5433 5473//5432
f 5466//5424 5475//5441 5474//5433
f 5476//5434 5423//5385 5418//5379
f 5469//5427 5477//5435 5476//5434
f 5470//5429 5478//5436 5477//5435
f 5471//5430 5479//5437 5478//5436
f 5472//5431 5480//5438 5479//5437
f 5473//5432 5481//5439 5480//5438
f 5474//5433 5482//5447 5481//5439
f 5483//5440 5482//5447 5474//5433
f 5484//5442 5428//5392 5423//5385
f 5477//5435 5485//5443 5484//5442
f 5478//5436 5486//5451 5485//5443
f 5487//5444 5486//5451 5478//5436
f 5480//5438 5488//5454 5487//5444
f 5489//5445 5488//5454 5480//5438
f 5490//5446 5489//5445 5481//5439
f 5483//5440 5491//5456 5490//5446
f 5492//5448 5434//5391 5428//5392
f 5493//5449 5492//5448 5484//5442
f 5494//5450 5493//5449 5485//5443
f 5495//5452 5494//5450 5486//5451
f 5496//5453 5495//5452 5487//5444
f 5489//5445 5497//5455 5496//5453
f 5490//5446 5498//5457 5497//5455
f 5491//5456 5499//5465 5498//5457
f 5500//5458 5439//5397 5434//5391
f 5501//5459 5500//5458 5492//5448
f 5494//5450 5502//5460 5501//5459
f 5495//5452 5503//5461 5502//5460
f 5496//5453 5504//6066 5503//5461
f 5505//5462 5504//6066 5496//5453
f 5506//5463 5505//5462 5497//5455
f 5507//5464 5506//5463 5498//5457
f 5508//5466 5448//5405 5229//5189
f 5509//5467 5508//5466 5303//5260
f 5305//5262 5510//5468 5509//5467
f 5306//5265 5511//5471 5510//5468
f 5516//5469 5511//5471 5306//5265
f 5516//5469 5517//5472 5512//5470
f 5310//5267 5517//5472 5516//5469
f 5517//5472 5518//5475 5513//5473
f 5311//5268 5518//5475 5517//5472
f 5519//5474 5514//5477 5513//5473
f 5312//5269 5519//5474 5518//5475
f 5520//5476 5515//5485 5514//5477
f 5313//5478 5520//5476 5519//5474
f 5521//5479 5457//5414 5448//5405
f 5522//5480 5521//5479 5508//5466
f 5523//5481 5522//5480 5509//5467
f 5524//5482 5523//5481 5510//5468
f 5512//5470 5525//5483 5524//5482
f 5513//5473 5526//5492 5525//5483
f 5527//5484 5526//5492 5513//5473
f 5515//5485 5528//5495 5527//5484
f 5529//5486 5466//5424 5457//5414
f 5530//5487 5529//5486 5521//5479
f 5531//5488 5530//5487 5522//5480
f 5532//5489 5531//5488 5523//5481
f 5533//5490 5532//5489 5524//5482
f 5534//5491 5533//5490 5525//5483
f 5535//5493 5534//5491 5526//5492
f 5536//5494 5535//5493 5527//5484
f 5529//5486 5537//5502 5475//5441
f 5538//5496 5537//5502 5529//5486
f 5539//5497 5538//5496 5530//5487
f 5540//5498 5539//5497 5531//5488
f 5541//5499 5540//5498 5532//5489
f 5542//5500 5541//5499 5533//5490
f 5543//5501 5542//5500 5534//5491
f 5536//5494 5544//5508 5543//5501
f 5537//5502 5545//5510 5483//5440
f 5546//5503 5545//5510 5537//5502
f 5547//5504 5546//5503 5538//5496
f 5548//5505 5547//5504 5539//5497
f 5549//5506 5548//5505 5540//5498
f 5542//5500 5550//5507 5549//5506
f 5543//5501 5551//5509 5550//5507
f 5544//5508 5552//5516 5551//5509
f 5545//5510 5553//5518 5491//5456
f 5554//5511 5553//5518 5545//5510
f 5555//5512 5554//5511 5546//5503
f 5556//5513 5555//5512 5547//5504
f 5557//5514 5556//5513 5548//5505
f 5550//5507 5558//5515 5557//5514
f 5551//5509 5559//5517 5558//5515
f 5552//5516 5560//5526 5559//5517
f 5553//5518 5561//5528 5499//5465
f 5562//5519 5561//5528 5553//5518
f 5563//5520 5562//5519 5554//5511
f 5564//5521 5563//5520 5555//5512
f 5565//5522 5564//5521 5556//5513
f 5566//5523 5565//5522 5557//5514
f 5567//5524 5566//5523 5558//5515
f 5568//5525 5567//5524 5559//5517
f 5569//5527 5507//5464 5499//5465
f 5562//5519 5570//5529 5569//5527
f 5563//5520 5571//5530 5570//5529
f 5564//5521 5572//5531 5571//5530
f 5565//5522 5573//5532 5572//5531
f 5566//5523 5574//6109 5573//5532
f 5575//5533 5574//6109 5566//5523
f 5576//5534 5575//5533 5567//5524
f 5577//5535 1771//1569 1446//1551
f 5578//5536 5577//5535 5395//5354
f 5579//5537 5578//5536 5396//5355
f 5580//5538 5579//5537 5397//5356
f 5581//5539 5580//5538 5398//5357
f 5582//5540 5581//5539 5399//5358
f 5401//5360 5583//5541 5582//5540
f 5402//5362 5584//5543 5583//5541
f 5403//5542 5585//5562 5584//5543
f 5586//5544 5585//5562 5403//5542
f 5587//5545 1790//1605 1771//1569
f 5588//5546 5589//5549 1792//1571
f 5590//5547 5587//5545 5577//5535
f 5591//5548 5592//8180 5589//5549
f 5593//5550 5590//5547 5578//5536
f 5595//5551 5592//8180 5591//5548
f 5580//5538 5596//5555 5593//5550
f 5598//5553 5595//5551 5594//5552
f 5581//5539 5599//5557 5596//5555
f 5600//5556 5601//8181 5598//5553
f 5582//5540 5602//5558 5599//5557
f 5583//5541 5603//5602 5602//5558
f 5604//5559 5603//5602 5583//5541
f 5605//5560 5603//5602 5604//5559
f 5585//5562 5606//5561 5604//5559
f 5607//5563 5606//5561 5585//5562
f 5608//5564 1814//5605 1790//1605
f 5609//5565 5588//5572 1791//1608
f 5589//5566 5610//5574 1816//1648
f 5611//5567 5608//5564 5587//5545
f 5612//5568 5609//8182 5608//5569
f 5612//5571 5591//5578 5588//5572
f 5592//5573 5613//5580 5610//5574
f 5614//5575 5611//5567 5590//5547
f 5614//5576 5615//5582 5612//5568
f 5615//5577 5594//8183 5591//5578
f 5595//5579 5616//5586 5613//5580
f 5596//5555 5617//5587 5614//5575
f 5617//5581 5618//5589 5615//5582
f 5597//5583 5594//8183 5615//5577
f 5598//5585 5619//5596 5616//5586
f 5599//5557 5620//5622 5617//5587
f 5620//5588 5621//8184 5618//5589
f 5600//5590 5597//5583 5618//5584
f 5622//5592 5601//8185 5600//5593
f 5601//5595 5622//5620 5619//5596
f 5623//5597 5620//5622 5599//5557
f 5624//5598 5625//5629 5622//5599
f 5626//5601 5623//5597 5602//5558
f 5605//5560 5627//5639 5626//5601
f 5628//5603 5627//5639 5605//5560
f 5607//5563 5629//5643 5628//5603
f 5630//5604 1836//8186 1814//5605
f 5631//5606 1837//8187 1836//5607
f 5609//5609 5631//8188 5630//5610
f 5631//5612 5609//5565 1815//1609
f 5610//5574 5632//1647 1838//1647
f 5613//5580 5633//5651 5632//1647
f 5634//5614 5633//5651 5613//5580
f 5635//5615 5634//5614 5616//5586
f 5637//5616 5621//8189 5620//5617
f 5638//5619 5635//5615 5619//5596
f 5623//5597 5639//5633 5636//5621
f 5639//5623 5640//5635 5637//5624
f 5624//5626 5621//8190 5637//5627
f 5625//5629 5624//5598 5640//5630
f 5625//5632 5641//5656 5638//5619
f 5626//5601 5642//8191 5639//5633
f 5642//5634 5643//5636 5640//5635
f 5643//5636 5644//5642 5641//5637
f 5648//5638 5642//8191 5626//5601
f 5648//5640 5649//5641 5643//5636
f 5628//5603 5649//5644 5648//5638
f 5649//5641 5650//5645 5644//5642
f 5629//5643 5650//8192 5649//5644
f 5650//5645 5651//5647 5645//5646
f 5651//5647 5652//5649 5646//5648
f 5652//5649 5653//5699 5647//5650
f 5654//1673 1855//1673 1838//1647
f 5655//1673 5654//1673 5632//1647
f 5656//5652 5655//1673 5633//5651
f 5657//5653 5656//5652 5634//5614
f 5658//5654 5657//5653 5635//5615
f 5659//5655 5658//5654 5638//5619
f 5663//5657 5659//8193 5641//5658
f 5663//5660 5664//5663 5660//5661
f 5645//5646 5664//5663 5663//5660
f 5664//5663 5665//5665 5661//5664
f 5646//5648 5665//5665 5664//5663
f 5665//5665 5666//5728 5662//5666
f 5647//5650 5666//5728 5665//5665
f 5667//1700 1877//1700 1855//1673
f 5668//1700 5667//1700 5654//1673
f 5656//5652 5669//5675 5668//1700
f 5670//5667 5669//5675 5656//5652
f 5671//5668 5670//5667 5657//5653
f 5672//5669 5671//5668 5658//5654
f 5660//5670 5673//5679 5672//5671
f 5674//5673 5673//5679 5660//5670
f 5675//5674 5674//5673 5661//5664
f 5676//1724 1898//1724 1877//1700
f 5677//1724 5676//1724 5667//1700
f 5678//1724 5677//1724 5668//1700
f 5679//5676 5678//1724 5669//5675
f 5680//5677 5679//5676 5670//5667
f 5681//5678 5680//5677 5671//5668
f 5673//5679 5682//5687 5681//5680
f 5683//5681 5682//5687 5673//5679
f 5684//5682 5683//5681 5674//5673
f 5685//1717 1914//1717 1898//1724
f 5686//1717 5685//1717 5676//1724
f 5687//1717 5686//1717 5677//1724
f 5688//5683 5687//1717 5678//1724
f 5689//5684 5688//5683 5679//5676
f 5690//5685 5689//5684 5680//5677
f 5691//5686 5690//6158 5681//5680
f 5692//5688 5691//5686 5682//5687
f 5693//5689 5692//5688 5683//5681
f 5697//5690 5698//5692 1964//1792
f 5694//5691 1937//1794 1964//1792
f 5699//5693 5700//5695 5698//5692
f 5695//5694 5694//5691 5698//5692
f 5701//5696 5702//5698 5700//5695
f 5696//5697 5695//5694 5700//5695
f 5653//5699 5714//5701 5706//5700
f 5714//5701 5715//5703 5707//5702
f 5715//5703 5716//5705 5708//5704
f 5716//5705 5717//5708 5709//5706
f 5718//5707 5710//5710 5709//5706
f 5719//5709 5711//5712 5710//5710
f 5720//5711 5712//5714 5711//5712
f 5721//5713 5713//5740 5712//5714
f 5697//5690 1963//1793 1976//1807
f 5699//5693 5697//5690 5722//5715
f 5701//5696 5699//5693 5723//5716
f 5725//5718 5702//5698 5701//5696
f 5726//5719 5727//5721 5725//5718
f 5703//5720 5702//5698 5725//5718
f 5729//5722 5727//5721 5726//5719
f 5704//5724 5703//5720 5727//5721
f 5737//5725 5729//5722 5728//5723
f 5705//5727 5704//5724 5729//5722
f 5666//5728 5738//5730 5730//5729
f 5738//5730 5666//5728 5647//5650
f 5739//5730 5731//5731 5730//5729
f 5707//5702 5739//5730 5738//5730
f 5740//5730 5732//5731 5731//5731
f 5708//5704 5740//5730 5739//5730
f 5741//5732 5733//5734 5732//5731
f 5709//5706 5741//5732 5740//5730
f 5742//5733 5734//5736 5733//5734
f 5710//5710 5742//5733 5741//5732
f 5743//5735 5735//5738 5734//5736
f 5711//5712 5743//5735 5742//5733
f 5744//5737 5736//5726 5735//5738
f 5712//5714 5744//5737 5743//5735
f 5745//5739 5737//5725 5736//5726
f 5745//5739 5744//5737 5712//5714
f 5745//5739 5713//5740 5705//5727
f 5722//5715 1976//1807 1990//1822
f 5723//5716 5722//5715 5746//5741
f 5748//5743 5724//5717 5723//5716
f 5726//5719 5724//5717 5748//5743
f 5728//5723 5726//5719 5749//5744
f 5751//5746 5675//5674 5662//5666
f 5752//5747 5751//5746 5730//5729
f 5753//5747 5752//5747 5731//5731
f 5733//5734 5754//5760 5753//5747
f 5755//5748 5754//5760 5733//5734
f 5756//5749 5755//5748 5734//5736
f 5757//5750 5756//5749 5735//5738
f 5757//5752 5736//8194 5728//5723
f 5746//5741 1990//1822 2008//1844
f 5747//5742 5746//5741 5758//5753
f 5760//5755 5748//5743 5747//5742
f 5749//5744 5748//5743 5760//5755
f 5750//5745 5749//5744 5761//5756
f 5763//5758 5684//5682 5675//5674
f 5764//5759 5763//5758 5751//5746
f 5765//5759 5764//5759 5752//5747
f 5754//5760 5766//5761 5765//5759
f 5755//5748 5767//5772 5766//5761
f 5768//5762 5767//5772 5755//5748
f 5769//5763 5768//5762 5756//5749
f 5769//5764 5757//5752 5750//5745
f 5758//5753 2008//1844 2032//1874
f 5759//5754 5758//5753 5770//1874
f 5772//5766 5760//5755 5759//5754
f 5761//5756 5760//5755 5772//5766
f 5762//5757 5761//5756 5773//5767
f 5775//5769 5693//5689 5684//5682
f 5776//5770 5775//5769 5763//5758
f 5777//5770 5776//5770 5764//5759
f 5778//5771 5777//5770 5765//5759
f 5767//5772 5779//5773 5778//5771
f 5768//5762 5780//5774 5779//5773
f 5769//5763 5781//6219 5780//5774
f 5781//5775 5769//5764 5762//5757
f 5782//5776 2089//1905 1937//1794
f 5783//5777 2090//1906 2089//1905
f 5784//5778 2091//1907 2090//1906
f 5784//5778 5785//5780 2092//1909
f 5786//5779 2093//1908 2092//1909
f 5787//5781 2094//1910 2093//1908
f 5788//1694 2095//1694 2094//1910
f 5789//1694 2096//1694 2095//1694
f 5695//5694 5790//5783 5782//5776
f 5791//5782 5783//5777 5782//5776
f 5792//5784 5784//5778 5783//5777
f 5792//5784 5793//5786 5785//5780
f 5794//5785 5786//5779 5785//5780
f 5795//5787 5787//5781 5786//5779
f 5796//5788 5788//1694 5787//5781
f 5797//1904 5789//1694 5788//1694
f 5798//5789 5790//5783 5695//5694
f 5799//5791 5800//5792 5794//5785
f 5800//5792 5801//5793 5795//5787
f 5801//5793 5802//5795 5796//5788
f 5803//5794 5797//1904 5796//5788
f 5804//5796 5805//5797 5800//5792
f 5805//5797 5806//5799 5801//5793
f 5807//5798 5802//5795 5801//5793
f 5807//5798 5808//5804 5803//5794
f 5809//5800 5810//5801 5805//5797
f 5810//5801 5811//5802 5806//5799
f 5811//5802 5812//5803 5807//5798
f 5812//5803 5813//5809 5808//5804
f 5814//5805 5815//5806 5810//5801
f 5815//5806 5816//5807 5811//5802
f 5816//5807 5817//5808 5812//5803
f 5817//5808 5818//5835 5813//5809
f 5791//5782 5790//5783 5819//5810
f 5821//5812 5792//5784 5791//5782
f 5822//5813 5793//5786 5792//5784
f 5823//5814 5798//5789 5696//5815
f 5798//5789 5823//5814 5819//5810
f 5824//5817 5820//5811 5819//5810
f 5824//5817 5825//5818 5821//5812
f 5825//5818 5826//5819 5822//5813
f 5799//5791 5793//5786 5822//5813
f 5703//5820 5827//5826 5823//5821
f 5828//5823 5829//5824 5826//5819
f 5829//5824 5804//5796 5799//5791
f 5704//5825 5830//8195 5827//5826
f 5831//5827 5832//5828 5829//5824
f 5809//5800 5804//5796 5829//5824
f 5833//5829 5830//8195 5704//5825
f 5834//5830 5835//5831 5832//5828
f 5814//5805 5809//5800 5832//5828
f 5836//5832 5815//5806 5814//5805
f 5837//5833 5816//5807 5815//5806
f 5838//5834 5817//5808 5816//5807
f 5818//5835 5817//5808 5838//5834
f 5840//5837 5833//5829 5705//5727
f 5841//5838 5842//5839 5836//5832
f 5842//5839 5843//5840 5837//5833
f 5843//5840 5844//5842 5838//5834
f 5845//5841 5839//5836 5838//5834
f 5721//5713 5846//5889 5840//5837
f 5824//5817 5823//5814 5848//5843
f 5850//5845 5825//8196 5824//5846
f 5827//5848 5851//5850 5848//5843
f 5852//5849 5849//5844 5848//5843
f 5828//5851 5825//8197 5850//5852
f 5830//5854 5854//5856 5851//5850
f 5855//5855 5852//5849 5851//5850
f 5856//5857 5831//5860 5828//5851
f 5858//5858 5854//5856 5830//5854
f 5858//5858 5859//5868 5855//5855
f 5860//5859 5834//8198 5831//5860
f 5860//5861 5856//8199 5857//5862
f 5861//5864 5835//8200 5834//5865
f 5866//5867 5858//5858 5833//5829
f 5866//5867 5867//5890 5859//5868
f 5870//5869 5841//8201 5835//5870
f 5870//5872 5861//5863 5862//5873
f 5871//5875 5842//8202 5841//5876
f 5871//5874 5862//5873 5863//5878
f 5843//5880 5842//8202 5871//5875
f 5873//5879 5863//5878 5864//5881
f 5875//5883 5844//5887 5843//5880
f 5875//5882 5864//5881 5865//5884
f 5877//5886 5845//5886 5844//5887
f 5879//5888 5866//5867 5840//5837
f 5879//5888 5880//5893 5867//5890
f 5847//5891 5880//5893 5879//5888
f 5881//5892 5868//5895 5867//5890
f 5881//5892 5882//5896 5869//5894
f 5882//5896 5883//5899 5872//5897
f 5884//5898 5874//5901 5872//5897
f 5885//5900 5876//5903 5874//5901
f 5886//5902 5878//5946 5876//5903
f 5850//5904 5849//8203 5887//5905
f 5852//5849 5890//5954 5887//5907
f 5891//5908 5853//5915 5850//5909
f 5891//5908 5888//5910 5889//5911
f 5897//5913 5890//5954 5852//5849
f 5898//5914 5856//8199 5853//5915
f 5898//5914 5891//5908 5892//5912
f 5857//5862 5856//8199 5898//5914
f 5899//5916 5892//5912 5893//5917
f 5900//5918 5893//5917 5894//5919
f 5901//5920 5894//5919 5895//5921
f 5902//5922 5895//5921 5896//5923
f 5904//5925 5897//5913 5855//5855
f 5907//5926 5861//5863 5857//5862
f 5907//5926 5899//5916 5900//5918
f 5862//5873 5861//5863 5907//5926
f 5908//5927 5900//5918 5901//5920
f 5863//5878 5862//5873 5908//5927
f 5910//5928 5901//5920 5902//5922
f 5912//5929 5864//5881 5863//5878
f 5912//5929 5902//5922 5903//5924
f 5914//5930 5865//5884 5864//5881
f 5916//5931 5904//5925 5859//5868
f 5916//5932 5917//5935 5905//5933
f 5868//5895 5917//5935 5916//5932
f 5917//5935 5918//5937 5906//5936
f 5869//5894 5918//5937 5917//5935
f 5918//5937 5919//5939 5909//5938
f 5872//5897 5919//5939 5918//5937
f 5919//5939 5920//5941 5911//5940
f 5920//5941 5919//5939 5872//5897
f 5920//5941 5921//5943 5913//5942
f 5921//5943 5920//5941 5874//5901
f 5921//5943 5922//5945 5915//5944
f 5922//5945 5921//5943 5876//5903
f 5927//5947 5926//5950 5923//5948
f 5888//5906 5887//5905 5926//5950
f 5927//5947 5924//5949 5925//5951
f 5889//5911 5888//5910 5927//5947
f 5933//5953 5926//6006 5887//5907
f 5936//5955 5892//5912 5889//5911
f 5936//5955 5928//5952 5929//5956
f 5893//5917 5892//5912 5936//5955
f 5937//5957 5929//5956 5930//5958
f 5894//5919 5893//5917 5937//5957
f 5939//5959 5930//5958 5931//5960
f 5941//5961 5895//5921 5894//5919
f 5941//5961 5931//5960 5932//5962
f 5943//5963 5896//5923 5895//5921
f 5945//5964 5933//5953 5890//5954
f 5945//5965 5946//5968 5934//5966
f 5946//5968 5947//5970 5935//5969
f 5947//5970 5948//5972 5938//5971
f 5948//5972 5949//5974 5940//5973
f 5949//5974 5950//5976 5942//5975
f 5950//5976 5951//5985 5944//5977
f 5952//5978 5945//5964 5897//5913
f 5952//5979 5953//5980 5946//5968
f 5905//5933 5953//5980 5952//5979
f 5953//5980 5954//5981 5947//5970
f 5906//5936 5954//5981 5953//5980
f 5954//5981 5955//5982 5948//5972
f 5955//5982 5954//5981 5906//5936
f 5955//5982 5956//5983 5949//5974
f 5956//5983 5955//5982 5909//5938
f 5956//5983 5957//5984 5950//5976
f 5957//5984 5956//5983 5911//5940
f 5957//5984 5958//5986 5951//5985
f 5958//5986 5957//5984 5913//5942
f 5959//5987 2105//1918 2106//1919
f 5967//5989 5966//8204 5959//5987
f 5924//5949 5923//5948 5966//5990
f 5967//5989 5960//5988 5961//5992
f 5925//5951 5924//5949 5967//5994
f 5970//5996 5969//5993 5961//5992
f 5971//5998 5970//5996 5962//5997
f 5971//5998 5963//5999 5964//6000
f 5972//6001 5964//6000 5965//6002
f 5974//6004 5966//8205 5923//6005
f 5974//6007 5975//6010 5968//6008
f 5975//6010 5976//6028 5969//6011
f 5976//6013 5928//8206 5925//6014
f 5929//6016 5928//8207 5976//6017
f 5930//6019 5929//6016 5977//6018
f 5931//6021 5930//6019 5978//6020
f 5932//6023 5931//6021 5979//6022
f 5982//6025 5974//6004 5926//6006
f 5982//6026 5983//6027 5975//6010
f 5934//5966 5983//6027 5982//6026
f 5983//6027 5984//6030 5976//6028
f 5984//6029 5983//6027 5934//5966
f 5984//6030 5985//6033 5977//6031
f 5985//6032 5984//6029 5935//5969
f 5985//6033 5986//6036 5978//6034
f 5986//6035 5985//6032 5938//5971
f 5986//6036 5987//6039 5979//6037
f 5987//6038 5986//6035 5940//5973
f 5987//6039 5988//6040 5980//6040
f 5988//6041 5987//6038 5942//5975
f 5989//6042 5586//5544 5404//5363
f 5990//6043 5989//6042 5435//5393
f 5991//6044 5990//6043 5436//5394
f 5992//6045 5991//6044 5437//5395
f 5993//6047 5992//6045 5438//6046
f 5994//6048 5607//5563 5586//5544
f 5995//6049 5994//6048 5989//6042
f 5991//6044 5996//6052 5995//6049
f 5998//6050 5996//6052 5991//6044
f 5998//6050 5999//6069 5997//6051
f 5993//6047 5999//6069 5998//6050
f 6000//6053 5629//5643 5607//5563
f 6001//6054 6000//6053 5994//6048
f 6002//6055 6001//6054 5995//6049
f 5997//6051 6003//6062 6002//6055
f 6004//6056 5650//8192 5629//5643
f 6004//6057 6005//6058 5651//5647
f 6001//6054 6005//8208 6004//6056
f 6005//6058 6006//6060 5652//5649
f 6006//6059 6005//8208 6001//6054
f 6006//6060 6007//6061 5653//5699
f 6007//6061 6006//6059 6002//6055
f 5500//5458 6008//6071 5993//6047
f 6009//6063 6008//6071 5500//5458
f 5502//5460 6010//6064 6009//6063
f 5503//5461 6011//6075 6010//6064
f 6012//6065 6011//6075 5503//5461
f 5505//5462 6013//6078 6012//6065
f 6014//6067 6013//6078 5505//5462
f 6015//6068 6014//6067 5506//5463
f 5999//6069 6017//6081 6016//6070
f 6008//6071 6017//6081 5999//6069
f 6018//6072 6017//6081 6008//6071
f 6019//6073 6018//6072 6009//6063
f 6020//6074 6019//6073 6010//6064
f 6021//6076 6020//6074 6011//6075
f 6022//6077 6021//6076 6012//6065
f 6023//6079 6022//6077 6013//6078
f 6015//6068 6024//6096 6023//6079
f 6016//6070 6025//6083 6003//6062
f 6033//6080 6025//6083 6016//6070
f 6033//6080 6034//6084 6026//6082
f 6018//6072 6034//6084 6033//6080
f 6034//6084 6035//6086 6027//6085
f 6019//6073 6035//6086 6034//6084
f 6035//6086 6036//6088 6028//6087
f 6036//6088 6035//6086 6019//6073
f 6036//6088 6037//6090 6029//6089
f 6037//6090 6036//6088 6020//6074
f 6037//6090 6038//6092 6030//6091
f 6038//6092 6037//6090 6021//6076
f 6038//6092 6039//6094 6031//6093
f 6039//6094 6038//6092 6022//6077
f 6040//6095 6032//6105 6031//6093
f 6024//6096 6040//6095 6039//6094
f 6007//6061 6041//6097 5714//5701
f 6041//6097 6007//6061 6003//6062
f 6042//6098 5715//5703 5714//5701
f 6026//6082 6042//6098 6041//6097
f 6043//6099 5716//5705 5715//5703
f 6027//6085 6043//6099 6042//6098
f 6043//6099 6044//6100 5717//5708
f 6044//6100 6043//6099 6027//6085
f 6044//6100 6045//6101 5718//5707
f 6045//6101 6044//6100 6028//6087
f 6045//6101 6046//6102 5719//5709
f 6046//6102 6045//6101 6029//6089
f 6047//6103 5720//5711 5719//5709
f 6047//6103 6046//6102 6030//6091
f 6048//6104 5721//5713 5720//5711
f 6032//6105 6048//6104 6047//6103
f 6049//6106 6015//6068 5507//5464
f 5570//5529 6050//6113 6049//6106
f 6051//6107 6050//6113 5570//5529
f 5572//5531 6052//6108 6051//6107
f 5573//5532 6053//6110 6052//6108
f 5574//6109 6054//6117 6053//6110
f 6055//6111 6054//6117 5574//6109
f 5576//5534 6056//6119 6055//6111
f 6049//6106 6057//6121 6024//6096
f 6058//6112 6057//6121 6049//6106
f 6051//6107 6059//6126 6058//6112
f 6060//6114 6059//6126 6051//6107
f 6061//6115 6060//6114 6052//6108
f 6062//6116 6061//6115 6053//6110
f 6063//6118 6062//6116 6054//6117
f 6056//6119 6064//6137 6063//6118
f 6073//6120 6065//6123 6032//6105
f 6057//6121 6073//6120 6040//6095
f 6074//6122 6066//6125 6065//6123
f 6058//6112 6074//6122 6073//6120
f 6074//6122 6075//6127 6067//6124
f 6059//6126 6075//6127 6074//6122
f 6075//6127 6076//6129 6068//6128
f 6076//6129 6075//6127 6059//6126
f 6076//6129 6077//6131 6069//6130
f 6077//6131 6076//6129 6060//6114
f 6077//6131 6078//6133 6070//6132
f 6078//6133 6077//6131 6061//6115
f 6078//6133 6079//6135 6071//6134
f 6079//6135 6078//6133 6062//6116
f 6080//6136 6072//6144 6071//6134
f 6064//6137 6080//6136 6079//6135
f 6081//6138 5846//5889 5721//5713
f 6065//6123 6081//6138 6048//6104
f 6081//6138 6082//6146 5847//5891
f 6066//6125 6082//6146 6081//6138
f 6083//6139 6082//6146 6066//6125
f 6084//6140 6083//6139 6067//6124
f 6085//6141 6084//6140 6068//6128
f 6086//6142 6085//6141 6069//6130
f 6087//6143 6086//6142 6070//6132
f 6072//6144 6088//6153 6087//6143
f 6089//6145 5880//5893 5847//5891
f 6089//6145 6090//6147 5881//5892
f 6083//6139 6090//6147 6089//6145
f 6090//6147 6091//6148 5882//5896
f 6084//6140 6091//6148 6090//6147
f 6091//6148 6092//6150 5883//5899
f 6085//6141 6092//6150 6091//6148
f 6093//6149 5884//5898 5883//5899
f 6093//6149 6092//6150 6085//6141
f 6094//6151 5885//5900 5884//5898
f 6094//6151 6093//6149 6086//6142
f 6095//6152 5886//5902 5885//5900
f 6088//6153 6095//6152 6094//6151
f 6096//1717 2175//1717 1914//1717
f 6097//1717 6096//1717 5685//1717
f 6098//1717 6097//1717 5686//1717
f 6099//6154 6098//1717 5687//1717
f 6100//6155 6099//6154 5688//5683
f 6101//6156 6100//6155 5689//5684
f 5691//5686 6102//6166 6101//6157
f 6103//6159 6102//6166 5691//5686
f 6104//6160 6103//6159 5692//5688
f 6105//6161 2187//2011 2175//1717
f 6106//6161 6105//6161 6096//1717
f 6107//6162 6106//6161 6097//1717
f 6108//6163 6107//6162 6098//1717
f 6109//6164 6108//6163 6099//6154
f 6110//6165 6109//6164 6100//6155
f 6102//6166 6111//6168 6110//6167
f 6103//6159 6112//6180 6111//6168
f 6113//6169 6112//6180 6103//6159
f 6105//6161 6114//6183 2197//2022
f 6115//6170 6114//6183 6105//6161
f 6116//6171 6115//6170 6106//6161
f 6117//6172 6116//6171 6107//6162
f 6118//6173 6117//6172 6108//6163
f 6122//6174 6118//6173 6109//6164
f 6122//6175 6123//6179 6119//6176
f 6111//6168 6123//6179 6122//6175
f 6124//6178 6120//6182 6119//6176
f 6112//6180 6124//6178 6123//6179
f 6125//6181 6121//6208 6120//6182
f 6113//6169 6125//6181 6124//6178
f 6114//6183 6126//6188 2206//6184
f 6126//6185 6127//6186 2207//2024
f 6127//6186 6128//6187 2208//2026
f 6128//6187 6129//6192 2209//2160
f 6115//6170 6130//8209 6126//6188
f 6130//6189 6131//6190 6127//6186
f 6131//6190 6132//6191 6128//6187
f 6132//6191 6133//6258 6129//6192
f 6134//6193 6130//8209 6115//6170
f 6134//6194 6135//6195 6131//6190
f 6135//6195 6136//6197 6132//6191
f 6137//6196 6133//6258 6132//6191
f 6138//6198 6134//6193 6116//6171
f 6138//6199 6139//6200 6135//6195
f 6139//6200 6140//6201 6136//6197
f 6140//6201 6141//6206 6137//6196
f 6142//6202 6138//6198 6117//6172
f 6142//6203 6143//6204 6139//6200
f 6119//6176 6143//6204 6142//6203
f 6143//6204 6144//6205 6140//6201
f 6144//6205 6143//6204 6119//6176
f 6144//6205 6145//6207 6141//6206
f 6145//6207 6144//6205 6120//6182
f 5770//1874 2032//1874 2240//2069
f 5771//5765 5770//1874 6146//6209
f 5772//5766 5771//5765 6147//6210
f 6149//6212 5773//5767 5772//5766
f 5774//5768 5773//5767 6149//6212
f 6151//6214 6104//6160 5693//5689
f 6152//6215 6151//6214 5775//5769
f 6153//6215 6152//6215 5776//5770
f 6154//6216 6153//6215 5777//5770
f 5779//5773 6155//6217 6154//6216
f 5780//5774 6156//6229 6155//6217
f 6157//6218 6156//6229 5780//5774
f 6157//6220 5781//5775 5774//5768
f 6146//6209 2240//2069 2283//2125
f 6147//6210 6146//6209 6158//6221
f 6148//6211 6147//6210 6159//6222
f 6149//6212 6148//6211 6160//6223
f 6150//6213 6149//6212 6161//6224
f 6163//6226 6113//6169 6104//6160
f 6152//6215 6164//6227 6163//6226
f 6153//6215 6165//6227 6164//6227
f 6154//6216 6166//6228 6165//6227
f 6155//6217 6167//6230 6166//6228
f 6156//6229 6168//6247 6167//6230
f 6169//6231 6168//6247 6156//6229
f 6169//6232 6157//6220 6150//6213
f 6158//6221 2283//2125 2304//2145
f 6159//6222 6158//6221 6170//6233
f 6160//6223 6159//6222 6171//6234
f 6161//6224 6160//6223 6172//6235
f 6162//6225 6161//6224 6173//6236
f 6181//6238 6174//6240 6121//6208
f 6163//6226 6181//6238 6125//6181
f 6182//6239 6175//6241 6174//6240
f 6182//6239 6181//6238 6163//6226
f 6182//6239 6183//6239 6176//6241
f 6183//6239 6182//6239 6164//6227
f 6184//6242 6177//6244 6176//6241
f 6184//6242 6183//6239 6165//6227
f 6185//6243 6178//6246 6177//6244
f 6185//6243 6184//6242 6166//6228
f 6186//6245 6179//6249 6178//6246
f 6186//6245 6185//6243 6167//6230
f 6187//6248 6180//6286 6179//6249
f 6187//6248 6186//6245 6168//6247
f 6187//6250 6169//6232 6162//6225
f 6129//6192 6188//6252 2319//2162
f 6189//6251 2320//2161 2319//2162
f 6189//6251 6190//6251 2321//2161
f 6190//6251 6191//6254 2322//2163
f 6192//6253 2323//2164 2322//2163
f 6193//6255 2324//2165 2323//2164
f 6193//6255 6194//8210 2325//6256
f 6170//6233 2304//2145 2325//2167
f 6133//6258 6195//6260 6188//6252
f 6196//6259 6189//6251 6188//6252
f 6197//6259 6190//6251 6189//6251
f 6198//6261 6191//6254 6190//6251
f 6199//6262 6192//6253 6191//6254
f 6200//6263 6193//6255 6192//6253
f 6201//6264 6194//8210 6193//6255
f 6171//6234 6170//6233 6194//6257
f 6202//6266 6195//6260 6133//6258
f 6203//6267 6196//6259 6195//6260
f 6204//6267 6197//6259 6196//6259
f 6205//6268 6198//6261 6197//6259
f 6205//6268 6206//6269 6199//6262
f 6206//6269 6207//6271 6200//6263
f 6208//6270 6201//6264 6200//6263
f 6208//6272 6172//6235 6171//6234
f 6209//6273 6202//6266 6137//6196
f 6210//6274 6203//6267 6202//6266
f 6211//6274 6204//6267 6203//6267
f 6212//6275 6205//6268 6204//6267
f 6212//6275 6213//6277 6206//6269
f 6214//6276 6207//6271 6206//6269
f 6215//6278 6208//6270 6207//6271
f 6215//6279 6173//6236 6172//6235
f 6145//6207 6216//6280 6209//6273
f 6216//6280 6145//6207 6121//6208
f 6217//6281 6210//6274 6209//6273
f 6217//6281 6216//6280 6174//6240
f 6217//6281 6218//6281 6211//6274
f 6218//6281 6217//6281 6175//6241
f 6218//6281 6219//6282 6212//6275
f 6219//6282 6218//6281 6176//6241
f 6220//6283 6213//6277 6212//6275
f 6220//6283 6219//6282 6177//6244
f 6221//6284 6214//6276 6213//6277
f 6221//6284 6220//6283 6178//6246
f 6222//6285 6215//6278 6214//6276
f 6222//6285 6221//6284 6179//6249
f 6222//6287 6180//6237 6173//6236
f 6223//6288 2355//2210 2105//2211
f 6225//6290 5960//5988 2106//1919
f 6225//6290 2356//2212 2357//2213
f 5961//5992 5960//5988 6225//6290
f 6226//6291 2357//2213 2358//6292
f 6228//6293 5962//5997 5961//5992
f 6228//6293 2358//6292 2359//6294
f 6230//6295 5963//5999 5962//5997
f 6230//6295 2359//6294 2360//6296
f 6232//6297 5964//6000 5963//5999
f 6232//6297 2360//6296 2361//6298
f 6234//6299 5965//6002 5964//6000
f 6236//6300 6223//6288 5959//6289
f 6236//6302 6237//6305 6224//6303
f 6237//6305 6236//6302 5966//6009
f 6237//6305 6238//6308 6227//6306
f 5969//6011 6238//6308 6237//6305
f 6239//6307 6229//6311 6227//6306
f 5970//6309 6239//6313 6238//6308
f 6239//6307 6240//6314 6231//6310
f 5971//6312 6240//8211 6239//6313
f 6240//6314 6241//6318 6233//6315
f 6241//6316 6240//8211 5971//6312
f 6241//6318 6242//7927 6235//6319
f 6242//6320 6241//6316 5972//6317
f 6243//6321 6242//8212 5973//6322
f 6244//6324 2418//2285 2355//2210
f 6244//6325 6245//6326 2419//2290
f 6224//6303 6245//6326 6244//6325
f 6245//6326 6246//6327 2420//2289
f 6246//6327 6245//6326 6224//6303
f 6246//6327 6247//6330 2421//6328
f 6247//6329 6246//6327 6227//6306
f 6247//6330 6248//6333 2422//6331
f 6248//6332 6247//6329 6229//6311
f 6248//6333 6249//6336 2423//6334
f 6249//6335 6248//6332 6231//6310
f 6249//6336 6250//7958 2424//6337
f 6250//6338 6249//6335 6233//6315
f 4663//4659 648//2504 2592//2504
f 6251//4659 293//99 228//99
f 6251//4659 2592//2504 2593//440
f 6252//4658 294//99 293//99
f 6252//4658 2593//440 2594//440
f 6253//4658 295//99 294//99
f 6253//4658 2594//440 2595//440
f 6254//4658 296//99 295//99
f 6254//4658 2595//440 2596//440
f 6255//4658 297//99 296//99
f 6256//4658 6255//4658 2596//440
f 6256//4658 298//99 297//99
f 6256//4658 2597//440 2598//440
f 6257//4658 299//99 298//99
f 6257//4658 2598//440 2599//440
f 6258//4658 300//99 299//99
f 6258//4658 2599//440 2618//2523
f 6260//6339 357//99 300//99
f 6260//6339 2618//2523 2619//2524
f 358//157 357//99 6260//6339
f 6261//6340 2619//2524 2620//2525
f 359//160 358//157 6261//6340
f 6262//6341 2620//2525 2621//2526
f 360//161 359//160 6262//6341
f 6263//6342 2621//2526 2622//2527
f 6265//6344 364//162 360//161
f 6265//6344 6263//6342 6264//6343
f 6267//6346 368//165 364//162
f 6267//6346 6265//6344 6266//6345
f 372//168 368//165 6267//6346
f 6270//6349 6269//6348 6267//6346
f 376//172 6272//6351 6271//6350
f 376//172 372//168 6269//6348
f 6273//6352 6272//6351 6269//6348
f 379//175 375//171 6271//6350
f 6275//6354 6274//6353 6271//6350
f 382//178 6277//6356 6276//6355
f 382//178 379//175 6274//6353
f 6278//6357 6277//6356 6274//6353
f 383//179 6279//6359 6259//6358
f 384//180 6280//6360 6279//6359
f 384//180 381//177 6276//6355
f 6281//6361 6280//6360 6276//6355
f 6282//6362 6264//6343 2622//2527
f 6282//6362 2638//2542 2639//2544
f 6266//6345 6264//6343 6282//6362
f 6285//6365 6284//6364 6282//6362
f 6268//6347 6266//6345 6284//6364
f 6287//6367 6286//6366 6284//6364
f 6288//6368 6270//6349 6268//6347
f 6273//6352 6290//6370 6289//6369
f 6273//6352 6270//6349 6288//6368
f 6275//6354 6272//6351 6289//6369
f 6292//6372 6291//6371 6289//6369
f 6278//6357 6294//6374 6293//6373
f 6278//6357 6275//6354 6291//6371
f 6295//6375 6294//6374 6291//6371
f 6281//6361 6297//6377 6296//6376
f 6281//6361 6277//6356 6293//6373
f 6298//6378 6297//6377 6293//6373
f 6299//6379 6283//6363 2639//2544
f 6285//6365 6283//6363 6299//6379
f 6287//6367 6302//6382 6301//6381
f 6287//6367 6285//6365 6300//6380
f 6288//6368 6286//6366 6301//6381
f 6304//6384 6303//6383 6301//6381
f 6290//6370 6288//6368 6303//6383
f 6306//6386 6305//6385 6303//6383
f 6292//6372 6290//6370 6305//6385
f 6295//6375 6309//6389 6308//6388
f 6295//6375 6292//6372 6307//6387
f 6298//6378 6311//6391 6310//6390
f 6298//6378 6294//6374 6308//6388
f 6299//6379 2655//2560 2669//2574
f 6313//6393 6300//6380 6299//6379
f 6314//6394 6302//6382 6300//6380
f 6304//6384 6302//6382 6314//6394
f 6306//6386 6317//6397 6316//6396
f 6306//6386 6304//6384 6315//6395
f 6307//6387 6305//6385 6316//6396
f 6319//6399 6318//6398 6316//6396
f 6309//6389 6321//6401 6320//6400
f 6309//6389 6307//6387 6318//6398
f 6311//6391 6308//6388 6320//6400
f 6323//6403 6322//6402 6320//6400
f 6324//6404 6312//6392 2669//2574
f 6325//6405 6324//6404 2684//2589
f 6313//6393 6312//6392 6324//6404
f 6327//6407 6326//6406 6324//6404
f 6314//6394 6313//6393 6326//6406
f 6329//6409 6328//6408 6326//6406
f 6330//6410 6315//6395 6314//6394
f 6331//6411 6317//6397 6315//6395
f 6319//6399 6333//6413 6332//6412
f 6319//6399 6317//6397 6331//6411
f 6321//6401 6318//6398 6332//6412
f 6335//6415 6334//6414 6332//6412
f 6323//6403 6337//6417 6336//6416
f 6323//6403 6321//6401 6334//6414
f 6325//6405 2685//2590 2700//2605
f 6327//6407 6325//6405 6338//6418
f 6329//6409 6341//6421 6340//6420
f 6329//6409 6327//6407 6339//6419
f 6330//6410 6328//6408 6340//6420
f 6343//6423 6342//6422 6340//6420
f 6331//6411 6330//6410 6342//6422
f 6345//6425 6344//6424 6342//6422
f 6346//6426 6333//6413 6331//6411
f 6335//6415 6348//6428 6347//6427
f 6335//6415 6333//6413 6346//6426
f 6337//6417 6334//6414 6347//6427
f 6350//6430 6349//6429 6347//6427
f 6338//6418 2700//2605 2715//2619
f 6352//6432 6351//6431 2715//2619
f 6353//6433 6339//6419 6338//6418
f 6354//6434 6341//6421 6339//6419
f 6343//6423 6341//6421 6354//6434
f 6345//6425 6357//6437 6356//6436
f 6345//6425 6343//6423 6355//6435
f 6346//6426 6344//6424 6356//6436
f 6359//6439 6358//6438 6356//6436
f 6348//6428 6346//6426 6358//6438
f 6361//6441 6360//6440 6358//6438
f 6350//6430 6363//6443 6362//6442
f 6350//6430 6348//6428 6360//6440
f 6352//6432 6365//6445 6364//6444
f 6352//6432 2716//2621 2731//2636
f 6353//6433 6351//6431 6364//6444
f 6367//6447 6366//6446 6364//6444
f 6354//6434 6353//6433 6366//6446
f 6368//6448 6366//6446 6367//6447
f 6355//6435 6354//6434 6368//6448
f 6370//6450 6368//6448 6369//6449
f 6357//6437 6355//6435 6370//6450
f 6373//6453 6372//6452 6370//6450
f 6359//6439 6357//6437 6372//6452
f 6361//6441 6376//6456 6375//6455
f 6361//6441 6359//6439 6374//6454
f 6363//6443 6378//6458 6377//6457
f 6363//6443 6360//6440 6375//6455
f 6379//6459 4716//4710 292//143
f 386//182 6380//6460 6379//6459
f 387//183 6381//6461 6380//6460
f 388//184 6382//6462 6381//6461
f 389//185 6383//6463 6382//6462
f 390//186 6384//6473 6383//6463
f 6385//6464 6384//6473 390//186
f 392//188 6386//6466 6385//6464
f 392//188 356//156 6259//6358
f 6387//6467 4722//4716 4716//4710
f 6387//6467 6379//6459 6380//6460
f 6388//6468 6380//6460 6381//6461
f 6389//6469 6381//6461 6382//6462
f 6390//6470 6382//6462 6383//6463
f 6392//6472 6391//6471 6383//6463
f 6385//6464 6394//6475 6393//6474
f 6386//6466 6395//6483 6394//6475
f 6396//6476 4733//4728 4722//4716
f 6388//6468 6397//6477 6396//6476
f 6389//6469 6398//6478 6397//6477
f 6390//6470 6399//6479 6398//6478
f 6391//6471 6400//6480 6399//6479
f 6392//6472 6401//6481 6400//6480
f 6392//6472 6384//6473 6393//6474
f 6402//6482 6401//6481 6393//6474
f 6402//6482 6394//6475 6395//6483
f 6404//6485 4741//4741 4733//4728
f 6405//6486 6404//6485 6396//6476
f 6406//6487 6405//6486 6397//6477
f 6407//6488 6406//6487 6398//6478
f 6408//6489 6407//6488 6399//6479
f 6409//6490 6408//6489 6400//6480
f 6402//6482 6410//6491 6409//6490
f 6403//6484 6411//6498 6410//6491
f 6412//6492 4749//4750 4741//4741
f 6413//6493 6412//6492 6404//6485
f 6414//6494 6413//6493 6405//6486
f 6407//6488 6415//6503 6414//6494
f 6416//6495 6415//6503 6407//6488
f 6417//6496 6416//6495 6408//6489
f 6418//6497 6417//6496 6409//6490
f 6411//6498 6419//6508 6418//6497
f 6420//6499 4757//4758 4749//4750
f 6421//6500 6420//6499 6412//6492
f 6422//6501 6421//6500 6413//6493
f 6423//6502 6422//6501 6414//6494
f 6424//6504 6423//6502 6415//6503
f 6425//6505 6424//6504 6416//6495
f 6426//6506 6425//6505 6417//6496
f 6427//6507 6426//6506 6418//6497
f 6428//6509 4765//4766 4757//4758
f 6429//6510 6428//6509 6420//6499
f 6430//6511 6429//6510 6421//6500
f 6431//6512 6430//6511 6422//6501
f 6432//6513 6431//6512 6423//6502
f 6433//6514 6432//6513 6424//6504
f 6434//6515 6433//6514 6425//6505
f 6435//6516 6434//6515 6426//6506
f 6436//6517 4773//4776 4765//4766
f 6437//6518 6436//6517 6428//6509
f 6438//6519 6437//6518 6429//6510
f 6439//6520 6438//6519 6430//6511
f 6440//6521 6439//6520 6431//6512
f 6441//6522 6440//6521 6432//6513
f 6442//6523 6441//6522 6433//6514
f 6443//6524 6442//6523 6434//6515
f 6444//4775 4781//4775 4773//4776
f 6445//4966 6444//4775 6436//6517
f 6446//6525 6445//4966 6437//6518
f 6447//6526 6446//6525 6438//6519
f 6448//6527 6447//6526 6439//6520
f 6449//6528 6448//6527 6440//6521
f 6450//6529 6449//6528 6441//6522
f 6451//6530 6450//6529 6442//6523
f 6452//6531 6386//6466 6259//6358
f 6453//6532 6452//6531 6279//6359
f 6452//6531 6454//6533 6395//6483
f 6453//6532 6455//6534 6454//6533
f 6453//6532 6280//6360 6296//6376
f 6456//6535 6455//6534 6296//6376
f 6457//6536 6403//6484 6395//6483
f 6455//6534 6459//6538 6458//6537
f 6456//6535 6460//6539 6459//6538
f 6456//6535 6297//6377 6310//6390
f 6461//6540 6460//6539 6310//6390
f 6457//6536 6462//6541 6411//6498
f 6457//6536 6454//6533 6458//6537
f 6459//6538 6464//6543 6463//6542
f 6460//6539 6465//6544 6464//6543
f 6461//6540 6466//6545 6465//6544
f 6461//6540 6311//6391 6322//6402
f 6462//6541 6467//6546 6419//6508
f 6462//6541 6458//6537 6463//6542
f 6468//6547 6467//6546 6463//6542
f 6465//6544 6470//6549 6469//6548
f 6466//6545 6471//6550 6470//6549
f 6466//6545 6322//6402 6336//6416
f 6472//6551 6471//6550 6336//6416
f 6473//6552 6427//6507 6419//6508
f 6468//6547 6474//6553 6473//6552
f 6468//6547 6464//6543 6469//6548
f 6475//6554 6474//6553 6469//6548
f 6471//6550 6477//6556 6476//6555
f 6472//6551 6478//6557 6477//6556
f 6472//6551 6337//6417 6349//6429
f 6479//6558 6435//6516 6427//6507
f 6480//6559 6479//6558 6473//6552
f 6475//6554 6481//6560 6480//6559
f 6475//6554 6470//6549 6476//6555
f 6477//6556 6483//6567 6482//6561
f 6484//6562 6483//6567 6477//6556
f 6478//6557 6349//6429 6362//6442
f 6485//6563 6443//6524 6435//6516
f 6486//6564 6485//6563 6479//6558
f 6481//6560 6487//6565 6486//6564
f 6481//6560 6476//6555 6482//6561
f 6488//6566 6487//6565 6482//6561
f 6484//6562 6490//6569 6489//6568
f 6484//6562 6362//6442 6377//6457
f 6491//6570 6490//6569 6377//6457
f 6492//6571 6451//6530 6443//6524
f 6493//6572 6492//6571 6485//6563
f 6494//6573 6493//6572 6486//6564
f 6488//6566 6495//6574 6494//6573
f 6488//6566 6483//6567 6489//6568
f 6496//6575 6365//6445 2731//2636
f 6367//6447 6365//6445 6496//6575
f 6498//6577 6369//6449 6367//6447
f 6371//6451 6369//6449 6498//6577
f 6373//6453 6501//6580 6500//6579
f 6373//6453 6371//6451 6499//6578
f 6374//6454 6372//6452 6500//6579
f 6503//6582 6502//6581 6500//6579
f 6376//6456 6505//6584 6504//6583
f 6376//6456 6374//6454 6502//6581
f 6378//6458 6375//6455 6504//6583
f 6507//6586 6506//6585 6504//6583
f 6498//6577 6497//6576 6508//6587
f 6499//6578 6498//6577 6509//6588
f 6501//6580 6499//6578 6510//6589
f 6503//6582 6513//6592 6512//6591
f 6503//6582 6501//6580 6511//6590
f 6505//6584 6502//6581 6512//6591
f 6515//6594 6514//6593 6512//6591
f 6507//6586 6517//6596 6516//6595
f 6507//6586 6505//6584 6514//6593
f 6513//6592 6511//6590 6518//6597
f 6515//6594 6521//6600 6520//6599
f 6515//6594 6513//6592 6519//6598
f 6517//6596 6523//6602 6522//6601
f 6517//6596 6514//6593 6520//6599
f 6524//6603 6523//6602 6520//6599
f 6521//6600 6519//6598 6525//6604
f 6523//6602 6528//6607 6527//6606
f 6524//6603 6529//6608 6528//6607
f 6524//6603 6521//6600 6526//6605
f 6529//6608 6532//6611 6531//6609
f 6529//6608 6526//6605 6530//6610
f 6532//6611 6534//6663 6533//6612
f 6537//6613 6496//6575 2900//2804
f 6538//6614 6497//6576 6496//6575
f 6537//6613 2919//2823 2925//2829
f 6538//6614 6540//6616 6508//6587
f 6538//6614 6537//6613 6539//6615
f 6541//6617 6509//6588 6508//6587
f 6510//6589 6509//6588 6541//6617
f 6543//6619 6511//6590 6510//6589
f 6539//6615 2925//2829 2936//2840
f 6545//6621 6544//6620 2936//2840
f 6540//6616 6539//6615 6544//6620
f 6547//6623 6546//6622 6544//6620
f 6541//6617 6540//6616 6546//6622
f 6542//6618 6541//6617 6548//6624
f 6543//6619 6550//6626 6518//6597
f 6543//6619 6542//6618 6549//6625
f 6551//6627 6519//6598 6518//6597
f 6545//6621 2937//2841 2949//2853
f 6547//6623 6554//6630 6553//6629
f 6547//6623 6545//6621 6552//6628
f 6548//6624 6546//6622 6553//6629
f 6556//6632 6555//6631 6553//6629
f 6549//6625 6548//6624 6555//6631
f 6557//6633 6555//6631 6556//6632
f 6550//6626 6549//6625 6557//6633
f 6560//6636 6559//6635 6557//6633
f 6551//6627 6561//6637 6525//6604
f 6551//6627 6550//6626 6559//6635
f 6562//6638 6526//6605 6525//6604
f 6552//6628 2949//2853 2963//2867
f 6563//6639 2963//2867 2964//2868
f 6565//6641 6554//6630 6552//6628
f 6566//6642 6565//6641 6563//6639
f 6567//6643 6556//6632 6554//6630
f 6558//6634 6556//6632 6567//6643
f 6560//6636 6570//6646 6569//6645
f 6560//6636 6558//6634 6568//6644
f 6561//6637 6559//6635 6569//6645
f 6572//6648 6571//6647 6569//6645
f 6562//6638 6573//6649 6530//6610
f 6562//6638 6561//6637 6571//6647
f 6574//6650 6532//6611 6530//6610
f 6564//6640 2964//2868 2976//2880
f 6566//6642 6577//6653 6576//6652
f 6566//6642 6564//6640 6575//6651
f 6567//6643 6565//6641 6576//6652
f 6579//6655 6578//6654 6576//6652
f 6568//6644 6567//6643 6578//6654
f 6581//6657 6580//6656 6578//6654
f 6582//6658 6570//6646 6568//6644
f 6572//6648 6584//6660 6583//6659
f 6572//6648 6570//6646 6582//6658
f 6573//6649 6571//6647 6583//6659
f 6586//6662 6585//6661 6583//6659
f 6574//6650 6587//6664 6534//6663
f 6574//6650 6573//6649 6585//6661
f 6588//6665 6575//6651 2976//2880
f 6589//6666 6577//6653 6575//6651
f 6579//6655 6577//6653 6589//6666
f 6581//6657 6592//6669 6591//6668
f 6581//6657 6579//6655 6590//6667
f 6582//6658 6580//6656 6591//6668
f 6594//6671 6593//6670 6591//6668
f 6584//6660 6582//6658 6593//6670
f 6596//6673 6595//6672 6593//6670
f 6586//6662 6598//6675 6597//6674
f 6586//6662 6584//6660 6595//6672
f 6587//6664 6599//6677 6535//6676
f 6587//6664 6585//6661 6597//6674
f 6600//6678 6599//6677 6597//6674
f 6588//6665 2987//2891 3003//2908
f 6601//6679 3003//2908 3004//2909
f 6589//6666 6588//6665 6601//6679
f 6603//6681 6601//6679 6602//6680
f 6590//6667 6589//6666 6603//6681
f 6606//6684 6605//6683 6603//6681
f 6607//6685 6592//6669 6590//6667
f 6594//6671 6592//6669 6607//6685
f 6596//6673 6610//6688 6609//6687
f 6596//6673 6594//6671 6608//6686
f 6598//6675 6595//6672 6609//6687
f 6612//6690 6611//6689 6609//6687
f 6599//6677 6613//6692 6536//6691
f 6600//6678 6614//6693 6613//6692
f 6600//6678 6598//6675 6611//6689
f 6615//1707 4974//1707 4781//4775
f 6616//1707 6615//1707 6444//4775
f 6617//1707 6616//1707 6445//4966
f 6618//4970 6617//1707 6446//6525
f 6619//6694 6618//4970 6447//6526
f 6620//6695 6619//6694 6448//6527
f 6621//6696 6620//6695 6449//6528
f 6622//6697 6621//6696 6450//6529
f 6623//1707 4982//1707 4974//1707
f 6624//1707 6623//1707 6615//1707
f 6625//1707 6624//1707 6616//1707
f 6626//1707 6625//1707 6617//1707
f 6619//6694 6627//6701 6626//1707
f 6628//6698 6627//6701 6619//6694
f 6629//6699 6628//6698 6620//6695
f 6630//6700 6629//6699 6621//6696
f 6631//1707 4990//1707 4982//1707
f 6632//1707 6631//1707 6623//1707
f 6633//1707 6632//1707 6624//1707
f 6634//1707 6633//1707 6625//1707
f 6635//1707 6634//1707 6626//1707
f 6636//6702 6635//1707 6627//6701
f 6637//6703 6636//6702 6628//6698
f 6638//6704 6637//6703 6629//6699
f 6639//1707 4998//1707 4990//1707
f 6640//1707 6639//1707 6631//1707
f 6641//1707 6640//1707 6632//1707
f 6642//1707 6641//1707 6633//1707
f 6635//1707 6643//1707 6642//1707
f 6636//6702 6644//6707 6643//1707
f 6645//6705 6644//6707 6636//6702
f 6646//6706 6645//6705 6637//6703
f 6647//1707 5006//1707 4998//1707
f 6648//1707 6647//1707 6639//1707
f 6649//1707 6648//1707 6640//1707
f 6650//1707 6649//1707 6641//1707
f 6651//1707 6650//1707 6642//1707
f 6644//6707 6652//6707 6651//1707
f 6653//6708 6652//6707 6644//6707
f 6654//6709 6653//6708 6645//6705
f 6655//1707 5014//1707 5006//1707
f 6656//1707 6655//1707 6647//1707
f 6657//1707 6656//1707 6648//1707
f 6650//1707 6658//1707 6657//1707
f 6659//1707 6658//1707 6650//1707
f 6652//6707 6660//6710 6659//1707
f 6653//6708 6661//6711 6660//6710
f 6654//6709 6662//6713 6661//6711
f 6663//1707 5022//1707 5014//1707
f 6664//1707 6663//1707 6655//1707
f 6665//1707 6664//1707 6656//1707
f 6658//1707 6666//1707 6665//1707
f 6667//6701 6666//1707 6658//1707
f 6668//6712 6667//6701 6659//1707
f 6661//6711 6669//6714 6668//6712
f 6662//6713 6670//6717 6669//6714
f 6671//1707 5030//1707 5022//1707
f 6672//1707 6671//1707 6663//1707
f 6673//1707 6672//1707 6664//1707
f 6674//1707 6673//1707 6665//1707
f 6675//6715 6674//1707 6666//1707
f 6676//6716 6675//6715 6667//6701
f 6669//6714 6677//6718 6676//6716
f 6670//6717 6678//6777 6677//6718
f 6490//6569 6680//6720 6679//6719
f 6491//6570 6681//6721 6680//6720
f 6491//6570 6378//6458 6506//6585
f 6682//6722 6622//6697 6451//6530
f 6683//6723 6682//6722 6492//6571
f 6684//6724 6683//6723 6493//6572
f 6495//6574 6685//6725 6684//6724
f 6685//6725 6495//6574 6489//6568
f 6680//6720 6687//6733 6686//6726
f 6688//6727 6687//6733 6680//6720
f 6681//6721 6506//6585 6516//6595
f 6689//6728 6630//6700 6622//6697
f 6683//6723 6690//6729 6689//6728
f 6684//6724 6691//6730 6690//6729
f 6685//6725 6692//6731 6691//6730
f 6685//6725 6679//6719 6686//6726
f 6693//6732 6692//6731 6686//6726
f 6688//6727 6695//6735 6694//6734
f 6695//6735 6688//6727 6516//6595
f 6696//6736 6638//6704 6630//6700
f 6690//6729 6697//6744 6696//6736
f 6698//6737 6697//6744 6690//6729
f 6699//6738 6698//6737 6691//6730
f 6693//6732 6700//6739 6699//6738
f 6693//6732 6687//6733 6694//6734
f 6695//6735 6702//6741 6701//6740
f 6695//6735 6522//6601 6527//6606
f 6703//6742 6702//6741 6527//6606
f 6704//6743 6646//6706 6638//6704
f 6697//6744 6705//6750 6704//6743
f 6706//6745 6705//6750 6697//6744
f 6707//6746 6706//6745 6698//6737
f 6700//6739 6708//6747 6707//6746
f 6708//6747 6700//6739 6694//6734
f 6710//6748 6709//6755 6701//6740
f 6703//6742 6711//6749 6710//6748
f 6703//6742 6528//6607 6531//6609
f 6704//6743 6712//6751 6654//6709
f 6705//6750 6713//6752 6712//6751
f 6706//6745 6714//6760 6713//6752
f 6715//6753 6714//6760 6706//6745
f 6708//6747 6716//6754 6715//6753
f 6716//6754 6708//6747 6701//6740
f 6718//6756 6717//6764 6709//6755
f 6711//6749 6719//6757 6718//6756
f 6711//6749 6531//6609 6533//6612
f 6720//6758 6719//6757 6533//6612
f 6712//6751 6721//6759 6662//6713
f 6713//6752 6722//6761 6721//6759
f 6714//6760 6723//6769 6722//6761
f 6724//6762 6723//6769 6714//6760
f 6716//6754 6725//6763 6724//6762
f 6725//6763 6716//6754 6709//6755
f 6727//6765 6726//6773 6717//6764
f 6728//6766 6727//6765 6718//6756
f 6720//6758 6729//6767 6728//6766
f 6720//6758 6534//6663 6535//6676
f 6721//6759 6730//6768 6670//6717
f 6722//6761 6731//6770 6730//6768
f 6723//6769 6732//6780 6731//6770
f 6733//6771 6732//6780 6723//6769
f 6725//6763 6734//6772 6733//6771
f 6734//6772 6725//6763 6717//6764
f 6736//6774 6735//6782 6726//6773
f 6728//6766 6737//6775 6736//6774
f 6729//6767 6738//6776 6737//6775
f 6729//6767 6535//6676 6536//6691
f 6730//6768 6739//6778 6678//6777
f 6731//6770 6740//6964 6739//6778
f 6741//6779 6740//6964 6731//6770
f 6733//6771 6742//6967 6741//6779
f 6743//6781 6742//6967 6733//6771
f 6734//6772 6726//6773 6735//6782
f 6744//6783 6738//6776 6536//6691
f 6602//6680 3004//2909 3184//3087
f 6604//6682 6602//6680 6745//6784
f 6606//6684 6748//6787 6747//6786
f 6606//6684 6604//6682 6746//6785
f 6607//6685 6605//6683 6747//6786
f 6750//6789 6749//6788 6747//6786
f 6608//6686 6607//6685 6749//6788
f 6752//6791 6751//6790 6749//6788
f 6753//6792 6610//6688 6608//6686
f 6612//6690 6755//6794 6754//6793
f 6612//6690 6610//6688 6753//6792
f 6614//6693 6757//6796 6756//6795
f 6614//6693 6611//6689 6754//6793
f 6758//6797 6745//6784 3184//3087
f 6759//6798 6746//6785 6745//6784
f 6760//6799 6748//6787 6746//6785
f 6750//6789 6748//6787 6760//6799
f 6752//6791 6763//6802 6762//6801
f 6752//6791 6750//6789 6761//6800
f 6753//6792 6751//6790 6762//6801
f 6765//6804 6764//6803 6762//6801
f 6755//6794 6767//6806 6766//6805
f 6755//6794 6753//6792 6764//6803
f 6757//6796 6769//6808 6768//6807
f 6757//6796 6754//6793 6766//6805
f 6770//6809 6769//6808 6766//6805
f 6758//6797 3195//3098 3209//3112
f 6771//6810 3209//3112 3210//3113
f 6759//6798 6758//6797 6771//6810
f 6774//6813 6773//6812 6771//6810
f 6775//6814 6760//6799 6759//6798
f 6776//6815 6761//6800 6760//6799
f 6777//6816 6763//6802 6761//6800
f 6765//6804 6779//6818 6778//6817
f 6765//6804 6763//6802 6777//6816
f 6767//6806 6764//6803 6778//6817
f 6781//6820 6780//6819 6778//6817
f 6769//6808 6783//6822 6782//6821
f 6770//6809 6784//6823 6783//6822
f 6770//6809 6767//6806 6780//6819
f 6772//6811 3210//3113 3222//3125
f 6774//6813 6787//6826 6786//6825
f 6774//6813 6772//6811 6785//6824
f 6775//6814 6773//6812 6786//6825
f 6789//6828 6788//6827 6786//6825
f 6776//6815 6775//6814 6788//6827
f 6791//6830 6790//6829 6788//6827
f 6792//6831 6777//6816 6776//6815
f 6793//6832 6779//6818 6777//6816
f 6781//6820 6795//6834 6794//6833
f 6781//6820 6779//6818 6793//6832
f 6783//6822 6797//6847 6796//6835
f 6798//6836 6797//6847 6783//6822
f 6784//6823 6780//6819 6794//6833
f 6799//6837 6785//6824 3222//3125
f 6800//6838 6787//6826 6785//6824
f 6789//6828 6787//6826 6800//6838
f 6791//6830 6803//6841 6802//6840
f 6791//6830 6789//6828 6801//6839
f 6792//6831 6790//6829 6802//6840
f 6805//6843 6804//6842 6802//6840
f 6793//6832 6792//6831 6804//6842
f 6808//6845 6807//6848 6794//6833
f 6795//6834 6793//6832 6806//6844
f 6798//6836 6810//6849 6809//6846
f 6798//6836 6794//6833 6807//6848
f 6811//6850 6799//6837 3232//3135
f 6812//6851 6800//6838 6799//6837
f 6801//6839 6800//6838 6812//6851
f 6814//6853 6803//6841 6801//6839
f 6805//6843 6816//6855 6815//6854
f 6805//6843 6803//6841 6814//6853
f 6806//6844 6804//6842 6815//6854
f 6818//6857 6817//6856 6815//6854
f 6808//6845 6820//6859 6819//6858
f 6808//6845 6806//6844 6817//6856
f 6810//6849 6822//6861 6821//6860
f 6810//6849 6807//6848 6819//6858
f 6823//6862 6822//6861 6819//6858
f 6824//6863 6811//6850 3243//3146
f 6825//6864 6812//6851 6811//6850
f 6826//6865 6813//6852 6812//6851
f 6827//6866 6814//6853 6813//6852
f 6828//6867 6816//6855 6814//6853
f 6818//6857 6830//6869 6829//6868
f 6818//6857 6816//6855 6828//6867
f 6820//6859 6817//6856 6829//6868
f 6832//6871 6831//6870 6829//6868
f 6834//6872 6833//6883 6821//6860
f 6823//6862 6835//6873 6834//6872
f 6823//6862 6820//6859 6831//6870
f 6824//6863 3253//3156 3263//3167
f 6837//6875 6825//6864 6824//6863
f 6826//6865 6825//6864 6837//6875
f 6839//6877 6827//6866 6826//6865
f 6840//6878 6828//6867 6827//6866
f 6841//6879 6830//6869 6828//6867
f 6832//6871 6843//6881 6842//6880
f 6832//6871 6830//6869 6841//6879
f 6834//6872 6845//7061 6844//6882
f 6846//6884 6845//7061 6834//6872
f 6835//6873 6831//6870 6842//6880
f 6847//1707 5237//1707 5030//1707
f 6848//1707 6847//1707 6671//1707
f 6673//1707 6849//1707 6848//1707
f 6850//5201 6849//1707 6673//1707
f 6851//6885 6850//5201 6674//1707
f 6676//6716 6852//6886 6851//6885
f 6677//6718 6853//6887 6852//6886
f 6678//6777 6854//6892 6853//6887
f 6855//5200 5245//5201 5237//1707
f 6856//5200 6855//5200 6847//1707
f 6857//6888 6856//5200 6848//1707
f 6858//6889 6857//6888 6849//1707
f 6851//6885 6859//6890 6858//6889
f 6852//6886 6860//6891 6859//6890
f 6853//6887 6861//6893 6860//6891
f 6854//6892 6862//6901 6861//6893
f 6864//6894 5254//5210 5245//5201
f 6865//6895 6864//6894 6855//5200
f 6857//6888 6866//6896 6865//6895
f 6858//6889 6867//6897 6866//6896
f 6859//6890 6868//6898 6867//6897
f 6860//6891 6869//6899 6868//6898
f 6861//6893 6870//6910 6869//6899
f 6871//6900 6870//6910 6861//6893
f 6872//6902 6870//6910 6871//6900
f 6863//6904 6873//6903 6871//6900
f 6864//6894 6874//6914 5263//5218
f 6875//6905 6874//6914 6864//6894
f 6866//6896 6876//6906 6875//6905
f 6867//6897 6877//6907 6876//6906
f 6868//6898 6878//6908 6877//6907
f 6869//6899 6879//6919 6878//6908
f 6880//6909 6879//6919 6869//6899
f 6881//6911 6879//6919 6880//6909
f 6872//6902 6882//6912 6880//6909
f 6883//6913 6882//6912 6872//6902
f 6874//6914 6884//6924 5273//5227
f 6885//6915 6884//6924 6874//6914
f 6876//6906 6886//6916 6885//6915
f 6877//6907 6887//6917 6886//6916
f 6878//6908 6888//6928 6887//6917
f 6889//6918 6888//6928 6878//6908
f 6891//6920 6888//6928 6889//6918
f 6881//6911 6892//6921 6889//6918
f 6893//6922 6892//6921 6881//6911
f 6894//6923 6893//6922 6882//6912
f 6884//6924 6895//6941 5283//5238
f 6896//6925 6895//6941 6884//6924
f 6886//6916 6897//6931 6896//6925
f 6898//6926 6897//6931 6886//6916
f 6899//6927 6898//6926 6887//6917
f 6901//6929 6895//6941 6896//6925
f 6902//6930 6896//6925 6897//6931
f 6904//6933 6903//6932 6897//6931
f 6904//6933 6898//6926 6899//6927
f 6891//6920 6905//6934 6899//6927
f 6906//6935 6905//6934 6891//6920
f 6907//6936 6906//6935 6892//6921
f 6908//6937 6907//6936 6893//6922
f 6908//6937 6894//6923 6890//6938
f 6909//6940 5294//5259 5283//5238
f 5302//5258 5294//5259 6909//6940
f 6901//6929 6912//6942 6909//6940
f 6913//6943 6912//6942 6901//6929
f 6914//6944 6913//6943 6902//6930
f 6915//6945 6914//6944 6903//6932
f 6916//6946 6915//6945 6904//6933
f 6917//6947 6916//6946 6905//6934
f 6918//6948 6917//6947 6906//6935
f 6919//6949 6911//6951 6910//6950
f 6919//6949 6918//6948 6907//6936
f 6919//6949 6908//6937 6900//6939
f 6923//6952 6922//6961 6910//6950
f 6924//6953 5313//5478 5302//5258
f 6913//6943 6925//6954 6924//6953
f 6914//6944 6926//7161 6925//6954
f 6927//6955 6926//7161 6914//6944
f 6928//6956 6927//6955 6915//6945
f 6929//6957 6921//6960 6920//6958
f 6929//6957 6928//6956 6916//6946
f 6930//6959 6922//6961 6921//6960
f 6930//6959 6929//6957 6917//6947
f 6930//6959 6918//6948 6910//6950
f 6932//6962 6931//6970 6735//6782
f 6933//6963 6932//6962 6736//6774
f 6738//6776 6934//6974 6933//6963
f 6739//6778 6935//6965 6854//6892
f 6740//6964 6936//6966 6935//6965
f 6741//6779 6937//6968 6936//6966
f 6742//6967 6938//6976 6937//6968
f 6939//6969 6938//6976 6742//6967
f 6743//6781 6735//6782 6931//6970
f 6942//6971 6941//6981 6931//6970
f 6943//6972 6942//6971 6932//6962
f 6944//6973 6943//6972 6933//6963
f 6935//6965 6945//6982 6862//6901
f 6946//6975 6945//6982 6935//6965
f 6937//6968 6947//6977 6946//6975
f 6938//6976 6948//6980 6947//6977
f 6949//6978 6941//6981 6940//6979
f 6949//6978 6948//6980 6938//6976
f 6949//6978 6939//6969 6931//6970
f 6863//6904 6862//6901 6945//6982
f 6952//6984 6951//6990 6940//6979
f 6942//6971 6953//6985 6952//6984
f 6943//6972 6954//6986 6953//6985
f 6944//6973 6955//6995 6954//6986
f 6946//6975 6957//6988 6956//6987
f 6947//6977 6958//6997 6957//6988
f 6959//6989 6958//6997 6947//6977
f 6959//6989 6948//6980 6940//6979
f 6960//6991 6873//6903 6863//6904
f 6950//6983 6945//6982 6956//6987
f 6963//6992 6962//7002 6951//6990
f 6964//6993 6963//6992 6952//6984
f 6965//6994 6964//6993 6953//6985
f 6955//6995 6966//7008 6965//6994
f 6957//6988 6968//6998 6967//6996
f 6958//6997 6969//7001 6968//6998
f 6970//6999 6962//7002 6961//7000
f 6970//6999 6969//7001 6958//6997
f 6970//6999 6959//6989 6951//6990
f 6971//7003 6883//6913 6873//6903
f 6960//6991 6956//6987 6967//6996
f 6973//7004 6972//7011 6961//7000
f 6974//7005 6973//7004 6962//7002
f 6964//6993 6975//7016 6974//7005
f 6976//7006 6975//7016 6964//6993
f 6977//7007 6976//7006 6965//6994
f 6979//7009 6978//7013 6967//6996
f 6980//7010 6979//7009 6968//6998
f 6980//7010 6969//7001 6961//7000
f 6981//7012 6978//7013 6890//6938
f 6981//7012 6894//6923 6883//6913
f 6981//7012 6971//7003 6967//6996
f 6973//7004 6983//7023 6982//7014
f 6984//7015 6983//7023 6973//7004
f 6975//7016 6985//7025 6984//7015
f 6986//7017 6985//7025 6975//7016
f 6987//7018 6986//7017 6976//7006
f 6988//7019 6900//6939 6890//6938
f 6979//7009 6989//7020 6988//7019
f 6980//7010 6990//7021 6989//7020
f 6980//7010 6972//7011 6982//7014
f 6991//7022 6990//7021 6982//7014
f 6984//7015 6993//7026 6992//7024
f 6985//7025 6994//7034 6993//7026
f 6995//7027 6994//7034 6985//7025
f 6987//7018 6996//7036 6995//7027
f 6997//7028 6911//6951 6900//6939
f 6989//7020 6998//7029 6997//7028
f 6990//7021 6999//7030 6998//7029
f 6991//7022 7000//7031 6999//7030
f 6991//7022 6983//7023 6992//7024
f 7001//7032 7000//7031 6992//7024
f 7002//7033 7001//7032 6993//7026
f 6995//7027 7004//7037 7003//7035
f 6996//7036 7005//7046 7004//7037
f 6997//7028 7006//7038 6923//6952
f 6998//7029 7007//7039 7006//7038
f 6999//7030 7008//7040 7007//7039
f 7000//7031 7009//7041 7008//7040
f 7001//7032 7010//7042 7009//7041
f 7002//7033 7011//7043 7010//7042
f 7002//7033 6994//7034 7003//7035
f 7012//7044 7011//7043 7003//7035
f 7013//7045 7012//7044 7004//7037
f 6744//6783 7014//7047 6934//6974
f 6744//6783 6613//6692 6756//6795
f 7014//7047 7015//7048 6944//6973
f 7015//7048 7014//7047 6756//6795
f 7015//7048 7016//7049 6955//6995
f 7016//7049 7015//7048 6768//6807
f 7016//7049 7017//7050 6966//7008
f 7016//7049 6782//6821 6796//6835
f 7018//7051 7017//7050 6796//6835
f 7019//7052 6977//7007 6966//7008
f 7018//7051 7020//7053 7019//7052
f 7018//7051 6797//6847 6809//6846
f 7021//7054 6987//7018 6977//7007
f 7020//7053 7022//7055 7021//7054
f 7022//7055 7020//7053 6809//6846
f 7023//7056 6996//7036 6987//7018
f 7022//7055 7024//7057 7023//7056
f 7024//7057 7022//7055 6821//6860
f 7025//7058 7005//7046 6996//7036
f 7024//7057 7026//7059 7025//7058
f 7024//7057 6833//6883 6844//6882
f 7027//7060 7026//7059 6844//6882
f 6836//6874 3263//3167 3454//3358
f 7028//7062 3454//3358 3455//3359
f 6837//6875 6836//6874 7028//7062
f 7030//7064 7028//7062 7029//7063
f 6838//6876 6837//6875 7030//7064
f 7033//7067 7032//7066 7030//7064
f 7034//7068 6839//6877 6838//6876
f 7035//7069 6840//6878 6839//6877
f 7036//7070 6841//6879 6840//6878
f 7038//7071 7037//7073 6842//6880
f 6843//6881 6841//6879 7036//7070
f 6846//6884 7040//7074 7039//7072
f 6846//6884 6842//6880 7037//7073
f 7029//7063 3455//3359 3466//3370
f 7031//7065 7029//7063 7041//7075
f 7033//7067 7044//7078 7043//7077
f 7033//7067 7031//7065 7042//7076
f 7034//7068 7032//7066 7043//7077
f 7046//7080 7045//7079 7043//7077
f 7035//7069 7034//7068 7045//7079
f 7048//7082 7047//7081 7045//7079
f 7049//7083 7036//7070 7035//7069
f 7038//7071 7051//7085 7050//7084
f 7038//7071 7036//7070 7049//7083
f 7040//7074 7053//7087 7052//7086
f 7040//7074 7037//7073 7050//7084
f 7054//7088 7053//7087 7050//7084
f 7041//7075 3466//3370 3477//3381
f 7056//7090 7042//7076 7041//7075
f 7057//7091 7044//7078 7042//7076
f 7046//7080 7044//7078 7057//7091
f 7048//7082 7060//7094 7059//7093
f 7048//7082 7046//7080 7058//7092
f 7049//7083 7047//7081 7059//7093
f 7062//7096 7061//7095 7059//7093
f 7063//7097 7051//7085 7049//7083
f 7065//7098 7064//7109 7052//7086
f 7054//7088 7066//7099 7065//7098
f 7054//7088 7051//7085 7063//7097
f 7067//7100 7055//7089 3477//3381
f 7068//7101 7056//7090 7055//7089
f 7069//7102 7057//7091 7056//7090
f 7058//7092 7057//7091 7069//7102
f 7060//7094 7058//7092 7070//7103
f 7062//7096 7073//7106 7072//7105
f 7062//7096 7060//7094 7071//7104
f 7063//7097 7061//7095 7072//7105
f 7065//7098 7076//7121 7075//7108
f 7077//7110 7076//7121 7065//7098
f 7066//7099 7063//7097 7074//7107
f 7078//7111 7067//7100 3487//3391
f 7079//7112 7068//7101 7067//7100
f 7080//7113 7069//7102 7068//7101
f 7081//7114 7070//7103 7069//7102
f 7071//7104 7070//7103 7081//7114
f 7073//7106 7084//7117 7083//7116
f 7073//7106 7071//7104 7082//7115
f 7074//7107 7072//7105 7083//7116
f 7086//7119 7085//7118 7083//7116
f 7077//7110 7088//7122 7087//7120
f 7088//7122 7077//7110 7074//7107
f 7089//7123 7078//7111 3497//3401
f 7090//7124 7079//7112 7078//7111
f 7091//7125 7080//7113 7079//7112
f 7092//7126 7081//7114 7080//7113
f 7093//7127 7082//7115 7081//7114
f 7094//7128 7084//7117 7082//7115
f 7086//7119 7096//7130 7095//7129
f 7086//7119 7084//7117 7094//7128
f 7088//7122 7098//7132 7097//7131
f 7088//7122 7085//7118 7095//7129
f 7099//7133 7089//7123 3508//3412
f 7100//7134 7090//7124 7089//7123
f 7101//7135 7091//7125 7090//7124
f 7102//7136 7092//7126 7091//7125
f 7103//7137 7093//7127 7092//7126
f 7104//7138 7094//7128 7093//7127
f 7106//7139 7105//7141 7095//7129
f 7096//7130 7094//7128 7104//7138
f 7098//7132 7108//7142 7107//7140
f 7098//7132 7095//7129 7105//7141
f 7099//7133 3518//3422 3528//3432
f 7110//7144 7100//7134 7099//7133
f 7111//7145 7101//7135 7100//7134
f 7112//7146 7102//7136 7101//7135
f 7113//7147 7103//7137 7102//7136
f 7114//7148 7104//7138 7103//7137
f 7116//7149 7115//7151 7105//7141
f 7106//7139 7104//7138 7114//7148
f 7108//7142 7118//7152 7117//7150
f 7108//7142 7105//7141 7115//7151
f 7124//7153 7123//7165 6920//6958
f 7125//7154 7124//7153 6921//6960
f 6923//6952 7126//7171 7125//7154
f 5520//5476 7127//7156 7119//7155
f 7127//7156 5520//5476 5313//5478
f 7127//7156 7128//7158 7120//7157
f 7128//7158 7127//7156 6924//6953
f 7128//7158 7129//7160 7121//7159
f 7129//7160 7128//7158 6925//6954
f 7130//7162 7122//7164 7121//7159
f 7130//7162 7129//7160 6926//7161
f 7131//7163 7123//7165 7122//7164
f 7131//7163 7130//7162 6927//6955
f 7131//7163 6928//6956 6920//6958
f 7132//7166 5528//5495 5515//5485
f 7133//7167 7132//7166 7119//7155
f 7121//7159 7134//7174 7133//7167
f 7135//7168 7134//7174 7121//7159
f 7136//7169 7135//7168 7122//7164
f 7124//7153 7137//7170 7136//7169
f 7125//7154 7138//7172 7137//7170
f 7126//7171 7139//7180 7138//7172
f 7140//7173 5536//5494 5528//5495
f 7133//7167 7141//7175 7140//7173
f 7134//7174 7142//7176 7141//7175
f 7135//7168 7143//7177 7142//7176
f 7136//7169 7144//7178 7143//7177
f 7137//7170 7145//7179 7144//7178
f 7138//7172 7146//7181 7145//7179
f 7139//7180 7147//7188 7146//7181
f 7148//7182 5544//5508 5536//5494
f 7149//7183 7148//7182 7140//7173
f 7142//7176 7150//7184 7149//7183
f 7143//7177 7151//7185 7150//7184
f 7144//7178 7152//7186 7151//7185
f 7145//7179 7153//7187 7152//7186
f 7146//7181 7154//7189 7153//7187
f 7147//7188 7155//7196 7154//7189
f 7156//7190 5552//5516 5544//5508
f 7157//7191 7156//7190 7148//7182
f 7150//7184 7158//7192 7157//7191
f 7151//7185 7159//7193 7158//7192
f 7152//7186 7160//7194 7159//7193
f 7153//7187 7161//7195 7160//7194
f 7154//7189 7162//7197 7161//7195
f 7155//7196 7163//7204 7162//7197
f 7164//7198 5560//5526 5552//5516
f 7165//7199 7164//7198 7156//7190
f 7158//7192 7166//7200 7165//7199
f 7159//7193 7167//7201 7166//7200
f 7160//7194 7168//7202 7167//7201
f 7161//7195 7169//7203 7168//7202
f 7162//7197 7170//7205 7169//7203
f 7163//7204 7171//7211 7170//7205
f 7164//7198 7172//7206 5568//5525
f 7165//7199 7173//7213 7172//7206
f 7174//7207 7173//7213 7165//7199
f 7167//7201 7175//7208 7174//7207
f 7168//7202 7176//7209 7175//7208
f 7169//7203 7177//7210 7176//7209
f 7170//7205 7178//7212 7177//7210
f 7171//7211 7179//7221 7178//7212
f 7172//7206 7180//7214 5576//5534
f 7173//7213 7181//7803 7180//7214
f 7182//7215 7181//7803 7173//7213
f 7183//7216 7182//7215 7174//7207
f 7184//7217 7183//7216 7175//7208
f 7185//7218 7184//7217 7176//7209
f 7186//7219 7185//7218 7177//7210
f 7187//7220 7186//7219 7178//7212
f 7006//7038 7189//7222 7126//7171
f 7007//7039 7190//7223 7189//7222
f 7008//7040 7191//7224 7190//7223
f 7009//7041 7192//7225 7191//7224
f 7010//7042 7193//7233 7192//7225
f 7194//7226 7193//7233 7010//7042
f 7012//7044 7195//7227 7194//7226
f 7013//7045 7196//7229 7195//7227
f 7013//7045 7005//7046 7188//7228
f 7189//7222 7198//7230 7139//7180
f 7190//7223 7199//7231 7198//7230
f 7191//7224 7200//7232 7199//7231
f 7192//7225 7201//7234 7200//7232
f 7193//7233 7202//7242 7201//7234
f 7203//7235 7202//7242 7193//7233
f 7195//7227 7204//7236 7203//7235
f 7196//7229 7205//7238 7204//7236
f 7196//7229 7188//7228 7197//7237
f 7198//7230 7207//7239 7147//7188
f 7199//7231 7208//7240 7207//7239
f 7200//7232 7209//7241 7208//7240
f 7201//7234 7210//7243 7209//7241
f 7202//7242 7211//7244 7210//7243
f 7203//7235 7212//7245 7211//7244
f 7204//7236 7213//7254 7212//7245
f 7214//7246 7213//7254 7204//7236
f 7205//7238 7197//7237 7206//7247
f 7216//7248 7155//7196 7147//7188
f 7217//7249 7216//7248 7207//7239
f 7218//7250 7217//7249 7208//7240
f 7219//7251 7218//7250 7209//7241
f 7220//7252 7219//7251 7210//7243
f 7221//7253 7220//7252 7211//7244
f 7213//7254 7222//7255 7221//7253
f 7214//7246 7223//7257 7222//7255
f 7214//7246 7206//7247 7215//7256
f 7224//7258 7163//7204 7155//7196
f 7217//7249 7225//7267 7224//7258
f 7226//7259 7225//7267 7217//7249
f 7227//7260 7226//7259 7218//7250
f 7228//7261 7227//7260 7219//7251
f 7229//7262 7228//7261 7220//7252
f 7230//7263 7229//7262 7221//7253
f 7231//7264 7230//7263 7222//7255
f 7232//7265 7171//7211 7163//7204
f 7233//7266 7232//7265 7224//7258
f 7226//7259 7234//7268 7233//7266
f 7227//7260 7235//7276 7234//7268
f 7236//7269 7235//7276 7227//7260
f 7229//7262 7237//7277 7236//7269
f 7238//7270 7237//7277 7229//7262
f 7239//7271 7238//7270 7230//7263
f 7240//7272 7179//7221 7171//7211
f 7241//7273 7240//7272 7232//7265
f 7242//7274 7241//7273 7233//7266
f 7243//7275 7242//7274 7234//7268
f 7236//7269 7244//7278 7243//7275
f 7237//7277 7245//7279 7244//7278
f 7238//7270 7246//7280 7245//7279
f 7239//7271 7247//7287 7246//7280
f 7240//7272 7248//7281 7187//7220
f 7241//7273 7249//7282 7248//7281
f 7242//7274 7250//7283 7249//7282
f 7243//7275 7251//7852 7250//7283
f 7252//7284 7251//7852 7243//7275
f 7253//7285 7252//7284 7244//7278
f 7254//7286 7253//7285 7245//7279
f 7247//7287 7255//7321 7254//7286
f 7025//7058 7256//7291 7188//7228
f 7257//7288 7256//7291 7025//7058
f 7027//7060 7258//7289 7257//7288
f 7027//7060 6845//7061 7039//7072
f 7259//7290 7197//7237 7188//7228
f 7260//7292 7259//7290 7256//7291
f 7258//7289 7261//7293 7260//7292
f 7261//7293 7258//7289 7039//7072
f 7259//7290 7262//7296 7206//7247
f 7263//7294 7262//7296 7259//7290
f 7261//7293 7264//7295 7263//7294
f 7264//7295 7261//7293 7052//7086
f 7262//7296 7265//7297 7215//7256
f 7263//7294 7266//7298 7265//7297
f 7264//7295 7267//7299 7266//7298
f 7264//7295 7064//7109 7075//7108
f 7268//7300 7267//7299 7075//7108
f 7269//7301 7223//7257 7215//7256
f 7266//7298 7271//7306 7270//7302
f 7272//7303 7271//7306 7266//7298
f 7268//7300 7273//7304 7272//7303
f 7268//7300 7076//7121 7087//7120
f 7269//7301 7274//7305 7231//7264
f 7269//7301 7265//7297 7270//7302
f 7271//7306 7276//7311 7275//7307
f 7277//7308 7276//7311 7271//7306
f 7273//7304 7278//7309 7277//7308
f 7278//7309 7273//7304 7087//7120
f 7274//7305 7279//7310 7239//7271
f 7274//7305 7270//7302 7275//7307
f 7276//7311 7281//7317 7280//7312
f 7282//7313 7281//7317 7276//7311
f 7283//7314 7282//7313 7277//7308
f 7283//7314 7278//7309 7097//7131
f 7279//7310 7284//7315 7247//7287
f 7279//7310 7275//7307 7280//7312
f 7285//7316 7284//7315 7280//7312
f 7282//7313 7287//7319 7286//7318
f 7283//7314 7288//7320 7287//7319
f 7288//7320 7283//7314 7107//7140
f 7284//7315 7289//7322 7255//7321
f 7285//7316 7290//7323 7289//7322
f 7285//7316 7281//7317 7286//7318
f 7291//1694 3900//1694 2096//1694
f 7292//1694 3901//1694 3900//1694
f 7293//7324 3902//3771 3901//1694
f 7293//7324 7294//7325 3903//3772
f 7294//7325 7295//7327 3904//3774
f 7296//7326 3905//3773 3904//3774
f 7296//7326 7297//7328 3906//3775
f 7297//7328 7298//7335 3907//3807
f 7299//1904 7291//1694 5789//1694
f 7300//7329 7292//1694 7291//1694
f 7300//7329 7301//7330 7293//7324
f 7301//7330 7302//7331 7294//7325
f 7302//7331 7303//7333 7295//7327
f 7304//7332 7296//7326 7295//7327
f 7304//7332 7305//7334 7297//7328
f 7305//7334 7306//7584 7298//7335
f 7307//5794 7299//1904 5797//1904
f 7308//7336 7300//7329 7299//1904
f 7309//7337 7301//7330 7300//7329
f 7310//7338 7302//7331 7301//7330
f 7311//7339 7303//7333 7302//7331
f 7313//7340 7307//5794 5803//5794
f 7314//7341 7308//7336 7307//5794
f 7314//7341 7315//7343 7309//7337
f 7316//7342 7310//7338 7309//7337
f 7317//7344 7311//7339 7310//7338
f 7318//7345 7313//7340 5808//5804
f 7319//7346 7314//7341 7313//7340
f 7320//7347 7315//7343 7314//7341
f 7321//7348 7316//7342 7315//7343
f 7322//7349 7317//7344 7316//7342
f 7323//7350 7318//7345 5813//5809
f 7324//7351 7319//7346 7318//7345
f 7325//7352 7320//7347 7319//7346
f 7326//7353 7321//7348 7320//7347
f 7327//7354 7322//7349 7321//7348
f 7304//7332 7303//7333 7328//7355
f 7305//7334 7304//7332 7329//7356
f 7331//7358 7306//7584 7305//7334
f 7311//7339 7332//7360 7328//7355
f 7333//7359 7329//7356 7328//7355
f 7334//7361 7330//7357 7329//7356
f 7334//7361 7335//7363 7331//7358
f 7312//7362 7306//7584 7331//7358
f 7336//7364 7332//7360 7311//7339
f 7337//7365 7333//7359 7332//7360
f 7322//7349 7339//7367 7336//7364
f 7340//7366 7337//7365 7336//7364
f 7342//7368 7323//7350 5818//5835
f 7343//7369 7324//7351 7323//7350
f 7325//7352 7324//7351 7343//7369
f 7326//7353 7325//7352 7344//7370
f 7327//7354 7326//7353 7345//7371
f 7327//7354 7346//7372 7339//7367
f 7347//7373 7340//7366 7339//7367
f 5845//5841 7349//7374 7342//7368
f 7349//7374 7350//7376 7343//7369
f 7351//7375 7344//7370 7343//7369
f 7352//7377 7345//7371 7344//7370
f 7353//7378 7346//7372 7345//7371
f 7334//7379 7333//8213 7357//7380
f 7359//7382 7335//7363 7334//7361
f 7337//7384 7361//7392 7357//7385
f 7362//7387 7363//7389 7359//7382
f 7338//7388 7335//7363 7359//7382
f 7365//7390 7364//7399 7360//7391
f 7365//7393 7361//7392 7337//7384
f 7366//7395 7367//7397 7363//7389
f 7341//7396 7338//7388 7363//7389
f 7373//7398 7372//7421 7364//7399
f 7347//7400 7346//8214 7372//7401
f 7373//7403 7365//7393 7340//7394
f 7375//7405 7367//7397 7366//7395
f 7375//7405 7348//7429 7341//7396
f 7376//7407 5877//5885 5865//5884
f 7349//7409 5845//5886 5877//5886
f 7378//7410 7376//7407 7368//7408
f 7350//7412 7349//7409 7376//7409
f 7380//7413 7378//7410 7369//7411
f 7351//7415 7350//7412 7378//7412
f 7382//7417 7380//7413 7370//7414
f 7382//7419 7352//8215 7351//7415
f 7385//7420 7382//7417 7371//7418
f 7353//7422 7352//8215 7382//7419
f 7385//7424 7372//8216 7346//7425
f 7388//7427 7375//7405 7374//7406
f 7388//7427 7354//7446 7348//7429
f 5886//5902 7389//7431 7377//7430
f 7389//7431 7390//7433 7379//7432
f 7390//7433 7391//7435 7381//7434
f 7391//7435 7392//7438 7383//7436
f 7393//7437 7384//7440 7383//7436
f 7394//7439 7386//7441 7384//7440
f 7394//7439 7395//7443 7387//7428
f 7396//7442 7388//7427 7387//7428
f 7396//7442 7395//7443 7355//7444
f 7396//7442 7356//7445 7354//7446
f 7399//7447 7358//8217 7357//7448
f 7405//7450 7404//7453 7397//7451
f 7405//7450 7361//7392 7360//7391
f 7405//7450 7398//7452 7357//7385
f 7362//7387 7358//7383 7399//7454
f 7407//7456 5903//5924 5896//5923
f 7408//7458 7407//7456 7400//7457
f 7409//7460 7408//7458 7401//7459
f 7410//7462 7409//7460 7402//7461
f 7411//7464 7410//7462 7403//7463
f 7411//7464 7404//7453 7360//7391
f 7412//7465 7366//7395 7362//7387
f 7413//7466 5914//5930 5903//5924
f 7368//7408 5865//5884 5914//5930
f 7415//7467 7413//7466 7407//7456
f 7369//7411 7368//7408 7413//7466
f 7417//7468 7415//7467 7408//7458
f 7370//7414 7369//7411 7415//7467
f 7419//7469 7417//7468 7409//7460
f 7419//7469 7371//7418 7370//7414
f 7422//7470 7419//7469 7410//7462
f 7422//7470 7372//7421 7371//7418
f 7422//7470 7411//7464 7364//7399
f 7424//7471 7374//7406 7366//7395
f 7425//7472 7414//7474 5915//5944
f 7377//7430 7425//7472 5922//5945
f 7426//7473 7416//7476 7414//7474
f 7379//7432 7426//7473 7425//7472
f 7427//7475 7418//7478 7416//7476
f 7381//7434 7427//7475 7426//7473
f 7428//7477 7420//7480 7418//7478
f 7428//7477 7427//7475 7381//7434
f 7429//7479 7421//7482 7420//7480
f 7429//7479 7428//7477 7383//7436
f 7430//7481 7423//7484 7421//7482
f 7430//7481 7429//7479 7384//7440
f 7431//7483 7424//7524 7423//7484
f 7431//7483 7430//7481 7386//7441
f 7431//7485 7387//7428 7374//7406
f 7440//7486 7439//7489 7432//7487
f 7440//7486 7398//7452 7397//7451
f 7440//7486 7433//7488 7434//7490
f 7441//7491 7399//7447 7398//7449
f 7442//7492 5943//5963 5932//5962
f 7400//7457 5896//5923 5943//5963
f 7444//7494 7442//7492 7435//7493
f 7401//7459 7400//7457 7442//7492
f 7446//7496 7444//7494 7436//7495
f 7402//7461 7401//7459 7444//7494
f 7448//7498 7446//7496 7437//7497
f 7448//7498 7403//7463 7402//7461
f 7451//7500 7448//7498 7438//7499
f 7451//7500 7404//7453 7403//7463
f 7451//7500 7439//7489 7397//7451
f 7453//7501 7406//7455 7399//7454
f 7454//7503 7443//7505 5944//5977
f 7455//7504 7445//7507 7443//7505
f 7456//7506 7447//7509 7445//7507
f 7457//7508 7449//7511 7447//7509
f 7458//7510 7450//7513 7449//7511
f 7459//7512 7452//7515 7450//7513
f 7460//7514 7453//7581 7452//7515
f 7460//7516 7412//7465 7406//7455
f 7461//7517 7454//7503 5951//5985
f 7414//7474 7461//7517 5958//5986
f 7462//7518 7455//7504 7454//7503
f 7416//7476 7462//7518 7461//7517
f 7463//7519 7456//7506 7455//7504
f 7418//7478 7463//7519 7462//7518
f 7464//7520 7457//7508 7456//7506
f 7420//7480 7464//7520 7463//7519
f 7465//7521 7458//7510 7457//7508
f 7421//7482 7465//7521 7464//7520
f 7466//7522 7459//7512 7458//7510
f 7466//7522 7465//7521 7421//7482
f 7467//7523 7460//7514 7459//7512
f 7467//7523 7466//7522 7423//7484
f 7467//7525 7424//7471 7412//7465
f 7474//7526 7473//7538 3916//4178
f 7475//7527 5973//6003 5965//6002
f 7476//7529 7475//7527 7468//7528
f 7477//7531 7476//7529 7469//7530
f 7477//7531 7470//7532 7471//7533
f 7478//7534 7471//7533 7472//7535
f 7480//7537 7479//7536 7472//7535
f 7480//7539 7433//7488 7432//7487
f 7480//7537 7473//7538 7474//7526
f 7482//7542 7434//7490 7433//7488
f 7484//7544 5981//7544 5973//6003
f 7483//7545 7435//7547 5932//6023
f 7485//7546 7436//7549 7435//7547
f 7486//7548 7437//7551 7436//7549
f 7487//7550 7438//7553 7437//7551
f 7488//7552 7439//8218 7438//7553
f 7488//7554 7479//8219 7432//7555
f 7489//7557 7481//7945 7479//7558
f 7490//7560 7482//7948 7481//7561
f 7490//7562 7441//7502 7434//7563
f 5988//6040 7491//7567 7483//7565
f 7443//7505 7491//7568 5988//6041
f 7492//7566 7485//7570 7483//7565
f 7445//7507 7492//7571 7491//7568
f 7493//7569 7486//7573 7485//7570
f 7447//7509 7493//7574 7492//7571
f 7494//7572 7487//7576 7486//7573
f 7449//7511 7494//7577 7493//7574
f 7495//7575 7488//7559 7487//7576
f 7450//7513 7495//7579 7494//7577
f 7496//7578 7489//7557 7488//7559
f 7452//7515 7496//7578 7495//7579
f 7497//7580 7490//7560 7489//7557
f 7497//7580 7496//7578 7452//7515
f 7497//7582 7453//7501 7441//7502
f 7298//7335 7498//7585 3940//3836
f 7499//7583 7498//7585 7298//7335
f 7312//7362 7500//8220 7499//7583
f 7498//7585 7501//7587 3966//3837
f 7502//7586 3967//3850 3966//3837
f 7499//7583 7503//7589 7501//7587
f 7504//7588 7502//7586 7501//7587
f 7500//7590 7312//7362 7335//7363
f 7500//7592 7505//7594 7503//7589
f 7506//7593 7504//7588 7503//7589
f 7507//7595 7505//8221 7335//7596
f 7508//7598 7507//7595 7338//7597
f 7348//7429 7509//7600 7508//7598
f 7354//7446 7510//7603 7509//7600
f 7518//7601 7510//7603 7354//7446
f 7518//7601 7519//7604 7511//7602
f 7519//7604 7520//7606 7512//7605
f 7520//7606 7521//7608 7513//7607
f 7521//7608 7522//5708 7514//5706
f 7523//7609 7515//7611 7514//5706
f 7524//7610 7516//7613 7515//7611
f 7525//7612 7517//7637 7516//7613
f 7502//7586 7526//7614 3979//3864
f 7504//7588 7527//7617 7526//7614
f 7506//7593 7505//7594 7528//7615
f 7506//7593 7529//7616 7527//7617
f 7507//7618 7530//7620 7528//7615
f 7531//7619 7529//7616 7528//7615
f 7508//7621 7532//7622 7530//7620
f 7532//7622 7533//7624 7531//7619
f 7509//7600 7534//7623 7532//7622
f 7534//7623 7535//7626 7533//7624
f 7542//7625 7534//7623 7509//7600
f 7542//7625 7543//7627 7535//7626
f 7511//7602 7543//7627 7542//7625
f 7543//7627 7544//7629 7536//7628
f 7544//7629 7543//7627 7511//7602
f 7544//7629 7545//7631 7537//7630
f 7545//7631 7544//7629 7512//7605
f 7545//7631 7546//7633 7538//7632
f 7546//7633 7545//7631 7513//7607
f 7546//7633 7547//5730 7539//7634
f 7547//5730 7546//7633 7514//5706
f 7547//5730 7548//5730 7540//7634
f 7548//5730 7547//5730 7515//7611
f 7548//5730 7549//7636 7541//7635
f 7549//7636 7548//5730 7516//7613
f 7526//7614 7550//7638 3993//3863
f 7527//7617 7551//7648 7550//7638
f 7552//7639 7551//7648 7527//7617
f 7531//7619 7553//7640 7552//7639
f 7533//7624 7554//7651 7553//7640
f 7555//7641 7554//7651 7533//7624
f 7536//7628 7556//7645 7555//7643
f 7537//7630 7557//7646 7556//7645
f 7538//7632 7558//7647 7557//7646
f 7539//7634 7559//5747 7558//7647
f 7540//7634 7560//5747 7559//5747
f 7541//7635 7561//7656 7560//5747
f 7550//7638 7562//7649 4011//3883
f 7551//7648 7563//7658 7562//7649
f 7564//7650 7563//7658 7551//7648
f 7553//7640 7565//7652 7564//7650
f 7554//7651 7566//7660 7565//7652
f 7567//7653 7566//7660 7554//7651
f 7556//7645 7568//7655 7567//7654
f 7557//7646 7569//7665 7568//7655
f 7570//5758 7569//7665 7557//7646
f 7571//5759 7570//5758 7558//7647
f 7572//5759 7571//5759 7559//5747
f 7561//7656 7573//5761 7572//5759
f 7574//1724 4035//1724 4011//3883
f 7575//7657 7574//1724 7562//7649
f 7576//7659 7575//7657 7563//7658
f 7565//7652 7577//7661 7576//7659
f 7566//7660 7578//7978 7577//7661
f 7579//7662 7578//7978 7566//7660
f 7580//7663 7579//7982 7567//7654
f 7581//7664 7580//7663 7568//7655
f 7582//5769 7581//7664 7569//7665
f 7571//5759 7583//5770 7582//5769
f 7572//5759 7584//5770 7583//5770
f 7585//5771 7584//5770 7572//5759
f 7109//7143 3528//3432 4045//3919
f 7587//7667 7110//7144 7109//7143
f 7588//7668 7111//7145 7110//7144
f 7589//7669 7112//7146 7111//7145
f 7590//7670 7113//7147 7112//7146
f 7591//7671 7114//7148 7113//7147
f 7593//7672 7592//7674 7115//7151
f 7116//7149 7114//7148 7591//7671
f 7118//7152 7595//7675 7594//7673
f 7118//7152 7115//7151 7592//7674
f 7596//7676 7586//7666 4045//3919
f 7597//7677 7587//7667 7586//7666
f 7588//7668 7587//7667 7597//7677
f 7599//7679 7589//7669 7588//7668
f 7600//7680 7590//7670 7589//7669
f 7591//7671 7590//7670 7600//7680
f 7593//7672 7603//7683 7602//7682
f 7593//7672 7591//7671 7601//7681
f 7595//7675 7605//7685 7604//7684
f 7595//7675 7592//7674 7602//7682
f 7606//7686 7605//7685 7602//7682
f 7608//7687 4077//3954 4076//3952
f 7609//7689 7596//7676 4056//3930
f 7611//7690 7608//7687 7607//7688
f 7611//7690 7612//8222 7609//7692
f 7612//7693 7597//7677 7596//7676
f 7613//7694 7614//7696 7611//7690
f 7615//7695 7612//8222 7611//7690
f 7598//7678 7597//7677 7612//7693
f 7617//7698 7614//7696 7613//7694
f 7618//7700 7599//7679 7598//7678
f 7620//7701 7617//7698 7616//7699
f 7600//7680 7599//7679 7618//7700
f 7623//7704 7620//7701 7619//7702
f 7601//7681 7600//7680 7621//7703
f 7625//7707 7603//7683 7601//7681
f 7627//7708 7626//7763 7604//7684
f 7606//7686 7628//7709 7627//7708
f 7606//7686 7603//7683 7625//7707
f 7607//7710 4076//8146 4098//3988
f 7630//7712 4099//8223 4077//7713
f 7630//7715 7631//8224 4100//7716
f 7631//7718 7630//8225 7608//7719
f 7631//7721 7609//7689 4078//3955
f 7610//7723 7607//7710 7629//7711
f 7613//7725 7610//7723 7632//7724
f 7635//7727 7615//8226 7614//7728
f 7616//7730 7613//7725 7633//7726
f 7617//7698 7637//7733 7634//7732
f 7637//7733 7638//8227 7635//7734
f 7618//7700 7615//7697 7635//7736
f 7639//7738 7619//8228 7616//7730
f 7640//7739 7637//7733 7617//7698
f 7641//7740 7638//8227 7637//7733
f 7621//7703 7618//7700 7638//7737
f 7622//7742 7619//8228 7639//7738
f 7643//7744 7623//7704 7622//7705
f 7623//7704 7643//8229 7640//7739
f 7644//7746 7641//7740 7640//7739
f 7624//7706 7621//7703 7641//7741
f 7649//7749 7643//7747 7642//7750
f 7650//7752 7644//7746 7643//7747
f 7625//7707 7624//7706 7644//7748
f 7651//7754 7645//7756 7517//7637
f 7652//7755 7646//7758 7645//7756
f 7653//7757 7647//7760 7646//7758
f 7654//7759 7648//7751 7647//7760
f 7655//7761 7649//7749 7648//7751
f 7655//7762 7654//7912 7626//7763
f 7656//7764 7650//7752 7649//7749
f 7656//7765 7655//7762 7627//7708
f 7656//7765 7628//7709 7625//7707
f 7629//7711 4098//3988 4117//4015
f 7632//7724 7629//7711 7657//7766
f 7633//7726 7632//7724 7658//7767
f 7660//7769 7636//7731 7633//7726
f 7661//7770 7639//7738 7636//7731
f 7665//7771 7642//7743 7639//7738
f 7666//7772 7662//7774 7541//7635
f 7645//7756 7666//7772 7549//7636
f 7667//7773 7663//7776 7662//7774
f 7667//7773 7666//7772 7645//7756
f 7668//7775 7664//7778 7663//7776
f 7668//7775 7667//7773 7646//7758
f 7669//7777 7665//7771 7664//7778
f 7669//7777 7668//7775 7647//7760
f 7669//7777 7648//8230 7642//7743
f 7657//7766 4117//4015 4136//4043
f 7658//7767 7657//7766 7670//4043
f 7672//7779 7659//7768 7658//7767
f 7673//7780 7660//7769 7659//7768
f 7674//7781 7661//7770 7660//7769
f 7662//7774 7675//7782 7561//7656
f 7663//7776 7676//7784 7675//7782
f 7664//7783 7677//7791 7676//7784
f 7678//7785 7677//7791 7664//7783
f 7678//7787 7665//7771 7661//7770
f 7670//4043 4136//4043 4152//4064
f 7671//4043 7670//4043 7679//4064
f 7672//7779 7671//4043 7680//4064
f 7673//7780 7672//7779 7681//4064
f 7683//7789 7674//7781 7673//7780
f 7675//7782 7684//7790 7573//5761
f 7676//7784 7685//7792 7684//7790
f 7677//7791 7686//7798 7685//7792
f 7687//7793 7686//7798 7677//7791
f 7687//7794 7678//7787 7674//7781
f 7679//4064 4152//4064 4168//1714
f 7680//4064 7679//4064 7688//1714
f 7690//1714 7681//4064 7680//4064
f 7682//7788 7681//4064 7690//1714
f 7683//7789 7682//7788 7691//7795
f 7684//7790 7693//7797 7585//5771
f 7685//7792 7694//7799 7693//7797
f 7686//7798 7695//7800 7694//7799
f 7687//7793 7696//8038 7695//7800
f 7696//7801 7687//7794 7683//7789
f 7180//7214 7697//7808 6056//6119
f 7698//7802 7697//7808 7180//7214
f 7182//7215 7699//7810 7698//7802
f 7700//7804 7699//7810 7182//7215
f 7701//7805 7700//7804 7183//7216
f 7702//7806 7701//7805 7184//7217
f 7186//7219 7703//7815 7702//7806
f 7704//7807 7703//7815 7186//7219
f 7705//6076 6064//6137 6056//6119
f 7706//7809 7705//6076 7697//7808
f 7699//7810 7707//7811 7706//7809
f 7700//7804 7708//7812 7707//7811
f 7701//7805 7709//7813 7708//7812
f 7702//7806 7710//7827 7709//7813
f 7711//7814 7710//7827 7702//7806
f 7704//7807 7712//7833 7711//7814
f 7721//7816 7713//7818 6072//6144
f 7721//7816 6080//6136 6064//6137
f 7721//7816 7722//7819 7714//7817
f 7722//7819 7721//7816 7705//6076
f 7723//7820 7715//7822 7714//7817
f 7707//7811 7723//7820 7722//7819
f 7724//7821 7716//7824 7715//7822
f 7708//7812 7724//7821 7723//7820
f 7725//7823 7717//7826 7716//7824
f 7709//7813 7725//7823 7724//7821
f 7726//7825 7718//7829 7717//7826
f 7710//7827 7726//7825 7725//7823
f 7727//7828 7719//7831 7718//7829
f 7727//7828 7726//7825 7710//7827
f 7727//7828 7728//7832 7720//7830
f 7728//7832 7727//7828 7711//7814
f 7729//7834 6088//6153 6072//6144
f 7730//7835 7729//7834 7713//7818
f 7715//7822 7731//7836 7730//7835
f 7716//7824 7732//7837 7731//7836
f 7717//7826 7733//7838 7732//7837
f 7718//7829 7734//7839 7733//7838
f 7719//7831 7735//7841 7734//7839
f 7736//7840 7356//7445 7355//7444
f 7736//7840 7735//7841 7719//7831
f 6095//6152 7737//7842 7389//7431
f 7737//7842 6095//6152 6088//6153
f 7737//7842 7738//7843 7390//7433
f 7738//7843 7737//7842 7729//7834
f 7738//7843 7739//7845 7391//7435
f 7731//7836 7739//7845 7738//7843
f 7740//7844 7392//7438 7391//7435
f 7732//7837 7740//7844 7739//7845
f 7741//7846 7393//7437 7392//7438
f 7741//7846 7740//7844 7732//7837
f 7742//7847 7394//7439 7393//7437
f 7742//7847 7741//7846 7733//7838
f 7743//7848 7395//7443 7394//7439
f 7743//7848 7742//7847 7734//7839
f 7743//7848 7735//7841 7355//7444
f 7248//7281 7744//7849 7704//7807
f 7249//7282 7745//7850 7744//7849
f 7250//7283 7746//7858 7745//7850
f 7747//7851 7746//7858 7250//7283
f 7252//7284 7748//7860 7747//7851
f 7749//7853 7748//7860 7252//7284
f 7750//7854 7749//7853 7253//7285
f 7751//7855 7750//7854 7254//7286
f 7753//7856 7712//7833 7704//7807
f 7754//7857 7753//7856 7744//7849
f 7746//7858 7755//7859 7754//7857
f 7747//7851 7756//7861 7755//7859
f 7748//7860 7757//7862 7756//7861
f 7749//7853 7758//7875 7757//7862
f 7759//7863 7758//7875 7749//7853
f 7751//7855 7760//7880 7759//7863
f 7728//7832 7769//7865 7761//7864
f 7769//7865 7728//7832 7712//7833
f 7769//7865 7770//7867 7762//7866
f 7770//7867 7769//7865 7753//7856
f 7771//7868 7763//7870 7762//7866
f 7755//7859 7771//7868 7770//7867
f 7772//7869 7764//7872 7763//7870
f 7756//7861 7772//7869 7771//7868
f 7773//7871 7765//7874 7764//7872
f 7757//7862 7773//7871 7772//7869
f 7774//7873 7766//7877 7765//7874
f 7758//7875 7774//7873 7773//7871
f 7775//7876 7767//7879 7766//7877
f 7775//7876 7774//7873 7758//7875
f 7776//7878 7768//7882 7767//7879
f 7776//7878 7775//7876 7759//7863
f 7776//7878 7760//7880 7752//7881
f 7736//7840 7777//7883 7518//7601
f 7777//7883 7736//7840 7720//7830
f 7777//7883 7778//7884 7519//7604
f 7778//7884 7777//7883 7761//7864
f 7778//7884 7779//7886 7520//7606
f 7763//7870 7779//7886 7778//7884
f 7780//7885 7521//7608 7520//7606
f 7764//7872 7780//7885 7779//7886
f 7781//7887 7522//5708 7521//7608
f 7765//7874 7781//7887 7780//7885
f 7782//7888 7523//7609 7522//5708
f 7766//7877 7782//7888 7781//7887
f 7782//7888 7783//7889 7524//7610
f 7783//7889 7782//7888 7766//7877
f 7783//7889 7784//7890 7525//7612
f 7784//7890 7783//7889 7767//7879
f 7287//7319 7786//7892 7785//7891
f 7288//7320 7787//7893 7786//7892
f 7787//7893 7288//7320 7117//7150
f 7788//7894 7751//7855 7255//7321
f 7290//7323 7789//7895 7788//7894
f 7789//7895 7290//7323 7286//7318
f 7792//7896 7791//7901 7785//7891
f 7787//7893 7793//7897 7792//7896
f 7793//7897 7787//7893 7594//7673
f 7794//7898 7790//7900 7752//7881
f 7794//7898 7760//7880 7751//7855
f 7795//7899 7791//7901 7790//7900
f 7795//7899 7794//7898 7788//7894
f 7795//7899 7789//7895 7785//7891
f 7796//7902 7768//7882 7752//7881
f 7797//7903 7796//7902 7790//7900
f 7792//7896 7798//7904 7797//7903
f 7793//7897 7799//7905 7798//7904
f 7799//7905 7793//7897 7604//7684
f 7800//7906 7651//7754 7525//7612
f 7796//7902 7800//7906 7784//7890
f 7801//7907 7652//7755 7651//7754
f 7797//7903 7801//7909 7800//7906
f 7802//7908 7653//7757 7652//7755
f 7798//7904 7802//8231 7801//7909
f 7803//7910 7654//7759 7653//7757
f 7803//7911 7802//8231 7798//7904
f 7803//7911 7799//7905 7626//7763
f 7804//7913 6234//6299 2361//6298
f 7468//7528 5965//6002 6234//6299
f 7806//7915 7804//7913 4253//7914
f 7469//7530 7468//7528 7804//7913
f 7808//7917 7806//7915 4254//7916
f 7470//7532 7469//7530 7806//7915
f 7810//7919 7808//7917 4255//7918
f 7471//7533 7470//7532 7808//7917
f 7812//7921 7810//7919 4256//7920
f 7472//7535 7471//7533 7810//7919
f 7815//7923 7812//7921 4257//7922
f 7815//7923 7473//7538 7472//7535
f 7815//7923 4258//4176 3916//4178
f 7816//7924 7474//7950 3917//7925
f 7817//7926 7805//7929 6235//6319
f 7818//7928 7807//7934 7805//7929
f 7476//7930 7818//7936 7817//7931
f 7819//7933 7809//7938 7807//7934
f 7477//7935 7819//8232 7818//7936
f 7820//7937 7811//7942 7809//7938
f 7820//7939 7819//8232 7477//7935
f 7820//7937 7821//7943 7813//7941
f 7821//7943 7820//7939 7478//7940
f 7822//7944 7814//7947 7813//7941
f 7822//7944 7821//7943 7479//7558
f 7823//7946 7816//7973 7814//7947
f 7482//7948 7823//7946 7822//7944
f 7823//7949 7482//8233 7474//7950
f 7824//7951 7817//7926 6242//7927
f 7484//7953 7824//7953 6243//7953
f 7824//7954 7484//8234 7475//7955
f 7825//7957 4316//7960 2424//6337
f 7805//7929 7825//7961 6250//6338
f 7826//7959 4317//7963 4316//7960
f 7807//7934 7826//7964 7825//7961
f 7827//7962 4318//7966 4317//7963
f 7809//7938 7827//7967 7826//7964
f 7828//7965 4319//7969 4318//7966
f 7811//7942 7828//7970 7827//7967
f 7829//7968 4320//4261 4319//7969
f 7813//7941 7829//7968 7828//7970
f 7830//7971 4321//4265 4320//4261
f 7814//7947 7830//7971 7829//7968
f 7831//7972 4322//4264 4321//4265
f 7831//7972 7830//7971 7814//7947
f 7831//7974 7816//7924 4259//4179
f 7832//7975 4403//4389 4035//1724
f 7833//7976 7832//7975 7574//1724
f 7834//7977 7833//7976 7575//7657
f 7577//7661 7835//7979 7834//7977
f 7578//7978 7836//7986 7835//7979
f 7837//7980 7836//7986 7578//7978
f 7580//7663 7838//7989 7837//7981
f 7839//7983 7838//7989 7580//7663
f 7582//5769 7840//6214 7839//7983
f 7841//6215 7840//6214 7582//5769
f 7842//6215 7841//6215 7583//5770
f 7843//6216 7842//6215 7584//5770
f 7832//7975 7844//7994 4446//4451
f 7845//7984 7844//7994 7832//7975
f 7846//7985 7845//7984 7833//7976
f 7835//7979 7847//7987 7846//7985
f 7836//7986 7848//7998 7847//7987
f 7849//7988 7848//7998 7836//7986
f 7838//7989 7850//8004 7849//7990
f 7851//7991 7850//8004 7838//7989
f 7852//7992 7851//7991 7839//7983
f 7853//6227 7852//7992 7840//6214
f 7854//6227 7853//6227 7841//6215
f 7855//7993 7854//6227 7842//6215
f 7844//7994 7856//7995 4467//4470
f 7845//7984 7857//7996 7856//7995
f 7846//7985 7858//7997 7857//7996
f 7847//7987 7859//7999 7858//7997
f 7848//7998 7860//8027 7859//7999
f 7867//8000 7860//8027 7848//7998
f 7867//8001 7868//8005 7861//8002
f 7850//8004 7868//8005 7867//8001
f 7868//8005 7869//8007 7862//8006
f 7851//7991 7869//8007 7868//8005
f 7869//8007 7870//8008 7863//6240
f 7852//7992 7870//8008 7869//8007
f 7871//6239 7864//6241 7863//6240
f 7871//6239 7870//8008 7852//7992
f 7872//6239 7865//6241 7864//6241
f 7872//6239 7871//6239 7853//6227
f 7872//6239 7873//8009 7866//6244
f 7873//8009 7872//6239 7854//6227
f 7856//7995 7874//8014 4482//8010
f 7875//8011 4483//4485 4482//4486
f 7875//8011 7876//8013 4484//4487
f 7876//8013 7877//6252 4485//2162
f 7878//6251 4486//2161 4485//2162
f 7879//6251 4487//2161 4486//2161
f 7880//6254 4488//2163 4487//2161
f 7857//7996 7881//8235 7874//8014
f 7881//8015 7882//8016 7875//8011
f 7882//8016 7883//8017 7876//8013
f 7883//8017 7884//6260 7877//6252
f 7885//6259 7878//6251 7877//6252
f 7886//6259 7879//6251 7878//6251
f 7887//6261 7880//6254 7879//6251
f 7888//8018 7881//8235 7857//7996
f 7888//8019 7889//8021 7882//8016
f 7890//8020 7883//8017 7882//8016
f 7891//6266 7884//6260 7883//8017
f 7892//6267 7885//6259 7884//6260
f 7893//6267 7886//6259 7885//6259
f 7894//6268 7887//6261 7886//6259
f 7895//8022 7888//8018 7858//7997
f 7895//8023 7896//8024 7889//8021
f 7896//8024 7897//8025 7890//8020
f 7898//6273 7891//6266 7890//8020
f 7899//6274 7892//6267 7891//6266
f 7900//6274 7893//6267 7892//6267
f 7901//6275 7894//6268 7893//6267
f 7902//8026 7895//8022 7859//7999
f 7902//8028 7903//8029 7896//8024
f 7861//8002 7903//8029 7902//8028
f 7903//8029 7904//8030 7897//8025
f 7862//8006 7904//8030 7903//8029
f 7904//8030 7905//8031 7898//6273
f 7863//6240 7905//8031 7904//8030
f 7906//6281 7899//6274 7898//6273
f 7906//6281 7905//8031 7863//6240
f 7907//6281 7900//6274 7899//6274
f 7865//6241 7907//6281 7906//6281
f 7908//8032 7901//6275 7900//6274
f 7908//8032 7907//6281 7865//6241
f 7688//1714 4168//1714 4502//1714
f 7689//1714 7688//1714 7909//1714
f 7911//1714 7690//1714 7689//1714
f 7691//7795 7690//1714 7911//1714
f 7913//8034 7692//7796 7691//7795
f 7914//8035 7843//6216 7585//5771
f 7694//7799 7915//8036 7914//8035
f 7695//7800 7916//8046 7915//8036
f 7917//8037 7916//8046 7695//7800
f 7917//8039 7696//7801 7692//7796
f 7909//1714 4502//1714 4514//4515
f 7910//1714 7909//1714 7918//8040
f 7911//1714 7910//1714 7919//8040
f 7921//8042 7912//8033 7911//1714
f 7922//8043 7913//8034 7912//8033
f 7914//8035 7923//8044 7855//7993
f 7915//8036 7924//8058 7923//8044
f 7925//8045 7924//8058 7915//8036
f 7926//8047 7925//8045 7916//8046
f 7926//8048 7917//8039 7913//8034
f 7918//8040 4514//4515 4524//4527
f 7919//8040 7918//8040 7927//8049
f 7929//8051 7920//8041 7919//8040
f 7930//8052 7921//8042 7920//8041
f 7934//8053 7922//8043 7921//8042
f 7873//8009 7935//8055 7931//8054
f 7935//8055 7873//8009 7855//7993
f 7935//8055 7936//8057 7932//8056
f 7936//8057 7935//8055 7923//8044
f 7936//8057 7937//8060 7933//8059
f 7937//8060 7936//8057 7924//8058
f 7938//8061 7934//8087 7933//8059
f 7938//8061 7937//8060 7925//8045
f 7938//8062 7926//8048 7922//8043
f 7939//8063 4533//4537 4488//2163
f 7940//8064 4534//4538 4533//4537
f 7941//8065 4535//4539 4534//4538
f 7942//8066 4536//8179 4535//4539
f 7927//8049 4524//4527 4536//4541
f 7943//8068 7939//8063 7880//6254
f 7944//8069 7940//8064 7939//8063
f 7945//8070 7941//8065 7940//8064
f 7946//8071 7942//8066 7941//8065
f 7928//8050 7927//8049 7942//8067
f 7894//6268 7947//8073 7943//8068
f 7947//8073 7948//8075 7944//8069
f 7949//8074 7945//8070 7944//8069
f 7950//8076 7946//8071 7945//8070
f 7950//8077 7929//8051 7928//8050
f 7901//6275 7951//8079 7947//8073
f 7952//8078 7948//8075 7947//8073
f 7953//8080 7949//8074 7948//8075
f 7954//8081 7950//8076 7949//8074
f 7954//8082 7930//8052 7929//8051
f 7955//8083 7951//8079 7901//6275
f 7931//8054 7955//8083 7908//8032
f 7956//8084 7952//8078 7951//8079
f 7932//8056 7956//8084 7955//8083
f 7957//8085 7953//8080 7952//8078
f 7933//8059 7957//8085 7956//8084
f 7958//8086 7954//8081 7953//8080
f 7958//8086 7957//8085 7933//8059
f 7958//8088 7934//8053 7930//8052
