# Blender v3.0.1 OBJ File: ''
# www.blender.org
o left_hand_thumb_1_link.009
v -0.007921 -0.018400 -0.012662
v -0.007981 -0.018494 -0.012097
v -0.007965 -0.018497 -0.011205
v -0.007972 -0.017769 -0.012722
v -0.007936 -0.016877 -0.012722
v -0.008142 -0.017769 -0.012097
v -0.008109 -0.017769 -0.011205
v -0.008071 -0.016877 -0.012097
v -0.008039 -0.016877 -0.011205
v -0.007949 -0.018501 -0.010312
v -0.007932 -0.018504 -0.009420
v -0.007916 -0.018508 -0.008527
v -0.007900 -0.018511 -0.007635
v -0.008077 -0.017769 -0.010312
v -0.008044 -0.017769 -0.009420
v -0.008006 -0.016877 -0.010312
v -0.007974 -0.016877 -0.009420
v -0.008012 -0.017769 -0.008527
v -0.007979 -0.017769 -0.007635
v -0.007941 -0.016877 -0.008527
v -0.007909 -0.016877 -0.007635
v -0.007901 -0.015984 -0.012722
v -0.007866 -0.015092 -0.012722
v -0.008001 -0.015984 -0.012097
v -0.007968 -0.015984 -0.011205
v -0.007930 -0.015092 -0.012097
v -0.007898 -0.015092 -0.011205
v -0.007830 -0.014200 -0.012722
v -0.007804 -0.013517 -0.012662
v -0.007860 -0.014200 -0.012097
v -0.007821 -0.014133 -0.011165
v -0.007805 -0.013502 -0.012097
v -0.007793 -0.013655 -0.011437
v -0.007936 -0.015984 -0.010312
v -0.007903 -0.015984 -0.009420
v -0.007865 -0.015092 -0.010312
v -0.007824 -0.015012 -0.009351
v -0.007871 -0.015984 -0.008527
v -0.007838 -0.015984 -0.007635
v -0.007810 -0.015218 -0.008527
v -0.007794 -0.015424 -0.007635
v -0.007807 -0.014360 -0.010312
v -0.007795 -0.014524 -0.009602
v -0.007883 -0.018515 -0.006743
v -0.007867 -0.018518 -0.005850
v -0.007851 -0.018522 -0.004958
v -0.007835 -0.018525 -0.004066
v -0.007947 -0.017769 -0.006743
v -0.007914 -0.017769 -0.005850
v -0.007876 -0.016877 -0.006743
v -0.007844 -0.016877 -0.005850
v -0.007882 -0.017769 -0.004958
v -0.007849 -0.017769 -0.004066
v -0.007811 -0.016851 -0.005008
v -0.007799 -0.017140 -0.004066
v -0.007818 -0.018529 -0.003173
v -0.007802 -0.018533 -0.002281
v -0.007789 -0.018420 -0.001487
v -0.007814 -0.017730 -0.003193
v -0.007802 -0.017997 -0.002281
v -0.007789 -0.017269 -0.003503
v -0.007791 -0.018139 -0.001669
v -0.007808 -0.015973 -0.006822
v -0.007797 -0.016282 -0.005850
v -0.007785 -0.015531 -0.007173
v -0.007787 -0.016400 -0.005338
v -0.007339 -0.018496 -0.012722
v -0.006446 -0.018500 -0.012722
v -0.007339 -0.018778 -0.012097
v -0.007339 -0.018782 -0.011205
v -0.006446 -0.018787 -0.012097
v -0.006446 -0.018790 -0.011205
v -0.007339 -0.017769 -0.012900
v -0.007339 -0.016877 -0.012900
v -0.006446 -0.017769 -0.012900
v -0.006446 -0.016877 -0.012900
v -0.005554 -0.018505 -0.012722
v -0.004662 -0.018510 -0.012722
v -0.005554 -0.018796 -0.012097
v -0.005554 -0.018799 -0.011205
v -0.004662 -0.018806 -0.012097
v -0.004662 -0.018809 -0.011205
v -0.005554 -0.017769 -0.012900
v -0.005554 -0.016877 -0.012900
v -0.004662 -0.017769 -0.012900
v -0.004662 -0.016877 -0.012900
v -0.007339 -0.018788 -0.010312
v -0.007339 -0.018795 -0.009420
v -0.006446 -0.018793 -0.010312
v -0.006446 -0.018798 -0.009420
v -0.007339 -0.018802 -0.008527
v -0.007339 -0.018809 -0.007635
v -0.006446 -0.018804 -0.008527
v -0.006446 -0.018811 -0.007635
v -0.005554 -0.018802 -0.010312
v -0.005554 -0.018805 -0.009420
v -0.004662 -0.018811 -0.010312
v -0.004662 -0.018814 -0.009420
v -0.005554 -0.018809 -0.008527
v -0.005554 -0.018814 -0.007635
v -0.004662 -0.018817 -0.008527
v -0.004662 -0.018820 -0.007635
v -0.007339 -0.015984 -0.012900
v -0.007339 -0.015092 -0.012900
v -0.006446 -0.015984 -0.012900
v -0.006446 -0.015092 -0.012900
v -0.007339 -0.014200 -0.012900
v -0.007425 -0.013255 -0.012757
v -0.006446 -0.014200 -0.012900
v -0.006446 -0.013307 -0.012900
v -0.007782 -0.013792 -0.010842
v -0.007769 -0.013056 -0.012097
v -0.007758 -0.013337 -0.011165
v -0.005554 -0.015984 -0.012900
v -0.005554 -0.015092 -0.012900
v -0.004662 -0.015984 -0.012900
v -0.004662 -0.015092 -0.012900
v -0.005554 -0.014200 -0.012900
v -0.005554 -0.013307 -0.012900
v -0.004662 -0.014200 -0.012900
v -0.004662 -0.013307 -0.012900
v -0.007784 -0.014661 -0.009007
v -0.007775 -0.014772 -0.008527
v -0.007759 -0.014978 -0.007635
v -0.007772 -0.013914 -0.010312
v -0.007761 -0.014216 -0.009351
v -0.007724 -0.013307 -0.010312
v -0.007692 -0.013307 -0.009420
v -0.007730 -0.014200 -0.008527
v -0.007697 -0.014200 -0.007635
v -0.007659 -0.013307 -0.008527
v -0.007627 -0.013307 -0.007635
v -0.003769 -0.018515 -0.012722
v -0.002877 -0.018519 -0.012722
v -0.003769 -0.018815 -0.012097
v -0.003769 -0.018818 -0.011205
v -0.002877 -0.018825 -0.012097
v -0.002877 -0.018828 -0.011205
v -0.003769 -0.017769 -0.012900
v -0.003769 -0.016877 -0.012900
v -0.002877 -0.017769 -0.012900
v -0.002877 -0.016877 -0.012900
v -0.001985 -0.018524 -0.012722
v -0.001092 -0.018529 -0.012722
v -0.001985 -0.018834 -0.012097
v -0.001985 -0.018837 -0.011205
v -0.001092 -0.018844 -0.012097
v -0.001092 -0.018847 -0.011205
v -0.001985 -0.017769 -0.012900
v -0.001985 -0.016877 -0.012900
v -0.001092 -0.017769 -0.012900
v -0.001092 -0.016877 -0.012900
v -0.003769 -0.018821 -0.010312
v -0.003769 -0.018824 -0.009420
v -0.002877 -0.018830 -0.010312
v -0.002877 -0.018833 -0.009420
v -0.003769 -0.018827 -0.008527
v -0.003769 -0.018829 -0.007635
v -0.002877 -0.018836 -0.008527
v -0.002877 -0.018839 -0.007635
v -0.001985 -0.018840 -0.010312
v -0.001985 -0.018843 -0.009420
v -0.001092 -0.018849 -0.010312
v -0.001092 -0.018852 -0.009420
v -0.001985 -0.018846 -0.008527
v -0.001985 -0.018848 -0.007635
v -0.001092 -0.018855 -0.008527
v -0.001092 -0.018858 -0.007635
v -0.003769 -0.015984 -0.012900
v -0.003769 -0.015092 -0.012900
v -0.002877 -0.015984 -0.012900
v -0.002877 -0.015092 -0.012900
v -0.003769 -0.014200 -0.012900
v -0.003769 -0.013307 -0.012900
v -0.002877 -0.014200 -0.012900
v -0.002877 -0.013307 -0.012900
v -0.001985 -0.015984 -0.012900
v -0.001985 -0.015092 -0.012900
v -0.001092 -0.015984 -0.012900
v -0.001092 -0.015092 -0.012900
v -0.001985 -0.014200 -0.012900
v -0.001985 -0.013307 -0.012900
v -0.001092 -0.014200 -0.012900
v -0.001092 -0.013307 -0.012900
v -0.007339 -0.018816 -0.006743
v -0.007339 -0.018823 -0.005850
v -0.006446 -0.018818 -0.006743
v -0.006446 -0.018825 -0.005850
v -0.007339 -0.018830 -0.004958
v -0.007339 -0.018837 -0.004066
v -0.006446 -0.018832 -0.004958
v -0.006446 -0.018839 -0.004066
v -0.007776 -0.016537 -0.004743
v -0.007764 -0.016693 -0.004066
v -0.005554 -0.018820 -0.006743
v -0.005554 -0.018827 -0.005850
v -0.004662 -0.018824 -0.006743
v -0.004662 -0.018829 -0.005850
v -0.005554 -0.018834 -0.004958
v -0.005554 -0.018841 -0.004066
v -0.004662 -0.018836 -0.004958
v -0.004662 -0.018843 -0.004066
v -0.007339 -0.018844 -0.003173
v -0.007339 -0.018851 -0.002281
v -0.006446 -0.018846 -0.003173
v -0.006446 -0.018853 -0.002281
v -0.007485 -0.018566 -0.001306
v -0.007477 -0.018561 -0.000496
v -0.006446 -0.018860 -0.001389
v -0.006446 -0.018867 -0.000496
v -0.007778 -0.017407 -0.002909
v -0.007767 -0.017551 -0.002281
v -0.007751 -0.016934 -0.003193
v -0.007713 -0.016877 -0.002281
v -0.007755 -0.017812 -0.001378
v -0.007719 -0.017769 -0.000496
v -0.007681 -0.016877 -0.001389
v -0.007648 -0.016877 -0.000496
v -0.005554 -0.018848 -0.003173
v -0.005554 -0.018855 -0.002281
v -0.004662 -0.018850 -0.003173
v -0.004662 -0.018857 -0.002281
v -0.005554 -0.018862 -0.001389
v -0.005554 -0.018869 -0.000496
v -0.004662 -0.018864 -0.001389
v -0.004662 -0.018871 -0.000496
v -0.007775 -0.015668 -0.006578
v -0.007761 -0.015836 -0.005850
v -0.007745 -0.015177 -0.006822
v -0.007703 -0.015092 -0.005850
v -0.007748 -0.016055 -0.005008
v -0.007708 -0.015984 -0.004066
v -0.007670 -0.015092 -0.004958
v -0.007637 -0.015092 -0.004066
v -0.007665 -0.014200 -0.006743
v -0.007632 -0.014200 -0.005850
v -0.007594 -0.013307 -0.006743
v -0.007561 -0.013307 -0.005850
v -0.007599 -0.014200 -0.004958
v -0.007567 -0.014200 -0.004066
v -0.007529 -0.013307 -0.004958
v -0.007496 -0.013307 -0.004066
v -0.007675 -0.015984 -0.003173
v -0.007643 -0.015984 -0.002281
v -0.007605 -0.015092 -0.003173
v -0.007572 -0.015092 -0.002281
v -0.007610 -0.015984 -0.001389
v -0.007578 -0.015984 -0.000496
v -0.007540 -0.015092 -0.001389
v -0.007507 -0.015092 -0.000496
v -0.007534 -0.014200 -0.003173
v -0.007502 -0.014200 -0.002281
v -0.007464 -0.013307 -0.003173
v -0.007431 -0.013307 -0.002281
v -0.007469 -0.014200 -0.001389
v -0.007437 -0.014200 -0.000496
v -0.007399 -0.013307 -0.001389
v -0.007366 -0.013307 -0.000496
v -0.003769 -0.018832 -0.006743
v -0.003769 -0.018835 -0.005850
v -0.002877 -0.018842 -0.006743
v -0.002877 -0.018845 -0.005850
v -0.003769 -0.018840 -0.004958
v -0.003769 -0.018845 -0.004066
v -0.002877 -0.018847 -0.004958
v -0.002877 -0.018851 -0.004066
v -0.001985 -0.018851 -0.006743
v -0.001985 -0.018854 -0.005850
v -0.001092 -0.018861 -0.006743
v -0.001092 -0.018864 -0.005850
v -0.001985 -0.018857 -0.004958
v -0.001985 -0.018860 -0.004066
v -0.001092 -0.018866 -0.004958
v -0.001092 -0.018869 -0.004066
v -0.003769 -0.018852 -0.003173
v -0.003769 -0.018859 -0.002281
v -0.002877 -0.018855 -0.003173
v -0.002877 -0.018861 -0.002281
v -0.003769 -0.018866 -0.001389
v -0.003769 -0.018873 -0.000496
v -0.002877 -0.018868 -0.001389
v -0.002877 -0.018875 -0.000496
v -0.001985 -0.018863 -0.003173
v -0.001985 -0.018866 -0.002281
v -0.001092 -0.018872 -0.003173
v -0.001092 -0.018875 -0.002281
v -0.001985 -0.018871 -0.001389
v -0.001985 -0.018877 -0.000496
v -0.001092 -0.018878 -0.001389
v -0.001092 -0.018882 -0.000496
v -0.007403 -0.018597 0.000307
v -0.007291 -0.018548 0.001289
v -0.006446 -0.018874 0.000396
v -0.006446 -0.018881 0.001289
v -0.007275 -0.018551 0.002181
v -0.007258 -0.018555 0.003073
v -0.006446 -0.018888 0.002181
v -0.006446 -0.018895 0.003073
v -0.007686 -0.017769 0.000396
v -0.007654 -0.017769 0.001289
v -0.007616 -0.016877 0.000396
v -0.007583 -0.016877 0.001289
v -0.007621 -0.017769 0.002181
v -0.007589 -0.017769 0.003073
v -0.007551 -0.016877 0.002181
v -0.007518 -0.016877 0.003073
v -0.005554 -0.018876 0.000396
v -0.005554 -0.018883 0.001289
v -0.004662 -0.018878 0.000396
v -0.004662 -0.018885 0.001289
v -0.005554 -0.018890 0.002181
v -0.005554 -0.018897 0.003073
v -0.004662 -0.018892 0.002181
v -0.004662 -0.018899 0.003073
v -0.007242 -0.018558 0.003966
v -0.007226 -0.018562 0.004858
v -0.006446 -0.018902 0.003966
v -0.006446 -0.018909 0.004858
v -0.007209 -0.018565 0.005750
v -0.007193 -0.018569 0.006643
v -0.006446 -0.018916 0.005750
v -0.006446 -0.018923 0.006643
v -0.007556 -0.017769 0.003966
v -0.007524 -0.017769 0.004858
v -0.007486 -0.016877 0.003966
v -0.007453 -0.016877 0.004858
v -0.007491 -0.017769 0.005750
v -0.007459 -0.017769 0.006643
v -0.007421 -0.016877 0.005750
v -0.007388 -0.016877 0.006643
v -0.005554 -0.018904 0.003966
v -0.005554 -0.018911 0.004858
v -0.004662 -0.018906 0.003966
v -0.004662 -0.018913 0.004858
v -0.005554 -0.018918 0.005750
v -0.005554 -0.018925 0.006643
v -0.004662 -0.018920 0.005750
v -0.004662 -0.018927 0.006643
v -0.007545 -0.015984 0.000396
v -0.007513 -0.015984 0.001289
v -0.007475 -0.015092 0.000396
v -0.007442 -0.015092 0.001289
v -0.007480 -0.015984 0.002181
v -0.007448 -0.015984 0.003073
v -0.007410 -0.015092 0.002181
v -0.007377 -0.015092 0.003073
v -0.007404 -0.014200 0.000396
v -0.007372 -0.014200 0.001289
v -0.007331 -0.013307 0.000396
v -0.007294 -0.013307 0.001289
v -0.007337 -0.014200 0.002181
v -0.007299 -0.014200 0.003073
v -0.007253 -0.013307 0.002181
v -0.007211 -0.013307 0.003073
v -0.007415 -0.015984 0.003966
v -0.007383 -0.015984 0.004858
v -0.007343 -0.015092 0.003966
v -0.007305 -0.015092 0.004858
v -0.007348 -0.015984 0.005750
v -0.007311 -0.015984 0.006643
v -0.007266 -0.015092 0.005750
v -0.007224 -0.015092 0.006643
v -0.007260 -0.014200 0.003966
v -0.007217 -0.014200 0.004858
v -0.007168 -0.013307 0.003966
v -0.007125 -0.013307 0.004858
v -0.007174 -0.014200 0.005750
v -0.007131 -0.014200 0.006643
v -0.007082 -0.013307 0.005750
v -0.007039 -0.013307 0.006643
v -0.003769 -0.018880 0.000396
v -0.003769 -0.018887 0.001289
v -0.002877 -0.018882 0.000396
v -0.002877 -0.018889 0.001289
v -0.003769 -0.018894 0.002181
v -0.003769 -0.018901 0.003073
v -0.002877 -0.018896 0.002181
v -0.002877 -0.018903 0.003073
v -0.001985 -0.018884 0.000396
v -0.001985 -0.018891 0.001289
v -0.001092 -0.018887 0.000396
v -0.001092 -0.018893 0.001289
v -0.001985 -0.018898 0.002181
v -0.001985 -0.018905 0.003073
v -0.001092 -0.018900 0.002181
v -0.001092 -0.018907 0.003073
v -0.003769 -0.018908 0.003966
v -0.003769 -0.018915 0.004858
v -0.002877 -0.018910 0.003966
v -0.002877 -0.018917 0.004858
v -0.003769 -0.018922 0.005750
v -0.003769 -0.018929 0.006643
v -0.002877 -0.018924 0.005750
v -0.002877 -0.018931 0.006643
v -0.001985 -0.018912 0.003966
v -0.001985 -0.018919 0.004858
v -0.001092 -0.018914 0.003966
v -0.001092 -0.018921 0.004858
v -0.001985 -0.018926 0.005750
v -0.001985 -0.018933 0.006643
v -0.001092 -0.018928 0.005750
v -0.001092 -0.018935 0.006643
v -0.007177 -0.018572 0.007535
v -0.007161 -0.018576 0.008427
v -0.006446 -0.018930 0.007535
v -0.006446 -0.018937 0.008427
v -0.007144 -0.018579 0.009320
v -0.007128 -0.018583 0.010212
v -0.006446 -0.018944 0.009320
v -0.006446 -0.018952 0.010212
v -0.007426 -0.017769 0.007535
v -0.007394 -0.017769 0.008427
v -0.007354 -0.016877 0.007535
v -0.007317 -0.016877 0.008427
v -0.007360 -0.017769 0.009320
v -0.007323 -0.017769 0.010212
v -0.007278 -0.016877 0.009320
v -0.007237 -0.016877 0.010212
v -0.005554 -0.018932 0.007535
v -0.005554 -0.018939 0.008427
v -0.004662 -0.018934 0.007535
v -0.004662 -0.018941 0.008427
v -0.005554 -0.018946 0.009320
v -0.005554 -0.018954 0.010212
v -0.004662 -0.018948 0.009320
v -0.004662 -0.018955 0.010212
v -0.007111 -0.018586 0.011105
v -0.007091 -0.018590 0.011997
v -0.006446 -0.018959 0.011105
v -0.006446 -0.018966 0.011997
v -0.007018 -0.018466 0.012562
v -0.006446 -0.018592 0.012622
v -0.007285 -0.017769 0.011105
v -0.007243 -0.017769 0.011997
v -0.007194 -0.016877 0.011105
v -0.007151 -0.016877 0.011997
v -0.007057 -0.017769 0.012622
v -0.007011 -0.016877 0.012622
v -0.006446 -0.017769 0.012800
v -0.006446 -0.016877 0.012800
v -0.005554 -0.018961 0.011105
v -0.005554 -0.018968 0.011997
v -0.004662 -0.018963 0.011105
v -0.004662 -0.018970 0.011997
v -0.005554 -0.018593 0.012622
v -0.004662 -0.018594 0.012622
v -0.005554 -0.017769 0.012800
v -0.005554 -0.016877 0.012800
v -0.004662 -0.017769 0.012800
v -0.004662 -0.016877 0.012800
v -0.007272 -0.015984 0.007535
v -0.007230 -0.015984 0.008427
v -0.007181 -0.015092 0.007535
v -0.007138 -0.015092 0.008427
v -0.007187 -0.015984 0.009320
v -0.007144 -0.015984 0.010212
v -0.007095 -0.015092 0.009320
v -0.007052 -0.015092 0.010212
v -0.007088 -0.014200 0.007535
v -0.007045 -0.014200 0.008427
v -0.006996 -0.013307 0.007535
v -0.006942 -0.013232 0.008486
v -0.006890 -0.012885 0.008822
v -0.007002 -0.014200 0.009320
v -0.006946 -0.014112 0.010297
v -0.006924 -0.013447 0.009320
v -0.006907 -0.013618 0.010057
v -0.006892 -0.013756 0.010652
v -0.006878 -0.013001 0.009320
v -0.006864 -0.013315 0.010297
v -0.007101 -0.015984 0.011105
v -0.007058 -0.015984 0.011997
v -0.007009 -0.015092 0.011105
v -0.006966 -0.015092 0.011997
v -0.006965 -0.015984 0.012622
v -0.006918 -0.015092 0.012561
v -0.006446 -0.015984 0.012800
v -0.006446 -0.015092 0.012740
v -0.006928 -0.014308 0.011105
v -0.006906 -0.014515 0.011997
v -0.006881 -0.013862 0.011105
v -0.006860 -0.014069 0.011997
v -0.006824 -0.013307 0.011105
v -0.006781 -0.013307 0.011997
v -0.006894 -0.014628 0.012481
v -0.006518 -0.014278 0.012609
v -0.006380 -0.013307 0.012622
v -0.005554 -0.015984 0.012800
v -0.005554 -0.015092 0.012800
v -0.004662 -0.015984 0.012800
v -0.004662 -0.015092 0.012800
v -0.005554 -0.014200 0.012800
v -0.005554 -0.013307 0.012800
v -0.004662 -0.014200 0.012800
v -0.004662 -0.013307 0.012800
v -0.003769 -0.018936 0.007535
v -0.003769 -0.018943 0.008427
v -0.002877 -0.018938 0.007535
v -0.002877 -0.018945 0.008427
v -0.003769 -0.018950 0.009320
v -0.003769 -0.018957 0.010212
v -0.002877 -0.018952 0.009320
v -0.002877 -0.018959 0.010212
v -0.001985 -0.018940 0.007535
v -0.001985 -0.018947 0.008427
v -0.001092 -0.018942 0.007535
v -0.001092 -0.018949 0.008427
v -0.001985 -0.018954 0.009320
v -0.001985 -0.018961 0.010212
v -0.001092 -0.018956 0.009320
v -0.001092 -0.018963 0.010212
v -0.003769 -0.018965 0.011105
v -0.003769 -0.018972 0.011997
v -0.002877 -0.018967 0.011105
v -0.002877 -0.018974 0.011997
v -0.003769 -0.018595 0.012622
v -0.002877 -0.018596 0.012622
v -0.003769 -0.017769 0.012800
v -0.003769 -0.016877 0.012800
v -0.002877 -0.017769 0.012800
v -0.002877 -0.016877 0.012800
v -0.001985 -0.018968 0.011105
v -0.001985 -0.018976 0.011997
v -0.001092 -0.018970 0.011105
v -0.001092 -0.018978 0.011997
v -0.001985 -0.018597 0.012622
v -0.001092 -0.018598 0.012622
v -0.001985 -0.017769 0.012800
v -0.001985 -0.016877 0.012800
v -0.001092 -0.017769 0.012800
v -0.001092 -0.016877 0.012800
v -0.003769 -0.015984 0.012800
v -0.003769 -0.015092 0.012800
v -0.002877 -0.015984 0.012800
v -0.002877 -0.015092 0.012800
v -0.003769 -0.014200 0.012800
v -0.003769 -0.013307 0.012800
v -0.002877 -0.014200 0.012800
v -0.002877 -0.013307 0.012800
v -0.001985 -0.015984 0.012800
v -0.001985 -0.015092 0.012800
v -0.001092 -0.015984 0.012800
v -0.001092 -0.015092 0.012800
v -0.001985 -0.014200 0.012800
v -0.001985 -0.013307 0.012800
v -0.001092 -0.014200 0.012800
v -0.001092 -0.013307 0.012800
v -0.007314 -0.012415 -0.012722
v -0.007279 -0.011522 -0.012722
v -0.006446 -0.012415 -0.012900
v -0.006446 -0.011522 -0.012900
v -0.007719 -0.012415 -0.012097
v -0.007686 -0.012415 -0.011205
v -0.007648 -0.011522 -0.012097
v -0.007616 -0.011522 -0.011205
v -0.007243 -0.010630 -0.012722
v -0.007208 -0.009738 -0.012722
v -0.006446 -0.010630 -0.012900
v -0.006446 -0.009738 -0.012900
v -0.007578 -0.010630 -0.012097
v -0.007545 -0.010630 -0.011205
v -0.007507 -0.009738 -0.012097
v -0.007475 -0.009738 -0.011205
v -0.005554 -0.012415 -0.012900
v -0.005554 -0.011522 -0.012900
v -0.004662 -0.012415 -0.012900
v -0.004662 -0.011522 -0.012900
v -0.005554 -0.010630 -0.012900
v -0.005554 -0.009738 -0.012900
v -0.004662 -0.010630 -0.012900
v -0.004662 -0.009738 -0.012900
v -0.007654 -0.012415 -0.010312
v -0.007621 -0.012415 -0.009420
v -0.007583 -0.011522 -0.010312
v -0.007551 -0.011522 -0.009420
v -0.007589 -0.012415 -0.008527
v -0.007556 -0.012415 -0.007635
v -0.007518 -0.011522 -0.008527
v -0.007485 -0.011522 -0.007635
v -0.007513 -0.010630 -0.010312
v -0.007480 -0.010630 -0.009420
v -0.007442 -0.009738 -0.010312
v -0.007410 -0.009738 -0.009420
v -0.007448 -0.010630 -0.008527
v -0.007415 -0.010630 -0.007635
v -0.007377 -0.009738 -0.008527
v -0.007343 -0.009738 -0.007635
v -0.007173 -0.008845 -0.012722
v -0.007137 -0.007953 -0.012722
v -0.006446 -0.008845 -0.012900
v -0.006446 -0.007953 -0.012900
v -0.007437 -0.008845 -0.012097
v -0.007404 -0.008845 -0.011205
v -0.007366 -0.007953 -0.012097
v -0.007332 -0.007953 -0.011205
v -0.007044 -0.007250 -0.012662
v -0.006446 -0.007124 -0.012722
v -0.007112 -0.007130 -0.012097
v -0.007094 -0.007145 -0.011205
v -0.006446 -0.006757 -0.012097
v -0.006446 -0.006787 -0.011205
v -0.005554 -0.008845 -0.012900
v -0.005554 -0.007953 -0.012900
v -0.004662 -0.008845 -0.012900
v -0.004662 -0.007953 -0.012900
v -0.005554 -0.007128 -0.012722
v -0.004662 -0.007132 -0.012722
v -0.005554 -0.006764 -0.012097
v -0.005554 -0.006795 -0.011205
v -0.004662 -0.006772 -0.012097
v -0.004662 -0.006802 -0.011205
v -0.007372 -0.008845 -0.010312
v -0.007338 -0.008845 -0.009420
v -0.007295 -0.007953 -0.010312
v -0.007256 -0.007953 -0.009420
v -0.007301 -0.008845 -0.008527
v -0.007263 -0.008845 -0.007635
v -0.007215 -0.007953 -0.008527
v -0.007172 -0.007953 -0.007635
v -0.007074 -0.007160 -0.010312
v -0.007052 -0.007175 -0.009420
v -0.006446 -0.006817 -0.010312
v -0.006446 -0.006847 -0.009420
v -0.007031 -0.007190 -0.008527
v -0.007009 -0.007205 -0.007635
v -0.006446 -0.006878 -0.008527
v -0.006446 -0.006908 -0.007635
v -0.005554 -0.006825 -0.010312
v -0.005554 -0.006855 -0.009420
v -0.004662 -0.006833 -0.010312
v -0.004662 -0.006863 -0.009420
v -0.005554 -0.006885 -0.008527
v -0.005554 -0.006916 -0.007635
v -0.004662 -0.006893 -0.008527
v -0.004662 -0.006923 -0.007635
v -0.003769 -0.012415 -0.012900
v -0.003769 -0.011522 -0.012900
v -0.002877 -0.012415 -0.012900
v -0.002877 -0.011522 -0.012900
v -0.003769 -0.010630 -0.012900
v -0.003769 -0.009738 -0.012900
v -0.002877 -0.010630 -0.012900
v -0.002877 -0.009738 -0.012900
v -0.001985 -0.012415 -0.012900
v -0.001985 -0.011522 -0.012900
v -0.001092 -0.012415 -0.012900
v -0.001092 -0.011522 -0.012900
v -0.001985 -0.010630 -0.012900
v -0.001985 -0.009738 -0.012900
v -0.001092 -0.010630 -0.012900
v -0.001092 -0.009738 -0.012900
v -0.003769 -0.008845 -0.012900
v -0.003769 -0.007953 -0.012900
v -0.002877 -0.008845 -0.012900
v -0.002877 -0.007953 -0.012900
v -0.003769 -0.007136 -0.012722
v -0.002877 -0.007140 -0.012722
v -0.003769 -0.006780 -0.012097
v -0.003769 -0.006810 -0.011205
v -0.002877 -0.006788 -0.012097
v -0.002877 -0.006818 -0.011205
v -0.001985 -0.008845 -0.012900
v -0.001985 -0.007953 -0.012900
v -0.001092 -0.008845 -0.012900
v -0.001092 -0.007953 -0.012900
v -0.001985 -0.007144 -0.012722
v -0.001092 -0.007148 -0.012722
v -0.001985 -0.006796 -0.012097
v -0.001985 -0.006826 -0.011205
v -0.001092 -0.006803 -0.012097
v -0.001092 -0.006834 -0.011205
v -0.003769 -0.006840 -0.010312
v -0.003769 -0.006871 -0.009420
v -0.002877 -0.006848 -0.010312
v -0.002877 -0.006878 -0.009420
v -0.003769 -0.006901 -0.008527
v -0.003769 -0.006931 -0.007635
v -0.002877 -0.006909 -0.008527
v -0.002877 -0.006939 -0.007635
v -0.001985 -0.006856 -0.010312
v -0.001985 -0.006886 -0.009420
v -0.001092 -0.006864 -0.010312
v -0.001092 -0.006894 -0.009420
v -0.001985 -0.006916 -0.008527
v -0.001985 -0.006947 -0.007635
v -0.001092 -0.006924 -0.008527
v -0.001092 -0.006955 -0.007635
v -0.007523 -0.012415 -0.006743
v -0.007491 -0.012415 -0.005850
v -0.007453 -0.011522 -0.006743
v -0.007420 -0.011522 -0.005850
v -0.007458 -0.012415 -0.004958
v -0.007426 -0.012415 -0.004066
v -0.007388 -0.011522 -0.004958
v -0.007355 -0.011522 -0.004066
v -0.007382 -0.010630 -0.006743
v -0.007349 -0.010630 -0.005850
v -0.007307 -0.009738 -0.006743
v -0.007269 -0.009738 -0.005850
v -0.007313 -0.010630 -0.004958
v -0.007275 -0.010630 -0.004066
v -0.007228 -0.009738 -0.004958
v -0.007185 -0.009738 -0.004066
v -0.007393 -0.012415 -0.003173
v -0.007361 -0.012415 -0.002281
v -0.007319 -0.011522 -0.003173
v -0.007281 -0.011522 -0.002281
v -0.007325 -0.012415 -0.001389
v -0.007288 -0.012415 -0.000496
v -0.007241 -0.011522 -0.001389
v -0.007198 -0.011522 -0.000496
v -0.007234 -0.010630 -0.003173
v -0.007191 -0.010630 -0.002281
v -0.007142 -0.009738 -0.003173
v -0.007099 -0.009738 -0.002281
v -0.007148 -0.010630 -0.001389
v -0.007105 -0.010630 -0.000496
v -0.007056 -0.009738 -0.001389
v -0.007013 -0.009738 -0.000496
v -0.007221 -0.008845 -0.006743
v -0.007178 -0.008845 -0.005850
v -0.007129 -0.007953 -0.006743
v -0.007086 -0.007953 -0.005850
v -0.007135 -0.008845 -0.004958
v -0.007092 -0.008845 -0.004066
v -0.007043 -0.007953 -0.004958
v -0.007000 -0.007953 -0.004066
v -0.006988 -0.007221 -0.006743
v -0.006966 -0.007236 -0.005850
v -0.006446 -0.006938 -0.006743
v -0.006446 -0.006968 -0.005850
v -0.006945 -0.007251 -0.004958
v -0.006923 -0.007287 -0.004066
v -0.006446 -0.006999 -0.004958
v -0.006446 -0.007050 -0.004066
v -0.005554 -0.006946 -0.006743
v -0.005554 -0.006976 -0.005850
v -0.004662 -0.006954 -0.006743
v -0.004662 -0.006984 -0.005850
v -0.005554 -0.007006 -0.004958
v -0.005554 -0.007037 -0.004066
v -0.004662 -0.007014 -0.004958
v -0.004662 -0.007044 -0.004066
v -0.007049 -0.008845 -0.003173
v -0.007006 -0.008845 -0.002281
v -0.006945 -0.007870 -0.003098
v -0.006926 -0.008073 -0.002281
v -0.006891 -0.007518 -0.002750
v -0.006880 -0.007627 -0.002281
v -0.006963 -0.008845 -0.001389
v -0.006923 -0.008833 -0.000572
v -0.006905 -0.008280 -0.001389
v -0.006894 -0.008389 -0.000921
v -0.006879 -0.008527 -0.000326
v -0.006859 -0.007834 -0.001389
v -0.006840 -0.008036 -0.000572
v -0.006906 -0.007379 -0.003345
v -0.006535 -0.007253 -0.003098
v -0.006434 -0.007300 -0.002281
v -0.006412 -0.007315 -0.001389
v -0.006391 -0.007330 -0.000496
v -0.005554 -0.007067 -0.003173
v -0.005554 -0.007097 -0.002281
v -0.004662 -0.007075 -0.003173
v -0.004662 -0.007105 -0.002281
v -0.005554 -0.007127 -0.001389
v -0.005554 -0.007158 -0.000496
v -0.004662 -0.007135 -0.001389
v -0.004662 -0.007165 -0.000496
v -0.003769 -0.006961 -0.006743
v -0.003769 -0.006992 -0.005850
v -0.002877 -0.006969 -0.006743
v -0.002877 -0.006999 -0.005850
v -0.003769 -0.007022 -0.004958
v -0.003769 -0.007052 -0.004066
v -0.002877 -0.007030 -0.004958
v -0.002877 -0.007060 -0.004066
v -0.001985 -0.006977 -0.006743
v -0.001985 -0.007007 -0.005850
v -0.001092 -0.006985 -0.006743
v -0.001092 -0.007015 -0.005850
v -0.001985 -0.007037 -0.004958
v -0.001985 -0.007068 -0.004066
v -0.001092 -0.007045 -0.004958
v -0.001092 -0.007075 -0.004066
v -0.003769 -0.007082 -0.003173
v -0.003769 -0.007113 -0.002281
v -0.002877 -0.007090 -0.003173
v -0.002877 -0.007120 -0.002281
v -0.003769 -0.007143 -0.001389
v -0.003769 -0.007173 -0.000496
v -0.002877 -0.007151 -0.001389
v -0.002877 -0.007181 -0.000496
v -0.001985 -0.007098 -0.003173
v -0.001985 -0.007128 -0.002281
v -0.001092 -0.007106 -0.003173
v -0.001092 -0.007136 -0.002281
v -0.001985 -0.007158 -0.001389
v -0.001985 -0.007189 -0.000496
v -0.001092 -0.007166 -0.001389
v -0.001092 -0.007196 -0.000496
v -0.007247 -0.012415 0.000396
v -0.007204 -0.012415 0.001289
v -0.007155 -0.011522 0.000396
v -0.007112 -0.011522 0.001289
v -0.007161 -0.012415 0.002181
v -0.007118 -0.012415 0.003073
v -0.007069 -0.011522 0.002181
v -0.007026 -0.011522 0.003073
v -0.007062 -0.010630 0.000396
v -0.007019 -0.010630 0.001289
v -0.006970 -0.009738 0.000396
v -0.006927 -0.009713 0.001239
v -0.006881 -0.009399 0.001504
v -0.006976 -0.010630 0.002181
v -0.006931 -0.010593 0.003051
v -0.006911 -0.010002 0.002181
v -0.006898 -0.010132 0.002739
v -0.006884 -0.010270 0.003333
v -0.006865 -0.009556 0.002181
v -0.006848 -0.009796 0.003051
v -0.007075 -0.012415 0.003966
v -0.007032 -0.012415 0.004858
v -0.006983 -0.011522 0.003966
v -0.006934 -0.011473 0.004863
v -0.006886 -0.011142 0.005163
v -0.006989 -0.012415 0.005750
v -0.006938 -0.012352 0.006674
v -0.006918 -0.011725 0.005750
v -0.006902 -0.011875 0.006398
v -0.006888 -0.012013 0.006993
v -0.006872 -0.011278 0.005750
v -0.006856 -0.011556 0.006674
v -0.006915 -0.010864 0.003966
v -0.006900 -0.011004 0.004568
v -0.006868 -0.010417 0.003966
v -0.006852 -0.010676 0.004863
v -0.006798 -0.009738 0.003966
v -0.006755 -0.009738 0.004858
v -0.006804 -0.010630 0.005750
v -0.006761 -0.010630 0.006643
v -0.006712 -0.009738 0.005750
v -0.006669 -0.009738 0.006643
v -0.006908 -0.009141 0.000396
v -0.006896 -0.009261 0.000909
v -0.006862 -0.008695 0.000396
v -0.006844 -0.008916 0.001239
v -0.006785 -0.007953 0.000396
v -0.006742 -0.007953 0.001289
v -0.006791 -0.008845 0.002181
v -0.006748 -0.008845 0.003073
v -0.006699 -0.007953 0.002181
v -0.006656 -0.007953 0.003073
v -0.006369 -0.007345 0.000396
v -0.006348 -0.007361 0.001289
v -0.006326 -0.007376 0.002181
v -0.006305 -0.007391 0.003073
v -0.005554 -0.007188 0.000396
v -0.005554 -0.007218 0.001289
v -0.004662 -0.007196 0.000396
v -0.004662 -0.007226 0.001289
v -0.005554 -0.007248 0.002181
v -0.005554 -0.007279 0.003073
v -0.004662 -0.007256 0.002181
v -0.004662 -0.007286 0.003073
v -0.006705 -0.008845 0.003966
v -0.006662 -0.008845 0.004858
v -0.006613 -0.007953 0.003966
v -0.006570 -0.007953 0.004858
v -0.006619 -0.008845 0.005750
v -0.006576 -0.008845 0.006643
v -0.006527 -0.007953 0.005750
v -0.006484 -0.007953 0.006643
v -0.006283 -0.007406 0.003966
v -0.006262 -0.007421 0.004858
v -0.006240 -0.007436 0.005750
v -0.006219 -0.007451 0.006643
v -0.005554 -0.007309 0.003966
v -0.005554 -0.007339 0.004858
v -0.004662 -0.007317 0.003966
v -0.004662 -0.007347 0.004858
v -0.005554 -0.007369 0.005750
v -0.005554 -0.007400 0.006643
v -0.004662 -0.007377 0.005750
v -0.004662 -0.007407 0.006643
v -0.003769 -0.007203 0.000396
v -0.003769 -0.007234 0.001289
v -0.002877 -0.007211 0.000396
v -0.002877 -0.007241 0.001289
v -0.003769 -0.007264 0.002181
v -0.003769 -0.007294 0.003073
v -0.002877 -0.007272 0.002181
v -0.002877 -0.007302 0.003073
v -0.001985 -0.007219 0.000396
v -0.001985 -0.007249 0.001289
v -0.001092 -0.007227 0.000396
v -0.001092 -0.007257 0.001289
v -0.001985 -0.007279 0.002181
v -0.001985 -0.007310 0.003073
v -0.001092 -0.007287 0.002181
v -0.001092 -0.007317 0.003073
v -0.003769 -0.007324 0.003966
v -0.003769 -0.007355 0.004858
v -0.002877 -0.007332 0.003966
v -0.002877 -0.007362 0.004858
v -0.003769 -0.007385 0.005750
v -0.003769 -0.007415 0.006643
v -0.002877 -0.007393 0.005750
v -0.002877 -0.007423 0.006643
v -0.001985 -0.007340 0.003966
v -0.001985 -0.007370 0.004858
v -0.001092 -0.007348 0.003966
v -0.001092 -0.007378 0.004858
v -0.001985 -0.007400 0.005750
v -0.001985 -0.007431 0.006643
v -0.001092 -0.007408 0.005750
v -0.001092 -0.007439 0.006643
v -0.006921 -0.012586 0.007535
v -0.006904 -0.012747 0.008227
v -0.006875 -0.012139 0.007535
v -0.006860 -0.012435 0.008486
v -0.006811 -0.011522 0.007535
v -0.006768 -0.011522 0.008427
v -0.006817 -0.012415 0.009320
v -0.006774 -0.012415 0.010212
v -0.006725 -0.011522 0.009320
v -0.006682 -0.011522 0.010212
v -0.006718 -0.010630 0.007535
v -0.006675 -0.010630 0.008427
v -0.006626 -0.009738 0.007535
v -0.006583 -0.009738 0.008427
v -0.006632 -0.010630 0.009320
v -0.006589 -0.010630 0.010212
v -0.006540 -0.009738 0.009320
v -0.006497 -0.009738 0.010212
v -0.006731 -0.012415 0.011105
v -0.006688 -0.012415 0.011997
v -0.006639 -0.011522 0.011105
v -0.006596 -0.011522 0.011997
v -0.006334 -0.012415 0.012622
v -0.006287 -0.011522 0.012622
v -0.006546 -0.010630 0.011105
v -0.006503 -0.010630 0.011997
v -0.006454 -0.009738 0.011105
v -0.006411 -0.009738 0.011997
v -0.006241 -0.010630 0.012622
v -0.006195 -0.009738 0.012622
v -0.005554 -0.012415 0.012800
v -0.005554 -0.011522 0.012800
v -0.004662 -0.012415 0.012800
v -0.004662 -0.011522 0.012800
v -0.005554 -0.010630 0.012800
v -0.005554 -0.009738 0.012800
v -0.004662 -0.010630 0.012800
v -0.004662 -0.009738 0.012800
v -0.006533 -0.008845 0.007535
v -0.006490 -0.008845 0.008427
v -0.006441 -0.007953 0.007535
v -0.006398 -0.007953 0.008427
v -0.006447 -0.008845 0.009320
v -0.006404 -0.008845 0.010212
v -0.006355 -0.007953 0.009320
v -0.006201 -0.007869 0.010154
v -0.006197 -0.007466 0.007535
v -0.006176 -0.007481 0.008427
v -0.006154 -0.007497 0.009320
v -0.006096 -0.007505 0.009818
v -0.005201 -0.007508 0.009742
v -0.005521 -0.007519 0.010154
v -0.004662 -0.007510 0.009672
v -0.004662 -0.007528 0.010212
v -0.005554 -0.007430 0.007535
v -0.005554 -0.007460 0.008427
v -0.004662 -0.007438 0.007535
v -0.004662 -0.007468 0.008427
v -0.005521 -0.007493 0.009395
v -0.005796 -0.007505 0.009818
v -0.004662 -0.007495 0.009226
v -0.006361 -0.008845 0.011105
v -0.006318 -0.008845 0.011997
v -0.006158 -0.007973 0.011105
v -0.006136 -0.007988 0.011997
v -0.006149 -0.008845 0.012622
v -0.006084 -0.008130 0.012562
v -0.005554 -0.007551 0.011105
v -0.005554 -0.007581 0.011997
v -0.004662 -0.007559 0.011105
v -0.004662 -0.007589 0.011997
v -0.005554 -0.008845 0.012800
v -0.005554 -0.007998 0.012622
v -0.004662 -0.008845 0.012800
v -0.004662 -0.008002 0.012622
v -0.003769 -0.012415 0.012800
v -0.003769 -0.011522 0.012800
v -0.002877 -0.012415 0.012800
v -0.002877 -0.011522 0.012800
v -0.003769 -0.010630 0.012800
v -0.003769 -0.009738 0.012800
v -0.002877 -0.010630 0.012800
v -0.002877 -0.009738 0.012800
v -0.001985 -0.012415 0.012800
v -0.001985 -0.011522 0.012800
v -0.001092 -0.012415 0.012800
v -0.001092 -0.011522 0.012800
v -0.001985 -0.010630 0.012800
v -0.001985 -0.009738 0.012800
v -0.001092 -0.010630 0.012800
v -0.001092 -0.009738 0.012800
v -0.003769 -0.007514 0.009557
v -0.003769 -0.007536 0.010212
v -0.002877 -0.007518 0.009441
v -0.002877 -0.007544 0.010212
v -0.003769 -0.007445 0.007535
v -0.003769 -0.007476 0.008427
v -0.002877 -0.007453 0.007535
v -0.002877 -0.007483 0.008427
v -0.003769 -0.007499 0.009111
v -0.002877 -0.007503 0.008995
v -0.001672 -0.007508 0.008839
v -0.001092 -0.007511 0.008764
v -0.001975 -0.007519 0.009256
v -0.001985 -0.007552 0.010212
v -0.001092 -0.007529 0.009320
v -0.001092 -0.007560 0.010212
v -0.001985 -0.007461 0.007535
v -0.001975 -0.007494 0.008496
v -0.001092 -0.007469 0.007535
v -0.001092 -0.007495 0.008318
v -0.002267 -0.007505 0.008916
v -0.003769 -0.007566 0.011105
v -0.003769 -0.007597 0.011997
v -0.002877 -0.007574 0.011105
v -0.002877 -0.007605 0.011997
v -0.003769 -0.008845 0.012800
v -0.003769 -0.008006 0.012622
v -0.002877 -0.008845 0.012800
v -0.002877 -0.008009 0.012622
v -0.001985 -0.007582 0.011105
v -0.001985 -0.007612 0.011997
v -0.001092 -0.007590 0.011105
v -0.001092 -0.007620 0.011997
v -0.001985 -0.008845 0.012800
v -0.001985 -0.008013 0.012622
v -0.001092 -0.008845 0.012800
v -0.001092 -0.008017 0.012622
v -0.000200 -0.018534 -0.012722
v 0.000693 -0.018538 -0.012722
v -0.000200 -0.018853 -0.012097
v -0.000200 -0.018856 -0.011205
v 0.000693 -0.018863 -0.012097
v 0.000693 -0.018866 -0.011205
v -0.000200 -0.017769 -0.012900
v -0.000200 -0.016877 -0.012900
v 0.000693 -0.017769 -0.012900
v 0.000693 -0.016877 -0.012900
v 0.001585 -0.018543 -0.012722
v 0.002477 -0.018548 -0.012722
v 0.001585 -0.018872 -0.012097
v 0.001585 -0.018875 -0.011205
v 0.002477 -0.018882 -0.012097
v 0.002477 -0.018885 -0.011205
v 0.001585 -0.017769 -0.012900
v 0.001585 -0.016877 -0.012900
v 0.002477 -0.017769 -0.012900
v 0.002477 -0.016877 -0.012900
v -0.000200 -0.018859 -0.010312
v -0.000200 -0.018862 -0.009420
v 0.000693 -0.018868 -0.010312
v 0.000693 -0.018871 -0.009420
v -0.000200 -0.018865 -0.008527
v -0.000200 -0.018867 -0.007635
v 0.000693 -0.018874 -0.008527
v 0.000693 -0.018877 -0.007635
v 0.001585 -0.018878 -0.010312
v 0.001585 -0.018881 -0.009420
v 0.002477 -0.018887 -0.010312
v 0.002477 -0.018890 -0.009420
v 0.001585 -0.018884 -0.008527
v 0.001585 -0.018886 -0.007635
v 0.002477 -0.018893 -0.008527
v 0.002477 -0.018896 -0.007635
v -0.000200 -0.015984 -0.012900
v -0.000200 -0.015092 -0.012900
v 0.000693 -0.015984 -0.012900
v 0.000693 -0.015092 -0.012900
v -0.000200 -0.014200 -0.012900
v -0.000200 -0.013307 -0.012900
v 0.000693 -0.014200 -0.012900
v 0.000693 -0.013307 -0.012900
v 0.001585 -0.015984 -0.012900
v 0.001585 -0.015092 -0.012900
v 0.002477 -0.015984 -0.012900
v 0.002477 -0.015092 -0.012900
v 0.001585 -0.014200 -0.012900
v 0.001585 -0.013307 -0.012900
v 0.002477 -0.014200 -0.012900
v 0.002477 -0.013307 -0.012900
v 0.003370 -0.018553 -0.012722
v 0.004262 -0.018557 -0.012722
v 0.003370 -0.018891 -0.012097
v 0.003370 -0.018894 -0.011205
v 0.004262 -0.018901 -0.012097
v 0.004262 -0.018904 -0.011205
v 0.003370 -0.017769 -0.012900
v 0.003370 -0.016877 -0.012900
v 0.004262 -0.017769 -0.012900
v 0.004262 -0.016877 -0.012900
v 0.005154 -0.018562 -0.012722
v 0.006047 -0.018567 -0.012722
v 0.005154 -0.018910 -0.012097
v 0.005154 -0.018913 -0.011205
v 0.006047 -0.018920 -0.012097
v 0.006047 -0.018923 -0.011205
v 0.005154 -0.017769 -0.012900
v 0.005154 -0.016877 -0.012900
v 0.006047 -0.017769 -0.012900
v 0.006047 -0.016877 -0.012900
v 0.003370 -0.018897 -0.010312
v 0.003370 -0.018900 -0.009420
v 0.004262 -0.018906 -0.010312
v 0.004262 -0.018909 -0.009420
v 0.003370 -0.018903 -0.008527
v 0.003370 -0.018905 -0.007635
v 0.004262 -0.018912 -0.008527
v 0.004262 -0.018915 -0.007635
v 0.005154 -0.018916 -0.010312
v 0.005154 -0.018919 -0.009420
v 0.006047 -0.018925 -0.010312
v 0.006047 -0.018928 -0.009420
v 0.005154 -0.018922 -0.008527
v 0.005154 -0.018924 -0.007635
v 0.006047 -0.018931 -0.008527
v 0.006047 -0.018934 -0.007635
v 0.003370 -0.015984 -0.012900
v 0.003370 -0.015092 -0.012900
v 0.004262 -0.015984 -0.012900
v 0.004262 -0.015092 -0.012900
v 0.003370 -0.014200 -0.012900
v 0.003370 -0.013307 -0.012900
v 0.004262 -0.014200 -0.012900
v 0.004262 -0.013307 -0.012900
v 0.005154 -0.015984 -0.012900
v 0.005154 -0.015092 -0.012900
v 0.006047 -0.015984 -0.012900
v 0.006047 -0.015092 -0.012900
v 0.005154 -0.014200 -0.012900
v 0.005154 -0.013307 -0.012900
v 0.006047 -0.014200 -0.012900
v 0.006047 -0.013307 -0.012900
v 0.006488 -0.012973 -0.007297
v -0.000200 -0.018870 -0.006743
v -0.000200 -0.018873 -0.005850
v 0.000693 -0.018880 -0.006743
v 0.000693 -0.018883 -0.005850
v -0.000200 -0.018876 -0.004958
v -0.000200 -0.018879 -0.004066
v 0.000693 -0.018885 -0.004958
v 0.000693 -0.018888 -0.004066
v 0.001585 -0.018889 -0.006743
v 0.001585 -0.018892 -0.005850
v 0.002477 -0.018899 -0.006743
v 0.002477 -0.018902 -0.005850
v 0.001585 -0.018895 -0.004958
v 0.001585 -0.018898 -0.004066
v 0.002477 -0.018904 -0.004958
v 0.002477 -0.018907 -0.004066
v -0.000200 -0.018882 -0.003173
v -0.000200 -0.018884 -0.002281
v 0.000693 -0.018891 -0.003173
v 0.000693 -0.018894 -0.002281
v -0.000200 -0.018887 -0.001389
v -0.000200 -0.018890 -0.000496
v 0.000693 -0.018897 -0.001389
v 0.000693 -0.018899 -0.000496
v 0.001585 -0.018901 -0.003173
v 0.001585 -0.018903 -0.002281
v 0.002477 -0.018910 -0.003173
v 0.002477 -0.018913 -0.002281
v 0.001585 -0.018906 -0.001389
v 0.001585 -0.018909 -0.000496
v 0.002477 -0.018916 -0.001389
v 0.002477 -0.018918 -0.000496
v 0.003370 -0.018908 -0.006743
v 0.003370 -0.018911 -0.005850
v 0.004262 -0.018918 -0.006743
v 0.004262 -0.018921 -0.005850
v 0.003370 -0.018914 -0.004958
v 0.003370 -0.018917 -0.004066
v 0.004262 -0.018923 -0.004958
v 0.004262 -0.018926 -0.004066
v 0.005154 -0.018927 -0.006743
v 0.005154 -0.018930 -0.005850
v 0.006047 -0.018937 -0.006743
v 0.006047 -0.018940 -0.005850
v 0.005154 -0.018933 -0.004958
v 0.005154 -0.018936 -0.004066
v 0.006047 -0.018942 -0.004958
v 0.006047 -0.018945 -0.004066
v 0.003370 -0.018920 -0.003173
v 0.003370 -0.018922 -0.002281
v 0.004262 -0.018929 -0.003173
v 0.004262 -0.018932 -0.002281
v 0.003370 -0.018925 -0.001389
v 0.003370 -0.018928 -0.000496
v 0.004262 -0.018935 -0.001389
v 0.004262 -0.018937 -0.000496
v 0.005154 -0.018939 -0.003173
v 0.005154 -0.018941 -0.002281
v 0.006047 -0.018948 -0.003173
v 0.006047 -0.018951 -0.002281
v 0.005154 -0.018944 -0.001389
v 0.005154 -0.018947 -0.000496
v 0.006047 -0.018954 -0.001389
v 0.006047 -0.018957 -0.000496
v 0.006491 -0.016460 -0.002790
v 0.006483 -0.016577 -0.002281
v 0.006492 -0.017329 -0.000956
v 0.006486 -0.017436 -0.000496
v 0.006474 -0.016887 -0.001308
v 0.006449 -0.016877 -0.000496
v 0.006488 -0.014778 -0.005532
v 0.006490 -0.015590 -0.004624
v 0.006481 -0.015719 -0.004066
v 0.006477 -0.015082 -0.004936
v 0.006445 -0.015092 -0.004066
v 0.006488 -0.013876 -0.006415
v 0.006476 -0.014184 -0.005838
v 0.006477 -0.013285 -0.006724
v 0.006442 -0.013307 -0.005850
v 0.006441 -0.014200 -0.004958
v 0.006404 -0.014200 -0.004066
v 0.006405 -0.013307 -0.004958
v 0.006368 -0.013307 -0.004066
v 0.006472 -0.016009 -0.003122
v 0.006444 -0.015984 -0.002281
v 0.006415 -0.015092 -0.003173
v 0.006386 -0.015092 -0.002281
v 0.006418 -0.015984 -0.001389
v 0.006391 -0.015984 -0.000496
v 0.006359 -0.015092 -0.001389
v 0.006332 -0.015092 -0.000496
v 0.006368 -0.014200 -0.003173
v 0.006335 -0.014200 -0.002281
v 0.006331 -0.013307 -0.003173
v 0.006294 -0.013307 -0.002281
v 0.006303 -0.014200 -0.001389
v 0.006274 -0.014200 -0.000496
v 0.006258 -0.013307 -0.001389
v 0.006224 -0.013307 -0.000496
v 0.006634 -0.018451 -0.012662
v 0.006695 -0.018570 -0.012097
v 0.006678 -0.018571 -0.011205
v 0.006695 -0.017769 -0.012722
v 0.006677 -0.016877 -0.012722
v 0.006879 -0.017769 -0.012097
v 0.006843 -0.017769 -0.011205
v 0.006843 -0.016877 -0.012097
v 0.006806 -0.016877 -0.011205
v 0.006663 -0.018573 -0.010312
v 0.006650 -0.018574 -0.009420
v 0.006636 -0.018576 -0.008527
v 0.006623 -0.018577 -0.007635
v 0.006810 -0.017769 -0.010312
v 0.006779 -0.017769 -0.009420
v 0.006769 -0.016877 -0.010312
v 0.006733 -0.016877 -0.009420
v 0.006750 -0.017769 -0.008527
v 0.006723 -0.017769 -0.007635
v 0.006699 -0.016877 -0.008527
v 0.006667 -0.016877 -0.007635
v 0.006659 -0.015984 -0.012722
v 0.006641 -0.015092 -0.012722
v 0.006807 -0.015984 -0.012097
v 0.006770 -0.015984 -0.011205
v 0.006772 -0.015092 -0.012097
v 0.006735 -0.015092 -0.011205
v 0.006624 -0.014200 -0.012722
v 0.006606 -0.013307 -0.012722
v 0.006736 -0.014200 -0.012097
v 0.006699 -0.014200 -0.011205
v 0.006700 -0.013307 -0.012097
v 0.006663 -0.013307 -0.011205
v 0.006733 -0.015984 -0.010312
v 0.006697 -0.015984 -0.009420
v 0.006698 -0.015092 -0.010312
v 0.006661 -0.015092 -0.009420
v 0.006660 -0.015984 -0.008527
v 0.006623 -0.015984 -0.007635
v 0.006624 -0.015092 -0.008527
v 0.006587 -0.015092 -0.007635
v 0.006662 -0.014200 -0.010312
v 0.006625 -0.014200 -0.009420
v 0.006626 -0.013307 -0.010312
v 0.006590 -0.013307 -0.009420
v 0.006588 -0.014200 -0.008527
v 0.006551 -0.014200 -0.007635
v 0.006553 -0.013307 -0.008527
v 0.006514 -0.013285 -0.007611
v 0.006609 -0.018578 -0.006743
v 0.006596 -0.018580 -0.005850
v 0.006582 -0.018581 -0.004958
v 0.006569 -0.018583 -0.004066
v 0.006696 -0.017769 -0.006743
v 0.006669 -0.017769 -0.005850
v 0.006638 -0.016877 -0.006743
v 0.006611 -0.016877 -0.005850
v 0.006642 -0.017769 -0.004958
v 0.006615 -0.017769 -0.004066
v 0.006584 -0.016877 -0.004958
v 0.006557 -0.016877 -0.004066
v 0.006555 -0.018584 -0.003173
v 0.006542 -0.018585 -0.002281
v 0.006528 -0.018587 -0.001389
v 0.006515 -0.018588 -0.000496
v 0.006588 -0.017769 -0.003173
v 0.006561 -0.017769 -0.002281
v 0.006524 -0.016805 -0.003122
v 0.006512 -0.017023 -0.002281
v 0.006526 -0.017684 -0.001308
v 0.006515 -0.017882 -0.000496
v 0.006501 -0.017192 -0.001551
v 0.006588 -0.015984 -0.006743
v 0.006556 -0.015984 -0.005850
v 0.006550 -0.015092 -0.006743
v 0.006512 -0.015082 -0.005838
v 0.006522 -0.015926 -0.004936
v 0.006510 -0.016165 -0.004066
v 0.006499 -0.015373 -0.005219
v 0.006513 -0.014184 -0.006724
v 0.006500 -0.014471 -0.006127
v 0.006500 -0.013568 -0.007010
v 0.006500 -0.016322 -0.003385
v -0.000200 -0.018893 0.000396
v -0.000200 -0.018897 0.001289
v 0.000693 -0.018902 0.000396
v 0.000693 -0.018905 0.001289
v -0.000200 -0.018903 0.002181
v -0.000200 -0.018909 0.003073
v 0.000693 -0.018908 0.002181
v 0.000693 -0.018913 0.003073
v 0.001585 -0.018912 0.000396
v 0.001585 -0.018915 0.001289
v 0.002477 -0.018921 0.000396
v 0.002477 -0.018924 0.001289
v 0.001585 -0.018917 0.002181
v 0.001585 -0.018920 0.003073
v 0.002477 -0.018927 0.002181
v 0.002477 -0.018930 0.003073
v -0.000200 -0.018916 0.003966
v -0.000200 -0.018923 0.004858
v 0.000693 -0.018918 0.003966
v 0.000693 -0.018925 0.004858
v -0.000200 -0.018930 0.005750
v -0.000200 -0.018937 0.006643
v 0.000693 -0.018932 0.005750
v 0.000693 -0.018939 0.006643
v 0.001585 -0.018924 0.003966
v 0.001585 -0.018928 0.004858
v 0.002477 -0.018933 0.003966
v 0.002477 -0.018935 0.004858
v 0.001585 -0.018934 0.005750
v 0.001585 -0.018941 0.006643
v 0.002477 -0.018939 0.005750
v 0.002477 -0.018944 0.006643
v 0.003370 -0.018931 0.000396
v 0.003370 -0.018934 0.001289
v 0.004262 -0.018940 0.000396
v 0.004262 -0.018943 0.001289
v 0.003370 -0.018936 0.002181
v 0.003370 -0.018939 0.003073
v 0.004262 -0.018946 0.002181
v 0.004262 -0.018949 0.003073
v 0.005154 -0.018950 0.000396
v 0.005154 -0.018953 0.001289
v 0.006047 -0.018959 0.000396
v 0.006191 -0.018713 0.001306
v 0.005154 -0.018955 0.002181
v 0.005154 -0.018958 0.003073
v 0.006121 -0.018664 0.002092
v 0.006015 -0.018589 0.003073
v 0.006472 -0.017642 0.000396
v 0.006461 -0.017849 0.001220
v 0.006422 -0.016877 0.000396
v 0.006395 -0.016877 0.001289
v 0.006426 -0.017769 0.002181
v 0.006399 -0.017769 0.003073
v 0.006368 -0.016877 0.002181
v 0.006341 -0.016877 0.003073
v 0.003370 -0.018942 0.003966
v 0.003370 -0.018945 0.004858
v 0.004262 -0.018952 0.003966
v 0.004262 -0.018954 0.004858
v 0.003370 -0.018948 0.005750
v 0.003370 -0.018951 0.006643
v 0.004262 -0.018957 0.005750
v 0.004262 -0.018960 0.006643
v 0.005154 -0.018961 0.003966
v 0.005154 -0.018964 0.004858
v 0.006001 -0.018591 0.003966
v 0.005988 -0.018592 0.004858
v 0.005154 -0.018967 0.005750
v 0.005154 -0.018970 0.006643
v 0.005974 -0.018593 0.005750
v 0.005961 -0.018595 0.006643
v 0.006372 -0.017769 0.003966
v 0.006345 -0.017769 0.004858
v 0.006314 -0.016877 0.003966
v 0.006287 -0.016877 0.004858
v 0.006319 -0.017769 0.005750
v 0.006292 -0.017769 0.006643
v 0.006260 -0.016877 0.005750
v 0.006233 -0.016877 0.006643
v 0.006364 -0.015984 0.000396
v 0.006337 -0.015984 0.001289
v 0.006305 -0.015092 0.000396
v 0.006278 -0.015092 0.001289
v 0.006310 -0.015984 0.002181
v 0.006283 -0.015984 0.003073
v 0.006251 -0.015092 0.002181
v 0.006224 -0.015092 0.003073
v 0.006247 -0.014200 0.000396
v 0.006220 -0.014200 0.001289
v 0.006192 -0.013307 0.000396
v 0.006162 -0.013307 0.001289
v 0.006193 -0.014200 0.002181
v 0.006166 -0.014200 0.003073
v 0.006134 -0.013307 0.002181
v 0.006108 -0.013307 0.003073
v 0.006256 -0.015984 0.003966
v 0.006229 -0.015984 0.004858
v 0.006197 -0.015092 0.003966
v 0.006170 -0.015092 0.004858
v 0.006202 -0.015984 0.005750
v 0.006175 -0.015984 0.006643
v 0.006143 -0.015092 0.005750
v 0.006116 -0.015092 0.006643
v 0.006139 -0.014200 0.003966
v 0.006112 -0.014200 0.004858
v 0.006081 -0.013307 0.003966
v 0.006054 -0.013307 0.004858
v 0.006085 -0.014200 0.005750
v 0.006058 -0.014200 0.006643
v 0.006027 -0.013307 0.005750
v 0.006000 -0.013307 0.006643
v -0.000200 -0.018944 0.007535
v -0.000200 -0.018951 0.008427
v 0.000693 -0.018946 0.007535
v 0.000693 -0.018953 0.008427
v -0.000200 -0.018958 0.009320
v -0.000200 -0.018965 0.010212
v 0.000693 -0.018960 0.009320
v 0.000693 -0.018967 0.010212
v 0.001585 -0.018948 0.007535
v 0.001585 -0.018955 0.008427
v 0.002477 -0.018950 0.007535
v 0.002477 -0.018957 0.008427
v 0.001585 -0.018962 0.009320
v 0.001585 -0.018969 0.010212
v 0.002477 -0.018964 0.009320
v 0.002477 -0.018971 0.010212
v -0.000200 -0.018972 0.011105
v -0.000200 -0.018979 0.011997
v 0.000693 -0.018974 0.011105
v 0.000693 -0.018981 0.011997
v -0.000200 -0.018599 0.012622
v 0.000693 -0.018600 0.012622
v -0.000200 -0.017769 0.012800
v -0.000200 -0.016877 0.012800
v 0.000693 -0.017769 0.012800
v 0.000693 -0.016877 0.012800
v 0.001585 -0.018976 0.011105
v 0.001585 -0.018983 0.011997
v 0.002477 -0.018978 0.011105
v 0.002477 -0.018985 0.011997
v 0.001585 -0.018601 0.012622
v 0.002477 -0.018602 0.012622
v 0.001585 -0.017769 0.012800
v 0.001585 -0.016877 0.012800
v 0.002477 -0.017769 0.012800
v 0.002477 -0.016877 0.012800
v -0.000200 -0.015984 0.012800
v -0.000200 -0.015092 0.012800
v 0.000693 -0.015984 0.012800
v 0.000693 -0.015092 0.012800
v -0.000200 -0.014200 0.012800
v -0.000200 -0.013307 0.012800
v 0.000693 -0.014200 0.012800
v 0.000693 -0.013307 0.012800
v 0.001585 -0.015984 0.012800
v 0.001585 -0.015092 0.012800
v 0.002477 -0.015984 0.012800
v 0.002477 -0.015092 0.012800
v 0.001585 -0.014200 0.012800
v 0.001585 -0.013307 0.012800
v 0.002477 -0.014200 0.012800
v 0.002477 -0.013307 0.012800
v 0.003370 -0.018955 0.007535
v 0.003370 -0.018960 0.008427
v 0.004262 -0.018963 0.007535
v 0.004262 -0.018966 0.008427
v 0.003370 -0.018966 0.009320
v 0.003370 -0.018973 0.010212
v 0.004262 -0.018970 0.009320
v 0.004262 -0.018976 0.010212
v 0.005154 -0.018972 0.007535
v 0.005154 -0.018975 0.008427
v 0.005947 -0.018596 0.007535
v 0.005934 -0.018598 0.008427
v 0.005154 -0.018978 0.009320
v 0.005154 -0.018981 0.010212
v 0.005920 -0.018599 0.009320
v 0.005907 -0.018600 0.010212
v 0.006265 -0.017769 0.007535
v 0.006238 -0.017769 0.008427
v 0.006206 -0.016877 0.007535
v 0.006179 -0.016877 0.008427
v 0.006211 -0.017769 0.009320
v 0.006184 -0.017769 0.010212
v 0.006152 -0.016877 0.009320
v 0.006125 -0.016877 0.010212
v 0.003370 -0.018980 0.011105
v 0.003370 -0.018987 0.011997
v 0.004262 -0.018982 0.011105
v 0.004262 -0.018989 0.011997
v 0.003370 -0.018603 0.012622
v 0.004262 -0.018604 0.012622
v 0.003370 -0.017769 0.012800
v 0.003370 -0.016877 0.012800
v 0.004262 -0.017769 0.012800
v 0.004262 -0.016877 0.012800
v 0.005154 -0.018986 0.011105
v 0.005154 -0.018992 0.011997
v 0.005893 -0.018602 0.011105
v 0.005880 -0.018604 0.011997
v 0.005154 -0.018605 0.012622
v 0.005782 -0.018475 0.012562
v 0.006157 -0.017769 0.011105
v 0.006130 -0.017769 0.011997
v 0.006098 -0.016877 0.011105
v 0.006071 -0.016877 0.011997
v 0.005154 -0.017769 0.012800
v 0.005154 -0.016877 0.012800
v 0.005858 -0.017769 0.012622
v 0.005829 -0.016877 0.012622
v 0.006148 -0.015984 0.007535
v 0.006121 -0.015984 0.008427
v 0.006089 -0.015092 0.007535
v 0.006062 -0.015092 0.008427
v 0.006094 -0.015984 0.009320
v 0.006067 -0.015984 0.010212
v 0.006035 -0.015092 0.009320
v 0.006009 -0.015092 0.010212
v 0.006031 -0.014200 0.007535
v 0.006004 -0.014200 0.008427
v 0.005973 -0.013307 0.007535
v 0.005946 -0.013307 0.008427
v 0.005977 -0.014200 0.009320
v 0.005950 -0.014200 0.010212
v 0.005919 -0.013307 0.009320
v 0.005892 -0.013307 0.010212
v 0.003370 -0.015984 0.012800
v 0.003370 -0.015092 0.012800
v 0.004262 -0.015984 0.012800
v 0.004262 -0.015092 0.012800
v 0.003370 -0.014200 0.012800
v 0.003370 -0.013307 0.012800
v 0.004262 -0.014200 0.012800
v 0.004262 -0.013307 0.012800
v 0.006040 -0.015984 0.011105
v 0.006013 -0.015984 0.011997
v 0.005982 -0.015092 0.011105
v 0.005955 -0.015092 0.011997
v 0.005154 -0.015984 0.012800
v 0.005154 -0.015092 0.012800
v 0.005800 -0.015984 0.012622
v 0.005771 -0.015092 0.012622
v 0.005923 -0.014200 0.011105
v 0.005896 -0.014200 0.011997
v 0.005865 -0.013307 0.011105
v 0.005838 -0.013307 0.011997
v 0.005154 -0.014200 0.012800
v 0.005154 -0.013307 0.012800
v 0.005742 -0.014200 0.012622
v 0.005712 -0.013307 0.012622
v 0.006501 -0.018590 0.000396
v 0.006494 -0.018591 0.001092
v 0.006501 -0.018088 0.000396
v 0.006494 -0.018199 0.000877
v -0.000200 -0.012415 -0.012900
v -0.000200 -0.011522 -0.012900
v 0.000693 -0.012415 -0.012900
v 0.000693 -0.011522 -0.012900
v -0.000200 -0.010630 -0.012900
v -0.000200 -0.009738 -0.012900
v 0.000693 -0.010630 -0.012900
v 0.000693 -0.009738 -0.012900
v 0.001585 -0.012415 -0.012900
v 0.001585 -0.011522 -0.012900
v 0.002477 -0.012415 -0.012900
v 0.002477 -0.011522 -0.012900
v 0.001585 -0.010630 -0.012900
v 0.001585 -0.009738 -0.012900
v 0.002477 -0.010630 -0.012900
v 0.002477 -0.009738 -0.012900
v -0.000200 -0.008845 -0.012900
v -0.000200 -0.007953 -0.012900
v 0.000693 -0.008845 -0.012900
v 0.000693 -0.007953 -0.012900
v -0.000200 -0.007151 -0.012722
v 0.000693 -0.007155 -0.012722
v -0.000200 -0.006811 -0.012097
v -0.000200 -0.006841 -0.011205
v 0.000693 -0.006819 -0.012097
v 0.000693 -0.006849 -0.011205
v 0.001585 -0.008845 -0.012900
v 0.001585 -0.007953 -0.012900
v 0.002477 -0.008845 -0.012900
v 0.002477 -0.007953 -0.012900
v 0.001585 -0.007159 -0.012722
v 0.002477 -0.007163 -0.012722
v 0.001585 -0.006827 -0.012097
v 0.001585 -0.006857 -0.011205
v 0.002477 -0.006834 -0.012097
v 0.002477 -0.006865 -0.011205
v -0.000200 -0.006872 -0.010312
v -0.000200 -0.006902 -0.009420
v 0.000693 -0.006879 -0.010312
v 0.000693 -0.006910 -0.009420
v -0.000200 -0.006932 -0.008527
v -0.000200 -0.006962 -0.007635
v 0.000693 -0.006940 -0.008527
v 0.000693 -0.006970 -0.007635
v 0.001585 -0.006887 -0.010312
v 0.001585 -0.006917 -0.009420
v 0.002477 -0.006895 -0.010312
v 0.002477 -0.006925 -0.009420
v 0.001585 -0.006948 -0.008527
v 0.001585 -0.006978 -0.007635
v 0.002477 -0.006955 -0.008527
v 0.002477 -0.006986 -0.007635
v 0.003370 -0.012415 -0.012900
v 0.003370 -0.011522 -0.012900
v 0.004262 -0.012415 -0.012900
v 0.004262 -0.011522 -0.012900
v 0.003370 -0.010630 -0.012900
v 0.003370 -0.009738 -0.012900
v 0.004262 -0.010630 -0.012900
v 0.004262 -0.009738 -0.012900
v 0.005154 -0.012415 -0.012900
v 0.005154 -0.011522 -0.012900
v 0.006047 -0.012415 -0.012900
v 0.006047 -0.011522 -0.012900
v 0.005154 -0.010630 -0.012900
v 0.005154 -0.009738 -0.012900
v 0.006047 -0.010630 -0.012900
v 0.006047 -0.009738 -0.012900
v 0.006490 -0.009363 -0.010827
v 0.006489 -0.011168 -0.009062
v 0.006489 -0.012071 -0.008180
v 0.006478 -0.012387 -0.007611
v 0.006479 -0.011488 -0.008497
v 0.006444 -0.011522 -0.007635
v 0.006490 -0.010265 -0.009945
v 0.006479 -0.010590 -0.009384
v 0.006480 -0.009691 -0.010270
v 0.006447 -0.009738 -0.009420
v 0.006446 -0.010630 -0.008527
v 0.006409 -0.010630 -0.007635
v 0.006410 -0.009738 -0.008527
v 0.006373 -0.009738 -0.007635
v 0.003370 -0.008845 -0.012900
v 0.003370 -0.007953 -0.012900
v 0.004262 -0.008845 -0.012900
v 0.004262 -0.007953 -0.012900
v 0.003370 -0.007167 -0.012722
v 0.004262 -0.007171 -0.012722
v 0.003370 -0.006842 -0.012097
v 0.003370 -0.006872 -0.011205
v 0.004262 -0.006850 -0.012097
v 0.004262 -0.006880 -0.011205
v 0.005154 -0.008845 -0.012900
v 0.005154 -0.007953 -0.012900
v 0.006047 -0.008845 -0.012900
v 0.006194 -0.007830 -0.012781
v 0.006490 -0.008460 -0.011710
v 0.006481 -0.008793 -0.011157
v 0.006482 -0.007894 -0.012043
v 0.006449 -0.007953 -0.011205
v 0.005154 -0.007175 -0.012722
v 0.006045 -0.007342 -0.012722
v 0.005154 -0.006858 -0.012097
v 0.005154 -0.006888 -0.011205
v 0.006034 -0.007184 -0.012097
v 0.006016 -0.007199 -0.011205
v 0.003370 -0.006903 -0.010312
v 0.003370 -0.006933 -0.009420
v 0.004262 -0.006910 -0.010312
v 0.004262 -0.006941 -0.009420
v 0.003370 -0.006963 -0.008527
v 0.003370 -0.006993 -0.007635
v 0.004262 -0.006971 -0.008527
v 0.004262 -0.007001 -0.007635
v 0.006448 -0.008845 -0.010312
v 0.006411 -0.008845 -0.009420
v 0.006412 -0.007953 -0.010312
v 0.006376 -0.007953 -0.009420
v 0.006374 -0.008845 -0.008527
v 0.006337 -0.008845 -0.007635
v 0.006339 -0.007953 -0.008527
v 0.006302 -0.007953 -0.007635
v 0.005154 -0.006918 -0.010312
v 0.005154 -0.006948 -0.009420
v 0.005998 -0.007214 -0.010312
v 0.005979 -0.007230 -0.009420
v 0.005154 -0.006979 -0.008527
v 0.005154 -0.007009 -0.007635
v 0.005961 -0.007245 -0.008527
v 0.005942 -0.007260 -0.007635
v -0.000200 -0.006993 -0.006743
v -0.000200 -0.007023 -0.005850
v 0.000693 -0.007000 -0.006743
v 0.000693 -0.007031 -0.005850
v -0.000200 -0.007053 -0.004958
v -0.000200 -0.007083 -0.004066
v 0.000693 -0.007061 -0.004958
v 0.000693 -0.007091 -0.004066
v 0.001585 -0.007008 -0.006743
v 0.001585 -0.007038 -0.005850
v 0.002477 -0.007016 -0.006743
v 0.002477 -0.007046 -0.005850
v 0.001585 -0.007069 -0.004958
v 0.001585 -0.007099 -0.004066
v 0.002477 -0.007076 -0.004958
v 0.002477 -0.007107 -0.004066
v -0.000200 -0.007114 -0.003173
v -0.000200 -0.007144 -0.002281
v 0.000693 -0.007121 -0.003173
v 0.000693 -0.007152 -0.002281
v -0.000200 -0.007174 -0.001389
v -0.000200 -0.007204 -0.000496
v 0.000693 -0.007182 -0.001389
v 0.000693 -0.007212 -0.000496
v 0.001585 -0.007129 -0.003173
v 0.001585 -0.007159 -0.002281
v 0.002477 -0.007137 -0.003173
v 0.002477 -0.007167 -0.002281
v 0.001585 -0.007190 -0.001389
v 0.001585 -0.007220 -0.000496
v 0.002477 -0.007197 -0.001389
v 0.002477 -0.007228 -0.000496
v 0.006443 -0.012415 -0.006743
v 0.006406 -0.012415 -0.005850
v 0.006408 -0.011522 -0.006743
v 0.006371 -0.011522 -0.005850
v 0.006369 -0.012415 -0.004958
v 0.006332 -0.012415 -0.004066
v 0.006334 -0.011522 -0.004958
v 0.006297 -0.011522 -0.004066
v 0.006372 -0.010630 -0.006743
v 0.006335 -0.010630 -0.005850
v 0.006336 -0.009738 -0.006743
v 0.006299 -0.009738 -0.005850
v 0.006298 -0.010630 -0.004958
v 0.006261 -0.010630 -0.004066
v 0.006262 -0.009738 -0.004958
v 0.006225 -0.009738 -0.004066
v 0.006296 -0.012415 -0.003173
v 0.006259 -0.012415 -0.002281
v 0.006260 -0.011522 -0.003173
v 0.006223 -0.011522 -0.002281
v 0.006222 -0.012415 -0.001389
v 0.006185 -0.012415 -0.000496
v 0.006186 -0.011522 -0.001389
v 0.006149 -0.011522 -0.000496
v 0.006224 -0.010630 -0.003173
v 0.006187 -0.010630 -0.002281
v 0.006189 -0.009738 -0.003173
v 0.006152 -0.009738 -0.002281
v 0.006150 -0.010630 -0.001389
v 0.006114 -0.010630 -0.000496
v 0.006115 -0.009738 -0.001389
v 0.006078 -0.009738 -0.000496
v 0.003370 -0.007024 -0.006743
v 0.003370 -0.007054 -0.005850
v 0.004262 -0.007031 -0.006743
v 0.004262 -0.007062 -0.005850
v 0.003370 -0.007084 -0.004958
v 0.003370 -0.007114 -0.004066
v 0.004262 -0.007092 -0.004958
v 0.004262 -0.007122 -0.004066
v 0.006301 -0.008845 -0.006743
v 0.006264 -0.008845 -0.005850
v 0.006265 -0.007953 -0.006743
v 0.006228 -0.007953 -0.005850
v 0.006227 -0.008845 -0.004958
v 0.006190 -0.008845 -0.004066
v 0.006191 -0.007953 -0.004958
v 0.006154 -0.007953 -0.004066
v 0.005154 -0.007039 -0.006743
v 0.005154 -0.007070 -0.005850
v 0.005924 -0.007275 -0.006743
v 0.005905 -0.007290 -0.005850
v 0.005154 -0.007100 -0.004958
v 0.005154 -0.007130 -0.004066
v 0.005887 -0.007305 -0.004958
v 0.005868 -0.007320 -0.004066
v 0.003370 -0.007145 -0.003173
v 0.003370 -0.007175 -0.002281
v 0.004262 -0.007153 -0.003173
v 0.004262 -0.007183 -0.002281
v 0.003370 -0.007205 -0.001389
v 0.003370 -0.007236 -0.000496
v 0.004262 -0.007213 -0.001389
v 0.004262 -0.007243 -0.000496
v 0.006153 -0.008845 -0.003173
v 0.006116 -0.008845 -0.002281
v 0.006117 -0.007953 -0.003173
v 0.006080 -0.007953 -0.002281
v 0.006079 -0.008845 -0.001389
v 0.006042 -0.008845 -0.000496
v 0.006043 -0.007953 -0.001389
v 0.006007 -0.007953 -0.000496
v 0.005154 -0.007160 -0.003173
v 0.005154 -0.007191 -0.002281
v 0.005850 -0.007336 -0.003173
v 0.005832 -0.007351 -0.002281
v 0.005154 -0.007221 -0.001389
v 0.005154 -0.007251 -0.000496
v 0.005813 -0.007366 -0.001389
v 0.005795 -0.007381 -0.000496
v 0.006588 -0.012415 -0.012722
v 0.006570 -0.011522 -0.012722
v 0.006665 -0.012415 -0.012097
v 0.006628 -0.012415 -0.011205
v 0.006629 -0.011522 -0.012097
v 0.006592 -0.011522 -0.011205
v 0.006552 -0.010630 -0.012722
v 0.006534 -0.009738 -0.012722
v 0.006593 -0.010630 -0.012097
v 0.006556 -0.010630 -0.011205
v 0.006558 -0.009738 -0.012097
v 0.006517 -0.009691 -0.011157
v 0.006591 -0.012415 -0.010312
v 0.006554 -0.012415 -0.009420
v 0.006555 -0.011522 -0.010312
v 0.006515 -0.011488 -0.009384
v 0.006515 -0.012387 -0.008497
v 0.006501 -0.012665 -0.007892
v 0.006501 -0.011763 -0.008775
v 0.006516 -0.010590 -0.010270
v 0.006502 -0.010860 -0.009657
v 0.006502 -0.009958 -0.010540
v 0.006517 -0.008845 -0.012722
v 0.006500 -0.007991 -0.012722
v 0.006518 -0.008793 -0.012043
v 0.006502 -0.009055 -0.011422
v 0.006503 -0.008152 -0.012305
v -0.000200 -0.007234 0.000396
v -0.000200 -0.007265 0.001289
v 0.000693 -0.007242 0.000396
v 0.000693 -0.007273 0.001289
v -0.000200 -0.007295 0.002181
v -0.000200 -0.007325 0.003073
v 0.000693 -0.007303 0.002181
v 0.000693 -0.007333 0.003073
v 0.001585 -0.007250 0.000396
v 0.001585 -0.007280 0.001289
v 0.002477 -0.007258 0.000396
v 0.002477 -0.007288 0.001289
v 0.001585 -0.007311 0.002181
v 0.001585 -0.007341 0.003073
v 0.002477 -0.007319 0.002181
v 0.002477 -0.007349 0.003073
v -0.000200 -0.007356 0.003966
v -0.000200 -0.007386 0.004858
v 0.000693 -0.007363 0.003966
v 0.000693 -0.007394 0.004858
v -0.000200 -0.007416 0.005750
v -0.000200 -0.007446 0.006643
v 0.000693 -0.007424 0.005750
v 0.000693 -0.007454 0.006643
v 0.001585 -0.007371 0.003966
v 0.001585 -0.007402 0.004858
v 0.002477 -0.007379 0.003966
v 0.002477 -0.007409 0.004858
v 0.001585 -0.007432 0.005750
v 0.001585 -0.007462 0.006643
v 0.002477 -0.007440 0.005750
v 0.002477 -0.007470 0.006643
v 0.006148 -0.012415 0.000396
v 0.006113 -0.012415 0.001289
v 0.006112 -0.011522 0.000396
v 0.006075 -0.011522 0.001289
v 0.006081 -0.012415 0.002181
v 0.006050 -0.012415 0.003073
v 0.006039 -0.011522 0.002181
v 0.006003 -0.011522 0.003073
v 0.006077 -0.010630 0.000396
v 0.006040 -0.010630 0.001289
v 0.006041 -0.009738 0.000396
v 0.006004 -0.009738 0.001289
v 0.006003 -0.010630 0.002181
v 0.005966 -0.010630 0.003073
v 0.005967 -0.009738 0.002181
v 0.005930 -0.009738 0.003073
v 0.006022 -0.012415 0.003966
v 0.005995 -0.012415 0.004858
v 0.005970 -0.011522 0.003966
v 0.005939 -0.011522 0.004858
v 0.005968 -0.012415 0.005750
v 0.005941 -0.012415 0.006643
v 0.005910 -0.011522 0.005750
v 0.005883 -0.011522 0.006643
v 0.005929 -0.010630 0.003966
v 0.005893 -0.010630 0.004858
v 0.005893 -0.009738 0.003966
v 0.005857 -0.009738 0.004858
v 0.005859 -0.010630 0.005750
v 0.005827 -0.010630 0.006643
v 0.005820 -0.009738 0.005750
v 0.005783 -0.009738 0.006643
v 0.003370 -0.007266 0.000396
v 0.003370 -0.007296 0.001289
v 0.004262 -0.007274 0.000396
v 0.004262 -0.007304 0.001289
v 0.003370 -0.007326 0.002181
v 0.003370 -0.007357 0.003073
v 0.004262 -0.007334 0.002181
v 0.004262 -0.007365 0.003073
v 0.006005 -0.008845 0.000396
v 0.005968 -0.008845 0.001289
v 0.005970 -0.007953 0.000396
v 0.005933 -0.007953 0.001289
v 0.005932 -0.008845 0.002181
v 0.005895 -0.008845 0.003073
v 0.005896 -0.007953 0.002181
v 0.005859 -0.007953 0.003073
v 0.005154 -0.007282 0.000396
v 0.005154 -0.007312 0.001289
v 0.005776 -0.007396 0.000396
v 0.005758 -0.007411 0.001289
v 0.005154 -0.007342 0.002181
v 0.005154 -0.007372 0.003073
v 0.005739 -0.007426 0.002181
v 0.005721 -0.007442 0.003073
v 0.003370 -0.007387 0.003966
v 0.003370 -0.007417 0.004858
v 0.004262 -0.007395 0.003966
v 0.004262 -0.007425 0.004858
v 0.003370 -0.007448 0.005750
v 0.003370 -0.007478 0.006643
v 0.004262 -0.007455 0.005750
v 0.004262 -0.007486 0.006643
v 0.005858 -0.008845 0.003966
v 0.005821 -0.008845 0.004858
v 0.005822 -0.007953 0.003966
v 0.005785 -0.007953 0.004858
v 0.005383 -0.007509 0.007033
v 0.005784 -0.008845 0.005750
v 0.005747 -0.008845 0.006643
v 0.005748 -0.007953 0.005750
v 0.005674 -0.007865 0.006698
v 0.005154 -0.007403 0.003966
v 0.005154 -0.007433 0.004858
v 0.005702 -0.007457 0.003966
v 0.005684 -0.007472 0.004858
v 0.005154 -0.007463 0.005750
v 0.005113 -0.007495 0.006698
v 0.005666 -0.007487 0.005750
v 0.005638 -0.007499 0.006438
v -0.000200 -0.012415 0.012800
v -0.000200 -0.011522 0.012800
v 0.000693 -0.012415 0.012800
v 0.000693 -0.011522 0.012800
v -0.000200 -0.010630 0.012800
v -0.000200 -0.009738 0.012800
v 0.000693 -0.010630 0.012800
v 0.000693 -0.009738 0.012800
v 0.001585 -0.012415 0.012800
v 0.001585 -0.011522 0.012800
v 0.002477 -0.012415 0.012800
v 0.002477 -0.011522 0.012800
v 0.001585 -0.010630 0.012800
v 0.001585 -0.009738 0.012800
v 0.002477 -0.010630 0.012800
v 0.002477 -0.009738 0.012800
v -0.000200 -0.007514 0.008648
v 0.000693 -0.007518 0.008533
v -0.000200 -0.007537 0.009320
v -0.000200 -0.007568 0.010212
v 0.000693 -0.007545 0.009320
v 0.000693 -0.007575 0.010212
v -0.000200 -0.007477 0.007535
v -0.000200 -0.007499 0.008202
v 0.000693 -0.007485 0.007535
v 0.000693 -0.007503 0.008087
v 0.001856 -0.007508 0.007936
v 0.001569 -0.007520 0.008357
v 0.002477 -0.007511 0.007855
v 0.002477 -0.007531 0.008427
v 0.001585 -0.007553 0.009320
v 0.001585 -0.007583 0.010212
v 0.002477 -0.007561 0.009320
v 0.002477 -0.007591 0.010212
v 0.001569 -0.007494 0.007597
v 0.001261 -0.007506 0.008013
v 0.002477 -0.007496 0.007409
v -0.000200 -0.007598 0.011105
v -0.000200 -0.007628 0.011997
v 0.000693 -0.007606 0.011105
v 0.000693 -0.007636 0.011997
v -0.000200 -0.008845 0.012800
v -0.000200 -0.008021 0.012622
v 0.000693 -0.008845 0.012800
v 0.000693 -0.008025 0.012622
v 0.001585 -0.007614 0.011105
v 0.001585 -0.007644 0.011997
v 0.002477 -0.007621 0.011105
v 0.002477 -0.007652 0.011997
v 0.001585 -0.008845 0.012800
v 0.001585 -0.008029 0.012622
v 0.002477 -0.008845 0.012800
v 0.002477 -0.008033 0.012622
v 0.005914 -0.012415 0.007535
v 0.005887 -0.012415 0.008427
v 0.005856 -0.011522 0.007535
v 0.005829 -0.011522 0.008427
v 0.005860 -0.012415 0.009320
v 0.005833 -0.012415 0.010212
v 0.005802 -0.011522 0.009320
v 0.005775 -0.011522 0.010212
v 0.005798 -0.010630 0.007535
v 0.005771 -0.010630 0.008427
v 0.005748 -0.009738 0.007535
v 0.005716 -0.009738 0.008427
v 0.005744 -0.010630 0.009320
v 0.005717 -0.010630 0.010212
v 0.005686 -0.009738 0.009320
v 0.005658 -0.009738 0.010212
v 0.003370 -0.012415 0.012800
v 0.003370 -0.011522 0.012800
v 0.004262 -0.012415 0.012800
v 0.004262 -0.011522 0.012800
v 0.003370 -0.010630 0.012800
v 0.003370 -0.009738 0.012800
v 0.004262 -0.010630 0.012800
v 0.004262 -0.009738 0.012800
v 0.005806 -0.012415 0.011105
v 0.005779 -0.012415 0.011997
v 0.005748 -0.011522 0.011105
v 0.005721 -0.011522 0.011997
v 0.005154 -0.012415 0.012800
v 0.005154 -0.011522 0.012800
v 0.005683 -0.012415 0.012622
v 0.005654 -0.011522 0.012622
v 0.005597 -0.009353 0.011419
v 0.005588 -0.009486 0.011997
v 0.005690 -0.010630 0.011105
v 0.005663 -0.010630 0.011997
v 0.005627 -0.009685 0.011115
v 0.005617 -0.009932 0.011997
v 0.005154 -0.010630 0.012800
v 0.005236 -0.009768 0.012657
v 0.005625 -0.010630 0.012622
v 0.005607 -0.010085 0.012562
v 0.003370 -0.007515 0.007740
v 0.003370 -0.007538 0.008427
v 0.004262 -0.007519 0.007624
v 0.004262 -0.007546 0.008427
v 0.003370 -0.007569 0.009320
v 0.003370 -0.007599 0.010212
v 0.004262 -0.007576 0.009320
v 0.004262 -0.007607 0.010212
v 0.003370 -0.007500 0.007293
v 0.004262 -0.007504 0.007178
v 0.005113 -0.007521 0.007458
v 0.005154 -0.007554 0.008427
v 0.005710 -0.008845 0.007535
v 0.005673 -0.008845 0.008427
v 0.005646 -0.007963 0.007535
v 0.005628 -0.007979 0.008427
v 0.005600 -0.008402 0.009763
v 0.005591 -0.008567 0.010212
v 0.005244 -0.007906 0.009407
v 0.005145 -0.008005 0.010212
v 0.005631 -0.008758 0.009407
v 0.005615 -0.009013 0.010212
v 0.005613 -0.008124 0.009168
v 0.004788 -0.007506 0.007110
v 0.003370 -0.007629 0.011105
v 0.003370 -0.007659 0.011997
v 0.004262 -0.007637 0.011105
v 0.004262 -0.007667 0.011997
v 0.003370 -0.008845 0.012800
v 0.003370 -0.008037 0.012622
v 0.004262 -0.008845 0.012800
v 0.004262 -0.008041 0.012622
v 0.005577 -0.008889 0.011115
v 0.005546 -0.008845 0.011997
v 0.005127 -0.008020 0.011105
v 0.005112 -0.008035 0.011997
v 0.005606 -0.009215 0.010824
v 0.005120 -0.008845 0.012622
v 0.004973 -0.008162 0.012562
vn -0.9976 -0.0610 0.0338
vn -0.9930 0.0726 -0.0933
vn -0.9936 -0.0545 -0.0994
vn -0.9761 -0.2112 -0.0516
vn -0.9674 -0.0180 -0.2527
vn -0.9784 0.0505 -0.2007
vn -0.9670 -0.1637 -0.1950
vn -0.9987 -0.0387 0.0338
vn -0.9962 0.0788 0.0363
vn -0.9982 -0.0498 0.0338
vn -0.9993 -0.0164 0.0338
vn -0.9990 -0.0275 0.0338
vn -0.9856 -0.1678 0.0225
vn -0.9921 -0.1237 0.0228
vn -0.9891 -0.1458 0.0227
vn -0.9966 0.0728 -0.0387
vn -0.9951 0.0727 -0.0663
vn -0.9977 0.0679 -0.0060
vn -0.9968 0.0788 0.0161
vn -0.9878 0.0510 -0.1470
vn -0.9944 0.0513 -0.0919
vn -0.9976 0.0671 -0.0184
vn -0.9980 0.0414 -0.0469
vn -0.9816 -0.1899 0.0224
vn -0.9994 0.0057 0.0339
vn -0.9994 -0.0053 0.0339
vn -0.9993 0.0166 0.0339
vn -0.9966 -0.0796 0.0230
vn -0.9991 -0.0359 0.0232
vn -0.9991 0.0298 0.0318
vn -0.9981 -0.0577 0.0231
vn -0.9997 -0.0007 0.0228
vn -0.9989 0.0394 0.0267
vn -0.9984 0.0462 0.0329
vn -0.9998 0.0006 0.0178
vn -0.9984 0.0399 0.0404
vn -0.9997 -0.0191 0.0182
vn -0.0092 -0.9764 -0.2158
vn -0.2175 -0.9761 -0.0038
vn -0.1826 -0.9659 -0.1834
vn -0.1462 0.0018 -0.9893
vn -0.0002 -0.1196 -0.9928
vn -0.1219 -0.1016 -0.9873
vn -0.0097 -0.9751 -0.2216
vn -0.0105 -0.9999 -0.0033
vn -0.0097 -0.9758 -0.2186
vn 0.0000 0.0000 -1.0000
vn -0.0002 -0.1181 -0.9930
vn -0.0002 -0.1188 -0.9929
vn -0.0092 -1.0000 -0.0039
vn -0.0658 -0.2377 -0.9691
vn -0.0009 -0.2368 -0.9716
vn -0.0009 -0.2353 -0.9719
vn -0.0009 -0.2339 -0.9723
vn -0.0061 -0.9094 -0.4158
vn -0.0958 -0.9071 -0.4099
vn -0.0062 -0.9042 -0.4270
vn -0.0062 -0.9069 -0.4214
vn -0.0077 -1.0000 -0.0048
vn -0.2290 -0.9734 -0.0054
vn -0.2228 -0.9748 -0.0048
vn -0.0042 -1.0000 -0.0069
vn -0.2439 -0.9698 -0.0057
vn -0.2360 -0.9717 -0.0057
vn -0.0106 -0.9999 -0.0032
vn -0.0089 -1.0000 -0.0040
vn -0.0100 -0.9999 -0.0034
vn -0.0098 -0.9999 -0.0035
vn -0.0054 -1.0000 -0.0061
vn -0.0074 -1.0000 -0.0051
vn -0.0058 -1.0000 -0.0058
vn -0.0030 -1.0000 -0.0076
vn -0.1643 0.0021 -0.9864
vn -0.1547 0.0020 -0.9880
vn -0.1837 0.0432 -0.9820
vn -0.0601 0.0255 -0.9979
vn -0.0097 -0.9737 -0.2276
vn -0.0097 -0.9744 -0.2247
vn -0.0002 -0.1167 -0.9932
vn -0.0002 -0.1174 -0.9931
vn -0.0096 -0.9723 -0.2336
vn -0.0107 -0.9999 -0.0032
vn -0.0097 -0.9730 -0.2306
vn -0.0002 -0.1153 -0.9933
vn -0.0002 -0.1160 -0.9933
vn -0.0009 -0.2325 -0.9726
vn -0.0009 -0.2311 -0.9729
vn -0.0009 -0.2297 -0.9733
vn -0.0009 -0.2284 -0.9736
vn -0.0062 -0.8989 -0.4382
vn -0.0062 -0.9015 -0.4326
vn -0.0061 -0.8934 -0.4491
vn -0.0062 -0.8962 -0.4437
vn -0.0104 -0.9999 -0.0033
vn -0.0086 -1.0000 -0.0042
vn -0.0023 -1.0000 -0.0078
vn -0.2610 -0.9653 -0.0056
vn -0.2523 -0.9676 -0.0057
vn -0.0022 -1.0000 -0.0079
vn -0.0070 -1.0000 -0.0053
vn -0.0028 -1.0000 -0.0077
vn -0.0039 -1.0000 -0.0071
vn -0.0036 -1.0000 -0.0072
vn -0.0051 -1.0000 -0.0063
vn -0.3098 -0.9486 0.0639
vn -0.3454 -0.9298 0.1270
vn -0.1419 -0.9899 -0.0071
vn -0.2842 -0.9588 -0.0033
vn -0.9925 -0.1154 0.0406
vn -0.9986 -0.0284 0.0452
vn -0.1020 -0.9944 0.0272
vn -0.9493 -0.3125 0.0336
vn -0.9961 0.0800 0.0367
vn -0.9962 0.0788 0.0364
vn -0.0083 -1.0000 -0.0044
vn -0.0096 -0.9999 -0.0037
vn -0.0093 -0.9999 -0.0038
vn -0.0047 -1.0000 -0.0066
vn -0.0065 -1.0000 -0.0055
vn -0.0101 -0.9999 -0.0034
vn -0.0102 -0.9999 -0.0034
vn -0.0079 -1.0000 -0.0046
vn -0.0061 -1.0000 -0.0057
vn -0.0025 -1.0000 -0.0077
vn -0.0034 -1.0000 -0.0073
vn -0.0031 -1.0000 -0.0075
vn -0.0023 -1.0000 -0.0079
vn -0.0076 -1.0000 -0.0049
vn -0.0091 -1.0000 -0.0039
vn -0.0088 -1.0000 -0.0041
vn -0.0040 -1.0000 -0.0070
vn -0.0056 -1.0000 -0.0059
vn -0.0044 -1.0000 -0.0068
vn -0.0024 -1.0000 -0.0077
vn -0.0099 -0.9999 -0.0034
vn -0.0027 -1.0000 -0.0077
vn -0.4119 -0.9112 0.0016
vn -0.4019 -0.9109 -0.0935
vn -0.2831 0.0077 -0.9591
vn -0.2711 -0.0503 -0.9612
vn -0.2969 -0.9068 -0.2994
vn -0.1984 -0.1801 -0.9634
vn -0.4364 -0.8997 0.0011
vn -0.4233 -0.9060 0.0012
vn -0.4652 -0.8852 0.0013
vn -0.4505 -0.8928 0.0011
vn -0.3173 0.0085 -0.9483
vn -0.2993 0.0081 -0.9541
vn -0.3229 0.1080 -0.9402
vn -0.3371 0.0492 -0.9402
vn -0.9965 0.0788 0.0274
vn -0.4959 -0.8684 0.0017
vn -0.4803 -0.8771 0.0015
vn -0.5182 -0.8553 -0.0027
vn -0.5285 -0.8489 0.0022
vn -0.5120 -0.8590 0.0019
vn -0.5519 -0.8339 -0.0023
vn -0.5620 -0.8247 0.0626
vn -0.5456 -0.8381 0.0024
vn -0.5236 -0.8374 0.1570
vn -0.5497 -0.1167 0.8272
vn -0.5348 -0.8450 -0.0025
vn -0.9946 -0.1016 0.0229
vn -0.1542 -0.9880 0.0046
vn -0.3449 -0.9384 0.0218
vn -0.2828 -0.9587 0.0285
vn -0.1944 -0.9809 -0.0064
vn -0.3842 -0.9232 0.0007
vn -0.3744 -0.9273 0.0005
vn -0.9834 -0.1776 0.0359
vn -0.9889 -0.1403 0.0492
vn -0.9863 -0.1612 0.0335
vn -0.9848 -0.1706 0.0335
vn -0.1893 -0.9819 -0.0064
vn -0.1996 -0.9798 -0.0063
vn -0.9164 -0.3970 0.0509
vn -0.9429 -0.3215 0.0871
vn -0.9159 -0.4009 0.0199
vn -0.2051 -0.9787 -0.0063
vn -0.4047 -0.9145 0.0009
vn -0.3943 -0.9190 0.0008
vn -0.2164 -0.9763 -0.0062
vn -0.4262 -0.9046 0.0012
vn -0.4153 -0.9097 0.0011
vn -0.9893 -0.1421 0.0336
vn -0.9879 -0.1517 0.0336
vn -0.9919 -0.1228 0.0337
vn -0.9962 0.0795 0.0366
vn -0.9906 -0.1325 0.0337
vn -0.2106 -0.9775 -0.0063
vn -0.2223 -0.9750 -0.0061
vn -0.9306 -0.3654 0.0203
vn -0.9441 -0.3290 0.0207
vn -0.9375 -0.3473 0.0205
vn -0.9961 0.0797 0.0366
vn -0.9959 0.0826 0.0380
vn -0.9953 0.0875 0.0406
vn -0.9961 0.0798 0.0367
vn -0.9948 0.0927 0.0430
vn -0.9941 0.0981 0.0457
vn -0.9954 0.0871 0.0403
vn -0.9959 0.0823 0.0378
vn -0.9947 0.0933 0.0433
vn -0.9959 0.0820 0.0377
vn -0.9954 0.0866 0.0401
vn -0.9962 0.0796 0.0366
vn -0.9949 0.0916 0.0425
vn -0.9942 0.0972 0.0452
vn -0.9955 0.0862 0.0398
vn -0.9938 0.1010 0.0471
vn -0.9936 0.1027 0.0478
vn -0.9942 0.0976 0.0455
vn -0.9935 0.1030 0.0479
vn -0.9936 0.1026 0.0478
vn -0.9948 0.0921 0.0427
vn -0.9938 0.1007 0.0470
vn -0.0053 -1.0000 -0.0062
vn -0.0029 -1.0000 -0.0076
vn -0.0038 -1.0000 -0.0071
vn -0.9959 0.0817 0.0376
vn -0.9234 -0.3833 0.0201
vn -0.9937 0.1013 0.0473
vn -0.2285 -0.9735 -0.0061
vn -0.4489 -0.8936 0.0015
vn -0.4374 -0.8992 0.0014
vn -0.2413 -0.9704 -0.0060
vn -0.4728 -0.8811 0.0021
vn -0.4607 -0.8875 0.0017
vn -0.9943 -0.1007 0.0351
vn -0.9955 0.0857 0.0396
vn -0.9931 -0.1124 0.0340
vn -0.9965 -0.0729 0.0397
vn -0.9943 0.0963 0.0447
vn -0.9955 -0.0875 0.0372
vn -0.2348 -0.9720 -0.0060
vn -0.2480 -0.9687 -0.0058
vn -0.9563 -0.2916 0.0211
vn -0.9677 -0.2511 0.0226
vn -0.9950 0.0910 0.0422
vn -0.9620 -0.2723 0.0217
vn -0.2554 -0.9668 -0.0056
vn -0.4368 -0.8801 0.1862
vn -0.4857 -0.8741 0.0031
vn -0.9883 -0.0296 0.1499
vn -0.9936 0.1023 0.0476
vn -0.9974 -0.0577 0.0421
vn -0.1283 -0.0881 0.9878
vn -0.2972 0.0105 0.9548
vn -0.2802 -0.0418 0.9590
vn 0.0000 0.0000 1.0000
vn -0.0000 -0.1065 0.9943
vn -0.0000 -0.1063 0.9943
vn -0.9791 -0.2017 0.0260
vn -0.2015 -0.1644 0.9656
vn -0.0690 -0.2113 0.9750
vn -0.0002 -0.2116 0.9774
vn -0.0002 -0.2113 0.9774
vn -0.1865 -0.8737 0.4493
vn -0.2327 -0.9433 0.2367
vn -0.9623 0.0028 0.2721
vn -0.9856 0.0944 0.1402
vn -0.0016 -0.8576 0.5144
vn -0.0012 -0.8572 0.5149
vn -0.0012 -0.8578 0.5139
vn -0.9667 -0.1379 0.2157
vn -0.9793 -0.1816 0.0890
vn -0.3283 -0.8839 0.3332
vn -0.9938 0.1004 0.0469
vn -0.9936 0.1025 0.0477
vn -0.9943 0.0967 0.0450
vn -0.9936 0.1024 0.0477
vn -0.9911 0.0883 0.0993
vn -0.1751 0.0274 0.9842
vn -0.3461 0.1227 0.9301
vn -0.3207 0.0424 0.9462
vn -0.9478 0.0982 0.3033
vn -0.9510 0.1032 0.2915
vn -0.9837 0.1019 0.1479
vn -0.0852 0.0178 0.9962
vn -0.0254 0.0085 0.9996
vn -0.2069 0.0093 0.9783
vn -0.2546 0.0883 0.9630
vn -0.2329 0.0865 0.9686
vn -0.3874 0.1333 0.9122
vn -0.9923 0.0771 0.0969
vn -0.9933 0.0984 0.0611
vn -0.8483 0.0840 0.5229
vn -0.7017 0.6900 0.1773
vn -0.9943 0.0846 0.0656
vn -0.0000 -0.1062 0.9943
vn -0.0000 -0.1061 0.9944
vn -0.0000 -0.1060 0.9944
vn -0.0000 -0.1058 0.9944
vn -0.0002 -0.2111 0.9775
vn -0.0002 -0.2109 0.9775
vn -0.0002 -0.2106 0.9776
vn -0.0002 -0.2104 0.9776
vn -0.0016 -0.8564 0.5164
vn -0.0012 -0.8560 0.5169
vn -0.0012 -0.8566 0.5159
vn -0.0016 -0.8552 0.5184
vn -0.0012 -0.8548 0.5189
vn -0.0012 -0.8554 0.5179
vn -0.0016 -0.8558 0.5174
vn -0.0016 -0.8570 0.5154
vn -0.9939 0.1001 0.0467
vn -0.1547 0.0026 0.9880
vn -0.9767 0.0661 0.2043
vn -0.9736 -0.2271 0.0238
vn -0.9504 -0.3104 0.0209
vn -0.2076 0.0061 -0.9782
vn -0.1023 0.0010 -0.9948
vn -0.1847 0.0208 -0.9826
vn -0.2258 0.0065 -0.9741
vn -0.1111 0.0012 -0.9938
vn -0.2164 0.0063 -0.9763
vn -0.9755 0.0717 -0.2081
vn -0.1065 0.0011 -0.9943
vn -0.1160 0.0013 -0.9932
vn -0.8496 0.0777 -0.5216
vn -0.8544 0.0578 -0.5164
vn -0.8644 0.0440 -0.5009
vn -0.8852 0.0452 -0.4631
vn -0.9051 0.0463 -0.4226
vn -0.8755 0.0591 -0.4795
vn -0.9962 0.0791 0.0365
vn -0.9960 0.0811 0.0372
vn -0.9962 0.0792 0.0365
vn -0.2470 0.0568 -0.9673
vn -0.1214 0.0014 -0.9926
vn -0.2362 0.0067 -0.9717
vn -0.9962 0.0794 0.0365
vn -0.9766 0.1619 -0.1417
vn -0.9801 0.0719 -0.1852
vn -0.2462 0.9687 0.0321
vn -0.4244 0.8893 -0.1706
vn -0.4828 0.8753 0.0262
vn 0.0001 0.1065 -0.9943
vn 0.0087 0.9994 0.0339
vn -0.1130 0.0925 -0.9893
vn -0.2333 0.9445 -0.2313
vn -0.1885 0.1674 -0.9677
vn 0.0007 0.2122 -0.9772
vn 0.0001 0.1069 -0.9943
vn -0.9821 0.1845 0.0366
vn -0.9542 0.2914 -0.0672
vn -0.9240 0.0474 -0.3795
vn -0.9349 0.0944 -0.3422
vn -0.1777 0.8783 -0.4438
vn -0.2230 0.9476 -0.2289
vn 0.0065 0.8660 -0.4999
vn 0.0048 0.8647 -0.5022
vn 0.0065 0.8637 -0.5040
vn -0.9409 0.2349 -0.2441
vn 0.0007 0.2112 -0.9774
vn -0.9956 0.0852 0.0393
vn -0.9829 0.1802 0.0392
vn -0.9960 0.0814 0.0374
vn -0.9944 0.0957 0.0445
vn -0.9852 0.1664 0.0410
vn -0.9950 0.0903 0.0418
vn -0.2416 0.9698 0.0324
vn -0.4787 0.8776 0.0270
vn -0.4749 0.8796 0.0274
vn -0.2370 0.9710 0.0323
vn -0.4708 0.8818 0.0274
vn -0.4663 0.8842 0.0274
vn -0.2437 0.9693 0.0323
vn -0.2394 0.9704 0.0323
vn -0.9836 0.1754 0.0417
vn -0.9635 0.2658 0.0309
vn -0.9755 0.2178 0.0326
vn -0.9717 0.2348 0.0274
vn -0.9678 0.2496 0.0322
vn 0.0001 0.1074 -0.9942
vn 0.0001 0.1084 -0.9941
vn 0.0001 0.1079 -0.9942
vn 0.0007 0.2141 -0.9768
vn 0.0007 0.2161 -0.9764
vn 0.0001 0.1089 -0.9940
vn 0.0065 0.8707 -0.4918
vn 0.0049 0.8694 -0.4941
vn 0.0065 0.8684 -0.4959
vn 0.0065 0.8753 -0.4835
vn 0.0049 0.8740 -0.4859
vn 0.0065 0.8730 -0.4877
vn 0.0049 0.8717 -0.4900
vn 0.0007 0.2151 -0.9766
vn 0.0049 0.8671 -0.4982
vn 0.0007 0.2132 -0.9770
vn -0.9956 0.0847 0.0390
vn -0.9597 0.2794 0.0285
vn -0.9962 0.0789 0.0364
vn -0.9961 0.0806 0.0370
vn -0.9957 0.0842 0.0388
vn -0.9951 0.0898 0.0416
vn -0.9960 0.0808 0.0371
vn -0.9945 0.0948 0.0440
vn -0.9940 0.0995 0.0464
vn -0.9952 0.0892 0.0413
vn -0.9962 0.0790 0.0364
vn -0.9957 0.0838 0.0385
vn -0.9945 0.0953 0.0442
vn -0.9958 0.0833 0.0383
vn -0.9952 0.0886 0.0410
vn -0.9961 0.0803 0.0368
vn -0.9946 0.0938 0.0435
vn -0.9940 0.0989 0.0461
vn -0.9953 0.0881 0.0408
vn -0.9937 0.1020 0.0475
vn -0.9940 0.0992 0.0463
vn -0.9946 0.0943 0.0437
vn -0.9937 0.1018 0.0475
vn -0.9936 0.1022 0.0476
vn -0.9886 0.1436 0.0448
vn -0.9939 0.0998 0.0466
vn -0.9920 0.1183 0.0451
vn -0.2315 0.9723 0.0323
vn -0.4615 0.8867 0.0274
vn -0.4561 0.8895 0.0274
vn -0.2459 0.9651 0.0898
vn -0.4502 0.8921 0.0378
vn -0.4436 0.8921 0.0862
vn -0.0001 0.9993 0.0368
vn -0.2343 0.9716 0.0323
vn -0.2308 0.9722 0.0406
vn -0.9849 0.1702 0.0325
vn -0.9803 0.1946 0.0326
vn -0.9920 0.1199 0.0393
vn -0.9889 0.1443 0.0340
vn -0.9904 0.1311 0.0447
vn -0.9227 0.3752 0.0890
vn -0.1073 0.9937 0.0323
vn -0.0697 0.9957 0.0606
vn -0.0957 0.9949 0.0322
vn -0.1017 0.9943 0.0322
vn -0.3959 0.9159 0.0664
vn -0.3283 0.9326 0.1500
vn -0.2049 0.9785 0.0245
vn -0.4953 0.8672 0.0520
vn -0.5177 0.8397 0.1640
vn -0.9933 0.1060 0.0454
vn -0.8241 0.5640 0.0526
vn -0.6243 0.7689 0.1379
vn -0.9936 0.1021 0.0476
vn -0.9931 0.1075 0.0465
vn -0.4257 0.8893 0.1672
vn -0.9869 0.1548 0.0446
vn -0.9937 0.1015 0.0474
vn -0.9935 0.1029 0.0479
vn -0.9941 0.0986 0.0460
vn -0.9935 0.1028 0.0478
vn -0.9397 0.3393 0.0437
vn -0.9373 0.3463 0.0386
vn -0.9420 0.3329 0.0437
vn -0.0827 0.9961 0.0321
vn -0.0894 0.9955 0.0321
vn -0.0680 0.9972 0.0319
vn -0.0755 0.9966 0.0320
vn -0.1797 0.9834 0.0243
vn -0.1927 0.9810 0.0244
vn -0.1512 0.9882 0.0240
vn -0.1659 0.9858 0.0242
vn -0.8266 0.5619 0.0324
vn -0.9444 0.3259 0.0438
vn -0.8415 0.5393 0.0327
vn -0.8339 0.5510 0.0325
vn -0.9469 0.3184 0.0438
vn -0.9525 0.3015 0.0438
vn -0.0513 0.9982 0.0318
vn -0.0599 0.9977 0.0319
vn -0.0324 0.9990 0.0316
vn -0.0422 0.9986 0.0317
vn -0.1187 0.9926 0.0237
vn -0.1355 0.9905 0.0239
vn -0.0816 0.9964 0.0233
vn -0.1008 0.9946 0.0235
vn -0.9496 0.3103 0.0438
vn -0.8579 0.5128 0.0330
vn -0.9554 0.2919 0.0439
vn -0.8759 0.4814 0.0334
vn -0.8667 0.4978 0.0332
vn 0.0088 0.9994 0.0339
vn -0.8495 0.5266 0.0328
vn -0.9545 0.0922 0.2836
vn -0.9695 0.0933 0.2267
vn -0.1138 0.0016 0.9935
vn -0.1285 0.0019 0.9917
vn -0.2333 0.0087 0.9724
vn -0.2202 0.0083 0.9754
vn -0.2646 0.0096 0.9643
vn -0.2480 0.0091 0.9687
vn -0.9622 0.0927 0.2561
vn -0.1207 0.0018 0.9927
vn -0.8740 0.0585 0.4824
vn -0.9252 0.0623 0.3743
vn -0.9762 0.0937 0.1954
vn -0.9005 0.0605 0.4307
vn -0.9586 0.2815 0.0439
vn -0.9874 0.1453 0.0633
vn -0.9612 0.2648 0.0775
vn -0.1761 0.9806 0.0860
vn -0.0106 0.9994 0.0314
vn -0.0219 0.9993 0.0315
vn -0.0390 0.9990 0.0228
vn -0.0610 0.9979 0.0231
vn 0.0016 0.9996 0.0266
vn -0.0127 0.9996 0.0250
vn 0.0000 0.9999 0.0169
vn -0.9618 0.2701 0.0439
vn -0.8956 0.4437 0.0337
vn -0.9127 0.3893 0.1246
vn -0.9132 0.4012 0.0717
vn 0.0016 0.9995 0.0321
vn -0.9060 0.4219 0.0339
vn -0.4232 0.8222 0.3806
vn -0.4888 0.8598 0.1478
vn -0.9856 0.1630 0.0450
vn -0.9734 0.2125 0.0854
vn -0.9741 0.2219 0.0430
vn -0.2847 0.9576 0.0442
vn 0.0007 0.2067 0.9784
vn -0.1312 0.0887 0.9874
vn 0.0001 0.1041 0.9946
vn -0.5574 0.7970 0.2327
vn -0.5717 0.8174 0.0713
vn -0.5005 0.8373 0.2199
vn -0.2091 0.1658 0.9637
vn -0.2830 0.0537 0.9576
vn -0.9797 0.1333 0.1494
vn -0.9674 0.1676 0.1898
vn 0.0057 0.8330 0.5533
vn 0.0063 0.8338 0.5521
vn 0.0073 0.8319 0.5549
vn -0.4017 0.8300 0.3871
vn -0.2617 0.9300 0.2581
vn 0.0007 0.2086 0.9780
vn 0.0001 0.1046 0.9945
vn 0.0001 0.1051 0.9945
vn 0.0007 0.2105 0.9776
vn 0.0001 0.1056 0.9944
vn 0.0001 0.1061 0.9944
vn 0.0007 0.2095 0.9778
vn 0.0047 0.8373 0.5468
vn 0.0063 0.8386 0.5447
vn 0.0063 0.8362 0.5484
vn 0.0047 0.8421 0.5394
vn 0.0064 0.8434 0.5373
vn 0.0064 0.8410 0.5410
vn 0.0047 0.8397 0.5431
vn 0.0007 0.2076 0.9782
vn 0.0047 0.8349 0.5505
vn -0.1373 0.0022 0.9905
vn -0.9474 0.0640 0.3135
vn -0.9598 0.2548 0.1180
vn -0.8855 0.4634 0.0335
vn -0.0096 -0.9709 -0.2394
vn -0.0096 -0.9716 -0.2365
vn -0.0002 -0.1139 -0.9935
vn -0.0002 -0.1146 -0.9934
vn -0.0096 -0.9694 -0.2452
vn -0.0096 -0.9701 -0.2423
vn -0.0002 -0.1126 -0.9936
vn -0.0002 -0.1132 -0.9936
vn -0.0009 -0.2270 -0.9739
vn -0.0009 -0.2257 -0.9742
vn -0.0009 -0.2244 -0.9745
vn -0.0009 -0.2231 -0.9748
vn -0.0061 -0.8880 -0.4599
vn -0.0061 -0.8907 -0.4545
vn -0.0060 -0.8824 -0.4704
vn -0.0061 -0.8852 -0.4652
vn -0.0096 -0.9680 -0.2509
vn -0.0096 -0.9687 -0.2481
vn -0.0002 -0.1113 -0.9938
vn -0.0002 -0.1119 -0.9937
vn 0.2273 -0.9438 -0.2401
vn -0.0096 -0.9672 -0.2537
vn 0.1197 -0.0938 -0.9884
vn -0.0002 -0.1106 -0.9939
vn -0.0009 -0.2218 -0.9751
vn -0.0009 -0.2205 -0.9754
vn -0.0009 -0.2193 -0.9757
vn 0.0660 -0.2178 -0.9737
vn -0.0060 -0.8768 -0.4808
vn -0.0060 -0.8796 -0.4756
vn 0.1691 -0.8870 -0.4297
vn -0.0060 -0.8740 -0.4859
vn 0.1421 0.0009 -0.9899
vn 0.1503 0.0009 -0.9886
vn 0.1461 0.0009 -0.9893
vn 0.1383 0.0008 -0.9904
vn 0.2474 -0.9689 -0.0017
vn -0.0098 -0.9999 -0.0036
vn 0.9974 0.0653 0.0301
vn 0.9981 0.0505 0.0345
vn 0.9978 0.0568 0.0334
vn 0.9984 0.0436 0.0372
vn 0.9984 0.0399 0.0413
vn 0.9983 0.0434 0.0395
vn 0.9983 0.0408 0.0410
vn 0.9984 0.0406 0.0402
vn 0.9977 0.0606 0.0315
vn 0.9974 0.0648 0.0303
vn 0.9979 0.0565 0.0331
vn 0.9975 0.0634 0.0308
vn 0.9983 0.0410 0.0408
vn 0.9980 0.0515 0.0362
vn 0.9982 0.0471 0.0382
vn 0.9982 0.0460 0.0389
vn 0.9977 0.0600 0.0321
vn 0.9978 0.0563 0.0344
vn 0.9974 0.0650 0.0305
vn 0.9983 0.0431 0.0404
vn 0.9976 0.0619 0.0303
vn 0.9984 0.0400 0.0411
vn 0.9931 0.0369 -0.1116
vn 0.9959 -0.0836 0.0357
vn 0.9912 -0.0769 -0.1075
vn 0.9744 -0.2180 -0.0555
vn 0.9602 -0.0384 -0.2766
vn 0.9676 0.0252 -0.2512
vn 0.9628 -0.1750 -0.2061
vn 0.9982 0.0436 0.0402
vn 0.9979 -0.0571 0.0316
vn 0.9969 -0.0706 0.0337
vn 0.9980 0.0508 0.0365
vn 0.9990 -0.0333 0.0289
vn 0.9986 -0.0446 0.0296
vn 0.9844 -0.1748 0.0204
vn 0.9905 -0.1360 0.0188
vn 0.9982 0.0466 0.0385
vn 0.9879 -0.1541 0.0192
vn 0.9957 0.0368 -0.0846
vn 0.9945 0.0368 -0.0981
vn 0.9977 0.0369 -0.0570
vn 0.9968 0.0368 -0.0709
vn 0.9740 0.0254 -0.2251
vn 0.9798 0.0255 -0.1985
vn 0.9849 0.0257 -0.1714
vn 0.9892 0.0258 -0.1440
vn 0.9983 0.0407 0.0408
vn 0.9984 0.0400 0.0412
vn 0.9982 0.0455 0.0392
vn 0.9983 0.0428 0.0406
vn 0.9984 0.0402 0.0409
vn 0.9983 0.0412 0.0407
vn 0.9978 0.0558 0.0347
vn 0.9802 -0.1967 0.0225
vn 0.9977 0.0596 0.0323
vn 0.9995 -0.0145 0.0282
vn 0.9993 -0.0232 0.0285
vn 0.9974 0.0645 0.0307
vn 0.9996 0.0021 0.0282
vn 0.9996 -0.0062 0.0282
vn 0.9945 -0.1030 0.0189
vn 0.9974 -0.0698 0.0190
vn 0.9976 0.0624 0.0309
vn 0.9961 -0.0864 0.0189
vn 0.9995 0.0104 0.0282
vn 0.9994 0.0205 0.0270
vn 0.9991 -0.0366 0.0191
vn 0.9992 0.0326 0.0225
vn 0.9998 -0.0058 0.0211
vn 0.9990 0.0360 0.0279
vn 0.9996 -0.0240 0.0151
vn 0.9983 0.0420 0.0406
vn 0.9978 0.0555 0.0363
vn 0.9981 0.0493 0.0368
vn 0.9981 0.0483 0.0376
vn 0.9982 0.0436 0.0414
vn 0.9974 0.0652 0.0303
vn 0.9975 0.0625 0.0337
vn 0.9984 -0.0532 0.0190
vn 0.4841 -0.8750 0.0042
vn 0.2710 0.0038 -0.9626
vn 0.2651 -0.0503 -0.9629
vn 0.4118 -0.8940 -0.1766
vn 0.1948 -0.1694 -0.9661
vn 0.4988 -0.8667 -0.0002
vn 0.5045 -0.8634 0.0037
vn 0.5087 -0.8610 -0.0001
vn 0.5187 -0.8549 -0.0000
vn 0.5247 -0.8513 0.0039
vn 0.5291 -0.8486 0.0001
vn 0.5145 -0.8575 0.0038
vn 0.2859 0.0040 -0.9582
vn 0.2783 0.0039 -0.9605
vn 0.3025 0.0041 -0.9531
vn 0.2940 0.0040 -0.9558
vn 0.4945 -0.8691 0.0037
vn 0.5396 -0.8419 0.0002
vn 0.5460 -0.8378 0.0041
vn 0.5505 -0.8349 0.0003
vn 0.5615 -0.8275 0.0003
vn 0.5683 -0.8228 0.0043
vn 0.5729 -0.8197 0.0004
vn 0.5571 -0.8305 0.0042
vn 0.5845 -0.8114 0.0005
vn 0.5917 -0.8062 0.0045
vn 0.5963 -0.8028 0.0006
vn 0.6084 -0.7936 0.0008
vn 0.6161 -0.7877 0.0047
vn 0.6208 -0.7840 0.0009
vn 0.6038 -0.7972 0.0046
vn 0.5799 -0.8147 0.0044
vn 0.9927 -0.1195 0.0188
vn 0.5353 -0.8447 0.0040
vn -0.0103 -0.9999 -0.0033
vn -0.0068 -1.0000 -0.0054
vn -0.0085 -1.0000 -0.0043
vn -0.0081 -1.0000 -0.0045
vn -0.0035 -1.0000 -0.0073
vn -0.0049 -1.0000 -0.0064
vn -0.0092 -0.9999 -0.0039
vn -0.0095 -0.9999 -0.0037
vn -0.0063 -1.0000 -0.0056
vn -0.0046 -1.0000 -0.0067
vn -0.0026 -1.0000 -0.0077
vn -0.0059 -1.0000 -0.0058
vn -0.0077 -1.0000 -0.0047
vn -0.0074 -1.0000 -0.0050
vn -0.0030 -1.0000 -0.0075
vn -0.0032 -1.0000 -0.0074
vn -0.0090 -1.0000 -0.0040
vn 0.3276 -0.9437 0.0471
vn 0.0870 -0.9956 0.0357
vn 0.1561 -0.9877 0.0117
vn 0.3680 -0.9293 0.0304
vn 0.1970 -0.9804 -0.0022
vn 0.9822 -0.1856 0.0297
vn 0.9885 -0.1425 0.0513
vn 0.9160 -0.3980 0.0497
vn 0.9423 -0.3189 0.1022
vn 0.2720 -0.9596 0.0712
vn 0.9983 -0.0348 0.0468
vn 0.9525 -0.2863 0.1034
vn -0.0087 -1.0000 -0.0042
vn 0.2005 -0.9797 -0.0022
vn 0.4059 -0.9139 0.0028
vn 0.2041 -0.9789 -0.0021
vn 0.2078 -0.9782 -0.0021
vn 0.4198 -0.9076 0.0030
vn 0.2116 -0.9773 -0.0021
vn 0.9845 -0.1733 0.0279
vn 0.9832 -0.1804 0.0279
vn 0.9869 -0.1590 0.0279
vn 0.9857 -0.1662 0.0279
vn 0.9126 -0.4086 0.0168
vn 0.9240 -0.3821 0.0170
vn 0.4128 -0.9108 0.0029
vn 0.9183 -0.3954 0.0169
vn 0.9979 0.0549 0.0348
vn 0.9974 0.0646 0.0306
vn 0.9976 0.0627 0.0308
vn 0.9976 0.0619 0.0311
vn 0.9974 0.0652 0.0302
vn 0.9977 0.0590 0.0326
vn 0.9974 0.0651 0.0303
vn -0.0106 -0.9999 -0.0033
vn -0.0055 -1.0000 -0.0060
vn 0.3992 -0.9168 0.0027
vn 0.9975 0.0641 0.0307
vn -0.0024 -1.0000 -0.0078
vn -0.0000 -0.1057 0.9944
vn -0.0000 -0.1056 0.9944
vn -0.0000 -0.1055 0.9944
vn -0.0000 -0.1054 0.9944
vn -0.0002 -0.2101 0.9777
vn -0.0002 -0.2099 0.9777
vn -0.0002 -0.2097 0.9778
vn -0.0002 -0.2094 0.9778
vn -0.0016 -0.8540 0.5203
vn -0.0012 -0.8536 0.5209
vn -0.0012 -0.8542 0.5199
vn -0.0016 -0.8528 0.5223
vn -0.0012 -0.8524 0.5229
vn -0.0012 -0.8530 0.5219
vn -0.0016 -0.8534 0.5213
vn -0.0066 -1.0000 -0.0055
vn 0.2156 -0.9765 -0.0021
vn 0.4342 -0.9008 0.0031
vn 0.2199 -0.9755 -0.0022
vn 0.2249 -0.9744 -0.0025
vn 0.4498 -0.8931 0.0031
vn 0.2307 -0.9730 -0.0033
vn 0.9891 -0.1444 0.0280
vn 0.9880 -0.1518 0.0280
vn 0.9912 -0.1296 0.0280
vn 0.9902 -0.1370 0.0280
vn -0.0048 -1.0000 -0.0065
vn 0.9348 -0.3548 0.0173
vn 0.9450 -0.3267 0.0175
vn 0.4417 -0.8971 0.0032
vn 0.9400 -0.3408 0.0174
vn -0.0000 -0.1052 0.9944
vn -0.0000 -0.1051 0.9945
vn 0.2370 -0.9715 -0.0043
vn 0.4071 -0.8933 0.1905
vn 0.2262 -0.9401 0.2549
vn 0.9764 -0.0931 0.1948
vn 0.9921 -0.1221 0.0281
vn 0.2535 0.0059 0.9673
vn 0.1115 -0.0900 0.9897
vn 0.2454 -0.0488 0.9682
vn -0.0027 -1.0000 -0.0075
vn 0.1300 0.0012 0.9915
vn 0.9544 -0.2979 0.0177
vn -0.0002 -0.2092 0.9779
vn -0.0002 -0.2089 0.9779
vn 0.1839 -0.1630 0.9693
vn 0.0633 -0.2083 0.9760
vn -0.0016 -0.8515 0.5243
vn -0.0012 -0.8512 0.5248
vn -0.0012 -0.8518 0.5238
vn 0.1746 -0.8665 0.4676
vn 0.9775 0.0593 0.2025
vn 0.9197 -0.0406 0.3904
vn 0.9292 -0.2192 0.2975
vn 0.9517 -0.2849 0.1144
vn -0.0017 -0.8509 0.5253
vn 0.9814 0.0595 0.1824
vn 0.2757 0.0063 0.9612
vn 0.1356 0.0013 0.9908
vn 0.2641 0.0061 0.9645
vn 0.9883 0.0598 0.1401
vn 0.3019 0.0067 0.9533
vn 0.1483 0.0015 0.9889
vn 0.2882 0.0065 0.9575
vn 0.1417 0.0014 0.9899
vn 0.1555 0.0016 0.9878
vn 0.9851 0.0597 0.1615
vn 0.9485 0.0404 0.3143
vn 0.9912 0.0600 0.1181
vn 0.9720 0.0415 0.2314
vn 0.9610 0.0409 0.2736
vn -0.0016 -0.8522 0.5233
vn 0.9347 0.0397 0.3533
vn 0.4590 -0.8885 0.0025
vn 0.9498 -0.3124 0.0176
vn 0.9989 0.0331 0.0333
vn 0.9999 0.0011 0.0142
vn 0.9992 0.0326 0.0226
vn 0.5225 -0.8453 0.1118
vn 0.2967 -0.9426 0.1533
vn 0.6042 -0.1098 0.7892
vn 0.4269 -0.9043 0.0030
vn 0.9295 -0.3685 0.0172
vn 0.0001 0.1094 -0.9940
vn 0.0001 0.1105 -0.9939
vn 0.0079 0.9746 -0.2238
vn 0.0079 0.9740 -0.2262
vn 0.0001 0.1100 -0.9939
vn 0.0007 0.2181 -0.9759
vn 0.0007 0.2201 -0.9755
vn 0.0001 0.1110 -0.9938
vn 0.0066 0.8799 -0.4751
vn 0.0049 0.8786 -0.4775
vn 0.0066 0.8776 -0.4793
vn 0.0050 0.8832 -0.4690
vn 0.0049 0.8809 -0.4733
vn 0.0007 0.2191 -0.9757
vn 0.1595 0.0010 -0.9872
vn 0.1698 0.0011 -0.9855
vn 0.1645 0.0011 -0.9864
vn 0.0001 0.1115 -0.9938
vn 0.0079 0.9757 -0.2191
vn 0.0079 0.9751 -0.2215
vn 0.0285 0.1167 -0.9928
vn 0.1792 0.0210 -0.9836
vn 0.9612 0.2718 0.0479
vn 0.9478 0.3127 -0.0634
vn 0.3418 0.9394 0.0252
vn 0.1712 0.9627 -0.2096
vn 0.1756 0.9839 0.0322
vn 0.0001 0.1121 -0.9937
vn 0.0007 0.2222 -0.9750
vn 0.0743 0.1782 -0.9812
vn 0.1404 0.1117 -0.9838
vn 0.8622 0.5051 0.0393
vn 0.8468 0.5301 -0.0434
vn 0.0050 0.8877 -0.4604
vn 0.2949 0.9425 -0.1570
vn 0.1392 0.9021 -0.4085
vn 0.8780 0.4262 -0.2177
vn 0.8897 0.3282 -0.3175
vn 0.0050 0.8900 -0.4560
vn 0.0199 0.2232 -0.9746
vn 0.9611 0.2734 0.0384
vn 0.9640 0.2631 0.0385
vn 0.3248 0.9455 0.0251
vn 0.1712 0.9847 0.0322
vn 0.1666 0.9855 0.0322
vn 0.3057 0.9518 0.0250
vn 0.1617 0.9863 0.0322
vn 0.1565 0.9871 0.0322
vn 0.8727 0.4874 0.0288
vn 0.9625 0.2684 0.0385
vn 0.8831 0.4683 0.0290
vn 0.9655 0.2575 0.0385
vn 0.3155 0.9486 0.0251
vn 0.8778 0.4781 0.0289
vn 0.0050 0.8855 -0.4647
vn 0.0007 0.2212 -0.9752
vn 0.1755 0.0012 -0.9845
vn 0.3335 0.9424 0.0251
vn 0.9984 0.0399 0.0412
vn 0.9983 0.0423 0.0406
vn 0.9983 0.0405 0.0409
vn 0.9671 0.2516 0.0385
vn 0.9704 0.2386 0.0385
vn 0.2844 0.9584 0.0250
vn 0.1511 0.9880 0.0321
vn 0.1453 0.9889 0.0321
vn 0.2603 0.9652 0.0248
vn 0.1392 0.9897 0.0321
vn 0.1327 0.9906 0.0320
vn 0.8942 0.4467 0.0291
vn 0.9687 0.2453 0.0385
vn 0.9061 0.4221 0.0292
vn 0.9721 0.2314 0.0384
vn 0.2727 0.9618 0.0249
vn 0.9001 0.4348 0.0291
vn 0.9739 0.2239 0.0384
vn 0.9776 0.2071 0.0384
vn 0.2330 0.9722 0.0247
vn 0.1258 0.9915 0.0320
vn 0.1185 0.9924 0.0319
vn 0.2019 0.9791 0.0245
vn 0.1107 0.9933 0.0319
vn 0.1024 0.9942 0.0318
vn 0.9186 0.3940 0.0293
vn 0.9757 0.2158 0.0384
vn 0.9318 0.3618 0.0294
vn 0.9795 0.1978 0.0384
vn 0.2180 0.9756 0.0246
vn 0.9251 0.3785 0.0294
vn 0.2471 0.9687 0.0248
vn 0.9123 0.4086 0.0293
vn 0.9989 0.0369 -0.0290
vn 0.9984 0.0369 -0.0431
vn 0.9994 0.0341 0.0021
vn 0.9992 0.0369 -0.0148
vn 0.9929 0.0259 -0.1162
vn 0.9958 0.0260 -0.0881
vn 0.9979 0.0260 -0.0598
vn 0.9991 0.0200 -0.0369
vn 0.9882 0.1332 -0.0760
vn 0.9996 0.0278 -0.0094
vn 0.9998 0.0191 0.0015
vn 0.9991 0.0369 0.0219
vn 0.3210 0.0043 -0.9471
vn 0.3115 0.0042 -0.9502
vn 0.3418 0.0045 -0.9398
vn 0.3311 0.0044 -0.9436
vn 0.2635 0.0612 -0.9627
vn 0.3532 0.0045 -0.9356
vn 0.2953 0.9551 0.0250
vn 0.8886 0.4578 0.0290
vn 0.9984 0.0402 0.0410
vn 0.9981 0.0487 0.0372
vn 0.9982 0.0451 0.0394
vn 0.9982 0.0443 0.0398
vn 0.9978 0.0579 0.0333
vn 0.9979 0.0535 0.0353
vn 0.9984 0.0401 0.0411
vn 0.9983 0.0417 0.0406
vn 0.9981 0.0476 0.0379
vn 0.9980 0.0521 0.0359
vn 0.9975 0.0636 0.0308
vn 0.9976 0.0611 0.0315
vn 0.9977 0.0603 0.0319
vn 0.9974 0.0650 0.0304
vn 0.9982 0.0465 0.0386
vn 0.9982 0.0435 0.0402
vn 0.9983 0.0427 0.0406
vn 0.9978 0.0556 0.0347
vn 0.9980 0.0507 0.0365
vn 0.9978 0.0568 0.0341
vn 0.9975 0.0631 0.0308
vn 0.9814 0.1879 0.0384
vn 0.9854 0.1658 0.0383
vn 0.1663 0.9858 0.0243
vn 0.0935 0.9951 0.0318
vn 0.0841 0.9960 0.0317
vn 0.1252 0.9918 0.0240
vn 0.0739 0.9968 0.0316
vn 0.0630 0.9975 0.0315
vn 0.9455 0.3244 0.0295
vn 0.9834 0.1772 0.0383
vn 0.9593 0.2808 0.0295
vn 0.9879 0.1512 0.0357
vn 0.1465 0.9889 0.0241
vn 0.9524 0.3035 0.0295
vn 0.9900 0.1355 0.0382
vn 0.9931 0.1073 0.0474
vn 0.9976 0.0519 0.0450
vn 0.0777 0.9967 0.0236
vn 0.0514 0.9982 0.0314
vn 0.0388 0.9988 0.0313
vn 0.0282 0.9992 0.0285
vn 0.0255 0.9992 0.0317
vn 0.0137 0.9994 0.0322
vn 0.9771 0.2106 0.0294
vn 0.9706 0.2389 0.0295
vn 0.9621 0.2199 0.1616
vn 0.9829 0.1799 0.0390
vn 0.7561 0.5989 0.2637
vn 0.9637 0.2301 0.1352
vn 0.9919 0.1209 0.0381
vn 0.0511 0.9984 0.0238
vn 0.9982 0.0454 0.0392
vn 0.1023 0.9945 0.0238
vn 0.9651 0.2607 0.0244
vn 0.0007 0.2124 0.9772
vn 0.0001 0.1065 0.9943
vn 0.0001 0.1070 0.9943
vn 0.0079 0.9571 0.2896
vn 0.0007 0.2143 0.9768
vn 0.0001 0.1075 0.9942
vn 0.0001 0.1080 0.9941
vn 0.0079 0.9565 0.2917
vn 0.0007 0.2133 0.9770
vn 0.0048 0.8469 0.5318
vn 0.0064 0.8458 0.5335
vn 0.0048 0.8516 0.5241
vn 0.0079 0.9578 0.2874
vn 0.0048 0.8493 0.5280
vn 0.9974 0.0648 0.0305
vn 0.9981 0.0492 0.0368
vn 0.9976 0.0623 0.0309
vn 0.9977 0.0595 0.0323
vn 0.9977 0.0589 0.0338
vn 0.9975 0.0643 0.0306
vn 0.9979 0.0541 0.0351
vn 0.0626 0.0255 0.9977
vn 0.9936 0.0601 0.0957
vn 0.3334 0.0073 0.9428
vn 0.1635 0.0017 0.9865
vn 0.3169 0.0070 0.9484
vn 0.9881 0.0646 0.1393
vn 0.9975 0.0645 0.0304
vn 0.9565 0.0749 0.2820
vn 0.3460 0.1189 0.9307
vn 0.1930 0.0485 0.9800
vn 0.3509 0.0580 0.9346
vn 0.1723 0.0019 0.9851
vn 0.9955 0.0602 0.0729
vn 0.9888 0.0422 0.1432
vn 0.9975 0.0530 0.0470
vn 0.9973 0.0571 0.0466
vn 0.8585 0.1045 0.5021
vn 0.9943 0.0425 0.0976
vn 0.1218 0.9898 0.0738
vn 0.9979 0.0575 0.0313
vn 0.9977 0.0556 0.0381
vn 0.9969 0.0720 0.0320
vn 0.3727 0.9219 0.1059
vn 0.6786 0.7253 0.1159
vn 0.6126 0.7694 0.1809
vn 0.6029 0.7906 0.1069
vn 0.7241 0.6477 0.2369
vn 0.5153 0.8267 0.2259
vn 0.9979 0.0549 0.0345
vn 0.9981 0.0479 0.0384
vn 0.9408 0.3228 0.1029
vn 0.9982 0.0464 0.0371
vn 0.9981 0.0487 0.0383
vn 0.1996 0.9787 0.0474
vn 0.9980 0.0497 0.0385
vn 0.6250 0.7372 0.2568
vn 0.0079 0.9584 0.2852
vn 0.2119 0.9768 0.0322
vn 0.0562 0.2160 0.9748
vn 0.0001 0.1085 0.9941
vn 0.0910 0.0977 0.9910
vn 0.6665 0.7440 0.0474
vn 0.9328 0.2382 0.2705
vn 0.9689 0.2409 0.0566
vn 0.1767 0.9514 0.2523
vn 0.1618 0.1700 0.9721
vn 0.1866 0.0742 0.9796
vn 0.0048 0.8564 0.5163
vn 0.8363 0.3556 0.4173
vn 0.8700 0.4655 0.1628
vn 0.3021 0.8729 0.3832
vn 0.0955 0.8544 0.5108
vn 0.0007 0.2153 0.9765
vn 0.0048 0.8540 0.5202
vn 0.9976 0.0607 0.0324
vn 0.8248 0.1597 0.5425
vn 0.1989 0.1085 0.9740
vn 0.9975 0.0632 0.0312
vn 0.0127 0.9994 0.0308
vn -0.0072 -1.0000 -0.0052
vn -0.0016 -0.8546 0.5194
vn 0.0049 0.8763 -0.4817
vn 0.0007 0.2171 -0.9762
vn 0.0007 0.2114 0.9774
vn 0.0048 0.8445 0.5356
vn -0.1881 0.1020 -0.9768
vn -0.8510 0.1031 -0.5149
vn -0.8613 0.1349 -0.4898
vn -0.9958 0.0829 0.0381
vn 0.1548 0.0010 -0.9880
vn 0.9981 0.0500 0.0366
vn -0.1076 0.0015 0.9942
vn 0.9813 0.0419 0.1879
vn -0.9556 -0.2915 0.0440
vn -0.9511 0.3025 0.0628
vn 0.9999 -0.0000 0.0151
vn 0.6287 -0.7777 0.0034
vn 0.1847 0.9825 0.0244
vn 0.9386 0.3438 0.0294
vn -0.9990 0.0201 0.0394
vn -0.5757 0.6501 -0.4958
vn -0.9874 0.0561 0.1480
vn -0.8523 0.1066 0.5122
vn -0.8373 0.0662 -0.5428
vn -0.0657 0.2101 -0.9755
vn 0.0000 0.6786 0.7345
vn -0.0737 0.2055 0.9759
vn -0.9619 0.0790 0.2616
vn 0.2102 -0.9520 -0.2227
vn 0.2185 -0.9427 0.2522
vn 0.9994 0.0162 0.0308
vn 0.1790 0.9547 -0.2377
vn 0.3894 0.8598 0.3304
vn 0.9975 0.0358 0.0604
vn 0.6658 0.7173 0.2054
vn 0.6644 0.7413 0.0945
vn 0.3925 0.9072 0.1513
s 1
f 7//1 8//2 6//3
f 2//4 7//1 6//3
f 4//5 8//2 5//6
f 1//7 6//3 4//5
f 15//8 16//9 14//10
f 19//11 20//9 18//12
f 10//13 15//8 14//10
f 12//14 19//11 18//12
f 18//12 17//9 15//8
f 11//15 18//12 15//8
f 25//9 26//16 24//17
f 30//18 33//9 32//19
f 27//9 30//18 26//16
f 22//20 26//16 23//21
f 30//18 29//22 28//23
f 23//21 30//18 28//23
f 35//9 36//9 34//9
f 38//9 41//9 40//9
f 36//9 43//9 42//9
f 35//9 40//9 37//9
f 9//9 24//17 8//2
f 5//6 24//17 22//20
f 17//9 34//9 16//9
f 21//9 38//9 20//9
f 20//9 35//9 17//9
f 14//10 9//9 7//1
f 3//24 14//10 7//1
f 34//9 27//9 25//9
f 27//9 42//9 31//9
f 16//9 25//9 9//9
f 49//25 50//9 48//26
f 52//27 55//9 54//9
f 44//28 49//25 48//26
f 46//29 53//30 52//27
f 49//25 54//9 51//9
f 45//31 52//27 49//25
f 56//32 60//33 59//34
f 57//35 62//36 60//33
f 50//9 64//9 63//9
f 51//9 66//9 64//9
f 53//30 61//9 55//9
f 56//32 53//30 47//37
f 71//38 70//39 69//40
f 74//41 75//42 73//43
f 81//44 80//45 79//46
f 84//47 85//48 83//49
f 79//46 72//50 71//38
f 76//47 83//49 75//42
f 67//51 75//42 68//52
f 77//53 85//48 78//54
f 68//55 69//40 67//56
f 78//57 79//46 77//58
f 77//58 71//38 68//55
f 68//52 83//49 77//53
f 89//59 88//60 87//61
f 93//62 92//63 91//64
f 97//65 96//66 95//67
f 101//68 100//69 99//70
f 95//67 90//71 89//59
f 99//70 94//72 93//62
f 90//71 91//64 88//60
f 98//45 99//70 96//66
f 96//66 93//62 90//71
f 104//73 105//47 103//74
f 107//75 110//76 109//47
f 115//47 116//47 114//47
f 119//47 120//47 118//47
f 106//47 114//47 105//47
f 110//76 118//47 109//47
f 107//75 106//47 104//73
f 118//47 117//47 115//47
f 109//47 115//47 106//47
f 125//9 128//9 127//9
f 130//9 131//9 129//9
f 123//9 130//9 129//9
f 126//9 131//9 128//9
f 122//9 129//9 126//9
f 137//77 136//65 135//78
f 140//47 141//79 139//80
f 147//81 146//82 145//83
f 150//47 151//84 149//85
f 145//83 138//82 137//77
f 142//47 149//85 141//79
f 133//86 141//79 134//87
f 143//88 151//84 144//89
f 134//90 135//78 133//91
f 144//92 145//83 143//93
f 143//93 137//77 134//90
f 134//87 149//85 143//88
f 155//82 154//82 153//65
f 159//65 158//94 157//65
f 163//82 162//65 161//82
f 167//82 166//82 165//65
f 161//82 156//65 155//82
f 165//65 160//65 159//65
f 156//65 157//65 154//82
f 164//82 165//65 162//65
f 162//65 159//65 156//65
f 170//47 171//47 169//47
f 174//47 175//47 173//47
f 178//47 179//47 177//47
f 182//47 183//47 181//47
f 172//47 177//47 171//47
f 176//47 181//47 175//47
f 173//47 172//47 170//47
f 181//47 180//47 178//47
f 175//47 178//47 172//47
f 135//78 82//65 81//44
f 86//47 139//80 85//48
f 133//91 81//44 78//57
f 78//54 139//80 133//86
f 153//65 98//45 97//65
f 157//65 102//95 101//68
f 154//82 101//68 98//45
f 117//47 169//47 116//47
f 121//47 173//47 120//47
f 120//47 170//47 117//47
f 103//74 76//47 74//41
f 114//47 86//47 84//47
f 105//47 84//47 76//47
f 169//47 142//47 140//47
f 177//47 152//47 150//47
f 171//47 150//47 142//47
f 72//50 87//61 70//39
f 82//65 95//67 80//45
f 80//45 89//59 72//50
f 111//9 127//9 113//9
f 138//82 153//65 136//65
f 148//65 161//82 146//82
f 146//82 155//82 138//82
f 136//65 97//65 82//65
f 116//47 140//47 86//47
f 187//96 186//97 185//98
f 191//99 190//99 189//99
f 197//100 196//101 195//102
f 201//103 200//99 199//96
f 195//102 188//99 187//96
f 199//96 192//99 191//99
f 188//99 189//99 186//97
f 198//104 199//96 196//101
f 196//101 191//99 188//99
f 205//99 204//105 203//99
f 207//106 210//107 208//108
f 211//9 214//9 213//9
f 216//109 217//9 215//110
f 221//96 220//99 219//99
f 225//99 224//99 223//99
f 219//99 206//99 205//99
f 223//99 210//107 209//111
f 207//112 216//109 215//110
f 204//105 209//111 207//106
f 212//9 217//9 214//9
f 222//99 223//99 220//99
f 220//99 209//111 206//99
f 227//9 230//9 229//9
f 232//9 233//9 231//9
f 236//9 237//9 235//9
f 240//9 241//9 239//9
f 230//9 235//9 229//9
f 234//9 239//9 233//9
f 228//9 233//9 230//9
f 239//9 238//9 236//9
f 233//9 236//9 230//9
f 244//9 245//9 243//9
f 248//9 249//9 247//9
f 252//9 253//9 251//9
f 256//9 257//113 255//9
f 246//9 251//9 245//9
f 250//9 255//9 249//9
f 247//9 246//9 244//9
f 255//9 254//114 252//9
f 249//9 252//9 246//9
f 261//65 260//115 259//116
f 265//117 264//118 263//119
f 269//65 268//82 267//82
f 273//65 272//120 271//65
f 267//82 262//121 261//65
f 271//65 266//122 265//117
f 262//121 263//119 260//115
f 270//65 271//65 268//82
f 268//82 265//117 262//121
f 277//123 276//124 275//125
f 281//126 280//99 279//127
f 285//45 284//128 283//129
f 289//130 288//131 287//132
f 283//129 278//133 277//123
f 287//132 282//134 281//126
f 278//133 279//127 276//124
f 286//135 287//132 284//128
f 284//128 281//126 278//133
f 259//116 198//104 197//100
f 263//119 202//136 201//103
f 260//115 201//103 198//104
f 275//125 222//99 221//96
f 279//127 226//99 225//99
f 276//124 225//99 222//99
f 193//9 232//9 231//9
f 214//9 243//9 213//9
f 218//9 247//9 217//9
f 217//9 244//9 214//9
f 192//99 203//99 190//99
f 202//136 219//99 200//99
f 200//99 205//99 192//99
f 243//9 234//9 232//9
f 251//9 242//9 240//9
f 245//9 240//9 234//9
f 266//122 275//125 264//118
f 274//65 283//129 272//120
f 272//120 277//123 266//122
f 194//9 243//9 232//9
f 264//118 221//96 202//136
f 69//40 3//137 2//138
f 5//139 73//43 4//140
f 1//141 69//40 2//138
f 1//142 73//43 67//51
f 87//61 11//143 10//144
f 91//64 13//145 12//146
f 88//60 12//146 11//143
f 23//147 103//74 22//148
f 29//149 107//75 28//150
f 33//9 112//151 32//19
f 111//9 33//9 31//9
f 112//151 29//22 32//19
f 28//150 104//73 23//147
f 124//9 40//9 41//9
f 43//9 125//9 42//9
f 40//9 122//9 37//9
f 122//9 43//9 37//9
f 70//39 10//144 3//137
f 42//9 111//9 31//9
f 22//148 74//41 5//139
f 185//98 45//152 44//153
f 189//154 47//155 46//156
f 55//9 193//9 54//9
f 186//97 46//156 45//152
f 203//157 57//158 56//159
f 60//33 211//9 59//34
f 211//9 61//9 59//34
f 204//105 58//160 57//158
f 62//36 212//9 60//33
f 215//161 58//161 207//161
f 64//9 227//9 63//9
f 227//9 65//9 63//9
f 66//9 228//9 64//9
f 190//162 56//159 47//155
f 61//9 194//9 55//9
f 193//9 66//9 54//9
f 48//26 21//9 19//11
f 13//163 48//26 19//11
f 39//9 65//9 41//9
f 21//9 63//9 39//9
f 94//72 185//98 92//63
f 102//95 195//102 100//69
f 100//69 187//96 94//72
f 235//9 132//9 130//9
f 124//9 235//9 130//9
f 160//65 259//116 158//94
f 168//82 267//82 166//82
f 166//82 261//65 160//65
f 158//94 197//100 102//95
f 92//63 44//153 13//145
f 65//9 124//9 41//9
f 293//164 292//165 291//166
f 297//167 296//168 295//169
f 300//170 301//9 299//171
f 304//172 305//9 303//173
f 309//99 308//99 307//99
f 313//99 312//99 311//99
f 307//99 294//174 293//164
f 311//99 298//175 297//167
f 292//176 299//171 291//177
f 295//178 304//172 303//173
f 294//174 295//169 292//165
f 303//173 302//9 300//170
f 310//99 311//99 308//99
f 292//176 303//173 300//170
f 308//99 297//167 294//174
f 317//179 316//180 315//181
f 321//182 320//183 319//184
f 324//185 325//9 323//186
f 328//187 329//188 327//189
f 333//99 332//99 331//99
f 337//99 336//99 335//99
f 331//99 318//190 317//179
f 335//99 322//191 321//182
f 315//192 324//185 323//186
f 319//193 328//187 327//189
f 318//190 319//184 316//180
f 327//189 326//9 324//185
f 334//99 335//99 332//99
f 316//194 327//189 324//185
f 332//99 321//182 318//190
f 340//9 341//9 339//9
f 344//9 345//195 343//9
f 348//196 349//197 347//198
f 352//199 353//200 351//201
f 342//9 347//198 341//9
f 346//202 351//201 345//195
f 343//9 342//9 340//9
f 351//201 350//203 348//196
f 345//195 348//196 342//9
f 356//204 357//205 355//206
f 360//207 361//208 359//209
f 364//210 365//211 363//212
f 368//213 369//213 367//214
f 358//215 363//212 357//205
f 362//216 367//214 361//208
f 359//209 358//215 356//204
f 367//214 366//213 364//210
f 361//208 364//210 358//215
f 373//99 372//99 371//99
f 377//99 376//99 375//99
f 381//217 380//96 379//218
f 385//101 384//99 383//99
f 379//218 374//99 373//99
f 383//99 378//99 377//99
f 374//99 375//99 372//99
f 382//219 383//99 380//96
f 380//96 377//99 374//99
f 389//99 388//99 387//99
f 393//99 392//99 391//99
f 397//99 396//99 395//99
f 401//99 400//99 399//99
f 395//99 390//99 389//99
f 399//99 394//99 393//99
f 390//99 391//99 388//99
f 398//99 399//99 396//99
f 396//99 393//99 390//99
f 371//99 310//99 309//99
f 375//99 314//99 313//99
f 372//99 313//99 310//99
f 387//99 334//99 333//99
f 391//99 338//99 337//99
f 388//99 337//99 334//99
f 302//9 339//9 301//9
f 306//9 343//9 305//9
f 305//9 340//9 302//9
f 326//9 355//206 325//9
f 330//220 359//209 329//188
f 329//188 356//204 326//9
f 298//175 315//181 296//168
f 323//186 306//9 304//172
f 314//99 331//99 312//99
f 296//221 323//186 304//172
f 312//99 317//179 298//175
f 355//206 346//202 344//9
f 363//212 354//222 352//199
f 357//205 352//199 346//202
f 378//99 387//99 376//99
f 386//96 395//99 384//99
f 384//99 389//99 378//99
f 325//9 344//9 306//9
f 376//99 333//99 314//99
f 405//223 404//224 403//225
f 409//226 408//227 407//228
f 412//229 413//230 411//231
f 416//232 417//233 415//234
f 421//99 420//99 419//99
f 425//99 424//99 423//99
f 419//99 406//235 405//223
f 423//99 410//236 409//226
f 403//237 412//229 411//231
f 407//238 416//232 415//234
f 406//235 407//228 404//224
f 415//234 414//239 412//229
f 422//99 423//99 420//99
f 404//240 415//234 412//229
f 420//99 409//226 406//235
f 429//241 428//242 427//243
f 434//244 435//245 433//246
f 439//247 438//248 437//249
f 443//99 442//99 441//99
f 450//250 447//251 449//252
f 441//99 430//99 429//241
f 448//250 439//247 447//251
f 427//253 434//244 433//246
f 439//247 431//254 432//255
f 449//252 445//256 446//257
f 428//242 432//258 431//259
f 437//260 436//261 434//244
f 442//262 446//263 445//264
f 431//265 434//244 428//266
f 430//267 445//264 432//258
f 447//251 432//255 445//256
f 452//268 453//269 451//270
f 456//213 457//213 455//271
f 460//213 461//213 459//213
f 464//213 467//213 466//213
f 467//213 469//213 466//213
f 468//213 467//213 465//213
f 454//213 459//213 453//269
f 458//213 464//213 457//213
f 455//271 454//213 452//268
f 460//213 466//213 462//213
f 466//213 463//213 462//213
f 457//213 460//213 454//213
f 472//272 473//213 471//213
f 477//273 476//274 475//275
f 481//213 484//276 483//213
f 482//277 479//213 480//278
f 491//250 488//250 490//250
f 495//250 492//279 494//250
f 489//280 477//273 488//250
f 492//279 487//281 486//282
f 473//213 480//278 479//213
f 478//283 485//284 476//274
f 494//250 489//280 491//250
f 472//272 476//285 474//286
f 482//277 487//287 484//276
f 486//288 480//288 485//288
f 474//286 485//289 480//278
f 492//279 478//283 489//280
f 498//99 497//99 496//99
f 502//99 501//99 500//99
f 506//99 505//99 504//99
f 510//99 509//99 508//99
f 504//99 499//99 498//99
f 508//99 503//99 502//99
f 499//99 500//99 497//99
f 507//99 508//99 505//99
f 505//99 502//99 499//99
f 514//99 513//99 512//99
f 521//250 518//290 520//291
f 524//99 523//99 522//99
f 531//250 528//292 530//293
f 522//99 515//99 514//99
f 529//250 520//291 528//292
f 520//291 516//294 517//295
f 530//293 526//296 527//297
f 513//298 517//299 516//300
f 523//301 527//302 526//303
f 515//304 526//303 517//299
f 528//292 517//295 526//296
f 535//250 532//250 534//250
f 539//250 536//250 538//250
f 543//250 540//250 542//250
f 547//250 544//250 546//250
f 541//250 534//250 540//250
f 545//250 538//250 544//250
f 538//250 533//250 535//250
f 546//250 541//250 543//250
f 544//250 535//250 541//250
f 496//99 422//99 421//99
f 500//99 426//99 425//99
f 497//99 425//99 422//99
f 512//99 444//99 443//99
f 519//250 449//252 518//290
f 444//305 516//300 446//263
f 518//290 446//257 516//294
f 533//250 490//250 532//250
f 537//250 494//250 536//250
f 536//250 491//250 533//250
f 414//239 451//270 413//230
f 418//306 455//271 417//233
f 417//233 452//268 414//239
f 436//261 471//213 435//245
f 440//307 475//275 438//248
f 490//250 448//250 450//250
f 438//308 472//272 436//261
f 488//250 440//307 448//250
f 534//250 519//250 521//250
f 542//250 529//250 531//250
f 540//250 521//250 529//250
f 410//236 427//243 408//227
f 433//246 418//306 416//232
f 426//99 441//99 424//99
f 408//309 433//246 416//232
f 424//99 429//241 410//236
f 471//213 458//213 456//213
f 468//213 483//213 470//213
f 479//213 468//213 465//213
f 458//213 479//213 465//213
f 503//99 512//99 501//99
f 511//99 522//99 509//99
f 509//99 514//99 503//99
f 435//245 456//213 418//306
f 501//99 443//99 426//99
f 532//250 450//250 519//250
f 322//191 403//225 320//183
f 411//231 330//220 328//187
f 338//99 419//99 336//99
f 320//310 411//231 328//187
f 336//99 405//223 322//191
f 451//270 362//216 360//207
f 459//213 370//213 368//213
f 453//269 368//213 362//216
f 394//99 496//99 392//99
f 402//99 504//99 400//99
f 400//99 498//99 394//99
f 413//230 360//207 330//220
f 392//99 421//99 338//99
f 549//311 550//312 548//313
f 553//9 554//9 552//9
f 557//314 558//315 556//316
f 561//9 562//317 560//9
f 565//47 566//47 564//47
f 569//47 570//47 568//47
f 551//318 564//47 550//312
f 559//319 568//47 558//315
f 556//316 551//318 549//311
f 568//47 567//47 565//47
f 555//9 560//9 554//9
f 548//320 554//321 549//322
f 556//323 562//317 557//324
f 549//322 560//325 556//323
f 558//315 565//47 551//318
f 573//9 574//9 572//9
f 577//9 578//9 576//9
f 581//9 582//9 580//9
f 585//326 586//327 584//9
f 575//9 580//9 574//9
f 579//9 584//9 578//9
f 576//9 575//9 573//9
f 584//9 583//328 581//9
f 578//9 581//9 575//9
f 589//329 590//330 588//331
f 593//332 594//333 592//334
f 601//335 598//336 599//337
f 603//338 604//47 602//47
f 609//339 610//339 608//339
f 591//340 602//47 590//330
f 601//335 608//339 600//341
f 596//342 591//340 589//329
f 603//338 607//343 605//344
f 595//345 598//346 594//333
f 588//347 594//333 589//348
f 598//336 597//349 596//350
f 610//351 606//352 608//353
f 594//333 596//354 589//348
f 608//353 597//349 600//341
f 591//340 606//355 603//338
f 613//356 614//357 612//358
f 617//359 618//360 616//361
f 623//362 620//363 621//364
f 627//365 624//366 625//367
f 629//339 630//339 628//339
f 633//339 634//339 632//339
f 623//362 628//339 622//368
f 627//365 632//339 626//369
f 615//370 620//371 614//357
f 618//360 625//372 624//373
f 616//361 615//370 613//356
f 626//369 621//364 624//366
f 632//339 631//339 629//339
f 618//360 621//374 615//370
f 626//369 629//339 623//362
f 637//47 638//47 636//47
f 641//47 642//47 640//47
f 645//47 646//47 644//47
f 649//47 650//47 648//47
f 639//47 644//47 638//47
f 643//47 648//47 642//47
f 640//47 639//47 637//47
f 648//47 647//47 645//47
f 642//47 645//47 639//47
f 653//375 654//47 652//47
f 659//339 660//339 658//339
f 663//376 664//47 662//47
f 669//339 670//339 668//339
f 655//377 662//47 654//47
f 661//339 668//339 660//339
f 653//375 657//378 655//377
f 663//376 667//379 665//380
f 660//381 656//382 658//383
f 670//384 666//385 668//386
f 668//386 657//387 660//381
f 655//377 666//388 663//376
f 673//339 674//339 672//339
f 677//339 678//339 676//339
f 681//339 682//339 680//339
f 685//339 686//339 684//339
f 675//339 680//339 674//339
f 679//339 684//339 678//339
f 676//339 675//339 673//339
f 684//339 683//339 681//339
f 678//339 681//339 675//339
f 567//47 636//47 566//47
f 571//47 640//47 570//47
f 570//47 637//47 567//47
f 605//344 652//47 604//47
f 611//339 658//339 610//339
f 658//383 607//389 610//351
f 605//344 656//390 653//375
f 631//339 672//339 630//339
f 635//339 676//339 634//339
f 634//339 673//339 631//339
f 588//331 559//319 557//314
f 602//47 571//47 569//47
f 563//9 592//334 562//317
f 557//324 592//334 588//347
f 590//330 569//47 559//319
f 652//47 643//47 641//47
f 662//47 651//47 649//47
f 654//47 649//47 643//47
f 583//328 612//358 582//9
f 587//391 616//361 586//327
f 586//327 613//356 583//328
f 572//9 555//9 553//9
f 580//9 563//9 561//9
f 574//9 561//9 555//9
f 612//358 595//345 593//332
f 622//368 599//337 620//363
f 628//339 611//339 609//339
f 614//357 599//392 595//345
f 622//368 609//339 601//335
f 672//339 661//339 659//339
f 680//339 671//339 669//339
f 674//339 669//339 661//339
f 582//9 593//332 563//9
f 630//339 659//339 611//339
f 604//47 641//47 571//47
f 689//9 690//9 688//9
f 693//393 694//394 692//9
f 697//395 698//396 696//397
f 701//398 702//399 700//400
f 691//401 696//397 690//9
f 695//402 700//400 694//394
f 692//9 691//401 689//9
f 700//400 699//403 697//395
f 694//394 697//395 691//401
f 705//404 706//405 704//406
f 709//407 710//408 708//409
f 713//410 714//213 712//411
f 717//213 718//213 716//213
f 707//412 712//411 706//405
f 711//413 716//213 710//408
f 708//409 707//412 705//404
f 716//213 715//213 713//410
f 710//408 713//410 707//412
f 721//414 722//415 720//416
f 725//213 726//417 724//213
f 731//418 728//419 729//420
f 735//421 732//422 733//423
f 737//339 738//339 736//339
f 741//424 742//339 740//339
f 731//418 736//339 730//425
f 741//424 734//426 735//421
f 722//415 729//427 728//428
f 726//417 733//429 732//430
f 724//213 723//431 721//414
f 734//426 729//420 732//422
f 740//339 739//339 737//339
f 723//431 732//430 729//427
f 734//426 737//339 731//418
f 744//213 747//213 746//213
f 747//213 748//213 746//213
f 750//213 753//213 752//213
f 753//213 755//432 752//213
f 754//213 753//213 751//213
f 763//433 764//339 762//434
f 767//435 768//339 766//436
f 759//437 762//434 758//438
f 761//439 766//436 760//440
f 748//441 759//437 758//438
f 748//213 757//442 746//213
f 755//432 761//443 760//440
f 745//213 752//213 747//213
f 755//432 747//213 752//213
f 766//436 765//339 763//433
f 749//444 760//440 759//437
f 760//440 763//433 759//437
f 771//339 772//339 770//339
f 775//339 776//339 774//339
f 779//339 780//339 778//339
f 783//339 784//339 782//339
f 773//339 778//339 772//339
f 777//339 782//339 776//339
f 774//339 773//339 771//339
f 782//339 781//339 779//339
f 776//339 779//339 773//339
f 787//339 788//339 786//339
f 791//339 792//339 790//339
f 795//339 796//339 794//339
f 799//339 800//339 798//339
f 789//339 794//339 788//339
f 793//339 798//339 792//339
f 790//339 789//339 787//339
f 798//339 797//339 795//339
f 792//339 795//339 789//339
f 739//339 770//339 738//339
f 743//339 774//339 742//339
f 742//339 771//339 739//339
f 765//339 786//339 764//339
f 769//339 790//339 768//339
f 768//339 787//339 765//339
f 699//403 720//416 698//396
f 703//445 724//213 702//399
f 702//399 721//414 699//403
f 715//213 744//213 714//213
f 718//213 751//213 750//213
f 718//213 745//213 715//213
f 704//406 695//402 693//393
f 712//411 703//445 701//398
f 706//405 701//398 695//402
f 744//213 727//446 725//213
f 757//447 735//421 733//423
f 762//434 743//339 741//424
f 727//446 757//442 733//429
f 762//434 735//421 758//438
f 786//339 777//339 775//339
f 794//339 785//339 783//339
f 788//339 783//339 777//339
f 714//213 725//213 703//445
f 764//339 775//339 743//339
f 688//9 579//9 577//9
f 696//397 587//391 585//326
f 690//9 585//326 579//9
f 720//416 619//448 617//359
f 730//425 625//367 728//419
f 736//339 635//339 633//339
f 619//448 728//428 625//372
f 730//425 633//339 627//365
f 770//339 679//339 677//339
f 778//339 687//339 685//339
f 772//339 685//339 679//339
f 698//396 617//359 587//391
f 738//339 677//339 635//339
f 803//449 804//450 802//451
f 807//213 808//213 806//452
f 810//213 813//213 812//213
f 815//213 818//213 817//213
f 818//213 820//213 817//213
f 819//213 818//213 816//213
f 805//213 810//213 804//450
f 809//213 815//213 808//213
f 806//452 805//213 803//449
f 811//213 817//213 813//213
f 817//213 814//213 813//213
f 808//213 811//213 805//213
f 823//213 824//213 822//213
f 827//213 830//213 829//213
f 830//213 832//213 829//213
f 831//213 830//213 828//213
f 836//213 839//213 838//213
f 835//213 836//213 834//213
f 841//213 842//213 840//213
f 824//213 835//213 834//213
f 826//213 835//213 825//213
f 832//213 841//213 840//213
f 823//213 829//213 825//213
f 829//213 826//213 825//213
f 840//213 839//213 837//213
f 826//213 840//213 837//213
f 846//213 849//453 848//454
f 845//213 846//213 844//213
f 851//213 852//455 850//213
f 859//456 860//339 858//457
f 863//458 864//339 862//459
f 855//460 858//457 854//461
f 857//462 862//459 856//463
f 849//453 854//464 848//454
f 853//465 856//466 852//455
f 850//213 849//453 847//213
f 862//459 861//339 859//456
f 852//455 855//467 849//453
f 856//463 859//456 855//460
f 867//213 868//468 866//213
f 871//213 872//469 870//213
f 879//470 880//339 878//471
f 883//472 884//339 882//473
f 875//474 878//471 874//475
f 877//476 882//473 876//477
f 869//478 874//479 868//468
f 873//480 876//481 872//469
f 870//213 869//478 867//213
f 882//473 881//339 879//470
f 872//469 875//482 869//478
f 876//477 879//470 875//474
f 887//339 888//339 886//339
f 891//339 892//339 890//339
f 895//339 896//339 894//339
f 899//339 900//339 898//339
f 889//339 894//339 888//339
f 893//339 898//339 892//339
f 890//339 889//339 887//339
f 898//339 897//339 895//339
f 892//339 895//339 889//339
f 903//339 904//339 902//339
f 907//339 908//339 906//339
f 911//483 912//483 910//339
f 915//483 916//483 914//483
f 905//339 910//339 904//339
f 909//483 914//483 908//339
f 906//339 905//339 903//339
f 914//483 913//483 911//483
f 908//339 911//483 905//339
f 861//339 886//339 860//339
f 865//339 890//339 864//339
f 864//339 887//339 861//339
f 881//339 902//339 880//339
f 885//339 906//339 884//339
f 884//339 903//339 881//339
f 812//213 845//213 844//213
f 814//213 845//213 813//213
f 820//213 851//213 850//213
f 814//213 850//213 847//213
f 839//213 866//213 838//213
f 843//213 870//213 842//213
f 842//213 867//213 839//213
f 822//213 809//213 807//213
f 819//213 838//213 821//213
f 834//213 819//213 816//213
f 809//213 834//213 816//213
f 866//213 853//465 851//213
f 878//471 865//339 863//458
f 868//468 857//484 853//465
f 874//475 863//458 857//462
f 902//339 893//339 891//339
f 910//339 901//483 899//339
f 904//339 899//339 893//339
f 838//213 851//213 821//213
f 880//339 891//339 865//339
f 920//213 923//213 922//213
f 919//213 920//213 918//213
f 925//213 926//213 924//213
f 929//213 930//213 928//213
f 933//213 934//213 932//213
f 923//213 928//213 922//213
f 927//213 932//213 926//213
f 921//213 926//213 923//213
f 932//213 931//213 929//213
f 926//213 929//213 923//213
f 937//485 938//213 936//213
f 943//486 944//213 942//213
f 951//250 948//487 950//250
f 955//250 952//488 954//250
f 948//487 941//489 940//490
f 952//488 947//491 946//492
f 939//493 942//213 938//213
f 954//250 949//494 951//250
f 940//495 939//493 937//485
f 946//496 945//497 943//486
f 941//498 943//486 939//493
f 949//494 946//492 941//489
f 957//213 958//499 956//213
f 961//500 962//501 960//213
f 971//483 968//339 969//502
f 973//503 974//339 972//504
f 965//505 972//504 964//506
f 977//507 966//508 967//509
f 959//510 964//511 958//499
f 962//501 967//512 966//513
f 977//507 968//339 976//514
f 978//339 968//339 970//483
f 960//213 959//510 957//213
f 978//339 973//503 976//514
f 962//501 965//515 959//510
f 966//508 973//503 965//505
f 977//516 963//517 969//502
f 979//518 982//519 981//520
f 986//483 987//483 985//521
f 992//522 989//523 991//524
f 986//525 981//526 982//527
f 989//523 984//528 983//529
f 980//530 984//531 982//519
f 990//532 988//533 986//534
f 990//535 982//527 984//536
f 996//250 993//250 995//250
f 1000//250 997//250 999//250
f 1004//250 1001//250 1003//250
f 1008//250 1005//250 1007//250
f 1002//250 995//250 1001//250
f 1006//250 999//250 1005//250
f 999//250 994//250 996//250
f 1007//250 1002//250 1004//250
f 1005//250 996//250 1002//250
f 1012//483 1009//483 1010//483
f 1014//483 1015//483 1013//339
f 1022//483 1023//483 1021//483
f 1028//483 1025//483 1026//483
f 1022//483 1011//483 1012//483
f 1016//483 1025//483 1015//483
f 1028//483 1019//483 1020//483
f 1011//483 1017//483 1009//483
f 1018//483 1014//483 1017//483
f 1023//483 1019//483 1021//483
f 1029//483 1019//483 1026//483
f 1029//483 1016//483 1018//483
f 1029//483 1011//483 1021//483
f 1031//483 1032//483 1030//483
f 1037//537 1034//538 1036//539
f 1039//483 1040//483 1038//483
f 1045//540 1042//541 1044//542
f 1033//483 1038//483 1032//483
f 1043//543 1036//539 1042//541
f 1035//544 1033//545 1031//546
f 1043//547 1041//548 1039//549
f 1037//550 1039//549 1033//545
f 994//250 950//250 993//250
f 998//250 954//250 997//250
f 997//250 951//250 994//250
f 1010//483 970//483 971//483
f 975//339 1013//339 974//339
f 1017//483 975//339 978//339
f 1009//483 978//339 970//483
f 988//483 1030//483 987//483
f 1035//551 991//524 1034//538
f 992//552 1031//546 988//533
f 931//213 956//213 930//213
f 935//213 960//213 934//213
f 934//213 957//213 931//213
f 945//497 979//518 944//213
f 991//524 953//553 955//250
f 947//554 980//530 945//497
f 953//553 983//529 947//491
f 1036//539 998//250 1000//250
f 1044//542 1006//250 1008//250
f 1042//541 1000//250 1006//250
f 936//213 927//213 925//213
f 942//213 935//213 933//213
f 938//213 933//213 927//213
f 961//500 981//520 963//555
f 985//521 971//483 969//502
f 985//521 963//517 981//526
f 1030//483 1012//483 1010//483
f 1038//483 1024//483 1022//483
f 1032//483 1022//483 1012//483
f 944//213 961//500 935//213
f 987//483 1010//483 971//483
f 1034//538 955//250 998//250
f 831//213 922//213 833//213
f 918//213 831//213 828//213
f 928//213 843//213 841//213
f 922//213 841//213 833//213
f 956//213 873//480 871//213
f 972//504 885//339 883//472
f 958//499 877//556 873//480
f 964//506 883//472 877//476
f 1013//339 909//483 907//339
f 1025//483 917//483 915//483
f 1015//483 915//483 909//483
f 930//213 871//213 843//213
f 974//339 907//339 885//339
f 1050//557 1049//82 1048//558
f 1053//47 1054//559 1052//560
f 1060//561 1059//65 1058//562
f 1063//47 1064//563 1062//564
f 1058//562 1051//65 1050//557
f 1055//47 1062//564 1054//559
f 1046//565 1054//559 1047//566
f 1056//567 1064//563 1057//568
f 1047//569 1048//558 1046//570
f 1057//571 1058//562 1056//572
f 1056//572 1050//557 1047//569
f 1047//566 1062//564 1056//567
f 1068//65 1067//65 1066//82
f 1072//82 1071//65 1070//65
f 1076//82 1075//82 1074//82
f 1080//65 1079//65 1078//82
f 1074//82 1069//65 1068//65
f 1078//82 1073//82 1072//82
f 1069//65 1070//65 1067//65
f 1077//65 1078//82 1075//82
f 1075//82 1072//82 1069//65
f 1083//47 1084//47 1082//47
f 1087//47 1088//47 1086//47
f 1091//47 1092//47 1090//47
f 1095//47 1096//47 1094//47
f 1085//47 1090//47 1084//47
f 1089//47 1094//47 1088//47
f 1086//47 1085//47 1083//47
f 1094//47 1093//47 1091//47
f 1088//47 1091//47 1085//47
f 1102//573 1101//65 1100//574
f 1105//47 1106//575 1104//576
f 1112//577 1111//82 1110//578
f 1115//47 1116//579 1114//580
f 1110//578 1103//82 1102//573
f 1107//47 1114//580 1106//575
f 1098//581 1106//575 1099//582
f 1108//583 1116//579 1109//584
f 1099//585 1100//574 1098//586
f 1109//587 1110//578 1108//588
f 1108//588 1102//573 1099//585
f 1099//582 1114//580 1108//583
f 1120//82 1119//65 1118//65
f 1124//82 1123//82 1122//65
f 1128//65 1127//65 1126//65
f 1132//65 1131//82 1130//65
f 1126//65 1121//82 1120//82
f 1130//65 1125//82 1124//82
f 1121//82 1122//65 1119//65
f 1129//65 1130//65 1127//65
f 1127//65 1124//82 1121//82
f 1135//47 1136//47 1134//47
f 1139//47 1140//47 1138//47
f 1143//47 1144//589 1142//47
f 1147//47 1148//590 1146//47
f 1137//47 1142//47 1136//47
f 1141//47 1146//47 1140//47
f 1138//47 1137//47 1135//47
f 1146//47 1145//591 1143//47
f 1140//47 1143//47 1137//47
f 1100//574 1061//82 1060//561
f 1065//47 1104//576 1064//563
f 1098//586 1060//561 1057//571
f 1057//568 1104//576 1098//581
f 1118//65 1077//65 1076//82
f 1122//65 1081//65 1080//65
f 1119//65 1080//65 1077//65
f 1093//47 1134//47 1092//47
f 1097//47 1138//47 1096//47
f 1096//47 1135//47 1093//47
f 1082//47 1055//47 1053//47
f 1090//47 1065//47 1063//47
f 1084//47 1063//47 1055//47
f 1134//47 1107//47 1105//47
f 1142//47 1117//592 1115//47
f 1136//47 1115//47 1107//47
f 1051//65 1066//82 1049//82
f 1061//82 1074//82 1059//65
f 1059//65 1068//65 1051//65
f 1103//82 1118//65 1101//65
f 1113//593 1126//65 1111//82
f 1111//82 1120//82 1103//82
f 1101//65 1076//82 1061//82
f 1092//47 1105//47 1065//47
f 1153//82 1152//82 1151//82
f 1157//65 1156//82 1155//82
f 1161//82 1160//65 1159//65
f 1165//82 1164//82 1163//65
f 1159//65 1154//65 1153//82
f 1163//65 1158//65 1157//65
f 1154//65 1155//82 1152//82
f 1162//82 1163//65 1160//65
f 1160//65 1157//65 1154//65
f 1169//65 1168//65 1167//82
f 1173//82 1172//594 1171//45
f 1177//65 1176//82 1175//82
f 1181//65 1180//65 1179//65
f 1175//82 1170//82 1169//65
f 1179//65 1174//65 1173//82
f 1170//82 1171//45 1168//65
f 1178//65 1179//65 1176//82
f 1176//82 1173//82 1170//82
f 1185//65 1184//65 1183//82
f 1189//65 1188//65 1187//65
f 1193//82 1192//82 1191//82
f 1197//82 1196//82 1195//82
f 1191//82 1186//65 1185//65
f 1195//82 1190//82 1189//65
f 1186//65 1187//65 1184//65
f 1194//82 1195//82 1192//82
f 1192//82 1189//65 1186//65
f 1201//82 1200//82 1199//82
f 1205//65 1204//82 1203//82
f 1209//82 1208//65 1207//65
f 1213//82 1212//82 1211//65
f 1220//595 1217//595 1219//595
f 1207//65 1202//65 1201//82
f 1211//65 1206//65 1205//65
f 1202//65 1203//82 1200//82
f 1210//82 1211//65 1208//65
f 1208//65 1205//65 1202//65
f 1225//596 1222//597 1224//598
f 1229//599 1226//599 1228//599
f 1232//599 1231//600 1230//601
f 1231//600 1224//598 1230//601
f 1232//599 1227//599 1229//599
f 1230//601 1221//602 1227//599
f 1237//603 1234//604 1236//605
f 1240//606 1239//595 1238//595
f 1244//607 1243//608 1242//609
f 1248//610 1247//611 1246//612
f 1242//609 1237//603 1236//605
f 1246//612 1241//613 1240//606
f 1237//603 1238//595 1235//595
f 1245//614 1246//612 1243//608
f 1243//608 1240//606 1237//603
f 1183//82 1162//82 1161//82
f 1187//65 1166//82 1165//82
f 1184//65 1165//82 1162//82
f 1199//82 1178//65 1177//65
f 1203//82 1182//82 1181//65
f 1200//82 1181//65 1178//65
f 1235//595 1215//595 1234//604
f 1239//595 1219//595 1238//595
f 1238//595 1216//595 1235//595
f 1158//65 1167//82 1156//82
f 1166//82 1175//82 1164//82
f 1164//82 1169//65 1158//65
f 1190//82 1199//82 1188//65
f 1198//65 1207//65 1196//82
f 1196//82 1201//82 1190//82
f 1236//605 1223//615 1225//596
f 1233//616 1242//609 1231//600
f 1231//600 1236//605 1225//596
f 1188//65 1177//65 1166//82
f 1257//617 1256//618 1255//619
f 1256//618 1251//620 1255//619
f 1257//617 1253//621 1254//622
f 1255//619 1250//623 1253//621
f 1265//624 1264//625 1263//626
f 1269//627 1268//628 1267//629
f 1264//625 1259//630 1263//626
f 1268//628 1261//631 1267//629
f 1266//632 1267//629 1264//625
f 1267//629 1260//633 1264//625
f 1275//634 1274//599 1273//635
f 1281//636 1280//599 1279//637
f 1279//637 1276//599 1275//634
f 1275//634 1271//638 1272//639
f 1281//636 1277//640 1278//641
f 1279//637 1272//639 1277//640
f 1285//599 1284//642 1283//643
f 1289//599 1288//644 1287//645
f 1293//599 1292//599 1291//599
f 1297//599 1296//599 1295//599
f 1291//599 1286//599 1285//599
f 1295//599 1290//646 1289//599
f 1286//599 1287//645 1284//642
f 1294//599 1295//599 1292//599
f 1292//599 1289//599 1286//599
f 1273//635 1258//647 1257//617
f 1273//635 1254//622 1271//638
f 1283//643 1266//632 1265//624
f 1287//645 1270//648 1269//627
f 1284//642 1269//627 1266//632
f 1258//647 1263//626 1256//618
f 1263//626 1252//649 1256//618
f 1276//599 1283//643 1274//599
f 1282//599 1291//599 1280//599
f 1280//599 1285//599 1276//599
f 1274//599 1265//624 1258//647
f 1305//650 1304//651 1303//652
f 1309//653 1308//654 1307//655
f 1304//651 1299//656 1303//652
f 1308//654 1301//657 1307//655
f 1306//658 1307//655 1304//651
f 1307//655 1300//659 1304//651
f 1318//595 1315//660 1317//595
f 1316//661 1311//662 1315//660
f 1320//663 1313//664 1319//665
f 1321//595 1316//661 1318//595
f 1316//661 1313//664 1312//666
f 1324//667 1323//668 1322//669
f 1330//599 1324//667 1329//599
f 1328//670 1323//668 1325//671
f 1322//669 1306//658 1305//650
f 1327//672 1309//653 1326//673
f 1323//668 1309//653 1306//658
f 1310//595 1315//660 1308//654
f 1315//660 1302//674 1308//654
f 1332//595 1310//595 1327//672
f 1112//577 1252//675 1113//593
f 1116//579 1254//676 1253//677
f 1109//587 1251//678 1112//577
f 1116//579 1250//679 1109//584
f 1128//680 1260//681 1129//682
f 1132//683 1262//684 1133//685
f 1129//682 1261//686 1132//683
f 1144//589 1272//687 1271//688
f 1148//590 1278//689 1277//690
f 1145//591 1277//690 1272//687
f 1113//593 1259//691 1128//680
f 1117//592 1271//688 1254//676
f 1193//692 1300//693 1194//694
f 1197//695 1302//696 1198//697
f 1194//694 1301//698 1197//695
f 1209//699 1312//700 1210//701
f 1213//702 1314//703 1214//704
f 1318//595 1215//595 1216//595
f 1320//663 1217//595 1218//595
f 1321//595 1217//595 1319//665
f 1210//701 1313//705 1213//702
f 1321//595 1216//595 1219//595
f 1327//672 1222//597 1223//615
f 1328//670 1222//597 1326//673
f 1330//599 1226//599 1227//599
f 1331//599 1226//599 1329//599
f 1328//670 1221//602 1224//598
f 1330//599 1221//602 1325//671
f 1198//697 1311//706 1209//699
f 1332//595 1223//615 1234//604
f 1332//595 1215//595 1317//595
f 1073//82 1151//82 1071//65
f 1081//65 1159//65 1079//65
f 1079//65 1153//82 1073//82
f 1125//82 1183//82 1123//82
f 1133//82 1191//82 1131//82
f 1131//82 1185//65 1125//82
f 1123//82 1161//82 1081//65
f 1270//648 1303//652 1268//628
f 1303//652 1262//707 1268//628
f 1290//646 1322//669 1288//644
f 1331//599 1296//599 1298//599
f 1296//599 1324//667 1290//646
f 1288//644 1305//650 1270//648
f 1133//685 1299//708 1193//692
f 1331//599 1150//599 1228//599
f 1335//709 1334//710 1333//711
f 1339//712 1338//713 1337//714
f 1343//82 1342//65 1341//65
f 1347//65 1346//715 1345//121
f 1341//65 1336//716 1335//709
f 1345//121 1340//717 1339//712
f 1336//716 1337//714 1334//710
f 1344//82 1345//121 1342//65
f 1342//65 1339//712 1336//716
f 1351//718 1350//96 1349//719
f 1355//134 1354//99 1353//99
f 1359//67 1358//720 1357//721
f 1363//722 1362//723 1361//62
f 1357//721 1352//724 1351//718
f 1361//62 1356//99 1355//134
f 1352//724 1353//99 1350//96
f 1360//725 1361//62 1358//720
f 1358//720 1355//134 1352//724
f 1367//65 1366//65 1365//65
f 1371//82 1370//82 1369//65
f 1375//726 1374//727 1373//82
f 1377//728 1380//729 1378//730
f 1384//595 1381//595 1383//595
f 1387//595 1386//731 1385//732
f 1373//82 1368//82 1367//65
f 1377//728 1372//82 1371//82
f 1385//732 1380//733 1379//734
f 1368//82 1369//65 1366//65
f 1374//727 1379//735 1377//728
f 1384//595 1385//732 1382//736
f 1382//736 1379//734 1376//737
f 1374//727 1371//82 1368//82
f 1391//65 1390//45 1389//82
f 1395//65 1394//738 1393//68
f 1397//739 1400//740 1398//741
f 1401//742 1404//743 1402//744
f 1407//595 1406//745 1405//746
f 1411//595 1410//747 1409//748
f 1397//739 1392//65 1391//65
f 1401//742 1396//94 1395//65
f 1406//745 1399//749 1405//746
f 1410//747 1403//750 1409//748
f 1392//65 1393//68 1390//45
f 1398//741 1403//751 1401//742
f 1408//595 1409//748 1406//745
f 1409//748 1400//752 1406//745
f 1398//741 1395//65 1392//65
f 1415//595 1414//595 1413//595
f 1419//595 1418//595 1417//595
f 1423//753 1422//754 1421//755
f 1427//756 1426//595 1425//757
f 1421//755 1416//595 1415//595
f 1425//757 1420//595 1419//595
f 1416//595 1417//595 1414//595
f 1424//758 1425//757 1422//754
f 1422//754 1419//595 1416//595
f 1431//595 1430//595 1429//595
f 1435//595 1434//595 1433//595
f 1439//759 1438//595 1437//595
f 1443//595 1442//595 1441//595
f 1437//595 1432//595 1431//595
f 1441//595 1436//595 1435//595
f 1432//595 1433//595 1430//595
f 1440//595 1441//595 1438//595
f 1438//595 1435//595 1432//595
f 1365//65 1344//82 1343//82
f 1369//65 1348//760 1347//65
f 1366//65 1347//65 1344//82
f 1389//82 1360//725 1359//67
f 1393//68 1364//761 1363//722
f 1390//45 1363//722 1360//725
f 1413//595 1384//595 1383//595
f 1417//595 1388//595 1387//595
f 1414//595 1387//595 1384//595
f 1429//595 1408//595 1407//595
f 1433//595 1412//595 1411//595
f 1430//595 1411//595 1408//595
f 1340//717 1349//719 1338//713
f 1348//760 1357//721 1346//715
f 1346//715 1351//718 1340//717
f 1372//82 1389//82 1370//82
f 1378//730 1399//762 1397//739
f 1388//595 1405//746 1386//731
f 1405//746 1380//733 1386//731
f 1378//730 1391//65 1372//82
f 1420//595 1429//595 1418//595
f 1428//763 1437//595 1426//595
f 1426//595 1431//595 1420//595
f 1418//595 1407//595 1388//595
f 1370//82 1359//67 1348//760
f 1447//99 1446//99 1445//99
f 1451//99 1450//99 1449//99
f 1455//102 1454//99 1453//764
f 1459//96 1458//99 1457//99
f 1453//764 1448//99 1447//99
f 1457//99 1452//99 1451//99
f 1448//99 1449//99 1446//99
f 1456//218 1457//99 1454//99
f 1454//99 1451//99 1448//99
f 1463//99 1462//99 1461//99
f 1470//250 1467//765 1469//766
f 1473//99 1472//99 1471//99
f 1480//250 1477//767 1479//768
f 1471//99 1464//99 1463//99
f 1478//250 1469//766 1477//767
f 1469//766 1465//769 1466//770
f 1479//768 1475//771 1476//772
f 1462//773 1466//774 1465//775
f 1472//776 1476//777 1475//778
f 1464//779 1475//778 1466//774
f 1477//767 1466//770 1475//771
f 1484//250 1481//250 1483//250
f 1488//250 1485//250 1487//250
f 1492//250 1489//250 1491//250
f 1496//250 1493//250 1495//250
f 1490//250 1483//250 1489//250
f 1494//250 1487//250 1493//250
f 1487//250 1482//250 1484//250
f 1495//250 1490//250 1492//250
f 1493//250 1484//250 1490//250
f 1499//116 1498//104 1497//100
f 1503//780 1502//136 1501//103
f 1505//781 1508//782 1506//783
f 1509//784 1512//785 1510//786
f 1515//595 1514//787 1513//788
f 1519//595 1518//789 1517//790
f 1505//781 1500//115 1499//116
f 1509//784 1504//791 1503//780
f 1514//787 1507//792 1513//788
f 1518//789 1511//793 1517//790
f 1500//115 1501//103 1498//104
f 1506//783 1511//794 1509//784
f 1516//595 1517//790 1514//787
f 1517//790 1508//795 1514//787
f 1506//783 1503//780 1500//115
f 1523//125 1522//99 1521//96
f 1530//250 1527//796 1529//797
f 1531//798 1534//799 1532//800
f 1539//595 1538//801 1537//802
f 1544//803 1541//804 1543//805
f 1531//798 1524//806 1523//125
f 1542//807 1529//797 1541//804
f 1538//801 1533//808 1537//802
f 1529//797 1525//809 1526//810
f 1536//811 1541//804 1535//812
f 1522//813 1526//814 1525//815
f 1534//799 1535//816 1532//800
f 1540//817 1543//818 1538//801
f 1538//801 1536//819 1534//820
f 1524//821 1535//816 1526//814
f 1541//804 1526//810 1535//812
f 1547//595 1546//595 1545//595
f 1551//595 1550//595 1549//595
f 1555//595 1554//595 1553//595
f 1559//595 1558//595 1557//595
f 1553//595 1548//595 1547//595
f 1557//595 1552//595 1551//595
f 1548//595 1549//595 1546//595
f 1556//595 1557//595 1554//595
f 1554//595 1551//595 1548//595
f 1564//250 1561//250 1563//250
f 1568//250 1565//250 1567//250
f 1571//595 1570//822 1569//595
f 1576//823 1573//824 1575//825
f 1579//595 1578//826 1577//595
f 1584//827 1581//828 1583//829
f 1574//830 1563//250 1573//824
f 1582//831 1567//250 1581//828
f 1577//595 1572//832 1571//595
f 1567//250 1562//250 1564//250
f 1583//829 1574//830 1576//823
f 1572//832 1575//833 1570//822
f 1580//834 1583//835 1578//826
f 1578//826 1576//836 1572//832
f 1581//828 1564//250 1574//830
f 1497//100 1456//218 1455//102
f 1501//103 1460//99 1459//96
f 1498//104 1459//96 1456//218
f 1521//96 1474//99 1473//99
f 1528//250 1479//768 1527//796
f 1474//837 1525//815 1476//777
f 1527//796 1476//772 1525//809
f 1562//250 1491//250 1561//250
f 1566//250 1495//250 1565//250
f 1565//250 1492//250 1562//250
f 1545//595 1516//595 1515//595
f 1549//595 1520//595 1519//595
f 1546//595 1519//595 1516//595
f 1483//250 1468//250 1470//250
f 1491//250 1478//250 1480//250
f 1489//250 1470//250 1478//250
f 1569//595 1540//817 1539//595
f 1563//250 1528//250 1530//250
f 1575//825 1542//807 1544//803
f 1570//822 1544//838 1540//817
f 1573//824 1530//250 1542//807
f 1452//99 1461//99 1450//99
f 1460//99 1471//99 1458//99
f 1458//99 1463//99 1452//99
f 1504//791 1521//96 1502//136
f 1510//786 1533//839 1531//798
f 1520//595 1537//802 1518//789
f 1537//802 1512//840 1518//789
f 1510//786 1523//125 1504//791
f 1552//595 1569//595 1550//595
f 1560//595 1577//595 1558//595
f 1558//595 1571//595 1552//595
f 1550//595 1539//595 1520//595
f 1502//136 1473//99 1460//99
f 1561//250 1480//250 1528//250
f 1588//841 1585//842 1587//843
f 1375//726 1586//844 1376//845
f 1588//841 1381//595 1382//736
f 1586//846 1382//846 1376//846
f 1356//99 1445//99 1354//99
f 1364//761 1453//764 1362//723
f 1362//723 1447//99 1356//99
f 1396//94 1497//100 1394//738
f 1402//744 1507//847 1505//781
f 1412//595 1513//788 1410//747
f 1513//788 1404//848 1410//747
f 1402//744 1499//116 1396//94
f 1436//595 1545//595 1434//595
f 1444//595 1553//595 1442//595
f 1442//595 1547//595 1436//595
f 1434//595 1515//595 1412//595
f 1394//738 1455//102 1364//761
f 1590//47 1591//47 1589//47
f 1594//47 1595//47 1593//47
f 1598//47 1599//47 1597//47
f 1602//47 1603//47 1601//47
f 1592//47 1597//47 1591//47
f 1596//47 1601//47 1595//47
f 1593//47 1592//47 1590//47
f 1601//47 1600//47 1598//47
f 1595//47 1598//47 1592//47
f 1606//849 1607//47 1605//47
f 1612//339 1613//339 1611//339
f 1616//850 1617//47 1615//47
f 1622//339 1623//851 1621//852
f 1608//853 1615//47 1607//47
f 1614//339 1621//852 1613//339
f 1606//849 1610//854 1608//853
f 1616//850 1620//855 1618//856
f 1613//857 1609//858 1611//859
f 1623//851 1619//860 1621//852
f 1621//852 1610//861 1613//857
f 1608//853 1619//862 1616//850
f 1626//339 1627//339 1625//339
f 1630//339 1631//339 1629//339
f 1634//339 1635//339 1633//339
f 1638//339 1639//339 1637//339
f 1628//339 1633//339 1627//339
f 1632//339 1637//339 1631//339
f 1629//339 1628//339 1626//339
f 1637//339 1636//339 1634//339
f 1631//339 1634//339 1628//339
f 1642//47 1643//47 1641//47
f 1646//47 1647//47 1645//47
f 1650//47 1651//863 1649//47
f 1654//47 1655//864 1653//47
f 1644//47 1649//47 1643//47
f 1648//47 1653//47 1647//47
f 1645//47 1644//47 1642//47
f 1653//47 1652//865 1650//47
f 1647//47 1650//47 1644//47
f 1662//599 1659//599 1661//599
f 1666//599 1663//599 1665//599
f 1669//599 1668//599 1667//599
f 1668//599 1661//599 1667//599
f 1669//599 1664//599 1666//599
f 1667//599 1658//599 1664//599
f 1672//866 1673//47 1671//47
f 1678//339 1679//867 1677//868
f 1682//869 1683//870 1681//47
f 1688//871 1685//599 1687//872
f 1694//873 1691//874 1692//875
f 1674//876 1681//47 1673//47
f 1680//339 1691//874 1679//867
f 1672//866 1676//877 1674//876
f 1682//869 1690//878 1684//879
f 1694//880 1687//872 1693//881
f 1679//867 1675//882 1677//868
f 1693//883 1689//884 1691//874
f 1690//885 1687//872 1684//886
f 1691//874 1676//887 1679//867
f 1674//876 1689//888 1682//869
f 1696//339 1697//339 1695//339
f 1700//339 1701//339 1699//339
f 1705//889 1704//599 1703//599
f 1709//890 1708//599 1707//599
f 1714//891 1711//892 1712//893
f 1718//894 1715//895 1716//896
f 1698//339 1711//892 1697//339
f 1702//483 1715//895 1701//339
f 1713//897 1706//898 1705//889
f 1717//899 1710//900 1709//890
f 1699//339 1698//339 1696//339
f 1706//898 1707//599 1704//599
f 1717//901 1712//893 1715//895
f 1714//902 1709//890 1706//898
f 1701//339 1712//893 1698//339
f 1600//47 1641//47 1599//47
f 1604//47 1645//47 1603//47
f 1603//47 1642//47 1600//47
f 1618//856 1671//47 1617//47
f 1624//339 1677//868 1623//851
f 1677//868 1620//903 1623//851
f 1618//856 1675//904 1672//866
f 1636//339 1695//339 1635//339
f 1640//339 1699//339 1639//339
f 1639//339 1696//339 1636//339
f 1605//47 1596//47 1594//47
f 1615//47 1604//47 1602//47
f 1607//47 1602//47 1596//47
f 1671//47 1648//47 1646//47
f 1681//47 1656//905 1654//47
f 1673//47 1654//47 1648//47
f 1704//599 1665//599 1703//599
f 1707//599 1670//599 1669//599
f 1704//599 1669//599 1666//599
f 1625//339 1614//339 1612//339
f 1633//339 1624//339 1622//339
f 1627//339 1622//339 1614//339
f 1695//339 1680//339 1678//339
f 1705//889 1686//599 1688//871
f 1713//906 1692//875 1711//892
f 1694//880 1705//889 1688//871
f 1697//339 1692//875 1680//339
f 1703//599 1657//599 1686//599
f 1635//339 1678//339 1624//339
f 1617//47 1646//47 1604//47
f 1720//339 1721//339 1719//339
f 1724//339 1725//339 1723//339
f 1728//339 1729//339 1727//339
f 1732//339 1733//339 1731//339
f 1722//339 1727//339 1721//339
f 1726//339 1731//339 1725//339
f 1723//339 1722//339 1720//339
f 1731//339 1730//339 1728//339
f 1725//339 1728//339 1722//339
f 1736//339 1737//339 1735//339
f 1740//339 1741//339 1739//339
f 1744//483 1745//483 1743//339
f 1748//483 1749//483 1747//483
f 1738//339 1743//339 1737//339
f 1742//483 1747//483 1741//339
f 1739//339 1738//339 1736//339
f 1747//483 1746//483 1744//483
f 1741//339 1744//483 1738//339
f 1753//599 1752//599 1751//599
f 1757//599 1756//599 1755//599
f 1761//599 1760//599 1759//599
f 1765//599 1764//599 1763//599
f 1759//599 1754//599 1753//599
f 1763//599 1758//599 1757//599
f 1754//599 1755//599 1752//599
f 1762//599 1763//599 1760//599
f 1760//599 1757//599 1754//599
f 1769//599 1768//907 1767//599
f 1773//599 1772//908 1771//909
f 1777//599 1776//599 1775//599
f 1781//599 1780//599 1779//599
f 1775//599 1770//599 1769//599
f 1779//599 1774//599 1773//599
f 1770//599 1771//909 1768//907
f 1778//599 1779//599 1776//599
f 1776//599 1773//599 1770//599
f 1784//483 1785//483 1783//339
f 1788//483 1789//483 1787//483
f 1793//910 1792//599 1791//599
f 1797//911 1796//599 1795//599
f 1802//912 1799//913 1800//914
f 1806//915 1803//916 1804//917
f 1786//483 1799//913 1785//483
f 1790//483 1803//916 1789//483
f 1801//918 1794//919 1793//910
f 1805//920 1798//921 1797//911
f 1787//483 1786//483 1784//483
f 1794//919 1795//599 1792//599
f 1805//922 1800//914 1803//916
f 1802//923 1797//911 1794//919
f 1789//483 1800//914 1786//483
f 1808//483 1809//483 1807//483
f 1812//483 1813//483 1811//483
f 1817//924 1816//599 1815//599
f 1821//925 1820//599 1819//599
f 1826//926 1823//927 1824//928
f 1830//929 1827//930 1828//931
f 1810//483 1823//927 1809//483
f 1814//483 1827//930 1813//483
f 1825//932 1818//933 1817//924
f 1829//934 1822//935 1821//925
f 1811//483 1810//483 1808//483
f 1818//933 1819//599 1816//599
f 1829//936 1824//928 1827//930
f 1826//937 1821//925 1818//933
f 1813//483 1824//928 1810//483
f 1730//339 1783//339 1729//339
f 1734//483 1787//483 1733//339
f 1733//339 1784//483 1730//339
f 1746//483 1807//483 1745//483
f 1750//483 1811//483 1749//483
f 1749//483 1808//483 1746//483
f 1791//599 1762//599 1761//599
f 1795//599 1766//599 1765//599
f 1792//599 1765//599 1762//599
f 1815//599 1778//599 1777//599
f 1819//599 1782//599 1781//599
f 1816//599 1781//599 1778//599
f 1735//339 1726//339 1724//339
f 1743//339 1734//483 1732//339
f 1737//339 1732//339 1726//339
f 1758//599 1767//599 1756//599
f 1766//599 1775//599 1764//599
f 1764//599 1769//599 1758//599
f 1807//483 1790//483 1788//483
f 1798//921 1815//599 1796//599
f 1825//938 1804//917 1823//927
f 1806//939 1817//924 1798//921
f 1809//483 1804//917 1790//483
f 1796//599 1777//599 1766//599
f 1745//483 1788//483 1734//483
f 1835//940 1834//599 1833//941
f 1841//942 1840//599 1839//943
f 1839//943 1836//599 1835//940
f 1835//940 1831//944 1832//945
f 1841//942 1837//946 1838//947
f 1839//943 1832//945 1837//946
f 1845//599 1844//599 1843//599
f 1851//599 1845//599 1850//599
f 1849//599 1844//599 1846//599
f 1857//948 1853//949 1854//950
f 1856//599 1841//942 1855//951
f 1853//949 1841//942 1838//947
f 1836//599 1843//599 1834//599
f 1852//599 1840//599 1842//599
f 1840//599 1845//599 1836//599
f 1651//863 1832//952 1831//953
f 1655//864 1838//954 1837//955
f 1652//865 1837//955 1832//952
f 1848//599 1659//599 1660//599
f 1849//599 1659//599 1847//599
f 1851//599 1663//599 1664//599
f 1852//599 1663//599 1850//599
f 1849//599 1658//599 1661//599
f 1851//599 1658//599 1846//599
f 1683//870 1854//956 1853//957
f 1856//599 1685//599 1686//599
f 1857//948 1685//599 1855//951
f 1857//948 1684//886 1687//872
f 1852//599 1657//599 1665//599
f 1656//905 1853//957 1838//954
f 1856//599 1657//599 1842//599
f 1719//339 1632//339 1630//339
f 1727//339 1640//339 1638//339
f 1721//339 1638//339 1632//339
f 1753//599 1660//599 1662//599
f 1670//599 1759//599 1668//599
f 1668//599 1753//599 1662//599
f 1783//339 1702//483 1700//339
f 1710//900 1791//599 1708//599
f 1801//958 1716//896 1799//913
f 1718//959 1793//910 1710//900
f 1785//483 1716//896 1702//483
f 1708//599 1761//599 1670//599
f 1729//339 1700//339 1640//339
f 1859//483 1860//483 1858//339
f 1863//483 1864//483 1862//483
f 1867//483 1868//483 1866//483
f 1871//483 1872//483 1870//483
f 1861//483 1866//483 1860//483
f 1865//483 1870//483 1864//483
f 1862//483 1861//483 1859//483
f 1870//483 1869//483 1867//483
f 1864//483 1867//483 1861//483
f 1875//483 1876//483 1874//483
f 1879//483 1880//483 1878//483
f 1883//483 1884//483 1882//483
f 1887//483 1888//483 1886//483
f 1877//483 1882//483 1876//483
f 1881//483 1886//483 1880//483
f 1878//483 1877//483 1875//483
f 1886//483 1885//483 1883//483
f 1880//483 1883//483 1877//483
f 1892//960 1891//961 1890//962
f 1896//963 1895//964 1894//965
f 1900//599 1899//599 1898//599
f 1904//599 1903//647 1902//966
f 1898//599 1893//967 1892//960
f 1902//966 1897//968 1896//963
f 1893//967 1894//965 1891//961
f 1901//599 1902//966 1899//599
f 1899//599 1896//963 1893//967
f 1908//969 1907//970 1906//971
f 1912//972 1911//595 1910//973
f 1916//643 1915//974 1914//975
f 1920//976 1919//977 1918//978
f 1914//975 1909//979 1908//969
f 1918//978 1913//980 1912//972
f 1909//979 1910//973 1907//970
f 1917//642 1918//978 1915//974
f 1915//974 1912//972 1909//979
f 1923//483 1924//483 1922//483
f 1927//483 1928//483 1926//483
f 1932//981 1931//599 1930//599
f 1936//982 1935//599 1934//599
f 1941//983 1938//984 1939//985
f 1945//986 1942//987 1943//988
f 1925//483 1938//984 1924//483
f 1929//483 1942//987 1928//483
f 1940//989 1933//990 1932//981
f 1944//991 1937//992 1936//982
f 1926//483 1925//483 1923//483
f 1933//990 1934//599 1931//599
f 1944//993 1939//985 1942//987
f 1941//994 1936//982 1933//990
f 1928//483 1939//985 1925//483
f 1947//483 1948//483 1946//483
f 1951//483 1952//483 1950//483
f 1956//995 1955//599 1954//599
f 1961//996 1960//997 1959//599
f 1966//998 1963//999 1964//1000
f 1970//1001 1967//1002 1968//1003
f 1949//483 1963//999 1948//483
f 1953//483 1967//1002 1952//483
f 1966//1004 1956//995 1965//1005
f 1970//1006 1961//996 1969//1007
f 1970//1006 1958//1008 1962//1009
f 1950//483 1949//483 1947//483
f 1957//1010 1959//599 1955//599
f 1969//1011 1964//1000 1967//1002
f 1969//1007 1957//1010 1966//1004
f 1952//483 1964//1000 1949//483
f 1869//483 1922//483 1868//483
f 1873//483 1926//483 1872//483
f 1872//483 1923//483 1869//483
f 1885//483 1946//483 1884//483
f 1889//483 1950//483 1888//483
f 1888//483 1947//483 1885//483
f 1930//599 1901//599 1900//599
f 1934//599 1905//599 1904//599
f 1931//599 1904//599 1901//599
f 1954//599 1917//642 1916//643
f 1959//599 1921//1012 1920//976
f 1955//599 1920//976 1917//642
f 1874//483 1865//483 1863//483
f 1882//483 1873//483 1871//483
f 1876//483 1871//483 1865//483
f 1897//968 1906//971 1895//964
f 1905//599 1914//975 1903//647
f 1903//647 1908//969 1897//968
f 1946//483 1929//483 1927//483
f 1937//992 1954//599 1935//599
f 1965//1013 1943//988 1963//999
f 1965//1005 1937//992 1945//1014
f 1948//483 1943//988 1929//483
f 1935//599 1916//643 1905//599
f 1884//483 1927//483 1873//483
f 1974//250 1971//250 1973//250
f 1978//250 1975//250 1977//250
f 1982//250 1979//250 1981//250
f 1986//250 1983//250 1985//250
f 1980//250 1973//250 1979//250
f 1984//250 1977//250 1983//250
f 1977//250 1972//250 1974//250
f 1985//250 1980//250 1982//250
f 1983//250 1974//250 1980//250
f 1990//483 1991//483 1989//483
f 1996//483 1993//483 1994//483
f 2000//483 1997//483 1998//483
f 2002//483 2003//483 2001//483
f 1992//483 2001//483 1991//483
f 2006//483 1995//483 1996//483
f 1988//483 1994//483 1987//483
f 2006//483 1997//483 2005//483
f 2007//483 1997//483 1999//483
f 1991//483 1987//483 1989//483
f 2001//483 2000//483 1998//483
f 2001//483 1988//483 1991//483
f 2006//483 1988//483 1998//483
f 2009//483 2010//483 2008//483
f 2015//1015 2012//1016 2014//1017
f 2017//1018 2018//483 2016//483
f 2023//1019 2020//1020 2022//1021
f 2011//1022 2016//483 2010//483
f 2021//1023 2014//1017 2020//1020
f 2013//1024 2011//1022 2009//1025
f 2021//1026 2019//1027 2017//1018
f 2015//1028 2017//1018 2011//1022
f 2026//1029 2025//595 2024//595
f 2030//595 2029//595 2028//595
f 2034//1030 2033//1031 2032//1032
f 2038//1033 2037//759 2036//1034
f 2032//1032 2027//757 2026//1029
f 2036//1034 2031//595 2030//595
f 2027//757 2028//595 2025//595
f 2035//1035 2036//1034 2033//1031
f 2033//1031 2030//595 2027//757
f 2043//250 2040//250 2042//250
f 2047//1036 2044//250 2046//250
f 2050//595 2049//1037 2048//595
f 2055//1038 2052//1039 2054//1040
f 2061//1041 2058//595 2060//595
f 2061//1041 2056//1042 2057//1043
f 2065//1044 2062//1045 2064//1046
f 2053//1047 2042//250 2052//1039
f 2062//1045 2047//1036 2046//250
f 2058//595 2051//1048 2050//595
f 2046//250 2041//250 2043//250
f 2064//1046 2053//1047 2055//1038
f 2051//1048 2054//1049 2049//1037
f 2065//1050 2059//1051 2061//1041
f 2063//1052 2061//1041 2057//1043
f 2059//1051 2055//1053 2051//1048
f 2062//1045 2043//250 2053//1047
f 2069//483 2066//483 2067//483
f 2071//483 2072//1054 2070//483
f 2081//1055 2078//1056 2080//1057
f 2077//1058 2080//1059 2076//1060
f 2085//1061 2082//1062 2084//1063
f 2087//1064 2082//1065 2083//1066
f 2088//1067 2082//1065 2086//1068
f 2077//1058 2068//483 2069//483
f 2073//1069 2084//1063 2072//1054
f 2068//483 2074//483 2066//483
f 2070//483 2069//483 2067//483
f 2088//1067 2079//1070 2081//1055
f 2088//1071 2077//1058 2084//1063
f 2072//1054 2077//1058 2069//483
f 2089//483 2068//483 2076//483
f 2091//1072 2092//1073 2090//483
f 2097//1074 2094//1075 2096//1076
f 2100//1077 2099//1078 2098//1079
f 2093//1080 2100//1077 2092//1073
f 2104//1081 2096//1076 2103//1082
f 2095//1083 2093//1080 2091//1072
f 2104//1084 2099//1078 2101//1085
f 2104//1086 2093//1080 2097//1087
f 2041//250 1981//250 2040//250
f 2045//250 1985//250 2044//250
f 2044//250 1982//250 2041//250
f 2067//483 1999//483 2000//483
f 2004//483 2070//483 2003//483
f 2003//483 2067//483 2000//483
f 2066//483 2007//483 1999//483
f 2019//1027 2090//483 2018//483
f 2095//1088 2022//1021 2094//1075
f 2023//1089 2091//1072 2019//1027
f 2078//1056 2035//1035 2034//1030
f 2087//1064 2038//1033 2086//1068
f 2079//1070 2038//1033 2035//1035
f 2014//1017 1976//250 1978//250
f 2022//1021 1984//250 1986//250
f 2020//1020 1978//250 1984//250
f 2099//1078 2056//1042 2098//1079
f 2102//1090 2056//1042 2060//595
f 2096//1076 2045//250 2047//1036
f 2103//1091 2057//1043 2099//1078
f 2103//1082 2047//1036 2063//1092
f 2008//483 1992//483 1990//483
f 2016//483 2004//483 2002//483
f 2010//483 2002//483 1992//483
f 2031//595 2048//595 2029//595
f 2039//1093 2058//595 2037//759
f 2037//759 2050//595 2031//595
f 2090//483 2073//1069 2071//483
f 2100//1077 2083//1066 2085//1061
f 2102//1090 2083//1066 2098//1079
f 2092//1073 2085//1061 2073//1069
f 2102//1090 2039//1093 2087//1064
f 2018//483 2071//483 2004//483
f 2094//1075 1986//250 2045//250
f 1993//483 1881//483 1879//483
f 2007//483 1887//483 2005//483
f 1995//483 1887//483 1881//483
f 1913//980 2024//595 1911//595
f 1921//1012 2032//1032 1919//977
f 1919//977 2026//1029 1913//980
f 2075//483 1951//483 2074//483
f 2080//1057 1960//997 1962//1009
f 2080//1059 1958//1008 2076//1060
f 2089//483 1958//1094 1968//1003
f 2089//483 1953//483 2075//483
f 1960//997 2034//1030 1921//1012
f 2074//483 1889//483 2007//483
f 1048//558 148//65 147//81
f 152//47 1052//560 151//84
f 1046//570 147//81 144//92
f 144//89 1052//560 1046//565
f 1066//82 164//82 163//82
f 1070//65 168//82 167//82
f 1067//65 167//82 164//82
f 180//47 1082//47 179//47
f 184//47 1086//47 183//47
f 183//47 1083//47 180//47
f 1049//82 163//82 148//65
f 179//47 1053//47 152//47
f 1151//82 270//65 269//65
f 1155//82 274//65 273//65
f 1152//82 273//65 270//65
f 1167//82 286//135 285//45
f 1171//45 290//1095 289//130
f 1168//65 289//130 286//135
f 1156//82 285//45 274//65
f 1071//65 269//65 168//82
f 1333//711 382//219 381//217
f 1337//714 386//96 385//101
f 1334//710 385//101 382//219
f 1349//719 398//99 397//99
f 1353//99 402//99 401//99
f 1350//96 401//99 398//99
f 1338//713 397//99 386//96
f 1445//99 507//99 506//99
f 1449//99 511//99 510//99
f 1446//99 510//99 507//99
f 1461//99 525//99 524//99
f 1468//250 530//293 1467//765
f 525//1096 1465//775 527//302
f 1467//765 527//297 1465//769
f 1482//250 542//250 1481//250
f 1486//250 546//250 1485//250
f 1485//250 543//250 1482//250
f 1450//99 524//99 511//99
f 1481//250 531//250 1468//250
f 1354//99 506//99 402//99
f 647//47 1589//47 646//47
f 651//47 1593//47 650//47
f 650//47 1590//47 647//47
f 665//380 1605//47 664//47
f 671//339 1611//339 670//339
f 1611//859 667//1097 670//384
f 665//380 1609//1098 1606//849
f 683//339 1625//339 682//339
f 687//339 1629//339 686//339
f 686//339 1626//339 683//339
f 682//339 1612//339 671//339
f 664//47 1594//47 651//47
f 781//339 1719//339 780//339
f 785//339 1723//339 784//339
f 784//339 1720//339 781//339
f 797//339 1735//339 796//339
f 801//339 1739//339 800//339
f 800//339 1736//339 797//339
f 796//339 1724//339 785//339
f 780//339 1630//339 687//339
f 897//339 1858//339 896//339
f 901//483 1862//483 900//339
f 900//339 1859//483 897//339
f 913//483 1874//483 912//483
f 917//483 1878//483 916//483
f 916//483 1875//483 913//483
f 912//483 1863//483 901//483
f 1972//250 1003//250 1971//250
f 1976//250 1007//250 1975//250
f 1975//250 1004//250 1972//250
f 1024//483 1989//483 1023//483
f 1994//483 1027//483 1028//483
f 1989//483 1020//483 1023//483
f 1987//483 1028//483 1020//483
f 1041//483 2008//483 1040//483
f 2013//1099 1044//542 2012//1016
f 1045//1100 2009//1025 1041//548
f 1040//483 1990//483 1024//483
f 2012//1016 1008//250 1976//250
f 1027//483 1879//483 917//483
f 548//313 110//76 108//1101
f 564//47 121//47 119//47
f 112//151 553//9 552//9
f 112//1102 548//320 108//1103
f 550//312 119//47 110//76
f 636//47 176//47 174//47
f 644//47 184//47 182//47
f 638//47 182//47 176//47
f 128//9 572//9 127//9
f 132//9 576//9 131//9
f 131//9 573//9 128//9
f 113//9 572//9 553//9
f 566//47 174//47 121//47
f 238//9 688//9 237//9
f 242//9 692//9 241//9
f 241//9 689//9 238//9
f 254//114 704//406 253//9
f 258//1104 708//409 257//113
f 257//113 705//404 254//114
f 253//9 693//393 242//9
f 237//9 577//9 132//9
f 1589//47 1089//47 1087//47
f 1597//47 1097//47 1095//47
f 1591//47 1095//47 1089//47
f 1641//47 1141//47 1139//47
f 1649//47 1149//1105 1147//47
f 1643//47 1147//47 1141//47
f 1599//47 1139//47 1097//47
f 1833//941 1282//599 1281//636
f 1833//941 1278//641 1831//944
f 1843//599 1294//599 1293//599
f 1848//599 1297//599 1847//599
f 1844//599 1297//599 1294//599
f 1834//599 1293//599 1282//599
f 1752//599 1228//599 1751//599
f 1755//599 1233//616 1232//599
f 1752//599 1232//599 1229//599
f 1767//599 1245//614 1244//607
f 1771//909 1249//1106 1248//610
f 1768//907 1248//610 1245//614
f 1756//599 1244//607 1233//616
f 1751//599 1150//599 1660//599
f 1149//1105 1831//953 1278//689
f 1848//599 1150//599 1298//599
f 350//203 802//451 349//197
f 354//222 806//452 353//200
f 353//200 803//449 350//203
f 366//213 822//213 365//211
f 370//213 827//213 369//213
f 369//213 823//213 366//213
f 365//211 807//213 354//222
f 461//213 919//213 918//213
f 463//213 919//213 462//213
f 469//213 925//213 924//213
f 463//213 924//213 921//213
f 484//276 936//213 483//213
f 950//250 493//1107 495//250
f 487//287 937//485 484//276
f 493//1107 940//490 487//281
f 995//250 537//250 539//250
f 1003//250 545//250 547//250
f 1001//250 539//250 545//250
f 470//213 936//213 925//213
f 993//250 495//250 537//250
f 370//213 918//213 828//213
f 1890//962 1424//758 1423//753
f 1894//965 1428//763 1427//756
f 1891//961 1427//756 1424//758
f 1906//971 1440//595 1439//759
f 1910//973 1444//595 1443//595
f 1907//970 1443//595 1440//595
f 1895//964 1439//759 1428//763
f 2024//595 1556//595 1555//595
f 2028//595 1560//595 1559//595
f 2025//595 1559//595 1556//595
f 1973//250 1486//250 1488//250
f 1981//250 1494//250 1496//250
f 1979//250 1488//250 1494//250
f 2048//595 1580//834 1579//595
f 2042//250 1566//250 1568//250
f 2054//1040 1582//831 1584//827
f 2049//1037 1584//1108 1580//834
f 2052//1039 1568//250 1582//831
f 2029//595 1579//595 1560//595
f 2040//250 1496//250 1566//250
f 1911//595 1555//595 1444//595
f 210//107 291//166 208//108
f 299//171 218//9 216//109
f 226//99 307//99 224//99
f 291//177 216//109 208//1109
f 224//99 293//164 210//107
f 339//9 250//9 248//9
f 347//198 258//1104 256//9
f 341//9 256//9 250//9
f 282//134 371//99 280//99
f 290//1095 379//218 288//131
f 288//131 373//99 282//134
f 301//9 248//9 218//9
f 280//99 309//99 226//99
f 802//451 711//413 709//407
f 810//213 719//213 717//213
f 804//450 717//213 711//413
f 754//213 848//454 756//1110
f 844//213 754//213 751//213
f 858//457 769//339 767//435
f 848//454 761//443 756//1110
f 854//461 767//435 761//439
f 886//339 793//339 791//339
f 894//339 801//339 799//339
f 888//339 799//339 793//339
f 719//213 844//213 751//213
f 860//339 791//339 769//339
f 1174//65 1333//711 1172//594
f 1182//82 1341//65 1180//65
f 1180//65 1335//709 1174//65
f 1206//65 1365//65 1204//82
f 1214//82 1373//82 1212//82
f 1383//595 1218//595 1220//595
f 1212//82 1367//65 1206//65
f 1241//613 1413//595 1239//595
f 1249//1106 1421//755 1247//611
f 1247//611 1415//595 1241//613
f 1239//595 1383//595 1220//595
f 1204//82 1343//82 1182//82
f 1587//843 1314//1111 1320//663
f 1214//704 1585//1112 1375//726
f 1381//595 1320//663 1218//595
f 1858//339 1742//483 1740//339
f 1866//483 1750//483 1748//483
f 1860//483 1748//483 1742//483
f 1774//599 1890//962 1772//908
f 1782//599 1898//599 1780//599
f 1780//599 1892//960 1774//599
f 1922//483 1814//483 1812//483
f 1822//935 1930//599 1820//599
f 1940//1113 1828//931 1938//984
f 1830//1114 1932//981 1822//935
f 1924//483 1828//931 1814//483
f 1820//599 1900//599 1782//599
f 1868//483 1812//483 1750//483
f 349//197 709//407 258//1104
f 1772//908 1423//753 1249//1106
f 1172//594 381//217 290//1095
f 896//339 1740//339 801//339
f 646//47 1087//47 184//47
f 1971//250 547//250 1486//250
f 7//1 9//9 8//2
f 2//4 3//24 7//1
f 4//5 6//3 8//2
f 1//7 2//4 6//3
f 15//8 17//9 16//9
f 19//11 21//9 20//9
f 10//13 11//15 15//8
f 12//14 13//163 19//11
f 18//12 20//9 17//9
f 11//15 12//14 18//12
f 25//9 27//9 26//16
f 30//18 31//9 33//9
f 27//9 31//9 30//18
f 22//20 24//17 26//16
f 30//18 32//19 29//22
f 23//21 26//16 30//18
f 35//9 37//9 36//9
f 38//9 39//9 41//9
f 36//9 37//9 43//9
f 35//9 38//9 40//9
f 9//9 25//9 24//17
f 5//6 8//2 24//17
f 17//9 35//9 34//9
f 21//9 39//9 38//9
f 20//9 38//9 35//9
f 14//10 16//9 9//9
f 3//24 10//13 14//10
f 34//9 36//9 27//9
f 27//9 36//9 42//9
f 16//9 34//9 25//9
f 49//25 51//9 50//9
f 52//27 53//30 55//9
f 44//28 45//31 49//25
f 46//29 47//37 53//30
f 49//25 52//27 54//9
f 45//31 46//29 52//27
f 56//32 57//35 60//33
f 57//35 58//1115 62//36
f 50//9 51//9 64//9
f 51//9 54//9 66//9
f 53//30 59//34 61//9
f 56//32 59//34 53//30
f 71//38 72//50 70//39
f 74//41 76//47 75//42
f 81//44 82//65 80//45
f 84//47 86//47 85//48
f 79//46 80//45 72//50
f 76//47 84//47 83//49
f 67//51 73//43 75//42
f 77//53 83//49 85//48
f 68//55 71//38 69//40
f 78//57 81//44 79//46
f 77//58 79//46 71//38
f 68//52 75//42 83//49
f 89//59 90//71 88//60
f 93//62 94//72 92//63
f 97//65 98//45 96//66
f 101//68 102//95 100//69
f 95//67 96//66 90//71
f 99//70 100//69 94//72
f 90//71 93//62 91//64
f 98//45 101//68 99//70
f 96//66 99//70 93//62
f 104//73 106//47 105//47
f 107//75 108//1101 110//76
f 115//47 117//47 116//47
f 119//47 121//47 120//47
f 106//47 115//47 114//47
f 110//76 119//47 118//47
f 107//75 109//47 106//47
f 118//47 120//47 117//47
f 109//47 118//47 115//47
f 125//9 126//9 128//9
f 130//9 132//9 131//9
f 123//9 124//9 130//9
f 126//9 129//9 131//9
f 122//9 123//9 129//9
f 137//77 138//82 136//65
f 140//47 142//47 141//79
f 147//81 148//65 146//82
f 150//47 152//47 151//84
f 145//83 146//82 138//82
f 142//47 150//47 149//85
f 133//86 139//80 141//79
f 143//88 149//85 151//84
f 134//90 137//77 135//78
f 144//92 147//81 145//83
f 143//93 145//83 137//77
f 134//87 141//79 149//85
f 155//82 156//65 154//82
f 159//65 160//65 158//94
f 163//82 164//82 162//65
f 167//82 168//82 166//82
f 161//82 162//65 156//65
f 165//65 166//82 160//65
f 156//65 159//65 157//65
f 164//82 167//82 165//65
f 162//65 165//65 159//65
f 170//47 172//47 171//47
f 174//47 176//47 175//47
f 178//47 180//47 179//47
f 182//47 184//47 183//47
f 172//47 178//47 177//47
f 176//47 182//47 181//47
f 173//47 175//47 172//47
f 181//47 183//47 180//47
f 175//47 181//47 178//47
f 135//78 136//65 82//65
f 86//47 140//47 139//80
f 133//91 135//78 81//44
f 78//54 85//48 139//80
f 153//65 154//82 98//45
f 157//65 158//94 102//95
f 154//82 157//65 101//68
f 117//47 170//47 169//47
f 121//47 174//47 173//47
f 120//47 173//47 170//47
f 103//74 105//47 76//47
f 114//47 116//47 86//47
f 105//47 114//47 84//47
f 169//47 171//47 142//47
f 177//47 179//47 152//47
f 171//47 177//47 150//47
f 72//50 89//59 87//61
f 82//65 97//65 95//67
f 80//45 95//67 89//59
f 111//9 125//9 127//9
f 138//82 155//82 153//65
f 148//65 163//82 161//82
f 146//82 161//82 155//82
f 136//65 153//65 97//65
f 116//47 169//47 140//47
f 187//96 188//99 186//97
f 191//99 192//99 190//99
f 197//100 198//104 196//101
f 201//103 202//136 200//99
f 195//102 196//101 188//99
f 199//96 200//99 192//99
f 188//99 191//99 189//99
f 198//104 201//103 199//96
f 196//101 199//96 191//99
f 205//99 206//99 204//105
f 207//106 209//111 210//107
f 211//9 212//9 214//9
f 216//109 218//9 217//9
f 221//96 222//99 220//99
f 225//99 226//99 224//99
f 219//99 220//99 206//99
f 223//99 224//99 210//107
f 207//112 208//1109 216//109
f 204//105 206//99 209//111
f 212//9 215//110 217//9
f 222//99 225//99 223//99
f 220//99 223//99 209//111
f 227//9 228//9 230//9
f 232//9 234//9 233//9
f 236//9 238//9 237//9
f 240//9 242//9 241//9
f 230//9 236//9 235//9
f 234//9 240//9 239//9
f 228//9 231//9 233//9
f 239//9 241//9 238//9
f 233//9 239//9 236//9
f 244//9 246//9 245//9
f 248//9 250//9 249//9
f 252//9 254//114 253//9
f 256//9 258//1104 257//113
f 246//9 252//9 251//9
f 250//9 256//9 255//9
f 247//9 249//9 246//9
f 255//9 257//113 254//114
f 249//9 255//9 252//9
f 261//65 262//121 260//115
f 265//117 266//122 264//118
f 269//65 270//65 268//82
f 273//65 274//65 272//120
f 267//82 268//82 262//121
f 271//65 272//120 266//122
f 262//121 265//117 263//119
f 270//65 273//65 271//65
f 268//82 271//65 265//117
f 277//123 278//133 276//124
f 281//126 282//134 280//99
f 285//45 286//135 284//128
f 289//130 290//1095 288//131
f 283//129 284//128 278//133
f 287//132 288//131 282//134
f 278//133 281//126 279//127
f 286//135 289//130 287//132
f 284//128 287//132 281//126
f 259//116 260//115 198//104
f 263//119 264//118 202//136
f 260//115 263//119 201//103
f 275//125 276//124 222//99
f 279//127 280//99 226//99
f 276//124 279//127 225//99
f 193//9 194//9 232//9
f 214//9 244//9 243//9
f 218//9 248//9 247//9
f 217//9 247//9 244//9
f 192//99 205//99 203//99
f 202//136 221//96 219//99
f 200//99 219//99 205//99
f 243//9 245//9 234//9
f 251//9 253//9 242//9
f 245//9 251//9 240//9
f 266//122 277//123 275//125
f 274//65 285//45 283//129
f 272//120 283//129 277//123
f 194//9 213//9 243//9
f 264//118 275//125 221//96
f 69//40 70//39 3//137
f 5//139 74//41 73//43
f 1//141 67//56 69//40
f 1//142 4//140 73//43
f 87//61 88//60 11//143
f 91//64 92//63 13//145
f 88//60 91//64 12//146
f 23//147 104//73 103//74
f 29//149 108//1101 107//75
f 33//9 113//9 112//151
f 111//9 113//9 33//9
f 112//1116 108//1116 29//1116
f 28//150 107//75 104//73
f 124//9 123//9 40//9
f 43//9 126//9 125//9
f 40//9 123//9 122//9
f 122//9 126//9 43//9
f 70//39 87//61 10//144
f 42//9 125//9 111//9
f 22//148 103//74 74//41
f 185//98 186//97 45//152
f 189//154 190//162 47//155
f 55//9 194//9 193//9
f 186//97 189//154 46//156
f 203//157 204//105 57//158
f 60//33 212//9 211//9
f 211//9 213//9 61//9
f 204//105 207//106 58//160
f 62//36 215//110 212//9
f 215//110 62//36 58//1115
f 64//9 228//9 227//9
f 227//9 229//9 65//9
f 66//9 231//9 228//9
f 190//162 203//157 56//159
f 61//9 213//9 194//9
f 193//9 231//9 66//9
f 48//26 50//9 21//9
f 13//163 44//28 48//26
f 39//9 63//9 65//9
f 21//9 50//9 63//9
f 94//72 187//96 185//98
f 102//95 197//100 195//102
f 100//69 195//102 187//96
f 235//9 237//9 132//9
f 124//9 229//9 235//9
f 160//65 261//65 259//116
f 168//82 269//65 267//82
f 166//82 267//82 261//65
f 158//94 259//116 197//100
f 92//63 185//98 44//153
f 65//9 229//9 124//9
f 293//164 294//174 292//165
f 297//167 298//175 296//168
f 300//170 302//9 301//9
f 304//172 306//9 305//9
f 309//99 310//99 308//99
f 313//99 314//99 312//99
f 307//99 308//99 294//174
f 311//99 312//99 298//175
f 292//176 300//170 299//171
f 295//178 296//221 304//172
f 294//174 297//167 295//169
f 303//173 305//9 302//9
f 310//99 313//99 311//99
f 292//176 295//178 303//173
f 308//99 311//99 297//167
f 317//179 318//190 316//180
f 321//182 322//191 320//183
f 324//185 326//9 325//9
f 328//187 330//220 329//188
f 333//99 334//99 332//99
f 337//99 338//99 336//99
f 331//99 332//99 318//190
f 335//99 336//99 322//191
f 315//192 316//194 324//185
f 319//193 320//310 328//187
f 318//190 321//182 319//184
f 327//189 329//188 326//9
f 334//99 337//99 335//99
f 316//194 319//193 327//189
f 332//99 335//99 321//182
f 340//9 342//9 341//9
f 344//9 346//202 345//195
f 348//196 350//203 349//197
f 352//199 354//222 353//200
f 342//9 348//196 347//198
f 346//202 352//199 351//201
f 343//9 345//195 342//9
f 351//201 353//200 350//203
f 345//195 351//201 348//196
f 356//204 358//215 357//205
f 360//207 362//216 361//208
f 364//210 366//213 365//211
f 368//213 370//213 369//213
f 358//215 364//210 363//212
f 362//216 368//213 367//214
f 359//209 361//208 358//215
f 367//214 369//213 366//213
f 361//208 367//214 364//210
f 373//99 374//99 372//99
f 377//99 378//99 376//99
f 381//217 382//219 380//96
f 385//101 386//96 384//99
f 379//218 380//96 374//99
f 383//99 384//99 378//99
f 374//99 377//99 375//99
f 382//219 385//101 383//99
f 380//96 383//99 377//99
f 389//99 390//99 388//99
f 393//99 394//99 392//99
f 397//99 398//99 396//99
f 401//99 402//99 400//99
f 395//99 396//99 390//99
f 399//99 400//99 394//99
f 390//99 393//99 391//99
f 398//99 401//99 399//99
f 396//99 399//99 393//99
f 371//99 372//99 310//99
f 375//99 376//99 314//99
f 372//99 375//99 313//99
f 387//99 388//99 334//99
f 391//99 392//99 338//99
f 388//99 391//99 337//99
f 302//9 340//9 339//9
f 306//9 344//9 343//9
f 305//9 343//9 340//9
f 326//9 356//204 355//206
f 330//220 360//207 359//209
f 329//188 359//209 356//204
f 298//175 317//179 315//181
f 323//186 325//9 306//9
f 314//99 333//99 331//99
f 296//221 315//192 323//186
f 312//99 331//99 317//179
f 355//206 357//205 346//202
f 363//212 365//211 354//222
f 357//205 363//212 352//199
f 378//99 389//99 387//99
f 386//96 397//99 395//99
f 384//99 395//99 389//99
f 325//9 355//206 344//9
f 376//99 387//99 333//99
f 405//223 406//235 404//224
f 409//226 410//236 408//227
f 412//229 414//239 413//230
f 416//232 418//306 417//233
f 421//99 422//99 420//99
f 425//99 426//99 424//99
f 419//99 420//99 406//235
f 423//99 424//99 410//236
f 403//237 404//240 412//229
f 407//238 408//309 416//232
f 406//235 409//226 407//228
f 415//234 417//233 414//239
f 422//99 425//99 423//99
f 404//240 407//238 415//234
f 420//99 423//99 409//226
f 429//241 430//267 428//242
f 434//244 436//261 435//245
f 439//247 440//307 438//248
f 443//99 444//99 442//99
f 450//250 448//250 447//251
f 441//99 442//99 430//99
f 448//250 440//307 439//247
f 427//253 428//266 434//244
f 439//247 437//249 431//254
f 449//252 447//251 445//256
f 428//242 430//267 432//258
f 437//260 438//308 436//261
f 442//262 444//305 446//263
f 431//265 437//260 434//244
f 430//267 442//262 445//264
f 447//251 439//247 432//255
f 452//268 454//213 453//269
f 456//213 458//213 457//213
f 460//213 462//213 461//213
f 464//213 465//213 467//213
f 467//213 470//213 469//213
f 468//213 470//213 467//213
f 454//213 460//213 459//213
f 458//213 465//213 464//213
f 455//271 457//213 454//213
f 460//213 464//213 466//213
f 466//213 469//213 463//213
f 457//213 464//213 460//213
f 472//272 474//286 473//213
f 477//273 478//283 476//274
f 481//213 482//277 484//276
f 482//277 481//213 479//213
f 491//250 489//280 488//250
f 495//250 493//1107 492//279
f 489//280 478//283 477//273
f 492//279 493//1107 487//281
f 473//213 474//286 480//278
f 478//283 486//282 485//284
f 494//250 492//279 489//280
f 472//272 475//1117 476//285
f 482//277 486//1118 487//287
f 486//1118 482//277 480//278
f 474//286 476//285 485//289
f 492//279 486//282 478//283
f 498//99 499//99 497//99
f 502//99 503//99 501//99
f 506//99 507//99 505//99
f 510//99 511//99 509//99
f 504//99 505//99 499//99
f 508//99 509//99 503//99
f 499//99 502//99 500//99
f 507//99 510//99 508//99
f 505//99 508//99 502//99
f 514//99 515//99 513//99
f 521//250 519//250 518//290
f 524//99 525//99 523//99
f 531//250 529//250 528//292
f 522//99 523//99 515//99
f 529//250 521//250 520//291
f 520//291 518//290 516//294
f 530//293 528//292 526//296
f 513//298 515//304 517//299
f 523//301 525//1096 527//302
f 515//304 523//301 526//303
f 528//292 520//291 517//295
f 535//250 533//250 532//250
f 539//250 537//250 536//250
f 543//250 541//250 540//250
f 547//250 545//250 544//250
f 541//250 535//250 534//250
f 545//250 539//250 538//250
f 538//250 536//250 533//250
f 546//250 544//250 541//250
f 544//250 538//250 535//250
f 496//99 497//99 422//99
f 500//99 501//99 426//99
f 497//99 500//99 425//99
f 512//99 513//99 444//99
f 519//250 450//250 449//252
f 444//305 513//298 516//300
f 518//290 449//252 446//257
f 533//250 491//250 490//250
f 537//250 495//250 494//250
f 536//250 494//250 491//250
f 414//239 452//268 451//270
f 418//306 456//213 455//271
f 417//233 455//271 452//268
f 436//261 472//272 471//213
f 440//307 477//273 475//275
f 490//250 488//250 448//250
f 438//308 475//1117 472//272
f 488//250 477//273 440//307
f 534//250 532//250 519//250
f 542//250 540//250 529//250
f 540//250 534//250 521//250
f 410//236 429//241 427//243
f 433//246 435//245 418//306
f 426//99 443//99 441//99
f 408//309 427//253 433//246
f 424//99 441//99 429//241
f 471//213 473//213 458//213
f 468//213 481//213 483//213
f 479//213 481//213 468//213
f 458//213 473//213 479//213
f 503//99 514//99 512//99
f 511//99 524//99 522//99
f 509//99 522//99 514//99
f 435//245 471//213 456//213
f 501//99 512//99 443//99
f 532//250 490//250 450//250
f 322//191 405//223 403//225
f 411//231 413//230 330//220
f 338//99 421//99 419//99
f 320//310 403//237 411//231
f 336//99 419//99 405//223
f 451//270 453//269 362//216
f 459//213 461//213 370//213
f 453//269 459//213 368//213
f 394//99 498//99 496//99
f 402//99 506//99 504//99
f 400//99 504//99 498//99
f 413//230 451//270 360//207
f 392//99 496//99 421//99
f 549//311 551//318 550//312
f 553//9 555//9 554//9
f 557//314 559//319 558//315
f 561//9 563//9 562//317
f 565//47 567//47 566//47
f 569//47 571//47 570//47
f 551//318 565//47 564//47
f 559//319 569//47 568//47
f 556//316 558//315 551//318
f 568//47 570//47 567//47
f 555//9 561//9 560//9
f 548//320 552//1119 554//321
f 556//323 560//325 562//317
f 549//322 554//321 560//325
f 558//315 568//47 565//47
f 573//9 575//9 574//9
f 577//9 579//9 578//9
f 581//9 583//328 582//9
f 585//326 587//391 586//327
f 575//9 581//9 580//9
f 579//9 585//326 584//9
f 576//9 578//9 575//9
f 584//9 586//327 583//328
f 578//9 584//9 581//9
f 589//329 591//340 590//330
f 593//332 595//345 594//333
f 601//335 600//341 598//336
f 603//338 605//344 604//47
f 609//339 611//339 610//339
f 591//340 603//338 602//47
f 601//335 609//339 608//339
f 596//342 597//1120 591//340
f 603//338 606//355 607//343
f 595//345 599//392 598//346
f 588//347 592//334 594//333
f 598//336 600//341 597//349
f 610//351 607//389 606//352
f 594//333 598//346 596//354
f 608//353 606//352 597//349
f 591//340 597//1120 606//355
f 613//356 615//370 614//357
f 617//359 619//448 618//360
f 623//362 622//368 620//363
f 627//365 626//369 624//366
f 629//339 631//339 630//339
f 633//339 635//339 634//339
f 623//362 629//339 628//339
f 627//365 633//339 632//339
f 615//370 621//374 620//371
f 618//360 619//448 625//372
f 616//361 618//360 615//370
f 626//369 623//362 621//364
f 632//339 634//339 631//339
f 618//360 624//373 621//374
f 626//369 632//339 629//339
f 637//47 639//47 638//47
f 641//47 643//47 642//47
f 645//47 647//47 646//47
f 649//47 651//47 650//47
f 639//47 645//47 644//47
f 643//47 649//47 648//47
f 640//47 642//47 639//47
f 648//47 650//47 647//47
f 642//47 648//47 645//47
f 653//375 655//377 654//47
f 659//339 661//339 660//339
f 663//376 665//380 664//47
f 669//339 671//339 670//339
f 655//377 663//376 662//47
f 661//339 669//339 668//339
f 653//375 656//390 657//378
f 663//376 666//388 667//379
f 660//381 657//387 656//382
f 670//384 667//1097 666//385
f 668//386 666//385 657//387
f 655//377 657//378 666//388
f 673//339 675//339 674//339
f 677//339 679//339 678//339
f 681//339 683//339 682//339
f 685//339 687//339 686//339
f 675//339 681//339 680//339
f 679//339 685//339 684//339
f 676//339 678//339 675//339
f 684//339 686//339 683//339
f 678//339 684//339 681//339
f 567//47 637//47 636//47
f 571//47 641//47 640//47
f 570//47 640//47 637//47
f 605//344 653//375 652//47
f 611//339 659//339 658//339
f 658//383 656//382 607//389
f 605//344 607//343 656//390
f 631//339 673//339 672//339
f 635//339 677//339 676//339
f 634//339 676//339 673//339
f 588//331 590//330 559//319
f 602//47 604//47 571//47
f 563//9 593//332 592//334
f 557//324 562//317 592//334
f 590//330 602//47 569//47
f 652//47 654//47 643//47
f 662//47 664//47 651//47
f 654//47 662//47 649//47
f 583//328 613//356 612//358
f 587//391 617//359 616//361
f 586//327 616//361 613//356
f 572//9 574//9 555//9
f 580//9 582//9 563//9
f 574//9 580//9 561//9
f 612//358 614//357 595//345
f 622//368 601//335 599//337
f 628//339 630//339 611//339
f 614//357 620//371 599//392
f 622//368 628//339 609//339
f 672//339 674//339 661//339
f 680//339 682//339 671//339
f 674//339 680//339 669//339
f 582//9 612//358 593//332
f 630//339 672//339 659//339
f 604//47 652//47 641//47
f 689//9 691//401 690//9
f 693//393 695//402 694//394
f 697//395 699//403 698//396
f 701//398 703//445 702//399
f 691//401 697//395 696//397
f 695//402 701//398 700//400
f 692//9 694//394 691//401
f 700//400 702//399 699//403
f 694//394 700//400 697//395
f 705//404 707//412 706//405
f 709//407 711//413 710//408
f 713//410 715//213 714//213
f 717//213 719//213 718//213
f 707//412 713//410 712//411
f 711//413 717//213 716//213
f 708//409 710//408 707//412
f 716//213 718//213 715//213
f 710//408 716//213 713//410
f 721//414 723//431 722//415
f 725//213 727//446 726//417
f 731//418 730//425 728//419
f 735//421 734//426 732//422
f 737//339 739//339 738//339
f 741//424 743//339 742//339
f 731//418 737//339 736//339
f 741//424 740//339 734//426
f 722//415 723//431 729//427
f 726//417 727//446 733//429
f 724//213 726//417 723//431
f 734//426 731//418 729//420
f 740//339 742//339 739//339
f 723//431 726//417 732//430
f 734//426 740//339 737//339
f 744//213 745//213 747//213
f 747//213 749//213 748//213
f 750//213 751//213 753//213
f 753//213 756//1110 755//432
f 754//213 756//1110 753//213
f 763//433 765//339 764//339
f 767//435 769//339 768//339
f 759//437 763//433 762//434
f 761//439 767//435 766//436
f 748//441 749//444 759//437
f 748//441 758//438 757//447
f 755//432 756//1110 761//443
f 745//213 750//213 752//213
f 755//432 749//213 747//213
f 766//436 768//339 765//339
f 749//444 755//432 760//440
f 760//440 766//436 763//433
f 771//339 773//339 772//339
f 775//339 777//339 776//339
f 779//339 781//339 780//339
f 783//339 785//339 784//339
f 773//339 779//339 778//339
f 777//339 783//339 782//339
f 774//339 776//339 773//339
f 782//339 784//339 781//339
f 776//339 782//339 779//339
f 787//339 789//339 788//339
f 791//339 793//339 792//339
f 795//339 797//339 796//339
f 799//339 801//339 800//339
f 789//339 795//339 794//339
f 793//339 799//339 798//339
f 790//339 792//339 789//339
f 798//339 800//339 797//339
f 792//339 798//339 795//339
f 739//339 771//339 770//339
f 743//339 775//339 774//339
f 742//339 774//339 771//339
f 765//339 787//339 786//339
f 769//339 791//339 790//339
f 768//339 790//339 787//339
f 699//403 721//414 720//416
f 703//445 725//213 724//213
f 702//399 724//213 721//414
f 715//213 745//213 744//213
f 718//213 719//213 751//213
f 718//213 750//213 745//213
f 704//406 706//405 695//402
f 712//411 714//213 703//445
f 706//405 712//411 701//398
f 744//213 746//213 727//446
f 757//447 758//438 735//421
f 762//434 764//339 743//339
f 727//446 746//213 757//442
f 762//434 741//424 735//421
f 786//339 788//339 777//339
f 794//339 796//339 785//339
f 788//339 794//339 783//339
f 714//213 744//213 725//213
f 764//339 786//339 775//339
f 688//9 690//9 579//9
f 696//397 698//396 587//391
f 690//9 696//397 585//326
f 720//416 722//415 619//448
f 730//425 627//365 625//367
f 736//339 738//339 635//339
f 619//448 722//415 728//428
f 730//425 736//339 633//339
f 770//339 772//339 679//339
f 778//339 780//339 687//339
f 772//339 778//339 685//339
f 698//396 720//416 617//359
f 738//339 770//339 677//339
f 803//449 805//213 804//450
f 807//213 809//213 808//213
f 810//213 811//213 813//213
f 815//213 816//213 818//213
f 818//213 821//213 820//213
f 819//213 821//213 818//213
f 805//213 811//213 810//213
f 809//213 816//213 815//213
f 806//452 808//213 805//213
f 811//213 815//213 817//213
f 817//213 820//213 814//213
f 808//213 815//213 811//213
f 823//213 825//213 824//213
f 827//213 828//213 830//213
f 830//213 833//213 832//213
f 831//213 833//213 830//213
f 836//213 837//213 839//213
f 835//213 837//213 836//213
f 841//213 843//213 842//213
f 824//213 825//213 835//213
f 826//213 837//213 835//213
f 832//213 833//213 841//213
f 823//213 827//213 829//213
f 829//213 832//213 826//213
f 840//213 842//213 839//213
f 826//213 832//213 840//213
f 846//213 847//213 849//453
f 845//213 847//213 846//213
f 851//213 853//465 852//455
f 859//456 861//339 860//339
f 863//458 865//339 864//339
f 855//460 859//456 858//457
f 857//462 863//458 862//459
f 849//453 855//467 854//464
f 853//465 857//484 856//466
f 850//213 852//455 849//453
f 862//459 864//339 861//339
f 852//455 856//466 855//467
f 856//463 862//459 859//456
f 867//213 869//478 868//468
f 871//213 873//480 872//469
f 879//470 881//339 880//339
f 883//472 885//339 884//339
f 875//474 879//470 878//471
f 877//476 883//472 882//473
f 869//478 875//482 874//479
f 873//480 877//556 876//481
f 870//213 872//469 869//478
f 882//473 884//339 881//339
f 872//469 876//481 875//482
f 876//477 882//473 879//470
f 887//339 889//339 888//339
f 891//339 893//339 892//339
f 895//339 897//339 896//339
f 899//339 901//483 900//339
f 889//339 895//339 894//339
f 893//339 899//339 898//339
f 890//339 892//339 889//339
f 898//339 900//339 897//339
f 892//339 898//339 895//339
f 903//339 905//339 904//339
f 907//339 909//483 908//339
f 911//483 913//483 912//483
f 915//483 917//483 916//483
f 905//339 911//483 910//339
f 909//483 915//483 914//483
f 906//339 908//339 905//339
f 914//483 916//483 913//483
f 908//339 914//483 911//483
f 861//339 887//339 886//339
f 865//339 891//339 890//339
f 864//339 890//339 887//339
f 881//339 903//339 902//339
f 885//339 907//339 906//339
f 884//339 906//339 903//339
f 812//213 813//213 845//213
f 814//213 847//213 845//213
f 820//213 821//213 851//213
f 814//213 820//213 850//213
f 839//213 867//213 866//213
f 843//213 871//213 870//213
f 842//213 870//213 867//213
f 822//213 824//213 809//213
f 819//213 836//213 838//213
f 834//213 836//213 819//213
f 809//213 824//213 834//213
f 866//213 868//468 853//465
f 878//471 880//339 865//339
f 868//468 874//479 857//484
f 874//475 878//471 863//458
f 902//339 904//339 893//339
f 910//339 912//483 901//483
f 904//339 910//339 899//339
f 838//213 866//213 851//213
f 880//339 902//339 891//339
f 920//213 921//213 923//213
f 919//213 921//213 920//213
f 925//213 927//213 926//213
f 929//213 931//213 930//213
f 933//213 935//213 934//213
f 923//213 929//213 928//213
f 927//213 933//213 932//213
f 921//213 924//213 926//213
f 932//213 934//213 931//213
f 926//213 932//213 929//213
f 937//485 939//493 938//213
f 943//486 945//497 944//213
f 951//250 949//494 948//487
f 955//250 953//553 952//488
f 948//487 949//494 941//489
f 952//488 953//553 947//491
f 939//493 943//486 942//213
f 954//250 952//488 949//494
f 940//495 941//498 939//493
f 946//496 947//554 945//497
f 941//498 946//496 943//486
f 949//494 952//488 946//492
f 957//213 959//510 958//499
f 961//500 963//555 962//501
f 971//483 970//483 968//339
f 973//503 975//339 974//339
f 965//505 973//503 972//504
f 977//507 976//514 966//508
f 959//510 965//515 964//511
f 962//501 963//555 967//512
f 977//507 969//502 968//339
f 978//339 976//514 968//339
f 960//213 962//501 959//510
f 978//339 975//339 973//503
f 962//501 966//513 965//515
f 966//508 976//514 973//503
f 977//1121 967//1121 963//1121
f 979//518 980//530 982//519
f 986//483 988//483 987//483
f 992//522 990//1122 989//523
f 986//525 985//521 981//526
f 989//523 990//1122 984//528
f 980//530 983//1123 984//531
f 990//532 992//552 988//533
f 990//535 986//525 982//527
f 996//250 994//250 993//250
f 1000//250 998//250 997//250
f 1004//250 1002//250 1001//250
f 1008//250 1006//250 1005//250
f 1002//250 996//250 995//250
f 1006//250 1000//250 999//250
f 999//250 997//250 994//250
f 1007//250 1005//250 1002//250
f 1005//250 999//250 996//250
f 1012//483 1011//483 1009//483
f 1014//483 1016//483 1015//483
f 1022//483 1024//483 1023//483
f 1028//483 1027//483 1025//483
f 1022//483 1021//483 1011//483
f 1016//483 1026//483 1025//483
f 1028//483 1026//483 1019//483
f 1011//483 1018//483 1017//483
f 1018//483 1016//483 1014//483
f 1023//483 1020//483 1019//483
f 1029//483 1021//483 1019//483
f 1029//483 1026//483 1016//483
f 1029//483 1018//483 1011//483
f 1031//483 1033//483 1032//483
f 1037//537 1035//551 1034//538
f 1039//483 1041//483 1040//483
f 1045//540 1043//543 1042//541
f 1033//483 1039//483 1038//483
f 1043//543 1037//537 1036//539
f 1035//544 1037//550 1033//545
f 1043//547 1045//1100 1041//548
f 1037//550 1043//547 1039//549
f 994//250 951//250 950//250
f 998//250 955//250 954//250
f 997//250 954//250 951//250
f 1010//483 1009//483 970//483
f 975//339 1014//483 1013//339
f 1017//483 1014//483 975//339
f 1009//483 1017//483 978//339
f 988//483 1031//483 1030//483
f 1035//551 992//522 991//524
f 992//552 1035//544 1031//546
f 931//213 957//213 956//213
f 935//213 961//500 960//213
f 934//213 960//213 957//213
f 945//497 980//530 979//518
f 991//524 989//523 953//553
f 947//554 983//1123 980//530
f 953//553 989//523 983//529
f 1036//539 1034//538 998//250
f 1044//542 1042//541 1006//250
f 1042//541 1036//539 1000//250
f 936//213 938//213 927//213
f 942//213 944//213 935//213
f 938//213 942//213 933//213
f 961//500 979//518 981//520
f 985//521 987//483 971//483
f 985//521 969//502 963//517
f 1030//483 1032//483 1012//483
f 1038//483 1040//483 1024//483
f 1032//483 1038//483 1022//483
f 944//213 979//518 961//500
f 987//483 1030//483 1010//483
f 1034//538 991//524 955//250
f 831//213 920//213 922//213
f 918//213 920//213 831//213
f 928//213 930//213 843//213
f 922//213 928//213 841//213
f 956//213 958//499 873//480
f 972//504 974//339 885//339
f 958//499 964//511 877//556
f 964//506 972//504 883//472
f 1013//339 1015//483 909//483
f 1025//483 1027//483 917//483
f 1015//483 1025//483 915//483
f 930//213 956//213 871//213
f 974//339 1013//339 907//339
f 1050//557 1051//65 1049//82
f 1053//47 1055//47 1054//559
f 1060//561 1061//82 1059//65
f 1063//47 1065//47 1064//563
f 1058//562 1059//65 1051//65
f 1055//47 1063//47 1062//564
f 1046//565 1052//560 1054//559
f 1056//567 1062//564 1064//563
f 1047//569 1050//557 1048//558
f 1057//571 1060//561 1058//562
f 1056//572 1058//562 1050//557
f 1047//566 1054//559 1062//564
f 1068//65 1069//65 1067//65
f 1072//82 1073//82 1071//65
f 1076//82 1077//65 1075//82
f 1080//65 1081//65 1079//65
f 1074//82 1075//82 1069//65
f 1078//82 1079//65 1073//82
f 1069//65 1072//82 1070//65
f 1077//65 1080//65 1078//82
f 1075//82 1078//82 1072//82
f 1083//47 1085//47 1084//47
f 1087//47 1089//47 1088//47
f 1091//47 1093//47 1092//47
f 1095//47 1097//47 1096//47
f 1085//47 1091//47 1090//47
f 1089//47 1095//47 1094//47
f 1086//47 1088//47 1085//47
f 1094//47 1096//47 1093//47
f 1088//47 1094//47 1091//47
f 1102//573 1103//82 1101//65
f 1105//47 1107//47 1106//575
f 1112//577 1113//593 1111//82
f 1115//47 1117//592 1116//579
f 1110//578 1111//82 1103//82
f 1107//47 1115//47 1114//580
f 1098//581 1104//576 1106//575
f 1108//583 1114//580 1116//579
f 1099//585 1102//573 1100//574
f 1109//587 1112//577 1110//578
f 1108//588 1110//578 1102//573
f 1099//582 1106//575 1114//580
f 1120//82 1121//82 1119//65
f 1124//82 1125//82 1123//82
f 1128//65 1129//65 1127//65
f 1132//65 1133//82 1131//82
f 1126//65 1127//65 1121//82
f 1130//65 1131//82 1125//82
f 1121//82 1124//82 1122//65
f 1129//65 1132//65 1130//65
f 1127//65 1130//65 1124//82
f 1135//47 1137//47 1136//47
f 1139//47 1141//47 1140//47
f 1143//47 1145//591 1144//589
f 1147//47 1149//1105 1148//590
f 1137//47 1143//47 1142//47
f 1141//47 1147//47 1146//47
f 1138//47 1140//47 1137//47
f 1146//47 1148//590 1145//591
f 1140//47 1146//47 1143//47
f 1100//574 1101//65 1061//82
f 1065//47 1105//47 1104//576
f 1098//586 1100//574 1060//561
f 1057//568 1064//563 1104//576
f 1118//65 1119//65 1077//65
f 1122//65 1123//82 1081//65
f 1119//65 1122//65 1080//65
f 1093//47 1135//47 1134//47
f 1097//47 1139//47 1138//47
f 1096//47 1138//47 1135//47
f 1082//47 1084//47 1055//47
f 1090//47 1092//47 1065//47
f 1084//47 1090//47 1063//47
f 1134//47 1136//47 1107//47
f 1142//47 1144//589 1117//592
f 1136//47 1142//47 1115//47
f 1051//65 1068//65 1066//82
f 1061//82 1076//82 1074//82
f 1059//65 1074//82 1068//65
f 1103//82 1120//82 1118//65
f 1113//593 1128//65 1126//65
f 1111//82 1126//65 1120//82
f 1101//65 1118//65 1076//82
f 1092//47 1134//47 1105//47
f 1153//82 1154//65 1152//82
f 1157//65 1158//65 1156//82
f 1161//82 1162//82 1160//65
f 1165//82 1166//82 1164//82
f 1159//65 1160//65 1154//65
f 1163//65 1164//82 1158//65
f 1154//65 1157//65 1155//82
f 1162//82 1165//82 1163//65
f 1160//65 1163//65 1157//65
f 1169//65 1170//82 1168//65
f 1173//82 1174//65 1172//594
f 1177//65 1178//65 1176//82
f 1181//65 1182//82 1180//65
f 1175//82 1176//82 1170//82
f 1179//65 1180//65 1174//65
f 1170//82 1173//82 1171//45
f 1178//65 1181//65 1179//65
f 1176//82 1179//65 1173//82
f 1185//65 1186//65 1184//65
f 1189//65 1190//82 1188//65
f 1193//82 1194//82 1192//82
f 1197//82 1198//65 1196//82
f 1191//82 1192//82 1186//65
f 1195//82 1196//82 1190//82
f 1186//65 1189//65 1187//65
f 1194//82 1197//82 1195//82
f 1192//82 1195//82 1189//65
f 1201//82 1202//65 1200//82
f 1205//65 1206//65 1204//82
f 1209//82 1210//82 1208//65
f 1213//82 1214//82 1212//82
f 1220//595 1218//595 1217//595
f 1207//65 1208//65 1202//65
f 1211//65 1212//82 1206//65
f 1202//65 1205//65 1203//82
f 1210//82 1213//82 1211//65
f 1208//65 1211//65 1205//65
f 1225//596 1223//615 1222//597
f 1229//599 1227//599 1226//599
f 1232//599 1233//616 1231//600
f 1231//600 1225//596 1224//598
f 1232//599 1230//601 1227//599
f 1230//601 1224//598 1221//602
f 1237//603 1235//595 1234//604
f 1240//606 1241//613 1239//595
f 1244//607 1245//614 1243//608
f 1248//610 1249//1106 1247//611
f 1242//609 1243//608 1237//603
f 1246//612 1247//611 1241//613
f 1237//603 1240//606 1238//595
f 1245//614 1248//610 1246//612
f 1243//608 1246//612 1240//606
f 1183//82 1184//65 1162//82
f 1187//65 1188//65 1166//82
f 1184//65 1187//65 1165//82
f 1199//82 1200//82 1178//65
f 1203//82 1204//82 1182//82
f 1200//82 1203//82 1181//65
f 1235//595 1216//595 1215//595
f 1239//595 1220//595 1219//595
f 1238//595 1219//595 1216//595
f 1158//65 1169//65 1167//82
f 1166//82 1177//65 1175//82
f 1164//82 1175//82 1169//65
f 1190//82 1201//82 1199//82
f 1198//65 1209//82 1207//65
f 1196//82 1207//65 1201//82
f 1236//605 1234//604 1223//615
f 1233//616 1244//607 1242//609
f 1231//600 1242//609 1236//605
f 1188//65 1199//82 1177//65
f 1257//617 1258//647 1256//618
f 1256//618 1252//649 1251//620
f 1257//617 1255//619 1253//621
f 1255//619 1251//620 1250//623
f 1265//624 1266//632 1264//625
f 1269//627 1270//648 1268//628
f 1264//625 1260//633 1259//630
f 1268//628 1262//707 1261//631
f 1266//632 1269//627 1267//629
f 1267//629 1261//631 1260//633
f 1275//634 1276//599 1274//599
f 1281//636 1282//599 1280//599
f 1279//637 1280//599 1276//599
f 1275//634 1273//635 1271//638
f 1281//636 1279//637 1277//640
f 1279//637 1275//634 1272//639
f 1285//599 1286//599 1284//642
f 1289//599 1290//646 1288//644
f 1293//599 1294//599 1292//599
f 1297//599 1298//599 1296//599
f 1291//599 1292//599 1286//599
f 1295//599 1296//599 1290//646
f 1286//599 1289//599 1287//645
f 1294//599 1297//599 1295//599
f 1292//599 1295//599 1289//599
f 1273//635 1274//599 1258//647
f 1273//635 1257//617 1254//622
f 1283//643 1284//642 1266//632
f 1287//645 1288//644 1270//648
f 1284//642 1287//645 1269//627
f 1258//647 1265//624 1263//626
f 1263//626 1259//630 1252//649
f 1276//599 1285//599 1283//643
f 1282//599 1293//599 1291//599
f 1280//599 1291//599 1285//599
f 1274//599 1283//643 1265//624
f 1305//650 1306//658 1304//651
f 1309//653 1310//595 1308//654
f 1304//651 1300//659 1299//656
f 1308//654 1302//674 1301//657
f 1306//658 1309//653 1307//655
f 1307//655 1301//657 1300//659
f 1318//595 1316//661 1315//660
f 1316//661 1312//666 1311//662
f 1320//663 1314//1111 1313//664
f 1321//595 1319//665 1316//661
f 1316//661 1319//665 1313//664
f 1324//667 1325//671 1323//668
f 1330//599 1325//671 1324//667
f 1328//670 1326//673 1323//668
f 1322//669 1323//668 1306//658
f 1327//672 1310//595 1309//653
f 1323//668 1326//673 1309//653
f 1310//595 1317//595 1315//660
f 1315//660 1311//662 1302//674
f 1332//595 1317//595 1310//595
f 1112//577 1251//678 1252//675
f 1116//579 1117//592 1254//676
f 1109//587 1250//1124 1251//678
f 1116//579 1253//677 1250//679
f 1128//680 1259//691 1260//681
f 1132//683 1261//686 1262//684
f 1129//682 1260//681 1261//686
f 1144//589 1145//591 1272//687
f 1148//590 1149//1105 1278//689
f 1145//591 1148//590 1277//690
f 1113//593 1252//675 1259//691
f 1117//592 1144//589 1271//688
f 1193//692 1299//708 1300//693
f 1197//695 1301//698 1302//696
f 1194//694 1300//693 1301//698
f 1209//699 1311//706 1312//700
f 1213//702 1313//705 1314//703
f 1318//595 1317//595 1215//595
f 1320//663 1319//665 1217//595
f 1321//595 1219//595 1217//595
f 1210//701 1312//700 1313//705
f 1321//595 1318//595 1216//595
f 1327//672 1326//673 1222//597
f 1328//670 1224//598 1222//597
f 1330//599 1329//599 1226//599
f 1331//599 1228//599 1226//599
f 1328//670 1325//671 1221//602
f 1330//599 1227//599 1221//602
f 1198//697 1302//696 1311//706
f 1332//595 1327//672 1223//615
f 1332//595 1234//604 1215//595
f 1073//82 1153//82 1151//82
f 1081//65 1161//82 1159//65
f 1079//65 1159//65 1153//82
f 1125//82 1185//65 1183//82
f 1133//82 1193//82 1191//82
f 1131//82 1191//82 1185//65
f 1123//82 1183//82 1161//82
f 1270//648 1305//650 1303//652
f 1303//652 1299//656 1262//707
f 1290//646 1324//667 1322//669
f 1331//599 1329//599 1296//599
f 1296//599 1329//599 1324//667
f 1288//644 1322//669 1305//650
f 1133//685 1262//684 1299//708
f 1331//599 1298//599 1150//599
f 1335//709 1336//716 1334//710
f 1339//712 1340//717 1338//713
f 1343//82 1344//82 1342//65
f 1347//65 1348//760 1346//715
f 1341//65 1342//65 1336//716
f 1345//121 1346//715 1340//717
f 1336//716 1339//712 1337//714
f 1344//82 1347//65 1345//121
f 1342//65 1345//121 1339//712
f 1351//718 1352//724 1350//96
f 1355//134 1356//99 1354//99
f 1359//67 1360//725 1358//720
f 1363//722 1364//761 1362//723
f 1357//721 1358//720 1352//724
f 1361//62 1362//723 1356//99
f 1352//724 1355//134 1353//99
f 1360//725 1363//722 1361//62
f 1358//720 1361//62 1355//134
f 1367//65 1368//82 1366//65
f 1371//82 1372//82 1370//82
f 1375//726 1376//845 1374//727
f 1377//728 1379//735 1380//729
f 1384//595 1382//736 1381//595
f 1387//595 1388//595 1386//731
f 1373//82 1374//727 1368//82
f 1377//728 1378//730 1372//82
f 1385//732 1386//731 1380//733
f 1368//82 1371//82 1369//65
f 1374//727 1376//845 1379//735
f 1384//595 1387//595 1385//732
f 1382//736 1385//732 1379//734
f 1374//727 1377//728 1371//82
f 1391//65 1392//65 1390//45
f 1395//65 1396//94 1394//738
f 1397//739 1399//762 1400//740
f 1401//742 1403//751 1404//743
f 1407//595 1408//595 1406//745
f 1411//595 1412//595 1410//747
f 1397//739 1398//741 1392//65
f 1401//742 1402//744 1396//94
f 1406//745 1400//752 1399//749
f 1410//747 1404//848 1403//750
f 1392//65 1395//65 1393//68
f 1398//741 1400//740 1403//751
f 1408//595 1411//595 1409//748
f 1409//748 1403//750 1400//752
f 1398//741 1401//742 1395//65
f 1415//595 1416//595 1414//595
f 1419//595 1420//595 1418//595
f 1423//753 1424//758 1422//754
f 1427//756 1428//763 1426//595
f 1421//755 1422//754 1416//595
f 1425//757 1426//595 1420//595
f 1416//595 1419//595 1417//595
f 1424//758 1427//756 1425//757
f 1422//754 1425//757 1419//595
f 1431//595 1432//595 1430//595
f 1435//595 1436//595 1434//595
f 1439//759 1440//595 1438//595
f 1443//595 1444//595 1442//595
f 1437//595 1438//595 1432//595
f 1441//595 1442//595 1436//595
f 1432//595 1435//595 1433//595
f 1440//595 1443//595 1441//595
f 1438//595 1441//595 1435//595
f 1365//65 1366//65 1344//82
f 1369//65 1370//82 1348//760
f 1366//65 1369//65 1347//65
f 1389//82 1390//45 1360//725
f 1393//68 1394//738 1364//761
f 1390//45 1393//68 1363//722
f 1413//595 1414//595 1384//595
f 1417//595 1418//595 1388//595
f 1414//595 1417//595 1387//595
f 1429//595 1430//595 1408//595
f 1433//595 1434//595 1412//595
f 1430//595 1433//595 1411//595
f 1340//717 1351//718 1349//719
f 1348//760 1359//67 1357//721
f 1346//715 1357//721 1351//718
f 1372//82 1391//65 1389//82
f 1378//730 1380//729 1399//762
f 1388//595 1407//595 1405//746
f 1405//746 1399//749 1380//733
f 1378//730 1397//739 1391//65
f 1420//595 1431//595 1429//595
f 1428//763 1439//759 1437//595
f 1426//595 1437//595 1431//595
f 1418//595 1429//595 1407//595
f 1370//82 1389//82 1359//67
f 1447//99 1448//99 1446//99
f 1451//99 1452//99 1450//99
f 1455//102 1456//218 1454//99
f 1459//96 1460//99 1458//99
f 1453//764 1454//99 1448//99
f 1457//99 1458//99 1452//99
f 1448//99 1451//99 1449//99
f 1456//218 1459//96 1457//99
f 1454//99 1457//99 1451//99
f 1463//99 1464//99 1462//99
f 1470//250 1468//250 1467//765
f 1473//99 1474//99 1472//99
f 1480//250 1478//250 1477//767
f 1471//99 1472//99 1464//99
f 1478//250 1470//250 1469//766
f 1469//766 1467//765 1465//769
f 1479//768 1477//767 1475//771
f 1462//773 1464//779 1466//774
f 1472//776 1474//837 1476//777
f 1464//779 1472//776 1475//778
f 1477//767 1469//766 1466//770
f 1484//250 1482//250 1481//250
f 1488//250 1486//250 1485//250
f 1492//250 1490//250 1489//250
f 1496//250 1494//250 1493//250
f 1490//250 1484//250 1483//250
f 1494//250 1488//250 1487//250
f 1487//250 1485//250 1482//250
f 1495//250 1493//250 1490//250
f 1493//250 1487//250 1484//250
f 1499//116 1500//115 1498//104
f 1503//780 1504//791 1502//136
f 1505//781 1507//847 1508//782
f 1509//784 1511//794 1512//785
f 1515//595 1516//595 1514//787
f 1519//595 1520//595 1518//789
f 1505//781 1506//783 1500//115
f 1509//784 1510//786 1504//791
f 1514//787 1508//795 1507//792
f 1518//789 1512//840 1511//793
f 1500//115 1503//780 1501//103
f 1506//783 1508//782 1511//794
f 1516//595 1519//595 1517//790
f 1517//790 1511//793 1508//795
f 1506//783 1509//784 1503//780
f 1523//125 1524//806 1522//99
f 1530//250 1528//250 1527//796
f 1531//798 1533//839 1534//799
f 1539//595 1540//817 1538//801
f 1544//803 1542//807 1541//804
f 1531//798 1532//800 1524//806
f 1542//807 1530//250 1529//797
f 1538//801 1534//820 1533//808
f 1529//797 1527//796 1525//809
f 1536//811 1543//805 1541//804
f 1522//813 1524//821 1526//814
f 1534//799 1536//1125 1535//816
f 1540//817 1544//838 1543//818
f 1538//801 1543//818 1536//819
f 1524//821 1532//800 1535//816
f 1541//804 1529//797 1526//810
f 1547//595 1548//595 1546//595
f 1551//595 1552//595 1550//595
f 1555//595 1556//595 1554//595
f 1559//595 1560//595 1558//595
f 1553//595 1554//595 1548//595
f 1557//595 1558//595 1552//595
f 1548//595 1551//595 1549//595
f 1556//595 1559//595 1557//595
f 1554//595 1557//595 1551//595
f 1564//250 1562//250 1561//250
f 1568//250 1566//250 1565//250
f 1571//595 1572//832 1570//822
f 1576//823 1574//830 1573//824
f 1579//595 1580//834 1578//826
f 1584//827 1582//831 1581//828
f 1574//830 1564//250 1563//250
f 1582//831 1568//250 1567//250
f 1577//595 1578//826 1572//832
f 1567//250 1565//250 1562//250
f 1583//829 1581//828 1574//830
f 1572//832 1576//836 1575//833
f 1580//834 1584//1108 1583//835
f 1578//826 1583//835 1576//836
f 1581//828 1567//250 1564//250
f 1497//100 1498//104 1456//218
f 1501//103 1502//136 1460//99
f 1498//104 1501//103 1459//96
f 1521//96 1522//99 1474//99
f 1528//250 1480//250 1479//768
f 1474//837 1522//813 1525//815
f 1527//796 1479//768 1476//772
f 1562//250 1492//250 1491//250
f 1566//250 1496//250 1495//250
f 1565//250 1495//250 1492//250
f 1545//595 1546//595 1516//595
f 1549//595 1550//595 1520//595
f 1546//595 1549//595 1519//595
f 1483//250 1481//250 1468//250
f 1491//250 1489//250 1478//250
f 1489//250 1483//250 1470//250
f 1569//595 1570//822 1540//817
f 1563//250 1561//250 1528//250
f 1575//825 1573//824 1542//807
f 1570//822 1575//833 1544//838
f 1573//824 1563//250 1530//250
f 1452//99 1463//99 1461//99
f 1460//99 1473//99 1471//99
f 1458//99 1471//99 1463//99
f 1504//791 1523//125 1521//96
f 1510//786 1512//785 1533//839
f 1520//595 1539//595 1537//802
f 1537//802 1533//808 1512//840
f 1510//786 1531//798 1523//125
f 1552//595 1571//595 1569//595
f 1560//595 1579//595 1577//595
f 1558//595 1577//595 1571//595
f 1550//595 1569//595 1539//595
f 1502//136 1521//96 1473//99
f 1561//250 1491//250 1480//250
f 1588//841 1586//1126 1585//842
f 1375//726 1585//1112 1586//844
f 1588//841 1587//843 1381//595
f 1586//1126 1588//841 1382//736
f 1356//99 1447//99 1445//99
f 1364//761 1455//102 1453//764
f 1362//723 1453//764 1447//99
f 1396//94 1499//116 1497//100
f 1402//744 1404//743 1507//847
f 1412//595 1515//595 1513//788
f 1513//788 1507//792 1404//848
f 1402//744 1505//781 1499//116
f 1436//595 1547//595 1545//595
f 1444//595 1555//595 1553//595
f 1442//595 1553//595 1547//595
f 1434//595 1545//595 1515//595
f 1394//738 1497//100 1455//102
f 1590//47 1592//47 1591//47
f 1594//47 1596//47 1595//47
f 1598//47 1600//47 1599//47
f 1602//47 1604//47 1603//47
f 1592//47 1598//47 1597//47
f 1596//47 1602//47 1601//47
f 1593//47 1595//47 1592//47
f 1601//47 1603//47 1600//47
f 1595//47 1601//47 1598//47
f 1606//849 1608//853 1607//47
f 1612//339 1614//339 1613//339
f 1616//850 1618//856 1617//47
f 1622//339 1624//339 1623//851
f 1608//853 1616//850 1615//47
f 1614//339 1622//339 1621//852
f 1606//849 1609//1098 1610//854
f 1616//850 1619//862 1620//855
f 1613//857 1610//861 1609//858
f 1623//851 1620//903 1619//860
f 1621//852 1619//860 1610//861
f 1608//853 1610//854 1619//862
f 1626//339 1628//339 1627//339
f 1630//339 1632//339 1631//339
f 1634//339 1636//339 1635//339
f 1638//339 1640//339 1639//339
f 1628//339 1634//339 1633//339
f 1632//339 1638//339 1637//339
f 1629//339 1631//339 1628//339
f 1637//339 1639//339 1636//339
f 1631//339 1637//339 1634//339
f 1642//47 1644//47 1643//47
f 1646//47 1648//47 1647//47
f 1650//47 1652//865 1651//863
f 1654//47 1656//905 1655//864
f 1644//47 1650//47 1649//47
f 1648//47 1654//47 1653//47
f 1645//47 1647//47 1644//47
f 1653//47 1655//864 1652//865
f 1647//47 1653//47 1650//47
f 1662//599 1660//599 1659//599
f 1666//599 1664//599 1663//599
f 1669//599 1670//599 1668//599
f 1668//599 1662//599 1661//599
f 1669//599 1667//599 1664//599
f 1667//599 1661//599 1658//599
f 1672//866 1674//876 1673//47
f 1678//339 1680//339 1679//867
f 1682//869 1684//879 1683//870
f 1688//871 1686//599 1685//599
f 1694//873 1693//883 1691//874
f 1674//876 1682//869 1681//47
f 1680//339 1692//875 1691//874
f 1672//866 1675//904 1676//877
f 1682//869 1689//888 1690//878
f 1694//880 1688//871 1687//872
f 1679//867 1676//887 1675//882
f 1693//883 1690//1127 1689//884
f 1690//885 1693//881 1687//872
f 1691//874 1689//884 1676//887
f 1674//876 1676//877 1689//888
f 1696//339 1698//339 1697//339
f 1700//339 1702//483 1701//339
f 1705//889 1706//898 1704//599
f 1709//890 1710//900 1708//599
f 1714//891 1713//906 1711//892
f 1718//894 1717//901 1715//895
f 1698//339 1712//893 1711//892
f 1702//483 1716//896 1715//895
f 1713//897 1714//902 1706//898
f 1717//899 1718//959 1710//900
f 1699//339 1701//339 1698//339
f 1706//898 1709//890 1707//599
f 1717//901 1714//891 1712//893
f 1714//902 1717//899 1709//890
f 1701//339 1715//895 1712//893
f 1600//47 1642//47 1641//47
f 1604//47 1646//47 1645//47
f 1603//47 1645//47 1642//47
f 1618//856 1672//866 1671//47
f 1624//339 1678//339 1677//868
f 1677//868 1675//882 1620//903
f 1618//856 1620//855 1675//904
f 1636//339 1696//339 1695//339
f 1640//339 1700//339 1699//339
f 1639//339 1699//339 1696//339
f 1605//47 1607//47 1596//47
f 1615//47 1617//47 1604//47
f 1607//47 1615//47 1602//47
f 1671//47 1673//47 1648//47
f 1681//47 1683//870 1656//905
f 1673//47 1681//47 1654//47
f 1704//599 1666//599 1665//599
f 1707//599 1708//599 1670//599
f 1704//599 1707//599 1669//599
f 1625//339 1627//339 1614//339
f 1633//339 1635//339 1624//339
f 1627//339 1633//339 1622//339
f 1695//339 1697//339 1680//339
f 1705//889 1703//599 1686//599
f 1713//906 1694//873 1692//875
f 1694//880 1713//897 1705//889
f 1697//339 1711//892 1692//875
f 1703//599 1665//599 1657//599
f 1635//339 1695//339 1678//339
f 1617//47 1671//47 1646//47
f 1720//339 1722//339 1721//339
f 1724//339 1726//339 1725//339
f 1728//339 1730//339 1729//339
f 1732//339 1734//483 1733//339
f 1722//339 1728//339 1727//339
f 1726//339 1732//339 1731//339
f 1723//339 1725//339 1722//339
f 1731//339 1733//339 1730//339
f 1725//339 1731//339 1728//339
f 1736//339 1738//339 1737//339
f 1740//339 1742//483 1741//339
f 1744//483 1746//483 1745//483
f 1748//483 1750//483 1749//483
f 1738//339 1744//483 1743//339
f 1742//483 1748//483 1747//483
f 1739//339 1741//339 1738//339
f 1747//483 1749//483 1746//483
f 1741//339 1747//483 1744//483
f 1753//599 1754//599 1752//599
f 1757//599 1758//599 1756//599
f 1761//599 1762//599 1760//599
f 1765//599 1766//599 1764//599
f 1759//599 1760//599 1754//599
f 1763//599 1764//599 1758//599
f 1754//599 1757//599 1755//599
f 1762//599 1765//599 1763//599
f 1760//599 1763//599 1757//599
f 1769//599 1770//599 1768//907
f 1773//599 1774//599 1772//908
f 1777//599 1778//599 1776//599
f 1781//599 1782//599 1780//599
f 1775//599 1776//599 1770//599
f 1779//599 1780//599 1774//599
f 1770//599 1773//599 1771//909
f 1778//599 1781//599 1779//599
f 1776//599 1779//599 1773//599
f 1784//483 1786//483 1785//483
f 1788//483 1790//483 1789//483
f 1793//910 1794//919 1792//599
f 1797//911 1798//921 1796//599
f 1802//912 1801//958 1799//913
f 1806//915 1805//922 1803//916
f 1786//483 1800//914 1799//913
f 1790//483 1804//917 1803//916
f 1801//918 1802//923 1794//919
f 1805//920 1806//939 1798//921
f 1787//483 1789//483 1786//483
f 1794//919 1797//911 1795//599
f 1805//922 1802//912 1800//914
f 1802//923 1805//920 1797//911
f 1789//483 1803//916 1800//914
f 1808//483 1810//483 1809//483
f 1812//483 1814//483 1813//483
f 1817//924 1818//933 1816//599
f 1821//925 1822//935 1820//599
f 1826//926 1825//938 1823//927
f 1830//929 1829//936 1827//930
f 1810//483 1824//928 1823//927
f 1814//483 1828//931 1827//930
f 1825//932 1826//937 1818//933
f 1829//934 1830//1114 1822//935
f 1811//483 1813//483 1810//483
f 1818//933 1821//925 1819//599
f 1829//936 1826//926 1824//928
f 1826//937 1829//934 1821//925
f 1813//483 1827//930 1824//928
f 1730//339 1784//483 1783//339
f 1734//483 1788//483 1787//483
f 1733//339 1787//483 1784//483
f 1746//483 1808//483 1807//483
f 1750//483 1812//483 1811//483
f 1749//483 1811//483 1808//483
f 1791//599 1792//599 1762//599
f 1795//599 1796//599 1766//599
f 1792//599 1795//599 1765//599
f 1815//599 1816//599 1778//599
f 1819//599 1820//599 1782//599
f 1816//599 1819//599 1781//599
f 1735//339 1737//339 1726//339
f 1743//339 1745//483 1734//483
f 1737//339 1743//339 1732//339
f 1758//599 1769//599 1767//599
f 1766//599 1777//599 1775//599
f 1764//599 1775//599 1769//599
f 1807//483 1809//483 1790//483
f 1798//921 1817//924 1815//599
f 1825//938 1806//915 1804//917
f 1806//939 1825//932 1817//924
f 1809//483 1823//927 1804//917
f 1796//599 1815//599 1777//599
f 1745//483 1807//483 1788//483
f 1835//940 1836//599 1834//599
f 1841//942 1842//599 1840//599
f 1839//943 1840//599 1836//599
f 1835//940 1833//941 1831//944
f 1841//942 1839//943 1837//946
f 1839//943 1835//940 1832//945
f 1845//599 1846//599 1844//599
f 1851//599 1846//599 1845//599
f 1849//599 1847//599 1844//599
f 1857//948 1855//951 1853//949
f 1856//599 1842//599 1841//942
f 1853//949 1855//951 1841//942
f 1836//599 1845//599 1843//599
f 1852//599 1850//599 1840//599
f 1840//599 1850//599 1845//599
f 1651//863 1652//865 1832//952
f 1655//864 1656//905 1838//954
f 1652//865 1655//864 1837//955
f 1848//599 1847//599 1659//599
f 1849//599 1661//599 1659//599
f 1851//599 1850//599 1663//599
f 1852//599 1665//599 1663//599
f 1849//599 1846//599 1658//599
f 1851//599 1664//599 1658//599
f 1683//870 1684//879 1854//956
f 1856//599 1855//951 1685//599
f 1857//948 1687//872 1685//599
f 1857//1128 1854//1128 1684//1128
f 1852//599 1842//599 1657//599
f 1656//905 1683//870 1853//957
f 1856//599 1686//599 1657//599
f 1719//339 1721//339 1632//339
f 1727//339 1729//339 1640//339
f 1721//339 1727//339 1638//339
f 1753//599 1751//599 1660//599
f 1670//599 1761//599 1759//599
f 1668//599 1759//599 1753//599
f 1783//339 1785//483 1702//483
f 1710//900 1793//910 1791//599
f 1801//958 1718//894 1716//896
f 1718//959 1801//918 1793//910
f 1785//483 1799//913 1716//896
f 1708//599 1791//599 1761//599
f 1729//339 1783//339 1700//339
f 1859//483 1861//483 1860//483
f 1863//483 1865//483 1864//483
f 1867//483 1869//483 1868//483
f 1871//483 1873//483 1872//483
f 1861//483 1867//483 1866//483
f 1865//483 1871//483 1870//483
f 1862//483 1864//483 1861//483
f 1870//483 1872//483 1869//483
f 1864//483 1870//483 1867//483
f 1875//483 1877//483 1876//483
f 1879//483 1881//483 1880//483
f 1883//483 1885//483 1884//483
f 1887//483 1889//483 1888//483
f 1877//483 1883//483 1882//483
f 1881//483 1887//483 1886//483
f 1878//483 1880//483 1877//483
f 1886//483 1888//483 1885//483
f 1880//483 1886//483 1883//483
f 1892//960 1893//967 1891//961
f 1896//963 1897//968 1895//964
f 1900//599 1901//599 1899//599
f 1904//599 1905//599 1903//647
f 1898//599 1899//599 1893//967
f 1902//966 1903//647 1897//968
f 1893//967 1896//963 1894//965
f 1901//599 1904//599 1902//966
f 1899//599 1902//966 1896//963
f 1908//969 1909//979 1907//970
f 1912//972 1913//980 1911//595
f 1916//643 1917//642 1915//974
f 1920//976 1921//1012 1919//977
f 1914//975 1915//974 1909//979
f 1918//978 1919//977 1913//980
f 1909//979 1912//972 1910//973
f 1917//642 1920//976 1918//978
f 1915//974 1918//978 1912//972
f 1923//483 1925//483 1924//483
f 1927//483 1929//483 1928//483
f 1932//981 1933//990 1931//599
f 1936//982 1937//992 1935//599
f 1941//983 1940//1113 1938//984
f 1945//986 1944//993 1942//987
f 1925//483 1939//985 1938//984
f 1929//483 1943//988 1942//987
f 1940//989 1941//994 1933//990
f 1944//991 1945//1014 1937//992
f 1926//483 1928//483 1925//483
f 1933//990 1936//982 1934//599
f 1944//993 1941//983 1939//985
f 1941//994 1944//991 1936//982
f 1928//483 1942//987 1939//985
f 1947//483 1949//483 1948//483
f 1951//483 1953//483 1952//483
f 1956//995 1957//1010 1955//599
f 1961//996 1962//1009 1960//997
f 1966//998 1965//1013 1963//999
f 1970//1001 1969//1011 1967//1002
f 1949//483 1964//1000 1963//999
f 1953//483 1968//1003 1967//1002
f 1966//1004 1957//1010 1956//995
f 1970//1006 1962//1009 1961//996
f 1970//1001 1968//1003 1958//1094
f 1950//483 1952//483 1949//483
f 1957//1010 1961//996 1959//599
f 1969//1011 1966//998 1964//1000
f 1969//1007 1961//996 1957//1010
f 1952//483 1967//1002 1964//1000
f 1869//483 1923//483 1922//483
f 1873//483 1927//483 1926//483
f 1872//483 1926//483 1923//483
f 1885//483 1947//483 1946//483
f 1889//483 1951//483 1950//483
f 1888//483 1950//483 1947//483
f 1930//599 1931//599 1901//599
f 1934//599 1935//599 1905//599
f 1931//599 1934//599 1904//599
f 1954//599 1955//599 1917//642
f 1959//599 1960//997 1921//1012
f 1955//599 1959//599 1920//976
f 1874//483 1876//483 1865//483
f 1882//483 1884//483 1873//483
f 1876//483 1882//483 1871//483
f 1897//968 1908//969 1906//971
f 1905//599 1916//643 1914//975
f 1903//647 1914//975 1908//969
f 1946//483 1948//483 1929//483
f 1937//992 1956//995 1954//599
f 1965//1013 1945//986 1943//988
f 1965//1005 1956//995 1937//992
f 1948//483 1963//999 1943//988
f 1935//599 1954//599 1916//643
f 1884//483 1946//483 1927//483
f 1974//250 1972//250 1971//250
f 1978//250 1976//250 1975//250
f 1982//250 1980//250 1979//250
f 1986//250 1984//250 1983//250
f 1980//250 1974//250 1973//250
f 1984//250 1978//250 1977//250
f 1977//250 1975//250 1972//250
f 1985//250 1983//250 1980//250
f 1983//250 1977//250 1974//250
f 1990//483 1992//483 1991//483
f 1996//483 1995//483 1993//483
f 2000//483 1999//483 1997//483
f 2002//483 2004//483 2003//483
f 1992//483 2002//483 2001//483
f 2006//483 2005//483 1995//483
f 1988//483 1996//483 1994//483
f 2006//483 1998//483 1997//483
f 2007//483 2005//483 1997//483
f 1991//483 1988//483 1987//483
f 2001//483 2003//483 2000//483
f 2001//483 1998//483 1988//483
f 2006//483 1996//483 1988//483
f 2009//483 2011//1022 2010//483
f 2015//1015 2013//1099 2012//1016
f 2017//1018 2019//1027 2018//483
f 2023//1019 2021//1023 2020//1020
f 2011//1022 2017//1018 2016//483
f 2021//1023 2015//1015 2014//1017
f 2013//1024 2015//1028 2011//1022
f 2021//1026 2023//1089 2019//1027
f 2015//1028 2021//1026 2017//1018
f 2026//1029 2027//757 2025//595
f 2030//595 2031//595 2029//595
f 2034//1030 2035//1035 2033//1031
f 2038//1033 2039//1093 2037//759
f 2032//1032 2033//1031 2027//757
f 2036//1034 2037//759 2031//595
f 2027//757 2030//595 2028//595
f 2035//1035 2038//1033 2036//1034
f 2033//1031 2036//1034 2030//595
f 2043//250 2041//250 2040//250
f 2047//1036 2045//250 2044//250
f 2050//595 2051//1048 2049//1037
f 2055//1038 2053//1047 2052//1039
f 2061//1041 2059//1051 2058//595
f 2061//1041 2060//595 2056//1042
f 2065//1044 2063//1092 2062//1045
f 2053//1047 2043//250 2042//250
f 2062//1045 2063//1092 2047//1036
f 2058//595 2059//1051 2051//1048
f 2046//250 2044//250 2041//250
f 2064//1046 2062//1045 2053//1047
f 2051//1048 2055//1053 2054//1049
f 2065//1050 2064//1129 2059//1051
f 2063//1130 2065//1130 2061//1130
f 2059//1051 2064//1129 2055//1053
f 2062//1045 2046//250 2043//250
f 2069//483 2068//483 2066//483
f 2071//483 2073//1069 2072//1054
f 2081//1055 2079//1070 2078//1056
f 2077//1058 2081//1131 2080//1059
f 2085//1061 2083//1066 2082//1062
f 2087//1064 2086//1068 2082//1065
f 2088//1071 2084//1063 2082//1062
f 2077//1058 2076//483 2068//483
f 2073//1069 2085//1061 2084//1063
f 2068//483 2075//483 2074//483
f 2070//483 2072//1054 2069//483
f 2088//1067 2086//1068 2079//1070
f 2088//1071 2081//1131 2077//1058
f 2072//1054 2084//1063 2077//1058
f 2089//483 2075//483 2068//483
f 2091//1072 2093//1080 2092//1073
f 2097//1074 2095//1088 2094//1075
f 2100//1077 2101//1085 2099//1078
f 2093//1080 2101//1132 2100//1077
f 2104//1081 2097//1074 2096//1076
f 2095//1083 2097//1087 2093//1080
f 2104//1084 2103//1091 2099//1078
f 2104//1086 2101//1132 2093//1080
f 2041//250 1982//250 1981//250
f 2045//250 1986//250 1985//250
f 2044//250 1985//250 1982//250
f 2067//483 2066//483 1999//483
f 2004//483 2071//483 2070//483
f 2003//483 2070//483 2067//483
f 2066//483 2074//483 2007//483
f 2019//1027 2091//1072 2090//483
f 2095//1088 2023//1019 2022//1021
f 2023//1089 2095//1083 2091//1072
f 2078//1056 2079//1070 2035//1035
f 2087//1064 2039//1093 2038//1033
f 2079//1070 2086//1068 2038//1033
f 2014//1017 2012//1016 1976//250
f 2022//1021 2020//1020 1984//250
f 2020//1020 2014//1017 1978//250
f 2099//1078 2057//1043 2056//1042
f 2102//1090 2098//1079 2056//1042
f 2096//1076 2094//1075 2045//250
f 2103//1091 2063//1052 2057//1043
f 2103//1082 2096//1076 2047//1036
f 2008//483 2010//483 1992//483
f 2016//483 2018//483 2004//483
f 2010//483 2016//483 2002//483
f 2031//595 2050//595 2048//595
f 2039//1093 2060//595 2058//595
f 2037//759 2058//595 2050//595
f 2090//483 2092//1073 2073//1069
f 2100//1077 2098//1079 2083//1066
f 2102//1090 2087//1064 2083//1066
f 2092//1073 2100//1077 2085//1061
f 2102//1090 2060//595 2039//1093
f 2018//483 2090//483 2071//483
f 2094//1075 2022//1021 1986//250
f 1993//483 1995//483 1881//483
f 2007//483 1889//483 1887//483
f 1995//483 2005//483 1887//483
f 1913//980 2026//1029 2024//595
f 1921//1012 2034//1030 2032//1032
f 1919//977 2032//1032 2026//1029
f 2075//483 1953//483 1951//483
f 2080//1057 2078//1056 1960//997
f 2080//1059 1962//1009 1958//1008
f 2089//483 2076//483 1958//1094
f 2089//483 1968//1003 1953//483
f 1960//997 2078//1056 2034//1030
f 2074//483 1951//483 1889//483
f 1048//558 1049//82 148//65
f 152//47 1053//47 1052//560
f 1046//570 1048//558 147//81
f 144//89 151//84 1052//560
f 1066//82 1067//65 164//82
f 1070//65 1071//65 168//82
f 1067//65 1070//65 167//82
f 180//47 1083//47 1082//47
f 184//47 1087//47 1086//47
f 183//47 1086//47 1083//47
f 1049//82 1066//82 163//82
f 179//47 1082//47 1053//47
f 1151//82 1152//82 270//65
f 1155//82 1156//82 274//65
f 1152//82 1155//82 273//65
f 1167//82 1168//65 286//135
f 1171//45 1172//594 290//1095
f 1168//65 1171//45 289//130
f 1156//82 1167//82 285//45
f 1071//65 1151//82 269//65
f 1333//711 1334//710 382//219
f 1337//714 1338//713 386//96
f 1334//710 1337//714 385//101
f 1349//719 1350//96 398//99
f 1353//99 1354//99 402//99
f 1350//96 1353//99 401//99
f 1338//713 1349//719 397//99
f 1445//99 1446//99 507//99
f 1449//99 1450//99 511//99
f 1446//99 1449//99 510//99
f 1461//99 1462//99 525//99
f 1468//250 531//250 530//293
f 525//1096 1462//773 1465//775
f 1467//765 530//293 527//297
f 1482//250 543//250 542//250
f 1486//250 547//250 546//250
f 1485//250 546//250 543//250
f 1450//99 1461//99 524//99
f 1481//250 542//250 531//250
f 1354//99 1445//99 506//99
f 647//47 1590//47 1589//47
f 651//47 1594//47 1593//47
f 650//47 1593//47 1590//47
f 665//380 1606//849 1605//47
f 671//339 1612//339 1611//339
f 1611//859 1609//858 667//1097
f 665//380 667//379 1609//1098
f 683//339 1626//339 1625//339
f 687//339 1630//339 1629//339
f 686//339 1629//339 1626//339
f 682//339 1625//339 1612//339
f 664//47 1605//47 1594//47
f 781//339 1720//339 1719//339
f 785//339 1724//339 1723//339
f 784//339 1723//339 1720//339
f 797//339 1736//339 1735//339
f 801//339 1740//339 1739//339
f 800//339 1739//339 1736//339
f 796//339 1735//339 1724//339
f 780//339 1719//339 1630//339
f 897//339 1859//483 1858//339
f 901//483 1863//483 1862//483
f 900//339 1862//483 1859//483
f 913//483 1875//483 1874//483
f 917//483 1879//483 1878//483
f 916//483 1878//483 1875//483
f 912//483 1874//483 1863//483
f 1972//250 1004//250 1003//250
f 1976//250 1008//250 1007//250
f 1975//250 1007//250 1004//250
f 1024//483 1990//483 1989//483
f 1994//483 1993//483 1027//483
f 1989//483 1987//483 1020//483
f 1987//483 1994//483 1028//483
f 1041//483 2009//483 2008//483
f 2013//1099 1045//540 1044//542
f 1045//1100 2013//1024 2009//1025
f 1040//483 2008//483 1990//483
f 2012//1016 1044//542 1008//250
f 1027//483 1993//483 1879//483
f 548//313 550//312 110//76
f 564//47 566//47 121//47
f 112//151 113//9 553//9
f 112//1102 552//1119 548//320
f 550//312 564//47 119//47
f 636//47 638//47 176//47
f 644//47 646//47 184//47
f 638//47 644//47 182//47
f 128//9 573//9 572//9
f 132//9 577//9 576//9
f 131//9 576//9 573//9
f 113//9 127//9 572//9
f 566//47 636//47 174//47
f 238//9 689//9 688//9
f 242//9 693//393 692//9
f 241//9 692//9 689//9
f 254//114 705//404 704//406
f 258//1104 709//407 708//409
f 257//113 708//409 705//404
f 253//9 704//406 693//393
f 237//9 688//9 577//9
f 1589//47 1591//47 1089//47
f 1597//47 1599//47 1097//47
f 1591//47 1597//47 1095//47
f 1641//47 1643//47 1141//47
f 1649//47 1651//863 1149//1105
f 1643//47 1649//47 1147//47
f 1599//47 1641//47 1139//47
f 1833//941 1834//599 1282//599
f 1833//941 1281//636 1278//641
f 1843//599 1844//599 1294//599
f 1848//599 1298//599 1297//599
f 1844//599 1847//599 1297//599
f 1834//599 1843//599 1293//599
f 1752//599 1229//599 1228//599
f 1755//599 1756//599 1233//616
f 1752//599 1755//599 1232//599
f 1767//599 1768//907 1245//614
f 1771//909 1772//908 1249//1106
f 1768//907 1771//909 1248//610
f 1756//599 1767//599 1244//607
f 1751//599 1228//599 1150//599
f 1149//1105 1651//863 1831//953
f 1848//599 1660//599 1150//599
f 350//203 803//449 802//451
f 354//222 807//213 806//452
f 353//200 806//452 803//449
f 366//213 823//213 822//213
f 370//213 828//213 827//213
f 369//213 827//213 823//213
f 365//211 822//213 807//213
f 461//213 462//213 919//213
f 463//213 921//213 919//213
f 469//213 470//213 925//213
f 463//213 469//213 924//213
f 484//276 937//485 936//213
f 950//250 948//487 493//1107
f 487//287 940//495 937//485
f 493//1107 948//487 940//490
f 995//250 993//250 537//250
f 1003//250 1001//250 545//250
f 1001//250 995//250 539//250
f 470//213 483//213 936//213
f 993//250 950//250 495//250
f 370//213 461//213 918//213
f 1890//962 1891//961 1424//758
f 1894//965 1895//964 1428//763
f 1891//961 1894//965 1427//756
f 1906//971 1907//970 1440//595
f 1910//973 1911//595 1444//595
f 1907//970 1910//973 1443//595
f 1895//964 1906//971 1439//759
f 2024//595 2025//595 1556//595
f 2028//595 2029//595 1560//595
f 2025//595 2028//595 1559//595
f 1973//250 1971//250 1486//250
f 1981//250 1979//250 1494//250
f 1979//250 1973//250 1488//250
f 2048//595 2049//1037 1580//834
f 2042//250 2040//250 1566//250
f 2054//1040 2052//1039 1582//831
f 2049//1037 2054//1049 1584//1108
f 2052//1039 2042//250 1568//250
f 2029//595 2048//595 1579//595
f 2040//250 1981//250 1496//250
f 1911//595 2024//595 1555//595
f 210//107 293//164 291//166
f 299//171 301//9 218//9
f 226//99 309//99 307//99
f 291//177 299//171 216//109
f 224//99 307//99 293//164
f 339//9 341//9 250//9
f 347//198 349//197 258//1104
f 341//9 347//198 256//9
f 282//134 373//99 371//99
f 290//1095 381//217 379//218
f 288//131 379//218 373//99
f 301//9 339//9 248//9
f 280//99 371//99 309//99
f 802//451 804//450 711//413
f 810//213 812//213 719//213
f 804//450 810//213 717//213
f 754//213 846//213 848//454
f 844//213 846//213 754//213
f 858//457 860//339 769//339
f 848//454 854//464 761//443
f 854//461 858//457 767//435
f 886//339 888//339 793//339
f 894//339 896//339 801//339
f 888//339 894//339 799//339
f 719//213 812//213 844//213
f 860//339 886//339 791//339
f 1174//65 1335//709 1333//711
f 1182//82 1343//82 1341//65
f 1180//65 1341//65 1335//709
f 1206//65 1367//65 1365//65
f 1214//82 1375//726 1373//82
f 1383//595 1381//595 1218//595
f 1212//82 1373//82 1367//65
f 1241//613 1415//595 1413//595
f 1249//1106 1423//753 1421//755
f 1247//611 1421//755 1415//595
f 1239//595 1413//595 1383//595
f 1204//82 1365//65 1343//82
f 1587//843 1585//842 1314//1111
f 1214//704 1314//703 1585//1112
f 1381//595 1587//843 1320//663
f 1858//339 1860//483 1742//483
f 1866//483 1868//483 1750//483
f 1860//483 1866//483 1748//483
f 1774//599 1892//960 1890//962
f 1782//599 1900//599 1898//599
f 1780//599 1898//599 1892//960
f 1922//483 1924//483 1814//483
f 1822//935 1932//981 1930//599
f 1940//1113 1830//929 1828//931
f 1830//1114 1940//989 1932//981
f 1924//483 1938//984 1828//931
f 1820//599 1930//599 1900//599
f 1868//483 1922//483 1812//483
f 349//197 802//451 709//407
f 1772//908 1890//962 1423//753
f 1172//594 1333//711 381//217
f 896//339 1858//339 1740//339
f 646//47 1589//47 1087//47
f 1971//250 1003//250 547//250
