o convex_0
v 0.0315331 0.0368006 0.0169987
v 0.0315269 0.0693295 -0.011013
v 0.0315269 0.0684265 -0.00649928
v 0.0315269 0.0666205 -0.00107969
v 0.0315269 0.0657174 0.000732089
v 0.0315269 0.0621013 0.00615168
v 0.0315269 0.0602953 0.00796346
v 0.0315269 0.0575821 0.0106733
v 0.0315269 0.054869 0.0124772
v 0.0315269 0.0530671 0.0133831
v 0.0315269 0.051261 0.0142889
v 0.0315269 0.0494509 0.0151948
v 0.0315269 0.0440288 0.0169987
v 0.0314899 0.0386066 0.0179046
v 0.0315331 0.0332212 0.0169987
v 0.0315331 0.0332212 0.0169594
v 0.0315269 0.0449318 -0.0444522
v 0.0315269 0.0476449 -0.0435463
v 0.0315269 0.0503539 -0.0426404
v 0.0315269 0.0521641 -0.0417424
v 0.0315269 0.0539701 -0.0408365
v 0.0315269 0.0566791 -0.0390247
v 0.0315269 0.0575821 -0.0381267
v 0.0315269 0.0602953 -0.0354169
v 0.0315269 0.0630043 -0.0326992
v 0.0315269 0.0648144 -0.0299894
v 0.0315269 0.0657174 -0.0281855
v 0.0315269 0.0666205 -0.0263737
v 0.0315269 0.0684265 -0.0209542
v 0.0315269 0.0693295 -0.0164326
v 0.0313109 0.0702366 -0.011911
v 0.0315145 0.0693295 -0.010115
v 0.0315145 0.0684265 -0.00559339
v 0.0313294 0.0702366 -0.0137228
v 0.0313232 0.0702366 -0.0128169
v 0.0315145 0.0675235 -0.0028836
v 0.0314837 0.0666205 -0.000173802
v 0.0315207 0.0648144 0.00253599
v 0.0314652 0.0611983 0.00796346
v 0.0315145 0.0630043 0.00524579
v 0.0314652 0.0602953 0.00886148
v 0.031459 0.0593882 0.00976737
v 0.0315084 0.0566791 0.0115791
v 0.0315022 0.0539701 0.0133831
v 0.0315145 0.0521641 0.0142889
v 0.0315084 0.0503539 0.0151948
v 0.0315207 0.0476449 0.0160929
v 0.0315084 0.0449318 0.0169987
v 0.0314467 0.0413197 0.0179046
v 0.0314775 0.0395096 0.0179046
v 0.0314899 0.0368006 0.0179046
v 0.0312986 0.0377036 0.0188026
v 0.031459 0.0332212 0.0178652
v 0.0315269 0.0332212 -0.0444916
v 0.0315207 0.0386066 -0.0453581
v 0.0315145 0.0395096 -0.0453581
v 0.0314899 0.0413197 -0.0453581
v 0.0315022 0.0458389 -0.0444522
v 0.0315145 0.0485479 -0.0435463
v 0.0314775 0.051261 -0.0426404
v 0.0314775 0.0530671 -0.0417424
v 0.031459 0.054869 -0.0408365
v 0.0315022 0.0557761 -0.0399306
v 0.0314713 0.0584852 -0.0381267
v 0.0314837 0.0593882 -0.0372208
v 0.0314899 0.0602953 -0.0363149
v 0.0314837 0.0611983 -0.0354169
v 0.0314775 0.0621013 -0.034511
v 0.0315084 0.0639073 -0.0318012
v 0.0314899 0.0657174 -0.0290835
v 0.0315022 0.0666205 -0.0272796
v 0.0314713 0.0648144 -0.0308953
v 0.0315207 0.0675235 -0.0245698
v 0.0315207 0.0684265 -0.02186
v 0.0315207 0.0693295 -0.0173385
v 0.0313294 0.0702366 -0.0146287
v 0.0312924 0.0702366 -0.011013
v 0.031496 0.0693295 -0.00920908
v 0.0309345 0.0710252 -0.0137228
v 0.0309283 0.0710048 -0.0128169
v 0.0314652 0.0684265 -0.00469538
v 0.0314528 0.0693295 -0.00831107
v 0.0314035 0.0693295 -0.00740518
v 0.031459 0.0675235 -0.00197771
v 0.0313788 0.0666205 0.000732089
v 0.0314713 0.0657174 0.00163798
v 0.0313603 0.0675235 -0.00107969
v 0.0314467 0.0648144 0.00344188
v 0.0314899 0.0639073 0.00434778
v 0.0314528 0.0621013 0.00705757
v 0.031243 0.0611983 0.00886148
v 0.0312307 0.0602953 0.00976737
v 0.0314405 0.0584852 0.0106733
v 0.0314775 0.0557761 0.0124772
v 0.0314405 0.0530671 0.0142889
v 0.0314405 0.051261 0.0151948
v 0.0314837 0.0485479 0.0160929
v 0.0314652 0.0458389 0.0169987
v 0.0313664 0.0440288 0.0179046
v 0.0314035 0.0431257 0.0179046
v 0.0314281 0.0422227 0.0179046
v 0.0314528 0.0332212 0.0179046
v 0.0312986 0.0368006 0.0188026
v 0.03128 0.0386066 0.0188026
v 0.0299286 0.0332212 0.0240647
v 0.0314343 0.0332212 -0.0453581
v 0.0314713 0.0340874 -0.0453581
v 0.031496 0.0349904 -0.0453581
v 0.0315084 0.0358935 -0.0453581
v 0.0315207 0.0377036 -0.0453581
v 0.0312677 0.0386066 -0.0462561
v 0.031459 0.0422227 -0.0453581
v 0.0312492 0.0395096 -0.0462561
v 0.031422 0.0431257 -0.0453581
v 0.0313788 0.0440288 -0.0453581
v 0.0314467 0.0467419 -0.0444522
v 0.0314467 0.0494509 -0.0435463
v 0.0313788 0.0521641 -0.0426404
v 0.0313603 0.0539701 -0.0417424
v 0.0312986 0.0557761 -0.0408365
v 0.0313911 0.0566791 -0.0399306
v 0.0314405 0.0575821 -0.0390247
v 0.03128 0.0593882 -0.0381267
v 0.0312986 0.0602953 -0.0372208
v 0.0312924 0.0611983 -0.0363149
v 0.03128 0.0621013 -0.0354169
v 0.0314467 0.0630043 -0.0336051
v 0.0314096 0.0666205 -0.0281855
v 0.0314775 0.0675235 -0.0254679
v 0.0313973 0.0639073 -0.0326992
v 0.0313232 0.0648144 -0.0318012
v 0.0313849 0.0657174 -0.0299894
v 0.0314837 0.0684265 -0.0227581
v 0.0314652 0.0693295 -0.0191424
v 0.031496 0.0693295 -0.0182444
v 0.0312924 0.0702366 -0.0164326
v 0.0309345 0.071017 -0.0146287
v 0.030916 0.0709843 -0.011911
v 0.0309036 0.0709598 -0.011013
v 0.0312615 0.0702366 -0.010115
v 0.0303359 0.0720426 -0.0137228
v 0.0303174 0.0720426 -0.0128169
v 0.0313973 0.0684265 -0.00378949
v 0.0313479 0.0693295 -0.00649928
v 0.0312986 0.0684265 -0.0028836
v 0.0312122 0.0675235 -0.000173802
v 0.0311937 0.0666205 0.00163798
v 0.0313479 0.0657174 0.00253599
v 0.0312615 0.0648144 0.00434778
v 0.0313603 0.0639073 0.00524579
v 0.031422 0.0630043 0.00615168
v 0.0312183 0.0621013 0.00796346
v 0.0308974 0.0620809 0.00883784
v 0.0307925 0.0617703 0.0094444
v 0.0309036 0.0611819 0.00975949
v 0.0308913 0.0602544 0.0106496
v 0.0311998 0.0593882 0.0106733
v 0.0313973 0.0575821 0.0115791
v 0.0314096 0.054869 0.0133831
v 0.0312986 0.0539701 0.0142889
v 0.0313171 0.0521641 0.0151948
v 0.0312862 0.0503539 0.0160929
v 0.0314035 0.0494509 0.0160929
v 0.0314096 0.0467419 0.0169987
v 0.0312122 0.0413197 0.0188026
v 0.0312924 0.0449318 0.0179046
v 0.029836 0.0363552 0.0237811
v 0.029762 0.0340874 0.0244586
v 0.0297928 0.0332212 0.0245452
v 0.0312368 0.0404126 0.0188026
v 0.0312554 0.0332212 0.0188026
v 0.0310517 0.0332212 -0.0462876
v 0.0311443 0.0340874 -0.0462561
v 0.0311998 0.0349904 -0.0462561
v 0.0312307 0.0358935 -0.0462561
v 0.0312492 0.0368006 -0.0462561
v 0.0312615 0.0377036 -0.0462561
v 0.0308789 0.0386066 -0.0469493
v 0.0308728 0.0395096 -0.0469335
v 0.0312183 0.0404126 -0.0462561
v 0.0311751 0.0413197 -0.0462561
v 0.0313109 0.0449318 -0.0453581
v 0.0311196 0.0422227 -0.0462561
v 0.0313726 0.0476449 -0.0444522
v 0.03128 0.0485479 -0.0444522
v 0.0313418 0.0503539 -0.0435463
v 0.0311937 0.051261 -0.0435463
v 0.031206 0.0530671 -0.0426404
v 0.0311628 0.054869 -0.0417424
v 0.0309962 0.0567282 -0.0408995
v 0.0311443 0.0575821 -0.0399306
v 0.0312245 0.0584852 -0.0390247
v 0.0309468 0.0603075 -0.0381425
v 0.0309221 0.0593718 -0.0390326
v 0.0309406 0.0621136 -0.0363307
v 0.0309468 0.0612105 -0.0372287
v 0.0309283 0.0630125 -0.035409
v 0.031243 0.0630043 -0.034511
v 0.031243 0.0666205 -0.0290835
v 0.0312492 0.0675235 -0.0272796
v 0.0313788 0.0675235 -0.0263737
v 0.0313171 0.0684265 -0.0245698
v 0.0314096 0.0684265 -0.023664
v 0.0309283 0.0657379 -0.0317776
v 0.0311937 0.0657174 -0.0308953
v 0.0311628 0.0639073 -0.0336051
v 0.0310085 0.0648798 -0.0327622
v 0.0312986 0.0693295 -0.02186
v 0.0313664 0.0693295 -0.0209542
v 0.031422 0.0693295 -0.0200483
v 0.0312677 0.0702366 -0.0173385
v 0.0303235 0.0720426 -0.0146287
v 0.0308789 0.0709312 -0.0173385
v 0.0302742 0.0720426 -0.0164326
v 0.0302865 0.0720426 -0.011911
v 0.0302557 0.0720426 -0.011013
v 0.0302186 0.0720426 -0.010115
v 0.0308789 0.0709231 -0.010115
v 0.0311937 0.0702366 -0.00920908
v 0.0299533 0.0726678 -0.0137228
v 0.0299471 0.0726596 -0.0128169
v 0.0312677 0.0693295 -0.00559339
v 0.030916 0.0691947 -0.0028836
v 0.0311381 0.0684265 -0.00197771
v 0.0311443 0.0693295 -0.00469538
v 0.0309653 0.069399 -0.00378161
v 0.0308604 0.0681977 -0.000173802
v 0.0307864 0.0680628 0.000456383
v 0.0309653 0.0675766 0.000747844
v 0.0309345 0.0684633 -0.00111908
v 0.0309406 0.0666531 0.00252812
v 0.0311443 0.0657174 0.00344188
v 0.0311134 0.0639073 0.00615168
v 0.0311813 0.0630043 0.00705757
v 0.0308789 0.0629675 0.00790832
v 0.0307802 0.0626447 0.00851487
v 0.030089 0.0630574 0.00981463
v 0.0305334 0.0620809 0.00975949
v 0.0306691 0.0614721 0.010051
v 0.0307864 0.0608714 0.0103345
v 0.0305272 0.0611819 0.0106496
v 0.0300829 0.0612351 0.0116185
v 0.0305025 0.0602544 0.0115319
v 0.0308604 0.0593269 0.0115319
v 0.0311566 0.0584852 0.0115791
v 0.0313171 0.0566791 0.0124772
v 0.0312122 0.0557761 0.0133831
v 0.0310085 0.0549466 0.0143677
v 0.0311258 0.0530671 0.0151948
v 0.0311196 0.051261 0.0160929
v 0.031206 0.0485479 0.0169987
v 0.0313294 0.0476449 0.0169987
v 0.0310764 0.0467419 0.0179046
v 0.029762 0.0377036 0.0235921
v 0.0298052 0.0369558 0.0236945
v 0.0297188 0.0349904 0.0243719
v 0.0295583 0.0332212 0.0251045
v 0.0300582 0.0332212 -0.047997
v 0.030052 0.0340997 -0.0481466
v 0.0308419 0.0349904 -0.0468863
v 0.0308542 0.0358935 -0.0469099
v 0.0308666 0.0368006 -0.0469257
v 0.0301816 0.0358935 -0.0480679
v 0.0302186 0.0386066 -0.0480679
v 0.0302001 0.0395096 -0.0480679
v 0.0298669 0.0404126 -0.0485641
v 0.0298299 0.0417365 -0.0485169
v 0.0312183 0.0458389 -0.0453581
v 0.0310517 0.0431257 -0.0462561
v 0.0300459 0.0431257 -0.0479733
v 0.0307617 0.0431257 -0.0467524
v 0.0311011 0.0467419 -0.0453581
v 0.0309406 0.047604 -0.0454132
v 0.0308974 0.0485479 -0.0451926
v 0.0311134 0.0494509 -0.0444522
v 0.0308481 0.051261 -0.0442001
v 0.0309592 0.0521763 -0.0436014
v 0.0308666 0.0530671 -0.0433336
v 0.0309468 0.0539619 -0.0426798
v 0.0298607 0.0553879 -0.0440347
v 0.0309036 0.055723 -0.0417503
v 0.0308172 0.0564585 -0.0414509
v 0.0299656 0.0575821 -0.0424513
v 0.030305 0.0575821 -0.0417424
v 0.0308666 0.0584116 -0.0398991
v 0.0298422 0.062563 -0.0385915
v 0.0298422 0.063466 -0.0376856
v 0.030811 0.0600174 -0.0387332
v 0.029836 0.0616559 -0.0394895
v 0.030521 0.0593718 -0.0398991
v 0.0301076 0.0603606 -0.0400015
v 0.0306815 0.0633189 -0.0357084
v 0.0307925 0.0635682 -0.0351097
v 0.0309962 0.0675929 -0.0282328
v 0.0309715 0.0666695 -0.0300131
v 0.0308851 0.0682426 -0.0272796
v 0.0311751 0.0684265 -0.0254679
v 0.0308049 0.0680955 -0.0279728
v 0.0311937 0.0693295 -0.0227581
v 0.030774 0.0662364 -0.0314625
v 0.0308604 0.0663957 -0.0308953
v 0.0308296 0.0654519 -0.0324944
v 0.0306815 0.0660525 -0.032069
v 0.0308789 0.0638869 -0.034448
v 0.0300767 0.0648594 -0.0354484
v 0.0299163 0.065411 -0.0351727
v 0.030015 0.0657134 -0.0344795
v 0.0303174 0.0657174 -0.0336051
v 0.0309715 0.0701835 -0.0209542
v 0.0311319 0.0702366 -0.0191424
v 0.0312122 0.0702366 -0.0182444
v 0.0299348 0.0726351 -0.0155267
v 0.0299471 0.0726515 -0.0146287
v 0.0308481 0.0708781 -0.0182444
v 0.0302372 0.0720426 -0.0173385
v 0.0299039 0.0725861 -0.0173385
v 0.0299224 0.0726147 -0.0164326
v 0.0299286 0.072631 -0.011911
v 0.0298916 0.0725738 -0.010115
v 0.0298669 0.072533 -0.00920908
v 0.0301569 0.0720426 -0.00920908
v 0.0311134 0.0702366 -0.00831107
v 0.029546 0.0731173 -0.0137228
v 0.0295337 0.0731132 -0.0128169
v 0.0309715 0.0703183 -0.00736579
v 0.030953 0.0701631 -0.00649928
v 0.0303297 0.0702366 -0.0028836
v 0.030089 0.0703102 -0.00192257
v 0.0308172 0.069023 -0.00197771
v 0.0308851 0.0700486 -0.00559339
v 0.0306321 0.0704981 -0.00559339
v 0.0300767 0.0712132 -0.00465599
v 0.0305272 0.0701712 -0.00378161
v 0.0298607 0.0698198 0.000369733
v 0.0300273 0.0693581 0.000692703
v 0.0302865 0.0684265 0.00163798
v 0.030521 0.0674744 0.00252812
v 0.0306012 0.0668043 0.00344188
v 0.0307555 0.0662078 0.00395391
v 0.0308851 0.0657052 0.00429264
v 0.0309653 0.0648512 0.00526942
v 0.0302495 0.0657174 0.00615168
v 0.0304408 0.0647204 0.00697092
v 0.0308419 0.0638542 0.00697092
v 0.0307679 0.0635192 0.00757747
v 0.0299286 0.0636581 0.0095468
v 0.0299409 0.0627878 0.0104606
v 0.0301014 0.0621544 0.0107284
v 0.0299348 0.0618888 0.0113428
v 0.0299224 0.0609572 0.0122172
v 0.030052 0.0603034 0.0125008
v 0.0304716 0.0593269 0.0124141
v 0.0307555 0.0589837 0.0120675
v 0.0308481 0.0584852 0.0122566
v 0.0310085 0.0576434 0.0125481
v 0.0309283 0.0566628 0.0133988
v 0.0308728 0.0557761 0.0141156
v 0.0307308 0.055298 0.0147222
v 0.0308172 0.0546974 0.0149034
v 0.0306691 0.054158 0.0155021
v 0.0308172 0.0530671 0.0157935
v 0.0307555 0.0517677 0.0165734
v 0.030811 0.051261 0.0166915
v 0.0298669 0.0473262 0.0202127
v 0.0309838 0.0495163 0.0170775
v 0.0307617 0.0473017 0.0184009
v 0.0298299 0.042664 0.0219693
v 0.0298792 0.0420593 0.022056
v 0.0297867 0.0404126 0.0227649
v 0.0296818 0.0386066 0.0234581
v 0.0292004 0.0358935 0.0249942
v 0.0296509 0.0358935 0.0242774
v 0.0294226 0.0340874 0.025136
v 0.0295398 0.0332212 0.025136
v 0.0300397 0.0332212 -0.0480285
v 0.0301508 0.0349904 -0.0480679
v 0.0298175 0.0338055 -0.0484932
v 0.0298422 0.0344061 -0.0485326
v 0.0298607 0.0349904 -0.0485563
v 0.0298792 0.0358935 -0.048572
v 0.0298854 0.0368006 -0.0485878
v 0.0298916 0.0377036 -0.0485956
v 0.0298916 0.0386066 -0.0486035
v 0.0298854 0.0395096 -0.0485878
v 0.0292992 0.0395137 -0.0491156
v 0.0298114 0.0422227 -0.0484854
v 0.0289474 0.0392154 -0.0494306
v 0.0309345 0.0439634 -0.0463191
v 0.0309221 0.0449318 -0.0461222
v 0.0307432 0.0436161 -0.0467208
v 0.0300088 0.0440288 -0.0479024
v 0.0302125 0.0458389 -0.047162
v 0.0298546 0.0464273 -0.0476425
v 0.0300459 0.0467337 -0.047225
v 0.0300212 0.0476449 -0.0470281
v 0.0307061 0.0478778 -0.0457519
v 0.030305 0.0485479 -0.0462561
v 0.0298792 0.0492099 -0.0467839
v 0.0300767 0.0494877 -0.046327
v 0.030231 0.051261 -0.0453581
v 0.0305334 0.0521763 -0.0444049
v 0.0307061 0.0524869 -0.0439402
v 0.0302865 0.0530671 -0.0444522
v 0.0298669 0.0536269 -0.0449563
v 0.0297496 0.0542275 -0.0447909
v 0.0291511 0.0547137 -0.0450745
v 0.0297003 0.0559886 -0.0438456
v 0.0298175 0.0570877 -0.0430658
v 0.0301076 0.0567445 -0.0427192
v 0.0306691 0.0559886 -0.0420575
v 0.0298731 0.0581215 -0.0422544
v 0.0300027 0.0584484 -0.0417266
v 0.029583 0.0631678 -0.0382842
v 0.0295892 0.0622566 -0.0391901
v 0.0292745 0.0637807 -0.0379928
v 0.0289659 0.0643895 -0.0377013
v 0.0296324 0.064128 -0.0372208
v 0.0298237 0.0643445 -0.0367482
v 0.0299348 0.0636785 -0.0372208
v 0.0299286 0.0611983 -0.0396864
v 0.0298114 0.0607039 -0.0403481
v 0.0296262 0.0611983 -0.0401354
v 0.0289721 0.0616845 -0.0404111
v 0.0292807 0.0619705 -0.0398046
v 0.0299348 0.0600991 -0.0405765
v 0.0301199 0.063989 -0.0363937
v 0.0299409 0.0645897 -0.0361495
v 0.0308851 0.0673519 -0.0290835
v 0.0303359 0.0684265 -0.0290835
v 0.0302927 0.0693295 -0.0272796
v 0.0298422 0.0706942 -0.0259484
v 0.0300582 0.0693867 -0.0281934
v 0.0309283 0.0692192 -0.0245698
v 0.03099 0.0694112 -0.0237191
v 0.0299718 0.0691211 -0.0290835
v 0.0307864 0.0698648 -0.0234591
v 0.0308419 0.069971 -0.0227581
v 0.0309098 0.0700854 -0.02186
v 0.0300212 0.0675439 -0.0317697
v 0.0298669 0.0680261 -0.0314467
v 0.0301261 0.0667063 -0.0327859
v 0.0299286 0.0672538 -0.0325417
v 0.0297867 0.0651903 -0.0357793
v 0.0298299 0.0670618 -0.0331404
v 0.0299718 0.0664366 -0.0336051
v 0.0304161 0.0711396 -0.0209542
v 0.030737 0.070682 -0.0204658
v 0.0309838 0.0703224 -0.0201192
v 0.0306506 0.070539 -0.02186
v 0.030305 0.0711396 -0.02186
v 0.0298484 0.0725125 -0.0188273
v 0.0301754 0.0720426 -0.0182444
v 0.0298731 0.0725452 -0.0182444
v 0.0293053 0.0731091 -0.0173621
v 0.0294288 0.0730682 -0.0164326
v 0.029472 0.0730887 -0.0155267
v 0.029509 0.073105 -0.0146287
v 0.0293794 0.0729293 -0.00920908
v 0.0298422 0.0725044 -0.00868918
v 0.0290832 0.0734932 -0.0128169
v 0.0290955 0.0735013 -0.0137228
v 0.0307308 0.0706738 -0.00703494
v 0.0303976 0.0711396 -0.00649928
v 0.030268 0.0711396 -0.00559339
v 0.0299595 0.0708822 -0.0028836
v 0.0298854 0.0707637 -0.00219039
v 0.0300397 0.0710293 -0.00378949
v 0.0298175 0.0706656 -0.00159172
v 0.0298731 0.0716381 -0.00493958
v 0.0297496 0.0696768 0.000968409
v 0.0298669 0.0689291 0.00218151
v 0.0299409 0.0690639 0.00163798
v 0.0300273 0.0684428 0.00250448
v 0.030231 0.0675235 0.00344188
v 0.0298422 0.0679934 0.0039224
v 0.0304716 0.066551 0.00429264
v 0.0300829 0.0666736 0.00528518
v 0.0306568 0.0659994 0.00455259
v 0.0299348 0.0663671 0.00615168
v 0.0298484 0.0661955 0.00664007
v 0.0299718 0.0656807 0.00698668
v 0.0298916 0.0653579 0.00763262
v 0.0300273 0.0648144 0.00794771
v 0.0306321 0.0641198 0.00720724
v 0.0300644 0.06394 0.00888511
v 0.0299101 0.0645121 0.00860152
v 0.0297743 0.0642628 0.0092002
v 0.0297928 0.0633925 0.0101534
v 0.0297928 0.0624895 0.0110592
v 0.0297805 0.0615579 0.0119494
v 0.029762 0.060614 0.0128159
v 0.0299039 0.0600133 0.013068
v 0.0300088 0.0593555 0.0133752
v 0.0303235 0.0584852 0.0133831
v 0.0301261 0.0576679 0.0143756
v 0.030521 0.0566628 0.0142496
v 0.0307802 0.0563522 0.0139187
v 0.0306568 0.0557761 0.0145647
v 0.0303482 0.0557761 0.0151948
v 0.0301014 0.0549385 0.0161716
v 0.0304716 0.0539047 0.0160141
v 0.0298299 0.0535043 0.0174399
v 0.0301137 0.0531488 0.0170854
v 0.0304778 0.0521069 0.0169278
v 0.0298299 0.0517064 0.0183536
v 0.0299101 0.0511058 0.0184954
v 0.0298175 0.0498391 0.019228
v 0.0297867 0.0479309 0.0200866
v 0.0297682 0.0458389 0.020961
v 0.0298237 0.0453445 0.0210556
v 0.0299224 0.0467419 0.0203308
v 0.0297867 0.0431257 0.0218827
v 0.0297003 0.0413197 0.022631
v 0.0291017 0.0368006 0.0248603
v 0.0290462 0.0340874 0.0257111
v 0.0291325 0.0332212 0.0258213
v 0.0297805 0.0332212 -0.048446
v 0.029762 0.0332212 -0.0484617
v 0.0294658 0.0340997 -0.0488162
v 0.0293794 0.0349904 -0.0489501
v 0.0293794 0.0358935 -0.0489895
v 0.0289474 0.03877 -0.0494306
v 0.0292992 0.0385249 -0.0491234
v 0.0293053 0.0431257 -0.0487847
v 0.0292436 0.0440288 -0.0487296
v 0.0297558 0.0431257 -0.0484223
v 0.0285648 0.0385249 -0.0495015
v 0.028534 0.0395137 -0.0494858
v 0.0288734 0.0398161 -0.0494149
v 0.0303297 0.0449318 -0.047162
v 0.0299595 0.0449318 -0.0478079
v 0.0296941 0.0440288 -0.0483514
v 0.0298977 0.0458389 -0.0477055
v 0.029799 0.047032 -0.0475637
v 0.029583 0.0449318 -0.0482648
v 0.0299471 0.0485479 -0.0468863
v 0.0297188 0.0476449 -0.0474771
v 0.0298052 0.0498105 -0.0466736
v 0.0298546 0.0517881 -0.0458386
v 0.0300212 0.0521191 -0.0453817
v 0.0299409 0.0530671 -0.0450902
v 0.0297558 0.0523929 -0.0457047
v 0.0295892 0.0530671 -0.0455471
v 0.0293732 0.0539088 -0.0453187
v 0.0290955 0.0564421 -0.0441213
v 0.0289906 0.0535901 -0.0458465
v 0.0292128 0.0575821 -0.0433336
v 0.0296694 0.0575821 -0.0429003
v 0.0297003 0.0587262 -0.0420181
v 0.029762 0.0597069 -0.0411831
v 0.0299039 0.0591062 -0.0414194
v 0.0289844 0.0625998 -0.0395289
v 0.0289783 0.0634946 -0.0386151
v 0.0284784 0.0644589 -0.0377801
v 0.0289289 0.0652639 -0.0367718
v 0.0291264 0.0647409 -0.0371342
v 0.0284784 0.0635804 -0.0387017
v 0.0296201 0.0648594 -0.0363937
v 0.0291696 0.0611983 -0.040608
v 0.0294288 0.0594127 -0.0417581
v 0.0290955 0.0591144 -0.0423332
v 0.0284784 0.0617499 -0.0404741
v 0.0284784 0.0621994 -0.0400566
v 0.0284784 0.0626815 -0.0395998
v 0.0290215 0.0581256 -0.0431603
v 0.0288117 0.0606998 -0.041254
v 0.0282069 0.060806 -0.0413328
v 0.0298854 0.0689577 -0.0297058
v 0.0298731 0.0698443 -0.0279019
v 0.0297928 0.0697218 -0.0285006
v 0.0297311 0.0705635 -0.0265549
v 0.029114 0.0708168 -0.0272796
v 0.0294102 0.0709271 -0.0263028
v 0.0291572 0.0717566 -0.0245698
v 0.0297496 0.0714828 -0.0238373
v 0.029836 0.0715973 -0.0232307
v 0.0300212 0.0711641 -0.0235852
v 0.0305519 0.0701957 -0.0237191
v 0.0303667 0.0702366 -0.0245698
v 0.0307308 0.0697667 -0.0240657
v 0.0305889 0.0704205 -0.0227581
v 0.0297496 0.0678585 -0.0320533
v 0.0297743 0.0687983 -0.0303045
v 0.0291079 0.066314 -0.035157
v 0.0290215 0.0671394 -0.0341487
v 0.0297126 0.0660116 -0.0347552
v 0.0291202 0.0654314 -0.0363149
v 0.0294843 0.0676093 -0.0328331
v 0.0296694 0.0668901 -0.0336051
v 0.0292189 0.0673396 -0.0336051
v 0.0305457 0.0710783 -0.0201192
v 0.0300459 0.0719446 -0.0200483
v 0.0301754 0.0711396 -0.0227581
v 0.0299965 0.0718383 -0.0209542
v 0.0298114 0.0724635 -0.019426
v 0.0298731 0.0716463 -0.0227581
v 0.0294596 0.0727863 -0.0191345
v 0.0293794 0.0729661 -0.0182444
v 0.0288981 0.073391 -0.0176851
v 0.0289474 0.0734074 -0.0170785
v 0.0289783 0.0734278 -0.0164326
v 0.0290215 0.0734523 -0.0155267
v 0.0290585 0.0734768 -0.0146287
v 0.0290276 0.0734564 -0.011911
v 0.0289659 0.0734196 -0.011013
v 0.0289289 0.0733992 -0.0105561
v 0.0294534 0.072774 -0.00835833
v 0.029799 0.0724471 -0.0080905
v 0.0300397 0.0719241 -0.00740518
v 0.0284784 0.0736893 -0.0137228
v 0.0284784 0.0736648 -0.0128169
v 0.0284784 0.0736566 -0.0146287
v 0.0299841 0.071822 -0.00649928
v 0.0299224 0.0717157 -0.00559339
v 0.0298114 0.0715646 -0.00433302
v 0.0297435 0.0714788 -0.00378949
v 0.029583 0.0713317 -0.0028836
v 0.0291325 0.0717362 -0.0028836
v 0.0289968 0.071634 -0.00232431
v 0.029256 0.0709353 -0.00107969
v 0.0297126 0.0705512 -0.00107969
v 0.0297311 0.0723777 -0.00740518
v 0.0294226 0.0700813 0.000692703
v 0.0291202 0.0699261 0.00163798
v 0.0295707 0.0695134 0.00163798
v 0.0297311 0.0687575 0.00278019
v 0.0299224 0.06812 0.00344188
v 0.0293794 0.0682181 0.004269
v 0.0296756 0.0677972 0.00452108
v 0.0297928 0.0670086 0.00560815
v 0.0299101 0.0671925 0.00500947
v 0.0299841 0.0675071 0.004269
v 0.0296015 0.0668166 0.00615168
v 0.0296447 0.0659626 0.00724663
v 0.0297188 0.0651127 0.00823917
v 0.0291696 0.0645815 0.00959407
v 0.0294843 0.0639972 0.00986977
v 0.0291943 0.0637316 0.0104842
v 0.0291943 0.0628164 0.0113743
v 0.0291757 0.061897 0.0122645
v 0.0291572 0.0609776 0.0131467
v 0.0294288 0.060328 0.0134067
v 0.0297064 0.0596333 0.0136666
v 0.0298731 0.0590327 0.013903
v 0.0299718 0.0584852 0.0141078
v 0.0298299 0.0580234 0.0147301
v 0.0300397 0.0566669 0.0152106
v 0.029978 0.0557761 0.0159117
v 0.0298175 0.0552817 0.0165261
v 0.0297188 0.0539701 0.0173138
v 0.0297311 0.0521641 0.0182276
v 0.0297311 0.0503539 0.0191177
v 0.0296077 0.0467419 0.0207798
v 0.0291572 0.0467419 0.0212525
v 0.0292436 0.0457531 0.021544
v 0.0292189 0.0440288 0.0222214
v 0.0292498 0.0413197 0.0231746
v 0.0296694 0.0440288 0.0217173
v 0.0291202 0.0395096 0.0239544
v 0.029003 0.0374747 0.02475
v 0.0289721 0.0346799 0.0256244
v 0.0286142 0.0332212 0.0262782
v 0.02933 0.0332212 -0.0488083
v 0.02875 0.0358935 -0.0493834
v 0.0288302 0.0368006 -0.0493991
v 0.0288981 0.0377036 -0.0494149
v 0.0289289 0.0381653 -0.0494228
v 0.0284784 0.0431257 -0.0491392
v 0.0284784 0.0440288 -0.0490131
v 0.0291264 0.0449318 -0.0486429
v 0.0284414 0.0377036 -0.0495094
v 0.0275775 0.0377036 -0.0496276
v 0.0275775 0.0386066 -0.0496276
v 0.0282563 0.0404126 -0.0494543
v 0.0275775 0.0395096 -0.0495882
v 0.0280897 0.0409928 -0.0494306
v 0.0284229 0.0413034 -0.049344
v 0.0284784 0.0422227 -0.0492416
v 0.0292683 0.0476449 -0.0478552
v 0.0295645 0.0485479 -0.0473432
v 0.029114 0.0485479 -0.047737
v 0.0289906 0.0490954 -0.0476504
v 0.0292436 0.0503539 -0.0469493
v 0.0297003 0.0503539 -0.0465554
v 0.0291387 0.0530671 -0.0459567
v 0.0289166 0.0553144 -0.0449012
v 0.029077 0.0510608 -0.0468075
v 0.0288549 0.0516615 -0.0466893
v 0.0285216 0.0521518 -0.0465712
v 0.0282563 0.0518413 -0.0467681
v 0.0284784 0.0530671 -0.0461931
v 0.0284784 0.0536963 -0.0459016
v 0.0284784 0.0541458 -0.0456574
v 0.0283118 0.0554492 -0.04498
v 0.0293609 0.0584239 -0.0425931
v 0.0284784 0.0631351 -0.0391586
v 0.0275775 0.0645325 -0.0378589
v 0.0284784 0.0653129 -0.0368269
v 0.0275775 0.0636663 -0.0387963
v 0.0280341 0.066171 -0.0358659
v 0.0286389 0.0660893 -0.0357635
v 0.0288734 0.0679648 -0.0331325
v 0.0275775 0.0613086 -0.0409862
v 0.0275775 0.0618153 -0.0405372
v 0.0275775 0.0622688 -0.0401275
v 0.0275775 0.0627632 -0.0396707
v 0.0275775 0.0632168 -0.0392453
v 0.0286697 0.0570469 -0.043948
v 0.0284784 0.0582359 -0.0432391
v 0.0284784 0.0586895 -0.0429082
v 0.0284784 0.059286 -0.0424592
v 0.0284784 0.0597355 -0.0421126
v 0.0284969 0.0603566 -0.0416163
v 0.0278984 0.0598254 -0.0421835
v 0.0275775 0.0608551 -0.04138
v 0.0296324 0.0695706 -0.0290835
v 0.0291757 0.0699792 -0.0290835
v 0.0289783 0.0707188 -0.0278153
v 0.0290153 0.0716463 -0.0251764
v 0.0289474 0.0725044 -0.0223563
v 0.0294226 0.0718424 -0.0235852
v 0.0290276 0.0725575 -0.02186
v 0.0296262 0.0722919 -0.0209542
v 0.0297435 0.072394 -0.0200483
v 0.0291449 0.0681405 -0.0325338
v 0.0291387 0.0690394 -0.0308953
v 0.029293 0.0727495 -0.0200483
v 0.0285525 0.073485 -0.0173621
v 0.0284784 0.0735626 -0.0164326
v 0.0287561 0.0733665 -0.0182444
v 0.0285093 0.0734687 -0.0102016
v 0.0288302 0.0733706 -0.00995742
v 0.0292807 0.0727495 -0.00740518
v 0.0284784 0.0736035 -0.011911
v 0.0284784 0.0735381 -0.011013
v 0.0275775 0.0737833 -0.0146287
v 0.0275775 0.0738037 -0.0137228
v 0.0275775 0.073771 -0.0128169
v 0.0275775 0.0737179 -0.011911
v 0.0275775 0.0736648 -0.011013
v 0.0275775 0.0736934 -0.0164326
v 0.029293 0.071871 -0.00378949
v 0.0296077 0.0722755 -0.00649928
v 0.0289104 0.072488 -0.00516802
v 0.0284784 0.0722428 -0.00378949
v 0.0284784 0.0719609 -0.0028836
v 0.0284784 0.0716953 -0.00215101
v 0.0284784 0.0712867 -0.00107969
v 0.0288857 0.0706738 0.000243696
v 0.0290832 0.0707923 -0.00035498
v 0.0289598 0.0698035 0.00212637
v 0.0293485 0.0692805 0.00245722
v 0.0291264 0.0690312 0.00325283
v 0.0290708 0.0680833 0.00498584
v 0.0294349 0.0675521 0.00530093
v 0.0291511 0.0672661 0.00615168
v 0.0289659 0.0670944 0.00664007
v 0.0293856 0.0656888 0.00793195
v 0.0291202 0.0654192 0.0086094
v 0.0288302 0.0643364 0.0101927
v 0.028824 0.063417 0.0110829
v 0.028787 0.0625017 0.0119809
v 0.0287068 0.0615824 0.012871
v 0.0291017 0.0600379 0.0139739
v 0.0291449 0.057386 0.015825
v 0.02904 0.0563522 0.0166285
v 0.0297435 0.056957 0.0155257
v 0.0296818 0.0557761 0.0163686
v 0.0298792 0.0563563 0.0157226
v 0.0292313 0.0557761 0.0167939
v 0.029077 0.0546198 0.017558
v 0.0290955 0.0528464 0.0184718
v 0.0291079 0.0510649 0.0193856
v 0.0292745 0.0503539 0.019551
v 0.0290585 0.0492221 0.0202599
v 0.0292189 0.0485479 0.0204017
v 0.0289351 0.0453976 0.0219772
v 0.0290462 0.0449318 0.022056
v 0.0290091 0.0473303 0.0211265
v 0.0290955 0.0422227 0.0230091
v 0.0290091 0.0401429 0.0238441
v 0.0288795 0.0380754 0.0246555
v 0.0288549 0.0352805 0.0255378
v 0.0281637 0.0332212 0.0265697
v 0.0292868 0.0332212 -0.048832
v 0.0284784 0.0349046 -0.0493755
v 0.0282995 0.0358935 -0.0494779
v 0.0283797 0.0368006 -0.0495015
v 0.0284784 0.0340874 -0.0493046
v 0.0275775 0.0431257 -0.0492652
v 0.0275775 0.0440288 -0.0491234
v 0.0284784 0.0449318 -0.0488477
v 0.0290091 0.0455855 -0.0485641
v 0.0275775 0.0368006 -0.0496039
v 0.018537 0.0377036 -0.0502578
v 0.0257694 0.0386066 -0.0497536
v 0.0266703 0.0395096 -0.0496512
v 0.0167289 0.0422227 -0.0501317
v 0.0203451 0.0422227 -0.0498796
v 0.0275775 0.0404126 -0.0495173
v 0.0277996 0.0415935 -0.049407
v 0.0284784 0.0492548 -0.0477055
v 0.0284784 0.0497083 -0.0475401
v 0.0285216 0.0513223 -0.0469099
v 0.0288178 0.0461862 -0.0484932
v 0.0284784 0.0476449 -0.048186
v 0.0284784 0.0485479 -0.0479261
v 0.0285586 0.0557598 -0.0447358
v 0.0275775 0.052397 -0.0466184
v 0.0277749 0.0498514 -0.0475952
v 0.0275775 0.051261 -0.0470832
v 0.0275775 0.0519475 -0.0468075
v 0.0275775 0.0530671 -0.0463112
v 0.0275775 0.0537985 -0.0459489
v 0.0275775 0.054869 -0.0453896
v 0.0275775 0.0555473 -0.0450272
v 0.0275775 0.0559968 -0.0447673
v 0.028065 0.0571409 -0.0440032
v 0.0284105 0.05672 -0.0442001
v 0.0257694 0.0641974 -0.0384024
v 0.0230542 0.06432 -0.0385363
v 0.0257694 0.0650637 -0.0374493
v 0.0275775 0.064982 -0.0373547
v 0.0275775 0.0653783 -0.0369057
v 0.0266703 0.0632617 -0.0392925
v 0.0226901 0.063466 -0.0394895
v 0.0212461 0.0635355 -0.0395604
v 0.0203451 0.0640299 -0.0391192
v 0.0275775 0.0661914 -0.0358974
v 0.0275775 0.0665387 -0.0354169
v 0.0275775 0.0672947 -0.0343692
v 0.0282748 0.068022 -0.0332191
v 0.028534 0.0677278 -0.0335579
v 0.0275775 0.0658319 -0.0363464
v 0.028534 0.0682426 -0.032778
v 0.0284784 0.0687248 -0.0319745
v 0.0289721 0.0689046 -0.0313995
v 0.0167289 0.0628245 -0.0406159
v 0.0176299 0.063229 -0.0401827
v 0.0266703 0.0609041 -0.0414194
v 0.0284105 0.0575004 -0.0437196
v 0.0275775 0.0583299 -0.0432942
v 0.0275775 0.0587794 -0.042987
v 0.0257694 0.059948 -0.042278
v 0.0266703 0.0603484 -0.0418763
v 0.0275898 0.0602136 -0.0418999
v 0.0275898 0.0594699 -0.042475
v 0.0257694 0.0588938 -0.0430658
v 0.0248993 0.0593146 -0.0428295
v 0.019438 0.0597191 -0.0430106
v 0.0172658 0.0598499 -0.0431052
v 0.0257694 0.0603974 -0.0419157
v 0.029003 0.0698321 -0.0296271
v 0.0284784 0.0702529 -0.0290835
v 0.0284784 0.0705839 -0.0283982
v 0.0284784 0.07078 -0.0279492
v 0.0284784 0.0710416 -0.0272796
v 0.0287006 0.071536 -0.0257751
v 0.0284784 0.0720181 -0.0245698
v 0.0286574 0.0724431 -0.022955
v 0.0284784 0.0729252 -0.0209542
v 0.0284784 0.0731132 -0.0200483
v 0.0291696 0.0726515 -0.0209542
v 0.0283056 0.0734482 -0.0182444
v 0.0275775 0.0736239 -0.0173385
v 0.0281205 0.0734115 -0.0187958
v 0.0284476 0.073297 -0.0191109
v 0.0275775 0.0736035 -0.010115
v 0.0282007 0.073436 -0.00920908
v 0.0286512 0.0733379 -0.00920908
v 0.0284784 0.0730968 -0.00740518
v 0.0291572 0.0726433 -0.00649928
v 0.0201106 0.0743186 -0.0143766
v 0.0248622 0.0739917 -0.0137228
v 0.0239613 0.074053 -0.0137228
v 0.0205364 0.0742859 -0.0137228
v 0.0257694 0.0738936 -0.0128169
v 0.0257694 0.0738405 -0.011911
v 0.0257694 0.0737874 -0.011013
v 0.0239613 0.0738527 -0.010115
v 0.0248622 0.0737915 -0.010115
v 0.0266703 0.0736852 -0.0173385
v 0.0167289 0.0745351 -0.0146287
v 0.0290338 0.0725575 -0.00577457
v 0.0284784 0.0729007 -0.00649928
v 0.0285586 0.0726555 -0.0055225
v 0.0283056 0.0725616 -0.00487656
v 0.0285586 0.072439 -0.00462448
v 0.0278984 0.0724839 -0.00427788
v 0.0275775 0.0720712 -0.0028836
v 0.0278366 0.0715768 -0.00156021
v 0.0275898 0.0723859 -0.00385251
v 0.028281 0.0707474 0.000416997
v 0.0285401 0.0708945 -0.000102906
v 0.0285401 0.0705553 0.000724212
v 0.0284784 0.0698607 0.00223666
v 0.0284784 0.0696196 0.00269354
v 0.0285278 0.0691497 0.00351278
v 0.028861 0.0688596 0.00385938
v 0.0284784 0.070159 0.00163798
v 0.0284784 0.0679239 0.00561602
v 0.0284784 0.0675562 0.00615168
v 0.0284784 0.0671557 0.00671885
v 0.0284784 0.0668166 0.00717573
v 0.0284784 0.0663671 0.00777441
v 0.0284784 0.0660239 0.00822341
v 0.0286327 0.0651863 0.00921596
v 0.0290462 0.0662568 0.00762474
v 0.0280279 0.0652639 0.00931836
v 0.0282254 0.0644017 0.0102636
v 0.0282192 0.0635151 0.0111853
v 0.0285031 0.0630125 0.0115791
v 0.0281822 0.0626039 0.0120754
v 0.028102 0.0616723 0.0129498
v 0.0284352 0.0612473 0.0132413
v 0.0284784 0.0606508 0.0137612
v 0.0284784 0.0601972 0.0141078
v 0.029003 0.0590123 0.0147931
v 0.0284784 0.0569284 0.0164079
v 0.0284784 0.0564748 0.0166994
v 0.0286697 0.0552204 0.0173926
v 0.028824 0.0579867 0.0156123
v 0.0282254 0.0581133 0.015699
v 0.0288117 0.0516696 0.0192359
v 0.02875 0.0498228 0.020126
v 0.0284784 0.0467419 0.0215518
v 0.0284784 0.0460105 0.021859
v 0.0281329 0.0436733 0.0229146
v 0.0282254 0.0410745 0.0238599
v 0.0285031 0.040433 0.023978
v 0.028824 0.0407436 0.023726
v 0.0289783 0.0427703 0.0229067
v 0.0282192 0.0386066 0.0247658
v 0.0285401 0.0377444 0.0249233
v 0.0280711 0.0364042 0.0256008
v 0.0282316 0.0358935 0.0256874
v 0.0280465 0.0336706 0.0264988
v 0.0286821 0.0358935 0.0254511
v 0.0286697 0.0386066 0.024561
v 0.0276145 0.0332212 0.0267666
v 0.0284784 0.0332212 -0.0491943
v 0.0281761 0.0351457 -0.0494543
v 0.0275775 0.0358935 -0.0495646
v 0.0280218 0.034541 -0.0494228
v 0.0275281 0.0421696 -0.0493755
v 0.0268678 0.0424352 -0.049407
v 0.0262631 0.0426926 -0.0494228
v 0.0257694 0.042807 -0.0494464
v 0.0275775 0.0449318 -0.0489501
v 0.0257694 0.0432565 -0.0493755
v 0.0248622 0.0434608 -0.049407
v 0.0243871 0.043567 -0.0494228
v 0.0230542 0.0437999 -0.04947
v 0.0285031 0.0458675 -0.048635
v 0.0275775 0.0458389 -0.0487611
v 0.0282131 0.0464436 -0.0485563
v 0.0239613 0.0368006 -0.049856
v 0.0172103 0.0372214 -0.0503287
v 0.0167289 0.0377036 -0.0503759
v 0.0173398 0.0383083 -0.0503365
v 0.0248622 0.0386066 -0.0498166
v 0.0230542 0.0368006 -0.049919
v 0.0167351 0.0386066 -0.0503602
v 0.0167289 0.0431257 -0.0500136
v 0.0160501 0.0398487 -0.0503208
v 0.015828 0.0422227 -0.050179
v 0.0275775 0.0485479 -0.0480364
v 0.0285031 0.0467419 -0.0484223
v 0.0275775 0.0470361 -0.0484775
v 0.0275775 0.0476449 -0.0483042
v 0.0266703 0.0520251 -0.0468469
v 0.0176299 0.0517677 -0.0476425
v 0.0246092 0.0526462 -0.0467287
v 0.0275158 0.0495122 -0.0477291
v 0.0266703 0.0494509 -0.0478158
v 0.0271702 0.0499126 -0.0476189
v 0.0275158 0.0502722 -0.0474613
v 0.0266703 0.051261 -0.0471541
v 0.0167289 0.0555064 -0.0459016
v 0.0239613 0.0526952 -0.0467524
v 0.0167289 0.05596 -0.0456653
v 0.0266703 0.0556086 -0.0450666
v 0.0243501 0.0562174 -0.0449012
v 0.0266703 0.0566791 -0.0444207
v 0.0275775 0.0566791 -0.0443419
v 0.0275775 0.0576271 -0.0437432
v 0.0212461 0.0644017 -0.038623
v 0.019438 0.0653374 -0.0377565
v 0.0221532 0.0656235 -0.0371735
v 0.018537 0.0662323 -0.0368427
v 0.0239613 0.0655417 -0.0370869
v 0.0266703 0.0654192 -0.036953
v 0.0205426 0.0661465 -0.0367403
v 0.0230542 0.0660321 -0.0366064
v 0.0248622 0.0659544 -0.036504
v 0.0266703 0.0658727 -0.0364016
v 0.018537 0.0636581 -0.0396864
v 0.018537 0.0641116 -0.0392059
v 0.0167289 0.063274 -0.0402221
v 0.0179261 0.0670577 -0.0358502
v 0.0203451 0.0669555 -0.0357084
v 0.0212461 0.0669187 -0.0356532
v 0.0266703 0.0666205 -0.0354169
v 0.0221532 0.0664284 -0.0362046
v 0.0266703 0.0673355 -0.0344244
v 0.0275775 0.0677482 -0.0337312
v 0.0275775 0.0680628 -0.0332822
v 0.0275775 0.0684265 -0.0326992
v 0.0275775 0.0687942 -0.0321006
v 0.0275775 0.0690516 -0.0316515
v 0.0275775 0.0694684 -0.0308953
v 0.0284784 0.0693172 -0.0308953
v 0.0284784 0.0696727 -0.0302336
v 0.015828 0.0628572 -0.0406474
v 0.015828 0.0633108 -0.0402536
v 0.0167289 0.0618439 -0.0414588
v 0.0221532 0.0605976 -0.0420654
v 0.0212461 0.0606426 -0.0421047
v 0.0167289 0.0613209 -0.0419078
v 0.0239613 0.0584852 -0.0434833
v 0.0252263 0.0589264 -0.0430894
v 0.0266703 0.0576884 -0.0437826
v 0.0230542 0.0579172 -0.0439244
v 0.0230542 0.0600991 -0.0423962
v 0.0167289 0.0598785 -0.0431209
v 0.0167289 0.060332 -0.0427507
v 0.0246216 0.0589632 -0.043113
v 0.0175928 0.0594658 -0.0433336
v 0.0165376 0.0571613 -0.0449248
v 0.0284784 0.0699056 -0.0297846
v 0.0275775 0.0697504 -0.0303754
v 0.0275775 0.0706329 -0.0285243
v 0.0275775 0.0708454 -0.0280674
v 0.0275775 0.0711764 -0.0272796
v 0.0280958 0.0716054 -0.0259641
v 0.0284291 0.0714052 -0.0263107
v 0.0284291 0.0717076 -0.0254757
v 0.0275775 0.0721489 -0.0245698
v 0.0280588 0.0725003 -0.0232307
v 0.0284044 0.0723368 -0.0235852
v 0.0284784 0.072725 -0.02186
v 0.0275775 0.0730723 -0.0209542
v 0.0275775 0.0732562 -0.0200483
v 0.0275775 0.0735259 -0.0182444
v 0.0266703 0.0735912 -0.0182444
v 0.0248622 0.0737179 -0.0182444
v 0.0239613 0.0737792 -0.0182444
v 0.0275775 0.0733706 -0.0194023
v 0.0275775 0.073436 -0.0189454
v 0.0221532 0.0738895 -0.00920908
v 0.0257694 0.0736362 -0.00920908
v 0.0275775 0.0735054 -0.00920908
v 0.0280588 0.0734033 -0.00872856
v 0.0284044 0.0732848 -0.00837409
v 0.0275775 0.0732194 -0.00740518
v 0.0275775 0.0730396 -0.00649928
v 0.0167289 0.0745433 -0.0137228
v 0.0199316 0.0743063 -0.0132265
v 0.018537 0.0743758 -0.0128169
v 0.0248622 0.0739018 -0.011911
v 0.0248622 0.0738487 -0.011013
v 0.0221532 0.0739753 -0.010115
v 0.0170683 0.074294 -0.009792
v 0.0164636 0.0743145 -0.00957144
v 0.0230542 0.0738405 -0.0182444
v 0.0176299 0.0742001 -0.0182444
v 0.0163833 0.0743104 -0.017882
v 0.015828 0.0745801 -0.0146287
v 0.0275775 0.0728394 -0.00559339
v 0.0275898 0.0725983 -0.00462448
v 0.0272936 0.0725084 -0.00419911
v 0.0257694 0.0724267 -0.00356105
v 0.0241588 0.0724798 -0.00338775
v 0.0167289 0.0724267 -0.00173351
v 0.0167289 0.0718914 -0.000173802
v 0.0176299 0.0718261 -0.000173802
v 0.0275528 0.0714502 -0.00115847
v 0.0275775 0.0710824 -0.000173802
v 0.019438 0.0715605 0.000196432
v 0.0167289 0.0733379 -0.00449845
v 0.0275775 0.0707964 0.000527279
v 0.0275775 0.0705962 0.000976286
v 0.0275775 0.0699261 0.00236269
v 0.0275775 0.0696972 0.00281958
v 0.0282624 0.0689454 0.00400117
v 0.0285278 0.0686798 0.00432414
v 0.0284784 0.0681977 0.00515914
v 0.0275775 0.0702856 0.00163798
v 0.0280033 0.0679729 0.0056948
v 0.0275775 0.0664448 0.00789257
v 0.0275775 0.0661138 0.00834157
v 0.0262816 0.0661751 0.00842035
v 0.0257694 0.0661955 0.00845186
v 0.0257694 0.0658196 0.00890086
v 0.0230542 0.0659381 0.00905053
v 0.0275775 0.0652843 0.00934199
v 0.0275775 0.0644426 0.0103109
v 0.0275775 0.0635682 0.0112404
v 0.0275775 0.0631065 0.0116894
v 0.0275775 0.062657 0.0121227
v 0.0275775 0.061705 0.0129813
v 0.027812 0.0607202 0.0138163
v 0.0275775 0.0597069 0.0146355
v 0.0284784 0.0595925 0.0145568
v 0.0275775 0.0592574 0.0149743
v 0.0275775 0.0575821 0.0161244
v 0.0275775 0.0570183 0.0164788
v 0.028065 0.0553348 0.0174556
v 0.0284105 0.0556903 0.0171799
v 0.0284784 0.0591389 0.0148876
v 0.0285093 0.0584443 0.0153839
v 0.0275775 0.0586323 0.0154312
v 0.0275775 0.0581787 0.0157384
v 0.0281329 0.0535574 0.0183773
v 0.0282069 0.0517718 0.019291
v 0.0284969 0.0513264 0.0194643
v 0.0284599 0.0502927 0.0199685
v 0.0284599 0.0494959 0.0203308
v 0.0279601 0.0480821 0.0210556
v 0.0275775 0.046223 0.0219378
v 0.0275775 0.0457694 0.0221348
v 0.0275775 0.0449318 0.0224892
v 0.0275775 0.0437918 0.0229619
v 0.0275466 0.0421573 0.0236078
v 0.0278243 0.0416793 0.0237417
v 0.0280279 0.0390642 0.0246791
v 0.0275775 0.0377036 0.0252699
v 0.0275775 0.0370294 0.0255062
v 0.0275775 0.0365758 0.0256638
v 0.0275775 0.0358935 0.0259001
v 0.0275775 0.0349904 0.0261994
v 0.0275775 0.0343203 0.02642
v 0.0267197 0.0332212 0.0269951
v 0.0270838 0.0345165 0.026483
v 0.0275775 0.0332212 -0.0493125
v 0.0276639 0.0349046 -0.0494858
v 0.0257694 0.0358935 -0.0496906
v 0.0276639 0.0340507 -0.0493991
v 0.027417 0.0343244 -0.0494464
v 0.0248622 0.0430072 -0.0494779
v 0.0203451 0.0431257 -0.0497694
v 0.0176299 0.0467419 -0.0492495
v 0.0257694 0.0458389 -0.0488871
v 0.0169202 0.0461984 -0.049407
v 0.0167289 0.0440288 -0.0498403
v 0.0275775 0.0465866 -0.0485956
v 0.0162846 0.0363388 -0.0503287
v 0.015828 0.0368006 -0.0503759
v 0.0203451 0.0368006 -0.0501002
v 0.018537 0.0368006 -0.0502184
v 0.015828 0.0377036 -0.0504153
v 0.015828 0.0386066 -0.0503996
v 0.015828 0.0431257 -0.0500529
v 0.015828 0.0458389 -0.049533
v 0.0163155 0.0463006 -0.0494228
v 0.0140199 0.0386066 -0.0504626
v 0.0149208 0.0413197 -0.0502656
v 0.00859559 0.0422227 -0.0504074
v 0.0106135 0.0425578 -0.0503208
v 0.0100087 0.0426844 -0.0503287
v 0.0266333 0.0475673 -0.0483987
v 0.0257694 0.0472812 -0.0485484
v 0.0248622 0.0478451 -0.048446
v 0.0226716 0.0481107 -0.0485247
v 0.0263124 0.0472159 -0.0485247
v 0.0203451 0.0515062 -0.0475401
v 0.0212461 0.0509628 -0.047674
v 0.0203451 0.0510527 -0.0477055
v 0.019438 0.0511425 -0.047737
v 0.0167289 0.051261 -0.0478788
v 0.0167289 0.0518372 -0.047674
v 0.0167289 0.0522907 -0.0474613
v 0.0221532 0.0486215 -0.0483987
v 0.0257694 0.0494509 -0.0478788
v 0.0248622 0.0501456 -0.0477055
v 0.0248622 0.0505991 -0.0475401
v 0.015828 0.053729 -0.0468154
v 0.015828 0.0555555 -0.0459252
v 0.015828 0.056009 -0.0456889
v 0.015828 0.0566791 -0.0452793
v 0.0167906 0.0567649 -0.0451611
v 0.0176299 0.0566424 -0.0451769
v 0.0203451 0.0564789 -0.0450666
v 0.0212461 0.0568753 -0.0447436
v 0.0257694 0.0572961 -0.0441056
v 0.0176299 0.0654151 -0.0378431
v 0.0167289 0.0663099 -0.0369293
v 0.0167289 0.0667635 -0.0363701
v 0.0202834 0.0664407 -0.0363937
v 0.0176299 0.0636989 -0.0397258
v 0.0167289 0.0641893 -0.0392925
v 0.0167289 0.0637357 -0.0397652
v 0.0167289 0.0671067 -0.0359132
v 0.0176299 0.0673273 -0.0354957
v 0.0257694 0.0678258 -0.0338414
v 0.0221532 0.0672048 -0.0351491
v 0.0252819 0.0670699 -0.03496
v 0.0266703 0.0680996 -0.0333373
v 0.0203451 0.0688024 -0.033038
v 0.0248622 0.0686226 -0.0327465
v 0.0266703 0.0685041 -0.0326992
v 0.0266703 0.068831 -0.0321714
v 0.0248622 0.0691865 -0.0318012
v 0.0239613 0.069256 -0.0318012
v 0.0149208 0.0623546 -0.0411201
v 0.0140199 0.0629022 -0.0406868
v 0.015828 0.0613536 -0.0419393
v 0.0140199 0.0633557 -0.040293
v 0.0149208 0.0637847 -0.0398203
v 0.015828 0.0637643 -0.0397967
v 0.0212152 0.0584034 -0.0437511
v 0.018537 0.0570428 -0.044846
v 0.015828 0.0599112 -0.0431524
v 0.015828 0.0587834 -0.0439008
v 0.015828 0.0603647 -0.0427743
v 0.015828 0.0609 -0.0423253
v 0.0203451 0.0585301 -0.0437353
v 0.0167289 0.0705921 -0.0302573
v 0.0167289 0.0711886 -0.0290835
v 0.0167289 0.0715033 -0.0284297
v 0.0221532 0.0693949 -0.0318012
v 0.0176299 0.0696441 -0.0319745
v 0.0167289 0.0696768 -0.0320375
v 0.0176299 0.0714706 -0.028351
v 0.0194627 0.0714338 -0.0281146
v 0.0191726 0.0716054 -0.0277602
v 0.0275775 0.0714706 -0.026484
v 0.0212461 0.0715319 -0.0275632
v 0.0275775 0.0716299 -0.026035
v 0.0246401 0.0725125 -0.0241602
v 0.0252387 0.072488 -0.0240972
v 0.0266703 0.0724349 -0.0238924
v 0.0275775 0.0723981 -0.0237585
v 0.0275775 0.0725207 -0.0233095
v 0.0275775 0.0726515 -0.0227581
v 0.0275775 0.0728639 -0.02186
v 0.0257694 0.0729988 -0.02186
v 0.0239613 0.0731295 -0.02186
v 0.0266703 0.0731377 -0.0209542
v 0.0266827 0.0733297 -0.020001
v 0.0269912 0.073391 -0.0195362
v 0.0212461 0.0738527 -0.0191424
v 0.0203451 0.073914 -0.0191424
v 0.018537 0.0740366 -0.0191424
v 0.0248622 0.0735994 -0.0191424
v 0.0203451 0.0740121 -0.00920908
v 0.0239613 0.0736239 -0.00831107
v 0.0266703 0.0734564 -0.00841347
v 0.0275775 0.0734237 -0.0086104
v 0.0275775 0.0733502 -0.00815352
v 0.0266703 0.0733828 -0.00796446
v 0.0266703 0.0732807 -0.00740518
v 0.0257694 0.0731663 -0.00649928
v 0.0248622 0.0730315 -0.00559339
v 0.015828 0.0745882 -0.0137228
v 0.0167289 0.0744943 -0.0128169
v 0.0176299 0.0743308 -0.0110209
v 0.0179323 0.074294 -0.0107294
v 0.0212461 0.0740366 -0.010115
v 0.0167474 0.0743349 -0.0100992
v 0.015828 0.0743267 -0.00946903
v 0.015828 0.0742695 -0.00901215
v 0.0167474 0.0742532 -0.00924847
v 0.0176299 0.0741919 -0.00920908
v 0.015828 0.0743798 -0.010115
v 0.0176299 0.0740979 -0.0191424
v 0.0167289 0.0741551 -0.0191424
v 0.015828 0.0742859 -0.0184807
v 0.0167042 0.0742614 -0.018205
v 0.00859559 0.0748089 -0.0146287
v 0.01489 0.0743308 -0.0182837
v 0.0203451 0.0731377 -0.00469538
v 0.0167289 0.0731254 -0.00378949
v 0.0167289 0.072819 -0.0028836
v 0.015828 0.0724512 -0.00166261
v 0.015828 0.0719405 -0.000173802
v 0.0167289 0.0716626 0.000424874
v 0.0176299 0.0716299 0.000361856
v 0.0182717 0.0716054 0.000306714
v 0.015828 0.0733624 -0.00439604
v 0.0180742 0.0733992 -0.00514439
v 0.0167289 0.0734401 -0.00494745
v 0.024924 0.0708699 0.00081874
v 0.0246586 0.0707065 0.00122048
v 0.0167289 0.070539 0.00269354
v 0.0230542 0.0698607 0.00314255
v 0.0183519 0.0698035 0.00393028
v 0.0212461 0.0696972 0.00372547
v 0.0275775 0.0693581 0.00344188
v 0.0275775 0.0689944 0.00408782
v 0.0275775 0.0687248 0.00454471
v 0.0276515 0.0682263 0.00534032
v 0.0274047 0.0679975 0.00573418
v 0.0276515 0.0677319 0.00608079
v 0.0275775 0.0672211 0.00681338
v 0.0176299 0.0669964 0.00830219
v 0.0167289 0.0670331 0.00835733
v 0.0248622 0.0662364 0.00849912
v 0.0203451 0.0660607 0.00919232
v 0.0221532 0.065979 0.0090978
v 0.0257694 0.065366 0.00943652
v 0.0248622 0.0654069 0.00948378
v 0.019438 0.0660974 0.00923959
v 0.019438 0.065648 0.00974374
v 0.0239613 0.0645979 0.0104842
v 0.0176299 0.0640544 0.0116894
v 0.0176299 0.0636009 0.0121778
v 0.019438 0.0635192 0.0120912
v 0.0266703 0.0640626 0.0108072
v 0.0248622 0.0636949 0.0113743
v 0.0207832 0.0634538 0.0120282
v 0.0239613 0.0632944 0.0118706
v 0.0266703 0.0631555 0.0117367
v 0.0239613 0.0628409 0.012296
v 0.0239613 0.0623465 0.012745
v 0.0266703 0.0622035 0.012619
v 0.0257694 0.0617989 0.013068
v 0.0266703 0.0612351 0.0134776
v 0.0275404 0.0611125 0.0135012
v 0.0272134 0.060757 0.0138399
v 0.0266703 0.0602953 0.0142574
v 0.025288 0.0598376 0.014738
v 0.0167289 0.0597355 0.0155651
v 0.0248622 0.0587957 0.0155493
v 0.0266703 0.0575821 0.0162031
v 0.0258187 0.0575127 0.0163213
v 0.026152 0.0571204 0.0165419
v 0.0266703 0.0566301 0.0168018
v 0.0275775 0.0558292 0.0172114
v 0.0275775 0.0553757 0.0174793
v 0.0275775 0.054869 0.0177471
v 0.0266703 0.0582359 0.0157778
v 0.0275775 0.0530671 0.0186845
v 0.0275775 0.051261 0.0196219
v 0.0275775 0.0504765 0.0200079
v 0.0281452 0.0499535 0.0201812
v 0.0275775 0.0467419 0.0217094
v 0.0275775 0.0500271 0.0202206
v 0.0270961 0.0462802 0.0219693
v 0.0267444 0.0459247 0.0221663
v 0.0248622 0.0446417 0.0229461
v 0.0261396 0.0444578 0.0228673
v 0.0272196 0.04181 0.0237969
v 0.0208511 0.0372664 0.0264988
v 0.0214559 0.0371765 0.0264594
v 0.0221532 0.0370498 0.0264121
v 0.0275466 0.0413524 0.023915
v 0.0275775 0.0391745 0.0247264
v 0.0270159 0.0371969 0.0255693
v 0.0258311 0.0332212 0.0271841
v 0.0264852 0.0346922 0.026546
v 0.026695 0.0332212 -0.0493755
v 0.0263988 0.0335358 -0.0494385
v 0.0270036 0.0337238 -0.0494149
v 0.0248622 0.0349904 -0.0496827
v 0.0266888 0.0340507 -0.04947
v 0.0203451 0.0340874 -0.0499112
v 0.0221532 0.0349904 -0.0498639
v 0.0239613 0.0358935 -0.0498088
v 0.016661 0.0466602 -0.0493282
v 0.015828 0.0467991 -0.049344
v 0.0167289 0.0476449 -0.0490762
v 0.018537 0.0476449 -0.048958
v 0.0266333 0.046795 -0.0486114
v 0.015828 0.0362285 -0.0503365
v 0.0167289 0.0349904 -0.0502105
v 0.0167289 0.0340874 -0.0501475
v 0.015828 0.0340874 -0.0501869
v 0.0149208 0.0340874 -0.0502184
v 0.015828 0.035775 -0.050305
v 0.0149208 0.0349904 -0.0502814
v 0.0149208 0.0355666 -0.0503208
v 0.0144395 0.0354562 -0.0503287
v 0.00678749 0.0368006 -0.0506595
v 0.0122118 0.0377036 -0.0505335
v 0.0149208 0.0377036 -0.0504468
v 0.0140199 0.0431257 -0.050116
v 0.0104037 0.0467419 -0.049533
v 0.0122118 0.0466438 -0.0494937
v 0.0131127 0.0470197 -0.0493913
v 0.0140199 0.0469462 -0.0493755
v 0.0140199 0.0440288 -0.0499427
v 0.0049794 0.0386066 -0.0507462
v 0.0122118 0.0404126 -0.0504074
v 0.0104037 0.0413197 -0.0504074
v 0.00588036 0.0413197 -0.0505492
v 0.0049794 0.0422227 -0.0505177
v 0.00768846 0.0428724 -0.050368
v 0.019438 0.0476449 -0.048895
v 0.0248622 0.0494509 -0.0479418
v 0.019438 0.0503539 -0.0480048
v 0.0167289 0.0503539 -0.048186
v 0.015828 0.051261 -0.0479261
v 0.015828 0.0518903 -0.0476976
v 0.015828 0.0523438 -0.0474849
v 0.0185247 0.0486174 -0.0486429
v 0.0167289 0.0491772 -0.0485799
v 0.0104037 0.0539251 -0.0469099
v 0.00967551 0.0543991 -0.0467051
v 0.0140199 0.0556208 -0.0459567
v 0.0122118 0.0561316 -0.0457598
v 0.0104037 0.056197 -0.0457913
v 0.00921268 0.0562337 -0.045815
v 0.00950889 0.0565933 -0.0455708
v 0.00678749 0.0574473 -0.0451139
v 0.0131127 0.0572675 -0.0449957
v 0.015828 0.0663385 -0.0369609
v 0.015828 0.0667921 -0.0364016
v 0.015828 0.0671312 -0.0359526
v 0.015828 0.0642179 -0.0393241
v 0.015828 0.067503 -0.0354169
v 0.0167289 0.0674499 -0.0354169
v 0.019438 0.0680751 -0.0342038
v 0.0167289 0.0681813 -0.0343535
v 0.0176299 0.0689086 -0.0331955
v 0.02211 0.0682222 -0.0336839
v 0.0239613 0.0682058 -0.0334948
v 0.0167289 0.0692886 -0.0326992
v 0.0203451 0.0690884 -0.0325811
v 0.0221532 0.0690149 -0.0324708
v 0.0230542 0.0689781 -0.0324156
v 0.0259854 0.0688596 -0.0322187
v 0.0140199 0.0613985 -0.0419787
v 0.00675664 0.0621871 -0.0416006
v 0.00859559 0.0634824 -0.0404111
v 0.0104037 0.0634415 -0.0403717
v 0.00678749 0.0644099 -0.0395367
v 0.00588036 0.0639972 -0.0400094
v 0.0149208 0.0599357 -0.0431682
v 0.0049794 0.0606344 -0.0430028
v 0.00588036 0.0606099 -0.042987
v 0.0104037 0.0604996 -0.0428925
v 0.0131127 0.0604301 -0.0428373
v 0.0149208 0.0603852 -0.0427979
v 0.0140199 0.0593882 -0.0435699
v 0.00588036 0.0595189 -0.0437905
v 0.00407844 0.059568 -0.043822
v 0.0113046 0.0593882 -0.0436723
v 0.0122118 0.0609899 -0.0424041
v 0.015828 0.0706166 -0.0303045
v 0.015828 0.0708454 -0.0298555
v 0.015828 0.0697013 -0.0320927
v 0.015828 0.0703142 -0.0308953
v 0.015828 0.0715319 -0.0284927
v 0.015828 0.0712377 -0.0290835
v 0.0167289 0.0716912 -0.0279807
v 0.0176299 0.0716585 -0.0279019
v 0.0176299 0.0718914 -0.0272796
v 0.018537 0.0728108 -0.0245698
v 0.019438 0.0727454 -0.0245698
v 0.0230542 0.0725697 -0.0243256
v 0.0239613 0.072537 -0.0242311
v 0.018537 0.0730927 -0.023664
v 0.0203451 0.0729661 -0.023664
v 0.0249054 0.0726065 -0.0237427
v 0.0230542 0.0729906 -0.0227581
v 0.0248622 0.0728558 -0.0227581
v 0.0221532 0.073056 -0.0227581
v 0.0203451 0.0731826 -0.0227581
v 0.0240168 0.0733297 -0.0209069
v 0.0248622 0.0733788 -0.0203949
v 0.0221532 0.073628 -0.0200483
v 0.018537 0.0738732 -0.0200483
v 0.0263926 0.0734115 -0.0196623
v 0.0203451 0.0738691 -0.00831107
v 0.0248622 0.0735626 -0.00831107
v 0.0258434 0.073342 -0.00743668
v 0.0230542 0.0734155 -0.00686952
v 0.019438 0.0734441 -0.00582184
v 0.0049794 0.0749315 -0.0137228
v 0.015828 0.0745392 -0.0128169
v 0.015828 0.0744861 -0.011911
v 0.0104037 0.0745515 -0.010115
v 0.00949655 0.0745801 -0.010115
v 0.0049794 0.0746373 -0.00920908
v 0.0149208 0.0743431 -0.00935875
v 0.0142112 0.074294 -0.00882309
v 0.015828 0.0741469 -0.00831107
v 0.0167289 0.074102 -0.00831107
v 0.018537 0.0739876 -0.00831107
v 0.0176299 0.0739304 -0.0200483
v 0.0167289 0.0739835 -0.0200483
v 0.015828 0.074196 -0.0191424
v 0.0145752 0.0743063 -0.018717
v 0.0049794 0.0746454 -0.0182444
v 0.00588036 0.0748252 -0.0155267
v 0.0049794 0.0749192 -0.0146287
v 0.0049794 0.0747844 -0.0164326
v 0.015828 0.0731745 -0.00378949
v 0.0122118 0.0726801 -0.00197771
v 0.0122118 0.0723573 -0.00103243
v 0.015828 0.0716871 0.000472138
v 0.00949655 0.0724022 -0.000898515
v 0.00588036 0.0722714 -0.000173802
v 0.0167289 0.0714379 0.000881759
v 0.0176299 0.0714093 0.000810863
v 0.0141988 0.073391 -0.00427788
v 0.015828 0.0734646 -0.00485293
v 0.0177163 0.0734932 -0.00550674
v 0.0167289 0.0735708 -0.00559339
v 0.015828 0.0736158 -0.00559339
v 0.0212461 0.0708291 0.00146468
v 0.015828 0.0705635 0.0027408
v 0.0167289 0.0698607 0.00404844
v 0.0176299 0.0710007 0.00163798
v 0.015828 0.071111 0.00163798
v 0.0167289 0.0696196 0.00449745
v 0.0203451 0.0694235 0.00434778
v 0.0221532 0.0692805 0.00434778
v 0.0248622 0.0691048 0.00427688
v 0.0257694 0.069068 0.00421386
v 0.0230542 0.0689127 0.00485192
v 0.0162784 0.06888 0.00570267
v 0.0167289 0.0673437 0.00790832
v 0.0221532 0.0689495 0.00490707
v 0.0212461 0.0689863 0.00496221
v 0.019438 0.0690598 0.00506461
v 0.0166425 0.0691089 0.00531669
v 0.015828 0.0670618 0.00839672
v 0.0167289 0.0666286 0.00886148
v 0.018537 0.0665061 0.00882997
v 0.0212461 0.0663916 0.00868818
v 0.0179878 0.0661587 0.00931048
v 0.0183457 0.0652884 0.0102479
v 0.0167289 0.0649493 0.0107757
v 0.0167289 0.0644957 0.0112798
v 0.0167289 0.0640912 0.0117288
v 0.0167289 0.0636377 0.0122172
v 0.0167289 0.0631555 0.0126662
v 0.0176299 0.0631146 0.0126268
v 0.018537 0.0630697 0.0125874
v 0.0212461 0.0629798 0.012422
v 0.0221532 0.0624364 0.0128316
v 0.0248622 0.061848 0.0131073
v 0.0257694 0.06128 0.013517
v 0.0257694 0.0608305 0.013903
v 0.0212461 0.0600624 0.0149191
v 0.0221532 0.0600133 0.0148797
v 0.015828 0.0597763 0.0155966
v 0.0167289 0.059286 0.0158723
v 0.0176299 0.0592288 0.0158408
v 0.0219927 0.0589714 0.0156675
v 0.0225913 0.0589346 0.0156438
v 0.0203451 0.0601073 0.0149585
v 0.018537 0.0601972 0.0150373
v 0.0176299 0.0602422 0.0150767
v 0.0166981 0.0603729 0.0150452
v 0.0257694 0.058289 0.0158171
v 0.0248622 0.0576598 0.0163055
v 0.0239613 0.0572634 0.0166364
v 0.0221594 0.0566015 0.0172114
v 0.0224617 0.0562051 0.0174399
v 0.0266703 0.0554451 0.0175186
v 0.0203451 0.055106 0.0182434
v 0.0212461 0.0550365 0.018204
v 0.0248622 0.054869 0.0179834
v 0.0257694 0.054869 0.0179046
v 0.0257694 0.051261 0.0197873
v 0.0212461 0.0532755 0.0191335
v 0.0221532 0.0527484 0.0193304
v 0.0221532 0.0503539 0.0205829
v 0.0257694 0.0506645 0.0200945
v 0.0266703 0.0505746 0.0200551
v 0.0217089 0.0435793 0.0237811
v 0.0230542 0.0495367 0.020898
v 0.0221532 0.0491853 0.0211501
v 0.0222026 0.0457776 0.0227177
v 0.0239613 0.0368006 0.026231
v 0.0248622 0.0368006 0.0260892
v 0.0257694 0.0374911 0.0256795
v 0.0266703 0.0386066 0.0251045
v 0.0167289 0.0368006 0.0271526
v 0.0149023 0.0341446 0.0284524
v 0.0149208 0.0332212 0.0288305
v 0.0194441 0.0350558 0.0275543
v 0.0211905 0.0368455 0.0266248
v 0.0203451 0.0353091 0.0273417
v 0.019438 0.0334091 0.0282082
v 0.0212461 0.0346881 0.0274519
v 0.0221532 0.0365963 0.0265854
v 0.026695 0.0376668 0.0254511
v 0.0239613 0.0349904 0.0269084
v 0.0230542 0.0332212 0.0277119
v 0.0238811 0.0332212 0.0275622
v 0.0239675 0.0332212 0.0275465
v 0.02543 0.0332212 0.0272629
v 0.0248129 0.0332212 -0.0495094
v 0.0239181 0.0332212 -0.0495724
v 0.0230171 0.0332212 -0.0496355
v 0.02211 0.0332212 -0.0496985
v 0.018537 0.0332212 -0.0499427
v 0.0175928 0.0332212 -0.0500057
v 0.015828 0.0476449 -0.0491234
v 0.0167289 0.0485479 -0.0487847
v 0.0167289 0.0332212 -0.0500608
v 0.015828 0.0332212 -0.0501081
v 0.00949655 0.0335072 -0.0503444
v 0.0107246 0.0336952 -0.0503208
v 0.0113046 0.03383 -0.0503129
v 0.012255 0.034116 -0.050305
v 0.0119773 0.0344388 -0.0503365
v 0.0148838 0.0332212 -0.0501396
v 0.00588036 0.0349904 -0.050565
v 0.00859559 0.0358935 -0.0505413
v 0.0049794 0.0368006 -0.0507146
v 0.00407844 0.0377036 -0.0507855
v 0.00768846 0.0377036 -0.0506753
v 0.00859559 0.0440288 -0.050116
v 0.00768846 0.0467419 -0.0496197
v 0.0115145 0.0471505 -0.0494149
v 0.00407844 0.0386066 -0.0507698
v 0.00407844 0.0404126 -0.0506595
v 0.00768846 0.0404126 -0.0505492
v 0.00407844 0.0422227 -0.0505413
v 0.00407844 0.0431257 -0.0504232
v 0.00491152 0.0431911 -0.0503917
v 0.00516453 0.0435343 -0.0503208
v 0.00588036 0.0440288 -0.0502026
v 0.0167289 0.0496266 -0.0484302
v 0.015828 0.0503539 -0.0482333
v 0.0122118 0.051261 -0.0480521
v 0.0049794 0.051261 -0.0482884
v 0.0049794 0.0521641 -0.047934
v 0.0140199 0.0519557 -0.0477291
v 0.0104037 0.05254 -0.0475795
v 0.015828 0.0485479 -0.048832
v 0.00768846 0.052638 -0.0476267
v 0.0049794 0.0539701 -0.0470753
v 0.0049794 0.0550202 -0.0465633
v 0.00407844 0.0557761 -0.0462246
v 0.0113046 0.0557148 -0.046004
v 0.0049794 0.0568099 -0.0455944
v 0.00768846 0.0567322 -0.0455471
v 0.00588036 0.0563318 -0.0458701
v 0.0049794 0.0584852 -0.0444994
v 0.0149208 0.066359 -0.0369845
v 0.0140199 0.0668288 -0.0364567
v 0.0122118 0.0672007 -0.036055
v 0.0149208 0.0675398 -0.0354169
v 0.0131127 0.0668493 -0.0364803
v 0.00768846 0.0669637 -0.03663
v 0.0049794 0.0670209 -0.0367009
v 0.0140199 0.0646632 -0.0389144
v 0.0167289 0.0686308 -0.0336996
v 0.015828 0.0689699 -0.0332822
v 0.0167289 0.0689413 -0.0332428
v 0.015828 0.0693377 -0.0326992
v 0.0049794 0.0611615 -0.0425537
v 0.0049794 0.0625916 -0.0413249
v 0.00588036 0.0630247 -0.0409153
v 0.00588036 0.0635437 -0.0404663
v 0.0049794 0.0644467 -0.0395761
v 0.0049794 0.0653048 -0.038623
v 0.00457829 0.066171 -0.0376777
v 0.00491769 0.0664897 -0.0373075
v 0.00859559 0.0656357 -0.0380873
v 0.0113046 0.0655785 -0.0380243
v 0.00407844 0.064034 -0.0400488
v 0.00949655 0.0600705 -0.0432706
v 0.00588036 0.0601604 -0.0433336
v 0.00407844 0.0602013 -0.0433651
v 0.00407844 0.0606508 -0.0430185
v 0.00407844 0.0611819 -0.0425695
v 0.00407844 0.0584852 -0.044531
v 0.00317131 0.0568385 -0.045618
v 0.00317131 0.0591226 -0.0441213
v 0.00317131 0.059572 -0.043822
v 0.00317131 0.0602054 -0.043373
v 0.0140199 0.0706493 -0.0303675
v 0.0125635 0.0715891 -0.0286267
v 0.0140199 0.0703796 -0.0308953
v 0.0122118 0.0697667 -0.0322187
v 0.0140199 0.0717484 -0.0281146
v 0.015828 0.0717157 -0.0280359
v 0.015828 0.0719936 -0.0272796
v 0.0167289 0.0719487 -0.0272796
v 0.0176299 0.072439 -0.0257672
v 0.0176299 0.072868 -0.0245698
v 0.0176299 0.0731418 -0.023664
v 0.0176299 0.0733256 -0.0228762
v 0.018537 0.0733175 -0.022695
v 0.019438 0.0732439 -0.0227581
v 0.0221532 0.0733747 -0.021285
v 0.0243562 0.0733951 -0.0204815
v 0.019438 0.0736239 -0.0209542
v 0.0176299 0.0737424 -0.0209542
v 0.0167289 0.0737506 -0.00649928
v 0.0122118 0.0746536 -0.0128169
v 0.00407844 0.074956 -0.0137228
v 0.0049794 0.0748252 -0.011911
v 0.0104037 0.0746046 -0.011013
v 0.0113046 0.0746291 -0.011911
v 0.0122118 0.0746005 -0.011911
v 0.0049794 0.074719 -0.010115
v 0.00407844 0.0746618 -0.00920908
v 0.00407844 0.0745188 -0.00831107
v 0.0122118 0.0743267 -0.00864191
v 0.0136064 0.0743022 -0.0087522
v 0.00874986 0.074294 -0.00790145
v 0.015828 0.0739712 -0.00740518
v 0.0176299 0.0735504 -0.02186
v 0.0167289 0.0737874 -0.0209542
v 0.015828 0.0740203 -0.0200483
v 0.0149208 0.074053 -0.0200483
v 0.0113046 0.0742859 -0.019489
v 0.0131127 0.0742573 -0.0193078
v 0.0049794 0.0745433 -0.0191424
v 0.00407844 0.07467 -0.0182444
v 0.00407844 0.0748783 -0.0155267
v 0.00407844 0.0749437 -0.0146287
v 0.0136002 0.0733992 -0.0042385
v 0.0122118 0.0734237 -0.0041676
v 0.00678749 0.0731663 -0.0028836
v 0.00588036 0.0728884 -0.00197771
v 0.00588036 0.0718996 0.000732089
v 0.0131127 0.0717321 0.000574543
v 0.0104037 0.0715605 0.00111808
v 0.015828 0.0714624 0.000929022
v 0.0049794 0.0724758 -0.00067795
v 0.0049794 0.0723001 -0.000173802
v 0.0049794 0.0737792 -0.00469538
v 0.00678749 0.0739059 -0.00559339
v 0.00768846 0.0700446 0.00434778
v 0.0140199 0.0699179 0.00415872
v 0.015828 0.0698852 0.0040957
v 0.0140199 0.0711764 0.00163798
v 0.0104037 0.0713031 0.00163798
v 0.015828 0.0696482 0.00454471
v 0.015828 0.0688882 0.00571843
v 0.015828 0.0678218 0.00728601
v 0.015828 0.0692028 0.00524579
v 0.0153651 0.0670699 0.00841247
v 0.015828 0.0666858 0.00886148
v 0.0167289 0.0662119 0.00936563
v 0.015828 0.0658359 0.00985402
v 0.015828 0.0645243 0.0113113
v 0.015828 0.0641198 0.0117603
v 0.015828 0.0636663 0.0122408
v 0.015828 0.0631882 0.0126977
v 0.0167289 0.062706 0.0130601
v 0.018537 0.0626161 0.0129892
v 0.0198761 0.0625508 0.012934
v 0.0212461 0.0624854 0.012871
v 0.0239613 0.0618929 0.0131467
v 0.0230542 0.0614148 0.0136351
v 0.0230542 0.0609613 0.0140211
v 0.0176299 0.0606957 0.0146986
v 0.0212461 0.0605118 0.0145489
v 0.0163772 0.060757 0.0147458
v 0.015828 0.0602953 0.0151633
v 0.0140199 0.0598295 0.015636
v 0.0149208 0.0593514 0.0159196
v 0.015828 0.0593269 0.0158959
v 0.015828 0.0586323 0.0163528
v 0.0167289 0.0569897 0.0173611
v 0.018537 0.0564421 0.0175895
v 0.018537 0.0568916 0.0172981
v 0.019438 0.0568426 0.0172666
v 0.019438 0.0579867 0.0165182
v 0.0230542 0.0577701 0.0163764
v 0.0203451 0.05634 0.0175265
v 0.0218632 0.056246 0.0174635
v 0.0212461 0.0557761 0.0177944
v 0.0239613 0.0556454 0.0176368
v 0.019438 0.0551673 0.0182749
v 0.0203451 0.0546565 0.0184797
v 0.0203451 0.0557761 0.0178652
v 0.0243377 0.0507952 0.0201575
v 0.0203451 0.0521641 0.0197794
v 0.0212461 0.0528219 0.0193698
v 0.0212461 0.0510527 0.0202915
v 0.0212461 0.0503539 0.0206538
v 0.0212461 0.0497206 0.0209768
v 0.0221532 0.0496348 0.0209374
v 0.0212461 0.0485479 0.0215282
v 0.0212461 0.0440778 0.0235921
v 0.0149208 0.0432238 0.0245295
v 0.0149208 0.0384758 0.0266327
v 0.0149208 0.0377036 0.0269714
v 0.0149208 0.0369763 0.0272786
v 0.0149208 0.0365227 0.0274677
v 0.0212461 0.0492711 0.0211895
v 0.0230542 0.0349904 0.0270581
v 0.0239613 0.035779 0.0266169
v 0.0145876 0.0345737 0.0283106
v 0.0140569 0.0332212 0.0289092
v 0.018537 0.0332212 0.0283972
v 0.019438 0.0340874 0.0279403
v 0.019438 0.0332212 0.0282791
v 0.0204562 0.0332212 0.0281294
v 0.0230542 0.0343122 0.0273101
v 0.0222026 0.0332212 0.0278537
v 0.0140199 0.0476449 -0.0491864
v 0.0109097 0.0471995 -0.0494228
v 0.0121562 0.0332212 -0.0502263
v 0.00768846 0.0332212 -0.050368
v 0.00588036 0.0332212 -0.0504232
v 0.00407844 0.0340874 -0.0505571
v 0.00768846 0.0340874 -0.0504468
v 0.00407844 0.0368006 -0.0507383
v 0.00317131 0.0377036 -0.0507934
v 0.0049794 0.0458389 -0.0498796
v 0.00407844 0.0467419 -0.04973
v 0.00491152 0.0439429 -0.0502499
v 0.00317131 0.0386066 -0.0507777
v 0.00317131 0.0395096 -0.0507225
v 0.00317131 0.0422227 -0.0505492
v 0.00317131 0.0431257 -0.0504311
v 0.00407844 0.0436161 -0.0503365
v 0.0149208 0.0485479 -0.0488635
v 0.0104037 0.0485479 -0.0490131
v 0.00859559 0.0500557 -0.048572
v 0.00678749 0.0494509 -0.048832
v 0.0049794 0.0479636 -0.0493834
v 0.00407844 0.0485479 -0.049218
v 0.00407844 0.0507258 -0.0484932
v 0.00407844 0.051261 -0.0483121
v 0.0131127 0.0519884 -0.0477449
v 0.00407844 0.0521641 -0.0479576
v 0.0049794 0.052732 -0.047674
v 0.00407844 0.0545952 -0.0467996
v 0.00407844 0.0550488 -0.0465791
v 0.00407844 0.0532142 -0.0474692
v 0.00317131 0.0557761 -0.0462325
v 0.00317131 0.0563849 -0.0459095
v 0.00407844 0.0563808 -0.0459016
v 0.00407844 0.0568303 -0.0456101
v 0.00407844 0.0575209 -0.0451611
v 0.0122118 0.0664162 -0.0370475
v 0.0049794 0.0673396 -0.0362519
v 0.00859559 0.0680342 -0.0350467
v 0.00678749 0.0691415 -0.0335342
v 0.0149208 0.0686757 -0.0337627
v 0.00678749 0.0665306 -0.0371735
v 0.00407844 0.0670372 -0.0367245
v 0.0049794 0.0696278 -0.0328962
v 0.00859559 0.0695583 -0.0327859
v 0.00407844 0.0626121 -0.0413406
v 0.0049794 0.0635641 -0.040482
v 0.00407844 0.064463 -0.0395919
v 0.00407844 0.0661792 -0.0376856
v 0.00407844 0.0665959 -0.0372208
v 0.00407844 0.0635804 -0.0404978
v 0.00317131 0.0635886 -0.0405056
v 0.00317131 0.0640381 -0.0400488
v 0.00317131 0.0644671 -0.0395998
v 0.00317131 0.0606589 -0.0430264
v 0.00317131 0.0621013 -0.0417896
v 0.00136322 0.0568262 -0.0456101
v 0.00227035 0.059568 -0.043822
v 0.00136322 0.0601972 -0.0433651
v 0.0131127 0.0706656 -0.0303991
v 0.00949655 0.0716422 -0.0287369
v 0.0049794 0.0720263 -0.0281855
v 0.0104037 0.0718424 -0.0281855
v 0.0104037 0.0700446 -0.0318012
v 0.0049794 0.0698934 -0.0324472
v 0.00678749 0.0701712 -0.0318012
v 0.0104037 0.0721938 -0.0272796
v 0.0122118 0.0721325 -0.0272796
v 0.0140199 0.0720671 -0.0272796
v 0.0149208 0.0720345 -0.0272796
v 0.0167289 0.0724635 -0.0258381
v 0.015828 0.0729497 -0.0245698
v 0.00906458 0.0733992 -0.0241208
v 0.00966933 0.0733869 -0.0240657
v 0.00859559 0.0735218 -0.023664
v 0.00317131 0.0749641 -0.0137228
v 0.00407844 0.0748497 -0.011911
v 0.00407844 0.0747435 -0.010115
v 0.00317131 0.07467 -0.00920908
v 0.00317131 0.0745229 -0.00831107
v 0.00317131 0.0742818 -0.00705857
v 0.00407844 0.0743676 -0.00753121
v 0.0049794 0.0742654 -0.00714522
v 0.00768846 0.0743104 -0.0078148
v 0.0104037 0.0743553 -0.00849224
v 0.0049794 0.0739631 -0.00559339
v 0.00768846 0.0737465 -0.0227581
v 0.0100458 0.0743063 -0.0196071
v 0.00678749 0.073959 -0.02186
v 0.00407844 0.0744084 -0.0200483
v 0.00407844 0.0745678 -0.0191424
v 0.00317131 0.0746781 -0.0182444
v 0.00317131 0.0749519 -0.0146287
v 0.00317131 0.074817 -0.0164326
v 0.00768846 0.0734973 -0.00394703
v 0.00588036 0.0733747 -0.00341138
v 0.0049794 0.072917 -0.00197771
v 0.0049794 0.072631 -0.00113483
v 0.00407844 0.0719568 0.000732089
v 0.0049794 0.0716545 0.00130713
v 0.00949655 0.0717934 0.00070058
v 0.00412164 0.0732766 -0.00296237
v 0.00407844 0.0726433 -0.00109545
v 0.00407844 0.0723246 -0.000173802
v 0.00407844 0.0738037 -0.00469538
v 0.0049794 0.0735422 -0.003821
v 0.0049794 0.0701385 0.00434778
v 0.00891031 0.069779 0.00478891
v 0.0122118 0.0697177 0.00467075
v 0.0049794 0.0707514 0.00311891
v 0.00768846 0.068737 0.00639588
v 0.0122118 0.0686512 0.00626984
v 0.0140199 0.068165 0.00688427
v 0.0149208 0.0692396 0.00524579
v 0.0122118 0.067499 0.00796346
v 0.0140199 0.0674295 0.00796346
v 0.0147604 0.0670822 0.00842822
v 0.00859559 0.0668452 0.00904266
v 0.0104037 0.0668084 0.00899539
v 0.0131127 0.0667512 0.00892449
v 0.0140199 0.0662813 0.0094444
v 0.015828 0.0662405 0.00939713
v 0.0149208 0.0641402 0.011784
v 0.0149208 0.0636867 0.0122645
v 0.0122118 0.0632781 0.0127765
v 0.015828 0.0627387 0.0130916
v 0.0167289 0.0621748 0.013517
v 0.015828 0.0607693 0.0147616
v 0.0140199 0.0602953 0.0152421
v 0.0122118 0.060328 0.0152894
v 0.0049794 0.0604996 0.015439
v 0.0135632 0.0598417 0.0156438
v 0.00949655 0.0599398 0.0157226
v 0.00407844 0.0594168 0.016274
v 0.00500409 0.0593065 0.0163134
v 0.0122118 0.0576148 0.017172
v 0.0113046 0.0566791 0.0178259
v 0.0131251 0.0575004 0.0172114
v 0.0134336 0.0571204 0.0174477
v 0.015828 0.0575821 0.0170303
v 0.0167289 0.0565361 0.0176526
v 0.018537 0.0557761 0.0179913
v 0.019438 0.0563931 0.017558
v 0.0164944 0.0553512 0.0183694
v 0.015828 0.051261 0.0205672
v 0.0189258 0.0498963 0.0210634
v 0.0149208 0.0440288 0.0241592
v 0.0140199 0.0433055 0.024561
v 0.0140199 0.0385576 0.0266721
v 0.0145691 0.0408907 0.0255929
v 0.0140199 0.0377036 0.0270502
v 0.0140199 0.0370784 0.027318
v 0.0140199 0.0346268 0.0283342
v 0.0140199 0.0366249 0.0275071
v 0.00776251 0.0332212 0.0294055
v 0.00859559 0.0473221 -0.0494622
v 0.00407844 0.0332212 -0.0504704
v 0.00317131 0.0340874 -0.050565
v 0.00317131 0.0368006 -0.0507462
v -0.00495585 0.0377036 -0.0507304
v -0.00314775 0.0386066 -0.0507304
v -0.00224679 0.0368006 -0.0507068
v 0.00317131 0.0467419 -0.0497379
v 0.00407844 0.0475509 -0.049533
v 0.00768846 0.047367 -0.0494779
v 0.00227035 0.0413197 -0.0506044
v -0.000438702 0.0422227 -0.0505256
v 0.00227035 0.0431257 -0.0504311
v 0.00317131 0.0436365 -0.0503365
v 0.00678749 0.0485479 -0.0491313
v 0.00407844 0.0480045 -0.0493913
v 0.00317131 0.0485479 -0.0492258
v 0.00317131 0.0480167 -0.0493991
v 0.00317131 0.051261 -0.0483199
v 0.00317131 0.0521641 -0.0479655
v 0.00317131 0.0527688 -0.0476898
v 0.00407844 0.0527606 -0.0476819
v -0.0076649 0.054963 -0.0465397
v 0.00136322 0.0557761 -0.0462167
v -0.0076649 0.0563114 -0.0458622
v -0.00405489 0.0563359 -0.045878
v 0.00136322 0.0563727 -0.0459016
v 0.00227035 0.0527647 -0.0476898
v 0.000462259 0.054583 -0.0467917
v 0.00407844 0.0681159 -0.0351648
v 0.00435614 0.068876 -0.0340541
v 0.0049794 0.0691742 -0.0335815
v 0.00317131 0.0670413 -0.0367324
v 0.00375138 0.0688841 -0.034062
v 0.00407844 0.06964 -0.0329198
v 0.00317131 0.0630697 -0.0409547
v 0.00407844 0.0630656 -0.0409468
v 0.00317131 0.0661833 -0.0376934
v -0.00495585 0.0635437 -0.0404663
v 0.00227035 0.064034 -0.0400488
v 0.00227035 0.0630656 -0.0409547
v 0.00136322 0.0644589 -0.0395919
v 0.00227035 0.0649166 -0.0390956
v -0.00405489 0.0601645 -0.0433415
v -0.00314775 0.0606222 -0.0429949
v -0.00224679 0.0611574 -0.0425459
v 0.00227035 0.0611819 -0.0425695
v -0.00224679 0.0568017 -0.0455944
v 0.000462259 0.0595557 -0.0438141
v 0.0049794 0.0717198 -0.0288866
v 0.0049794 0.071491 -0.0293435
v 0.00407844 0.0717321 -0.0289181
v 0.00407844 0.0720508 -0.0281855
v 0.00588036 0.0723368 -0.0273033
v 0.00407844 0.0699056 -0.0324708
v 0.00407844 0.0702611 -0.0318012
v 0.0049794 0.0702325 -0.0318012
v 0.0049794 0.0705757 -0.0311316
v 0.00949655 0.0724431 -0.0266888
v 0.0122118 0.0723981 -0.0265628
v 0.0140199 0.0723654 -0.0264525
v 0.015828 0.0724839 -0.0258932
v 0.0113046 0.0731459 -0.0245698
v 0.00859559 0.0734074 -0.0241445
v 0.00768846 0.0735545 -0.023664
v 0.00768846 0.0732603 -0.0246407
v 0.00227035 0.0749478 -0.0146287
v -0.00676394 0.0748783 -0.0146287
v -0.00314775 0.0749151 -0.0137228
v -0.0076649 0.0748293 -0.0128169
v 0.00136322 0.0748988 -0.0128169
v 0.00317131 0.0748579 -0.011911
v 0.00317131 0.0747517 -0.010115
v -0.00224679 0.0746291 -0.00920908
v 0.00227035 0.0745188 -0.00831107
v 0.00136322 0.0747394 -0.010115
v 0.00227035 0.0743676 -0.00753121
v 0.00317131 0.0739958 -0.00559339
v 0.00407844 0.0739876 -0.00559339
v 0.00678749 0.0737751 -0.0227581
v 0.00588036 0.0741715 -0.0209542
v 0.00491152 0.0743717 -0.0201113
v 0.00588036 0.0739876 -0.02186
v 0.00317131 0.0744166 -0.0200483
v 0.00455978 0.0743022 -0.0205051
v 0.0049794 0.074008 -0.02186
v 0.00407844 0.0742123 -0.0209778
v 0.00317131 0.074576 -0.0191424
v 0.000462259 0.0746577 -0.0182444
v 0.00227035 0.0745719 -0.0191424
v 0.00445487 0.0733951 -0.00334048
v 0.00317131 0.071965 0.000732089
v 0.00407844 0.0716667 0.00133864
v 0.00407844 0.0710702 0.00253599
v 0.00385012 0.0734033 -0.00331685
v 0.00317131 0.0726474 -0.00107969
v 0.00317131 0.0724921 -0.000630686
v 0.00317131 0.0723327 -0.000173802
v 0.00317131 0.0738119 -0.00469538
v 0.00317131 0.0735626 -0.00378949
v 0.00412164 0.0735259 -0.00370284
v 0.00407844 0.0701671 0.00434778
v 0.0049794 0.0698484 0.00489919
v 0.00678749 0.0698157 0.00485192
v 0.00588036 0.0690762 0.00599413
v 0.00678749 0.0679934 0.00753809
v 0.00949655 0.0682508 0.00701031
v 0.00588036 0.0695297 0.00532456
v 0.00678749 0.0676869 0.00798709
v 0.00949655 0.0671843 0.00856214
v 0.0049794 0.0669228 0.00912931
v 0.0113046 0.0663385 0.00950742
v 0.00678749 0.0651699 0.0110199
v 0.0122118 0.0650555 0.0108938
v 0.0122118 0.0641974 0.011847
v 0.0113046 0.0637643 0.0123432
v 0.0052139 0.0634456 0.0129262
v 0.00678749 0.0643118 0.011973
v 0.00588036 0.0643282 0.0119966
v 0.00859559 0.0629144 0.0132413
v 0.0140199 0.0617989 0.013966
v 0.0149208 0.0612432 0.0143992
v 0.00407844 0.0615047 0.0146198
v 0.00407844 0.06052 0.0154548
v 0.0049794 0.0600501 0.0158014
v 0.00768846 0.0599847 0.0157541
v 0.00494238 0.0630901 0.0132413
v 0.00317131 0.059429 0.016274
v 0.00317131 0.0589755 0.0165734
v 0.00317131 0.0566791 0.0180622
v 0.00407844 0.0562092 0.0183458
v 0.00768846 0.0561316 0.0182985
v 0.00949655 0.0560907 0.0182749
v 0.0104037 0.0566791 0.0178574
v 0.00407844 0.0600665 0.0158171
v 0.00317131 0.0600746 0.015825
v 0.0122118 0.0566791 0.0177865
v 0.0104037 0.0560621 0.0182591
v 0.0113046 0.0560294 0.0182434
v 0.0131251 0.0567608 0.0176919
v 0.0140199 0.0566464 0.0177235
v 0.015828 0.056577 0.0176762
v 0.015828 0.0558374 0.0181252
v 0.0167659 0.0556985 0.0181488
v 0.0149208 0.0554247 0.0184088
v 0.0149208 0.054869 0.0187081
v 0.0149208 0.05368 0.0193462
v 0.0149208 0.051923 0.0202757
v 0.0140199 0.0506645 0.0209925
v 0.0149208 0.0506154 0.020961
v 0.0149208 0.0501619 0.0211973
v 0.015828 0.0501047 0.0211658
v 0.0149208 0.0494509 0.0215518
v 0.0149208 0.0458389 0.0232927
v 0.0140199 0.0440288 0.0242222
v 0.0104037 0.043518 0.0246555
v 0.00768846 0.0394483 0.0266721
v 0.00768846 0.0386066 0.0270581
v 0.00859559 0.0379487 0.0273023
v 0.0104037 0.0373603 0.0274441
v 0.0117921 0.0372541 0.0273968
v 0.00751567 0.033687 0.0292243
v 0.00678749 0.0332212 0.0294607
v 0.00317131 0.0332212 -0.0504783
v 0.00313429 0.0332212 -0.0504783
v 0.000419062 0.0332212 -0.0504626
v -0.00676394 0.0332212 -0.0504074
v -0.00495585 0.0340874 -0.050502
v -0.0076649 0.0358935 -0.0506044
v 0.00136322 0.0349904 -0.0506122
v -0.000438702 0.0358935 -0.0506595
v -0.00676394 0.0377036 -0.0507146
v -0.00405489 0.0386066 -0.0507225
v -0.00585681 0.0413197 -0.0505413
v -0.00405489 0.0368006 -0.050691
v -0.00405489 0.0467419 -0.0496827
v -0.0076649 0.0474243 -0.0494937
v -0.00405489 0.0474733 -0.0495094
v -0.00224679 0.0474937 -0.0495173
v 0.00227035 0.047555 -0.049533
v 0.00317131 0.0475632 -0.049533
v 0.00227035 0.0440696 -0.0502499
v -0.0076649 0.0422227 -0.0504704
v -0.0076649 0.0429623 -0.0503838
v -0.00585681 0.0429991 -0.0503917
v -0.00585681 0.0434526 -0.050305
v -0.00405489 0.0501987 -0.0486193
v -0.00133966 0.051261 -0.0482884
v 0.00227035 0.0507258 -0.0484932
v -0.00314775 0.047935 -0.0493755
v -0.00133966 0.0521641 -0.047934
v -0.00857203 0.0549466 -0.0465318
v -0.00857203 0.0557761 -0.0461222
v -0.0076649 0.0557761 -0.0461379
v -0.00676394 0.0557761 -0.0461458
v -0.00495585 0.0539701 -0.0470438
v -0.00676394 0.0539701 -0.0470281
v -0.0076649 0.0539701 -0.0470202
v -0.00857203 0.0539701 -0.0470044
v -0.00857203 0.0562991 -0.0458543
v -0.0076649 0.0594985 -0.0437747
v -0.00676394 0.0574596 -0.0451218
v 0.000462259 0.0527484 -0.0476819
v 0.00405993 0.0691293 -0.0336918
v -0.000438702 0.0665714 -0.0372208
v -0.00585681 0.0665428 -0.0371893
v -0.00495585 0.0670005 -0.0366773
v -0.00585681 0.0673151 -0.0362204
v 0.00227035 0.0678054 -0.0356217
v 0.00317131 0.06812 -0.0351727
v 0.00317131 0.0691987 -0.0336051
v 0.00317131 0.0696441 -0.0329277
v -0.0076649 0.0635273 -0.0404505
v -0.0076649 0.0639809 -0.0399936
v -0.00676394 0.0630125 -0.0409074
v -0.00133966 0.0644467 -0.0395761
v -0.00676394 0.0615824 -0.0421362
v -0.00676394 0.0652762 -0.0385915
v -0.0076649 0.06014 -0.0433257
v -0.0076649 0.0605936 -0.0429712
v -0.00133966 0.0595434 -0.0438062
v 0.00407844 0.0708209 -0.0307063
v 0.00317131 0.0717362 -0.028926
v 0.00317131 0.072059 -0.0281855
v 0.00317131 0.0723654 -0.0273742
v 0.00407844 0.0723613 -0.0273584
v 0.0049794 0.0723491 -0.0273348
v 0.0049794 0.0725166 -0.0268858
v 0.00317131 0.0699097 -0.0324787
v 0.00317131 0.0702693 -0.0318012
v 0.00768846 0.0734237 -0.0241839
v 0.00678749 0.0735749 -0.023664
v 0.00678749 0.0732725 -0.0246644
v -0.0076649 0.0748702 -0.0146287
v -0.00676394 0.0748865 -0.0137228
v -0.00585681 0.0746781 -0.0173385
v -0.00585681 0.0746087 -0.0182444
v -0.00676394 0.0746005 -0.0182444
v -0.0076649 0.0748783 -0.0137228
v -0.00857203 0.0748661 -0.0137228
v -0.0076649 0.0747762 -0.011911
v 0.00136322 0.0748457 -0.011911
v -0.00585681 0.0746005 -0.00920908
v -0.00405489 0.0744697 -0.00831107
v -0.000438702 0.0744983 -0.00831107
v -0.00405489 0.0746986 -0.010115
v -0.00405489 0.0743431 -0.00765725
v 0.00136322 0.0741592 -0.00649928
v 0.000462259 0.0739753 -0.00559339
v 0.00588036 0.0737955 -0.0227581
v 0.00516453 0.074294 -0.0204579
v 0.00136322 0.0743104 -0.0205367
v 0.00136322 0.0744084 -0.0200483
v 0.00317131 0.0742164 -0.0209935
v 0.00136322 0.0740366 -0.02186
v 0.00407844 0.0738282 -0.0227581
v 0.00317131 0.0738364 -0.0227581
v -0.000438702 0.0745515 -0.0191424
v -0.00676394 0.0745024 -0.0191424
v -0.00133966 0.0743921 -0.0200325
v -0.00224679 0.074388 -0.0200168
v -0.00314775 0.0743839 -0.020001
v 0.000462259 0.0719446 0.000732089
v 0.00317131 0.0716708 0.00134652
v 0.00227035 0.0723287 -0.000173802
v 0.00317131 0.0710783 0.00253599
v 0.00317131 0.0734074 -0.00331685
v 0.00227035 0.0729456 -0.00197771
v -0.00405489 0.0726188 -0.00116634
v -0.00224679 0.0724717 -0.000693705
v 0.00227035 0.0734033 -0.00332473
v 0.000462259 0.0737915 -0.00469538
v -0.00405489 0.0735299 -0.00385251
v 0.00227035 0.0735586 -0.00378949
v 0.00317131 0.0701753 0.00434778
v 0.00317131 0.0698648 0.0049307
v 0.00407844 0.0698607 0.00492282
v 0.00407844 0.0695624 0.00537183
v 0.00407844 0.0691089 0.0060414
v 0.0049794 0.0683856 0.00705757
v 0.00407844 0.0680424 0.00760898
v 0.00407844 0.0677359 0.00805799
v 0.00859559 0.0672007 0.00858577
v 0.00407844 0.0669392 0.00915294
v 0.00588036 0.0664488 0.00963345
v 0.0049794 0.0660648 0.0101061
v 0.00446721 0.0643568 0.0120282
v 0.00412781 0.0640095 0.0123984
v 0.00949655 0.0638011 0.0123826
v 0.00461532 0.063462 0.012934
v 0.00317131 0.0610594 0.0150058
v 0.00407844 0.0630043 0.0133437
v 0.00317131 0.0630043 0.0133515
v 0.00317131 0.0605241 0.0154548
v 0.00227035 0.0594249 0.016274
v 0.00227035 0.0589755 0.0165734
v 0.00227035 0.0578314 0.0173217
v 0.00227035 0.0573819 0.0176132
v 0.00136322 0.0562337 0.0183615
v 0.00317131 0.0562215 0.0183536
v 0.00407844 0.0557598 0.0185978
v 0.0049794 0.0557393 0.01859
v 0.00949655 0.0556372 0.0185348
v 0.0104037 0.0556127 0.0185191
v 0.00227035 0.06052 0.0154548
v 0.000462259 0.0605118 0.0154469
v -0.000438702 0.0600542 0.0158093
v 0.0140199 0.055915 0.0181725
v 0.0131127 0.0554983 0.018456
v 0.0140199 0.0554615 0.0184324
v 0.0122118 0.0537985 0.0194092
v 0.0122118 0.050738 0.0210319
v 0.0140199 0.0502109 0.0212289
v 0.0140199 0.0494509 0.021607
v 0.0140199 0.0488544 0.0218984
v 0.0140199 0.0484008 0.022119
v 0.0140199 0.0470116 0.0227886
v 0.00768846 0.0436733 0.0247264
v 0.00916332 0.0435915 0.024687
v 0.00746013 0.0418019 0.0256008
v 0.00678749 0.0380591 0.0273495
v 0.00768846 0.0380141 0.0273259
v 0.00768846 0.0375606 0.0275307
v 0.00768846 0.0368006 0.0278616
v 0.00678749 0.0349904 0.0286966
v 0.000511626 0.0332212 0.0296655
v -0.0077081 0.0332212 -0.0503996
v -0.00676394 0.0340874 -0.0504862
v -0.00676394 0.0349904 -0.0505492
v -0.00857203 0.0358935 -0.0505886
v -0.00857203 0.0368006 -0.0506516
v -0.0076649 0.0340874 -0.0504783
v -0.0076649 0.0377036 -0.0507068
v -0.00676394 0.0386066 -0.0506989
v -0.00676394 0.0413197 -0.0505335
v -0.00676394 0.0467419 -0.0496591
v -0.00224679 0.0458389 -0.0498718
v -0.0076649 0.0440288 -0.050179
v -0.0076649 0.0467419 -0.0496512
v -0.00857203 0.0474038 -0.0494858
v -0.0076649 0.0478778 -0.0493519
v -0.00676394 0.0478901 -0.0493597
v -0.0076649 0.0413197 -0.0505256
v -0.00857203 0.0422227 -0.0504547
v -0.00857203 0.0429296 -0.0503759
v -0.0076649 0.0434158 -0.0502971
v -0.0076649 0.0501537 -0.0486035
v -0.00585681 0.0506277 -0.0484617
v -0.00224679 0.051261 -0.0482806
v -0.00224679 0.0521641 -0.0479261
v -0.00676394 0.052683 -0.0476504
v -0.00947299 0.0549099 -0.0465082
v -0.00947299 0.0557761 -0.0460828
v -0.00922615 0.052638 -0.0476267
v -0.00947299 0.0562705 -0.0458307
v -0.0076649 0.0526748 -0.0476425
v -0.00857203 0.0526585 -0.0476346
v -0.00947299 0.05672 -0.0455393
v -0.00947299 0.0574105 -0.0450902
v -0.00947299 0.0594576 -0.0437511
v -0.00857203 0.0594862 -0.0437669
v -0.00857203 0.0601318 -0.0433178
v -0.00585681 0.0590572 -0.0440819
v -0.00676394 0.0665387 -0.0371814
v -0.0076649 0.066126 -0.0376304
v -0.00585681 0.0669964 -0.0366694
v -0.00676394 0.067311 -0.0362125
v -0.00585681 0.0677686 -0.0355666
v 0.00136322 0.068876 -0.0340541
v -0.000438702 0.0691783 -0.0335894
v -0.000438702 0.0696278 -0.032904
v -0.00314775 0.0698852 -0.0324314
v -0.00405489 0.069162 -0.0335657
v -0.00857203 0.0635192 -0.0404426
v -0.00740572 0.0625548 -0.0412934
v -0.00857203 0.0639686 -0.0399779
v -0.00857203 0.0644017 -0.0395289
v -0.0076649 0.064414 -0.0395367
v -0.00676394 0.0644181 -0.0395446
v -0.0076649 0.0656807 -0.0381267
v -0.00857203 0.0605813 -0.0429634
v -0.00857203 0.0620931 -0.0416715
v 0.00317131 0.070825 -0.0307141
v 0.000462259 0.0711723 -0.0299894
v -0.00676394 0.0714665 -0.0292962
v -0.00224679 0.0717157 -0.0288787
v -0.00405489 0.0717076 -0.028863
v -0.00676394 0.0716953 -0.0288393
v -0.0076649 0.0716912 -0.0288315
v -0.00314775 0.0720059 -0.0281855
v 0.00136322 0.0723573 -0.0273663
v 0.00227035 0.0723613 -0.0273742
v 0.00407844 0.0725248 -0.0269094
v -0.000438702 0.0733052 -0.0247668
v 0.00136322 0.0733052 -0.0247589
v 0.00317131 0.0734646 -0.024302
v 0.0049794 0.0734523 -0.0242626
v -0.00133966 0.0702325 -0.0318012
v 0.00678749 0.0734319 -0.0242154
v 0.00407844 0.0736239 -0.023664
v -0.00857203 0.0748579 -0.0146287
v -0.0076649 0.0745923 -0.0182444
v -0.00947299 0.0748334 -0.0137228
v -0.00947299 0.0747844 -0.0128169
v -0.00857203 0.0747598 -0.011911
v -0.0076649 0.07467 -0.010115
v -0.00676394 0.0745923 -0.00920908
v -0.0076649 0.0744411 -0.00831107
v -0.00495585 0.074339 -0.007673
v -0.00676394 0.0739181 -0.00559339
v -0.00224679 0.0742001 -0.0209542
v -0.000438702 0.0738446 -0.0227581
v -0.00133966 0.0738405 -0.0227581
v -0.00133966 0.0740244 -0.02186
v 0.00227035 0.0738405 -0.0227581
v 0.000462259 0.0738446 -0.0227581
v 0.00317131 0.0736321 -0.023664
v -0.00585681 0.0743717 -0.0199459
v -0.00676394 0.0743676 -0.0199222
v -0.0076649 0.0744943 -0.0191424
v -0.00314775 0.074294 -0.02045
v -0.00405489 0.0742899 -0.0204343
v -0.00495585 0.0742859 -0.0204185
v -0.00585681 0.0718914 0.000732089
v -0.00224679 0.0716504 0.00129926
v -0.00676394 0.0722551 -0.000173802
v -0.000438702 0.0707555 0.00312679
v -0.00676394 0.0726065 -0.00119785
v -0.0076649 0.0733624 -0.00344289
v -0.00676394 0.0728721 -0.00197771
v -0.00676394 0.0737343 -0.00469538
v -0.00676394 0.0735177 -0.00388402
v -0.00314775 0.0701222 0.00434778
v -0.00495585 0.0698321 0.00487556
v 0.00136322 0.0695583 0.00537183
v 0.00317131 0.0695665 0.0053797
v 0.00317131 0.0680465 0.00761686
v 0.00317131 0.06774 0.00806587
v 0.00407844 0.0672824 0.00870393
v 0.00317131 0.0669433 0.00916081
v 0.00407844 0.0664856 0.00967284
v 0.00386246 0.0643691 0.012036
v 0.00317131 0.0639278 0.0124929
v 0.00317131 0.0634742 0.0129498
v 0.00407844 0.0634701 0.0129419
v 0.00227035 0.0615047 0.0146198
v 0.00136322 0.063466 0.0129419
v 0.00136322 0.0630043 0.0133358
v -0.0076649 0.0593882 0.0162031
v -0.00585681 0.0600215 0.0157856
v -0.000438702 0.0562337 0.0183615
v 0.000462259 0.0562378 0.0183615
v 0.00136322 0.0566832 0.0180701
v 0.000462259 0.0557761 0.0186215
v 0.000462259 0.0549753 0.0190705
v 0.00317131 0.055772 0.0186057
v 0.00227035 0.0549589 0.0190626
v 0.00407844 0.0549344 0.0190468
v 0.00588036 0.0548935 0.0190311
v 0.00768846 0.054869 0.0189996
v 0.00859559 0.054869 0.0189759
v 0.00949655 0.054869 0.0189523
v 0.0104037 0.053872 0.0194486
v -0.00676394 0.0609981 0.0149585
v -0.00405489 0.0604832 0.0154233
v 0.00136322 0.0620318 0.0141629
v -0.00495585 0.0619951 0.0141314
v -0.00405489 0.061468 0.0145883
v 0.00949655 0.0512978 0.0208507
v 0.00768846 0.0509137 0.0211265
v 0.0122118 0.0502845 0.0212682
v 0.00859559 0.0495449 0.021796
v 0.0122118 0.0494509 0.0216857
v 0.0131127 0.0488952 0.0219221
v 0.00678749 0.043706 0.0247421
v 0.00678749 0.0431257 0.0250178
v 0.00768846 0.0449318 0.024112
v 0.00678749 0.0441595 0.0245216
v 0.00678749 0.0399427 0.026483
v 0.000159882 0.0363593 0.0283027
v 0.00588036 0.03763 0.0275701
v 0.00678749 0.0376055 0.0275543
v 0.00678749 0.0368006 0.0279088
v 0.00588036 0.0368006 0.0279403
v 0.000462259 0.0344143 0.0291456
v -0.000438702 0.0332212 0.0296812
v -0.00856586 0.0332212 -0.0503838
v -0.00857203 0.0340874 -0.0504626
v -0.00947299 0.0358935 -0.0505571
v -0.00947299 0.0368006 -0.0506201
v -0.00857203 0.0377036 -0.050691
v -0.0076649 0.0386066 -0.050691
v -0.00857203 0.0449318 -0.0499899
v -0.00857203 0.0467419 -0.0496355
v -0.00947299 0.0473507 -0.04947
v -0.00857203 0.0478533 -0.049344
v -0.00857203 0.0485479 -0.0491234
v -0.00857203 0.0413197 -0.0505098
v -0.00947299 0.0422227 -0.0504232
v -0.00947299 0.0428479 -0.0503602
v -0.00857203 0.0501333 -0.0485956
v -0.0076649 0.0506032 -0.0484539
v -0.0076649 0.051261 -0.0482333
v -0.00676394 0.051261 -0.0482412
v -0.00405489 0.051261 -0.0482648
v -0.00405489 0.0521641 -0.0479103
v -0.00676394 0.0521641 -0.0478867
v -0.0076649 0.0521641 -0.0478788
v -0.0112811 0.054869 -0.0464373
v -0.0103986 0.0558578 -0.0459961
v -0.0103431 0.0540477 -0.0468863
v -0.0101148 0.0562419 -0.045815
v -0.0167054 0.0517841 -0.0476504
v -0.0185135 0.0521641 -0.0473747
v -0.0190503 0.0553307 -0.045815
v -0.00857203 0.0521641 -0.0478631
v -0.00951002 0.0522458 -0.0477922
v -0.0112811 0.0520742 -0.0477843
v -0.0103986 0.0565974 -0.0455708
v -0.0139963 0.0566791 -0.0453187
v -0.0194144 0.0592738 -0.0433178
v -0.0163845 0.0598499 -0.0431052
v -0.0158044 0.0598744 -0.0431209
v -0.0121882 0.0600052 -0.0432233
v -0.00947299 0.0601073 -0.0432942
v -0.0076649 0.0665347 -0.0371735
v -0.00818943 0.065268 -0.0385757
v -0.00852266 0.0655867 -0.0382133
v -0.0076649 0.0669841 -0.0366536
v -0.0076649 0.0673069 -0.0362046
v -0.00676394 0.0677645 -0.0355587
v -0.0076649 0.068071 -0.0351018
v -0.0076649 0.0695951 -0.0328489
v -0.00405489 0.0698811 -0.0324235
v -0.00676394 0.0701835 -0.0318012
v -0.00405489 0.070208 -0.0318012
v -0.00224679 0.0702243 -0.0318012
v -0.0076649 0.0684755 -0.034511
v -0.0076649 0.068831 -0.0339911
v -0.0076649 0.0691415 -0.0335342
v -0.00947299 0.0630043 -0.0408444
v -0.00947299 0.0634946 -0.040419
v -0.00947299 0.0639482 -0.0399542
v -0.00947299 0.0643813 -0.0395052
v -0.00947299 0.0652394 -0.0385521
v -0.00947299 0.0605568 -0.0429397
v -0.00947299 0.061088 -0.0424907
v -0.0076649 0.0714624 -0.0292884
v -0.00857203 0.0716831 -0.0288157
v -0.00857203 0.0719527 -0.0281855
v -0.0076649 0.071965 -0.0281855
v -0.00676394 0.0719732 -0.0281855
v -0.00405489 0.0719977 -0.0281855
v -0.0076649 0.0723041 -0.0272796
v -0.00133966 0.0734687 -0.0243099
v 0.00407844 0.0734605 -0.0242863
v -0.000438702 0.0734687 -0.0243099
v -0.000438702 0.0736444 -0.023664
v 0.00227035 0.0736362 -0.023664
v -0.00947299 0.0748252 -0.0146287
v -0.00857203 0.0745801 -0.0182444
v -0.0103801 0.0747925 -0.0137228
v -0.0139963 0.074625 -0.0137228
v -0.0121882 0.0746577 -0.0128169
v -0.0186677 0.0742899 -0.0116983
v -0.0130892 0.0744575 -0.010115
v -0.00947299 0.0747312 -0.011911
v -0.00857203 0.0746536 -0.010115
v -0.00857203 0.0745719 -0.00920908
v -0.0076649 0.0745841 -0.00920908
v -0.00857203 0.0744248 -0.00831107
v -0.00857203 0.0742327 -0.00731065
v -0.00857203 0.0738977 -0.00559339
v -0.0076649 0.0739099 -0.00559339
v -0.00133966 0.0736444 -0.023664
v -0.00224679 0.0736403 -0.023664
v -0.00224679 0.0738323 -0.0227581
v -0.00224679 0.0740162 -0.02186
v -0.00676394 0.0742777 -0.0203791
v -0.0076649 0.0743635 -0.0198986
v -0.00857203 0.0743594 -0.0198592
v -0.00857203 0.0744779 -0.0191424
v -0.00676394 0.0718833 0.000732089
v -0.0076649 0.0716259 0.00125199
v -0.00676394 0.0716299 0.00125987
v -0.00405489 0.0716422 0.0012835
v -0.0076649 0.0724471 -0.000756723
v -0.0076649 0.0722469 -0.000173802
v -0.00405489 0.0707392 0.00309528
v -0.0076649 0.0728639 -0.00197771
v -0.0076649 0.0735136 -0.00389977
v -0.00857203 0.0735054 -0.00391553
v -0.00857203 0.0731581 -0.0028836
v -0.00857203 0.0724431 -0.000780355
v -0.0076649 0.0737261 -0.00469538
v -0.00676394 0.0707269 0.00307165
v -0.0076649 0.0707228 0.00306377
v -0.00405489 0.070114 0.00434778
v -0.00676394 0.0698239 0.0048598
v -0.0076649 0.0695134 0.00530881
v -0.00585681 0.0690721 0.00598626
v -0.00405489 0.0687738 0.00645102
v -0.0076649 0.067691 0.00799497
v 0.000462259 0.0677278 0.00805011
v 0.00227035 0.0672824 0.00870393
v 0.00317131 0.0672865 0.00870393
v 0.000462259 0.066931 0.00914506
v -0.00224679 0.0664652 0.00964921
v 0.00227035 0.0664856 0.00967284
v 0.00317131 0.0660852 0.0101297
v 0.00317131 0.0647858 0.0115791
v 0.00317131 0.0643691 0.012036
v -0.000401676 0.0638133 0.0125717
v 0.00227035 0.064365 0.012036
v 0.00105467 0.0643609 0.0120282
v -0.00314775 0.0634415 0.0129183
v -0.00133966 0.0630002 0.0133122
v -0.00857203 0.0593882 0.0161795
v -0.00857203 0.0588815 0.0165103
v -0.0076649 0.0584443 0.0168176
v -0.0015433 0.0562215 0.0183536
v -0.0076649 0.0600092 0.0157699
v -0.00857203 0.0600011 0.015762
v -0.00676394 0.0604669 0.0154075
v -0.0076649 0.0604628 0.0153996
v -0.000438702 0.0557761 0.0186215
v 0.000462259 0.0532428 0.0200158
v 0.00136322 0.0545176 0.0193147
v -0.000438702 0.0545176 0.0193147
v -0.000438702 0.0527892 0.0202599
v 0.00227035 0.0545094 0.0193068
v 0.00317131 0.0544972 0.0192989
v 0.0049794 0.0539701 0.019551
v 0.0049794 0.0544645 0.0192832
v 0.00713307 0.0544155 0.0192595
v 0.00944101 0.0529813 0.0199606
v 0.00768846 0.0526626 0.0201891
v 0.00768846 0.0521641 0.0204569
v -0.0076649 0.060994 0.0149506
v -0.00676394 0.0624364 0.0137375
v -0.0076649 0.0619787 0.0141156
v 0.00678749 0.0521641 0.0204805
v 0.00588036 0.0514081 0.0209059
v 0.00678749 0.0509382 0.0211343
v 0.00678749 0.0503539 0.0214415
v 0.00678749 0.0496144 0.0218275
v 0.00768846 0.0503539 0.0214179
v 0.0113046 0.0494509 0.0217251
v 0.00768846 0.0495858 0.0218118
v 0.0049794 0.0437468 0.0247658
v 0.000462259 0.0424311 0.0254747
v 0.000462259 0.0382307 0.0274283
v 0.00136322 0.0382062 0.0274204
v 0.00136322 0.044278 0.0245846
v -0.000438702 0.0401102 0.0265618
v -0.000438702 0.0386883 0.0272235
v -0.000438702 0.0377036 0.0276804
v -0.000247402 0.0363593 0.0283027
v -0.000438702 0.0344266 0.0291534
v 0.000462259 0.0349904 0.0288935
v 0.00317131 0.0368006 0.0280191
v -0.00314775 0.0339322 0.0293346
v -0.00405489 0.0332212 0.029634
v -0.00937425 0.0332212 -0.0503602
v -0.00947299 0.0333152 -0.050368
v -0.00947299 0.0340874 -0.0504311
v -0.0103801 0.0349904 -0.0504547
v -0.0112811 0.0377036 -0.0505807
v -0.0103801 0.0377036 -0.0506201
v -0.00947299 0.0377036 -0.0506595
v -0.0121882 0.0368006 -0.0504941
v -0.0162919 0.0372255 -0.0503287
v -0.00857203 0.0386066 -0.0506753
v -0.00947299 0.0449318 -0.0499584
v -0.00947299 0.0467419 -0.0496039
v -0.0110528 0.0472281 -0.0494306
v -0.0113243 0.0475754 -0.0493125
v -0.00947299 0.0478002 -0.0493282
v -0.0103801 0.0485479 -0.0490447
v -0.00947299 0.0500843 -0.0485799
v -0.00947299 0.0413197 -0.0504783
v -0.0103801 0.0413197 -0.0504389
v -0.0124782 0.0416507 -0.0503208
v -0.0185135 0.0413197 -0.0500608
v -0.0108491 0.0426763 -0.0503287
v -0.00857203 0.0505828 -0.048446
v -0.00857203 0.051261 -0.0482175
v -0.0112811 0.0557353 -0.0460119
v -0.0107195 0.0562133 -0.0457992
v -0.0203215 0.0564993 -0.0450824
v -0.0185135 0.0516778 -0.0476031
v -0.0203215 0.0521641 -0.0472801
v -0.00947299 0.051261 -0.048186
v -0.0196551 0.055298 -0.0457992
v -0.0139963 0.0560458 -0.0457126
v -0.0121882 0.0561398 -0.0457598
v -0.0212225 0.059188 -0.0432627
v -0.0203215 0.0596865 -0.042987
v -0.0185135 0.0597641 -0.0430421
v -0.0203215 0.0575821 -0.0443734
v -0.0203215 0.0585424 -0.0437432
v -0.0185135 0.0602953 -0.0426089
v -0.0176063 0.0602953 -0.042664
v -0.0130892 0.060426 -0.0428295
v -0.00857203 0.0665224 -0.0371657
v -0.00857203 0.0669759 -0.0366458
v -0.00947299 0.066502 -0.037142
v -0.00857203 0.0672987 -0.0361889
v -0.0076649 0.0677605 -0.0355508
v -0.00857203 0.0680628 -0.0350861
v -0.00857203 0.0684592 -0.034511
v -0.00857203 0.0695869 -0.0328331
v -0.0076649 0.0698648 -0.032392
v -0.00676394 0.0698689 -0.0323999
v -0.00857203 0.0691334 -0.0335263
v -0.0076649 0.0701753 -0.0318012
v -0.0139963 0.0628858 -0.0406711
v -0.0112811 0.0634333 -0.0403639
v -0.0130892 0.0623914 -0.0411516
v -0.010158 0.0634742 -0.0403954
v -0.0176063 0.0636744 -0.03971
v -0.0100037 0.064365 -0.0394895
v -0.0112811 0.0664488 -0.037079
v -0.0112811 0.0647327 -0.0389932
v -0.0196119 0.0607284 -0.0421756
v -0.0158044 0.0613168 -0.0419078
v -0.00857203 0.0714542 -0.0292726
v -0.00857203 0.070539 -0.0310607
v -0.00947299 0.0716667 -0.0287842
v -0.00947299 0.07192 -0.0281855
v -0.00947299 0.0722633 -0.0272796
v -0.00857203 0.0722919 -0.0272796
v -0.00314775 0.0734605 -0.0242784
v -0.00224679 0.0734646 -0.0242941
v -0.0103801 0.0747844 -0.0146287
v -0.00947299 0.0745474 -0.0182444
v -0.00947299 0.0744493 -0.0191424
v -0.0209263 0.0743104 -0.0143057
v -0.0209263 0.0743104 -0.0139985
v -0.0194144 0.0743717 -0.0137228
v -0.0200253 0.0743104 -0.0131477
v -0.0176063 0.0744044 -0.0128169
v -0.0203215 0.0742246 -0.011911
v -0.0185135 0.0742041 -0.010115
v -0.0161068 0.074294 -0.00978412
v -0.015502 0.0743104 -0.00961082
v -0.00947299 0.074625 -0.010115
v -0.00947299 0.0745392 -0.00920908
v -0.0094915 0.0743798 -0.00823229
v -0.00920147 0.0743104 -0.0078148
v -0.00947299 0.073865 -0.00559339
v -0.00947299 0.0736811 -0.00469538
v -0.00857203 0.0737097 -0.00469538
v -0.00314775 0.073628 -0.023664
v -0.00405489 0.073816 -0.0227581
v -0.00405489 0.0739998 -0.02186
v -0.0076649 0.0741429 -0.0209542
v -0.00495585 0.0739917 -0.02186
v -0.00495585 0.0738037 -0.0227581
v -0.00585681 0.0739794 -0.02186
v -0.00947299 0.0740979 -0.0209542
v -0.00947299 0.0742491 -0.0202373
v -0.00947299 0.0743431 -0.0197883
v -0.00857203 0.0737383 -0.0227581
v -0.00947299 0.0739059 -0.02186
v -0.0076649 0.0718751 0.000732089
v -0.00857203 0.0716177 0.00123624
v -0.00857203 0.0722306 -0.000173802
v -0.00947299 0.0734891 -0.00396279
v -0.00947299 0.0731254 -0.0028836
v -0.00947299 0.0724267 -0.000827619
v -0.00947299 0.0733379 -0.00351378
v -0.00947299 0.0721979 -0.000173802
v -0.00857203 0.0707147 0.00304802
v -0.0076649 0.0700813 0.00434778
v -0.00676394 0.0700895 0.00434778
v -0.0076649 0.0698198 0.00485192
v -0.00857203 0.0698117 0.00484405
v -0.00857203 0.0690557 0.00596263
v -0.00857203 0.0679893 0.00753021
v -0.00857203 0.0676828 0.00797922
v -0.0076649 0.0672374 0.00864091
v -0.00405489 0.0672538 0.00866454
v -0.00676394 0.0668901 0.0090978
v -0.0076649 0.0664366 0.0096177
v -0.00676394 0.0660362 0.0100746
v 0.00227035 0.0647777 0.0115791
v 0.00136322 0.066077 0.0101218
v -0.000438702 0.0643527 0.0120203
v -0.00585681 0.0638706 0.0124535
v -0.00495585 0.0634293 0.0129104
v -0.00947299 0.0593882 0.0161401
v -0.00947299 0.0599766 0.0157462
v -0.00857203 0.0566791 0.0179361
v -0.0076649 0.0566791 0.0179598
v -0.00676394 0.0566791 0.0179755
v -0.00585681 0.0561643 0.0183221
v -0.00314775 0.0557475 0.0185978
v -0.00857203 0.0604505 0.0153918
v -0.00133966 0.0549589 0.0190626
v 0.000462259 0.0527933 0.0202599
v -0.000438702 0.0521641 0.0205908
v -0.00224679 0.0539701 0.0195904
v -0.00314775 0.0539701 0.0195746
v -0.00585681 0.0548854 0.0190311
v -0.00314775 0.0531856 0.0199921
v 0.00227035 0.0539701 0.0195983
v 0.00407844 0.0539701 0.0195667
v 0.00588036 0.0527034 0.0202127
v 0.00317131 0.0527524 0.0202363
v 0.00407844 0.0521641 0.0205357
v -0.00857203 0.0609817 0.0149428
v -0.0076649 0.0634129 0.0128947
v -0.00857203 0.0629512 0.0132728
v 0.00407844 0.0514367 0.0209216
v 0.0049794 0.0509709 0.0211501
v 0.00588036 0.0503539 0.0214573
v 0.00227035 0.0521641 0.0205672
v 0.00407844 0.0509832 0.021158
v 0.000462259 0.0461045 0.0236866
v 0.000462259 0.0449318 0.0242774
v 0.000462259 0.0442984 0.0245925
v 0.000462259 0.0438449 0.024813
v -0.000438702 0.0419816 0.0256874
v -0.00405489 0.0419326 0.0256638
v -0.00133966 0.0395096 0.0268296
v -0.00133966 0.0382225 0.0274283
v -0.000500411 0.0367147 0.0281373
v -0.00405489 0.0339117 0.0293267
v -0.00495585 0.0332212 0.0296182
v -0.0105591 0.0332212 -0.050305
v -0.0103801 0.0334909 -0.0503444
v -0.0167424 0.0332212 -0.0500136
v -0.0194144 0.0332212 -0.0498875
v -0.0103801 0.0340874 -0.0503917
v -0.0112502 0.0340833 -0.0503523
v -0.0158044 0.0349904 -0.0502026
v -0.0130892 0.0352193 -0.0503444
v -0.0185135 0.0377036 -0.050242
v -0.0164832 0.0383287 -0.0503365
v -0.0112811 0.0386066 -0.050565
v -0.0103801 0.0386066 -0.0506044
v -0.00947299 0.0386066 -0.0506437
v -0.0203215 0.0358935 -0.0500529
v -0.0194144 0.0368006 -0.0501554
v -0.0203215 0.0377036 -0.0501554
v -0.0139963 0.0440288 -0.049919
v -0.0130892 0.0458389 -0.0496118
v -0.0103801 0.0467419 -0.0495646
v -0.0121882 0.0431257 -0.050179
v -0.0121882 0.0471055 -0.049407
v -0.0185135 0.0476449 -0.0489422
v -0.0121882 0.0476449 -0.0492495
v -0.0121882 0.0485479 -0.048958
v -0.0117871 0.0499126 -0.0485247
v -0.00947299 0.0505337 -0.0484302
v -0.0112811 0.0404126 -0.0504547
v -0.0203215 0.0413197 -0.0499742
v -0.0167054 0.0422227 -0.0500845
v -0.0139963 0.0395096 -0.0503838
v -0.0160883 0.0389335 -0.0503208
v -0.0185135 0.0386066 -0.0502263
v -0.0203215 0.0422227 -0.0499112
v -0.0203215 0.0431257 -0.049793
v -0.0185135 0.0431257 -0.0498796
v -0.0203215 0.0557761 -0.0455077
v -0.0212225 0.0564544 -0.0450509
v -0.0209942 0.0580602 -0.0440189
v -0.0194144 0.0516124 -0.0475795
v -0.0112811 0.051261 -0.0480994
v -0.0158044 0.051261 -0.0478788
v -0.0203215 0.0503539 -0.0479576
v -0.0203215 0.051543 -0.0475558
v -0.0212225 0.0521641 -0.047225
v -0.0212225 0.0533735 -0.0466421
v -0.0203215 0.0539701 -0.0464058
v -0.0212225 0.0552082 -0.0457519
v -0.0212225 0.0547546 -0.0459725
v -0.0252892 0.0589387 -0.0430973
v -0.0212225 0.0596415 -0.0429555
v -0.0212657 0.0576679 -0.0442552
v -0.0212225 0.0602095 -0.0424986
v -0.0203215 0.0602503 -0.0425301
v -0.0193527 0.0603729 -0.0424907
v -0.00947299 0.0669555 -0.0366143
v -0.00947299 0.0672824 -0.0361652
v -0.00857203 0.0677523 -0.0355351
v -0.00947299 0.0684224 -0.034511
v -0.00947299 0.0688065 -0.0339517
v -0.00947299 0.0695665 -0.0328016
v -0.00947299 0.0698403 -0.0323526
v -0.00857203 0.0698566 -0.0323763
v -0.00947299 0.069117 -0.0334948
v -0.00857203 0.070159 -0.0318012
v -0.0158044 0.0628204 -0.0406159
v -0.0194144 0.0626897 -0.0405056
v -0.0176063 0.0632086 -0.040159
v -0.0203215 0.0635886 -0.0396155
v -0.0185135 0.0636458 -0.0396785
v -0.0139963 0.0642424 -0.0393477
v -0.0106084 0.0643486 -0.0394658
v -0.019976 0.0661751 -0.0367797
v -0.0121882 0.0647041 -0.0389617
v -0.0148973 0.0650719 -0.038363
v -0.0203215 0.0606998 -0.042152
v -0.0203215 0.0616804 -0.041317
v -0.0176063 0.0612514 -0.0418527
v -0.00947299 0.0714379 -0.0292332
v -0.00947299 0.0701263 -0.0318012
v -0.0122252 0.0714093 -0.0290126
v -0.0119537 0.0716013 -0.0286582
v -0.0125523 0.071585 -0.0286267
v -0.0191737 0.0716013 -0.0277602
v -0.0103801 0.0722183 -0.0272796
v -0.0103801 0.0724431 -0.026681
v -0.00947299 0.0724635 -0.0267361
v -0.00857203 0.0724758 -0.0267676
v -0.0076649 0.0734196 -0.024176
v -0.0158044 0.074531 -0.0146287
v -0.0103801 0.0745065 -0.0182444
v -0.0112811 0.0744657 -0.0182444
v -0.0112811 0.0745351 -0.0173385
v -0.0139963 0.0744084 -0.0173385
v -0.0137001 0.0743104 -0.0187406
v -0.0103801 0.0743226 -0.0196859
v -0.0115403 0.074294 -0.0195362
v -0.0221296 0.0742082 -0.0146287
v -0.0239377 0.0740775 -0.0146287
v -0.0275539 0.073816 -0.0137228
v -0.0185135 0.0744044 -0.0146287
v -0.0202413 0.0743226 -0.0146129
v -0.0204882 0.0742899 -0.0149044
v -0.0212225 0.0741347 -0.0164326
v -0.0221296 0.0741469 -0.0155267
v -0.0257458 0.0739508 -0.0137228
v -0.0230306 0.074151 -0.0137228
v -0.0221296 0.0742164 -0.0137228
v -0.0212225 0.0742777 -0.013707
v -0.0206239 0.074294 -0.0133919
v -0.0203215 0.0743267 -0.013707
v -0.0203215 0.0742777 -0.0128326
v -0.0212225 0.0741755 -0.011911
v -0.0203215 0.0741183 -0.010115
v -0.0212225 0.0742287 -0.0128169
v -0.0203215 0.0740284 -0.00920908
v -0.0194144 0.0740734 -0.00920908
v -0.0176063 0.0741592 -0.00920908
v -0.0103801 0.0744983 -0.00920908
v -0.0134533 0.0742981 -0.00879158
v -0.0112811 0.0743512 -0.00851588
v -0.0103801 0.0743717 -0.00840559
v -0.00980622 0.0742981 -0.00788569
v -0.0185135 0.0733747 -0.0052783
v -0.0172484 0.0734033 -0.00512075
v -0.0103801 0.0739998 -0.00649928
v -0.0148973 0.0734605 -0.00486868
v -0.0134471 0.0733951 -0.00426213
v -0.0112811 0.0734482 -0.0040967
v -0.00857203 0.0734115 -0.0241523
v -0.00676394 0.0735667 -0.023664
v -0.0103801 0.0738732 -0.02186
v -0.0112811 0.0738364 -0.02186
v -0.0076649 0.0735504 -0.023664
v -0.00857203 0.0735299 -0.023664
v -0.00947299 0.0734891 -0.0237427
v -0.0103801 0.0736811 -0.0227581
v -0.00857203 0.0718588 0.000732089
v -0.00929403 0.0716054 0.00121261
v -0.0103801 0.0733175 -0.0035768
v -0.0127251 0.0725003 -0.00151295
v -0.0148973 0.0724471 -0.00167049
v -0.0203215 0.0719773 -0.00107969
v -0.0203215 0.0717076 -0.000299839
v -0.0185073 0.0717239 -9.50283e-05
v -0.0194144 0.0715687 0.000212187
v -0.0188035 0.0715809 0.00025945
v -0.0176063 0.0716136 0.000322469
v -0.0158044 0.0716585 0.000416997
v -0.0103801 0.0717934 0.00070058
v -0.00954704 0.0717811 0.00081874
v -0.00857203 0.070065 0.00434778
v -0.00931255 0.0697994 0.00482042
v -0.00910273 0.0679811 0.00751446
v -0.00942979 0.0677155 0.00787681
v -0.00947299 0.0672088 0.00860152
v -0.00857203 0.0672293 0.00862516
v -0.00857203 0.0668779 0.00908204
v -0.0076649 0.0668861 0.00908992
v -0.00857203 0.0664284 0.00960194
v -0.00857203 0.0655703 0.010563
v -0.0076649 0.0647204 0.011524
v -0.00676394 0.0647245 0.0115319
v -0.00585681 0.0643241 0.0119888
v -0.00676394 0.0638665 0.0124457
v -0.0103801 0.0593882 0.0160929
v -0.0176063 0.0564748 0.0176132
v -0.0103801 0.0599439 0.0157226
v -0.0112811 0.0599112 0.015699
v -0.00947299 0.060426 0.015376
v -0.00857203 0.0561153 0.0182906
v -0.0076649 0.0561398 0.0183064
v -0.00676394 0.056152 0.0183143
v -0.00495585 0.0557271 0.0185821
v 0.000462259 0.0521641 0.0205908
v 0.00136322 0.052781 0.0202521
v -0.00133966 0.0514572 0.0209374
v -0.000438702 0.0503539 0.0215203
v -0.00676394 0.0557026 0.0185663
v -0.0076649 0.0556903 0.0185584
v -0.0076649 0.054869 0.0189917
v -0.00669606 0.0547832 0.0190626
v -0.00585681 0.0539701 0.0195116
v -0.00495585 0.0539701 0.0195352
v -0.00495585 0.0521641 0.0204726
v -0.0076649 0.0638624 0.0124378
v -0.00857203 0.0638542 0.0124299
v -0.00857203 0.0634007 0.0128868
v -0.00947299 0.0633802 0.0128632
v -0.00947299 0.0629267 0.0132491
v 0.00227035 0.0514531 0.0209374
v -0.000438702 0.0467419 0.0233636
v -0.000438702 0.0461085 0.0236866
v 0.000462259 0.0514735 0.0209453
v -0.000438702 0.045655 0.023915
v -0.000438702 0.0449318 0.0242774
v -0.000438702 0.0442984 0.0245925
v -0.000438702 0.043849 0.024813
v -0.000438702 0.0431257 0.0251518
v -0.00585681 0.0431257 0.0250809
v -0.00676394 0.0431257 0.0250651
v -0.00585681 0.0418999 0.025648
v -0.00224679 0.0368006 0.0280585
v -0.00676394 0.0342917 0.0290904
v -0.00314775 0.0362857 0.0282712
v -0.00676394 0.0338382 0.0292952
v -0.00676394 0.0332212 0.0295709
v -0.0109232 0.0335971 -0.0503287
v -0.0185135 0.0340874 -0.0500136
v -0.0203586 0.0332212 -0.0498403
v -0.0203215 0.0340874 -0.0499269
v -0.0203215 0.0386066 -0.0501396
v -0.0139963 0.0386066 -0.0504389
v -0.0212225 0.0349904 -0.0499427
v -0.0212225 0.0368006 -0.0500608
v -0.0203215 0.0368006 -0.0501081
v -0.0212225 0.0377036 -0.0501081
v -0.0152922 0.0462761 -0.0494228
v -0.0194144 0.0467419 -0.0491313
v -0.0203215 0.0476449 -0.0488477
v -0.0203215 0.0483763 -0.0486114
v -0.0194144 0.0484458 -0.048635
v -0.0185135 0.0485111 -0.0486587
v -0.0203215 0.0467419 -0.049084
v -0.0185135 0.0489647 -0.048509
v -0.0130892 0.0493651 -0.0486429
v -0.0212225 0.0413197 -0.0499269
v -0.0212225 0.0422227 -0.0498639
v -0.0221296 0.0431257 -0.0496827
v -0.0221296 0.044086 -0.0495015
v -0.0212225 0.0446294 -0.0494543
v -0.0203215 0.0452055 -0.0493913
v -0.0183283 0.0454507 -0.0494385
v -0.0212225 0.0557761 -0.0454447
v -0.0221296 0.0557761 -0.0453738
v -0.0230306 0.0557761 -0.0453029
v -0.0221296 0.0563931 -0.0450115
v -0.0275539 0.0576312 -0.0437511
v -0.0221296 0.0568467 -0.04472
v -0.0203215 0.0494509 -0.0482569
v -0.0212225 0.0482987 -0.0485878
v -0.0212225 0.0487481 -0.0484381
v -0.0212225 0.0503539 -0.0479024
v -0.0212225 0.0510118 -0.0476819
v -0.0212225 0.0514653 -0.0475243
v -0.0221296 0.0521641 -0.0471541
v -0.0275539 0.0538148 -0.0459489
v -0.0266468 0.0543337 -0.0457677
v -0.0221296 0.0551346 -0.0457204
v -0.0275539 0.058334 -0.0432942
v -0.0266468 0.0588447 -0.0430343
v -0.0275477 0.0594699 -0.042475
v -0.0256533 0.0592983 -0.0427901
v -0.0221296 0.0595843 -0.0429161
v -0.0230306 0.0601073 -0.0424198
v -0.0221296 0.0601604 -0.0424592
v -0.0212225 0.060663 -0.0421205
v -0.0103801 0.0669269 -0.0365827
v -0.0194144 0.0670005 -0.0357635
v -0.0112811 0.0676828 -0.0354405
v -0.0103801 0.0690925 -0.0334633
v -0.0203215 0.0691048 -0.0325968
v -0.0103801 0.069542 -0.0327622
v -0.0116945 0.0697831 -0.0322423
v -0.0203215 0.062657 -0.0404741
v -0.0203215 0.0631106 -0.0400724
v -0.0212225 0.0635559 -0.039584
v -0.0203215 0.0640422 -0.0391271
v -0.0158044 0.0641852 -0.0392847
v -0.0205746 0.0661546 -0.036756
v -0.0202907 0.066457 -0.0364016
v -0.0158044 0.0650432 -0.0383315
v -0.0203215 0.0649002 -0.038174
v -0.0158044 0.0645897 -0.0388357
v -0.0211916 0.0612759 -0.0416006
v -0.0212225 0.0626202 -0.0404426
v -0.0148973 0.0696972 -0.0320848
v -0.0206609 0.069779 -0.0313365
v -0.0124227 0.0706779 -0.0304227
v -0.0167054 0.0707964 -0.0297531
v -0.0194144 0.0709925 -0.0290835
v -0.0158044 0.0715033 -0.0284218
v -0.0203215 0.0709435 -0.0290835
v -0.0203215 0.0713644 -0.0281855
v -0.0203215 0.0715727 -0.0276814
v -0.0103801 0.0726065 -0.026232
v -0.0121882 0.0731295 -0.0245698
v -0.0112811 0.0731704 -0.0245698
v -0.0103801 0.0732031 -0.0245698
v -0.00916444 0.0734033 -0.0241287
v -0.0153971 0.0743063 -0.017819
v -0.0142987 0.074294 -0.0186067
v -0.0167054 0.0742123 -0.0182444
v -0.0203215 0.0740407 -0.0182444
v -0.0194144 0.0740856 -0.0182444
v -0.0139963 0.074245 -0.0190872
v -0.0158044 0.074151 -0.0191424
v -0.0194144 0.0739794 -0.0191424
v -0.0203215 0.0739345 -0.0191424
v -0.0185135 0.0738609 -0.0200483
v -0.0148973 0.0736648 -0.02186
v -0.0239377 0.0740244 -0.0155267
v -0.0275539 0.0737097 -0.0164326
v -0.0257458 0.0739386 -0.0146287
v -0.0266468 0.0738691 -0.0146287
v -0.0275539 0.0737955 -0.0146287
v -0.0284549 0.0737016 -0.0137228
v -0.0284549 0.073677 -0.0128169
v -0.0275539 0.0737833 -0.0128169
v -0.0194144 0.0741551 -0.0173385
v -0.0212225 0.0739958 -0.0182444
v -0.0221296 0.0739386 -0.0182444
v -0.0248387 0.0738977 -0.0164326
v -0.0257458 0.0738364 -0.0164326
v -0.0257458 0.073914 -0.0128169
v -0.0230306 0.0741061 -0.0128169
v -0.0221296 0.0741674 -0.0128169
v -0.0221296 0.0740652 -0.011013
v -0.0212225 0.0740693 -0.010115
v -0.0212225 0.0739794 -0.00920908
v -0.0203215 0.0738813 -0.00831107
v -0.0139963 0.0742859 -0.00888611
v -0.0194144 0.0735708 -0.00649928
v -0.0158044 0.0737424 -0.00649928
v -0.0203215 0.0733297 -0.00549887
v -0.0203215 0.073154 -0.00469538
v -0.0203215 0.0734196 -0.00594787
v -0.0185135 0.0732439 -0.00469538
v -0.0203215 0.0728966 -0.00378949
v -0.0128423 0.0734074 -0.00420699
v -0.0158044 0.0731213 -0.00378949
v -0.0112811 0.0736484 -0.0227581
v -0.0121882 0.0736076 -0.0227581
v -0.0130892 0.0735667 -0.0227581
v -0.0112811 0.0734768 -0.0235379
v -0.0103801 0.0733828 -0.0240499
v -0.0103801 0.0715768 0.00115746
v -0.00955938 0.0708863 0.00263052
v -0.0193589 0.0726147 -0.0028127
v -0.0196242 0.0724839 -0.0024661
v -0.0203215 0.0722837 -0.00197771
v -0.0212225 0.0716831 -0.000370735
v -0.0203215 0.0715441 0.000149168
v -0.0212225 0.0712173 0.000732089
v -0.0203215 0.0712704 0.000732089
v -0.0167054 0.0714134 0.000826617
v -0.0130892 0.0715074 0.00101567
v -0.00955938 0.0699833 0.00443443
v -0.00991113 0.0697831 0.00479678
v -0.00955938 0.0695461 0.00517489
v -0.0103801 0.0687043 0.00634861
v -0.00970132 0.0679648 0.00749082
v -0.0103801 0.0676052 0.00796346
v -0.0103801 0.0671843 0.00857002
v -0.00947299 0.0668574 0.00905053
v -0.00947299 0.0664039 0.00957831
v -0.00947299 0.0659994 0.0100352
v -0.00947299 0.0646919 0.0114925
v -0.00857203 0.0647123 0.0115161
v -0.0076649 0.0643159 0.011973
v -0.00676394 0.06432 0.0119809
v -0.0185135 0.0564381 0.0175895
v -0.0134224 0.0598335 0.015636
v -0.0176063 0.0557761 0.0180464
v -0.0130892 0.0559273 0.0181803
v -0.0121882 0.0608632 0.0148404
v -0.0139963 0.0602953 0.0152106
v -0.0103801 0.062894 0.0132255
v -0.0148973 0.0554002 0.0184009
v -0.00947299 0.0556249 0.0185269
v -0.00857203 0.0556617 0.0185427
v -0.00676394 0.0473098 0.0229382
v -0.00495585 0.0473589 0.0229619
v -0.00405489 0.0467419 0.0233006
v -0.00224679 0.0496552 0.0218433
v -0.0112811 0.0530671 0.0198188
v -0.0139963 0.0506604 0.0209925
v -0.00947299 0.0638338 0.0124141
v -0.00857203 0.0643037 0.0119651
v -0.0112811 0.0633149 0.012808
v -0.0121882 0.063748 0.0123275
v -0.0203215 0.0634906 0.0120675
v -0.00585681 0.0442208 0.0245531
v -0.00224679 0.0449318 0.0242537
v -0.00314775 0.0442617 0.0245767
v -0.00405489 0.0437959 0.0247894
v -0.00585681 0.0437672 0.0247736
v -0.00676394 0.0437509 0.0247658
v -0.0076649 0.0437182 0.02475
v -0.0076649 0.0431257 0.0250257
v -0.0076649 0.042284 0.0254117
v -0.00723293 0.0399631 0.0264909
v -0.00676394 0.0368006 0.0279482
v -0.00495585 0.0400285 0.0265224
v -0.0076649 0.0342468 0.0290668
v -0.0076649 0.0332212 0.0295315
v -0.0212225 0.0340874 -0.0498796
v -0.0212225 0.0332212 -0.049793
v -0.0212225 0.0386066 -0.0500923
v -0.0221296 0.0368006 -0.0500057
v -0.0257458 0.0349904 -0.0496355
v -0.0221296 0.0377036 -0.0500451
v -0.0221296 0.0386066 -0.0500372
v -0.0176063 0.0459901 -0.0493676
v -0.0203215 0.0458389 -0.0492652
v -0.0212225 0.0476449 -0.0488005
v -0.0212225 0.0467419 -0.0490368
v -0.0230306 0.0413197 -0.0498088
v -0.0221296 0.0404126 -0.0499269
v -0.0221296 0.0422227 -0.0498009
v -0.0257458 0.0428642 -0.0494543
v -0.0239377 0.0431257 -0.0495488
v -0.0244808 0.043612 -0.0494306
v -0.0230306 0.0422227 -0.0497379
v -0.0224258 0.0444292 -0.0494149
v -0.0221296 0.0458389 -0.0491628
v -0.0212225 0.0458389 -0.049218
v -0.0275539 0.0555514 -0.0450351
v -0.0239377 0.0557761 -0.0452242
v -0.0239377 0.0562664 -0.0449327
v -0.0230306 0.0563318 -0.0449721
v -0.0266468 0.054869 -0.045492
v -0.0275539 0.0571817 -0.0440347
v -0.0280538 0.0571449 -0.0440111
v -0.0266468 0.0499821 -0.0476425
v -0.0233762 0.0507871 -0.047611
v -0.0221296 0.0513673 -0.0474928
v -0.0239377 0.051261 -0.0473904
v -0.0257458 0.051261 -0.0472408
v -0.0275539 0.051923 -0.0468075
v -0.0284549 0.0537004 -0.0458937
v -0.0275539 0.0542602 -0.0457283
v -0.0257088 0.0547873 -0.0456101
v -0.0284549 0.0582441 -0.0432391
v -0.0275539 0.0587834 -0.042987
v -0.0278439 0.0598213 -0.0421756
v -0.0266468 0.0598948 -0.0422387
v -0.0221296 0.060614 -0.0420811
v -0.0275539 0.0618316 -0.0405372
v -0.0203215 0.0669719 -0.0357241
v -0.0203215 0.0680465 -0.0341644
v -0.0203215 0.0688106 -0.0330537
v -0.0148973 0.0674949 -0.0354169
v -0.0130892 0.067597 -0.0354169
v -0.0130892 0.0690149 -0.033353
v -0.0212225 0.0690762 -0.0325574
v -0.0176063 0.0696278 -0.031943
v -0.0212225 0.0630697 -0.040033
v -0.0221296 0.0635151 -0.0395367
v -0.0212225 0.0640095 -0.0390877
v -0.020988 0.0652843 -0.0376934
v -0.0203215 0.0644467 -0.0386781
v -0.0212225 0.0661301 -0.0367245
v -0.0212225 0.0664897 -0.0362755
v -0.0212595 0.0656071 -0.0373075
v -0.0219322 0.0625835 -0.0404111
v -0.0203462 0.0695951 -0.0317224
v -0.0212225 0.0695011 -0.0318012
v -0.0212225 0.0699914 -0.0308481
v -0.0211423 0.0708618 -0.0291544
v -0.0207844 0.0706861 -0.0295404
v -0.0212225 0.0713112 -0.0281855
v -0.0212225 0.0715482 -0.0276105
v -0.0130892 0.0730805 -0.0245698
v -0.0121882 0.0733502 -0.023916
v -0.0112811 0.0733665 -0.0239869
v -0.0097692 0.073391 -0.0240972
v -0.0203215 0.0737669 -0.0200483
v -0.0212225 0.0738854 -0.0191424
v -0.0176063 0.0737179 -0.0209542
v -0.0158044 0.0736198 -0.02186
v -0.0257458 0.0737629 -0.0173385
v -0.0275539 0.0736321 -0.0173385
v -0.0283129 0.0734523 -0.0182444
v -0.0285351 0.0734891 -0.0173936
v -0.0284549 0.0735749 -0.0164326
v -0.0284549 0.073673 -0.0146287
v -0.0275539 0.0737547 -0.0155267
v -0.0290905 0.0735095 -0.0137228
v -0.029072 0.0734973 -0.0128169
v -0.0290164 0.0734646 -0.011911
v -0.0289547 0.0734278 -0.011013
v -0.0289177 0.0734033 -0.0104852
v -0.0284549 0.0736117 -0.011911
v -0.0275539 0.0736076 -0.010115
v -0.0275539 0.0736689 -0.011013
v -0.0275539 0.0737261 -0.011911
v -0.0257458 0.0738609 -0.011911
v -0.0257458 0.073677 -0.0182444
v -0.0221296 0.0738241 -0.0191424
v -0.0221296 0.074008 -0.010115
v -0.0221296 0.0739222 -0.00920908
v -0.0212225 0.0738323 -0.00831107
v -0.0211916 0.0733175 -0.00566429
v -0.0212225 0.073105 -0.00469538
v -0.0212225 0.0728476 -0.00378949
v -0.0121882 0.0734564 -0.0234591
v -0.0130892 0.073436 -0.0233725
v -0.0139963 0.0735218 -0.0227581
v -0.0148973 0.0698811 0.00408782
v -0.0112811 0.0699751 0.00427688
v -0.0167054 0.0710089 0.00163798
v -0.0212225 0.0725942 -0.00304114
v -0.0221296 0.0721734 -0.00197771
v -0.0221296 0.0718669 -0.00107969
v -0.0221296 0.0716504 -0.000457385
v -0.0212225 0.0715155 7.82724e-05
v -0.0221296 0.0711519 0.000732089
v -0.0221296 0.0708086 0.00142529
v -0.0212225 0.0708413 0.00148831
v -0.0194144 0.0708904 0.00159072
v -0.0212225 0.0699383 0.00330009
v -0.0203215 0.0699628 0.00335523
v -0.0194144 0.0699874 0.0034025
v -0.0103801 0.0697708 0.00477315
v -0.0203215 0.0690394 0.0050331
v -0.0112811 0.0689863 0.00586022
v -0.0112811 0.0675562 0.00796346
v -0.0121882 0.0671353 0.00849912
v -0.0103801 0.0668288 0.00901902
v -0.0112811 0.0663508 0.00951529
v -0.0158044 0.0658033 0.00981463
v -0.0103801 0.0655213 0.0105078
v -0.0199081 0.064365 0.0111301
v -0.0139963 0.0641443 0.011784
v -0.00947299 0.0642832 0.0119415
v -0.0194144 0.0579907 0.0165182
v -0.0194144 0.0568426 0.0172666
v -0.0194144 0.056389 0.017558
v -0.0185135 0.0557761 0.0179913
v -0.0148973 0.0602953 0.0151555
v -0.0194144 0.0606017 0.0146198
v -0.0203215 0.0601155 0.0149743
v -0.0139963 0.059809 0.0156202
v -0.0176063 0.0552817 0.01833
v -0.0170139 0.0553103 0.0183458
v -0.0158044 0.0617172 0.0138951
v -0.0139963 0.0607979 0.0147852
v -0.0203215 0.062085 0.0133043
v -0.0194144 0.0615865 0.0137848
v -0.0198649 0.0625508 0.012934
v -0.0148973 0.0536636 0.0193383
v -0.0103801 0.054869 0.0188972
v -0.0103801 0.0543051 0.0191965
v -0.00676394 0.045986 0.0236236
v -0.00676394 0.0449318 0.0241671
v -0.00585681 0.0455569 0.0238678
v -0.00495585 0.0460268 0.0236472
v -0.0148973 0.0519189 0.0202757
v -0.0148973 0.0506195 0.0209689
v -0.0148973 0.050166 0.0212052
v -0.0139963 0.0502109 0.021221
v -0.0076649 0.0441718 0.0245216
v -0.00676394 0.0442045 0.0245373
v -0.0139963 0.0524092 0.0200551
v -0.0139963 0.0632168 0.0127214
v -0.0209572 0.0634701 0.0120439
v -0.0203215 0.0630043 0.0125008
v -0.0167054 0.0631187 0.0126347
v -0.0112811 0.0435303 0.0246634
v -0.0139963 0.0494509 0.021607
v -0.0148973 0.0494509 0.0215676
v -0.0148973 0.0488176 0.0218827
v -0.0121882 0.0434812 0.0246397
v -0.0139963 0.043375 0.0245925
v -0.00857203 0.0332212 0.0294764
v -0.0221667 0.0332212 -0.04973
v -0.0221296 0.0340874 -0.0498166
v -0.0230306 0.0368006 -0.0499427
v -0.0257458 0.0358935 -0.0496906
v -0.0239377 0.0340874 -0.0496906
v -0.0248387 0.0340874 -0.0496276
v -0.0280599 0.0344715 -0.0494306
v -0.0275539 0.0349904 -0.0495015
v -0.0230306 0.0377036 -0.0499821
v -0.0248387 0.0386066 -0.0498403
v -0.0275539 0.0395096 -0.0496039
v -0.0230121 0.0477103 -0.0486429
v -0.0275107 0.0495122 -0.0477291
v -0.0221296 0.0467419 -0.0489738
v -0.0230306 0.0467419 -0.0489107
v -0.0263382 0.0472281 -0.0485326
v -0.0257458 0.0473017 -0.0485563
v -0.0257458 0.0404126 -0.0496748
v -0.0266468 0.0404126 -0.0496118
v -0.0248387 0.0413197 -0.0496748
v -0.026295 0.0427253 -0.0494306
v -0.0275539 0.0431257 -0.0492731
v -0.0257458 0.0433178 -0.0493834
v -0.0250794 0.0434812 -0.049407
v -0.0266468 0.0440288 -0.0491943
v -0.0275539 0.0449318 -0.048958
v -0.0230306 0.0458389 -0.0490998
v -0.0278748 0.0416548 -0.0494149
v -0.0272762 0.0419122 -0.0494385
v -0.0268998 0.0425128 -0.049407
v -0.0284549 0.0554247 -0.0449642
v -0.0275539 0.0560049 -0.0447673
v -0.0275539 0.054869 -0.0454132
v -0.0244314 0.0562337 -0.0449091
v -0.0275539 0.0566791 -0.0443498
v -0.0283932 0.0575004 -0.0437275
v -0.0284549 0.0558742 -0.0446964
v -0.0283932 0.05672 -0.0442001
v -0.0277884 0.0498514 -0.0475952
v -0.0266468 0.0504316 -0.0474771
v -0.0257458 0.0505256 -0.0475165
v -0.0275539 0.051261 -0.0470832
v -0.0275107 0.0502763 -0.0474613
v -0.0282327 0.051829 -0.0467602
v -0.0284549 0.0530671 -0.0461773
v -0.0289609 0.0535901 -0.0458386
v -0.0284549 0.0541499 -0.0456653
v -0.0290103 0.0581338 -0.0431682
v -0.0284549 0.0586976 -0.0429082
v -0.0275477 0.0602136 -0.0418842
v -0.0284549 0.059286 -0.0424592
v -0.0284549 0.0597355 -0.0421126
v -0.0284672 0.0603606 -0.0416085
v -0.028171 0.0607897 -0.0413249
v -0.0284549 0.061754 -0.0404741
v -0.0275539 0.0622811 -0.0401433
v -0.0266468 0.0623301 -0.0401906
v -0.0212225 0.0669433 -0.0356769
v -0.0212225 0.0672538 -0.0352278
v -0.0212225 0.0687779 -0.0330064
v -0.0212225 0.0680179 -0.0341171
v -0.0212225 0.0683693 -0.0336051
v -0.0221296 0.0690394 -0.0325023
v -0.0194144 0.0695787 -0.0318485
v -0.0185135 0.0696033 -0.0318957
v -0.0239377 0.0629675 -0.0398676
v -0.0257458 0.0628695 -0.0397809
v -0.0227961 0.0634783 -0.0395052
v -0.0275539 0.0653783 -0.0368978
v -0.0212225 0.064414 -0.0386387
v -0.0266468 0.0654232 -0.0369451
v -0.0221728 0.0647082 -0.0382133
v -0.0221296 0.0660893 -0.0366773
v -0.0221296 0.0664529 -0.0362283
v -0.0221296 0.0694317 -0.0318012
v -0.0221296 0.0703592 -0.0299894
v -0.0221296 0.070637 -0.0294459
v -0.0221296 0.0708699 -0.028989
v -0.0221296 0.0712418 -0.0281855
v -0.0221296 0.0715155 -0.027516
v -0.0221296 0.0724512 -0.0249007
v -0.0212225 0.0719854 -0.0263737
v -0.0148973 0.0729783 -0.0245698
v -0.0212225 0.0726392 -0.0245147
v -0.0221296 0.0726106 -0.0244438
v -0.0212225 0.0729048 -0.023664
v -0.0130892 0.0733256 -0.0238215
v -0.0203215 0.0735708 -0.0209542
v -0.0216545 0.0733992 -0.0213953
v -0.0212225 0.0737138 -0.0200483
v -0.0150762 0.0733828 -0.023144
v -0.0144776 0.0733992 -0.0232149
v -0.0275539 0.0735381 -0.0182444
v -0.0281278 0.0734155 -0.0188115
v -0.0287634 0.0733747 -0.0182444
v -0.0288868 0.0733951 -0.0177323
v -0.0290596 0.0734891 -0.0146287
v -0.02893 0.0734155 -0.0171337
v -0.0290164 0.0734646 -0.0155267
v -0.029541 0.0731295 -0.0137228
v -0.0295101 0.0731173 -0.0146287
v -0.0295224 0.0731173 -0.0128169
v -0.0294669 0.0730887 -0.011911
v -0.0294052 0.0730641 -0.011013
v -0.0292756 0.0730887 -0.0101544
v -0.0293558 0.0729293 -0.00920908
v -0.0294299 0.0727781 -0.00837409
v -0.0292633 0.0727577 -0.00740518
v -0.0288251 0.0733788 -0.00988653
v -0.0284981 0.0734727 -0.0101544
v -0.0282019 0.0734401 -0.00920908
v -0.0280476 0.0734074 -0.00872069
v -0.0275539 0.0735136 -0.00920908
v -0.0266468 0.0735872 -0.00920908
v -0.0257458 0.0736566 -0.00920908
v -0.0248387 0.0738119 -0.010115
v -0.0257458 0.0738037 -0.011013
v -0.0239377 0.0736934 -0.0191424
v -0.0248387 0.073628 -0.0191424
v -0.0275539 0.0734441 -0.0189769
v -0.0221296 0.0736525 -0.0200483
v -0.0257458 0.0734441 -0.0198041
v -0.0239377 0.0738773 -0.010115
v -0.0230306 0.0738568 -0.00920908
v -0.0248387 0.073579 -0.00831107
v -0.0221296 0.073771 -0.00831107
v -0.0221296 0.0735953 -0.00740518
v -0.0214755 0.0733869 -0.0061133
v -0.0221296 0.0732398 -0.00559339
v -0.0221296 0.0730478 -0.00469538
v -0.0221296 0.0727863 -0.00378949
v -0.0221296 0.0725656 -0.00313567
v -0.0194144 0.0697626 0.00385151
v -0.0248387 0.0719813 -0.00197771
v -0.0239686 0.0723736 -0.00294662
v -0.0230306 0.0718016 -0.00107969
v -0.0230306 0.0716177 -0.000551913
v -0.0221296 0.0714828 -8.37795e-06
v -0.0239377 0.0710089 0.000732089
v -0.0266468 0.070637 0.00107081
v -0.0259063 0.0706656 0.00113383
v -0.0253077 0.0706902 0.0011811
v -0.0248387 0.0707065 0.00122048
v -0.0239377 0.0707392 0.00129138
v -0.0266468 0.0703633 0.00163798
v -0.0221296 0.0699056 0.00323708
v -0.0212225 0.0697136 0.0037491
v -0.0203215 0.0697381 0.00380424
v -0.0203215 0.0694439 0.00434778
v -0.018532 0.0695869 0.004269
v -0.0212225 0.0693867 0.00434778
v -0.0212225 0.0690067 0.00498584
v -0.0212225 0.0676011 0.00705757
v -0.0203215 0.0669024 0.00816827
v -0.0199636 0.0679811 0.00661644
v -0.0194144 0.067691 0.00708908
v -0.0185135 0.0677155 0.00712847
v -0.0158044 0.0680996 0.00678974
v -0.0121882 0.0682018 0.00693941
v -0.0130892 0.067454 0.00796346
v -0.0144283 0.0670699 0.00841247
v -0.0203215 0.0664488 0.00875119
v -0.0112811 0.0668002 0.00898751
v -0.0121882 0.0663222 0.00948378
v -0.0158044 0.0662078 0.00935775
v -0.0203215 0.0660648 0.0092002
v -0.0212225 0.0660362 0.00916869
v -0.0203215 0.0656153 0.00970435
v -0.0203215 0.0652067 0.0101612
v -0.0205128 0.0643445 0.0111065
v -0.0203215 0.0590899 0.0157384
v -0.0212225 0.0590409 0.0157147
v -0.0203215 0.0563318 0.0175186
v -0.0203215 0.0557761 0.0178495
v -0.0212225 0.0578886 0.0164552
v -0.0239377 0.0572675 0.0166364
v -0.0185135 0.0552245 0.0183064
v -0.0212225 0.0600787 0.0149428
v -0.0203215 0.0595394 0.0154233
v -0.0194144 0.0595761 0.0154548
v -0.0158044 0.0597314 0.0155651
v -0.0176063 0.0548282 0.0185742
v -0.0158044 0.0530671 0.019614
v -0.0203215 0.0625344 0.0129183
v -0.0212225 0.0624976 0.0128868
v -0.0212225 0.0610634 0.0141078
v -0.0158044 0.0501088 0.0211737
v -0.0167054 0.0522662 0.0199842
v -0.0167054 0.0518167 0.0202206
v -0.0215619 0.0634456 0.0120203
v -0.0148973 0.0476449 0.0224577
v -0.0139963 0.0440288 0.0242774
v -0.0167054 0.0500475 0.0211422
v -0.0158044 0.0494509 0.0215046
v -0.0158044 0.0487522 0.0218512
v -0.0144776 0.0390642 0.0264909
v -0.0148973 0.0440288 0.0242222
v -0.0148973 0.0433055 0.024561
v -0.0139963 0.0348147 0.0284208
v -0.0139963 0.0333519 0.0290747
v -0.0139963 0.0332212 0.0291298
v -0.0230306 0.0332212 -0.049667
v -0.0270602 0.0336666 -0.0494228
v -0.0248387 0.0368006 -0.0498088
v -0.0275539 0.0358935 -0.0495488
v -0.0257458 0.0368006 -0.0497379
v -0.0275539 0.0338341 -0.0493991
v -0.0275539 0.0332212 -0.0493125
v -0.0283993 0.0341365 -0.0493361
v -0.0286153 0.0349904 -0.0493755
v -0.0281648 0.0349904 -0.0494464
v -0.0275539 0.0368006 -0.0495961
v -0.0266468 0.0386066 -0.0497063
v -0.0239377 0.0377036 -0.0499112
v -0.0275539 0.0386066 -0.0496355
v -0.0285289 0.03953 -0.0494858
v -0.0282759 0.0404126 -0.0494622
v -0.028097 0.04105 -0.0494385
v -0.0275539 0.0404126 -0.0495409
v -0.0275539 0.0485479 -0.0480285
v -0.0266468 0.0458389 -0.048832
v -0.0239377 0.0467419 -0.0488398
v -0.026943 0.0471382 -0.048509
v -0.0275539 0.0476449 -0.0483042
v -0.0284549 0.0431257 -0.0491392
v -0.0284549 0.0440288 -0.0490131
v -0.0275539 0.0440288 -0.0491234
v -0.0275663 0.0422146 -0.0493834
v -0.0284549 0.0449318 -0.0488477
v -0.028171 0.0464354 -0.0485563
v -0.0275539 0.0458389 -0.0487611
v -0.0284178 0.0413401 -0.0493519
v -0.0284549 0.0422227 -0.0492495
v -0.0289115 0.0553266 -0.0449091
v -0.0286585 0.0570469 -0.043948
v -0.0284549 0.054869 -0.0452714
v -0.0284549 0.0497206 -0.047548
v -0.0284549 0.0503539 -0.0473038
v -0.0284549 0.0492671 -0.0477055
v -0.0288313 0.0516656 -0.0466893
v -0.0284981 0.0513223 -0.0469099
v -0.0290596 0.0510649 -0.0468154
v -0.029109 0.0530671 -0.0459489
v -0.0295595 0.0530671 -0.0455393
v -0.0293435 0.0539129 -0.0453187
v -0.029072 0.054869 -0.0450351
v -0.0290781 0.0564421 -0.0441292
v -0.0291954 0.0575821 -0.0433415
v -0.0296459 0.0575821 -0.0428925
v -0.0296829 0.0587181 -0.0420181
v -0.0290781 0.0591185 -0.0423332
v -0.0289485 0.0616886 -0.040419
v -0.0287758 0.060708 -0.041254
v -0.0284549 0.0622075 -0.0400566
v -0.0275539 0.0627673 -0.0396943
v -0.0221296 0.0669065 -0.0356217
v -0.0221296 0.067217 -0.0351727
v -0.0221296 0.0687411 -0.0329513
v -0.025752 0.0686349 -0.0326283
v -0.0239377 0.0689618 -0.0323763
v -0.0234009 0.0634456 -0.0394737
v -0.0275539 0.0649656 -0.0373468
v -0.0284549 0.065317 -0.0368269
v -0.0280291 0.0661751 -0.0358738
v -0.0275539 0.0658319 -0.0363543
v -0.0266468 0.0658727 -0.0364173
v -0.0257458 0.0659177 -0.0364725
v -0.0248387 0.0659585 -0.0365276
v -0.0230306 0.0660443 -0.03663
v -0.0239377 0.0663671 -0.0361259
v -0.0254558 0.0688923 -0.0322739
v -0.0260544 0.0688678 -0.0322266
v -0.0239377 0.0692764 -0.0318012
v -0.0239377 0.0696482 -0.0310844
v -0.0230306 0.0699179 -0.0307063
v -0.0239377 0.0705635 -0.0292962
v -0.0257458 0.0707188 -0.0286976
v -0.0230306 0.0711682 -0.0281855
v -0.0257458 0.0709394 -0.0281855
v -0.0275539 0.0708291 -0.0280752
v -0.0275539 0.0711355 -0.0272796
v -0.0257458 0.0715237 -0.0266416
v -0.0273935 0.0716177 -0.0259956
v -0.0266468 0.0721979 -0.0245698
v -0.0230306 0.0724185 -0.0248062
v -0.0230306 0.072582 -0.0243493
v -0.0221296 0.0728517 -0.023664
v -0.0148232 0.0732889 -0.0235773
v -0.0212225 0.0731254 -0.0227581
v -0.0184271 0.0733011 -0.0226714
v -0.0275539 0.0730682 -0.0209542
v -0.0221296 0.0730682 -0.0227581
v -0.0221296 0.0732644 -0.02186
v -0.0275539 0.0733706 -0.0194338
v -0.0275539 0.0732603 -0.0200483
v -0.0284425 0.0733093 -0.0191266
v -0.0284549 0.0731295 -0.0200483
v -0.0289424 0.0725166 -0.0224193
v -0.0290349 0.0725738 -0.02186
v -0.0291707 0.0726678 -0.0209542
v -0.0292818 0.0727659 -0.0200483
v -0.0294361 0.0727985 -0.0191424
v -0.0293558 0.0729783 -0.0182444
v -0.0292818 0.0731091 -0.0173936
v -0.0294237 0.0730641 -0.0164326
v -0.0299297 0.0726801 -0.0137228
v -0.0299236 0.0726678 -0.0128169
v -0.0298989 0.0726147 -0.0164326
v -0.0299236 0.0726637 -0.0146287
v -0.0298495 0.0725493 -0.0182444
v -0.0298804 0.0725861 -0.0173385
v -0.0299112 0.0726392 -0.011911
v -0.0298989 0.0726106 -0.011013
v -0.029868 0.0725738 -0.010115
v -0.0298125 0.0725003 -0.00872069
v -0.0297816 0.0724594 -0.00811413
v -0.0297199 0.0723859 -0.00740518
v -0.029146 0.0726515 -0.00649928
v -0.0286523 0.0733502 -0.00920908
v -0.0283932 0.0732889 -0.00837409
v -0.0284549 0.0731009 -0.00740518
v -0.0275539 0.0730437 -0.00649928
v -0.0275539 0.0732112 -0.00740518
v -0.0275539 0.0733461 -0.00814564
v -0.0275539 0.0734278 -0.00860253
v -0.0264246 0.0734155 -0.0196859
v -0.0270294 0.073391 -0.0195599
v -0.0257458 0.0735586 -0.0191424
v -0.0230306 0.0731785 -0.00559339
v -0.0239377 0.072913 -0.00469538
v -0.0230306 0.0727209 -0.00378949
v -0.0239377 0.0731132 -0.00559339
v -0.0257458 0.0729824 -0.00559339
v -0.0266468 0.072917 -0.00559339
v -0.0242895 0.072488 -0.00335624
v -0.0266468 0.072157 -0.0028836
v -0.0257458 0.0719119 -0.00197771
v -0.0235613 0.0715973 -0.000607054
v -0.0230306 0.0714461 -0.000102906
v -0.0275539 0.0710988 -0.000173802
v -0.0275539 0.0708046 0.000543034
v -0.0275539 0.0706003 0.000992041
v -0.0275539 0.0702897 0.00163798
v -0.0275539 0.0699261 0.00236269
v -0.0256594 0.0699547 0.00259901
v -0.0221296 0.0696809 0.00368608
v -0.0230306 0.0698729 0.00316618
v -0.0221296 0.0693172 0.00434778
v -0.0221296 0.0689699 0.0049307
v -0.0248387 0.0670372 0.00745932
v -0.0212225 0.0671802 0.007672
v -0.0212225 0.0668697 0.00812101
v -0.0221296 0.0663835 0.00867242
v -0.0212225 0.0664202 0.00871181
v -0.0194144 0.0669269 0.00820766
v -0.0221296 0.0659953 0.00912143
v -0.0230306 0.065505 0.00958619
v -0.0221296 0.0646878 0.0105866
v -0.0212225 0.0594944 0.0153918
v -0.0239377 0.0588733 0.0156045
v -0.0239377 0.0584239 0.0158959
v -0.0230121 0.0585628 0.0158802
v -0.0230306 0.0566791 0.0170775
v -0.0212225 0.0562746 0.0174793
v -0.0223641 0.056197 0.017432
v -0.0257458 0.0555023 0.017558
v -0.0230306 0.0577742 0.0163843
v -0.0266468 0.0575821 0.016211
v -0.0261284 0.0571204 0.0165419
v -0.0212225 0.0550161 0.0181961
v -0.0203215 0.0546361 0.0184718
v -0.0194144 0.0539701 0.0188972
v -0.0185135 0.054775 0.0185427
v -0.0275539 0.0553757 0.0174793
v -0.0230306 0.0599847 0.014864
v -0.0221296 0.0629635 0.0123905
v -0.0277761 0.0607243 0.0138163
v -0.0179334 0.0535002 0.0192517
v -0.0194144 0.0521641 0.0198425
v -0.0176063 0.0499821 0.0211107
v -0.0221296 0.0638297 0.0115398
v -0.0275539 0.0644426 0.0103109
v -0.0221296 0.063417 0.0119888
v -0.0248387 0.0628123 0.0122566
v -0.0158044 0.0458389 0.023277
v -0.0148973 0.0451647 0.0236708
v -0.0148973 0.0447111 0.0238914
v -0.0203215 0.0493406 0.0212367
v -0.018896 0.0498922 0.0210634
v -0.0182358 0.048123 0.0219851
v -0.0148973 0.0377036 0.0270659
v -0.0148973 0.0332784 0.0290432
v -0.0176001 0.0441023 0.0239544
v -0.0158044 0.0450952 0.0236393
v -0.0184456 0.0466561 0.0226783
v -0.0176001 0.0448582 0.0235999
v -0.0203215 0.0437672 0.0238678
v -0.0158044 0.0432156 0.0245216
v -0.0158044 0.0377036 0.0269872
v -0.0150824 0.039007 0.0264673
v -0.0148973 0.0332212 0.0290668
v -0.02669 0.0332212 -0.0493834
v -0.0284549 0.0332212 -0.0491864
v -0.0287326 0.0358935 -0.0493913
v -0.0283623 0.0368006 -0.0494937
v -0.0282821 0.0358935 -0.04947
v -0.029288 0.0332212 -0.0488005
v -0.0294299 0.0341242 -0.0488162
v -0.0293558 0.0349904 -0.0489501
v -0.0275539 0.0377036 -0.0496276
v -0.028424 0.0377036 -0.0495094
v -0.0285413 0.0385371 -0.0494937
v -0.0289177 0.039244 -0.0494306
v -0.0288807 0.0398447 -0.0494149
v -0.0287326 0.0404126 -0.0493913
v -0.0284549 0.0485479 -0.0479261
v -0.0257458 0.0467419 -0.0486981
v -0.0275539 0.0470361 -0.0484775
v -0.0275539 0.0465825 -0.0485878
v -0.0292139 0.0440288 -0.0487296
v -0.0291028 0.0449318 -0.0486429
v -0.0289856 0.0455733 -0.0485641
v -0.0287758 0.0461739 -0.0484854
v -0.0284672 0.0458593 -0.0486272
v -0.0284672 0.0467378 -0.0484145
v -0.0284549 0.0476449 -0.0481781
v -0.0289732 0.0491077 -0.0476504
v -0.0292262 0.0503539 -0.046965
v -0.0297199 0.0523602 -0.0456968
v -0.0298433 0.0536309 -0.0449563
v -0.0297261 0.0542275 -0.0447909
v -0.0296767 0.05596 -0.0438378
v -0.029794 0.0570796 -0.0430658
v -0.0298433 0.0581133 -0.0422544
v -0.0291337 0.0601032 -0.0414982
v -0.0297878 0.0606916 -0.0403402
v -0.029146 0.0611983 -0.040608
v -0.0295965 0.0611983 -0.0401275
v -0.0298125 0.0616518 -0.0394816
v -0.0292571 0.0619705 -0.0398046
v -0.0289609 0.0625957 -0.0395289
v -0.0284549 0.0626815 -0.0396076
v -0.0275539 0.0632209 -0.0392295
v -0.0266468 0.0632699 -0.0392847
v -0.0239377 0.063417 -0.0394422
v -0.0257458 0.0662854 -0.0360156
v -0.0275539 0.0661996 -0.0359053
v -0.0275539 0.0665428 -0.0354169
v -0.0275539 0.0677319 -0.0337154
v -0.0275539 0.0680506 -0.0332585
v -0.0239377 0.0686594 -0.0328331
v -0.0275539 0.0684224 -0.0326992
v -0.0275539 0.0636458 -0.0387805
v -0.0284549 0.0640177 -0.0382133
v -0.0289177 0.0652721 -0.0367797
v -0.0286338 0.0661015 -0.0357714
v -0.0288128 0.0679566 -0.0331325
v -0.0282142 0.0680138 -0.0332034
v -0.0266468 0.0688392 -0.0321793
v -0.0275539 0.0690353 -0.0316515
v -0.0275539 0.0697218 -0.0303282
v -0.0275539 0.0703633 -0.0290835
v -0.0266098 0.0704858 -0.0290048
v -0.0268874 0.0706697 -0.0285951
v -0.0275539 0.0706411 -0.0285321
v -0.0284549 0.070776 -0.0279492
v -0.0284549 0.0710293 -0.0272796
v -0.0279982 0.0715891 -0.0259247
v -0.0275539 0.0721203 -0.0245698
v -0.0246104 0.0725125 -0.0241681
v -0.0230306 0.0727863 -0.023664
v -0.0284549 0.0729416 -0.0209542
v -0.0230306 0.0730028 -0.0227581
v -0.0280352 0.0725003 -0.0232307
v -0.02864 0.0724553 -0.023018
v -0.0290041 0.0716545 -0.0251921
v -0.0291522 0.0717648 -0.0245698
v -0.0294052 0.0718547 -0.0235931
v -0.0298187 0.0715973 -0.0232386
v -0.0294854 0.0721979 -0.02186
v -0.0296212 0.072296 -0.0209542
v -0.0297323 0.0723981 -0.0200483
v -0.0297878 0.0724635 -0.0194417
v -0.0298248 0.0725166 -0.0188352
v -0.0303123 0.0720426 -0.0137228
v -0.0303062 0.0720426 -0.0146287
v -0.0309109 0.0710089 -0.0128169
v -0.0302444 0.0720426 -0.011013
v -0.0302444 0.0720426 -0.0164326
v -0.0301519 0.0720426 -0.0182444
v -0.0302074 0.0720426 -0.0173385
v -0.0301951 0.0720426 -0.010115
v -0.03001 0.0721121 -0.00837409
v -0.030553 0.0713071 -0.00920908
v -0.0300161 0.0719323 -0.00740518
v -0.0299668 0.0718261 -0.00649928
v -0.029905 0.0717239 -0.00559339
v -0.0298495 0.0716463 -0.00488444
v -0.0298001 0.0715809 -0.00427788
v -0.0295965 0.0722796 -0.00649928
v -0.0292941 0.0718833 -0.00378949
v -0.0289917 0.0725493 -0.00559339
v -0.0284549 0.0729089 -0.00649928
v -0.0289054 0.0724962 -0.00514439
v -0.0275539 0.0728476 -0.00559339
v -0.0266468 0.0726964 -0.00469538
v -0.0266468 0.072537 -0.00410458
v -0.0257458 0.0725738 -0.00398642
v -0.0248387 0.0726106 -0.00387614
v -0.0257458 0.0724349 -0.00352954
v -0.0248387 0.0724676 -0.00341925
v -0.0275539 0.0720876 -0.0028836
v -0.0266468 0.0718424 -0.00197771
v -0.0257458 0.0716749 -0.00130814
v -0.0257458 0.0715074 -0.000851251
v -0.0238884 0.0714338 -0.000252575
v -0.0266468 0.0714706 -0.000953656
v -0.0279118 0.071585 -0.00155233
v -0.0282883 0.0707514 0.000424874
v -0.0284549 0.0701712 0.00163798
v -0.0275539 0.0696932 0.0028117
v -0.0248387 0.0695706 0.00348127
v -0.0239377 0.0696074 0.00355217
v -0.0253077 0.0697831 0.00299288
v -0.0275539 0.0690026 0.0040957
v -0.0248387 0.0688433 0.00474164
v -0.0278748 0.0679689 0.00568692
v -0.0275663 0.06774 0.00607291
v -0.0275539 0.0672334 0.00683701
v -0.0275539 0.0669065 0.00728601
v -0.0257458 0.0665837 0.00796346
v -0.0248387 0.0666695 0.00796346
v -0.0221296 0.0668329 0.00806587
v -0.0230306 0.0663385 0.00862516
v -0.0239377 0.0659136 0.0090269
v -0.0239377 0.0654641 0.00953893
v -0.0248387 0.0650187 0.00994855
v -0.0248387 0.0645652 0.0104527
v -0.0248387 0.0598867 0.0147773
v -0.0248387 0.0593882 0.0151476
v -0.0266468 0.0586935 0.0154784
v -0.0275539 0.0581869 0.0157462
v -0.0266468 0.0582441 0.0157856
v -0.0257458 0.0559559 0.0172902
v -0.0275539 0.0575821 0.0161322
v -0.0275539 0.0570224 0.0164788
v -0.0266468 0.054869 0.0178259
v -0.0275539 0.0540722 0.0181725
v -0.0212225 0.0521641 0.0197007
v -0.0203215 0.0511139 0.020323
v -0.0275539 0.0558251 0.0172114
v -0.0280414 0.0553348 0.0174556
v -0.0284549 0.0606508 0.0137612
v -0.0275539 0.0597151 0.0146434
v -0.0259865 0.0598131 0.0147222
v -0.0275539 0.0621462 0.0125717
v -0.0280723 0.0616641 0.0129419
v -0.0284055 0.0612555 0.0132413
v -0.0257458 0.0645243 0.0104054
v -0.0257458 0.0649779 0.00990128
v -0.0266468 0.064937 0.00985402
v -0.0275539 0.0648962 0.00979888
v -0.0280229 0.065268 0.00932624
v -0.0282019 0.0644017 0.0102636
v -0.0275539 0.0635641 0.0112404
v -0.0266468 0.0636131 0.0112877
v -0.0230306 0.0633639 0.0119415
v -0.0275539 0.0626529 0.0121148
v -0.0257458 0.0627592 0.0122093
v -0.0194144 0.0475795 0.0221584
v -0.0185258 0.0477225 0.0221584
v -0.0212225 0.0497206 0.0209768
v -0.0212225 0.0492711 0.0211973
v -0.0203215 0.0503539 0.0207168
v -0.0158044 0.0346554 0.0283499
v -0.0157859 0.0332212 0.0289801
v -0.0203215 0.0456346 0.0229934
v -0.0203215 0.0467419 0.0224735
v -0.0212225 0.0436774 0.0238284
v -0.0203215 0.0431257 0.0241592
v -0.0170077 0.0426436 0.0246712
v -0.0185135 0.0395096 0.0259395
v -0.0288128 0.0368006 -0.0493991
v -0.0288745 0.0377036 -0.0494149
v -0.0289054 0.0381898 -0.0494228
v -0.0293126 0.0332212 -0.0487847
v -0.0297816 0.0338504 -0.0484775
v -0.0298187 0.0344511 -0.0485326
v -0.029831 0.0349904 -0.0485484
v -0.0293558 0.0358935 -0.0489816
v -0.0289177 0.0387945 -0.0494306
v -0.0292756 0.03953 -0.0491156
v -0.0293558 0.0404126 -0.0489738
v -0.0294422 0.0413034 -0.0488241
v -0.0292694 0.0431257 -0.0487847
v -0.0297199 0.0431257 -0.0484066
v -0.0296644 0.0440288 -0.0483436
v -0.0295533 0.0449318 -0.048249
v -0.0296767 0.0476449 -0.0474613
v -0.0292262 0.0476449 -0.0478473
v -0.0290843 0.0485479 -0.0477291
v -0.0295348 0.0485479 -0.0473353
v -0.0293743 0.0494591 -0.047162
v -0.0297816 0.0498064 -0.0466657
v -0.0296767 0.0503539 -0.0465554
v -0.0298248 0.0517595 -0.0458228
v -0.0300038 0.0539456 -0.0444758
v -0.0298248 0.0553553 -0.0440189
v -0.0299174 0.0530671 -0.0450902
v -0.030263 0.0530671 -0.0444522
v -0.030843 0.0530671 -0.0433415
v -0.0300778 0.0567363 -0.0427192
v -0.0305592 0.0567241 -0.0417503
v -0.0299359 0.0575821 -0.0424356
v -0.0302753 0.0575821 -0.0417424
v -0.0299729 0.0584443 -0.0417266
v -0.030084 0.0603525 -0.0400015
v -0.029905 0.060091 -0.0405765
v -0.029905 0.0611983 -0.0396785
v -0.0299359 0.0628368 -0.0379692
v -0.0298001 0.0643364 -0.0367403
v -0.0296459 0.063086 -0.0382133
v -0.0296212 0.0623219 -0.0390247
v -0.0307875 0.0600174 -0.0387332
v -0.0309233 0.0603075 -0.0381425
v -0.0309233 0.0621136 -0.0363307
v -0.0307875 0.0627224 -0.0360392
v -0.0284549 0.0631351 -0.0391429
v -0.0291398 0.062943 -0.0389617
v -0.0291028 0.0647327 -0.0371342
v -0.0284549 0.0635641 -0.0386939
v -0.0284919 0.0682426 -0.032778
v -0.0275539 0.0687983 -0.0321006
v -0.0295965 0.0648553 -0.0363937
v -0.0297631 0.0651863 -0.0357635
v -0.0291028 0.0654437 -0.0363149
v -0.0290905 0.0663181 -0.0351727
v -0.0289979 0.0671353 -0.0341487
v -0.0291275 0.0681486 -0.0325259
v -0.0289547 0.0689127 -0.0314074
v -0.0284549 0.0687329 -0.0319745
v -0.0284549 0.068974 -0.0315255
v -0.0284549 0.0696605 -0.03021
v -0.0284549 0.0702448 -0.0290835
v -0.0284549 0.0705839 -0.0283982
v -0.0289671 0.0707228 -0.0278232
v -0.0284549 0.0715564 -0.0258302
v -0.0284549 0.0720099 -0.0245698
v -0.0275539 0.0723899 -0.0237506
v -0.0252089 0.072488 -0.0240893
v -0.0239377 0.0727127 -0.023664
v -0.0275539 0.0725207 -0.0233016
v -0.0284549 0.0727413 -0.02186
v -0.0283808 0.0723409 -0.0235852
v -0.0291028 0.0708209 -0.0272796
v -0.0296027 0.0713644 -0.0245698
v -0.0297384 0.0714951 -0.0238451
v -0.0305653 0.0704205 -0.0227581
v -0.0301519 0.0711396 -0.0227581
v -0.0302815 0.0711396 -0.02186
v -0.0299174 0.0717444 -0.02186
v -0.0298063 0.0706779 -0.0259011
v -0.0299482 0.0709108 -0.0245698
v -0.030337 0.0702366 -0.0245698
v -0.0305283 0.0701957 -0.023727
v -0.0307628 0.0698648 -0.0234591
v -0.0299729 0.0718465 -0.0209542
v -0.0300223 0.0719487 -0.0200483
v -0.0309603 0.0703224 -0.0201113
v -0.0305653 0.0713235 -0.0182444
v -0.0309109 0.0710252 -0.0137228
v -0.0309047 0.0710129 -0.0146287
v -0.030627 0.0714379 -0.0155267
v -0.0313059 0.0702366 -0.0128169
v -0.0312873 0.0702366 -0.011911
v -0.0312627 0.0702366 -0.011013
v -0.0312318 0.0702366 -0.010115
v -0.0308924 0.0709843 -0.011911
v -0.0308739 0.0709598 -0.011013
v -0.0308492 0.070919 -0.010115
v -0.0308739 0.0709598 -0.0164326
v -0.0308554 0.0709271 -0.0173385
v -0.0308122 0.0708577 -0.00920908
v -0.0311701 0.0702366 -0.00920908
v -0.0310837 0.0702366 -0.00831107
v -0.0305098 0.0710702 -0.00737367
v -0.0307073 0.0706697 -0.0070507
v -0.030374 0.0711396 -0.00649928
v -0.0302506 0.0711396 -0.00559339
v -0.0300593 0.0712213 -0.00462448
v -0.0300161 0.0710538 -0.00378949
v -0.0299421 0.0708985 -0.0028836
v -0.029868 0.0707719 -0.00215888
v -0.0297446 0.0715033 -0.00378949
v -0.0291213 0.0717403 -0.0028836
v -0.0284549 0.0727087 -0.00559339
v -0.0284549 0.0725493 -0.00493958
v -0.0289794 0.071634 -0.00231643
v -0.0284549 0.0722551 -0.00378949
v -0.0284549 0.0724349 -0.00449057
v -0.0278871 0.0724839 -0.00427788
v -0.0275724 0.0726024 -0.00462448
v -0.0275724 0.0723859 -0.00384463
v -0.0266468 0.0724022 -0.0036477
v -0.0284549 0.0719732 -0.0028836
v -0.0275848 0.0717403 -0.00189893
v -0.0273132 0.0716095 -0.00148144
v -0.0284549 0.0717035 -0.00213525
v -0.0284549 0.0715319 -0.00168625
v -0.0285351 0.0709026 -8.71512e-05
v -0.0285351 0.0705676 0.000724212
v -0.0288868 0.070682 0.000267328
v -0.0289424 0.0698076 0.00212637
v -0.0284549 0.0698607 0.00223666
v -0.0275539 0.0693622 0.00344188
v -0.0266468 0.0694398 0.00344188
v -0.0275539 0.0687207 0.00454471
v -0.0282512 0.0689454 0.00400117
v -0.0284549 0.067928 0.00561602
v -0.0284549 0.0675684 0.00615168
v -0.0284549 0.0671639 0.0067346
v -0.0275539 0.066457 0.00790044
v -0.0257458 0.0662078 0.00846761
v -0.0239377 0.0662977 0.00857002
v -0.0275539 0.0652925 0.00934987
v -0.0266468 0.0653374 0.00939713
v -0.0248387 0.0654232 0.00949166
v -0.0275539 0.0592615 0.0149822
v -0.0275539 0.0586363 0.0154312
v -0.0282204 0.0581174 0.015699
v -0.0284549 0.0569325 0.0164237
v -0.0275539 0.0530671 0.0187002
v -0.0221296 0.050975 0.0202521
v -0.0284549 0.056483 0.0166994
v -0.028387 0.0556903 0.0171878
v -0.0286462 0.0552245 0.0174005
v -0.0281031 0.0535615 0.0183773
v -0.0290843 0.0600419 0.0139817
v -0.0284549 0.0602013 0.0141078
v -0.0286709 0.0615946 0.0128789
v -0.0284549 0.0596006 0.0145647
v -0.0281648 0.0626039 0.0120754
v -0.0275539 0.0661179 0.00834945
v -0.0284549 0.0663753 0.00778229
v -0.0284549 0.066028 0.00823129
v -0.0283746 0.0655172 0.00890086
v -0.0286277 0.0651944 0.00922383
v -0.0288066 0.0643364 0.0101927
v -0.0282019 0.0635151 0.0111853
v -0.0275539 0.0631065 0.0116894
v -0.0257458 0.0632086 0.0117918
v -0.0221296 0.0496307 0.0209374
v -0.0221296 0.0503539 0.020575
v -0.0243388 0.0507993 0.0201575
v -0.0221296 0.0491812 0.0211501
v -0.0221296 0.0485479 0.0214494
v -0.0212225 0.0478655 0.021859
v -0.0164277 0.0345859 0.0283184
v -0.0203215 0.0413197 0.0249627
v -0.0167054 0.0332212 0.0288699
v -0.0167177 0.0349291 0.0281373
v -0.0189578 0.038153 0.0264909
v -0.0212225 0.0441309 0.0236157
v -0.0218211 0.0436161 0.0237969
v -0.0203215 0.0423126 0.0245216
v -0.0194144 0.0413197 0.0250494
v -0.0194144 0.041953 0.0247658
v -0.0297384 0.0332212 -0.0484223
v -0.0297508 0.0332212 -0.0484066
v -0.030047 0.0332212 -0.0479418
v -0.0301149 0.0349904 -0.0480679
v -0.0305221 0.0340874 -0.047288
v -0.0311763 0.0349904 -0.0462561
v -0.0305468 0.0349904 -0.0473353
v -0.0301395 0.0358935 -0.0480679
v -0.0298433 0.0358935 -0.0485641
v -0.0293558 0.0377036 -0.0490289
v -0.0292756 0.0385371 -0.0491156
v -0.0298619 0.0395096 -0.0485878
v -0.0298372 0.0404126 -0.0485563
v -0.0298187 0.0409928 -0.0485326
v -0.0297631 0.0422227 -0.0484617
v -0.0299791 0.0440288 -0.0478946
v -0.0299236 0.0449318 -0.0478
v -0.0298619 0.0458389 -0.0476898
v -0.0298248 0.0463578 -0.0476267
v -0.0297631 0.0469625 -0.047548
v -0.0298557 0.0492017 -0.0467839
v -0.0301951 0.051261 -0.0453581
v -0.0299914 0.0521028 -0.0453817
v -0.0300531 0.0494836 -0.046327
v -0.0309233 0.0539619 -0.0426798
v -0.0308801 0.055723 -0.0417503
v -0.0305098 0.0521804 -0.0444049
v -0.0306826 0.0524909 -0.043948
v -0.0311886 0.0530671 -0.0426404
v -0.0309418 0.0521804 -0.0436014
v -0.0307937 0.0564585 -0.0414509
v -0.0309665 0.0567241 -0.0408916
v -0.0311146 0.0575821 -0.0399306
v -0.0308986 0.0593677 -0.0390326
v -0.0305407 0.0630166 -0.0363307
v -0.0300963 0.063985 -0.0363937
v -0.0299174 0.0645856 -0.0361416
v -0.0312565 0.0593882 -0.0381267
v -0.0312688 0.0602953 -0.0372208
v -0.0312688 0.0611983 -0.0363149
v -0.0312627 0.0621013 -0.0354169
v -0.0309047 0.0630166 -0.035409
v -0.0306579 0.063323 -0.0357084
v -0.030047 0.0648553 -0.0354405
v -0.0298804 0.0654069 -0.035157
v -0.0298063 0.0670618 -0.0331404
v -0.0296952 0.0660076 -0.0347473
v -0.0294299 0.0657542 -0.0354642
v -0.0291954 0.0673355 -0.0336051
v -0.0294669 0.0676093 -0.0328331
v -0.0297261 0.0678626 -0.0320533
v -0.0293435 0.0683897 -0.0317303
v -0.0291213 0.0690476 -0.0308953
v -0.0289794 0.0698321 -0.029635
v -0.0291522 0.0699751 -0.0290835
v -0.0297631 0.0697136 -0.0284927
v -0.0295533 0.0704205 -0.0272796
v -0.0297323 0.070588 -0.0263737
v -0.0308183 0.069971 -0.0227581
v -0.0308862 0.0700854 -0.02186
v -0.030627 0.070539 -0.02186
v -0.0309479 0.0701835 -0.0209542
v -0.0303926 0.0711396 -0.0209542
v -0.0298495 0.0698484 -0.0278941
v -0.0299174 0.0699669 -0.0272796
v -0.0307073 0.0697667 -0.0240657
v -0.0309665 0.0694112 -0.023727
v -0.0311701 0.0693295 -0.0227581
v -0.0311022 0.0702366 -0.0191424
v -0.0311763 0.0702366 -0.0182444
v -0.0313059 0.0702366 -0.0137228
v -0.0312997 0.0702366 -0.0146287
v -0.0312688 0.0702366 -0.0164326
v -0.0315033 0.0693295 -0.011013
v -0.031491 0.0693295 -0.010115
v -0.0314725 0.0693295 -0.00920908
v -0.0314293 0.0693295 -0.00831107
v -0.0313799 0.0693295 -0.00740518
v -0.0313244 0.0693295 -0.00649928
v -0.031238 0.0702366 -0.0173385
v -0.0312441 0.0693295 -0.00559339
v -0.0309294 0.0701631 -0.00649928
v -0.0309418 0.0703142 -0.00737367
v -0.0308677 0.0700486 -0.00559339
v -0.0309356 0.069399 -0.00378161
v -0.0307937 0.069922 -0.00469538
v -0.0305036 0.0701753 -0.00378161
v -0.0303185 0.0702366 -0.0028836
v -0.0300717 0.0703183 -0.00190681
v -0.0298001 0.0706738 -0.00156021
v -0.029578 0.0713521 -0.0028836
v -0.0292509 0.0709435 -0.00107969
v -0.029072 0.0708005 -0.000331348
v -0.029109 0.0699342 0.00163798
v -0.029109 0.0690353 0.00326858
v -0.0290658 0.0680914 0.00500159
v -0.028856 0.0688637 0.00386726
v -0.0285166 0.0691497 0.00351278
v -0.0284549 0.0696196 0.00269354
v -0.0285166 0.068688 0.00432414
v -0.0284549 0.0681977 0.00516702
v -0.0289424 0.0670985 0.00664007
v -0.0269245 0.0661506 0.00838884
v -0.0284549 0.0591471 0.0148955
v -0.0284919 0.0584443 0.0153918
v -0.028819 0.0579989 0.0156202
v -0.0290226 0.0563604 0.0166285
v -0.0275539 0.0518453 0.0193304
v -0.0266468 0.0519271 0.0193698
v -0.0290473 0.0546239 0.0175502
v -0.0287079 0.0534226 0.0183064
v -0.028424 0.0530998 0.0185427
v -0.0281216 0.0517718 0.019291
v -0.029146 0.0609899 0.0131546
v -0.0294175 0.060332 0.0134146
v -0.0296891 0.0596374 0.0136745
v -0.0298125 0.0580398 0.0147458
v -0.0291337 0.0573983 0.0158329
v -0.0289856 0.0590204 0.014801
v -0.0287696 0.0625099 0.0119809
v -0.0284857 0.0630125 0.011587
v -0.0290288 0.066265 0.00763262
v -0.0291028 0.0654273 0.00862516
v -0.0291584 0.0645938 0.00959407
v -0.0291707 0.0637357 0.0104921
v -0.0288004 0.0634211 0.0110908
v -0.0248387 0.0507462 0.0201339
v -0.0208646 0.0417978 0.0246949
v -0.0199143 0.0399754 0.0255929
v -0.0185135 0.0332212 0.0286414
v -0.0203215 0.0340874 0.0280427
v -0.0239377 0.0433096 0.023663
v -0.0246289 0.0427539 0.0238126
v -0.0257458 0.0501905 0.0202993
v -0.0266468 0.0500883 0.0202521
v -0.0275539 0.0504357 0.0199921
v -0.0278995 0.0480739 0.0210556
v -0.0270664 0.0462802 0.0219693
v -0.026184 0.0444782 0.0228752
v -0.0257458 0.0506441 0.0200866
v -0.0304913 0.0332212 -0.0471935
v -0.0310405 0.0332212 -0.0462561
v -0.0307875 0.0340874 -0.0468311
v -0.0312009 0.0358935 -0.0462561
v -0.0308245 0.0358935 -0.046902
v -0.0311207 0.0340874 -0.0462561
v -0.0314108 0.0332212 -0.0453581
v -0.0314478 0.0340874 -0.0453581
v -0.0301704 0.0377036 -0.0480679
v -0.0308369 0.0368006 -0.0469178
v -0.0308554 0.0386066 -0.0469414
v -0.0305839 0.0386066 -0.0473983
v -0.0298619 0.0386066 -0.0485878
v -0.0301827 0.0386066 -0.0480679
v -0.0301766 0.0395096 -0.0480679
v -0.0301334 0.0404126 -0.0480679
v -0.0300285 0.0413034 -0.0481466
v -0.0304728 0.0431257 -0.0472014
v -0.0300161 0.0431257 -0.0479497
v -0.0307196 0.043612 -0.0467208
v -0.0302938 0.0449318 -0.047162
v -0.0301704 0.0458389 -0.047162
v -0.0304789 0.047604 -0.0461852
v -0.0299914 0.0476449 -0.0470044
v -0.0299174 0.0485479 -0.0468863
v -0.0302815 0.0485479 -0.0462561
v -0.0308307 0.051261 -0.044208
v -0.0308739 0.0485479 -0.0451848
v -0.031096 0.0494509 -0.0444522
v -0.0311331 0.054869 -0.0417424
v -0.031275 0.0557761 -0.0408365
v -0.0307566 0.0518903 -0.0440741
v -0.0311824 0.051261 -0.0435463
v -0.0313614 0.0521641 -0.0426404
v -0.0313367 0.0539701 -0.0417424
v -0.0312009 0.0584852 -0.0390247
v -0.030769 0.0635682 -0.0351097
v -0.0314478 0.0584852 -0.0381267
v -0.0314169 0.0575821 -0.0390247
v -0.0314601 0.0593882 -0.0372208
v -0.0314601 0.0611983 -0.0354169
v -0.031454 0.0621013 -0.034511
v -0.0314293 0.0630043 -0.0336051
v -0.0312195 0.0630043 -0.034511
v -0.0311454 0.0639073 -0.0336051
v -0.0308554 0.0638869 -0.034448
v -0.030985 0.0648798 -0.0327622
v -0.030806 0.0654519 -0.0325023
v -0.0302876 0.0657174 -0.0336051
v -0.0301025 0.0667022 -0.0327859
v -0.0299112 0.0672579 -0.0325338
v -0.0298433 0.0680261 -0.0314467
v -0.0297446 0.0687861 -0.0302809
v -0.0296027 0.0695583 -0.0290835
v -0.0300346 0.0693826 -0.0281855
v -0.0298557 0.0689495 -0.0296822
v -0.0299421 0.0691089 -0.0290835
v -0.031275 0.0693295 -0.02186
v -0.0307813 0.0680955 -0.0279728
v -0.0308615 0.0682426 -0.0272796
v -0.0306147 0.0686962 -0.0272796
v -0.0302691 0.0693295 -0.0272796
v -0.0309356 0.0684796 -0.0263659
v -0.0309047 0.0692192 -0.0245698
v -0.0311516 0.0684265 -0.0254679
v -0.0312935 0.0684265 -0.0245698
v -0.0313429 0.0693295 -0.0209542
v -0.0315033 0.0693295 -0.0164326
v -0.031491 0.0693295 -0.0173385
v -0.0314725 0.0693295 -0.0182444
v -0.0315033 0.0684265 -0.00649928
v -0.031491 0.0684265 -0.00559339
v -0.0315095 0.0349904 -0.0444522
v -0.0314416 0.0684265 -0.00469538
v -0.0313676 0.0684265 -0.00378949
v -0.0313984 0.0693295 -0.0200483
v -0.0314416 0.0693295 -0.0191424
v -0.031275 0.0684265 -0.0028836
v -0.0311207 0.0693295 -0.00469538
v -0.0308924 0.0691947 -0.0028836
v -0.0307937 0.0690271 -0.00197771
v -0.0297014 0.0705635 -0.00107969
v -0.0304728 0.06926 -0.00111908
v -0.029831 0.0698117 0.000361856
v -0.0297446 0.069685 0.000968409
v -0.0294114 0.0700854 0.000692703
v -0.0295595 0.0695215 0.00163798
v -0.0297076 0.0687534 0.00278807
v -0.0296644 0.0678054 0.00452895
v -0.0294237 0.0675602 0.00530881
v -0.0291337 0.0672742 0.00615168
v -0.0296335 0.0659626 0.00723875
v -0.0296582 0.0557761 0.0163607
v -0.0292077 0.0557761 0.0167939
v -0.0297384 0.0569652 0.0155414
v -0.0280599 0.0499249 0.0201733
v -0.0275539 0.051261 0.0196061
v -0.029794 0.0552735 0.0165182
v -0.0296829 0.0539701 0.017306
v -0.0292324 0.0539701 0.0177156
v -0.0290473 0.0528219 0.018456
v -0.0287264 0.0516165 0.0192123
v -0.0284364 0.0521109 0.019039
v -0.0286585 0.0498023 0.0201103
v -0.0291584 0.0619052 0.0122802
v -0.0294546 0.0612759 0.0125559
v -0.0297508 0.0606262 0.0128316
v -0.0309047 0.0566628 0.0133988
v -0.0307566 0.0563522 0.0139266
v -0.0308554 0.0557761 0.0141156
v -0.0306332 0.0557761 0.0145725
v -0.0303185 0.0557761 0.0151948
v -0.0300161 0.056671 0.0152185
v -0.0298557 0.0563645 0.0157226
v -0.0298495 0.0590327 0.013903
v -0.0299853 0.0593555 0.0133752
v -0.0303 0.0584852 0.0133831
v -0.0307011 0.0579867 0.0128947
v -0.0309788 0.0576434 0.0125481
v -0.0293682 0.065697 0.00793983
v -0.0297076 0.0651209 0.00823917
v -0.0294299 0.0648553 0.00892449
v -0.0297631 0.0642751 0.00922383
v -0.0294669 0.0640054 0.00987765
v -0.0297755 0.0633966 0.0101534
v -0.0194946 0.0332212 0.0285154
v -0.0212225 0.0334214 0.0282082
v -0.0248942 0.0430808 0.0236393
v -0.0266468 0.0505419 0.0200394
v -0.0284549 0.0485479 0.0207168
v -0.0284549 0.0479268 0.0209925
v -0.0284549 0.0474733 0.0211895
v -0.0284549 0.0467419 0.0215046
v -0.0282759 0.0455733 0.0220481
v -0.0275539 0.0457449 0.0221269
v -0.0275539 0.0461984 0.0219299
v -0.0275539 0.0467419 0.0216936
v -0.0275663 0.0421696 0.0236236
v -0.0257458 0.0431257 0.0235054
v -0.0252336 0.0426558 0.0237732
v -0.031059 0.0332212 -0.0462167
v -0.0312318 0.0377036 -0.0462561
v -0.0314725 0.0349904 -0.0453581
v -0.0315095 0.0332212 -0.0444522
v -0.031238 0.0386066 -0.0462561
v -0.0312256 0.0395096 -0.0462561
v -0.030843 0.0395096 -0.0469335
v -0.0308183 0.0404126 -0.0468941
v -0.0310899 0.0422227 -0.0462561
v -0.0310282 0.0431257 -0.0462561
v -0.0309109 0.0439593 -0.0463112
v -0.0306826 0.0442167 -0.0466499
v -0.0310837 0.0467419 -0.0453581
v -0.0306826 0.0478819 -0.0457519
v -0.0309171 0.047604 -0.0454132
v -0.0312565 0.0485479 -0.0444522
v -0.0314293 0.054869 -0.0408365
v -0.0313552 0.0566791 -0.0399306
v -0.0313244 0.0503539 -0.0435463
v -0.0314293 0.0494509 -0.0435463
v -0.0314601 0.051261 -0.0426404
v -0.0314601 0.0530671 -0.0417424
v -0.0314786 0.0557761 -0.0399306
v -0.0314972 0.0566791 -0.0390247
v -0.0315033 0.0575821 -0.0381267
v -0.0315033 0.0602953 -0.0354169
v -0.0315033 0.0630043 -0.0326992
v -0.0314848 0.0639073 -0.0318012
v -0.0314478 0.0648144 -0.0308953
v -0.0313799 0.0639073 -0.0326992
v -0.0312997 0.0648144 -0.0318012
v -0.0309047 0.0657379 -0.0317776
v -0.0306579 0.0660525 -0.032069
v -0.0307505 0.0662364 -0.0314625
v -0.0299976 0.0675439 -0.0317697
v -0.0309541 0.0666695 -0.0300131
v -0.0308615 0.0673519 -0.0290835
v -0.0300285 0.0684633 -0.0299816
v -0.0303 0.0684265 -0.0290835
v -0.0309726 0.067597 -0.0282328
v -0.0313922 0.0684265 -0.023664
v -0.0312318 0.0675235 -0.0272796
v -0.0313614 0.0675235 -0.0263737
v -0.0314601 0.0684265 -0.0227581
v -0.0314972 0.0684265 -0.02186
v -0.0315033 0.0684265 -0.0209542
v -0.0315033 0.0666205 -0.00107969
v -0.0314972 0.0675235 -0.0028836
v -0.0315033 0.0666205 -0.0263737
v -0.0315033 0.0657174 -0.0281855
v -0.0315033 0.0648144 -0.0299894
v -0.0315033 0.0521641 -0.0417424
v -0.0315033 0.0503539 -0.0426404
v -0.0315033 0.0476449 -0.0435463
v -0.0315033 0.0449318 -0.0444522
v -0.0314972 0.0386066 -0.0453581
v -0.0315095 0.0332212 -0.0435069
v -0.0315033 0.054869 0.0124772
v -0.0315033 0.0575821 0.0106733
v -0.0315033 0.0602953 0.00796346
v -0.0315033 0.0621013 0.00615168
v -0.0315033 0.0657174 0.000732089
v -0.0314354 0.0675235 -0.00197771
v -0.0313305 0.0675235 -0.00107969
v -0.0311824 0.0675235 -0.000173802
v -0.0311207 0.0684265 -0.00197771
v -0.0308369 0.0681977 -0.000173802
v -0.0299976 0.0693622 0.000692703
v -0.0299174 0.0690721 0.00163798
v -0.0298433 0.0689291 0.00218151
v -0.0298187 0.0679893 0.0039224
v -0.0297755 0.0670168 0.0056239
v -0.0295842 0.0668207 0.00615168
v -0.0298248 0.0661955 0.00664007
v -0.0300778 0.0549303 0.0161716
v -0.0298865 0.0546688 0.0166679
v -0.0298001 0.053492 0.017432
v -0.0298063 0.0516982 0.0183458
v -0.0296891 0.0521641 0.0182197
v -0.0292324 0.0521641 0.0186215
v -0.0290411 0.0510118 0.0193619
v -0.0290288 0.0491976 0.0202521
v -0.0297693 0.0624772 0.0110514
v -0.0297631 0.0615579 0.0119415
v -0.0298989 0.0609572 0.0122251
v -0.0300285 0.0603116 0.0125087
v -0.0298804 0.0600256 0.013068
v -0.0311948 0.0557761 0.0133831
v -0.0309911 0.0549466 0.0143677
v -0.0307073 0.055298 0.0147222
v -0.0304481 0.0593269 0.0124141
v -0.0308245 0.0584852 0.0122566
v -0.0311269 0.0584852 0.0115791
v -0.029868 0.065362 0.00764049
v -0.029905 0.0636744 0.00955468
v -0.0298927 0.0645161 0.00861728
v -0.0300408 0.0639482 0.00890086
v -0.0299174 0.0627959 0.0104527
v -0.0208337 0.0332212 0.0283421
v -0.0214632 0.0332212 0.0282554
v -0.0289609 0.0472894 0.0211028
v -0.0288807 0.0453649 0.0219615
v -0.0281093 0.0436488 0.0229067
v -0.0278748 0.0417201 0.0237575
v -0.0314848 0.0358935 -0.0453581
v -0.0314972 0.0377036 -0.0453581
v -0.031491 0.0395096 -0.0453581
v -0.0311886 0.0404126 -0.0462561
v -0.0314786 0.0404126 -0.0453581
v -0.0314601 0.0413197 -0.0453581
v -0.0314354 0.0422227 -0.0453581
v -0.0311392 0.0413197 -0.0462561
v -0.0313491 0.0440288 -0.0453581
v -0.0312812 0.0449318 -0.0453581
v -0.0312009 0.0458389 -0.0453581
v -0.0313552 0.0476449 -0.0444522
v -0.0314293 0.0467419 -0.0444522
v -0.031491 0.0485479 -0.0435463
v -0.0314972 0.0539701 -0.0408365
v -0.0314725 0.0657174 -0.0290835
v -0.0313676 0.0657174 -0.0299894
v -0.0311701 0.0657174 -0.0308953
v -0.0308369 0.0663957 -0.0308953
v -0.0312256 0.0666205 -0.0290835
v -0.030627 0.0678013 -0.0290835
v -0.031454 0.0675235 -0.0254679
v -0.0313861 0.0666205 -0.0281855
v -0.0314972 0.0675235 -0.0245698
v -0.0314601 0.0666205 -0.000173802
v -0.0314786 0.0666205 -0.0272796
v -0.0314786 0.0458389 -0.0444522
v -0.0315033 0.0332212 0.0170381
v -0.0315033 0.0440288 0.0169987
v -0.0315033 0.0494509 0.0151948
v -0.0315033 0.051261 0.0142889
v -0.0315033 0.0530671 0.0133831
v -0.031491 0.0521641 0.0142889
v -0.0314848 0.0539701 0.0133831
v -0.0314786 0.0566791 0.0115791
v -0.0314169 0.0584852 0.0106733
v -0.0314416 0.0602953 0.00886148
v -0.0314354 0.0611983 0.00796346
v -0.031491 0.0630043 0.00524579
v -0.0314972 0.0648144 0.00253599
v -0.0313552 0.0666205 0.000732089
v -0.0311763 0.0666205 0.00163798
v -0.0309418 0.0675766 0.000747844
v -0.0307628 0.0680587 0.000456383
v -0.0302568 0.0684265 0.00163798
v -0.0300038 0.0684428 0.00250448
v -0.0302074 0.0675235 0.00344188
v -0.0299606 0.0675112 0.004269
v -0.0298865 0.0672048 0.00501735
v -0.0299112 0.0663712 0.00615168
v -0.0300593 0.0666777 0.00529305
v -0.0303432 0.0648144 0.00705757
v -0.0299482 0.0656848 0.00698668
v -0.0304481 0.0539047 0.0160141
v -0.0305715 0.0549466 0.0151948
v -0.0307937 0.0546974 0.0149034
v -0.0306456 0.054158 0.0155021
v -0.0300902 0.0531406 0.0170775
v -0.029794 0.0498391 0.019228
v -0.0292201 0.0503539 0.0195274
v -0.0299914 0.0521641 0.0177628
v -0.0304543 0.0521069 0.0169278
v -0.0300902 0.0513428 0.0179913
v -0.029183 0.0485479 0.0203939
v -0.0290966 0.0467419 0.021221
v -0.0299112 0.0618766 0.0113428
v -0.0300531 0.0612351 0.0116185
v -0.0305036 0.0611819 0.0106496
v -0.0304789 0.0602544 0.0115319
v -0.0308369 0.0593269 0.0115319
v -0.0312935 0.0566791 0.0124772
v -0.0313922 0.054869 0.0133831
v -0.031275 0.0539701 0.0142889
v -0.0311022 0.0530671 0.0151948
v -0.030732 0.0589796 0.0120675
v -0.0313737 0.0575821 0.0115791
v -0.0311763 0.0593882 0.0106733
v -0.03001 0.0648185 0.00794771
v -0.0308492 0.0629675 0.00790832
v -0.0304913 0.0629675 0.00882997
v -0.0300655 0.0630574 0.00982251
v -0.0304666 0.0638542 0.00790832
v -0.0305098 0.0620809 0.00975161
v -0.0306456 0.0614721 0.0100431
v -0.0300717 0.0621462 0.0107205
v -0.0221235 0.0332212 0.0281451
v -0.0290411 0.0447642 0.0220796
v -0.0289732 0.0428152 0.0229304
v -0.0287141 0.0434199 0.0228122
v -0.0282512 0.0411195 0.0238756
v -0.0280723 0.0391337 0.0247106
v -0.0266468 0.033307 0.0272629
v -0.0256471 0.0332212 0.0275071
v -0.0313984 0.0431257 -0.0453581
v -0.0314478 0.0657174 0.00163798
v -0.0314293 0.0332212 0.0179046
v -0.0314663 0.0368006 0.0179046
v -0.0314725 0.0377036 0.0179046
v -0.0314601 0.0395096 0.0179046
v -0.0314478 0.0404126 0.0179046
v -0.0314293 0.0413197 0.0179046
v -0.0314848 0.0449318 0.0169987
v -0.0314972 0.0476449 0.0160929
v -0.0314848 0.0503539 0.0151948
v -0.0314169 0.051261 0.0151948
v -0.0314169 0.0530671 0.0142889
v -0.0314478 0.0557761 0.0124772
v -0.0312071 0.0602953 0.00976737
v -0.0312133 0.0611983 0.00886148
v -0.0314231 0.0621013 0.00705757
v -0.0314663 0.0639073 0.00434778
v -0.0314231 0.0648144 0.00344188
v -0.0313244 0.0657174 0.00253599
v -0.0311207 0.0657174 0.00344188
v -0.0309171 0.0666531 0.00252812
v -0.0308369 0.0673028 0.00163798
v -0.0305777 0.0668002 0.00344188
v -0.030732 0.0662037 0.00395391
v -0.0304481 0.066551 0.00429264
v -0.0308615 0.0657011 0.00429264
v -0.0309356 0.0648512 0.00526942
v -0.0310096 0.0639972 0.00624621
v -0.030843 0.0637275 0.00705757
v -0.0306517 0.0523724 0.0164237
v -0.0307937 0.0530671 0.0157935
v -0.030553 0.051261 0.0171484
v -0.0303679 0.0503539 0.0179046
v -0.0300531 0.049504 0.0188814
v -0.0298372 0.0473098 0.0202048
v -0.0297569 0.0479146 0.0200788
v -0.0296335 0.0485479 0.0199449
v -0.030732 0.0517677 0.0165734
v -0.0291892 0.0440288 0.0222372
v -0.0307628 0.0608673 0.0103345
v -0.0308615 0.0602544 0.0106496
v -0.0312935 0.0521641 0.0151948
v -0.031096 0.051261 0.0160929
v -0.0311578 0.0630043 0.00705757
v -0.0308677 0.0620809 0.00882997
v -0.0307628 0.0617662 0.0094444
v -0.0308801 0.0611819 0.00975161
v -0.0290843 0.0422227 0.0230406
v -0.0289979 0.0401961 0.0238599
v -0.0289054 0.0381571 0.0246791
v -0.028856 0.0408008 0.0237496
v -0.0285166 0.041381 0.0236708
v -0.0279674 0.0345165 0.026483
v -0.02698 0.0332212 0.0272156
v -0.0267147 0.0332212 0.0272786
v -0.0266468 0.0332212 0.0272944
v -0.0314231 0.0332212 0.017944
v -0.031275 0.0368006 0.0188026
v -0.0312812 0.0377036 0.0188026
v -0.0312441 0.0404126 0.0188026
v -0.0313552 0.0431257 0.0179046
v -0.0314416 0.0458389 0.0169987
v -0.0314601 0.0485479 0.0160929
v -0.0313799 0.0494509 0.0160929
v -0.0312627 0.0503539 0.0160929
v -0.0311886 0.0621013 0.00796346
v -0.0313984 0.0630043 0.00615168
v -0.0313305 0.0639073 0.00524579
v -0.031238 0.0648144 0.00434778
v -0.030806 0.0663508 0.00344188
v -0.0306579 0.0503539 0.0173453
v -0.0308924 0.0503539 0.0168885
v -0.0309665 0.0495286 0.0170854
v -0.0298001 0.0453322 0.0210477
v -0.0296459 0.0440288 0.0217173
v -0.0311886 0.0485479 0.0169987
v -0.0292201 0.0413197 0.0232061
v -0.0291028 0.0395096 0.0239859
v -0.0297569 0.043281 0.021859
v -0.0289794 0.0377036 0.0247579
v -0.0289115 0.0354603 0.0255929
v -0.028171 0.0339117 0.0265933
v -0.027486 0.0332212 0.0270896
v -0.0273626 0.0332212 0.0271211
v -0.0312318 0.0332212 0.018842
v -0.0301334 0.0332212 0.0233242
v -0.0299174 0.0332212 0.0241592
v -0.0299112 0.0332212 0.0241829
v -0.0311886 0.0413197 0.0188026
v -0.031312 0.0440288 0.0179046
v -0.0297878 0.0332212 0.0246161
v -0.0313861 0.0467419 0.0169987
v -0.031312 0.0476449 0.0169987
v -0.0298125 0.0426804 0.0219693
v -0.030732 0.0472976 0.0184009
v -0.0310467 0.0467419 0.0179046
v -0.029109 0.0368006 0.0249154
v -0.0296705 0.0413197 0.0226231
v -0.0289794 0.0349904 0.0256717
v -0.0288066 0.0332212 0.0264121
v -0.028424 0.0332212 0.0266642
v -0.0312503 0.0449318 0.0179046
v -0.0295965 0.0332212 0.025136
v -0.0298187 0.036441 0.0237969
v -0.0311578 0.0458389 0.0179046
v -0.0298063 0.0399182 0.0228595
v -0.0297631 0.0404126 0.0227728
v -0.0290966 0.0340874 0.0258135
v -0.0291152 0.0332212 0.026034
v -0.029794 0.0370416 0.023726
v -0.0294916 0.0340874 0.025136
v -0.0297508 0.0377036 0.0236314
v -0.0293373 0.0349904 0.025136
f 1 2 3
f 1 3 4
f 1 4 5
f 1 5 6
f 1 6 7
f 1 7 8
f 1 8 9
f 1 9 10
f 1 10 11
f 1 11 12
f 1 12 13
f 1 13 14
f 1 14 51
f 1 51 15
f 1 15 16
f 1 16 17
f 1 17 18
f 1 18 19
f 1 19 20
f 1 20 21
f 1 21 22
f 1 22 23
f 1 23 24
f 1 24 25
f 1 25 26
f 1 26 27
f 1 27 28
f 1 28 29
f 1 29 30
f 1 30 2
f 2 31 32
f 2 32 33
f 2 33 3
f 2 30 76
f 2 76 34
f 2 34 35
f 2 35 31
f 3 33 36
f 3 36 4
f 4 36 37
f 4 37 5
f 5 37 38
f 5 38 6
f 6 39 7
f 6 38 40
f 6 40 90
f 6 90 39
f 7 39 8
f 8 39 41
f 8 41 42
f 8 42 93
f 8 93 43
f 8 43 9
f 9 43 44
f 9 44 45
f 9 45 10
f 10 45 11
f 11 45 12
f 12 45 46
f 12 46 47
f 12 47 13
f 13 47 48
f 13 48 101
f 13 101 49
f 13 49 50
f 13 50 14
f 14 50 52
f 14 52 103
f 14 103 51
f 15 51 53
f 15 53 102
f 15 102 171
f 15 171 105
f 15 105 169
f 15 169 257
f 15 257 374
f 15 374 516
f 15 516 662
f 15 662 784
f 15 784 940
f 15 940 1133
f 15 1133 1350
f 15 1350 1586
f 15 1586 1585
f 15 1585 1584
f 15 1584 1583
f 15 1583 1792
f 15 1792 1790
f 15 1790 1789
f 15 1789 1787
f 15 1787 1574
f 15 1574 1786
f 15 1786 1947
f 15 1947 2110
f 15 2110 2273
f 15 2273 2433
f 15 2433 2610
f 15 2610 2777
f 15 2777 2983
f 15 2983 3172
f 15 3172 3342
f 15 3342 3543
f 15 3543 3743
f 15 3743 3918
f 15 3918 4102
f 15 4102 4239
f 15 4239 4375
f 15 4375 4488
f 15 4488 4489
f 15 4489 4579
f 15 4579 4586
f 15 4586 4643
f 15 4643 4642
f 15 4642 4641
f 15 4641 4671
f 15 4671 4670
f 15 4670 4688
f 15 4688 4687
f 15 4687 4696
f 15 4696 4690
f 15 4690 4678
f 15 4678 4675
f 15 4675 4674
f 15 4674 4673
f 15 4673 4672
f 15 4672 4644
f 15 4644 4589
f 15 4589 4521
f 15 4521 4446
f 15 4446 4393
f 15 4393 4256
f 15 4256 4390
f 15 4390 4251
f 15 4251 4250
f 15 4250 4112
f 15 4112 4111
f 15 4111 4110
f 15 4110 3928
f 15 3928 3749
f 15 3749 3745
f 15 3745 3550
f 15 3550 3744
f 15 3744 3544
f 15 3544 3343
f 15 3343 3174
f 15 3174 2986
f 15 2986 2781
f 15 2781 2780
f 15 2780 2778
f 15 2778 2611
f 15 2611 2434
f 15 2434 2274
f 15 2274 2114
f 15 2114 2113
f 15 2113 2112
f 15 2112 2111
f 15 2111 1949
f 15 1949 1797
f 15 1797 1796
f 15 1796 1795
f 15 1795 1602
f 15 1602 1596
f 15 1596 1595
f 15 1595 1592
f 15 1592 1591
f 15 1591 1590
f 15 1590 1589
f 15 1589 1588
f 15 1588 1587
f 15 1587 1352
f 15 1352 1135
f 15 1135 941
f 15 941 785
f 15 785 663
f 15 663 518
f 15 518 517
f 15 517 375
f 15 375 258
f 15 258 172
f 15 172 106
f 15 106 54
f 15 54 16
f 16 54 17
f 17 54 55
f 17 55 56
f 17 56 57
f 17 57 58
f 17 58 59
f 17 59 18
f 18 59 19
f 19 59 60
f 19 60 20
f 20 60 61
f 20 61 21
f 21 62 63
f 21 63 22
f 21 61 62
f 22 63 64
f 22 64 65
f 22 65 66
f 22 66 23
f 23 66 24
f 24 66 25
f 25 66 67
f 25 67 68
f 25 68 69
f 25 69 26
f 26 70 71
f 26 71 27
f 26 69 72
f 26 72 70
f 27 71 28
f 28 71 73
f 28 73 74
f 28 74 29
f 29 74 75
f 29 75 30
f 30 75 76
f 31 77 78
f 31 78 32
f 31 35 79
f 31 79 80
f 31 80 77
f 32 78 33
f 33 81 36
f 33 78 82
f 33 82 83
f 33 83 81
f 34 76 79
f 34 79 35
f 36 84 37
f 36 81 84
f 37 85 86
f 37 86 38
f 37 84 87
f 37 87 85
f 38 86 88
f 38 88 89
f 38 89 40
f 39 90 91
f 39 91 41
f 40 89 90
f 41 91 42
f 42 92 93
f 42 91 92
f 43 94 44
f 43 93 94
f 44 94 95
f 44 95 45
f 45 95 96
f 45 96 46
f 46 96 97
f 46 97 47
f 47 97 48
f 48 97 98
f 48 98 99
f 48 99 100
f 48 100 101
f 49 101 104
f 49 104 52
f 49 52 50
f 51 102 53
f 51 103 102
f 52 104 105
f 52 105 103
f 54 106 107
f 54 107 108
f 54 108 109
f 54 109 110
f 54 110 55
f 55 110 111
f 55 111 56
f 56 111 57
f 57 112 58
f 57 111 113
f 57 113 180
f 57 180 112
f 58 112 114
f 58 114 115
f 58 115 116
f 58 116 59
f 59 116 117
f 59 117 60
f 60 117 118
f 60 118 61
f 61 118 119
f 61 119 62
f 62 120 121
f 62 121 122
f 62 122 63
f 62 119 120
f 63 122 64
f 64 123 124
f 64 124 65
f 64 122 123
f 65 124 66
f 66 124 67
f 67 124 125
f 67 125 68
f 68 125 126
f 68 126 127
f 68 127 69
f 69 127 72
f 70 128 71
f 70 72 128
f 71 129 73
f 71 128 129
f 72 127 130
f 72 130 131
f 72 131 132
f 72 132 128
f 73 133 74
f 73 129 133
f 74 134 135
f 74 135 75
f 74 133 134
f 75 135 211
f 75 211 136
f 75 136 76
f 76 137 79
f 76 136 137
f 77 80 138
f 77 138 139
f 77 139 140
f 77 140 78
f 78 140 82
f 79 137 141
f 79 141 80
f 80 141 142
f 80 142 138
f 81 143 84
f 81 83 144
f 81 144 143
f 82 140 83
f 83 140 144
f 84 143 145
f 84 145 87
f 85 87 146
f 85 146 147
f 85 147 148
f 85 148 88
f 85 88 86
f 87 145 146
f 88 148 149
f 88 149 150
f 88 150 151
f 88 151 89
f 89 151 90
f 90 151 152
f 90 152 91
f 91 153 154
f 91 154 155
f 91 155 92
f 91 152 153
f 92 155 156
f 92 156 157
f 92 157 93
f 93 157 245
f 93 245 158
f 93 158 94
f 94 159 95
f 94 158 159
f 95 160 161
f 95 161 96
f 95 159 160
f 96 161 162
f 96 162 163
f 96 163 97
f 97 163 252
f 97 252 164
f 97 164 98
f 98 164 99
f 99 165 100
f 99 164 166
f 99 166 167
f 99 167 168
f 99 168 169
f 99 169 165
f 100 165 101
f 101 165 170
f 101 170 104
f 102 103 171
f 103 105 171
f 104 170 105
f 105 170 169
f 106 172 173
f 106 173 174
f 106 174 107
f 107 174 175
f 107 175 108
f 108 175 176
f 108 176 177
f 108 177 109
f 109 177 111
f 109 111 110
f 111 177 178
f 111 178 179
f 111 179 113
f 112 180 114
f 113 179 180
f 114 180 181
f 114 181 115
f 115 182 116
f 115 181 183
f 115 183 269
f 115 269 182
f 116 182 184
f 116 184 117
f 117 184 185
f 117 185 186
f 117 186 118
f 118 186 187
f 118 187 188
f 118 188 119
f 119 188 189
f 119 189 120
f 120 190 191
f 120 191 121
f 120 189 190
f 121 192 123
f 121 123 122
f 121 191 192
f 123 193 124
f 123 192 194
f 123 194 193
f 124 195 125
f 124 193 196
f 124 196 195
f 125 195 126
f 126 197 198
f 126 198 127
f 126 195 197
f 127 198 130
f 128 132 199
f 128 199 200
f 128 200 201
f 128 201 129
f 129 201 202
f 129 202 203
f 129 203 133
f 130 198 131
f 131 204 205
f 131 205 132
f 131 198 206
f 131 206 207
f 131 207 204
f 132 205 199
f 133 203 208
f 133 208 209
f 133 209 210
f 133 210 134
f 134 210 211
f 134 211 135
f 136 211 137
f 137 212 141
f 137 211 213
f 137 213 214
f 137 214 212
f 138 142 139
f 139 142 215
f 139 215 216
f 139 216 217
f 139 217 218
f 139 218 140
f 140 218 219
f 140 219 144
f 141 212 220
f 141 220 221
f 141 221 142
f 142 221 215
f 143 144 222
f 143 222 145
f 144 219 222
f 145 223 224
f 145 224 146
f 145 222 225
f 145 225 226
f 145 226 223
f 146 227 228
f 146 228 229
f 146 229 147
f 146 224 230
f 146 230 227
f 147 229 231
f 147 231 232
f 147 232 148
f 148 232 149
f 149 232 233
f 149 233 150
f 150 233 234
f 150 234 151
f 151 234 152
f 152 234 235
f 152 235 153
f 153 236 237
f 153 237 154
f 153 235 236
f 154 237 238
f 154 238 239
f 154 239 155
f 155 239 240
f 155 240 156
f 156 240 241
f 156 241 242
f 156 242 243
f 156 243 352
f 156 352 244
f 156 244 245
f 156 245 157
f 158 245 246
f 158 246 159
f 159 246 247
f 159 247 160
f 160 248 249
f 160 249 161
f 160 247 248
f 161 249 250
f 161 250 162
f 162 250 251
f 162 251 252
f 162 252 163
f 164 252 166
f 165 169 170
f 166 252 253
f 166 253 254
f 166 254 255
f 166 255 167
f 167 255 256
f 167 256 168
f 168 256 257
f 168 257 169
f 172 258 259
f 172 259 173
f 173 259 260
f 173 260 174
f 174 260 175
f 175 260 261
f 175 261 262
f 175 262 176
f 176 262 178
f 176 178 177
f 178 262 263
f 178 263 264
f 178 264 179
f 179 181 180
f 179 264 265
f 179 265 266
f 179 266 267
f 179 267 181
f 181 267 183
f 182 268 184
f 182 269 268
f 183 267 270
f 183 270 271
f 183 271 269
f 184 268 185
f 185 268 272
f 185 272 273
f 185 273 274
f 185 274 275
f 185 275 187
f 185 187 186
f 187 275 276
f 187 276 277
f 187 277 188
f 188 277 278
f 188 278 189
f 189 278 279
f 189 279 280
f 189 280 281
f 189 281 190
f 190 281 282
f 190 282 283
f 190 283 284
f 190 284 191
f 191 284 285
f 191 285 194
f 191 194 192
f 193 286 287
f 193 287 195
f 193 195 196
f 193 194 288
f 193 288 289
f 193 289 286
f 194 285 290
f 194 290 291
f 194 291 288
f 195 287 197
f 197 292 293
f 197 293 198
f 197 287 292
f 198 293 206
f 199 294 200
f 199 205 295
f 199 295 294
f 200 296 297
f 200 297 202
f 200 202 201
f 200 294 298
f 200 298 296
f 202 299 208
f 202 208 203
f 202 297 299
f 204 300 301
f 204 301 205
f 204 207 302
f 204 302 303
f 204 303 300
f 205 301 295
f 206 293 304
f 206 304 207
f 207 304 305
f 207 305 306
f 207 306 307
f 207 307 308
f 207 308 302
f 208 309 310
f 208 310 311
f 208 311 209
f 208 299 309
f 209 311 211
f 209 211 210
f 211 311 213
f 212 312 313
f 212 313 220
f 212 214 312
f 213 311 314
f 213 314 315
f 213 315 214
f 214 315 316
f 214 316 317
f 214 317 312
f 215 221 216
f 216 221 318
f 216 318 319
f 216 319 217
f 217 319 320
f 217 320 321
f 217 321 218
f 218 321 219
f 219 321 322
f 219 322 222
f 220 313 323
f 220 323 221
f 221 323 324
f 221 324 318
f 222 322 325
f 222 325 326
f 222 326 225
f 223 226 327
f 223 327 328
f 223 328 329
f 223 329 224
f 224 329 230
f 225 326 330
f 225 330 226
f 226 330 331
f 226 331 332
f 226 332 333
f 226 333 327
f 227 334 228
f 227 230 334
f 228 334 335
f 228 335 336
f 228 336 229
f 229 336 231
f 230 329 334
f 231 336 337
f 231 337 338
f 231 338 339
f 231 339 232
f 232 339 340
f 232 340 341
f 232 341 233
f 233 342 343
f 233 343 344
f 233 344 234
f 233 341 342
f 234 345 235
f 234 344 345
f 235 345 237
f 235 237 236
f 237 346 347
f 237 347 238
f 237 345 346
f 238 347 348
f 238 348 239
f 239 348 241
f 239 241 240
f 241 348 242
f 242 349 350
f 242 350 351
f 242 351 352
f 242 352 243
f 242 348 349
f 244 352 353
f 244 353 245
f 245 353 354
f 245 354 355
f 245 355 246
f 246 355 247
f 247 355 356
f 247 356 357
f 247 357 248
f 248 357 358
f 248 358 359
f 248 359 249
f 249 359 360
f 249 360 361
f 249 361 362
f 249 362 250
f 250 362 363
f 250 363 364
f 250 364 365
f 250 365 251
f 251 253 252
f 251 365 366
f 251 366 253
f 253 366 367
f 253 367 368
f 253 368 369
f 253 369 254
f 254 369 370
f 254 370 371
f 254 371 372
f 254 372 256
f 254 256 255
f 256 372 257
f 257 373 374
f 257 372 373
f 258 375 259
f 259 376 260
f 259 375 377
f 259 377 378
f 259 378 376
f 260 376 263
f 260 263 261
f 261 263 262
f 263 376 379
f 263 379 380
f 263 380 381
f 263 381 264
f 264 381 382
f 264 382 383
f 264 383 384
f 264 384 265
f 265 384 266
f 266 384 385
f 266 385 267
f 267 386 270
f 267 385 387
f 267 387 386
f 268 269 388
f 268 388 389
f 268 389 272
f 269 271 390
f 269 390 388
f 270 386 391
f 270 391 390
f 270 390 271
f 272 389 392
f 272 392 393
f 272 393 394
f 272 394 395
f 272 395 273
f 273 395 396
f 273 396 274
f 274 396 397
f 274 397 398
f 274 398 399
f 274 399 275
f 275 399 400
f 275 400 276
f 276 400 401
f 276 401 277
f 277 401 402
f 277 402 278
f 278 402 403
f 278 403 280
f 278 280 279
f 280 403 404
f 280 404 405
f 280 405 406
f 280 406 407
f 280 407 408
f 280 408 409
f 280 409 410
f 280 410 281
f 281 410 409
f 281 409 282
f 282 409 283
f 283 409 408
f 283 408 411
f 283 411 284
f 284 411 412
f 284 412 285
f 285 412 290
f 286 413 287
f 286 289 414
f 286 414 413
f 287 413 415
f 287 415 416
f 287 416 417
f 287 417 418
f 287 418 419
f 287 419 292
f 288 291 420
f 288 420 289
f 289 420 421
f 289 421 422
f 289 422 423
f 289 423 424
f 289 424 414
f 290 425 291
f 290 412 425
f 291 425 421
f 291 421 420
f 292 419 426
f 292 426 427
f 292 427 293
f 293 427 305
f 293 305 304
f 294 295 428
f 294 428 429
f 294 429 298
f 295 429 428
f 295 301 429
f 296 430 431
f 296 431 297
f 296 298 432
f 296 432 430
f 297 431 433
f 297 433 434
f 297 434 299
f 298 429 435
f 298 435 432
f 299 434 436
f 299 436 437
f 299 437 438
f 299 438 309
f 300 439 301
f 300 303 439
f 301 439 440
f 301 440 429
f 302 308 441
f 302 441 303
f 303 441 442
f 303 442 439
f 305 427 306
f 306 427 443
f 306 443 444
f 306 444 445
f 306 445 307
f 307 445 308
f 308 445 441
f 309 446 447
f 309 447 448
f 309 448 310
f 309 438 449
f 309 449 450
f 309 450 446
f 310 448 451
f 310 451 314
f 310 314 311
f 312 323 313
f 312 317 323
f 314 452 315
f 314 451 452
f 315 452 453
f 315 453 316
f 316 453 454
f 316 454 455
f 316 455 456
f 316 456 457
f 316 457 323
f 316 323 317
f 318 324 319
f 319 324 320
f 320 458 459
f 320 459 321
f 320 324 460
f 320 460 458
f 321 459 322
f 322 459 325
f 323 457 461
f 323 461 324
f 324 461 460
f 325 462 326
f 325 459 462
f 326 462 463
f 326 463 464
f 326 464 331
f 326 331 330
f 327 465 466
f 327 466 328
f 327 333 467
f 327 467 465
f 328 468 334
f 328 334 329
f 328 466 468
f 331 464 332
f 332 467 333
f 332 464 469
f 332 469 467
f 334 470 471
f 334 471 472
f 334 472 335
f 334 468 470
f 335 472 336
f 336 472 471
f 336 471 473
f 336 473 337
f 337 473 474
f 337 474 338
f 338 474 339
f 339 474 475
f 339 475 476
f 339 476 477
f 339 477 478
f 339 478 340
f 340 478 341
f 341 478 342
f 342 479 480
f 342 480 343
f 342 478 477
f 342 477 479
f 343 480 481
f 343 481 482
f 343 482 483
f 343 483 484
f 343 484 344
f 344 484 345
f 345 484 483
f 345 483 485
f 345 485 346
f 346 485 486
f 346 486 487
f 346 487 488
f 346 488 347
f 347 488 489
f 347 489 349
f 347 349 348
f 349 489 490
f 349 490 350
f 350 490 491
f 350 491 492
f 350 492 351
f 351 492 352
f 352 354 353
f 352 492 493
f 352 493 494
f 352 494 354
f 354 494 355
f 355 494 495
f 355 495 356
f 356 495 496
f 356 496 497
f 356 497 357
f 357 496 498
f 357 498 358
f 357 497 496
f 358 498 499
f 358 499 500
f 358 500 359
f 359 500 360
f 360 500 501
f 360 501 361
f 361 501 502
f 361 502 503
f 361 503 504
f 361 504 362
f 362 504 505
f 362 505 506
f 362 506 363
f 363 506 507
f 363 507 364
f 364 507 508
f 364 508 509
f 364 509 510
f 364 510 511
f 364 511 365
f 365 511 366
f 366 511 510
f 366 510 367
f 367 510 512
f 367 512 513
f 367 513 369
f 367 369 368
f 369 513 370
f 370 513 371
f 371 514 515
f 371 515 516
f 371 516 373
f 371 373 372
f 371 513 514
f 373 516 374
f 375 517 377
f 376 378 379
f 377 517 518
f 377 518 519
f 377 519 378
f 378 519 520
f 378 520 379
f 379 520 521
f 379 521 380
f 380 521 522
f 380 522 381
f 381 523 382
f 381 522 523
f 382 523 383
f 383 523 387
f 383 387 385
f 383 385 384
f 386 524 525
f 386 525 526
f 386 526 391
f 386 387 524
f 387 522 527
f 387 527 528
f 387 528 529
f 387 529 525
f 387 525 524
f 387 523 522
f 388 530 389
f 388 390 531
f 388 531 530
f 389 530 392
f 390 391 531
f 391 526 532
f 391 532 531
f 392 530 531
f 392 531 533
f 392 533 393
f 393 534 395
f 393 395 394
f 393 533 532
f 393 532 535
f 393 535 534
f 395 534 536
f 395 536 396
f 396 536 397
f 397 536 398
f 398 536 534
f 398 534 537
f 398 537 538
f 398 538 539
f 398 539 399
f 399 539 400
f 400 539 401
f 401 403 402
f 401 539 540
f 401 540 403
f 403 540 541
f 403 541 404
f 404 541 539
f 404 539 542
f 404 542 405
f 405 542 543
f 405 543 544
f 405 544 406
f 406 545 407
f 406 544 546
f 406 546 545
f 407 545 547
f 407 547 408
f 408 547 548
f 408 548 411
f 411 549 550
f 411 550 421
f 411 421 551
f 411 551 412
f 411 548 549
f 412 551 425
f 413 414 552
f 413 552 553
f 413 553 415
f 414 424 552
f 415 553 416
f 416 554 555
f 416 555 556
f 416 556 417
f 416 553 557
f 416 557 554
f 417 556 418
f 418 556 555
f 418 555 558
f 418 558 443
f 418 443 427
f 418 427 426
f 418 426 419
f 421 559 422
f 421 425 551
f 421 550 549
f 421 549 560
f 421 560 561
f 421 561 559
f 422 559 423
f 423 562 563
f 423 563 564
f 423 564 552
f 423 552 424
f 423 559 561
f 423 561 565
f 423 565 566
f 423 566 567
f 423 567 562
f 429 440 568
f 429 568 435
f 430 432 569
f 430 569 431
f 431 569 570
f 431 570 571
f 431 571 572
f 431 572 573
f 431 573 574
f 431 574 575
f 431 575 576
f 431 576 577
f 431 577 578
f 431 578 579
f 431 579 580
f 431 580 433
f 432 435 570
f 432 570 569
f 433 580 434
f 434 580 436
f 435 568 570
f 436 576 581
f 436 581 437
f 436 580 578
f 436 578 576
f 437 581 438
f 438 581 449
f 439 442 440
f 440 442 444
f 440 444 582
f 440 582 583
f 440 583 568
f 441 444 442
f 441 445 444
f 443 584 585
f 443 585 586
f 443 586 444
f 443 558 555
f 443 555 587
f 443 587 584
f 444 588 582
f 444 586 589
f 444 589 590
f 444 590 588
f 446 591 447
f 446 450 592
f 446 592 591
f 447 591 448
f 448 591 451
f 449 581 593
f 449 593 450
f 450 594 595
f 450 595 592
f 450 593 576
f 450 576 596
f 450 596 594
f 451 591 595
f 451 595 597
f 451 597 598
f 451 598 453
f 451 453 452
f 453 598 454
f 454 598 599
f 454 599 600
f 454 600 601
f 454 601 602
f 454 602 455
f 455 602 456
f 456 602 603
f 456 603 461
f 456 461 457
f 458 460 604
f 458 604 605
f 458 605 606
f 458 606 607
f 458 607 459
f 459 607 608
f 459 608 609
f 459 609 462
f 460 461 610
f 460 610 611
f 460 611 604
f 461 603 612
f 461 612 610
f 462 609 463
f 463 609 613
f 463 613 614
f 463 614 464
f 464 614 469
f 465 467 615
f 465 615 466
f 466 615 468
f 467 469 615
f 468 615 616
f 468 616 617
f 468 617 618
f 468 618 619
f 468 619 620
f 468 620 621
f 468 621 470
f 469 614 608
f 469 608 622
f 469 622 615
f 470 621 623
f 470 623 624
f 470 624 625
f 470 625 471
f 471 625 626
f 471 626 475
f 471 475 627
f 471 627 473
f 473 627 474
f 474 627 475
f 475 628 629
f 475 629 630
f 475 630 631
f 475 631 632
f 475 632 476
f 475 626 628
f 476 632 631
f 476 631 477
f 477 631 479
f 479 630 480
f 479 631 630
f 480 630 633
f 480 633 634
f 480 634 635
f 480 635 482
f 480 482 481
f 482 635 487
f 482 487 486
f 482 486 483
f 483 486 485
f 487 636 637
f 487 637 488
f 487 635 636
f 488 637 638
f 488 638 489
f 489 639 640
f 489 640 490
f 489 638 639
f 490 640 641
f 490 641 491
f 491 641 642
f 491 642 643
f 491 643 644
f 491 644 492
f 492 644 493
f 493 644 494
f 494 644 645
f 494 645 495
f 495 645 646
f 495 646 499
f 495 499 496
f 496 499 498
f 499 646 647
f 499 647 648
f 499 648 649
f 499 649 500
f 500 649 502
f 500 502 501
f 502 649 650
f 502 650 651
f 502 651 505
f 502 505 503
f 503 505 504
f 505 651 652
f 505 652 507
f 505 507 506
f 507 652 508
f 508 652 653
f 508 653 509
f 509 653 654
f 509 654 655
f 509 655 656
f 509 656 657
f 509 657 658
f 509 658 513
f 509 513 512
f 509 512 510
f 513 658 657
f 513 657 659
f 513 659 514
f 514 660 661
f 514 661 515
f 514 659 660
f 515 662 516
f 515 661 662
f 518 663 519
f 519 663 520
f 520 663 664
f 520 664 665
f 520 665 666
f 520 666 667
f 520 667 521
f 521 667 522
f 522 667 527
f 525 668 669
f 525 669 670
f 525 670 535
f 525 535 532
f 525 532 526
f 525 529 668
f 527 671 672
f 527 672 673
f 527 673 528
f 527 667 671
f 528 674 529
f 528 673 675
f 528 675 674
f 529 674 676
f 529 676 677
f 529 677 678
f 529 678 668
f 531 532 533
f 534 535 679
f 534 679 537
f 535 670 679
f 537 680 538
f 537 679 681
f 537 681 680
f 538 680 682
f 538 682 683
f 538 683 684
f 538 684 542
f 538 542 539
f 539 541 540
f 542 684 683
f 542 683 685
f 542 685 543
f 543 685 546
f 543 546 544
f 545 546 686
f 545 686 565
f 545 565 547
f 546 685 687
f 546 687 682
f 546 682 688
f 546 688 689
f 546 689 690
f 546 690 691
f 546 691 692
f 546 692 693
f 546 693 694
f 546 694 686
f 547 565 548
f 548 565 695
f 548 695 549
f 549 695 561
f 549 561 560
f 552 564 696
f 552 696 553
f 553 696 557
f 554 697 698
f 554 698 555
f 554 557 699
f 554 699 697
f 555 698 700
f 555 700 701
f 555 701 702
f 555 702 585
f 555 585 584
f 555 584 587
f 557 696 699
f 561 695 565
f 562 703 704
f 562 704 705
f 562 705 706
f 562 706 563
f 562 567 703
f 563 706 707
f 563 707 564
f 564 707 696
f 565 686 708
f 565 708 709
f 565 709 710
f 565 710 711
f 565 711 566
f 566 711 712
f 566 712 713
f 566 713 567
f 567 713 712
f 567 712 714
f 567 714 715
f 567 715 703
f 568 583 570
f 570 583 716
f 570 716 717
f 570 717 718
f 570 718 572
f 570 572 571
f 572 719 574
f 572 574 573
f 572 718 719
f 574 720 721
f 574 721 575
f 574 719 720
f 575 721 576
f 576 721 722
f 576 722 723
f 576 723 724
f 576 724 595
f 576 595 596
f 576 593 581
f 576 578 577
f 578 580 579
f 582 588 725
f 582 725 583
f 583 717 716
f 583 725 726
f 583 726 717
f 585 702 725
f 585 725 590
f 585 590 586
f 586 590 589
f 588 590 725
f 591 592 595
f 594 596 595
f 595 724 727
f 595 727 597
f 597 727 599
f 597 599 598
f 599 728 729
f 599 729 612
f 599 612 600
f 599 727 730
f 599 730 728
f 600 612 601
f 601 612 602
f 602 612 603
f 604 611 605
f 605 611 606
f 606 731 732
f 606 732 733
f 606 733 607
f 606 611 734
f 606 734 735
f 606 735 731
f 607 733 608
f 608 733 622
f 608 614 613
f 608 613 609
f 610 612 736
f 610 736 737
f 610 737 611
f 611 737 738
f 611 738 739
f 611 739 740
f 611 740 734
f 612 729 741
f 612 741 736
f 615 742 616
f 615 622 743
f 615 743 742
f 616 742 618
f 616 618 617
f 618 742 744
f 618 744 619
f 619 744 745
f 619 745 746
f 619 746 747
f 619 747 748
f 619 748 749
f 619 749 750
f 619 750 620
f 620 750 621
f 621 750 623
f 622 733 743
f 623 750 624
f 624 751 752
f 624 752 625
f 624 750 749
f 624 749 751
f 625 752 626
f 626 753 628
f 626 752 753
f 628 753 754
f 628 754 629
f 629 754 755
f 629 755 630
f 630 756 633
f 630 755 756
f 633 756 757
f 633 757 634
f 634 757 758
f 634 758 635
f 635 759 636
f 635 758 759
f 636 759 760
f 636 760 638
f 636 638 637
f 638 760 639
f 639 761 640
f 639 760 761
f 640 761 762
f 640 762 641
f 641 762 763
f 641 763 764
f 641 764 642
f 642 764 643
f 643 764 646
f 643 646 644
f 644 646 645
f 646 765 766
f 646 766 767
f 646 767 768
f 646 768 649
f 646 649 769
f 646 769 648
f 646 648 647
f 646 764 765
f 648 769 649
f 649 768 770
f 649 770 771
f 649 771 650
f 650 771 772
f 650 772 773
f 650 773 651
f 651 773 652
f 652 773 774
f 652 774 775
f 652 775 776
f 652 776 654
f 652 654 653
f 654 777 778
f 654 778 655
f 654 776 775
f 654 775 779
f 654 779 777
f 655 778 656
f 656 778 780
f 656 780 657
f 657 780 781
f 657 781 659
f 659 781 660
f 660 782 783
f 660 783 661
f 660 781 782
f 661 783 662
f 662 783 784
f 663 785 664
f 664 786 787
f 664 787 788
f 664 788 665
f 664 785 789
f 664 789 786
f 665 788 666
f 666 788 667
f 667 788 671
f 668 678 790
f 668 790 669
f 669 790 791
f 669 791 792
f 669 792 793
f 669 793 670
f 670 793 679
f 671 788 672
f 672 788 794
f 672 794 957
f 672 957 795
f 672 795 796
f 672 796 673
f 673 796 675
f 674 675 676
f 675 796 961
f 675 961 797
f 675 797 798
f 675 798 799
f 675 799 800
f 675 800 801
f 675 801 676
f 676 801 678
f 676 678 677
f 678 801 790
f 679 793 681
f 680 681 682
f 681 793 682
f 682 802 803
f 682 803 804
f 682 804 688
f 682 687 683
f 682 793 805
f 682 805 806
f 682 806 807
f 682 807 802
f 683 687 685
f 686 694 808
f 686 808 708
f 688 690 689
f 688 804 690
f 690 809 691
f 690 804 803
f 690 803 810
f 690 810 811
f 690 811 812
f 690 812 809
f 691 813 692
f 691 809 813
f 692 813 814
f 692 814 815
f 692 815 816
f 692 816 694
f 692 694 693
f 694 816 817
f 694 817 818
f 694 818 819
f 694 819 708
f 694 708 808
f 696 707 699
f 697 820 821
f 697 821 822
f 697 822 823
f 697 823 698
f 697 699 820
f 698 823 824
f 698 824 700
f 699 707 825
f 699 825 826
f 699 826 827
f 699 827 828
f 699 828 820
f 700 829 830
f 700 830 831
f 700 831 832
f 700 832 833
f 700 833 702
f 700 702 701
f 700 824 834
f 700 834 829
f 702 832 835
f 702 835 836
f 702 836 837
f 702 837 725
f 702 833 832
f 703 838 839
f 703 839 704
f 703 715 840
f 703 840 838
f 704 839 705
f 705 839 826
f 705 826 706
f 706 826 825
f 706 825 707
f 708 819 841
f 708 841 709
f 709 842 843
f 709 843 714
f 709 714 710
f 709 841 818
f 709 818 842
f 710 714 711
f 711 714 712
f 714 844 845
f 714 845 846
f 714 846 715
f 714 843 847
f 714 847 848
f 714 848 849
f 714 849 850
f 714 850 851
f 714 851 844
f 715 846 845
f 715 845 852
f 715 852 840
f 717 726 853
f 717 853 718
f 718 853 854
f 718 854 855
f 718 855 856
f 718 856 857
f 718 857 858
f 718 858 719
f 719 858 859
f 719 859 860
f 719 860 720
f 720 722 721
f 720 860 861
f 720 861 862
f 720 862 730
f 720 730 722
f 722 863 723
f 722 730 863
f 723 863 727
f 723 727 724
f 725 837 726
f 726 837 853
f 727 863 730
f 728 730 864
f 728 864 865
f 728 865 741
f 728 741 729
f 730 866 864
f 730 862 867
f 730 867 866
f 731 735 868
f 731 868 869
f 731 869 870
f 731 870 732
f 732 870 733
f 733 871 872
f 733 872 743
f 733 870 871
f 734 740 868
f 734 868 735
f 736 873 737
f 736 741 873
f 737 873 874
f 737 874 738
f 738 874 875
f 738 875 876
f 738 876 877
f 738 877 878
f 738 878 739
f 739 878 879
f 739 879 740
f 740 879 1062
f 740 1062 880
f 740 880 881
f 740 881 868
f 741 865 882
f 741 882 883
f 741 883 873
f 742 884 744
f 742 743 872
f 742 872 884
f 744 884 871
f 744 871 885
f 744 885 886
f 744 886 887
f 744 887 888
f 744 888 745
f 745 888 887
f 745 887 889
f 745 889 746
f 746 890 891
f 746 891 747
f 746 889 892
f 746 892 890
f 747 891 748
f 748 891 893
f 748 893 894
f 748 894 749
f 749 894 893
f 749 893 895
f 749 895 751
f 751 896 897
f 751 897 898
f 751 898 899
f 751 899 754
f 751 754 753
f 751 753 752
f 751 895 900
f 751 900 896
f 754 899 901
f 754 901 757
f 754 757 756
f 754 756 755
f 757 901 902
f 757 902 903
f 757 903 904
f 757 904 905
f 757 905 906
f 757 906 907
f 757 907 760
f 757 760 908
f 757 908 758
f 758 908 759
f 759 908 760
f 760 907 909
f 760 909 910
f 760 910 911
f 760 911 912
f 760 912 762
f 760 762 761
f 762 912 911
f 762 911 913
f 762 913 763
f 763 914 915
f 763 915 916
f 763 916 764
f 763 913 914
f 764 916 917
f 764 917 918
f 764 918 765
f 765 918 766
f 766 919 920
f 766 920 921
f 766 921 771
f 766 771 770
f 766 770 768
f 766 768 767
f 766 918 922
f 766 922 923
f 766 923 919
f 771 921 924
f 771 924 772
f 772 924 773
f 773 924 925
f 773 925 775
f 773 775 774
f 775 925 779
f 777 779 926
f 777 926 927
f 777 927 928
f 777 928 929
f 777 929 930
f 777 930 931
f 777 931 781
f 777 781 932
f 777 932 778
f 778 932 780
f 779 925 926
f 780 932 781
f 781 931 782
f 782 933 934
f 782 934 935
f 782 935 936
f 782 936 937
f 782 937 938
f 782 938 783
f 782 931 939
f 782 939 933
f 783 938 784
f 784 938 937
f 784 937 940
f 785 941 789
f 786 942 787
f 786 789 942
f 787 942 943
f 787 943 794
f 787 794 788
f 789 941 944
f 789 944 942
f 790 801 945
f 790 945 946
f 790 946 947
f 790 947 948
f 790 948 791
f 791 949 792
f 791 948 950
f 791 950 951
f 791 951 952
f 791 952 953
f 791 953 949
f 792 954 805
f 792 805 793
f 792 949 955
f 792 955 956
f 792 956 954
f 794 943 1137
f 794 1137 957
f 795 958 959
f 795 959 960
f 795 960 961
f 795 961 796
f 795 957 962
f 795 962 958
f 797 961 960
f 797 960 963
f 797 963 798
f 798 964 948
f 798 948 946
f 798 946 799
f 798 963 965
f 798 965 966
f 798 966 964
f 799 946 800
f 800 946 801
f 801 946 945
f 802 810 803
f 802 807 967
f 802 967 810
f 805 954 956
f 805 956 968
f 805 968 806
f 806 968 956
f 806 956 969
f 806 969 970
f 806 970 807
f 807 970 967
f 809 812 971
f 809 971 972
f 809 972 973
f 809 973 813
f 810 967 974
f 810 974 975
f 810 975 976
f 810 976 977
f 810 977 811
f 811 977 978
f 811 978 812
f 812 978 971
f 813 979 814
f 813 973 980
f 813 980 979
f 814 979 981
f 814 981 815
f 815 981 982
f 815 982 816
f 816 982 817
f 817 982 983
f 817 983 984
f 817 984 985
f 817 985 818
f 818 986 842
f 818 841 819
f 818 985 986
f 820 828 821
f 821 828 998
f 821 998 987
f 821 987 822
f 822 987 988
f 822 988 989
f 822 989 990
f 822 990 991
f 822 991 992
f 822 992 824
f 822 824 823
f 824 992 993
f 824 993 994
f 824 994 995
f 824 995 996
f 824 996 834
f 826 839 827
f 827 997 998
f 827 998 828
f 827 839 999
f 827 999 997
f 829 1000 1001
f 829 1001 1002
f 829 1002 1003
f 829 1003 830
f 829 834 996
f 829 996 995
f 829 995 1004
f 829 1004 1000
f 830 1003 831
f 831 1005 1006
f 831 1006 832
f 831 1003 1005
f 832 1007 1008
f 832 1008 1009
f 832 1009 835
f 832 1006 1007
f 835 1009 836
f 836 1009 1010
f 836 1010 1011
f 836 1011 1012
f 836 1012 837
f 837 1012 1013
f 837 1013 853
f 838 1014 1015
f 838 1015 999
f 838 999 839
f 838 840 1016
f 838 1016 1014
f 840 852 1017
f 840 1017 1018
f 840 1018 1019
f 840 1019 1016
f 842 1020 1021
f 842 1021 848
f 842 848 843
f 842 986 1022
f 842 1022 1023
f 842 1023 1020
f 843 848 847
f 844 1024 845
f 844 851 1024
f 845 1024 852
f 848 1021 849
f 849 1021 851
f 849 851 850
f 851 1025 1026
f 851 1026 1017
f 851 1017 852
f 851 852 1024
f 851 1021 1027
f 851 1027 1020
f 851 1020 1028
f 851 1028 1029
f 851 1029 1025
f 853 1013 1030
f 853 1030 854
f 854 1030 1031
f 854 1031 855
f 855 1032 1033
f 855 1033 856
f 855 1031 1032
f 856 1033 1034
f 856 1034 857
f 857 1034 1035
f 857 1035 1036
f 857 1036 858
f 858 1036 1037
f 858 1037 859
f 859 1038 1039
f 859 1039 1040
f 859 1040 860
f 859 1037 1035
f 859 1035 1038
f 860 1040 1039
f 860 1039 1041
f 860 1041 861
f 861 1041 1039
f 861 1039 1042
f 861 1042 862
f 862 1042 1043
f 862 1043 866
f 862 866 867
f 864 866 865
f 865 866 1044
f 865 1044 1045
f 865 1045 1046
f 865 1046 1047
f 865 1047 1065
f 865 1065 882
f 866 1043 1048
f 866 1048 1049
f 866 1049 1044
f 868 881 1050
f 868 1050 1051
f 868 1051 1052
f 868 1052 1053
f 868 1053 869
f 869 1053 1054
f 869 1054 870
f 870 1054 871
f 871 1054 1053
f 871 1053 1055
f 871 1055 1056
f 871 1056 885
f 871 884 872
f 873 883 1057
f 873 1057 876
f 873 876 875
f 873 875 874
f 876 1057 1058
f 876 1058 877
f 877 1058 1059
f 877 1059 1060
f 877 1060 878
f 878 1060 1061
f 878 1061 879
f 879 1061 1259
f 879 1259 1062
f 880 1062 1063
f 880 1063 881
f 881 1063 1064
f 881 1064 1050
f 882 1065 1066
f 882 1066 1067
f 882 1067 883
f 883 1068 1255
f 883 1255 1057
f 883 1067 1068
f 885 1056 1069
f 885 1069 887
f 885 887 886
f 887 1069 889
f 889 1070 1071
f 889 1071 892
f 889 1069 1070
f 890 892 1072
f 890 1072 1073
f 890 1073 1074
f 890 1074 1075
f 890 1075 1076
f 890 1076 891
f 891 1077 1078
f 891 1078 893
f 891 1076 1079
f 891 1079 1077
f 892 1071 1080
f 892 1080 1072
f 893 1081 1082
f 893 1082 900
f 893 900 895
f 893 1078 1081
f 896 900 1083
f 896 1083 1084
f 896 1084 897
f 897 1084 1085
f 897 1085 898
f 898 1085 899
f 899 1085 1086
f 899 1086 1087
f 899 1087 901
f 900 1088 1083
f 900 1082 1088
f 901 1089 902
f 901 1087 1085
f 901 1085 1089
f 902 1089 903
f 903 1089 1090
f 903 1090 1091
f 903 1091 904
f 904 1091 905
f 905 1091 906
f 906 1091 909
f 906 909 907
f 909 1091 1092
f 909 1092 1093
f 909 1093 1094
f 909 1094 1095
f 909 1095 1300
f 909 1300 1096
f 909 1096 1097
f 909 1097 910
f 910 1097 1098
f 910 1098 911
f 911 1098 1099
f 911 1099 913
f 913 1099 1100
f 913 1100 914
f 914 1101 1102
f 914 1102 916
f 914 916 915
f 914 1100 1101
f 916 1102 1103
f 916 1103 917
f 917 1104 918
f 917 1103 1105
f 917 1105 1104
f 918 1104 922
f 919 923 920
f 920 923 1106
f 920 1106 1107
f 920 1107 1108
f 920 1108 1109
f 920 1109 921
f 921 1109 1108
f 921 1108 924
f 922 1104 1110
f 922 1110 1111
f 922 1111 923
f 923 1111 1110
f 923 1110 1104
f 923 1104 1105
f 923 1105 1112
f 923 1112 1113
f 923 1113 1106
f 924 1114 1115
f 924 1115 1116
f 924 1116 1117
f 924 1117 925
f 924 1108 1114
f 925 1117 1118
f 925 1118 926
f 926 1118 1119
f 926 1119 1120
f 926 1120 1121
f 926 1121 1122
f 926 1122 928
f 926 928 927
f 928 1122 1123
f 928 1123 1124
f 928 1124 1125
f 928 1125 1126
f 928 1126 929
f 929 1126 930
f 930 1126 933
f 930 933 931
f 931 933 939
f 933 1126 935
f 933 935 934
f 935 1126 1127
f 935 1127 1128
f 935 1128 1129
f 935 1129 1130
f 935 1130 1131
f 935 1131 1132
f 935 1132 937
f 935 937 936
f 937 1132 940
f 940 1132 1134
f 940 1134 1133
f 941 1135 944
f 942 1136 943
f 942 944 1136
f 943 1136 1137
f 944 1138 1139
f 944 1139 1136
f 944 1135 1138
f 946 948 947
f 948 1140 951
f 948 951 950
f 948 964 1141
f 948 1141 1140
f 949 1142 1143
f 949 1143 955
f 949 953 1144
f 949 1144 1142
f 951 1140 1141
f 951 1141 952
f 952 1141 964
f 952 964 953
f 953 964 1145
f 953 1145 1144
f 955 1143 1146
f 955 1146 956
f 956 1146 969
f 957 1137 962
f 958 1147 1148
f 958 1148 959
f 958 962 1149
f 958 1149 1150
f 958 1150 1147
f 959 1148 1151
f 959 1151 963
f 959 963 960
f 962 1137 1149
f 963 1151 1152
f 963 1152 965
f 964 966 1153
f 964 1153 1154
f 964 1154 1155
f 964 1155 1145
f 965 1152 1156
f 965 1156 1157
f 965 1157 966
f 966 1157 1158
f 966 1158 1159
f 966 1159 1160
f 966 1160 1153
f 967 975 974
f 967 970 1161
f 967 1161 1162
f 967 1162 1163
f 967 1163 1164
f 967 1164 975
f 969 1146 1162
f 969 1162 1165
f 969 1165 970
f 970 1165 1162
f 970 1162 1161
f 971 978 1166
f 971 1166 972
f 972 1166 1167
f 972 1167 1168
f 972 1168 1169
f 972 1169 1170
f 972 1170 1171
f 972 1171 1172
f 972 1172 980
f 972 980 973
f 975 1164 1173
f 975 1173 1174
f 975 1174 1175
f 975 1175 976
f 976 1175 1176
f 976 1176 977
f 977 1176 978
f 978 1176 1166
f 979 980 1172
f 979 1172 1177
f 979 1177 1178
f 979 1178 1179
f 979 1179 981
f 981 1179 1180
f 981 1180 1181
f 981 1181 1182
f 981 1182 1183
f 981 1183 983
f 981 983 982
f 983 1183 984
f 984 1184 1185
f 984 1185 1022
f 984 1022 986
f 984 986 985
f 984 1183 1184
f 987 998 988
f 988 1186 1187
f 988 1187 990
f 988 990 989
f 988 998 1191
f 988 1191 1186
f 990 993 991
f 990 1187 1188
f 990 1188 993
f 991 993 992
f 993 1188 1189
f 993 1189 1004
f 993 1004 994
f 994 1004 995
f 997 1190 1191
f 997 1191 998
f 997 999 1190
f 999 1015 1192
f 999 1192 1190
f 1000 1193 1194
f 1000 1194 1195
f 1000 1195 1196
f 1000 1196 1001
f 1000 1004 1188
f 1000 1188 1193
f 1001 1196 1002
f 1002 1196 1003
f 1003 1196 1197
f 1003 1197 1005
f 1004 1189 1188
f 1005 1195 1006
f 1005 1197 1196
f 1005 1196 1195
f 1006 1195 1007
f 1007 1198 1199
f 1007 1199 1200
f 1007 1200 1201
f 1007 1201 1008
f 1007 1195 1198
f 1008 1201 1202
f 1008 1202 1009
f 1009 1202 1010
f 1010 1203 1011
f 1010 1202 1203
f 1011 1203 1204
f 1011 1204 1031
f 1011 1031 1012
f 1012 1031 1013
f 1013 1031 1030
f 1014 1205 1206
f 1014 1206 1208
f 1014 1208 1015
f 1014 1016 1207
f 1014 1207 1205
f 1015 1208 1209
f 1015 1209 1210
f 1015 1210 1192
f 1016 1019 1207
f 1017 1026 1018
f 1018 1026 1019
f 1019 1026 1207
f 1020 1027 1021
f 1020 1023 1211
f 1020 1211 1028
f 1022 1185 1184
f 1022 1184 1023
f 1023 1184 1212
f 1023 1212 1029
f 1023 1029 1211
f 1025 1213 1026
f 1025 1029 1214
f 1025 1214 1213
f 1026 1213 1215
f 1026 1215 1216
f 1026 1216 1207
f 1028 1211 1217
f 1028 1217 1029
f 1029 1217 1211
f 1029 1212 1182
f 1029 1182 1181
f 1029 1181 1180
f 1029 1180 1214
f 1031 1218 1219
f 1031 1219 1220
f 1031 1220 1032
f 1031 1204 1221
f 1031 1221 1222
f 1031 1222 1223
f 1031 1223 1218
f 1032 1220 1033
f 1033 1220 1224
f 1033 1224 1225
f 1033 1225 1226
f 1033 1226 1034
f 1034 1227 1035
f 1034 1226 1228
f 1034 1228 1227
f 1035 1037 1036
f 1035 1227 1229
f 1035 1229 1038
f 1038 1230 1231
f 1038 1231 1232
f 1038 1232 1233
f 1038 1233 1039
f 1038 1229 1230
f 1039 1233 1234
f 1039 1234 1235
f 1039 1235 1236
f 1039 1236 1042
f 1042 1236 1237
f 1042 1237 1238
f 1042 1238 1239
f 1042 1239 1043
f 1043 1239 1240
f 1043 1240 1241
f 1043 1241 1048
f 1044 1049 1045
f 1045 1049 1046
f 1046 1049 1242
f 1046 1242 1243
f 1046 1243 1047
f 1047 1243 1244
f 1047 1244 1266
f 1047 1266 1065
f 1048 1241 1242
f 1048 1242 1245
f 1048 1245 1049
f 1049 1245 1242
f 1050 1064 1246
f 1050 1246 1465
f 1050 1465 1247
f 1050 1247 1248
f 1050 1248 1249
f 1050 1249 1051
f 1051 1249 1052
f 1052 1249 1053
f 1053 1249 1250
f 1053 1250 1055
f 1055 1250 1251
f 1055 1251 1252
f 1055 1252 1253
f 1055 1253 1056
f 1056 1253 1254
f 1056 1254 1069
f 1057 1255 1471
f 1057 1471 1256
f 1057 1256 1059
f 1057 1059 1058
f 1059 1256 1257
f 1059 1257 1258
f 1059 1258 1060
f 1060 1258 1061
f 1061 1258 1259
f 1062 1259 1063
f 1063 1260 1064
f 1063 1259 1260
f 1064 1261 1262
f 1064 1262 1263
f 1064 1263 1264
f 1064 1264 1246
f 1064 1260 1265
f 1064 1265 1261
f 1065 1266 1066
f 1066 1266 1267
f 1066 1267 1268
f 1066 1268 1269
f 1066 1269 1067
f 1067 1269 1268
f 1067 1268 1068
f 1068 1270 1470
f 1068 1470 1255
f 1068 1268 1271
f 1068 1271 1270
f 1069 1254 1272
f 1069 1272 1070
f 1070 1272 1071
f 1071 1272 1080
f 1072 1080 1273
f 1072 1273 1073
f 1073 1273 1274
f 1073 1274 1074
f 1074 1274 1275
f 1074 1275 1276
f 1074 1276 1075
f 1075 1276 1277
f 1075 1277 1278
f 1075 1278 1279
f 1075 1279 1076
f 1076 1279 1079
f 1077 1079 1078
f 1078 1079 1081
f 1079 1279 1081
f 1080 1280 1273
f 1080 1272 1281
f 1080 1281 1282
f 1080 1282 1280
f 1081 1279 1283
f 1081 1283 1082
f 1082 1283 1284
f 1082 1284 1088
f 1083 1088 1284
f 1083 1284 1285
f 1083 1285 1286
f 1083 1286 1084
f 1084 1286 1287
f 1084 1287 1288
f 1084 1288 1289
f 1084 1289 1085
f 1085 1290 1291
f 1085 1291 1089
f 1085 1087 1086
f 1085 1289 1290
f 1089 1291 1292
f 1089 1292 1293
f 1089 1293 1294
f 1089 1294 1295
f 1089 1295 1090
f 1090 1295 1296
f 1090 1296 1092
f 1090 1092 1091
f 1092 1296 1297
f 1092 1297 1093
f 1093 1297 1298
f 1093 1298 1299
f 1093 1299 1300
f 1093 1300 1095
f 1093 1095 1094
f 1096 1300 1299
f 1096 1299 1301
f 1096 1301 1097
f 1097 1301 1302
f 1097 1302 1299
f 1097 1299 1303
f 1097 1303 1304
f 1097 1304 1305
f 1097 1305 1306
f 1097 1306 1307
f 1097 1307 1308
f 1097 1308 1309
f 1097 1309 1098
f 1098 1309 1310
f 1098 1310 1311
f 1098 1311 1312
f 1098 1312 1313
f 1098 1313 1099
f 1099 1313 1100
f 1100 1313 1312
f 1100 1312 1311
f 1100 1311 1314
f 1100 1314 1315
f 1100 1315 1316
f 1100 1316 1101
f 1101 1316 1317
f 1101 1317 1318
f 1101 1318 1319
f 1101 1319 1102
f 1102 1319 1318
f 1102 1318 1320
f 1102 1320 1321
f 1102 1321 1103
f 1103 1322 1105
f 1103 1321 1322
f 1105 1322 1323
f 1105 1323 1324
f 1105 1324 1112
f 1106 1325 1326
f 1106 1326 1327
f 1106 1327 1107
f 1106 1113 1325
f 1107 1327 1328
f 1107 1328 1329
f 1107 1329 1108
f 1108 1329 1330
f 1108 1330 1331
f 1108 1331 1114
f 1112 1324 1332
f 1112 1332 1113
f 1113 1332 1326
f 1113 1326 1325
f 1114 1333 1334
f 1114 1334 1115
f 1114 1331 1333
f 1115 1334 1335
f 1115 1335 1336
f 1115 1336 1116
f 1116 1336 1117
f 1117 1336 1118
f 1118 1336 1119
f 1119 1337 1120
f 1119 1336 1338
f 1119 1338 1337
f 1120 1339 1340
f 1120 1340 1121
f 1120 1337 1339
f 1121 1340 1341
f 1121 1341 1342
f 1121 1342 1122
f 1122 1342 1123
f 1123 1343 1124
f 1123 1342 1344
f 1123 1344 1345
f 1123 1345 1346
f 1123 1346 1343
f 1124 1343 1347
f 1124 1347 1125
f 1125 1347 1348
f 1125 1348 1126
f 1126 1348 1349
f 1126 1349 1127
f 1127 1349 1128
f 1128 1349 1129
f 1129 1134 1130
f 1129 1349 1134
f 1130 1134 1131
f 1131 1134 1132
f 1133 1134 1350
f 1134 1349 1351
f 1134 1351 1350
f 1135 1352 1353
f 1135 1353 1354
f 1135 1354 1138
f 1136 1355 1137
f 1136 1139 1356
f 1136 1356 1357
f 1136 1357 1355
f 1137 1355 1358
f 1137 1358 1359
f 1137 1359 1150
f 1137 1150 1149
f 1138 1354 1139
f 1139 1353 1356
f 1139 1354 1353
f 1142 1360 1361
f 1142 1361 1362
f 1142 1362 1363
f 1142 1363 1162
f 1142 1162 1364
f 1142 1364 1146
f 1142 1146 1143
f 1142 1144 1360
f 1144 1145 1155
f 1144 1155 1360
f 1146 1364 1162
f 1147 1365 1148
f 1147 1150 1366
f 1147 1366 1367
f 1147 1367 1368
f 1147 1368 1369
f 1147 1369 1370
f 1147 1370 1365
f 1148 1365 1371
f 1148 1371 1372
f 1148 1372 1373
f 1148 1373 1374
f 1148 1374 1375
f 1148 1375 1376
f 1148 1376 1151
f 1150 1359 1358
f 1150 1358 1366
f 1151 1376 1156
f 1151 1156 1152
f 1153 1377 1154
f 1153 1160 1377
f 1154 1378 1379
f 1154 1379 1380
f 1154 1380 1381
f 1154 1381 1361
f 1154 1361 1155
f 1154 1377 1382
f 1154 1382 1378
f 1155 1361 1360
f 1156 1376 1375
f 1156 1375 1383
f 1156 1383 1384
f 1156 1384 1157
f 1157 1384 1385
f 1157 1385 1158
f 1158 1385 1386
f 1158 1386 1387
f 1158 1387 1159
f 1159 1387 1160
f 1160 1387 1388
f 1160 1388 1377
f 1162 1164 1163
f 1162 1363 1389
f 1162 1389 1164
f 1164 1389 1363
f 1164 1363 1173
f 1166 1176 1167
f 1167 1175 1168
f 1167 1176 1175
f 1168 1175 1169
f 1169 1390 1391
f 1169 1391 1170
f 1169 1175 1390
f 1170 1391 1392
f 1170 1392 1620
f 1170 1620 1393
f 1170 1393 1171
f 1171 1394 1395
f 1171 1395 1172
f 1171 1393 1394
f 1172 1395 1177
f 1173 1390 1174
f 1173 1363 1396
f 1173 1396 1397
f 1173 1397 1390
f 1174 1390 1175
f 1177 1395 1625
f 1177 1625 1398
f 1177 1398 1399
f 1177 1399 1178
f 1178 1399 1400
f 1178 1400 1402
f 1178 1402 1401
f 1178 1401 1179
f 1179 1401 1180
f 1180 1401 1402
f 1180 1402 1403
f 1180 1403 1404
f 1180 1404 1405
f 1180 1405 1406
f 1180 1406 1214
f 1182 1212 1184
f 1182 1184 1183
f 1186 1191 1187
f 1187 1407 1408
f 1187 1408 1188
f 1187 1191 1410
f 1187 1410 1407
f 1188 1408 1409
f 1188 1409 1193
f 1190 1192 1191
f 1191 1192 1210
f 1191 1210 1410
f 1193 1409 1411
f 1193 1411 1412
f 1193 1412 1194
f 1194 1413 1195
f 1194 1412 1414
f 1194 1414 1415
f 1194 1415 1413
f 1195 1413 1416
f 1195 1416 1417
f 1195 1417 1198
f 1198 1417 1199
f 1199 1417 1415
f 1199 1415 1418
f 1199 1418 1419
f 1199 1419 1420
f 1199 1420 1421
f 1199 1421 1200
f 1200 1421 1201
f 1201 1421 1422
f 1201 1422 1202
f 1202 1422 1203
f 1203 1422 1421
f 1203 1421 1204
f 1204 1421 1221
f 1205 1207 1423
f 1205 1423 1206
f 1206 1423 1424
f 1206 1424 1425
f 1206 1425 1426
f 1206 1426 1208
f 1207 1216 1439
f 1207 1439 1423
f 1208 1426 1209
f 1209 1427 1410
f 1209 1410 1210
f 1209 1426 1428
f 1209 1428 1427
f 1213 1429 1430
f 1213 1430 1431
f 1213 1431 1432
f 1213 1432 1433
f 1213 1433 1434
f 1213 1434 1215
f 1213 1214 1435
f 1213 1435 1436
f 1213 1436 1437
f 1213 1437 1429
f 1214 1406 1436
f 1214 1436 1438
f 1214 1438 1435
f 1215 1434 1216
f 1216 1434 1433
f 1216 1433 1439
f 1218 1440 1441
f 1218 1441 1219
f 1218 1223 1442
f 1218 1442 1443
f 1218 1443 1440
f 1219 1444 1220
f 1219 1441 1445
f 1219 1445 1444
f 1220 1444 1446
f 1220 1446 1447
f 1220 1447 1224
f 1221 1421 1222
f 1222 1421 1223
f 1223 1421 1420
f 1223 1420 1419
f 1223 1419 1418
f 1223 1418 1442
f 1224 1447 1226
f 1224 1226 1225
f 1226 1447 1446
f 1226 1446 1448
f 1226 1448 1228
f 1227 1228 1449
f 1227 1449 1450
f 1227 1450 1451
f 1227 1451 1452
f 1227 1452 1230
f 1227 1230 1229
f 1228 1448 1449
f 1230 1452 1449
f 1230 1449 1453
f 1230 1453 1454
f 1230 1454 1231
f 1231 1454 1455
f 1231 1455 1232
f 1232 1455 1234
f 1232 1234 1233
f 1234 1456 1457
f 1234 1457 1235
f 1234 1455 1454
f 1234 1454 1456
f 1235 1457 1236
f 1236 1457 1456
f 1236 1456 1237
f 1237 1456 1458
f 1237 1458 1238
f 1238 1458 1459
f 1238 1459 1460
f 1238 1460 1239
f 1239 1460 1461
f 1239 1461 1240
f 1240 1462 1463
f 1240 1463 1464
f 1240 1464 1241
f 1240 1461 1462
f 1241 1464 1242
f 1242 1464 1243
f 1243 1464 1244
f 1244 1464 1463
f 1244 1463 1266
f 1246 1264 1465
f 1247 1466 1248
f 1247 1465 1251
f 1247 1251 1466
f 1248 1466 1251
f 1248 1251 1250
f 1248 1250 1249
f 1251 1467 1252
f 1251 1465 1467
f 1252 1467 1253
f 1253 1467 1468
f 1253 1468 1469
f 1253 1469 1281
f 1253 1281 1254
f 1254 1281 1272
f 1255 1470 1688
f 1255 1688 1471
f 1256 1471 1260
f 1256 1260 1257
f 1257 1260 1258
f 1258 1260 1259
f 1260 1472 1265
f 1260 1471 1472
f 1261 1265 1473
f 1261 1473 1474
f 1261 1474 1475
f 1261 1475 1476
f 1261 1476 1262
f 1262 1477 1478
f 1262 1478 1479
f 1262 1479 1263
f 1262 1476 1475
f 1262 1475 1477
f 1263 1479 1264
f 1264 1479 1480
f 1264 1480 1465
f 1265 1472 1693
f 1265 1693 1691
f 1265 1691 1473
f 1266 1463 1267
f 1267 1463 1481
f 1267 1481 1482
f 1267 1482 1483
f 1267 1483 1268
f 1268 1484 1485
f 1268 1485 1271
f 1268 1483 1484
f 1270 1486 1487
f 1270 1487 1470
f 1270 1271 1488
f 1270 1488 1486
f 1271 1485 1488
f 1273 1280 1489
f 1273 1489 1274
f 1274 1489 1275
f 1275 1489 1490
f 1275 1490 1491
f 1275 1491 1276
f 1276 1492 1277
f 1276 1491 1493
f 1276 1493 1494
f 1276 1494 1492
f 1277 1492 1718
f 1277 1718 1495
f 1277 1495 1496
f 1277 1496 1278
f 1278 1496 1284
f 1278 1284 1283
f 1278 1283 1279
f 1280 1497 1489
f 1280 1282 1498
f 1280 1498 1497
f 1281 1469 1499
f 1281 1499 1500
f 1281 1500 1282
f 1282 1500 1501
f 1282 1501 1498
f 1284 1496 1502
f 1284 1502 1285
f 1285 1503 1725
f 1285 1725 1504
f 1285 1504 1287
f 1285 1287 1286
f 1285 1502 1505
f 1285 1505 1495
f 1285 1495 1506
f 1285 1506 1503
f 1287 1504 1507
f 1287 1507 1288
f 1288 1507 1508
f 1288 1508 1289
f 1289 1508 1509
f 1289 1509 1510
f 1289 1510 1511
f 1289 1511 1290
f 1290 1511 1291
f 1291 1511 1512
f 1291 1512 1292
f 1292 1512 1293
f 1293 1513 1514
f 1293 1514 1297
f 1293 1297 1295
f 1293 1295 1294
f 1293 1512 1515
f 1293 1515 1516
f 1293 1516 1517
f 1293 1517 1518
f 1293 1518 1513
f 1295 1297 1296
f 1297 1519 1520
f 1297 1520 1521
f 1297 1521 1522
f 1297 1522 1298
f 1297 1514 1519
f 1298 1522 1299
f 1299 1302 1301
f 1299 1522 1521
f 1299 1521 1303
f 1303 1521 1523
f 1303 1523 1304
f 1304 1524 1305
f 1304 1523 1524
f 1305 1524 1306
f 1306 1525 1526
f 1306 1526 1527
f 1306 1527 1528
f 1306 1528 1307
f 1306 1524 1525
f 1307 1528 1529
f 1307 1529 1530
f 1307 1530 1531
f 1307 1531 1308
f 1308 1531 1311
f 1308 1311 1310
f 1308 1310 1309
f 1311 1531 1532
f 1311 1532 1314
f 1314 1532 1533
f 1314 1533 1315
f 1315 1533 1317
f 1315 1317 1316
f 1317 1533 1743
f 1317 1743 1534
f 1317 1534 1318
f 1318 1535 1536
f 1318 1536 1320
f 1318 1534 1744
f 1318 1744 1535
f 1320 1536 1537
f 1320 1537 1538
f 1320 1538 1321
f 1321 1538 1322
f 1322 1538 1323
f 1323 1539 1540
f 1323 1540 1541
f 1323 1541 1542
f 1323 1542 1543
f 1323 1543 1324
f 1323 1538 1537
f 1323 1537 1544
f 1323 1544 1545
f 1323 1545 1546
f 1323 1546 1547
f 1323 1547 1539
f 1324 1543 1548
f 1324 1548 1332
f 1326 1332 1549
f 1326 1549 1550
f 1326 1550 1551
f 1326 1551 1552
f 1326 1552 1327
f 1327 1552 1328
f 1328 1552 1329
f 1329 1552 1553
f 1329 1553 1330
f 1330 1553 1554
f 1330 1554 1555
f 1330 1555 1556
f 1330 1556 1557
f 1330 1557 1331
f 1331 1558 1333
f 1331 1557 1559
f 1331 1559 1560
f 1331 1560 1561
f 1331 1561 1558
f 1332 1548 1549
f 1333 1558 1334
f 1334 1558 1562
f 1334 1562 1563
f 1334 1563 1335
f 1335 1563 1338
f 1335 1338 1336
f 1337 1564 1339
f 1337 1338 1564
f 1338 1563 1565
f 1338 1565 1566
f 1338 1566 1567
f 1338 1567 1564
f 1339 1564 1340
f 1340 1564 1341
f 1341 1564 1342
f 1342 1564 1344
f 1343 1346 1568
f 1343 1568 1569
f 1343 1569 1570
f 1343 1570 1571
f 1343 1571 1347
f 1344 1572 1573
f 1344 1573 1574
f 1344 1574 1575
f 1344 1575 1576
f 1344 1576 1345
f 1344 1564 1572
f 1345 1576 1577
f 1345 1577 1346
f 1346 1577 1578
f 1346 1578 1579
f 1346 1579 1580
f 1346 1580 1568
f 1347 1571 1348
f 1348 1571 1349
f 1349 1571 1581
f 1349 1581 1570
f 1349 1570 1582
f 1349 1582 1583
f 1349 1583 1584
f 1349 1584 1585
f 1349 1585 1351
f 1350 1351 1586
f 1351 1585 1586
f 1352 1587 1353
f 1353 1587 1588
f 1353 1588 1589
f 1353 1589 1590
f 1353 1590 1357
f 1353 1357 1356
f 1355 1357 1358
f 1357 1591 1592
f 1357 1592 1367
f 1357 1367 1358
f 1357 1590 1591
f 1358 1367 1366
f 1361 1593 1362
f 1361 1381 1593
f 1362 1593 1626
f 1362 1626 1594
f 1362 1594 1363
f 1363 1594 1396
f 1365 1370 1371
f 1367 1592 1595
f 1367 1595 1596
f 1367 1596 1368
f 1368 1596 1369
f 1369 1597 1598
f 1369 1598 1599
f 1369 1599 1600
f 1369 1600 1601
f 1369 1601 1371
f 1369 1371 1370
f 1369 1596 1602
f 1369 1602 1597
f 1371 1601 1373
f 1371 1373 1372
f 1373 1601 1603
f 1373 1603 1604
f 1373 1604 1374
f 1374 1604 1603
f 1374 1603 1605
f 1374 1605 1606
f 1374 1606 1607
f 1374 1607 1375
f 1375 1607 1383
f 1377 1388 1382
f 1378 1382 1608
f 1378 1608 1618
f 1378 1618 1609
f 1378 1609 1380
f 1378 1380 1379
f 1380 1609 1610
f 1380 1610 1593
f 1380 1593 1381
f 1382 1388 1608
f 1383 1607 1606
f 1383 1606 1611
f 1383 1611 1612
f 1383 1612 1386
f 1383 1386 1613
f 1383 1613 1384
f 1384 1613 1386
f 1384 1386 1385
f 1386 1612 1387
f 1387 1612 1614
f 1387 1614 1388
f 1388 1614 1615
f 1388 1615 1616
f 1388 1616 1617
f 1388 1617 1618
f 1388 1618 1608
f 1390 1397 1619
f 1390 1619 1391
f 1391 1619 1392
f 1392 1619 1620
f 1393 1620 1621
f 1393 1621 1394
f 1394 1621 1622
f 1394 1622 1623
f 1394 1623 1624
f 1394 1624 1625
f 1394 1625 1395
f 1396 1594 1397
f 1397 1594 1626
f 1397 1626 1620
f 1397 1620 1619
f 1398 1625 1627
f 1398 1627 1628
f 1398 1628 1399
f 1399 1629 1630
f 1399 1630 1400
f 1399 1628 1629
f 1400 1630 1631
f 1400 1631 1403
f 1400 1403 1402
f 1403 1632 1633
f 1403 1633 1404
f 1403 1631 1630
f 1403 1630 1634
f 1403 1634 1632
f 1404 1633 1405
f 1405 1633 1632
f 1405 1632 1635
f 1405 1635 1436
f 1405 1436 1406
f 1407 1636 1640
f 1407 1640 1637
f 1407 1637 1408
f 1407 1410 1636
f 1408 1637 1409
f 1409 1638 1639
f 1409 1639 1411
f 1409 1637 1640
f 1409 1640 1641
f 1409 1641 1642
f 1409 1642 1638
f 1410 1427 1643
f 1410 1643 1636
f 1411 1644 1414
f 1411 1414 1412
f 1411 1639 1645
f 1411 1645 1644
f 1413 1415 1416
f 1414 1644 1415
f 1415 1646 1418
f 1415 1417 1416
f 1415 1644 1646
f 1418 1646 1645
f 1418 1645 1647
f 1418 1647 1442
f 1423 1439 1424
f 1424 1439 1648
f 1424 1648 1649
f 1424 1649 1425
f 1425 1650 1651
f 1425 1651 1428
f 1425 1428 1426
f 1425 1649 1650
f 1427 1652 1653
f 1427 1653 1654
f 1427 1654 1655
f 1427 1655 1656
f 1427 1656 1657
f 1427 1657 1643
f 1427 1428 1658
f 1427 1658 1652
f 1428 1651 1658
f 1429 1659 1430
f 1429 1437 1659
f 1430 1659 1660
f 1430 1660 1661
f 1430 1661 1662
f 1430 1662 1663
f 1430 1663 1648
f 1430 1648 1431
f 1431 1648 1439
f 1431 1439 1432
f 1432 1439 1433
f 1435 1438 1436
f 1436 1635 1437
f 1437 1635 1664
f 1437 1664 1665
f 1437 1665 1666
f 1437 1666 1667
f 1437 1667 1668
f 1437 1668 1661
f 1437 1661 1660
f 1437 1660 1659
f 1440 1669 1670
f 1440 1670 1441
f 1440 1443 1671
f 1440 1671 1669
f 1441 1670 1445
f 1442 1647 1672
f 1442 1672 1671
f 1442 1671 1443
f 1444 1670 1673
f 1444 1673 1674
f 1444 1674 1446
f 1444 1445 1670
f 1446 1674 1675
f 1446 1675 1676
f 1446 1676 1448
f 1448 1676 1677
f 1448 1677 1449
f 1449 1677 1678
f 1449 1678 1453
f 1449 1452 1451
f 1449 1451 1450
f 1453 1678 1679
f 1453 1679 1680
f 1453 1680 1681
f 1453 1681 1682
f 1453 1682 1459
f 1453 1459 1458
f 1453 1458 1454
f 1454 1458 1456
f 1459 1682 1460
f 1460 1683 1463
f 1460 1463 1684
f 1460 1684 1461
f 1460 1682 1683
f 1461 1684 1463
f 1461 1463 1462
f 1463 1683 1685
f 1463 1685 1681
f 1463 1681 1686
f 1463 1686 1481
f 1465 1480 1467
f 1467 1480 1468
f 1468 1480 1469
f 1469 1480 1687
f 1469 1687 1499
f 1470 1487 1710
f 1470 1710 1689
f 1470 1689 1869
f 1470 1869 1690
f 1470 1690 1474
f 1470 1474 1691
f 1470 1691 1692
f 1470 1692 1688
f 1471 1688 1693
f 1471 1693 1472
f 1473 1691 1474
f 1474 1694 1475
f 1474 1690 1694
f 1475 1694 1870
f 1475 1870 1695
f 1475 1695 1696
f 1475 1696 1697
f 1475 1697 1698
f 1475 1698 1477
f 1477 1698 1478
f 1478 1698 1697
f 1478 1697 1699
f 1478 1699 1700
f 1478 1700 1687
f 1478 1687 1479
f 1479 1687 1480
f 1481 1686 1482
f 1482 1686 1701
f 1482 1701 1702
f 1482 1702 1703
f 1482 1703 1483
f 1483 1703 1704
f 1483 1704 1705
f 1483 1705 1706
f 1483 1706 1484
f 1484 1706 1705
f 1484 1705 1707
f 1484 1707 1485
f 1485 1708 1709
f 1485 1709 1488
f 1485 1707 1883
f 1485 1883 1708
f 1486 1488 1487
f 1487 1488 1709
f 1487 1709 1710
f 1489 1497 1711
f 1489 1711 1712
f 1489 1712 1490
f 1490 1713 1714
f 1490 1714 1493
f 1490 1493 1491
f 1490 1712 1713
f 1492 1715 1716
f 1492 1716 1717
f 1492 1717 1718
f 1492 1494 1715
f 1493 1714 1719
f 1493 1719 1494
f 1494 1719 1720
f 1494 1720 1891
f 1494 1891 1715
f 1495 1505 1496
f 1495 1718 1506
f 1496 1505 1502
f 1497 1712 1711
f 1497 1498 1721
f 1497 1721 1712
f 1498 1501 1722
f 1498 1722 1721
f 1499 1687 1500
f 1500 1687 1501
f 1501 1687 1700
f 1501 1700 1722
f 1503 1723 1724
f 1503 1724 1725
f 1503 1506 1726
f 1503 1726 1727
f 1503 1727 1723
f 1504 1725 1728
f 1504 1728 1507
f 1506 1718 1726
f 1507 1728 1518
f 1507 1518 1517
f 1507 1517 1516
f 1507 1516 1515
f 1507 1515 1512
f 1507 1512 1508
f 1508 1512 1509
f 1509 1512 1510
f 1510 1512 1511
f 1513 1729 1730
f 1513 1730 1519
f 1513 1519 1514
f 1513 1518 1731
f 1513 1731 1729
f 1518 1728 1731
f 1519 1732 1733
f 1519 1733 1520
f 1519 1730 1732
f 1520 1733 1734
f 1520 1734 1523
f 1520 1523 1521
f 1523 1734 1525
f 1523 1525 1524
f 1525 1734 1735
f 1525 1735 1526
f 1526 1735 1736
f 1526 1736 1737
f 1526 1737 1527
f 1527 1737 1528
f 1528 1737 1738
f 1528 1738 1739
f 1528 1739 1529
f 1529 1739 1918
f 1529 1918 1740
f 1529 1740 1741
f 1529 1741 1530
f 1530 1741 1742
f 1530 1742 1531
f 1531 1742 1743
f 1531 1743 1532
f 1532 1743 1533
f 1534 1743 1742
f 1534 1742 1744
f 1535 1744 1536
f 1536 1745 1746
f 1536 1746 1747
f 1536 1747 1748
f 1536 1748 1544
f 1536 1544 1537
f 1536 1744 1742
f 1536 1742 1745
f 1539 1547 1749
f 1539 1749 1750
f 1539 1750 1751
f 1539 1751 1752
f 1539 1752 1753
f 1539 1753 1540
f 1540 1753 1754
f 1540 1754 1755
f 1540 1755 1756
f 1540 1756 1757
f 1540 1757 1758
f 1540 1758 1759
f 1540 1759 1541
f 1541 1759 1542
f 1542 1759 1760
f 1542 1760 1549
f 1542 1549 1548
f 1542 1548 1543
f 1544 1748 1545
f 1545 1748 1546
f 1546 1748 1747
f 1546 1747 1547
f 1547 1747 1749
f 1549 1760 1550
f 1550 1760 1761
f 1550 1761 1551
f 1551 1761 1762
f 1551 1762 1552
f 1552 1762 1763
f 1552 1763 1764
f 1552 1764 1553
f 1553 1764 1763
f 1553 1763 1554
f 1554 1765 1766
f 1554 1766 1559
f 1554 1559 1555
f 1554 1763 1767
f 1554 1767 1765
f 1555 1559 1556
f 1556 1559 1557
f 1558 1768 1562
f 1558 1561 1768
f 1559 1766 1769
f 1559 1769 1770
f 1559 1770 1561
f 1559 1561 1560
f 1561 1771 1772
f 1561 1772 1773
f 1561 1773 1774
f 1561 1774 1562
f 1561 1562 1768
f 1561 1770 1771
f 1562 1774 1563
f 1563 1774 1565
f 1564 1567 1566
f 1564 1566 1775
f 1564 1775 1776
f 1564 1776 1777
f 1564 1777 1778
f 1564 1778 1779
f 1564 1779 1780
f 1564 1780 1781
f 1564 1781 1572
f 1565 1774 1566
f 1566 1774 1773
f 1566 1773 1782
f 1566 1782 1775
f 1568 1580 1579
f 1568 1579 1783
f 1568 1783 1569
f 1569 1783 1784
f 1569 1784 1582
f 1569 1582 1570
f 1570 1581 1571
f 1572 1781 1785
f 1572 1785 1573
f 1573 1785 1574
f 1574 1785 1786
f 1574 1787 1575
f 1575 1787 1577
f 1575 1577 1576
f 1577 1787 1788
f 1577 1788 1578
f 1578 1788 1787
f 1578 1787 1789
f 1578 1789 1790
f 1578 1790 1579
f 1579 1790 1783
f 1582 1791 1583
f 1582 1784 1791
f 1583 1791 1792
f 1593 1793 1626
f 1593 1610 1794
f 1593 1794 1793
f 1597 1795 1796
f 1597 1796 1797
f 1597 1797 1798
f 1597 1798 1799
f 1597 1799 1598
f 1597 1602 1795
f 1598 1799 1599
f 1599 1799 1600
f 1600 1799 1601
f 1601 1799 1603
f 1603 1799 1798
f 1603 1798 1605
f 1605 1800 1606
f 1605 1798 1800
f 1606 1800 1951
f 1606 1951 1801
f 1606 1801 1805
f 1606 1805 1611
f 1609 1802 1803
f 1609 1803 1610
f 1609 1618 1804
f 1609 1804 1802
f 1610 1803 1794
f 1611 1805 1806
f 1611 1806 1612
f 1612 1806 1807
f 1612 1807 1614
f 1614 1807 1808
f 1614 1808 1615
f 1615 1808 1809
f 1615 1809 1616
f 1616 1809 1617
f 1617 1809 1804
f 1617 1804 1618
f 1620 1626 1810
f 1620 1810 1621
f 1621 1810 1811
f 1621 1811 1812
f 1621 1812 1622
f 1622 1812 1813
f 1622 1813 1814
f 1622 1814 1815
f 1622 1815 1816
f 1622 1816 1817
f 1622 1817 1819
f 1622 1819 1623
f 1623 1818 1624
f 1623 1819 1820
f 1623 1820 1818
f 1624 1818 1627
f 1624 1627 1625
f 1626 1793 1810
f 1627 1820 1628
f 1627 1818 1820
f 1628 1821 1822
f 1628 1822 1630
f 1628 1630 1629
f 1628 1820 1823
f 1628 1823 1821
f 1630 1822 1824
f 1630 1824 1825
f 1630 1825 1826
f 1630 1826 1634
f 1632 1827 1828
f 1632 1828 1664
f 1632 1664 1635
f 1632 1634 1826
f 1632 1826 1827
f 1636 1657 1655
f 1636 1655 1829
f 1636 1829 1642
f 1636 1642 1641
f 1636 1641 1640
f 1636 1643 1657
f 1638 1642 1830
f 1638 1830 1639
f 1639 1831 1832
f 1639 1832 1833
f 1639 1833 1645
f 1639 1830 1831
f 1642 1829 1834
f 1642 1834 1835
f 1642 1835 1830
f 1644 1645 1646
f 1645 1836 1647
f 1645 1833 1832
f 1645 1832 1836
f 1647 1836 1837
f 1647 1837 1672
f 1648 1663 1838
f 1648 1838 1649
f 1649 1838 1839
f 1649 1839 1651
f 1649 1651 1650
f 1651 1839 1658
f 1652 1840 1654
f 1652 1654 1653
f 1652 1658 1840
f 1654 1841 1842
f 1654 1842 1655
f 1654 1840 1841
f 1655 1842 1835
f 1655 1835 1834
f 1655 1834 1829
f 1655 1657 1656
f 1658 1839 1843
f 1658 1843 1844
f 1658 1844 1845
f 1658 1845 1846
f 1658 1846 1840
f 1661 1668 1847
f 1661 1847 1662
f 1662 1847 1663
f 1663 1847 1848
f 1663 1848 1838
f 1664 1828 1665
f 1665 1849 1996
f 1665 1996 1850
f 1665 1850 1666
f 1665 1828 1827
f 1665 1827 1826
f 1665 1826 1825
f 1665 1825 1974
f 1665 1974 1849
f 1666 1850 1667
f 1667 1850 1668
f 1668 1851 1847
f 1668 1850 1851
f 1669 1852 1670
f 1669 1671 1852
f 1670 1853 1854
f 1670 1854 1855
f 1670 1855 1673
f 1670 1852 1853
f 1671 1672 1856
f 1671 1856 1852
f 1672 1837 1836
f 1672 1836 1857
f 1672 1857 1858
f 1672 1858 1856
f 1673 1855 1854
f 1673 1854 1859
f 1673 1859 1860
f 1673 1860 1674
f 1674 1860 1861
f 1674 1861 1862
f 1674 1862 1675
f 1675 1862 1863
f 1675 1863 1676
f 1676 1863 1678
f 1676 1678 1677
f 1678 1863 1864
f 1678 1864 1865
f 1678 1865 1679
f 1679 1865 1866
f 1679 1866 1680
f 1680 1701 1681
f 1680 1866 1867
f 1680 1867 1701
f 1681 1701 1686
f 1681 1685 1683
f 1681 1683 1682
f 1688 1692 1693
f 1689 1710 1885
f 1689 1885 1868
f 1689 1868 2019
f 1689 2019 1869
f 1690 1869 1870
f 1690 1870 1694
f 1691 1693 1692
f 1695 1871 1696
f 1695 1870 2020
f 1695 2020 1871
f 1696 1872 1873
f 1696 1873 1874
f 1696 1874 1875
f 1696 1875 1876
f 1696 1876 1699
f 1696 1699 1877
f 1696 1877 1697
f 1696 1871 1872
f 1697 1877 1699
f 1699 1876 1875
f 1699 1875 1878
f 1699 1878 1722
f 1699 1722 1700
f 1701 1867 1702
f 1702 1867 1703
f 1703 1867 1879
f 1703 1879 1704
f 1704 1880 1705
f 1704 1879 1881
f 1704 1881 1880
f 1705 1880 1707
f 1707 1880 1882
f 1707 1882 1883
f 1708 1884 1886
f 1708 1886 1709
f 1708 1883 2035
f 1708 2035 1884
f 1709 1885 1710
f 1709 1886 1885
f 1712 1721 1887
f 1712 1887 1713
f 1713 1887 1888
f 1713 1888 1714
f 1714 1888 1898
f 1714 1898 1889
f 1714 1889 1890
f 1714 1890 1719
f 1715 1891 1892
f 1715 1892 1893
f 1715 1893 1716
f 1716 1893 1892
f 1716 1892 1717
f 1717 1892 1727
f 1717 1727 1726
f 1717 1726 1718
f 1719 1890 1894
f 1719 1894 1895
f 1719 1895 1896
f 1719 1896 1720
f 1720 1896 1891
f 1721 1722 1878
f 1721 1878 2026
f 1721 2026 1897
f 1721 1897 1898
f 1721 1898 1887
f 1723 1899 1900
f 1723 1900 1724
f 1723 1727 1899
f 1724 1900 1725
f 1725 1900 1901
f 1725 1901 1728
f 1727 1892 1902
f 1727 1902 1899
f 1728 1901 1731
f 1729 1903 1904
f 1729 1904 1905
f 1729 1905 1730
f 1729 1731 1906
f 1729 1906 1900
f 1729 1900 1903
f 1730 1905 1907
f 1730 1907 1908
f 1730 1908 1732
f 1731 1901 1900
f 1731 1900 1906
f 1732 1909 1910
f 1732 1910 1911
f 1732 1911 1912
f 1732 1912 1733
f 1732 1908 1907
f 1732 1907 1909
f 1733 1912 1913
f 1733 1913 1914
f 1733 1914 1734
f 1734 1914 1735
f 1735 1914 1913
f 1735 1913 1915
f 1735 1915 1736
f 1736 1915 1737
f 1737 1915 1916
f 1737 1916 1738
f 1738 1916 1739
f 1739 1916 1917
f 1739 1917 1918
f 1740 1918 1919
f 1740 1919 1741
f 1741 1919 1742
f 1742 1919 1746
f 1742 1746 1745
f 1746 1919 1747
f 1747 1919 1749
f 1749 1920 1750
f 1749 1919 1918
f 1749 1918 1920
f 1750 1920 1921
f 1750 1921 1751
f 1751 1921 1922
f 1751 1922 1923
f 1751 1923 1924
f 1751 1924 1925
f 1751 1925 1926
f 1751 1926 1927
f 1751 1927 1928
f 1751 1928 1752
f 1752 1928 1929
f 1752 1929 1930
f 1752 1930 1931
f 1752 1931 1754
f 1752 1754 1753
f 1754 1931 1932
f 1754 1932 1755
f 1755 1932 2089
f 1755 2089 1933
f 1755 1933 1756
f 1756 1933 1934
f 1756 1934 1935
f 1756 1935 1758
f 1756 1758 1757
f 1758 1935 1761
f 1758 1761 1759
f 1759 1761 1760
f 1761 1935 1767
f 1761 1767 1763
f 1761 1763 1762
f 1765 1767 1934
f 1765 1934 1936
f 1765 1936 1937
f 1765 1937 1766
f 1766 1937 1938
f 1766 1938 1769
f 1767 1935 1934
f 1769 1938 1771
f 1769 1771 1770
f 1771 1938 1772
f 1772 1938 1773
f 1773 1938 1939
f 1773 1939 1782
f 1775 1782 1939
f 1775 1939 1776
f 1776 1939 1777
f 1777 1939 1940
f 1777 1940 1941
f 1777 1941 1942
f 1777 1942 1778
f 1778 1942 1941
f 1778 1941 1943
f 1778 1943 1779
f 1779 1943 1944
f 1779 1944 1780
f 1780 1944 1785
f 1780 1785 1781
f 1783 1790 1792
f 1783 1792 1791
f 1783 1791 1784
f 1785 1945 1786
f 1785 1944 1946
f 1785 1946 1945
f 1786 1945 1947
f 1793 1794 1948
f 1793 1948 1814
f 1793 1814 1810
f 1794 1803 1948
f 1797 1949 1798
f 1798 1950 1951
f 1798 1951 1800
f 1798 1949 2111
f 1798 2111 1950
f 1801 1952 1953
f 1801 1953 1805
f 1801 1951 1954
f 1801 1954 1952
f 1802 1804 1803
f 1803 1955 1956
f 1803 1956 1957
f 1803 1957 1948
f 1803 1804 1809
f 1803 1809 1955
f 1805 1953 1806
f 1806 1953 1958
f 1806 1958 1807
f 1807 1959 1960
f 1807 1960 1808
f 1807 1958 1959
f 1808 1960 1961
f 1808 1961 1809
f 1809 1961 1955
f 1810 1814 1811
f 1811 1962 1813
f 1811 1813 1812
f 1811 1814 1962
f 1813 1962 1814
f 1814 1948 1957
f 1814 1957 1956
f 1814 1956 1963
f 1814 1963 1815
f 1815 1964 1816
f 1815 1963 1965
f 1815 1965 1964
f 1816 1966 1817
f 1816 1964 1966
f 1817 1966 1967
f 1817 1967 1819
f 1819 1967 1968
f 1819 1968 1969
f 1819 1969 1820
f 1820 1969 1823
f 1821 1823 1824
f 1821 1824 1822
f 1823 1969 1968
f 1823 1968 1824
f 1824 1970 1971
f 1824 1971 1972
f 1824 1972 1973
f 1824 1973 1974
f 1824 1974 1825
f 1824 1968 1975
f 1824 1975 1976
f 1824 1976 1970
f 1830 1835 1977
f 1830 1977 1978
f 1830 1978 1831
f 1831 1978 1832
f 1832 1978 1979
f 1832 1979 1836
f 1835 1842 1980
f 1835 1980 1981
f 1835 1981 1977
f 1836 1982 2002
f 1836 2002 1857
f 1836 1979 1982
f 1838 1848 1983
f 1838 1983 1844
f 1838 1844 1984
f 1838 1984 1839
f 1839 1984 1843
f 1840 1846 1985
f 1840 1985 1841
f 1841 1985 1842
f 1842 1985 1980
f 1843 1984 1844
f 1844 1986 1987
f 1844 1987 1845
f 1844 1983 1988
f 1844 1988 1986
f 1845 1987 1846
f 1846 1987 1989
f 1846 1989 1990
f 1846 1990 1985
f 1847 1851 1991
f 1847 1991 1992
f 1847 1992 1993
f 1847 1993 1994
f 1847 1994 1988
f 1847 1988 1848
f 1848 1988 1983
f 1849 1995 1996
f 1849 1974 1973
f 1849 1973 1972
f 1849 1972 1995
f 1850 1996 1991
f 1850 1991 1851
f 1852 1856 1853
f 1853 1997 1854
f 1853 1856 1998
f 1853 1998 1997
f 1854 1997 1999
f 1854 1999 2000
f 1854 2000 2001
f 1854 2001 1859
f 1856 1858 1998
f 1857 2002 2003
f 1857 2003 2004
f 1857 2004 1858
f 1858 2004 2005
f 1858 2005 1998
f 1859 2001 2006
f 1859 2006 2007
f 1859 2007 1860
f 1860 2007 1861
f 1861 2007 1862
f 1862 2008 2009
f 1862 2009 1863
f 1862 2007 1865
f 1862 1865 2008
f 1863 2009 1864
f 1864 2009 2010
f 1864 2010 1865
f 1865 2011 2012
f 1865 2012 1867
f 1865 1867 1866
f 1865 2010 2008
f 1865 2007 2013
f 1865 2013 2011
f 1867 2012 1879
f 1868 1885 2014
f 1868 2014 2015
f 1868 2015 2016
f 1868 2016 2017
f 1868 2017 2018
f 1868 2018 2189
f 1868 2189 2019
f 1869 2019 2020
f 1869 2020 1870
f 1871 2021 2192
f 1871 2192 2022
f 1871 2022 1872
f 1871 2020 2023
f 1871 2023 2193
f 1871 2193 2021
f 1872 2022 1873
f 1873 2022 2024
f 1873 2024 2025
f 1873 2025 1874
f 1874 2025 2026
f 1874 2026 1878
f 1874 1878 1875
f 1879 2012 2027
f 1879 2027 1881
f 1880 1881 2028
f 1880 2028 2029
f 1880 2029 1882
f 1881 2027 2030
f 1881 2030 2028
f 1882 2031 2035
f 1882 2035 1883
f 1882 2029 2032
f 1882 2032 2033
f 1882 2033 2034
f 1882 2034 2031
f 1884 2036 1886
f 1884 2035 2037
f 1884 2037 2205
f 1884 2205 2036
f 1885 1886 2014
f 1886 2036 2015
f 1886 2015 2014
f 1887 1898 1888
f 1889 1898 2038
f 1889 2038 1890
f 1890 2038 1894
f 1891 2039 2040
f 1891 2040 1892
f 1891 1896 2045
f 1891 2045 2039
f 1892 2040 2041
f 1892 2041 2049
f 1892 2049 1902
f 1894 2038 2042
f 1894 2042 1895
f 1895 2043 2044
f 1895 2044 1896
f 1895 2042 2043
f 1896 2044 2045
f 1897 2046 2047
f 1897 2047 2048
f 1897 2048 1898
f 1897 2026 2025
f 1897 2025 2046
f 1898 2048 2038
f 1899 1902 2049
f 1899 2049 2050
f 1899 2050 2051
f 1899 2051 1900
f 1900 2051 1903
f 1903 2052 2053
f 1903 2053 2054
f 1903 2054 1905
f 1903 1905 1904
f 1903 2051 2055
f 1903 2055 2052
f 1905 2054 1907
f 1907 2054 2053
f 1907 2053 2056
f 1907 2056 1909
f 1909 2057 2058
f 1909 2058 1910
f 1909 2056 2057
f 1910 2058 1913
f 1910 1913 1911
f 1911 1913 1912
f 1913 2058 2059
f 1913 2059 2060
f 1913 2060 2061
f 1913 2061 1915
f 1915 2061 2062
f 1915 2062 1916
f 1916 2063 2064
f 1916 2064 1917
f 1916 2062 2065
f 1916 2065 2066
f 1916 2066 2063
f 1917 2064 1918
f 1918 2064 2067
f 1918 2067 2068
f 1918 2068 1921
f 1918 1921 2069
f 1918 2069 1920
f 1920 2069 1921
f 1921 2068 1922
f 1922 2068 2067
f 1922 2067 1923
f 1923 2070 2071
f 1923 2071 2072
f 1923 2072 2073
f 1923 2073 1925
f 1923 1925 1924
f 1923 2067 2074
f 1923 2074 2070
f 1925 2073 1926
f 1926 2075 2076
f 1926 2076 2077
f 1926 2077 2078
f 1926 2078 2079
f 1926 2079 2080
f 1926 2080 2081
f 1926 2081 1929
f 1926 1929 1927
f 1926 2073 2072
f 1926 2072 2082
f 1926 2082 2083
f 1926 2083 2075
f 1927 1929 1928
f 1929 2084 1931
f 1929 1931 1930
f 1929 2081 2080
f 1929 2080 2085
f 1929 2085 2086
f 1929 2086 2084
f 1931 2084 2087
f 1931 2087 2088
f 1931 2088 1932
f 1932 2088 2089
f 1933 2089 2090
f 1933 2090 1934
f 1934 2090 2091
f 1934 2091 1936
f 1936 2091 2090
f 1936 2090 2092
f 1936 2092 2093
f 1936 2093 2094
f 1936 2094 2095
f 1936 2095 1937
f 1937 2095 2096
f 1937 2096 2097
f 1937 2097 2098
f 1937 2098 2099
f 1937 2099 1938
f 1938 2099 2100
f 1938 2100 2101
f 1938 2101 1939
f 1939 2101 2102
f 1939 2102 1940
f 1940 2102 2103
f 1940 2103 2104
f 1940 2104 2105
f 1940 2105 2106
f 1940 2106 2107
f 1940 2107 1941
f 1941 2107 1943
f 1943 2107 2108
f 1943 2108 2109
f 1943 2109 1944
f 1944 2109 1947
f 1944 1947 1946
f 1945 1946 1947
f 1947 2109 2110
f 1950 2111 2112
f 1950 2112 2113
f 1950 2113 2114
f 1950 2114 2115
f 1950 2115 2116
f 1950 2116 2117
f 1950 2117 1951
f 1951 2117 2118
f 1951 2118 1954
f 1952 2119 2120
f 1952 2120 1953
f 1952 1954 2122
f 1952 2122 2119
f 1953 2120 2282
f 1953 2282 2121
f 1953 2121 1958
f 1954 2118 2116
f 1954 2116 2122
f 1955 2123 2124
f 1955 2124 2125
f 1955 2125 2126
f 1955 2126 2127
f 1955 2127 2128
f 1955 2128 1956
f 1955 1961 2129
f 1955 2129 2123
f 1956 2128 1965
f 1956 1965 1963
f 1958 2121 2130
f 1958 2130 1959
f 1959 2130 2131
f 1959 2131 2132
f 1959 2132 1960
f 1960 2132 2133
f 1960 2133 2129
f 1960 2129 1961
f 1964 2134 2135
f 1964 2135 2136
f 1964 2136 1966
f 1964 1965 2137
f 1964 2137 2134
f 1965 2128 2127
f 1965 2127 2126
f 1965 2126 2137
f 1966 2136 2135
f 1966 2135 2138
f 1966 2138 1967
f 1967 2138 1975
f 1967 1975 1968
f 1970 2139 2140
f 1970 2140 2141
f 1970 2141 2142
f 1970 2142 1971
f 1970 1976 1975
f 1970 1975 2143
f 1970 2143 2144
f 1970 2144 2145
f 1970 2145 2146
f 1970 2146 2139
f 1971 2142 1972
f 1972 2142 2141
f 1972 2141 2147
f 1972 2147 2308
f 1972 2308 2148
f 1972 2148 2149
f 1972 2149 1995
f 1975 2150 2144
f 1975 2144 2143
f 1975 2138 2150
f 1977 1981 1978
f 1978 1981 2151
f 1978 2151 1979
f 1979 2151 1982
f 1980 1985 2152
f 1980 2152 2153
f 1980 2153 2154
f 1980 2154 2155
f 1980 2155 2156
f 1980 2156 2157
f 1980 2157 1981
f 1981 2157 2158
f 1981 2158 2151
f 1982 2159 2176
f 1982 2176 2002
f 1982 2151 2158
f 1982 2158 2159
f 1985 1990 2152
f 1986 2160 2161
f 1986 2161 1987
f 1986 1988 2162
f 1986 2162 2160
f 1987 2161 2163
f 1987 2163 1989
f 1988 1994 1993
f 1988 1993 2164
f 1988 2164 2162
f 1989 2163 1990
f 1990 2163 2165
f 1990 2165 2152
f 1991 2166 1992
f 1991 1996 2166
f 1992 2166 2167
f 1992 2167 2164
f 1992 2164 1993
f 1995 2149 2168
f 1995 2168 1996
f 1996 2168 2166
f 1997 1998 1999
f 1998 2005 2003
f 1998 2003 2169
f 1998 2169 1999
f 1999 2170 2171
f 1999 2171 2000
f 1999 2169 2330
f 1999 2330 2170
f 2000 2171 2172
f 2000 2172 2173
f 2000 2173 2174
f 2000 2174 2001
f 2001 2174 2175
f 2001 2175 2013
f 2001 2013 2006
f 2002 2176 2003
f 2003 2005 2004
f 2003 2176 2177
f 2003 2177 2169
f 2006 2013 2007
f 2008 2010 2009
f 2011 2178 2012
f 2011 2013 2178
f 2012 2178 2179
f 2012 2179 2027
f 2013 2175 2180
f 2013 2180 2178
f 2015 2181 2186
f 2015 2186 2182
f 2015 2182 2016
f 2015 2036 2183
f 2015 2183 2184
f 2015 2184 2185
f 2015 2185 2349
f 2015 2349 2181
f 2016 2182 2017
f 2017 2182 2186
f 2017 2186 2187
f 2017 2187 2352
f 2017 2352 2188
f 2017 2188 2189
f 2017 2189 2018
f 2019 2189 2023
f 2019 2023 2020
f 2021 2190 2355
f 2021 2355 2191
f 2021 2191 2192
f 2021 2193 2353
f 2021 2353 2190
f 2022 2192 2024
f 2023 2189 2193
f 2024 2192 2194
f 2024 2194 2195
f 2024 2195 2025
f 2025 2196 2219
f 2025 2219 2046
f 2025 2195 2196
f 2027 2197 2033
f 2027 2033 2030
f 2027 2179 2197
f 2028 2198 2029
f 2028 2030 2198
f 2029 2198 2032
f 2030 2033 2032
f 2030 2032 2198
f 2031 2199 2200
f 2031 2200 2035
f 2031 2034 2201
f 2031 2201 2202
f 2031 2202 2199
f 2033 2197 2203
f 2033 2203 2034
f 2034 2203 2204
f 2034 2204 2201
f 2035 2200 2037
f 2036 2184 2183
f 2036 2205 2206
f 2036 2206 2184
f 2037 2200 2207
f 2037 2207 2208
f 2037 2208 2209
f 2037 2209 2205
f 2038 2048 2042
f 2039 2210 2211
f 2039 2211 2040
f 2039 2045 2212
f 2039 2212 2210
f 2040 2211 2213
f 2040 2213 2041
f 2041 2213 2222
f 2041 2222 2049
f 2042 2214 2043
f 2042 2048 2047
f 2042 2047 2214
f 2043 2215 2216
f 2043 2216 2217
f 2043 2217 2212
f 2043 2212 2044
f 2043 2214 2218
f 2043 2218 2215
f 2044 2212 2045
f 2046 2219 2220
f 2046 2220 2221
f 2046 2221 2047
f 2047 2221 2214
f 2049 2222 2223
f 2049 2223 2224
f 2049 2224 2050
f 2050 2224 2225
f 2050 2225 2051
f 2051 2225 2055
f 2052 2226 2227
f 2052 2227 2053
f 2052 2055 2225
f 2052 2225 2226
f 2053 2227 2228
f 2053 2228 2229
f 2053 2229 2056
f 2056 2229 2230
f 2056 2230 2057
f 2057 2230 2231
f 2057 2231 2058
f 2058 2231 2059
f 2059 2231 2232
f 2059 2232 2233
f 2059 2233 2060
f 2060 2066 2065
f 2060 2065 2062
f 2060 2062 2061
f 2060 2233 2066
f 2063 2066 2234
f 2063 2234 2235
f 2063 2235 2236
f 2063 2236 2064
f 2064 2237 2074
f 2064 2074 2067
f 2064 2236 2235
f 2064 2235 2237
f 2066 2233 2234
f 2070 2238 2071
f 2070 2074 2239
f 2070 2239 2240
f 2070 2240 2238
f 2071 2238 2241
f 2071 2241 2083
f 2071 2083 2082
f 2071 2082 2072
f 2074 2237 2239
f 2075 2242 2243
f 2075 2243 2076
f 2075 2083 2242
f 2076 2243 2244
f 2076 2244 2245
f 2076 2245 2077
f 2077 2245 2246
f 2077 2246 2247
f 2077 2247 2078
f 2078 2247 2403
f 2078 2403 2248
f 2078 2248 2249
f 2078 2249 2250
f 2078 2250 2079
f 2079 2250 2080
f 2080 2250 2251
f 2080 2251 2085
f 2083 2241 2252
f 2083 2252 2253
f 2083 2253 2254
f 2083 2254 2242
f 2084 2086 2087
f 2085 2251 2086
f 2086 2255 2089
f 2086 2089 2088
f 2086 2088 2087
f 2086 2251 2256
f 2086 2256 2257
f 2086 2257 2092
f 2086 2092 2255
f 2089 2255 2090
f 2090 2255 2092
f 2092 2257 2093
f 2093 2257 2256
f 2093 2256 2094
f 2094 2256 2258
f 2094 2258 2096
f 2094 2096 2095
f 2096 2259 2418
f 2096 2418 2260
f 2096 2260 2098
f 2096 2098 2097
f 2096 2258 2410
f 2096 2410 2259
f 2098 2260 2100
f 2098 2100 2099
f 2100 2260 2261
f 2100 2261 2262
f 2100 2262 2263
f 2100 2263 2264
f 2100 2264 2101
f 2101 2264 2102
f 2102 2264 2265
f 2102 2265 2266
f 2102 2266 2103
f 2103 2266 2267
f 2103 2267 2104
f 2104 2267 2268
f 2104 2268 2105
f 2105 2268 2269
f 2105 2269 2106
f 2106 2269 2270
f 2106 2270 2107
f 2107 2270 2271
f 2107 2271 2109
f 2107 2109 2108
f 2109 2272 2110
f 2109 2271 2272
f 2110 2272 2273
f 2114 2274 2115
f 2115 2275 2276
f 2115 2276 2116
f 2115 2274 2275
f 2116 2277 2278
f 2116 2278 2122
f 2116 2118 2117
f 2116 2276 2275
f 2116 2275 2279
f 2116 2279 2435
f 2116 2435 2277
f 2119 2280 2439
f 2119 2439 2281
f 2119 2281 2120
f 2119 2122 2278
f 2119 2278 2280
f 2120 2281 2282
f 2121 2282 2130
f 2123 2283 2124
f 2123 2129 2284
f 2123 2284 2133
f 2123 2133 2285
f 2123 2285 2283
f 2124 2283 2286
f 2124 2286 2287
f 2124 2287 2288
f 2124 2288 2289
f 2124 2289 2125
f 2125 2137 2126
f 2125 2289 2137
f 2129 2133 2284
f 2130 2282 2290
f 2130 2290 2445
f 2130 2445 2291
f 2130 2291 2292
f 2130 2292 2131
f 2131 2292 2293
f 2131 2293 2133
f 2131 2133 2132
f 2133 2293 2285
f 2134 2137 2289
f 2134 2289 2294
f 2134 2294 2295
f 2134 2295 2135
f 2135 2296 2297
f 2135 2297 2138
f 2135 2295 2296
f 2138 2297 2298
f 2138 2298 2150
f 2139 2299 2300
f 2139 2300 2140
f 2139 2146 2301
f 2139 2301 2299
f 2140 2300 2302
f 2140 2302 2147
f 2140 2147 2141
f 2144 2150 2298
f 2144 2298 2145
f 2145 2298 2303
f 2145 2303 2304
f 2145 2304 2146
f 2146 2304 2301
f 2147 2302 2305
f 2147 2305 2306
f 2147 2306 2307
f 2147 2307 2308
f 2148 2308 2309
f 2148 2309 2166
f 2148 2166 2168
f 2148 2168 2310
f 2148 2310 2149
f 2149 2310 2168
f 2152 2165 2153
f 2153 2311 2154
f 2153 2165 2312
f 2153 2312 2311
f 2154 2311 2473
f 2154 2473 2313
f 2154 2313 2477
f 2154 2477 2314
f 2154 2314 2155
f 2155 2314 2478
f 2155 2478 2315
f 2155 2315 2156
f 2156 2315 2316
f 2156 2316 2158
f 2156 2158 2157
f 2158 2316 2317
f 2158 2317 2159
f 2159 2318 2319
f 2159 2319 2176
f 2159 2317 2320
f 2159 2320 2318
f 2160 2321 2161
f 2160 2162 2322
f 2160 2322 2321
f 2161 2321 2323
f 2161 2323 2324
f 2161 2324 2325
f 2161 2325 2326
f 2161 2326 2163
f 2162 2164 2322
f 2163 2326 2165
f 2164 2167 2322
f 2165 2327 2312
f 2165 2326 2325
f 2165 2325 2327
f 2166 2309 2167
f 2167 2309 2328
f 2167 2328 2329
f 2167 2329 2322
f 2169 2177 2330
f 2170 2331 2332
f 2170 2332 2333
f 2170 2333 2171
f 2170 2330 2331
f 2171 2333 2334
f 2171 2334 2335
f 2171 2335 2336
f 2171 2336 2337
f 2171 2337 2338
f 2171 2338 2339
f 2171 2339 2172
f 2172 2340 2173
f 2172 2339 2341
f 2172 2341 2342
f 2172 2342 2343
f 2172 2343 2340
f 2173 2340 2175
f 2173 2175 2174
f 2175 2340 2503
f 2175 2503 2344
f 2175 2344 2180
f 2176 2319 2177
f 2177 2319 2345
f 2177 2345 2330
f 2178 2346 2179
f 2178 2180 2346
f 2179 2346 2347
f 2179 2347 2203
f 2179 2203 2197
f 2180 2344 2346
f 2181 2348 2187
f 2181 2187 2186
f 2181 2349 2508
f 2181 2508 2348
f 2184 2206 2185
f 2185 2206 2367
f 2185 2367 2349
f 2187 2348 2507
f 2187 2507 2350
f 2187 2350 2351
f 2187 2351 2514
f 2187 2514 2352
f 2188 2352 2515
f 2188 2515 2353
f 2188 2353 2193
f 2188 2193 2189
f 2190 2354 2355
f 2190 2353 2354
f 2191 2355 2356
f 2191 2356 2194
f 2191 2194 2192
f 2194 2356 2357
f 2194 2357 2196
f 2194 2196 2195
f 2196 2357 2378
f 2196 2378 2219
f 2199 2358 2207
f 2199 2207 2200
f 2199 2202 2359
f 2199 2359 2360
f 2199 2360 2361
f 2199 2361 2358
f 2201 2204 2362
f 2201 2362 2202
f 2202 2362 2363
f 2202 2363 2359
f 2203 2347 2364
f 2203 2364 2204
f 2204 2364 2506
f 2204 2506 2362
f 2205 2209 2206
f 2206 2209 2365
f 2206 2365 2366
f 2206 2366 2527
f 2206 2527 2367
f 2207 2358 2368
f 2207 2368 2369
f 2207 2369 2208
f 2208 2369 2370
f 2208 2370 2209
f 2209 2370 2365
f 2210 2371 2372
f 2210 2372 2211
f 2210 2212 2373
f 2210 2373 2371
f 2211 2372 2374
f 2211 2374 2213
f 2212 2217 2373
f 2213 2374 2222
f 2214 2221 2218
f 2215 2218 2216
f 2216 2375 2373
f 2216 2373 2217
f 2216 2218 2376
f 2216 2376 2377
f 2216 2377 2375
f 2218 2221 2220
f 2218 2220 2376
f 2219 2378 2379
f 2219 2379 2220
f 2220 2379 2376
f 2222 2374 2380
f 2222 2380 2381
f 2222 2381 2223
f 2223 2381 2382
f 2223 2382 2383
f 2223 2383 2225
f 2223 2225 2224
f 2225 2383 2226
f 2226 2383 2384
f 2226 2384 2228
f 2226 2228 2227
f 2228 2384 2385
f 2228 2385 2229
f 2229 2385 2386
f 2229 2386 2230
f 2230 2386 2231
f 2231 2386 2387
f 2231 2387 2388
f 2231 2388 2232
f 2232 2388 2233
f 2233 2388 2234
f 2234 2389 2235
f 2234 2388 2389
f 2235 2390 2391
f 2235 2391 2392
f 2235 2392 2237
f 2235 2389 2390
f 2237 2392 2239
f 2238 2393 2253
f 2238 2253 2252
f 2238 2252 2241
f 2238 2240 2393
f 2239 2392 2391
f 2239 2391 2240
f 2240 2391 2394
f 2240 2394 2395
f 2240 2395 2393
f 2242 2396 2243
f 2242 2254 2397
f 2242 2397 2396
f 2243 2396 2398
f 2243 2398 2399
f 2243 2399 2244
f 2244 2400 2246
f 2244 2246 2245
f 2244 2399 2400
f 2246 2399 2401
f 2246 2401 2402
f 2246 2402 2403
f 2246 2403 2247
f 2246 2400 2399
f 2248 2403 2404
f 2248 2404 2405
f 2248 2405 2406
f 2248 2406 2249
f 2249 2406 2250
f 2250 2406 2407
f 2250 2407 2408
f 2250 2408 2409
f 2250 2409 2251
f 2251 2409 2410
f 2251 2410 2258
f 2251 2258 2256
f 2253 2411 2412
f 2253 2412 2397
f 2253 2397 2254
f 2253 2393 2413
f 2253 2413 2395
f 2253 2395 2414
f 2253 2414 2415
f 2253 2415 2411
f 2259 2416 2417
f 2259 2417 2418
f 2259 2410 2416
f 2260 2418 2419
f 2260 2419 2420
f 2260 2420 2261
f 2261 2420 2421
f 2261 2421 2262
f 2262 2421 2265
f 2262 2265 2263
f 2263 2265 2264
f 2265 2422 2423
f 2265 2423 2267
f 2265 2267 2266
f 2265 2421 2424
f 2265 2424 2425
f 2265 2425 2422
f 2267 2423 2426
f 2267 2426 2268
f 2268 2427 2428
f 2268 2428 2429
f 2268 2429 2270
f 2268 2270 2269
f 2268 2426 2427
f 2270 2429 2430
f 2270 2430 2271
f 2271 2430 2272
f 2272 2430 2431
f 2272 2431 2273
f 2273 2432 2427
f 2273 2427 2433
f 2273 2431 2432
f 2274 2434 2435
f 2274 2435 2279
f 2274 2279 2275
f 2277 2435 2613
f 2277 2613 2436
f 2277 2436 2437
f 2277 2437 2278
f 2278 2437 2617
f 2278 2617 2438
f 2278 2438 2280
f 2280 2438 2620
f 2280 2620 2439
f 2281 2439 2290
f 2281 2290 2282
f 2283 2285 2286
f 2285 2293 2292
f 2285 2292 2440
f 2285 2440 2286
f 2286 2440 2441
f 2286 2441 2287
f 2287 2441 2442
f 2287 2442 2625
f 2287 2625 2443
f 2287 2443 2288
f 2288 2443 2444
f 2288 2444 2289
f 2289 2444 2294
f 2290 2439 2620
f 2290 2620 2445
f 2291 2445 2628
f 2291 2628 2446
f 2291 2446 2447
f 2291 2447 2292
f 2292 2447 2621
f 2292 2621 2440
f 2294 2444 2448
f 2294 2448 2633
f 2294 2633 2449
f 2294 2449 2295
f 2295 2449 2450
f 2295 2450 2451
f 2295 2451 2452
f 2295 2452 2296
f 2296 2452 2453
f 2296 2453 2297
f 2297 2453 2298
f 2298 2453 2454
f 2298 2454 2455
f 2298 2455 2303
f 2299 2456 2457
f 2299 2457 2300
f 2299 2301 2458
f 2299 2458 2456
f 2300 2457 2459
f 2300 2459 2302
f 2301 2460 2461
f 2301 2461 2462
f 2301 2462 2458
f 2301 2304 2463
f 2301 2463 2464
f 2301 2464 2465
f 2301 2465 2460
f 2302 2459 2466
f 2302 2466 2305
f 2303 2455 2304
f 2304 2455 2463
f 2305 2466 2306
f 2306 2466 2467
f 2306 2467 2307
f 2307 2467 2468
f 2307 2468 2469
f 2307 2469 2470
f 2307 2470 2471
f 2307 2471 2472
f 2307 2472 2309
f 2307 2309 2308
f 2309 2472 2493
f 2309 2493 2328
f 2311 2312 2473
f 2312 2327 2474
f 2312 2474 2475
f 2312 2475 2473
f 2313 2473 2476
f 2313 2476 2477
f 2314 2477 2656
f 2314 2656 2478
f 2315 2478 2479
f 2315 2479 2320
f 2315 2320 2316
f 2316 2320 2317
f 2318 2480 2319
f 2318 2320 2480
f 2319 2480 2481
f 2319 2481 2482
f 2319 2482 2483
f 2319 2483 2484
f 2319 2484 2345
f 2320 2479 2485
f 2320 2485 2486
f 2320 2486 2487
f 2320 2487 2480
f 2321 2488 2489
f 2321 2489 2490
f 2321 2490 2323
f 2321 2322 2329
f 2321 2329 2488
f 2323 2490 2491
f 2323 2491 2324
f 2324 2491 2492
f 2324 2492 2475
f 2324 2475 2474
f 2324 2474 2325
f 2325 2474 2327
f 2328 2493 2494
f 2328 2494 2329
f 2329 2494 2488
f 2330 2345 2332
f 2330 2332 2331
f 2332 2495 2336
f 2332 2336 2335
f 2332 2335 2334
f 2332 2334 2333
f 2332 2345 2484
f 2332 2484 2495
f 2336 2496 2497
f 2336 2497 2498
f 2336 2498 2499
f 2336 2499 2500
f 2336 2500 2337
f 2336 2495 2674
f 2336 2674 2496
f 2337 2500 2338
f 2338 2500 2499
f 2338 2499 2498
f 2338 2498 2501
f 2338 2501 2502
f 2338 2502 2339
f 2339 2502 2341
f 2340 2343 2503
f 2341 2502 2504
f 2341 2504 2342
f 2342 2504 2343
f 2343 2504 2505
f 2343 2505 2506
f 2343 2506 2364
f 2343 2364 2347
f 2343 2347 2503
f 2344 2503 2347
f 2344 2347 2346
f 2348 2508 2683
f 2348 2683 2507
f 2349 2367 2508
f 2350 2507 2682
f 2350 2682 2509
f 2350 2509 2351
f 2351 2509 2510
f 2351 2510 2511
f 2351 2511 2512
f 2351 2512 2513
f 2351 2513 2514
f 2352 2514 2694
f 2352 2694 2515
f 2353 2515 2516
f 2353 2516 2517
f 2353 2517 2354
f 2354 2517 2355
f 2355 2517 2516
f 2355 2516 2518
f 2355 2518 2519
f 2355 2519 2520
f 2355 2520 2521
f 2355 2521 2357
f 2355 2357 2356
f 2357 2521 2542
f 2357 2542 2378
f 2358 2370 2369
f 2358 2369 2368
f 2358 2361 2370
f 2359 2363 2505
f 2359 2505 2522
f 2359 2522 2523
f 2359 2523 2360
f 2360 2524 2525
f 2360 2525 2361
f 2360 2523 2524
f 2361 2525 2526
f 2361 2526 2370
f 2362 2506 2505
f 2362 2505 2363
f 2365 2370 2526
f 2365 2526 2366
f 2366 2526 2527
f 2367 2527 2528
f 2367 2528 2529
f 2367 2529 2508
f 2371 2530 2531
f 2371 2531 2532
f 2371 2532 2533
f 2371 2533 2372
f 2371 2373 2530
f 2372 2533 2536
f 2372 2536 2374
f 2373 2375 2534
f 2373 2534 2535
f 2373 2535 2713
f 2373 2713 2530
f 2374 2536 2380
f 2375 2377 2537
f 2375 2537 2534
f 2376 2379 2538
f 2376 2538 2539
f 2376 2539 2540
f 2376 2540 2541
f 2376 2541 2537
f 2376 2537 2377
f 2378 2542 2379
f 2379 2542 2538
f 2380 2536 2543
f 2380 2543 2544
f 2380 2544 2545
f 2380 2545 2381
f 2381 2545 2546
f 2381 2546 2547
f 2381 2547 2382
f 2382 2548 2549
f 2382 2549 2550
f 2382 2550 2551
f 2382 2551 2384
f 2382 2384 2383
f 2382 2547 2548
f 2384 2551 2385
f 2385 2552 2553
f 2385 2553 2386
f 2385 2551 2552
f 2386 2553 2387
f 2387 2554 2555
f 2387 2555 2556
f 2387 2556 2557
f 2387 2557 2388
f 2387 2553 2552
f 2387 2552 2554
f 2388 2557 2558
f 2388 2558 2389
f 2389 2558 2559
f 2389 2559 2390
f 2390 2560 2394
f 2390 2394 2391
f 2390 2559 2561
f 2390 2561 2562
f 2390 2562 2560
f 2393 2395 2413
f 2394 2563 2395
f 2394 2560 2563
f 2395 2563 2564
f 2395 2564 2414
f 2396 2565 2566
f 2396 2566 2567
f 2396 2567 2568
f 2396 2568 2398
f 2396 2397 2569
f 2396 2569 2570
f 2396 2570 2565
f 2397 2412 2571
f 2397 2571 2572
f 2397 2572 2569
f 2398 2568 2573
f 2398 2573 2399
f 2399 2573 2401
f 2401 2573 2402
f 2402 2574 2575
f 2402 2575 2403
f 2402 2573 2576
f 2402 2576 2577
f 2402 2577 2574
f 2403 2575 2404
f 2404 2575 2578
f 2404 2578 2405
f 2405 2578 2579
f 2405 2579 2580
f 2405 2580 2581
f 2405 2581 2406
f 2406 2581 2580
f 2406 2580 2582
f 2406 2582 2407
f 2407 2582 2408
f 2408 2582 2409
f 2409 2583 2410
f 2409 2582 2584
f 2409 2584 2585
f 2409 2585 2417
f 2409 2417 2583
f 2410 2583 2416
f 2411 2586 2572
f 2411 2572 2571
f 2411 2571 2412
f 2411 2415 2414
f 2411 2414 2587
f 2411 2587 2588
f 2411 2588 2586
f 2414 2564 2563
f 2414 2563 2587
f 2416 2583 2417
f 2417 2585 2589
f 2417 2589 2590
f 2417 2590 2591
f 2417 2591 2592
f 2417 2592 2593
f 2417 2593 2594
f 2417 2594 2418
f 2418 2594 2419
f 2419 2421 2595
f 2419 2595 2420
f 2419 2594 2596
f 2419 2596 2424
f 2419 2424 2421
f 2420 2595 2421
f 2422 2597 2423
f 2422 2425 2597
f 2423 2597 2598
f 2423 2598 2599
f 2423 2599 2600
f 2423 2600 2427
f 2423 2427 2426
f 2424 2596 2593
f 2424 2593 2425
f 2425 2593 2601
f 2425 2601 2597
f 2427 2600 2599
f 2427 2599 2598
f 2427 2598 2602
f 2427 2602 2603
f 2427 2603 2604
f 2427 2604 2605
f 2427 2605 2606
f 2427 2606 2433
f 2427 2432 2607
f 2427 2607 2431
f 2427 2431 2608
f 2427 2608 2428
f 2428 2608 2431
f 2428 2431 2429
f 2429 2431 2430
f 2431 2607 2432
f 2433 2606 2609
f 2433 2609 2610
f 2434 2611 2612
f 2434 2612 2435
f 2435 2612 2613
f 2436 2613 2782
f 2436 2782 2614
f 2436 2614 2437
f 2437 2615 2616
f 2437 2616 2617
f 2437 2614 2618
f 2437 2618 2619
f 2437 2619 2615
f 2438 2617 2790
f 2438 2790 2620
f 2440 2621 2622
f 2440 2622 2441
f 2441 2622 2442
f 2442 2622 2623
f 2442 2623 2624
f 2442 2624 2625
f 2443 2625 2444
f 2444 2625 2626
f 2444 2626 2627
f 2444 2627 2448
f 2445 2620 2790
f 2445 2790 2628
f 2446 2628 2629
f 2446 2629 2630
f 2446 2630 2631
f 2446 2631 2632
f 2446 2632 2447
f 2447 2632 2621
f 2448 2627 2803
f 2448 2803 2633
f 2449 2633 2450
f 2450 2633 2634
f 2450 2634 2463
f 2450 2463 2455
f 2450 2455 2454
f 2450 2454 2451
f 2451 2454 2453
f 2451 2453 2452
f 2456 2635 2457
f 2456 2458 2462
f 2456 2462 2635
f 2457 2635 2462
f 2457 2462 2636
f 2457 2636 2459
f 2459 2636 2637
f 2459 2637 2467
f 2459 2467 2466
f 2460 2638 2639
f 2460 2639 2461
f 2460 2465 2640
f 2460 2640 2638
f 2461 2639 2641
f 2461 2641 2462
f 2462 2641 2642
f 2462 2642 2643
f 2462 2643 2636
f 2463 2634 2640
f 2463 2640 2464
f 2464 2640 2465
f 2467 2637 2468
f 2468 2644 2645
f 2468 2645 2646
f 2468 2646 2469
f 2468 2637 2647
f 2468 2647 2648
f 2468 2648 2644
f 2469 2646 2649
f 2469 2649 2470
f 2470 2649 2650
f 2470 2650 2651
f 2470 2651 2493
f 2470 2493 2471
f 2471 2493 2472
f 2473 2652 2653
f 2473 2653 2476
f 2473 2475 2652
f 2475 2492 2654
f 2475 2654 2652
f 2476 2653 2477
f 2477 2653 2655
f 2477 2655 2834
f 2477 2834 2656
f 2478 2656 2479
f 2479 2656 2834
f 2479 2834 2657
f 2479 2657 2658
f 2479 2658 2662
f 2479 2662 2485
f 2480 2659 2839
f 2480 2839 2660
f 2480 2660 2661
f 2480 2661 2481
f 2480 2487 2662
f 2480 2662 2659
f 2481 2661 2663
f 2481 2663 2482
f 2482 2663 2495
f 2482 2495 2483
f 2483 2495 2484
f 2485 2662 2486
f 2486 2662 2487
f 2488 2664 2665
f 2488 2665 2489
f 2488 2494 2666
f 2488 2666 2664
f 2489 2665 2667
f 2489 2667 2668
f 2489 2668 2490
f 2490 2668 2669
f 2490 2669 2491
f 2491 2669 2492
f 2492 2670 2654
f 2492 2669 2671
f 2492 2671 2670
f 2493 2651 2649
f 2493 2649 2494
f 2494 2649 2672
f 2494 2672 2673
f 2494 2673 2666
f 2495 2663 2675
f 2495 2675 2674
f 2496 2676 2497
f 2496 2674 2676
f 2497 2676 2677
f 2497 2677 2678
f 2497 2678 2679
f 2497 2679 2501
f 2497 2501 2498
f 2501 2679 2680
f 2501 2680 2681
f 2501 2681 2502
f 2502 2681 2523
f 2502 2523 2522
f 2502 2522 2505
f 2502 2505 2504
f 2507 2683 2867
f 2507 2867 2682
f 2508 2529 2684
f 2508 2684 2683
f 2509 2682 2685
f 2509 2685 2686
f 2509 2686 2510
f 2510 2686 2687
f 2510 2687 2688
f 2510 2688 2511
f 2511 2688 2689
f 2511 2689 2512
f 2512 2690 2691
f 2512 2691 2513
f 2512 2689 2688
f 2512 2688 2690
f 2513 2691 2692
f 2513 2692 2693
f 2513 2693 2694
f 2513 2694 2514
f 2515 2694 2516
f 2516 2695 2696
f 2516 2696 2518
f 2516 2694 2695
f 2518 2696 2697
f 2518 2697 2519
f 2519 2697 2520
f 2520 2698 2699
f 2520 2699 2700
f 2520 2700 2542
f 2520 2542 2521
f 2520 2697 2698
f 2523 2681 2680
f 2523 2680 2701
f 2523 2701 2706
f 2523 2706 2702
f 2523 2702 2524
f 2524 2702 2703
f 2524 2703 2525
f 2525 2703 2526
f 2526 2704 2528
f 2526 2528 2527
f 2526 2703 2705
f 2526 2705 2702
f 2526 2702 2706
f 2526 2706 2707
f 2526 2707 2704
f 2528 2708 2709
f 2528 2709 2710
f 2528 2710 2529
f 2528 2704 2711
f 2528 2711 2712
f 2528 2712 2708
f 2529 2710 2684
f 2530 2713 2531
f 2531 2713 2714
f 2531 2714 2721
f 2531 2721 2544
f 2531 2544 2543
f 2531 2543 2532
f 2532 2543 2536
f 2532 2536 2533
f 2534 2541 2535
f 2534 2537 2541
f 2535 2541 2715
f 2535 2715 2914
f 2535 2914 2713
f 2538 2542 2539
f 2539 2542 2700
f 2539 2700 2699
f 2539 2699 2716
f 2539 2716 2540
f 2540 2717 2718
f 2540 2718 2541
f 2540 2716 2719
f 2540 2719 2717
f 2541 2718 2720
f 2541 2720 2715
f 2544 2721 2722
f 2544 2722 2723
f 2544 2723 2545
f 2545 2723 2546
f 2546 2723 2722
f 2546 2722 2724
f 2546 2724 2547
f 2547 2724 2725
f 2547 2725 2726
f 2547 2726 2550
f 2547 2550 2548
f 2548 2550 2549
f 2550 2726 2727
f 2550 2727 2728
f 2550 2728 2933
f 2550 2933 2729
f 2550 2729 2551
f 2551 2729 2730
f 2551 2730 2552
f 2552 2730 2554
f 2554 2731 2732
f 2554 2732 2555
f 2554 2730 2729
f 2554 2729 2731
f 2555 2732 2733
f 2555 2733 2734
f 2555 2734 2735
f 2555 2735 2556
f 2556 2735 2557
f 2557 2735 2558
f 2558 2734 2561
f 2558 2561 2559
f 2558 2735 2734
f 2560 2562 2736
f 2560 2736 2737
f 2560 2737 2563
f 2561 2734 2562
f 2562 2734 2736
f 2563 2738 2587
f 2563 2737 2738
f 2565 2739 2566
f 2565 2570 2740
f 2565 2740 2739
f 2566 2739 2741
f 2566 2741 2567
f 2567 2741 2742
f 2567 2742 2743
f 2567 2743 2568
f 2568 2744 2745
f 2568 2745 2573
f 2568 2743 2744
f 2569 2572 2570
f 2570 2572 2746
f 2570 2746 2946
f 2570 2946 2740
f 2572 2586 2759
f 2572 2759 2746
f 2573 2745 2747
f 2573 2747 2576
f 2574 2577 2748
f 2574 2748 2575
f 2575 2748 2578
f 2576 2747 2577
f 2577 2749 2748
f 2577 2747 2750
f 2577 2750 2751
f 2577 2751 2752
f 2577 2752 2753
f 2577 2753 2749
f 2578 2748 2754
f 2578 2754 2579
f 2579 2754 2755
f 2579 2755 2580
f 2580 2756 2582
f 2580 2755 2757
f 2580 2757 2758
f 2580 2758 2756
f 2582 2756 2589
f 2582 2589 2584
f 2584 2589 2585
f 2586 2588 2761
f 2586 2761 2759
f 2587 2738 2760
f 2587 2760 2588
f 2588 2760 2761
f 2589 2756 2590
f 2590 2762 2763
f 2590 2763 2764
f 2590 2764 2592
f 2590 2592 2591
f 2590 2756 2758
f 2590 2758 2765
f 2590 2765 2762
f 2592 2764 2593
f 2593 2596 2594
f 2593 2764 2766
f 2593 2766 2767
f 2593 2767 2768
f 2593 2768 2769
f 2593 2769 2601
f 2597 2770 2598
f 2597 2601 2770
f 2598 2770 2771
f 2598 2771 2602
f 2601 2769 2770
f 2602 2771 2772
f 2602 2772 2773
f 2602 2773 2603
f 2603 2773 2774
f 2603 2774 2604
f 2604 2774 2775
f 2604 2775 2605
f 2605 2775 2776
f 2605 2776 2609
f 2605 2609 2606
f 2609 2776 2777
f 2609 2777 2610
f 2611 2778 2612
f 2612 2779 2613
f 2612 2778 2780
f 2612 2780 2781
f 2612 2781 2779
f 2613 2779 2782
f 2614 2782 2783
f 2614 2783 2784
f 2614 2784 2785
f 2614 2785 2618
f 2615 2786 2787
f 2615 2787 2788
f 2615 2788 2789
f 2615 2789 2616
f 2615 2619 2786
f 2616 2789 2790
f 2616 2790 2617
f 2618 2785 2784
f 2618 2784 2791
f 2618 2791 2792
f 2618 2792 2619
f 2619 2792 2793
f 2619 2793 2786
f 2621 2794 2795
f 2621 2795 2796
f 2621 2796 2622
f 2621 2632 2797
f 2621 2797 2794
f 2622 2796 2623
f 2623 2796 2798
f 2623 2798 2799
f 2623 2799 2624
f 2624 2799 2800
f 2624 2800 2625
f 2625 2800 2626
f 2626 2801 2627
f 2626 2800 2801
f 2627 2801 2802
f 2627 2802 2803
f 2628 2790 2789
f 2628 2789 2629
f 2629 2789 2788
f 2629 2788 2804
f 2629 2804 2630
f 2630 2804 2631
f 2631 2805 2810
f 2631 2810 2806
f 2631 2806 2632
f 2631 2804 2807
f 2631 2807 2808
f 2631 2808 2809
f 2631 2809 2988
f 2631 2988 2805
f 2632 2806 2810
f 2632 2810 2811
f 2632 2811 2812
f 2632 2812 2797
f 2633 2803 2640
f 2633 2640 2634
f 2636 2643 2637
f 2637 2643 2642
f 2637 2642 2813
f 2637 2813 2814
f 2637 2814 2815
f 2637 2815 2647
f 2638 2816 2639
f 2638 2640 2817
f 2638 2817 2818
f 2638 2818 2819
f 2638 2819 2816
f 2639 2816 2820
f 2639 2820 2821
f 2639 2821 2822
f 2639 2822 2823
f 2639 2823 2641
f 2640 2803 2817
f 2641 2824 2813
f 2641 2813 2642
f 2641 2823 2825
f 2641 2825 2824
f 2644 2826 2827
f 2644 2827 2645
f 2644 2648 2815
f 2644 2815 2828
f 2644 2828 2826
f 2645 2827 2829
f 2645 2829 2830
f 2645 2830 2646
f 2646 2830 2649
f 2647 2815 2648
f 2649 2830 2831
f 2649 2831 2672
f 2649 2651 2650
f 2652 2654 2653
f 2653 2654 2832
f 2653 2832 2833
f 2653 2833 2655
f 2654 2670 2832
f 2655 2833 2834
f 2657 2834 2833
f 2657 2833 2658
f 2658 2835 2836
f 2658 2836 2662
f 2658 2833 2835
f 2659 2837 2838
f 2659 2838 2839
f 2659 2662 2840
f 2659 2840 2837
f 2660 2839 2841
f 2660 2841 2663
f 2660 2663 2661
f 2662 2836 2840
f 2663 2841 2675
f 2664 2842 2665
f 2664 2666 2673
f 2664 2673 2842
f 2665 2842 2843
f 2665 2843 2844
f 2665 2844 2845
f 2665 2845 2846
f 2665 2846 2668
f 2665 2668 2667
f 2668 2846 2847
f 2668 2847 2848
f 2668 2848 2669
f 2669 2848 2671
f 2670 2849 2832
f 2670 2671 2849
f 2671 2848 2847
f 2671 2847 2850
f 2671 2850 3048
f 2671 3048 2851
f 2671 2851 2849
f 2672 2852 2853
f 2672 2853 2854
f 2672 2854 2673
f 2672 2831 2830
f 2672 2830 2852
f 2673 2854 2853
f 2673 2853 2842
f 2674 2855 2676
f 2674 2675 2856
f 2674 2856 2855
f 2675 2841 2856
f 2676 2855 2857
f 2676 2857 2858
f 2676 2858 2677
f 2677 2858 2859
f 2677 2859 2860
f 2677 2860 2678
f 2678 2861 2862
f 2678 2862 2863
f 2678 2863 2679
f 2678 2860 2861
f 2679 2863 2864
f 2679 2864 2680
f 2680 2865 2701
f 2680 2864 2865
f 2682 2866 2685
f 2682 2867 2868
f 2682 2868 2869
f 2682 2869 2870
f 2682 2870 2866
f 2683 2684 2871
f 2683 2871 2867
f 2684 2710 2872
f 2684 2872 2873
f 2684 2873 2871
f 2685 2874 2875
f 2685 2875 2876
f 2685 2876 2686
f 2685 2866 2877
f 2685 2877 2878
f 2685 2878 2879
f 2685 2879 2880
f 2685 2880 2881
f 2685 2881 2874
f 2686 2876 2882
f 2686 2882 2883
f 2686 2883 2884
f 2686 2884 2885
f 2686 2885 2886
f 2686 2886 2887
f 2686 2887 2687
f 2687 2887 2688
f 2688 2887 2886
f 2688 2886 2888
f 2688 2888 2690
f 2690 2889 3095
f 2690 3095 2890
f 2690 2890 2691
f 2690 2888 2886
f 2690 2886 2891
f 2690 2891 2889
f 2691 2890 2693
f 2691 2693 2692
f 2693 2890 2892
f 2693 2892 2893
f 2693 2893 2894
f 2693 2894 2895
f 2693 2895 2695
f 2693 2695 2694
f 2695 2895 2896
f 2695 2896 2897
f 2695 2897 2898
f 2695 2898 2696
f 2696 2898 2897
f 2696 2897 2899
f 2696 2899 2698
f 2696 2698 2697
f 2698 2900 2901
f 2698 2901 2699
f 2698 2899 2902
f 2698 2902 2900
f 2699 2901 2903
f 2699 2903 2904
f 2699 2904 2905
f 2699 2905 2716
f 2701 2865 2906
f 2701 2906 2907
f 2701 2907 2706
f 2702 2705 2703
f 2704 2707 2706
f 2704 2706 2711
f 2706 2907 2711
f 2708 2712 2908
f 2708 2908 2709
f 2709 2908 2710
f 2710 2908 2909
f 2710 2909 2872
f 2711 2907 2910
f 2711 2910 2911
f 2711 2911 2912
f 2711 2912 2913
f 2711 2913 2712
f 2712 2913 2908
f 2713 2914 2714
f 2714 2914 2915
f 2714 2915 2721
f 2715 2720 2914
f 2716 2905 2916
f 2716 2916 2719
f 2717 2719 2916
f 2717 2916 2718
f 2718 2917 2918
f 2718 2918 2919
f 2718 2919 2920
f 2718 2920 2720
f 2718 2916 2917
f 2720 2920 2921
f 2720 2921 2922
f 2720 2922 2923
f 2720 2923 2924
f 2720 2924 2925
f 2720 2925 2926
f 2720 2926 2927
f 2720 2927 2914
f 2721 2928 2722
f 2721 2915 2928
f 2722 2928 2725
f 2722 2725 2724
f 2725 2928 2929
f 2725 2929 2726
f 2726 2930 2727
f 2726 2929 2930
f 2727 2930 2728
f 2728 2930 2931
f 2728 2931 2932
f 2728 2932 2933
f 2729 2933 2934
f 2729 2934 2935
f 2729 2935 2731
f 2731 2935 2732
f 2732 2935 2934
f 2732 2934 2936
f 2732 2936 2937
f 2732 2937 3135
f 2732 3135 2938
f 2732 2938 2939
f 2732 2939 2733
f 2733 2939 2940
f 2733 2940 2736
f 2733 2736 2734
f 2736 2940 2737
f 2737 2941 2760
f 2737 2760 2738
f 2737 2940 3137
f 2737 3137 2941
f 2739 2942 2943
f 2739 2943 2741
f 2739 2740 2944
f 2739 2944 2945
f 2739 2945 2942
f 2740 2946 2944
f 2741 2943 2947
f 2741 2947 2948
f 2741 2948 2742
f 2742 2948 2949
f 2742 2949 2743
f 2743 2949 2744
f 2744 2949 2950
f 2744 2950 2745
f 2745 2950 2747
f 2746 2759 2946
f 2747 2950 2752
f 2747 2752 2750
f 2748 2749 2951
f 2748 2951 2765
f 2748 2765 2952
f 2748 2952 2754
f 2749 2953 2954
f 2749 2954 2951
f 2749 2753 2953
f 2750 2752 2751
f 2752 2950 2955
f 2752 2955 2956
f 2752 2956 2957
f 2752 2957 2958
f 2752 2958 2959
f 2752 2959 2960
f 2752 2960 2753
f 2753 2960 2959
f 2753 2959 2961
f 2753 2961 2953
f 2754 2952 2757
f 2754 2757 2755
f 2757 2952 2765
f 2757 2765 2758
f 2759 2761 2946
f 2760 2941 2962
f 2760 2962 2963
f 2760 2963 2964
f 2760 2964 2761
f 2761 2964 2965
f 2761 2965 2966
f 2761 2966 2946
f 2762 2766 2764
f 2762 2764 2763
f 2762 2765 2766
f 2765 2951 2967
f 2765 2967 2766
f 2766 2967 2767
f 2767 2968 2969
f 2767 2969 2768
f 2767 2967 2970
f 2767 2970 2954
f 2767 2954 2968
f 2768 2969 2971
f 2768 2971 2972
f 2768 2972 2973
f 2768 2973 2769
f 2769 2973 2974
f 2769 2974 2770
f 2770 2974 2975
f 2770 2975 2771
f 2771 2975 2772
f 2772 2975 2974
f 2772 2974 2976
f 2772 2976 2774
f 2772 2774 2773
f 2774 2976 2977
f 2774 2977 2978
f 2774 2978 2775
f 2775 2979 2776
f 2775 2978 2979
f 2776 2980 2777
f 2776 2979 2981
f 2776 2981 2980
f 2777 2980 2982
f 2777 2982 2983
f 2779 2984 2782
f 2779 2781 2985
f 2779 2985 2984
f 2781 2986 2987
f 2781 2987 2985
f 2782 2984 2783
f 2783 2984 2985
f 2783 2985 2784
f 2784 2985 2791
f 2786 2793 2787
f 2787 2793 2988
f 2787 2988 2809
f 2787 2809 2989
f 2787 2989 2788
f 2788 2989 2807
f 2788 2807 2804
f 2791 2985 2987
f 2791 2987 3173
f 2791 3173 2990
f 2791 2990 2991
f 2791 2991 2992
f 2791 2992 2792
f 2792 2992 2793
f 2793 2993 3175
f 2793 3175 2988
f 2793 2992 2991
f 2793 2991 2993
f 2794 2812 2795
f 2794 2797 2812
f 2795 2994 2796
f 2795 2812 2994
f 2796 2994 2798
f 2798 2994 2995
f 2798 2995 2799
f 2799 2996 2997
f 2799 2997 2998
f 2799 2998 2999
f 2799 2999 2801
f 2799 2801 2800
f 2799 2995 3000
f 2799 3000 2996
f 2801 2999 3001
f 2801 3001 3002
f 2801 3002 2802
f 2802 2818 2817
f 2802 2817 2803
f 2802 3002 2818
f 2805 2988 3175
f 2805 3175 3003
f 2805 3003 3004
f 2805 3004 2810
f 2807 2989 2808
f 2808 2989 2809
f 2810 3004 2811
f 2811 3004 3005
f 2811 3005 3006
f 2811 3006 3007
f 2811 3007 3008
f 2811 3008 2812
f 2812 3008 3009
f 2812 3009 2994
f 2813 2824 3010
f 2813 3010 2814
f 2814 3010 3011
f 2814 3011 3012
f 2814 3012 3013
f 2814 3013 3014
f 2814 3014 3015
f 2814 3015 2826
f 2814 2826 2828
f 2814 2828 2815
f 2816 2819 2820
f 2818 3002 3001
f 2818 3001 2819
f 2819 3001 3016
f 2819 3016 3017
f 2819 3017 3018
f 2819 3018 3019
f 2819 3019 3020
f 2819 3020 2820
f 2820 3020 3021
f 2820 3021 2821
f 2821 3021 3022
f 2821 3022 3023
f 2821 3023 3024
f 2821 3024 2822
f 2822 2825 2823
f 2822 3024 3025
f 2822 3025 2825
f 2824 3025 3011
f 2824 3011 3010
f 2824 2825 3025
f 2826 3026 3027
f 2826 3027 3028
f 2826 3028 3029
f 2826 3029 3030
f 2826 3030 2827
f 2826 3015 3014
f 2826 3014 3026
f 2827 3030 3031
f 2827 3031 3032
f 2827 3032 2829
f 2829 3032 3214
f 2829 3214 3033
f 2829 3033 2830
f 2830 3033 2852
f 2832 3034 2833
f 2832 2849 3034
f 2833 3034 3035
f 2833 3035 3036
f 2833 3036 2835
f 2835 3036 3037
f 2835 3037 2836
f 2836 3037 2840
f 2837 3038 3039
f 2837 3039 2838
f 2837 2840 3037
f 2837 3037 3038
f 2838 3039 3038
f 2838 3038 3040
f 2838 3040 2856
f 2838 2856 2841
f 2838 2841 2839
f 2842 2853 2843
f 2843 3041 3042
f 2843 3042 2844
f 2843 2853 3041
f 2844 3042 2845
f 2845 3043 3044
f 2845 3044 3045
f 2845 3045 2847
f 2845 2847 2846
f 2845 3042 3043
f 2847 3045 3050
f 2847 3050 2850
f 2849 3046 3047
f 2849 3047 3034
f 2849 2851 3048
f 2849 3048 3049
f 2849 3049 3046
f 2850 3050 3048
f 2852 3033 2853
f 2853 3033 3051
f 2853 3051 3052
f 2853 3052 3041
f 2855 2856 2857
f 2856 3040 3053
f 2856 3053 3054
f 2856 3054 3055
f 2856 3055 2857
f 2857 3055 3056
f 2857 3056 3057
f 2857 3057 2858
f 2858 3057 2859
f 2859 3058 2860
f 2859 3057 3059
f 2859 3059 3058
f 2860 3058 3060
f 2860 3060 3061
f 2860 3061 2862
f 2860 2862 2861
f 2862 3062 2863
f 2862 3061 3063
f 2862 3063 3062
f 2863 3062 3064
f 2863 3064 3065
f 2863 3065 3066
f 2863 3066 2906
f 2863 2906 2864
f 2864 2906 2865
f 2866 2870 3067
f 2866 3067 2877
f 2867 2871 2868
f 2868 2871 3068
f 2868 3068 3069
f 2868 3069 3067
f 2868 3067 2869
f 2869 3067 2870
f 2871 3070 3071
f 2871 3071 3068
f 2871 2873 3072
f 2871 3072 3073
f 2871 3073 3074
f 2871 3074 3075
f 2871 3075 3070
f 2872 3076 2873
f 2872 2909 3077
f 2872 3077 3076
f 2873 3076 3074
f 2873 3074 3073
f 2873 3073 3072
f 2874 2881 3078
f 2874 3078 3079
f 2874 3079 2875
f 2875 3080 2876
f 2875 3079 3080
f 2876 3080 3081
f 2876 3081 3082
f 2876 3082 3083
f 2876 3083 3084
f 2876 3084 3085
f 2876 3085 2882
f 2877 2879 2878
f 2877 3067 3086
f 2877 3086 2879
f 2879 3086 3071
f 2879 3071 3070
f 2879 3070 3087
f 2879 3087 2880
f 2880 3087 3088
f 2880 3088 2881
f 2881 3088 3089
f 2881 3089 3090
f 2881 3090 3078
f 2882 3085 2883
f 2883 3085 2884
f 2884 3085 3091
f 2884 3091 3092
f 2884 3092 2885
f 2885 3092 3093
f 2885 3093 2891
f 2885 2891 2886
f 2889 3094 3095
f 2889 2891 3094
f 2890 3095 3096
f 2890 3096 2892
f 2891 3093 3094
f 2892 3096 3269
f 2892 3269 3097
f 2892 3097 2893
f 2893 3097 2896
f 2893 2896 3098
f 2893 3098 2894
f 2894 3098 2895
f 2895 3098 2896
f 2896 3097 2897
f 2897 3097 3099
f 2897 3099 3100
f 2897 3100 2899
f 2899 3100 2902
f 2900 3101 3102
f 2900 3102 2901
f 2900 2902 3100
f 2900 3100 3099
f 2900 3099 3103
f 2900 3103 3101
f 2901 3102 3104
f 2901 3104 2904
f 2901 2904 2903
f 2904 3105 3106
f 2904 3106 2905
f 2904 3104 3102
f 2904 3102 3105
f 2905 3106 3107
f 2905 3107 2916
f 2906 3066 2911
f 2906 2911 2910
f 2906 2910 2907
f 2908 2913 3108
f 2908 3108 2909
f 2909 3108 3109
f 2909 3109 3110
f 2909 3110 3077
f 2911 3066 2912
f 2912 3111 2913
f 2912 3066 3112
f 2912 3112 3111
f 2913 3111 3108
f 2914 2927 2915
f 2915 2927 2924
f 2915 2924 3113
f 2915 3113 3114
f 2915 3114 2928
f 2916 3107 3115
f 2916 3115 3116
f 2916 3116 3117
f 2916 3117 2918
f 2916 2918 2917
f 2918 3117 2919
f 2919 3118 2920
f 2919 3117 3118
f 2920 3118 3119
f 2920 3119 2922
f 2920 2922 2921
f 2922 3119 3120
f 2922 3120 3121
f 2922 3121 2923
f 2923 3121 2924
f 2924 3121 3122
f 2924 3122 3123
f 2924 3123 3113
f 2924 2927 2925
f 2925 2927 2926
f 2928 3124 2929
f 2928 3114 3124
f 2929 3124 3125
f 2929 3125 3126
f 2929 3126 2930
f 2930 3127 3128
f 2930 3128 3129
f 2930 3129 2931
f 2930 3126 3127
f 2931 3129 3130
f 2931 3130 2932
f 2932 3130 3131
f 2932 3131 2934
f 2932 2934 2933
f 2934 3131 3132
f 2934 3132 2936
f 2936 3132 3133
f 2936 3133 2937
f 2937 3133 3134
f 2937 3134 3135
f 2938 3135 3136
f 2938 3136 3137
f 2938 3137 2939
f 2939 3137 2940
f 2941 3137 3136
f 2941 3136 2962
f 2942 3138 2943
f 2942 2945 3139
f 2942 3139 3138
f 2943 3138 3140
f 2943 3140 3141
f 2943 3141 2947
f 2944 2946 2945
f 2945 2946 3139
f 2946 3142 3143
f 2946 3143 3139
f 2946 2966 3144
f 2946 3144 3142
f 2947 3141 3145
f 2947 3145 3146
f 2947 3146 3147
f 2947 3147 2956
f 2947 2956 2948
f 2948 2956 2955
f 2948 2955 2949
f 2949 2955 2950
f 2951 2954 2970
f 2951 2970 2967
f 2953 2961 3148
f 2953 3148 3149
f 2953 3149 3150
f 2953 3150 3151
f 2953 3151 2954
f 2954 3151 3150
f 2954 3150 2968
f 2956 3147 2957
f 2957 3147 3152
f 2957 3152 3153
f 2957 3153 2959
f 2957 2959 2958
f 2959 3153 3148
f 2959 3148 2961
f 2962 3136 2963
f 2963 3154 2964
f 2963 3136 3155
f 2963 3155 3154
f 2964 3154 2965
f 2965 3156 3144
f 2965 3144 2966
f 2965 3154 3157
f 2965 3157 3158
f 2965 3158 3156
f 2968 3150 2969
f 2969 3159 3160
f 2969 3160 2971
f 2969 3150 3159
f 2971 3160 2972
f 2972 3160 3161
f 2972 3161 2973
f 2973 3161 2974
f 2974 3161 3162
f 2974 3162 2976
f 2976 3162 3163
f 2976 3163 3164
f 2976 3164 2977
f 2977 3164 3165
f 2977 3165 3166
f 2977 3166 3167
f 2977 3167 3168
f 2977 3168 3169
f 2977 3169 2978
f 2978 3169 3170
f 2978 3170 2979
f 2979 3170 2981
f 2980 3171 3172
f 2980 3172 2982
f 2980 2981 3169
f 2980 3169 3168
f 2980 3168 3171
f 2981 3170 3169
f 2982 3172 2983
f 2986 3173 2987
f 2986 3174 3173
f 2990 3176 2991
f 2990 3173 3177
f 2990 3177 3176
f 2991 3176 2993
f 2993 3176 3178
f 2993 3178 3179
f 2993 3179 3175
f 2994 3009 3008
f 2994 3008 3180
f 2994 3180 2995
f 2995 3181 3000
f 2995 3180 3008
f 2995 3008 3181
f 2996 3182 2997
f 2996 3000 3183
f 2996 3183 3182
f 2997 3182 3017
f 2997 3017 3016
f 2997 3016 2998
f 2998 3016 3001
f 2998 3001 2999
f 3000 3181 3193
f 3000 3193 3183
f 3003 3184 3004
f 3003 3175 3179
f 3003 3179 3185
f 3003 3185 3184
f 3004 3184 3186
f 3004 3186 3005
f 3005 3187 3188
f 3005 3188 3189
f 3005 3189 3006
f 3005 3186 3190
f 3005 3190 3187
f 3006 3189 3191
f 3006 3191 3192
f 3006 3192 3007
f 3007 3192 3193
f 3007 3193 3008
f 3008 3193 3181
f 3011 3025 3012
f 3012 3194 3195
f 3012 3195 3196
f 3012 3196 3197
f 3012 3197 3013
f 3012 3025 3198
f 3012 3198 3194
f 3013 3197 3014
f 3014 3197 3199
f 3014 3199 3200
f 3014 3200 3026
f 3017 3182 3201
f 3017 3201 3202
f 3017 3202 3018
f 3018 3202 3019
f 3019 3202 3020
f 3020 3202 3021
f 3021 3202 3203
f 3021 3203 3022
f 3022 3203 3204
f 3022 3204 3205
f 3022 3205 3206
f 3022 3206 3023
f 3023 3206 3207
f 3023 3207 3208
f 3023 3208 3024
f 3024 3208 3198
f 3024 3198 3209
f 3024 3209 3025
f 3025 3209 3198
f 3026 3210 3211
f 3026 3211 3027
f 3026 3200 3210
f 3027 3211 3028
f 3028 3030 3029
f 3028 3211 3212
f 3028 3212 3213
f 3028 3213 3030
f 3030 3213 3031
f 3031 3214 3032
f 3031 3213 3215
f 3031 3215 3214
f 3033 3214 3051
f 3034 3047 3035
f 3035 3216 3217
f 3035 3217 3218
f 3035 3218 3219
f 3035 3219 3220
f 3035 3220 3036
f 3035 3047 3216
f 3036 3220 3037
f 3037 3220 3219
f 3037 3219 3221
f 3037 3221 3038
f 3038 3222 3223
f 3038 3223 3053
f 3038 3053 3040
f 3038 3221 3218
f 3038 3218 3222
f 3041 3052 3042
f 3042 3052 3224
f 3042 3224 3043
f 3043 3225 3226
f 3043 3226 3044
f 3043 3224 3225
f 3044 3226 3227
f 3044 3227 3228
f 3044 3228 3050
f 3044 3050 3045
f 3046 3229 3230
f 3046 3230 3047
f 3046 3049 3227
f 3046 3227 3231
f 3046 3231 3229
f 3047 3230 3216
f 3048 3050 3228
f 3048 3228 3049
f 3049 3228 3227
f 3051 3214 3215
f 3051 3215 3232
f 3051 3232 3052
f 3052 3232 3224
f 3053 3223 3054
f 3054 3223 3233
f 3054 3233 3234
f 3054 3234 3235
f 3054 3235 3236
f 3054 3236 3237
f 3054 3237 3057
f 3054 3057 3056
f 3054 3056 3055
f 3057 3237 3059
f 3058 3059 3060
f 3059 3237 3236
f 3059 3236 3238
f 3059 3238 3060
f 3060 3238 3061
f 3061 3238 3239
f 3061 3239 3240
f 3061 3240 3063
f 3062 3063 3064
f 3063 3240 3241
f 3063 3241 3064
f 3064 3241 3242
f 3064 3242 3112
f 3064 3112 3243
f 3064 3243 3066
f 3064 3066 3065
f 3066 3243 3112
f 3067 3069 3071
f 3067 3071 3086
f 3068 3071 3069
f 3070 3075 3087
f 3074 3076 3075
f 3075 3076 3244
f 3075 3244 3245
f 3075 3245 3087
f 3076 3246 3244
f 3076 3077 3247
f 3076 3247 3246
f 3077 3110 3275
f 3077 3275 3247
f 3078 3090 3079
f 3079 3090 3248
f 3079 3248 3249
f 3079 3249 3250
f 3079 3250 3251
f 3079 3251 3252
f 3079 3252 3253
f 3079 3253 3254
f 3079 3254 3080
f 3080 3254 3081
f 3081 3254 3082
f 3082 3253 3083
f 3082 3254 3253
f 3083 3255 3256
f 3083 3256 3084
f 3083 3253 3255
f 3084 3256 3257
f 3084 3257 3258
f 3084 3258 3259
f 3084 3259 3260
f 3084 3260 3261
f 3084 3261 3262
f 3084 3262 3263
f 3084 3263 3085
f 3085 3263 3264
f 3085 3264 3091
f 3087 3245 3088
f 3088 3265 3249
f 3088 3249 3248
f 3088 3248 3090
f 3088 3090 3089
f 3088 3245 3266
f 3088 3266 3460
f 3088 3460 3265
f 3091 3264 3094
f 3091 3094 3092
f 3092 3094 3093
f 3094 3264 3459
f 3094 3459 3465
f 3094 3465 3267
f 3094 3267 3095
f 3095 3267 3268
f 3095 3268 3096
f 3096 3268 3269
f 3097 3269 3270
f 3097 3270 3103
f 3097 3103 3099
f 3101 3271 3102
f 3101 3103 3270
f 3101 3270 3271
f 3102 3271 3272
f 3102 3272 3105
f 3105 3107 3106
f 3105 3272 3117
f 3105 3117 3115
f 3105 3115 3107
f 3108 3111 3273
f 3108 3273 3274
f 3108 3274 3109
f 3109 3274 3110
f 3110 3274 3275
f 3111 3112 3242
f 3111 3242 3241
f 3111 3241 3273
f 3113 3123 3114
f 3114 3276 3277
f 3114 3277 3124
f 3114 3123 3122
f 3114 3122 3278
f 3114 3278 3276
f 3115 3117 3116
f 3117 3272 3279
f 3117 3279 3118
f 3118 3279 3280
f 3118 3280 3281
f 3118 3281 3282
f 3118 3282 3480
f 3118 3480 3283
f 3118 3283 3119
f 3119 3283 3120
f 3120 3283 3284
f 3120 3284 3285
f 3120 3285 3286
f 3120 3286 3121
f 3121 3287 3122
f 3121 3286 3288
f 3121 3288 3289
f 3121 3289 3290
f 3121 3290 3287
f 3122 3287 3290
f 3122 3290 3278
f 3124 3277 3125
f 3125 3277 3291
f 3125 3291 3292
f 3125 3292 3293
f 3125 3293 3126
f 3126 3293 3127
f 3127 3293 3294
f 3127 3294 3128
f 3128 3294 3129
f 3129 3294 3295
f 3129 3295 3130
f 3130 3295 3131
f 3131 3296 3506
f 3131 3506 3297
f 3131 3297 3132
f 3131 3295 3296
f 3132 3297 3133
f 3133 3297 3298
f 3133 3298 3299
f 3133 3299 3134
f 3134 3300 3301
f 3134 3301 3302
f 3134 3302 3155
f 3134 3155 3135
f 3134 3299 3300
f 3135 3155 3136
f 3138 3303 3304
f 3138 3304 3305
f 3138 3305 3306
f 3138 3306 3140
f 3138 3139 3303
f 3139 3143 3307
f 3139 3307 3308
f 3139 3308 3309
f 3139 3309 3310
f 3139 3310 3303
f 3140 3306 3311
f 3140 3311 3312
f 3140 3312 3145
f 3140 3145 3141
f 3142 3313 3314
f 3142 3314 3143
f 3142 3144 3313
f 3143 3314 3308
f 3143 3308 3307
f 3144 3315 3316
f 3144 3316 3313
f 3144 3156 3317
f 3144 3317 3315
f 3145 3312 3318
f 3145 3318 3319
f 3145 3319 3146
f 3146 3319 3147
f 3147 3319 3320
f 3147 3320 3152
f 3148 3153 3321
f 3148 3321 3149
f 3149 3321 3322
f 3149 3322 3323
f 3149 3323 3150
f 3150 3323 3324
f 3150 3324 3159
f 3152 3320 3153
f 3153 3325 3326
f 3153 3326 3327
f 3153 3327 3328
f 3153 3328 3329
f 3153 3329 3330
f 3153 3330 3322
f 3153 3322 3321
f 3153 3320 3319
f 3153 3319 3331
f 3153 3331 3325
f 3154 3155 3302
f 3154 3302 3157
f 3156 3332 3317
f 3156 3158 3332
f 3157 3302 3158
f 3158 3302 3301
f 3158 3301 3300
f 3158 3300 3333
f 3158 3333 3334
f 3158 3334 3335
f 3158 3335 3332
f 3159 3161 3160
f 3159 3324 3323
f 3159 3323 3322
f 3159 3322 3330
f 3159 3330 3164
f 3159 3164 3163
f 3159 3163 3162
f 3159 3162 3161
f 3164 3330 3329
f 3164 3329 3165
f 3165 3336 3166
f 3165 3329 3337
f 3165 3337 3338
f 3165 3338 3339
f 3165 3339 3336
f 3166 3336 3167
f 3167 3336 3168
f 3168 3336 3340
f 3168 3340 3171
f 3171 3340 3341
f 3171 3341 3172
f 3172 3341 3342
f 3173 3174 3343
f 3173 3343 3344
f 3173 3344 3177
f 3176 3345 3351
f 3176 3351 3178
f 3176 3177 3345
f 3177 3346 3345
f 3177 3344 3347
f 3177 3347 3348
f 3177 3348 3349
f 3177 3349 3350
f 3177 3350 3346
f 3178 3351 3179
f 3179 3184 3185
f 3179 3351 3352
f 3179 3352 3353
f 3179 3353 3184
f 3182 3354 3355
f 3182 3355 3201
f 3182 3183 3356
f 3182 3356 3357
f 3182 3357 3358
f 3182 3358 3359
f 3182 3359 3354
f 3183 3193 3192
f 3183 3192 3356
f 3184 3190 3186
f 3184 3353 3360
f 3184 3360 3361
f 3184 3361 3362
f 3184 3362 3190
f 3187 3363 3364
f 3187 3364 3365
f 3187 3365 3188
f 3187 3190 3363
f 3188 3365 3366
f 3188 3366 3189
f 3189 3366 3367
f 3189 3367 3368
f 3189 3368 3369
f 3189 3369 3192
f 3189 3192 3191
f 3190 3362 3370
f 3190 3370 3371
f 3190 3371 3372
f 3190 3372 3363
f 3192 3369 3357
f 3192 3357 3356
f 3194 3373 3374
f 3194 3374 3195
f 3194 3198 3375
f 3194 3375 3373
f 3195 3374 3376
f 3195 3376 3196
f 3196 3376 3199
f 3196 3199 3197
f 3198 3208 3375
f 3199 3377 3200
f 3199 3376 3377
f 3200 3378 3210
f 3200 3377 3374
f 3200 3374 3373
f 3200 3373 3379
f 3200 3379 3380
f 3200 3380 3378
f 3201 3381 3382
f 3201 3382 3383
f 3201 3383 3202
f 3201 3355 3381
f 3202 3383 3204
f 3202 3204 3203
f 3204 3383 3205
f 3205 3384 3206
f 3205 3383 3382
f 3205 3382 3385
f 3205 3385 3384
f 3206 3384 3386
f 3206 3386 3387
f 3206 3387 3207
f 3207 3387 3388
f 3207 3388 3389
f 3207 3389 3208
f 3208 3389 3375
f 3210 3390 3391
f 3210 3391 3211
f 3210 3378 3390
f 3211 3391 3212
f 3212 3392 3213
f 3212 3391 3393
f 3212 3393 3394
f 3212 3394 3395
f 3212 3395 3396
f 3212 3396 3215
f 3212 3215 3392
f 3213 3392 3215
f 3215 3397 3398
f 3215 3398 3399
f 3215 3399 3232
f 3215 3396 3397
f 3216 3400 3401
f 3216 3401 3217
f 3216 3230 3400
f 3217 3401 3403
f 3217 3403 3218
f 3218 3402 3222
f 3218 3221 3219
f 3218 3403 3404
f 3218 3404 3402
f 3222 3405 3234
f 3222 3234 3406
f 3222 3406 3407
f 3222 3407 3223
f 3222 3402 3600
f 3222 3600 3405
f 3223 3407 3233
f 3224 3232 3408
f 3224 3408 3225
f 3225 3408 3409
f 3225 3409 3410
f 3225 3410 3411
f 3225 3411 3226
f 3226 3412 3227
f 3226 3411 3413
f 3226 3413 3414
f 3226 3414 3412
f 3227 3412 3231
f 3229 3415 3416
f 3229 3416 3230
f 3229 3231 3415
f 3230 3416 3400
f 3231 3414 3413
f 3231 3413 3415
f 3231 3412 3414
f 3232 3399 3408
f 3233 3407 3406
f 3233 3406 3234
f 3234 3417 3235
f 3234 3405 3417
f 3235 3417 3418
f 3235 3418 3419
f 3235 3419 3236
f 3236 3419 3420
f 3236 3420 3238
f 3238 3420 3421
f 3238 3421 3239
f 3239 3421 3422
f 3239 3422 3423
f 3239 3423 3424
f 3239 3424 3240
f 3240 3424 3425
f 3240 3425 3241
f 3241 3425 3426
f 3241 3426 3427
f 3241 3427 3428
f 3241 3428 3429
f 3241 3429 3274
f 3241 3274 3273
f 3244 3430 3431
f 3244 3431 3432
f 3244 3432 3245
f 3244 3246 3433
f 3244 3433 3430
f 3245 3432 3463
f 3245 3463 3266
f 3246 3247 3433
f 3247 3275 3434
f 3247 3434 3433
f 3249 3265 3435
f 3249 3435 3436
f 3249 3436 3250
f 3250 3436 3437
f 3250 3437 3251
f 3251 3437 3438
f 3251 3438 3252
f 3252 3438 3253
f 3253 3439 3255
f 3253 3438 3440
f 3253 3440 3441
f 3253 3441 3439
f 3255 3442 3444
f 3255 3444 3256
f 3255 3439 3443
f 3255 3443 3442
f 3256 3444 3445
f 3256 3445 3446
f 3256 3446 3257
f 3257 3446 3447
f 3257 3447 3258
f 3258 3447 3259
f 3259 3447 3448
f 3259 3448 3449
f 3259 3449 3450
f 3259 3450 3451
f 3259 3451 3452
f 3259 3452 3260
f 3260 3452 3261
f 3261 3452 3453
f 3261 3453 3454
f 3261 3454 3455
f 3261 3455 3456
f 3261 3456 3457
f 3261 3457 3458
f 3261 3458 3262
f 3262 3458 3459
f 3262 3459 3264
f 3262 3264 3263
f 3265 3460 3461
f 3265 3461 3462
f 3265 3462 3435
f 3266 3463 3464
f 3266 3464 3460
f 3267 3465 3268
f 3268 3466 3467
f 3268 3467 3468
f 3268 3468 3269
f 3268 3465 3458
f 3268 3458 3466
f 3269 3468 3469
f 3269 3469 3470
f 3269 3470 3270
f 3270 3471 3472
f 3270 3472 3271
f 3270 3470 3471
f 3271 3472 3272
f 3272 3473 3474
f 3272 3474 3279
f 3272 3472 3473
f 3274 3434 3275
f 3274 3429 3434
f 3276 3278 3290
f 3276 3290 3475
f 3276 3475 3291
f 3276 3291 3277
f 3279 3474 3280
f 3280 3476 3281
f 3280 3474 3477
f 3280 3477 3476
f 3281 3478 3282
f 3281 3476 3478
f 3282 3478 3479
f 3282 3479 3480
f 3283 3480 3284
f 3284 3480 3481
f 3284 3481 3482
f 3284 3482 3483
f 3284 3483 3484
f 3284 3484 3485
f 3284 3485 3486
f 3284 3486 3285
f 3285 3486 3487
f 3285 3487 3488
f 3285 3488 3288
f 3285 3288 3286
f 3288 3488 3688
f 3288 3688 3489
f 3288 3489 3490
f 3288 3490 3289
f 3289 3490 3475
f 3289 3475 3290
f 3291 3491 3292
f 3291 3475 3490
f 3291 3490 3492
f 3291 3492 3491
f 3292 3491 3493
f 3292 3493 3494
f 3292 3494 3495
f 3292 3495 3496
f 3292 3496 3497
f 3292 3497 3498
f 3292 3498 3499
f 3292 3499 3500
f 3292 3500 3501
f 3292 3501 3293
f 3293 3501 3294
f 3294 3501 3500
f 3294 3500 3502
f 3294 3502 3503
f 3294 3503 3295
f 3295 3503 3504
f 3295 3504 3505
f 3295 3505 3296
f 3296 3505 3504
f 3296 3504 3506
f 3297 3506 3298
f 3298 3506 3507
f 3298 3507 3508
f 3298 3508 3509
f 3298 3509 3510
f 3298 3510 3511
f 3298 3511 3300
f 3298 3300 3299
f 3300 3512 3333
f 3300 3511 3509
f 3300 3509 3512
f 3303 3310 3513
f 3303 3513 3514
f 3303 3514 3304
f 3304 3514 3517
f 3304 3517 3305
f 3305 3515 3516
f 3305 3516 3306
f 3305 3517 3518
f 3305 3518 3515
f 3306 3516 3519
f 3306 3519 3311
f 3308 3313 3316
f 3308 3316 3315
f 3308 3315 3309
f 3308 3314 3313
f 3309 3520 3521
f 3309 3521 3522
f 3309 3522 3523
f 3309 3523 3310
f 3309 3315 3528
f 3309 3528 3520
f 3310 3523 3513
f 3311 3519 3524
f 3311 3524 3312
f 3312 3524 3525
f 3312 3525 3318
f 3315 3317 3526
f 3315 3526 3527
f 3315 3527 3528
f 3317 3332 3335
f 3317 3335 3334
f 3317 3334 3526
f 3318 3525 3325
f 3318 3325 3331
f 3318 3331 3319
f 3325 3525 3326
f 3326 3529 3327
f 3326 3525 3524
f 3326 3524 3530
f 3326 3530 3531
f 3326 3531 3529
f 3327 3529 3338
f 3327 3338 3337
f 3327 3337 3328
f 3328 3337 3329
f 3333 3532 3527
f 3333 3527 3526
f 3333 3526 3334
f 3333 3512 3509
f 3333 3509 3532
f 3336 3339 3533
f 3336 3533 3534
f 3336 3534 3340
f 3338 3529 3535
f 3338 3535 3536
f 3338 3536 3339
f 3339 3536 3537
f 3339 3537 3533
f 3340 3534 3341
f 3341 3538 3342
f 3341 3534 3539
f 3341 3539 3540
f 3341 3540 3538
f 3342 3541 3542
f 3342 3542 3543
f 3342 3538 3541
f 3343 3544 3545
f 3343 3545 3348
f 3343 3348 3347
f 3343 3347 3344
f 3345 3546 3351
f 3345 3346 3546
f 3346 3350 3547
f 3346 3547 3554
f 3346 3554 3548
f 3346 3548 3546
f 3348 3545 3349
f 3349 3545 3549
f 3349 3549 3550
f 3349 3550 3551
f 3349 3551 3552
f 3349 3552 3553
f 3349 3553 3554
f 3349 3554 3547
f 3349 3547 3350
f 3351 3555 3352
f 3351 3546 3548
f 3351 3548 3556
f 3351 3556 3557
f 3351 3557 3555
f 3352 3555 3353
f 3353 3557 3558
f 3353 3558 3559
f 3353 3559 3560
f 3353 3560 3561
f 3353 3561 3361
f 3353 3361 3360
f 3353 3555 3557
f 3354 3359 3562
f 3354 3562 3355
f 3355 3562 3381
f 3357 3369 3368
f 3357 3368 3563
f 3357 3563 3573
f 3357 3573 3564
f 3357 3564 3565
f 3357 3565 3358
f 3358 3565 3566
f 3358 3566 3562
f 3358 3562 3359
f 3361 3561 3370
f 3361 3370 3362
f 3363 3372 3364
f 3364 3567 3568
f 3364 3568 3569
f 3364 3569 3365
f 3364 3372 3570
f 3364 3570 3370
f 3364 3370 3567
f 3365 3569 3367
f 3365 3367 3366
f 3367 3569 3368
f 3368 3569 3568
f 3368 3568 3571
f 3368 3571 3572
f 3368 3572 3573
f 3368 3573 3563
f 3370 3570 3371
f 3370 3561 3560
f 3370 3560 3574
f 3370 3574 3575
f 3370 3575 3567
f 3371 3570 3372
f 3373 3576 3577
f 3373 3577 3379
f 3373 3375 3578
f 3373 3578 3576
f 3374 3377 3376
f 3375 3389 3578
f 3378 3380 3577
f 3378 3577 3390
f 3379 3577 3380
f 3381 3579 3580
f 3381 3580 3384
f 3381 3384 3385
f 3381 3385 3382
f 3381 3562 3581
f 3381 3581 3579
f 3384 3580 3386
f 3386 3582 3388
f 3386 3388 3387
f 3386 3580 3583
f 3386 3583 3582
f 3388 3582 3584
f 3388 3584 3585
f 3388 3585 3586
f 3388 3586 3587
f 3388 3587 3588
f 3388 3588 3576
f 3388 3576 3389
f 3389 3576 3578
f 3390 3393 3391
f 3390 3577 3576
f 3390 3576 3589
f 3390 3589 3590
f 3390 3590 3591
f 3390 3591 3592
f 3390 3592 3593
f 3390 3593 3594
f 3390 3594 3595
f 3390 3595 3394
f 3390 3394 3393
f 3394 3595 3395
f 3395 3595 3594
f 3395 3594 3396
f 3396 3594 3397
f 3397 3594 3596
f 3397 3596 3398
f 3398 3596 3597
f 3398 3597 3399
f 3399 3597 3409
f 3399 3409 3408
f 3400 3598 3599
f 3400 3599 3401
f 3400 3416 3598
f 3401 3599 3403
f 3402 3404 3600
f 3403 3599 3404
f 3404 3599 3600
f 3405 3600 3601
f 3405 3601 3602
f 3405 3602 3417
f 3409 3597 3410
f 3410 3597 3603
f 3410 3603 3411
f 3411 3604 3605
f 3411 3605 3606
f 3411 3606 3607
f 3411 3607 3608
f 3411 3608 3609
f 3411 3609 3610
f 3411 3610 3611
f 3411 3611 3415
f 3411 3415 3413
f 3411 3603 3604
f 3415 3611 3416
f 3416 3611 3610
f 3416 3610 3612
f 3416 3612 3598
f 3417 3602 3613
f 3417 3613 3614
f 3417 3614 3615
f 3417 3615 3616
f 3417 3616 3617
f 3417 3617 3418
f 3418 3618 3419
f 3418 3617 3618
f 3419 3618 3420
f 3420 3619 3421
f 3420 3618 3619
f 3421 3619 3620
f 3421 3620 3422
f 3422 3620 3621
f 3422 3621 3622
f 3422 3622 3623
f 3422 3623 3624
f 3422 3624 3625
f 3422 3625 3626
f 3422 3626 3627
f 3422 3627 3423
f 3423 3627 3628
f 3423 3628 3427
f 3423 3427 3426
f 3423 3426 3424
f 3424 3426 3425
f 3427 3628 3629
f 3427 3629 3428
f 3428 3630 3429
f 3428 3629 3631
f 3428 3631 3433
f 3428 3433 3434
f 3428 3434 3630
f 3429 3630 3434
f 3430 3433 3632
f 3430 3632 3631
f 3430 3631 3431
f 3431 3633 3464
f 3431 3464 3463
f 3431 3463 3432
f 3431 3631 3634
f 3431 3634 3635
f 3431 3635 3633
f 3433 3631 3632
f 3435 3462 3436
f 3436 3462 3636
f 3436 3636 3637
f 3436 3637 3638
f 3436 3638 3437
f 3437 3638 3639
f 3437 3639 3640
f 3437 3640 3641
f 3437 3641 3642
f 3437 3642 3643
f 3437 3643 3438
f 3438 3643 3644
f 3438 3644 3645
f 3438 3645 3440
f 3439 3441 3443
f 3440 3645 3646
f 3440 3646 3441
f 3441 3646 3647
f 3441 3647 3443
f 3442 3648 3649
f 3442 3649 3444
f 3442 3443 3650
f 3442 3650 3651
f 3442 3651 3648
f 3443 3647 3652
f 3443 3652 3653
f 3443 3653 3650
f 3444 3649 3654
f 3444 3654 3655
f 3444 3655 3656
f 3444 3656 3445
f 3445 3656 3657
f 3445 3657 3446
f 3446 3657 3447
f 3447 3657 3448
f 3448 3657 3449
f 3449 3657 3658
f 3449 3658 3450
f 3450 3658 3659
f 3450 3659 3660
f 3450 3660 3661
f 3450 3661 3451
f 3451 3661 3452
f 3452 3661 3453
f 3453 3661 3454
f 3454 3662 3663
f 3454 3663 3664
f 3454 3664 3665
f 3454 3665 3666
f 3454 3666 3667
f 3454 3667 3457
f 3454 3457 3456
f 3454 3456 3455
f 3454 3661 3662
f 3457 3667 3466
f 3457 3466 3458
f 3458 3465 3459
f 3460 3464 3461
f 3461 3464 3668
f 3461 3668 3669
f 3461 3669 3670
f 3461 3670 3462
f 3462 3670 3636
f 3464 3633 3637
f 3464 3637 3668
f 3466 3667 3467
f 3467 3667 3666
f 3467 3666 3665
f 3467 3665 3664
f 3467 3664 3468
f 3468 3664 3469
f 3469 3664 3671
f 3469 3671 3470
f 3470 3671 3471
f 3471 3671 3472
f 3472 3672 3673
f 3472 3673 3473
f 3472 3671 3674
f 3472 3674 3675
f 3472 3675 3676
f 3472 3676 3672
f 3473 3673 3677
f 3473 3677 3477
f 3473 3477 3474
f 3476 3678 3854
f 3476 3854 3679
f 3476 3679 3680
f 3476 3680 3479
f 3476 3479 3478
f 3476 3477 3678
f 3477 3677 3678
f 3479 3680 3480
f 3480 3681 3682
f 3480 3682 3683
f 3480 3683 3481
f 3480 3680 3681
f 3481 3684 3482
f 3481 3683 3684
f 3482 3684 3685
f 3482 3685 3487
f 3482 3487 3483
f 3483 3487 3484
f 3484 3487 3485
f 3485 3487 3486
f 3487 3685 3686
f 3487 3686 3687
f 3487 3687 3688
f 3487 3688 3689
f 3487 3689 3488
f 3488 3689 3688
f 3489 3688 3493
f 3489 3493 3491
f 3489 3491 3490
f 3490 3491 3492
f 3493 3688 3690
f 3493 3690 3494
f 3494 3690 3691
f 3494 3691 3692
f 3494 3692 3495
f 3495 3692 3693
f 3495 3693 3496
f 3496 3693 3694
f 3496 3694 3695
f 3496 3695 3696
f 3496 3696 3504
f 3496 3504 3697
f 3496 3697 3503
f 3496 3503 3502
f 3496 3502 3499
f 3496 3499 3498
f 3496 3498 3497
f 3499 3502 3500
f 3503 3697 3504
f 3504 3696 3509
f 3504 3509 3508
f 3504 3508 3507
f 3504 3507 3506
f 3509 3511 3510
f 3509 3696 3695
f 3509 3695 3698
f 3509 3698 3878
f 3509 3878 3699
f 3509 3699 3700
f 3509 3700 3532
f 3513 3523 3522
f 3513 3522 3521
f 3513 3521 3514
f 3514 3521 3701
f 3514 3701 3702
f 3514 3702 3703
f 3514 3703 3704
f 3514 3704 3517
f 3515 3518 3705
f 3515 3705 3706
f 3515 3706 3516
f 3516 3706 3707
f 3516 3707 3708
f 3516 3708 3519
f 3517 3704 3703
f 3517 3703 3709
f 3517 3709 3518
f 3518 3709 3703
f 3518 3703 3710
f 3518 3710 3711
f 3518 3711 3705
f 3519 3712 3713
f 3519 3713 3714
f 3519 3714 3715
f 3519 3715 3531
f 3519 3531 3530
f 3519 3530 3524
f 3519 3708 3716
f 3519 3716 3712
f 3520 3717 3701
f 3520 3701 3521
f 3520 3528 3717
f 3527 3532 3718
f 3527 3718 3719
f 3527 3719 3528
f 3528 3719 3717
f 3529 3531 3535
f 3531 3715 3720
f 3531 3720 3721
f 3531 3721 3722
f 3531 3722 3535
f 3532 3723 3724
f 3532 3724 3725
f 3532 3725 3726
f 3532 3726 3719
f 3532 3719 3718
f 3532 3700 3723
f 3533 3727 3728
f 3533 3728 3534
f 3533 3537 3727
f 3534 3728 3729
f 3534 3729 3539
f 3535 3722 3536
f 3536 3730 3537
f 3536 3722 3731
f 3536 3731 3730
f 3537 3730 3732
f 3537 3732 3727
f 3538 3733 3734
f 3538 3734 3542
f 3538 3542 3541
f 3538 3540 3733
f 3539 3735 3540
f 3539 3729 3736
f 3539 3736 3737
f 3539 3737 3738
f 3539 3738 3735
f 3540 3735 3739
f 3540 3739 3740
f 3540 3740 3741
f 3540 3741 3742
f 3540 3742 3733
f 3542 3734 3543
f 3543 3734 3743
f 3544 3744 3545
f 3545 3744 3550
f 3545 3550 3549
f 3548 3554 3752
f 3548 3752 3556
f 3550 3745 3551
f 3551 3745 3552
f 3552 3746 3747
f 3552 3747 3748
f 3552 3748 3553
f 3552 3745 3749
f 3552 3749 3750
f 3552 3750 3751
f 3552 3751 3746
f 3553 3748 3554
f 3554 3748 3747
f 3554 3747 3752
f 3556 3752 3557
f 3557 3752 3753
f 3557 3753 3754
f 3557 3754 3558
f 3558 3754 3755
f 3558 3755 3756
f 3558 3756 3559
f 3559 3756 3560
f 3560 3756 3757
f 3560 3757 3574
f 3562 3758 3581
f 3562 3566 3758
f 3564 3573 3759
f 3564 3759 3565
f 3565 3760 3566
f 3565 3759 3573
f 3565 3573 3761
f 3565 3761 3760
f 3566 3760 3758
f 3567 3575 3757
f 3567 3757 3756
f 3567 3756 3762
f 3567 3762 3568
f 3568 3762 3763
f 3568 3763 3764
f 3568 3764 3571
f 3571 3764 3765
f 3571 3765 3766
f 3571 3766 3572
f 3572 3765 3767
f 3572 3767 3768
f 3572 3768 3760
f 3572 3760 3761
f 3572 3761 3573
f 3572 3766 3765
f 3574 3757 3575
f 3576 3588 3589
f 3579 3581 3769
f 3579 3769 3580
f 3580 3769 3582
f 3580 3582 3583
f 3581 3758 3769
f 3582 3769 3584
f 3584 3769 3770
f 3584 3770 3585
f 3585 3770 3771
f 3585 3771 3586
f 3586 3771 3772
f 3586 3772 3773
f 3586 3773 3587
f 3587 3773 3588
f 3588 3773 3589
f 3589 3773 3774
f 3589 3774 3775
f 3589 3775 3590
f 3590 3775 3591
f 3591 3775 3776
f 3591 3776 3592
f 3592 3777 3593
f 3592 3776 3778
f 3592 3778 3777
f 3593 3777 3594
f 3594 3779 3778
f 3594 3778 3780
f 3594 3780 3781
f 3594 3781 3782
f 3594 3782 3783
f 3594 3783 3784
f 3594 3784 3596
f 3594 3777 3779
f 3596 3784 3597
f 3597 3784 3970
f 3597 3970 3785
f 3597 3785 3786
f 3597 3786 3787
f 3597 3787 3603
f 3598 3788 3789
f 3598 3789 3790
f 3598 3790 3791
f 3598 3791 3792
f 3598 3792 3599
f 3598 3612 3788
f 3599 3792 3600
f 3600 3792 3793
f 3600 3793 3601
f 3601 3614 3613
f 3601 3613 3602
f 3601 3793 3792
f 3601 3792 3794
f 3601 3794 3614
f 3603 3787 3795
f 3603 3795 3604
f 3604 3795 3605
f 3605 3795 3796
f 3605 3796 3797
f 3605 3797 3606
f 3606 3798 3799
f 3606 3799 3800
f 3606 3800 3792
f 3606 3792 3791
f 3606 3791 3790
f 3606 3790 3789
f 3606 3789 3607
f 3606 3797 3798
f 3607 3789 3608
f 3608 3789 3609
f 3609 3789 3788
f 3609 3788 3612
f 3609 3612 3610
f 3614 3794 3801
f 3614 3801 3802
f 3614 3802 3615
f 3615 3802 3803
f 3615 3803 3616
f 3616 3803 3804
f 3616 3804 3805
f 3616 3805 3619
f 3616 3619 3617
f 3617 3619 3618
f 3619 3805 3804
f 3619 3804 3806
f 3619 3806 3620
f 3620 3806 3807
f 3620 3807 3621
f 3621 3807 3622
f 3622 3807 3808
f 3622 3808 3623
f 3623 3809 3810
f 3623 3810 3625
f 3623 3625 3624
f 3623 3808 3809
f 3625 3810 3811
f 3625 3811 3626
f 3626 3811 3812
f 3626 3812 3628
f 3626 3628 3627
f 3628 3812 3813
f 3628 3813 3629
f 3629 3813 3815
f 3629 3815 3634
f 3629 3634 3631
f 3633 3814 3637
f 3633 3635 3815
f 3633 3815 3816
f 3633 3816 3814
f 3634 3815 3635
f 3636 3670 3669
f 3636 3669 3637
f 3637 3639 3638
f 3637 3669 3668
f 3637 3814 3639
f 3639 3814 3640
f 3640 3814 3817
f 3640 3817 3818
f 3640 3818 3819
f 3640 3819 3820
f 3640 3820 3641
f 3641 3820 3821
f 3641 3821 3822
f 3641 3822 3823
f 3641 3823 3642
f 3642 3823 3824
f 3642 3824 3643
f 3643 3824 3825
f 3643 3825 3644
f 3644 3825 3826
f 3644 3826 3645
f 3645 3652 3647
f 3645 3647 3646
f 3645 3826 3652
f 3648 3827 3649
f 3648 3651 3828
f 3648 3828 3827
f 3649 3827 3829
f 3649 3829 3830
f 3649 3830 3654
f 3650 3653 3831
f 3650 3831 3828
f 3650 3828 3651
f 3652 3832 3833
f 3652 3833 3653
f 3652 3826 3832
f 3653 3833 3831
f 3654 3830 3655
f 3655 3830 3834
f 3655 3834 3656
f 3656 3834 3657
f 3657 3835 3658
f 3657 3834 3836
f 3657 3836 3835
f 3658 3835 3837
f 3658 3837 3838
f 3658 3838 3839
f 3658 3839 3840
f 3658 3840 3841
f 3658 3841 3659
f 3659 3842 3660
f 3659 3841 3842
f 3660 3842 3843
f 3660 3843 3844
f 3660 3844 3661
f 3661 3844 3663
f 3661 3663 3662
f 3663 3845 3664
f 3663 3844 3846
f 3663 3846 3845
f 3664 3845 3847
f 3664 3847 3676
f 3664 3676 3675
f 3664 3675 3674
f 3664 3674 3671
f 3672 3848 3849
f 3672 3849 3850
f 3672 3850 3851
f 3672 3851 3673
f 3672 3676 3847
f 3672 3847 3848
f 3673 3851 3852
f 3673 3852 3853
f 3673 3853 3677
f 3677 3853 3678
f 3678 3853 3852
f 3678 3852 3854
f 3679 3854 3855
f 3679 3855 3680
f 3680 3856 3857
f 3680 3857 3682
f 3680 3682 3858
f 3680 3858 3681
f 3680 3855 3856
f 3681 3858 3682
f 3682 3857 3859
f 3682 3859 3860
f 3682 3860 3861
f 3682 3861 3683
f 3683 3861 3684
f 3684 3861 3862
f 3684 3862 3685
f 3685 3862 3686
f 3686 3862 4056
f 3686 4056 3863
f 3686 3863 3864
f 3686 3864 3865
f 3686 3865 3866
f 3686 3866 3687
f 3687 3866 3688
f 3688 3866 3865
f 3688 3865 3690
f 3690 3865 3867
f 3690 3867 3691
f 3691 3867 3868
f 3691 3868 3869
f 3691 3869 3870
f 3691 3870 3871
f 3691 3871 3692
f 3692 3871 3872
f 3692 3872 3873
f 3692 3873 3874
f 3692 3874 3875
f 3692 3875 3694
f 3692 3694 3693
f 3694 3875 3695
f 3695 3875 3874
f 3695 3874 3876
f 3695 3876 3877
f 3695 3877 3698
f 3698 3877 3878
f 3699 3878 3902
f 3699 3902 3879
f 3699 3879 3700
f 3700 3879 3880
f 3700 3880 3723
f 3701 3717 3881
f 3701 3881 3882
f 3701 3882 3702
f 3702 3882 3883
f 3702 3883 3884
f 3702 3884 3885
f 3702 3885 3703
f 3703 3885 3710
f 3705 3707 3706
f 3705 3711 3707
f 3707 3711 3886
f 3707 3886 3708
f 3708 3886 3716
f 3710 3885 3884
f 3710 3884 3887
f 3710 3887 3888
f 3710 3888 3711
f 3711 3888 3886
f 3712 3716 3889
f 3712 3889 3713
f 3713 3889 3890
f 3713 3890 3891
f 3713 3891 3714
f 3714 3721 3715
f 3714 3891 3892
f 3714 3892 3721
f 3715 3721 3720
f 3716 3886 3893
f 3716 3893 3894
f 3716 3894 3890
f 3716 3890 3889
f 3717 3719 3881
f 3719 3895 3896
f 3719 3896 3897
f 3719 3897 3881
f 3719 3726 3898
f 3719 3898 3899
f 3719 3899 3900
f 3719 3900 3895
f 3721 3892 3731
f 3721 3731 3722
f 3723 3880 3901
f 3723 3901 3724
f 3724 3901 3902
f 3724 3902 3903
f 3724 3903 3904
f 3724 3904 3905
f 3724 3905 3906
f 3724 3906 3907
f 3724 3907 3908
f 3724 3908 3725
f 3725 3908 3907
f 3725 3907 3909
f 3725 3909 3910
f 3725 3910 3911
f 3725 3911 3726
f 3726 3911 3898
f 3727 3736 3728
f 3727 3732 3736
f 3728 3736 3729
f 3730 3912 3913
f 3730 3913 3732
f 3730 3731 3914
f 3730 3914 3915
f 3730 3915 3912
f 3731 3892 3916
f 3731 3916 3914
f 3732 3913 3736
f 3733 3742 3917
f 3733 3917 3734
f 3734 3917 3918
f 3734 3918 3743
f 3735 3738 3919
f 3735 3919 3739
f 3736 3913 3912
f 3736 3912 3737
f 3737 3912 3738
f 3738 3912 3920
f 3738 3920 3919
f 3739 3921 3740
f 3739 3919 3921
f 3740 3921 3922
f 3740 3922 3923
f 3740 3923 3741
f 3741 3917 3742
f 3741 3923 3924
f 3741 3924 3917
f 3746 3751 3925
f 3746 3925 3926
f 3746 3926 3927
f 3746 3927 3753
f 3746 3753 3747
f 3747 3753 3752
f 3749 3928 3750
f 3750 3928 3929
f 3750 3929 3930
f 3750 3930 3751
f 3751 3930 3931
f 3751 3931 3932
f 3751 3932 3927
f 3751 3927 3926
f 3751 3926 3925
f 3753 3927 3933
f 3753 3933 3754
f 3754 3933 3755
f 3755 3934 3756
f 3755 3933 4120
f 3755 4120 3934
f 3756 3934 3935
f 3756 3935 3936
f 3756 3936 3937
f 3756 3937 3762
f 3758 3760 3768
f 3758 3768 3769
f 3762 3937 3938
f 3762 3938 3939
f 3762 3939 3763
f 3763 3939 3940
f 3763 3940 3941
f 3763 3941 3942
f 3763 3942 3943
f 3763 3943 3764
f 3764 3943 3769
f 3764 3769 3765
f 3765 3768 3767
f 3765 3769 3768
f 3769 3944 3945
f 3769 3945 3770
f 3769 3943 3944
f 3770 3945 3946
f 3770 3946 3947
f 3770 3947 3771
f 3771 3948 3772
f 3771 3947 3946
f 3771 3946 3948
f 3772 3949 3950
f 3772 3950 3773
f 3772 3948 3951
f 3772 3951 3952
f 3772 3952 3953
f 3772 3953 3949
f 3773 3950 3775
f 3773 3775 3774
f 3775 3954 3955
f 3775 3955 3956
f 3775 3956 3776
f 3775 3950 3954
f 3776 3956 3957
f 3776 3957 3958
f 3776 3958 3959
f 3776 3959 3960
f 3776 3960 3778
f 3777 3778 3779
f 3778 3960 3959
f 3778 3959 3961
f 3778 3961 3781
f 3778 3781 3780
f 3781 3962 3963
f 3781 3963 3964
f 3781 3964 3965
f 3781 3965 3783
f 3781 3783 3782
f 3781 3961 3966
f 3781 3966 3967
f 3781 3967 3968
f 3781 3968 3969
f 3781 3969 3962
f 3783 3970 3784
f 3783 3965 3971
f 3783 3971 3972
f 3783 3972 3797
f 3783 3797 3970
f 3785 3970 3973
f 3785 3973 3795
f 3785 3795 3786
f 3786 3795 3787
f 3792 3800 3794
f 3794 3800 3974
f 3794 3974 3975
f 3794 3975 3801
f 3795 3973 3796
f 3796 3973 3797
f 3797 3973 3970
f 3797 3972 3963
f 3797 3963 3976
f 3797 3976 3977
f 3797 3977 3978
f 3797 3978 3979
f 3797 3979 3980
f 3797 3980 3799
f 3797 3799 3798
f 3799 3981 3982
f 3799 3982 3983
f 3799 3983 3974
f 3799 3974 3800
f 3799 3980 3981
f 3801 3975 3802
f 3802 3975 3984
f 3802 3984 3985
f 3802 3985 3986
f 3802 3986 3803
f 3803 3986 3804
f 3804 3986 3807
f 3804 3807 3806
f 3807 3987 3808
f 3807 3986 3987
f 3808 3987 3988
f 3808 3988 3809
f 3809 3989 3810
f 3809 3988 3989
f 3810 3989 3990
f 3810 3990 3811
f 3811 3990 3991
f 3811 3991 3992
f 3811 3992 3812
f 3812 3992 3813
f 3813 3992 3993
f 3813 3993 3994
f 3813 3994 3816
f 3813 3816 3815
f 3814 3816 3995
f 3814 3995 3817
f 3816 3994 3991
f 3816 3991 3990
f 3816 3990 3996
f 3816 3996 3817
f 3816 3817 3995
f 3817 3996 3990
f 3817 3990 3818
f 3818 3988 3997
f 3818 3997 3819
f 3818 3990 3988
f 3819 3998 3999
f 3819 3999 3820
f 3819 3997 4166
f 3819 4166 3998
f 3820 3999 3821
f 3821 4000 4001
f 3821 4001 4002
f 3821 4002 4003
f 3821 4003 3825
f 3821 3825 3824
f 3821 3824 3823
f 3821 3823 3822
f 3821 3999 4004
f 3821 4004 4005
f 3821 4005 4006
f 3821 4006 4007
f 3821 4007 4008
f 3821 4008 4000
f 3825 4003 4009
f 3825 4009 4010
f 3825 4010 3826
f 3826 4010 4011
f 3826 4011 4012
f 3826 4012 3832
f 3827 4013 3829
f 3827 3828 4013
f 3828 4014 4013
f 3828 3831 4015
f 3828 4015 4014
f 3829 4016 4017
f 3829 4017 4018
f 3829 4018 4019
f 3829 4019 4020
f 3829 4020 3830
f 3829 4013 4016
f 3830 4020 4021
f 3830 4021 4022
f 3830 4022 3834
f 3831 3833 4023
f 3831 4023 4015
f 3832 4012 4024
f 3832 4024 3833
f 3833 4024 4023
f 3834 4022 3836
f 3835 3836 4025
f 3835 4025 4026
f 3835 4026 4027
f 3835 4027 4028
f 3835 4028 3837
f 3836 4022 4025
f 3837 4028 4029
f 3837 4029 4030
f 3837 4030 3838
f 3838 4030 3839
f 3839 4031 3840
f 3839 4030 4031
f 3840 4031 3841
f 3841 4031 4032
f 3841 4032 4033
f 3841 4033 4034
f 3841 4034 4035
f 3841 4035 4036
f 3841 4036 3843
f 3841 3843 3842
f 3843 3846 3844
f 3843 4036 4037
f 3843 4037 3846
f 3845 3846 4038
f 3845 4038 3847
f 3846 4039 4038
f 3846 4037 4040
f 3846 4040 4041
f 3846 4041 4042
f 3846 4042 4039
f 3847 4038 4043
f 3847 4043 4044
f 3847 4044 3848
f 3848 4044 4043
f 3848 4043 3849
f 3849 4043 4045
f 3849 4045 4046
f 3849 4046 3850
f 3850 4046 3851
f 3851 4046 3852
f 3852 4046 3854
f 3854 4046 4045
f 3854 4045 4043
f 3854 4043 4047
f 3854 4047 3860
f 3854 3860 4048
f 3854 4048 3855
f 3855 4048 3856
f 3856 4048 3857
f 3857 4048 4049
f 3857 4049 3859
f 3859 4049 3860
f 3860 4049 4048
f 3860 4047 4050
f 3860 4050 4051
f 3860 4051 4052
f 3860 4052 3861
f 3861 4053 3862
f 3861 4052 4054
f 3861 4054 4053
f 3862 4055 4056
f 3862 4053 4054
f 3862 4054 4055
f 3863 4057 4058
f 3863 4058 3864
f 3863 4056 4057
f 3864 4058 3867
f 3864 3867 3865
f 3867 4059 3868
f 3867 4058 4057
f 3867 4057 4060
f 3867 4060 4061
f 3867 4061 3869
f 3867 3869 4059
f 3868 4059 3869
f 3869 4061 4062
f 3869 4062 3871
f 3869 3871 3870
f 3871 4062 4063
f 3871 4063 3872
f 3872 4064 3873
f 3872 4063 4064
f 3873 4064 4065
f 3873 4065 3874
f 3874 4065 4066
f 3874 4066 3876
f 3876 4066 3877
f 3877 3905 4067
f 3877 4067 4068
f 3877 4068 4069
f 3877 4069 3878
f 3877 4066 3905
f 3878 4069 3903
f 3878 3903 3902
f 3879 3902 3901
f 3879 3901 3880
f 3881 3897 4070
f 3881 4070 3882
f 3882 4070 3883
f 3883 4071 3884
f 3883 4070 4071
f 3884 4071 4072
f 3884 4072 4073
f 3884 4073 3887
f 3886 3888 3893
f 3887 4073 3888
f 3888 4073 3894
f 3888 3894 3893
f 3890 3894 4074
f 3890 4074 4075
f 3890 4075 3891
f 3891 4075 3892
f 3892 4075 3914
f 3892 3914 3916
f 3894 4073 4076
f 3894 4076 4077
f 3894 4077 4078
f 3894 4078 4079
f 3894 4079 4074
f 3895 4080 4081
f 3895 4081 3896
f 3895 3900 4082
f 3895 4082 4080
f 3896 4070 3897
f 3896 4081 4083
f 3896 4083 4070
f 3898 3911 3910
f 3898 3910 3899
f 3899 3910 4084
f 3899 4084 3900
f 3900 4084 4082
f 3903 4069 4068
f 3903 4068 4067
f 3903 4067 3905
f 3903 3905 3904
f 3905 4066 4065
f 3905 4065 4085
f 3905 4085 4086
f 3905 4086 4087
f 3905 4087 4088
f 3905 4088 4089
f 3905 4089 4090
f 3905 4090 3906
f 3906 4090 4091
f 3906 4091 3907
f 3907 4091 4092
f 3907 4092 4093
f 3907 4093 3909
f 3909 4093 3910
f 3910 4093 4092
f 3910 4092 4084
f 3912 3915 3920
f 3914 4094 3915
f 3914 4075 4095
f 3914 4095 4096
f 3914 4096 4094
f 3915 4094 4097
f 3915 4097 4098
f 3915 4098 4099
f 3915 4099 3920
f 3917 4100 3918
f 3917 3924 4101
f 3917 4101 4100
f 3918 4100 4103
f 3918 4103 4104
f 3918 4104 4102
f 3919 3920 4105
f 3919 4105 3921
f 3920 4099 4105
f 3921 4105 4106
f 3921 4106 4101
f 3921 4101 4107
f 3921 4107 3922
f 3922 4107 4108
f 3922 4108 4109
f 3922 4109 3923
f 3923 4109 4108
f 3923 4108 3924
f 3924 4108 4101
f 3927 3932 3933
f 3928 4110 3929
f 3929 4110 4111
f 3929 4111 4112
f 3929 4112 3930
f 3930 4113 3931
f 3930 4112 4114
f 3930 4114 4115
f 3930 4115 4116
f 3930 4116 4113
f 3931 4113 4117
f 3931 4117 4118
f 3931 4118 3932
f 3932 4118 4119
f 3932 4119 3933
f 3933 4119 4120
f 3934 4120 4262
f 3934 4262 4121
f 3934 4121 4122
f 3934 4122 4123
f 3934 4123 3935
f 3935 4123 3936
f 3936 4123 4124
f 3936 4124 3937
f 3937 4124 3938
f 3938 4124 4125
f 3938 4125 3939
f 3939 4125 4126
f 3939 4126 4127
f 3939 4127 4128
f 3939 4128 3940
f 3940 4128 4129
f 3940 4129 3941
f 3941 4129 4130
f 3941 4130 3944
f 3941 3944 3943
f 3941 3943 3942
f 3944 4130 3946
f 3944 3946 3945
f 3946 4130 3948
f 3948 4131 4132
f 3948 4132 3951
f 3948 4130 4133
f 3948 4133 4131
f 3949 3953 4134
f 3949 4134 3950
f 3950 4134 4135
f 3950 4135 3954
f 3951 4132 4136
f 3951 4136 4137
f 3951 4137 3952
f 3952 4137 3953
f 3953 4138 4134
f 3953 4137 4139
f 3953 4139 4138
f 3954 4135 4140
f 3954 4140 3955
f 3955 4140 3957
f 3955 3957 3956
f 3957 4140 4141
f 3957 4141 4142
f 3957 4142 4143
f 3957 4143 3958
f 3958 4143 3959
f 3959 4143 3966
f 3959 3966 3961
f 3962 4144 4145
f 3962 4145 3963
f 3962 3969 4144
f 3963 4145 4146
f 3963 4146 3977
f 3963 3977 3976
f 3963 3972 3971
f 3963 3971 3964
f 3964 3971 3965
f 3966 4143 3967
f 3967 4147 4148
f 3967 4148 4149
f 3967 4149 3968
f 3967 4143 4147
f 3968 4149 4150
f 3968 4150 4151
f 3968 4151 3969
f 3969 4151 4152
f 3969 4152 4145
f 3969 4145 4144
f 3974 3983 3975
f 3975 3983 3984
f 3977 4153 4154
f 3977 4154 4155
f 3977 4155 4156
f 3977 4156 4157
f 3977 4157 3978
f 3977 4146 4153
f 3978 4157 3979
f 3979 4157 4156
f 3979 4156 4155
f 3979 4155 4158
f 3979 4158 3980
f 3980 4158 3981
f 3981 4158 4159
f 3981 4159 4160
f 3981 4160 4161
f 3981 4161 4162
f 3981 4162 3982
f 3982 3984 3983
f 3982 4162 4163
f 3982 4163 3984
f 3984 4163 3985
f 3985 4163 3986
f 3986 4163 3987
f 3987 4163 3988
f 3988 4163 4164
f 3988 4164 4165
f 3988 4165 4166
f 3988 4166 3997
f 3988 3990 3989
f 3991 3994 3992
f 3992 3994 3993
f 3998 4166 4167
f 3998 4167 3999
f 3999 4167 4004
f 4000 4008 4168
f 4000 4168 4169
f 4000 4169 4170
f 4000 4170 4001
f 4001 4170 4002
f 4002 4170 4171
f 4002 4171 4172
f 4002 4172 4009
f 4002 4009 4003
f 4004 4167 4173
f 4004 4173 4174
f 4004 4174 4006
f 4004 4006 4005
f 4006 4175 4007
f 4006 4174 4175
f 4007 4175 4008
f 4008 4175 4176
f 4008 4176 4177
f 4008 4177 4168
f 4009 4172 4010
f 4010 4172 4011
f 4011 4172 4171
f 4011 4171 4178
f 4011 4178 4012
f 4012 4179 4024
f 4012 4178 4179
f 4013 4180 4016
f 4013 4014 4181
f 4013 4181 4180
f 4014 4015 4023
f 4014 4023 4182
f 4014 4182 4181
f 4016 4180 4317
f 4016 4317 4183
f 4016 4183 4184
f 4016 4184 4185
f 4016 4185 4017
f 4017 4185 4018
f 4018 4185 4019
f 4019 4185 4186
f 4019 4186 4187
f 4019 4187 4188
f 4019 4188 4026
f 4019 4026 4022
f 4019 4022 4021
f 4019 4021 4020
f 4022 4026 4025
f 4023 4024 4189
f 4023 4189 4182
f 4024 4179 4189
f 4026 4188 4190
f 4026 4190 4027
f 4027 4191 4192
f 4027 4192 4029
f 4027 4029 4028
f 4027 4190 4191
f 4029 4191 4030
f 4029 4192 4191
f 4030 4191 4031
f 4031 4193 4032
f 4031 4191 4193
f 4032 4194 4033
f 4032 4193 4195
f 4032 4195 4194
f 4033 4194 4196
f 4033 4196 4197
f 4033 4197 4034
f 4034 4197 4035
f 4035 4197 4198
f 4035 4198 4199
f 4035 4199 4036
f 4036 4199 4200
f 4036 4200 4037
f 4037 4200 4199
f 4037 4199 4201
f 4037 4201 4202
f 4037 4202 4040
f 4038 4039 4043
f 4039 4042 4043
f 4040 4050 4047
f 4040 4047 4041
f 4040 4202 4054
f 4040 4054 4050
f 4041 4043 4042
f 4041 4047 4043
f 4050 4054 4052
f 4050 4052 4051
f 4054 4203 4055
f 4054 4202 4203
f 4055 4203 4204
f 4055 4204 4205
f 4055 4205 4206
f 4055 4206 4207
f 4055 4207 4208
f 4055 4208 4056
f 4056 4208 4057
f 4057 4208 4060
f 4060 4206 4209
f 4060 4209 4210
f 4060 4210 4061
f 4060 4208 4207
f 4060 4207 4206
f 4061 4211 4062
f 4061 4210 4209
f 4061 4209 4206
f 4061 4206 4205
f 4061 4205 4211
f 4062 4211 4063
f 4063 4211 4086
f 4063 4086 4064
f 4064 4086 4085
f 4064 4085 4212
f 4064 4212 4065
f 4065 4212 4085
f 4070 4072 4071
f 4070 4083 4072
f 4072 4083 4213
f 4072 4213 4214
f 4072 4214 4215
f 4072 4215 4073
f 4073 4216 4076
f 4073 4215 4216
f 4074 4079 4217
f 4074 4217 4218
f 4074 4218 4096
f 4074 4096 4075
f 4075 4096 4095
f 4076 4216 4078
f 4076 4078 4077
f 4078 4216 4219
f 4078 4219 4220
f 4078 4220 4221
f 4078 4221 4079
f 4079 4221 4222
f 4079 4222 4217
f 4080 4082 4223
f 4080 4223 4224
f 4080 4224 4225
f 4080 4225 4226
f 4080 4226 4227
f 4080 4227 4228
f 4080 4228 4081
f 4081 4228 4083
f 4082 4084 4229
f 4082 4229 4223
f 4083 4228 4215
f 4083 4215 4213
f 4084 4092 4091
f 4084 4091 4230
f 4084 4230 4229
f 4086 4211 4087
f 4087 4089 4088
f 4087 4211 4089
f 4089 4211 4090
f 4090 4211 4231
f 4090 4231 4232
f 4090 4232 4233
f 4090 4233 4234
f 4090 4234 4235
f 4090 4235 4091
f 4091 4235 4230
f 4094 4096 4236
f 4094 4236 4097
f 4096 4218 4217
f 4096 4217 4236
f 4097 4236 4098
f 4098 4106 4105
f 4098 4105 4099
f 4098 4236 4106
f 4100 4101 4104
f 4100 4104 4103
f 4101 4237 4238
f 4101 4238 4104
f 4101 4108 4107
f 4101 4106 4237
f 4102 4104 4239
f 4104 4240 4239
f 4104 4238 4241
f 4104 4241 4242
f 4104 4242 4240
f 4106 4243 4244
f 4106 4244 4245
f 4106 4245 4246
f 4106 4246 4247
f 4106 4247 4248
f 4106 4248 4241
f 4106 4241 4237
f 4106 4236 4249
f 4106 4249 4243
f 4112 4250 4114
f 4113 4116 4117
f 4114 4250 4251
f 4114 4251 4252
f 4114 4252 4115
f 4115 4253 4254
f 4115 4254 4116
f 4115 4252 4255
f 4115 4255 4256
f 4115 4256 4257
f 4115 4257 4392
f 4115 4392 4253
f 4116 4254 4117
f 4117 4258 4118
f 4117 4254 4259
f 4117 4259 4260
f 4117 4260 4261
f 4117 4261 4258
f 4118 4262 4120
f 4118 4120 4119
f 4118 4258 4263
f 4118 4263 4262
f 4121 4263 4264
f 4121 4264 4265
f 4121 4265 4122
f 4121 4262 4263
f 4122 4265 4123
f 4123 4265 4266
f 4123 4266 4267
f 4123 4267 4268
f 4123 4268 4125
f 4123 4125 4124
f 4125 4268 4267
f 4125 4267 4269
f 4125 4269 4126
f 4126 4269 4270
f 4126 4270 4271
f 4126 4271 4127
f 4127 4271 4128
f 4128 4271 4272
f 4128 4272 4273
f 4128 4273 4274
f 4128 4274 4129
f 4129 4274 4130
f 4130 4274 4275
f 4130 4275 4133
f 4131 4276 4132
f 4131 4133 4276
f 4132 4276 4136
f 4133 4275 4277
f 4133 4277 4278
f 4133 4278 4276
f 4134 4138 4279
f 4134 4279 4135
f 4135 4279 4280
f 4135 4280 4141
f 4135 4141 4140
f 4136 4276 4281
f 4136 4281 4137
f 4137 4281 4139
f 4138 4139 4282
f 4138 4282 4283
f 4138 4283 4284
f 4138 4284 4279
f 4139 4281 4276
f 4139 4276 4282
f 4141 4280 4142
f 4142 4280 4285
f 4142 4285 4143
f 4143 4285 4147
f 4145 4152 4146
f 4146 4152 4286
f 4146 4286 4153
f 4147 4287 4148
f 4147 4285 4288
f 4147 4288 4287
f 4148 4287 4289
f 4148 4289 4290
f 4148 4290 4149
f 4149 4290 4150
f 4150 4290 4291
f 4150 4291 4292
f 4150 4292 4293
f 4150 4293 4151
f 4151 4293 4294
f 4151 4294 4286
f 4151 4286 4152
f 4153 4286 4295
f 4153 4295 4294
f 4153 4294 4296
f 4153 4296 4297
f 4153 4297 4298
f 4153 4298 4155
f 4153 4155 4154
f 4155 4297 4299
f 4155 4299 4300
f 4155 4300 4160
f 4155 4160 4159
f 4155 4159 4158
f 4155 4298 4297
f 4160 4162 4161
f 4160 4300 4301
f 4160 4301 4302
f 4160 4302 4303
f 4160 4303 4162
f 4162 4303 4164
f 4162 4164 4163
f 4164 4303 4165
f 4165 4304 4173
f 4165 4173 4167
f 4165 4167 4166
f 4165 4303 4302
f 4165 4302 4301
f 4165 4301 4305
f 4165 4305 4306
f 4165 4306 4304
f 4168 4177 4169
f 4169 4177 4171
f 4169 4171 4170
f 4171 4177 4307
f 4171 4307 4178
f 4173 4304 4308
f 4173 4308 4309
f 4173 4309 4310
f 4173 4310 4311
f 4173 4311 4174
f 4174 4311 4312
f 4174 4312 4313
f 4174 4313 4175
f 4175 4313 4176
f 4176 4313 4314
f 4176 4314 4177
f 4177 4314 4315
f 4177 4315 4307
f 4178 4307 4179
f 4179 4307 4316
f 4179 4316 4189
f 4180 4181 4317
f 4181 4182 4318
f 4181 4318 4317
f 4182 4189 4319
f 4182 4319 4318
f 4183 4320 4321
f 4183 4321 4184
f 4183 4317 4322
f 4183 4322 4320
f 4184 4321 4185
f 4185 4321 4186
f 4186 4321 4187
f 4187 4321 4323
f 4187 4323 4188
f 4188 4323 4324
f 4188 4324 4190
f 4189 4316 4325
f 4189 4325 4326
f 4189 4326 4319
f 4190 4324 4327
f 4190 4327 4328
f 4190 4328 4193
f 4190 4193 4191
f 4193 4328 4195
f 4194 4195 4328
f 4194 4328 4329
f 4194 4329 4197
f 4194 4197 4196
f 4197 4329 4198
f 4198 4330 4199
f 4198 4329 4330
f 4199 4331 4202
f 4199 4202 4201
f 4199 4330 4332
f 4199 4332 4333
f 4199 4333 4334
f 4199 4334 4331
f 4202 4331 4334
f 4202 4334 4335
f 4202 4335 4203
f 4203 4335 4334
f 4203 4334 4336
f 4203 4336 4337
f 4203 4337 4204
f 4204 4337 4338
f 4204 4338 4205
f 4205 4338 4339
f 4205 4339 4340
f 4205 4340 4211
f 4211 4340 4341
f 4211 4341 4231
f 4213 4215 4214
f 4215 4228 4216
f 4216 4342 4343
f 4216 4343 4219
f 4216 4228 4227
f 4216 4227 4344
f 4216 4344 4342
f 4217 4222 4345
f 4217 4345 4346
f 4217 4346 4236
f 4219 4343 4347
f 4219 4347 4348
f 4219 4348 4349
f 4219 4349 4350
f 4219 4350 4351
f 4219 4351 4220
f 4220 4351 4352
f 4220 4352 4221
f 4221 4352 4222
f 4222 4353 4345
f 4222 4352 4351
f 4222 4351 4353
f 4223 4229 4354
f 4223 4354 4355
f 4223 4355 4356
f 4223 4356 4224
f 4224 4356 4225
f 4225 4356 4226
f 4226 4357 4358
f 4226 4358 4359
f 4226 4359 4360
f 4226 4360 4361
f 4226 4361 4362
f 4226 4362 4363
f 4226 4363 4347
f 4226 4347 4344
f 4226 4344 4227
f 4226 4356 4364
f 4226 4364 4365
f 4226 4365 4366
f 4226 4366 4367
f 4226 4367 4368
f 4226 4368 4357
f 4229 4230 4235
f 4229 4235 4354
f 4231 4341 4369
f 4231 4369 4232
f 4232 4370 4371
f 4232 4371 4233
f 4232 4369 4370
f 4233 4371 4372
f 4233 4372 4373
f 4233 4373 4234
f 4234 4373 4374
f 4234 4374 4354
f 4234 4354 4235
f 4236 4346 4249
f 4237 4241 4238
f 4239 4240 4375
f 4240 4376 4375
f 4240 4242 4376
f 4241 4377 4242
f 4241 4248 4377
f 4242 4377 4376
f 4243 4249 4378
f 4243 4378 4244
f 4244 4378 4346
f 4244 4346 4245
f 4245 4346 4345
f 4245 4345 4246
f 4246 4379 4380
f 4246 4380 4381
f 4246 4381 4382
f 4246 4382 4383
f 4246 4383 4384
f 4246 4384 4385
f 4246 4385 4386
f 4246 4386 4247
f 4246 4345 4353
f 4246 4353 4379
f 4247 4386 4385
f 4247 4385 4384
f 4247 4384 4248
f 4248 4387 4388
f 4248 4388 4389
f 4248 4389 4377
f 4248 4384 4387
f 4249 4346 4378
f 4251 4390 4255
f 4251 4255 4252
f 4253 4391 4260
f 4253 4260 4259
f 4253 4259 4254
f 4253 4392 4391
f 4255 4390 4256
f 4256 4393 4257
f 4257 4393 4392
f 4258 4261 4263
f 4260 4391 4394
f 4260 4394 4395
f 4260 4395 4396
f 4260 4396 4264
f 4260 4264 4261
f 4261 4264 4263
f 4264 4396 4265
f 4265 4396 4397
f 4265 4397 4398
f 4265 4398 4267
f 4265 4267 4266
f 4267 4398 4399
f 4267 4399 4269
f 4269 4399 4400
f 4269 4400 4401
f 4269 4401 4270
f 4270 4401 4400
f 4270 4400 4402
f 4270 4402 4271
f 4271 4402 4272
f 4272 4275 4274
f 4272 4274 4273
f 4272 4402 4403
f 4272 4403 4275
f 4275 4403 4277
f 4276 4278 4282
f 4277 4403 4404
f 4277 4404 4405
f 4277 4405 4278
f 4278 4405 4282
f 4279 4284 4280
f 4280 4406 4407
f 4280 4407 4285
f 4280 4284 4406
f 4282 4408 4283
f 4282 4405 4408
f 4283 4408 4409
f 4283 4409 4410
f 4283 4410 4411
f 4283 4411 4284
f 4284 4411 4406
f 4285 4407 4288
f 4286 4294 4295
f 4287 4288 4412
f 4287 4412 4413
f 4287 4413 4289
f 4288 4407 4406
f 4288 4406 4412
f 4289 4413 4414
f 4289 4414 4290
f 4290 4415 4416
f 4290 4416 4291
f 4290 4414 4415
f 4291 4416 4417
f 4291 4417 4292
f 4292 4417 4418
f 4292 4418 4419
f 4292 4419 4293
f 4293 4419 4294
f 4294 4419 4420
f 4294 4420 4296
f 4296 4420 4421
f 4296 4421 4297
f 4297 4422 4299
f 4297 4421 4422
f 4299 4422 4300
f 4300 4422 4421
f 4300 4421 4423
f 4300 4423 4424
f 4300 4424 4301
f 4301 4424 4425
f 4301 4425 4426
f 4301 4426 4427
f 4301 4427 4306
f 4301 4306 4305
f 4304 4306 4308
f 4306 4427 4428
f 4306 4428 4429
f 4306 4429 4308
f 4307 4315 4430
f 4307 4430 4433
f 4307 4433 4316
f 4308 4429 4431
f 4308 4431 4309
f 4309 4431 4312
f 4309 4312 4310
f 4310 4312 4311
f 4312 4431 4314
f 4312 4314 4313
f 4314 4431 4315
f 4315 4431 4432
f 4315 4432 4430
f 4316 4433 4325
f 4317 4318 4434
f 4317 4434 4435
f 4317 4435 4322
f 4318 4319 4434
f 4319 4326 4434
f 4320 4436 4437
f 4320 4437 4321
f 4320 4322 4436
f 4321 4437 4323
f 4322 4435 4438
f 4322 4438 4439
f 4322 4439 4440
f 4322 4440 4416
f 4322 4416 4415
f 4322 4415 4414
f 4322 4414 4441
f 4322 4441 4442
f 4322 4442 4443
f 4322 4443 4444
f 4322 4444 4445
f 4322 4445 4495
f 4322 4495 4393
f 4322 4393 4446
f 4322 4446 4447
f 4322 4447 4448
f 4322 4448 4449
f 4322 4449 4450
f 4322 4450 4451
f 4322 4451 4436
f 4323 4437 4452
f 4323 4452 4324
f 4324 4452 4327
f 4325 4433 4326
f 4326 4433 4434
f 4327 4452 4453
f 4327 4453 4454
f 4327 4454 4455
f 4327 4455 4329
f 4327 4329 4328
f 4329 4455 4330
f 4330 4455 4332
f 4332 4456 4333
f 4332 4455 4456
f 4333 4457 4458
f 4333 4458 4334
f 4333 4456 4457
f 4334 4458 4459
f 4334 4459 4337
f 4334 4337 4336
f 4337 4460 4338
f 4337 4459 4460
f 4338 4460 4461
f 4338 4461 4339
f 4339 4461 4340
f 4340 4461 4462
f 4340 4462 4341
f 4341 4462 4461
f 4341 4461 4463
f 4341 4463 4370
f 4341 4370 4369
f 4342 4347 4343
f 4342 4344 4347
f 4347 4464 4465
f 4347 4465 4466
f 4347 4466 4348
f 4347 4363 4361
f 4347 4361 4464
f 4348 4466 4467
f 4348 4467 4468
f 4348 4468 4349
f 4349 4468 4350
f 4350 4468 4469
f 4350 4469 4470
f 4350 4470 4351
f 4351 4470 4471
f 4351 4471 4353
f 4353 4471 4380
f 4353 4380 4379
f 4354 4472 4355
f 4354 4374 4472
f 4355 4472 4473
f 4355 4473 4356
f 4356 4473 4474
f 4356 4474 4475
f 4356 4475 4476
f 4356 4476 4364
f 4357 4359 4358
f 4357 4368 4477
f 4357 4477 4359
f 4359 4477 4478
f 4359 4478 4360
f 4360 4478 4479
f 4360 4479 4361
f 4361 4363 4362
f 4361 4479 4464
f 4364 4476 4365
f 4365 4476 4480
f 4365 4480 4366
f 4366 4480 4481
f 4366 4481 4367
f 4367 4481 4368
f 4368 4481 4482
f 4368 4482 4477
f 4370 4372 4371
f 4370 4463 4483
f 4370 4483 4372
f 4372 4484 4374
f 4372 4374 4373
f 4372 4483 4485
f 4372 4485 4486
f 4372 4486 4484
f 4374 4484 4487
f 4374 4487 4472
f 4375 4376 4488
f 4376 4489 4488
f 4376 4377 4389
f 4376 4389 4388
f 4376 4388 4489
f 4380 4471 4381
f 4381 4471 4490
f 4381 4490 4491
f 4381 4491 4382
f 4382 4491 4492
f 4382 4492 4383
f 4383 4492 4384
f 4384 4492 4493
f 4384 4493 4387
f 4387 4493 4489
f 4387 4489 4388
f 4391 4392 4494
f 4391 4494 4394
f 4392 4393 4494
f 4393 4495 4494
f 4394 4445 4496
f 4394 4496 4498
f 4394 4498 4395
f 4394 4494 4495
f 4394 4495 4445
f 4395 4497 4396
f 4395 4498 4499
f 4395 4499 4500
f 4395 4500 4587
f 4395 4587 4497
f 4396 4497 4397
f 4397 4497 4501
f 4397 4501 4398
f 4398 4501 4587
f 4398 4587 4502
f 4398 4502 4399
f 4399 4502 4503
f 4399 4503 4504
f 4399 4504 4400
f 4400 4504 4402
f 4402 4504 4405
f 4402 4405 4404
f 4402 4404 4403
f 4405 4504 4505
f 4405 4505 4409
f 4405 4409 4408
f 4406 4411 4412
f 4409 4505 4506
f 4409 4506 4507
f 4409 4507 4410
f 4410 4507 4442
f 4410 4442 4441
f 4410 4441 4411
f 4411 4441 4508
f 4411 4508 4412
f 4412 4508 4413
f 4413 4508 4414
f 4414 4508 4441
f 4416 4440 4417
f 4417 4440 4509
f 4417 4509 4418
f 4418 4420 4419
f 4418 4509 4510
f 4418 4510 4420
f 4420 4510 4511
f 4420 4511 4421
f 4421 4511 4512
f 4421 4512 4423
f 4423 4512 4424
f 4424 4512 4425
f 4425 4513 4429
f 4425 4429 4426
f 4425 4512 4511
f 4425 4511 4513
f 4426 4514 4427
f 4426 4429 4514
f 4427 4514 4428
f 4428 4514 4429
f 4429 4513 4431
f 4430 4432 4515
f 4430 4515 4433
f 4431 4513 4516
f 4431 4516 4432
f 4432 4516 4519
f 4432 4519 4515
f 4433 4515 4517
f 4433 4517 4434
f 4434 4517 4438
f 4434 4438 4435
f 4436 4451 4518
f 4436 4518 4437
f 4437 4518 4452
f 4438 4517 4519
f 4438 4519 4439
f 4439 4519 4440
f 4440 4519 4509
f 4442 4507 4443
f 4443 4507 4444
f 4444 4520 4499
f 4444 4499 4498
f 4444 4498 4496
f 4444 4496 4445
f 4444 4507 4520
f 4446 4521 4522
f 4446 4522 4523
f 4446 4523 4524
f 4446 4524 4525
f 4446 4525 4447
f 4447 4525 4526
f 4447 4526 4527
f 4447 4527 4448
f 4448 4527 4528
f 4448 4528 4529
f 4448 4529 4530
f 4448 4530 4449
f 4449 4530 4450
f 4450 4530 4531
f 4450 4531 4603
f 4450 4603 4532
f 4450 4532 4533
f 4450 4533 4451
f 4451 4533 4518
f 4452 4518 4534
f 4452 4534 4453
f 4453 4534 4454
f 4454 4456 4455
f 4454 4534 4535
f 4454 4535 4536
f 4454 4536 4537
f 4454 4537 4456
f 4456 4537 4457
f 4457 4537 4458
f 4458 4538 4459
f 4458 4537 4536
f 4458 4536 4538
f 4459 4538 4539
f 4459 4539 4460
f 4460 4540 4541
f 4460 4541 4542
f 4460 4542 4461
f 4460 4539 4540
f 4461 4543 4463
f 4461 4542 4544
f 4461 4544 4543
f 4463 4543 4545
f 4463 4545 4546
f 4463 4546 4483
f 4464 4547 4465
f 4464 4479 4548
f 4464 4548 4549
f 4464 4549 4550
f 4464 4550 4547
f 4465 4547 4551
f 4465 4551 4467
f 4465 4467 4466
f 4467 4552 4471
f 4467 4471 4553
f 4467 4553 4470
f 4467 4470 4468
f 4467 4551 4554
f 4467 4554 4555
f 4467 4555 4556
f 4467 4556 4552
f 4468 4470 4469
f 4470 4553 4471
f 4471 4557 4558
f 4471 4558 4490
f 4471 4552 4557
f 4472 4487 4559
f 4472 4559 4473
f 4473 4559 4474
f 4474 4559 4560
f 4474 4560 4561
f 4474 4561 4475
f 4475 4480 4476
f 4475 4561 4562
f 4475 4562 4563
f 4475 4563 4480
f 4477 4482 4564
f 4477 4564 4565
f 4477 4565 4566
f 4477 4566 4478
f 4478 4566 4567
f 4478 4567 4550
f 4478 4550 4549
f 4478 4549 4479
f 4479 4549 4548
f 4480 4563 4568
f 4480 4568 4481
f 4481 4568 4482
f 4482 4569 4564
f 4482 4568 4563
f 4482 4563 4570
f 4482 4570 4569
f 4483 4546 4545
f 4483 4545 4571
f 4483 4571 4485
f 4484 4486 4572
f 4484 4572 4573
f 4484 4573 4574
f 4484 4574 4487
f 4485 4571 4575
f 4485 4575 4486
f 4486 4575 4572
f 4487 4574 4576
f 4487 4576 4577
f 4487 4577 4561
f 4487 4561 4578
f 4487 4578 4559
f 4489 4493 4579
f 4490 4558 4491
f 4491 4558 4580
f 4491 4580 4581
f 4491 4581 4582
f 4491 4582 4492
f 4492 4582 4493
f 4493 4582 4583
f 4493 4583 4584
f 4493 4584 4585
f 4493 4585 4586
f 4493 4586 4579
f 4497 4587 4501
f 4499 4520 4500
f 4500 4520 4587
f 4502 4587 4520
f 4502 4520 4506
f 4502 4506 4503
f 4503 4506 4505
f 4503 4505 4504
f 4506 4520 4507
f 4509 4516 4510
f 4509 4519 4516
f 4510 4516 4513
f 4510 4513 4511
f 4515 4519 4517
f 4518 4533 4588
f 4518 4588 4534
f 4521 4589 4590
f 4521 4590 4591
f 4521 4591 4522
f 4522 4591 4592
f 4522 4592 4593
f 4522 4593 4594
f 4522 4594 4595
f 4522 4595 4596
f 4522 4596 4523
f 4523 4596 4597
f 4523 4597 4526
f 4523 4526 4524
f 4524 4526 4525
f 4526 4597 4598
f 4526 4598 4599
f 4526 4599 4527
f 4527 4565 4600
f 4527 4600 4528
f 4527 4599 4565
f 4528 4600 4529
f 4529 4570 4601
f 4529 4601 4530
f 4529 4600 4569
f 4529 4569 4570
f 4530 4601 4602
f 4530 4602 4531
f 4531 4602 4603
f 4532 4604 4533
f 4532 4603 4604
f 4533 4604 4605
f 4533 4605 4588
f 4534 4588 4605
f 4534 4605 4606
f 4534 4606 4535
f 4535 4606 4607
f 4535 4607 4608
f 4535 4608 4609
f 4535 4609 4536
f 4536 4609 4538
f 4538 4609 4539
f 4539 4609 4608
f 4539 4608 4540
f 4540 4610 4611
f 4540 4611 4541
f 4540 4608 4610
f 4541 4611 4612
f 4541 4612 4542
f 4542 4612 4611
f 4542 4611 4544
f 4543 4544 4545
f 4544 4611 4613
f 4544 4613 4614
f 4544 4614 4615
f 4544 4615 4545
f 4545 4616 4571
f 4545 4615 4616
f 4547 4617 4551
f 4547 4550 4618
f 4547 4618 4617
f 4550 4567 4618
f 4551 4617 4554
f 4552 4556 4619
f 4552 4619 4620
f 4552 4620 4621
f 4552 4621 4622
f 4552 4622 4623
f 4552 4623 4624
f 4552 4624 4557
f 4554 4617 4555
f 4555 4617 4625
f 4555 4625 4556
f 4556 4625 4619
f 4557 4624 4558
f 4558 4624 4626
f 4558 4626 4580
f 4559 4578 4561
f 4559 4561 4560
f 4561 4577 4627
f 4561 4627 4562
f 4562 4627 4563
f 4563 4627 4628
f 4563 4628 4570
f 4564 4569 4565
f 4565 4599 4566
f 4565 4569 4600
f 4566 4599 4629
f 4566 4629 4567
f 4567 4629 4630
f 4567 4630 4625
f 4567 4625 4617
f 4567 4617 4618
f 4570 4628 4627
f 4570 4627 4601
f 4571 4616 4575
f 4572 4575 4631
f 4572 4631 4632
f 4572 4632 4633
f 4572 4633 4573
f 4573 4633 4576
f 4573 4576 4574
f 4575 4616 4631
f 4576 4633 4577
f 4577 4633 4634
f 4577 4634 4627
f 4580 4626 4581
f 4581 4635 4636
f 4581 4636 4637
f 4581 4637 4638
f 4581 4638 4582
f 4581 4626 4635
f 4582 4638 4639
f 4582 4639 4584
f 4582 4584 4583
f 4584 4640 4641
f 4584 4641 4585
f 4584 4639 4638
f 4584 4638 4640
f 4585 4641 4642
f 4585 4642 4643
f 4585 4643 4586
f 4589 4644 4590
f 4590 4644 4672
f 4590 4672 4645
f 4590 4645 4646
f 4590 4646 4591
f 4591 4646 4592
f 4592 4646 4647
f 4592 4647 4593
f 4593 4647 4594
f 4594 4648 4595
f 4594 4647 4648
f 4595 4648 4649
f 4595 4649 4650
f 4595 4650 4596
f 4596 4650 4597
f 4597 4650 4598
f 4598 4629 4599
f 4598 4650 4651
f 4598 4651 4652
f 4598 4652 4629
f 4601 4627 4634
f 4601 4634 4602
f 4602 4634 4633
f 4602 4633 4653
f 4602 4653 4603
f 4603 4653 4654
f 4603 4654 4604
f 4604 4654 4605
f 4605 4654 4655
f 4605 4655 4656
f 4605 4656 4606
f 4606 4656 4607
f 4607 4656 4615
f 4607 4615 4614
f 4607 4614 4613
f 4607 4613 4611
f 4607 4611 4657
f 4607 4657 4608
f 4608 4657 4610
f 4610 4657 4611
f 4615 4631 4616
f 4615 4656 4655
f 4615 4655 4631
f 4619 4658 4620
f 4619 4625 4630
f 4619 4630 4658
f 4620 4658 4621
f 4621 4658 4659
f 4621 4659 4660
f 4621 4660 4622
f 4622 4660 4661
f 4622 4661 4623
f 4623 4661 4626
f 4623 4626 4624
f 4626 4661 4662
f 4626 4662 4635
f 4629 4652 4630
f 4630 4652 4663
f 4630 4663 4660
f 4630 4660 4659
f 4630 4659 4658
f 4631 4655 4654
f 4631 4654 4653
f 4631 4653 4632
f 4632 4653 4633
f 4635 4664 4665
f 4635 4665 4636
f 4635 4662 4666
f 4635 4666 4664
f 4636 4665 4667
f 4636 4667 4637
f 4637 4667 4668
f 4637 4668 4669
f 4637 4669 4640
f 4637 4640 4638
f 4640 4669 4670
f 4640 4670 4671
f 4640 4671 4641
f 4645 4672 4673
f 4645 4673 4646
f 4646 4673 4674
f 4646 4674 4675
f 4646 4675 4647
f 4647 4676 4677
f 4647 4677 4648
f 4647 4675 4678
f 4647 4678 4676
f 4648 4677 4649
f 4649 4677 4679
f 4649 4679 4650
f 4650 4679 4680
f 4650 4680 4651
f 4651 4680 4652
f 4652 4680 4663
f 4660 4663 4661
f 4661 4681 4666
f 4661 4666 4662
f 4661 4663 4682
f 4661 4682 4681
f 4663 4680 4683
f 4663 4683 4681
f 4663 4681 4682
f 4664 4666 4665
f 4665 4666 4684
f 4665 4684 4667
f 4666 4681 4685
f 4666 4685 4684
f 4667 4684 4668
f 4668 4684 4686
f 4668 4686 4687
f 4668 4687 4688
f 4668 4688 4669
f 4669 4688 4670
f 4676 4678 4677
f 4677 4689 4679
f 4677 4678 4689
f 4678 4690 4691
f 4678 4691 4689
f 4679 4689 4680
f 4680 4689 4692
f 4680 4692 4683
f 4681 4693 4694
f 4681 4694 4685
f 4681 4683 4693
f 4683 4692 4693
f 4684 4695 4686
f 4684 4685 4695
f 4685 4694 4695
f 4686 4695 4687
f 4687 4695 4696
f 4689 4691 4697
f 4689 4697 4692
f 4690 4696 4698
f 4690 4698 4697
f 4690 4697 4691
f 4692 4697 4693
f 4693 4697 4699
f 4693 4699 4695
f 4693 4695 4694
f 4695 4699 4700
f 4695 4700 4698
f 4695 4698 4696
f 4697 4698 4699
f 4698 4700 4699
o convex_1
v 0.0315331 0.0332212 0.0169972
v 0.031459 0.0332212 0.0178597
v 0.0315331 0.0331814 0.0169972
v 0.0315331 0.0332212 0.0160546
v 0.0315207 0.0313728 0.0169972
v 0.0314528 0.0332212 0.0179042
v 0.0314528 0.0331814 0.0179042
v 0.0314405 0.0322771 0.0179042
v 0.0315331 0.0295641 0.0160902
v 0.0315331 0.0322771 0.0151921
v 0.0315269 0.0332212 -0.0444912
v 0.0315022 0.0304685 0.0169972
v 0.0315145 0.0277584 0.0160902
v 0.0315269 0.0286627 0.0160902
v 0.0312554 0.0332212 0.0188023
v 0.0292375 0.00697354 0.0305575
v 0.029256 0.00606923 0.0305575
v 0.0294041 0.00606923 0.0296505
v 0.0295213 0.00606923 0.0287436
v 0.0315269 0.0259498 0.0151921
v 0.0315331 0.0268541 0.0151921
v 0.0315331 0.0241411 0.013387
v 0.0315269 0.0313728 -0.0444467
v 0.0314343 0.0332212 -0.0453537
v 0.0315331 0.0232397 0.013387
v 0.0314775 0.0295641 0.0169972
v 0.0314899 0.0268541 0.0160902
v 0.0299286 0.0332212 0.0240575
v 0.0299224 0.0331814 0.024093
v 0.0298546 0.0313728 0.0247421
v 0.0298052 0.0286627 0.0254535
v 0.0298237 0.0277584 0.0255335
v 0.0297496 0.0259498 0.0260937
v 0.0290585 0.00606923 0.0314112
v 0.0290153 0.00534977 0.0313045
v 0.029077 0.00509383 0.0305664
v 0.0292189 0.00516492 0.0296505
v 0.0293115 0.00516492 0.0287436
v 0.0295769 0.00606923 0.0278455
v 0.0315022 0.0133008 0.00614891
v 0.0315084 0.0142023 0.0070559
v 0.0315145 0.0151066 0.00796289
v 0.0315145 0.0169152 0.00976797
v 0.0315084 0.0178195 0.010675
v 0.0315022 0.0187182 0.011573
v 0.0314837 0.0196225 0.01248
v 0.031496 0.0214311 0.013387
v 0.0315084 0.0232397 0.0142851
v 0.0314652 0.0241411 0.0151921
v 0.0315022 0.0250455 0.0151921
v 0.0314528 0.0286627 0.0169972
v 0.0315269 0.0223354 0.013387
v 0.0315145 0.0304685 -0.0444467
v 0.0315269 0.0286627 -0.0435486
v 0.0315207 0.0277584 -0.0435486
v 0.0314713 0.0295641 -0.0444467
v 0.0313849 0.0322771 -0.0453537
v 0.0310641 0.0332212 -0.0462607
v 0.0315269 0.0196225 0.011573
v 0.0315269 0.0187182 0.010675
v 0.0315269 0.0133008 0.00525082
v 0.0315269 0.0114922 0.00253875
v 0.0315269 0.0105879 0.000733669
v 0.0315269 0.00877931 -0.00288539
v 0.0315269 0.00787784 -0.00558856
v 0.0315269 0.00697354 -0.00919872
v 0.0315269 0.00697354 -0.0182419
v 0.0315269 0.00787784 -0.0218521
v 0.0315269 0.00877931 -0.0245641
v 0.0315269 0.00968361 -0.0272762
v 0.0315269 0.0123965 -0.0317934
v 0.0315269 0.0142023 -0.0336073
v 0.0315269 0.0196225 -0.0390315
v 0.0315269 0.0223354 -0.0408366
v 0.0315269 0.0241411 -0.0417435
v 0.0315269 0.0259498 -0.0426416
v 0.0297928 0.0332212 0.0245465
v 0.0297435 0.0304685 0.0252846
v 0.0296694 0.0277584 0.0260404
v 0.0294843 0.0259498 0.0269385
v 0.0290338 0.00787784 0.03126
v 0.0289104 0.00606923 0.0318647
v 0.0288919 0.00474689 0.0308687
v 0.0284969 0.00516492 0.0323626
v 0.0288055 0.00509383 0.0315445
v 0.0289474 0.00469855 0.030273
v 0.0289783 0.0046758 0.0296505
v 0.0290153 0.00465305 0.0287436
v 0.0293485 0.00516492 0.0278455
v 0.0314713 0.00697354 -0.00739364
v 0.0315207 0.00787784 -0.00469047
v 0.0315084 0.00877931 -0.0019784
v 0.0315207 0.00968361 -0.000173318
v 0.0314713 0.00968361 0.000733669
v 0.0314713 0.0105879 0.00253875
v 0.0315084 0.0114922 0.00344574
v 0.0315207 0.0123965 0.00434383
v 0.0315207 0.0205268 0.01248
v 0.0315084 0.0232397 -0.0417435
v 0.0315022 0.0250455 -0.0426416
v 0.0314775 0.0268541 -0.0435486
v 0.0313973 0.0286627 -0.0444467
v 0.0312677 0.0304685 -0.0453537
v 0.0313356 0.0313728 -0.0453537
v 0.0310517 0.0332212 -0.0462874
v 0.0315084 0.00697354 -0.00830063
v 0.0313171 0.00606923 -0.0128178
v 0.0313232 0.00606923 -0.0137248
v 0.0315145 0.00697354 -0.0191489
v 0.0315207 0.00787784 -0.0227591
v 0.0315207 0.00877931 -0.0254711
v 0.0314652 0.00968361 -0.0281832
v 0.0315207 0.0105879 -0.0290902
v 0.0315084 0.0114922 -0.0308953
v 0.0314899 0.0133008 -0.0336073
v 0.0315145 0.0151066 -0.0354124
v 0.0315145 0.0160109 -0.0363194
v 0.0315022 0.0178195 -0.0381245
v 0.0315207 0.0205268 -0.0399296
v 0.0295583 0.0332212 0.0251067
v 0.0295275 0.0295641 0.0260404
v 0.0296077 0.0286627 0.0260404
v 0.0294041 0.0268541 0.0269385
v 0.0290215 0.0187182 0.0293749
v 0.0289721 0.0151066 0.0301841
v 0.0288795 0.00697354 0.0317846
v 0.0286697 0.00606923 0.0323626
v 0.0280526 0.00469286 0.0328606
v 0.0281514 0.00465021 0.0323626
v 0.0281699 0.00516492 0.0330117
v 0.0283242 0.00461324 0.0314556
v 0.0285463 0.00462177 0.0305664
v 0.0284784 0.00457058 0.0296505
v 0.0284784 0.00454783 0.0287436
v 0.0289598 0.00416962 0.00380142
v 0.0290153 0.00416962 0.00301892
v 0.02904 0.00416962 0.00253875
v 0.0291696 0.00416962 -0.000111074
v 0.0290276 0.00464452 0.0278455
v 0.0309221 0.0054948 -0.0128178
v 0.0312862 0.00606923 -0.0119108
v 0.0314899 0.0214311 -0.0408366
v 0.0314158 0.0223354 -0.0417435
v 0.0314158 0.0241411 -0.0426416
v 0.0313911 0.0259498 -0.0435486
v 0.0313109 0.0277584 -0.0444467
v 0.0311566 0.0295641 -0.0453537
v 0.0308851 0.0304685 -0.0460651
v 0.0309406 0.0313728 -0.0461451
v 0.0309406 0.0323538 -0.0463229
v 0.0300582 0.0331814 -0.0479946
v 0.0300582 0.0332212 -0.0479946
v 0.0309283 0.0054948 -0.0137248
v 0.0312986 0.00606923 -0.0155298
v 0.0314837 0.00697354 -0.020047
v 0.0314837 0.00787784 -0.0236661
v 0.031459 0.00877931 -0.0263781
v 0.0313418 0.00968361 -0.0290902
v 0.031459 0.0105879 -0.0299883
v 0.0313418 0.00877931 -0.0272762
v 0.0314652 0.0123965 -0.0327004
v 0.0313973 0.0151066 -0.0363194
v 0.0314837 0.0187182 -0.0390315
v 0.0313849 0.0160109 -0.0372175
v 0.0294226 0.0304685 0.0260404
v 0.0291325 0.0332212 0.025827
v 0.0289968 0.0277584 0.027472
v 0.0290647 0.0268541 0.0275876
v 0.029293 0.0277584 0.0269385
v 0.029114 0.0259498 0.0277032
v 0.0289783 0.0241411 0.0283612
v 0.0290276 0.0232397 0.028459
v 0.0289783 0.0196225 0.029286
v 0.0289412 0.0156924 0.0301307
v 0.0288425 0.00787784 0.0317135
v 0.0282378 0.00606923 0.0331006
v 0.0278058 0.00516492 0.0334652
v 0.027201 0.00467296 0.0337853
v 0.0275343 0.00463599 0.0331985
v 0.0275775 0.00454499 0.0323626
v 0.0275775 0.00450802 0.0314556
v 0.0284105 0.00416962 0.00788286
v 0.0285525 0.00416962 0.00708257
v 0.0287746 0.00416962 0.00537531
v 0.0288734 0.00416962 0.00457502
v 0.0291757 0.00416962 -0.000982493
v 0.0314405 0.0196225 -0.0399296
v 0.0313603 0.0205268 -0.0408366
v 0.031243 0.0214311 -0.0417435
v 0.0312739 0.0232397 -0.0426416
v 0.0312492 0.0250455 -0.0435486
v 0.0311813 0.0268541 -0.0444467
v 0.0309653 0.0286598 -0.0454159
v 0.0298299 0.0291518 -0.0476034
v 0.0300829 0.0294987 -0.0472477
v 0.0306259 0.0304685 -0.0465186
v 0.0302557 0.0304685 -0.0471588
v 0.0297805 0.0332212 -0.0484481
v 0.0299163 0.0304685 -0.0477279
v 0.0302865 0.00510236 -0.0146229
v 0.0309036 0.00551186 -0.0155298
v 0.0311196 0.0061062 -0.0191489
v 0.0310887 0.0061517 -0.020047
v 0.0314158 0.00697354 -0.020954
v 0.0313973 0.00787784 -0.0245641
v 0.03128 0.00787784 -0.0254711
v 0.0311566 0.00968361 -0.0299883
v 0.0313047 0.0105879 -0.0308953
v 0.0314096 0.0114922 -0.0317934
v 0.0310394 0.00778969 -0.0264581
v 0.0311443 0.00877931 -0.0281832
v 0.0312924 0.0123965 -0.0336073
v 0.0313356 0.0133008 -0.0345054
v 0.0313726 0.0142023 -0.0354124
v 0.031027 0.0141227 -0.0363905
v 0.0310332 0.0150185 -0.0373064
v 0.0313171 0.0178195 -0.0390315
v 0.0313603 0.0169152 -0.0381245
v 0.0286389 0.0332212 0.0262538
v 0.028824 0.0322771 0.0264049
v 0.0289227 0.0317965 0.0264761
v 0.0289968 0.0311936 0.026565
v 0.0289474 0.0282873 0.0274097
v 0.0288857 0.0252644 0.0282367
v 0.0289412 0.0246616 0.0283078
v 0.0289104 0.0208396 0.0291704
v 0.0289474 0.0202367 0.0292237
v 0.0289104 0.0162953 0.0300685
v 0.028176 0.00697354 0.0330028
v 0.0278737 0.00606923 0.0335452
v 0.0288178 0.0178195 0.0299173
v 0.0273553 0.00516492 0.0339276
v 0.0266703 0.00452793 0.0332696
v 0.026226 0.00470993 0.0346212
v 0.0265839 0.00464736 0.0341232
v 0.0266703 0.00450518 0.0323626
v 0.0225111 0.00416962 0.0191846
v 0.0233195 0.00416962 0.0181887
v 0.0245228 0.00416962 0.0164903
v 0.0251399 0.00416962 0.0155211
v 0.0261088 0.00416962 0.0136093
v 0.0266703 0.00416962 0.0124978
v 0.0270097 0.00416962 0.0117865
v 0.0272998 0.00416962 0.0111284
v 0.0277564 0.00416962 0.0100347
v 0.0291325 0.00416962 -0.00190726
v 0.0296324 0.00482083 -0.0191489
v 0.0296756 0.00478387 -0.0164368
v 0.0297126 0.0047668 -0.0146229
v 0.031243 0.0187182 -0.0399296
v 0.0311258 0.0196225 -0.0408366
v 0.0309592 0.0205211 -0.0417702
v 0.0308913 0.0214311 -0.0424816
v 0.0310085 0.0222643 -0.0427217
v 0.0309962 0.02409 -0.0436198
v 0.0308851 0.0250455 -0.0442778
v 0.0309653 0.0259327 -0.044509
v 0.030774 0.0262228 -0.0449713
v 0.0308357 0.0268541 -0.0450781
v 0.0298422 0.0263763 -0.0467142
v 0.0298731 0.0297547 -0.0476656
v 0.029762 0.0286627 -0.0475234
v 0.0293115 0.0286627 -0.0479146
v 0.0293856 0.0295727 -0.0480658
v 0.0296879 0.0322771 -0.0483592
v 0.0297743 0.0331814 -0.0484481
v 0.02933 0.0332212 -0.0488127
v 0.0302865 0.00512227 -0.0155298
v 0.0296077 0.00484074 -0.020047
v 0.0302001 0.00529289 -0.020047
v 0.0306938 0.00565405 -0.0191489
v 0.0306506 0.00569954 -0.020047
v 0.030015 0.0054237 -0.0227591
v 0.0310209 0.00622279 -0.020954
v 0.0312368 0.00697354 -0.0227591
v 0.0313294 0.00697354 -0.0218521
v 0.0308974 0.00718966 -0.0254711
v 0.0310455 0.00689676 -0.0237105
v 0.0309962 0.00706169 -0.0245641
v 0.0307617 0.00918881 -0.0305218
v 0.0309098 0.00968077 -0.0308508
v 0.0310085 0.0105197 -0.0318556
v 0.0311998 0.0114922 -0.0327004
v 0.030737 0.00742853 -0.0268227
v 0.0309468 0.00798875 -0.0272762
v 0.0308049 0.00731478 -0.0262181
v 0.030916 0.0114837 -0.0335807
v 0.0309653 0.0123624 -0.0345321
v 0.0309962 0.013244 -0.0354658
v 0.030305 0.0123965 -0.0363194
v 0.0298731 0.0118761 -0.0368529
v 0.0299841 0.012425 -0.0371819
v 0.0303482 0.0133008 -0.0372175
v 0.0308666 0.0143729 -0.0370663
v 0.030737 0.0146601 -0.037671
v 0.0310147 0.0159484 -0.0381956
v 0.03099 0.0168783 -0.0390759
v 0.0309406 0.0178167 -0.0399562
v 0.0286142 0.0332212 0.0262716
v 0.0286204 0.0331814 0.0262805
v 0.0283735 0.0322771 0.0267162
v 0.0280835 0.027437 0.0283345
v 0.028861 0.0288902 0.0273208
v 0.0282069 0.0268541 0.0284145
v 0.028355 0.0259498 0.0285479
v 0.0288055 0.0259498 0.0281567
v 0.0280156 0.0173304 0.0310021
v 0.0280835 0.0167275 0.0310644
v 0.0282378 0.0151066 0.0312422
v 0.0283056 0.0142023 0.0313489
v 0.0279971 0.00909212 0.0327894
v 0.0279847 0.0135482 0.0318735
v 0.0277688 0.00697354 0.0334563
v 0.0274232 0.00606923 0.0339721
v 0.0267999 0.00516492 0.0343722
v 0.0257694 0.00456205 0.0341677
v 0.0248622 0.00451371 0.0341677
v 0.0257694 0.00450518 0.0332696
v 0.0257694 0.00466727 0.0347101
v 0.0263433 0.00516492 0.0347012
v 0.0257694 0.00516492 0.0349858
v 0.0246092 0.00533555 0.0356082
v 0.0243809 0.00473268 0.0355015
v 0.0237823 0.00466158 0.0356082
v 0.0216719 0.00416962 0.0201361
v 0.0290708 0.00416962 -0.00288539
v 0.0291511 0.00461893 -0.020047
v 0.0291819 0.0046104 -0.0191489
v 0.0307925 0.0181153 -0.0404987
v 0.0298546 0.0191276 -0.0431218
v 0.0300582 0.0205154 -0.0435931
v 0.0307925 0.0208168 -0.0422948
v 0.0307308 0.0219173 -0.0430773
v 0.030811 0.0225202 -0.0432285
v 0.0309036 0.0232397 -0.0433975
v 0.0300829 0.0222956 -0.0445179
v 0.0303544 0.0232397 -0.0444467
v 0.0300644 0.0241269 -0.0454071
v 0.0306444 0.0250455 -0.0447313
v 0.0307123 0.0256199 -0.0448558
v 0.0305334 0.0259327 -0.0453004
v 0.0300088 0.0260237 -0.0462874
v 0.0299533 0.0250455 -0.0460028
v 0.0298792 0.0244198 -0.0458783
v 0.0297558 0.0257735 -0.0466075
v 0.0289351 0.0299935 -0.0485193
v 0.0291511 0.0277584 -0.0477634
v 0.0290091 0.0304685 -0.0485637
v 0.0291325 0.0313728 -0.0486438
v 0.0292375 0.0322771 -0.0487238
v 0.0293238 0.0331814 -0.0488127
v 0.0284784 0.0332212 -0.0491951
v 0.0290955 0.00464168 -0.020954
v 0.0289721 0.00469571 -0.0225812
v 0.029546 0.00487771 -0.020954
v 0.0301384 0.00532986 -0.020954
v 0.0300767 0.00537536 -0.0218521
v 0.0294781 0.00492321 -0.0218521
v 0.0293177 0.00492036 -0.0228391
v 0.0299409 0.00549764 -0.0236661
v 0.0309345 0.00630526 -0.0218521
v 0.0305827 0.00673751 -0.0254711
v 0.0299409 0.0063792 -0.0272762
v 0.0307864 0.00646451 -0.0234349
v 0.0307247 0.00654129 -0.0240395
v 0.0308481 0.00639057 -0.0227591
v 0.0300088 0.00802287 -0.0308953
v 0.0299101 0.00819634 -0.0315622
v 0.0300952 0.00872243 -0.0318378
v 0.0303112 0.00968361 -0.0327004
v 0.030774 0.0109661 -0.0332694
v 0.0298669 0.00647588 -0.0278453
v 0.0298175 0.00745128 -0.0303795
v 0.0306753 0.0111794 -0.0338652
v 0.030811 0.0117823 -0.0342476
v 0.0305704 0.0114837 -0.0345321
v 0.0302433 0.0114922 -0.0354124
v 0.0296879 0.0121434 -0.0374487
v 0.0298854 0.0127463 -0.0377866
v 0.0299533 0.0115406 -0.0362394
v 0.0298484 0.0110173 -0.0358926
v 0.0300027 0.0133207 -0.0380978
v 0.0303606 0.0142023 -0.0381245
v 0.0298792 0.0145635 -0.039565
v 0.0303235 0.0151066 -0.0390315
v 0.0306506 0.0150185 -0.0381956
v 0.0299656 0.0151692 -0.039894
v 0.0299533 0.0160109 -0.0406409
v 0.0301322 0.0168271 -0.0409255
v 0.0308234 0.0171541 -0.0396717
v 0.0306876 0.0175124 -0.0402675
v 0.0281822 0.0332212 0.0265561
v 0.028139 0.0302609 0.0274631
v 0.0279786 0.0308637 0.0273742
v 0.0279107 0.0280399 0.0282456
v 0.0280033 0.0245506 0.0291882
v 0.0281143 0.0239478 0.0292682
v 0.0282192 0.0232397 0.0293571
v 0.0280094 0.0209476 0.0300951
v 0.0271887 0.0157265 0.0319536
v 0.0272998 0.0151066 0.0320247
v 0.0271578 0.0120581 0.0328428
v 0.027127 0.00833569 0.0337231
v 0.0271949 0.00787784 0.0337764
v 0.0273183 0.00697354 0.0338743
v 0.026837 0.00606923 0.0344256
v 0.0248622 0.00461608 0.0349235
v 0.0230542 0.00451939 0.0350747
v 0.0221532 0.00450518 0.0350747
v 0.0115762 0.00416962 0.0271341
v 0.0132855 0.00416962 0.026316
v 0.0145135 0.00416962 0.0256847
v 0.0151615 0.00416962 0.0253379
v 0.0178767 0.00416962 0.0235506
v 0.0189073 0.00416962 0.022777
v 0.0198514 0.00416962 0.0219234
v 0.0207647 0.00416962 0.0210342
v 0.0263865 0.00606923 0.0347279
v 0.0257694 0.00606923 0.0350569
v 0.0250289 0.00606923 0.0354037
v 0.0226901 0.00574789 0.0364618
v 0.0226901 0.0054692 0.0364618
v 0.0224247 0.00486917 0.0363285
v 0.0218261 0.00468718 0.0364618
v 0.0230542 0.00462177 0.0357416
v 0.0289906 0.00416962 -0.00379237
v 0.0285216 0.00416962 -0.00742032
v 0.0284784 0.00451939 -0.020047
v 0.0288795 0.00416962 -0.00469047
v 0.0299471 0.0170688 -0.0415035
v 0.0305395 0.0178167 -0.0408099
v 0.0300644 0.0178025 -0.0417791
v 0.0296756 0.0185276 -0.0429084
v 0.0297805 0.0202054 -0.0439221
v 0.0297743 0.0174897 -0.0421081
v 0.0298854 0.0208083 -0.044091
v 0.0303482 0.0214311 -0.0435486
v 0.029978 0.0214311 -0.04426
v 0.0298052 0.0219657 -0.0448558
v 0.0298977 0.0225686 -0.044998
v 0.0303112 0.0250455 -0.0453537
v 0.0297928 0.023817 -0.045745
v 0.0295954 0.0250455 -0.0464563
v 0.0291449 0.0250455 -0.0468653
v 0.0284784 0.0286627 -0.0482881
v 0.0284784 0.0293594 -0.0484659
v 0.0284784 0.0298115 -0.0485637
v 0.0284784 0.0313728 -0.0488661
v 0.0284784 0.0322771 -0.049035
v 0.0290153 0.0271356 -0.0476656
v 0.0275775 0.0322771 -0.0491684
v 0.0275775 0.0331814 -0.0493107
v 0.0275775 0.0332212 -0.0493107
v 0.0284784 0.00456205 -0.020954
v 0.0288919 0.00471561 -0.0231859
v 0.0293794 0.00508814 -0.0236661
v 0.0298792 0.00556873 -0.024333
v 0.0300458 0.00625123 -0.0263781
v 0.0296201 0.00579908 -0.0263781
v 0.0297188 0.00757072 -0.0308953
v 0.029799 0.00838118 -0.0321668
v 0.0298669 0.00917743 -0.0332517
v 0.0299595 0.00900396 -0.0327004
v 0.0300212 0.00967224 -0.0335718
v 0.0299224 0.00996799 -0.0343187
v 0.0301076 0.0105168 -0.0345766
v 0.0293609 0.00587301 -0.0273385
v 0.0294349 0.00621995 -0.0281654
v 0.0297682 0.00660385 -0.02845
v 0.0296386 0.0112733 -0.0364972
v 0.0290832 0.0118164 -0.0378222
v 0.0293979 0.0124136 -0.0381067
v 0.0297126 0.0130364 -0.0383824
v 0.0298854 0.0136364 -0.0386758
v 0.0298175 0.010167 -0.0349145
v 0.0299965 0.0142393 -0.0389959
v 0.0296818 0.0139606 -0.0392805
v 0.0296509 0.0149104 -0.0401608
v 0.0298546 0.0155133 -0.0404275
v 0.0298299 0.0164659 -0.0412812
v 0.0281637 0.0332212 0.026565
v 0.0270591 0.0290636 0.0282812
v 0.0273059 0.0284608 0.0283701
v 0.027596 0.0287224 0.0281745
v 0.0275775 0.0268541 0.0287347
v 0.0275404 0.0259412 0.0290103
v 0.0271085 0.0227705 0.0300951
v 0.0272751 0.0221676 0.0301841
v 0.0270468 0.0163294 0.0318735
v 0.0270468 0.012661 0.0327716
v 0.0264482 0.0133008 0.0329317
v 0.0261396 0.00726075 0.0345856
v 0.0262754 0.00665788 0.0346567
v 0.0212461 0.00454499 0.0359817
v 0.0203451 0.00451371 0.0359817
v 0.00960762 0.00416962 0.0279166
v 0.0258064 0.006965 0.0348168
v 0.0247882 0.00690244 0.035297
v 0.0245784 0.00606923 0.0355993
v 0.0262939 0.0138895 0.0328517
v 0.0224617 0.00635076 0.0363818
v 0.0221532 0.00605785 0.0365685
v 0.0199995 0.0057422 0.0373688
v 0.0239613 0.00606923 0.0358572
v 0.0230171 0.00605785 0.0362484
v 0.0261026 0.0144924 0.0327716
v 0.0262569 0.0174214 0.0319269
v 0.0199995 0.00548626 0.0373688
v 0.0221347 0.00516777 0.0365508
v 0.0194009 0.0051763 0.0374488
v 0.0190801 0.00469286 0.0373599
v 0.018537 0.0046559 0.0374222
v 0.0212461 0.00465021 0.036533
v 0.0284414 0.00416962 -0.00773154
v 0.0244241 0.00416962 -0.0164368
v 0.0238811 0.00416962 -0.017246
v 0.0238749 0.00416962 -0.0172549
v 0.0231282 0.00416962 -0.0182241
v 0.0223692 0.00416962 -0.0191489
v 0.0215361 0.00416962 -0.0200648
v 0.0282686 0.00416962 -0.00830063
v 0.0276392 0.00416962 -0.0100879
v 0.0265778 0.00416962 -0.0127289
v 0.0260162 0.00416962 -0.0137603
v 0.024998 0.00416962 -0.0155387
v 0.0291202 0.0169152 -0.0423571
v 0.0295769 0.0196225 -0.0437354
v 0.0291264 0.0196225 -0.0441622
v 0.0294102 0.0205239 -0.0444556
v 0.0296633 0.0214311 -0.0447135
v 0.0296262 0.0168271 -0.0417791
v 0.0292128 0.0214311 -0.0451136
v 0.0291881 0.0232397 -0.0460028
v 0.0289968 0.0245023 -0.0467498
v 0.0284784 0.0277584 -0.0480035
v 0.0275775 0.0277584 -0.048128
v 0.0278798 0.0291632 -0.0485104
v 0.0275775 0.0313728 -0.0489905
v 0.0284784 0.0265014 -0.0475856
v 0.0284784 0.0269536 -0.0477368
v 0.0226098 0.0318221 -0.0494263
v 0.0239613 0.0325103 -0.0494618
v 0.0252572 0.0327605 -0.0494174
v 0.0249178 0.0331103 -0.0494885
v 0.0239613 0.0332212 -0.0495685
v 0.0266271 0.0332212 -0.0493818
v 0.0206104 0.00416962 -0.0209629
v 0.0203574 0.00416962 -0.021203
v 0.0196478 0.00416962 -0.021861
v 0.0194503 0.00416962 -0.0220388
v 0.0285463 0.00476111 -0.0236305
v 0.0284784 0.00491752 -0.0245641
v 0.0284784 0.0051052 -0.0254711
v 0.028824 0.00563129 -0.0276764
v 0.02904 0.00555736 -0.0270806
v 0.0291696 0.00548058 -0.0263781
v 0.0175867 0.00416962 -0.0235416
v 0.0175497 0.00416962 -0.0235682
v 0.0158712 0.00416962 -0.0245908
v 0.0148715 0.00416962 -0.0251955
v 0.0148097 0.00416962 -0.025231
v 0.014026 0.00416962 -0.0256223
v 0.0131004 0.00416962 -0.0260758
v 0.0130448 0.00416962 -0.0261025
v 0.0297496 0.0056967 -0.0254711
v 0.0298114 0.00563698 -0.0249376
v 0.0292683 0.00716975 -0.0308953
v 0.0290955 0.00731478 -0.0315444
v 0.0294473 0.00784088 -0.0318556
v 0.0296386 0.00855181 -0.0327004
v 0.0297373 0.00936511 -0.0338563
v 0.0291634 0.00635929 -0.0290902
v 0.0296324 0.010369 -0.0354124
v 0.0293115 0.0106875 -0.0362038
v 0.0290338 0.0109576 -0.0368707
v 0.0284784 0.0121065 -0.0384001
v 0.0291079 0.0126838 -0.0387291
v 0.0294781 0.00961252 -0.034621
v 0.0291819 0.00989974 -0.0354124
v 0.0293609 0.0142563 -0.0398851
v 0.02933 0.0151976 -0.0407565
v 0.0296694 0.0160109 -0.0410944
v 0.0276145 0.0332212 0.0267606
v 0.0275775 0.0331814 0.0267873
v 0.0269604 0.0262341 0.0291526
v 0.0272134 0.0256313 0.0292415
v 0.0270776 0.0317936 0.0273831
v 0.0266703 0.0304685 0.0279166
v 0.0190122 0.0182859 0.0337231
v 0.0230233 0.0213856 0.0317491
v 0.0167289 0.00626829 0.0381602
v 0.0175558 0.00598961 0.0380357
v 0.0185247 0.00697069 0.0374666
v 0.0191356 0.00666926 0.0373777
v 0.0260224 0.0180243 0.0318469
v 0.0264173 0.0169152 0.031998
v 0.0267135 0.0160223 0.0321047
v 0.0176299 0.00462177 0.0375289
v 0.018537 0.00455352 0.0368798
v 0.0176299 0.00451655 0.0368798
v 0.0167289 0.00450518 0.0368798
v 0.00678749 0.00416962 0.0287436
v 0.0244364 0.00655551 0.0355371
v 0.0255102 0.0114922 0.0338031
v 0.0257385 0.0187011 0.0317491
v 0.0197342 0.00634507 0.0372799
v 0.019438 0.00605217 0.0374577
v 0.018537 0.00606923 0.0377334
v 0.0171979 0.00563414 0.0382402
v 0.0254176 0.0183883 0.0319447
v 0.0257694 0.0196225 0.0314734
v 0.0171979 0.00559148 0.0382402
v 0.0162414 0.00473268 0.0382225
v 0.0156367 0.00467865 0.0382847
v 0.0290708 0.0181096 -0.0432018
v 0.0289412 0.0164517 -0.042197
v 0.0289412 0.0191589 -0.044011
v 0.0290338 0.0208424 -0.0449713
v 0.0291634 0.0160962 -0.0416902
v 0.0290153 0.0226653 -0.0458606
v 0.0284784 0.0232397 -0.0462963
v 0.0284784 0.0239136 -0.0466075
v 0.0284784 0.0243658 -0.0468031
v 0.0284784 0.0250455 -0.047061
v 0.0284784 0.0259498 -0.04739
v 0.0257694 0.0268541 -0.0479502
v 0.0206351 0.0273432 -0.0485104
v 0.0230542 0.0280769 -0.0485637
v 0.0237391 0.0281565 -0.048537
v 0.0266703 0.0285404 -0.0484303
v 0.0275775 0.0287281 -0.0484126
v 0.0280156 0.0264048 -0.0476123
v 0.0276577 0.0267659 -0.0477723
v 0.0240107 0.0285831 -0.0486349
v 0.0203451 0.0286627 -0.0489194
v 0.0167289 0.0286627 -0.0491773
v 0.019438 0.0295641 -0.0491951
v 0.0239613 0.0304685 -0.0490617
v 0.0275775 0.0304685 -0.0488038
v 0.0202772 0.0313358 -0.0494885
v 0.018537 0.0313728 -0.049613
v 0.019438 0.0322771 -0.0497286
v 0.018537 0.0295641 -0.0492573
v 0.0175867 0.0296409 -0.0493373
v 0.0176299 0.0332212 -0.0500042
v 0.018537 0.0332212 -0.049942
v 0.0110146 0.00416962 -0.026885
v 0.0104098 0.00416962 -0.0270984
v 0.00834875 0.00416962 -0.0278097
v 0.0275775 0.0050398 -0.0254711
v 0.0284784 0.00529574 -0.0263781
v 0.0285031 0.0055147 -0.0273385
v 0.0282192 0.00559717 -0.027792
v 0.0285031 0.00575642 -0.0281298
v 0.0284784 0.00611189 -0.0290902
v 0.0284784 0.00640195 -0.0298371
v 0.0284784 0.0065811 -0.0302906
v 0.0290091 0.00647304 -0.0296593
v 0.0284784 0.0068342 -0.0308953
v 0.0284784 0.00722663 -0.0317133
v 0.0284784 0.00747972 -0.0321579
v 0.029003 0.00827881 -0.0332339
v 0.0291325 0.00906937 -0.0343187
v 0.0289783 0.0100988 -0.0359104
v 0.0275775 0.0120411 -0.0384713
v 0.0284784 0.0125586 -0.0388536
v 0.0284784 0.0117112 -0.0379466
v 0.0284784 0.0130421 -0.0393071
v 0.0290462 0.0145521 -0.0404809
v 0.0290091 0.0154877 -0.0413523
v 0.0266703 0.0332212 0.0270096
v 0.0261335 0.0208879 0.0309843
v 0.0257509 0.0304315 0.0281478
v 0.0230542 0.0259725 0.0302463
v 0.0227518 0.0265043 0.0301396
v 0.0217027 0.0245961 0.031011
v 0.018537 0.0184309 0.0337764
v 0.018537 0.0178195 0.033981
v 0.0179261 0.0163721 0.0345945
v 0.0151553 0.00728635 0.0381958
v 0.0155996 0.00668348 0.0382936
v 0.0158712 0.00698207 0.0381335
v 0.0162044 0.00646735 0.0382225
v 0.0203204 0.0177797 0.0335719
v 0.0167289 0.00581614 0.0383025
v 0.0149208 0.00454215 0.0377867
v 0.0149208 0.00464452 0.038338
v 0.0140199 0.00451655 0.0377867
v 0.0131127 0.00450518 0.0377867
v 0.00595441 0.00416962 0.028868
v 0.0128227 0.00569954 0.039165
v 0.0167289 0.00538389 0.0383025
v 0.0128227 0.00550048 0.039165
v 0.0158897 0.0050853 0.0384003
v 0.0122118 0.00532986 0.0392184
v 0.0116502 0.00474689 0.0391028
v 0.0110455 0.00469571 0.039165
v 0.0284784 0.0153938 -0.0414323
v 0.0284784 0.0159484 -0.0418858
v 0.0284784 0.0164005 -0.0422326
v 0.0284784 0.0169152 -0.0425883
v 0.0284784 0.0190765 -0.0440644
v 0.0284784 0.0196225 -0.0444111
v 0.0284784 0.0202708 -0.0448024
v 0.0284784 0.0207201 -0.0450336
v 0.0284784 0.0214311 -0.0453982
v 0.0284784 0.0220709 -0.0457183
v 0.0275775 0.0232397 -0.0464296
v 0.0275775 0.0237772 -0.0466786
v 0.0275775 0.0242293 -0.0468476
v 0.019438 0.0272181 -0.0485548
v 0.0274108 0.0263422 -0.047639
v 0.0276577 0.0260038 -0.0474967
v 0.0257694 0.0261773 -0.0477012
v 0.0176299 0.0277584 -0.0488572
v 0.0275775 0.0250455 -0.0471499
v 0.015828 0.0286627 -0.0492217
v 0.014279 0.0291546 -0.0494174
v 0.015828 0.0293253 -0.0493818
v 0.0167289 0.0294504 -0.0493551
v 0.0167289 0.0277584 -0.0489194
v 0.015828 0.0277584 -0.0489728
v 0.0167289 0.0299025 -0.049444
v 0.0167289 0.0322771 -0.0499064
v 0.0167289 0.0331814 -0.0500576
v 0.0167289 0.0332212 -0.0500576
v 0.00768845 0.00416962 -0.0279876
v 0.00678749 0.00416962 -0.0281921
v 0.00597293 0.00416962 -0.028361
v 0.0275775 0.00600951 -0.0290902
v 0.0278798 0.00652992 -0.030424
v 0.0275775 0.00669201 -0.0308152
v 0.0276021 0.00722094 -0.0318823
v 0.027923 0.00743138 -0.032238
v 0.0284784 0.00780106 -0.0327004
v 0.0284784 0.00819919 -0.0333673
v 0.0287993 0.00925705 -0.0349234
v 0.0284784 0.0100391 -0.0359815
v 0.0284784 0.010423 -0.036435
v 0.0284908 0.00953005 -0.0353502
v 0.0254053 0.0119358 -0.0385869
v 0.0275775 0.0124932 -0.0389159
v 0.0275775 0.0116515 -0.0380178
v 0.0275775 0.0129681 -0.0393694
v 0.0275775 0.0143672 -0.0406498
v 0.0284784 0.014444 -0.0405787
v 0.0257447 0.0332212 0.0271963
v 0.0260224 0.0326126 0.0273564
v 0.0230233 0.0286854 0.0293304
v 0.0221532 0.0266778 0.0302018
v 0.0243686 0.0308979 0.0282901
v 0.0176052 0.0187494 0.0338565
v 0.0176299 0.0178195 0.0341677
v 0.01489 0.0105367 0.0371732
v 0.0149208 0.00877931 0.0377512
v 0.0145567 0.00747688 0.038258
v 0.0140199 0.00606923 0.0388182
v 0.0149208 0.00606923 0.0386315
v 0.0140199 0.00461893 0.0384092
v 0.00949655 0.00453646 0.0386937
v 0.0104037 0.00467011 0.0392006
v 0.00859559 0.00451939 0.0386937
v 0.00768845 0.00451087 0.0386937
v 0.00678749 0.00450518 0.0386937
v 0.00426974 0.00416962 0.0290992
v 0.0122118 0.00586164 0.0392184
v 0.0104037 0.00606923 0.0394407
v 0.00650363 0.00566542 0.0400631
v 0.0131189 0.00602942 0.039005
v 0.0122118 0.00697354 0.0388538
v 0.00650363 0.00554598 0.0400631
v 0.0113293 0.00509383 0.0392717
v 0.00588036 0.0049943 0.0398853
v 0.00348603 0.00473552 0.0400275
v 0.0275775 0.0153142 -0.0415035
v 0.0275775 0.0158773 -0.0419569
v 0.0275775 0.0163294 -0.042286
v 0.0275775 0.0185248 -0.0438243
v 0.0275775 0.0189741 -0.0441355
v 0.0275775 0.0196225 -0.0445356
v 0.0275775 0.0201855 -0.0448469
v 0.0275775 0.0219515 -0.0457716
v 0.0275775 0.0224036 -0.0460028
v 0.020919 0.0227676 -0.0467231
v 0.0257694 0.0236122 -0.0467498
v 0.0269665 0.021906 -0.0457983
v 0.0266642 0.0222586 -0.0460028
v 0.0266765 0.0240672 -0.0468565
v 0.0203451 0.0241411 -0.0473544
v 0.018537 0.0259498 -0.0481547
v 0.0167289 0.0259498 -0.0482881
v 0.0167289 0.0269451 -0.0486526
v 0.0149208 0.0286627 -0.0492662
v 0.0122118 0.0289698 -0.0494618
v 0.0139952 0.0294987 -0.0494974
v 0.015828 0.0297774 -0.0494707
v 0.0139952 0.0287395 -0.0493284
v 0.015828 0.0268797 -0.0486793
v 0.0140199 0.0277584 -0.0490439
v 0.0131127 0.0285916 -0.0493284
v 0.015828 0.0322771 -0.0499598
v 0.015828 0.0331814 -0.050102
v 0.015828 0.0332212 -0.050102
v 0.00588036 0.00416962 -0.0283788
v 0.00504728 0.00416962 -0.02853
v 0.00424506 0.00416962 -0.0286545
v 0.00405993 0.00416962 -0.0286812
v 0.00323919 0.00416962 -0.0287968
v 0.0266703 0.00670054 -0.0309575
v 0.0257694 0.00705601 -0.0317934
v 0.0248622 0.00699629 -0.0317934
v 0.0212461 0.00720388 -0.0326648
v 0.0248622 0.00732332 -0.0324336
v 0.0266703 0.00738588 -0.032318
v 0.0207647 0.00742569 -0.0331538
v 0.0266703 0.00764181 -0.0327715
v 0.0276021 0.00763044 -0.0326292
v 0.0275775 0.00812809 -0.0334828
v 0.0275775 0.00840393 -0.0339363
v 0.0284784 0.00848072 -0.0338207
v 0.0284908 0.00897268 -0.0345766
v 0.0282007 0.00920302 -0.0350034
v 0.0275775 0.00952721 -0.0355013
v 0.0275775 0.00997936 -0.0360526
v 0.0275775 0.0103633 -0.0365061
v 0.0176299 0.0111311 -0.0384713
v 0.0248622 0.0119103 -0.0386135
v 0.0163648 0.0119358 -0.039485
v 0.0169634 0.0119671 -0.0394583
v 0.0266703 0.0129198 -0.0394138
v 0.019438 0.0144412 -0.0414857
v 0.0257694 0.0147682 -0.0411833
v 0.0257694 0.0128743 -0.0394583
v 0.0203451 0.0125928 -0.0397162
v 0.02543 0.0332212 0.0272586
v 0.0257385 0.0331245 0.0272319
v 0.024023 0.0313699 0.0281922
v 0.0227086 0.0291689 0.0292237
v 0.015828 0.0187182 0.0341944
v 0.0155811 0.0174868 0.0346656
v 0.0145321 0.0128885 0.036444
v 0.0149208 0.0114922 0.0368442
v 0.0221532 0.0286627 0.0295083
v 0.0221532 0.0293224 0.0292771
v 0.0221532 0.0297746 0.029117
v 0.0145691 0.0102012 0.037351
v 0.0140199 0.00697354 0.0385248
v 0.0140199 0.00877931 0.037929
v 0.0140199 0.00808259 0.0381602
v 0.00949655 0.00464168 0.039245
v 0.00859559 0.00462461 0.0392895
v 0.00768845 0.00461324 0.0393428
v 0.00288745 0.00470708 0.0400542
v 0.000462257 0.00455921 0.0395918
v -0.000438703 0.00454783 0.0395918
v -0.00133966 0.00454499 0.0395918
v -0.0139963 0.00450518 0.0386937
v -0.000438703 0.00416962 0.0294816
v 0.000166051 0.00416962 0.0294727
v 0.000462257 0.00416962 0.0294638
v 0.0010053 0.00416962 0.0294282
v 0.003449 0.00416962 0.0291882
v 0.011644 0.00646167 0.0391205
v 0.0110393 0.00660954 0.0391739
v 0.0113293 0.00612326 0.0392806
v 0.00949655 0.00606923 0.0395651
v 0.0104037 0.00674319 0.0392184
v 0.0049794 0.00627114 0.0399653
v 0.00407844 0.00590145 0.0401431
v 0.000462257 0.00606923 0.0402943
v 0.000462257 0.00516492 0.0403121
v 0.00859559 0.00606923 0.0396807
v 0.00768845 0.00606923 0.0397963
v 0.00679366 0.00600667 0.0399208
v 0.00678749 0.00697354 0.0395918
v 0.00588036 0.00697354 0.039663
v 0.0134213 0.00824753 0.0382136
v 0.0128165 0.00841247 0.0382669
v 0.0122118 0.00787784 0.0385515
v 0.00136322 0.00516492 0.0402676
v 0.00407844 0.00523886 0.0401431
v 0.00588036 0.00544645 0.0400809
v 0.0167289 0.0148023 -0.0420637
v 0.0225234 0.0155701 -0.0421881
v 0.0248622 0.0157123 -0.0420814
v 0.0257694 0.0162185 -0.042366
v 0.0239613 0.0172053 -0.0432107
v 0.0257694 0.0188632 -0.0442155
v 0.0199687 0.0191618 -0.0449091
v 0.0221532 0.0193239 -0.0448202
v 0.0255842 0.0200348 -0.0449269
v 0.0167289 0.0219998 -0.0466519
v 0.0167289 0.022452 -0.0468831
v 0.0167289 0.0232397 -0.0472566
v 0.0167289 0.0239108 -0.0475323
v 0.018537 0.0240928 -0.04747
v 0.018537 0.0203675 -0.045656
v 0.015828 0.0250455 -0.0480035
v 0.0167289 0.024363 -0.0477012
v 0.015828 0.0242976 -0.0477279
v 0.0113046 0.0289044 -0.0494796
v 0.0104037 0.0295641 -0.0496486
v 0.0122118 0.0304685 -0.0497553
v 0.0140199 0.0304685 -0.0496841
v 0.00859559 0.0268541 -0.0489105
v 0.00859559 0.0277584 -0.0492306
v 0.0131127 0.0277584 -0.0490795
v 0.0149208 0.0238027 -0.0475767
v 0.00678749 0.0250455 -0.0483059
v 0.0104037 0.0283954 -0.0493729
v 0.0149208 0.0322771 -0.0499953
v 0.0149208 0.0332212 -0.0501376
v 0.00718244 0.0327434 -0.0503243
v 0.00317131 0.00416962 -0.0288056
v 0.0221532 0.00682566 -0.0317934
v 0.0239613 0.00693941 -0.0317934
v 0.019438 0.00710435 -0.0327004
v 0.0167289 0.00729488 -0.0334028
v 0.0149208 0.00747404 -0.033963
v 0.015828 0.00750532 -0.0339097
v 0.0167289 0.00753659 -0.0338563
v 0.0230542 0.00786078 -0.0336073
v 0.0266703 0.00809397 -0.0335451
v 0.0266703 0.00836981 -0.0339986
v 0.0275775 0.00879353 -0.0345054
v 0.0275775 0.0091689 -0.0350478
v 0.0230542 0.00932815 -0.0357503
v 0.021425 0.00925705 -0.0358392
v 0.0167289 0.0110913 -0.0385157
v 0.0166919 0.0116174 -0.0391026
v 0.015828 0.0102211 -0.0375732
v 0.0159822 0.01106 -0.0385513
v 0.0153775 0.0110401 -0.038578
v 0.015828 0.0119216 -0.0395027
v 0.015828 0.0123965 -0.0399385
v 0.0167289 0.0138497 -0.0412011
v 0.0167289 0.0129027 -0.0403386
v 0.0239798 0.0332212 0.0275431
v 0.0229739 0.0313699 0.0283968
v 0.0230542 0.0304685 0.0286991
v 0.0149208 0.0187182 0.0343544
v 0.0149208 0.0181153 0.0345678
v 0.0221532 0.0313728 0.0285479
v 0.0212337 0.0304144 0.0290548
v 0.0144827 0.0155673 0.0355282
v 0.0140199 0.0107984 0.0372532
v 0.0226222 0.0318334 0.028299
v 0.0140199 0.00968361 0.0376267
v 0.00136322 0.00467865 0.0400898
v 0.000462257 0.00466158 0.0401076
v -0.000438703 0.00516492 0.0403476
v -0.000438703 0.00465305 0.0401253
v -0.00133966 0.00465021 0.0401253
v -0.00224679 0.00465021 0.0401253
v -0.00495585 0.00454783 0.0395918
v -0.00314776 0.00416962 0.0292682
v -0.00224679 0.00416962 0.0293482
v -0.00133966 0.00416962 0.0294282
v -0.00676394 0.00455068 0.0395918
v -0.0076649 0.00455352 0.0395918
v -0.0148973 0.00451087 0.0386937
v -0.0194144 0.00450518 0.0377867
v -0.00671457 0.00416962 0.0287791
v -0.00405489 0.00416962 0.0291526
v 0.0143963 0.0182432 0.0346123
v 0.00859559 0.00697354 0.0393784
v 0.00969402 0.007329 0.0391117
v 0.00251719 0.00648726 0.0400364
v 0.00317131 0.00598107 0.0401698
v 0.00223332 0.00614033 0.0401698
v 0.00191243 0.0065356 0.0400542
v 0.000462257 0.0066522 0.0400898
v -0.000438703 0.00606923 0.0403299
v 0.00768845 0.007693 0.0392361
v 0.00768845 0.0107841 0.0381513
v 0.00696028 0.0082589 0.0391205
v 0.00635553 0.00833284 0.0391472
v 0.0140199 0.0114922 0.0370131
v 0.015828 0.0147682 -0.0420903
v 0.0167289 0.0152545 -0.0424282
v 0.0176299 0.0153028 -0.0423927
v 0.018537 0.015354 -0.0423571
v 0.0212461 0.015499 -0.0422415
v 0.0167289 0.015863 -0.0428817
v 0.0176299 0.0159171 -0.0428462
v 0.0190492 0.0164545 -0.043104
v 0.0212461 0.0160109 -0.0426061
v 0.0167289 0.017865 -0.0442867
v 0.018537 0.0186243 -0.0446601
v 0.0167289 0.0185134 -0.0447313
v 0.0167289 0.0189627 -0.0450336
v 0.0167289 0.0196225 -0.0454071
v 0.018537 0.0196225 -0.0452648
v 0.0176299 0.0202993 -0.0456916
v 0.015828 0.0219515 -0.0466786
v 0.015828 0.0201827 -0.0457538
v 0.015828 0.0224036 -0.0469098
v 0.015828 0.0232397 -0.0473099
v 0.015828 0.0238454 -0.0475589
v 0.00725649 0.0282077 -0.0494263
v 0.00949655 0.0287935 -0.0495063
v 0.00859559 0.0295641 -0.0497019
v 0.00859559 0.0304685 -0.0498709
v 0.0104037 0.0313728 -0.0499776
v 0.00588036 0.0268541 -0.0489994
v 0.0076144 0.0278465 -0.0492929
v 0.00588036 0.0229667 -0.0475411
v 0.00949655 0.0235696 -0.0476656
v 0.0049794 0.0241411 -0.0480302
v 0.00768845 0.0241411 -0.0479413
v 0.00478193 0.0254749 -0.0485282
v 0.00538669 0.0255033 -0.0485193
v 0.00768845 0.0322771 -0.0502265
v 0.0131127 0.0331814 -0.050191
v 0.0121562 0.0332212 -0.0502265
v 0.0049794 0.0325501 -0.0503599
v 0.0049794 0.0331814 -0.0504488
v 0.00227035 0.00416962 -0.0288946
v 0.0149208 0.00723516 -0.0335095
v 0.015828 0.00688254 -0.0327004
v 0.0176299 0.0069906 -0.0327004
v 0.018537 0.00704747 -0.0327004
v 0.0140199 0.00745413 -0.0340075
v 0.0140199 0.00775841 -0.0345054
v 0.0149208 0.00780675 -0.0345054
v 0.019438 0.00809113 -0.0344254
v 0.0203451 0.00812525 -0.0343721
v 0.0239613 0.00826175 -0.0341586
v 0.0248622 0.00829587 -0.0341053
v 0.0239613 0.00856887 -0.0346121
v 0.0248622 0.00860584 -0.0345588
v 0.0180372 0.00833284 -0.0349589
v 0.0149208 0.00852621 -0.0355903
v 0.0176299 0.00909212 -0.0360349
v 0.0167289 0.00988267 -0.0370752
v 0.0157354 0.0107443 -0.0382045
v 0.0149208 0.00897837 -0.0361771
v 0.0140199 0.0110116 -0.0386135
v 0.0149208 0.0114496 -0.0390404
v 0.0140199 0.00977746 -0.0371908
v 0.0132793 0.0101471 -0.0376621
v 0.00588036 0.0116998 -0.0397162
v 0.00949655 0.0122686 -0.0400896
v 0.00949655 0.0113301 -0.0391737
v 0.0049794 0.0112306 -0.0392805
v 0.00678749 0.0126582 -0.0405609
v 0.0122118 0.0127833 -0.0404453
v 0.014927 0.0132127 -0.040721
v 0.0149208 0.0142478 -0.0416635
v 0.015828 0.0138156 -0.0412278
v 0.0230542 0.0332212 0.0277121
v 0.0230542 0.0331814 0.0277299
v 0.0149208 0.0196225 0.0340254
v 0.0221532 0.0319415 0.0283434
v 0.0203451 0.0313728 0.0288503
v -0.00133966 0.00516492 0.0403565
v -0.00495585 0.00465305 0.0401253
v -0.00676394 0.0046559 0.0401165
v -0.0076649 0.00465874 0.0401165
v -0.00857203 0.0045649 0.0395918
v -0.0158044 0.00451939 0.0386937
v -0.0203215 0.00451371 0.0377867
v -0.0230306 0.00450802 0.0368798
v -0.00947916 0.00416962 0.0279433
v 0.0147234 0.0229013 0.0328606
v 0.0140631 0.0186755 0.0344967
v 0.00834258 0.0102154 0.0382669
v 0.00859559 0.00753091 0.0391828
v 0.000462257 0.00710151 0.0399297
v 0.00678749 0.0114922 0.0379735
v 0.00678749 0.0123965 0.0376445
v -0.00133966 0.00606923 0.0403388
v -0.000438703 0.00668916 0.0401076
v 0.00768845 0.0129368 0.0373688
v 0.00670727 0.008694 0.0389872
v 0.0140199 0.0147256 -0.0421348
v 0.015828 0.0152204 -0.0424549
v 0.015828 0.0158232 -0.0429084
v 0.0167289 0.0163152 -0.0432018
v 0.015828 0.0184736 -0.0447668
v 0.0160501 0.0173788 -0.0439932
v 0.015828 0.0189229 -0.0450603
v 0.015828 0.0196225 -0.0454604
v 0.00949655 0.021286 -0.0465541
v 0.00588036 0.0223354 -0.0472299
v 0.0139705 0.0222529 -0.0469009
v 0.0149208 0.0223723 -0.0469276
v 0.00678749 0.0198784 -0.0459139
v 0.00949655 0.0195172 -0.0456294
v 0.00407844 0.0280911 -0.0494529
v 0.00407844 0.0286627 -0.0496041
v 0.0049794 0.0286627 -0.0495863
v 0.0076144 0.0285916 -0.0495063
v 0.0049794 0.0276731 -0.0493107
v 0.00407844 0.0276389 -0.0493195
v 0.00678749 0.0295641 -0.0497464
v 0.0049794 0.0313728 -0.0501376
v 0.00768845 0.0304685 -0.0498975
v 0.00407844 0.0259498 -0.0487238
v 0.00407844 0.0268541 -0.0490528
v 0.0104037 0.0223354 -0.0470699
v 0.00407844 0.0228956 -0.0475678
v 0.00407844 0.0233477 -0.0477546
v 0.00678749 0.0234558 -0.0477101
v 0.00407844 0.0241411 -0.0480569
v 0.0107493 0.0332212 -0.050271
v 0.00407844 0.0324932 -0.0503688
v 0.00407844 0.0332212 -0.0504755
v 0.00588036 0.0332212 -0.0504222
v 0.00903989 0.0332212 -0.0503243
v 0.00145578 0.00416962 -0.028939
v 0.00768845 0.00763613 -0.0345944
v 0.0104037 0.0081224 -0.0352968
v 0.0131127 0.00772713 -0.0345054
v 0.000548651 0.00416962 -0.0289835
v 0.0131127 0.00816222 -0.0352168
v 0.0140199 0.00818212 -0.0351812
v 0.0149208 0.00821056 -0.0351368
v 0.015828 0.00824469 -0.0350834
v 0.0140199 0.00849493 -0.0356347
v 0.0149208 0.00935374 -0.0366217
v 0.0140199 0.0093253 -0.0366573
v 0.0140199 0.00894709 -0.0362038
v 0.00768845 0.010878 -0.0387647
v 0.0131127 0.00892434 -0.0362394
v 0.0122118 0.0092798 -0.0367107
v 0.0113046 0.0092599 -0.0367373
v 0.00995937 0.00923146 -0.0367729
v 0.0049794 0.0116799 -0.0397339
v 0.0049794 0.0126155 -0.0405965
v 0.00407844 0.0112107 -0.0392893
v 0.00407844 0.0116629 -0.0397517
v 0.0049794 0.0108268 -0.038827
v 0.00407844 0.0108126 -0.0388447
v 0.0113046 0.0132582 -0.0409166
v 0.00588036 0.01408 -0.0418947
v 0.0140199 0.0142251 -0.0416813
v 0.00768845 0.0145748 -0.0422682
v 0.0222026 0.0332212 0.0278543
v 0.0221532 0.0331814 0.027881
v 0.0201229 0.0328259 0.0283345
v 0.0193886 0.0312988 0.0290281
v -0.00405489 0.00606923 0.0403476
v -0.00495585 0.00606923 0.0403476
v -0.00585681 0.00516492 0.0403476
v -0.00585681 0.0046559 0.0401253
v -0.00857203 0.00467011 0.0400987
v -0.0148973 0.00461324 0.039334
v -0.00676394 0.00516492 0.0403388
v -0.0076649 0.00516492 0.040321
v -0.0158044 0.00462461 0.0392895
v -0.0167054 0.00454499 0.0386937
v -0.0212225 0.0045393 0.0377867
v -0.0239377 0.00453077 0.0368798
v -0.0257458 0.00451655 0.0359817
v -0.0248387 0.00450518 0.0359817
v -0.012108 0.00416962 0.0268851
v 0.018537 0.0310514 0.0292504
v 0.0145012 0.0255147 0.031918
v 0.0140199 0.0230236 0.032905
v 0.000462257 0.00787784 0.0396452
v 0.00731203 0.0155844 0.0364352
v 0.00678749 0.0160792 0.0362929
v -0.00224679 0.00670338 0.0401165
v -0.00495585 0.00672613 0.0401253
v -0.00133966 0.00714985 0.0399475
v -0.000438703 0.00787784 0.0396719
v 0.00764526 0.0151521 0.0365596
v 0.00768845 0.0176546 0.0356349
v 0.0049794 0.0150753 -0.042775
v 0.0049794 0.0155275 -0.0431218
v 0.00678749 0.0155758 -0.0430862
v 0.0122118 0.0157237 -0.0429795
v 0.0149208 0.0157976 -0.0429262
v 0.015828 0.0162754 -0.0432285
v 0.00825618 0.0182632 -0.0449091
v 0.0131127 0.0188461 -0.0451136
v 0.0140199 0.0188717 -0.0450958
v 0.0149208 0.0168953 -0.0436998
v 0.0049794 0.0193665 -0.0457094
v 0.00407844 0.021559 -0.0468831
v 0.00407844 0.0223354 -0.0472833
v 0.00317131 0.0280712 -0.0494618
v 0.00227035 0.0286627 -0.0496219
v 0.00407844 0.0295641 -0.0497997
v 0.00317131 0.027619 -0.0493284
v 0.00407844 0.0313728 -0.0501554
v 0.00317131 0.0254322 -0.0485459
v 0.00317131 0.0268541 -0.0490617
v 0.00317131 0.0228842 -0.0475678
v 0.00317131 0.0223354 -0.0472922
v 0.00317131 0.0233364 -0.0477546
v 0.00317131 0.0241411 -0.0480658
v 0.00317131 0.0324761 -0.0503777
v 0.00317131 0.0332212 -0.0504844
v 0.00317131 0.00757925 -0.0346922
v 0.0113046 0.00813378 -0.0352701
v 0.00588036 0.00806553 -0.0353946
v 0.00523858 0.00833569 -0.035857
v 0.00949655 0.0083954 -0.0357681
v 0.0122118 0.008148 -0.0352435
v -0.000346139 0.00416962 -0.0289924
v 0.000462257 0.00755081 -0.0347455
v 0.00136322 0.0075565 -0.0347277
v 0.00227035 0.00756788 -0.0347099
v 0.0113046 0.00842668 -0.0357236
v 0.0122118 0.00844943 -0.035697
v 0.00768845 0.0100334 -0.0377955
v 0.00678749 0.0104088 -0.0382668
v 0.0113046 0.00887884 -0.0362838
v 0.0103173 0.00893571 -0.0363994
v 0.00949655 0.00883903 -0.0363194
v 0.00859559 0.00920587 -0.0367996
v 0.00407844 0.0125984 -0.0406143
v 0.00407844 0.0130932 -0.0410677
v 0.0049794 0.0131132 -0.04105
v 0.00317131 0.0112079 -0.0392982
v 0.00317131 0.0116572 -0.0397517
v 0.00317131 0.0121406 -0.0402052
v 0.00317131 0.0103547 -0.0383201
v 0.00317131 0.0108069 -0.0388447
v 0.00588036 0.0100021 -0.037831
v 0.0049794 0.00999074 -0.0378488
v 0.00407844 0.00914046 -0.0368796
v 0.00317131 0.00913193 -0.0368885
v 0.00407844 0.0140402 -0.0419303
v 0.00588036 0.0145322 -0.0423037
v 0.00407844 0.0150526 -0.0427928
v 0.022147 0.0332212 0.0278632
v 0.0212461 0.0332212 0.0280055
v 0.0204562 0.0332212 0.02813
v 0.0212461 0.0331814 0.0280233
v 0.019438 0.0329539 0.0283879
v -0.00676394 0.00606923 0.0403299
v -0.00947299 0.00469002 0.040072
v -0.0076649 0.00606923 0.0403032
v -0.00857203 0.00516492 0.0402854
v -0.0100777 0.00470424 0.0400542
v -0.0167054 0.00464736 0.0392361
v -0.0203215 0.00461893 0.0384181
v -0.0239377 0.00463599 0.0374666
v -0.0212225 0.00464452 0.0383469
v -0.0248757 0.00460755 0.036942
v -0.0257458 0.00462177 0.0366752
v -0.026653 0.00460186 0.0359906
v -0.0266468 0.00451087 0.0350747
v -0.0176372 0.00416962 0.023604
v -0.0158044 0.00416962 0.0248488
v -0.0149405 0.00416962 0.0254179
v -0.0139284 0.00416962 0.0259603
v -0.0130892 0.00416962 0.0263872
v 0.0176299 0.0312107 0.0293126
v 0.0140199 0.0255744 0.0319447
v 0.0140199 0.0250455 0.0321492
v 0.0166981 0.0314268 0.0293482
v 0.0146308 0.0300817 0.0301307
v 0.0140199 0.0306163 0.0299884
v 0.00768845 0.0181067 0.0354659
v 0.000462257 0.0133008 0.0376445
v 0.00015988 0.00925705 0.0391472
v 0.00165942 0.0164403 0.0364263
v 0.00678749 0.0177598 0.0356704
v 0.0055965 0.0182916 0.0355371
v -0.00495585 0.00717829 0.0399564
v -0.00585681 0.0067176 0.0401165
v -0.00224679 0.0105879 0.0386848
v -0.000438703 0.0139805 0.0374222
v -0.00224679 0.0133008 0.03768
v -0.000438703 0.0114012 0.0383736
v 0.00407844 0.0155047 -0.0431307
v 0.00407844 0.0166024 -0.0439043
v 0.00407844 0.0181522 -0.0449891
v 0.0049794 0.0160109 -0.0434597
v 0.00678749 0.0171257 -0.0441711
v 0.0122118 0.0161759 -0.0432996
v 0.0149208 0.0162498 -0.0432463
v 0.0049794 0.018175 -0.0449713
v 0.00407844 0.0187182 -0.0453537
v 0.00407844 0.0193381 -0.0457183
v 0.00407844 0.0197902 -0.0459584
v 0.00317131 0.0210984 -0.0466519
v 0.00227035 0.0280683 -0.0494618
v 0.00136322 0.0280712 -0.0494618
v -0.00133966 0.0280882 -0.0494618
v 0.000462257 0.0286627 -0.049613
v 0.00136322 0.0295641 -0.0498175
v 0.00227035 0.0295641 -0.0498175
v 0.00227035 0.0276162 -0.0493284
v 0.00317131 0.0313728 -0.0501643
v 0.00227035 0.0241411 -0.0480658
v -0.000438703 0.0259498 -0.0487238
v -0.00405489 0.0268541 -0.0490439
v 0.00136322 0.0268541 -0.0490617
v 0.00136322 0.0229013 -0.0475678
v 0.000462257 0.0223354 -0.0472744
v 0.00136322 0.0233534 -0.0477546
v -0.00133966 0.0325643 -0.0503599
v 0.00136322 0.0331814 -0.0504666
v 0.00227035 0.0313728 -0.0501643
v -0.00495585 0.0295641 -0.049773
v -0.00495585 0.0304685 -0.049942
v -0.00138286 0.0332212 -0.0504488
v 0.00407844 0.0080314 -0.0354124
v 0.00495472 0.00810819 -0.0355013
v 0.00407844 0.00831862 -0.0358748
v 0.00588036 0.00872812 -0.0363194
v 0.00859559 0.00880775 -0.0363194
v -0.000438703 0.00416962 -0.0289924
v -0.000438703 0.00755081 -0.0347455
v 0.000462257 0.00797453 -0.0354124
v 0.00136322 0.00798306 -0.0354124
v 0.00317131 0.00831009 -0.0358926
v 0.0049794 0.00915184 -0.0368618
v 0.00227035 0.0112107 -0.0392982
v 0.00227035 0.0108069 -0.0388447
v 0.00227035 0.0116629 -0.0397517
v 0.00136322 0.0121491 -0.0401963
v 0.00227035 0.0130932 -0.0410677
v 0.00317131 0.0140345 -0.0419303
v 0.00227035 0.00996514 -0.0378666
v 0.00227035 0.0103547 -0.0383201
v 0.00227035 0.00951583 -0.037342
v 0.00407844 0.00868831 -0.0363283
v 0.00227035 0.00867693 -0.0363461
v 0.000462257 0.00867409 -0.036355
v 0.00227035 0.00912909 -0.0368885
v 0.00407844 0.0144924 -0.0423393
v 0.00317131 0.0150469 -0.0427928
v 0.00317131 0.015499 -0.0431396
v 0.019438 0.0332212 0.0282812
v 0.0188949 0.0332212 0.0283523
v -0.00676394 0.00669201 0.0401076
v -0.00857203 0.00606923 0.0402587
v -0.0103801 0.00600667 0.0401787
v -0.0112811 0.00590998 0.0401431
v -0.0076649 0.0066522 0.0400898
v -0.00857203 0.00659532 0.040072
v -0.0112811 0.00525877 0.0401431
v -0.00947299 0.00516492 0.040232
v -0.0129226 0.00569386 0.040072
v -0.0129226 0.00550617 0.040072
v -0.0103801 0.00509099 0.040152
v -0.0106763 0.00474121 0.0400186
v -0.0180815 0.00470993 0.0391472
v -0.024598 0.00467296 0.0373866
v -0.0218458 0.00468149 0.0382758
v -0.0263506 0.00466158 0.0365152
v -0.0272886 0.00465021 0.0356971
v -0.0275724 0.00460755 0.0350836
v -0.0275539 0.00452508 0.0341677
v -0.0275539 0.00450802 0.0332696
v -0.0257643 0.00416962 0.0142584
v -0.0247461 0.00416962 0.0159924
v -0.0240673 0.00416962 0.0169972
v -0.0233885 0.00416962 0.0179397
v -0.0226418 0.00416962 0.0188467
v -0.0211361 0.00416962 0.0205273
v -0.0202475 0.00416962 0.0214165
v -0.0185505 0.00416962 0.0228926
v 0.00944101 0.024963 0.0326471
v 0.00768845 0.0196225 0.0348879
v 0.00768845 0.0187182 0.0352347
v 0.015828 0.0319387 0.0292504
v 0.0149208 0.0313728 0.0295883
v 0.0149208 0.0320723 0.0293037
v 0.0149208 0.0332212 0.0288325
v 0.0140199 0.0321747 0.0293482
v 0.0104037 0.0309974 0.0301396
v 0.00768845 0.025236 0.0327094
v 0.00768845 0.0247838 0.0328872
v 0.00859559 0.0246729 0.0328428
v 0.00678749 0.0182091 0.0355015
v 0.000462257 0.0151066 0.0369776
v 0.000462257 0.0178195 0.0359728
v 0.000462257 0.0165256 0.0364529
v 0.00619508 0.0182518 0.0355193
v 0.00715158 0.022779 0.0337142
v -0.00495585 0.00974333 0.0389961
v -0.00585681 0.0123965 0.0379913
v -0.00585681 0.00716975 0.0399475
v -0.000438703 0.0151066 0.0370042
v -0.00133966 0.0160109 0.0366663
v -0.00133966 0.0170062 0.0362929
v -0.00224679 0.0169948 0.0362929
v -0.00314776 0.0151066 0.0369954
v -0.000438703 0.0165598 0.0364618
v -0.000438703 0.0178195 0.0359906
v 0.00317131 0.0181466 -0.0449891
v 0.00317131 0.0187182 -0.0453626
v 0.00317131 0.0170489 -0.0442244
v 0.00317131 0.0193296 -0.0457272
v -0.00676394 0.0223354 -0.0472121
v -0.00224679 0.0198272 -0.0459406
v -0.00405489 0.0281138 -0.0494529
v -0.00314776 0.0286627 -0.0495952
v -0.00314776 0.0276532 -0.0493195
v -0.000438703 0.0241411 -0.048048
v -0.00133966 0.025455 -0.048537
v -0.00495585 0.0259498 -0.0486971
v -0.00585681 0.0268541 -0.0490261
v -0.00585681 0.0276873 -0.0493107
v -0.00495585 0.0229667 -0.0475411
v -0.00314776 0.0233989 -0.0477368
v -0.00495585 0.0241411 -0.0480124
v -0.00585681 0.0326581 -0.0503421
v -0.0076649 0.0331814 -0.0503955
v -0.0059 0.0332212 -0.0504133
v -0.0076649 0.0326951 -0.0503332
v -0.00405489 0.0286627 -0.0495863
v -0.00676394 0.0295641 -0.0497553
v -0.00676394 0.032223 -0.0502532
v 0.00495472 0.00863143 -0.0362305
v -0.0012471 0.00416962 -0.0289568
v -0.0103801 0.00766741 -0.034541
v -0.00585681 0.00761053 -0.0346388
v -0.00405489 0.00758778 -0.0346744
v -0.00314776 0.00757641 -0.0346922
v -0.00224679 0.00756788 -0.0347099
v -0.00585681 0.00806269 -0.0354035
v -0.00676394 0.00834706 -0.0358392
v -0.00453622 0.00832715 -0.0358659
v -0.00224679 0.00800297 -0.0354124
v -0.00133966 0.00798875 -0.0354124
v -0.000438703 0.00797738 -0.0354124
v -0.000438703 0.00830156 -0.0359015
v 0.000462257 0.00830156 -0.0359015
v 0.00136322 0.0083044 -0.0359015
v -0.00405489 0.0112448 -0.0392627
v -0.0076649 0.0117169 -0.0396984
v 0.000462257 0.0108154 -0.0388358
v -0.00405489 0.0108382 -0.0388092
v 0.000462257 0.00912624 -0.0368885
v -0.000438703 0.00912909 -0.0368885
v 0.000462257 0.00997083 -0.0378666
v -0.00405489 0.0121804 -0.0401697
v -0.00314776 0.0126269 -0.0405876
v -0.00133966 0.0140601 -0.0419125
v 0.00227035 0.0140402 -0.0419303
v 0.00317131 0.0144867 -0.0423393
v 0.00136322 0.00912624 -0.0368885
v -0.000438703 0.00867693 -0.036355
v 0.00227035 0.0150526 -0.0427928
v -0.00676394 0.0155645 -0.0430951
v 0.00136322 0.0177058 -0.044669
v 0.018537 0.0332212 0.0283968
v -0.00676394 0.00714416 0.0399386
v -0.0076649 0.00787784 0.0396363
v -0.0103801 0.00645882 0.0400275
v -0.0112811 0.00636214 0.039992
v -0.00857203 0.00704747 0.039903
v -0.00950385 0.0068996 0.0399119
v -0.0121882 0.0062427 0.0399475
v -0.0131694 0.00602373 0.0399297
v -0.0139963 0.00606923 0.0398319
v -0.0148973 0.00606923 0.039743
v -0.0158044 0.00606923 0.0396274
v -0.0191614 0.00573651 0.0391739
v -0.0148973 0.00516492 0.0397163
v -0.0191614 0.00546636 0.0391739
v -0.0167054 0.00516492 0.0394851
v -0.0158044 0.00516492 0.0396096
v -0.0212225 0.00516492 0.0386137
v -0.0176063 0.00516492 0.0393517
v -0.0184332 0.00516492 0.0392184
v -0.0252028 0.00478671 0.0372799
v -0.022142 0.00513364 0.0383825
v -0.0224505 0.0048123 0.0381602
v -0.0269553 0.00493174 0.0363018
v -0.0278871 0.00492036 0.0353859
v -0.0280723 0.00466727 0.0347812
v -0.0281833 0.0046303 0.0341677
v -0.0283438 0.0046104 0.0332696
v -0.0284549 0.0045649 0.0314556
v -0.0285289 0.00416962 0.0070559
v -0.0283808 0.00416962 0.00789175
v -0.0275231 0.00416962 0.0106038
v -0.0267085 0.00416962 0.0124623
v -0.0262333 0.00416962 0.013387
v 0.00768845 0.0222614 0.0338654
v 0.00678749 0.0187182 0.0353059
v 0.0140569 0.0332212 0.0289125
v 0.0140199 0.0326268 0.0291615
v 0.00859559 0.0316287 0.030024
v 0.00949655 0.0310884 0.0301752
v 0.00768845 0.029712 0.0308865
v 0.00721329 0.0273034 0.0319091
v 0.00768845 0.0272493 0.0318913
v 0.00678749 0.0248578 0.0329228
v 0.000462257 0.0186072 0.0356615
v -0.000438703 0.01863 0.0356704
v -0.00495585 0.0139549 0.0374133
v -0.00495585 0.0160109 0.0366397
v -0.00676394 0.0160109 0.0366219
v -0.00314776 0.0178195 0.0359728
v -0.00133966 0.0186215 0.0356704
v -0.00405489 0.0186016 0.0356615
v 0.00227035 0.0181522 -0.0449891
v 0.000462257 0.0181636 -0.0449802
v -0.0076649 0.0187182 -0.0452648
v -0.00495585 0.0193978 -0.0456916
v -0.0076649 0.0223354 -0.0472032
v -0.00676394 0.0229837 -0.0475323
v -0.00676394 0.019412 -0.0456827
v -0.00585681 0.0281366 -0.049444
v -0.00602342 0.0255033 -0.0485193
v -0.00676394 0.0268541 -0.0490083
v -0.0076649 0.0250455 -0.0483236
v -0.0076649 0.0268541 -0.0489905
v -0.00676394 0.0277157 -0.0493018
v -0.00495585 0.023416 -0.0477279
v -0.00676394 0.0234359 -0.047719
v -0.00676394 0.0241411 -0.0479946
v -0.00856586 0.0331074 -0.0503688
v -0.00867077 0.0332212 -0.0503777
v -0.0077081 0.0332212 -0.0503955
v -0.00886207 0.0327577 -0.0503243
v -0.0076649 0.0313728 -0.0500843
v -0.00676394 0.0286627 -0.0495596
v -0.00767107 0.0285802 -0.0495152
v -0.00857203 0.0295641 -0.0497019
v -0.00224679 0.00416962 -0.0289035
v -0.0139963 0.00745413 -0.0340075
v -0.0130892 0.00743991 -0.0340253
v -0.0112811 0.00768163 -0.0345232
v -0.0076649 0.00808544 -0.035368
v -0.00676394 0.00807406 -0.0353857
v -0.0076649 0.00836128 -0.0358126
v -0.0076649 0.00876509 -0.0363194
v -0.00676394 0.00873665 -0.0363194
v -0.00857203 0.00809681 -0.0353413
v -0.0103801 0.00811956 -0.0352879
v -0.0121882 0.008148 -0.0352346
v -0.00585681 0.00872243 -0.0363194
v -0.00488797 0.00863428 -0.0362305
v -0.0076649 0.0112647 -0.039236
v -0.00676394 0.0112619 -0.0392449
v -0.00585681 0.0108495 -0.0388003
v -0.00857203 0.0117254 -0.0396895
v -0.0076649 0.0122032 -0.0401519
v -0.00224679 0.0103775 -0.0383023
v -0.00405489 0.00999358 -0.0378399
v -0.00314776 0.00914615 -0.0368707
v -0.00495585 0.0126383 -0.0405787
v -0.00314776 0.0140715 -0.0419036
v -0.00676394 0.0145436 -0.0422948
v -0.00133966 0.0145123 -0.0423215
v 0.00227035 0.0144924 -0.0423393
v 0.000462257 0.015064 -0.0427839
v -0.00314776 0.0150895 -0.0427661
v -0.0076649 0.0151066 -0.0427306
v -0.0076649 0.0155701 -0.0430862
v -0.0076649 0.0160223 -0.0434064
v -0.00729464 0.0164744 0.0364352
v -0.0076649 0.0123965 0.0379468
v -0.00947299 0.00787784 0.0395474
v -0.0103801 0.00787784 0.039494
v -0.0112811 0.00847787 0.0392006
v -0.0122561 0.00796316 0.0393073
v -0.0121882 0.00697354 0.0396807
v -0.0139963 0.00697354 0.0395029
v -0.0148973 0.00697354 0.039414
v -0.0167054 0.00676879 0.0392361
v -0.0167054 0.00606923 0.0394851
v -0.0154773 0.00747404 0.0391561
v -0.0157859 0.00781813 0.0389872
v -0.0185135 0.00590998 0.0392361
v -0.0185135 0.00636214 0.039085
v -0.0194453 0.00604932 0.0390138
v -0.0203215 0.00606923 0.0388271
v -0.0212225 0.00606923 0.0386226
v -0.0227406 0.00578486 0.0382847
v -0.0227406 0.00541517 0.0382847
v -0.0248757 0.00511942 0.0374933
v -0.0254064 0.00538958 0.0373866
v -0.0257211 0.00511942 0.0371198
v -0.026653 0.00520474 0.0366219
v -0.0271281 0.00553461 0.0364529
v -0.0275107 0.00522749 0.0359283
v -0.0280229 0.00552324 0.0355548
v -0.028171 0.00519905 0.0350836
v -0.0289239 0.00553745 0.0337675
v -0.0286215 0.00520758 0.0341054
v -0.0287943 0.00488908 0.0332696
v -0.0288868 0.00472699 0.0327627
v -0.0289362 0.00469002 0.0321581
v -0.0285351 0.00461608 0.0324249
v -0.0289609 0.00467011 0.0314556
v -0.0289856 0.00465305 0.0305575
v -0.0289671 0.00416962 0.00344574
v -0.0288807 0.00416962 0.00434383
v -0.0287696 0.00416962 0.00525082
v 0.00776251 0.0332212 0.0294016
v 0.00768845 0.0322771 0.0298195
v 0.00768845 0.0317169 0.0300596
v 0.00768845 0.0304685 0.0305753
v 0.00859559 0.0311765 0.0302107
v 0.000462257 0.0276361 0.0320514
v 0.00678749 0.0259498 0.0324782
v 0.00678749 0.029331 0.0310999
v 0.000462257 0.0260635 0.0326827
v 0.000462257 0.0190566 0.0354837
v -0.000438703 0.0190793 0.0354926
v -0.00585681 0.0169522 0.0362751
v -0.00676394 0.0178195 0.0359372
v -0.00585681 0.0185873 0.0356527
v -0.00405489 0.0178195 0.0359639
v -0.000438703 0.0205268 0.0349146
v -0.00133966 0.021559 0.0344967
v -0.00585681 0.0190338 0.0354748
v -0.00405489 0.0215363 0.0344878
v -0.00676394 0.018212 -0.0449447
v -0.0076649 0.0182205 -0.0449358
v -0.00857203 0.0182319 -0.0449269
v -0.00857203 0.0187182 -0.045247
v -0.00857203 0.0194348 -0.0456649
v -0.0076649 0.0194206 -0.0456738
v -0.00857203 0.0205268 -0.0462429
v -0.00857203 0.0223354 -0.0471855
v -0.0076649 0.0229923 -0.0475234
v -0.0076649 0.0198727 -0.0459139
v -0.00676394 0.0281679 -0.0494351
v -0.0076649 0.0241411 -0.0479857
v -0.00857203 0.0241411 -0.047968
v -0.00857203 0.0260237 -0.0486615
v -0.00857203 0.0268541 -0.0489639
v -0.00857203 0.0277584 -0.0492662
v -0.0076649 0.0234444 -0.0477101
v -0.00907188 0.0332212 -0.0503688
v -0.0103801 0.0322771 -0.0501732
v -0.0158044 0.0322771 -0.0499153
v -0.0194144 0.0332212 -0.0498886
v -0.0176063 0.0331814 -0.0499687
v -0.0130892 0.0331814 -0.0501821
v -0.0105591 0.0332212 -0.0503066
v -0.00937426 0.0332212 -0.0503599
v -0.00947299 0.0295641 -0.0496752
v -0.0103801 0.0304685 -0.0498264
v -0.0121882 0.0295641 -0.0495863
v -0.00737486 0.0281935 -0.0494263
v -0.00797962 0.0282247 -0.0494174
v -0.0103801 0.0283868 -0.0493818
v -0.0121882 0.028967 -0.0494618
v -0.00314776 0.00416962 -0.0288145
v -0.0148973 0.007238 -0.0335095
v -0.0139963 0.00721525 -0.033554
v -0.0148973 0.00747688 -0.033963
v -0.0148973 0.00780675 -0.0345054
v -0.0139963 0.00775841 -0.0345054
v -0.0103801 0.00841815 -0.0357414
v -0.00857203 0.00880206 -0.0363194
v -0.0076649 0.00918596 -0.0368263
v -0.00676394 0.00917174 -0.0368351
v -0.0139963 0.00818212 -0.0351812
v -0.00405489 0.00915184 -0.0368618
v -0.00857203 0.0112761 -0.0392271
v -0.00676394 0.0108552 -0.0387914
v -0.0076649 0.0108609 -0.0387825
v -0.00947299 0.011296 -0.0392004
v -0.00947299 0.0117482 -0.0396628
v -0.00857203 0.0122117 -0.040143
v -0.0076649 0.0140971 -0.0418769
v -0.00676394 0.0135966 -0.0414323
v -0.00495585 0.00999927 -0.037831
v -0.00405489 0.00954143 -0.0373153
v -0.0076649 0.0145492 -0.042286
v -0.00857203 0.0151066 -0.0427128
v -0.00857203 0.0155844 -0.0430773
v -0.00857203 0.0160337 -0.0433975
v -0.0076649 0.0177683 -0.0446246
v -0.0076649 0.0185305 0.0356349
v -0.0076217 0.0168299 0.036284
v -0.0076649 0.0143388 0.0372177
v -0.00857203 0.0105879 0.0385781
v -0.0103801 0.00968361 0.0388093
v -0.00857203 0.0142734 0.037191
v -0.00857203 0.0159171 0.0365685
v -0.00944831 0.0133691 0.0374755
v -0.0130892 0.0150355 0.0365774
v -0.0130892 0.0123965 0.0375733
v -0.0130892 0.0114922 0.0379112
v -0.0130892 0.0103718 0.0383292
v -0.0139963 0.00968361 0.0384981
v -0.0148849 0.00974618 0.0383825
v -0.0151811 0.0100874 0.0382225
v -0.0167054 0.00787784 0.0388271
v -0.0176063 0.00787784 0.0386848
v -0.0185135 0.00697354 0.0388716
v -0.0179951 0.0064901 0.0391294
v -0.0158044 0.0105879 0.0379557
v -0.0167054 0.00934805 0.0382847
v -0.0167054 0.0133008 0.0368175
v -0.0194144 0.00697354 0.0386937
v -0.0207659 0.00742285 0.0382402
v -0.0212225 0.00727782 0.0381869
v -0.0217285 0.00927127 0.037351
v -0.0218211 0.00662945 0.0382758
v -0.0224258 0.00638773 0.0381958
v -0.0221235 0.0060806 0.0383736
v -0.0230368 0.0060806 0.038098
v -0.024851 0.0060806 0.0374933
v -0.0254064 0.00578486 0.0373866
v -0.0271281 0.0056967 0.0364529
v -0.0280229 0.00570808 0.0355548
v -0.0289239 0.00606923 0.0337587
v -0.0290535 0.00606923 0.0332696
v -0.0292509 0.00606923 0.0323626
v -0.0289917 0.00534123 0.0332696
v -0.029072 0.00508245 0.0324249
v -0.0292077 0.00516492 0.0314556
v -0.0292756 0.00516492 0.0305575
v -0.0293188 0.00516492 0.0296505
v -0.0290041 0.00464452 0.0296505
v -0.0291645 0.00416962 0.000733669
v -0.0291028 0.00416962 0.00167622
v -0.031275 0.00606923 -0.0119108
v -0.0308801 0.00551186 -0.0119108
v -0.0308986 0.00550048 -0.0128178
v 0.00684303 0.0332212 0.0294549
v 0.00678749 0.0317766 0.0300862
v 0.00678749 0.0297831 0.0309132
v -0.000438703 0.0276532 0.0320514
v -0.000438703 0.0268541 0.0323804
v -0.000438703 0.0260863 0.0326916
v 0.000462257 0.0280882 0.0318647
v -0.00676394 0.018576 0.0356438
v -0.00676394 0.0190253 0.0354659
v -0.00676394 0.0196225 0.0352258
v -0.00133966 0.0256256 0.0328695
v -0.00927552 0.0182489 -0.044918
v -0.00857203 0.0177797 -0.0446157
v -0.0095347 0.0186357 -0.0451492
v -0.0103801 0.0187437 -0.0451759
v -0.00947299 0.0194689 -0.0456471
v -0.00857203 0.0198869 -0.045905
v -0.00947299 0.0205268 -0.0462073
v -0.00947299 0.0223354 -0.0471499
v -0.00857203 0.0230122 -0.0475145
v -0.00857203 0.0234643 -0.0477012
v -0.00947299 0.0250455 -0.0482614
v -0.00947299 0.0256227 -0.0484748
v -0.00947299 0.023507 -0.0476834
v -0.0103801 0.0235639 -0.0476656
v -0.0125646 0.0237004 -0.0476123
v -0.00947299 0.0268541 -0.0489283
v -0.0103801 0.0277584 -0.0491951
v -0.0121882 0.0304685 -0.0497553
v -0.0142863 0.0291575 -0.0494174
v -0.0158044 0.0304685 -0.0495863
v -0.0203215 0.0322771 -0.049693
v -0.0203215 0.0332212 -0.0498442
v -0.0130892 0.0290352 -0.049444
v -0.0112811 0.0284494 -0.049364
v -0.0121882 0.0285148 -0.0493462
v -0.00396849 0.00416962 -0.0287078
v -0.0275663 0.00722663 -0.0318823
v -0.0158044 0.00689107 -0.0327004
v -0.0148973 0.0068342 -0.0327004
v -0.0278748 0.00743422 -0.032238
v -0.0254434 0.00831862 -0.0340786
v -0.0194144 0.00809681 -0.0344521
v -0.018785 0.00834137 -0.0349411
v -0.0181802 0.00831862 -0.0349767
v -0.0148973 0.00820772 -0.0351457
v -0.0130892 0.00847503 -0.0356614
v -0.0121882 0.00890728 -0.0362572
v -0.0121882 0.00928265 -0.0367107
v -0.0076649 0.00956987 -0.0372797
v -0.00947299 0.0100561 -0.0377688
v -0.0076649 0.0104088 -0.0382579
v -0.00676394 0.00956133 -0.0372886
v -0.00495585 0.00954712 -0.0373064
v -0.0139963 0.00849493 -0.0356258
v -0.00857203 0.0108723 -0.0387736
v -0.0103801 0.0113273 -0.0391737
v -0.0130892 0.0118676 -0.0395561
v -0.00947299 0.0108922 -0.0387469
v -0.0103801 0.010915 -0.0387203
v -0.0121882 0.010969 -0.038658
v -0.00947299 0.0122344 -0.0401163
v -0.00947299 0.0126866 -0.0405342
v -0.00947299 0.0141312 -0.0418502
v -0.00857203 0.0131587 -0.0410055
v -0.00857203 0.0141085 -0.041868
v -0.00857203 0.0145606 -0.0422771
v -0.00947299 0.0151066 -0.0426772
v -0.00947299 0.01561 -0.0430596
v -0.00947299 0.0160621 -0.0433797
v -0.0074304 0.021013 0.034639
v -0.0076649 0.0196225 0.0351903
v -0.00857203 0.0223354 0.0340254
v -0.0100592 0.0228103 0.033732
v -0.00857203 0.018903 0.0354215
v -0.0101456 0.0183087 0.035546
v -0.0121882 0.017666 0.0356438
v -0.0139963 0.0179418 0.0354037
v -0.0139963 0.0160109 0.0361328
v -0.0139531 0.0132241 0.0371821
v -0.0142308 0.0127918 0.0373155
v -0.0148973 0.012243 0.0374488
v -0.0146072 0.0174186 0.035546
v -0.0152058 0.017319 0.0355104
v -0.0154959 0.0147085 0.0364529
v -0.0176063 0.0133008 0.0366841
v -0.0190442 0.0083755 0.038258
v -0.0180815 0.0137615 0.0364352
v -0.0185875 0.017902 0.0348168
v -0.0167054 0.0140402 0.0365419
v -0.0178593 0.0163863 0.0355015
v -0.0176063 0.0178195 0.0350035
v -0.0214879 0.0145549 0.0354926
v -0.0221235 0.00694794 0.0380802
v -0.0218334 0.0165882 0.0346656
v -0.0227652 0.0183997 0.0337675
v -0.02337 0.0181835 0.0336875
v -0.025283 0.0191646 0.0328161
v -0.0251534 0.00638773 0.0372888
v -0.0257458 0.0185106 0.032905
v -0.0253447 0.0165114 0.033732
v -0.0257273 0.00877646 0.0362484
v -0.0260173 0.00809113 0.0363551
v -0.0257458 0.00697354 0.0368442
v -0.0262333 0.0074911 0.0364529
v -0.0257211 0.0060806 0.0371465
v -0.0266776 0.00602657 0.0366397
v -0.027412 0.00697354 0.0358038
v -0.0269985 0.00629957 0.036364
v -0.027159 0.00847503 0.0355726
v -0.02727 0.00787784 0.0356615
v -0.0279489 0.0154194 0.0327627
v -0.0280476 0.0148166 0.0328606
v -0.0279242 0.0126098 0.0336431
v -0.0289177 0.0201372 0.0301218
v -0.0289115 0.00654413 0.0337231
v -0.0286955 0.00606923 0.0342121
v -0.0279859 0.00915184 0.0346034
v -0.0288992 0.0299822 0.0273831
v -0.02893 0.0265043 0.0283256
v -0.0297693 0.0304685 0.0254179
v -0.029794 0.0295641 0.0255069
v -0.0312318 0.0332212 0.0188467
v -0.0293929 0.00606923 0.0314556
v -0.0314231 0.0332212 0.0179397
v -0.0314293 0.0332212 0.0179042
v -0.0294793 0.00606923 0.0305575
v -0.029541 0.00606923 0.0296505
v -0.031454 0.00697354 -0.00739364
v -0.031491 0.00697354 -0.00830063
v -0.0291645 0.00416962 -0.000262238
v -0.0309047 0.00549195 -0.0137248
v -0.0312935 0.00606923 -0.0128178
v 0.000511625 0.0332212 0.0296683
v 0.000462257 0.0324761 0.0299973
v 0.00317131 0.0319188 0.0301485
v 0.000462257 0.0313728 0.0304775
v 0.000462257 0.0305168 0.0308421
v -0.00133966 0.0276389 0.0320514
v -0.000438703 0.0281053 0.0318647
v -0.00133966 0.0268541 0.0323715
v -0.000438703 0.0286627 0.0316335
v -0.000438703 0.0300817 0.0310377
v -0.00585681 0.0210585 0.0346567
v -0.00676394 0.0210386 0.0346479
v -0.00721442 0.0254976 0.0328161
v -0.0121882 0.0183684 -0.044838
v -0.0176063 0.0190423 -0.0449891
v -0.0121882 0.0188177 -0.0451314
v -0.0103801 0.0195144 -0.0456294
v -0.00947299 0.0199211 -0.0458872
v -0.0103801 0.0223354 -0.0471054
v -0.0120093 0.0200462 -0.045825
v -0.00947299 0.0230548 -0.0474967
v -0.0139963 0.0242492 -0.0477457
v -0.0112811 0.0257422 -0.0484303
v -0.0103801 0.0231117 -0.0474789
v -0.0185135 0.0232397 -0.0471143
v -0.0203215 0.0241411 -0.04739
v -0.0176063 0.0240388 -0.0474878
v -0.0103801 0.0268541 -0.0488838
v -0.0158044 0.0269508 -0.0486526
v -0.0203215 0.027255 -0.048537
v -0.0158044 0.0277584 -0.0489283
v -0.0175323 0.0304258 -0.0494885
v -0.0139901 0.0287338 -0.0493195
v -0.0167054 0.0286627 -0.0491595
v -0.0185135 0.0286627 -0.0490617
v -0.0185135 0.0295641 -0.0492662
v -0.0175323 0.0296523 -0.0493373
v -0.0194144 0.0313728 -0.0495685
v -0.0206609 0.0309519 -0.0494174
v -0.0212225 0.0322771 -0.0496397
v -0.0212225 0.0331814 -0.0497908
v -0.0212657 0.0332212 -0.0497908
v -0.0185135 0.0277584 -0.0487949
v -0.00490031 0.00416962 -0.0285567
v -0.0275539 0.00634223 -0.0299527
v -0.0275539 0.00674888 -0.0308953
v -0.0284549 0.00722947 -0.0317044
v -0.0284549 0.00747972 -0.0321579
v -0.0284549 0.00820203 -0.0333673
v -0.0275539 0.00839825 -0.0339363
v -0.0275539 0.00813662 -0.0334917
v -0.0266468 0.00836412 -0.0339986
v -0.0248387 0.0085774 -0.0345677
v -0.0221296 0.00846934 -0.0347366
v -0.0230306 0.00895562 -0.0353502
v -0.0220988 0.00897837 -0.0354924
v -0.0184949 0.00859447 -0.0353324
v -0.0176063 0.00861721 -0.0354569
v -0.0217717 0.00922293 -0.0358748
v -0.0212225 0.00920018 -0.0359015
v -0.0158044 0.00855465 -0.0355458
v -0.0148973 0.00852337 -0.0355903
v -0.0139963 0.00894709 -0.0362038
v -0.0130892 0.0093054 -0.036684
v -0.0120278 0.0101187 -0.0376977
v -0.0103801 0.0104628 -0.0381956
v -0.0103801 0.010076 -0.0377421
v -0.0153663 0.0119444 -0.039485
v -0.0139963 0.0110259 -0.0385958
v -0.0194144 0.0116458 -0.0388981
v -0.0121882 0.0123283 -0.0400363
v -0.0185135 0.0129994 -0.0402497
v -0.0158044 0.0143047 -0.0416102
v -0.0103801 0.0146146 -0.0422326
v -0.00947299 0.0145834 -0.0422593
v -0.0203215 0.0154223 -0.0422948
v -0.0139963 0.0157948 -0.0429351
v -0.0176063 0.016392 -0.0431485
v -0.0185135 0.0179788 -0.0442066
v -0.0076649 0.029931 0.0309754
v -0.00857203 0.0286627 0.0314378
v -0.0112811 0.0296466 0.0308599
v -0.0130892 0.0290494 0.0309843
v -0.0130892 0.0277584 0.031509
v -0.0139963 0.0285205 0.0311355
v -0.0112811 0.0227022 0.0336875
v -0.0112811 0.0206803 0.0345056
v -0.0139963 0.0195315 0.0347723
v -0.013262 0.024545 0.0327983
v -0.0130892 0.0187182 0.0351636
v -0.0148973 0.0194206 0.0347279
v -0.0148973 0.0187182 0.0350035
v -0.0149034 0.0177598 0.035377
v -0.0158044 0.0178195 0.0352436
v -0.0167054 0.0170517 0.0354126
v -0.0189392 0.0182603 0.0346212
v -0.0194144 0.018138 0.0345767
v -0.0212225 0.0167674 0.0347368
v -0.0183407 0.018394 0.0346745
v -0.0176063 0.0185276 0.0347279
v -0.0217162 0.0191959 0.033732
v -0.0221296 0.0178195 0.034141
v -0.0271034 0.0327349 0.027392
v -0.0269677 0.0254009 0.0300685
v -0.0257458 0.0189599 0.032745
v -0.0271837 0.0300931 0.0283256
v -0.0254126 0.00847218 0.0364796
v -0.0256841 0.0159512 0.033812
v -0.0262148 0.0182944 0.032825
v -0.0257458 0.0178195 0.0331451
v -0.0256841 0.0168527 0.0335008
v -0.0262333 0.01561 0.033732
v -0.0262395 0.0129112 0.034639
v -0.0270602 0.0173162 0.0327983
v -0.0270417 0.0118449 0.0345945
v -0.0263753 0.00697354 0.036533
v -0.0270541 0.0145919 0.0336964
v -0.0279118 0.00968361 0.0345234
v -0.0271775 0.0112448 0.0346834
v -0.0279735 0.0181977 0.0318824
v -0.0280167 0.0120069 0.033732
v -0.0280723 0.0175949 0.0319802
v -0.0291645 0.0296352 0.0270274
v -0.0294299 0.0313728 0.0260404
v -0.0293497 0.0286627 0.0269385
v -0.0295471 0.0304685 0.0260404
v -0.0296274 0.0295641 0.0260404
v -0.0288128 0.0304685 0.027303
v -0.0289115 0.0327406 0.0264939
v -0.0289671 0.0322771 0.026565
v -0.0290658 0.0313728 0.0267073
v -0.0289609 0.0293793 0.0274542
v -0.0291337 0.0304685 0.0268495
v -0.0297878 0.0332212 0.0246177
v -0.0298125 0.0327235 0.0246799
v -0.0298372 0.0321207 0.024751
v -0.0301334 0.0332212 0.0233283
v -0.0314293 0.0331814 0.0179042
v -0.0314169 0.0322771 0.0179042
v -0.0314786 0.0304685 0.0169972
v -0.031454 0.0295641 0.0169972
v -0.0314293 0.0286627 0.0169972
v -0.0314663 0.0268541 0.0160902
v -0.0315033 0.0332212 0.0170416
v -0.0314354 0.0259498 0.0160902
v -0.0314786 0.0250455 0.0151921
v -0.0314848 0.0232397 0.0142851
v -0.0314725 0.0214311 0.013387
v -0.0314725 0.0187182 0.011573
v -0.0314848 0.0178195 0.010675
v -0.031491 0.0169152 0.00976797
v -0.031491 0.0151066 0.00796289
v -0.0314848 0.0142023 0.0070559
v -0.0314786 0.0133008 0.00614891
v -0.0314601 0.0123965 0.00525082
v -0.0314848 0.0114922 0.00344574
v -0.0314478 0.0105879 0.00253875
v -0.031454 0.00968361 0.000733669
v -0.0314848 0.00877931 -0.0019784
v -0.031491 0.00787784 -0.00469047
v -0.0315033 0.00697354 -0.00919872
v -0.0291584 0.00416962 -0.0010803
v -0.0312997 0.00606923 -0.0137248
v -0.0312935 0.00606923 -0.0146229
v -0.0308924 0.00550048 -0.0146229
v -0.000389335 0.0332212 0.0296772
v -0.000438703 0.0331814 0.029695
v -0.000438703 0.0313728 0.0304864
v -0.00495585 0.0235383 0.0336608
v -0.00133966 0.0280911 0.0318647
v -0.00585681 0.0299992 0.0310021
v -0.00676394 0.0295272 0.03118
v -0.00133966 0.0305225 0.0308421
v -0.00133966 0.0286627 0.0316246
v -0.0068565 0.0258673 0.0326738
v -0.0201673 0.0191476 -0.044918
v -0.0148973 0.0196225 -0.0454515
v -0.0112811 0.021778 -0.0467675
v -0.0148973 0.0224122 -0.0469098
v -0.0176063 0.0225487 -0.0468387
v -0.0203215 0.0209164 -0.0458428
v -0.0190195 0.0245876 -0.0476212
v -0.0158044 0.0250455 -0.0479502
v -0.0140642 0.026018 -0.0483948
v -0.0140642 0.0267659 -0.0486704
v -0.0185135 0.0225942 -0.046812
v -0.0203215 0.0226852 -0.0467586
v -0.0203215 0.0232397 -0.0470165
v -0.0212225 0.0241411 -0.0473366
v -0.0212225 0.0251962 -0.0477279
v -0.0203215 0.0251251 -0.0477546
v -0.0194144 0.0267432 -0.0483948
v -0.0208461 0.027292 -0.0485193
v -0.0203215 0.0277584 -0.0486971
v -0.0200562 0.0308694 -0.0494351
v -0.0203215 0.0286627 -0.048955
v -0.0203215 0.0295641 -0.0491595
v -0.0212225 0.0310457 -0.0493996
v -0.0212225 0.0314979 -0.0494885
v -0.0212225 0.0295641 -0.0491061
v -0.0221296 0.0322771 -0.0495774
v -0.0221296 0.0331814 -0.0497286
v -0.0221667 0.0332212 -0.0497286
v -0.00577041 0.00416962 -0.0283966
v -0.0275539 0.00599529 -0.0290902
v -0.0284549 0.0061062 -0.0290902
v -0.0284549 0.00640195 -0.0298193
v -0.0284549 0.00684557 -0.0308953
v -0.029072 0.00731478 -0.0315444
v -0.0289794 0.00827881 -0.0332339
v -0.0284549 0.00847503 -0.0338207
v -0.0281833 0.00919734 -0.0350034
v -0.0275539 0.00877646 -0.0345054
v -0.0257458 0.00856887 -0.0344343
v -0.0257458 0.00906937 -0.0351812
v -0.0239377 0.00899259 -0.0352968
v -0.0203215 0.00916605 -0.0359459
v -0.0230306 0.00928265 -0.0358037
v -0.0230985 0.00979736 -0.0364083
v -0.0212225 0.0100362 -0.0368885
v -0.0212225 0.00958408 -0.036355
v -0.0185135 0.00910349 -0.036026
v -0.0176063 0.00906937 -0.0360615
v -0.0158044 0.00900681 -0.0361327
v -0.0148973 0.00897552 -0.0361682
v -0.0158044 0.00938786 -0.0365862
v -0.0139963 0.00933099 -0.0366573
v -0.0185135 0.0111652 -0.0384357
v -0.0167054 0.0119899 -0.0394405
v -0.0185135 0.0125046 -0.0397962
v -0.0203215 0.0116742 -0.0388625
v -0.0203215 0.012115 -0.039316
v -0.0203215 0.013062 -0.0401874
v -0.0203215 0.0144611 -0.0414679
v -0.0148973 0.0147739 -0.0420903
v -0.0212225 0.0154621 -0.0422682
v -0.0203215 0.0160109 -0.0427217
v -0.0167054 0.0159029 -0.042855
v -0.0194144 0.0149388 -0.0419481
v -0.0194021 0.0160962 -0.0428373
v -0.0185135 0.0164289 -0.0431218
v -0.0194021 0.0168328 -0.043353
v -0.0203215 0.0180527 -0.0441533
v -0.00676394 0.0299793 0.0309932
v -0.0076649 0.0304685 0.0307532
v -0.0112811 0.0304685 0.030522
v -0.0139963 0.0304685 0.0303441
v -0.0145147 0.0309405 0.0301129
v -0.0139963 0.0259498 0.0321759
v -0.0146196 0.0219373 0.0337409
v -0.0158044 0.0192784 0.0346656
v -0.0158044 0.0187182 0.0348879
v -0.0148479 0.0305168 0.0302463
v -0.0151194 0.0308495 0.0300774
v -0.0216915 0.0309291 0.0292059
v -0.0212225 0.0243715 0.0318291
v -0.0212225 0.0205268 0.0333141
v -0.0212225 0.0187182 0.0340076
v -0.0212225 0.0178195 0.0343455
v -0.0169152 0.0190907 0.0345945
v -0.0220618 0.0187068 0.0338298
v -0.0214755 0.0217837 0.0327805
v -0.0215866 0.0263564 0.0309932
v -0.0248387 0.0304685 0.0287613
v -0.025573 0.0310941 0.0283612
v -0.0266468 0.0328543 0.0274453
v -0.0266468 0.0332212 0.0272942
v -0.02698 0.0332212 0.0272141
v -0.027486 0.0332212 0.0270896
v -0.0277082 0.0324818 0.027303
v -0.0274675 0.0322173 0.027472
v -0.0270294 0.0227164 0.0309843
v -0.0280352 0.0318789 0.0274097
v -0.0270479 0.0200149 0.0318913
v -0.0280352 0.0291859 0.0283167
v -0.0272022 0.013989 0.0337942
v -0.0280044 0.0236947 0.030104
v -0.0292818 0.0322771 0.0260404
v -0.0295965 0.0332212 0.0251334
v -0.0296027 0.0331814 0.0251334
v -0.0283623 0.0304685 0.0276587
v -0.0288066 0.0332212 0.0264049
v -0.0291152 0.0332212 0.0260315
v -0.0291213 0.0330961 0.0260671
v -0.0281648 0.0313728 0.0274987
v -0.0299174 0.0332212 0.0241642
v -0.0315033 0.0322771 0.0169972
v -0.0314972 0.0313728 0.0169972
v -0.031491 0.0277584 0.0160902
v -0.0315095 0.0332212 -0.0435042
v -0.0315095 0.0313728 -0.0426416
v -0.0315095 0.0205268 -0.0381245
v -0.0315095 0.0178195 -0.0372175
v -0.0315033 0.0259498 0.0151921
v -0.0315033 0.0223354 0.013387
v -0.031491 0.0205268 0.01248
v -0.0315033 0.0196225 0.011573
v -0.0315033 0.0187182 0.010675
v -0.0315033 0.0133008 0.00525082
v -0.0314972 0.0123965 0.00434383
v -0.0315033 0.0114922 0.00253875
v -0.0314972 0.00968361 -0.000173318
v -0.0315033 0.00877931 -0.00288539
v -0.0315033 0.00787784 -0.00558856
v -0.0315033 0.00697354 -0.0182419
v -0.029109 0.00416962 -0.0019784
v -0.030263 0.00514786 -0.0155298
v -0.030263 0.00517061 -0.0164368
v -0.0295348 0.00484074 -0.0191489
v -0.031491 0.00697354 -0.0191489
v -0.0314663 0.00697354 -0.020047
v -0.031238 0.00606923 -0.0164368
v -0.0312071 0.00606923 -0.0173349
v -0.0308677 0.0055147 -0.0155298
v -0.030263 0.0051962 -0.0173349
v -0.000438703 0.0332212 0.0296772
v -0.00133966 0.0331814 0.0296861
v -0.00133966 0.032024 0.030193
v -0.00133966 0.0313728 0.0304775
v -0.00314776 0.0295641 0.0312244
v -0.00465347 0.030022 0.031011
v -0.00585681 0.0304685 0.0308065
v -0.00585681 0.0313728 0.0304241
v -0.00405489 0.0304827 0.0308243
v -0.0207659 0.0191731 -0.0449002
v -0.0204079 0.0195343 -0.0451136
v -0.0194144 0.0221875 -0.0465541
v -0.0212225 0.022287 -0.0465008
v -0.0203215 0.022233 -0.0465275
v -0.0212225 0.0227392 -0.046732
v -0.0212225 0.0232397 -0.0469632
v -0.0221296 0.0241411 -0.0472744
v -0.0221296 0.0248265 -0.0475323
v -0.0211793 0.0269365 -0.0483681
v -0.0214508 0.0273517 -0.0485015
v -0.0211793 0.027693 -0.048626
v -0.0212225 0.0286627 -0.0489016
v -0.0221296 0.0295641 -0.0490439
v -0.0230306 0.0295641 -0.0489817
v -0.022722 0.0317709 -0.0494351
v -0.0239377 0.0320126 -0.0493907
v -0.0246536 0.0326155 -0.049444
v -0.0239748 0.0332212 -0.0495952
v -0.0230306 0.0332212 -0.0496663
v -0.00585681 0.00416962 -0.0283788
v -0.0275539 0.0057223 -0.0282988
v -0.0281772 0.00560001 -0.027792
v -0.0284672 0.00575073 -0.0281298
v -0.0289856 0.00647304 -0.0296593
v -0.0287819 0.00563129 -0.0276764
v -0.0292448 0.00716975 -0.0308953
v -0.0296952 0.00756219 -0.0308953
v -0.0294237 0.00783803 -0.0318645
v -0.0291645 0.00811387 -0.0327004
v -0.029109 0.00906937 -0.0343187
v -0.0287881 0.00925705 -0.0349234
v -0.0284734 0.00896984 -0.0345766
v -0.0284734 0.00953005 -0.0353502
v -0.0284549 0.0100391 -0.0359815
v -0.0275539 0.00951868 -0.0355102
v -0.0275539 0.00916037 -0.0350567
v -0.0257458 0.00942199 -0.0356347
v -0.0239377 0.0093253 -0.0357503
v -0.0203215 0.00954996 -0.0363994
v -0.0176063 0.00945043 -0.036515
v -0.0239377 0.00977746 -0.0362838
v -0.0239377 0.0101642 -0.0367373
v -0.0221296 0.0113017 -0.0382757
v -0.0221296 0.010915 -0.0378222
v -0.0212225 0.011259 -0.0383201
v -0.0203215 0.0112221 -0.0383646
v -0.0158044 0.00984002 -0.0371108
v -0.0203215 0.0125672 -0.0397339
v -0.0212225 0.0117112 -0.038827
v -0.0212225 0.012152 -0.0392805
v -0.0212225 0.0135511 -0.0405698
v -0.0212225 0.0144981 -0.0414323
v -0.0212225 0.0150099 -0.0418858
v -0.0212225 0.0160109 -0.0426594
v -0.0221296 0.0155104 -0.0422326
v -0.0203215 0.0165029 -0.0430685
v -0.0212225 0.0176432 -0.0438065
v -0.0212225 0.0187182 -0.0445534
v -0.00676394 0.0304685 0.0307887
v -0.0076649 0.0313728 0.0303708
v -0.0121882 0.031114 0.030193
v -0.0139963 0.0309832 0.0301307
v -0.0154773 0.0327633 0.0292148
v -0.0166683 0.0332212 0.0288769
v -0.0142123 0.0332212 0.029117
v -0.014959 0.0332212 0.0290637
v -0.0182913 0.0318932 0.0292326
v -0.0202166 0.0332212 0.0284234
v -0.0208337 0.0332212 0.0283434
v -0.0212225 0.0332212 0.0282901
v -0.0214632 0.0332212 0.0282545
v -0.021926 0.032843 0.0283434
v -0.0256162 0.0332212 0.0275076
v -0.0257458 0.0322771 0.0278632
v -0.024993 0.0316969 0.0282456
v -0.0262333 0.0332212 0.0273831
v -0.028424 0.0332212 0.0266628
v -0.0284672 0.0330961 0.0266806
v -0.0280167 0.0264417 0.0292148
v -0.0315033 0.0286627 0.0160902
v -0.0315095 0.0332212 -0.0444467
v -0.0315095 0.0187182 -0.0381245
v -0.031491 0.0151066 -0.0354124
v -0.0315033 0.0123965 -0.0317934
v -0.0315033 0.0105879 -0.0290902
v -0.0315033 0.00968361 -0.0272762
v -0.0315033 0.00877931 -0.0245641
v -0.0315033 0.00787784 -0.0218521
v -0.0315033 0.0105879 0.000733669
v -0.0314972 0.00787784 -0.0227591
v -0.0290658 0.00416962 -0.00267198
v -0.0290658 0.00464736 -0.020047
v -0.0295163 0.00486633 -0.020047
v -0.0311578 0.00606923 -0.0182419
v -0.0314601 0.00787784 -0.0236661
v -0.0314046 0.00697354 -0.020954
v -0.0308122 0.00554883 -0.0173349
v -0.030843 0.00553461 -0.0164368
v -0.030263 0.00523886 -0.0182419
v -0.00133966 0.0332212 0.0296683
v -0.00219743 0.0332212 0.0296594
v -0.00314776 0.0319984 0.0301841
v -0.00676394 0.0313728 0.0304064
v -0.00405489 0.0324392 0.0299795
v -0.00585681 0.0319586 0.0301663
v -0.00676394 0.0319387 0.0301574
v -0.0212225 0.0192044 -0.0448824
v -0.0212225 0.0196566 -0.0451225
v -0.0220741 0.0224178 -0.0465008
v -0.0217409 0.0227762 -0.0467142
v -0.0215619 0.020996 -0.0457983
v -0.0220741 0.0231743 -0.0468742
v -0.0230306 0.0241411 -0.0472121
v -0.024018 0.0251023 -0.0474967
v -0.0230306 0.0253668 -0.0476656
v -0.0230306 0.0259498 -0.047879
v -0.0230306 0.0268541 -0.048208
v -0.0221296 0.0274285 -0.0484748
v -0.0221296 0.0278807 -0.0486171
v -0.0221296 0.0286627 -0.0488394
v -0.0248387 0.0295641 -0.0488483
v -0.0257458 0.0304685 -0.048955
v -0.0275539 0.0304685 -0.0488127
v -0.0275539 0.0322771 -0.0491506
v -0.0275539 0.0331814 -0.0493107
v -0.0261408 0.0332212 -0.0494263
v -0.00676394 0.00416962 -0.0281832
v -0.0076649 0.00416962 -0.0279876
v -0.0275539 0.00519905 -0.0263781
v -0.0284672 0.00550901 -0.0273385
v -0.008282 0.00416962 -0.0278275
v -0.029146 0.00635929 -0.0290902
v -0.0284549 0.00527583 -0.0263781
v -0.0290164 0.00555736 -0.0270717
v -0.0297508 0.00659248 -0.0284766
v -0.0298865 0.00819066 -0.03158
v -0.0297816 0.00837265 -0.0321757
v -0.029794 0.0074456 -0.0303973
v -0.0294546 0.00961252 -0.034621
v -0.0291522 0.00990258 -0.0354124
v -0.0289547 0.0101016 -0.0359015
v -0.0297137 0.00936227 -0.0338563
v -0.0275539 0.00997083 -0.0360615
v -0.0284549 0.0104258 -0.036435
v -0.0275539 0.0116429 -0.0380267
v -0.0275539 0.0103547 -0.036515
v -0.0257458 0.00987414 -0.0361771
v -0.0194144 0.0103519 -0.037422
v -0.0266468 0.0111424 -0.0375554
v -0.0239377 0.0113927 -0.0381689
v -0.0266468 0.011987 -0.0385335
v -0.0239377 0.0118449 -0.0386847
v -0.0221296 0.0117539 -0.0387825
v -0.0212225 0.0126041 -0.0396984
v -0.0221296 0.0122003 -0.039236
v -0.0221296 0.0126496 -0.0396628
v -0.0221296 0.0140942 -0.0409788
v -0.0221296 0.0145464 -0.0413879
v -0.0221296 0.0150583 -0.0418414
v -0.0212225 0.0169977 -0.043353
v -0.0226974 0.0155445 -0.0422059
v -0.0221296 0.0170546 -0.0433174
v -0.0221296 0.0181522 -0.0440821
v -0.0221296 0.0187182 -0.0444734
v -0.0076649 0.0332212 0.0295349
v -0.0103801 0.0316998 0.0300507
v -0.0130892 0.0315007 0.0299618
v -0.0157859 0.0331103 0.0290281
v -0.0157859 0.0332212 0.0289747
v -0.0175755 0.0332212 0.0287613
v -0.0221852 0.0332212 0.02813
v -0.0314108 0.0332212 -0.0453537
v -0.0315095 0.0322771 -0.0444467
v -0.0315033 0.0196225 -0.0390315
v -0.031491 0.0169152 -0.0372175
v -0.031491 0.0160109 -0.0363194
v -0.0315095 0.0241411 -0.0417435
v -0.0313737 0.0151066 -0.0363194
v -0.0314848 0.0142023 -0.0345054
v -0.0314848 0.0114922 -0.0308953
v -0.0314478 0.00968361 -0.0281832
v -0.0314416 0.0105879 -0.0299883
v -0.0314972 0.00877931 -0.0254711
v -0.0290103 0.00416962 -0.00335666
v -0.0290226 0.00466443 -0.020954
v -0.0287449 0.00416962 -0.00572194
v -0.0288498 0.00416962 -0.00493055
v -0.0289362 0.00416962 -0.00413916
v -0.0294731 0.00490046 -0.020954
v -0.02893 0.0047014 -0.0224834
v -0.0310714 0.0061517 -0.020047
v -0.0310282 0.00599814 -0.0191044
v -0.0307628 0.00557726 -0.0182419
v -0.0313244 0.00697354 -0.0218521
v -0.0314354 0.00877931 -0.0263781
v -0.0313737 0.00787784 -0.0245641
v -0.00405489 0.0332212 0.0296328
v -0.00405489 0.0331814 0.0296505
v -0.00585681 0.0332212 0.0295972
v -0.00676394 0.0323908 0.0299529
v -0.0221296 0.0192727 -0.0448469
v -0.0230306 0.0187182 -0.0443934
v -0.0221296 0.0197248 -0.0450869
v -0.0230306 0.0223354 -0.0463763
v -0.0230306 0.0228899 -0.0466608
v -0.0248387 0.0235013 -0.0468031
v -0.0239377 0.0234217 -0.0468387
v -0.0230306 0.0233421 -0.0468742
v -0.0239377 0.0241411 -0.047141
v -0.0257458 0.0250455 -0.0473455
v -0.0257458 0.0256398 -0.0475678
v -0.0237711 0.0254407 -0.047639
v -0.0257458 0.0260919 -0.0477279
v -0.0239377 0.0268541 -0.0481369
v -0.0248387 0.0268541 -0.0480658
v -0.0257458 0.0277584 -0.0482881
v -0.0230306 0.0275451 -0.0484392
v -0.0230306 0.0279972 -0.0485815
v -0.0239377 0.0281195 -0.0485459
v -0.0247893 0.0286087 -0.0486171
v -0.0257458 0.0288219 -0.0485993
v -0.0266468 0.0289527 -0.0485637
v -0.0273071 0.0290523 -0.048537
v -0.0257458 0.0295641 -0.0487771
v -0.0266468 0.0295641 -0.048706
v -0.0275848 0.0294959 -0.0486171
v -0.0284549 0.0297717 -0.0485726
v -0.0284549 0.0304685 -0.048706
v -0.0284549 0.0322771 -0.0490261
v -0.0284549 0.0332212 -0.0491862
v -0.0275848 0.0332212 -0.0493107
v -0.00834371 0.00416962 -0.0278097
v -0.0275539 0.00501136 -0.0254711
v -0.0294114 0.00621426 -0.0281743
v -0.0284549 0.00508814 -0.0254711
v -0.029146 0.00548058 -0.0263781
v -0.0295965 0.00579908 -0.0263781
v -0.0293311 0.00587017 -0.0273385
v -0.0288128 0.0047213 -0.0230881
v -0.0298495 0.00646735 -0.027872
v -0.0299914 0.00801434 -0.0308953
v -0.0304604 0.00884187 -0.0308508
v -0.0300778 0.00871675 -0.0318467
v -0.0298433 0.00917174 -0.0332517
v -0.029794 0.0101699 -0.0349145
v -0.0298804 0.00732616 -0.0297927
v -0.0308183 0.00816222 -0.0281832
v -0.0307443 0.00828165 -0.0287345
v -0.0296088 0.0103803 -0.0354124
v -0.0292818 0.010696 -0.0361949
v -0.0290041 0.0109633 -0.0368529
v -0.0284549 0.0121093 -0.0383912
v -0.0284549 0.0117169 -0.0379378
v -0.0284549 0.0112647 -0.0374131
v -0.0275539 0.0120354 -0.0384802
v -0.0266468 0.0115946 -0.03808
v -0.0275539 0.0124875 -0.0389248
v -0.0275539 0.0129624 -0.0393783
v -0.0248325 0.0133805 -0.0400452
v -0.0257458 0.014754 -0.0412011
v -0.0230306 0.0145976 -0.0413434
v -0.0257458 0.0152061 -0.0416013
v -0.0275539 0.0153085 -0.0415035
v -0.0248387 0.0156867 -0.0420992
v -0.0248387 0.0161389 -0.0424193
v -0.0239377 0.0160792 -0.0424638
v -0.0248387 0.0167844 -0.0428728
v -0.0248387 0.0183342 -0.0439577
v -0.00676394 0.0332212 0.0295705
v -0.0313676 0.0322771 -0.0453537
v -0.031454 0.0295641 -0.0444467
v -0.031491 0.0304685 -0.0444467
v -0.0315033 0.0313728 -0.0444467
v -0.031059 0.0332212 -0.0462162
v -0.0310405 0.0331814 -0.0462607
v -0.0315095 0.0286627 -0.0435486
v -0.0314972 0.0205268 -0.0399296
v -0.0313676 0.0160109 -0.0372175
v -0.031454 0.0187182 -0.0390315
v -0.0314972 0.0277584 -0.0435486
v -0.0314786 0.0250455 -0.0426416
v -0.0314786 0.0232397 -0.0417435
v -0.0310096 0.0150185 -0.0373064
v -0.0310035 0.0141255 -0.0363905
v -0.0313491 0.0142023 -0.0354124
v -0.0314663 0.0133008 -0.0336073
v -0.0314416 0.0123965 -0.0327004
v -0.0313305 0.00968361 -0.0290902
v -0.0313244 0.00877931 -0.0272762
v -0.0313861 0.0114922 -0.0317934
v -0.0312873 0.0105879 -0.0308953
v -0.0284549 0.00454783 -0.020047
v -0.028461 0.00416962 -0.00750924
v -0.0294237 0.00493743 -0.0218521
v -0.0284549 0.00462461 -0.0218521
v -0.0284549 0.00457912 -0.020954
v -0.0292818 0.00492889 -0.0227768
v -0.0307258 0.0056057 -0.0187843
v -0.0310096 0.00621426 -0.020954
v -0.0299976 0.00542939 -0.0227591
v -0.0300593 0.00538958 -0.0218521
v -0.0312195 0.00697354 -0.0227591
v -0.0312565 0.00787784 -0.0254711
v -0.0248387 0.0194973 -0.0447224
v -0.0268443 0.0201173 -0.0448824
v -0.0248387 0.0199495 -0.0449713
v -0.0275539 0.0189684 -0.0441444
v -0.0248387 0.0205268 -0.0452737
v -0.0248387 0.0217183 -0.0458961
v -0.0275539 0.0223979 -0.0460117
v -0.0257458 0.0231288 -0.0465452
v -0.0267147 0.0233022 -0.0465452
v -0.0264555 0.0236435 -0.046732
v -0.0275539 0.0237487 -0.0466875
v -0.0257458 0.0241411 -0.0469987
v -0.0275539 0.0250455 -0.0472032
v -0.0266468 0.0257393 -0.0475323
v -0.0275539 0.0258445 -0.0474967
v -0.0275539 0.0268541 -0.0478435
v -0.0275539 0.0277584 -0.0481369
v -0.0257458 0.0283698 -0.0484748
v -0.0250608 0.0282731 -0.0485015
v -0.0266468 0.0285006 -0.0484392
v -0.0275848 0.0287139 -0.0484215
v -0.0279057 0.029149 -0.0485104
v -0.0284549 0.0293196 -0.0484659
v -0.02893 0.0299566 -0.048537
v -0.029288 0.0332212 -0.0488038
v -0.0290041 0.0304685 -0.0485815
v -0.0291152 0.0313728 -0.0486526
v -0.0292818 0.0331814 -0.0488038
v -0.0102876 0.00416962 -0.0271606
v -0.0275539 0.00484927 -0.0245641
v -0.0284549 0.00491752 -0.0245641
v -0.0109787 0.00416962 -0.0269116
v -0.0294422 0.0053327 -0.0246264
v -0.029794 0.00563129 -0.0249643
v -0.0297261 0.00569101 -0.0254711
v -0.0293558 0.00509667 -0.0236661
v -0.0299236 0.00637351 -0.0272762
v -0.0282142 0.00469855 -0.023337
v -0.0284919 0.00467865 -0.0227768
v -0.0284919 0.0047668 -0.0236483
v -0.0300593 0.00692519 -0.0281743
v -0.0305221 0.00699629 -0.0264581
v -0.0303185 0.00697354 -0.0272762
v -0.0305715 0.00859162 -0.0299883
v -0.0307381 0.00918596 -0.0305218
v -0.0308924 0.00967508 -0.0308508
v -0.0306456 0.00936511 -0.0311265
v -0.0305653 0.00967508 -0.0318645
v -0.0302938 0.00968361 -0.0327004
v -0.0299976 0.00967224 -0.0335718
v -0.0298989 0.00996514 -0.0343187
v -0.0304851 0.0106334 -0.0335807
v -0.0306517 0.0111794 -0.0338652
v -0.0307875 0.0117823 -0.0342476
v -0.029905 0.0108325 -0.0354124
v -0.0298372 0.011896 -0.0368263
v -0.0298125 0.0110315 -0.0358748
v -0.0296952 0.0130392 -0.0383735
v -0.029652 0.0121605 -0.0374309
v -0.0305407 0.00771006 -0.0281832
v -0.0311516 0.00877931 -0.0281832
v -0.0309356 0.00797169 -0.0272762
v -0.0309109 0.00875087 -0.0290546
v -0.0296088 0.011296 -0.0364795
v -0.0290473 0.0118278 -0.0378044
v -0.0290905 0.0126894 -0.038738
v -0.0284549 0.0125615 -0.0388625
v -0.0284549 0.0130307 -0.039316
v -0.0275539 0.0139094 -0.0402408
v -0.0275539 0.0148592 -0.0411033
v -0.0284549 0.0149474 -0.0410322
v -0.0284549 0.0153995 -0.0414323
v -0.0284549 0.0159398 -0.0418769
v -0.0284549 0.016392 -0.0422415
v -0.0275539 0.0158716 -0.0419569
v -0.0275539 0.0163237 -0.042286
v -0.0266468 0.0162612 -0.0423304
v -0.0275539 0.0169152 -0.0427039
v -0.0269862 0.0173816 -0.0430862
v -0.0313182 0.0313728 -0.0453537
v -0.0312503 0.0304685 -0.0453537
v -0.0313799 0.0286627 -0.0444467
v -0.031454 0.0268541 -0.0435486
v -0.0310405 0.0332212 -0.0462607
v -0.0304913 0.0332212 -0.0471944
v -0.0304728 0.032351 -0.0470788
v -0.0298927 0.0304685 -0.0477368
v -0.0309233 0.0313728 -0.0461451
v -0.0314601 0.0214311 -0.0408366
v -0.0313367 0.0169152 -0.0381245
v -0.0314169 0.0196225 -0.0399296
v -0.0313923 0.0241411 -0.0426416
v -0.0313923 0.0223354 -0.0417435
v -0.0309911 0.0159484 -0.0381867
v -0.0308369 0.0152602 -0.0379378
v -0.0307134 0.0146573 -0.037671
v -0.0309726 0.013244 -0.0354658
v -0.031312 0.0133008 -0.0345054
v -0.0299729 0.0133236 -0.0380978
v -0.0298557 0.0127605 -0.0377777
v -0.0312627 0.0123965 -0.0336073
v -0.0311454 0.00968361 -0.0299883
v -0.0311763 0.0114922 -0.0327004
v -0.030985 0.010514 -0.0318645
v -0.026005 0.00416962 -0.0140449
v -0.026906 0.00416962 -0.0120797
v -0.0272145 0.00416962 -0.0114039
v -0.0276773 0.00416962 -0.0102924
v -0.0281525 0.00416962 -0.00870966
v -0.0283129 0.00416962 -0.00813168
v -0.0205437 0.00416962 -0.0211763
v -0.0214632 0.00416962 -0.0202871
v -0.0223024 0.00416962 -0.0193267
v -0.0235428 0.00416962 -0.0178151
v -0.0243574 0.00416962 -0.0167214
v -0.0250176 0.00416962 -0.0157433
v -0.030516 0.00582751 -0.0218521
v -0.0309233 0.00627967 -0.0218521
v -0.0299236 0.00549764 -0.0236661
v -0.031022 0.00689391 -0.0237105
v -0.0309788 0.00705885 -0.0245641
v -0.0310158 0.00778684 -0.0264581
v -0.0275539 0.0196225 -0.0445356
v -0.0265851 0.0197078 -0.0446779
v -0.0275539 0.020177 -0.0448469
v -0.0275539 0.0206291 -0.0450869
v -0.0265851 0.0204614 -0.0450869
v -0.0275539 0.0174214 -0.0430596
v -0.02893 0.0164403 -0.0422059
v -0.0284549 0.0190736 -0.0440644
v -0.0284549 0.0196225 -0.0444111
v -0.0284549 0.0207201 -0.0450425
v -0.0284549 0.0214311 -0.0454071
v -0.0275539 0.0232397 -0.0464385
v -0.0284549 0.0243487 -0.046812
v -0.0275539 0.024198 -0.0468742
v -0.0284549 0.0232397 -0.0462963
v -0.0284549 0.0238994 -0.0466164
v -0.0284549 0.0250455 -0.0470965
v -0.0280661 0.0263678 -0.0476301
v -0.0284549 0.0277584 -0.0480035
v -0.0284549 0.0286627 -0.0482792
v -0.0289856 0.0271527 -0.0476656
v -0.0291152 0.0277584 -0.0477546
v -0.0292694 0.0286627 -0.0478968
v -0.029362 0.0295755 -0.0480658
v -0.0294607 0.0304685 -0.0481903
v -0.0293126 0.0332212 -0.048786
v -0.0292077 0.0322771 -0.0487238
v -0.0295718 0.0313728 -0.0482614
v -0.0296644 0.0322771 -0.0483414
v -0.0129472 0.00416962 -0.026138
v -0.0300223 0.00625123 -0.0263781
v -0.0298557 0.00556873 -0.0243596
v -0.0308307 0.0063792 -0.0227591
v -0.0305653 0.00673751 -0.0254711
v -0.0308739 0.00718966 -0.0254711
v -0.01644 0.00416962 -0.0242618
v -0.0168967 0.00416962 -0.0239684
v -0.0175138 0.00416962 -0.0235682
v -0.0180136 0.00416962 -0.0232037
v -0.0190565 0.00416962 -0.0224212
v -0.0195749 0.00416962 -0.0220032
v -0.0147307 0.00416962 -0.0252933
v -0.0158661 0.00416962 -0.0246086
v -0.0306579 0.00751953 -0.0272762
v -0.0307134 0.00742569 -0.0268227
v -0.0308122 0.00904377 -0.0299883
v -0.0307998 0.00996799 -0.0316066
v -0.0307011 0.0101614 -0.0322113
v -0.0307505 0.0109661 -0.0332605
v -0.030843 0.0107785 -0.0327004
v -0.0308924 0.0114865 -0.0335807
v -0.0309418 0.0123653 -0.0345321
v -0.0298557 0.0136421 -0.0386758
v -0.0296644 0.0139805 -0.0392805
v -0.0293805 0.0133207 -0.0390048
v -0.0293682 0.012425 -0.0380889
v -0.0290658 0.0136023 -0.0396095
v -0.0290226 0.0145464 -0.0404809
v -0.0289794 0.0154934 -0.0413434
v -0.0308677 0.0304685 -0.0460651
v -0.0311392 0.0295641 -0.0453537
v -0.0312873 0.0277584 -0.0444467
v -0.0313676 0.0259498 -0.0435486
v -0.0299359 0.0313728 -0.0478168
v -0.030047 0.0332212 -0.0479413
v -0.0298495 0.0297973 -0.0476745
v -0.0302321 0.0304685 -0.0471588
v -0.0297508 0.0332212 -0.0484126
v -0.0312873 0.0178195 -0.0390315
v -0.0309603 0.0168783 -0.0390759
v -0.0312195 0.0187182 -0.0399296
v -0.0313367 0.0205268 -0.0408366
v -0.0312318 0.0250455 -0.0435486
v -0.0312441 0.0232397 -0.0426416
v -0.0312133 0.0214311 -0.0417435
v -0.0298063 0.0164716 -0.0412812
v -0.0299297 0.0151777 -0.0398762
v -0.0306517 0.0066067 -0.0245641
v -0.0284549 0.020268 -0.0447935
v -0.029146 0.0160877 -0.0416813
v -0.0296088 0.0168299 -0.0417791
v -0.029109 0.0169152 -0.042366
v -0.0290535 0.0181011 -0.0432018
v -0.0289177 0.0191589 -0.044011
v -0.0290164 0.0208396 -0.0449802
v -0.0289732 0.0245023 -0.0467498
v -0.0289979 0.0226596 -0.0458694
v -0.0286709 0.0265498 -0.0475678
v -0.0284055 0.0260209 -0.0474433
v -0.0284055 0.0268512 -0.047719
v -0.0291213 0.0250455 -0.0468653
v -0.0292941 0.0259498 -0.0470254
v -0.0297199 0.0286627 -0.0475056
v -0.029794 0.0291945 -0.0475856
v -0.0297384 0.0331814 -0.0484215
v -0.0298433 0.0145834 -0.0395383
v -0.0296397 0.0160109 -0.0410766
v -0.0293065 0.015209 -0.0407476
v -0.0307998 0.0295641 -0.0459495
v -0.0300593 0.0295243 -0.0472388
v -0.0309479 0.0286542 -0.0454159
v -0.0308986 0.0277584 -0.0452203
v -0.0311578 0.0268541 -0.0444467
v -0.0309171 0.0178138 -0.0399562
v -0.0306641 0.0175124 -0.0402675
v -0.0311084 0.0196225 -0.0408366
v -0.0309726 0.0240928 -0.0436198
v -0.0309788 0.0222671 -0.0427217
v -0.0309418 0.0259299 -0.0445179
v -0.0308677 0.0250455 -0.0442778
v -0.0308615 0.0214311 -0.0424816
v -0.030769 0.0208197 -0.0422948
v -0.0299174 0.0170745 -0.0415035
v -0.0297569 0.0174953 -0.0421081
v -0.0290966 0.0196225 -0.0441622
v -0.0293805 0.0205296 -0.0444467
v -0.0296397 0.0214311 -0.0447046
v -0.029183 0.0214311 -0.0451225
v -0.0293682 0.0241753 -0.0462429
v -0.0291584 0.0232397 -0.0460028
v -0.0295718 0.0250455 -0.0464563
v -0.0297446 0.0259498 -0.0466253
v -0.0298063 0.026419 -0.0467053
v -0.0308122 0.0268541 -0.0450781
v -0.0307505 0.0262199 -0.0449713
v -0.030769 0.0181124 -0.0404987
v -0.0300346 0.0178053 -0.0417791
v -0.0308492 0.0188006 -0.0408099
v -0.0300285 0.0205211 -0.0435842
v -0.0298187 0.0191532 -0.043104
v -0.0307073 0.0219202 -0.0430773
v -0.0305098 0.0259299 -0.0453004
v -0.0306888 0.025617 -0.0448558
v -0.0306209 0.0250455 -0.0447313
v -0.0298495 0.0244483 -0.0458694
v -0.0299421 0.0232397 -0.0451314
v -0.0300408 0.0223183 -0.044509
v -0.0306332 0.0214311 -0.0429351
v -0.029868 0.0180982 -0.0423037
v -0.0297446 0.0202168 -0.0439043
v -0.0297693 0.0220055 -0.0448469
v -0.0297569 0.0238454 -0.0457272
v -0.0296088 0.0232397 -0.0455849
v -0.0298619 0.0208197 -0.044091
v -0.0299236 0.0250455 -0.0460028
v -0.0300223 0.0259498 -0.0461718
v -0.0299482 0.0214311 -0.0442511
v -0.0302815 0.0250455 -0.0453537
f 4701 4702 4703
f 4701 4703 4709
f 4701 4709 4721
f 4701 4721 4725
f 4701 4725 4722
f 4701 4722 4710
f 4701 4710 4704
f 4701 4704 4711
f 4701 4711 4724
f 4701 4724 4758
f 4701 4758 4805
f 4701 4805 4852
f 4701 4852 4898
f 4701 4898 4967
f 4701 4967 5052
f 4701 5052 5153
f 4701 5153 5246
f 4701 5246 5245
f 4701 5245 5346
f 4701 5346 5345
f 4701 5345 5426
f 4701 5426 5503
f 4701 5503 5612
f 4701 5612 5715
f 4701 5715 5806
f 4701 5806 5810
f 4701 5810 5809
f 4701 5809 5808
f 4701 5808 5895
f 4701 5895 6002
f 4701 6002 6107
f 4701 6107 6215
f 4701 6215 6214
f 4701 6214 6328
f 4701 6328 6335
f 4701 6335 6334
f 4701 6334 6331
f 4701 6331 6450
f 4701 6450 6592
f 4701 6592 6753
f 4701 6753 6894
f 4701 6894 6893
f 4701 6893 7001
f 4701 7001 7106
f 4701 7106 7105
f 4701 7105 7203
f 4701 7203 7326
f 4701 7326 7368
f 4701 7368 7365
f 4701 7365 7263
f 4701 7263 7262
f 4701 7262 7149
f 4701 7149 7047
f 4701 7047 6956
f 4701 6956 6840
f 4701 6840 6694
f 4701 6694 6543
f 4701 6543 6542
f 4701 6542 6540
f 4701 6540 6687
f 4701 6687 6836
f 4701 6836 6684
f 4701 6684 6829
f 4701 6829 6833
f 4701 6833 6832
f 4701 6832 6952
f 4701 6952 6819
f 4701 6819 6818
f 4701 6818 6817
f 4701 6817 6951
f 4701 6951 6948
f 4701 6948 7046
f 4701 7046 6946
f 4701 6946 6945
f 4701 6945 6944
f 4701 6944 6943
f 4701 6943 7045
f 4701 7045 6939
f 4701 6939 7044
f 4701 7044 6941
f 4701 6941 6940
f 4701 6940 7040
f 4701 7040 7144
f 4701 7144 7074
f 4701 7074 7072
f 4701 7072 6976
f 4701 6976 6975
f 4701 6975 6866
f 4701 6866 6716
f 4701 6716 6551
f 4701 6551 6418
f 4701 6418 6292
f 4701 6292 6181
f 4701 6181 6066
f 4701 6066 6145
f 4701 6145 6031
f 4701 6031 6030
f 4701 6030 5931
f 4701 5931 5930
f 4701 5930 5929
f 4701 5929 5839
f 4701 5839 5751
f 4701 5751 5638
f 4701 5638 5535
f 4701 5535 5447
f 4701 5447 5371
f 4701 5371 5283
f 4701 5283 5181
f 4701 5181 5092
f 4701 5092 4999
f 4701 4999 4919
f 4701 4919 4866
f 4701 4866 4820
f 4701 4820 4777
f 4701 4777 4728
f 4701 4728 4715
f 4701 4715 4706
f 4701 4706 4702
f 4702 4705 4703
f 4702 4706 4707
f 4702 4707 4708
f 4702 4708 4705
f 4703 4705 4709
f 4704 4710 4711
f 4705 4712 4713
f 4705 4713 4714
f 4705 4714 4709
f 4705 4708 4712
f 4706 4715 4716
f 4706 4716 4717
f 4706 4717 4707
f 4707 4717 4718
f 4707 4718 4708
f 4708 4718 4719
f 4708 4719 4712
f 4709 4714 4720
f 4709 4720 4721
f 4710 4722 4711
f 4711 4723 4724
f 4711 4722 4725
f 4711 4725 4723
f 4712 4726 4727
f 4712 4727 4713
f 4712 4719 4726
f 4713 4727 4750
f 4713 4750 4720
f 4713 4720 4714
f 4715 4728 4729
f 4715 4729 4730
f 4715 4730 4731
f 4715 4731 4732
f 4715 4732 4733
f 4715 4733 4716
f 4716 4734 4717
f 4716 4733 4734
f 4717 4734 4735
f 4717 4735 4718
f 4718 4735 4736
f 4718 4736 4737
f 4718 4737 4719
f 4719 4738 4739
f 4719 4739 4740
f 4719 4740 4741
f 4719 4741 4742
f 4719 4742 4743
f 4719 4743 4744
f 4719 4744 4745
f 4719 4745 4746
f 4719 4746 4747
f 4719 4747 4748
f 4719 4748 4749
f 4719 4749 4750
f 4719 4750 4727
f 4719 4727 4751
f 4719 4751 4726
f 4719 4737 4738
f 4720 4750 4748
f 4720 4748 4752
f 4720 4752 4725
f 4720 4725 4721
f 4723 4753 4724
f 4723 4725 4754
f 4723 4754 4755
f 4723 4755 4753
f 4724 4753 4756
f 4724 4756 4757
f 4724 4757 4758
f 4725 4752 4759
f 4725 4759 4760
f 4725 4760 4761
f 4725 4761 4762
f 4725 4762 4763
f 4725 4763 4764
f 4725 4764 4765
f 4725 4765 4766
f 4725 4766 4767
f 4725 4767 4768
f 4725 4768 4769
f 4725 4769 4770
f 4725 4770 4771
f 4725 4771 4772
f 4725 4772 4773
f 4725 4773 4774
f 4725 4774 4775
f 4725 4775 4776
f 4725 4776 4754
f 4726 4751 4727
f 4728 4777 4729
f 4729 4777 4730
f 4730 4777 4778
f 4730 4778 4731
f 4731 4778 4779
f 4731 4779 4733
f 4731 4733 4732
f 4733 4779 4780
f 4733 4780 4781
f 4733 4781 4734
f 4734 4781 4782
f 4734 4782 4735
f 4735 4783 4736
f 4735 4782 4784
f 4735 4784 4785
f 4735 4785 4783
f 4736 4783 4786
f 4736 4786 4737
f 4737 4786 4738
f 4738 4786 4787
f 4738 4787 4788
f 4738 4788 4789
f 4738 4789 4790
f 4738 4790 4739
f 4739 4790 4791
f 4739 4791 4792
f 4739 4792 4793
f 4739 4793 4794
f 4739 4794 4795
f 4739 4795 4796
f 4739 4796 4740
f 4740 4796 4797
f 4740 4797 4741
f 4741 4797 4761
f 4741 4761 4742
f 4742 4761 4760
f 4742 4760 4743
f 4743 4760 4759
f 4743 4759 4798
f 4743 4798 4744
f 4744 4798 4745
f 4745 4798 4746
f 4746 4798 4747
f 4747 4798 4748
f 4748 4798 4752
f 4748 4750 4749
f 4752 4798 4759
f 4753 4755 4801
f 4753 4801 4756
f 4754 4776 4755
f 4755 4776 4799
f 4755 4799 4800
f 4755 4800 4801
f 4756 4802 4803
f 4756 4803 4804
f 4756 4804 4757
f 4756 4801 4802
f 4757 4804 4758
f 4758 4804 4803
f 4758 4803 4805
f 4761 4797 4762
f 4762 4797 4796
f 4762 4796 4793
f 4762 4793 4763
f 4763 4793 4764
f 4764 4791 4765
f 4764 4793 4791
f 4765 4791 4766
f 4766 4806 4807
f 4766 4807 4808
f 4766 4808 4767
f 4766 4791 4806
f 4767 4809 4810
f 4767 4810 4768
f 4767 4808 4809
f 4768 4810 4811
f 4768 4811 4769
f 4769 4811 4770
f 4770 4811 4857
f 4770 4857 4812
f 4770 4812 4813
f 4770 4813 4771
f 4771 4814 4815
f 4771 4815 4816
f 4771 4816 4772
f 4771 4813 4814
f 4772 4816 4817
f 4772 4817 4773
f 4773 4817 4818
f 4773 4818 4819
f 4773 4819 4774
f 4774 4799 4775
f 4774 4819 4799
f 4775 4799 4776
f 4777 4820 4821
f 4777 4821 4822
f 4777 4822 4778
f 4778 4822 4779
f 4779 4822 4780
f 4780 4822 4823
f 4780 4823 4824
f 4780 4824 4825
f 4780 4825 4781
f 4781 4825 4782
f 4782 4826 4827
f 4782 4827 4784
f 4782 4825 4826
f 4783 4785 4828
f 4783 4828 4829
f 4783 4829 4786
f 4784 4827 4830
f 4784 4830 4828
f 4784 4828 4785
f 4786 4829 4831
f 4786 4831 4787
f 4787 4831 4832
f 4787 4832 4833
f 4787 4833 4788
f 4788 4833 4834
f 4788 4834 4835
f 4788 4835 4836
f 4788 4836 4837
f 4788 4837 4838
f 4788 4838 4839
f 4788 4839 4840
f 4788 4840 4807
f 4788 4807 4841
f 4788 4841 4789
f 4789 4841 4806
f 4789 4806 4790
f 4790 4806 4791
f 4791 4793 4792
f 4793 4796 4795
f 4793 4795 4794
f 4799 4819 4842
f 4799 4842 4843
f 4799 4843 4844
f 4799 4844 4800
f 4800 4844 4845
f 4800 4845 4801
f 4801 4845 4846
f 4801 4846 4802
f 4802 4846 4803
f 4803 4847 4848
f 4803 4848 4849
f 4803 4849 4805
f 4803 4846 4847
f 4805 4849 4850
f 4805 4850 4851
f 4805 4851 4852
f 4806 4841 4807
f 4807 4840 4853
f 4807 4853 4808
f 4808 4853 4854
f 4808 4854 4809
f 4809 4855 4810
f 4809 4854 4855
f 4810 4855 4856
f 4810 4856 4811
f 4811 4856 4857
f 4812 4858 4859
f 4812 4859 4813
f 4812 4857 4860
f 4812 4860 4858
f 4813 4859 4814
f 4814 4861 4815
f 4814 4859 4861
f 4815 4861 4914
f 4815 4914 4862
f 4815 4862 4816
f 4816 4862 4817
f 4817 4862 4818
f 4818 4863 4819
f 4818 4862 4864
f 4818 4864 4863
f 4819 4863 4842
f 4820 4865 4821
f 4820 4866 4867
f 4820 4867 4868
f 4820 4868 4865
f 4821 4865 4823
f 4821 4823 4822
f 4823 4865 4869
f 4823 4869 4868
f 4823 4868 4870
f 4823 4870 4871
f 4823 4871 4872
f 4823 4872 4824
f 4824 4873 4825
f 4824 4872 4873
f 4825 4873 4874
f 4825 4874 4827
f 4825 4827 4875
f 4825 4875 4826
f 4826 4875 4827
f 4827 4876 4830
f 4827 4874 4876
f 4828 4830 4877
f 4828 4877 4878
f 4828 4878 4879
f 4828 4879 4829
f 4829 4879 4880
f 4829 4880 4831
f 4830 4876 4877
f 4831 4880 4881
f 4831 4881 4833
f 4831 4833 4832
f 4833 4881 4834
f 4834 4882 4883
f 4834 4883 4884
f 4834 4884 4885
f 4834 4885 4835
f 4834 4881 4882
f 4835 4885 4884
f 4835 4884 4883
f 4835 4883 4882
f 4835 4882 4945
f 4835 4945 4944
f 4835 4944 4943
f 4835 4943 4942
f 4835 4942 4941
f 4835 4941 4940
f 4835 4940 4939
f 4835 4939 4938
f 4835 4938 4937
f 4835 4937 5025
f 4835 5025 5117
f 4835 5117 5116
f 4835 5116 5115
f 4835 5115 5114
f 4835 5114 5113
f 4835 5113 5112
f 4835 5112 5111
f 4835 5111 5110
f 4835 5110 5196
f 4835 5196 5302
f 4835 5302 5390
f 4835 5390 5465
f 4835 5465 5562
f 4835 5562 5561
f 4835 5561 5560
f 4835 5560 5559
f 4835 5559 5558
f 4835 5558 5658
f 4835 5658 5657
f 4835 5657 5656
f 4835 5656 5664
f 4835 5664 5663
f 4835 5663 5764
f 4835 5764 5857
f 4835 5857 5951
f 4835 5951 5950
f 4835 5950 5949
f 4835 5949 5948
f 4835 5948 5947
f 4835 5947 6059
f 4835 6059 6058
f 4835 6058 6057
f 4835 6057 6056
f 4835 6056 6055
f 4835 6055 6054
f 4835 6054 6053
f 4835 6053 6052
f 4835 6052 6178
f 4835 6178 6177
f 4835 6177 6176
f 4835 6176 6175
f 4835 6175 6174
f 4835 6174 6291
f 4835 6291 6290
f 4835 6290 6289
f 4835 6289 6414
f 4835 6414 6413
f 4835 6413 6548
f 4835 6548 6712
f 4835 6712 6856
f 4835 6856 6966
f 4835 6966 7059
f 4835 7059 7063
f 4835 7063 7062
f 4835 7062 7061
f 4835 7061 7168
f 4835 7168 7288
f 4835 7288 7287
f 4835 7287 7286
f 4835 7286 7285
f 4835 7285 7284
f 4835 7284 7283
f 4835 7283 7294
f 4835 7294 7293
f 4835 7293 7292
f 4835 7292 7291
f 4835 7291 7290
f 4835 7290 7289
f 4835 7289 7341
f 4835 7341 7340
f 4835 7340 7339
f 4835 7339 7338
f 4835 7338 7337
f 4835 7337 7336
f 4835 7336 7343
f 4835 7343 7342
f 4835 7342 7330
f 4835 7330 7210
f 4835 7210 7207
f 4835 7207 7107
f 4835 7107 7006
f 4835 7006 7003
f 4835 7003 7002
f 4835 7002 6895
f 4835 6895 6754
f 4835 6754 6594
f 4835 6594 6454
f 4835 6454 6343
f 4835 6343 6221
f 4835 6221 6113
f 4835 6113 6008
f 4835 6008 5902
f 4835 5902 5815
f 4835 5815 5811
f 4835 5811 5718
f 4835 5718 5614
f 4835 5614 5508
f 4835 5508 5507
f 4835 5507 5506
f 4835 5506 5505
f 4835 5505 5504
f 4835 5504 5429
f 4835 5429 5428
f 4835 5428 5427
f 4835 5427 5349
f 4835 5349 5348
f 4835 5348 5347
f 4835 5347 5264
f 4835 5264 5263
f 4835 5263 5262
f 4835 5262 5261
f 4835 5261 5260
f 4835 5260 5259
f 4835 5259 5258
f 4835 5258 5257
f 4835 5257 5250
f 4835 5250 5249
f 4835 5249 5248
f 4835 5248 5247
f 4835 5247 5220
f 4835 5220 5219
f 4835 5219 5218
f 4835 5218 5217
f 4835 5217 5216
f 4835 5216 5215
f 4835 5215 5225
f 4835 5225 5224
f 4835 5224 5223
f 4835 5223 5222
f 4835 5222 5221
f 4835 5221 5214
f 4835 5214 5127
f 4835 5127 5129
f 4835 5129 5126
f 4835 5126 5026
f 4835 5026 4946
f 4835 4946 4886
f 4835 4886 4838
f 4835 4838 4837
f 4835 4837 4836
f 4838 4886 4840
f 4838 4840 4839
f 4840 4886 4853
f 4842 4863 4887
f 4842 4887 4843
f 4843 4887 4888
f 4843 4888 4889
f 4843 4889 4890
f 4843 4890 4844
f 4844 4890 4891
f 4844 4891 4845
f 4845 4891 4892
f 4845 4892 4846
f 4846 4892 4847
f 4847 4892 4893
f 4847 4893 4894
f 4847 4894 4895
f 4847 4895 4848
f 4848 4895 4896
f 4848 4896 4849
f 4849 4896 4897
f 4849 4897 4851
f 4849 4851 4850
f 4851 4898 4852
f 4851 4897 4899
f 4851 4899 4898
f 4853 4900 4901
f 4853 4901 4854
f 4853 4886 4900
f 4854 4901 4902
f 4854 4902 4855
f 4855 4902 4903
f 4855 4903 4904
f 4855 4904 4856
f 4856 4904 4976
f 4856 4976 4905
f 4856 4905 4857
f 4857 4905 4906
f 4857 4906 4860
f 4858 4907 4908
f 4858 4908 4859
f 4858 4860 4907
f 4859 4908 4909
f 4859 4909 4861
f 4860 4906 4910
f 4860 4910 4911
f 4860 4911 4907
f 4861 4909 4912
f 4861 4912 4913
f 4861 4913 4914
f 4862 4915 4916
f 4862 4916 4864
f 4862 4914 4915
f 4863 4917 4887
f 4863 4864 4918
f 4863 4918 4917
f 4864 4916 4918
f 4865 4868 4869
f 4866 4919 4920
f 4866 4920 4921
f 4866 4921 4922
f 4866 4922 4923
f 4866 4923 4867
f 4867 4923 4924
f 4867 4924 4925
f 4867 4925 4868
f 4868 4925 4871
f 4868 4871 4870
f 4871 4925 4926
f 4871 4926 4872
f 4872 4926 4927
f 4872 4927 4873
f 4873 4927 4874
f 4874 4927 4928
f 4874 4928 4876
f 4876 4929 4930
f 4876 4930 4877
f 4876 4928 4931
f 4876 4931 4929
f 4877 4930 4932
f 4877 4932 4878
f 4878 4933 4879
f 4878 4932 4934
f 4878 4934 4935
f 4878 4935 4933
f 4879 4933 4880
f 4880 4933 4881
f 4881 4933 4936
f 4881 4936 4937
f 4881 4937 4938
f 4881 4938 4939
f 4881 4939 4940
f 4881 4940 4941
f 4881 4941 4942
f 4881 4942 4943
f 4881 4943 4944
f 4881 4944 4945
f 4881 4945 4882
f 4886 4946 4947
f 4886 4947 4948
f 4886 4948 4949
f 4886 4949 4900
f 4887 4917 4950
f 4887 4950 4888
f 4888 4950 4951
f 4888 4951 4889
f 4889 4951 4952
f 4889 4952 4953
f 4889 4953 4954
f 4889 4954 4890
f 4890 4954 4955
f 4890 4955 4891
f 4891 4955 4956
f 4891 4956 4957
f 4891 4957 4892
f 4892 4957 4958
f 4892 4958 4959
f 4892 4959 4893
f 4893 4959 4960
f 4893 4960 4894
f 4894 4961 4895
f 4894 4960 4962
f 4894 4962 4963
f 4894 4963 4964
f 4894 4964 4965
f 4894 4965 4966
f 4894 4966 4898
f 4894 4898 4961
f 4895 4961 4897
f 4895 4897 4896
f 4897 4961 4899
f 4898 4966 5051
f 4898 5051 4967
f 4898 4899 4961
f 4900 4949 4948
f 4900 4948 4968
f 4900 4968 4901
f 4901 4968 4947
f 4901 4947 4969
f 4901 4969 4970
f 4901 4970 4971
f 4901 4971 4903
f 4901 4903 4902
f 4903 4971 4972
f 4903 4972 4973
f 4903 4973 4974
f 4903 4974 4975
f 4903 4975 4976
f 4903 4976 4904
f 4905 4976 4975
f 4905 4975 4906
f 4906 4977 4910
f 4906 4975 4978
f 4906 4978 4979
f 4906 4979 4977
f 4907 4911 4980
f 4907 4980 4981
f 4907 4981 4982
f 4907 4982 4908
f 4908 4982 4983
f 4908 4983 4909
f 4909 4983 4912
f 4910 4984 4985
f 4910 4985 4911
f 4910 4977 4986
f 4910 4986 4984
f 4911 4985 4980
f 4912 4987 4988
f 4912 4988 4989
f 4912 4989 4915
f 4912 4915 4913
f 4912 4983 4987
f 4913 4915 4914
f 4915 4989 4990
f 4915 4990 4991
f 4915 4991 4992
f 4915 4992 4993
f 4915 4993 4994
f 4915 4994 4916
f 4916 4995 4996
f 4916 4996 4918
f 4916 4994 4995
f 4917 4997 4998
f 4917 4998 4950
f 4917 4918 4997
f 4918 4996 4997
f 4919 4999 5000
f 4919 5000 4920
f 4920 5000 5001
f 4920 5001 5002
f 4920 5002 4921
f 4921 5003 4923
f 4921 4923 4922
f 4921 5002 5004
f 4921 5004 5005
f 4921 5005 5003
f 4923 5005 5006
f 4923 5006 4924
f 4923 5003 5005
f 4924 5006 5007
f 4924 5007 5008
f 4924 5008 4925
f 4925 5008 5009
f 4925 5009 4926
f 4926 5009 5010
f 4926 5010 4931
f 4926 4931 4928
f 4926 4928 4927
f 4929 5011 4930
f 4929 4931 5010
f 4929 5010 5011
f 4930 5011 5012
f 4930 5012 5013
f 4930 5013 5014
f 4930 5014 4932
f 4932 5014 5015
f 4932 5015 4934
f 4933 4935 5016
f 4933 5016 5017
f 4933 5017 5018
f 4933 5018 4936
f 4934 5019 4935
f 4934 5015 5020
f 4934 5020 5021
f 4934 5021 5022
f 4934 5022 5023
f 4934 5023 5024
f 4934 5024 5019
f 4935 5019 5016
f 4936 5018 5025
f 4936 5025 4937
f 4946 5026 5027
f 4946 5027 5028
f 4946 5028 4947
f 4947 5028 5027
f 4947 5027 4969
f 4947 4968 4948
f 4950 4998 5029
f 4950 5029 4951
f 4951 5029 5030
f 4951 5030 4952
f 4952 5030 5031
f 4952 5031 5032
f 4952 5032 4953
f 4953 5032 5031
f 4953 5031 5033
f 4953 5033 4954
f 4954 5034 5035
f 4954 5035 4955
f 4954 5033 5036
f 4954 5036 5034
f 4955 5035 5037
f 4955 5037 4956
f 4956 5037 5038
f 4956 5038 5039
f 4956 5039 5040
f 4956 5040 4957
f 4957 5040 4958
f 4958 5040 5041
f 4958 5041 5042
f 4958 5042 4960
f 4958 4960 4959
f 4960 5042 5043
f 4960 5043 5044
f 4960 5044 5045
f 4960 5045 4962
f 4962 5045 4963
f 4963 5046 4964
f 4963 5045 5047
f 4963 5047 5046
f 4964 5046 5048
f 4964 5048 5049
f 4964 5049 4965
f 4965 5049 5050
f 4965 5050 5051
f 4965 5051 4966
f 4967 5051 5052
f 4969 5027 5053
f 4969 5053 5054
f 4969 5054 5055
f 4969 5055 5056
f 4969 5056 4970
f 4970 5056 4972
f 4970 4972 4971
f 4972 5056 5057
f 4972 5057 4973
f 4973 5057 5055
f 4973 5055 5058
f 4973 5058 5059
f 4973 5059 5060
f 4973 5060 4974
f 4974 5060 5061
f 4974 5061 4978
f 4974 4978 4975
f 4977 5062 5063
f 4977 5063 4986
f 4977 4979 5062
f 4978 5064 5065
f 4978 5065 4979
f 4978 5061 5066
f 4978 5066 5064
f 4979 5065 5062
f 4980 5067 5068
f 4980 5068 5069
f 4980 5069 4981
f 4980 4985 5067
f 4981 5069 5070
f 4981 5070 4982
f 4982 5070 5071
f 4982 5071 4983
f 4983 5071 4987
f 4984 4986 5063
f 4984 5063 5072
f 4984 5072 5073
f 4984 5073 4985
f 4985 5073 5067
f 4987 5071 5074
f 4987 5074 5075
f 4987 5075 4988
f 4988 5075 5076
f 4988 5076 5077
f 4988 5077 4991
f 4988 4991 4990
f 4988 4990 4989
f 4991 5078 5079
f 4991 5079 4992
f 4991 5077 5080
f 4991 5080 5081
f 4991 5081 5078
f 4992 5079 4993
f 4993 5079 4994
f 4994 5079 5082
f 4994 5082 5083
f 4994 5083 4995
f 4995 5083 5084
f 4995 5084 5085
f 4995 5085 5086
f 4995 5086 4996
f 4996 5086 5085
f 4996 5085 4997
f 4997 5085 5084
f 4997 5084 5087
f 4997 5087 5088
f 4997 5088 5089
f 4997 5089 5090
f 4997 5090 5091
f 4997 5091 4998
f 4998 5091 5029
f 4999 5092 5000
f 5000 5092 5001
f 5001 5092 5093
f 5001 5093 5002
f 5002 5093 5094
f 5002 5094 5095
f 5002 5095 5096
f 5002 5096 5004
f 5004 5096 5097
f 5004 5097 5005
f 5005 5097 5006
f 5006 5097 5098
f 5006 5098 5007
f 5007 5098 5097
f 5007 5097 5099
f 5007 5099 5100
f 5007 5100 5101
f 5007 5101 5102
f 5007 5102 5103
f 5007 5103 5104
f 5007 5104 5012
f 5007 5012 5008
f 5008 5012 5009
f 5009 5012 5011
f 5009 5011 5010
f 5012 5104 5105
f 5012 5105 5014
f 5012 5014 5013
f 5014 5105 5106
f 5014 5106 5015
f 5015 5106 5020
f 5016 5019 5107
f 5016 5107 5108
f 5016 5108 5017
f 5017 5108 5109
f 5017 5109 5110
f 5017 5110 5111
f 5017 5111 5112
f 5017 5112 5113
f 5017 5113 5018
f 5018 5113 5114
f 5018 5114 5115
f 5018 5115 5116
f 5018 5116 5117
f 5018 5117 5025
f 5019 5024 5107
f 5020 5106 5118
f 5020 5118 5119
f 5020 5119 5022
f 5020 5022 5021
f 5022 5120 5121
f 5022 5121 5122
f 5022 5122 5023
f 5022 5119 5120
f 5023 5122 5123
f 5023 5123 5124
f 5023 5124 5024
f 5024 5124 5125
f 5024 5125 5107
f 5026 5126 5027
f 5027 5127 5128
f 5027 5128 5053
f 5027 5126 5129
f 5027 5129 5127
f 5029 5091 5130
f 5029 5130 5131
f 5029 5131 5132
f 5029 5132 5030
f 5030 5133 5134
f 5030 5134 5031
f 5030 5132 5130
f 5030 5130 5135
f 5030 5135 5133
f 5031 5134 5136
f 5031 5136 5137
f 5031 5137 5033
f 5033 5137 5138
f 5033 5138 5036
f 5034 5036 5035
f 5035 5036 5037
f 5036 5138 5139
f 5036 5139 5140
f 5036 5140 5037
f 5037 5140 5038
f 5038 5044 5141
f 5038 5141 5039
f 5038 5140 5044
f 5039 5141 5040
f 5040 5141 5043
f 5040 5043 5042
f 5040 5042 5041
f 5043 5141 5044
f 5044 5140 5142
f 5044 5142 5045
f 5045 5143 5144
f 5045 5144 5047
f 5045 5142 5143
f 5046 5145 5146
f 5046 5146 5147
f 5046 5147 5148
f 5046 5148 5149
f 5046 5149 5052
f 5046 5052 5048
f 5046 5047 5150
f 5046 5150 5145
f 5047 5144 5150
f 5048 5052 5049
f 5049 5052 5051
f 5049 5051 5050
f 5052 5149 5151
f 5052 5151 5152
f 5052 5152 5153
f 5053 5128 5054
f 5054 5128 5154
f 5054 5154 5155
f 5054 5155 5059
f 5054 5059 5055
f 5055 5059 5058
f 5055 5057 5056
f 5059 5155 5156
f 5059 5156 5060
f 5060 5156 5157
f 5060 5157 5066
f 5060 5066 5061
f 5062 5158 5063
f 5062 5065 5158
f 5063 5158 5159
f 5063 5159 5072
f 5064 5157 5158
f 5064 5158 5065
f 5064 5066 5157
f 5067 5073 5068
f 5068 5073 5160
f 5068 5160 5161
f 5068 5161 5162
f 5068 5162 5163
f 5068 5163 5069
f 5069 5163 5164
f 5069 5164 5070
f 5070 5164 5071
f 5071 5164 5165
f 5071 5165 5166
f 5071 5166 5074
f 5072 5159 5167
f 5072 5167 5168
f 5072 5168 5169
f 5072 5169 5073
f 5073 5169 5160
f 5074 5166 5076
f 5074 5076 5075
f 5076 5166 5081
f 5076 5081 5077
f 5077 5081 5080
f 5078 5081 5170
f 5078 5170 5171
f 5078 5171 5172
f 5078 5172 5173
f 5078 5173 5079
f 5079 5173 5174
f 5079 5174 5082
f 5081 5166 5175
f 5081 5175 5170
f 5082 5174 5083
f 5083 5174 5176
f 5083 5176 5084
f 5084 5176 5174
f 5084 5174 5173
f 5084 5173 5177
f 5084 5177 5178
f 5084 5178 5179
f 5084 5179 5088
f 5084 5088 5087
f 5088 5179 5180
f 5088 5180 5089
f 5089 5091 5090
f 5089 5180 5130
f 5089 5130 5091
f 5092 5181 5094
f 5092 5094 5093
f 5094 5181 5182
f 5094 5182 5183
f 5094 5183 5184
f 5094 5184 5095
f 5095 5184 5185
f 5095 5185 5186
f 5095 5186 5096
f 5096 5187 5188
f 5096 5188 5189
f 5096 5189 5100
f 5096 5100 5097
f 5096 5186 5187
f 5097 5100 5099
f 5100 5190 5102
f 5100 5102 5101
f 5100 5189 5191
f 5100 5191 5192
f 5100 5192 5193
f 5100 5193 5190
f 5102 5190 5118
f 5102 5118 5103
f 5103 5118 5106
f 5103 5106 5104
f 5104 5106 5105
f 5107 5125 5108
f 5108 5125 5194
f 5108 5194 5195
f 5108 5195 5109
f 5109 5195 5196
f 5109 5196 5110
f 5118 5193 5119
f 5118 5190 5193
f 5119 5193 5192
f 5119 5192 5197
f 5119 5197 5120
f 5120 5198 5199
f 5120 5199 5121
f 5120 5197 5191
f 5120 5191 5200
f 5120 5200 5198
f 5121 5201 5202
f 5121 5202 5203
f 5121 5203 5208
f 5121 5208 5122
f 5121 5199 5204
f 5121 5204 5205
f 5121 5205 5206
f 5121 5206 5207
f 5121 5207 5201
f 5122 5208 5209
f 5122 5209 5123
f 5123 5209 5124
f 5124 5209 5210
f 5124 5210 5211
f 5124 5211 5212
f 5124 5212 5213
f 5124 5213 5125
f 5125 5213 5194
f 5127 5214 5128
f 5128 5215 5216
f 5128 5216 5217
f 5128 5217 5218
f 5128 5218 5219
f 5128 5219 5220
f 5128 5220 5154
f 5128 5214 5221
f 5128 5221 5222
f 5128 5222 5223
f 5128 5223 5224
f 5128 5224 5225
f 5128 5225 5215
f 5130 5180 5135
f 5130 5132 5131
f 5133 5226 5227
f 5133 5227 5134
f 5133 5135 5226
f 5134 5227 5228
f 5134 5228 5229
f 5134 5229 5230
f 5134 5230 5139
f 5134 5139 5136
f 5135 5180 5231
f 5135 5231 5226
f 5136 5139 5138
f 5136 5138 5137
f 5139 5232 5233
f 5139 5233 5142
f 5139 5142 5140
f 5139 5230 5232
f 5142 5233 5234
f 5142 5234 5144
f 5142 5144 5143
f 5144 5234 5150
f 5145 5235 5236
f 5145 5236 5237
f 5145 5237 5146
f 5145 5150 5235
f 5146 5237 5147
f 5147 5237 5238
f 5147 5238 5151
f 5147 5151 5148
f 5148 5151 5149
f 5150 5239 5240
f 5150 5240 5235
f 5150 5234 5239
f 5151 5238 5241
f 5151 5241 5242
f 5151 5242 5243
f 5151 5243 5152
f 5152 5243 5244
f 5152 5244 5245
f 5152 5245 5246
f 5152 5246 5153
f 5154 5247 5248
f 5154 5248 5249
f 5154 5249 5250
f 5154 5250 5155
f 5154 5220 5247
f 5155 5251 5252
f 5155 5252 5253
f 5155 5253 5254
f 5155 5254 5255
f 5155 5255 5256
f 5155 5256 5156
f 5155 5250 5257
f 5155 5257 5258
f 5155 5258 5259
f 5155 5259 5260
f 5155 5260 5261
f 5155 5261 5262
f 5155 5262 5263
f 5155 5263 5264
f 5155 5264 5251
f 5156 5256 5265
f 5156 5265 5266
f 5156 5266 5157
f 5157 5266 5158
f 5158 5266 5265
f 5158 5265 5159
f 5159 5256 5255
f 5159 5255 5167
f 5159 5265 5256
f 5160 5169 5267
f 5160 5267 5268
f 5160 5268 5269
f 5160 5269 5161
f 5161 5269 5270
f 5161 5270 5271
f 5161 5271 5162
f 5162 5271 5175
f 5162 5175 5165
f 5162 5165 5164
f 5162 5164 5163
f 5165 5175 5166
f 5167 5255 5272
f 5167 5272 5168
f 5168 5272 5169
f 5169 5272 5267
f 5170 5175 5273
f 5170 5273 5274
f 5170 5274 5275
f 5170 5275 5171
f 5171 5276 5277
f 5171 5277 5172
f 5171 5275 5276
f 5172 5277 5173
f 5173 5277 5177
f 5175 5271 5278
f 5175 5278 5279
f 5175 5279 5273
f 5177 5280 5178
f 5177 5277 5280
f 5178 5281 5282
f 5178 5282 5179
f 5178 5280 5281
f 5179 5282 5180
f 5180 5282 5231
f 5181 5283 5284
f 5181 5284 5182
f 5182 5285 5286
f 5182 5286 5183
f 5182 5284 5287
f 5182 5287 5288
f 5182 5288 5289
f 5182 5289 5290
f 5182 5290 5291
f 5182 5291 5292
f 5182 5292 5293
f 5182 5293 5294
f 5182 5294 5285
f 5183 5185 5184
f 5183 5286 5185
f 5185 5286 5186
f 5186 5286 5187
f 5187 5286 5295
f 5187 5295 5207
f 5187 5207 5296
f 5187 5296 5188
f 5188 5296 5189
f 5189 5296 5297
f 5189 5297 5200
f 5189 5200 5191
f 5191 5197 5192
f 5194 5213 5212
f 5194 5212 5298
f 5194 5298 5299
f 5194 5299 5300
f 5194 5300 5195
f 5195 5300 5301
f 5195 5301 5196
f 5196 5301 5302
f 5198 5303 5199
f 5198 5200 5303
f 5199 5303 5204
f 5200 5297 5296
f 5200 5296 5206
f 5200 5206 5304
f 5200 5304 5303
f 5201 5207 5295
f 5201 5295 5305
f 5201 5305 5202
f 5202 5305 5203
f 5203 5306 5294
f 5203 5294 5307
f 5203 5307 5308
f 5203 5308 5309
f 5203 5309 5312
f 5203 5312 5208
f 5203 5305 5310
f 5203 5310 5311
f 5203 5311 5306
f 5204 5303 5205
f 5205 5303 5304
f 5205 5304 5206
f 5206 5296 5207
f 5208 5312 5210
f 5208 5210 5209
f 5210 5312 5313
f 5210 5313 5211
f 5211 5313 5314
f 5211 5314 5212
f 5212 5314 5298
f 5226 5315 5228
f 5226 5228 5227
f 5226 5231 5316
f 5226 5316 5315
f 5228 5315 5317
f 5228 5317 5318
f 5228 5318 5229
f 5229 5318 5230
f 5230 5318 5232
f 5231 5282 5319
f 5231 5319 5316
f 5232 5318 5233
f 5233 5318 5320
f 5233 5320 5234
f 5234 5321 5322
f 5234 5322 5323
f 5234 5323 5324
f 5234 5324 5325
f 5234 5325 5239
f 5234 5320 5321
f 5235 5240 5236
f 5236 5326 5327
f 5236 5327 5328
f 5236 5328 5329
f 5236 5329 5330
f 5236 5330 5331
f 5236 5331 5237
f 5236 5240 5239
f 5236 5239 5332
f 5236 5332 5333
f 5236 5333 5326
f 5237 5331 5330
f 5237 5330 5334
f 5237 5334 5335
f 5237 5335 5336
f 5237 5336 5337
f 5237 5337 5338
f 5237 5338 5339
f 5237 5339 5238
f 5238 5339 5338
f 5238 5338 5241
f 5239 5325 5332
f 5241 5340 5341
f 5241 5341 5342
f 5241 5342 5242
f 5241 5338 5337
f 5241 5337 5343
f 5241 5343 5344
f 5241 5344 5340
f 5242 5342 5243
f 5243 5342 5345
f 5243 5345 5346
f 5243 5346 5244
f 5244 5346 5245
f 5251 5264 5347
f 5251 5347 5252
f 5252 5347 5348
f 5252 5348 5349
f 5252 5349 5350
f 5252 5350 5253
f 5253 5350 5351
f 5253 5351 5254
f 5254 5351 5352
f 5254 5352 5353
f 5254 5353 5354
f 5254 5354 5355
f 5254 5355 5356
f 5254 5356 5357
f 5254 5357 5358
f 5254 5358 5272
f 5254 5272 5255
f 5267 5272 5358
f 5267 5358 5268
f 5268 5359 5360
f 5268 5360 5361
f 5268 5361 5362
f 5268 5362 5363
f 5268 5363 5269
f 5268 5358 5359
f 5269 5363 5271
f 5269 5271 5270
f 5271 5363 5278
f 5273 5279 5274
f 5274 5364 5275
f 5274 5279 5364
f 5275 5364 5276
f 5276 5365 5366
f 5276 5366 5277
f 5276 5364 5367
f 5276 5367 5365
f 5277 5366 5368
f 5277 5368 5369
f 5277 5369 5280
f 5278 5363 5279
f 5279 5363 5364
f 5280 5369 5281
f 5281 5369 5370
f 5281 5370 5282
f 5282 5370 5319
f 5283 5371 5284
f 5284 5371 5287
f 5285 5294 5311
f 5285 5311 5372
f 5285 5372 5286
f 5286 5372 5295
f 5287 5371 5373
f 5287 5373 5288
f 5288 5373 5289
f 5289 5374 5375
f 5289 5375 5376
f 5289 5376 5377
f 5289 5377 5378
f 5289 5378 5379
f 5289 5379 5380
f 5289 5380 5381
f 5289 5381 5382
f 5289 5382 5383
f 5289 5383 5384
f 5289 5384 5290
f 5289 5373 5374
f 5290 5384 5291
f 5291 5383 5385
f 5291 5385 5309
f 5291 5309 5292
f 5291 5384 5383
f 5292 5309 5308
f 5292 5308 5293
f 5293 5308 5294
f 5294 5308 5307
f 5294 5306 5311
f 5295 5372 5311
f 5295 5311 5305
f 5298 5386 5299
f 5298 5314 5387
f 5298 5387 5386
f 5299 5386 5300
f 5300 5386 5388
f 5300 5388 5301
f 5301 5388 5389
f 5301 5389 5302
f 5302 5389 5390
f 5305 5311 5310
f 5309 5385 5391
f 5309 5391 5393
f 5309 5393 5312
f 5312 5392 5313
f 5312 5393 5392
f 5313 5392 5394
f 5313 5394 5393
f 5313 5393 5395
f 5313 5395 5396
f 5313 5396 5314
f 5314 5396 5397
f 5314 5397 5387
f 5315 5316 5317
f 5316 5319 5370
f 5316 5370 5398
f 5316 5398 5399
f 5316 5399 5400
f 5316 5400 5401
f 5316 5401 5402
f 5316 5402 5317
f 5317 5402 5403
f 5317 5403 5404
f 5317 5404 5318
f 5318 5404 5405
f 5318 5405 5406
f 5318 5406 5407
f 5318 5407 5321
f 5318 5321 5320
f 5321 5408 5409
f 5321 5409 5322
f 5321 5407 5408
f 5322 5409 5323
f 5323 5409 5324
f 5324 5409 5410
f 5324 5410 5332
f 5324 5332 5325
f 5326 5411 5327
f 5326 5333 5412
f 5326 5412 5413
f 5326 5413 5414
f 5326 5414 5411
f 5327 5411 5415
f 5327 5415 5328
f 5328 5415 5336
f 5328 5336 5329
f 5329 5336 5335
f 5329 5335 5334
f 5329 5334 5330
f 5332 5410 5416
f 5332 5416 5413
f 5332 5413 5333
f 5333 5413 5412
f 5336 5417 5418
f 5336 5418 5419
f 5336 5419 5420
f 5336 5420 5343
f 5336 5343 5337
f 5336 5415 5421
f 5336 5421 5422
f 5336 5422 5417
f 5340 5344 5341
f 5341 5423 5424
f 5341 5424 5342
f 5341 5344 5423
f 5342 5424 5425
f 5342 5425 5345
f 5343 5420 5344
f 5344 5420 5423
f 5345 5425 5426
f 5349 5353 5352
f 5349 5352 5351
f 5349 5351 5350
f 5349 5427 5353
f 5353 5427 5428
f 5353 5428 5429
f 5353 5429 5430
f 5353 5430 5431
f 5353 5431 5354
f 5354 5431 5355
f 5355 5431 5356
f 5356 5431 5357
f 5357 5431 5359
f 5357 5359 5358
f 5359 5431 5360
f 5360 5431 5432
f 5360 5432 5433
f 5360 5433 5434
f 5360 5434 5361
f 5361 5434 5435
f 5361 5435 5362
f 5362 5436 5437
f 5362 5437 5363
f 5362 5435 5436
f 5363 5437 5364
f 5364 5438 5439
f 5364 5439 5367
f 5364 5437 5440
f 5364 5440 5438
f 5365 5441 5442
f 5365 5442 5366
f 5365 5367 5443
f 5365 5443 5441
f 5366 5442 5444
f 5366 5444 5368
f 5367 5439 5525
f 5367 5525 5443
f 5368 5444 5445
f 5368 5445 5446
f 5368 5446 5370
f 5368 5370 5369
f 5370 5446 5398
f 5371 5447 5448
f 5371 5448 5375
f 5371 5375 5373
f 5373 5375 5374
f 5375 5449 5450
f 5375 5450 5376
f 5375 5448 5451
f 5375 5451 5449
f 5376 5450 5452
f 5376 5452 5377
f 5377 5452 5453
f 5377 5453 5379
f 5377 5379 5378
f 5379 5453 5454
f 5379 5454 5455
f 5379 5455 5380
f 5380 5455 5456
f 5380 5456 5457
f 5380 5457 5458
f 5380 5458 5381
f 5381 5458 5385
f 5381 5385 5383
f 5381 5383 5382
f 5385 5458 5391
f 5386 5387 5459
f 5386 5459 5460
f 5386 5460 5388
f 5387 5397 5461
f 5387 5461 5459
f 5388 5460 5462
f 5388 5462 5389
f 5389 5462 5463
f 5389 5463 5464
f 5389 5464 5390
f 5390 5464 5465
f 5391 5466 5467
f 5391 5467 5468
f 5391 5468 5471
f 5391 5471 5393
f 5391 5458 5457
f 5391 5457 5469
f 5391 5469 5470
f 5391 5470 5466
f 5392 5393 5394
f 5393 5471 5395
f 5395 5471 5472
f 5395 5472 5396
f 5396 5472 5397
f 5397 5472 5471
f 5397 5471 5473
f 5397 5473 5474
f 5397 5474 5461
f 5398 5475 5399
f 5398 5446 5475
f 5399 5476 5400
f 5399 5475 5476
f 5400 5476 5477
f 5400 5477 5478
f 5400 5478 5479
f 5400 5479 5401
f 5401 5479 5402
f 5402 5479 5403
f 5403 5480 5404
f 5403 5479 5480
f 5404 5480 5481
f 5404 5481 5482
f 5404 5482 5405
f 5405 5482 5406
f 5406 5482 5483
f 5406 5483 5408
f 5406 5408 5407
f 5408 5484 5485
f 5408 5485 5409
f 5408 5483 5486
f 5408 5486 5487
f 5408 5487 5484
f 5409 5485 5488
f 5409 5488 5410
f 5410 5488 5416
f 5411 5414 5489
f 5411 5489 5490
f 5411 5490 5491
f 5411 5491 5492
f 5411 5492 5415
f 5413 5416 5414
f 5414 5416 5489
f 5415 5492 5421
f 5416 5488 5489
f 5417 5422 5493
f 5417 5493 5418
f 5418 5494 5495
f 5418 5495 5496
f 5418 5496 5419
f 5418 5493 5497
f 5418 5497 5494
f 5419 5496 5423
f 5419 5423 5420
f 5421 5492 5422
f 5422 5492 5498
f 5422 5498 5499
f 5422 5499 5500
f 5422 5500 5493
f 5423 5496 5501
f 5423 5501 5424
f 5424 5501 5425
f 5425 5502 5503
f 5425 5503 5426
f 5425 5501 5502
f 5429 5504 5431
f 5429 5431 5430
f 5431 5504 5505
f 5431 5505 5506
f 5431 5506 5507
f 5431 5507 5508
f 5431 5508 5432
f 5432 5508 5509
f 5432 5509 5433
f 5433 5510 5511
f 5433 5511 5512
f 5433 5512 5513
f 5433 5513 5514
f 5433 5514 5434
f 5433 5509 5510
f 5434 5514 5515
f 5434 5515 5516
f 5434 5516 5517
f 5434 5517 5518
f 5434 5518 5436
f 5434 5436 5435
f 5436 5518 5519
f 5436 5519 5520
f 5436 5520 5437
f 5437 5520 5521
f 5437 5521 5522
f 5437 5522 5440
f 5438 5440 5522
f 5438 5522 5523
f 5438 5523 5524
f 5438 5524 5525
f 5438 5525 5439
f 5441 5526 5527
f 5441 5527 5528
f 5441 5528 5529
f 5441 5529 5442
f 5441 5443 5525
f 5441 5525 5526
f 5442 5529 5530
f 5442 5530 5444
f 5444 5530 5445
f 5445 5531 5532
f 5445 5532 5475
f 5445 5475 5446
f 5445 5530 5533
f 5445 5533 5534
f 5445 5534 5531
f 5447 5535 5536
f 5447 5536 5448
f 5448 5536 5537
f 5448 5537 5451
f 5449 5538 5450
f 5449 5451 5538
f 5450 5538 5452
f 5451 5537 5538
f 5452 5539 5540
f 5452 5540 5541
f 5452 5541 5542
f 5452 5542 5453
f 5452 5538 5543
f 5452 5543 5544
f 5452 5544 5545
f 5452 5545 5539
f 5453 5542 5546
f 5453 5546 5454
f 5454 5546 5455
f 5455 5546 5456
f 5456 5547 5469
f 5456 5469 5457
f 5456 5546 5548
f 5456 5548 5549
f 5456 5549 5547
f 5459 5461 5550
f 5459 5550 5460
f 5460 5550 5551
f 5460 5551 5552
f 5460 5552 5462
f 5461 5474 5553
f 5461 5553 5550
f 5462 5552 5554
f 5462 5554 5555
f 5462 5555 5463
f 5463 5555 5464
f 5464 5555 5556
f 5464 5556 5557
f 5464 5557 5558
f 5464 5558 5559
f 5464 5559 5560
f 5464 5560 5561
f 5464 5561 5562
f 5464 5562 5465
f 5466 5470 5563
f 5466 5563 5564
f 5466 5564 5565
f 5466 5565 5467
f 5467 5566 5468
f 5467 5565 5564
f 5467 5564 5567
f 5467 5567 5566
f 5468 5568 5569
f 5468 5569 5570
f 5468 5570 5571
f 5468 5571 5471
f 5468 5566 5572
f 5468 5572 5573
f 5468 5573 5574
f 5468 5574 5575
f 5468 5575 5576
f 5468 5576 5568
f 5469 5547 5549
f 5469 5549 5548
f 5469 5548 5577
f 5469 5577 5470
f 5470 5577 5578
f 5470 5578 5579
f 5470 5579 5564
f 5470 5564 5563
f 5471 5571 5580
f 5471 5580 5581
f 5471 5581 5582
f 5471 5582 5474
f 5471 5474 5473
f 5474 5582 5581
f 5474 5581 5553
f 5475 5532 5531
f 5475 5531 5583
f 5475 5583 5584
f 5475 5584 5585
f 5475 5585 5476
f 5476 5585 5477
f 5477 5586 5478
f 5477 5585 5584
f 5477 5584 5586
f 5478 5586 5587
f 5478 5587 5588
f 5478 5588 5479
f 5479 5588 5589
f 5479 5589 5480
f 5480 5589 5590
f 5480 5590 5481
f 5481 5590 5591
f 5481 5591 5486
f 5481 5486 5482
f 5482 5486 5483
f 5484 5592 5593
f 5484 5593 5594
f 5484 5594 5485
f 5484 5487 5486
f 5484 5486 5592
f 5485 5594 5595
f 5485 5595 5596
f 5485 5596 5489
f 5485 5489 5488
f 5486 5591 5597
f 5486 5597 5592
f 5489 5596 5490
f 5490 5596 5491
f 5491 5598 5498
f 5491 5498 5492
f 5491 5596 5599
f 5491 5599 5600
f 5491 5600 5598
f 5493 5500 5497
f 5494 5601 5602
f 5494 5602 5495
f 5494 5497 5500
f 5494 5500 5601
f 5495 5602 5603
f 5495 5603 5604
f 5495 5604 5501
f 5495 5501 5496
f 5498 5605 5606
f 5498 5606 5607
f 5498 5607 5499
f 5498 5598 5608
f 5498 5608 5609
f 5498 5609 5605
f 5499 5607 5500
f 5500 5607 5610
f 5500 5610 5601
f 5501 5611 5502
f 5501 5604 5603
f 5501 5603 5611
f 5502 5612 5503
f 5502 5611 5613
f 5502 5613 5612
f 5508 5614 5509
f 5509 5615 5616
f 5509 5616 5511
f 5509 5511 5510
f 5509 5614 5615
f 5511 5616 5722
f 5511 5722 5617
f 5511 5617 5512
f 5512 5617 5515
f 5512 5515 5513
f 5513 5515 5514
f 5515 5618 5619
f 5515 5619 5620
f 5515 5620 5621
f 5515 5621 5622
f 5515 5622 5516
f 5515 5617 5618
f 5516 5622 5623
f 5516 5623 5517
f 5517 5623 5518
f 5518 5623 5624
f 5518 5624 5519
f 5519 5624 5625
f 5519 5625 5522
f 5519 5522 5521
f 5519 5521 5520
f 5522 5626 5523
f 5522 5625 5626
f 5523 5627 5524
f 5523 5626 5627
f 5524 5627 5628
f 5524 5628 5526
f 5524 5526 5525
f 5526 5629 5630
f 5526 5630 5527
f 5526 5628 5631
f 5526 5631 5629
f 5527 5630 5528
f 5528 5630 5632
f 5528 5632 5633
f 5528 5633 5634
f 5528 5634 5635
f 5528 5635 5636
f 5528 5636 5637
f 5528 5637 5529
f 5529 5534 5533
f 5529 5533 5530
f 5529 5637 5534
f 5531 5637 5636
f 5531 5636 5583
f 5531 5534 5637
f 5535 5638 5537
f 5535 5537 5536
f 5537 5638 5639
f 5537 5639 5640
f 5537 5640 5538
f 5538 5544 5543
f 5538 5640 5544
f 5539 5641 5642
f 5539 5642 5540
f 5539 5545 5643
f 5539 5643 5644
f 5539 5644 5641
f 5540 5642 5645
f 5540 5645 5541
f 5541 5645 5646
f 5541 5646 5546
f 5541 5546 5542
f 5544 5640 5639
f 5544 5639 5545
f 5545 5639 5647
f 5545 5647 5643
f 5546 5646 5648
f 5546 5648 5548
f 5548 5648 5578
f 5548 5578 5577
f 5550 5553 5551
f 5551 5553 5552
f 5552 5553 5649
f 5552 5649 5650
f 5552 5650 5554
f 5553 5581 5580
f 5553 5580 5571
f 5553 5571 5651
f 5553 5651 5649
f 5554 5650 5652
f 5554 5652 5555
f 5555 5652 5653
f 5555 5653 5556
f 5556 5653 5654
f 5556 5654 5655
f 5556 5655 5557
f 5557 5656 5657
f 5557 5657 5658
f 5557 5658 5558
f 5557 5655 5659
f 5557 5659 5660
f 5557 5660 5661
f 5557 5661 5662
f 5557 5662 5663
f 5557 5663 5664
f 5557 5664 5656
f 5564 5579 5665
f 5564 5665 5567
f 5566 5567 5666
f 5566 5666 5572
f 5567 5667 5666
f 5567 5665 5667
f 5568 5668 5669
f 5568 5669 5569
f 5568 5576 5668
f 5569 5669 5570
f 5570 5669 5670
f 5570 5670 5668
f 5570 5668 5671
f 5570 5671 5672
f 5570 5672 5673
f 5570 5673 5651
f 5570 5651 5571
f 5572 5666 5573
f 5573 5666 5575
f 5573 5575 5574
f 5575 5666 5674
f 5575 5674 5675
f 5575 5675 5676
f 5575 5676 5677
f 5575 5677 5576
f 5576 5677 5668
f 5578 5648 5646
f 5578 5646 5579
f 5579 5646 5678
f 5579 5678 5645
f 5579 5645 5665
f 5583 5679 5777
f 5583 5777 5680
f 5583 5680 5681
f 5583 5681 5682
f 5583 5682 5683
f 5583 5683 5584
f 5583 5636 5750
f 5583 5750 5679
f 5584 5683 5684
f 5584 5684 5685
f 5584 5685 5686
f 5584 5686 5687
f 5584 5687 5586
f 5586 5687 5686
f 5586 5686 5587
f 5587 5686 5588
f 5588 5686 5688
f 5588 5688 5689
f 5588 5689 5589
f 5589 5689 5690
f 5589 5690 5691
f 5589 5691 5692
f 5589 5692 5693
f 5589 5693 5591
f 5589 5591 5590
f 5591 5693 5692
f 5591 5692 5694
f 5591 5694 5597
f 5592 5695 5697
f 5592 5697 5593
f 5592 5597 5694
f 5592 5694 5692
f 5592 5692 5696
f 5592 5696 5695
f 5593 5697 5698
f 5593 5698 5594
f 5594 5698 5699
f 5594 5699 5595
f 5595 5699 5600
f 5595 5600 5599
f 5595 5599 5596
f 5598 5600 5608
f 5600 5699 5608
f 5601 5610 5700
f 5601 5700 5701
f 5601 5701 5702
f 5601 5702 5602
f 5602 5702 5703
f 5602 5703 5704
f 5602 5704 5603
f 5603 5704 5611
f 5605 5705 5606
f 5605 5609 5705
f 5606 5706 5700
f 5606 5700 5607
f 5606 5705 5706
f 5607 5700 5610
f 5608 5699 5698
f 5608 5698 5707
f 5608 5707 5708
f 5608 5708 5709
f 5608 5709 5710
f 5608 5710 5609
f 5609 5710 5709
f 5609 5709 5711
f 5609 5711 5712
f 5609 5712 5705
f 5611 5704 5713
f 5611 5713 5613
f 5612 5613 5714
f 5612 5714 5715
f 5613 5716 5717
f 5613 5717 5715
f 5613 5715 5714
f 5613 5713 5716
f 5614 5718 5719
f 5614 5719 5720
f 5614 5720 5721
f 5614 5721 5615
f 5615 5721 5722
f 5615 5722 5616
f 5617 5722 5719
f 5617 5719 5618
f 5618 5719 5619
f 5619 5719 5718
f 5619 5718 5723
f 5619 5723 5724
f 5619 5724 5725
f 5619 5725 5620
f 5620 5725 5621
f 5621 5725 5726
f 5621 5726 5727
f 5621 5727 5728
f 5621 5728 5729
f 5621 5729 5623
f 5621 5623 5622
f 5623 5729 5624
f 5624 5729 5730
f 5624 5730 5731
f 5624 5731 5625
f 5625 5731 5626
f 5626 5731 5730
f 5626 5730 5732
f 5626 5732 5733
f 5626 5733 5628
f 5626 5628 5627
f 5628 5733 5734
f 5628 5734 5735
f 5628 5735 5631
f 5629 5631 5736
f 5629 5736 5632
f 5629 5632 5630
f 5631 5735 5737
f 5631 5737 5736
f 5632 5736 5633
f 5633 5738 5739
f 5633 5739 5634
f 5633 5736 5740
f 5633 5740 5741
f 5633 5741 5738
f 5634 5742 5743
f 5634 5743 5635
f 5634 5739 5744
f 5634 5744 5745
f 5634 5745 5742
f 5635 5743 5746
f 5635 5746 5747
f 5635 5747 5748
f 5635 5748 5749
f 5635 5749 5750
f 5635 5750 5636
f 5638 5751 5752
f 5638 5752 5647
f 5638 5647 5639
f 5641 5753 5665
f 5641 5665 5642
f 5641 5644 5753
f 5642 5665 5645
f 5643 5647 5754
f 5643 5754 5644
f 5644 5754 5755
f 5644 5755 5753
f 5645 5678 5646
f 5647 5752 5754
f 5649 5651 5650
f 5650 5651 5652
f 5651 5673 5772
f 5651 5772 5756
f 5651 5756 5652
f 5652 5756 5653
f 5653 5756 5654
f 5654 5756 5757
f 5654 5757 5655
f 5655 5757 5659
f 5659 5757 5758
f 5659 5758 5759
f 5659 5759 5660
f 5660 5759 5760
f 5660 5760 5761
f 5660 5761 5661
f 5661 5761 5762
f 5661 5762 5662
f 5662 5762 5763
f 5662 5763 5663
f 5663 5763 5764
f 5665 5753 5765
f 5665 5765 5766
f 5665 5766 5675
f 5665 5675 5767
f 5665 5767 5667
f 5666 5667 5768
f 5666 5768 5675
f 5666 5675 5674
f 5667 5767 5675
f 5667 5675 5768
f 5668 5670 5669
f 5668 5677 5671
f 5671 5769 5672
f 5671 5677 5770
f 5671 5770 5771
f 5671 5771 5769
f 5672 5769 5673
f 5673 5769 5773
f 5673 5773 5772
f 5675 5774 5770
f 5675 5770 5677
f 5675 5677 5775
f 5675 5775 5676
f 5675 5766 5774
f 5676 5775 5677
f 5679 5750 5749
f 5679 5749 5776
f 5679 5776 5777
f 5680 5777 5778
f 5680 5778 5684
f 5680 5684 5681
f 5681 5684 5682
f 5682 5684 5683
f 5684 5778 5875
f 5684 5875 5779
f 5684 5779 5685
f 5685 5779 5686
f 5686 5779 5688
f 5688 5780 5690
f 5688 5690 5689
f 5688 5779 5781
f 5688 5781 5780
f 5690 5780 5691
f 5691 5780 5782
f 5691 5782 5783
f 5691 5783 5692
f 5692 5783 5696
f 5695 5784 5785
f 5695 5785 5786
f 5695 5786 5787
f 5695 5787 5697
f 5695 5696 5788
f 5695 5788 5784
f 5696 5783 5789
f 5696 5789 5788
f 5697 5787 5707
f 5697 5707 5698
f 5700 5790 5791
f 5700 5791 5792
f 5700 5792 5793
f 5700 5793 5701
f 5700 5706 5794
f 5700 5794 5795
f 5700 5795 5790
f 5701 5793 5796
f 5701 5796 5702
f 5702 5796 5797
f 5702 5797 5798
f 5702 5798 5703
f 5703 5798 5716
f 5703 5716 5713
f 5703 5713 5704
f 5705 5799 5800
f 5705 5800 5794
f 5705 5794 5706
f 5705 5712 5711
f 5705 5711 5799
f 5707 5787 5801
f 5707 5801 5785
f 5707 5785 5802
f 5707 5802 5803
f 5707 5803 5804
f 5707 5804 5708
f 5708 5804 5709
f 5709 5804 5803
f 5709 5803 5805
f 5709 5805 5711
f 5711 5805 5799
f 5715 5717 5806
f 5716 5807 5808
f 5716 5808 5717
f 5716 5798 5797
f 5716 5797 5807
f 5717 5808 5809
f 5717 5809 5810
f 5717 5810 5806
f 5718 5811 5723
f 5719 5722 5721
f 5719 5721 5720
f 5723 5812 5813
f 5723 5813 5814
f 5723 5814 5724
f 5723 5811 5815
f 5723 5815 5812
f 5724 5814 5816
f 5724 5816 5817
f 5724 5817 5725
f 5725 5817 5818
f 5725 5818 5726
f 5726 5818 5819
f 5726 5819 5727
f 5727 5819 5728
f 5728 5819 5729
f 5729 5819 5732
f 5729 5732 5730
f 5732 5819 5733
f 5733 5820 5737
f 5733 5737 5734
f 5733 5819 5818
f 5733 5818 5820
f 5734 5737 5735
f 5736 5737 5821
f 5736 5821 5822
f 5736 5822 5740
f 5737 5820 5823
f 5737 5823 5822
f 5737 5822 5821
f 5738 5824 5745
f 5738 5745 5744
f 5738 5744 5739
f 5738 5741 5824
f 5740 5822 5825
f 5740 5825 5826
f 5740 5826 5741
f 5741 5826 5827
f 5741 5827 5828
f 5741 5828 5824
f 5742 5745 5829
f 5742 5829 5830
f 5742 5830 5746
f 5742 5746 5743
f 5745 5831 5832
f 5745 5832 5829
f 5745 5824 5833
f 5745 5833 5834
f 5745 5834 5831
f 5746 5835 5747
f 5746 5830 5836
f 5746 5836 5835
f 5747 5835 5748
f 5748 5835 5837
f 5748 5837 5749
f 5749 5837 5838
f 5749 5838 5776
f 5751 5839 5840
f 5751 5840 5752
f 5752 5840 5754
f 5753 5755 5765
f 5754 5840 5755
f 5755 5840 5841
f 5755 5841 5842
f 5755 5842 5765
f 5756 5772 5843
f 5756 5843 5844
f 5756 5844 5845
f 5756 5845 5846
f 5756 5846 5757
f 5757 5846 5759
f 5757 5759 5758
f 5759 5847 5848
f 5759 5848 5760
f 5759 5846 5845
f 5759 5845 5849
f 5759 5849 5850
f 5759 5850 5847
f 5760 5848 5761
f 5761 5848 5851
f 5761 5851 5852
f 5761 5852 5853
f 5761 5853 5762
f 5762 5853 5854
f 5762 5854 5763
f 5763 5854 5855
f 5763 5855 5856
f 5763 5856 5857
f 5763 5857 5764
f 5765 5858 5859
f 5765 5859 5860
f 5765 5860 5766
f 5765 5842 5858
f 5766 5860 5774
f 5769 5861 5773
f 5769 5771 5861
f 5770 5774 5771
f 5771 5774 5862
f 5771 5862 5863
f 5771 5863 5861
f 5772 5773 5864
f 5772 5864 5865
f 5772 5865 5843
f 5773 5866 5864
f 5773 5861 5867
f 5773 5867 5866
f 5774 5868 5862
f 5774 5860 5869
f 5774 5869 5868
f 5776 5838 5870
f 5776 5870 5777
f 5777 5870 5871
f 5777 5871 5872
f 5777 5872 5873
f 5777 5873 5874
f 5777 5874 5778
f 5778 5874 5976
f 5778 5976 5875
f 5779 5875 5781
f 5780 5876 5877
f 5780 5877 5878
f 5780 5878 5782
f 5780 5781 5879
f 5780 5879 5876
f 5781 5875 5879
f 5782 5878 5880
f 5782 5880 5783
f 5783 5880 5789
f 5784 5788 5785
f 5785 5881 5882
f 5785 5882 5802
f 5785 5801 5786
f 5785 5788 5880
f 5785 5880 5881
f 5786 5801 5787
f 5788 5789 5880
f 5790 5883 5791
f 5790 5795 5886
f 5790 5886 5883
f 5791 5883 5884
f 5791 5884 5987
f 5791 5987 5885
f 5791 5885 5796
f 5791 5796 5792
f 5792 5796 5793
f 5794 5800 5795
f 5795 5800 5886
f 5796 5885 5887
f 5796 5887 5797
f 5797 5887 5807
f 5799 5805 5888
f 5799 5888 5800
f 5800 5889 5886
f 5800 5888 5889
f 5802 5890 5892
f 5802 5892 5803
f 5802 5882 5891
f 5802 5891 5890
f 5803 5892 5893
f 5803 5893 5805
f 5805 5893 5888
f 5807 5894 5808
f 5807 5887 5894
f 5808 5894 5895
f 5812 5896 5813
f 5812 5815 5896
f 5813 5897 5814
f 5813 5896 5898
f 5813 5898 5899
f 5813 5899 5900
f 5813 5900 5897
f 5814 5897 5901
f 5814 5901 5816
f 5815 5902 5903
f 5815 5903 5904
f 5815 5904 5905
f 5815 5905 5896
f 5816 5901 5906
f 5816 5906 5907
f 5816 5907 5820
f 5816 5820 5817
f 5817 5820 5818
f 5820 5907 5825
f 5820 5825 5823
f 5822 5823 5825
f 5824 5908 5909
f 5824 5909 5833
f 5824 5828 5908
f 5825 5907 5906
f 5825 5906 5910
f 5825 5910 5827
f 5825 5827 5826
f 5827 5910 5828
f 5828 5910 5911
f 5828 5911 5912
f 5828 5912 5913
f 5828 5913 5833
f 5828 5833 5908
f 5829 5832 5914
f 5829 5914 5830
f 5830 5914 5915
f 5830 5915 5916
f 5830 5916 5836
f 5831 5917 5832
f 5831 5834 5917
f 5832 5917 5918
f 5832 5918 5919
f 5832 5919 5914
f 5833 5909 5908
f 5833 5913 5834
f 5834 5920 5921
f 5834 5921 5917
f 5834 5913 5922
f 5834 5922 5923
f 5834 5923 5924
f 5834 5924 5925
f 5834 5925 5920
f 5835 5836 5837
f 5836 5916 5915
f 5836 5915 5926
f 5836 5926 6027
f 5836 6027 5927
f 5836 5927 5838
f 5836 5838 5837
f 5838 5927 5928
f 5838 5928 5870
f 5839 5929 5840
f 5840 5929 5930
f 5840 5930 5931
f 5840 5931 5932
f 5840 5932 5841
f 5841 5932 5931
f 5841 5931 5933
f 5841 5933 5858
f 5841 5858 5842
f 5843 5865 5844
f 5844 5934 5849
f 5844 5849 5845
f 5844 5865 5934
f 5847 5850 5935
f 5847 5935 5851
f 5847 5851 5848
f 5849 5934 5850
f 5850 5934 5936
f 5850 5936 5937
f 5850 5937 5938
f 5850 5938 5935
f 5851 5935 5938
f 5851 5938 5939
f 5851 5939 5940
f 5851 5940 5852
f 5852 5940 5853
f 5853 5941 5854
f 5853 5940 5942
f 5853 5942 5941
f 5854 5943 5944
f 5854 5944 5855
f 5854 5941 5943
f 5855 5945 5946
f 5855 5946 5947
f 5855 5947 5948
f 5855 5948 5949
f 5855 5949 5856
f 5855 5944 5945
f 5856 5949 5950
f 5856 5950 5951
f 5856 5951 5857
f 5858 5952 5859
f 5858 5933 5952
f 5859 5953 5954
f 5859 5954 5860
f 5859 5952 5955
f 5859 5955 5956
f 5859 5956 5957
f 5859 5957 5953
f 5860 5954 5958
f 5860 5958 5869
f 5861 5959 5960
f 5861 5960 5867
f 5861 5863 5961
f 5861 5961 5959
f 5862 5869 5962
f 5862 5962 5863
f 5862 5868 5869
f 5863 5962 5963
f 5863 5963 5961
f 5864 5866 5865
f 5865 5964 6080
f 5865 6080 5965
f 5865 5965 5934
f 5865 5866 5966
f 5865 5966 5967
f 5865 5967 5968
f 5865 5968 5964
f 5866 5867 5969
f 5866 5969 5967
f 5866 5967 5966
f 5867 5960 5969
f 5869 5958 5962
f 5870 5928 5871
f 5871 5928 5970
f 5871 5970 5971
f 5871 5971 5972
f 5871 5972 5973
f 5871 5973 5974
f 5871 5974 5879
f 5871 5879 5975
f 5871 5975 5872
f 5872 5975 5873
f 5873 5975 5976
f 5873 5976 5874
f 5875 5976 5879
f 5876 5977 5877
f 5876 5879 5974
f 5876 5974 5977
f 5877 5977 5972
f 5877 5972 5978
f 5877 5978 5880
f 5877 5880 5878
f 5879 5976 5975
f 5880 5978 5979
f 5880 5979 5980
f 5880 5980 5881
f 5881 5981 5891
f 5881 5891 5882
f 5881 5980 6091
f 5881 6091 5981
f 5883 5886 5988
f 5883 5988 5982
f 5883 5982 5884
f 5884 5982 5983
f 5884 5983 5984
f 5884 5984 5985
f 5884 5985 5986
f 5884 5986 5987
f 5885 5987 5887
f 5886 5889 5988
f 5887 5989 5894
f 5887 5987 5989
f 5888 5893 5990
f 5888 5990 5991
f 5888 5991 5992
f 5888 5992 5993
f 5888 5993 5889
f 5889 5993 5988
f 5890 5994 5996
f 5890 5996 5892
f 5890 5891 5994
f 5891 5981 5995
f 5891 5995 5994
f 5892 5996 5990
f 5892 5990 5893
f 5894 5997 5998
f 5894 5998 5895
f 5894 5989 5987
f 5894 5987 5986
f 5894 5986 5999
f 5894 5999 6000
f 5894 6000 6001
f 5894 6001 5997
f 5895 5998 6002
f 5896 5905 6003
f 5896 6003 5898
f 5897 5900 5906
f 5897 5906 5901
f 5898 6003 6004
f 5898 6004 5899
f 5899 6004 6003
f 5899 6003 6005
f 5899 6005 6006
f 5899 6006 6007
f 5899 6007 5900
f 5900 6007 5912
f 5900 5912 5906
f 5902 6008 6009
f 5902 6009 5903
f 5903 6009 6010
f 5903 6010 6011
f 5903 6011 6012
f 5903 6012 5904
f 5904 6012 6003
f 5904 6003 5905
f 5906 5912 5910
f 5910 5912 5911
f 5912 6007 5913
f 5913 6007 6006
f 5913 6006 6013
f 5913 6013 5922
f 5914 5919 5915
f 5915 5919 6019
f 5915 6019 5926
f 5917 6014 5918
f 5917 5921 6015
f 5917 6015 6014
f 5918 6014 6016
f 5918 6016 5919
f 5919 6017 6018
f 5919 6018 6138
f 5919 6138 6019
f 5919 6016 6017
f 5920 6020 6021
f 5920 6021 6015
f 5920 6015 5921
f 5920 5925 6022
f 5920 6022 6020
f 5922 6013 5924
f 5922 5924 5923
f 5924 6013 6006
f 5924 6006 6023
f 5924 6023 6012
f 5924 6012 5925
f 5925 6012 6024
f 5925 6024 6025
f 5925 6025 6026
f 5925 6026 6022
f 5926 6019 6139
f 5926 6139 6027
f 5927 6027 5928
f 5928 6027 6139
f 5928 6139 6028
f 5928 6028 6029
f 5928 6029 5970
f 5931 6030 5933
f 5933 6030 6031
f 5933 6031 5955
f 5933 5955 5952
f 5934 5965 6032
f 5934 6032 5936
f 5936 6033 6034
f 5936 6034 6035
f 5936 6035 5937
f 5936 6032 6036
f 5936 6036 6037
f 5936 6037 6033
f 5937 6038 6039
f 5937 6039 5938
f 5937 6035 6040
f 5937 6040 6041
f 5937 6041 6038
f 5938 6039 6042
f 5938 6042 6038
f 5938 6038 6043
f 5938 6043 6044
f 5938 6044 5939
f 5939 6044 5942
f 5939 5942 5940
f 5941 6045 5944
f 5941 5944 5943
f 5941 5942 6045
f 5942 6044 6046
f 5942 6046 6045
f 5944 6045 6047
f 5944 6047 5945
f 5945 6047 6048
f 5945 6048 6049
f 5945 6049 5946
f 5946 6049 6050
f 5946 6050 6051
f 5946 6051 6052
f 5946 6052 6053
f 5946 6053 6054
f 5946 6054 6055
f 5946 6055 6056
f 5946 6056 6057
f 5946 6057 6058
f 5946 6058 6059
f 5946 6059 5947
f 5953 6060 5954
f 5953 5957 6060
f 5954 6060 6061
f 5954 6061 6062
f 5954 6062 5958
f 5955 6063 6064
f 5955 6064 5956
f 5955 6031 6063
f 5956 6064 5957
f 5957 6064 6065
f 5957 6065 6066
f 5957 6066 6067
f 5957 6067 6068
f 5957 6068 6069
f 5957 6069 6070
f 5957 6070 6071
f 5957 6071 6060
f 5958 6062 6072
f 5958 6072 5962
f 5959 6073 5967
f 5959 5967 5960
f 5959 5961 6073
f 5960 5967 5969
f 5961 5963 6074
f 5961 6074 6075
f 5961 6075 6073
f 5962 6072 6076
f 5962 6076 5963
f 5963 6076 6077
f 5963 6077 6074
f 5964 6078 6079
f 5964 6079 6080
f 5964 5968 6078
f 5965 6080 6146
f 5965 6146 6032
f 5967 6073 6075
f 5967 6075 6074
f 5967 6074 6081
f 5967 6081 5968
f 5968 6082 6083
f 5968 6083 6084
f 5968 6084 6085
f 5968 6085 6078
f 5968 6081 6086
f 5968 6086 6087
f 5968 6087 6082
f 5970 6029 5971
f 5971 6029 6090
f 5971 6090 5972
f 5972 6088 6089
f 5972 6089 5978
f 5972 5977 5974
f 5972 5974 5973
f 5972 6090 6088
f 5978 6089 6091
f 5978 6091 5979
f 5979 6091 5980
f 5981 6092 5995
f 5981 6091 6093
f 5981 6093 6092
f 5982 5988 5983
f 5983 5988 5984
f 5984 6094 6095
f 5984 6095 5985
f 5984 5988 6096
f 5984 6096 6094
f 5985 6095 5986
f 5986 6095 6000
f 5986 6000 5999
f 5988 5993 5992
f 5988 5992 6096
f 5990 5996 6097
f 5990 6097 6098
f 5990 6098 5992
f 5990 5992 5991
f 5992 6099 6100
f 5992 6100 6101
f 5992 6101 6096
f 5992 6098 6099
f 5994 6102 6103
f 5994 6103 5996
f 5994 5995 6092
f 5994 6092 6102
f 5996 6103 6104
f 5996 6104 6097
f 5997 6105 5998
f 5997 6001 6105
f 5998 6106 6107
f 5998 6107 6002
f 5998 6105 6108
f 5998 6108 6106
f 6000 6095 6109
f 6000 6109 6110
f 6000 6110 6108
f 6000 6108 6001
f 6001 6108 6111
f 6001 6111 6105
f 6003 6012 6005
f 6005 6012 6023
f 6005 6023 6112
f 6005 6112 6006
f 6006 6112 6023
f 6008 6113 6114
f 6008 6114 6115
f 6008 6115 6116
f 6008 6116 6117
f 6008 6117 6118
f 6008 6118 6009
f 6009 6118 6119
f 6009 6119 6120
f 6009 6120 6121
f 6009 6121 6122
f 6009 6122 6123
f 6009 6123 6124
f 6009 6124 6010
f 6010 6124 6125
f 6010 6125 6126
f 6010 6126 6127
f 6010 6127 6012
f 6010 6012 6011
f 6012 6127 6024
f 6014 6128 6129
f 6014 6129 6016
f 6014 6015 6130
f 6014 6130 6131
f 6014 6131 6128
f 6015 6021 6132
f 6015 6132 6133
f 6015 6133 6134
f 6015 6134 6130
f 6016 6129 6135
f 6016 6135 6017
f 6017 6135 6136
f 6017 6136 6018
f 6018 6136 6137
f 6018 6137 6138
f 6019 6138 6247
f 6019 6247 6139
f 6020 6022 6140
f 6020 6140 6132
f 6020 6132 6021
f 6022 6026 6140
f 6024 6127 6025
f 6025 6127 6126
f 6025 6126 6125
f 6025 6125 6141
f 6025 6141 6133
f 6025 6133 6132
f 6025 6132 6140
f 6025 6140 6026
f 6028 6142 6029
f 6028 6139 6247
f 6028 6247 6142
f 6029 6142 6143
f 6029 6143 6144
f 6029 6144 6090
f 6031 6145 6063
f 6032 6146 6147
f 6032 6147 6036
f 6033 6037 6148
f 6033 6148 6034
f 6034 6148 6149
f 6034 6149 6035
f 6035 6149 6040
f 6036 6147 6037
f 6037 6147 6150
f 6037 6150 6151
f 6037 6151 6148
f 6038 6042 6039
f 6038 6041 6043
f 6040 6149 6152
f 6040 6152 6153
f 6040 6153 6154
f 6040 6154 6155
f 6040 6155 6156
f 6040 6156 6157
f 6040 6157 6159
f 6040 6159 6041
f 6041 6158 6043
f 6041 6159 6160
f 6041 6160 6161
f 6041 6161 6158
f 6043 6158 6044
f 6044 6162 6046
f 6044 6158 6161
f 6044 6161 6160
f 6044 6160 6163
f 6044 6163 6164
f 6044 6164 6159
f 6044 6159 6162
f 6045 6165 6047
f 6045 6046 6165
f 6046 6162 6166
f 6046 6166 6167
f 6046 6167 6165
f 6047 6168 6048
f 6047 6165 6168
f 6048 6168 6169
f 6048 6169 6170
f 6048 6170 6049
f 6049 6170 6171
f 6049 6171 6050
f 6050 6171 6172
f 6050 6172 6173
f 6050 6173 6051
f 6051 6173 6174
f 6051 6174 6175
f 6051 6175 6176
f 6051 6176 6177
f 6051 6177 6178
f 6051 6178 6052
f 6060 6071 6061
f 6061 6179 6077
f 6061 6077 6180
f 6061 6180 6072
f 6061 6072 6062
f 6061 6071 6179
f 6063 6065 6064
f 6063 6145 6066
f 6063 6066 6065
f 6066 6181 6182
f 6066 6182 6067
f 6067 6182 6068
f 6068 6182 6181
f 6068 6181 6183
f 6068 6183 6184
f 6068 6184 6185
f 6068 6185 6186
f 6068 6186 6187
f 6068 6187 6069
f 6069 6187 6186
f 6069 6186 6188
f 6069 6188 6070
f 6070 6188 6077
f 6070 6077 6179
f 6070 6179 6071
f 6072 6180 6076
f 6074 6189 6190
f 6074 6190 6087
f 6074 6087 6086
f 6074 6086 6081
f 6074 6077 6188
f 6074 6188 6189
f 6076 6180 6077
f 6078 6085 6191
f 6078 6191 6079
f 6079 6191 6192
f 6079 6192 6193
f 6079 6193 6080
f 6080 6193 6146
f 6082 6087 6083
f 6083 6087 6084
f 6084 6087 6194
f 6084 6194 6192
f 6084 6192 6191
f 6084 6191 6085
f 6087 6190 6195
f 6087 6195 6196
f 6087 6196 6194
f 6088 6197 6089
f 6088 6090 6197
f 6089 6197 6198
f 6089 6198 6199
f 6089 6199 6091
f 6090 6144 6197
f 6091 6199 6200
f 6091 6200 6093
f 6092 6201 6202
f 6092 6202 6102
f 6092 6093 6200
f 6092 6200 6203
f 6092 6203 6201
f 6094 6204 6095
f 6094 6096 6101
f 6094 6101 6204
f 6095 6204 6109
f 6097 6104 6099
f 6097 6099 6098
f 6099 6104 6205
f 6099 6205 6100
f 6100 6206 6101
f 6100 6205 6207
f 6100 6207 6206
f 6101 6206 6208
f 6101 6208 6209
f 6101 6209 6204
f 6102 6202 6210
f 6102 6210 6103
f 6103 6210 6104
f 6104 6210 6211
f 6104 6211 6212
f 6104 6212 6205
f 6105 6111 6108
f 6106 6213 6214
f 6106 6214 6215
f 6106 6215 6107
f 6106 6108 6216
f 6106 6216 6213
f 6108 6217 6216
f 6108 6110 6217
f 6109 6204 6218
f 6109 6218 6110
f 6110 6218 6219
f 6110 6219 6220
f 6110 6220 6216
f 6110 6216 6217
f 6113 6221 6222
f 6113 6222 6223
f 6113 6223 6114
f 6114 6223 6222
f 6114 6222 6224
f 6114 6224 6225
f 6114 6225 6115
f 6115 6225 6226
f 6115 6226 6116
f 6116 6226 6119
f 6116 6119 6117
f 6117 6119 6118
f 6119 6226 6120
f 6120 6227 6228
f 6120 6228 6229
f 6120 6229 6121
f 6120 6226 6225
f 6120 6225 6230
f 6120 6230 6231
f 6120 6231 6232
f 6120 6232 6227
f 6121 6125 6124
f 6121 6124 6123
f 6121 6123 6122
f 6121 6229 6233
f 6121 6233 6234
f 6121 6234 6141
f 6121 6141 6125
f 6128 6235 6236
f 6128 6236 6129
f 6128 6131 6237
f 6128 6237 6235
f 6129 6236 6235
f 6129 6235 6238
f 6129 6238 6360
f 6129 6360 6239
f 6129 6239 6135
f 6130 6134 6240
f 6130 6240 6131
f 6131 6240 6241
f 6131 6241 6237
f 6133 6141 6242
f 6133 6242 6241
f 6133 6241 6134
f 6134 6241 6240
f 6135 6239 6243
f 6135 6243 6136
f 6136 6243 6244
f 6136 6244 6137
f 6137 6244 6245
f 6137 6245 6246
f 6137 6246 6247
f 6137 6247 6138
f 6141 6234 6242
f 6142 6248 6143
f 6142 6247 6246
f 6142 6246 6245
f 6142 6245 6248
f 6143 6248 6249
f 6143 6249 6250
f 6143 6250 6251
f 6143 6251 6252
f 6143 6252 6198
f 6143 6198 6144
f 6144 6198 6197
f 6146 6193 6253
f 6146 6253 6147
f 6147 6253 6254
f 6147 6254 6150
f 6148 6151 6255
f 6148 6255 6256
f 6148 6256 6257
f 6148 6257 6149
f 6149 6257 6258
f 6149 6258 6259
f 6149 6259 6152
f 6150 6254 6151
f 6151 6254 6255
f 6152 6155 6154
f 6152 6154 6153
f 6152 6259 6260
f 6152 6260 6261
f 6152 6261 6155
f 6155 6261 6156
f 6156 6262 6263
f 6156 6263 6157
f 6156 6261 6264
f 6156 6264 6265
f 6156 6265 6262
f 6157 6263 6266
f 6157 6266 6267
f 6157 6267 6268
f 6157 6268 6269
f 6157 6269 6270
f 6157 6270 6271
f 6157 6271 6272
f 6157 6272 6159
f 6159 6164 6163
f 6159 6163 6160
f 6159 6272 6166
f 6159 6166 6162
f 6165 6167 6166
f 6165 6166 6272
f 6165 6272 6273
f 6165 6273 6274
f 6165 6274 6275
f 6165 6275 6276
f 6165 6276 6168
f 6168 6276 6277
f 6168 6277 6278
f 6168 6278 6169
f 6169 6278 6279
f 6169 6279 6280
f 6169 6280 6170
f 6170 6280 6281
f 6170 6281 6282
f 6170 6282 6283
f 6170 6283 6284
f 6170 6284 6171
f 6171 6284 6285
f 6171 6285 6172
f 6172 6285 6286
f 6172 6286 6173
f 6173 6286 6287
f 6173 6287 6288
f 6173 6288 6289
f 6173 6289 6290
f 6173 6290 6291
f 6173 6291 6174
f 6181 6292 6293
f 6181 6293 6294
f 6181 6294 6183
f 6183 6294 6295
f 6183 6295 6296
f 6183 6296 6184
f 6184 6296 6295
f 6184 6295 6185
f 6185 6295 6186
f 6186 6297 6298
f 6186 6298 6188
f 6186 6295 6299
f 6186 6299 6297
f 6188 6298 6297
f 6188 6297 6300
f 6188 6300 6301
f 6188 6301 6189
f 6189 6301 6302
f 6189 6302 6190
f 6190 6302 6195
f 6192 6194 6303
f 6192 6303 6193
f 6193 6303 6304
f 6193 6304 6253
f 6194 6196 6305
f 6194 6305 6306
f 6194 6306 6303
f 6195 6302 6307
f 6195 6307 6308
f 6195 6308 6196
f 6196 6309 6305
f 6196 6308 6310
f 6196 6310 6309
f 6198 6311 6199
f 6198 6252 6311
f 6199 6311 6312
f 6199 6312 6313
f 6199 6313 6314
f 6199 6314 6315
f 6199 6315 6316
f 6199 6316 6203
f 6199 6203 6200
f 6201 6317 6318
f 6201 6318 6319
f 6201 6319 6202
f 6201 6203 6320
f 6201 6320 6317
f 6202 6319 6327
f 6202 6327 6211
f 6202 6211 6210
f 6203 6316 6320
f 6204 6321 6218
f 6204 6209 6321
f 6205 6212 6322
f 6205 6322 6207
f 6206 6207 6208
f 6207 6322 6323
f 6207 6323 6208
f 6208 6324 6325
f 6208 6325 6326
f 6208 6326 6209
f 6208 6323 6324
f 6209 6326 6321
f 6211 6327 6322
f 6211 6322 6212
f 6213 6328 6214
f 6213 6216 6328
f 6216 6329 6330
f 6216 6330 6331
f 6216 6331 6332
f 6216 6332 6333
f 6216 6333 6334
f 6216 6334 6335
f 6216 6335 6328
f 6216 6220 6336
f 6216 6336 6337
f 6216 6337 6338
f 6216 6338 6329
f 6218 6321 6339
f 6218 6339 6219
f 6219 6339 6340
f 6219 6340 6341
f 6219 6341 6342
f 6219 6342 6336
f 6219 6336 6220
f 6221 6343 6344
f 6221 6344 6345
f 6221 6345 6222
f 6222 6345 6344
f 6222 6344 6346
f 6222 6346 6347
f 6222 6347 6348
f 6222 6348 6231
f 6222 6231 6224
f 6224 6231 6230
f 6224 6230 6225
f 6227 6349 6350
f 6227 6350 6228
f 6227 6232 6349
f 6228 6350 6351
f 6228 6351 6229
f 6229 6351 6352
f 6229 6352 6233
f 6231 6348 6232
f 6232 6348 6353
f 6232 6353 6349
f 6233 6352 6354
f 6233 6354 6242
f 6233 6242 6234
f 6235 6355 6238
f 6235 6237 6356
f 6235 6356 6357
f 6235 6357 6473
f 6235 6473 6355
f 6237 6241 6356
f 6238 6355 6358
f 6238 6358 6359
f 6238 6359 6479
f 6238 6479 6360
f 6239 6360 6482
f 6239 6482 6361
f 6239 6361 6245
f 6239 6245 6362
f 6239 6362 6243
f 6241 6363 6357
f 6241 6357 6356
f 6241 6242 6364
f 6241 6364 6471
f 6241 6471 6363
f 6242 6354 6364
f 6243 6362 6244
f 6244 6362 6245
f 6245 6365 6250
f 6245 6250 6249
f 6245 6249 6248
f 6245 6361 6365
f 6250 6365 6366
f 6250 6366 6251
f 6251 6366 6367
f 6251 6367 6368
f 6251 6368 6252
f 6252 6368 6430
f 6252 6430 6369
f 6252 6369 6311
f 6253 6304 6370
f 6253 6370 6371
f 6253 6371 6372
f 6253 6372 6254
f 6254 6372 6373
f 6254 6373 6255
f 6255 6373 6371
f 6255 6371 6256
f 6256 6374 6257
f 6256 6371 6375
f 6256 6375 6376
f 6256 6376 6377
f 6256 6377 6374
f 6257 6374 6378
f 6257 6378 6379
f 6257 6379 6258
f 6258 6260 6259
f 6258 6379 6380
f 6258 6380 6381
f 6258 6381 6382
f 6258 6382 6260
f 6260 6382 6261
f 6261 6382 6383
f 6261 6383 6384
f 6261 6384 6264
f 6262 6265 6385
f 6262 6385 6386
f 6262 6386 6387
f 6262 6387 6388
f 6262 6388 6263
f 6263 6388 6266
f 6264 6384 6389
f 6264 6389 6265
f 6265 6390 6385
f 6265 6389 6391
f 6265 6391 6390
f 6266 6388 6267
f 6267 6388 6387
f 6267 6387 6268
f 6268 6387 6392
f 6268 6392 6269
f 6269 6392 6393
f 6269 6393 6270
f 6270 6393 6394
f 6270 6394 6395
f 6270 6395 6396
f 6270 6396 6397
f 6270 6397 6398
f 6270 6398 6271
f 6271 6398 6397
f 6271 6397 6399
f 6271 6399 6400
f 6271 6400 6401
f 6271 6401 6274
f 6271 6274 6272
f 6272 6274 6273
f 6274 6276 6275
f 6274 6401 6402
f 6274 6402 6277
f 6274 6277 6276
f 6277 6402 6403
f 6277 6403 6279
f 6277 6279 6278
f 6279 6403 6281
f 6279 6281 6280
f 6281 6403 6404
f 6281 6404 6405
f 6281 6405 6406
f 6281 6406 6407
f 6281 6407 6284
f 6281 6284 6283
f 6281 6283 6282
f 6284 6407 6408
f 6284 6408 6285
f 6285 6408 6409
f 6285 6409 6410
f 6285 6410 6287
f 6285 6287 6286
f 6287 6410 6411
f 6287 6411 6288
f 6288 6412 6413
f 6288 6413 6414
f 6288 6414 6289
f 6288 6411 6415
f 6288 6415 6416
f 6288 6416 6417
f 6288 6417 6412
f 6292 6418 6293
f 6293 6418 6419
f 6293 6419 6294
f 6294 6419 6420
f 6294 6420 6295
f 6295 6420 6299
f 6297 6421 6422
f 6297 6422 6423
f 6297 6423 6300
f 6297 6299 6420
f 6297 6420 6424
f 6297 6424 6557
f 6297 6557 6421
f 6300 6423 6307
f 6300 6307 6301
f 6301 6307 6302
f 6303 6306 6304
f 6304 6306 6305
f 6304 6305 6425
f 6304 6425 6370
f 6305 6309 6426
f 6305 6426 6425
f 6307 6423 6308
f 6308 6423 6310
f 6309 6427 6426
f 6309 6310 6427
f 6310 6423 6428
f 6310 6428 6427
f 6311 6369 6312
f 6312 6369 6430
f 6312 6430 6313
f 6313 6429 6314
f 6313 6430 6429
f 6314 6429 6431
f 6314 6431 6432
f 6314 6432 6433
f 6314 6433 6315
f 6315 6433 6568
f 6315 6568 6434
f 6315 6434 6320
f 6315 6320 6316
f 6317 6435 6436
f 6317 6436 6318
f 6317 6320 6434
f 6317 6434 6435
f 6318 6436 6437
f 6318 6437 6319
f 6319 6437 6438
f 6319 6438 6327
f 6321 6326 6339
f 6322 6327 6438
f 6322 6438 6323
f 6323 6439 6440
f 6323 6440 6324
f 6323 6438 6441
f 6323 6441 6442
f 6323 6442 6443
f 6323 6443 6439
f 6324 6444 6325
f 6324 6440 6444
f 6325 6444 6445
f 6325 6445 6326
f 6326 6445 6341
f 6326 6341 6340
f 6326 6340 6339
f 6329 6338 6446
f 6329 6446 6447
f 6329 6447 6448
f 6329 6448 6330
f 6330 6448 6449
f 6330 6449 6450
f 6330 6450 6331
f 6331 6334 6333
f 6331 6333 6332
f 6336 6338 6337
f 6336 6342 6338
f 6338 6342 6451
f 6338 6451 6447
f 6338 6447 6446
f 6341 6445 6452
f 6341 6452 6342
f 6342 6452 6453
f 6342 6453 6451
f 6343 6454 6455
f 6343 6455 6456
f 6343 6456 6457
f 6343 6457 6344
f 6344 6457 6456
f 6344 6456 6455
f 6344 6455 6458
f 6344 6458 6346
f 6346 6459 6460
f 6346 6460 6461
f 6346 6461 6462
f 6346 6462 6347
f 6346 6458 6459
f 6347 6462 6463
f 6347 6463 6348
f 6348 6463 6353
f 6349 6464 6465
f 6349 6465 6350
f 6349 6353 6464
f 6350 6465 6466
f 6350 6466 6351
f 6351 6467 6352
f 6351 6466 6468
f 6351 6468 6467
f 6352 6467 6469
f 6352 6469 6470
f 6352 6470 6471
f 6352 6471 6354
f 6353 6463 6472
f 6353 6472 6464
f 6354 6471 6364
f 6355 6473 6476
f 6355 6476 6358
f 6357 6363 6471
f 6357 6471 6469
f 6357 6469 6473
f 6358 6474 6475
f 6358 6475 6359
f 6358 6476 6477
f 6358 6477 6478
f 6358 6478 6474
f 6359 6475 6479
f 6360 6479 6480
f 6360 6480 6481
f 6360 6481 6482
f 6361 6482 6483
f 6361 6483 6484
f 6361 6484 6365
f 6365 6484 6366
f 6366 6484 6485
f 6366 6485 6367
f 6367 6485 6486
f 6367 6486 6368
f 6368 6486 6487
f 6368 6487 6429
f 6368 6429 6430
f 6370 6425 6426
f 6370 6426 6427
f 6370 6427 6488
f 6370 6488 6489
f 6370 6489 6490
f 6370 6490 6491
f 6370 6491 6492
f 6370 6492 6493
f 6370 6493 6376
f 6370 6376 6371
f 6371 6376 6375
f 6371 6373 6372
f 6374 6377 6494
f 6374 6494 6378
f 6376 6493 6377
f 6377 6493 6494
f 6378 6494 6495
f 6378 6495 6496
f 6378 6496 6379
f 6379 6496 6497
f 6379 6497 6380
f 6380 6497 6381
f 6381 6497 6382
f 6382 6497 6498
f 6382 6498 6383
f 6383 6498 6499
f 6383 6499 6384
f 6384 6499 6500
f 6384 6500 6501
f 6384 6501 6502
f 6384 6502 6389
f 6385 6390 6503
f 6385 6503 6386
f 6386 6503 6387
f 6387 6504 6392
f 6387 6503 6505
f 6387 6505 6506
f 6387 6506 6504
f 6389 6507 6391
f 6389 6502 6507
f 6390 6391 6508
f 6390 6508 6503
f 6391 6507 6509
f 6391 6509 6508
f 6392 6504 6510
f 6392 6510 6393
f 6393 6395 6394
f 6393 6510 6395
f 6395 6511 6396
f 6395 6510 6512
f 6395 6512 6513
f 6395 6513 6514
f 6395 6514 6515
f 6395 6515 6511
f 6396 6511 6397
f 6397 6516 6399
f 6397 6511 6515
f 6397 6515 6517
f 6397 6517 6518
f 6397 6518 6516
f 6399 6516 6400
f 6400 6516 6401
f 6401 6516 6519
f 6401 6519 6520
f 6401 6520 6521
f 6401 6521 6522
f 6401 6522 6523
f 6401 6523 6524
f 6401 6524 6402
f 6402 6525 6403
f 6402 6524 6526
f 6402 6526 6527
f 6402 6527 6528
f 6402 6528 6529
f 6402 6529 6530
f 6402 6530 6531
f 6402 6531 6525
f 6403 6532 6533
f 6403 6533 6534
f 6403 6534 6404
f 6403 6525 6535
f 6403 6535 6536
f 6403 6536 6537
f 6403 6537 6532
f 6404 6533 6405
f 6404 6534 6533
f 6405 6533 6538
f 6405 6538 6539
f 6405 6539 6540
f 6405 6540 6406
f 6406 6541 6407
f 6406 6540 6542
f 6406 6542 6543
f 6406 6543 6541
f 6407 6541 6408
f 6408 6541 6409
f 6409 6541 6544
f 6409 6544 6410
f 6410 6544 6545
f 6410 6545 6411
f 6411 6545 6546
f 6411 6546 6547
f 6411 6547 6415
f 6412 6417 6413
f 6413 6417 6549
f 6413 6549 6548
f 6415 6547 6550
f 6415 6550 6417
f 6415 6417 6416
f 6417 6550 6549
f 6418 6551 6552
f 6418 6552 6553
f 6418 6553 6419
f 6419 6553 6554
f 6419 6554 6555
f 6419 6555 6424
f 6419 6424 6420
f 6421 6556 6422
f 6421 6557 6720
f 6421 6720 6556
f 6422 6558 6428
f 6422 6428 6423
f 6422 6556 6558
f 6424 6559 6557
f 6424 6555 6560
f 6424 6560 6559
f 6427 6428 6561
f 6427 6561 6562
f 6427 6562 6563
f 6427 6563 6488
f 6428 6558 6561
f 6429 6564 6565
f 6429 6565 6566
f 6429 6566 6432
f 6429 6432 6431
f 6429 6487 6564
f 6432 6566 6433
f 6433 6567 6568
f 6433 6566 6567
f 6434 6568 6435
f 6435 6569 6436
f 6435 6568 6567
f 6435 6567 6570
f 6435 6570 6569
f 6436 6569 6571
f 6436 6571 6437
f 6437 6571 6441
f 6437 6441 6438
f 6439 6443 6572
f 6439 6572 6440
f 6440 6572 6573
f 6440 6573 6444
f 6441 6571 6574
f 6441 6574 6442
f 6442 6574 6443
f 6443 6574 6575
f 6443 6575 6576
f 6443 6576 6577
f 6443 6577 6572
f 6444 6578 6579
f 6444 6579 6580
f 6444 6580 6445
f 6444 6573 6578
f 6445 6581 6453
f 6445 6453 6452
f 6445 6580 6581
f 6447 6582 6448
f 6447 6451 6583
f 6447 6583 6584
f 6447 6584 6585
f 6447 6585 6586
f 6447 6586 6587
f 6447 6587 6582
f 6448 6582 6449
f 6449 6582 6588
f 6449 6588 6589
f 6449 6589 6590
f 6449 6590 6591
f 6449 6591 6450
f 6450 6591 6592
f 6451 6453 6583
f 6453 6581 6593
f 6453 6593 6584
f 6453 6584 6583
f 6454 6594 6595
f 6454 6595 6596
f 6454 6596 6455
f 6455 6596 6597
f 6455 6597 6458
f 6458 6597 6598
f 6458 6598 6599
f 6458 6599 6600
f 6458 6600 6601
f 6458 6601 6459
f 6459 6601 6602
f 6459 6602 6603
f 6459 6603 6604
f 6459 6604 6461
f 6459 6461 6460
f 6461 6604 6605
f 6461 6605 6606
f 6461 6606 6462
f 6462 6607 6608
f 6462 6608 6463
f 6462 6606 6609
f 6462 6609 6610
f 6462 6610 6607
f 6463 6608 6611
f 6463 6611 6612
f 6463 6612 6472
f 6464 6472 6613
f 6464 6613 6465
f 6465 6613 6466
f 6466 6613 6614
f 6466 6614 6615
f 6466 6615 6616
f 6466 6616 6617
f 6466 6617 6468
f 6467 6468 6473
f 6467 6473 6469
f 6468 6616 6473
f 6468 6617 6616
f 6469 6471 6470
f 6472 6612 6775
f 6472 6775 6613
f 6473 6616 6476
f 6474 6618 6475
f 6474 6478 6619
f 6474 6619 6620
f 6474 6620 6618
f 6475 6618 6621
f 6475 6621 6480
f 6475 6480 6479
f 6476 6616 6477
f 6477 6616 6615
f 6477 6615 6478
f 6478 6615 6619
f 6480 6621 6622
f 6480 6622 6623
f 6480 6623 6481
f 6481 6623 6624
f 6481 6624 6625
f 6481 6625 6484
f 6481 6484 6483
f 6481 6483 6482
f 6484 6625 6485
f 6485 6625 6624
f 6485 6624 6626
f 6485 6626 6486
f 6486 6626 6627
f 6486 6627 6487
f 6487 6627 6628
f 6487 6628 6629
f 6487 6629 6564
f 6488 6490 6489
f 6488 6563 6630
f 6488 6630 6631
f 6488 6631 6490
f 6490 6631 6632
f 6490 6632 6633
f 6490 6633 6491
f 6491 6633 6634
f 6491 6634 6635
f 6491 6635 6636
f 6491 6636 6492
f 6492 6637 6638
f 6492 6638 6493
f 6492 6636 6639
f 6492 6639 6637
f 6493 6638 6640
f 6493 6640 6495
f 6493 6495 6494
f 6495 6640 6638
f 6495 6638 6641
f 6495 6641 6500
f 6495 6500 6496
f 6496 6500 6497
f 6497 6500 6498
f 6498 6500 6499
f 6500 6641 6642
f 6500 6642 6643
f 6500 6643 6644
f 6500 6644 6501
f 6501 6644 6502
f 6502 6644 6645
f 6502 6645 6507
f 6503 6508 6505
f 6504 6506 6646
f 6504 6646 6647
f 6504 6647 6648
f 6504 6648 6510
f 6505 6508 6506
f 6506 6508 6649
f 6506 6649 6646
f 6507 6645 6509
f 6508 6509 6649
f 6509 6645 6644
f 6509 6644 6650
f 6509 6650 6649
f 6510 6648 6651
f 6510 6651 6512
f 6512 6652 6513
f 6512 6651 6652
f 6513 6652 6653
f 6513 6653 6514
f 6514 6653 6515
f 6515 6654 6655
f 6515 6655 6517
f 6515 6653 6656
f 6515 6656 6654
f 6516 6657 6519
f 6516 6518 6658
f 6516 6658 6659
f 6516 6659 6657
f 6517 6659 6660
f 6517 6660 6518
f 6517 6655 6654
f 6517 6654 6659
f 6518 6660 6659
f 6518 6659 6661
f 6518 6661 6658
f 6519 6657 6662
f 6519 6662 6663
f 6519 6663 6520
f 6520 6522 6521
f 6520 6663 6664
f 6520 6664 6522
f 6522 6665 6666
f 6522 6666 6523
f 6522 6664 6667
f 6522 6667 6665
f 6523 6666 6524
f 6524 6666 6526
f 6525 6531 6668
f 6525 6668 6535
f 6526 6666 6665
f 6526 6665 6527
f 6527 6665 6669
f 6527 6669 6670
f 6527 6670 6529
f 6527 6529 6528
f 6529 6670 6672
f 6529 6672 6530
f 6530 6671 6531
f 6530 6672 6536
f 6530 6536 6671
f 6531 6671 6668
f 6532 6537 6673
f 6532 6673 6674
f 6532 6674 6675
f 6532 6675 6676
f 6532 6676 6533
f 6533 6676 6677
f 6533 6677 6538
f 6535 6668 6671
f 6535 6671 6536
f 6536 6678 6679
f 6536 6679 6680
f 6536 6680 6681
f 6536 6681 6682
f 6536 6682 6537
f 6536 6672 6670
f 6536 6670 6678
f 6537 6682 6683
f 6537 6683 6673
f 6538 6677 6676
f 6538 6676 6684
f 6538 6684 6685
f 6538 6685 6686
f 6538 6686 6687
f 6538 6687 6540
f 6538 6540 6539
f 6541 6543 6688
f 6541 6688 6689
f 6541 6689 6690
f 6541 6690 6691
f 6541 6691 6692
f 6541 6692 6693
f 6541 6693 6544
f 6543 6694 6688
f 6544 6693 6695
f 6544 6695 6696
f 6544 6696 6697
f 6544 6697 6698
f 6544 6698 6699
f 6544 6699 6700
f 6544 6700 6545
f 6545 6700 6701
f 6545 6701 6702
f 6545 6702 6703
f 6545 6703 6704
f 6545 6704 6705
f 6545 6705 6706
f 6545 6706 6707
f 6545 6707 6708
f 6545 6708 6709
f 6545 6709 6710
f 6545 6710 6546
f 6546 6710 6547
f 6547 6711 6550
f 6547 6710 6854
f 6547 6854 6711
f 6548 6549 6712
f 6549 6550 6713
f 6549 6713 6714
f 6549 6714 6715
f 6549 6715 6712
f 6550 6711 6713
f 6551 6716 6552
f 6552 6716 6717
f 6552 6717 6718
f 6552 6718 6554
f 6552 6554 6553
f 6554 6718 6560
f 6554 6560 6555
f 6556 6719 6561
f 6556 6561 6558
f 6556 6720 6721
f 6556 6721 6722
f 6556 6722 6719
f 6557 6559 6720
f 6559 6560 6720
f 6560 6718 6723
f 6560 6723 6724
f 6560 6724 6720
f 6561 6719 6562
f 6562 6719 6725
f 6562 6725 6563
f 6563 6725 6722
f 6563 6722 6630
f 6564 6726 6565
f 6564 6629 6726
f 6565 6726 6567
f 6565 6567 6566
f 6567 6727 6570
f 6567 6726 6727
f 6569 6574 6571
f 6569 6570 6728
f 6569 6728 6729
f 6569 6729 6730
f 6569 6730 6574
f 6570 6727 6731
f 6570 6731 6729
f 6570 6729 6728
f 6572 6577 6732
f 6572 6732 6733
f 6572 6733 6573
f 6573 6733 6734
f 6573 6734 6735
f 6573 6735 6578
f 6574 6730 6575
f 6575 6730 6736
f 6575 6736 6737
f 6575 6737 6738
f 6575 6738 6576
f 6576 6738 6881
f 6576 6881 6739
f 6576 6739 6740
f 6576 6740 6741
f 6576 6741 6732
f 6576 6732 6577
f 6578 6735 6579
f 6579 6742 6580
f 6579 6735 6734
f 6579 6734 6733
f 6579 6733 6741
f 6579 6741 6742
f 6580 6743 6744
f 6580 6744 6593
f 6580 6593 6581
f 6580 6742 6741
f 6580 6741 6740
f 6580 6740 6743
f 6582 6745 6588
f 6582 6587 6586
f 6582 6586 6745
f 6584 6593 6744
f 6584 6744 6585
f 6585 6744 6746
f 6585 6746 6747
f 6585 6747 6586
f 6586 6747 6589
f 6586 6589 6745
f 6588 6745 6589
f 6589 6748 6749
f 6589 6749 6590
f 6589 6747 6750
f 6589 6750 6748
f 6590 6751 6752
f 6590 6752 6591
f 6590 6749 6751
f 6591 6752 6592
f 6592 6752 6753
f 6594 6754 6755
f 6594 6755 6595
f 6595 6755 6756
f 6595 6756 6757
f 6595 6757 6758
f 6595 6758 6596
f 6596 6758 6597
f 6597 6758 6759
f 6597 6759 6598
f 6598 6759 6760
f 6598 6760 6599
f 6599 6760 6761
f 6599 6761 6600
f 6600 6602 6601
f 6600 6761 6762
f 6600 6762 6763
f 6600 6763 6764
f 6600 6764 6603
f 6600 6603 6602
f 6603 6764 6763
f 6603 6763 6765
f 6603 6765 6766
f 6603 6766 6604
f 6604 6766 6605
f 6605 6766 6606
f 6606 6766 6609
f 6607 6610 6608
f 6608 6610 6767
f 6608 6767 6611
f 6609 6766 6768
f 6609 6768 6769
f 6609 6769 6770
f 6609 6770 6771
f 6609 6771 6610
f 6610 6771 6914
f 6610 6914 6767
f 6611 6767 6612
f 6612 6767 6772
f 6612 6772 6773
f 6612 6773 6774
f 6612 6774 6775
f 6613 6775 6776
f 6613 6776 6777
f 6613 6777 6614
f 6614 6777 6615
f 6615 6777 6778
f 6615 6778 6619
f 6618 6779 6780
f 6618 6780 6622
f 6618 6622 6621
f 6618 6620 6779
f 6619 6778 6620
f 6620 6778 6781
f 6620 6781 6782
f 6620 6782 6779
f 6622 6780 6923
f 6622 6923 6783
f 6622 6783 6784
f 6622 6784 6623
f 6623 6784 6624
f 6624 6784 6785
f 6624 6785 6626
f 6626 6786 6787
f 6626 6787 6788
f 6626 6788 6627
f 6626 6785 6789
f 6626 6789 6786
f 6627 6788 6790
f 6627 6790 6628
f 6628 6790 6791
f 6628 6791 6792
f 6628 6792 6629
f 6629 6792 6793
f 6629 6793 6726
f 6630 6722 6794
f 6630 6794 6795
f 6630 6795 6796
f 6630 6796 6632
f 6630 6632 6631
f 6632 6796 6797
f 6632 6797 6633
f 6633 6797 6634
f 6634 6797 6635
f 6635 6797 6798
f 6635 6798 6799
f 6635 6799 6639
f 6635 6639 6636
f 6637 6639 6638
f 6638 6639 6799
f 6638 6799 6798
f 6638 6798 6800
f 6638 6800 6641
f 6641 6801 6650
f 6641 6650 6802
f 6641 6802 6644
f 6641 6644 6642
f 6641 6800 6798
f 6641 6798 6803
f 6641 6803 6804
f 6641 6804 6805
f 6641 6805 6801
f 6642 6644 6643
f 6644 6802 6650
f 6646 6649 6805
f 6646 6805 6806
f 6646 6806 6807
f 6646 6807 6651
f 6646 6651 6647
f 6647 6651 6808
f 6647 6808 6809
f 6647 6809 6648
f 6648 6809 6651
f 6649 6650 6805
f 6650 6801 6810
f 6650 6810 6805
f 6651 6811 6652
f 6651 6809 6808
f 6651 6807 6812
f 6651 6812 6813
f 6651 6813 6814
f 6651 6814 6815
f 6651 6815 6653
f 6651 6653 6811
f 6652 6811 6653
f 6653 6815 6816
f 6653 6816 6817
f 6653 6817 6818
f 6653 6818 6819
f 6653 6819 6820
f 6653 6820 6821
f 6653 6821 6656
f 6654 6822 6659
f 6654 6656 6820
f 6654 6820 6823
f 6654 6823 6822
f 6656 6821 6820
f 6657 6659 6662
f 6658 6661 6659
f 6659 6822 6662
f 6662 6822 6824
f 6662 6824 6664
f 6662 6664 6663
f 6664 6824 6823
f 6664 6823 6825
f 6664 6825 6667
f 6665 6667 6826
f 6665 6826 6670
f 6665 6670 6669
f 6667 6825 6826
f 6670 6826 6827
f 6670 6827 6678
f 6673 6683 6674
f 6674 6676 6675
f 6674 6683 6681
f 6674 6681 6828
f 6674 6828 6829
f 6674 6829 6830
f 6674 6830 6676
f 6676 6830 6684
f 6678 6831 6679
f 6678 6827 6831
f 6679 6832 6833
f 6679 6833 6834
f 6679 6834 6680
f 6679 6831 6835
f 6679 6835 6832
f 6680 6834 6681
f 6681 6834 6828
f 6681 6683 6682
f 6684 6830 6829
f 6684 6836 6685
f 6685 6836 6686
f 6686 6836 6687
f 6688 6694 6837
f 6688 6837 6838
f 6688 6838 6689
f 6689 6838 6690
f 6690 6838 6839
f 6690 6839 6693
f 6690 6693 6691
f 6691 6693 6692
f 6693 6839 6844
f 6693 6844 6696
f 6693 6696 6695
f 6694 6840 6841
f 6694 6841 6842
f 6694 6842 6843
f 6694 6843 6837
f 6696 6844 6697
f 6697 6844 6845
f 6697 6845 6698
f 6698 6845 6846
f 6698 6846 6699
f 6699 6846 6700
f 6700 6846 6847
f 6700 6847 6701
f 6701 6847 6848
f 6701 6848 6702
f 6702 6848 6849
f 6702 6849 6850
f 6702 6850 6703
f 6703 6850 6704
f 6704 6850 6706
f 6704 6706 6705
f 6706 6850 6851
f 6706 6851 6852
f 6706 6852 6708
f 6706 6708 6707
f 6708 6852 6709
f 6709 6852 6853
f 6709 6853 6710
f 6710 6853 6854
f 6711 6854 6843
f 6711 6843 6855
f 6711 6855 6713
f 6712 6715 6857
f 6712 6857 6858
f 6712 6858 6859
f 6712 6859 6856
f 6713 6855 6714
f 6714 6855 6860
f 6714 6860 6861
f 6714 6861 6862
f 6714 6862 6715
f 6715 6862 6863
f 6715 6863 6864
f 6715 6864 6865
f 6715 6865 6858
f 6715 6858 6857
f 6716 6866 6717
f 6717 6866 6975
f 6717 6975 6867
f 6717 6867 6868
f 6717 6868 6718
f 6718 6869 6723
f 6718 6868 6869
f 6719 6722 6725
f 6720 6724 6870
f 6720 6870 6721
f 6721 6794 6722
f 6721 6870 6871
f 6721 6871 6872
f 6721 6872 6794
f 6723 6869 6873
f 6723 6873 6874
f 6723 6874 6870
f 6723 6870 6724
f 6726 6875 6876
f 6726 6876 6727
f 6726 6793 6875
f 6727 6876 6731
f 6729 6731 6730
f 6730 6877 6879
f 6730 6879 6736
f 6730 6731 6877
f 6731 6876 6878
f 6731 6878 6879
f 6731 6879 6877
f 6732 6741 6733
f 6736 6879 6737
f 6737 6880 6738
f 6737 6879 6878
f 6737 6878 6880
f 6738 6880 6881
f 6739 6882 6883
f 6739 6883 6740
f 6739 6881 6882
f 6740 6883 6884
f 6740 6884 6743
f 6743 6884 6885
f 6743 6885 6886
f 6743 6886 6744
f 6744 6886 6887
f 6744 6887 6746
f 6746 6887 6750
f 6746 6750 6747
f 6748 6750 6888
f 6748 6888 6889
f 6748 6889 6749
f 6749 6889 6751
f 6750 6887 6995
f 6750 6995 6888
f 6751 6890 6891
f 6751 6891 6892
f 6751 6892 6752
f 6751 6889 6890
f 6752 6892 6893
f 6752 6893 6894
f 6752 6894 6753
f 6754 6895 6755
f 6755 6895 6896
f 6755 6896 6897
f 6755 6897 6898
f 6755 6898 6756
f 6756 6899 6757
f 6756 6898 6900
f 6756 6900 6899
f 6757 6899 6758
f 6758 6899 6759
f 6759 6901 6902
f 6759 6902 6903
f 6759 6903 6904
f 6759 6904 6760
f 6759 6899 6901
f 6760 6905 6906
f 6760 6906 6761
f 6760 6904 6905
f 6761 6906 6907
f 6761 6907 6762
f 6762 6906 6908
f 6762 6908 6909
f 6762 6909 6910
f 6762 6910 6911
f 6762 6911 6763
f 6762 6907 6906
f 6763 6911 6765
f 6765 6911 6912
f 6765 6912 6913
f 6765 6913 6768
f 6765 6768 6766
f 6767 6914 6915
f 6767 6915 6772
f 6768 6913 6769
f 6769 6913 6916
f 6769 6916 6917
f 6769 6917 6918
f 6769 6918 6919
f 6769 6919 6770
f 6770 6914 6771
f 6770 6919 6918
f 6770 6918 6920
f 6770 6920 6921
f 6770 6921 6914
f 6772 6915 6773
f 6773 6915 6776
f 6773 6776 6774
f 6774 6776 6775
f 6776 6922 6777
f 6776 6915 7023
f 6776 7023 6921
f 6776 6921 6922
f 6777 6922 6778
f 6778 6921 6781
f 6778 6922 6921
f 6779 6782 6923
f 6779 6923 6780
f 6781 6921 6924
f 6781 6924 6925
f 6781 6925 6782
f 6782 6925 7029
f 6782 7029 6923
f 6783 6926 6784
f 6783 6923 6926
f 6784 6927 6928
f 6784 6928 6789
f 6784 6789 6785
f 6784 6926 6927
f 6786 6929 6787
f 6786 6789 6928
f 6786 6928 6930
f 6786 6930 6929
f 6787 6929 6931
f 6787 6931 6790
f 6787 6790 6788
f 6790 6931 6792
f 6790 6792 6791
f 6792 6931 6793
f 6793 6931 6932
f 6793 6932 6933
f 6793 6933 6875
f 6794 6872 6934
f 6794 6934 6795
f 6795 6934 6978
f 6795 6978 6935
f 6795 6935 6936
f 6795 6936 6796
f 6796 6936 6937
f 6796 6937 6797
f 6797 6937 6798
f 6798 6938 6939
f 6798 6939 6804
f 6798 6804 6803
f 6798 6937 6940
f 6798 6940 6941
f 6798 6941 6938
f 6801 6805 6810
f 6804 6942 6805
f 6804 6939 6942
f 6805 6813 6806
f 6805 6942 6943
f 6805 6943 6944
f 6805 6944 6945
f 6805 6945 6946
f 6805 6946 6947
f 6805 6947 6948
f 6805 6948 6949
f 6805 6949 6950
f 6805 6950 6814
f 6805 6814 6813
f 6806 6813 6812
f 6806 6812 6807
f 6814 6950 6949
f 6814 6949 6815
f 6815 6949 6816
f 6816 6949 6951
f 6816 6951 6817
f 6819 6952 6820
f 6820 6952 6823
f 6822 6823 6824
f 6823 6952 6953
f 6823 6953 6832
f 6823 6832 6835
f 6823 6835 6825
f 6825 6835 6831
f 6825 6831 6954
f 6825 6954 6826
f 6826 6954 6827
f 6827 6954 6831
f 6828 6834 6829
f 6829 6834 6833
f 6832 6953 6952
f 6837 6843 6955
f 6837 6955 6838
f 6838 6955 6839
f 6839 6955 6844
f 6840 6956 7048
f 6840 7048 7151
f 6840 7151 7052
f 6840 7052 6957
f 6840 6957 6843
f 6840 6843 6842
f 6840 6842 6841
f 6843 6957 6958
f 6843 6958 6959
f 6843 6959 6960
f 6843 6960 6961
f 6843 6961 6962
f 6843 6962 6963
f 6843 6963 6855
f 6843 6854 6853
f 6843 6853 6964
f 6843 6964 6851
f 6843 6851 6849
f 6843 6849 6848
f 6843 6848 6847
f 6843 6847 6845
f 6843 6845 6844
f 6843 6844 6955
f 6845 6847 6846
f 6849 6851 6850
f 6851 6964 6852
f 6852 6964 6853
f 6855 6963 6965
f 6855 6965 6860
f 6856 6859 6967
f 6856 6967 6966
f 6858 6865 6859
f 6859 6865 6968
f 6859 6968 6967
f 6860 6965 6861
f 6861 6969 6863
f 6861 6863 6862
f 6861 6965 6970
f 6861 6970 6971
f 6861 6971 6969
f 6863 6972 6973
f 6863 6973 6864
f 6863 6969 6972
f 6864 6973 6972
f 6864 6972 6865
f 6865 6972 6974
f 6865 6974 6968
f 6867 6975 6976
f 6867 6976 6868
f 6868 6976 6977
f 6868 6977 6869
f 6869 6977 6873
f 6870 6874 6872
f 6870 6872 6871
f 6872 6874 6873
f 6872 6873 6978
f 6872 6978 6934
f 6873 6977 6979
f 6873 6979 6980
f 6873 6980 6981
f 6873 6981 6978
f 6875 6933 6982
f 6875 6982 6983
f 6875 6983 6878
f 6875 6878 6876
f 6878 6984 6985
f 6878 6985 6880
f 6878 6983 6986
f 6878 6986 6984
f 6880 6985 6881
f 6881 6985 6987
f 6881 6987 6988
f 6881 6988 6882
f 6882 6988 6883
f 6883 6988 6989
f 6883 6989 6990
f 6883 6990 6991
f 6883 6991 6885
f 6883 6885 6884
f 6885 6991 6992
f 6885 6992 6993
f 6885 6993 6994
f 6885 6994 6886
f 6886 6994 6887
f 6887 6994 6995
f 6888 6995 6889
f 6889 6995 6996
f 6889 6996 6890
f 6890 6996 6891
f 6891 6996 6997
f 6891 6997 6998
f 6891 6998 6999
f 6891 6999 6892
f 6892 6999 7000
f 6892 7000 6893
f 6893 7000 7001
f 6895 7002 6896
f 6896 7002 7003
f 6896 7003 6897
f 6897 7004 7005
f 6897 7005 6900
f 6897 6900 6898
f 6897 7003 7006
f 6897 7006 7004
f 6899 6900 7007
f 6899 7007 6901
f 6900 7005 7008
f 6900 7008 7009
f 6900 7009 7007
f 6901 7007 7010
f 6901 7010 6902
f 6902 7011 7012
f 6902 7012 6903
f 6902 7010 7013
f 6902 7013 7011
f 6903 7012 6905
f 6903 6905 6904
f 6905 7014 7015
f 6905 7015 7016
f 6905 7016 6906
f 6905 7012 7017
f 6905 7017 7014
f 6906 7016 6909
f 6906 6909 6908
f 6909 7018 6910
f 6909 7016 7019
f 6909 7019 7020
f 6909 7020 7021
f 6909 7021 7018
f 6910 7018 6912
f 6910 6912 6911
f 6912 7018 7022
f 6912 7022 6913
f 6913 7022 6916
f 6914 6921 7023
f 6914 7023 6915
f 6916 7022 7024
f 6916 7024 6917
f 6917 7024 7025
f 6917 7025 6918
f 6918 7026 7027
f 6918 7027 7028
f 6918 7028 6924
f 6918 6924 6920
f 6918 7025 7026
f 6920 6924 6921
f 6923 7029 6926
f 6924 7028 6925
f 6925 7030 7031
f 6925 7031 7029
f 6925 7028 7030
f 6926 7032 6927
f 6926 7029 7031
f 6926 7031 7032
f 6927 7033 7034
f 6927 7034 6928
f 6927 7032 7033
f 6928 7034 6930
f 6929 7035 6931
f 6929 6930 7035
f 6930 7034 7036
f 6930 7036 7037
f 6930 7037 7035
f 6931 7035 6932
f 6932 7035 7037
f 6932 7037 7038
f 6932 7038 6933
f 6933 7039 6982
f 6933 7038 7039
f 6935 6978 6981
f 6935 6981 7040
f 6935 7040 7041
f 6935 7041 6936
f 6936 7041 7042
f 6936 7042 6937
f 6937 7042 6940
f 6938 6941 7043
f 6938 7043 6939
f 6939 7043 7044
f 6939 7045 6942
f 6940 7042 7041
f 6940 7041 7040
f 6941 7044 7043
f 6942 7045 6943
f 6946 7046 6947
f 6947 7046 6948
f 6948 6951 6949
f 6956 7047 7048
f 6957 7049 7050
f 6957 7050 7051
f 6957 7051 6958
f 6957 7052 7049
f 6958 7051 7053
f 6958 7053 7054
f 6958 7054 6959
f 6959 7054 7055
f 6959 7055 6960
f 6960 7056 6961
f 6960 7055 7057
f 6960 7057 7056
f 6961 7058 6962
f 6961 7056 7058
f 6962 7058 6965
f 6962 6965 6963
f 6965 7058 6970
f 6966 6967 7059
f 6967 6968 7060
f 6967 7060 7061
f 6967 7061 7062
f 6967 7062 7063
f 6967 7063 7059
f 6968 6974 7064
f 6968 7064 7065
f 6968 7065 7060
f 6969 6971 7066
f 6969 7066 7067
f 6969 7067 7068
f 6969 7068 6972
f 6970 7069 6971
f 6970 7058 7070
f 6970 7070 7071
f 6970 7071 7069
f 6971 7069 7066
f 6972 7068 6974
f 6974 7068 7064
f 6976 6979 6977
f 6976 7072 7073
f 6976 7073 6979
f 6979 7073 6980
f 6980 7073 7072
f 6980 7072 6981
f 6981 7072 7074
f 6981 7074 7075
f 6981 7075 7040
f 6982 7076 7078
f 6982 7078 6983
f 6982 7039 7077
f 6982 7077 7076
f 6983 7078 6986
f 6984 6986 7078
f 6984 7078 7079
f 6984 7079 6985
f 6985 7080 7081
f 6985 7081 6987
f 6985 7079 7080
f 6987 7082 7083
f 6987 7083 6988
f 6987 7081 7082
f 6988 7084 7085
f 6988 7085 7086
f 6988 7086 6989
f 6988 7083 7082
f 6988 7082 7081
f 6988 7081 7084
f 6989 7086 7087
f 6989 7087 6990
f 6990 7087 6991
f 6991 7087 7086
f 6991 7086 6992
f 6992 7086 7088
f 6992 7088 7089
f 6992 7089 6993
f 6993 7089 7090
f 6993 7090 7091
f 6993 7091 7092
f 6993 7092 7093
f 6993 7093 6994
f 6994 7093 6995
f 6995 7093 7094
f 6995 7094 7095
f 6995 7095 7096
f 6995 7096 7097
f 6995 7097 6996
f 6996 7097 7098
f 6996 7098 7099
f 6996 7099 6997
f 6997 7099 6998
f 6998 7099 7100
f 6998 7100 7101
f 6998 7101 7102
f 6998 7102 7103
f 6998 7103 6999
f 6999 7103 7104
f 6999 7104 7000
f 7000 7104 7105
f 7000 7105 7106
f 7000 7106 7001
f 7004 7008 7005
f 7004 7006 7107
f 7004 7107 7108
f 7004 7108 7110
f 7004 7110 7008
f 7007 7009 7109
f 7007 7109 7010
f 7008 7110 7009
f 7009 7111 7112
f 7009 7112 7113
f 7009 7113 7109
f 7009 7110 7114
f 7009 7114 7111
f 7010 7109 7115
f 7010 7115 7013
f 7011 7013 7116
f 7011 7116 7117
f 7011 7117 7118
f 7011 7118 7012
f 7012 7118 7119
f 7012 7119 7120
f 7012 7120 7017
f 7013 7115 7121
f 7013 7121 7122
f 7013 7122 7123
f 7013 7123 7116
f 7014 7017 7120
f 7014 7120 7015
f 7015 7124 7016
f 7015 7120 7124
f 7016 7124 7125
f 7016 7125 7126
f 7016 7126 7127
f 7016 7127 7128
f 7016 7128 7129
f 7016 7129 7019
f 7018 7021 7022
f 7019 7129 7020
f 7020 7128 7127
f 7020 7127 7130
f 7020 7130 7026
f 7020 7026 7131
f 7020 7131 7024
f 7020 7024 7021
f 7020 7129 7128
f 7021 7024 7022
f 7024 7131 7025
f 7025 7131 7026
f 7026 7130 7132
f 7026 7132 7030
f 7026 7030 7027
f 7027 7030 7028
f 7030 7133 7031
f 7030 7132 7133
f 7031 7133 7134
f 7031 7134 7135
f 7031 7135 7136
f 7031 7136 7032
f 7032 7136 7033
f 7033 7136 7034
f 7034 7136 7137
f 7034 7137 7036
f 7036 7137 7138
f 7036 7138 7139
f 7036 7139 7140
f 7036 7140 7141
f 7036 7141 7037
f 7037 7141 7142
f 7037 7142 7143
f 7037 7143 7077
f 7037 7077 7038
f 7038 7077 7039
f 7040 7075 7144
f 7047 7145 7146
f 7047 7146 7147
f 7047 7147 7148
f 7047 7148 7048
f 7047 7149 7150
f 7047 7150 7145
f 7048 7148 7151
f 7049 7152 7050
f 7049 7052 7152
f 7050 7153 7053
f 7050 7053 7051
f 7050 7152 7154
f 7050 7154 7153
f 7052 7151 7155
f 7052 7155 7156
f 7052 7156 7157
f 7052 7157 7152
f 7053 7153 7158
f 7053 7158 7159
f 7053 7159 7160
f 7053 7160 7162
f 7053 7162 7161
f 7053 7161 7054
f 7054 7161 7055
f 7055 7161 7162
f 7055 7162 7057
f 7056 7057 7163
f 7056 7163 7164
f 7056 7164 7070
f 7056 7070 7058
f 7057 7162 7165
f 7057 7165 7166
f 7057 7166 7163
f 7060 7065 7167
f 7060 7167 7168
f 7060 7168 7061
f 7064 7169 7065
f 7064 7068 7169
f 7065 7170 7171
f 7065 7171 7167
f 7065 7169 7172
f 7065 7172 7114
f 7065 7114 7170
f 7066 7173 7068
f 7066 7068 7067
f 7066 7069 7174
f 7066 7174 7173
f 7068 7173 7175
f 7068 7175 7176
f 7068 7176 7169
f 7069 7071 7177
f 7069 7177 7174
f 7070 7164 7071
f 7071 7164 7178
f 7071 7178 7177
f 7074 7144 7075
f 7076 7179 7180
f 7076 7180 7181
f 7076 7181 7078
f 7076 7077 7182
f 7076 7182 7179
f 7077 7143 7182
f 7078 7181 7183
f 7078 7183 7079
f 7079 7183 7184
f 7079 7184 7185
f 7079 7185 7080
f 7080 7185 7186
f 7080 7186 7081
f 7081 7186 7187
f 7081 7187 7188
f 7081 7188 7189
f 7081 7189 7190
f 7081 7190 7084
f 7084 7190 7191
f 7084 7191 7085
f 7085 7191 7086
f 7086 7191 7192
f 7086 7192 7088
f 7088 7192 7193
f 7088 7193 7090
f 7088 7090 7089
f 7090 7194 7091
f 7090 7193 7194
f 7091 7194 7195
f 7091 7195 7196
f 7091 7196 7197
f 7091 7197 7094
f 7091 7094 7093
f 7091 7093 7092
f 7094 7197 7095
f 7095 7197 7196
f 7095 7196 7198
f 7095 7198 7097
f 7095 7097 7096
f 7097 7198 7199
f 7097 7199 7098
f 7098 7199 7200
f 7098 7200 7101
f 7098 7101 7099
f 7099 7101 7100
f 7101 7200 7102
f 7102 7200 7201
f 7102 7201 7202
f 7102 7202 7103
f 7103 7202 7104
f 7104 7202 7105
f 7105 7202 7204
f 7105 7204 7205
f 7105 7205 7206
f 7105 7206 7203
f 7107 7207 7108
f 7108 7208 7209
f 7108 7209 7110
f 7108 7207 7210
f 7108 7210 7208
f 7109 7113 7115
f 7110 7209 7114
f 7111 7211 7212
f 7111 7212 7213
f 7111 7213 7112
f 7111 7114 7214
f 7111 7214 7211
f 7112 7215 7115
f 7112 7115 7113
f 7112 7213 7215
f 7114 7216 7217
f 7114 7217 7170
f 7114 7172 7214
f 7114 7209 7218
f 7114 7218 7216
f 7115 7219 7121
f 7115 7215 7220
f 7115 7220 7221
f 7115 7221 7219
f 7116 7123 7222
f 7116 7222 7117
f 7117 7223 7224
f 7117 7224 7225
f 7117 7225 7118
f 7117 7222 7223
f 7118 7225 7226
f 7118 7226 7227
f 7118 7227 7228
f 7118 7228 7119
f 7119 7228 7229
f 7119 7229 7120
f 7120 7229 7230
f 7120 7230 7231
f 7120 7231 7232
f 7120 7232 7233
f 7120 7233 7234
f 7120 7234 7235
f 7120 7235 7236
f 7120 7236 7237
f 7120 7237 7124
f 7121 7219 7238
f 7121 7238 7122
f 7122 7239 7123
f 7122 7238 7344
f 7122 7344 7240
f 7122 7240 7239
f 7123 7239 7241
f 7123 7241 7222
f 7124 7237 7242
f 7124 7242 7125
f 7125 7242 7237
f 7125 7237 7243
f 7125 7243 7126
f 7126 7243 7127
f 7127 7244 7245
f 7127 7245 7130
f 7127 7243 7244
f 7130 7245 7132
f 7132 7245 7246
f 7132 7246 7133
f 7133 7246 7247
f 7133 7247 7135
f 7133 7135 7134
f 7135 7248 7138
f 7135 7138 7137
f 7135 7137 7136
f 7135 7247 7248
f 7138 7248 7249
f 7138 7249 7250
f 7138 7250 7251
f 7138 7251 7252
f 7138 7252 7253
f 7138 7253 7139
f 7139 7253 7254
f 7139 7254 7255
f 7139 7255 7140
f 7140 7255 7256
f 7140 7256 7257
f 7140 7257 7142
f 7140 7142 7141
f 7142 7257 7182
f 7142 7182 7143
f 7145 7258 7146
f 7145 7150 7258
f 7146 7258 7259
f 7146 7259 7260
f 7146 7260 7261
f 7146 7261 7155
f 7146 7155 7147
f 7147 7155 7151
f 7147 7151 7148
f 7149 7262 7150
f 7150 7262 7263
f 7150 7263 7264
f 7150 7264 7265
f 7150 7265 7266
f 7150 7266 7259
f 7150 7259 7258
f 7152 7157 7267
f 7152 7267 7154
f 7153 7154 7268
f 7153 7268 7158
f 7154 7267 7269
f 7154 7269 7268
f 7155 7261 7156
f 7156 7261 7363
f 7156 7363 7270
f 7156 7270 7271
f 7156 7271 7157
f 7157 7271 7267
f 7158 7268 7272
f 7158 7272 7273
f 7158 7273 7274
f 7158 7274 7159
f 7159 7275 7276
f 7159 7276 7160
f 7159 7274 7277
f 7159 7277 7278
f 7159 7278 7275
f 7160 7276 7162
f 7162 7276 7279
f 7162 7279 7165
f 7163 7239 7164
f 7163 7166 7280
f 7163 7280 7239
f 7164 7239 7178
f 7165 7279 7281
f 7165 7281 7166
f 7166 7281 7282
f 7166 7282 7280
f 7167 7171 7283
f 7167 7283 7284
f 7167 7284 7285
f 7167 7285 7286
f 7167 7286 7287
f 7167 7287 7288
f 7167 7288 7168
f 7169 7176 7175
f 7169 7175 7172
f 7170 7289 7290
f 7170 7290 7171
f 7170 7217 7289
f 7171 7290 7291
f 7171 7291 7292
f 7171 7292 7293
f 7171 7293 7294
f 7171 7294 7283
f 7172 7175 7214
f 7173 7174 7295
f 7173 7295 7175
f 7174 7177 7296
f 7174 7296 7295
f 7175 7295 7297
f 7175 7297 7214
f 7177 7298 7296
f 7177 7178 7299
f 7177 7299 7298
f 7178 7239 7300
f 7178 7300 7299
f 7179 7301 7302
f 7179 7302 7180
f 7179 7182 7301
f 7180 7302 7303
f 7180 7303 7304
f 7180 7304 7305
f 7180 7305 7181
f 7181 7305 7183
f 7182 7257 7306
f 7182 7306 7252
f 7182 7252 7307
f 7182 7307 7308
f 7182 7308 7309
f 7182 7309 7301
f 7183 7305 7184
f 7184 7305 7185
f 7185 7305 7304
f 7185 7304 7310
f 7185 7310 7311
f 7185 7311 7312
f 7185 7312 7186
f 7186 7312 7187
f 7187 7312 7189
f 7187 7189 7188
f 7189 7313 7314
f 7189 7314 7190
f 7189 7312 7315
f 7189 7315 7316
f 7189 7316 7313
f 7190 7314 7191
f 7191 7317 7318
f 7191 7318 7193
f 7191 7193 7192
f 7191 7314 7317
f 7193 7318 7194
f 7194 7318 7195
f 7195 7318 7319
f 7195 7319 7200
f 7195 7200 7199
f 7195 7199 7198
f 7195 7198 7196
f 7200 7319 7320
f 7200 7320 7201
f 7201 7320 7202
f 7202 7320 7319
f 7202 7319 7321
f 7202 7321 7322
f 7202 7322 7323
f 7202 7323 7324
f 7202 7324 7325
f 7202 7325 7204
f 7203 7206 7326
f 7204 7325 7328
f 7204 7328 7205
f 7205 7327 7206
f 7205 7328 7329
f 7205 7329 7327
f 7206 7327 7326
f 7208 7210 7330
f 7208 7330 7216
f 7208 7216 7218
f 7208 7218 7209
f 7211 7214 7212
f 7212 7331 7215
f 7212 7215 7213
f 7212 7214 7332
f 7212 7332 7296
f 7212 7296 7333
f 7212 7333 7331
f 7214 7297 7332
f 7215 7331 7334
f 7215 7334 7335
f 7215 7335 7220
f 7216 7336 7337
f 7216 7337 7338
f 7216 7338 7339
f 7216 7339 7340
f 7216 7340 7341
f 7216 7341 7217
f 7216 7330 7342
f 7216 7342 7343
f 7216 7343 7336
f 7217 7341 7289
f 7219 7221 7344
f 7219 7344 7238
f 7220 7345 7221
f 7220 7335 7345
f 7221 7345 7344
f 7222 7241 7346
f 7222 7346 7223
f 7223 7280 7224
f 7223 7346 7280
f 7224 7347 7225
f 7224 7280 7282
f 7224 7282 7347
f 7225 7347 7226
f 7226 7348 7227
f 7226 7347 7348
f 7227 7348 7229
f 7227 7229 7228
f 7229 7348 7230
f 7230 7349 7231
f 7230 7348 7350
f 7230 7350 7349
f 7231 7349 7351
f 7231 7351 7232
f 7232 7351 7352
f 7232 7352 7233
f 7233 7352 7234
f 7234 7278 7236
f 7234 7236 7235
f 7234 7352 7278
f 7236 7353 7354
f 7236 7354 7355
f 7236 7355 7244
f 7236 7244 7356
f 7236 7356 7237
f 7236 7278 7353
f 7237 7356 7243
f 7239 7240 7300
f 7239 7280 7241
f 7240 7344 7345
f 7240 7345 7300
f 7241 7280 7346
f 7243 7356 7244
f 7244 7355 7357
f 7244 7357 7246
f 7244 7246 7245
f 7246 7357 7358
f 7246 7358 7359
f 7246 7359 7249
f 7246 7249 7248
f 7246 7248 7247
f 7249 7359 7307
f 7249 7307 7250
f 7250 7307 7251
f 7251 7307 7252
f 7252 7306 7256
f 7252 7256 7254
f 7252 7254 7253
f 7254 7256 7255
f 7256 7306 7257
f 7259 7266 7360
f 7259 7360 7361
f 7259 7361 7362
f 7259 7362 7260
f 7260 7362 7363
f 7260 7363 7261
f 7263 7364 7264
f 7263 7365 7364
f 7264 7364 7265
f 7265 7366 7367
f 7265 7367 7266
f 7265 7364 7368
f 7265 7368 7366
f 7266 7367 7360
f 7267 7271 7269
f 7268 7269 7369
f 7268 7369 7370
f 7268 7370 7272
f 7269 7371 7369
f 7269 7271 7372
f 7269 7372 7371
f 7270 7363 7373
f 7270 7373 7374
f 7270 7374 7271
f 7271 7375 7372
f 7271 7374 7375
f 7272 7370 7273
f 7273 7370 7376
f 7273 7376 7377
f 7273 7377 7353
f 7273 7353 7274
f 7274 7353 7277
f 7275 7278 7352
f 7275 7352 7279
f 7275 7279 7276
f 7277 7353 7278
f 7279 7351 7281
f 7279 7352 7351
f 7281 7351 7350
f 7281 7350 7282
f 7282 7350 7348
f 7282 7348 7347
f 7295 7296 7297
f 7296 7298 7333
f 7296 7332 7297
f 7298 7299 7378
f 7298 7378 7333
f 7299 7300 7335
f 7299 7335 7334
f 7299 7334 7378
f 7300 7345 7335
f 7301 7309 7379
f 7301 7379 7303
f 7301 7303 7302
f 7303 7310 7304
f 7303 7379 7310
f 7307 7359 7380
f 7307 7380 7376
f 7307 7376 7381
f 7307 7381 7382
f 7307 7382 7383
f 7307 7383 7384
f 7307 7384 7308
f 7308 7384 7309
f 7309 7385 7379
f 7309 7384 7385
f 7310 7379 7385
f 7310 7385 7311
f 7311 7385 7315
f 7311 7315 7312
f 7313 7316 7386
f 7313 7386 7317
f 7313 7317 7314
f 7315 7385 7387
f 7315 7387 7316
f 7316 7387 7386
f 7317 7388 7389
f 7317 7389 7318
f 7317 7386 7388
f 7318 7389 7388
f 7318 7388 7390
f 7318 7390 7319
f 7319 7390 7388
f 7319 7388 7321
f 7321 7388 7386
f 7321 7386 7391
f 7321 7391 7392
f 7321 7392 7322
f 7322 7392 7393
f 7322 7393 7323
f 7323 7393 7324
f 7324 7393 7394
f 7324 7394 7325
f 7325 7394 7366
f 7325 7366 7328
f 7326 7327 7329
f 7326 7329 7395
f 7326 7395 7368
f 7328 7366 7329
f 7329 7366 7395
f 7331 7378 7334
f 7331 7333 7378
f 7349 7350 7351
f 7353 7377 7396
f 7353 7396 7354
f 7354 7357 7355
f 7354 7396 7376
f 7354 7376 7397
f 7354 7397 7398
f 7354 7398 7357
f 7357 7398 7358
f 7358 7398 7380
f 7358 7380 7359
f 7360 7399 7361
f 7360 7367 7366
f 7360 7366 7400
f 7360 7400 7399
f 7361 7399 7400
f 7361 7400 7401
f 7361 7401 7402
f 7361 7402 7403
f 7361 7403 7362
f 7362 7403 7363
f 7363 7403 7373
f 7364 7365 7368
f 7366 7394 7400
f 7366 7368 7395
f 7369 7371 7404
f 7369 7404 7370
f 7370 7404 7405
f 7370 7405 7376
f 7371 7372 7406
f 7371 7406 7404
f 7372 7375 7406
f 7373 7407 7408
f 7373 7408 7374
f 7373 7403 7409
f 7373 7409 7410
f 7373 7410 7407
f 7374 7408 7375
f 7375 7408 7411
f 7375 7411 7412
f 7375 7412 7406
f 7376 7405 7413
f 7376 7413 7414
f 7376 7414 7381
f 7376 7380 7397
f 7376 7396 7377
f 7380 7398 7397
f 7381 7414 7382
f 7382 7415 7383
f 7382 7414 7415
f 7383 7415 7384
f 7384 7415 7385
f 7385 7415 7416
f 7385 7416 7417
f 7385 7417 7418
f 7385 7418 7387
f 7386 7419 7391
f 7386 7387 7420
f 7386 7420 7419
f 7387 7418 7420
f 7391 7419 7421
f 7391 7421 7422
f 7391 7422 7392
f 7392 7422 7393
f 7393 7422 7423
f 7393 7423 7394
f 7394 7423 7400
f 7400 7423 7401
f 7401 7423 7402
f 7402 7424 7403
f 7402 7423 7424
f 7403 7424 7425
f 7403 7425 7409
f 7404 7406 7426
f 7404 7426 7405
f 7405 7426 7413
f 7406 7427 7428
f 7406 7428 7426
f 7406 7412 7429
f 7406 7429 7430
f 7406 7430 7427
f 7407 7431 7408
f 7407 7410 7431
f 7408 7431 7411
f 7409 7425 7432
f 7409 7432 7433
f 7409 7433 7410
f 7410 7433 7434
f 7410 7434 7435
f 7410 7435 7436
f 7410 7436 7437
f 7410 7437 7431
f 7411 7431 7438
f 7411 7438 7412
f 7412 7438 7429
f 7413 7427 7414
f 7413 7426 7427
f 7414 7427 7439
f 7414 7439 7430
f 7414 7430 7440
f 7414 7440 7415
f 7415 7440 7416
f 7416 7440 7417
f 7417 7441 7442
f 7417 7442 7443
f 7417 7443 7420
f 7417 7420 7418
f 7417 7440 7444
f 7417 7444 7441
f 7419 7420 7443
f 7419 7443 7421
f 7421 7443 7442
f 7421 7442 7435
f 7421 7435 7422
f 7422 7435 7445
f 7422 7445 7423
f 7423 7445 7446
f 7423 7446 7424
f 7424 7446 7432
f 7424 7432 7425
f 7426 7428 7427
f 7427 7430 7439
f 7429 7444 7430
f 7429 7438 7444
f 7430 7444 7440
f 7431 7444 7438
f 7431 7437 7447
f 7431 7447 7444
f 7432 7446 7445
f 7432 7445 7433
f 7433 7445 7448
f 7433 7448 7434
f 7434 7448 7435
f 7435 7442 7441
f 7435 7441 7436
f 7435 7448 7445
f 7436 7441 7447
f 7436 7447 7437
f 7441 7444 7447
o convex_2
v 0.0291759 0.00416916 -0.000983835
v 0.0289422 0.000167918 -0.000716429
v 0.0291731 0.00416916 -0.00107585
v 0.0291702 0.00416916 -0.000170117
v 0.0289422 0.000168373 -0.000170117
v 0.0284805 -0.000176844 -0.000170117
v 0.0285518 -9.79509e-05 -0.00104134
v 0.0283609 -0.000146747 -0.00288155
v 0.0283096 -0.000133064 -0.00378728
v 0.0282554 -0.000111176 -0.00469013
v 0.0282041 -7.56055e-05 -0.00559298
v 0.0281215 2.70039e-05 -0.00649871
v 0.0283922 0.000645387 -0.00559298
v 0.0288795 0.00416916 -0.00469013
v 0.0289907 0.00416916 -0.00378728
v 0.0290733 0.00416916 -0.00288155
v 0.029136 0.00416916 -0.00190106
v 0.0291674 0.00416916 -0.000109735
v 0.0289365 0.000185248 0.000315814
v 0.0285261 -0.000118015 0.000381946
v 0.0275771 -0.000453201 0.000381946
v 0.0275771 -0.000488772 -0.00288155
v 0.0275771 -0.000478283 -0.00378728
v 0.0275771 -0.000455938 -0.00469013
v 0.0284121 -0.000151762 -0.0019787
v 0.0275771 -0.000420823 -0.00559298
v 0.0275771 -0.000318213 -0.00649871
v 0.0273834 -0.000109808 -0.00830441
v 0.0280559 0.000135994 -0.00702777
v 0.0282269 0.000645387 -0.00649871
v 0.0285233 0.00416916 -0.00742169
v 0.0291417 0.00416916 0.000381946
v 0.0289308 0.000645387 0.000381946
v 0.0288624 0.000134171 0.000381946
v 6.18025e-05 0.00150319 0.000381946
v 6.18025e-05 -0.000421733 -0.0281844
v 0.00317669 -0.000452288 -0.0272816
v 0.0049835 -0.000465969 -0.0272816
v 0.0058869 -0.000470529 -0.0272816
v 0.0158272 -0.000466427 -0.0227616
v 0.0257675 -0.000475547 -0.010113
v 0.0266709 -0.000475547 -0.00740156
v 0.0266709 -0.000455025 -0.00830441
v 0.0266709 -0.000311374 -0.00920727
v 0.02646 -9.97745e-05 -0.0110158
v 0.0272266 3.38428e-05 -0.00920727
v 0.0282725 0.00416916 -0.00830441
v 0.0284435 0.00416916 -0.0077351
v 0.0263033 6.48532e-05 -0.0119187
v 0.0271383 0.000159708 -0.0097047
v 6.18025e-05 0.00416916 0.000381946
v 6.18025e-05 -0.000268507 -0.0284633
v 0.000466482 -0.000421733 -0.0281844
v 0.00136989 -0.000401214 -0.0281844
v 0.00679031 -0.000432224 -0.0272816
v 0.00859996 -0.00046369 -0.0263787
v 0.013117 -0.000458217 -0.0245701
v 0.0149238 -0.000418541 -0.0236673
v 0.017634 -0.000418999 -0.0218587
v 0.0185374 -0.000436327 -0.0209558
v 0.0230573 -0.000451833 -0.015533
v 0.0239607 -0.000462777 -0.0137273
v 0.0257675 -0.000444992 -0.0110158
v 0.0257675 -0.000280364 -0.0119187
v 0.0262206 0.000190718 -0.012373
v 0.0276427 0.00416916 -0.0100986
v 0.0257532 -4.91552e-05 -0.0127353
v 6.18025e-05 0.00416916 -0.0289924
v 6.18025e-05 -7.69712e-05 -0.0288084
v 0.000466482 -7.69712e-05 -0.0288084
v 0.00136989 -5.59941e-05 -0.0287882
v 0.00227329 -0.000333265 -0.0281844
v 0.00769656 -0.000302254 -0.0272816
v 0.00950337 -0.000417173 -0.0263787
v 0.0058869 -0.000125767 -0.0279975
v 0.00679031 -8.70045e-05 -0.0279256
v 0.0113102 -0.00044636 -0.025473
v 0.0122136 -0.000339648 -0.025473
v 0.0141087 -0.000208765 -0.0246564
v 0.0158215 -0.000156322 -0.0236932
v 0.0185232 -0.00013124 -0.0218558
v 0.017634 -8.56362e-05 -0.0226034
v 0.0194351 -0.000142187 -0.0209472
v 0.0221539 -0.000410334 -0.0173387
v 0.0248641 -0.000434958 -0.0128244
v 0.0239607 -0.000391636 -0.0146273
v 0.0249182 -0.000181404 -0.0137589
v 0.0265797 0.00416916 -0.0127353
v 0.0269103 0.00416916 -0.0119187
v 0.0254397 2.19859e-05 -0.0134771
v 0.024468 9.7232e-05 -0.0151707
v 0.024998 0.00416916 -0.0155387
v 0.0260183 0.00416916 -0.0137675
v 0.000466482 0.00416916 -0.0289895
v 0.000466482 0.000645387 -0.0289809
v 6.18025e-05 0.000645387 -0.0289809
v 6.18025e-05 0.000244074 -0.028886
v 0.00136989 0.000645387 -0.0289435
v 0.00227329 1.19553e-05 -0.0287365
v 0.00950337 -7.2411e-05 -0.0270372
v 0.00299145 0.000106352 -0.028679
v 0.00769656 4.29657e-05 -0.0278221
v 0.0130685 -0.000103879 -0.0255017
v 0.0113102 -0.000125312 -0.0262292
v 0.0138636 -1.63186e-05 -0.0252171
v 0.0149238 -8.70045e-05 -0.024412
v 0.019133 2.42673e-05 -0.0215539
v 0.0182125 5.1628e-05 -0.022405
v 0.0155166 4.98045e-05 -0.0242136
v 0.0203328 -0.000131695 -0.0200357
v 0.0228863 -7.6516e-05 -0.0173387
v 0.0212305 -0.000119838 -0.0191243
v 0.0221282 -0.000107071 -0.0182128
v 0.0239749 -0.000123488 -0.0154956
v 0.0246332 -4.64186e-05 -0.0146273
v 0.0236814 -8.56664e-06 -0.0162662
v 0.0226925 6.34849e-05 -0.0178907
v 0.023499 0.000645387 -0.0168729
v 0.0244252 0.00416916 -0.0164358
v 0.00136989 0.00416916 -0.0289464
v 0.00136989 0.00154924 -0.0289493
v 0.00227329 0.00416916 -0.0288975
v 0.00236448 0.00416916 -0.0288889
v 0.00317669 0.00416916 -0.0288112
v 0.00227329 0.000645387 -0.0288486
v 0.0101588 5.61909e-05 -0.0269106
v 0.0122136 5.11373e-06 -0.0260538
v 0.00359277 0.000384991 -0.0286301
v 0.00679031 0.000645387 -0.0281298
v 0.00818389 0.000162445 -0.0277474
v 0.0144678 0.000392743 -0.0250158
v 0.0127323 0.000137821 -0.0259532
v 0.0187369 0.000645387 -0.0220858
v 0.0192071 0.000645387 -0.0216315
v 0.020025 3.29324e-05 -0.0206396
v 0.0171723 0.000436521 -0.0232072
v 0.0182838 0.000645387 -0.0224596
v 0.020917 4.25078e-05 -0.0197223
v 0.021809 5.29964e-05 -0.0188051
v 0.0215383 0.00416916 -0.0200674
v 0.0223733 0.00416916 -0.0191559
v 0.0231314 0.00416916 -0.0182272
v 0.0238752 0.00416916 -0.0172582
v 0.0231827 0.000645387 -0.0173387
v 0.00324509 0.00416916 -0.0288026
v 0.00412569 0.00416916 -0.028679
v 0.00324509 0.000670011 -0.0286962
v 0.0058869 0.000645387 -0.0282764
v 0.00679031 0.00154924 -0.0281499
v 0.00769656 0.000645387 -0.0279228
v 0.00505475 0.00416916 -0.0285295
v 0.0058869 0.00416916 -0.0283799
v 0.0110195 0.00416916 -0.0268848
v 0.0130514 0.00416916 -0.0261027
v 0.0122136 0.000645387 -0.0261976
v 0.00821523 0.000645387 -0.0277617
v 0.013231 0.000645387 -0.0257691
v 0.0141087 0.000674571 -0.0252602
v 0.0148098 0.00416916 -0.0252372
v 0.0158728 0.00416916 -0.024596
v 0.0175514 0.00416916 -0.0235753
v 0.0127807 0.000645387 -0.0259733
v 0.0194522 0.00416916 -0.0220398
v 0.0196517 0.00416916 -0.0218644
v 0.0206121 0.00416916 -0.0209673
v 0.0175884 0.00416916 -0.0235465
v 0.00769656 0.00416916 -0.0279889
v 0.00679031 0.00416916 -0.028193
v 0.00775356 0.00416916 -0.0279745
v 0.00835203 0.00416916 -0.0278106
v 0.0104153 0.00416916 -0.0271004
v 0.0131084 0.00416916 -0.0260768
v 0.00839762 0.00416916 -0.0277962
v 0.0140289 0.00416916 -0.0256254
f 7449 7450 7451
f 7449 7451 7465
f 7449 7465 7464
f 7449 7464 7463
f 7449 7463 7462
f 7449 7462 7479
f 7449 7479 7496
f 7449 7496 7495
f 7449 7495 7514
f 7449 7514 7537
f 7449 7537 7536
f 7449 7536 7541
f 7449 7541 7540
f 7449 7540 7567
f 7449 7567 7591
f 7449 7591 7590
f 7449 7590 7589
f 7449 7589 7588
f 7449 7588 7613
f 7449 7613 7612
f 7449 7612 7611
f 7449 7611 7614
f 7449 7614 7609
f 7449 7609 7608
f 7449 7608 7607
f 7449 7607 7622
f 7449 7622 7620
f 7449 7620 7602
f 7449 7602 7601
f 7449 7601 7619
f 7449 7619 7621
f 7449 7621 7618
f 7449 7618 7617
f 7449 7617 7615
f 7449 7615 7616
f 7449 7616 7600
f 7449 7600 7599
f 7449 7599 7594
f 7449 7594 7593
f 7449 7593 7572
f 7449 7572 7571
f 7449 7571 7570
f 7449 7570 7568
f 7449 7568 7542
f 7449 7542 7516
f 7449 7516 7499
f 7449 7499 7480
f 7449 7480 7466
f 7449 7466 7452
f 7449 7452 7453
f 7449 7453 7450
f 7450 7453 7454
f 7450 7454 7455
f 7450 7455 7456
f 7450 7456 7457
f 7450 7457 7458
f 7450 7458 7459
f 7450 7459 7460
f 7450 7460 7461
f 7450 7461 7462
f 7450 7462 7463
f 7450 7463 7464
f 7450 7464 7465
f 7450 7465 7451
f 7452 7466 7467
f 7452 7467 7453
f 7453 7467 7454
f 7454 7467 7468
f 7454 7468 7469
f 7454 7469 7470
f 7454 7470 7471
f 7454 7471 7472
f 7454 7472 7473
f 7454 7473 7455
f 7455 7473 7456
f 7456 7473 7472
f 7456 7472 7474
f 7456 7474 7457
f 7457 7474 7458
f 7458 7474 7459
f 7459 7474 7475
f 7459 7475 7460
f 7460 7475 7476
f 7460 7476 7477
f 7460 7477 7461
f 7461 7477 7478
f 7461 7478 7479
f 7461 7479 7462
f 7466 7480 7467
f 7467 7480 7481
f 7467 7481 7482
f 7467 7482 7468
f 7468 7482 7481
f 7468 7481 7480
f 7468 7480 7499
f 7468 7499 7483
f 7468 7483 7469
f 7469 7483 7484
f 7469 7484 7485
f 7469 7485 7470
f 7470 7485 7486
f 7470 7486 7487
f 7470 7487 7488
f 7470 7488 7489
f 7470 7489 7490
f 7470 7490 7471
f 7471 7490 7491
f 7471 7491 7472
f 7472 7491 7474
f 7474 7491 7475
f 7475 7491 7492
f 7475 7492 7476
f 7476 7492 7493
f 7476 7493 7494
f 7476 7494 7477
f 7477 7495 7496
f 7477 7496 7479
f 7477 7479 7478
f 7477 7494 7497
f 7477 7497 7498
f 7477 7498 7495
f 7483 7499 7516
f 7483 7516 7544
f 7483 7544 7545
f 7483 7545 7517
f 7483 7517 7500
f 7483 7500 7484
f 7484 7500 7501
f 7484 7501 7487
f 7484 7487 7486
f 7484 7486 7485
f 7487 7501 7502
f 7487 7502 7503
f 7487 7503 7504
f 7487 7504 7505
f 7487 7505 7488
f 7488 7505 7506
f 7488 7506 7507
f 7488 7507 7508
f 7488 7508 7509
f 7488 7509 7510
f 7488 7510 7489
f 7489 7511 7491
f 7489 7491 7490
f 7489 7510 7511
f 7491 7511 7492
f 7492 7511 7493
f 7493 7511 7512
f 7493 7512 7497
f 7493 7497 7494
f 7495 7498 7513
f 7495 7513 7514
f 7497 7512 7515
f 7497 7515 7513
f 7497 7513 7498
f 7500 7517 7518
f 7500 7518 7501
f 7501 7518 7502
f 7502 7518 7519
f 7502 7519 7520
f 7502 7520 7503
f 7503 7521 7522
f 7503 7522 7504
f 7503 7520 7523
f 7503 7523 7524
f 7503 7524 7521
f 7504 7522 7525
f 7504 7525 7505
f 7505 7525 7526
f 7505 7526 7506
f 7506 7526 7527
f 7506 7527 7528
f 7506 7528 7507
f 7507 7529 7508
f 7507 7528 7530
f 7507 7530 7529
f 7508 7529 7531
f 7508 7531 7532
f 7508 7532 7509
f 7509 7532 7533
f 7509 7533 7510
f 7510 7533 7511
f 7511 7533 7512
f 7512 7533 7534
f 7512 7534 7535
f 7512 7535 7515
f 7513 7536 7537
f 7513 7537 7514
f 7513 7515 7538
f 7513 7538 7539
f 7513 7539 7540
f 7513 7540 7541
f 7513 7541 7536
f 7515 7535 7538
f 7516 7542 7543
f 7516 7543 7544
f 7517 7545 7518
f 7518 7545 7543
f 7518 7543 7519
f 7519 7543 7546
f 7519 7546 7547
f 7519 7547 7524
f 7519 7524 7523
f 7519 7523 7520
f 7521 7548 7522
f 7521 7524 7548
f 7522 7548 7526
f 7522 7526 7525
f 7524 7547 7549
f 7524 7549 7550
f 7524 7550 7548
f 7526 7551 7527
f 7526 7548 7552
f 7526 7552 7551
f 7527 7551 7553
f 7527 7553 7554
f 7527 7554 7528
f 7528 7554 7530
f 7529 7555 7531
f 7529 7530 7556
f 7529 7556 7555
f 7530 7554 7557
f 7530 7557 7556
f 7531 7555 7558
f 7531 7558 7532
f 7532 7559 7534
f 7532 7534 7533
f 7532 7558 7560
f 7532 7560 7561
f 7532 7561 7559
f 7534 7559 7562
f 7534 7562 7535
f 7535 7562 7563
f 7535 7563 7538
f 7538 7563 7564
f 7538 7564 7539
f 7539 7564 7565
f 7539 7565 7566
f 7539 7566 7540
f 7540 7566 7567
f 7542 7568 7569
f 7542 7569 7543
f 7543 7569 7546
f 7543 7545 7544
f 7546 7569 7570
f 7546 7570 7571
f 7546 7571 7572
f 7546 7572 7573
f 7546 7573 7549
f 7546 7549 7547
f 7548 7574 7575
f 7548 7575 7552
f 7548 7550 7574
f 7549 7573 7576
f 7549 7576 7577
f 7549 7577 7550
f 7550 7577 7578
f 7550 7578 7574
f 7551 7552 7575
f 7551 7575 7553
f 7553 7579 7557
f 7553 7557 7554
f 7553 7575 7580
f 7553 7580 7579
f 7555 7556 7581
f 7555 7581 7582
f 7555 7582 7583
f 7555 7583 7561
f 7555 7561 7560
f 7555 7560 7558
f 7556 7557 7579
f 7556 7579 7584
f 7556 7584 7585
f 7556 7585 7581
f 7559 7564 7562
f 7559 7561 7565
f 7559 7565 7564
f 7561 7583 7586
f 7561 7586 7587
f 7561 7587 7565
f 7562 7564 7563
f 7565 7587 7588
f 7565 7588 7589
f 7565 7589 7590
f 7565 7590 7591
f 7565 7591 7592
f 7565 7592 7566
f 7566 7592 7591
f 7566 7591 7567
f 7568 7570 7569
f 7572 7593 7573
f 7573 7593 7594
f 7573 7594 7595
f 7573 7595 7576
f 7574 7578 7580
f 7574 7580 7575
f 7576 7596 7577
f 7576 7595 7596
f 7577 7597 7598
f 7577 7598 7578
f 7577 7596 7599
f 7577 7599 7600
f 7577 7600 7597
f 7578 7601 7602
f 7578 7602 7603
f 7578 7603 7580
f 7578 7598 7604
f 7578 7604 7601
f 7579 7580 7605
f 7579 7605 7606
f 7579 7606 7607
f 7579 7607 7608
f 7579 7608 7609
f 7579 7609 7584
f 7580 7603 7610
f 7580 7610 7605
f 7581 7585 7611
f 7581 7611 7612
f 7581 7612 7613
f 7581 7613 7582
f 7582 7613 7588
f 7582 7588 7587
f 7582 7587 7586
f 7582 7586 7583
f 7584 7609 7585
f 7585 7609 7614
f 7585 7614 7611
f 7594 7599 7596
f 7594 7596 7595
f 7597 7615 7598
f 7597 7600 7616
f 7597 7616 7615
f 7598 7615 7617
f 7598 7617 7618
f 7598 7618 7604
f 7601 7604 7619
f 7602 7620 7605
f 7602 7605 7610
f 7602 7610 7603
f 7604 7618 7621
f 7604 7621 7619
f 7605 7622 7607
f 7605 7607 7606
f 7605 7620 7622
o convex_3
v 0.0291418 0.00416962 0.000381946
v 0.0289312 0.000645214 0.000381946
v 6.18025e-05 0.00416962 0.000381946
v 0.0290564 0.00416962 0.00221604
v 0.0288629 0.000134033 0.000381946
v 0.0290166 0.00416962 0.00302202
v 0.0289597 0.00416962 0.00380805
v 0.0284644 0.000645214 0.00525482
v 6.18025e-05 0.00416962 0.0294768
v 6.18025e-05 0.00150327 0.000381946
v 0.0285526 -8.7325e-05 0.000666744
v 0.028527 -0.000117905 0.000381946
v 0.0282423 -0.000104211 0.00525482
v 0.0283704 -0.000148939 0.00254356
v 0.0288714 0.00416962 0.00458555
v 0.0287746 0.00416962 0.00538298
v 0.0285555 0.00416962 0.00708892
v 0.028305 0.000645214 0.00615763
v 0.0281598 -2.06875e-05 0.00615763
v 6.18025e-05 0.000645214 0.0289813
v 0.000466008 0.000645214 0.0289813
v 0.000466008 0.00416962 0.0294683
v 0.0275763 -0.000453366 0.000381946
v 6.18025e-05 -0.000493073 0.0278478
v 0.0284131 -0.000151678 0.00164075
v 0.0275763 -0.000488508 0.00254356
v 0.0275763 -0.000476185 0.00164075
v 0.0275763 -0.000449258 0.00525482
v 0.0275763 -0.000365735 0.00615763
v 0.0284103 0.00416962 0.00790628
v 0.0280772 9.8436e-05 0.0067614
v 0.0272831 -3.75758e-05 0.0088689
v 0.0274282 -0.000130683 0.00796609
v 6.18025e-05 0.000291496 0.0288303
v 0.000466008 -0.00015031 0.0286395
v 0.00136835 -0.000147113 0.0286253
v 0.00136835 0.000645214 0.0289471
v 0.00100969 0.00416962 0.0294312
v 0.00136835 -0.00049216 0.0278478
v 6.18025e-05 -0.000150765 0.0286395
v 0.0257687 -0.00045656 0.0106774
v 0.0248635 -0.000461581 0.0124858
v 0.023056 -0.000467057 0.0151942
v 0.0185386 -0.000472535 0.0206168
v 0.0266711 -0.000383078 0.0088689
v 0.0277584 0.00416962 0.0100394
v 0.0271806 8.70235e-05 0.00949545
v 0.026375 -2.61661e-05 0.0115802
v 0.0265344 -0.000132967 0.0106774
v 0.00227355 -0.00013388 0.0285854
v 0.00227355 -0.000479382 0.0278478
v 0.00227355 0.000645214 0.0288759
v 0.00182095 0.00416962 0.0293543
v 0.0149235 -0.000470709 0.023328
v 0.00679097 -0.000473904 0.0269421
v 0.00769617 -0.000464775 0.0269421
v 0.0257687 -0.000371211 0.0115802
v 0.0239612 -0.000435109 0.0142914
v 0.0221536 -0.000444695 0.0170027
v 0.0212484 -0.000458386 0.0179055
v 0.0203461 -0.00046432 0.0188083
v 0.0194409 -0.000468883 0.019714
v 0.0195121 -0.000206904 0.0206851
v 0.0186126 -0.000201428 0.0215965
v 0.0176334 -0.000462036 0.0215196
v 0.027303 0.00416962 0.011133
v 0.0262669 0.000106193 0.0121156
v 0.025783 -0.000118818 0.0124431
v 0.00317589 -9.96479e-05 0.0285142
v 0.00317589 -0.000444695 0.0278478
v 0.00408109 -0.000374863 0.0278478
v 0.00510299 0.00416962 0.0289898
v 0.0042775 0.00416962 0.0291009
v 0.00345201 0.00416962 0.0291892
v 0.00263221 0.00416962 0.0292746
v 0.00408109 -2.98158e-05 0.0284316
v 0.00498343 9.0218e-05 0.0283519
v 0.00548158 0.000174199 0.0283063
v 0.00317589 0.000645214 0.0287449
v 0.00679097 0.00416962 0.0287477
v 0.00595694 0.00416962 0.0288673
v 0.0140211 -0.000438761 0.0242308
v 0.0122136 -0.000438761 0.0251365
v 0.00859851 -0.000333329 0.0269421
v 0.00769617 -0.000119731 0.0276541
v 0.0104061 -0.000411376 0.0260393
v 0.023056 -0.000408182 0.016097
v 0.0221821 -0.00018089 0.0179311
v 0.021294 -0.000191842 0.0188482
v 0.020403 -0.000200057 0.0197681
v 0.0192587 -2.79923e-05 0.0213459
v 0.0183592 -1.33853e-05 0.0221632
v 0.0176305 -0.000156241 0.022448
v 0.016731 -0.000415939 0.0224252
v 0.0270098 0.00416962 0.0117881
v 0.0254898 -9.73562e-06 0.013232
v 0.0266711 0.00416962 0.0125029
v 0.0251425 0.00416962 0.0155275
v 0.0235769 7.69848e-05 0.0166666
v 0.0245333 2.22149e-05 0.0149465
v 0.0247269 -0.000107408 0.0142914
v 0.00859851 1.17155e-05 0.0275174
v 0.00769617 0.000645214 0.0279218
v 0.00961472 0.00416962 0.027919
v 0.0149406 -0.000175869 0.0242707
v 0.0131188 -0.000289972 0.0251365
v 0.0158258 -0.000324659 0.023328
v 0.0122136 -0.000115165 0.0258684
v 0.0104061 -6.63291e-05 0.0266972
v 0.0237448 -6.31346e-05 0.016097
v 0.0230702 -0.000129769 0.0169799
v 0.0219003 -8.82252e-06 0.0185748
v 0.0210207 -1.65798e-05 0.0195032
v 0.0201383 -2.25137e-05 0.0204288
v 0.0227799 1.6768e-06 0.0176463
v 0.0198565 0.000645214 0.0210297
v 0.0194039 0.000645214 0.0214854
v 0.0189485 0.000645214 0.0219382
v 0.0173259 4.73157e-05 0.0229749
v 0.0146531 2.3128e-05 0.024809
v 0.0245248 0.00416962 0.0164929
v 0.0233236 0.00416962 0.0181903
v 0.0233207 0.000645214 0.017185
v 0.022871 0.000645214 0.0177546
v 0.00910519 0.000146814 0.0274177
v 0.011038 6.42041e-05 0.0265662
v 0.0115788 0.00416962 0.0271415
v 0.0139329 -4.85303e-05 0.0251223
v 0.0131188 5.50757e-05 0.0256833
v 0.0224668 0.000645214 0.0182045
v 0.021146 0.000645214 0.0196371
v 0.0216697 0.00416962 0.0201355
v 0.0207702 0.00416962 0.0210383
v 0.0198537 0.00416962 0.0219297
v 0.0189086 0.00416962 0.0227755
v 0.017881 0.00416962 0.0235502
v 0.0162898 0.000177849 0.0237866
v 0.0135714 0.00019063 0.0255893
v 0.0225151 0.00416962 0.0191899
v 0.0132896 0.00416962 0.0263156
v 0.0151626 0.00416962 0.0253416
v 0.0145164 0.00416962 0.0256919
f 7623 7624 7627
f 7623 7627 7634
f 7623 7634 7645
f 7623 7645 7632
f 7623 7632 7625
f 7623 7625 7631
f 7623 7631 7644
f 7623 7644 7660
f 7623 7660 7675
f 7623 7675 7697
f 7623 7697 7696
f 7623 7696 7695
f 7623 7695 7694
f 7623 7694 7703
f 7623 7703 7702
f 7623 7702 7726
f 7623 7726 7749
f 7623 7749 7762
f 7623 7762 7764
f 7623 7764 7763
f 7623 7763 7758
f 7623 7758 7757
f 7623 7757 7756
f 7623 7756 7755
f 7623 7755 7754
f 7623 7754 7761
f 7623 7761 7744
f 7623 7744 7743
f 7623 7743 7720
f 7623 7720 7719
f 7623 7719 7717
f 7623 7717 7688
f 7623 7688 7668
f 7623 7668 7652
f 7623 7652 7639
f 7623 7639 7638
f 7623 7638 7637
f 7623 7637 7629
f 7623 7629 7628
f 7623 7628 7626
f 7623 7626 7624
f 7624 7626 7628
f 7624 7628 7629
f 7624 7629 7630
f 7624 7630 7627
f 7625 7632 7646
f 7625 7646 7662
f 7625 7662 7656
f 7625 7656 7642
f 7625 7642 7631
f 7627 7633 7634
f 7627 7630 7635
f 7627 7635 7636
f 7627 7636 7633
f 7629 7637 7630
f 7630 7637 7638
f 7630 7638 7639
f 7630 7639 7640
f 7630 7640 7641
f 7630 7641 7635
f 7631 7642 7643
f 7631 7643 7644
f 7632 7645 7646
f 7633 7636 7634
f 7634 7636 7647
f 7634 7647 7648
f 7634 7648 7649
f 7634 7649 7645
f 7635 7650 7636
f 7635 7641 7651
f 7635 7651 7650
f 7636 7650 7647
f 7639 7652 7640
f 7640 7652 7653
f 7640 7653 7641
f 7641 7653 7654
f 7641 7654 7655
f 7641 7655 7651
f 7642 7656 7643
f 7643 7656 7657
f 7643 7657 7658
f 7643 7658 7659
f 7643 7659 7644
f 7644 7659 7660
f 7645 7649 7646
f 7646 7661 7662
f 7646 7649 7648
f 7646 7648 7661
f 7647 7650 7648
f 7648 7650 7663
f 7648 7663 7664
f 7648 7664 7665
f 7648 7665 7666
f 7648 7666 7661
f 7650 7651 7667
f 7650 7667 7663
f 7651 7655 7667
f 7652 7668 7653
f 7653 7668 7669
f 7653 7669 7654
f 7654 7669 7670
f 7654 7670 7671
f 7654 7671 7655
f 7655 7671 7667
f 7656 7662 7657
f 7657 7662 7661
f 7657 7661 7658
f 7658 7672 7659
f 7658 7661 7673
f 7658 7673 7672
f 7659 7672 7674
f 7659 7674 7660
f 7660 7674 7675
f 7661 7666 7676
f 7661 7676 7677
f 7661 7677 7678
f 7661 7678 7673
f 7663 7667 7679
f 7663 7679 7664
f 7664 7679 7680
f 7664 7680 7681
f 7664 7681 7665
f 7665 7681 7682
f 7665 7682 7683
f 7665 7683 7684
f 7665 7684 7666
f 7666 7684 7685
f 7666 7685 7686
f 7666 7686 7687
f 7666 7687 7676
f 7667 7671 7679
f 7668 7688 7689
f 7668 7689 7669
f 7669 7689 7670
f 7670 7689 7690
f 7670 7690 7679
f 7670 7679 7671
f 7672 7691 7674
f 7672 7673 7692
f 7672 7692 7693
f 7672 7693 7691
f 7673 7678 7692
f 7674 7694 7695
f 7674 7695 7696
f 7674 7696 7697
f 7674 7697 7675
f 7674 7691 7698
f 7674 7698 7699
f 7674 7699 7700
f 7674 7700 7701
f 7674 7701 7702
f 7674 7702 7703
f 7674 7703 7694
f 7676 7704 7705
f 7676 7705 7678
f 7676 7678 7677
f 7676 7687 7704
f 7678 7706 7707
f 7678 7707 7693
f 7678 7693 7692
f 7678 7705 7708
f 7678 7708 7706
f 7679 7690 7709
f 7679 7709 7680
f 7680 7709 7681
f 7681 7709 7710
f 7681 7710 7711
f 7681 7711 7712
f 7681 7712 7685
f 7681 7685 7682
f 7682 7685 7683
f 7683 7685 7684
f 7685 7713 7686
f 7685 7712 7713
f 7686 7714 7715
f 7686 7715 7716
f 7686 7716 7687
f 7686 7713 7714
f 7687 7716 7704
f 7688 7717 7689
f 7689 7718 7690
f 7689 7717 7719
f 7689 7719 7720
f 7689 7720 7721
f 7689 7721 7722
f 7689 7722 7718
f 7690 7718 7723
f 7690 7723 7709
f 7691 7693 7707
f 7691 7707 7698
f 7698 7707 7699
f 7699 7707 7700
f 7700 7702 7701
f 7700 7707 7724
f 7700 7724 7725
f 7700 7725 7702
f 7702 7725 7726
f 7704 7727 7728
f 7704 7728 7705
f 7704 7716 7729
f 7704 7729 7727
f 7705 7728 7708
f 7706 7708 7730
f 7706 7730 7731
f 7706 7731 7707
f 7707 7731 7724
f 7708 7728 7730
f 7709 7732 7733
f 7709 7733 7710
f 7709 7723 7732
f 7710 7734 7735
f 7710 7735 7736
f 7710 7736 7711
f 7710 7733 7737
f 7710 7737 7734
f 7711 7736 7713
f 7711 7713 7712
f 7713 7736 7738
f 7713 7738 7739
f 7713 7739 7740
f 7713 7740 7714
f 7714 7740 7741
f 7714 7741 7742
f 7714 7742 7715
f 7715 7742 7727
f 7715 7727 7729
f 7715 7729 7716
f 7718 7722 7732
f 7718 7732 7723
f 7720 7743 7721
f 7721 7743 7744
f 7721 7744 7745
f 7721 7745 7746
f 7721 7746 7737
f 7721 7737 7733
f 7721 7733 7732
f 7721 7732 7722
f 7724 7747 7725
f 7724 7731 7748
f 7724 7748 7747
f 7725 7747 7726
f 7726 7747 7749
f 7727 7742 7750
f 7727 7750 7728
f 7728 7750 7730
f 7730 7750 7751
f 7730 7751 7731
f 7731 7751 7748
f 7734 7738 7735
f 7734 7737 7738
f 7735 7738 7736
f 7737 7746 7752
f 7737 7752 7753
f 7737 7753 7738
f 7738 7753 7754
f 7738 7754 7739
f 7739 7754 7755
f 7739 7755 7740
f 7740 7755 7756
f 7740 7756 7757
f 7740 7757 7758
f 7740 7758 7759
f 7740 7759 7741
f 7741 7759 7742
f 7742 7760 7750
f 7742 7759 7760
f 7744 7761 7746
f 7744 7746 7745
f 7746 7761 7754
f 7746 7754 7752
f 7747 7748 7760
f 7747 7760 7749
f 7748 7751 7760
f 7749 7760 7762
f 7750 7760 7751
f 7752 7754 7753
f 7758 7763 7760
f 7758 7760 7759
f 7760 7763 7764
f 7760 7764 7762
o convex_4
v -0.0291643 0.00416962 0.000292274
v -0.0289355 0.000134411 0.000292274
v -0.0289355 0.000130303 0.000552323
v -0.0291643 0.00416962 0.000735215
v 5.8942e-05 0.00416962 0.000292274
v -0.0284977 -0.000164543 0.000292274
v -0.0285435 -0.000120727 0.000806658
v -0.0283175 -0.000142634 0.00344717
v -0.0282631 -0.00012529 0.0043502
v -0.0282116 -9.83631e-05 0.00525609
v -0.0281487 -4.31352e-05 0.00615912
v -0.028904 0.000301004 0.0011553
v -0.0291014 0.00416962 0.00167826
v 5.8942e-05 0.00416962 0.0294751
v 5.8942e-05 0.00150321 0.000292274
v -0.027997 -0.00032931 0.000292274
v -0.0275535 -0.000487231 0.00344717
v -0.0275535 -0.000470343 0.0043502
v -0.0275535 -0.000443871 0.00525609
v -0.028369 -0.000150852 0.00254414
v -0.0275535 -0.000388188 0.00615912
v -0.0280771 6.1384e-05 0.00682497
v -0.0284348 0.000645144 0.00525609
v -0.0274277 -0.000134876 0.00796519
v -0.0272732 -4.9069e-05 0.00887108
v -0.028884 0.00416962 0.0043502
v -0.0289669 0.00416962 0.00344717
v -0.0290385 0.00416962 0.00254414
v 5.8942e-05 0.000645144 0.0289807
v -0.00044175 0.00416962 0.0294836
v 5.8942e-05 -0.00049271 0.0278462
v -0.0275535 -0.000447066 0.000292274
v -0.0185153 -0.000468519 0.0206162
v -0.0248412 -0.000466693 0.0124861
v -0.0266494 -0.000455739 0.00796519
v -0.00044175 -0.000493165 0.0278462
v -0.0266494 -0.000394122 0.00887108
v -0.0283775 0.00416962 0.00791661
v -0.0283833 0.00416962 0.0078966
v -0.0283032 0.000645144 0.00615912
v -0.0263519 -3.12676e-05 0.0115802
v -0.0271644 7.78171e-05 0.00950263
v -0.0275249 0.00416962 0.0106143
v -0.028532 0.00416825 0.00706216
v -0.0287695 0.00416962 0.00525609
v -0.0265064 -0.000130769 0.0106771
v 5.8942e-05 -0.000150394 0.0286406
v -0.00044175 0.000645144 0.0289835
v -0.00134586 0.00416962 0.0294293
v -0.00134586 0.000645144 0.0289464
v -0.0185869 -0.000204708 0.0215935
v -0.0194194 -0.000466693 0.0197132
v -0.0148989 -0.000468975 0.0233282
v -0.0176112 -0.00046578 0.0215192
v -0.0239371 -0.000439308 0.0142921
v -0.0257453 -0.00037632 0.0115802
v -0.0257453 -0.000453457 0.0106771
v -0.0203235 -0.000464412 0.0188101
v -0.0212248 -0.000461672 0.0179043
v -0.0221289 -0.00045437 0.0170012
v -0.00044175 -0.000150852 0.0286406
v -0.00134586 -0.000490426 0.0278462
v -0.00676764 -0.000478561 0.0269432
v -0.028532 0.00416962 0.0070593
v -0.0262489 9.56158e-05 0.0121403
v -0.0257739 -0.000130769 0.0124603
v -0.0267124 0.00416962 0.0124718
v -0.00134586 -0.000145373 0.0286206
v -0.00224997 0.00416962 0.029355
v -0.00315407 0.00416962 0.029275
v -0.00224997 0.000645144 0.0288521
v -0.00315407 -9.15161e-05 0.0284977
v -0.00224997 -0.000128029 0.0285692
v -0.0167071 -0.000426072 0.0224251
v -0.0176227 -0.000170021 0.0224623
v -0.0183322 -2.12262e-05 0.0221851
v -0.0192277 -2.48786e-05 0.0213392
v -0.0194852 -0.000205164 0.0206819
v -0.0139976 -0.000432003 0.0242312
v -0.00947997 -0.000466693 0.0260401
v -0.0121923 -0.000447523 0.0251342
v -0.023033 -0.000402795 0.0160982
v -0.0248412 -0.000333873 0.0133891
v -0.0212791 -0.000197862 0.0188587
v -0.0221747 -0.000192841 0.0179471
v -0.00224997 -0.00047354 0.0278462
v -0.00767175 -0.000461215 0.0269432
v -0.0262346 0.00416962 0.0133891
v -0.0254535 1.11795e-05 0.0133891
v -0.0253076 0.000163167 0.0138663
v -0.0257625 0.00416962 0.0142607
v -0.0248298 -7.0065e-05 0.0142178
v -0.00315407 -0.000436569 0.0278462
v -0.00405532 0.00416962 0.029155
v -0.00671901 0.00416962 0.0287864
v -0.00549732 0.000162709 0.028312
v -0.00495943 8.19247e-05 0.0283549
v -0.00405532 -2.53338e-05 0.0284263
v -0.00405532 -0.000370389 0.0278462
v -0.00767175 -0.000116162 0.0276576
v -0.015803 -0.000332505 0.0233282
v -0.0149132 -0.000170932 0.0242712
v -0.0146185 3.12597e-05 0.024797
v -0.017328 3.30859e-05 0.0229881
v -0.0184753 0.000645144 0.0222994
v -0.0189273 0.000645144 0.0219336
v -0.0193708 0.000645144 0.0214821
v -0.0198228 0.000645144 0.0210191
v -0.0201204 -2.21393e-05 0.0204247
v -0.0130935 -0.000319269 0.0251342
v -0.0103841 -0.000416031 0.0260401
v -0.0230502 -0.000132592 0.0169726
v -0.0237197 -5.72843e-05 0.0160982
v -0.0227612 -1.11847e-05 0.0176756
v -0.0219029 -1.57502e-05 0.018593
v -0.00857586 -0.00031288 0.0269432
v -0.0245208 1.48292e-05 0.014958
v -0.0235509 8.46613e-05 0.0166554
v -0.0247497 0.00416962 0.0159953
v -0.00948283 0.00416962 0.0279433
v -0.00767175 0.000645144 0.0279319
v -0.00676764 0.000645144 0.0281348
v -0.00857586 3.26307e-05 0.0275033
v -0.0103841 -7.09781e-05 0.0266974
v -0.0139204 -5.91105e-05 0.0251142
v -0.0135685 0.000164535 0.0256
v -0.0162751 0.000167729 0.023794
v -0.0178773 0.000645144 0.0227509
v -0.0176398 0.00416962 0.0236054
v -0.0185525 0.00416962 0.0228967
v -0.0202463 0.00416962 0.0214164
v -0.0211475 0.00416962 0.020519
v -0.0202577 0.000645144 0.0205676
v -0.0121923 -0.000124835 0.0258915
v -0.0130935 2.62417e-05 0.0257058
v -0.0224779 0.000645144 0.0182472
v -0.0228556 0.000645144 0.0177928
v -0.0207098 0.000645144 0.0200961
v -0.0215939 0.000645144 0.0191731
v -0.0220259 0.000645144 0.0187216
v -0.0233077 0.000645144 0.0171727
v -0.0240687 0.00416962 0.0169984
v -0.012115 0.00416962 0.026886
v -0.00906225 0.000164993 0.027409
v -0.0110364 5.81894e-05 0.0265688
v -0.0130935 0.00416962 0.0263916
v -0.013929 0.00416962 0.0259658
v -0.0149418 0.00416962 0.02542
v -0.015803 0.00416962 0.0248485
v -0.0226439 0.00416962 0.0188473
v -0.0233878 0.00416962 0.0179414
f 7765 7766 7767
f 7765 7767 7768
f 7765 7768 7777
f 7765 7777 7792
f 7765 7792 7791
f 7765 7791 7790
f 7765 7790 7809
f 7765 7809 7828
f 7765 7828 7803
f 7765 7803 7802
f 7765 7802 7807
f 7765 7807 7831
f 7765 7831 7852
f 7765 7852 7855
f 7765 7855 7883
f 7765 7883 7906
f 7765 7906 7915
f 7765 7915 7914
f 7765 7914 7896
f 7765 7896 7895
f 7765 7895 7894
f 7765 7894 7893
f 7765 7893 7913
f 7765 7913 7912
f 7765 7912 7911
f 7765 7911 7910
f 7765 7910 7907
f 7765 7907 7884
f 7765 7884 7859
f 7765 7859 7858
f 7765 7858 7834
f 7765 7834 7833
f 7765 7833 7813
f 7765 7813 7794
f 7765 7794 7778
f 7765 7778 7769
f 7765 7769 7779
f 7765 7779 7796
f 7765 7796 7780
f 7765 7780 7770
f 7765 7770 7766
f 7766 7770 7767
f 7767 7770 7771
f 7767 7771 7772
f 7767 7772 7773
f 7767 7773 7774
f 7767 7774 7775
f 7767 7775 7776
f 7767 7776 7777
f 7767 7777 7768
f 7769 7778 7793
f 7769 7793 7811
f 7769 7811 7795
f 7769 7795 7779
f 7770 7780 7781
f 7770 7781 7782
f 7770 7782 7783
f 7770 7783 7784
f 7770 7784 7771
f 7771 7784 7772
f 7772 7784 7783
f 7772 7783 7773
f 7773 7783 7774
f 7774 7783 7785
f 7774 7785 7775
f 7775 7786 7787
f 7775 7787 7776
f 7775 7785 7788
f 7775 7788 7789
f 7775 7789 7786
f 7776 7790 7791
f 7776 7791 7792
f 7776 7792 7777
f 7776 7787 7790
f 7778 7794 7793
f 7779 7795 7796
f 7780 7796 7781
f 7781 7797 7798
f 7781 7798 7799
f 7781 7799 7782
f 7781 7796 7795
f 7781 7795 7800
f 7781 7800 7797
f 7782 7799 7783
f 7783 7799 7785
f 7785 7799 7801
f 7785 7801 7788
f 7786 7802 7803
f 7786 7803 7804
f 7786 7804 7787
f 7786 7789 7805
f 7786 7805 7806
f 7786 7806 7807
f 7786 7807 7802
f 7787 7804 7808
f 7787 7808 7809
f 7787 7809 7790
f 7788 7801 7789
f 7789 7801 7810
f 7789 7810 7805
f 7793 7794 7812
f 7793 7812 7811
f 7794 7813 7814
f 7794 7814 7812
f 7795 7811 7825
f 7795 7825 7800
f 7797 7815 7816
f 7797 7816 7798
f 7797 7800 7817
f 7797 7817 7818
f 7797 7818 7815
f 7798 7819 7820
f 7798 7820 7821
f 7798 7821 7799
f 7798 7816 7822
f 7798 7822 7823
f 7798 7823 7824
f 7798 7824 7819
f 7799 7821 7801
f 7800 7825 7826
f 7800 7826 7827
f 7800 7827 7817
f 7801 7821 7820
f 7801 7820 7810
f 7803 7808 7804
f 7803 7828 7808
f 7805 7829 7806
f 7805 7810 7820
f 7805 7820 7830
f 7805 7830 7829
f 7806 7829 7807
f 7807 7829 7831
f 7808 7828 7809
f 7811 7812 7825
f 7812 7814 7832
f 7812 7832 7825
f 7813 7833 7814
f 7814 7833 7834
f 7814 7834 7835
f 7814 7835 7836
f 7814 7836 7837
f 7814 7837 7832
f 7815 7818 7838
f 7815 7838 7839
f 7815 7839 7840
f 7815 7840 7841
f 7815 7841 7842
f 7815 7842 7822
f 7815 7822 7816
f 7817 7843 7818
f 7817 7827 7844
f 7817 7844 7845
f 7817 7845 7843
f 7818 7843 7838
f 7819 7846 7820
f 7819 7824 7846
f 7820 7846 7847
f 7820 7847 7830
f 7822 7842 7823
f 7823 7842 7824
f 7824 7842 7848
f 7824 7848 7849
f 7824 7849 7846
f 7825 7832 7826
f 7826 7832 7850
f 7826 7850 7827
f 7827 7851 7844
f 7827 7850 7851
f 7829 7852 7831
f 7829 7830 7853
f 7829 7853 7854
f 7829 7854 7855
f 7829 7855 7852
f 7830 7847 7856
f 7830 7856 7853
f 7832 7837 7857
f 7832 7857 7850
f 7834 7858 7835
f 7835 7858 7859
f 7835 7859 7860
f 7835 7860 7861
f 7835 7861 7862
f 7835 7862 7836
f 7836 7863 7837
f 7836 7862 7864
f 7836 7864 7863
f 7837 7863 7857
f 7838 7843 7865
f 7838 7865 7839
f 7839 7865 7866
f 7839 7866 7867
f 7839 7867 7868
f 7839 7868 7840
f 7840 7869 7870
f 7840 7870 7841
f 7840 7868 7869
f 7841 7870 7871
f 7841 7871 7872
f 7841 7872 7873
f 7841 7873 7849
f 7841 7849 7848
f 7841 7848 7842
f 7843 7845 7874
f 7843 7874 7865
f 7844 7851 7845
f 7845 7851 7875
f 7845 7875 7874
f 7846 7849 7876
f 7846 7876 7847
f 7847 7876 7877
f 7847 7877 7856
f 7849 7878 7876
f 7849 7873 7879
f 7849 7879 7878
f 7850 7857 7851
f 7851 7864 7880
f 7851 7880 7875
f 7851 7857 7863
f 7851 7863 7864
f 7853 7856 7881
f 7853 7881 7854
f 7854 7881 7882
f 7854 7882 7883
f 7854 7883 7855
f 7856 7877 7881
f 7859 7884 7885
f 7859 7885 7886
f 7859 7886 7860
f 7860 7886 7885
f 7860 7885 7887
f 7860 7887 7864
f 7860 7864 7861
f 7861 7864 7862
f 7864 7887 7888
f 7864 7888 7880
f 7865 7874 7866
f 7866 7874 7889
f 7866 7889 7867
f 7867 7889 7890
f 7867 7890 7868
f 7868 7890 7891
f 7868 7891 7892
f 7868 7892 7869
f 7869 7892 7893
f 7869 7893 7894
f 7869 7894 7870
f 7870 7894 7895
f 7870 7895 7896
f 7870 7896 7871
f 7871 7896 7872
f 7872 7896 7897
f 7872 7897 7879
f 7872 7879 7873
f 7874 7875 7898
f 7874 7898 7899
f 7874 7899 7889
f 7875 7880 7898
f 7876 7878 7877
f 7877 7878 7882
f 7877 7882 7881
f 7878 7879 7900
f 7878 7900 7901
f 7878 7901 7882
f 7879 7897 7902
f 7879 7902 7903
f 7879 7903 7904
f 7879 7904 7900
f 7880 7888 7898
f 7882 7901 7905
f 7882 7905 7883
f 7883 7905 7906
f 7884 7907 7890
f 7884 7890 7908
f 7884 7908 7885
f 7885 7908 7887
f 7887 7908 7909
f 7887 7909 7888
f 7888 7909 7899
f 7888 7899 7898
f 7889 7899 7890
f 7890 7899 7909
f 7890 7909 7908
f 7890 7907 7910
f 7890 7910 7911
f 7890 7911 7912
f 7890 7912 7913
f 7890 7913 7891
f 7891 7913 7893
f 7891 7893 7892
f 7896 7914 7900
f 7896 7900 7904
f 7896 7904 7903
f 7896 7903 7902
f 7896 7902 7897
f 7900 7914 7901
f 7901 7914 7915
f 7901 7915 7905
f 7905 7915 7906
o convex_5
v 5.89406e-05 0.00416962 0.000289416
v -0.0291644 0.00416962 0.000289416
v 5.89406e-05 0.00150297 0.000289416
v 5.89406e-05 0.00416962 -0.0289922
v -0.0291701 0.00416962 -0.000172095
v -0.0289354 0.0001343 0.000289416
v -0.0275534 -0.000447189 0.000289416
v 5.89406e-05 -0.000422105 -0.0281867
v 5.89406e-05 0.000645556 -0.0289807
v -0.000441801 0.00416962 -0.028995
v -0.0291586 0.00416962 -0.00107505
v -0.0289641 0.000645556 -0.000172095
v -0.0289326 0.000141597 -0.000172095
v -0.0284576 -0.000203647 -0.000172095
v -0.0284977 -0.000164427 0.000289416
v -0.0279969 -0.000329068 0.000289416
v -0.0275534 -0.000489604 -0.00288096
v -0.00315153 -0.000451294 -0.0272808
v -0.00495992 -0.000465433 -0.0272808
v -0.00586412 -0.000466346 -0.0272808
v -0.000441801 -0.00042165 -0.0281867
v -0.000441801 -7.68607e-05 -0.0288087
v 5.89406e-05 -7.68607e-05 -0.0288087
v -0.000441801 0.000645556 -0.0289807
v 5.89406e-05 0.000244214 -0.0288861
v -0.001346 0.00416962 -0.0289549
v -0.001346 0.000645556 -0.028952
v -0.0291558 0.00416962 -0.00113525
v -0.0291128 0.00416962 -0.00197514
v -0.0289097 0.000187206 -0.000647938
v -0.0282087 -9.41908e-05 -0.0055927
v -0.0282602 -0.000123836 -0.00468974
v -0.0283031 -0.000138884 -0.00378678
v -0.0275534 -0.000439438 -0.0055927
v -0.0275534 -0.000469082 -0.00468974
v -0.0275534 -0.000484131 -0.00378678
v -0.025745 -0.000479116 -0.0101132
v -0.00857671 -0.000467714 -0.0263779
v -0.00948091 -0.000428946 -0.0263779
v -0.00676832 -0.000417089 -0.0272808
v -0.001346 -0.000409793 -0.0281867
v -0.001346 -6.4546e-05 -0.0287944
v -0.00215863 0.00416962 -0.028909
v -0.00225019 0.00416962 -0.0289033
v -0.00225019 -1.52897e-05 -0.0287542
v -0.00225019 0.000645556 -0.0288775
v -0.00225019 0.00154903 -0.0288861
v -0.0290671 0.00416962 -0.00266884
v -0.0290127 0.00416962 -0.00335107
v -0.0289383 0.00416962 -0.00413363
v -0.0285291 0.000645556 -0.00468974
v -0.0284175 0.000645556 -0.0055927
v -0.0281056 2.80355e-05 -0.00649852
v -0.0273617 -0.000113344 -0.00830443
v -0.0275534 -0.000317208 -0.00649852
v -0.0266492 -0.00033226 -0.00920739
v -0.025745 -0.000464064 -0.0110162
v -0.0230324 -0.000459504 -0.0155309
v -0.0158046 -0.000465433 -0.0227632
v -0.0130948 -0.000464064 -0.0245691
v -0.00948091 -8.37023e-05 -0.0270572
v -0.00767251 -0.000320403 -0.0272808
v -0.0121906 -0.00032314 -0.0254749
v -0.00676832 -7.18427e-05 -0.0279086
v -0.00586412 -0.000121099 -0.0279889
v -0.00225019 -0.000360536 -0.0281867
v -0.00306283 0.00416962 -0.0288288
v -0.00315153 0.000102832 -0.0286826
v -0.00767251 2.48437e-05 -0.0278255
v -0.00362652 0.00018447 -0.0286424
v -0.00315153 0.000645556 -0.0287428
v -0.00315153 0.00154903 -0.0287686
v -0.00397275 0.00416962 -0.0287084
v -0.00315153 0.00416962 -0.0288202
v -0.0288525 0.00416962 -0.00492766
v -0.0287466 0.00416962 -0.00572742
v -0.0284605 0.00416962 -0.00751327
v -0.0282172 0.000645556 -0.00649852
v -0.0280255 0.00015072 -0.00701163
v -0.0272158 1.2529e-05 -0.00920739
v -0.0264689 -0.000118818 -0.0110162
v -0.025828 -0.000195895 -0.0119994
v -0.0255991 -0.000104224 -0.0128249
v -0.0239366 -0.000401583 -0.014628
v -0.0221311 -0.000397023 -0.0173397
v -0.0203227 -0.00042621 -0.0191485
v -0.0194185 -0.000438524 -0.0200515
v -0.0185143 -0.000449471 -0.0209544
v -0.0149004 -0.00042621 -0.0236661
v -0.013999 -0.000336365 -0.0245691
v -0.0101476 4.53683e-05 -0.0269197
v -0.00821045 0.000122898 -0.0277681
v -0.00853665 -0.000119731 -0.027321
v -0.0112864 -0.00012338 -0.0262317
v -0.0121906 2.21071e-05 -0.0260454
v -0.013029 -9.55591e-05 -0.0255007
v -0.00676832 0.000645556 -0.0281007
v -0.00368089 0.000645556 -0.028651
v -0.0048283 0.00416962 -0.0285708
v -0.00406431 0.00416962 -0.028694
v -0.0283145 0.00416962 -0.00814104
v -0.0281514 0.00416962 -0.00871721
v -0.0276793 0.00416962 -0.0103024
v -0.027127 0.000136126 -0.00974343
v -0.0263287 4.32183e-06 -0.01175
v -0.0254074 2.71251e-05 -0.0134728
v -0.0246176 -5.63361e-05 -0.014628
v -0.0239595 -0.000135692 -0.015508
v -0.0230324 -0.000325418 -0.0164368
v -0.0220996 -9.4646e-05 -0.0182025
v -0.0212097 -0.000121099 -0.0191227
v -0.0203198 -0.000142989 -0.02004
v -0.0194299 -0.00016169 -0.0209601
v -0.0184943 -0.000133414 -0.021866
v -0.0176101 -0.000406143 -0.0218602
v -0.0158046 -0.000163059 -0.0236948
v -0.0148231 -5.58809e-05 -0.0245433
v -0.013999 8.88196e-06 -0.0251797
v -0.0126828 0.000157103 -0.0259422
v -0.00948091 0.000645556 -0.0273038
v -0.0087112 0.000645556 -0.0276134
v -0.0082591 0.000645556 -0.0277825
v -0.00767251 0.000645556 -0.0279258
v -0.00676832 0.00154903 -0.0281293
v -0.00577256 0.00416962 -0.0283959
v -0.0272186 0.00416962 -0.0114089
v -0.0264003 0.000645556 -0.0118962
v -0.0267551 0.000645556 -0.0110162
v -0.0261828 0.000645556 -0.0123491
v -0.0244517 8.45886e-05 -0.015187
v -0.0236333 1.93705e-05 -0.0164368
v -0.0229895 -2.57809e-05 -0.0172595
v -0.0226604 8.04837e-05 -0.0178758
v -0.0217791 5.677e-05 -0.0188045
v -0.0208978 3.62454e-05 -0.0197333
v -0.0200165 1.93705e-05 -0.020662
v -0.0191352 5.23224e-06 -0.0215707
v -0.0181766 6.72585e-05 -0.0223905
v -0.0176101 -7.36689e-05 -0.0225883
v -0.0155041 3.8982e-05 -0.0242251
v -0.014474 0.000163035 -0.0250392
v -0.0129518 0.00416962 -0.0261371
v -0.0102792 0.000645556 -0.0269741
v -0.0131778 0.000645556 -0.0257702
v -0.0109345 0.00416962 -0.0269311
v -0.0083478 0.00416962 -0.027814
v -0.00828771 0.00416962 -0.0278312
v -0.00767251 0.00416962 -0.0279917
v -0.0102935 0.00416962 -0.0271604
v -0.00758095 0.00416962 -0.0280118
v -0.00676832 0.00416962 -0.0281867
v -0.00586412 0.00416962 -0.0283787
v -0.0269096 0.00416962 -0.0120825
v -0.0260054 0.00416962 -0.0140461
v -0.023496 0.000170786 -0.016904
v -0.0223028 0.00416962 -0.019332
v -0.0214615 0.00416962 -0.0202922
v -0.0196817 0.000645556 -0.0212038
v -0.0192296 0.000645556 -0.021651
v -0.018686 0.000645556 -0.0221039
v -0.0190551 0.00416962 -0.0224221
v -0.0180135 0.00416962 -0.0232075
v -0.0174756 0.00416962 -0.0236002
v -0.0168976 0.00416962 -0.0239729
v -0.0164398 0.00416962 -0.0242624
v -0.015816 0.00416962 -0.0246436
v -0.0148002 0.00416962 -0.0252542
v -0.013999 0.000645556 -0.0253517
v -0.0130262 0.00416962 -0.0261027
v -0.0147315 0.00416962 -0.0252915
v -0.0250182 0.00416962 -0.0157431
v -0.0243601 0.00416962 -0.0167234
v -0.0235446 0.00416962 -0.0178156
v -0.0205487 0.00416962 -0.021178
v -0.0195787 0.00416962 -0.0220093
f 7916 7917 7921
f 7916 7921 7930
f 7916 7930 7931
f 7916 7931 7922
f 7916 7922 7918
f 7916 7918 7923
f 7916 7923 7938
f 7916 7938 7940
f 7916 7940 7924
f 7916 7924 7919
f 7916 7919 7925
f 7916 7925 7941
f 7916 7941 7958
f 7916 7958 7959
f 7916 7959 7982
f 7916 7982 7989
f 7916 7989 7988
f 7916 7988 8015
f 7916 8015 8014
f 7916 8014 8040
f 7916 8040 8067
f 7916 8067 8066
f 7916 8066 8065
f 7916 8065 8063
f 7916 8063 8062
f 7916 8062 8061
f 7916 8061 8064
f 7916 8064 8060
f 7916 8060 8057
f 7916 8057 8084
f 7916 8084 8085
f 7916 8085 8082
f 7916 8082 8081
f 7916 8081 8080
f 7916 8080 8079
f 7916 8079 8078
f 7916 8078 8077
f 7916 8077 8076
f 7916 8076 8090
f 7916 8090 8089
f 7916 8089 8072
f 7916 8072 8071
f 7916 8071 8088
f 7916 8088 8087
f 7916 8087 8086
f 7916 8086 8069
f 7916 8069 8068
f 7916 8068 8041
f 7916 8041 8018
f 7916 8018 8017
f 7916 8017 8016
f 7916 8016 7992
f 7916 7992 7991
f 7916 7991 7990
f 7916 7990 7965
f 7916 7965 7964
f 7916 7964 7963
f 7916 7963 7944
f 7916 7944 7943
f 7916 7943 7926
f 7916 7926 7920
f 7916 7920 7917
f 7917 7920 7921
f 7918 7922 7923
f 7919 7924 7925
f 7920 7926 7927
f 7920 7927 7921
f 7921 7927 7928
f 7921 7928 7929
f 7921 7929 7930
f 7922 7931 7932
f 7922 7932 7923
f 7923 7933 7934
f 7923 7934 7935
f 7923 7935 7936
f 7923 7936 7937
f 7923 7937 7938
f 7923 7932 7933
f 7924 7939 7925
f 7924 7940 7939
f 7925 7939 7942
f 7925 7942 7941
f 7926 7943 7928
f 7926 7928 7927
f 7928 7943 7944
f 7928 7944 7945
f 7928 7945 7946
f 7928 7946 7947
f 7928 7947 7948
f 7928 7948 7929
f 7929 7931 7930
f 7929 7948 7949
f 7929 7949 7950
f 7929 7950 7951
f 7929 7951 7932
f 7929 7932 7931
f 7932 7951 7952
f 7932 7952 7953
f 7932 7953 7935
f 7932 7935 7934
f 7932 7934 7933
f 7935 7953 7954
f 7935 7954 7955
f 7935 7955 7981
f 7935 7981 7956
f 7935 7956 7936
f 7936 7956 7937
f 7937 7956 7957
f 7937 7957 7939
f 7937 7939 7940
f 7937 7940 7938
f 7939 7957 7942
f 7941 7942 7958
f 7942 7959 7958
f 7942 7957 7960
f 7942 7960 7961
f 7942 7961 7962
f 7942 7962 7959
f 7944 7963 7945
f 7945 7963 7964
f 7945 7964 7965
f 7945 7965 7966
f 7945 7966 7967
f 7945 7967 7946
f 7946 7949 7947
f 7946 7967 7968
f 7946 7968 7969
f 7946 7969 7970
f 7946 7970 7949
f 7947 7949 7948
f 7949 7970 7971
f 7949 7971 7972
f 7949 7972 7950
f 7950 7972 7952
f 7950 7952 7951
f 7952 7972 7973
f 7952 7973 7974
f 7952 7974 7953
f 7953 7974 7975
f 7953 7975 7954
f 7954 7976 7977
f 7954 7977 7955
f 7954 7975 7978
f 7954 7978 7976
f 7955 7977 7979
f 7955 7979 7980
f 7955 7980 7981
f 7956 7981 7957
f 7957 7981 7960
f 7959 7962 7982
f 7960 7983 7961
f 7960 7981 7980
f 7960 7980 7979
f 7960 7979 7984
f 7960 7984 7983
f 7961 7983 7985
f 7961 7985 7986
f 7961 7986 7987
f 7961 7987 7988
f 7961 7988 7989
f 7961 7989 7962
f 7962 7989 7982
f 7965 7990 7966
f 7966 7990 7967
f 7967 7991 7992
f 7967 7992 7993
f 7967 7993 7994
f 7967 7994 7968
f 7967 7990 7991
f 7968 7994 7995
f 7968 7995 7969
f 7969 7995 7996
f 7969 7996 7971
f 7969 7971 7970
f 7971 7996 7972
f 7972 7996 7997
f 7972 7997 7998
f 7972 7998 7999
f 7972 7999 7973
f 7973 7999 8000
f 7973 8000 8001
f 7973 8001 8002
f 7973 8002 8003
f 7973 8003 7974
f 7974 8003 8004
f 7974 8004 7975
f 7975 8004 8005
f 7975 8005 7978
f 7976 8006 8007
f 7976 8007 7984
f 7976 7984 8008
f 7976 8008 7977
f 7976 7978 8009
f 7976 8009 8010
f 7976 8010 8006
f 7977 8008 7984
f 7977 7984 7979
f 7978 8005 8011
f 7978 8011 8009
f 7983 7984 7985
f 7984 8007 7985
f 7985 8012 8013
f 7985 8013 7986
f 7985 8007 8012
f 7986 8013 8014
f 7986 8014 7987
f 7987 8014 8015
f 7987 8015 7988
f 7992 8016 7993
f 7993 8016 7994
f 7994 8016 8017
f 7994 8017 8018
f 7994 8018 8019
f 7994 8019 7995
f 7995 8019 8020
f 7995 8020 7996
f 7996 8020 7998
f 7996 7998 7997
f 7998 8020 8021
f 7998 8021 8022
f 7998 8022 8023
f 7998 8023 8024
f 7998 8024 7999
f 7999 8024 8000
f 8000 8024 8025
f 8000 8025 8026
f 8000 8026 8027
f 8000 8027 8028
f 8000 8028 8001
f 8001 8028 8002
f 8002 8028 8003
f 8003 8028 8029
f 8003 8029 8030
f 8003 8030 8004
f 8004 8030 8005
f 8005 8030 8029
f 8005 8029 8031
f 8005 8031 8032
f 8005 8032 8033
f 8005 8033 8011
f 8006 8010 8034
f 8006 8034 8007
f 8007 8034 8035
f 8007 8035 8036
f 8007 8036 8037
f 8007 8037 8038
f 8007 8038 8012
f 8009 8011 8010
f 8010 8011 8033
f 8010 8033 8034
f 8012 8038 8039
f 8012 8039 8014
f 8012 8014 8013
f 8014 8039 8040
f 8018 8041 8042
f 8018 8042 8043
f 8018 8043 8019
f 8019 8043 8020
f 8020 8043 8042
f 8020 8042 8044
f 8020 8044 8021
f 8021 8044 8045
f 8021 8045 8046
f 8021 8046 8022
f 8022 8046 8023
f 8023 8046 8024
f 8024 8046 8047
f 8024 8047 8025
f 8025 8048 8049
f 8025 8049 8050
f 8025 8050 8051
f 8025 8051 8026
f 8025 8047 8048
f 8026 8051 8027
f 8027 8051 8028
f 8028 8051 8052
f 8028 8052 8029
f 8029 8053 8054
f 8029 8054 8031
f 8029 8052 8053
f 8031 8055 8032
f 8031 8054 8055
f 8032 8055 8033
f 8033 8055 8056
f 8033 8056 8034
f 8034 8057 8058
f 8034 8058 8035
f 8034 8056 8059
f 8034 8059 8057
f 8035 8058 8057
f 8035 8057 8036
f 8036 8057 8060
f 8036 8060 8037
f 8037 8061 8062
f 8037 8062 8063
f 8037 8063 8038
f 8037 8060 8064
f 8037 8064 8061
f 8038 8063 8065
f 8038 8065 8066
f 8038 8066 8067
f 8038 8067 8039
f 8039 8067 8040
f 8041 8068 8042
f 8042 8068 8069
f 8042 8069 8044
f 8044 8069 8045
f 8045 8069 8070
f 8045 8070 8046
f 8046 8070 8047
f 8047 8070 8048
f 8048 8071 8072
f 8048 8072 8073
f 8048 8073 8049
f 8048 8070 8071
f 8049 8073 8050
f 8050 8073 8051
f 8051 8073 8052
f 8052 8073 8074
f 8052 8074 8053
f 8053 8074 8075
f 8053 8075 8076
f 8053 8076 8077
f 8053 8077 8078
f 8053 8078 8056
f 8053 8056 8055
f 8053 8055 8054
f 8056 8079 8080
f 8056 8080 8081
f 8056 8081 8082
f 8056 8082 8083
f 8056 8083 8059
f 8056 8078 8079
f 8057 8059 8084
f 8059 8083 8085
f 8059 8085 8084
f 8069 8086 8070
f 8070 8086 8087
f 8070 8087 8088
f 8070 8088 8071
f 8072 8089 8074
f 8072 8074 8073
f 8074 8089 8090
f 8074 8090 8075
f 8075 8090 8076
f 8082 8085 8083
