o convex_0
v 0.0183218 0.0314195 -0.0254654
v 0.0183218 0.0314133 -0.0236114
v 0.0183218 0.0312719 -0.0319371
v -0.0335614 0.030989 -0.0319371
v 0.0183218 0.0313949 -0.0215293
v 0.0183218 0.0303433 -0.0338638
v -0.0335614 0.0309152 -0.0340191
v -0.0356454 0.0309644 -0.0319371
v -0.0335614 0.0309705 -0.029855
v 0.0183218 0.0313641 -0.0194472
v 0.0183218 0.0303372 -0.0338738
v -0.0314857 0.0299436 -0.0357554
v -0.0335614 0.0299682 -0.0357605
v -0.0356454 0.0299559 -0.0357579
v -0.0356454 0.0308906 -0.0340191
v -0.0377294 0.030866 -0.0319371
v -0.0356454 0.0309336 -0.029855
v -0.0335614 0.0309336 -0.027773
v 0.0183218 0.0313211 -0.0173652
v 0.0183218 0.0280557 -0.0349286
v -0.0127548 0.0296546 -0.0356176
v -0.0210824 0.0297776 -0.0356928
v -0.0294017 0.0299128 -0.0357479
v -0.0148388 0.0280557 -0.0363868
v -0.0169144 0.0280557 -0.0364044
v -0.0189984 0.0280557 -0.0364219
v -0.0231664 0.0280557 -0.036452
v -0.0335614 0.0280557 -0.0365021
v -0.0356454 0.0280557 -0.0365021
v -0.0273177 0.0280557 -0.0364795
v -0.0314857 0.0280557 -0.0364996
v -0.0377294 0.0280557 -0.0364845
v -0.0377294 0.0299005 -0.0357404
v -0.0377294 0.0307922 -0.0340191
v -0.0398134 0.0306569 -0.0319371
v -0.0377294 0.030823 -0.029855
v -0.0356454 0.0308722 -0.027773
v -0.0335614 0.030866 -0.0256909
v 0.0183218 0.0312411 -0.0137949
v 0.0183218 0.0259711 -0.0349311
v -0.0127548 0.0259711 -0.0364896
v -0.0127548 0.0280557 -0.0363317
v -0.0148388 0.0296792 -0.0356427
v -0.0148388 0.0259711 -0.0365447
v -0.0169144 0.0259711 -0.0365472
v -0.043973 0.0259711 -0.0365472
v -0.046057 0.0259711 -0.0365096
v -0.0398134 0.0280557 -0.0364319
v -0.0398134 0.0297899 -0.0356878
v -0.0418974 0.0296177 -0.0355851
v -0.0398134 0.0305708 -0.0340191
v -0.0418974 0.0303187 -0.0319371
v -0.0418974 0.0302757 -0.029855
v -0.0398134 0.0306077 -0.029855
v -0.0377294 0.0307492 -0.027773
v -0.0356454 0.0307861 -0.0256909
v -0.0335614 0.0307861 -0.0236114
v 0.0183218 0.0312165 -0.0132011
v -0.0335614 0.0307 -0.0215293
v 0.0183218 -0.0280026 -0.0349311
v -0.0127548 -0.0260716 -0.0364896
v -0.0148388 -0.0260716 -0.0365447
v -0.0169144 0.0176447 -0.0365472
v -0.0606283 0.00723372 -0.0365522
v -0.048141 0.0238925 -0.0365472
v -0.0418974 0.0280557 -0.0363292
v -0.0523007 0.0218079 -0.0365422
v -0.050225 0.0238925 -0.0364971
v -0.048141 0.0259711 -0.0363267
v -0.043973 0.0280557 -0.0361463
v -0.043973 0.0294024 -0.0354022
v -0.0418974 0.0302326 -0.0340191
v -0.043973 0.0297837 -0.0340191
v -0.043973 0.0298329 -0.0319371
v -0.043973 0.0297837 -0.029855
v -0.0418974 0.0301711 -0.027773
v -0.0398134 0.0304355 -0.0256909
v -0.0398134 0.0305339 -0.027773
v -0.0377294 0.0306631 -0.0256909
v -0.0356454 0.0307 -0.0236114
v 0.0183218 0.0311735 -0.0126674
v -0.0335614 0.0306016 -0.0194472
v -0.0335614 0.0304417 -0.0173652
v 0.0183218 -0.0281563 -0.0349286
v -0.0127548 -0.0281563 -0.0363317
v -0.0210824 -0.0260716 -0.0365472
v -0.0189984 -0.0135821 -0.0365472
v -0.0148388 -0.0281563 -0.0363868
v -0.0169144 -0.0281563 -0.0364044
v -0.0189984 -0.0281563 -0.0364219
v -0.0252337 -0.0281563 -0.036467
v -0.0273177 -0.0281563 -0.0364795
v -0.0294017 -0.0281563 -0.0364896
v -0.0314857 -0.0281563 -0.0364971
v -0.0523007 -0.0156606 -0.0365497
v -0.0543847 -0.0156606 -0.0365497
v -0.0585527 -0.0135821 -0.0365497
v -0.0606283 -0.0094128 -0.0365497
v -0.0627123 -0.00524963 -0.0365472
v -0.0627123 0.00515521 -0.0365472
v -0.0606283 0.00931838 -0.0365497
v -0.0564687 0.0176447 -0.0365472
v -0.0543847 0.0197294 -0.0365472
v -0.0564687 0.0197294 -0.0363918
v -0.0543847 0.0218079 -0.0363593
v -0.0523007 0.0238925 -0.0362215
v -0.0503 0.0261002 -0.0357655
v -0.048141 0.0276191 -0.0355826
v -0.046082 0.0281848 -0.0357154
v -0.0453985 0.0292241 -0.0352118
v -0.0456402 0.0293102 -0.0340191
v -0.0456569 0.0293225 -0.0319371
v -0.0455819 0.0292979 -0.029855
v -0.0454485 0.0292487 -0.027773
v -0.043973 0.029673 -0.027773
v -0.0418974 0.0300235 -0.0256909
v -0.0398134 0.0301588 -0.0215293
v -0.0398134 0.0303003 -0.0236114
v -0.0377294 0.0304417 -0.0215293
v -0.0377294 0.0305585 -0.0236114
v -0.0356454 0.0306016 -0.0215293
v 0.0183218 0.0302941 -0.0115725
v -0.0335614 0.0300358 -0.0132011
v -0.0335614 0.0295193 -0.0115074
v -0.0314857 0.02955 -0.0114798
v -0.0356454 0.0304786 -0.0194472
v -0.0356454 0.0303064 -0.0173652
v 0.0183218 -0.0304377 -0.0338763
v -0.0127548 -0.0297551 -0.0356176
v -0.043973 -0.0260716 -0.0365472
v -0.0148388 -0.0297859 -0.0356452
v -0.0169144 -0.0298166 -0.0356627
v -0.0210824 -0.0298781 -0.0356953
v -0.0252337 -0.0299458 -0.0357229
v -0.0294017 -0.0300134 -0.0357479
v -0.0314857 -0.0300442 -0.0357529
v -0.0335614 -0.0300626 -0.0357554
v -0.0356454 -0.0281563 -0.0364971
v -0.0606283 -0.0114975 -0.0365472
v -0.048141 -0.0239931 -0.0365472
v -0.0543847 -0.0198238 -0.0365472
v -0.0564687 -0.0177453 -0.0365472
v -0.0627123 -0.00733429 -0.0365196
v -0.0647963 -0.00108647 -0.0362891
v -0.0647963 0.000985894 -0.0362841
v -0.0627123 0.00723372 -0.0365221
v -0.0606283 0.0113969 -0.0365472
v -0.0585527 0.0155601 -0.0365321
v -0.0564603 0.0218202 -0.0356803
v -0.0585527 0.0176447 -0.0363392
v -0.0585527 0.0197109 -0.0356728
v -0.0523007 0.0254484 -0.0354849
v -0.0542846 0.0238556 -0.0355851
v -0.0496582 0.0272563 -0.035312
v -0.048141 0.0282832 -0.0340191
v -0.0466822 0.0289289 -0.0340191
v -0.0466989 0.0289474 -0.0319371
v -0.0466239 0.0289228 -0.029855
v -0.0464905 0.0288674 -0.027773
v -0.0452401 0.0291749 -0.0256909
v -0.0450901 0.0291196 -0.0243405
v -0.043973 0.0295131 -0.0256909
v -0.0418974 0.0298636 -0.0236114
v -0.0377294 0.0303003 -0.0194472
v -0.0418974 0.0296976 -0.0215293
v -0.0398134 0.0299866 -0.0194472
v 0.0143122 0.0298698 -0.0114021
v 0.0163962 0.0299743 -0.0114572
v 0.0183218 0.0284677 -0.0115274
v -0.0356454 0.0298882 -0.0132011
v -0.0356454 0.0294393 -0.0115825
v -0.0377294 0.0280557 -0.0111541
v -0.0356454 0.0280557 -0.0110889
v -0.0377294 0.0301035 -0.0173652
v 0.0183218 -0.0313171 -0.0326236
v -0.0377294 -0.0281563 -0.0364745
v -0.046057 -0.0260716 -0.0365071
v -0.0335614 -0.0310158 -0.0340191
v -0.0356454 -0.0300503 -0.0357529
v -0.0585527 -0.0156606 -0.0365271
v -0.0606283 -0.0135821 -0.0364445
v -0.0523007 -0.0219085 -0.0365397
v -0.0564687 -0.0198238 -0.0363918
v -0.0627123 -0.0094128 -0.0364044
v -0.0647963 -0.00317112 -0.036219
v -0.0662801 -0.00108647 -0.035545
v -0.0662718 0.000985894 -0.03554
v -0.0647963 0.00307055 -0.036219
v -0.0627123 0.00931838 -0.0364069
v -0.0606283 0.0134815 -0.0364545
v -0.0557601 0.0231362 -0.035312
v -0.0578608 0.0211314 -0.035347
v -0.0606283 0.0155601 -0.0361137
v -0.0605783 0.0174848 -0.0355249
v -0.0598447 0.0190037 -0.0352994
v -0.0535261 0.0250609 -0.0351967
v -0.0509836 0.0268504 -0.0340191
v -0.0499416 0.02741 -0.0340191
v -0.048141 0.0283263 -0.0319371
v -0.048141 0.0282709 -0.029855
v -0.0462738 0.0287752 -0.0256909
v -0.048141 0.0281541 -0.027773
v -0.048141 0.0279696 -0.0256909
v -0.0458903 0.0287383 -0.0236339
v -0.0448816 0.0290642 -0.0229549
v -0.0441064 0.0293163 -0.0236339
v -0.0436062 0.0292672 -0.0215293
v -0.0418974 0.0295008 -0.0194472
v -0.0398134 0.029753 -0.0173652
v 0.00390052 0.0280557 -0.0112368
v 0.00598452 0.0280557 -0.0112468
v 0.00806852 0.0280557 -0.0112794
v 0.00806852 -0.0281563 -0.0112693
v 0.0143122 0.0281971 -0.0114021
v -0.0335614 0.0280557 -0.0110965
v 0.0163962 -0.0300688 -0.0114572
v 0.0183218 -0.0286913 -0.0115299
v -0.0377294 0.0296361 -0.0132011
v -0.0377294 0.0293102 -0.0117629
v -0.0418974 0.0277851 -0.0113746
v -0.043973 0.0259711 -0.0109987
v 0.0183218 -0.0313663 -0.0319371
v -0.0377294 -0.0299827 -0.0357304
v -0.0398134 -0.0281563 -0.0364144
v -0.0418974 -0.0281563 -0.0363167
v -0.043973 -0.0281563 -0.0361438
v -0.048141 -0.0260716 -0.0363267
v -0.050225 -0.0239931 -0.0364971
v -0.0335614 -0.0311019 -0.0319371
v -0.0356454 -0.0309973 -0.0340191
v -0.0585527 -0.0177453 -0.0363267
v -0.0606283 -0.0156606 -0.0360987
v -0.0627123 -0.0114975 -0.0361388
v -0.0543847 -0.0219085 -0.0363593
v -0.0564687 -0.0219208 -0.0356853
v -0.0585527 -0.0198115 -0.0356703
v -0.0647963 -0.00524963 -0.0360786
v -0.0662051 -0.00317112 -0.0354748
v -0.066797 -0.00108647 -0.0340191
v -0.0667886 0.000985894 -0.0340191
v -0.0662051 0.00307055 -0.0354748
v -0.0647963 0.00515521 -0.0360761
v -0.0627123 0.0113969 -0.0361313
v -0.0569938 0.0223798 -0.0340191
v -0.0559518 0.0233022 -0.0340191
v -0.0591028 0.0202213 -0.0340191
v -0.0580608 0.0213344 -0.0340191
v -0.062754 0.013377 -0.0356377
v -0.0620288 0.0155601 -0.0353846
v -0.0617287 0.0166854 -0.0351216
v -0.0599865 0.0191821 -0.0340191
v -0.0546848 0.0243415 -0.0340191
v -0.0536428 0.0251409 -0.0340191
v -0.0523007 0.0260203 -0.0340191
v -0.0510086 0.026875 -0.0319371
v -0.0499666 0.0274346 -0.0319371
v -0.0499166 0.0274039 -0.029855
v -0.0498082 0.0273485 -0.027773
v -0.046057 0.0284616 -0.0215293
v -0.0496165 0.0272501 -0.0256909
v -0.048141 0.0277482 -0.0236114
v -0.0446482 0.0290027 -0.0215293
v -0.0432061 0.0291626 -0.0194472
v -0.0429644 0.0291011 -0.0183498
v -0.041914 0.0292672 -0.0175406
v -0.0408887 0.0291073 -0.0141757
v -0.0398134 0.0294947 -0.0152831
v 0.00598452 -0.0281563 -0.0112393
v 0.0143122 -0.0299581 -0.0114046
v 0.0183218 -0.0303885 -0.0115775
v -0.0398217 0.0292549 -0.0133689
v -0.0391298 0.0291811 -0.0119834
v -0.043973 0.0274715 -0.0115299
v -0.046082 0.026094 -0.0113696
v -0.048141 0.0238925 -0.0109787
v 0.0183218 -0.0314032 -0.0256909
v -0.0377294 -0.0308743 -0.0340191
v -0.0398134 -0.029872 -0.0356703
v -0.0418974 -0.0297121 -0.0355725
v -0.043973 -0.0294969 -0.0353997
v -0.0460737 -0.0282793 -0.0357128
v -0.048141 -0.0277135 -0.0355826
v -0.0503 -0.0261946 -0.035768
v -0.0523007 -0.0239931 -0.0362265
v 0.0183218 -0.031397 -0.0233458
v 0.0183218 -0.0313909 -0.0215293
v 0.0183218 -0.0313663 -0.0173652
v -0.0335614 -0.0310834 -0.029855
v -0.0356454 -0.0310834 -0.0319371
v -0.0377294 -0.0309727 -0.0319371
v -0.06057 -0.0175854 -0.0355149
v -0.0620204 -0.0156606 -0.0353771
v -0.062754 -0.0134899 -0.0356377
v -0.0640711 -0.0114975 -0.0353972
v -0.0644379 -0.0094128 -0.0356602
v -0.054293 -0.0239624 -0.0355901
v -0.0557684 -0.0232429 -0.0353145
v -0.0578608 -0.021232 -0.0353496
v -0.0598364 -0.0191043 -0.0352894
v -0.0649297 -0.00733429 -0.0357053
v -0.0660717 -0.00524963 -0.0353345
v -0.0666302 -0.00317112 -0.0340191
v -0.066822 -0.00108647 -0.0319371
v -0.0668303 0.000985894 -0.0319371
v -0.0666302 0.00307055 -0.0340191
v -0.0660717 0.00515521 -0.035332
v -0.0644545 0.00931838 -0.0356627
v -0.064938 0.00725217 -0.0357028
v -0.0640711 0.0113969 -0.0353871
v -0.0570022 0.0223859 -0.0319371
v -0.0580692 0.0213467 -0.0319371
v -0.0559602 0.0233083 -0.0319371
v -0.0591112 0.0202152 -0.0319371
v -0.0638377 0.0126206 -0.0351541
v -0.0633792 0.0137706 -0.0340191
v -0.0624206 0.0155601 -0.0340191
v -0.061762 0.0167407 -0.0340191
v -0.0610284 0.01778 -0.0340191
v -0.0599781 0.0191759 -0.0319371
v -0.0546848 0.0243476 -0.0319371
v -0.0536511 0.0251532 -0.0319371
v -0.0523007 0.026051 -0.0319371
v -0.0523007 0.0259957 -0.029855
v -0.0509586 0.0268443 -0.029855
v -0.0508502 0.0267828 -0.027773
v -0.046057 0.0282217 -0.0194472
v -0.0482994 0.0274408 -0.0215418
v -0.049258 0.0270534 -0.0222459
v -0.0506585 0.0266782 -0.0256909
v -0.0504418 0.0265737 -0.0236114
v -0.0442481 0.028892 -0.0194472
v -0.0421975 0.0289105 -0.0152831
v -0.0417056 0.0287752 -0.0133689
v -0.0405219 0.0289966 -0.0127877
v 0.00390052 -0.0281563 -0.0112317
v -0.048141 -0.0239931 -0.0109937
v -0.0335614 -0.0281563 -0.011099
v -0.0356454 -0.0281563 -0.0110965
v -0.0314857 -0.0296506 -0.0114748
v 0.0183218 -0.0304377 -0.0116577
v -0.043973 0.0280865 -0.0132011
v -0.0454068 0.0271948 -0.0118406
v -0.048141 0.0254914 -0.0115074
v -0.0502 0.0239479 -0.0113871
v -0.0524424 0.0219616 -0.0113169
v -0.0545764 0.0199139 -0.0112944
v -0.0585527 0.0134815 -0.0109837
v -0.0606283 -0.00733429 -0.0109561
v -0.0398134 -0.0307575 -0.0319371
v -0.0398134 -0.030653 -0.0340191
v -0.0418974 -0.0303209 -0.0340191
v -0.0453901 -0.0293185 -0.0352092
v -0.0496498 -0.027363 -0.0353145
v -0.0523007 -0.0255489 -0.0354899
v 0.0183218 -0.0313478 -0.0152831
v -0.0335614 -0.0310465 -0.027773
v -0.0356454 -0.0310588 -0.029855
v -0.0377294 -0.0309481 -0.029855
v -0.0617287 -0.0167798 -0.035119
v -0.063846 -0.0127335 -0.0351692
v -0.0659383 -0.00664556 -0.0351817
v -0.0535427 -0.0251677 -0.0352042
v -0.0559685 -0.0234151 -0.0340191
v -0.0570105 -0.0224804 -0.0340191
v -0.0580608 -0.0214411 -0.0340191
v -0.0591028 -0.0203219 -0.0340191
v -0.0599781 -0.0192765 -0.0340191
v -0.0666469 -0.00317112 -0.0319371
v -0.0663301 -0.00524963 -0.0340191
v -0.0667303 -0.00108647 -0.029855
v -0.0667469 0.000985894 -0.029855
v -0.0666552 0.00307055 -0.0319371
v -0.0663301 0.00515521 -0.0340191
v -0.06593 0.00656958 -0.0351742
v -0.0569605 0.0223429 -0.029855
v -0.0559185 0.0232715 -0.029855
v -0.0580192 0.0213036 -0.029855
v -0.0546514 0.0243107 -0.029855
v -0.0590612 0.0201598 -0.029855
v -0.0599364 0.0191144 -0.029855
v -0.0652048 0.00931838 -0.0340191
v -0.0644295 0.0113969 -0.0340191
v -0.0638877 0.0127252 -0.0340191
v -0.0633875 0.0137583 -0.0319371
v -0.0624289 0.0155601 -0.0319371
v -0.0617537 0.0167223 -0.0319371
v -0.0610201 0.0177616 -0.0319371
v -0.0536094 0.0251286 -0.029855
v -0.0535177 0.0250609 -0.027773
v -0.0523007 0.0258665 -0.027773
v -0.0521256 0.0255283 -0.0236114
v -0.046057 0.0279143 -0.0173652
v -0.043973 0.0283939 -0.0152831
v -0.0478576 0.0273854 -0.0194472
v -0.0490913 0.0269734 -0.0208578
v -0.0500583 0.026543 -0.0215418
v -0.0519339 0.0254176 -0.0215293
v -0.0437813 0.028769 -0.0175406
v -0.0585527 -0.0135821 -0.0109787
v -0.0545764 -0.0200144 -0.0113019
v -0.0524507 -0.0220622 -0.0113119
v -0.0502 -0.0240485 -0.0113896
v -0.048141 -0.0255858 -0.0115074
v -0.043973 -0.0260716 -0.0110463
v -0.0377294 -0.0281563 -0.0111591
v -0.0335614 -0.0296199 -0.0115023
v 0.0183218 -0.0313048 -0.0132011
v -0.0457819 0.0273731 -0.0132011
v -0.0468239 0.0268873 -0.0132011
v -0.048141 0.0262293 -0.0132011
v -0.0494915 0.0251286 -0.0118456
v -0.0518339 0.0232899 -0.0116677
v -0.0540096 0.0213651 -0.0116151
v -0.0560102 0.0193481 -0.0116226
v -0.0566104 0.0177677 -0.0113119
v -0.058586 0.0154924 -0.0114222
v -0.0600448 0.0134815 -0.011575
v -0.0607117 0.0113108 -0.0114472
v -0.0606283 0.00931838 -0.0110889
v -0.0606283 0.00723372 -0.0109862
v -0.0624372 -0.00524963 -0.011332
v -0.0606283 -0.0094128 -0.0110564
v -0.0625873 0.00307055 -0.011332
v -0.0625539 -0.00317112 -0.011342
v -0.0398134 -0.0307206 -0.029855
v -0.0418974 -0.0304131 -0.0319371
v -0.043973 -0.0298658 -0.0340191
v -0.0456236 -0.0294046 -0.0340191
v -0.0466655 -0.0290172 -0.0340191
v -0.048141 -0.0283838 -0.0340191
v -0.0499249 -0.0275167 -0.0340191
v -0.0509669 -0.0269325 -0.0340191
v -0.0335614 -0.030985 -0.0256909
v -0.0356454 -0.0310096 -0.027773
v -0.0377294 -0.0308866 -0.027773
v -0.061762 -0.016829 -0.0340191
v -0.0624039 -0.0156606 -0.0340191
v -0.0633542 -0.0138834 -0.0340191
v -0.0610201 -0.0178744 -0.0340191
v -0.063896 -0.012838 -0.0340191
v -0.0644379 -0.0114975 -0.0340191
v -0.0651798 -0.0094128 -0.0340191
v -0.0656799 -0.00789389 -0.0340191
v -0.0659967 -0.00685464 -0.0340191
v -0.0523007 -0.0261147 -0.0340191
v -0.0536594 -0.0252538 -0.0340191
v -0.0547014 -0.0244543 -0.0340191
v -0.0559685 -0.0234212 -0.0319371
v -0.0570105 -0.0224865 -0.0319371
v -0.0580692 -0.0214472 -0.0319371
v -0.0591112 -0.0203096 -0.0319371
v -0.0599614 -0.0192642 -0.0319371
v -0.0665469 -0.00317112 -0.029855
v -0.0663218 -0.00524963 -0.0319371
v -0.0662384 -0.00524963 -0.029855
v -0.0663968 -0.00317112 -0.027773
v -0.0665719 -0.00108647 -0.027773
v -0.0665885 0.000985894 -0.027773
v -0.0665719 0.00307055 -0.029855
v -0.0663301 0.00515521 -0.0319371
v -0.0659884 0.00678481 -0.0340191
v -0.0657049 0.00783022 -0.0340191
v -0.0568855 0.0222506 -0.027773
v -0.0558435 0.0232038 -0.027773
v -0.0579275 0.0212114 -0.027773
v -0.0545597 0.0242492 -0.027773
v -0.0598531 0.0190099 -0.027773
v -0.0589695 0.0200553 -0.027773
v -0.0609784 0.0177001 -0.029855
v -0.0652298 0.00931838 -0.0319371
v -0.0644462 0.0113969 -0.0319371
v -0.0638877 0.012719 -0.0319371
v -0.0638543 0.0126514 -0.029855
v -0.0633459 0.0136968 -0.029855
v -0.0623455 0.0155601 -0.029855
v -0.061712 0.0166608 -0.029855
v -0.0534177 0.0249871 -0.0263473
v -0.0524757 0.0255283 -0.0256684
v -0.0475242 0.0272255 -0.0173652
v -0.0470407 0.0269857 -0.0144237
v -0.0462321 0.0274838 -0.0151854
v -0.0488996 0.026875 -0.0194472
v -0.050225 0.0261678 -0.0194472
v -0.0517172 0.0252639 -0.0194472
v -0.0531676 0.0247965 -0.0236114
v -0.0529759 0.0246489 -0.0215293
v -0.0607284 -0.0114298 -0.0114297
v -0.0600865 -0.0135821 -0.011555
v -0.0585943 -0.0156053 -0.0114172
v -0.0566104 -0.0178744 -0.0113094
v -0.0560185 -0.0194425 -0.0116151
v -0.0540012 -0.0214718 -0.0116151
v -0.0518505 -0.0233905 -0.0116577
v -0.0494915 -0.025223 -0.0118431
v -0.0453818 -0.0272769 -0.0118681
v -0.043973 -0.0275598 -0.0115474
v -0.0460654 -0.0261946 -0.0113971
v -0.0418974 -0.0278919 -0.0113721
v -0.0356454 -0.0295399 -0.01158
v -0.0335614 -0.0301426 -0.0132011
v -0.0314857 -0.0302102 -0.0132011
v -0.0314857 -0.0304008 -0.0152831
v -0.0335614 -0.0305423 -0.0173652
v -0.0335614 -0.0307083 -0.0194472
v -0.0335614 -0.030819 -0.0215293
v -0.0335614 -0.0309051 -0.0236114
v -0.0480327 0.0266167 -0.0151854
v -0.0485662 0.0267151 -0.0173652
v -0.050225 0.0258173 -0.0173652
v -0.0498082 0.0253192 -0.0132011
v -0.0508502 0.0246551 -0.0132011
v -0.053226 0.0227549 -0.0126098
v -0.0553933 0.0207317 -0.0122815
v -0.0579191 0.0171589 -0.0116702
v -0.0617537 0.0105544 -0.0119984
v -0.0619287 0.00931838 -0.0117253
v -0.0597197 0.0147545 -0.0119208
v -0.0622038 0.00723372 -0.0114422
v -0.0624372 0.00515521 -0.011332
v -0.0622372 -0.00733429 -0.0114247
v -0.0637627 -0.0001702 -0.0121362
v -0.0637627 0.000106525 -0.0121362
v -0.0628957 0.000875204 -0.0115149
v -0.062879 -0.000951178 -0.0115174
v -0.0398134 -0.030653 -0.027773
v -0.0418974 -0.0303762 -0.029855
v -0.043973 -0.029915 -0.0319371
v -0.0456402 -0.0294169 -0.0319371
v -0.0466822 -0.0290418 -0.0319371
v -0.048141 -0.0284269 -0.0319371
v -0.0499499 -0.0275352 -0.0319371
v -0.0509919 -0.0269571 -0.0319371
v -0.0356454 -0.0309297 -0.0256909
v -0.0377294 -0.0307944 -0.0256909
v -0.0617453 -0.0168167 -0.0319371
v -0.0624122 -0.0156606 -0.0319371
v -0.0633792 -0.013865 -0.0319371
v -0.0610034 -0.017856 -0.0319371
v -0.0638877 -0.0128196 -0.0319371
v -0.0644545 -0.0114975 -0.0319371
v -0.0652131 -0.0094128 -0.0319371
v -0.0656966 -0.00786315 -0.0319371
v -0.06598 -0.00682389 -0.0319371
v -0.0523007 -0.0261393 -0.0319371
v -0.0536594 -0.0252599 -0.0319371
v -0.0547014 -0.0244605 -0.0319371
v -0.0559185 -0.023372 -0.029855
v -0.0569605 -0.0224435 -0.029855
v -0.0580275 -0.0213981 -0.029855
v -0.0590695 -0.0202543 -0.029855
v -0.0599198 -0.019215 -0.029855
v -0.0659383 -0.0066763 -0.029855
v -0.0658883 -0.00649797 -0.0283242
v -0.0660467 -0.00539107 -0.0276878
v -0.0659217 -0.00464699 -0.0256909
v -0.0661217 -0.00317112 -0.0256909
v -0.0663218 -0.00108647 -0.0256909
v -0.0663385 0.000985894 -0.0256909
v -0.0664052 0.00307055 -0.027773
v -0.0662468 0.00515521 -0.029855
v -0.0659467 0.00660033 -0.029855
v -0.06598 0.00674792 -0.0319371
v -0.0657133 0.00778717 -0.0319371
v -0.0567521 0.0221031 -0.0256909
v -0.0557101 0.0230931 -0.0256909
v -0.0577774 0.0210638 -0.0256909
v -0.0597197 0.0188439 -0.0256909
v -0.061687 0.0166178 -0.0287175
v -0.0610118 0.0174479 -0.0279233
v -0.0588194 0.0198893 -0.0256909
v -0.0651548 0.00931838 -0.029855
v -0.0643795 0.0113969 -0.029855
v -0.0638127 0.0125591 -0.028264
v -0.0633542 0.0133401 -0.0276527
v -0.0621205 0.0157015 -0.0279233
v -0.05546 0.0228779 -0.0223937
v -0.0514587 0.0250732 -0.0173652
v -0.0527592 0.0244829 -0.0194472
v -0.0545347 0.0234744 -0.021632
v -0.055335 0.0227733 -0.0210056
v -0.0619537 -0.0094128 -0.0116978
v -0.061762 -0.0106919 -0.0119784
v -0.0597447 -0.0148735 -0.0119007
v -0.0579275 -0.0172656 -0.0116727
v -0.0553933 -0.0208323 -0.0122916
v -0.0532343 -0.0228616 -0.0125647
v -0.0498082 -0.0254198 -0.0132011
v -0.048141 -0.0263176 -0.0132011
v -0.0508502 -0.0247556 -0.0132011
v -0.0467823 -0.0269694 -0.0132011
v -0.0457403 -0.0274491 -0.0132011
v -0.043973 -0.0281686 -0.0132011
v -0.0405553 -0.0291095 -0.0127075
v -0.0391715 -0.0292878 -0.0119709
v -0.0377294 -0.0294108 -0.0117554
v -0.0356454 -0.029995 -0.0132011
v -0.0335614 -0.0303455 -0.0152831
v -0.0356454 -0.030204 -0.0152831
v -0.0356454 -0.0304008 -0.0173652
v -0.0356454 -0.0305853 -0.0194472
v -0.0356454 -0.0307206 -0.0215293
v -0.0356454 -0.0308313 -0.0236114
v -0.0503334 0.0254053 -0.0154084
v -0.0513004 0.0249564 -0.0161876
v -0.051092 0.0248211 -0.0147996
v -0.0524424 0.0234928 -0.0132612
v -0.0534094 0.0229025 -0.0139978
v -0.0549015 0.0224105 -0.0173652
v -0.0544013 0.0218325 -0.0131384
v -0.0555684 0.0209162 -0.0136696
v -0.056477 0.0197355 -0.013161
v -0.057394 0.0185425 -0.0126549
v -0.0614703 0.0119688 -0.0132011
v -0.0619037 0.0109234 -0.0132011
v -0.0624039 0.00931838 -0.0132011
v -0.0629707 0.00723372 -0.0132011
v -0.0634792 0.00509372 -0.0132913
v -0.0636293 0.00307055 -0.0126499
v -0.0592946 0.0161135 -0.0132011
v -0.0598948 0.0150743 -0.0132011
v -0.0607284 0.0134815 -0.0132011
v -0.0637043 0.00149015 -0.0123166
v -0.0636876 -0.00155997 -0.0123843
v -0.0635959 -0.00317112 -0.0127877
v -0.0630374 -0.00733429 -0.0132011
v -0.0649547 0.000985894 -0.0173652
v -0.0648963 -0.00108647 -0.0173652
v -0.0644295 -0.00108647 -0.0152831
v -0.0639377 -0.000951178 -0.0131284
v -0.0639544 0.000875204 -0.0130858
v -0.0644712 0.000985894 -0.0152831
v -0.0398134 -0.0305484 -0.0256909
v -0.0418974 -0.0302778 -0.027773
v -0.043973 -0.029872 -0.029855
v -0.0455735 -0.0293923 -0.029855
v -0.0466155 -0.0290172 -0.029855
v -0.048141 -0.0283715 -0.029855
v -0.0498916 -0.0275044 -0.029855
v -0.0509336 -0.0269202 -0.029855
v -0.0523007 -0.0260716 -0.029855
v -0.0377294 -0.0305607 -0.0215293
v -0.061712 -0.0167614 -0.029855
v -0.0623372 -0.0156606 -0.029855
v -0.0633459 -0.0137912 -0.029855
v -0.0638543 -0.0127519 -0.029855
v -0.0609618 -0.0178006 -0.029855
v -0.0643795 -0.0114975 -0.029855
v -0.0651381 -0.0094128 -0.029855
v -0.0656633 -0.00772171 -0.029855
v -0.0536094 -0.025223 -0.029855
v -0.0546514 -0.0244113 -0.029855
v -0.0558268 -0.0232921 -0.027773
v -0.0568688 -0.0223512 -0.027773
v -0.0579358 -0.021312 -0.027773
v -0.0589778 -0.0201559 -0.027773
v -0.0598531 -0.0191166 -0.027773
v -0.061687 -0.0167183 -0.0287125
v -0.0658133 -0.0061782 -0.0269361
v -0.0656216 -0.0072482 -0.0276878
v -0.0657299 -0.00568624 -0.0256909
v -0.0655799 -0.0050467 -0.0238143
v -0.0658383 -0.00421038 -0.0246461
v -0.0658967 -0.00050227 -0.0222208
v -0.0658967 0.000635376 -0.0222208
v -0.0658383 0.00202515 -0.0225741
v -0.0661467 0.00307055 -0.0256909
v -0.0658466 0.00416515 -0.024581
v -0.0659217 0.00458331 -0.0256909
v -0.0660467 0.0052905 -0.0276803
v -0.0658967 0.00641585 -0.0283142
v -0.0656716 0.00764573 -0.029855
v -0.0565937 0.021937 -0.0236114
v -0.0575357 0.0207932 -0.0224263
v -0.059628 0.018727 -0.0244081
v -0.060595 0.0176447 -0.0256909
v -0.0616036 0.0164886 -0.0273295
v -0.064988 0.00931838 -0.027773
v -0.0641461 0.0115875 -0.0276527
v -0.0637376 0.0124054 -0.026876
v -0.0630458 0.0134815 -0.0256909
v -0.0620955 0.0152649 -0.0256909
v -0.0564437 0.0217833 -0.0217147
v -0.0525007 0.0242861 -0.0173652
v -0.0541179 0.0234436 -0.0194472
v -0.0562353 0.0215927 -0.0194472
v -0.0551599 0.0226319 -0.0194472
v -0.0624706 -0.0094128 -0.0132011
v -0.0619204 -0.0111039 -0.0132011
v -0.0615119 -0.0121493 -0.0132011
v -0.0608117 -0.0135821 -0.0132011
v -0.0599281 -0.0151933 -0.0132011
v -0.0592946 -0.0162387 -0.0132011
v -0.0574023 -0.0186493 -0.0125972
v -0.0564853 -0.0198422 -0.0131384
v -0.0568021 -0.0200698 -0.0152831
v -0.0555684 -0.0210106 -0.0136796
v -0.0549182 -0.0225111 -0.0173652
v -0.0544097 -0.0219331 -0.0131234
v -0.0534177 -0.0230092 -0.0139527
v -0.0524507 -0.0235996 -0.0132361
v -0.051092 -0.0249217 -0.014782
v -0.0513087 -0.0250631 -0.0161701
v -0.0503334 -0.0255059 -0.0153984
v -0.050225 -0.0259179 -0.0173652
v -0.0485495 -0.0268157 -0.0173652
v -0.046057 -0.0279964 -0.0173652
v -0.043973 -0.0284884 -0.0152831
v -0.0417307 -0.0288881 -0.0133213
v -0.0409221 -0.029214 -0.0140955
v -0.0398384 -0.0293677 -0.0133213
v -0.0377294 -0.029749 -0.0132011
v -0.0377294 -0.0299827 -0.0152831
v -0.0377294 -0.0302102 -0.0173652
v -0.0377294 -0.030407 -0.0194472
v -0.0535844 0.0230316 -0.0152831
v -0.0560019 0.0213713 -0.0173652
v -0.0557601 0.0211191 -0.0152831
v -0.0538595 0.0232407 -0.0173652
v -0.0570438 0.0202336 -0.0173652
v -0.0568021 0.0199508 -0.0152831
v -0.0577024 0.0189054 -0.0152831
v -0.0589861 0.0179214 -0.0173652
v -0.0596447 0.0166793 -0.0160999
v -0.0581359 0.0177677 -0.0132888
v -0.061612 0.012307 -0.0144939
v -0.0626206 0.0113969 -0.0173652
v -0.0630708 0.0113969 -0.0194472
v -0.0636043 0.00985338 -0.0194472
v -0.0633875 0.00918309 -0.0174779
v -0.063796 0.00840211 -0.0182471
v -0.0639711 0.00719068 -0.0174779
v -0.0638377 0.00646504 -0.0159821
v -0.063671 0.00575171 -0.0145941
v -0.0638043 0.00436193 -0.0140454
v -0.0638877 0.00307055 -0.0136921
v -0.059478 0.0164087 -0.0147119
v -0.061562 0.0143117 -0.0189762
v -0.0619537 0.0129465 -0.0173652
v -0.0617787 0.0126268 -0.0158819
v -0.063846 -0.00317112 -0.0138274
v -0.0634876 -0.0051328 -0.0133589
v -0.0636876 -0.00574774 -0.014534
v -0.063846 -0.00663941 -0.015922
v -0.0635042 -0.00733429 -0.0152505
v -0.0636626 -0.00802918 -0.0167764
v -0.0647463 0.00307055 -0.0173652
v -0.0652048 0.00307055 -0.0194472
v -0.0653965 0.000985894 -0.0194472
v -0.0653382 -0.00108647 -0.0194472
v -0.0646546 -0.00317112 -0.0173652
v -0.0641795 -0.00317112 -0.0152831
v -0.0642628 0.00307055 -0.0152831
v -0.0398134 -0.0304131 -0.0236114
v -0.0398134 -0.0302717 -0.0215293
v -0.0418974 -0.0301303 -0.0256909
v -0.043973 -0.0297736 -0.027773
v -0.0454485 -0.0293493 -0.027773
v -0.0464822 -0.0289619 -0.027773
v -0.048141 -0.0282547 -0.027773
v -0.0497915 -0.0274429 -0.027773
v -0.0508335 -0.0268711 -0.027773
v -0.0523007 -0.0259548 -0.027773
v -0.0621288 -0.0158021 -0.0279208
v -0.0633625 -0.0134407 -0.0276427
v -0.0638043 -0.0126536 -0.0282515
v -0.0641461 -0.0116881 -0.0276427
v -0.064988 -0.0094128 -0.027773
v -0.0535177 -0.0251554 -0.027773
v -0.0545597 -0.0243313 -0.027773
v -0.0556934 -0.0231752 -0.0256909
v -0.0567354 -0.0222098 -0.0256909
v -0.0577941 -0.0211705 -0.0256909
v -0.0588361 -0.019996 -0.0256909
v -0.059728 -0.0189567 -0.0256909
v -0.0610118 -0.0175485 -0.0279208
v -0.0616036 -0.0165892 -0.0273245
v -0.0653465 -0.00733429 -0.0256909
v -0.0647546 -0.00733429 -0.0215293
v -0.0652048 -0.00524963 -0.0215293
v -0.0647296 -0.0094128 -0.0256909
v -0.0654715 -0.00317112 -0.0215293
v -0.0657049 -0.00115411 -0.0215268
v -0.0657466 0.00119497 -0.0215268
v -0.0655549 0.00307055 -0.0215293
v -0.0657716 0.00307055 -0.0230426
v -0.0652381 0.00515521 -0.0215293
v -0.0655882 0.00497688 -0.0237767
v -0.0657299 0.00562257 -0.0256909
v -0.0658133 0.00607763 -0.0269261
v -0.0656132 0.00715993 -0.0276803
v -0.057419 0.0206702 -0.0210382
v -0.0582026 0.019877 -0.0216496
v -0.0595196 0.0185979 -0.0230226
v -0.0601698 0.0174172 -0.0215293
v -0.0615036 0.0163041 -0.0256909
v -0.0647213 0.00931838 -0.0256909
v -0.0639377 0.0108311 -0.0236114
v -0.0640794 0.0111817 -0.0256909
v -0.0636626 0.0122209 -0.0256909
v -0.0624622 0.0134815 -0.0215293
v -0.0619371 0.0150066 -0.0236114
v -0.0613619 0.0160459 -0.0236114
v -0.0572689 0.0204919 -0.0194472
v -0.0629207 -0.0094128 -0.0152831
v -0.0616453 -0.0124752 -0.0143561
v -0.0634125 -0.00930826 -0.0174278
v -0.0626623 -0.0114975 -0.0173652
v -0.0618037 -0.0127827 -0.0157441
v -0.0614119 -0.0141417 -0.0173652
v -0.0596447 -0.0167798 -0.0161049
v -0.059478 -0.0165216 -0.0147169
v -0.0605616 -0.0156606 -0.0173652
v -0.0581442 -0.0178744 -0.0132562
v -0.057569 -0.0188583 -0.0139853
v -0.0590028 -0.018022 -0.0173652
v -0.0570522 -0.0203404 -0.0173652
v -0.0557601 -0.0212136 -0.0152831
v -0.0560102 -0.0214718 -0.0173652
v -0.0551766 -0.0227386 -0.0194472
v -0.0538762 -0.0233536 -0.0173652
v -0.0514587 -0.02518 -0.0173652
v -0.0525007 -0.0243928 -0.0173652
v -0.050225 -0.0262684 -0.0194472
v -0.0488996 -0.0269756 -0.0194472
v -0.0478576 -0.0274798 -0.0194472
v -0.046057 -0.0283162 -0.0194472
v -0.0442648 -0.0289926 -0.0194472
v -0.043798 -0.0288696 -0.0175155
v -0.0422475 -0.0290172 -0.0152831
v -0.0426476 -0.0291217 -0.0169192
v -0.042981 -0.0292078 -0.0183072
v -0.0412055 -0.0292878 -0.0152831
v -0.0398134 -0.0298658 -0.0173652
v -0.0398134 -0.0296137 -0.0152831
v -0.0398134 -0.0300934 -0.0194472
v -0.0581692 0.0194527 -0.0194472
v -0.0579441 0.0191882 -0.0173652
v -0.0592112 0.0182228 -0.0194472
v -0.0597864 0.0168822 -0.0173652
v -0.0610951 0.0153817 -0.0195825
v -0.0634459 0.0113046 -0.0214541
v -0.063721 0.0102531 -0.0207075
v -0.0620955 0.0135615 -0.0195825
v -0.0643879 0.00723372 -0.0194472
v -0.064888 0.00515521 -0.0194472
v -0.0644379 0.00515521 -0.0173652
v -0.0644045 -0.00524963 -0.0173652
v -0.0648547 -0.00524963 -0.0194472
v -0.0644129 -0.00733429 -0.0194472
v -0.0639961 -0.00733429 -0.0174278
v -0.0638043 -0.00853958 -0.0181644
v -0.0650964 -0.00317112 -0.0194472
v -0.0418974 -0.0297982 -0.0215293
v -0.043973 -0.0296199 -0.0256909
v -0.0450901 -0.0292263 -0.0243054
v -0.0452401 -0.0292816 -0.0256909
v -0.0462821 -0.0288758 -0.0256909
v -0.048141 -0.0280702 -0.0256909
v -0.0496248 -0.0273446 -0.0256909
v -0.0506668 -0.026785 -0.0256909
v -0.0524757 -0.0256289 -0.0256633
v -0.0534177 -0.0250816 -0.0263398
v -0.0620955 -0.0153655 -0.0256909
v -0.0630541 -0.0135821 -0.0256909
v -0.063746 -0.012506 -0.0268635
v -0.0640794 -0.0112884 -0.0256909
v -0.0555434 -0.0230461 -0.0236114
v -0.0554517 -0.0229723 -0.0223912
v -0.0553433 -0.0228801 -0.0210031
v -0.0576357 -0.0209983 -0.0236114
v -0.0588194 -0.0196516 -0.0236364
v -0.0596363 -0.0188399 -0.024343
v -0.0575357 -0.0208999 -0.0224062
v -0.060595 -0.0177453 -0.0256909
v -0.0614953 -0.0164047 -0.0256909
v -0.0601698 -0.0175301 -0.0215293
v -0.0644295 -0.0094128 -0.0236114
v -0.0640711 -0.00955424 -0.0214642
v -0.063721 -0.0103414 -0.020725
v -0.0639294 -0.0109317 -0.0236114
v -0.063821 -0.0106488 -0.0221131
v -0.0647463 0.00723372 -0.0215293
v -0.0653298 0.00723372 -0.0256909
v -0.0594029 0.0184564 -0.0215293
v -0.0599948 0.0171835 -0.0194472
v -0.0644295 0.00931838 -0.0236114
v -0.063821 0.0105483 -0.0220955
v -0.0635292 0.0118704 -0.0236114
v -0.0616953 0.0145638 -0.0203642
v -0.061787 0.0147299 -0.0215293
v -0.0612118 0.0157691 -0.0215293
v -0.0636043 -0.00997855 -0.0194472
v -0.0630874 -0.0114975 -0.0194472
v -0.0619788 -0.0131025 -0.0173652
v -0.0615703 -0.0144369 -0.0189537
v -0.0597781 -0.0169828 -0.0173652
v -0.0611035 -0.0154823 -0.0195675
v -0.0592279 -0.0183295 -0.0194472
v -0.0577191 -0.0190305 -0.0152831
v -0.0579608 -0.0193011 -0.0173652
v -0.0572773 -0.0205986 -0.0194472
v -0.0562353 -0.0216994 -0.0194472
v -0.0541346 -0.0235504 -0.0194472
v -0.0517172 -0.0253644 -0.0194472
v -0.0527592 -0.0245896 -0.0194472
v -0.0519339 -0.0255182 -0.0215293
v -0.0500583 -0.0266435 -0.0215243
v -0.0490997 -0.027074 -0.0208278
v -0.0482994 -0.0275413 -0.0215243
v -0.046057 -0.0285683 -0.0215293
v -0.0446649 -0.0291033 -0.0215293
v -0.0432311 -0.0292693 -0.0194472
v -0.0418974 -0.0296076 -0.0194472
v -0.0419307 -0.0293739 -0.0175155
v -0.0640711 0.00945982 -0.0214541
v -0.0639294 -0.00893315 -0.0194472
v -0.0436229 -0.0293677 -0.0215293
v -0.0448983 -0.0291648 -0.0229198
v -0.0441147 -0.0294169 -0.0236139
v -0.0458986 -0.0288389 -0.0236139
v -0.048141 -0.0278488 -0.0236114
v -0.0494164 -0.0272339 -0.0236114
v -0.0504501 -0.0266743 -0.0236114
v -0.0521256 -0.025635 -0.0236114
v -0.0531676 -0.0248971 -0.0236114
v -0.0613536 -0.0161464 -0.0236114
v -0.0619454 -0.0151072 -0.0236114
v -0.0627707 -0.0135821 -0.0236114
v -0.063671 -0.0123276 -0.0256909
v -0.0635376 -0.011971 -0.0236114
v -0.0529759 -0.0247495 -0.0215293
v -0.0582192 -0.0199775 -0.0216395
v -0.059528 -0.0187108 -0.0229574
v -0.057419 -0.0207708 -0.0210182
v -0.0612035 -0.0158759 -0.0215293
v -0.0594196 -0.0185693 -0.0215293
v -0.0599948 -0.0172841 -0.0194472
v -0.0634542 -0.0114052 -0.0214642
v -0.0624789 -0.0135821 -0.0215293
v -0.0621038 -0.0136805 -0.0195675
v -0.0617037 -0.0146706 -0.0203417
v -0.0581859 -0.0195594 -0.0194472
v -0.049258 -0.0271539 -0.0222158
v -0.0617954 -0.0148305 -0.0215293
f 1 2 5
f 1 5 10
f 1 10 19
f 1 19 39
f 1 39 58
f 1 58 81
f 1 81 122
f 1 122 169
f 1 169 217
f 1 217 270
f 1 270 340
f 1 340 407
f 1 407 355
f 1 355 287
f 1 287 286
f 1 286 285
f 1 285 276
f 1 276 222
f 1 222 175
f 1 175 128
f 1 128 84
f 1 84 60
f 1 60 40
f 1 40 20
f 1 20 11
f 1 11 6
f 1 6 3
f 1 3 4
f 1 4 2
f 2 4 9
f 2 9 5
f 3 6 7
f 3 7 4
f 4 7 15
f 4 15 8
f 4 8 9
f 5 9 10
f 6 11 12
f 6 12 13
f 6 13 7
f 7 13 14
f 7 14 15
f 8 15 34
f 8 34 16
f 8 16 17
f 8 17 9
f 9 17 18
f 9 18 10
f 10 18 19
f 11 20 21
f 11 21 22
f 11 22 23
f 11 23 12
f 12 23 24
f 12 24 25
f 12 25 26
f 12 26 27
f 12 27 13
f 13 28 29
f 13 29 14
f 13 27 30
f 13 30 31
f 13 31 28
f 14 29 32
f 14 32 33
f 14 33 15
f 15 33 34
f 16 34 35
f 16 35 36
f 16 36 17
f 17 36 37
f 17 37 18
f 18 37 38
f 18 38 39
f 18 39 19
f 20 40 41
f 20 41 42
f 20 42 21
f 21 42 24
f 21 24 43
f 21 43 22
f 22 43 24
f 22 24 23
f 24 42 41
f 24 41 44
f 24 44 25
f 25 44 26
f 26 44 27
f 27 44 30
f 28 31 44
f 28 44 45
f 28 45 46
f 28 46 29
f 29 46 32
f 30 44 31
f 32 46 47
f 32 47 48
f 32 48 33
f 33 48 49
f 33 49 34
f 34 49 50
f 34 50 51
f 34 51 35
f 35 51 72
f 35 72 52
f 35 52 53
f 35 53 54
f 35 54 36
f 36 54 78
f 36 78 55
f 36 55 37
f 37 55 79
f 37 79 56
f 37 56 59
f 37 59 57
f 37 57 38
f 38 57 39
f 39 57 59
f 39 59 58
f 40 60 61
f 40 61 41
f 41 61 62
f 41 62 44
f 44 62 63
f 44 63 45
f 45 63 64
f 45 64 46
f 46 64 65
f 46 65 47
f 47 66 48
f 47 65 67
f 47 67 68
f 47 68 69
f 47 69 66
f 48 66 49
f 49 66 70
f 49 70 50
f 50 70 71
f 50 71 51
f 51 71 72
f 52 72 73
f 52 73 74
f 52 74 53
f 53 74 75
f 53 75 76
f 53 76 77
f 53 77 78
f 53 78 54
f 55 78 79
f 56 79 80
f 56 80 59
f 58 59 82
f 58 82 83
f 58 83 81
f 59 80 121
f 59 121 82
f 60 84 61
f 61 85 88
f 61 88 62
f 61 84 85
f 62 86 87
f 62 87 63
f 62 88 89
f 62 89 90
f 62 90 91
f 62 91 92
f 62 92 93
f 62 93 94
f 62 94 86
f 63 87 64
f 64 95 96
f 64 96 97
f 64 97 98
f 64 98 99
f 64 99 100
f 64 100 101
f 64 101 102
f 64 102 103
f 64 103 65
f 64 87 86
f 64 86 95
f 65 103 67
f 66 69 70
f 67 103 104
f 67 104 105
f 67 105 68
f 68 105 106
f 68 106 69
f 69 106 107
f 69 107 108
f 69 108 109
f 69 109 70
f 70 109 71
f 71 109 110
f 71 110 72
f 72 110 73
f 73 110 111
f 73 111 74
f 74 111 112
f 74 112 113
f 74 113 75
f 75 113 114
f 75 114 115
f 75 115 76
f 76 115 116
f 76 116 117
f 76 117 118
f 76 118 77
f 77 118 119
f 77 119 120
f 77 120 79
f 77 79 78
f 79 120 121
f 79 121 80
f 81 83 123
f 81 123 124
f 81 124 125
f 81 125 122
f 82 121 126
f 82 126 83
f 83 126 127
f 83 127 123
f 84 128 129
f 84 129 85
f 85 129 88
f 86 94 138
f 86 138 130
f 86 130 96
f 86 96 95
f 88 129 131
f 88 131 132
f 88 132 133
f 88 133 134
f 88 134 135
f 88 135 136
f 88 136 89
f 89 136 90
f 90 136 91
f 91 136 92
f 92 136 93
f 93 136 137
f 93 137 94
f 94 137 138
f 96 130 140
f 96 140 97
f 97 139 98
f 97 140 141
f 97 141 142
f 97 142 139
f 98 139 99
f 99 143 144
f 99 144 100
f 99 139 143
f 100 144 145
f 100 145 146
f 100 146 147
f 100 147 101
f 101 147 102
f 102 104 103
f 102 147 148
f 102 148 104
f 104 149 105
f 104 148 150
f 104 150 151
f 104 151 149
f 105 149 106
f 106 152 107
f 106 149 153
f 106 153 152
f 107 152 154
f 107 154 108
f 108 154 110
f 108 110 109
f 110 154 155
f 110 155 156
f 110 156 111
f 111 156 157
f 111 157 112
f 112 157 158
f 112 158 113
f 113 158 114
f 114 158 159
f 114 159 160
f 114 160 115
f 115 160 161
f 115 161 162
f 115 162 116
f 116 162 163
f 116 163 117
f 117 164 119
f 117 119 118
f 117 163 165
f 117 165 166
f 117 166 164
f 119 164 126
f 119 126 121
f 119 121 120
f 122 167 168
f 122 168 169
f 122 125 167
f 123 127 170
f 123 170 171
f 123 171 124
f 124 171 172
f 124 172 173
f 124 173 125
f 125 173 167
f 126 164 127
f 127 164 174
f 127 174 170
f 128 132 131
f 128 131 129
f 128 175 135
f 128 135 134
f 128 134 132
f 130 138 176
f 130 176 177
f 130 177 140
f 132 134 133
f 135 175 136
f 136 175 137
f 137 175 178
f 137 178 179
f 137 179 138
f 138 179 176
f 139 142 180
f 139 180 181
f 139 181 143
f 140 182 141
f 140 177 182
f 141 182 183
f 141 183 142
f 142 183 180
f 143 184 185
f 143 185 144
f 143 181 184
f 144 185 186
f 144 186 145
f 145 186 187
f 145 187 188
f 145 188 146
f 146 188 189
f 146 189 190
f 146 190 147
f 147 190 148
f 148 190 150
f 149 191 153
f 149 151 192
f 149 192 191
f 150 190 193
f 150 193 194
f 150 194 151
f 151 194 195
f 151 195 192
f 152 153 196
f 152 196 154
f 153 191 196
f 154 197 198
f 154 198 155
f 154 196 197
f 155 198 199
f 155 199 156
f 156 199 157
f 157 199 200
f 157 200 158
f 158 200 159
f 159 201 161
f 159 161 160
f 159 200 202
f 159 202 203
f 159 203 201
f 161 201 204
f 161 204 205
f 161 205 162
f 162 205 206
f 162 206 163
f 163 206 165
f 164 166 174
f 165 206 207
f 165 207 208
f 165 208 166
f 166 208 209
f 166 209 218
f 166 218 174
f 167 210 211
f 167 211 212
f 167 212 213
f 167 213 214
f 167 214 216
f 167 216 168
f 167 173 215
f 167 215 210
f 168 216 169
f 169 216 217
f 170 174 218
f 170 218 219
f 170 219 171
f 171 219 220
f 171 220 172
f 172 220 221
f 172 221 173
f 173 221 215
f 175 222 178
f 176 179 223
f 176 223 224
f 176 224 177
f 177 224 225
f 177 225 226
f 177 226 227
f 177 227 228
f 177 228 182
f 178 229 289
f 178 289 230
f 178 230 179
f 178 222 229
f 179 230 223
f 180 231 181
f 180 183 231
f 181 231 232
f 181 232 233
f 181 233 184
f 182 234 183
f 182 228 234
f 183 234 235
f 183 235 236
f 183 236 231
f 184 233 237
f 184 237 185
f 185 237 238
f 185 238 186
f 186 238 239
f 186 239 240
f 186 240 187
f 187 240 241
f 187 241 188
f 188 241 242
f 188 242 189
f 189 242 243
f 189 243 190
f 190 243 193
f 191 192 244
f 191 244 245
f 191 245 196
f 192 195 246
f 192 246 247
f 192 247 244
f 193 243 248
f 193 248 249
f 193 249 194
f 194 249 250
f 194 250 195
f 195 251 246
f 195 250 251
f 196 245 252
f 196 252 253
f 196 253 254
f 196 254 197
f 197 254 255
f 197 255 256
f 197 256 198
f 198 256 199
f 199 256 257
f 199 257 200
f 200 257 258
f 200 258 202
f 201 259 204
f 201 203 259
f 202 258 203
f 203 258 260
f 203 260 261
f 203 261 259
f 204 259 205
f 205 262 207
f 205 207 206
f 205 259 262
f 207 262 208
f 208 262 263
f 208 263 264
f 208 264 265
f 208 265 209
f 209 265 266
f 209 266 267
f 209 267 218
f 210 215 221
f 210 221 211
f 211 221 268
f 211 268 213
f 211 213 212
f 213 268 269
f 213 269 214
f 214 269 216
f 216 269 270
f 216 270 217
f 218 267 271
f 218 271 272
f 218 272 219
f 219 272 273
f 219 273 220
f 220 273 221
f 221 273 274
f 221 274 275
f 221 275 268
f 222 276 229
f 223 230 277
f 223 277 278
f 223 278 225
f 223 225 224
f 225 278 226
f 226 278 279
f 226 279 280
f 226 280 281
f 226 281 227
f 227 282 283
f 227 283 284
f 227 284 228
f 227 281 282
f 228 284 234
f 229 276 285
f 229 285 286
f 229 286 287
f 229 287 355
f 229 355 288
f 229 288 289
f 230 289 290
f 230 290 277
f 231 236 291
f 231 291 232
f 232 291 292
f 232 292 293
f 232 293 233
f 233 293 294
f 233 294 295
f 233 295 237
f 234 284 235
f 235 284 296
f 235 296 297
f 235 297 298
f 235 298 236
f 236 298 299
f 236 299 291
f 237 300 301
f 237 301 238
f 237 295 300
f 238 301 302
f 238 302 239
f 239 303 304
f 239 304 240
f 239 302 303
f 240 304 305
f 240 305 241
f 241 305 306
f 241 306 242
f 242 307 243
f 242 306 308
f 242 308 307
f 243 307 309
f 243 309 248
f 244 310 312
f 244 312 245
f 244 247 311
f 244 311 310
f 245 312 252
f 246 251 313
f 246 313 311
f 246 311 247
f 248 309 314
f 248 314 249
f 249 314 250
f 250 314 315
f 250 315 316
f 250 316 317
f 250 317 318
f 250 318 251
f 251 319 313
f 251 318 319
f 252 312 320
f 252 320 321
f 252 321 253
f 253 321 322
f 253 322 254
f 254 322 255
f 255 322 323
f 255 323 324
f 255 324 257
f 255 257 256
f 257 324 258
f 258 324 325
f 258 325 260
f 259 326 262
f 259 261 327
f 259 327 326
f 260 328 261
f 260 325 329
f 260 329 330
f 260 330 328
f 261 328 327
f 262 326 331
f 262 331 263
f 263 331 264
f 264 332 266
f 264 266 265
f 264 331 332
f 266 333 334
f 266 334 271
f 266 271 267
f 266 332 333
f 268 335 269
f 268 275 336
f 268 336 335
f 269 335 337
f 269 337 338
f 269 338 339
f 269 339 270
f 270 339 340
f 271 334 272
f 272 334 341
f 272 341 342
f 272 342 273
f 273 342 343
f 273 343 274
f 274 343 275
f 275 343 344
f 275 344 345
f 275 345 346
f 275 346 347
f 275 347 348
f 275 348 336
f 277 290 349
f 277 349 350
f 277 350 279
f 277 279 278
f 279 350 280
f 280 350 351
f 280 351 352
f 280 352 281
f 281 352 282
f 282 353 283
f 282 352 353
f 283 353 354
f 283 354 284
f 284 354 296
f 288 356 357
f 288 357 289
f 288 355 356
f 289 357 358
f 289 358 290
f 290 358 349
f 291 359 292
f 291 299 359
f 292 359 360
f 292 360 293
f 293 360 294
f 294 360 361
f 294 361 295
f 295 361 300
f 296 354 362
f 296 362 297
f 297 363 364
f 297 364 298
f 297 362 363
f 298 365 366
f 298 366 299
f 298 364 365
f 299 366 367
f 299 367 359
f 300 361 301
f 301 361 302
f 302 368 303
f 302 361 369
f 302 369 368
f 303 368 370
f 303 370 371
f 303 371 304
f 304 371 459
f 304 459 372
f 304 372 305
f 305 372 373
f 305 373 374
f 305 374 306
f 306 374 307
f 306 307 308
f 307 374 309
f 309 374 314
f 310 375 376
f 310 376 312
f 310 311 375
f 311 377 375
f 311 313 377
f 312 376 378
f 312 378 320
f 313 379 377
f 313 319 380
f 313 380 379
f 314 374 381
f 314 381 382
f 314 382 383
f 314 383 315
f 315 383 384
f 315 384 385
f 315 385 316
f 316 385 317
f 317 385 386
f 317 386 387
f 317 387 318
f 318 387 319
f 319 387 469
f 319 469 380
f 320 378 388
f 320 388 321
f 321 388 322
f 322 388 323
f 323 388 389
f 323 389 390
f 323 390 324
f 324 390 325
f 325 390 391
f 325 391 329
f 326 392 341
f 326 341 393
f 326 393 331
f 326 327 394
f 326 394 392
f 327 328 395
f 327 395 394
f 328 330 396
f 328 396 395
f 329 391 397
f 329 397 330
f 330 397 396
f 331 393 398
f 331 398 332
f 332 398 393
f 332 393 333
f 333 393 341
f 333 341 334
f 335 336 337
f 336 348 399
f 336 399 400
f 336 400 401
f 336 401 402
f 336 402 403
f 336 403 404
f 336 404 338
f 336 338 337
f 338 404 405
f 338 405 406
f 338 406 339
f 339 406 407
f 339 407 340
f 341 392 408
f 341 408 342
f 342 408 409
f 342 409 410
f 342 410 411
f 342 411 343
f 343 411 344
f 344 411 412
f 344 412 345
f 345 413 346
f 345 412 413
f 346 413 414
f 346 414 415
f 346 415 347
f 347 416 417
f 347 417 418
f 347 418 419
f 347 419 420
f 347 420 348
f 347 415 416
f 348 421 422
f 348 422 399
f 348 420 423
f 348 423 424
f 348 424 421
f 349 358 425
f 349 425 526
f 349 526 426
f 349 426 351
f 349 351 350
f 351 426 427
f 351 427 352
f 352 427 428
f 352 428 429
f 352 429 430
f 352 430 353
f 353 430 431
f 353 431 432
f 353 432 362
f 353 362 354
f 355 407 356
f 356 433 434
f 356 434 357
f 356 407 433
f 357 434 358
f 358 434 435
f 358 435 425
f 359 436 437
f 359 437 438
f 359 438 360
f 359 367 439
f 359 439 436
f 360 440 441
f 360 441 442
f 360 442 361
f 360 438 440
f 361 442 443
f 361 443 444
f 361 444 369
f 362 432 445
f 362 445 446
f 362 446 447
f 362 447 363
f 363 447 546
f 363 546 448
f 363 448 449
f 363 449 364
f 364 449 450
f 364 450 365
f 365 450 366
f 366 450 451
f 366 451 367
f 367 451 452
f 367 452 439
f 368 453 370
f 368 369 454
f 368 454 455
f 368 455 453
f 369 444 454
f 370 453 456
f 370 456 457
f 370 457 458
f 370 458 371
f 371 458 459
f 372 459 560
f 372 560 460
f 372 460 373
f 373 460 461
f 373 461 374
f 374 461 462
f 374 462 381
f 375 463 464
f 375 464 376
f 375 377 463
f 376 464 378
f 377 379 465
f 377 465 463
f 378 466 388
f 378 464 466
f 379 380 467
f 379 467 468
f 379 468 465
f 380 469 467
f 381 462 470
f 381 470 382
f 382 470 471
f 382 471 383
f 383 471 472
f 383 472 384
f 384 472 473
f 384 473 474
f 384 474 385
f 385 475 476
f 385 476 386
f 385 474 475
f 386 476 469
f 386 469 387
f 388 466 389
f 389 466 477
f 389 477 390
f 390 477 478
f 390 478 391
f 391 478 477
f 391 477 397
f 392 394 479
f 392 479 480
f 392 480 481
f 392 481 408
f 394 395 482
f 394 482 508
f 394 508 479
f 395 396 483
f 395 483 482
f 396 397 483
f 397 484 483
f 397 477 485
f 397 485 486
f 397 486 484
f 399 422 487
f 399 487 488
f 399 488 489
f 399 489 490
f 399 490 400
f 400 490 491
f 400 491 492
f 400 492 401
f 401 492 493
f 401 493 402
f 402 493 403
f 403 493 494
f 403 494 495
f 403 495 496
f 403 496 497
f 403 497 404
f 404 497 496
f 404 496 498
f 404 498 405
f 405 499 406
f 405 498 499
f 406 500 501
f 406 501 407
f 406 499 500
f 407 501 502
f 407 502 503
f 407 503 504
f 407 504 505
f 407 505 506
f 407 506 433
f 408 481 480
f 408 480 409
f 409 480 410
f 410 507 508
f 410 508 509
f 410 509 510
f 410 510 411
f 410 480 507
f 411 510 511
f 411 511 512
f 411 512 412
f 412 512 513
f 412 513 413
f 413 513 414
f 414 513 514
f 414 514 415
f 415 514 416
f 416 514 417
f 417 515 516
f 417 516 418
f 417 514 517
f 417 517 515
f 418 516 518
f 418 518 419
f 419 518 519
f 419 519 420
f 420 519 423
f 421 520 422
f 421 424 521
f 421 521 520
f 422 520 487
f 423 522 523
f 423 523 424
f 423 519 522
f 424 523 524
f 424 524 521
f 425 435 525
f 425 525 526
f 426 526 527
f 426 527 427
f 427 527 428
f 428 527 528
f 428 528 529
f 428 529 429
f 429 529 530
f 429 530 430
f 430 530 431
f 431 530 531
f 431 531 532
f 431 532 432
f 432 532 445
f 433 506 533
f 433 533 434
f 434 533 435
f 435 533 534
f 435 534 525
f 436 439 535
f 436 535 536
f 436 536 437
f 437 536 537
f 437 537 438
f 438 537 440
f 439 452 538
f 439 538 535
f 440 537 539
f 440 539 540
f 440 540 441
f 441 540 541
f 441 541 442
f 442 541 443
f 443 541 542
f 443 542 444
f 444 542 543
f 444 543 454
f 445 544 446
f 445 532 544
f 446 544 545
f 446 545 546
f 446 546 447
f 448 546 651
f 448 651 547
f 448 547 548
f 448 548 449
f 449 548 549
f 449 549 450
f 450 549 451
f 451 549 550
f 451 550 551
f 451 551 452
f 452 551 538
f 453 455 456
f 454 543 552
f 454 552 455
f 455 552 553
f 455 553 554
f 455 554 456
f 456 554 555
f 456 555 556
f 456 556 557
f 456 557 457
f 457 557 558
f 457 558 458
f 458 558 559
f 458 559 459
f 459 559 560
f 460 560 561
f 460 561 562
f 460 562 461
f 461 562 563
f 461 563 462
f 462 563 470
f 463 564 565
f 463 565 464
f 463 465 564
f 464 565 466
f 465 566 564
f 465 468 566
f 466 565 477
f 467 567 468
f 467 469 568
f 467 568 569
f 467 569 567
f 468 567 570
f 468 570 566
f 469 476 568
f 470 571 572
f 470 572 471
f 470 563 571
f 471 572 473
f 471 473 472
f 473 572 573
f 473 573 474
f 474 573 574
f 474 574 575
f 474 575 475
f 475 575 568
f 475 568 476
f 477 565 576
f 477 576 485
f 479 508 480
f 480 508 507
f 482 483 508
f 483 509 508
f 483 484 577
f 483 577 509
f 484 486 578
f 484 578 577
f 485 576 486
f 486 576 579
f 486 579 580
f 486 580 578
f 487 520 581
f 487 581 488
f 488 581 582
f 488 582 583
f 488 583 584
f 488 584 489
f 489 584 490
f 490 584 491
f 491 585 492
f 491 584 585
f 492 585 493
f 493 585 586
f 493 586 494
f 494 587 588
f 494 588 495
f 494 586 589
f 494 589 587
f 495 590 591
f 495 591 592
f 495 592 593
f 495 593 594
f 495 594 496
f 495 588 590
f 496 594 595
f 496 595 498
f 498 595 499
f 499 595 596
f 499 596 500
f 500 597 501
f 500 596 598
f 500 598 597
f 501 597 503
f 501 503 502
f 503 597 598
f 503 598 599
f 503 599 600
f 503 600 504
f 504 600 601
f 504 601 602
f 504 602 505
f 505 602 533
f 505 533 506
f 509 577 603
f 509 603 510
f 510 603 604
f 510 604 605
f 510 605 511
f 511 605 606
f 511 606 512
f 512 606 607
f 512 607 608
f 512 608 609
f 512 609 513
f 513 610 611
f 513 611 612
f 513 612 514
f 513 609 610
f 514 612 517
f 515 613 614
f 515 614 615
f 515 615 616
f 515 616 516
f 515 517 613
f 516 616 617
f 516 617 618
f 516 618 518
f 517 612 619
f 517 619 620
f 517 620 621
f 517 621 613
f 518 618 622
f 518 622 519
f 519 622 522
f 520 521 623
f 520 623 624
f 520 624 625
f 520 625 581
f 521 522 626
f 521 626 627
f 521 627 628
f 521 628 629
f 521 629 623
f 521 524 523
f 521 523 522
f 522 622 630
f 522 630 631
f 522 631 626
f 525 534 632
f 525 632 633
f 525 633 526
f 526 633 756
f 526 756 634
f 526 634 527
f 527 634 528
f 528 634 635
f 528 635 636
f 528 636 529
f 529 636 530
f 530 636 637
f 530 637 531
f 531 637 638
f 531 638 532
f 532 638 639
f 532 639 640
f 532 640 544
f 533 602 534
f 534 602 601
f 534 601 641
f 534 641 632
f 535 642 536
f 535 538 642
f 536 642 643
f 536 643 644
f 536 644 537
f 537 644 645
f 537 645 539
f 538 646 642
f 538 551 646
f 539 645 540
f 540 645 647
f 540 647 648
f 540 648 541
f 541 648 542
f 542 648 649
f 542 649 543
f 543 649 552
f 544 640 545
f 545 640 650
f 545 650 546
f 546 650 651
f 547 652 548
f 547 651 769
f 547 769 652
f 548 652 653
f 548 653 654
f 548 654 549
f 549 654 550
f 550 654 655
f 550 655 656
f 550 656 551
f 551 656 657
f 551 657 646
f 552 649 553
f 553 658 554
f 553 649 659
f 553 659 658
f 554 658 555
f 555 658 660
f 555 660 661
f 555 661 662
f 555 662 556
f 556 662 663
f 556 663 557
f 557 663 558
f 558 663 664
f 558 664 665
f 558 665 666
f 558 666 559
f 559 666 667
f 559 667 668
f 559 668 669
f 559 669 560
f 560 669 670
f 560 670 561
f 561 670 671
f 561 671 563
f 561 563 562
f 563 671 571
f 564 672 576
f 564 576 565
f 564 566 672
f 566 570 673
f 566 673 672
f 567 674 570
f 567 569 675
f 567 675 674
f 568 676 569
f 568 575 676
f 569 676 675
f 570 674 673
f 571 671 677
f 571 677 678
f 571 678 572
f 572 678 573
f 573 679 574
f 573 678 679
f 574 680 681
f 574 681 575
f 574 679 680
f 575 681 676
f 576 672 682
f 576 682 580
f 576 580 579
f 577 604 603
f 577 578 683
f 577 683 604
f 578 580 684
f 578 684 683
f 580 682 685
f 580 685 686
f 580 686 684
f 581 625 582
f 582 625 687
f 582 687 688
f 582 688 689
f 582 689 583
f 583 689 690
f 583 690 691
f 583 691 692
f 583 692 693
f 583 693 584
f 584 693 585
f 585 693 694
f 585 694 695
f 585 695 696
f 585 696 697
f 585 697 698
f 585 698 586
f 586 698 697
f 586 697 699
f 586 699 700
f 586 700 589
f 587 589 701
f 587 701 702
f 587 702 703
f 587 703 704
f 587 704 588
f 588 704 705
f 588 705 590
f 589 700 701
f 590 706 591
f 590 705 706
f 591 706 592
f 592 706 826
f 592 826 707
f 592 707 708
f 592 708 593
f 593 708 709
f 593 709 710
f 593 710 594
f 594 710 711
f 594 711 595
f 595 711 596
f 596 711 712
f 596 712 713
f 596 713 598
f 598 713 714
f 598 714 599
f 599 714 600
f 600 714 641
f 600 641 601
f 604 683 606
f 604 606 605
f 606 683 715
f 606 715 607
f 607 715 608
f 608 686 716
f 608 716 717
f 608 717 610
f 608 610 609
f 608 715 718
f 608 718 686
f 610 717 719
f 610 719 720
f 610 720 611
f 611 720 612
f 612 720 721
f 612 721 722
f 612 722 723
f 612 723 724
f 612 724 619
f 613 621 725
f 613 725 726
f 613 726 614
f 614 726 727
f 614 727 728
f 614 728 729
f 614 729 615
f 615 729 730
f 615 730 731
f 615 731 732
f 615 732 616
f 616 732 733
f 616 733 617
f 617 733 734
f 617 734 618
f 618 734 735
f 618 735 622
f 619 724 736
f 619 736 620
f 620 736 723
f 620 723 737
f 620 737 738
f 620 738 621
f 621 738 739
f 621 739 725
f 622 735 630
f 623 629 740
f 623 740 624
f 624 741 625
f 624 740 741
f 625 741 742
f 625 742 743
f 625 743 744
f 625 744 745
f 625 745 687
f 626 631 752
f 626 752 746
f 626 746 747
f 626 747 748
f 626 748 749
f 626 749 627
f 627 749 852
f 627 852 750
f 627 750 628
f 628 751 740
f 628 740 629
f 628 750 751
f 630 735 631
f 631 735 752
f 632 641 753
f 632 753 633
f 633 753 754
f 633 754 755
f 633 755 756
f 634 756 757
f 634 757 635
f 635 757 636
f 636 757 758
f 636 758 637
f 637 759 760
f 637 760 638
f 637 758 759
f 638 760 761
f 638 761 639
f 639 761 640
f 640 761 762
f 640 762 650
f 641 714 754
f 641 754 753
f 642 657 643
f 642 646 657
f 643 657 763
f 643 763 644
f 644 764 765
f 644 765 645
f 644 763 764
f 645 765 647
f 647 765 766
f 647 766 767
f 647 767 648
f 648 767 649
f 649 767 659
f 650 762 768
f 650 768 651
f 651 768 769
f 652 770 653
f 652 769 770
f 653 770 771
f 653 771 654
f 654 772 655
f 654 771 772
f 655 773 774
f 655 774 656
f 655 772 773
f 656 774 775
f 656 775 657
f 657 775 776
f 657 776 763
f 658 659 777
f 658 777 778
f 658 778 779
f 658 779 660
f 659 767 780
f 659 780 777
f 660 779 661
f 661 779 662
f 662 779 781
f 662 781 663
f 663 781 782
f 663 782 749
f 663 749 748
f 663 748 664
f 664 748 783
f 664 783 665
f 665 783 747
f 665 747 784
f 665 784 785
f 665 785 666
f 666 785 667
f 667 785 784
f 667 784 786
f 667 786 787
f 667 787 668
f 668 787 788
f 668 788 789
f 668 789 669
f 669 789 670
f 670 789 790
f 670 790 677
f 670 677 671
f 672 673 682
f 673 791 682
f 673 674 792
f 673 792 791
f 674 793 792
f 674 675 794
f 674 794 793
f 675 676 795
f 675 795 794
f 676 681 795
f 677 790 796
f 677 796 797
f 677 797 798
f 677 798 678
f 678 798 679
f 679 798 799
f 679 799 680
f 680 799 800
f 680 800 681
f 681 801 802
f 681 802 795
f 681 800 801
f 682 791 685
f 683 684 718
f 683 718 715
f 684 686 718
f 685 716 686
f 685 791 803
f 685 803 716
f 687 745 804
f 687 804 688
f 688 805 689
f 688 804 806
f 688 806 807
f 688 807 805
f 689 805 690
f 690 805 808
f 690 808 809
f 690 809 691
f 691 810 811
f 691 811 692
f 691 809 812
f 691 812 810
f 692 811 813
f 692 813 693
f 693 814 694
f 693 813 815
f 693 815 814
f 694 814 695
f 695 814 816
f 695 816 696
f 696 817 697
f 696 816 817
f 697 817 818
f 697 818 819
f 697 819 699
f 699 820 700
f 699 819 820
f 700 820 702
f 700 702 701
f 702 821 704
f 702 704 703
f 702 820 822
f 702 822 821
f 704 821 823
f 704 823 705
f 705 823 824
f 705 824 825
f 705 825 706
f 706 825 826
f 707 826 827
f 707 827 828
f 707 828 708
f 708 828 829
f 708 829 709
f 709 829 830
f 709 830 831
f 709 831 832
f 709 832 833
f 709 833 834
f 709 834 710
f 710 834 711
f 711 834 833
f 711 833 712
f 712 833 835
f 712 835 713
f 713 835 714
f 714 835 754
f 716 803 719
f 716 719 717
f 719 803 836
f 719 836 837
f 719 837 721
f 719 721 720
f 721 837 722
f 722 837 838
f 722 838 839
f 722 839 723
f 723 839 840
f 723 840 737
f 723 736 724
f 725 739 726
f 726 739 727
f 727 841 842
f 727 842 728
f 727 739 738
f 727 738 843
f 727 843 800
f 727 800 841
f 728 842 844
f 728 844 730
f 728 730 729
f 730 844 731
f 731 844 732
f 732 844 845
f 732 845 846
f 732 846 733
f 733 846 734
f 734 752 735
f 734 846 746
f 734 746 752
f 737 840 843
f 737 843 738
f 740 742 741
f 740 751 847
f 740 847 742
f 742 847 743
f 743 847 848
f 743 848 849
f 743 849 850
f 743 850 745
f 743 745 744
f 745 806 804
f 745 850 851
f 745 851 806
f 746 846 747
f 747 783 748
f 747 846 845
f 747 845 786
f 747 786 784
f 749 782 781
f 749 781 852
f 750 852 848
f 750 848 847
f 750 847 751
f 754 835 853
f 754 853 755
f 755 853 854
f 755 854 756
f 756 855 856
f 756 856 757
f 756 854 855
f 757 856 758
f 758 856 857
f 758 857 759
f 759 858 859
f 759 859 760
f 759 857 858
f 760 859 860
f 760 860 761
f 761 860 762
f 762 861 862
f 762 862 768
f 762 860 861
f 763 863 864
f 763 864 764
f 763 776 863
f 764 864 865
f 764 865 765
f 765 865 766
f 766 865 866
f 766 866 767
f 767 866 780
f 768 862 769
f 769 862 770
f 770 867 771
f 770 862 867
f 771 867 868
f 771 868 869
f 771 869 772
f 772 869 870
f 772 870 773
f 773 871 872
f 773 872 774
f 773 870 873
f 773 873 871
f 774 872 874
f 774 874 775
f 775 874 776
f 776 875 863
f 776 874 876
f 776 876 875
f 777 780 778
f 778 780 877
f 778 877 878
f 778 878 879
f 778 879 849
f 778 849 779
f 779 849 848
f 779 848 781
f 780 866 880
f 780 880 881
f 780 881 879
f 780 879 877
f 781 848 852
f 786 788 787
f 786 845 882
f 786 882 789
f 786 789 788
f 789 882 883
f 789 883 790
f 790 883 796
f 791 792 884
f 791 884 836
f 791 836 803
f 792 793 884
f 793 794 884
f 794 795 802
f 794 802 885
f 794 885 884
f 796 883 882
f 796 882 886
f 796 886 887
f 796 887 797
f 797 887 841
f 797 841 888
f 797 888 798
f 798 888 799
f 799 888 800
f 800 888 841
f 800 843 889
f 800 889 890
f 800 890 801
f 801 890 891
f 801 891 802
f 802 891 885
f 805 807 808
f 806 851 892
f 806 892 807
f 807 892 893
f 807 893 808
f 808 894 809
f 808 893 894
f 809 894 895
f 809 895 812
f 810 812 896
f 810 896 815
f 810 815 813
f 810 813 811
f 812 895 897
f 812 897 896
f 814 815 898
f 814 898 899
f 814 899 816
f 815 896 898
f 816 899 900
f 816 900 942
f 816 942 901
f 816 901 818
f 816 818 817
f 818 902 819
f 818 901 902
f 819 902 869
f 819 869 903
f 819 903 820
f 820 903 905
f 820 905 822
f 821 904 823
f 821 822 905
f 821 905 904
f 823 904 906
f 823 906 907
f 823 907 908
f 823 908 824
f 824 908 825
f 825 908 909
f 825 909 826
f 826 910 911
f 826 911 827
f 826 909 910
f 827 911 912
f 827 912 831
f 827 831 830
f 827 830 828
f 828 830 829
f 831 912 913
f 831 913 914
f 831 914 832
f 832 914 913
f 832 913 833
f 833 913 835
f 835 913 853
f 836 884 838
f 836 838 837
f 838 884 885
f 838 885 839
f 839 885 840
f 840 891 889
f 840 889 843
f 840 885 891
f 841 887 842
f 842 887 886
f 842 886 915
f 842 915 882
f 842 882 844
f 844 882 845
f 849 879 916
f 849 916 851
f 849 851 850
f 851 916 892
f 853 913 917
f 853 917 918
f 853 918 919
f 853 919 854
f 854 919 918
f 854 918 855
f 855 918 920
f 855 920 857
f 855 857 856
f 857 920 910
f 857 910 858
f 858 921 922
f 858 922 859
f 858 910 921
f 859 922 860
f 860 923 906
f 860 906 924
f 860 924 861
f 860 922 923
f 861 924 862
f 862 924 906
f 862 906 925
f 862 925 869
f 862 869 868
f 862 868 867
f 863 875 926
f 863 926 927
f 863 927 928
f 863 928 864
f 864 928 865
f 865 928 929
f 865 929 866
f 866 929 930
f 866 930 880
f 869 925 931
f 869 931 905
f 869 905 903
f 869 902 873
f 869 873 870
f 871 873 932
f 871 932 872
f 872 932 933
f 872 933 876
f 872 876 874
f 873 902 934
f 873 934 932
f 875 876 926
f 876 935 926
f 876 933 936
f 876 936 937
f 876 937 935
f 877 879 878
f 879 881 938
f 879 938 893
f 879 893 892
f 879 892 916
f 880 930 938
f 880 938 881
f 882 915 886
f 889 891 890
f 893 938 939
f 893 939 940
f 893 940 894
f 894 940 895
f 895 940 941
f 895 941 897
f 896 937 898
f 896 897 937
f 897 941 935
f 897 935 937
f 898 937 936
f 898 936 942
f 898 942 900
f 898 900 899
f 901 934 902
f 901 942 934
f 904 905 931
f 904 931 906
f 906 923 907
f 906 931 925
f 907 922 943
f 907 943 908
f 907 923 922
f 908 943 909
f 909 943 922
f 909 922 921
f 909 921 910
f 910 920 918
f 910 918 911
f 911 918 917
f 911 917 912
f 912 917 913
f 926 935 927
f 927 935 944
f 927 944 939
f 927 939 928
f 928 939 929
f 929 939 930
f 930 939 938
f 932 942 936
f 932 936 933
f 932 934 942
f 935 941 944
f 939 944 941
f 939 941 940
o convex_1
v 0.0726208 0.0386924 -0.0340201
v 0.0726208 0.0386469 -0.0319374
v 0.0747032 0.0386469 -0.0319374
v 0.0747032 0.0386848 -0.0340201
v 0.0726208 0.038025 -0.0356539
v 0.0705383 0.038025 -0.0356539
v 0.0663734 0.0386697 -0.0340201
v 0.0663734 0.0386393 -0.0319374
v 0.0663734 0.0384194 -0.0298546
v 0.0705383 0.0384194 -0.0298546
v 0.0747032 0.0384042 -0.0298546
v 0.0767857 0.0386318 -0.0319374
v 0.0747032 0.0380174 -0.0356488
v 0.0767857 0.0386469 -0.0340201
v 0.0851032 0.0378961 -0.0355626
v 0.0767857 0.0380023 -0.0356387
v 0.0726208 0.0363793 -0.0363947
v 0.0747032 0.0363793 -0.0363896
v 0.0684559 0.0363793 -0.0363947
v 0.0684559 0.0380174 -0.0356539
v 0.064291 0.0386318 -0.0319374
v 0.0622085 0.0379947 -0.0356387
v 0.0580436 0.0379795 -0.0356234
v 0.0538787 0.0379568 -0.0356082
v 0.0601261 0.0386242 -0.0340201
v 0.0580436 0.0386014 -0.0319374
v 0.0663734 0.0380933 -0.0277718
v 0.0559612 0.0383815 -0.0298546
v 0.0601261 0.0380781 -0.0277718
v 0.0684559 0.0380933 -0.0277718
v 0.0747032 0.0380705 -0.0277718
v 0.0767857 0.0383891 -0.0298546
v 0.0788681 0.0383587 -0.0298546
v 0.0788681 0.0385711 -0.0319374
v 0.0767857 0.0363793 -0.0363794
v 0.0788681 0.0385863 -0.0340201
v 0.0871857 0.0378506 -0.035527
v 0.093433 0.0363793 -0.0361004
v 0.0913506 0.0363793 -0.0361587
v 0.0892681 0.0363793 -0.0362145
v 0.0871857 0.0363793 -0.0362678
v 0.0851032 0.0363793 -0.0363033
v 0.0830208 0.0363793 -0.0363236
v 0.0788681 0.0363793 -0.0363617
v 0.0455612 0.0343012 -0.0365443
v 0.0975979 0.0343012 -0.0365418
v 0.0622085 0.0363793 -0.0363794
v 0.0580436 0.0363793 -0.0363667
v 0.0538787 0.0363793 -0.036349
v 0.0497138 0.0363793 -0.0363287
v 0.0476314 0.0363793 -0.0363135
v 0.0497138 0.0379264 -0.0355879
v 0.0517963 0.0385407 -0.0340201
v 0.0497138 0.0385407 -0.0319374
v 0.0517963 0.0383587 -0.0298546
v 0.0559612 0.0376534 -0.0257525
v 0.0476314 0.0380326 -0.0277718
v 0.0517963 0.0376458 -0.0257829
v 0.0663734 0.0376534 -0.0257651
v 0.0747032 0.0376534 -0.0257829
v 0.0601261 0.0376534 -0.025755
v 0.0622085 0.0376534 -0.0257575
v 0.0767857 0.0376458 -0.0258057
v 0.0767857 0.0380554 -0.0277718
v 0.0788681 0.038025 -0.0277718
v 0.0809383 0.0379719 -0.0277718
v 0.0830208 0.0379113 -0.0277718
v 0.0809383 0.0382981 -0.0298546
v 0.0830208 0.0382298 -0.0298546
v 0.0851032 0.038154 -0.0298546
v 0.0809383 0.0384952 -0.0319374
v 0.0871857 0.0383132 -0.0340201
v 0.0851032 0.0383891 -0.0340201
v 0.0996804 0.0343012 -0.0365316
v 0.093433 0.0376761 -0.0353621
v 0.0892681 0.0377899 -0.0354738
v 0.0975979 0.0363793 -0.0359507
v 0.0955155 0.0363793 -0.036037
v 0.103845 0.0343012 -0.0364479
v 0.101763 0.0343012 -0.0365012
v 0.0455612 -0.0343964 -0.0365418
v 0.0183301 -0.0281546 -0.0349309
v 0.0183301 0.0280518 -0.0349309
v 0.0455612 0.0363793 -0.0362298
v 0.0996804 0.0322155 -0.0365418
v 0.0996804 0.0301375 -0.0365418
v 0.0975979 -0.00108662 -0.0365418
v 0.0955155 -0.0302326 -0.0365418
v 0.093433 -0.0343964 -0.0365418
v 0.110093 0.0322155 -0.0365392
v 0.116328 0.0301375 -0.0365392
v 0.124658 0.0259737 -0.0365392
v 0.128822 0.0238881 -0.0365392
v 0.130905 0.02181 -0.0365392
v 0.0476314 0.0379037 -0.0355727
v 0.0497138 0.038518 -0.0340201
v 0.0476314 0.0385104 -0.0319374
v 0.0476314 0.0383284 -0.0298546
v 0.0559612 0.0374107 -0.0247123
v 0.0580436 0.0374107 -0.0247123
v 0.0538787 0.0374107 -0.0247199
v 0.0455612 0.037934 -0.0277718
v 0.0455612 0.0376003 -0.0259706
v 0.0476314 0.0376306 -0.0258615
v 0.0497138 0.0376382 -0.0258184
v 0.0517963 0.0374031 -0.0247402
v 0.064291 0.0374107 -0.0247199
v 0.0747032 0.0374031 -0.0247428
v 0.0767857 0.0373955 -0.0247631
v 0.0788681 0.0376306 -0.0258971
v 0.0830208 0.0375624 -0.0261837
v 0.0851032 0.0375245 -0.0263283
v 0.0871857 0.0374865 -0.0264805
v 0.0851032 0.0378354 -0.0277718
v 0.0871857 0.037752 -0.0277718
v 0.0871857 0.0380629 -0.0298546
v 0.0892681 0.0381843 -0.0319374
v 0.0892681 0.0382146 -0.0340201
v 0.0975979 0.0375396 -0.0352099
v 0.0955155 0.0376155 -0.0352962
v 0.112175 0.0322155 -0.0365164
v 0.101763 0.0362352 -0.035763
v 0.103845 0.0360759 -0.0357097
v 0.105928 0.0343012 -0.0363617
v 0.0684559 -0.036482 -0.0363947
v 0.0663734 -0.036482 -0.0363921
v 0.0601261 -0.036482 -0.0363744
v 0.0580436 -0.036482 -0.0363667
v 0.0538787 -0.036482 -0.036349
v 0.0497138 -0.036482 -0.0363287
v 0.0476314 -0.036482 -0.0363135
v 0.0455612 -0.036482 -0.0362348
v 0.0205718 -0.0302326 -0.0344083
v 0.0183301 -0.0304374 -0.0338755
v 0.0183301 0.0303347 -0.0338755
v 0.0205718 0.0301375 -0.0343931
v 0.0438217 0.0376306 -0.0352962
v 0.0455612 0.0378202 -0.035489
v 0.132987 0.0197244 -0.0365392
v 0.137152 0.0134826 -0.0365392
v 0.139235 0.00723323 -0.0365392
v 0.139235 -0.00733599 -0.0365392
v 0.137152 -0.0135778 -0.0365392
v 0.132987 -0.0198271 -0.0365392
v 0.128822 -0.0239909 -0.0365392
v 0.120493 -0.0281546 -0.0365392
v 0.116328 -0.0302326 -0.0365392
v 0.110093 -0.0323183 -0.0365392
v 0.0975979 -0.0343964 -0.0365392
v 0.11841 0.0301375 -0.0365164
v 0.122575 0.0280518 -0.0365342
v 0.12674 0.0259737 -0.0365164
v 0.130905 0.0238881 -0.0363947
v 0.132987 0.02181 -0.0364099
v 0.0476314 0.0384877 -0.0340201
v 0.0455612 0.038336 -0.0319374
v 0.0455612 0.0381843 -0.0298546
v 0.0538787 0.0371149 -0.0236088
v 0.0559612 0.0371149 -0.0236088
v 0.04403 0.0375245 -0.0262827
v 0.0434787 0.0369253 -0.0236088
v 0.0455612 0.0373576 -0.0249305
v 0.0476314 0.0373804 -0.0248214
v 0.0497138 0.0373955 -0.0247758
v 0.0517963 0.0370997 -0.0236088
v 0.0622085 0.0371073 -0.0236088
v 0.0726208 0.0370922 -0.0236088
v 0.0747032 0.0370846 -0.0236088
v 0.0767857 0.0370694 -0.0236088
v 0.0788681 0.0373728 -0.0248544
v 0.0830208 0.0373045 -0.0251411
v 0.0851032 0.0372666 -0.0252882
v 0.0871857 0.0372287 -0.0254379
v 0.0887781 0.0374486 -0.026615
v 0.0901624 0.0374183 -0.0267697
v 0.0893906 0.0376079 -0.0275891
v 0.0892681 0.0379643 -0.0298546
v 0.0913506 0.0380705 -0.0319374
v 0.0913506 0.0381009 -0.0340201
v 0.0990679 0.0374714 -0.0351237
v 0.114245 0.0322155 -0.0364175
v 0.105928 0.035909 -0.0356209
v 0.10801 0.0343012 -0.0362298
v 0.0705383 -0.036482 -0.0363921
v 0.0684559 -0.0381278 -0.0356539
v 0.0663734 -0.0381202 -0.0356513
v 0.0580436 -0.0380823 -0.035626
v 0.0476314 -0.0380064 -0.0355702
v 0.0538787 -0.0380519 -0.0356082
v 0.0497138 -0.0380216 -0.0355879
v 0.0455612 -0.0379154 -0.0354941
v 0.043834 -0.0377334 -0.0353038
v 0.0189426 -0.0313627 -0.0331728
v 0.0183301 -0.0313172 -0.0326248
v 0.0183301 0.0303422 -0.0338628
v 0.0189303 0.0312675 -0.0331703
v 0.0424375 0.0374183 -0.0350273
v 0.0455612 0.0382981 -0.0340201
v 0.13507 0.0176463 -0.0365342
v 0.137152 0.0155607 -0.0364631
v 0.139235 0.00931888 -0.0365139
v 0.141317 0.000991444 -0.0362805
v 0.139235 -0.00941406 -0.0365139
v 0.141317 -0.00108662 -0.0362805
v 0.137152 -0.0156634 -0.0364631
v 0.13507 -0.0177415 -0.0365342
v 0.132987 -0.0219052 -0.0364073
v 0.130905 -0.0239909 -0.0363947
v 0.12674 -0.0260689 -0.0365164
v 0.122575 -0.0281546 -0.0365342
v 0.11841 -0.0302326 -0.0365215
v 0.0996804 -0.0343964 -0.0365342
v 0.112175 -0.0323183 -0.0365139
v 0.120493 0.0301375 -0.0363896
v 0.124658 0.0280518 -0.0364149
v 0.128822 0.0259737 -0.0363059
v 0.133036 0.0239488 -0.03573
v 0.135107 0.0218176 -0.0357072
v 0.13507 0.0197244 -0.0363591
v 0.0434787 0.0378582 -0.0319374
v 0.0434787 0.0377747 -0.0298546
v 0.043393 0.0376003 -0.0278784
v 0.0517963 0.0365006 -0.0215285
v 0.0538787 0.0365082 -0.0215285
v 0.0601261 0.0365082 -0.0215285
v 0.0413963 0.0366447 -0.0236088
v 0.0190773 0.0312448 -0.0120254
v 0.0434787 0.0363717 -0.0215285
v 0.0455612 0.0370239 -0.0236088
v 0.0413963 0.03622 -0.0215285
v 0.0476314 0.0370618 -0.0236088
v 0.064291 0.0365006 -0.0215285
v 0.0747032 0.0364323 -0.0215285
v 0.0767857 0.036402 -0.0215285
v 0.0788681 0.0370163 -0.0236088
v 0.0809383 0.0369481 -0.0236088
v 0.0871857 0.0367357 -0.0236088
v 0.0892681 0.0366295 -0.0236088
v 0.0893906 0.0372211 -0.0258286
v 0.0913506 0.0373728 -0.0270133
v 0.0913506 0.0375624 -0.0280559
v 0.0913506 0.0370467 -0.0256916
v 0.0975979 0.0365309 -0.0256916
v 0.0913506 0.037843 -0.0298546
v 0.093433 0.0379113 -0.0319374
v 0.0955155 0.0378354 -0.0340201
v 0.093433 0.0379719 -0.0340201
v 0.0975979 0.0376686 -0.0340201
v 0.0992761 0.0375017 -0.0340201
v 0.100317 0.0373652 -0.0340201
v 0.101763 0.0371528 -0.0340201
v 0.105928 0.0365158 -0.0340201
v 0.10801 0.0361745 -0.0340201
v 0.111428 0.0354161 -0.035149
v 0.110093 0.035545 -0.0353038
v 0.10801 0.0357346 -0.035489
v 0.110093 0.0343012 -0.036042
v 0.116328 0.0322155 -0.0362247
v 0.0747032 -0.036482 -0.036382
v 0.0684559 -0.0387876 -0.0340201
v 0.0705383 -0.0381202 -0.0356513
v 0.0747032 -0.0387649 -0.0340201
v 0.064291 -0.0381126 -0.0356437
v 0.0580436 -0.0387193 -0.0340201
v 0.064291 -0.0387649 -0.0340201
v 0.0559612 -0.0386966 -0.0340201
v 0.0517963 -0.0386435 -0.0340201
v 0.0497138 -0.0386132 -0.0340201
v 0.0476314 -0.0385752 -0.0340201
v 0.0455612 -0.0383932 -0.0340201
v 0.0424375 -0.0375135 -0.0350222
v 0.0183301 -0.0313627 -0.0319374
v 0.0432705 -0.037832 -0.0342053
v 0.0183301 0.0312675 -0.0319374
v 0.0432705 0.0377292 -0.0342079
v 0.137152 0.0176463 -0.0361714
v 0.139235 0.0134826 -0.0361663
v 0.139235 0.0113969 -0.0364048
v 0.141317 0.00515516 -0.0361638
v 0.141317 0.00306951 -0.0362424
v 0.142799 0.000991444 -0.0355423
v 0.139235 -0.0114997 -0.0364073
v 0.141317 -0.00317227 -0.036245
v 0.141317 -0.00525034 -0.0361613
v 0.142799 -0.00108662 -0.0355423
v 0.139235 -0.0135778 -0.0361689
v 0.137152 -0.0177415 -0.0361689
v 0.13507 -0.0198271 -0.0363591
v 0.135107 -0.0219204 -0.0357021
v 0.133036 -0.024044 -0.0357249
v 0.128822 -0.0260689 -0.0363059
v 0.124658 -0.0281546 -0.0364149
v 0.114245 -0.0323183 -0.0364124
v 0.120493 -0.0302326 -0.0363921
v 0.101763 -0.0343964 -0.0365063
v 0.0809383 -0.036482 -0.036349
v 0.0788681 -0.036482 -0.0363667
v 0.105928 -0.0343964 -0.0363617
v 0.103845 -0.0343964 -0.0364505
v 0.122575 0.0301375 -0.0360826
v 0.126948 0.0282642 -0.035834
v 0.128822 0.0276954 -0.0355676
v 0.13088 0.0259813 -0.035664
v 0.132375 0.0252988 -0.0353621
v 0.134433 0.0232889 -0.0353824
v 0.136405 0.021135 -0.0353215
v 0.137115 0.0196182 -0.0355752
v 0.0183301 0.0314192 -0.0256916
v 0.0183301 0.0314192 -0.0254658
v 0.0183301 0.0314116 -0.0233805
v 0.0183301 0.0313889 -0.021285
v 0.0183301 0.0313661 -0.0194483
v 0.0183301 0.0313206 -0.0173655
v 0.0183301 0.0312372 -0.0137936
v 0.0183301 0.0312144 -0.0132
v 0.0183301 0.0311765 -0.0126672
v 0.0476314 0.0364551 -0.0215285
v 0.0455612 0.035727 -0.0194534
v 0.0497138 0.0357649 -0.0194483
v 0.0517963 0.0357801 -0.0194483
v 0.0538787 0.0357801 -0.0194483
v 0.0183301 0.0302892 -0.0115713
v 0.0205718 0.0313434 -0.0118453
v 0.0330665 0.033065 -0.0128524
v 0.0289016 0.0327085 -0.0132
v 0.0455612 0.0364323 -0.0215285
v 0.0413963 0.0356436 -0.0195041
v 0.0413963 0.035325 -0.0184615
v 0.031131 0.0330043 -0.0133674
v 0.0330665 0.0333532 -0.0138925
v 0.035149 0.0334593 -0.0135475
v 0.0580436 0.0357649 -0.0194762
v 0.064291 0.0357649 -0.0195929
v 0.0684559 0.0357422 -0.0196665
v 0.0726208 0.0357194 -0.0197756
v 0.0747032 0.0357043 -0.0198314
v 0.0788681 0.0356588 -0.0199278
v 0.0809383 0.035636 -0.0199811
v 0.0830208 0.0356132 -0.0200445
v 0.0788681 0.0363489 -0.0215285
v 0.0830208 0.0362276 -0.0215285
v 0.0851032 0.0361593 -0.0215285
v 0.0871857 0.0360683 -0.0215285
v 0.0892681 0.035947 -0.0215285
v 0.0913506 0.0358029 -0.0215285
v 0.0955155 0.0355981 -0.0218152
v 0.0913506 0.0364778 -0.0236088
v 0.093433 0.0372894 -0.0274674
v 0.093433 0.037479 -0.0285075
v 0.0975979 0.0370012 -0.0277718
v 0.0975979 0.0359697 -0.0236088
v 0.0996804 0.0363262 -0.0256916
v 0.0996804 0.036804 -0.0277718
v 0.0945845 0.0374335 -0.0287637
v 0.093433 0.0376686 -0.0298546
v 0.0955155 0.0377368 -0.0319374
v 0.0990556 0.037479 -0.0325082
v 0.101763 0.0370618 -0.0319374
v 0.105928 0.0364399 -0.0319374
v 0.10801 0.0361138 -0.0319374
v 0.110093 0.0357801 -0.0340201
v 0.111575 0.035454 -0.0340201
v 0.112616 0.0351734 -0.0340201
v 0.116328 0.0341267 -0.0340201
v 0.11792 0.0334366 -0.0352632
v 0.116328 0.0336717 -0.0354839
v 0.114245 0.0339675 -0.0356767
v 0.118533 0.03239 -0.0357554
v 0.120493 0.031897 -0.0356488
v 0.0747032 -0.0387421 -0.0319374
v 0.0726208 -0.0387421 -0.0319374
v 0.064291 -0.0387269 -0.0319374
v 0.0601261 -0.0387118 -0.0319374
v 0.0747032 -0.038105 -0.0356412
v 0.0767857 -0.0380974 -0.0356336
v 0.0788681 -0.0380823 -0.035626
v 0.0767857 -0.0387421 -0.0340201
v 0.0767857 -0.0387269 -0.0319374
v 0.0497138 -0.0386359 -0.0319374
v 0.0476314 -0.0386132 -0.0319374
v 0.0455612 -0.0384387 -0.0319374
v 0.0434787 -0.0379609 -0.0319374
v 0.0183301 -0.0314006 -0.0258463
v 0.13861 0.0176463 -0.0354382
v 0.139296 0.0155152 -0.0356767
v 0.140631 0.0134826 -0.0354281
v 0.140974 0.0113969 -0.0356666
v 0.141317 0.00723323 -0.0360141
v 0.142677 0.00515516 -0.035423
v 0.14275 0.00306951 -0.0355042
v 0.143351 0.000991444 -0.0340201
v 0.141317 -0.00733599 -0.0360217
v 0.142763 -0.00317227 -0.0355067
v 0.142677 -0.00525034 -0.035423
v 0.143351 -0.00108662 -0.0340201
v 0.139308 -0.0156255 -0.0356767
v 0.140974 -0.0114997 -0.0356691
v 0.140631 -0.0135778 -0.0354281
v 0.137115 -0.0197058 -0.0355727
v 0.138622 -0.0177415 -0.0354357
v 0.136393 -0.0212378 -0.035319
v 0.134445 -0.0233841 -0.0353774
v 0.132375 -0.0253864 -0.0353596
v 0.13088 -0.0260765 -0.0356615
v 0.12674 -0.0281546 -0.0360319
v 0.122575 -0.0302326 -0.0360775
v 0.116328 -0.0323183 -0.0362171
v 0.110093 -0.0343964 -0.0360496
v 0.10801 -0.0343964 -0.0362323
v 0.0892681 -0.036482 -0.0362247
v 0.0871857 -0.036482 -0.0362627
v 0.0851032 -0.036482 -0.0362932
v 0.103845 -0.0361862 -0.0357097
v 0.101763 -0.0363531 -0.0357655
v 0.0975979 -0.036482 -0.0359355
v 0.0955155 -0.036482 -0.0360217
v 0.093433 -0.036482 -0.0360978
v 0.0913506 -0.036482 -0.0361663
v 0.124523 0.0301451 -0.0355879
v 0.126397 0.0294625 -0.0353926
v 0.13017 0.0272327 -0.0352733
v 0.132632 0.0255035 -0.0340201
v 0.133673 0.0245858 -0.0340201
v 0.134678 0.0235468 -0.0340201
v 0.135719 0.022394 -0.0340201
v 0.136589 0.0213474 -0.0340201
v 0.138291 0.0188446 -0.0351719
v 0.0434787 0.0356967 -0.0194508
v 0.0434787 0.0353402 -0.0184107
v 0.0372314 0.0331408 -0.0124262
v 0.0183301 0.0284689 -0.0115282
v 0.0205718 0.0301375 -0.0113151
v 0.0247367 0.0316164 -0.0115231
v 0.0226543 0.0314799 -0.011655
v 0.035149 0.0331256 -0.0125049
v 0.0372314 0.0335048 -0.0134664
v 0.0851032 0.0355753 -0.020113
v 0.0455612 0.0330346 -0.0126723
v 0.0871857 0.0355222 -0.0202018
v 0.0892681 0.0354616 -0.0203083
v 0.0925021 0.0353478 -0.0204757
v 0.0938985 0.0352947 -0.0206051
v 0.0932983 0.0356132 -0.0213916
v 0.0955155 0.035234 -0.0207726
v 0.0975979 0.0355147 -0.0220511
v 0.0996804 0.0371149 -0.0298546
v 0.0959687 0.0373728 -0.029233
v 0.0996804 0.0354085 -0.0223733
v 0.0996804 0.0357649 -0.0236088
v 0.101763 0.0360759 -0.0256916
v 0.101763 0.0365461 -0.0277718
v 0.0976224 0.0373121 -0.0298977
v 0.0976224 0.0375472 -0.0318638
v 0.0983207 0.0373955 -0.0311205
v 0.0997171 0.0373273 -0.0318638
v 0.101763 0.0368495 -0.0298546
v 0.105928 0.0362276 -0.0298546
v 0.10801 0.0358787 -0.0298546
v 0.110093 0.0357043 -0.0319374
v 0.111367 0.0354009 -0.0319374
v 0.112408 0.0351279 -0.0319374
v 0.114245 0.0346425 -0.0319374
v 0.116328 0.0340661 -0.0319374
v 0.118202 0.0335504 -0.0340201
v 0.119243 0.0331711 -0.0340201
v 0.123727 0.0312296 -0.0351211
v 0.122575 0.0314647 -0.0353469
v 0.0726208 -0.0385146 -0.0298546
v 0.0705383 -0.0385146 -0.0298546
v 0.0497138 -0.0384539 -0.0298546
v 0.0476314 -0.0384463 -0.0298546
v 0.0809383 -0.0380519 -0.0356082
v 0.0788681 -0.0387118 -0.0340201
v 0.0788681 -0.038689 -0.0319374
v 0.0767857 -0.0384842 -0.0298546
v 0.0455612 -0.0382946 -0.0298546
v 0.0434787 -0.0378775 -0.0298546
v 0.0183301 -0.0313096 -0.0132
v 0.0183301 -0.0313475 -0.0152828
v 0.0183301 -0.0313627 -0.0168074
v 0.0183301 -0.0314006 -0.0236824
v 0.140398 0.0147871 -0.0352023
v 0.14242 0.00856046 -0.0351364
v 0.14253 0.00723323 -0.0352733
v 0.141452 0.00927337 -0.0356792
v 0.143265 0.00306951 -0.0340201
v 0.143461 0.000991444 -0.0319374
v 0.143473 -0.00108662 -0.0319374
v 0.142542 -0.00733599 -0.0352835
v 0.141452 -0.00939131 -0.0356894
v 0.143265 -0.00317227 -0.0340201
v 0.140398 -0.014905 -0.0352023
v 0.142432 -0.00868598 -0.0351541
v 0.138291 -0.0189398 -0.0351668
v 0.135707 -0.0224892 -0.0340201
v 0.136589 -0.0214502 -0.0340201
v 0.134666 -0.023642 -0.0340201
v 0.133661 -0.0246886 -0.0340201
v 0.130158 -0.0273355 -0.0352733
v 0.128626 -0.0280787 -0.0354687
v 0.12674 -0.0294742 -0.0353165
v 0.124511 -0.0302478 -0.0355854
v 0.120493 -0.0319998 -0.0356513
v 0.118533 -0.0324851 -0.0357579
v 0.116328 -0.0337593 -0.0354788
v 0.114245 -0.0340627 -0.0356716
v 0.10801 -0.0358374 -0.0354915
v 0.105928 -0.0360118 -0.0356209
v 0.112163 -0.0345405 -0.0356894
v 0.0871857 -0.0379458 -0.0355245
v 0.0991046 -0.0375666 -0.0351186
v 0.0975979 -0.0376272 -0.0351947
v 0.0955155 -0.0377031 -0.035281
v 0.093433 -0.0377713 -0.0353571
v 0.0913506 -0.0378396 -0.0354281
v 0.0892681 -0.0379003 -0.0354839
v 0.130341 0.0273692 -0.0340201
v 0.131383 0.0265501 -0.0340201
v 0.127757 0.0290833 -0.0340201
v 0.128822 0.0283931 -0.0340201
v 0.13262 0.0254884 -0.0319374
v 0.133661 0.0245858 -0.0319374
v 0.134666 0.0235468 -0.0319374
v 0.135707 0.0223788 -0.0319374
v 0.136601 0.0213398 -0.0319374
v 0.137642 0.0199822 -0.0319374
v 0.13763 0.0199822 -0.0340201
v 0.138353 0.0189432 -0.0340201
v 0.139063 0.0176463 -0.0340201
v 0.139945 0.0160081 -0.0340201
v 0.140496 0.0149691 -0.0340201
v 0.0309841 0.0319653 -0.0113734
v 0.035149 0.0320866 -0.0114013
v 0.0372314 0.0321018 -0.0113988
v 0.0434787 0.0320183 -0.0113531
v 0.0455612 0.0319956 -0.0113455
v 0.0476314 0.0319425 -0.0113582
v 0.0183301 -0.0286931 -0.0115307
v 0.0205718 -0.0302326 -0.0113252
v 0.0226543 -0.0302326 -0.0112491
v 0.0226543 0.0301375 -0.0112415
v 0.0289016 0.0318818 -0.011381
v 0.0268192 0.0317605 -0.0114318
v 0.0538787 0.0317377 -0.0114571
v 0.0559612 0.0316619 -0.011518
v 0.0476314 0.0329815 -0.0127687
v 0.0601261 0.0315102 -0.0116855
v 0.0622085 0.0314419 -0.0117869
v 0.0975979 0.0340964 -0.0195523
v 0.0996804 0.0339826 -0.0196919
v 0.064291 0.0313434 -0.0119138
v 0.0663734 0.0312523 -0.0120508
v 0.0675984 0.0311993 -0.012132
v 0.105928 0.0335504 -0.0201333
v 0.0975979 0.035143 -0.021011
v 0.0996804 0.0350217 -0.0213307
v 0.100722 0.0353402 -0.0225687
v 0.101555 0.0355222 -0.0236113
v 0.10485 0.0353402 -0.0246667
v 0.104029 0.0356891 -0.0254937
v 0.103845 0.0362503 -0.0277718
v 0.105928 0.0359242 -0.0277718
v 0.109382 0.0354085 -0.0284415
v 0.110779 0.035272 -0.0294512
v 0.11008 0.0354843 -0.0300296
v 0.111158 0.0353478 -0.0308389
v 0.114245 0.0344074 -0.0298546
v 0.111979 0.0350369 -0.0300296
v 0.116328 0.0338234 -0.0298546
v 0.117712 0.0333835 -0.0298546
v 0.118043 0.0335124 -0.0319374
v 0.119084 0.0331105 -0.0319374
v 0.123727 0.0312296 -0.0319374
v 0.123788 0.0312599 -0.0340201
v 0.124829 0.0307139 -0.0340201
v 0.126715 0.0296672 -0.0340201
v 0.0726208 -0.0381885 -0.0277718
v 0.0705383 -0.038196 -0.0277718
v 0.0663734 -0.038196 -0.0277718
v 0.0622085 -0.0381885 -0.0277718
v 0.0476314 -0.0381354 -0.0277718
v 0.0455612 -0.0380292 -0.0277718
v 0.0809383 -0.0386511 -0.0340201
v 0.0830208 -0.0385373 -0.0319374
v 0.0830208 -0.038325 -0.0298546
v 0.0809383 -0.0383932 -0.0298546
v 0.0788681 -0.0384463 -0.0298546
v 0.0788681 -0.0381202 -0.0277718
v 0.0767857 -0.0381505 -0.0277718
v 0.0439932 -0.0376045 -0.0262953
v 0.042609 -0.0374907 -0.0272188
v 0.0190896 -0.0313399 -0.0120279
v 0.0183301 -0.0303919 -0.0115764
v 0.14106 0.0134826 -0.0340201
v 0.141746 0.0113969 -0.0340201
v 0.142481 0.00881074 -0.0340201
v 0.142775 0.00723323 -0.0340201
v 0.143069 0.00515516 -0.0340201
v 0.142224 0.00984977 -0.0340201
v 0.143363 0.00306951 -0.0319374
v 0.143449 0.000991444 -0.0256916
v 0.143461 -0.00108662 -0.0236088
v 0.143363 -0.00317227 -0.0298546
v 0.143363 -0.00317227 -0.0319374
v 0.143069 -0.00525034 -0.0340201
v 0.141746 -0.0114997 -0.0340201
v 0.14106 -0.0135778 -0.0340201
v 0.140496 -0.015087 -0.0340201
v 0.13997 -0.0161261 -0.0340201
v 0.142775 -0.00733599 -0.0340201
v 0.142493 -0.00893625 -0.0340201
v 0.142224 -0.00997529 -0.0340201
v 0.139088 -0.0177415 -0.0340201
v 0.138353 -0.0190384 -0.0340201
v 0.13763 -0.0200774 -0.0340201
v 0.136601 -0.0214426 -0.0319374
v 0.135707 -0.0224816 -0.0319374
v 0.134666 -0.0236496 -0.0319374
v 0.133661 -0.0246886 -0.0319374
v 0.13262 -0.0255911 -0.0340201
v 0.13137 -0.0266302 -0.0340201
v 0.130329 -0.0274644 -0.0340201
v 0.127793 -0.0292012 -0.0350679
v 0.123727 -0.0313248 -0.0351161
v 0.122575 -0.0315599 -0.0353418
v 0.11792 -0.0335318 -0.0352632
v 0.111452 -0.0355188 -0.0351541
v 0.110093 -0.0356553 -0.0353089
v 0.0975979 -0.0377486 -0.0340201
v 0.0955155 -0.0379154 -0.0340201
v 0.093433 -0.0380671 -0.0340201
v 0.0913506 -0.0382112 -0.0340201
v 0.0892681 -0.038325 -0.0340201
v 0.10801 -0.0362772 -0.0340201
v 0.105928 -0.0366185 -0.0340201
v 0.103845 -0.0369522 -0.0340201
v 0.101763 -0.0372784 -0.0340201
v 0.100354 -0.0374755 -0.0340201
v 0.0993129 -0.0375893 -0.0340201
v 0.0871857 -0.038416 -0.0340201
v 0.130305 0.0273541 -0.0319374
v 0.131346 0.0265274 -0.0319374
v 0.127659 0.0290302 -0.0319374
v 0.128822 0.0283248 -0.0319374
v 0.124768 0.0306759 -0.0319374
v 0.126617 0.0296369 -0.0319374
v 0.132522 0.0254125 -0.0298546
v 0.133563 0.0245024 -0.0298546
v 0.134604 0.0234634 -0.0298546
v 0.135645 0.0223182 -0.0298546
v 0.13654 0.0212791 -0.0298546
v 0.137581 0.0199292 -0.0298546
v 0.138291 0.0188219 -0.0277718
v 0.138328 0.0188901 -0.0298546
v 0.138353 0.0189356 -0.0319374
v 0.139088 0.0176463 -0.0319374
v 0.13997 0.0160385 -0.0319374
v 0.140521 0.0149994 -0.0319374
v 0.141121 0.0134826 -0.0319374
v 0.0559612 0.0301375 -0.0110944
v 0.0580436 0.0301375 -0.0110918
v 0.0601261 0.0301375 -0.0110918
v 0.0622085 0.0301375 -0.0111172
v 0.0497138 0.0318667 -0.0113836
v 0.0247367 -0.0317343 -0.0115155
v 0.0268192 -0.0318708 -0.0114292
v 0.0289016 -0.0319846 -0.011381
v 0.0309841 -0.032068 -0.0113734
v 0.0559612 -0.0302326 -0.0110944
v 0.103845 -0.0198271 -0.0107773
v 0.110093 -0.0135778 -0.0107037
v 0.114245 -0.00317227 -0.0106352
v 0.114245 0.00306951 -0.0106276
v 0.110093 0.0134826 -0.0106986
v 0.103845 0.0197244 -0.0107849
v 0.0517963 0.0317984 -0.0114166
v 0.064291 0.0301375 -0.0111832
v 0.0726208 0.0298872 -0.0113684
v 0.0747032 0.0297886 -0.011414
v 0.0767857 0.0296976 -0.0114851
v 0.0788681 0.0295838 -0.0115941
v 0.0788681 0.0306304 -0.0128778
v 0.0809383 0.0294473 -0.0117362
v 0.10801 0.0333987 -0.0203032
v 0.0830208 0.0293108 -0.0118986
v 0.10926 0.0333001 -0.0204326
v 0.101555 0.0349155 -0.0217366
v 0.105928 0.034195 -0.0215285
v 0.102106 0.0352416 -0.0229213
v 0.104029 0.0351506 -0.0236113
v 0.105928 0.0348397 -0.0236088
v 0.10801 0.0344756 -0.0236088
v 0.107324 0.0354085 -0.0264983
v 0.105928 0.0355298 -0.0260493
v 0.108721 0.0352795 -0.0270513
v 0.10801 0.035545 -0.0277566
v 0.11008 0.0351354 -0.0277566
v 0.112175 0.0346501 -0.0277718
v 0.114245 0.034104 -0.0277718
v 0.116389 0.0335124 -0.0278428
v 0.117479 0.0333001 -0.0285836
v 0.120493 0.032079 -0.0277718
v 0.118753 0.0329967 -0.0298546
v 0.120493 0.0323293 -0.0298546
v 0.122685 0.0314875 -0.0300093
v 0.123641 0.0311917 -0.0308034
v 0.0767857 -0.0377486 -0.0257956
v 0.0726208 -0.0377562 -0.0257601
v 0.0684559 -0.0377637 -0.0257474
v 0.0663734 -0.0377637 -0.0257398
v 0.064291 -0.0377637 -0.0257347
v 0.0601261 -0.0377637 -0.0257271
v 0.0559612 -0.0377562 -0.0257296
v 0.0476314 -0.0377334 -0.025859
v 0.0455612 -0.0376879 -0.0259732
v 0.0892681 -0.0382795 -0.0319374
v 0.0871857 -0.038143 -0.0298546
v 0.0851032 -0.0379306 -0.0277718
v 0.0830208 -0.0380064 -0.0277718
v 0.0809383 -0.0380671 -0.0277718
v 0.0788681 -0.0377334 -0.0258818
v 0.0434787 -0.0370357 -0.0236088
v 0.0433685 -0.0373997 -0.0256383
v 0.0289016 -0.0328264 -0.0132
v 0.0330665 -0.0331753 -0.0128524
v 0.0205718 -0.0314385 -0.0118453
v 0.0413963 -0.0367475 -0.0236088
v 0.0413963 -0.0363227 -0.0215285
v 0.0226543 -0.0315902 -0.0116474
v 0.141819 0.0113969 -0.0319374
v 0.14226 0.00996354 -0.0319374
v 0.142505 0.0089245 -0.0319374
v 0.142824 0.00723323 -0.0319374
v 0.143142 0.00515516 -0.0319374
v 0.143326 0.00306951 -0.0256916
v 0.143436 0.000991444 -0.0236088
v 0.143155 0.00515516 -0.0277718
v 0.143387 0.000991444 -0.0215285
v 0.143387 -0.00108662 -0.0215285
v 0.143326 -0.00317227 -0.0236088
v 0.14313 -0.00525034 -0.0236088
v 0.143155 -0.00525034 -0.0298546
v 0.143142 -0.00525034 -0.0319374
v 0.141795 -0.0114997 -0.0319374
v 0.141097 -0.0135778 -0.0319374
v 0.140509 -0.0150946 -0.0319374
v 0.139982 -0.0161412 -0.0319374
v 0.142824 -0.00733599 -0.0319374
v 0.142505 -0.00898934 -0.0319374
v 0.142248 -0.010036 -0.0319374
v 0.139088 -0.0177415 -0.0319374
v 0.13834 -0.0190308 -0.0319374
v 0.137642 -0.0200698 -0.0319374
v 0.136552 -0.0213971 -0.0298546
v 0.135658 -0.0224361 -0.0298546
v 0.134617 -0.0235661 -0.0298546
v 0.133563 -0.0246052 -0.0298546
v 0.132522 -0.0255077 -0.0298546
v 0.13262 -0.025576 -0.0319374
v 0.131346 -0.026615 -0.0319374
v 0.130305 -0.0274492 -0.0319374
v 0.128835 -0.028511 -0.0340201
v 0.127793 -0.0292012 -0.0340201
v 0.12674 -0.0297776 -0.0340201
v 0.124829 -0.030809 -0.0340201
v 0.123788 -0.0313627 -0.0340201
v 0.122575 -0.0318708 -0.0340201
v 0.120493 -0.0327354 -0.0340201
v 0.119219 -0.0332587 -0.0340201
v 0.118177 -0.0336379 -0.0340201
v 0.116328 -0.0342143 -0.0340201
v 0.112653 -0.0352761 -0.0340201
v 0.111612 -0.0355567 -0.0340201
v 0.110093 -0.0358904 -0.0340201
v 0.0990556 -0.0375666 -0.0324473
v 0.0955155 -0.0378548 -0.0319374
v 0.093433 -0.0380292 -0.0319374
v 0.0913506 -0.0381733 -0.0319374
v 0.10801 -0.0362166 -0.0319374
v 0.105928 -0.0365427 -0.0319374
v 0.103845 -0.0368612 -0.0319374
v 0.101763 -0.0371722 -0.0319374
v 0.128822 0.028158 -0.0298546
v 0.130194 0.0272555 -0.0298546
v 0.131236 0.0264516 -0.0298546
v 0.127524 0.0289543 -0.0298546
v 0.126483 0.0295307 -0.0298546
v 0.132399 0.0253139 -0.0277718
v 0.133441 0.0243887 -0.0277718
v 0.134531 0.0233496 -0.0277718
v 0.135572 0.0222423 -0.0277718
v 0.136466 0.0212033 -0.0277718
v 0.137507 0.0198609 -0.0277718
v 0.138242 0.018746 -0.0263131
v 0.138757 0.0178283 -0.0256484
v 0.139002 0.0176463 -0.0277718
v 0.139063 0.0176463 -0.0298546
v 0.13997 0.0160081 -0.0298546
v 0.140496 0.0149615 -0.0298546
v 0.141097 0.0134826 -0.0298546
v 0.141795 0.0113969 -0.0277718
v 0.0788681 0.0280518 -0.0110284
v 0.0809383 0.0280518 -0.0110487
v 0.035149 -0.0332284 -0.012515
v 0.0372314 -0.033236 -0.0124313
v 0.0330665 -0.0321363 -0.0113887
v 0.0434787 -0.0321287 -0.0113531
v 0.0455612 -0.0321059 -0.0113455
v 0.0580436 -0.0302326 -0.0110918
v 0.0975979 -0.0239909 -0.0109117
v 0.101763 -0.0219052 -0.0108686
v 0.10801 -0.0177415 -0.0108229
v 0.0788681 -0.0281546 -0.0110284
v 0.112175 -0.0114997 -0.0106935
v 0.114245 -0.00525034 -0.0106656
v 0.116328 -0.00317227 -0.0111299
v 0.116328 -0.00108662 -0.0111071
v 0.116328 0.000991444 -0.0111096
v 0.116328 0.00306951 -0.0111299
v 0.114245 0.00515516 -0.0106606
v 0.112175 0.0113969 -0.0106935
v 0.10801 0.0176463 -0.0108255
v 0.101763 0.02181 -0.0108762
v 0.0975979 0.0238881 -0.0109143
v 0.0913506 0.0259737 -0.0109751
v 0.0830208 0.0280518 -0.0111223
v 0.0871857 0.0279153 -0.0113684
v 0.0846622 0.0291894 -0.0120432
v 0.0860465 0.0290833 -0.0121776
v 0.0892681 0.0277029 -0.0114927
v 0.110007 0.0334897 -0.0215159
v 0.10801 0.0338613 -0.0215285
v 0.112175 0.0319273 -0.019773
v 0.114245 0.0316695 -0.0199633
v 0.116328 0.031404 -0.020217
v 0.117577 0.0312448 -0.0204022
v 0.110644 0.0331484 -0.0208131
v 0.110093 0.0340661 -0.0236088
v 0.110093 0.0346501 -0.0256916
v 0.10801 0.0350748 -0.0257601
v 0.112175 0.0341647 -0.0256916
v 0.114343 0.0335959 -0.0255926
v 0.11574 0.0333911 -0.0262218
v 0.117124 0.0331863 -0.0271959
v 0.118275 0.0328981 -0.0278428
v 0.120627 0.0315936 -0.025618
v 0.121779 0.0312827 -0.0262624
v 0.122122 0.0314268 -0.0277718
v 0.123457 0.0311082 -0.0294157
v 0.126274 0.0294094 -0.0277718
v 0.0767857 -0.0374983 -0.0247555
v 0.0747032 -0.0375059 -0.0247301
v 0.0663734 -0.0375135 -0.0246996
v 0.0622085 -0.0375135 -0.0246895
v 0.0580436 -0.0375135 -0.0246819
v 0.0559612 -0.0375135 -0.024687
v 0.0538787 -0.0375059 -0.0247174
v 0.0476314 -0.0374831 -0.0248189
v 0.0455612 -0.037468 -0.024933
v 0.0913506 -0.0379458 -0.0298546
v 0.0871857 -0.0378396 -0.0277718
v 0.0887169 -0.037559 -0.0265871
v 0.0871857 -0.0375969 -0.0264399
v 0.0809383 -0.0377031 -0.0260188
v 0.0851032 -0.0376348 -0.0262953
v 0.0788681 -0.0374755 -0.0248392
v 0.0434787 -0.036482 -0.0215285
v 0.0455612 -0.0371343 -0.0236088
v 0.031131 -0.0331146 -0.0133649
v 0.0393138 -0.0353671 -0.0187431
v 0.035149 -0.0335469 -0.0135551
v 0.0413963 -0.0357463 -0.0195016
v 0.142248 0.0099332 -0.0298546
v 0.142518 0.00888658 -0.0298546
v 0.142848 0.00723323 -0.0277718
v 0.143142 0.00515516 -0.0256916
v 0.143302 0.00306951 -0.0236088
v 0.14324 0.00306951 -0.0215285
v 0.142665 0.00515516 -0.0200673
v 0.142775 0.00306951 -0.0199481
v 0.142848 0.000991444 -0.0198745
v 0.142836 -0.00108662 -0.0198821
v 0.142763 -0.00317227 -0.0199658
v 0.142677 -0.00525034 -0.0200698
v 0.143253 -0.00317227 -0.0215285
v 0.143057 -0.00525034 -0.0215285
v 0.142799 -0.00733599 -0.0236088
v 0.142836 -0.00733599 -0.0298546
v 0.14177 -0.0114997 -0.0277718
v 0.141072 -0.0135778 -0.0298546
v 0.140496 -0.0150491 -0.0298546
v 0.139945 -0.0160881 -0.0298546
v 0.139026 -0.0177415 -0.0298546
v 0.142505 -0.00895142 -0.0298546
v 0.142236 -0.00999046 -0.0298546
v 0.138316 -0.0189777 -0.0298546
v 0.137593 -0.0200167 -0.0298546
v 0.136466 -0.0212985 -0.0277718
v 0.137507 -0.0199409 -0.0277718
v 0.135572 -0.0223375 -0.0277718
v 0.134531 -0.0234296 -0.0277718
v 0.133416 -0.0244687 -0.0277718
v 0.132375 -0.0253939 -0.0277718
v 0.131236 -0.0265543 -0.0298546
v 0.130194 -0.0273507 -0.0298546
v 0.128614 -0.0285869 -0.0321403
v 0.127781 -0.0291936 -0.0329699
v 0.124768 -0.0307787 -0.0319374
v 0.123727 -0.0313324 -0.0319374
v 0.122575 -0.0318177 -0.0319374
v 0.120493 -0.0326596 -0.0319374
v 0.119084 -0.0332132 -0.0319374
v 0.118043 -0.0336152 -0.0319374
v 0.116328 -0.0341613 -0.0319374
v 0.114245 -0.0347377 -0.0319374
v 0.11242 -0.0352306 -0.0319374
v 0.111379 -0.0355037 -0.0319374
v 0.110093 -0.035807 -0.0319374
v 0.0984922 -0.0375059 -0.0310596
v 0.0977082 -0.03765 -0.0318257
v 0.0997294 -0.0374376 -0.0318257
v 0.0970957 -0.0375741 -0.0304888
v 0.093433 -0.0378092 -0.0298546
v 0.10801 -0.0359815 -0.0298546
v 0.105928 -0.0363227 -0.0298546
v 0.103845 -0.0366413 -0.0298546
v 0.101763 -0.0369371 -0.0298546
v 0.127316 0.028833 -0.0277718
v 0.128822 0.0279077 -0.0277718
v 0.130035 0.0271265 -0.0277718
v 0.131076 0.026353 -0.0277718
v 0.132216 0.0251547 -0.0256916
v 0.133257 0.0242446 -0.0256916
v 0.134237 0.0230387 -0.0236088
v 0.134396 0.0231979 -0.0256916
v 0.135437 0.022121 -0.0256916
v 0.13638 0.0210744 -0.0256916
v 0.137556 0.0195575 -0.0256484
v 0.138108 0.0185564 -0.0236088
v 0.138781 0.0175174 -0.0236088
v 0.139823 0.0157503 -0.0236088
v 0.139896 0.0158413 -0.0256916
v 0.139945 0.0159323 -0.0277718
v 0.140374 0.0147112 -0.0236088
v 0.140913 0.0134826 -0.0236088
v 0.140986 0.0134826 -0.0256916
v 0.141048 0.0134826 -0.0277718
v 0.141758 0.0113969 -0.0256916
v 0.142211 0.0097891 -0.0236088
v 0.142224 0.00984977 -0.0256916
v 0.0413963 -0.0354278 -0.0184615
v 0.0455612 -0.033145 -0.0126444
v 0.0372314 -0.032197 -0.0113963
v 0.035149 -0.0321818 -0.0114013
v 0.0434787 -0.035443 -0.0184082
v 0.0497138 -0.0358677 -0.0194483
v 0.0517963 -0.0358829 -0.0194483
v 0.0538787 -0.0358829 -0.0194483
v 0.0580436 -0.0358753 -0.0194788
v 0.064291 -0.0358677 -0.0196005
v 0.0684559 -0.0358449 -0.0196792
v 0.0705383 -0.0358298 -0.0197198
v 0.0726208 -0.0358146 -0.0197781
v 0.0809383 -0.0357388 -0.0200115
v 0.0476314 -0.0320453 -0.0113582
v 0.0601261 -0.0302326 -0.0111121
v 0.0809383 -0.0281546 -0.0110436
v 0.0913506 -0.0260689 -0.0109802
v 0.093433 -0.0260689 -0.0111756
v 0.0996804 -0.0239909 -0.0112136
v 0.103845 -0.0219052 -0.011239
v 0.105928 -0.0198271 -0.010932
v 0.110093 -0.0177415 -0.0113075
v 0.110093 -0.0156634 -0.0108204
v 0.112175 -0.0135778 -0.0109346
v 0.114245 -0.00941406 -0.0109244
v 0.114245 -0.00733599 -0.010762
v 0.116328 -0.00525034 -0.0111984
v 0.11841 -0.00317227 -0.0116626
v 0.12674 -0.00108662 -0.0137911
v 0.119929 0.000991444 -0.0120381
v 0.11841 0.00306951 -0.0116626
v 0.116328 0.00515516 -0.0111882
v 0.114245 0.00723323 -0.0107595
v 0.114245 0.00931888 -0.010932
v 0.112175 0.0134826 -0.0109371
v 0.110093 0.0155607 -0.0108255
v 0.105928 0.0197244 -0.0109346
v 0.110093 0.0176463 -0.0113151
v 0.0996804 0.0238881 -0.0112187
v 0.103845 0.02181 -0.011244
v 0.093433 0.0259737 -0.0111756
v 0.0913506 0.027483 -0.0117108
v 0.11155 0.0333607 -0.0222008
v 0.114245 0.0304257 -0.0189232
v 0.11634 0.0299934 -0.0190602
v 0.118324 0.0302361 -0.0197654
v 0.120493 0.0296748 -0.0199024
v 0.122575 0.0292956 -0.0202576
v 0.123653 0.029106 -0.0204707
v 0.118961 0.0310021 -0.021077
v 0.118324 0.0313813 -0.0216757
v 0.116328 0.0325113 -0.0236088
v 0.116328 0.0319273 -0.0215285
v 0.114245 0.032481 -0.0215285
v 0.112212 0.0329891 -0.0215159
v 0.112947 0.0331939 -0.0228097
v 0.114343 0.0330498 -0.0235479
v 0.11509 0.0332091 -0.0248341
v 0.116389 0.033027 -0.0255926
v 0.11841 0.0324051 -0.0256916
v 0.12097 0.0309717 -0.0236088
v 0.121399 0.0311234 -0.0248747
v 0.119929 0.0313509 -0.0236088
v 0.122575 0.0303195 -0.0236088
v 0.122514 0.0308125 -0.025618
v 0.124658 0.0298569 -0.0256916
v 0.123163 0.0309717 -0.0277718
v 0.124658 0.0302436 -0.0277718
v 0.125944 0.0292274 -0.0256916
v 0.0788681 -0.0371267 -0.0236088
v 0.0767857 -0.0371722 -0.0236088
v 0.0747032 -0.0371873 -0.0236088
v 0.0726208 -0.0371949 -0.0236088
v 0.0559612 -0.0372253 -0.0236088
v 0.0538787 -0.0372177 -0.0236088
v 0.0517963 -0.0372025 -0.0236088
v 0.0476314 -0.0371646 -0.0236088
v 0.093433 -0.0375969 -0.0284415
v 0.0913506 -0.0376651 -0.0280661
v 0.0901011 -0.0375059 -0.0268103
v 0.0913506 -0.0371494 -0.0256916
v 0.0893539 -0.0373239 -0.0258133
v 0.0871857 -0.037339 -0.0253973
v 0.0809383 -0.0374452 -0.0249762
v 0.0830208 -0.0369902 -0.0236088
v 0.0455612 -0.0365351 -0.0215285
v 0.0434787 -0.035807 -0.0194483
v 0.142505 0.00884866 -0.0277718
v 0.142836 0.00723323 -0.0256916
v 0.143118 0.00515516 -0.0236088
v 0.143044 0.00515516 -0.0215285
v 0.142505 0.00723323 -0.0202829
v 0.141648 0.00515516 -0.0190272
v 0.14177 0.00306951 -0.0189054
v 0.141844 0.000991444 -0.0188318
v 0.141844 -0.00108662 -0.018842
v 0.14177 -0.00317227 -0.0189232
v 0.14166 -0.00525034 -0.0190272
v 0.142505 -0.00733599 -0.0202728
v 0.142395 -0.0084812 -0.0204428
v 0.142726 -0.00733599 -0.0215285
v 0.142444 -0.00864806 -0.0215285
v 0.142469 -0.00876182 -0.0236088
v 0.142175 -0.00980085 -0.0236088
v 0.141672 -0.0114997 -0.0236088
v 0.141035 -0.0135778 -0.0277718
v 0.140349 -0.0147685 -0.0236088
v 0.139823 -0.0158075 -0.0236088
v 0.140888 -0.0135778 -0.0236088
v 0.138953 -0.0177415 -0.0277718
v 0.138279 -0.0189019 -0.0277718
v 0.136246 -0.0210254 -0.0236088
v 0.13812 -0.0186743 -0.0236088
v 0.137213 -0.0198271 -0.0236088
v 0.13823 -0.018826 -0.0263334
v 0.135425 -0.022201 -0.0256916
v 0.134384 -0.0232628 -0.0256916
v 0.1342 -0.0231035 -0.0236088
v 0.13409 -0.0229973 -0.0222998
v 0.132032 -0.0251057 -0.0241847
v 0.131076 -0.026433 -0.0277718
v 0.130035 -0.0272293 -0.0277718
v 0.128822 -0.028238 -0.0298546
v 0.127524 -0.0290343 -0.0298546
v 0.126483 -0.0296411 -0.0298546
v 0.126875 -0.0296335 -0.0321403
v 0.123641 -0.0312868 -0.0308186
v 0.120493 -0.0324624 -0.0298546
v 0.117749 -0.0335014 -0.0298546
v 0.116328 -0.0339337 -0.0298546
v 0.114245 -0.0345025 -0.0298546
v 0.111979 -0.035132 -0.0300322
v 0.111146 -0.035443 -0.030844
v 0.11008 -0.0355871 -0.0300322
v 0.110766 -0.0353671 -0.0294563
v 0.0977082 -0.03743 -0.0298191
v 0.0996804 -0.0372177 -0.0298546
v 0.096128 -0.0374831 -0.0290986
v 0.0954665 -0.0376348 -0.0298191
v 0.0947437 -0.0375438 -0.0286978
v 0.109382 -0.0355112 -0.0284694
v 0.105928 -0.0359815 -0.0277718
v 0.103845 -0.0363 -0.0277718
v 0.101763 -0.0366109 -0.0277718
v 0.0996804 -0.0368991 -0.0277718
v 0.126985 0.0286434 -0.0256916
v 0.12892 0.0275058 -0.025826
v 0.1299 0.0270431 -0.0266125
v 0.132056 0.0250181 -0.0242075
v 0.134102 0.0229249 -0.0221983
v 0.136172 0.0208393 -0.0222186
v 0.135278 0.0219769 -0.0236088
v 0.136258 0.0209379 -0.0236088
v 0.137213 0.0197244 -0.0236088
v 0.137973 0.0183896 -0.0215285
v 0.138683 0.0173429 -0.0215285
v 0.13981 0.015409 -0.0214803
v 0.140325 0.0146126 -0.0221425
v 0.140692 0.0136494 -0.0214803
v 0.141599 0.0113969 -0.0215285
v 0.141709 0.0113969 -0.0236088
v 0.142162 0.00962225 -0.0215285
v 0.142432 0.00858321 -0.0215285
v 0.142481 0.00874248 -0.0236088
v 0.142493 0.00880315 -0.0256916
v 0.0559612 -0.0317647 -0.011518
v 0.0538787 -0.0318405 -0.0114571
v 0.0830208 -0.0357084 -0.0200572
v 0.0851032 -0.0356705 -0.0201206
v 0.0871857 -0.035625 -0.0202043
v 0.0892681 -0.0355719 -0.0202982
v 0.0517963 -0.0366109 -0.0215285
v 0.0538787 -0.0366185 -0.0215285
v 0.0580436 -0.0366185 -0.0215285
v 0.0663734 -0.0365882 -0.0215285
v 0.0747032 -0.0365275 -0.0215285
v 0.0767857 -0.0364972 -0.0215285
v 0.0788681 -0.0364593 -0.0215285
v 0.064291 -0.0302326 -0.0112009
v 0.0622085 -0.0302326 -0.0111553
v 0.0830208 -0.0281546 -0.0111197
v 0.0705383 -0.0300961 -0.0113405
v 0.0726208 -0.02999 -0.0113684
v 0.0871857 -0.0280181 -0.0113658
v 0.0892681 -0.0278133 -0.0114876
v 0.0913506 -0.0275858 -0.0117134
v 0.095344 -0.0261599 -0.011584
v 0.0975979 -0.0256139 -0.0117007
v 0.100832 -0.0250754 -0.0121294
v 0.12173 -0.027199 -0.0183575
v 0.123126 -0.026888 -0.0185274
v 0.122489 -0.0261448 -0.0179668
v 0.122563 -0.0238771 -0.0167998
v 0.121852 -0.0231035 -0.0162493
v 0.10801 -0.0198271 -0.011447
v 0.123237 -0.0227319 -0.0164142
v 0.117442 -0.0209041 -0.0142249
v 0.111501 -0.0190308 -0.0120609
v 0.128038 -0.0189777 -0.016262
v 0.129423 -0.0183331 -0.016437
v 0.130109 -0.0169452 -0.0162645
v 0.112175 -0.0156634 -0.0113557
v 0.132069 -0.0147685 -0.016295
v 0.133502 -0.0135778 -0.0164599
v 0.125674 -0.0124705 -0.0142502
v 0.11743 -0.0126146 -0.0121446
v 0.114245 -0.0114997 -0.0111679
v 0.117736 -0.0114997 -0.012066
v 0.118778 -0.0114997 -0.0123349
v 0.126017 -0.0110826 -0.0141589
v 0.134249 -0.0108778 -0.0162696
v 0.11819 -0.00941406 -0.0119493
v 0.119415 -0.00820059 -0.01217
v 0.135878 -0.00733599 -0.0163863
v 0.136062 -0.00597084 -0.0163381
v 0.119892 -0.00317227 -0.0120457
v 0.136172 -0.00458293 -0.0163077
v 0.13507 -0.00108662 -0.0159398
v 0.12097 0.000991444 -0.012307
v 0.119892 0.00306951 -0.0120457
v 0.136184 0.00454843 -0.0163051
v 0.11977 0.00515516 -0.0120787
v 0.119415 0.00812058 -0.0121725
v 0.136062 0.00593633 -0.0163356
v 0.134862 0.00723323 -0.0161098
v 0.114245 0.0113969 -0.0111781
v 0.135572 0.00931888 -0.0164649
v 0.134237 0.0107599 -0.0162696
v 0.133869 0.0121478 -0.0163635
v 0.133465 0.0134826 -0.0164675
v 0.132044 0.014643 -0.0163
v 0.11558 0.0148477 -0.0120838
v 0.112175 0.0155607 -0.0113531
v 0.10801 0.0197244 -0.0114419
v 0.130109 0.01685 -0.0162645
v 0.129423 0.0182379 -0.0164345
v 0.128026 0.018875 -0.0162645
v 0.111501 0.0189508 -0.012066
v 0.100832 0.0249726 -0.0121294
v 0.0996804 0.0251698 -0.0119772
v 0.0975979 0.0255111 -0.0117007
v 0.121865 0.0230083 -0.0162468
v 0.122563 0.0237819 -0.0167998
v 0.122489 0.0260496 -0.0179668
v 0.123114 0.0267928 -0.0185274
v 0.12173 0.0270962 -0.01836
v 0.10801 0.0211199 -0.0120026
v 0.117442 0.0208089 -0.0142249
v 0.123249 0.0226291 -0.0164142
v 0.095344 0.0260648 -0.0115865
v 0.11841 0.0287571 -0.0186061
v 0.120493 0.0283779 -0.0188623
v 0.122489 0.0278925 -0.0191287
v 0.124474 0.0280594 -0.0199202
v 0.124976 0.0287344 -0.0215285
v 0.123935 0.0292425 -0.0215285
v 0.119525 0.0312068 -0.0224672
v 0.12674 0.0272934 -0.0202043
v 0.127818 0.027028 -0.0204681
v 0.11841 0.0318667 -0.0236088
v 0.124682 0.029417 -0.0237762
v 0.125735 0.0291136 -0.0245804
v 0.0851032 -0.0362621 -0.0215285
v 0.0809383 -0.0363986 -0.0215285
v 0.0476314 -0.0365654 -0.0215285
v 0.0954665 -0.0373314 -0.0279113
v 0.093433 -0.0373845 -0.0273989
v 0.0913506 -0.0374604 -0.027026
v 0.0955155 -0.0368309 -0.0256916
v 0.0913506 -0.0365882 -0.0236088
v 0.0892681 -0.0367399 -0.0236088
v 0.0871857 -0.0368461 -0.0236088
v 0.142799 0.00723323 -0.0236088
v 0.142726 0.00723323 -0.0215285
v 0.142383 0.00838602 -0.0204428
v 0.141464 0.00723323 -0.0192403
v 0.140423 0.00723323 -0.0182966
v 0.140607 0.00515516 -0.018157
v 0.140729 0.00306951 -0.0180682
v 0.140803 0.000991444 -0.0180124
v 0.140803 -0.00108662 -0.0180124
v 0.140729 -0.00317227 -0.0180581
v 0.140619 -0.00525034 -0.0181469
v 0.140435 -0.00733599 -0.018294
v 0.141476 -0.00733599 -0.0192327
v 0.141244 -0.0091562 -0.019499
v 0.140876 -0.0114997 -0.0198238
v 0.14057 -0.0131758 -0.020146
v 0.140251 -0.0145637 -0.0207624
v 0.141574 -0.0114997 -0.0215285
v 0.140313 -0.0147002 -0.0221501
v 0.139823 -0.0154966 -0.0214854
v 0.138781 -0.0176353 -0.0236088
v 0.14068 -0.0137522 -0.0214854
v 0.13616 -0.0209193 -0.0223048
v 0.138696 -0.0174685 -0.0215285
v 0.137985 -0.0185151 -0.0215285
v 0.135241 -0.0220645 -0.0236088
v 0.135058 -0.02189 -0.0216097
v 0.133931 -0.0228608 -0.0209121
v 0.131897 -0.024992 -0.022797
v 0.129913 -0.0271459 -0.0265592
v 0.128822 -0.0279877 -0.0277718
v 0.127303 -0.028913 -0.0277718
v 0.126262 -0.0295121 -0.0277718
v 0.124462 -0.030756 -0.0300169
v 0.123457 -0.0312034 -0.0294309
v 0.122685 -0.0315902 -0.0300169
v 0.122134 -0.0315295 -0.0277718
v 0.120493 -0.0321818 -0.0277718
v 0.117516 -0.0334104 -0.0285405
v 0.116389 -0.0336228 -0.0278175
v 0.114245 -0.0342143 -0.0277718
v 0.112175 -0.0347604 -0.0277718
v 0.0975979 -0.0371267 -0.0277718
v 0.11008 -0.0352306 -0.0277743
v 0.108623 -0.0353747 -0.0270818
v 0.107961 -0.0356326 -0.0277743
v 0.107226 -0.0354809 -0.0265795
v 0.101763 -0.036118 -0.0256916
v 0.0996804 -0.0364289 -0.0256916
v 0.0975979 -0.036664 -0.0256916
v 0.128026 0.0271569 -0.0215285
v 0.128381 0.027392 -0.0236088
v 0.126556 0.0284765 -0.0237762
v 0.129423 0.0267322 -0.0236088
v 0.130648 0.0254732 -0.0215285
v 0.131885 0.0248816 -0.0228224
v 0.133943 0.0227732 -0.0208106
v 0.13507 0.0218024 -0.0215133
v 0.136037 0.02068 -0.0208309
v 0.136809 0.0198836 -0.021526
v 0.138475 0.017032 -0.0201815
v 0.140239 0.0144534 -0.0207548
v 0.14057 0.0130655 -0.020146
v 0.0580436 -0.0316736 -0.0115992
v 0.0747032 -0.0298762 -0.0114166
v 0.0871857 -0.0361786 -0.0215285
v 0.0892681 -0.0360649 -0.0215285
v 0.0913506 -0.0354961 -0.0204022
v 0.0767857 -0.02977 -0.0114876
v 0.0788681 -0.0296714 -0.0115891
v 0.0809383 -0.0295501 -0.0117286
v 0.0830208 -0.0294136 -0.011896
v 0.08465 -0.0292922 -0.0120432
v 0.0860342 -0.0291784 -0.0121802
v 0.109235 -0.0333953 -0.0204402
v 0.112175 -0.0320301 -0.0197578
v 0.112175 -0.030809 -0.0187152
v 0.114245 -0.030536 -0.0189181
v 0.117026 -0.0290874 -0.0184716
v 0.11841 -0.0288447 -0.0186086
v 0.120493 -0.0284731 -0.0188648
v 0.124658 -0.026524 -0.0187507
v 0.125944 -0.0251588 -0.0183321
v 0.124658 -0.0254849 -0.0181596
v 0.122489 -0.0279953 -0.0191363
v 0.124658 -0.0239909 -0.0173833
v 0.127095 -0.0203656 -0.0164878
v 0.124658 -0.0222693 -0.0165892
v 0.124658 -0.0212302 -0.0161833
v 0.128761 -0.0197285 -0.0167085
v 0.130844 -0.0176808 -0.0166425
v 0.131493 -0.0161564 -0.016437
v 0.132853 -0.0155421 -0.016673
v 0.13507 -0.0135778 -0.0169216
v 0.134996 -0.0115452 -0.0165537
v 0.133894 -0.0122657 -0.0163609
v 0.13556 -0.00941406 -0.0164675
v 0.137152 -0.00733599 -0.0167262
v 0.136981 -0.00526551 -0.0165461
v 0.137299 -0.00317227 -0.0165563
v 0.137373 -0.00108662 -0.016536
v 0.137336 0.000991444 -0.016541
v 0.137262 0.00306951 -0.0165563
v 0.136993 0.00520825 -0.0165436
v 0.135254 0.00520825 -0.016092
v 0.137152 0.00723323 -0.0167186
v 0.135903 0.00723323 -0.0163812
v 0.137152 0.00931888 -0.0169469
v 0.134984 0.0114273 -0.0165563
v 0.13507 0.0134826 -0.0169267
v 0.13284 0.0154241 -0.0166755
v 0.131493 0.0160309 -0.016437
v 0.125772 0.0208165 -0.0163077
v 0.130844 0.0175856 -0.0166425
v 0.130905 0.0197244 -0.0173757
v 0.128761 0.0196334 -0.0167034
v 0.127156 0.0202629 -0.0164852
v 0.120493 0.0273389 -0.0182179
v 0.124658 0.0238881 -0.0173833
v 0.124658 0.0253822 -0.0181596
v 0.125944 0.0250636 -0.0183346
v 0.124658 0.0264288 -0.0187507
v 0.124658 0.0221968 -0.0165892
v 0.125393 0.0289468 -0.0231953
v 0.128639 0.0259358 -0.0199658
v 0.126679 0.0258448 -0.0190957
v 0.13028 0.0252153 -0.0201942
v 0.129067 0.0265198 -0.0215285
v 0.093433 -0.0364289 -0.0236088
v 0.0955155 -0.0357008 -0.0218279
v 0.0913506 -0.0359208 -0.0215285
v 0.140888 0.0113969 -0.0198136
v 0.141244 0.00906102 -0.019494
v 0.1403 0.0083481 -0.0183904
v 0.139235 0.00723323 -0.0175939
v 0.139235 0.00515516 -0.0173808
v 0.139235 0.00306951 -0.0172615
v 0.139235 0.000991444 -0.017188
v 0.139235 -0.00108662 -0.0171829
v 0.139235 -0.00317227 -0.0172488
v 0.139235 -0.00525034 -0.0173706
v 0.139235 -0.00733599 -0.0175939
v 0.1403 -0.00845087 -0.0183879
v 0.140068 -0.00983877 -0.0185553
v 0.139749 -0.0114997 -0.0187836
v 0.13932 -0.0137446 -0.019324
v 0.138904 -0.0156634 -0.019806
v 0.138487 -0.0171499 -0.0201739
v 0.136025 -0.0207676 -0.0209172
v 0.136809 -0.0199712 -0.0215793
v 0.134641 -0.0214729 -0.0200166
v 0.132534 -0.0234296 -0.0200851
v 0.130292 -0.0253105 -0.0202018
v 0.131713 -0.0248479 -0.0215285
v 0.130672 -0.0255835 -0.0215285
v 0.129704 -0.0270094 -0.0251715
v 0.128933 -0.0275858 -0.0257956
v 0.12696 -0.0287234 -0.0256916
v 0.125919 -0.029315 -0.0256916
v 0.124658 -0.030354 -0.0277718
v 0.123175 -0.0310745 -0.0277718
v 0.121803 -0.0313854 -0.0262649
v 0.120615 -0.0316964 -0.0256205
v 0.117124 -0.0332815 -0.0271528
v 0.118288 -0.0329933 -0.0278175
v 0.11574 -0.0334938 -0.0262091
v 0.112175 -0.0342902 -0.0256916
v 0.114356 -0.0337138 -0.025585
v 0.110093 -0.0347452 -0.0256916
v 0.107961 -0.0351548 -0.0258083
v 0.105928 -0.0355871 -0.0261989
v 0.101763 -0.0356402 -0.0239716
v 0.0998396 -0.0357843 -0.0234287
v 0.104654 -0.0354051 -0.0247859
v 0.10327 -0.0355188 -0.0243978
v 0.0975979 -0.0360876 -0.0236088
v 0.0955155 -0.0362621 -0.0236088
v 0.131689 0.0247299 -0.0215285
v 0.134653 0.0213853 -0.0200166
v 0.132559 0.0233269 -0.0200775
v 0.136601 0.0192921 -0.0200648
v 0.137079 0.0175553 -0.019428
v 0.137593 0.0155607 -0.018771
v 0.138892 0.0155607 -0.0198111
v 0.13932 0.0136494 -0.019324
v 0.139761 0.0113969 -0.0187735
v 0.0601261 -0.0315902 -0.0117032
v 0.0925388 -0.0354506 -0.0204707
v 0.0663734 -0.0313475 -0.0120482
v 0.0676107 -0.0312944 -0.0121294
v 0.0996804 -0.0340778 -0.0196995
v 0.101763 -0.0339489 -0.019839
v 0.103845 -0.0337972 -0.0199887
v 0.105928 -0.0336379 -0.0201383
v 0.10801 -0.0334863 -0.0203159
v 0.0975979 -0.0352306 -0.0210262
v 0.0998396 -0.0351775 -0.0215844
v 0.101763 -0.0348818 -0.0215285
v 0.100636 -0.0354278 -0.0226118
v 0.105928 -0.0342598 -0.0215285
v 0.10801 -0.0339337 -0.0215285
v 0.109995 -0.0335849 -0.0215083
v 0.110619 -0.0332512 -0.0208005
v 0.117589 -0.0313399 -0.0204022
v 0.116328 -0.0314992 -0.0202195
v 0.114245 -0.0317647 -0.0199608
v 0.116328 -0.0300885 -0.0190627
v 0.118337 -0.0303388 -0.0197654
v 0.120493 -0.0297852 -0.0199049
v 0.122575 -0.0293908 -0.0202677
v 0.124462 -0.0281622 -0.0199278
v 0.12674 -0.0273886 -0.0202144
v 0.126679 -0.02594 -0.0191033
v 0.127328 -0.0247644 -0.0185426
v 0.126679 -0.0240364 -0.0179718
v 0.126544 -0.0217004 -0.0168632
v 0.129031 -0.02211 -0.0177562
v 0.130905 -0.0198271 -0.0173858
v 0.132987 -0.0177415 -0.0173326
v 0.13507 -0.0156634 -0.0174619
v 0.137262 -0.0136081 -0.0178678
v 0.137152 -0.0114997 -0.0172945
v 0.137152 -0.00941406 -0.0169469
v 0.137152 0.0113969 -0.017292
v 0.13932 0.00915203 -0.017949
v 0.13507 0.0155607 -0.017467
v 0.137262 0.0135129 -0.0178602
v 0.132987 0.0176463 -0.0173326
v 0.126581 0.021628 -0.0168582
v 0.132889 0.019641 -0.0180759
v 0.13213 0.0209227 -0.0183321
v 0.130905 0.0213929 -0.0181012
v 0.129018 0.0220072 -0.0177511
v 0.126679 0.0239412 -0.0179668
v 0.127328 0.0246693 -0.0185452
v 0.129018 0.0239412 -0.0187329
v 0.130954 0.0239639 -0.0196513
v 0.0975979 -0.0356174 -0.0220664
v 0.093923 -0.0353899 -0.0206102
v 0.14008 0.00973601 -0.0185452
v 0.13932 -0.00925479 -0.0179465
v 0.138708 -0.0114997 -0.0180759
v 0.138389 -0.0129255 -0.0182813
v 0.138034 -0.0143134 -0.0185046
v 0.137605 -0.0156634 -0.0187659
v 0.137091 -0.0176657 -0.0194229
v 0.136613 -0.0193797 -0.0200572
v 0.13349 -0.0203808 -0.0186289
v 0.133012 -0.021928 -0.019357
v 0.135119 -0.0198802 -0.0193443
v 0.130954 -0.0240743 -0.0196589
v 0.129031 -0.0240364 -0.0187354
v 0.128626 -0.026031 -0.0199785
v 0.127793 -0.0271155 -0.0204808
v 0.129055 -0.0266226 -0.0215285
v 0.129447 -0.0268577 -0.0236088
v 0.128406 -0.0274644 -0.0236088
v 0.126544 -0.0285565 -0.0238041
v 0.125711 -0.0292012 -0.0246286
v 0.124658 -0.0299444 -0.0256916
v 0.121399 -0.0312186 -0.0248772
v 0.122526 -0.0309076 -0.0256205
v 0.12391 -0.0293225 -0.0215285
v 0.123629 -0.0292012 -0.0204834
v 0.12097 -0.0310669 -0.0236088
v 0.119929 -0.0314537 -0.0236088
v 0.11841 -0.0325079 -0.0256916
v 0.116328 -0.0326292 -0.0236088
v 0.115115 -0.0333118 -0.0248214
v 0.116389 -0.0331298 -0.025585
v 0.113731 -0.0334938 -0.0241517
v 0.112984 -0.0333042 -0.0227665
v 0.112236 -0.0336835 -0.0235225
v 0.111599 -0.0334635 -0.0221881
v 0.110093 -0.0341688 -0.0236088
v 0.10801 -0.0345405 -0.0236088
v 0.105928 -0.0348742 -0.0236088
v 0.0992516 -0.0355264 -0.022315
v 0.133036 0.021848 -0.0193544
v 0.133514 0.020278 -0.0186289
v 0.135131 0.0197851 -0.0193468
v 0.135609 0.018071 -0.0186746
v 0.138034 0.0142258 -0.0185021
v 0.136172 0.0166831 -0.0183727
v 0.138402 0.0128379 -0.0182712
v 0.13872 0.0113969 -0.0180708
v 0.0955155 -0.0353216 -0.0207878
v 0.112236 -0.0330919 -0.0215083
v 0.114245 -0.0325913 -0.0215285
v 0.118337 -0.031484 -0.0216655
v 0.118974 -0.0311048 -0.0210618
v 0.116328 -0.0320377 -0.0215285
v 0.129864 -0.0229442 -0.0184082
v 0.128467 -0.0233765 -0.0181824
v 0.130905 -0.0214805 -0.0181114
v 0.132105 -0.0209951 -0.0183422
v 0.132877 -0.0197437 -0.0180809
v 0.134225 -0.0189929 -0.0183143
v 0.134972 -0.0175898 -0.0181038
v 0.136184 -0.0167935 -0.0183676
v 0.136564 -0.0156634 -0.018152
v 0.134972 0.017487 -0.0181088
v 0.136552 0.0155607 -0.018152
v 0.134212 0.0188901 -0.0183143
v 0.128467 0.0232814 -0.0181773
v 0.130905 0.0224319 -0.0186238
v 0.129851 0.0228339 -0.0184133
v 0.135609 -0.0181814 -0.0186695
v 0.130905 -0.0225271 -0.0186238
v 0.128014 -0.0272369 -0.0215285
v 0.124952 -0.0288372 -0.0215285
v 0.125393 -0.0290495 -0.0232435
v 0.120346 -0.0307787 -0.0216655
v 0.119537 -0.0313096 -0.0224494
v 0.114356 -0.0331601 -0.0235225
f 945 946 947
f 945 947 948
f 945 948 949
f 945 949 950
f 945 950 964
f 945 964 951
f 945 951 965
f 945 965 952
f 945 952 946
f 946 952 953
f 946 953 954
f 946 954 947
f 947 954 955
f 947 955 976
f 947 976 956
f 947 956 948
f 948 957 949
f 948 956 958
f 948 958 959
f 948 959 960
f 948 960 957
f 949 961 963
f 949 963 950
f 949 957 962
f 949 962 961
f 950 963 964
f 951 964 966
f 951 966 967
f 951 967 968
f 951 968 969
f 951 969 998
f 951 998 970
f 951 970 965
f 952 965 972
f 952 972 953
f 953 971 974
f 953 974 954
f 953 972 1001
f 953 1001 973
f 953 973 971
f 954 974 975
f 954 975 955
f 955 975 1008
f 955 1008 976
f 956 976 977
f 956 977 978
f 956 978 980
f 956 980 958
f 957 960 979
f 957 979 962
f 958 980 981
f 958 981 959
f 959 981 982
f 959 982 983
f 959 983 984
f 959 984 985
f 959 985 986
f 959 986 960
f 960 986 987
f 960 987 988
f 960 988 979
f 961 989 963
f 961 962 990
f 961 990 989
f 962 979 1018
f 962 1018 990
f 963 991 964
f 963 989 991
f 964 991 992
f 964 992 966
f 965 970 972
f 966 992 993
f 966 993 994
f 966 994 967
f 967 994 968
f 968 994 995
f 968 995 996
f 968 996 969
f 969 996 997
f 969 997 998
f 970 998 1042
f 970 1042 999
f 970 999 972
f 971 973 1000
f 971 1000 974
f 972 999 1001
f 973 1001 1002
f 973 1002 1000
f 974 1003 1004
f 974 1004 975
f 974 1000 1005
f 974 1005 1006
f 974 1006 1003
f 975 1004 1007
f 975 1007 1008
f 976 1008 1009
f 976 1009 977
f 977 1009 1010
f 977 1010 1011
f 977 1011 1012
f 977 1012 978
f 978 1012 1013
f 978 1013 1014
f 978 1014 1015
f 978 1015 1016
f 978 1016 1017
f 978 1017 980
f 979 988 1018
f 980 1017 981
f 981 1019 1020
f 981 1020 1021
f 981 1021 1022
f 981 1022 982
f 981 1017 1019
f 982 1022 1023
f 982 1023 983
f 983 1023 984
f 984 1023 1024
f 984 1024 985
f 985 1024 986
f 986 1024 1018
f 986 1018 987
f 987 1018 988
f 989 1025 1026
f 989 1026 1027
f 989 1027 1028
f 989 1028 995
f 989 995 994
f 989 994 993
f 989 993 992
f 989 992 991
f 989 990 1029
f 989 1029 1030
f 989 1030 1031
f 989 1031 1032
f 989 1032 1033
f 989 1033 1025
f 990 1018 1034
f 990 1034 1035
f 990 1035 1036
f 990 1036 1037
f 990 1037 1038
f 990 1038 1083
f 990 1083 1029
f 995 1039 996
f 995 1028 1039
f 996 1039 1040
f 996 1040 997
f 997 1040 998
f 998 1040 1099
f 998 1099 1041
f 998 1041 1042
f 999 1042 1001
f 1000 1043 1044
f 1000 1044 1005
f 1000 1002 1045
f 1000 1045 1043
f 1001 1042 1046
f 1001 1046 1047
f 1001 1047 1048
f 1001 1048 1049
f 1001 1049 1002
f 1002 1049 1108
f 1002 1108 1050
f 1002 1050 1045
f 1003 1051 1004
f 1003 1006 1051
f 1004 1052 1053
f 1004 1053 1007
f 1004 1051 1052
f 1005 1044 1051
f 1005 1051 1006
f 1007 1053 1054
f 1007 1054 1009
f 1007 1009 1008
f 1009 1054 1010
f 1010 1054 1011
f 1011 1013 1012
f 1011 1054 1055
f 1011 1055 1056
f 1011 1056 1057
f 1011 1057 1058
f 1011 1058 1014
f 1011 1014 1013
f 1014 1058 1059
f 1014 1059 1060
f 1014 1060 1061
f 1014 1061 1015
f 1015 1061 1016
f 1016 1061 1062
f 1016 1062 1063
f 1016 1063 1064
f 1016 1064 1019
f 1016 1019 1017
f 1018 1024 1065
f 1018 1065 1034
f 1019 1064 1021
f 1019 1021 1020
f 1021 1064 1063
f 1021 1063 1066
f 1021 1066 1067
f 1021 1067 1068
f 1021 1068 1023
f 1021 1023 1022
f 1023 1068 1065
f 1023 1065 1024
f 1025 1069 1070
f 1025 1070 1071
f 1025 1071 1072
f 1025 1072 1073
f 1025 1073 1074
f 1025 1074 1075
f 1025 1075 1076
f 1025 1076 1026
f 1025 1033 1069
f 1026 1077 1078
f 1026 1078 1138
f 1026 1138 1216
f 1026 1216 1327
f 1026 1327 1425
f 1026 1425 1424
f 1026 1424 1423
f 1026 1423 1422
f 1026 1422 1537
f 1026 1537 1482
f 1026 1482 1375
f 1026 1375 1266
f 1026 1266 1260
f 1026 1260 1259
f 1026 1259 1258
f 1026 1258 1257
f 1026 1257 1256
f 1026 1256 1255
f 1026 1255 1254
f 1026 1254 1253
f 1026 1253 1252
f 1026 1252 1218
f 1026 1218 1139
f 1026 1139 1079
f 1026 1079 1027
f 1026 1076 1077
f 1027 1079 1080
f 1027 1080 1028
f 1028 1080 1079
f 1028 1079 1081
f 1028 1081 1082
f 1028 1082 1039
f 1029 1083 1084
f 1029 1084 1085
f 1029 1085 1086
f 1029 1086 1030
f 1030 1086 1031
f 1031 1086 1032
f 1032 1086 1087
f 1032 1087 1033
f 1033 1087 1088
f 1033 1088 1089
f 1033 1089 1090
f 1033 1090 1091
f 1033 1091 1092
f 1033 1092 1093
f 1033 1093 1069
f 1034 1065 1094
f 1034 1094 1035
f 1035 1094 1095
f 1035 1095 1036
f 1036 1095 1037
f 1037 1096 1097
f 1037 1097 1098
f 1037 1098 1038
f 1037 1095 1096
f 1038 1098 1083
f 1039 1082 1099
f 1039 1099 1040
f 1041 1099 1100
f 1041 1100 1101
f 1041 1101 1042
f 1042 1101 1046
f 1043 1045 1102
f 1043 1102 1103
f 1043 1103 1044
f 1044 1103 1051
f 1045 1050 1102
f 1046 1101 1104
f 1046 1104 1047
f 1047 1104 1105
f 1047 1105 1106
f 1047 1106 1048
f 1048 1106 1107
f 1048 1107 1108
f 1048 1108 1049
f 1050 1108 1109
f 1050 1109 1102
f 1051 1103 1110
f 1051 1110 1052
f 1052 1111 1112
f 1052 1112 1053
f 1052 1110 1111
f 1053 1112 1113
f 1053 1113 1114
f 1053 1114 1054
f 1054 1114 1115
f 1054 1115 1055
f 1055 1115 1056
f 1056 1115 1116
f 1056 1116 1117
f 1056 1117 1057
f 1057 1117 1118
f 1057 1118 1059
f 1057 1059 1058
f 1059 1118 1119
f 1059 1119 1120
f 1059 1120 1121
f 1059 1121 1060
f 1060 1121 1061
f 1061 1121 1122
f 1061 1122 1123
f 1061 1123 1062
f 1062 1123 1063
f 1063 1124 1067
f 1063 1067 1066
f 1063 1123 1124
f 1065 1125 1094
f 1065 1068 1125
f 1067 1126 1127
f 1067 1127 1068
f 1067 1124 1126
f 1068 1127 1125
f 1069 1128 1129
f 1069 1129 1070
f 1069 1093 1128
f 1070 1129 1071
f 1071 1129 1130
f 1071 1130 1072
f 1072 1130 1073
f 1073 1130 1074
f 1074 1130 1131
f 1074 1131 1075
f 1075 1132 1076
f 1075 1131 1133
f 1075 1133 1134
f 1075 1134 1132
f 1076 1132 1135
f 1076 1135 1136
f 1076 1136 1077
f 1077 1136 1078
f 1078 1137 1138
f 1078 1136 1137
f 1079 1139 1140
f 1079 1140 1081
f 1081 1141 1142
f 1081 1142 1082
f 1081 1140 1141
f 1082 1142 1099
f 1083 1098 1143
f 1083 1143 1084
f 1084 1144 1145
f 1084 1145 1085
f 1084 1143 1144
f 1085 1145 1146
f 1085 1146 1148
f 1085 1148 1086
f 1086 1147 1087
f 1086 1148 1147
f 1087 1147 1149
f 1087 1149 1150
f 1087 1150 1088
f 1088 1150 1151
f 1088 1151 1089
f 1089 1151 1152
f 1089 1152 1153
f 1089 1153 1154
f 1089 1154 1090
f 1090 1154 1091
f 1091 1154 1155
f 1091 1155 1092
f 1092 1156 1093
f 1092 1155 1157
f 1092 1157 1156
f 1093 1156 1203
f 1093 1203 1128
f 1094 1158 1159
f 1094 1159 1095
f 1094 1125 1158
f 1095 1159 1096
f 1096 1160 1097
f 1096 1159 1160
f 1097 1161 1098
f 1097 1160 1161
f 1098 1161 1162
f 1098 1162 1163
f 1098 1163 1143
f 1099 1142 1100
f 1100 1142 1164
f 1100 1164 1165
f 1100 1165 1101
f 1101 1165 1166
f 1101 1166 1104
f 1102 1109 1167
f 1102 1167 1168
f 1102 1168 1169
f 1102 1169 1103
f 1103 1169 1110
f 1104 1170 1105
f 1104 1166 1171
f 1104 1171 1170
f 1105 1172 1173
f 1105 1173 1106
f 1105 1170 1174
f 1105 1174 1172
f 1106 1173 1107
f 1107 1173 1175
f 1107 1175 1108
f 1108 1175 1109
f 1109 1175 1167
f 1110 1169 1111
f 1111 1176 1112
f 1111 1169 1176
f 1112 1177 1113
f 1112 1176 1177
f 1113 1177 1178
f 1113 1178 1284
f 1113 1284 1179
f 1113 1179 1114
f 1114 1179 1180
f 1114 1180 1181
f 1114 1181 1115
f 1115 1181 1116
f 1116 1181 1117
f 1117 1181 1182
f 1117 1182 1183
f 1117 1183 1118
f 1118 1183 1119
f 1119 1184 1185
f 1119 1185 1120
f 1119 1183 1186
f 1119 1186 1187
f 1119 1187 1184
f 1120 1185 1188
f 1120 1188 1121
f 1121 1188 1122
f 1122 1188 1189
f 1122 1189 1190
f 1122 1190 1191
f 1122 1191 1123
f 1123 1191 1124
f 1124 1191 1190
f 1124 1190 1192
f 1124 1192 1193
f 1124 1193 1194
f 1124 1194 1195
f 1124 1195 1196
f 1124 1196 1197
f 1124 1197 1198
f 1124 1198 1199
f 1124 1199 1200
f 1124 1200 1126
f 1125 1127 1201
f 1125 1201 1202
f 1125 1202 1158
f 1126 1200 1201
f 1126 1201 1127
f 1128 1203 1129
f 1129 1204 1130
f 1129 1203 1205
f 1129 1205 1206
f 1129 1206 1204
f 1130 1204 1207
f 1130 1207 1131
f 1131 1208 1133
f 1131 1207 1209
f 1131 1209 1208
f 1132 1134 1208
f 1132 1208 1210
f 1132 1210 1211
f 1132 1211 1212
f 1132 1212 1213
f 1132 1213 1135
f 1133 1208 1134
f 1135 1214 1136
f 1135 1213 1214
f 1136 1214 1215
f 1136 1215 1137
f 1137 1215 1138
f 1138 1215 1217
f 1138 1217 1216
f 1139 1218 1140
f 1140 1218 1141
f 1141 1219 1142
f 1141 1218 1219
f 1142 1219 1164
f 1143 1163 1144
f 1144 1220 1221
f 1144 1221 1222
f 1144 1222 1145
f 1144 1163 1220
f 1145 1222 1223
f 1145 1223 1224
f 1145 1224 1146
f 1146 1224 1225
f 1146 1225 1229
f 1146 1229 1148
f 1147 1226 1149
f 1147 1148 1227
f 1147 1227 1228
f 1147 1228 1226
f 1148 1229 1227
f 1149 1226 1230
f 1149 1230 1231
f 1149 1231 1232
f 1149 1232 1150
f 1150 1232 1151
f 1151 1232 1233
f 1151 1233 1234
f 1151 1234 1152
f 1152 1235 1153
f 1152 1234 1235
f 1153 1236 1154
f 1153 1235 1236
f 1154 1236 1155
f 1155 1237 1157
f 1155 1236 1238
f 1155 1238 1237
f 1156 1157 1239
f 1156 1239 1356
f 1156 1356 1240
f 1156 1240 1241
f 1156 1241 1203
f 1157 1237 1242
f 1157 1242 1243
f 1157 1243 1239
f 1158 1244 1159
f 1158 1202 1244
f 1159 1244 1160
f 1160 1244 1245
f 1160 1245 1246
f 1160 1246 1247
f 1160 1247 1161
f 1161 1247 1248
f 1161 1248 1249
f 1161 1249 1162
f 1162 1250 1251
f 1162 1251 1220
f 1162 1220 1163
f 1162 1249 1250
f 1164 1219 1218
f 1164 1218 1252
f 1164 1252 1253
f 1164 1253 1254
f 1164 1254 1255
f 1164 1255 1256
f 1164 1256 1257
f 1164 1257 1258
f 1164 1258 1259
f 1164 1259 1165
f 1165 1259 1260
f 1165 1260 1166
f 1166 1260 1171
f 1167 1175 1261
f 1167 1261 1262
f 1167 1262 1263
f 1167 1263 1264
f 1167 1264 1168
f 1168 1264 1265
f 1168 1265 1169
f 1169 1265 1176
f 1170 1171 1174
f 1171 1260 1266
f 1171 1266 1267
f 1171 1267 1268
f 1171 1268 1269
f 1171 1269 1174
f 1172 1270 1173
f 1172 1174 1271
f 1172 1271 1272
f 1172 1272 1270
f 1173 1270 1175
f 1174 1269 1273
f 1174 1273 1274
f 1174 1274 1275
f 1174 1275 1271
f 1175 1270 1261
f 1176 1265 1276
f 1176 1276 1177
f 1177 1276 1277
f 1177 1277 1278
f 1177 1278 1178
f 1178 1278 1279
f 1178 1279 1280
f 1178 1280 1281
f 1178 1281 1282
f 1178 1282 1283
f 1178 1283 1284
f 1179 1284 1285
f 1179 1285 1286
f 1179 1286 1180
f 1180 1286 1181
f 1181 1286 1287
f 1181 1287 1182
f 1182 1287 1288
f 1182 1288 1289
f 1182 1289 1290
f 1182 1290 1291
f 1182 1291 1186
f 1182 1186 1183
f 1184 1292 1293
f 1184 1293 1185
f 1184 1187 1294
f 1184 1294 1292
f 1185 1293 1188
f 1186 1291 1295
f 1186 1295 1187
f 1187 1295 1393
f 1187 1393 1296
f 1187 1296 1297
f 1187 1297 1294
f 1188 1293 1298
f 1188 1298 1299
f 1188 1299 1300
f 1188 1300 1189
f 1189 1300 1301
f 1189 1301 1192
f 1189 1192 1190
f 1192 1301 1193
f 1193 1301 1194
f 1194 1301 1302
f 1194 1302 1195
f 1195 1302 1303
f 1195 1303 1196
f 1196 1303 1304
f 1196 1304 1197
f 1197 1304 1305
f 1197 1305 1198
f 1198 1305 1306
f 1198 1306 1307
f 1198 1307 1308
f 1198 1308 1309
f 1198 1309 1310
f 1198 1310 1311
f 1198 1311 1199
f 1199 1311 1200
f 1200 1311 1201
f 1201 1311 1202
f 1202 1311 1310
f 1202 1310 1312
f 1202 1312 1313
f 1202 1313 1244
f 1203 1241 1205
f 1204 1206 1314
f 1204 1314 1315
f 1204 1315 1316
f 1204 1316 1317
f 1204 1317 1209
f 1204 1209 1207
f 1205 1241 1318
f 1205 1318 1206
f 1206 1318 1319
f 1206 1319 1320
f 1206 1320 1321
f 1206 1321 1322
f 1206 1322 1314
f 1208 1209 1317
f 1208 1317 1323
f 1208 1323 1324
f 1208 1324 1210
f 1210 1324 1211
f 1211 1324 1212
f 1212 1324 1213
f 1213 1324 1325
f 1213 1325 1214
f 1214 1325 1326
f 1214 1326 1217
f 1214 1217 1215
f 1216 1217 1326
f 1216 1326 1327
f 1220 1251 1328
f 1220 1328 1329
f 1220 1329 1221
f 1221 1329 1330
f 1221 1330 1331
f 1221 1331 1332
f 1221 1332 1222
f 1222 1332 1223
f 1223 1332 1333
f 1223 1333 1334
f 1223 1334 1224
f 1224 1334 1225
f 1225 1334 1335
f 1225 1335 1339
f 1225 1339 1229
f 1226 1228 1336
f 1226 1336 1230
f 1227 1229 1337
f 1227 1337 1228
f 1228 1337 1338
f 1228 1338 1336
f 1229 1339 1337
f 1230 1340 1231
f 1230 1336 1341
f 1230 1341 1342
f 1230 1342 1340
f 1231 1343 1233
f 1231 1233 1232
f 1231 1340 1344
f 1231 1344 1343
f 1233 1343 1345
f 1233 1345 1346
f 1233 1346 1234
f 1234 1346 1347
f 1234 1347 1348
f 1234 1348 1235
f 1235 1348 1349
f 1235 1349 1236
f 1236 1349 1350
f 1236 1350 1238
f 1237 1238 1351
f 1237 1351 1352
f 1237 1352 1353
f 1237 1353 1242
f 1238 1350 1351
f 1239 1243 1354
f 1239 1354 1355
f 1239 1355 1356
f 1240 1356 1320
f 1240 1320 1241
f 1241 1320 1319
f 1241 1319 1318
f 1242 1353 1357
f 1242 1357 1358
f 1242 1358 1359
f 1242 1359 1243
f 1243 1359 1360
f 1243 1360 1361
f 1243 1361 1362
f 1243 1362 1354
f 1244 1313 1363
f 1244 1363 1245
f 1245 1363 1364
f 1245 1364 1246
f 1246 1365 1247
f 1246 1364 1365
f 1247 1365 1248
f 1248 1366 1367
f 1248 1367 1249
f 1248 1365 1366
f 1249 1367 1368
f 1249 1368 1250
f 1250 1368 1369
f 1250 1369 1370
f 1250 1370 1371
f 1250 1371 1251
f 1251 1371 1328
f 1261 1270 1262
f 1262 1270 1372
f 1262 1372 1373
f 1262 1373 1263
f 1263 1373 1374
f 1263 1374 1264
f 1264 1374 1265
f 1265 1374 1276
f 1266 1375 1376
f 1266 1376 1377
f 1266 1377 1378
f 1266 1378 1267
f 1267 1378 1268
f 1268 1379 1275
f 1268 1275 1274
f 1268 1274 1273
f 1268 1273 1269
f 1268 1378 1379
f 1270 1272 1372
f 1271 1275 1272
f 1272 1373 1372
f 1272 1275 1379
f 1272 1379 1380
f 1272 1380 1374
f 1272 1374 1373
f 1276 1374 1277
f 1277 1374 1278
f 1278 1374 1279
f 1279 1374 1280
f 1280 1374 1281
f 1281 1374 1282
f 1282 1374 1283
f 1283 1381 1285
f 1283 1285 1284
f 1283 1374 1382
f 1283 1382 1381
f 1285 1381 1286
f 1286 1381 1383
f 1286 1383 1287
f 1287 1383 1384
f 1287 1384 1385
f 1287 1385 1288
f 1288 1385 1289
f 1289 1385 1386
f 1289 1386 1387
f 1289 1387 1290
f 1290 1388 1389
f 1290 1389 1291
f 1290 1387 1386
f 1290 1386 1388
f 1291 1389 1295
f 1292 1298 1293
f 1292 1294 1298
f 1294 1297 1390
f 1294 1390 1391
f 1294 1391 1298
f 1295 1389 1392
f 1295 1392 1393
f 1296 1393 1394
f 1296 1394 1297
f 1297 1394 1395
f 1297 1395 1390
f 1298 1391 1299
f 1299 1391 1396
f 1299 1396 1397
f 1299 1397 1300
f 1300 1397 1301
f 1301 1397 1398
f 1301 1398 1390
f 1301 1390 1399
f 1301 1399 1302
f 1302 1399 1400
f 1302 1400 1401
f 1302 1401 1303
f 1303 1401 1304
f 1304 1401 1402
f 1304 1402 1403
f 1304 1403 1305
f 1305 1403 1306
f 1306 1403 1404
f 1306 1404 1405
f 1306 1405 1406
f 1306 1406 1307
f 1307 1406 1407
f 1307 1407 1308
f 1308 1407 1408
f 1308 1408 1309
f 1309 1408 1409
f 1309 1409 1410
f 1309 1410 1411
f 1309 1411 1313
f 1309 1313 1310
f 1310 1313 1312
f 1313 1411 1363
f 1314 1322 1419
f 1314 1419 1412
f 1314 1412 1413
f 1314 1413 1315
f 1315 1413 1316
f 1316 1413 1414
f 1316 1414 1415
f 1316 1415 1317
f 1317 1415 1323
f 1320 1356 1355
f 1320 1355 1416
f 1320 1416 1417
f 1320 1417 1321
f 1321 1417 1322
f 1322 1417 1418
f 1322 1418 1531
f 1322 1531 1419
f 1323 1415 1324
f 1324 1415 1420
f 1324 1420 1325
f 1325 1420 1421
f 1325 1421 1326
f 1326 1421 1422
f 1326 1422 1423
f 1326 1423 1424
f 1326 1424 1425
f 1326 1425 1327
f 1328 1371 1426
f 1328 1426 1329
f 1329 1426 1330
f 1330 1426 1427
f 1330 1427 1331
f 1331 1427 1428
f 1331 1428 1429
f 1331 1429 1332
f 1332 1429 1428
f 1332 1428 1333
f 1333 1428 1430
f 1333 1430 1334
f 1334 1430 1335
f 1335 1431 1432
f 1335 1432 1339
f 1335 1430 1431
f 1336 1338 1433
f 1336 1433 1434
f 1336 1434 1341
f 1337 1339 1435
f 1337 1435 1338
f 1338 1435 1433
f 1339 1432 1435
f 1340 1342 1436
f 1340 1436 1344
f 1341 1434 1437
f 1341 1437 1342
f 1342 1437 1436
f 1343 1344 1438
f 1343 1438 1345
f 1344 1436 1438
f 1345 1439 1346
f 1345 1438 1440
f 1345 1440 1439
f 1346 1441 1442
f 1346 1442 1347
f 1346 1439 1441
f 1347 1442 1443
f 1347 1443 1348
f 1348 1443 1444
f 1348 1444 1349
f 1349 1445 1446
f 1349 1446 1350
f 1349 1444 1445
f 1350 1446 1447
f 1350 1447 1351
f 1351 1447 1448
f 1351 1448 1449
f 1351 1449 1450
f 1351 1450 1352
f 1352 1451 1452
f 1352 1452 1353
f 1352 1450 1453
f 1352 1453 1451
f 1353 1452 1357
f 1354 1362 1454
f 1354 1454 1416
f 1354 1416 1355
f 1357 1452 1455
f 1357 1455 1358
f 1358 1455 1456
f 1358 1456 1457
f 1358 1457 1359
f 1359 1457 1458
f 1359 1458 1459
f 1359 1459 1460
f 1359 1460 1360
f 1360 1460 1361
f 1361 1460 1362
f 1362 1460 1454
f 1363 1411 1410
f 1363 1410 1364
f 1364 1410 1365
f 1365 1461 1462
f 1365 1462 1366
f 1365 1410 1463
f 1365 1463 1464
f 1365 1464 1461
f 1366 1462 1465
f 1366 1465 1466
f 1366 1466 1367
f 1367 1466 1467
f 1367 1467 1368
f 1368 1467 1369
f 1369 1468 1469
f 1369 1469 1370
f 1369 1467 1468
f 1370 1469 1470
f 1370 1470 1471
f 1370 1471 1371
f 1371 1471 1472
f 1371 1472 1473
f 1371 1473 1474
f 1371 1474 1475
f 1371 1475 1426
f 1374 1380 1379
f 1374 1379 1476
f 1374 1476 1477
f 1374 1477 1478
f 1374 1478 1479
f 1374 1479 1480
f 1374 1480 1481
f 1374 1481 1382
f 1375 1482 1376
f 1376 1482 1483
f 1376 1483 1484
f 1376 1484 1485
f 1376 1485 1486
f 1376 1486 1487
f 1376 1487 1377
f 1377 1487 1379
f 1377 1379 1378
f 1379 1487 1486
f 1379 1486 1476
f 1381 1382 1383
f 1382 1481 1488
f 1382 1488 1489
f 1382 1489 1490
f 1382 1490 1383
f 1383 1490 1489
f 1383 1489 1491
f 1383 1491 1384
f 1384 1491 1492
f 1384 1492 1385
f 1385 1493 1494
f 1385 1494 1386
f 1385 1492 1495
f 1385 1495 1496
f 1385 1496 1497
f 1385 1497 1493
f 1386 1494 1388
f 1388 1494 1498
f 1388 1498 1499
f 1388 1499 1389
f 1389 1499 1392
f 1390 1395 1400
f 1390 1400 1399
f 1390 1398 1396
f 1390 1396 1391
f 1392 1500 1501
f 1392 1501 1393
f 1392 1499 1500
f 1393 1501 1394
f 1394 1501 1502
f 1394 1502 1503
f 1394 1503 1504
f 1394 1504 1505
f 1394 1505 1395
f 1395 1505 1400
f 1396 1398 1397
f 1400 1505 1401
f 1401 1505 1506
f 1401 1506 1402
f 1402 1507 1508
f 1402 1508 1509
f 1402 1509 1403
f 1402 1506 1507
f 1403 1508 1510
f 1403 1510 1404
f 1403 1509 1508
f 1404 1510 1405
f 1405 1510 1406
f 1406 1511 1407
f 1406 1510 1512
f 1406 1512 1511
f 1407 1511 1513
f 1407 1513 1514
f 1407 1514 1515
f 1407 1515 1408
f 1408 1515 1409
f 1409 1516 1517
f 1409 1517 1518
f 1409 1518 1410
f 1409 1515 1516
f 1410 1518 1519
f 1410 1519 1520
f 1410 1520 1463
f 1412 1419 1521
f 1412 1521 1522
f 1412 1522 1523
f 1412 1523 1413
f 1413 1523 1524
f 1413 1524 1414
f 1414 1524 1525
f 1414 1525 1415
f 1415 1525 1526
f 1415 1526 1420
f 1416 1454 1417
f 1417 1454 1460
f 1417 1460 1527
f 1417 1527 1418
f 1418 1527 1528
f 1418 1528 1529
f 1418 1529 1530
f 1418 1530 1531
f 1419 1531 1532
f 1419 1532 1533
f 1419 1533 1521
f 1420 1526 1534
f 1420 1534 1535
f 1420 1535 1421
f 1421 1535 1422
f 1422 1536 1537
f 1422 1535 1536
f 1426 1475 1538
f 1426 1538 1539
f 1426 1539 1427
f 1427 1540 1541
f 1427 1541 1542
f 1427 1542 1428
f 1427 1539 1543
f 1427 1543 1540
f 1428 1542 1430
f 1430 1542 1544
f 1430 1544 1431
f 1431 1545 1546
f 1431 1546 1432
f 1431 1544 1545
f 1432 1546 1547
f 1432 1547 1548
f 1432 1548 1435
f 1433 1435 1549
f 1433 1549 1437
f 1433 1437 1434
f 1435 1548 1549
f 1436 1437 1550
f 1436 1550 1551
f 1436 1551 1552
f 1436 1552 1553
f 1436 1553 1438
f 1437 1549 1554
f 1437 1554 1555
f 1437 1555 1556
f 1437 1556 1550
f 1438 1553 1557
f 1438 1557 1558
f 1438 1558 1559
f 1438 1559 1440
f 1439 1440 1560
f 1439 1560 1561
f 1439 1561 1562
f 1439 1562 1441
f 1440 1559 1697
f 1440 1697 1560
f 1441 1562 1442
f 1442 1562 1563
f 1442 1563 1564
f 1442 1564 1443
f 1443 1564 1565
f 1443 1565 1566
f 1443 1566 1567
f 1443 1567 1444
f 1444 1567 1445
f 1445 1568 1446
f 1445 1567 1568
f 1446 1568 1569
f 1446 1569 1447
f 1447 1569 1570
f 1447 1570 1449
f 1447 1449 1448
f 1449 1570 1571
f 1449 1571 1450
f 1450 1571 1572
f 1450 1572 1453
f 1451 1453 1572
f 1451 1572 1455
f 1451 1455 1452
f 1455 1573 1574
f 1455 1574 1575
f 1455 1575 1576
f 1455 1576 1577
f 1455 1577 1456
f 1455 1572 1571
f 1455 1571 1578
f 1455 1578 1579
f 1455 1579 1580
f 1455 1580 1581
f 1455 1581 1582
f 1455 1582 1583
f 1455 1583 1573
f 1456 1577 1457
f 1457 1577 1584
f 1457 1584 1458
f 1458 1584 1459
f 1459 1584 1527
f 1459 1527 1460
f 1461 1464 1585
f 1461 1585 1462
f 1462 1586 1465
f 1462 1585 1586
f 1463 1587 1588
f 1463 1588 1464
f 1463 1520 1589
f 1463 1589 1590
f 1463 1590 1587
f 1464 1588 1585
f 1465 1586 1591
f 1465 1591 1466
f 1466 1592 1593
f 1466 1593 1467
f 1466 1591 1592
f 1467 1593 1594
f 1467 1594 1468
f 1468 1594 1595
f 1468 1595 1469
f 1469 1595 1596
f 1469 1596 1470
f 1470 1596 1597
f 1470 1597 1598
f 1470 1598 1599
f 1470 1599 1472
f 1470 1472 1471
f 1472 1599 1600
f 1472 1600 1601
f 1472 1601 1473
f 1473 1601 1474
f 1474 1601 1602
f 1474 1602 1475
f 1475 1602 1603
f 1475 1603 1538
f 1476 1480 1479
f 1476 1479 1478
f 1476 1478 1477
f 1476 1486 1485
f 1476 1485 1604
f 1476 1604 1480
f 1480 1604 1605
f 1480 1605 1606
f 1480 1606 1481
f 1481 1606 1607
f 1481 1607 1608
f 1481 1608 1620
f 1481 1620 1488
f 1482 1537 1483
f 1483 1537 1609
f 1483 1609 1610
f 1483 1610 1484
f 1484 1610 1611
f 1484 1611 1612
f 1484 1612 1613
f 1484 1613 1614
f 1484 1614 1615
f 1484 1615 1616
f 1484 1616 1617
f 1484 1617 1485
f 1485 1617 1618
f 1485 1618 1619
f 1485 1619 1604
f 1488 1620 1607
f 1488 1607 1621
f 1488 1621 1622
f 1488 1622 1623
f 1488 1623 1489
f 1489 1623 1624
f 1489 1624 1491
f 1491 1624 1492
f 1492 1624 1625
f 1492 1625 1495
f 1493 1497 1626
f 1493 1626 1625
f 1493 1625 1494
f 1494 1625 1627
f 1494 1627 1498
f 1495 1625 1496
f 1496 1625 1497
f 1497 1625 1626
f 1498 1628 1499
f 1498 1627 1629
f 1498 1629 1628
f 1499 1628 1630
f 1499 1630 1500
f 1500 1631 1501
f 1500 1630 1631
f 1501 1631 1632
f 1501 1632 1633
f 1501 1633 1502
f 1502 1633 1503
f 1503 1633 1634
f 1503 1634 1635
f 1503 1635 1636
f 1503 1636 1637
f 1503 1637 1638
f 1503 1638 1504
f 1504 1638 1505
f 1505 1638 1506
f 1506 1638 1637
f 1506 1637 1639
f 1506 1639 1640
f 1506 1640 1507
f 1507 1640 1639
f 1507 1639 1641
f 1507 1641 1508
f 1508 1642 1643
f 1508 1643 1512
f 1508 1512 1510
f 1508 1641 1642
f 1511 1512 1643
f 1511 1643 1513
f 1513 1644 1645
f 1513 1645 1514
f 1513 1643 1644
f 1514 1645 1646
f 1514 1646 1647
f 1514 1647 1515
f 1515 1647 1648
f 1515 1648 1516
f 1516 1648 1649
f 1516 1649 1650
f 1516 1650 1517
f 1517 1650 1589
f 1517 1589 1519
f 1517 1519 1518
f 1519 1589 1520
f 1521 1533 1651
f 1521 1651 1652
f 1521 1652 1522
f 1522 1653 1654
f 1522 1654 1655
f 1522 1655 1656
f 1522 1656 1523
f 1522 1652 1653
f 1523 1656 1524
f 1524 1656 1657
f 1524 1657 1525
f 1525 1657 1658
f 1525 1658 1659
f 1525 1659 1526
f 1526 1659 1534
f 1527 1584 1528
f 1528 1584 1660
f 1528 1660 1529
f 1529 1660 1661
f 1529 1661 1805
f 1529 1805 1662
f 1529 1662 1663
f 1529 1663 1530
f 1530 1663 1664
f 1530 1664 1532
f 1530 1532 1531
f 1532 1664 1665
f 1532 1665 1651
f 1532 1651 1533
f 1534 1659 1666
f 1534 1666 1667
f 1534 1667 1536
f 1534 1536 1535
f 1536 1668 1669
f 1536 1669 1670
f 1536 1670 1537
f 1536 1667 1671
f 1536 1671 1666
f 1536 1666 1672
f 1536 1672 1668
f 1537 1670 1673
f 1537 1673 1609
f 1538 1603 1674
f 1538 1674 1539
f 1539 1674 1543
f 1540 1543 1675
f 1540 1675 1676
f 1540 1676 1677
f 1540 1677 1541
f 1541 1677 1678
f 1541 1678 1542
f 1542 1678 1544
f 1543 1674 1675
f 1544 1679 1680
f 1544 1680 1545
f 1544 1678 1681
f 1544 1681 1679
f 1545 1680 1546
f 1546 1680 1682
f 1546 1682 1683
f 1546 1683 1829
f 1546 1829 1684
f 1546 1684 1547
f 1547 1684 1685
f 1547 1685 1686
f 1547 1686 1548
f 1548 1686 1687
f 1548 1687 1549
f 1549 1687 1554
f 1550 1556 1688
f 1550 1688 1551
f 1551 1688 1689
f 1551 1689 1552
f 1552 1690 1691
f 1552 1691 1553
f 1552 1689 1690
f 1553 1691 1557
f 1554 1692 1555
f 1554 1687 1692
f 1555 1693 1694
f 1555 1694 1556
f 1555 1692 1693
f 1556 1694 1688
f 1557 1691 1695
f 1557 1695 1558
f 1558 1695 1696
f 1558 1696 1697
f 1558 1697 1559
f 1560 1697 1698
f 1560 1698 1699
f 1560 1699 1561
f 1561 1699 1562
f 1562 1699 1700
f 1562 1700 1563
f 1563 1700 1701
f 1563 1701 1702
f 1563 1702 1703
f 1563 1703 1564
f 1564 1703 1565
f 1565 1703 1704
f 1565 1704 1705
f 1565 1705 1566
f 1566 1705 1706
f 1566 1706 1567
f 1567 1706 1707
f 1567 1707 1708
f 1567 1708 1709
f 1567 1709 1710
f 1567 1710 1568
f 1568 1710 1711
f 1568 1711 1712
f 1568 1712 1713
f 1568 1713 1570
f 1568 1570 1569
f 1570 1714 1715
f 1570 1715 1571
f 1570 1713 1714
f 1571 1715 1716
f 1571 1716 1717
f 1571 1717 1718
f 1571 1718 1578
f 1573 1583 1719
f 1573 1719 1720
f 1573 1720 1721
f 1573 1721 1574
f 1574 1721 1575
f 1575 1721 1722
f 1575 1722 1576
f 1576 1722 1577
f 1577 1722 1660
f 1577 1660 1584
f 1578 1718 1723
f 1578 1723 1579
f 1579 1723 1580
f 1580 1723 1724
f 1580 1724 1581
f 1581 1724 1725
f 1581 1725 1726
f 1581 1726 1582
f 1582 1726 1719
f 1582 1719 1583
f 1585 1588 1727
f 1585 1727 1728
f 1585 1728 1729
f 1585 1729 1586
f 1586 1729 1591
f 1587 1730 1588
f 1587 1590 1730
f 1588 1730 1727
f 1589 1731 1730
f 1589 1730 1590
f 1589 1650 1731
f 1591 1729 1732
f 1591 1732 1592
f 1592 1733 1734
f 1592 1734 1593
f 1592 1732 1733
f 1593 1734 1735
f 1593 1735 1594
f 1594 1735 1736
f 1594 1736 1595
f 1595 1736 1737
f 1595 1737 1596
f 1596 1737 1597
f 1597 1737 1738
f 1597 1738 1739
f 1597 1739 1740
f 1597 1740 1598
f 1598 1740 1741
f 1598 1741 1599
f 1599 1741 1600
f 1600 1741 1742
f 1600 1742 1601
f 1601 1742 1602
f 1602 1742 1743
f 1602 1743 1744
f 1602 1744 1603
f 1603 1744 1745
f 1603 1745 1674
f 1604 1619 1605
f 1605 1619 1746
f 1605 1746 1606
f 1606 1746 1747
f 1606 1747 1607
f 1607 1620 1608
f 1607 1747 1621
f 1609 1673 1748
f 1609 1748 1610
f 1610 1748 1611
f 1611 1748 1612
f 1612 1748 1749
f 1612 1749 1750
f 1612 1750 1751
f 1612 1751 1752
f 1612 1752 1613
f 1613 1752 1753
f 1613 1753 1614
f 1614 1754 1755
f 1614 1755 1756
f 1614 1756 1615
f 1614 1753 1757
f 1614 1757 1754
f 1615 1756 1758
f 1615 1758 1616
f 1616 1758 1759
f 1616 1759 1760
f 1616 1760 1761
f 1616 1761 1617
f 1617 1761 1762
f 1617 1762 1763
f 1617 1763 1764
f 1617 1764 1765
f 1617 1765 1618
f 1618 1765 1766
f 1618 1766 1619
f 1619 1766 1767
f 1619 1767 1768
f 1619 1768 1769
f 1619 1769 1746
f 1621 1747 1622
f 1622 1747 1770
f 1622 1770 1623
f 1623 1770 1624
f 1624 1770 1771
f 1624 1771 1625
f 1625 1771 1627
f 1627 1771 1629
f 1628 1629 1772
f 1628 1772 1773
f 1628 1773 1630
f 1629 1771 1774
f 1629 1774 1772
f 1630 1775 1776
f 1630 1776 1632
f 1630 1632 1631
f 1630 1773 1774
f 1630 1774 1777
f 1630 1777 1778
f 1630 1778 1779
f 1630 1779 1780
f 1630 1780 1781
f 1630 1781 1775
f 1632 1776 1634
f 1632 1634 1633
f 1634 1776 1635
f 1635 1776 1636
f 1636 1776 1775
f 1636 1775 1782
f 1636 1782 1783
f 1636 1783 1784
f 1636 1784 1637
f 1637 1784 1783
f 1637 1783 1639
f 1639 1783 1641
f 1641 1783 1785
f 1641 1785 1642
f 1642 1785 1786
f 1642 1786 1787
f 1642 1787 1643
f 1643 1787 1788
f 1643 1788 1644
f 1644 1788 1645
f 1645 1789 1646
f 1645 1788 1789
f 1646 1790 1791
f 1646 1791 1792
f 1646 1792 1793
f 1646 1793 1649
f 1646 1649 1648
f 1646 1648 1647
f 1646 1789 1788
f 1646 1788 1790
f 1649 1793 1650
f 1650 1793 1794
f 1650 1794 1731
f 1651 1665 1795
f 1651 1795 1796
f 1651 1796 1652
f 1652 1796 1653
f 1653 1797 1654
f 1653 1796 1797
f 1654 1797 1798
f 1654 1798 1655
f 1655 1798 1799
f 1655 1799 1656
f 1656 1799 1800
f 1656 1800 1657
f 1657 1800 1658
f 1658 1800 1801
f 1658 1801 1802
f 1658 1802 1803
f 1658 1803 1659
f 1659 1803 1666
f 1660 1722 1804
f 1660 1804 1661
f 1661 1804 1805
f 1662 1805 1806
f 1662 1806 1807
f 1662 1807 1663
f 1663 1808 1664
f 1663 1807 1809
f 1663 1809 1808
f 1664 1808 1665
f 1665 1808 1979
f 1665 1979 1810
f 1665 1810 1795
f 1666 1811 1672
f 1666 1671 1667
f 1666 1803 1812
f 1666 1812 1811
f 1668 1672 1813
f 1668 1813 1669
f 1669 1813 1672
f 1669 1672 1814
f 1669 1814 1815
f 1669 1815 1748
f 1669 1748 1673
f 1669 1673 1670
f 1672 1811 1816
f 1672 1816 1814
f 1674 1745 1675
f 1675 1817 1818
f 1675 1818 1676
f 1675 1745 1817
f 1676 1818 1819
f 1676 1819 1677
f 1677 1819 1678
f 1678 1819 1681
f 1679 1681 1820
f 1679 1820 1985
f 1679 1985 1821
f 1679 1821 1680
f 1680 1821 1682
f 1681 1819 1984
f 1681 1984 1820
f 1682 1821 1822
f 1682 1822 1823
f 1682 1823 1824
f 1682 1824 1825
f 1682 1825 1683
f 1683 1825 1826
f 1683 1826 1827
f 1683 1827 1828
f 1683 1828 1829
f 1684 1829 1830
f 1684 1830 1685
f 1685 1830 1996
f 1685 1996 1831
f 1685 1831 1832
f 1685 1832 1686
f 1686 1832 1692
f 1686 1692 1687
f 1688 1694 1833
f 1688 1833 1689
f 1689 1833 1834
f 1689 1834 1690
f 1690 1834 1835
f 1690 1835 1691
f 1691 1835 1836
f 1691 1836 1837
f 1691 1837 1695
f 1692 1832 1693
f 1693 1832 1838
f 1693 1838 1694
f 1694 1838 1839
f 1694 1839 1833
f 1695 1837 1840
f 1695 1840 1696
f 1696 1840 1697
f 1697 1840 1841
f 1697 1841 1698
f 1698 1842 1844
f 1698 1844 1699
f 1698 1841 1843
f 1698 1843 1842
f 1699 1844 1700
f 1700 1845 1701
f 1700 1844 1845
f 1701 1845 1846
f 1701 1846 1847
f 1701 1847 1702
f 1702 1847 1848
f 1702 1848 1704
f 1702 1704 1703
f 1704 1848 1705
f 1705 1849 1850
f 1705 1850 1851
f 1705 1851 1706
f 1705 1848 1849
f 1706 1851 1707
f 1707 1851 1708
f 1708 1851 1709
f 1709 1851 1852
f 1709 1852 1853
f 1709 1853 1710
f 1710 1853 1854
f 1710 1854 1711
f 1711 1854 1712
f 1712 1854 1713
f 1713 1854 1855
f 1713 1855 1856
f 1713 1856 1857
f 1713 1857 1714
f 1714 1857 1858
f 1714 1858 1715
f 1715 1858 1716
f 1716 1858 1859
f 1716 1859 1860
f 1716 1860 1717
f 1717 1860 1861
f 1717 1861 1862
f 1717 1862 1718
f 1718 1862 1723
f 1719 1863 1864
f 1719 1864 1720
f 1719 1726 1865
f 1719 1865 1863
f 1720 1864 1866
f 1720 1866 1721
f 1721 1866 1867
f 1721 1867 1722
f 1722 1867 1804
f 1723 1862 1868
f 1723 1868 1869
f 1723 1869 1724
f 1724 1869 1870
f 1724 1870 1725
f 1725 1870 1726
f 1726 1871 1865
f 1726 1870 1871
f 1727 1730 1872
f 1727 1872 1873
f 1727 1873 1874
f 1727 1874 1728
f 1728 1874 1875
f 1728 1875 1729
f 1729 1875 1732
f 1730 1731 1794
f 1730 1794 1872
f 1732 1875 1876
f 1732 1876 1877
f 1732 1877 1733
f 1733 1877 1878
f 1733 1878 1879
f 1733 1879 1734
f 1734 1879 1880
f 1734 1880 1735
f 1735 1880 1881
f 1735 1881 1736
f 1736 1881 1882
f 1736 1882 1737
f 1737 1882 1738
f 1738 1882 1883
f 1738 1883 1884
f 1738 1884 1739
f 1739 1884 1885
f 1739 1885 1740
f 1740 1885 1886
f 1740 1886 1887
f 1740 1887 1742
f 1740 1742 1741
f 1742 1887 1743
f 1743 1887 1888
f 1743 1888 1889
f 1743 1889 1890
f 1743 1890 1891
f 1743 1891 1744
f 1744 1892 1745
f 1744 1891 2056
f 1744 2056 1892
f 1745 1892 1893
f 1745 1893 1894
f 1745 1894 1817
f 1746 1769 1747
f 1747 1769 1770
f 1748 1815 1816
f 1748 1816 1895
f 1748 1895 1749
f 1749 1896 1752
f 1749 1752 1751
f 1749 1751 1897
f 1749 1897 1898
f 1749 1898 1750
f 1749 1895 1899
f 1749 1899 1900
f 1749 1900 1901
f 1749 1901 1902
f 1749 1902 1903
f 1749 1903 1904
f 1749 1904 1905
f 1749 1905 1906
f 1749 1906 1907
f 1749 1907 1908
f 1749 1908 1896
f 1750 1898 1897
f 1750 1897 1751
f 1752 1896 1909
f 1752 1909 1910
f 1752 1910 1753
f 1753 1910 1911
f 1753 1911 1757
f 1754 1912 1913
f 1754 1913 1914
f 1754 1914 1755
f 1754 1757 1912
f 1755 1914 1915
f 1755 1915 1916
f 1755 1916 1756
f 1756 1917 1918
f 1756 1918 1758
f 1756 1916 1917
f 1757 1911 1912
f 1758 1919 1920
f 1758 1920 1921
f 1758 1921 1759
f 1758 1918 1919
f 1759 1921 1922
f 1759 1922 1923
f 1759 1923 1760
f 1760 1923 1761
f 1761 1923 1924
f 1761 1924 1762
f 1762 1924 1925
f 1762 1925 1926
f 1762 1926 1763
f 1763 1927 1764
f 1763 1926 1927
f 1764 1928 1765
f 1764 1927 1928
f 1765 1928 1929
f 1765 1929 1930
f 1765 1930 1931
f 1765 1931 1766
f 1766 1932 1767
f 1766 1931 1933
f 1766 1933 1932
f 1767 1934 1768
f 1767 1932 1935
f 1767 1935 1934
f 1768 1934 1936
f 1768 1936 1769
f 1769 1936 1771
f 1769 1771 1770
f 1771 1936 1774
f 1772 1774 1773
f 1774 1936 1937
f 1774 1937 1777
f 1775 1781 1938
f 1775 1938 1782
f 1777 1937 1778
f 1778 1937 1939
f 1778 1939 1779
f 1779 1939 1940
f 1779 1940 1780
f 1780 1941 1942
f 1780 1942 1943
f 1780 1943 1944
f 1780 1944 1945
f 1780 1945 1946
f 1780 1946 1947
f 1780 1947 1948
f 1780 1948 1949
f 1780 1949 1781
f 1780 1940 1941
f 1781 1949 1950
f 1781 1950 1938
f 1782 1938 1783
f 1783 1938 1785
f 1785 1938 1951
f 1785 1951 1952
f 1785 1952 1953
f 1785 1953 1786
f 1786 1953 1787
f 1787 1953 1947
f 1787 1947 1954
f 1787 1954 1955
f 1787 1955 1788
f 1788 1955 1790
f 1790 1956 1957
f 1790 1957 1791
f 1790 1955 1958
f 1790 1958 1956
f 1791 1957 1959
f 1791 1959 1960
f 1791 1960 1961
f 1791 1961 1962
f 1791 1962 1792
f 1792 1962 1793
f 1793 1962 1963
f 1793 1963 1794
f 1794 1963 1964
f 1794 1964 1872
f 1795 1810 1965
f 1795 1965 1966
f 1795 1966 1967
f 1795 1967 1796
f 1796 1967 1968
f 1796 1968 1797
f 1797 1968 1969
f 1797 1969 1798
f 1798 1969 1799
f 1799 1969 1800
f 1800 1969 1970
f 1800 1970 1971
f 1800 1971 1801
f 1801 1971 1802
f 1802 1971 1972
f 1802 1972 1812
f 1802 1812 1803
f 1804 1867 1973
f 1804 1973 1974
f 1804 1974 1805
f 1805 1974 1806
f 1806 1974 1973
f 1806 1973 1975
f 1806 1975 1976
f 1806 1976 1977
f 1806 1977 1978
f 1806 1978 1807
f 1807 1978 1809
f 1808 1809 1979
f 1809 1978 1979
f 1810 1979 1980
f 1810 1980 1965
f 1811 1812 1981
f 1811 1981 1982
f 1811 1982 1895
f 1811 1895 1816
f 1812 1972 2160
f 1812 2160 1981
f 1814 1816 1815
f 1817 1894 1983
f 1817 1983 1818
f 1818 1983 1984
f 1818 1984 1819
f 1820 1984 1985
f 1821 1985 1822
f 1822 1985 1986
f 1822 1986 1823
f 1823 1986 1987
f 1823 1987 1988
f 1823 1988 1989
f 1823 1989 1824
f 1824 1989 1990
f 1824 1990 1825
f 1825 1990 1991
f 1825 1991 1826
f 1826 1991 1992
f 1826 1992 1827
f 1827 1992 1828
f 1828 1992 1993
f 1828 1993 1994
f 1828 1994 1830
f 1828 1830 1829
f 1830 1994 1995
f 1830 1995 1996
f 1831 1996 1997
f 1831 1997 1998
f 1831 1998 1838
f 1831 1838 1832
f 1833 1999 2000
f 1833 2000 2001
f 1833 2001 1834
f 1833 1839 1999
f 1834 2001 1835
f 1835 2002 2003
f 1835 2003 1836
f 1835 2001 2004
f 1835 2004 2002
f 1836 2003 2005
f 1836 2005 1837
f 1837 2005 1840
f 1838 1998 1839
f 1839 1998 1999
f 1840 2005 2006
f 1840 2006 1841
f 1841 2006 1843
f 1842 2007 1844
f 1842 1843 2008
f 1842 2008 2009
f 1842 2009 2007
f 1843 2006 2010
f 1843 2010 2008
f 1844 2007 2011
f 1844 2011 1845
f 1845 2012 1846
f 1845 2011 2012
f 1846 2012 2013
f 1846 2013 2014
f 1846 2014 1847
f 1847 2015 2016
f 1847 2016 1848
f 1847 2014 2015
f 1848 2016 2017
f 1848 2017 1849
f 1849 2017 2018
f 1849 2018 1850
f 1850 2018 1851
f 1851 2018 2019
f 1851 2019 2020
f 1851 2020 2021
f 1851 2021 1852
f 1852 2020 2022
f 1852 2022 1853
f 1852 2021 2020
f 1853 2022 1854
f 1854 2022 1855
f 1855 2023 1856
f 1855 2022 2023
f 1856 2023 1857
f 1857 2024 1858
f 1857 2023 2024
f 1858 2024 2025
f 1858 2025 1859
f 1859 2026 1860
f 1859 2025 2026
f 1860 2026 2027
f 1860 2027 2028
f 1860 2028 1861
f 1861 2028 1862
f 1862 2029 1868
f 1862 2028 2030
f 1862 2030 2029
f 1863 2031 1866
f 1863 1866 1864
f 1863 1865 2032
f 1863 2032 2031
f 1865 1871 2032
f 1866 2031 2033
f 1866 2033 2034
f 1866 2034 1867
f 1867 2034 2033
f 1867 2033 2035
f 1867 2035 1973
f 1868 2029 2036
f 1868 2036 2037
f 1868 2037 1869
f 1869 2037 2038
f 1869 2038 1870
f 1870 2038 2039
f 1870 2039 1871
f 1871 2039 2040
f 1871 2040 2032
f 1872 1964 2041
f 1872 2041 2042
f 1872 2042 2043
f 1872 2043 1873
f 1873 2043 1874
f 1874 2043 1875
f 1875 2043 1876
f 1876 2043 2044
f 1876 2044 2045
f 1876 2045 1877
f 1877 2045 1878
f 1878 2045 2046
f 1878 2046 2047
f 1878 2047 1879
f 1879 2047 1880
f 1880 2047 2046
f 1880 2046 2048
f 1880 2048 1881
f 1881 2048 2049
f 1881 2049 1882
f 1882 2049 1883
f 1883 2049 2050
f 1883 2050 2051
f 1883 2051 1884
f 1884 2051 1885
f 1885 2052 2053
f 1885 2053 1888
f 1885 1888 1886
f 1885 2051 2052
f 1886 1888 1887
f 1888 2053 1889
f 1889 2053 2054
f 1889 2054 2055
f 1889 2055 2056
f 1889 2056 1890
f 1890 2056 1891
f 1892 2056 1893
f 1893 2056 2057
f 1893 2057 2058
f 1893 2058 2059
f 1893 2059 2060
f 1893 2060 1894
f 1894 2060 1983
f 1895 1982 1899
f 1896 2061 2062
f 1896 2062 1909
f 1896 1908 2063
f 1896 2063 2064
f 1896 2064 2065
f 1896 2065 2066
f 1896 2066 2061
f 1899 1982 1900
f 1900 2067 1901
f 1900 1982 2067
f 1901 2067 2068
f 1901 2068 2069
f 1901 2069 1902
f 1902 2069 2070
f 1902 2070 1903
f 1903 2070 2071
f 1903 2071 1904
f 1904 2071 1905
f 1905 2071 2072
f 1905 2072 1906
f 1906 2072 2073
f 1906 2073 1907
f 1907 2073 1908
f 1908 2073 2063
f 1909 2062 2074
f 1909 2074 2075
f 1909 2075 1910
f 1910 2075 1911
f 1911 2076 1912
f 1911 2075 2074
f 1911 2074 2077
f 1911 2077 2078
f 1911 2078 2076
f 1912 2076 2079
f 1912 2079 1913
f 1913 2079 2080
f 1913 2080 2081
f 1913 2081 2082
f 1913 2082 2083
f 1913 2083 1914
f 1914 2083 2084
f 1914 2084 2085
f 1914 2085 2086
f 1914 2086 2087
f 1914 2087 2088
f 1914 2088 2089
f 1914 2089 1915
f 1915 2090 1916
f 1915 2089 2091
f 1915 2091 2092
f 1915 2092 2090
f 1916 2090 1917
f 1917 2090 2093
f 1917 2093 2094
f 1917 2094 2095
f 1917 2095 2096
f 1917 2096 1918
f 1918 2096 2097
f 1918 2097 1919
f 1919 2097 2098
f 1919 2098 2099
f 1919 2099 2100
f 1919 2100 2101
f 1919 2101 2102
f 1919 2102 1920
f 1920 2102 2103
f 1920 2103 2104
f 1920 2104 2105
f 1920 2105 2106
f 1920 2106 2107
f 1920 2107 2108
f 1920 2108 1921
f 1921 2108 2109
f 1921 2109 2110
f 1921 2110 1922
f 1922 2111 1923
f 1922 2110 2112
f 1922 2112 2111
f 1923 2111 2113
f 1923 2113 1924
f 1924 2113 1925
f 1925 2114 1926
f 1925 2113 2114
f 1926 2114 2115
f 1926 2115 1927
f 1927 2115 2116
f 1927 2116 2117
f 1927 2117 1928
f 1928 2118 1929
f 1928 2117 2119
f 1928 2119 2120
f 1928 2120 2118
f 1929 2121 1930
f 1929 2118 2122
f 1929 2122 2123
f 1929 2123 2121
f 1930 2121 2124
f 1930 2124 2125
f 1930 2125 2126
f 1930 2126 2127
f 1930 2127 2128
f 1930 2128 1931
f 1931 2128 1933
f 1932 1933 2129
f 1932 2129 1935
f 1933 2128 2130
f 1933 2130 2131
f 1933 2131 2132
f 1933 2132 2133
f 1933 2133 2129
f 1934 2134 2135
f 1934 2135 2136
f 1934 2136 1936
f 1934 1935 2137
f 1934 2137 2138
f 1934 2138 2139
f 1934 2139 2140
f 1934 2140 2141
f 1934 2141 2134
f 1935 2129 2142
f 1935 2142 2143
f 1935 2143 2144
f 1935 2144 2137
f 1936 2145 1937
f 1936 2136 2145
f 1937 2145 2146
f 1937 2146 1940
f 1937 1940 1939
f 1938 1950 1951
f 1940 2146 1941
f 1941 2146 2147
f 1941 2147 1942
f 1942 2147 1943
f 1943 2147 2148
f 1943 2148 2149
f 1943 2149 1944
f 1944 2150 2151
f 1944 2151 1957
f 1944 1957 1956
f 1944 1956 2152
f 1944 2152 1945
f 1944 2149 2153
f 1944 2153 2154
f 1944 2154 2150
f 1945 2152 1946
f 1946 1954 1947
f 1946 2152 2155
f 1946 2155 1954
f 1947 1953 1948
f 1948 1953 1952
f 1948 1952 1949
f 1949 1952 1951
f 1949 1951 1950
f 1954 2155 1955
f 1955 2155 2152
f 1955 2152 1958
f 1956 1958 2152
f 1957 2151 1959
f 1959 2151 1960
f 1960 2151 2156
f 1960 2156 1961
f 1961 2156 2157
f 1961 2157 1964
f 1961 1964 1963
f 1961 1963 1962
f 1964 2157 2041
f 1965 1980 2158
f 1965 2158 2159
f 1965 2159 2073
f 1965 2073 1966
f 1966 2073 2072
f 1966 2072 2071
f 1966 2071 2070
f 1966 2070 1967
f 1967 2070 2069
f 1967 2069 1968
f 1968 2069 1969
f 1969 2069 2068
f 1969 2068 2067
f 1969 2067 1970
f 1970 2067 1971
f 1971 2067 1972
f 1972 2067 2160
f 1973 2035 2161
f 1973 2161 2162
f 1973 2162 2163
f 1973 2163 1975
f 1975 2163 2164
f 1975 2164 1976
f 1976 2165 2166
f 1976 2166 1977
f 1976 2164 2296
f 1976 2296 2165
f 1977 2166 1978
f 1978 2166 2167
f 1978 2167 1979
f 1979 2167 1980
f 1980 2167 2158
f 1981 2160 1982
f 1982 2160 2067
f 1983 2060 1984
f 1984 2060 2059
f 1984 2059 2168
f 1984 2168 1985
f 1985 2168 2169
f 1985 2169 1986
f 1986 2169 2170
f 1986 2170 1987
f 1987 2170 2171
f 1987 2171 1988
f 1988 2171 2172
f 1988 2172 2173
f 1988 2173 1989
f 1989 2173 2174
f 1989 2174 1990
f 1990 2174 2175
f 1990 2175 2176
f 1990 2176 1991
f 1991 2176 2177
f 1991 2177 1992
f 1992 2177 2178
f 1992 2178 1993
f 1993 2178 2179
f 1993 2179 2180
f 1993 2180 1994
f 1994 2180 1995
f 1995 1997 1996
f 1995 2180 2181
f 1995 2181 2182
f 1995 2182 2183
f 1995 2183 2184
f 1995 2184 2185
f 1995 2185 1997
f 1997 2185 2000
f 1997 2000 1999
f 1997 1999 1998
f 2000 2185 2004
f 2000 2004 2001
f 2002 2004 2186
f 2002 2186 2003
f 2003 2187 2188
f 2003 2188 2005
f 2003 2186 2187
f 2004 2189 2186
f 2004 2185 2189
f 2005 2188 2006
f 2006 2188 2010
f 2007 2190 2011
f 2007 2009 2190
f 2008 2010 2188
f 2008 2188 2191
f 2008 2191 2192
f 2008 2192 2009
f 2009 2192 2190
f 2011 2193 2012
f 2011 2190 2193
f 2012 2193 2013
f 2013 2193 2014
f 2014 2193 2190
f 2014 2190 2194
f 2014 2194 2195
f 2014 2195 2196
f 2014 2196 2015
f 2015 2196 2016
f 2016 2196 2197
f 2016 2197 2017
f 2017 2197 2198
f 2017 2198 2018
f 2018 2198 2019
f 2019 2198 2199
f 2019 2199 2020
f 2020 2200 2201
f 2020 2201 2022
f 2020 2199 2200
f 2022 2202 2203
f 2022 2203 2023
f 2022 2201 2202
f 2023 2203 2202
f 2023 2202 2204
f 2023 2204 2205
f 2023 2205 2024
f 2024 2206 2025
f 2024 2205 2206
f 2025 2206 2207
f 2025 2207 2208
f 2025 2208 2026
f 2026 2208 2027
f 2027 2209 2030
f 2027 2030 2028
f 2027 2208 2209
f 2029 2030 2036
f 2030 2209 2036
f 2031 2032 2040
f 2031 2040 2210
f 2031 2210 2033
f 2033 2210 2035
f 2035 2210 2161
f 2036 2209 2211
f 2036 2211 2212
f 2036 2212 2213
f 2036 2213 2037
f 2037 2213 2212
f 2037 2212 2214
f 2037 2214 2215
f 2037 2215 2038
f 2038 2215 2216
f 2038 2216 2039
f 2039 2216 2040
f 2040 2216 2217
f 2040 2217 2210
f 2041 2218 2219
f 2041 2219 2042
f 2041 2157 2220
f 2041 2220 2218
f 2042 2221 2043
f 2042 2219 2221
f 2043 2221 2222
f 2043 2222 2223
f 2043 2223 2044
f 2044 2223 2045
f 2045 2224 2225
f 2045 2225 2046
f 2045 2223 2224
f 2046 2225 2226
f 2046 2226 2227
f 2046 2227 2050
f 2046 2050 2049
f 2046 2049 2048
f 2050 2228 2051
f 2050 2227 2226
f 2050 2226 2228
f 2051 2228 2229
f 2051 2229 2052
f 2052 2229 2053
f 2053 2229 2054
f 2054 2229 2055
f 2055 2057 2056
f 2055 2229 2230
f 2055 2230 2170
f 2055 2170 2057
f 2057 2170 2058
f 2058 2170 2169
f 2058 2169 2059
f 2059 2169 2168
f 2061 2231 2232
f 2061 2232 2078
f 2061 2078 2062
f 2061 2066 2231
f 2062 2078 2077
f 2062 2077 2074
f 2063 2073 2159
f 2063 2159 2064
f 2064 2159 2158
f 2064 2158 2065
f 2065 2158 2233
f 2065 2233 2066
f 2066 2233 2234
f 2066 2234 2235
f 2066 2235 2231
f 2076 2078 2232
f 2076 2232 2236
f 2076 2236 2237
f 2076 2237 2079
f 2079 2237 2238
f 2079 2238 2239
f 2079 2239 2080
f 2080 2239 2240
f 2080 2240 2241
f 2080 2241 2242
f 2080 2242 2243
f 2080 2243 2081
f 2081 2243 2244
f 2081 2244 2245
f 2081 2245 2246
f 2081 2246 2082
f 2082 2246 2083
f 2083 2246 2247
f 2083 2247 2085
f 2083 2085 2084
f 2085 2247 2248
f 2085 2248 2086
f 2086 2249 2250
f 2086 2250 2251
f 2086 2251 2087
f 2086 2248 2252
f 2086 2252 2249
f 2087 2251 2088
f 2088 2251 2253
f 2088 2253 2091
f 2088 2091 2089
f 2090 2092 2254
f 2090 2254 2093
f 2091 2253 2255
f 2091 2255 2092
f 2092 2255 2256
f 2092 2256 2254
f 2093 2254 2094
f 2094 2254 2257
f 2094 2257 2095
f 2095 2257 2258
f 2095 2258 2096
f 2096 2258 2259
f 2096 2259 2097
f 2097 2259 2098
f 2098 2259 2260
f 2098 2260 2099
f 2099 2260 2261
f 2099 2261 2262
f 2099 2262 2263
f 2099 2263 2100
f 2100 2105 2104
f 2100 2104 2103
f 2100 2103 2101
f 2100 2263 2106
f 2100 2106 2105
f 2101 2103 2102
f 2106 2263 2262
f 2106 2262 2264
f 2106 2264 2107
f 2107 2264 2108
f 2108 2264 2109
f 2109 2264 2265
f 2109 2265 2110
f 2110 2265 2266
f 2110 2266 2112
f 2111 2112 2267
f 2111 2267 2268
f 2111 2268 2113
f 2112 2266 2267
f 2113 2268 2269
f 2113 2269 2114
f 2114 2269 2115
f 2115 2269 2270
f 2115 2270 2116
f 2116 2270 2271
f 2116 2271 2272
f 2116 2272 2117
f 2117 2272 2119
f 2118 2120 2122
f 2119 2272 2271
f 2119 2271 2273
f 2119 2273 2274
f 2119 2274 2120
f 2120 2274 2122
f 2121 2123 2124
f 2122 2274 2273
f 2122 2273 2275
f 2122 2275 2276
f 2122 2276 2123
f 2123 2276 2124
f 2124 2276 2125
f 2125 2276 2277
f 2125 2277 2278
f 2125 2278 2126
f 2126 2278 2279
f 2126 2279 2127
f 2127 2279 2128
f 2128 2279 2130
f 2129 2133 2280
f 2129 2280 2143
f 2129 2143 2142
f 2130 2279 2281
f 2130 2281 2131
f 2131 2281 2282
f 2131 2282 2283
f 2131 2283 2132
f 2132 2283 2284
f 2132 2284 2280
f 2132 2280 2133
f 2134 2141 2135
f 2135 2141 2285
f 2135 2285 2146
f 2135 2146 2136
f 2136 2146 2145
f 2137 2144 2286
f 2137 2286 2138
f 2138 2286 2287
f 2138 2287 2139
f 2139 2287 2140
f 2140 2287 2288
f 2140 2288 2289
f 2140 2289 2148
f 2140 2148 2147
f 2140 2147 2141
f 2141 2147 2285
f 2143 2280 2290
f 2143 2290 2144
f 2144 2290 2286
f 2146 2285 2147
f 2148 2289 2149
f 2149 2289 2153
f 2150 2291 2151
f 2150 2154 2291
f 2151 2291 2157
f 2151 2157 2156
f 2153 2292 2154
f 2153 2289 2293
f 2153 2293 2292
f 2154 2292 2294
f 2154 2294 2222
f 2154 2222 2295
f 2154 2295 2218
f 2154 2218 2157
f 2154 2157 2291
f 2157 2218 2220
f 2158 2167 2233
f 2161 2210 2162
f 2162 2210 2217
f 2162 2217 2164
f 2162 2164 2163
f 2164 2217 2344
f 2164 2344 2296
f 2165 2296 2297
f 2165 2297 2298
f 2165 2298 2166
f 2166 2298 2234
f 2166 2234 2233
f 2166 2233 2167
f 2170 2230 2299
f 2170 2299 2300
f 2170 2300 2171
f 2171 2300 2301
f 2171 2301 2172
f 2172 2301 2302
f 2172 2302 2173
f 2173 2302 2303
f 2173 2303 2174
f 2174 2303 2304
f 2174 2304 2175
f 2175 2304 2305
f 2175 2305 2306
f 2175 2306 2176
f 2176 2306 2307
f 2176 2307 2177
f 2177 2307 2308
f 2177 2308 2178
f 2178 2308 2309
f 2178 2309 2179
f 2179 2309 2310
f 2179 2310 2180
f 2180 2310 2181
f 2181 2310 2311
f 2181 2311 2182
f 2182 2311 2312
f 2182 2312 2183
f 2183 2312 2313
f 2183 2313 2314
f 2183 2314 2315
f 2183 2315 2184
f 2184 2186 2189
f 2184 2189 2185
f 2184 2315 2191
f 2184 2191 2187
f 2184 2187 2186
f 2187 2191 2188
f 2190 2316 2194
f 2190 2192 2317
f 2190 2317 2316
f 2191 2315 2192
f 2192 2315 2316
f 2192 2316 2317
f 2194 2316 2195
f 2195 2316 2318
f 2195 2318 2319
f 2195 2319 2320
f 2195 2320 2321
f 2195 2321 2196
f 2196 2321 2322
f 2196 2322 2323
f 2196 2323 2197
f 2197 2323 2324
f 2197 2324 2199
f 2197 2199 2198
f 2199 2324 2325
f 2199 2325 2200
f 2200 2326 2327
f 2200 2327 2201
f 2200 2325 2326
f 2201 2327 2202
f 2202 2327 2328
f 2202 2328 2204
f 2204 2329 2205
f 2204 2328 2329
f 2205 2329 2330
f 2205 2330 2331
f 2205 2331 2332
f 2205 2332 2206
f 2206 2332 2331
f 2206 2331 2207
f 2207 2331 2333
f 2207 2333 2208
f 2208 2333 2209
f 2209 2334 2211
f 2209 2333 2335
f 2209 2335 2334
f 2211 2336 2212
f 2211 2334 2336
f 2212 2336 2337
f 2212 2337 2214
f 2214 2337 2338
f 2214 2338 2215
f 2215 2339 2340
f 2215 2340 2216
f 2215 2338 2337
f 2215 2337 2341
f 2215 2341 2342
f 2215 2342 2339
f 2216 2340 2343
f 2216 2343 2217
f 2217 2343 2344
f 2218 2295 2219
f 2219 2295 2221
f 2221 2295 2222
f 2222 2294 2345
f 2222 2345 2223
f 2223 2345 2224
f 2224 2346 2226
f 2224 2226 2225
f 2224 2345 2294
f 2224 2294 2347
f 2224 2347 2346
f 2226 2348 2228
f 2226 2346 2348
f 2228 2348 2349
f 2228 2349 2350
f 2228 2350 2351
f 2228 2351 2230
f 2228 2230 2229
f 2230 2351 2352
f 2230 2352 2353
f 2230 2353 2299
f 2231 2354 2236
f 2231 2236 2232
f 2231 2235 2354
f 2234 2298 2355
f 2234 2355 2235
f 2235 2355 2356
f 2235 2356 2354
f 2236 2354 2356
f 2236 2356 2237
f 2237 2356 2357
f 2237 2357 2358
f 2237 2358 2238
f 2238 2358 2359
f 2238 2359 2360
f 2238 2360 2239
f 2239 2360 2361
f 2239 2361 2362
f 2239 2362 2240
f 2240 2362 2242
f 2240 2242 2241
f 2242 2362 2363
f 2242 2363 2364
f 2242 2364 2365
f 2242 2365 2366
f 2242 2366 2367
f 2242 2367 2368
f 2242 2368 2369
f 2242 2369 2370
f 2242 2370 2371
f 2242 2371 2372
f 2242 2372 2373
f 2242 2373 2243
f 2243 2373 2244
f 2244 2373 2245
f 2245 2373 2372
f 2245 2372 2374
f 2245 2374 2247
f 2245 2247 2246
f 2247 2374 2375
f 2247 2375 2248
f 2248 2376 2377
f 2248 2377 2252
f 2248 2375 2376
f 2249 2252 2378
f 2249 2378 2379
f 2249 2379 2380
f 2249 2380 2381
f 2249 2381 2250
f 2250 2382 2253
f 2250 2253 2251
f 2250 2381 2382
f 2252 2377 2378
f 2253 2382 2255
f 2254 2256 2383
f 2254 2383 2257
f 2255 2382 2383
f 2255 2383 2256
f 2257 2383 2384
f 2257 2384 2385
f 2257 2385 2258
f 2258 2385 2386
f 2258 2386 2260
f 2258 2260 2259
f 2260 2386 2387
f 2260 2387 2261
f 2261 2387 2388
f 2261 2388 2389
f 2261 2389 2262
f 2262 2389 2390
f 2262 2390 2264
f 2264 2390 2265
f 2265 2390 2308
f 2265 2308 2307
f 2265 2307 2266
f 2266 2307 2267
f 2267 2307 2306
f 2267 2306 2268
f 2268 2306 2305
f 2268 2305 2269
f 2269 2305 2270
f 2270 2305 2304
f 2270 2304 2271
f 2271 2304 2273
f 2273 2304 2303
f 2273 2303 2302
f 2273 2302 2275
f 2275 2391 2277
f 2275 2277 2276
f 2275 2302 2392
f 2275 2392 2391
f 2277 2393 2278
f 2277 2391 2394
f 2277 2394 2393
f 2278 2393 2395
f 2278 2395 2281
f 2278 2281 2279
f 2280 2396 2290
f 2280 2284 2396
f 2281 2395 2282
f 2282 2395 2397
f 2282 2397 2398
f 2282 2398 2399
f 2282 2399 2400
f 2282 2400 2396
f 2282 2396 2283
f 2283 2396 2284
f 2286 2290 2401
f 2286 2401 2288
f 2286 2288 2287
f 2288 2401 2402
f 2288 2402 2289
f 2289 2402 2293
f 2290 2396 2401
f 2292 2403 2294
f 2292 2293 2403
f 2293 2402 2403
f 2294 2403 2404
f 2294 2404 2347
f 2296 2344 2405
f 2296 2405 2297
f 2297 2405 2406
f 2297 2406 2355
f 2297 2355 2298
f 2299 2353 2407
f 2299 2407 2300
f 2300 2407 2301
f 2301 2407 2392
f 2301 2392 2302
f 2308 2390 2309
f 2309 2390 2408
f 2309 2408 2310
f 2310 2408 2311
f 2311 2408 2409
f 2311 2409 2312
f 2312 2409 2410
f 2312 2410 2411
f 2312 2411 2313
f 2313 2411 2314
f 2314 2411 2412
f 2314 2412 2315
f 2315 2412 2413
f 2315 2413 2414
f 2315 2414 2316
f 2316 2414 2318
f 2318 2415 2416
f 2318 2416 2319
f 2318 2414 2417
f 2318 2417 2415
f 2319 2416 2418
f 2319 2418 2320
f 2320 2419 2420
f 2320 2420 2421
f 2320 2421 2322
f 2320 2322 2321
f 2320 2418 2419
f 2322 2421 2422
f 2322 2422 2423
f 2322 2423 2323
f 2323 2423 2324
f 2324 2423 2325
f 2325 2423 2424
f 2325 2424 2326
f 2326 2424 2425
f 2326 2425 2426
f 2326 2426 2427
f 2326 2427 2327
f 2327 2427 2328
f 2328 2427 2329
f 2329 2428 2330
f 2329 2427 2429
f 2329 2429 2430
f 2329 2430 2431
f 2329 2431 2428
f 2330 2428 2432
f 2330 2432 2433
f 2330 2433 2434
f 2330 2434 2331
f 2331 2434 2333
f 2333 2435 2436
f 2333 2436 2335
f 2333 2434 2437
f 2333 2437 2435
f 2334 2335 2438
f 2334 2438 2439
f 2334 2439 2440
f 2334 2440 2441
f 2334 2441 2336
f 2335 2436 2438
f 2336 2442 2443
f 2336 2443 2337
f 2336 2441 2442
f 2337 2443 2341
f 2339 2366 2340
f 2339 2342 2444
f 2339 2444 2366
f 2340 2366 2445
f 2340 2445 2343
f 2341 2443 2444
f 2341 2444 2342
f 2343 2445 2405
f 2343 2405 2344
f 2346 2347 2446
f 2346 2446 2447
f 2346 2447 2448
f 2346 2448 2348
f 2347 2404 2446
f 2348 2448 2449
f 2348 2449 2349
f 2349 2449 2350
f 2350 2450 2351
f 2350 2449 2451
f 2350 2451 2450
f 2351 2450 2352
f 2352 2450 2353
f 2353 2450 2452
f 2353 2452 2453
f 2353 2453 2407
f 2355 2406 2359
f 2355 2359 2358
f 2355 2358 2357
f 2355 2357 2356
f 2359 2406 2454
f 2359 2454 2363
f 2359 2363 2360
f 2360 2363 2361
f 2361 2363 2362
f 2363 2454 2405
f 2363 2405 2445
f 2363 2445 2364
f 2364 2445 2365
f 2365 2445 2366
f 2366 2444 2368
f 2366 2368 2367
f 2368 2443 2369
f 2368 2444 2443
f 2369 2443 2442
f 2369 2442 2441
f 2369 2441 2370
f 2370 2441 2455
f 2370 2455 2456
f 2370 2456 2371
f 2371 2457 2458
f 2371 2458 2431
f 2371 2431 2377
f 2371 2377 2376
f 2371 2376 2375
f 2371 2375 2372
f 2371 2456 2459
f 2371 2459 2457
f 2372 2375 2374
f 2377 2431 2378
f 2378 2431 2379
f 2379 2431 2421
f 2379 2421 2420
f 2379 2420 2380
f 2380 2420 2419
f 2380 2419 2381
f 2381 2419 2460
f 2381 2460 2461
f 2381 2461 2382
f 2382 2461 2384
f 2382 2384 2383
f 2384 2461 2460
f 2384 2460 2462
f 2384 2462 2385
f 2385 2462 2463
f 2385 2463 2464
f 2385 2464 2386
f 2386 2464 2465
f 2386 2465 2466
f 2386 2466 2387
f 2387 2466 2467
f 2387 2467 2468
f 2387 2468 2388
f 2388 2468 2411
f 2388 2411 2410
f 2388 2410 2409
f 2388 2409 2389
f 2389 2409 2408
f 2389 2408 2390
f 2391 2392 2453
f 2391 2453 2394
f 2392 2407 2453
f 2393 2469 2395
f 2393 2394 2470
f 2393 2470 2451
f 2393 2451 2469
f 2394 2453 2452
f 2394 2452 2450
f 2394 2450 2470
f 2395 2469 2471
f 2395 2471 2397
f 2396 2400 2472
f 2396 2472 2401
f 2397 2471 2447
f 2397 2447 2398
f 2398 2473 2474
f 2398 2474 2399
f 2398 2447 2473
f 2399 2474 2400
f 2400 2474 2472
f 2401 2472 2402
f 2402 2472 2403
f 2403 2474 2473
f 2403 2473 2404
f 2403 2472 2474
f 2404 2473 2446
f 2405 2454 2406
f 2411 2468 2412
f 2412 2468 2467
f 2412 2467 2475
f 2412 2475 2413
f 2413 2475 2414
f 2414 2475 2417
f 2415 2417 2475
f 2415 2475 2465
f 2415 2465 2464
f 2415 2464 2463
f 2415 2463 2476
f 2415 2476 2416
f 2416 2476 2418
f 2418 2476 2460
f 2418 2460 2419
f 2421 2477 2422
f 2421 2431 2478
f 2421 2478 2479
f 2421 2479 2426
f 2421 2426 2477
f 2422 2477 2423
f 2423 2477 2424
f 2424 2477 2425
f 2425 2477 2426
f 2426 2479 2427
f 2427 2479 2429
f 2428 2431 2432
f 2429 2479 2430
f 2430 2479 2431
f 2431 2458 2480
f 2431 2480 2481
f 2431 2481 2432
f 2431 2479 2478
f 2432 2481 2433
f 2433 2481 2434
f 2434 2481 2437
f 2435 2459 2482
f 2435 2482 2436
f 2435 2437 2457
f 2435 2457 2459
f 2436 2482 2438
f 2437 2481 2457
f 2438 2482 2439
f 2439 2455 2441
f 2439 2441 2440
f 2439 2482 2459
f 2439 2459 2456
f 2439 2456 2455
f 2446 2473 2447
f 2447 2471 2449
f 2447 2449 2448
f 2449 2471 2451
f 2450 2451 2470
f 2451 2471 2469
f 2457 2481 2458
f 2458 2481 2480
f 2460 2476 2463
f 2460 2463 2462
f 2465 2475 2467
f 2465 2467 2466
