o convex_0
v 0.0315331 -0.0331841 0.0169994
v 0.0315331 -0.0367977 0.0169994
v 0.0315331 -0.0331554 0.0169758
v 0.031459 -0.0331554 0.0178741
v 0.0314899 -0.0358933 0.0179057
v 0.0314899 -0.0386066 0.0179057
v 0.0315269 -0.0440291 0.0169994
v 0.0315269 -0.0476428 0.0160932
v 0.0315269 -0.0494517 0.0151949
v 0.0315269 -0.0512605 0.0142887
v 0.0315269 -0.0548701 0.0124762
v 0.0315269 -0.0575834 0.0106717
v 0.0315269 -0.0621015 0.00615636
v 0.0315269 -0.0639104 0.00344559
v 0.0315269 -0.0657152 0.000726945
v 0.0315269 -0.0666196 -0.00107761
v 0.0315269 -0.0684285 -0.00649914
v 0.0315269 -0.0693329 -0.0110145
v 0.0315269 -0.0693329 -0.016436
v 0.0315269 -0.0684285 -0.0209513
v 0.0315269 -0.0666196 -0.0263729
v 0.0315269 -0.0657152 -0.0281853
v 0.0315269 -0.0648107 -0.0299898
v 0.0315269 -0.0630059 -0.0327006
v 0.0315269 -0.0611971 -0.034513
v 0.0315269 -0.0584878 -0.0372238
v 0.0315269 -0.056679 -0.0390284
v 0.0315269 -0.052165 -0.0417391
v 0.0315269 -0.0503561 -0.0426454
v 0.0315269 -0.0449336 -0.0444499
v 0.0315269 -0.0331554 -0.0444814
v 0.0314528 -0.0331554 0.0179057
v 0.0312986 -0.0349929 0.018804
v 0.0313047 -0.0367977 0.018804
v 0.0314713 -0.0404155 0.0179057
v 0.0315084 -0.0449336 0.0169994
v 0.0314837 -0.0485472 0.0160932
v 0.0315084 -0.0503561 0.0151949
v 0.0315145 -0.052165 0.0142887
v 0.0315022 -0.0539697 0.0133825
v 0.0315084 -0.056679 0.0115779
v 0.0314405 -0.0584878 0.0106717
v 0.0314652 -0.0602926 0.00886713
v 0.0314652 -0.0611971 0.00796091
v 0.0315145 -0.0630059 0.00525015
v 0.0315207 -0.0648107 0.00253938
v 0.0314837 -0.0666196 -0.000171392
v 0.0315145 -0.067524 -0.00288216
v 0.0315145 -0.0684285 -0.00559293
v 0.0315145 -0.0693329 -0.0101161
v 0.0313047 -0.0702332 -0.0119128
v 0.0313294 -0.0702332 -0.0137252
v 0.0313294 -0.0702332 -0.0146236
v 0.0315207 -0.0693329 -0.0173343
v 0.0315207 -0.0684285 -0.0218575
v 0.0315022 -0.0666196 -0.0272791
v 0.0315207 -0.067524 -0.0245683
v 0.0314899 -0.0657152 -0.0290836
v 0.0314713 -0.0648107 -0.0308961
v 0.0315084 -0.0639104 -0.0317944
v 0.0314775 -0.0621015 -0.034513
v 0.0314899 -0.0602926 -0.0363176
v 0.0314837 -0.0593882 -0.0372238
v 0.0314713 -0.0584878 -0.0381222
v 0.0315022 -0.0557745 -0.0399346
v 0.0315207 -0.0539697 -0.0408329
v 0.0314837 -0.0512605 -0.0426454
v 0.0315145 -0.0485472 -0.0435437
v 0.0315022 -0.045838 -0.0444499
v 0.0314837 -0.0413199 -0.0453561
v 0.0315022 -0.0404155 -0.0453561
v 0.0315145 -0.039511 -0.0453561
v 0.0315207 -0.0386066 -0.0453561
v 0.0315207 -0.0377022 -0.0453561
v 0.0315084 -0.0358933 -0.0453561
v 0.031496 -0.0349929 -0.0453561
v 0.0314713 -0.0340885 -0.0453561
v 0.0314281 -0.0331554 -0.0453561
v 0.0312739 -0.0331554 0.0187803
v 0.0312862 -0.0340885 0.018804
v 0.0299286 -0.0331554 0.0240758
v 0.0312924 -0.0377022 0.018804
v 0.0299224 -0.0331841 0.0240994
v 0.0314528 -0.0413199 0.0179057
v 0.0314652 -0.045838 0.0169994
v 0.0314281 -0.0422203 0.0179057
v 0.0313973 -0.0431247 0.0179057
v 0.0314096 -0.0467424 0.0169994
v 0.0313418 -0.0476428 0.0169994
v 0.0314035 -0.0494517 0.0160932
v 0.0314405 -0.0512605 0.0151949
v 0.0314405 -0.0530653 0.0142887
v 0.0314775 -0.0557745 0.0124762
v 0.0311937 -0.0593882 0.0106717
v 0.0312245 -0.0602926 0.00976547
v 0.0312368 -0.0611971 0.00886713
v 0.0314035 -0.0575834 0.0115779
v 0.0311566 -0.0584878 0.0115779
v 0.0314467 -0.0621015 0.0070547
v 0.0314899 -0.0639104 0.00434393
v 0.031422 -0.0630059 0.00615636
v 0.0314467 -0.0648107 0.00344559
v 0.0314713 -0.0657152 0.00163316
v 0.0313788 -0.0666196 0.000726945
v 0.0313541 -0.067524 -0.00107761
v 0.0314528 -0.067524 -0.00198382
v 0.0314652 -0.0684285 -0.00469459
v 0.0314528 -0.0693329 -0.0083037
v 0.0314899 -0.0693329 -0.00920991
v 0.0312924 -0.0702332 -0.0110145
v 0.0309345 -0.0710231 -0.0137252
v 0.0309345 -0.0710149 -0.0146236
v 0.0312924 -0.0702332 -0.016436
v 0.031496 -0.0693329 -0.0182406
v 0.0314837 -0.0684285 -0.0227638
v 0.0314775 -0.067524 -0.0254745
v 0.0313911 -0.067524 -0.0263729
v 0.0314096 -0.0666196 -0.0281853
v 0.0313232 -0.0648107 -0.0317944
v 0.0313973 -0.0639104 -0.0327006
v 0.0314467 -0.0630059 -0.0336068
v 0.0313788 -0.0657152 -0.0299898
v 0.0312862 -0.0621015 -0.0354114
v 0.0312986 -0.0611971 -0.0363176
v 0.0312986 -0.0602926 -0.0372238
v 0.03128 -0.0593882 -0.0381222
v 0.0314467 -0.0575834 -0.0390284
v 0.031459 -0.0548701 -0.0408329
v 0.0314775 -0.0530653 -0.0417391
v 0.0313788 -0.052165 -0.0426454
v 0.0314528 -0.0494517 -0.0435437
v 0.0314467 -0.0467424 -0.0444499
v 0.0313788 -0.0440291 -0.0453561
v 0.031422 -0.0431247 -0.0453561
v 0.031459 -0.0422203 -0.0453561
v 0.0312492 -0.039511 -0.0462623
v 0.0312615 -0.0386066 -0.0462623
v 0.0312554 -0.0377022 -0.0462623
v 0.031243 -0.0367977 -0.0462623
v 0.0311998 -0.0349929 -0.0462623
v 0.0311443 -0.0340885 -0.0462623
v 0.0314158 -0.0331554 -0.0453876
v 0.0299224 -0.0331554 0.0240994
v 0.0312739 -0.0386066 0.018804
v 0.029799 -0.0331554 0.0245407
v 0.0312245 -0.0404155 0.018804
v 0.0313541 -0.0440291 0.0179057
v 0.0312862 -0.0449336 0.0179057
v 0.0312245 -0.0485472 0.0169994
v 0.0311937 -0.045838 0.0179057
v 0.0310826 -0.0467424 0.0179057
v 0.0312862 -0.0503561 0.0160932
v 0.0313171 -0.052165 0.0151949
v 0.0312986 -0.0539697 0.0142887
v 0.0314096 -0.0548701 0.0133825
v 0.0308851 -0.0602517 0.010648
v 0.0309036 -0.0611807 0.00975759
v 0.0307925 -0.06177 0.00945026
v 0.0312183 -0.0621015 0.00796091
v 0.0313232 -0.056679 0.0124762
v 0.0310085 -0.0576448 0.0125472
v 0.0308481 -0.0584878 0.0122556
v 0.0307555 -0.0589789 0.0120665
v 0.0308604 -0.0593227 0.0115306
v 0.0311813 -0.0630059 0.0070547
v 0.0313541 -0.0639104 0.00525015
v 0.0313541 -0.0657152 0.00253938
v 0.0312122 -0.067524 -0.000171392
v 0.0311998 -0.0666196 0.00163316
v 0.0312924 -0.0684285 -0.00288216
v 0.0313973 -0.0684285 -0.00378838
v 0.0313479 -0.0693329 -0.00649914
v 0.0314035 -0.0693329 -0.00740536
v 0.0312615 -0.0702332 -0.0101161
v 0.0308974 -0.0709617 -0.0110145
v 0.0309098 -0.0709822 -0.0119128
v 0.0303174 -0.0720421 -0.012819
v 0.0303359 -0.0720421 -0.0137252
v 0.0306629 -0.0714692 -0.0146236
v 0.030268 -0.0720421 -0.016436
v 0.0308974 -0.0709576 -0.016436
v 0.0312677 -0.0702332 -0.0173343
v 0.031459 -0.0693329 -0.0191468
v 0.0314096 -0.0684285 -0.0236621
v 0.0314158 -0.0693329 -0.0200451
v 0.0313664 -0.0693329 -0.0209513
v 0.0312986 -0.0693329 -0.0218575
v 0.0312554 -0.067524 -0.0272791
v 0.0313171 -0.0684285 -0.0245683
v 0.031243 -0.0666196 -0.0290836
v 0.0311937 -0.0657152 -0.0308961
v 0.0309283 -0.0657356 -0.0317786
v 0.0310085 -0.0648762 -0.0327558
v 0.0311566 -0.0639104 -0.0336068
v 0.0312368 -0.0630059 -0.034513
v 0.0309283 -0.0630141 -0.0354114
v 0.0309468 -0.0621138 -0.0363334
v 0.030953 -0.0612134 -0.0372396
v 0.0309468 -0.060309 -0.0381379
v 0.0309221 -0.0593718 -0.0390362
v 0.0312307 -0.0584878 -0.0390284
v 0.0313911 -0.056679 -0.0399346
v 0.0312986 -0.0557745 -0.0408329
v 0.0313541 -0.0539697 -0.0417391
v 0.031206 -0.0530653 -0.0426454
v 0.0311998 -0.0512605 -0.0435437
v 0.0313479 -0.0503561 -0.0435437
v 0.03128 -0.0485472 -0.0444499
v 0.0313788 -0.0476428 -0.0444499
v 0.0313171 -0.0449336 -0.0453561
v 0.0311134 -0.0422203 -0.0462623
v 0.031169 -0.0413199 -0.0462623
v 0.0312122 -0.0404155 -0.0462623
v 0.0308666 -0.039511 -0.0469321
v 0.0308789 -0.0386066 -0.0469479
v 0.0308728 -0.0377022 -0.0469321
v 0.0301754 -0.0358933 -0.0480669
v 0.0301508 -0.0349929 -0.0480669
v 0.030052 -0.0341008 -0.0481457
v 0.030811 -0.0340885 -0.0468376
v 0.0300582 -0.0331841 -0.047996
v 0.0310455 -0.0331554 -0.046286
v 0.0310579 -0.0331554 -0.0462623
v 0.0295398 -0.0331554 0.0251317
v 0.029762 -0.0340885 0.0244619
v 0.029836 -0.0363598 0.0237764
v 0.0311196 -0.0512605 0.0160932
v 0.0309221 -0.0476387 0.0179608
v 0.0307123 -0.0479333 0.0182997
v 0.0308728 -0.0485472 0.0177244
v 0.03099 -0.0495253 0.0170782
v 0.0298052 -0.0369614 0.0236976
v 0.0298237 -0.0398794 0.0228465
v 0.0298731 -0.0420402 0.0220585
v 0.0298299 -0.0426418 0.021956
v 0.0311258 -0.0530653 0.0151949
v 0.0310085 -0.0549478 0.0143675
v 0.0312183 -0.0557745 0.0133825
v 0.030521 -0.0611807 0.010648
v 0.0307864 -0.0608656 0.010325
v 0.0306691 -0.0614672 0.0100492
v 0.0305148 -0.0629691 0.00883561
v 0.0308974 -0.062081 0.00883561
v 0.0305334 -0.062081 0.00975759
v 0.030089 -0.063055 0.00981275
v 0.0309345 -0.0566626 0.0133982
v 0.0308296 -0.0573829 0.0131066
v 0.0298299 -0.0580213 0.01473
v 0.0307185 -0.0579886 0.0129018
v 0.0300088 -0.0593473 0.0133746
v 0.0304963 -0.0602517 0.0115306
v 0.0304655 -0.0593227 0.0124132
v 0.0308728 -0.0629691 0.00791363
v 0.0304902 -0.0638531 0.00791363
v 0.0308666 -0.0637262 0.0070547
v 0.0310332 -0.0640004 0.00624304
v 0.0312554 -0.0648107 0.00434393
v 0.0311443 -0.0657152 0.00344559
v 0.0309653 -0.0675772 0.000742705
v 0.0307864 -0.0680642 0.00045902
v 0.0308604 -0.0681993 -0.000171392
v 0.0309283 -0.0684653 -0.00112489
v 0.0311319 -0.0684285 -0.00198382
v 0.0309406 -0.0666523 0.00252362
v 0.0308604 -0.067303 0.00163316
v 0.0309098 -0.0691938 -0.00288216
v 0.0309653 -0.0693984 -0.0037805
v 0.0311505 -0.0693329 -0.00469459
v 0.0312677 -0.0693329 -0.00559293
v 0.0311937 -0.0702332 -0.00920991
v 0.0308728 -0.0709208 -0.0101161
v 0.0302618 -0.0720421 -0.0110145
v 0.0302927 -0.0720421 -0.0119128
v 0.0302186 -0.0720421 -0.0101161
v 0.0299471 -0.0726601 -0.012819
v 0.0299533 -0.0726642 -0.0137252
v 0.0303174 -0.0720421 -0.0146236
v 0.0299224 -0.0726151 -0.016436
v 0.0299039 -0.0725864 -0.0173343
v 0.030231 -0.0720421 -0.0173343
v 0.0308789 -0.070929 -0.0173343
v 0.0312122 -0.0702332 -0.0182406
v 0.0311258 -0.0702332 -0.0191468
v 0.0309715 -0.0701841 -0.0209513
v 0.0311937 -0.0693329 -0.0227638
v 0.0311813 -0.0684285 -0.0254745
v 0.0308913 -0.0682443 -0.0272791
v 0.0308049 -0.068097 -0.0279725
v 0.0309962 -0.0675936 -0.0282326
v 0.0309715 -0.0666687 -0.0300056
v 0.030774 -0.0662349 -0.0314634
v 0.0305087 -0.0665705 -0.0317786
v 0.0299286 -0.0672539 -0.032543
v 0.0306815 -0.0660507 -0.0320623
v 0.0308296 -0.0654491 -0.0324957
v 0.0299101 -0.0654041 -0.0351671
v 0.0300705 -0.0648557 -0.0354429
v 0.0307925 -0.0635666 -0.0351041
v 0.0306815 -0.0633251 -0.0357108
v 0.030811 -0.0627195 -0.0360339
v 0.029836 -0.0634643 -0.0376809
v 0.0298422 -0.062568 -0.038595
v 0.0308172 -0.0609229 -0.0378542
v 0.0299163 -0.0620156 -0.0389496
v 0.029836 -0.0616554 -0.0394854
v 0.030811 -0.0600184 -0.0387368
v 0.0298175 -0.0607101 -0.0403601
v 0.0299348 -0.0601085 -0.0405808
v 0.0311505 -0.0575834 -0.0399346
v 0.0309962 -0.0567281 -0.040896
v 0.0311566 -0.0548701 -0.0417391
v 0.0308604 -0.0530653 -0.0433388
v 0.0309592 -0.0521813 -0.0436067
v 0.0307802 -0.0518908 -0.0440795
v 0.0308542 -0.0512605 -0.0442056
v 0.0311196 -0.0494517 -0.0444499
v 0.0308974 -0.0485472 -0.0451906
v 0.0309406 -0.0476059 -0.0454113
v 0.0311011 -0.0467424 -0.0453561
v 0.0312245 -0.045838 -0.0453561
v 0.0310517 -0.0431247 -0.0462623
v 0.029836 -0.0417864 -0.0485161
v 0.0301199 -0.0413199 -0.0480669
v 0.0302063 -0.039511 -0.0480669
v 0.0302186 -0.0386066 -0.0480669
v 0.0302063 -0.0377022 -0.0480669
v 0.0298792 -0.0358933 -0.0485712
v 0.0298607 -0.0349929 -0.0485555
v 0.0298422 -0.0344118 -0.0485318
v 0.0298175 -0.0338102 -0.0484924
v 0.0297743 -0.0331554 -0.0484451
v 0.0300582 -0.0331554 -0.0479881
v 0.0291264 -0.0331554 0.0258331
v 0.0294164 -0.0340885 0.0251317
v 0.0297126 -0.0349929 0.0243674
v 0.0307987 -0.0492716 0.0175668
v 0.0306815 -0.0503561 0.0173383
v 0.0303914 -0.0503561 0.0179057
v 0.030811 -0.0512605 0.0166921
v 0.0307555 -0.051768 0.0165739
v 0.0307617 -0.0473318 0.0184021
v 0.0298237 -0.0453346 0.0210498
v 0.030231 -0.0467424 0.0197102
v 0.0299224 -0.0467424 0.0203327
v 0.0298669 -0.0473318 0.0202145
v 0.0296447 -0.0358933 0.0242728
v 0.029762 -0.0377022 0.0235951
v 0.0297867 -0.0404155 0.0227598
v 0.0297003 -0.0413199 0.0226259
v 0.0297867 -0.0431247 0.0218772
v 0.0306691 -0.0541539 0.0155022
v 0.0308172 -0.0546982 0.0149033
v 0.0304716 -0.0539043 0.0160144
v 0.0307308 -0.0552998 0.0147221
v 0.0308728 -0.0557745 0.0141153
v 0.0300459 -0.0603008 0.012492
v 0.0299163 -0.0609433 0.0122083
v 0.0300952 -0.0621506 0.0107268
v 0.0299409 -0.0627849 0.0104589
v 0.0300705 -0.063939 0.00889077
v 0.0299286 -0.0636607 0.00954482
v 0.0307802 -0.0563516 0.0139262
v 0.0299348 -0.0574197 0.014927
v 0.0298792 -0.0563598 0.0157229
v 0.0298175 -0.0552793 0.0165187
v 0.0297496 -0.0569613 0.0155337
v 0.0291449 -0.057387 0.0158253
v 0.0292066 -0.0584878 0.0149821
v 0.0291017 -0.0600389 0.0139735
v 0.0297003 -0.0596215 0.0136661
v 0.0298669 -0.0590199 0.0138947
v 0.0303112 -0.0584878 0.0133825
v 0.0299039 -0.0600061 0.0130672
v 0.0300335 -0.0648148 0.00794515
v 0.0303667 -0.0648107 0.0070547
v 0.0299163 -0.064512 0.00860709
v 0.030737 -0.0643605 0.00660553
v 0.0302495 -0.0657152 0.00615636
v 0.030558 -0.0657029 0.00526591
v 0.0309592 -0.0648516 0.00526591
v 0.0307555 -0.0662062 0.00394992
v 0.0308296 -0.0663495 0.00344559
v 0.0307061 -0.0679128 0.00105791
v 0.0300273 -0.0693575 0.000695424
v 0.0298607 -0.0698199 0.000364458
v 0.0302557 -0.0693329 -0.000171392
v 0.0302803 -0.0684285 0.00163316
v 0.0305395 -0.0683875 0.000742705
v 0.0305766 -0.069472 -0.00198382
v 0.0298669 -0.0689277 0.00218477
v 0.0302248 -0.067524 0.00344559
v 0.0303421 -0.0702332 -0.00288216
v 0.0305272 -0.0701719 -0.0037805
v 0.0305642 -0.0703724 -0.00469459
v 0.0308913 -0.0700491 -0.00559293
v 0.030953 -0.0701637 -0.00649914
v 0.0311073 -0.0702332 -0.0083037
v 0.0298422 -0.0725046 -0.00868982
v 0.0308357 -0.0708553 -0.00920991
v 0.0305766 -0.0713055 -0.00920991
v 0.0298669 -0.0725332 -0.00920991
v 0.0298977 -0.0725741 -0.0101161
v 0.0299163 -0.0726028 -0.0110145
v 0.0295337 -0.0731103 -0.012819
v 0.029546 -0.0731184 -0.0137252
v 0.0299348 -0.0726314 -0.0155298
v 0.0293053 -0.0731062 -0.0173659
v 0.0298731 -0.0725455 -0.0182406
v 0.029509 -0.0731021 -0.0146236
v 0.029472 -0.0730816 -0.0155298
v 0.0294288 -0.0730652 -0.016436
v 0.0301754 -0.0720421 -0.0182406
v 0.0305889 -0.07133 -0.0182406
v 0.0308481 -0.0708758 -0.0182406
v 0.030052 -0.0721158 -0.019131
v 0.0304161 -0.0711377 -0.0209513
v 0.030305 -0.0711377 -0.0218575
v 0.0309098 -0.0700859 -0.0218575
v 0.0308419 -0.0699672 -0.0227638
v 0.0307864 -0.0698649 -0.0234651
v 0.03099 -0.0694107 -0.0237251
v 0.0298422 -0.0706957 -0.0259473
v 0.0309592 -0.0684817 -0.0263729
v 0.0309283 -0.0692224 -0.0245683
v 0.0302989 -0.0693329 -0.0272791
v 0.0298792 -0.0698486 -0.0279016
v 0.0300582 -0.0693861 -0.0281932
v 0.0299718 -0.0691201 -0.0290836
v 0.0303359 -0.0684285 -0.0290836
v 0.0308851 -0.0673521 -0.0290836
v 0.0302865 -0.067524 -0.0308961
v 0.0300212 -0.0675445 -0.0317708
v 0.0298299 -0.0670657 -0.0331419
v 0.0298669 -0.0680233 -0.0314477
v 0.0298731 -0.0662349 -0.0341506
v 0.0300088 -0.0657111 -0.0344736
v 0.0297867 -0.0651872 -0.035766
v 0.0299409 -0.0645856 -0.0361442
v 0.0305334 -0.0638858 -0.0354114
v 0.0301199 -0.0639881 -0.0363964
v 0.0299286 -0.063673 -0.0372238
v 0.0298237 -0.0643401 -0.036751
v 0.0296262 -0.0641273 -0.0372238
v 0.0292745 -0.0637794 -0.0379961
v 0.029583 -0.0631696 -0.0382798
v 0.0295892 -0.062257 -0.0391938
v 0.0292807 -0.0619705 -0.0398085
v 0.0289721 -0.0616841 -0.0404153
v 0.0296262 -0.0611971 -0.0401395
v 0.0299286 -0.0611971 -0.0396903
v 0.029762 -0.0597115 -0.0411875
v 0.0298669 -0.0581154 -0.0422513
v 0.0291757 -0.0611971 -0.0406044
v 0.0291634 -0.0601003 -0.041487
v 0.0290955 -0.059114 -0.0423301
v 0.0300582 -0.0594005 -0.0408644
v 0.0302989 -0.0575834 -0.0417391
v 0.0299656 -0.0575834 -0.0424405
v 0.0308172 -0.056458 -0.0414476
v 0.0309036 -0.0557213 -0.041747
v 0.0298546 -0.0553817 -0.0440323
v 0.0306321 -0.0530653 -0.043788
v 0.0307061 -0.0524924 -0.0439456
v 0.0300273 -0.0521281 -0.0453876
v 0.0298607 -0.0518007 -0.0458368
v 0.0302372 -0.0512605 -0.0453561
v 0.0300767 -0.0494844 -0.0463254
v 0.0307061 -0.0478801 -0.0457501
v 0.0298792 -0.0492061 -0.0467824
v 0.0302989 -0.0485472 -0.0462623
v 0.0305025 -0.0476059 -0.0461835
v 0.0298546 -0.0464109 -0.0476414
v 0.0309221 -0.0449336 -0.0461205
v 0.0309345 -0.0439636 -0.0463175
v 0.0307432 -0.0436158 -0.0467194
v 0.0305025 -0.0431247 -0.0472001
v 0.0292992 -0.0395151 -0.0491149
v 0.0298484 -0.0413199 -0.0485318
v 0.0300459 -0.0431247 -0.0479723
v 0.0300088 -0.0440291 -0.0479014
v 0.0298052 -0.042388 -0.0484767
v 0.0293053 -0.0431247 -0.048784
v 0.0294534 -0.0421425 -0.0487682
v 0.0289474 -0.0392164 -0.0494302
v 0.0298854 -0.039511 -0.0485949
v 0.0298977 -0.0386066 -0.0486027
v 0.0298854 -0.0367977 -0.048587
v 0.0292992 -0.0385247 -0.0491307
v 0.0293794 -0.0358933 -0.0489889
v 0.0293794 -0.0349929 -0.0489495
v 0.0294596 -0.0341008 -0.0488155
v 0.0293238 -0.0331841 -0.0488076
v 0.0293177 -0.0331554 -0.0488076
v 0.0286389 -0.0331554 0.0262744
v 0.02904 -0.0340885 0.025707
v 0.0291943 -0.0358933 0.0249978
v 0.0300767 -0.0495049 0.0188828
v 0.0299965 -0.0503561 0.0186621
v 0.0299101 -0.051105 0.0184967
v 0.0298299 -0.0517066 0.0183548
v 0.0304778 -0.0521077 0.0169285
v 0.0297682 -0.045838 0.0209553
v 0.0297867 -0.0479333 0.0200885
v 0.0298175 -0.0498445 0.0192295
v 0.0296818 -0.0386066 0.0234612
v 0.029114 -0.039511 0.0239497
v 0.0292436 -0.0413199 0.0231696
v 0.0296694 -0.0440291 0.0217118
v 0.0291017 -0.0367977 0.0248559
v 0.0301014 -0.0549356 0.016172
v 0.0305951 -0.0549478 0.0151949
v 0.0301137 -0.0531431 0.0170861
v 0.0298299 -0.053495 0.0174407
v 0.0306568 -0.0557745 0.0145645
v 0.0303421 -0.0557745 0.0151949
v 0.0297558 -0.0606077 0.0128072
v 0.0297928 -0.0624862 0.0110578
v 0.0299286 -0.0618805 0.0113336
v 0.0297928 -0.0633865 0.0101437
v 0.0297743 -0.0642623 0.00920598
v 0.0300397 -0.0566667 0.0152185
v 0.0299718 -0.0557745 0.015912
v 0.0292313 -0.0557745 0.0167867
v 0.0296818 -0.0557745 0.0163611
v 0.0297126 -0.0539697 0.0173068
v 0.0292621 -0.0539697 0.0177244
v 0.029077 -0.0546164 0.017551
v 0.02904 -0.0563557 0.0166291
v 0.029003 -0.0590117 0.014793
v 0.0284784 -0.0601985 0.0141074
v 0.0284784 -0.0606487 0.0137607
v 0.0286882 -0.0615818 0.0128702
v 0.0291511 -0.0609802 0.0131539
v 0.0294288 -0.0603254 0.0134061
v 0.0298854 -0.065355 0.00762995
v 0.0298484 -0.066194 0.00663705
v 0.0299718 -0.0656783 0.00698378
v 0.0299348 -0.0663699 0.00615636
v 0.0306568 -0.0659934 0.00455669
v 0.0298422 -0.0679906 0.0039184
v 0.0300767 -0.0666728 0.00528167
v 0.029799 -0.0670125 0.00560475
v 0.0299039 -0.0671884 0.00500586
v 0.0299409 -0.0690628 0.00163316
v 0.0297496 -0.0696767 0.000971229
v 0.0298237 -0.0706711 -0.00156618
v 0.0301014 -0.0703151 -0.0019129
v 0.0295707 -0.069513 0.00163316
v 0.0299163 -0.0681174 0.00344559
v 0.0297311 -0.0687518 0.00278366
v 0.0298916 -0.0707735 -0.00217295
v 0.0299656 -0.070888 -0.00288216
v 0.0300397 -0.0710313 -0.00378838
v 0.0300767 -0.0712154 -0.00465519
v 0.030268 -0.0711377 -0.00559293
v 0.0303976 -0.0711377 -0.00649914
v 0.0307308 -0.0706711 -0.00704287
v 0.0309653 -0.0703151 -0.00736596
v 0.029799 -0.0724473 -0.00809093
v 0.0294534 -0.0727747 -0.00835886
v 0.0293794 -0.0729261 -0.00920991
v 0.0299841 -0.0718211 -0.00649914
v 0.0290276 -0.0734581 -0.0119128
v 0.0290832 -0.0734949 -0.012819
v 0.0294781 -0.0730857 -0.0119128
v 0.0290955 -0.073499 -0.0137252
v 0.0288981 -0.0733926 -0.0176811
v 0.0293794 -0.072967 -0.0182406
v 0.0290215 -0.073454 -0.0155298
v 0.0289783 -0.0734295 -0.016436
v 0.0289474 -0.073409 -0.0170822
v 0.0298484 -0.0725128 -0.0188237
v 0.0290585 -0.0734786 -0.0146236
v 0.0298114 -0.0724636 -0.0194305
v 0.0299965 -0.0718416 -0.0209513
v 0.0298731 -0.0716451 -0.0227638
v 0.029836 -0.071596 -0.0232366
v 0.0301754 -0.0711377 -0.0227638
v 0.0305889 -0.0704215 -0.0227638
v 0.0305519 -0.0701964 -0.0237251
v 0.0307308 -0.0697667 -0.024064
v 0.029114 -0.0708144 -0.0272791
v 0.029725 -0.0705647 -0.0265462
v 0.0297928 -0.0697217 -0.0285005
v 0.0300212 -0.0711663 -0.0235833
v 0.0297496 -0.0714855 -0.0238355
v 0.0291572 -0.0717556 -0.0245683
v 0.0298854 -0.0689605 -0.0297062
v 0.0300582 -0.0684694 -0.0299977
v 0.0299471 -0.0681788 -0.0308961
v 0.0297496 -0.0678555 -0.0320466
v 0.0294843 -0.06761 -0.0328346
v 0.0292189 -0.0673399 -0.0336068
v 0.0296694 -0.0668897 -0.0336068
v 0.0297126 -0.0660098 -0.0347494
v 0.0297743 -0.0688009 -0.0303051
v 0.0291079 -0.0663127 -0.0351592
v 0.0291202 -0.0654328 -0.0363176
v 0.0296201 -0.0648557 -0.0363964
v 0.0289289 -0.065265 -0.0367668
v 0.0291264 -0.0647411 -0.0371293
v 0.0289659 -0.0643892 -0.0377045
v 0.0289783 -0.063497 -0.0386186
v 0.0289844 -0.0626008 -0.0395248
v 0.0284784 -0.0617536 -0.0404783
v 0.0284908 -0.0611398 -0.0409826
v 0.0287993 -0.0607019 -0.0412506
v 0.0290215 -0.0581277 -0.0431654
v 0.0284784 -0.0626826 -0.0396036
v 0.0284784 -0.0622079 -0.0400607
v 0.0297003 -0.058717 -0.0420149
v 0.0296633 -0.0575834 -0.0428975
v 0.0298175 -0.0570841 -0.0430709
v 0.0306691 -0.0559873 -0.0420543
v 0.0297003 -0.0559832 -0.0438353
v 0.0297496 -0.0542276 -0.0447966
v 0.0298669 -0.0536301 -0.0449621
v 0.0300335 -0.0539452 -0.0444735
v 0.0302927 -0.0530653 -0.0444499
v 0.0299471 -0.0530653 -0.0450961
v 0.0297558 -0.0524023 -0.0457028
v 0.0297003 -0.0503561 -0.0465618
v 0.0298052 -0.0498077 -0.0466721
v 0.0299409 -0.0485472 -0.0468849
v 0.0297188 -0.0476428 -0.0474759
v 0.029799 -0.0470125 -0.0475626
v 0.030015 -0.0476428 -0.0470188
v 0.0296941 -0.0440291 -0.0483506
v 0.0298977 -0.045838 -0.0477044
v 0.0303297 -0.0449336 -0.0471607
v 0.0304963 -0.0439636 -0.047074
v 0.0297558 -0.0431247 -0.0484215
v 0.0299533 -0.0449336 -0.0478068
v 0.0292375 -0.0440291 -0.0487288
v 0.0288795 -0.039818 -0.0494144
v 0.028534 -0.0395151 -0.0494853
v 0.0285648 -0.0385247 -0.0495011
v 0.0289474 -0.0387703 -0.0494302
v 0.0289289 -0.0381687 -0.0494223
v 0.0288981 -0.0377022 -0.0494144
v 0.0288302 -0.0367977 -0.0493986
v 0.02875 -0.0358933 -0.0493829
v 0.0284784 -0.0340885 -0.0493041
v 0.0284784 -0.0331841 -0.0491859
v 0.0284784 -0.0331554 -0.049178
v 0.0286204 -0.0331841 0.0262822
v 0.0289721 -0.0346778 0.0256282
v 0.0281761 -0.0331554 0.0265817
v 0.0297311 -0.0503561 0.0191192
v 0.0297311 -0.052165 0.0182287
v 0.0292189 -0.0440291 0.022224
v 0.0296077 -0.0467424 0.0207819
v 0.0296694 -0.0485472 0.0199545
v 0.0290091 -0.0401413 0.0238394
v 0.0290955 -0.0422203 0.023012
v 0.029003 -0.037473 0.0247535
v 0.0291943 -0.0628136 0.011373
v 0.0291881 -0.0637344 0.0104826
v 0.0294781 -0.0639963 0.00986791
v 0.0291696 -0.0645815 0.0095921
v 0.0297188 -0.0651177 0.00822884
v 0.0292807 -0.052165 0.0186543
v 0.0290955 -0.0528402 0.018473
v 0.0286697 -0.055218 0.0173934
v 0.0288117 -0.0516698 0.0192374
v 0.0284105 -0.0556927 0.0171807
v 0.0284784 -0.0564743 0.0167
v 0.0284784 -0.0569286 0.0164163
v 0.0288302 -0.0579886 0.0156125
v 0.0284784 -0.0595928 0.0145566
v 0.0275775 -0.0592572 0.0149742
v 0.0275775 -0.0597074 0.0146354
v 0.0277935 -0.0607223 0.0138159
v 0.0280835 -0.0616636 0.012949
v 0.0284229 -0.0612462 0.0132406
v 0.0281822 -0.0626049 0.0120743
v 0.0287808 -0.0624985 0.0119798
v 0.0288178 -0.0634193 0.0110893
v 0.0296077 -0.0668201 0.00615636
v 0.0296447 -0.0659566 0.00724382
v 0.0293794 -0.0682157 0.00427301
v 0.0296756 -0.06779 0.00452517
v 0.0291511 -0.0672662 0.00615636
v 0.0294349 -0.0675486 0.00529743
v 0.0291202 -0.0699263 0.00163316
v 0.0294226 -0.0700777 0.000695424
v 0.0290832 -0.0707939 -0.000352634
v 0.0292621 -0.0709331 -0.00107761
v 0.0289968 -0.0716329 -0.00232267
v 0.0291325 -0.0717352 -0.00288216
v 0.029583 -0.0713423 -0.00288216
v 0.0297496 -0.0714855 -0.00378838
v 0.0298175 -0.0715674 -0.00432423
v 0.0293485 -0.0692797 0.0024527
v 0.0291264 -0.0690301 0.00325647
v 0.0298731 -0.0716411 -0.004931
v 0.0299224 -0.0717147 -0.00559293
v 0.0297311 -0.0723777 -0.00740536
v 0.0292807 -0.0727501 -0.00740536
v 0.0289289 -0.0734008 -0.0105495
v 0.0289659 -0.0734213 -0.0110145
v 0.0284784 -0.0736709 -0.012819
v 0.0284784 -0.0736914 -0.0137252
v 0.0284784 -0.0736136 -0.0155298
v 0.0284784 -0.0735645 -0.016436
v 0.0285525 -0.0734827 -0.0173659
v 0.0287561 -0.0733681 -0.0182406
v 0.0291819 -0.0726601 -0.0209513
v 0.029293 -0.0727542 -0.0200451
v 0.0294596 -0.072787 -0.019131
v 0.0284784 -0.0736586 -0.0146236
v 0.0297496 -0.0723941 -0.0200451
v 0.0296324 -0.0722918 -0.0209513
v 0.0290462 -0.072566 -0.0218575
v 0.0294226 -0.0718457 -0.0235833
v 0.0295645 -0.0704174 -0.0272791
v 0.0290153 -0.0716451 -0.0251672
v 0.0289783 -0.0707162 -0.0278149
v 0.0293856 -0.070221 -0.0281538
v 0.0291757 -0.0699795 -0.0290836
v 0.0296324 -0.0695703 -0.0290836
v 0.0289536 -0.0725087 -0.0223776
v 0.0291449 -0.068142 -0.0325351
v 0.0290215 -0.0671393 -0.0341506
v 0.0291387 -0.0690423 -0.0308961
v 0.0284784 -0.06531 -0.0368219
v 0.0284784 -0.0649089 -0.037279
v 0.0284784 -0.0644588 -0.0377833
v 0.0288734 -0.067966 -0.033134
v 0.0286574 -0.0660917 -0.0357581
v 0.0280526 -0.0661735 -0.0358763
v 0.0284784 -0.0640331 -0.0382325
v 0.0284784 -0.0635789 -0.0387053
v 0.0284784 -0.0631369 -0.0391544
v 0.0275775 -0.0622816 -0.0401316
v 0.0275775 -0.0618314 -0.0405414
v 0.0275775 -0.0612953 -0.0409984
v 0.0282007 -0.060796 -0.0413294
v 0.0284784 -0.059732 -0.0421095
v 0.0284784 -0.0592818 -0.0424562
v 0.0284784 -0.0586925 -0.0429054
v 0.0284784 -0.0582382 -0.0432364
v 0.0287006 -0.0570473 -0.0439535
v 0.0289166 -0.0553162 -0.0448991
v 0.0290955 -0.0564416 -0.0441268
v 0.0292128 -0.0575834 -0.0433388
v 0.0275775 -0.0632187 -0.0392411
v 0.0275775 -0.0627645 -0.0396824
v 0.0291449 -0.0547146 -0.0450724
v 0.0289906 -0.0535891 -0.0458447
v 0.0295954 -0.0530653 -0.0455452
v 0.0291387 -0.0530653 -0.045955
v 0.0294226 -0.0521281 -0.0460969
v 0.029077 -0.05106 -0.0468139
v 0.0292436 -0.0503561 -0.0469479
v 0.0289906 -0.0490956 -0.0476492
v 0.029114 -0.0485472 -0.0477359
v 0.0295645 -0.0485472 -0.047334
v 0.0292683 -0.0476428 -0.047862
v 0.0295769 -0.0449336 -0.0482639
v 0.0291264 -0.0449336 -0.0486421
v 0.0284784 -0.0431247 -0.0491386
v 0.0281082 -0.0410334 -0.049438
v 0.0282748 -0.0404155 -0.0494617
v 0.0284784 -0.0422203 -0.0492489
v 0.0275775 -0.039511 -0.0495956
v 0.0275775 -0.0386066 -0.0496272
v 0.0284414 -0.0377022 -0.049509
v 0.0275775 -0.0377022 -0.0496272
v 0.0283797 -0.0367977 -0.0495011
v 0.0284723 -0.0349193 -0.049375
v 0.0282933 -0.0358933 -0.0494774
v 0.0281699 -0.0351689 -0.0494459
v 0.0279847 -0.0345673 -0.0494223
v 0.0275775 -0.0331841 -0.0493041
v 0.0284537 -0.0331554 -0.0491859
v 0.0288549 -0.0352835 0.0255336
v 0.0275775 -0.0331554 0.0267787
v 0.0280465 -0.033667 0.0265029
v 0.0292745 -0.0503561 0.0195526
v 0.0291079 -0.0510682 0.0193871
v 0.0291511 -0.0467424 0.0212547
v 0.0292189 -0.0485472 0.0204037
v 0.02904 -0.0449336 0.0220585
v 0.0292436 -0.0457561 0.0215384
v 0.0288795 -0.0380746 0.0246511
v 0.028824 -0.0407429 0.0237291
v 0.0289783 -0.0427727 0.0229095
v 0.0288302 -0.064336 0.010191
v 0.029114 -0.0654205 0.00861497
v 0.0290462 -0.0662595 0.00762207
v 0.028065 -0.0553366 0.0174565
v 0.02875 -0.04982 0.0201279
v 0.0284599 -0.0502947 0.0199702
v 0.0284969 -0.051326 0.0194659
v 0.0282069 -0.051768 0.0192926
v 0.0275775 -0.0575834 0.0161247
v 0.0275775 -0.0581809 0.0157465
v 0.0282254 -0.0581154 0.0156992
v 0.0285093 -0.0584428 0.015384
v 0.0284784 -0.0591426 0.0148876
v 0.0275775 -0.0586352 0.0154313
v 0.0167289 -0.059736 0.0155652
v 0.0239613 -0.0599161 0.0148009
v 0.0230542 -0.0599652 0.0148403
v 0.0166919 -0.0603704 0.0150452
v 0.0167289 -0.0617209 0.0138947
v 0.0167289 -0.0627031 0.0130594
v 0.0176299 -0.0631082 0.012626
v 0.0275775 -0.0616922 0.0129727
v 0.0275775 -0.0621424 0.0125708
v 0.0275775 -0.0626499 0.0121137
v 0.0275775 -0.0631042 0.0116882
v 0.0282131 -0.0635134 0.0111839
v 0.0289659 -0.0670943 0.00663705
v 0.0290708 -0.0680847 0.00498222
v 0.0289598 -0.0698035 0.00212173
v 0.0288857 -0.0706752 0.000246256
v 0.0284784 -0.0715265 -0.00169226
v 0.0284784 -0.0716984 -0.00214143
v 0.0284784 -0.0719644 -0.00288216
v 0.0284784 -0.0722427 -0.00378838
v 0.0289104 -0.0724882 -0.0051674
v 0.0292992 -0.0718702 -0.00378838
v 0.0296077 -0.0722713 -0.00649914
v 0.0291572 -0.0726437 -0.00649914
v 0.0286512 -0.0733394 -0.00920991
v 0.0288302 -0.0733722 -0.00995065
v 0.0285093 -0.0734663 -0.0102028
v 0.0284784 -0.0736054 -0.0119128
v 0.0275775 -0.0737773 -0.012819
v 0.0275775 -0.0738101 -0.0137252
v 0.0275775 -0.0736014 -0.0101161
v 0.0275775 -0.0736627 -0.0110145
v 0.0275775 -0.07372 -0.0119128
v 0.0275775 -0.0737896 -0.0146236
v 0.0275775 -0.0737037 -0.016436
v 0.0282995 -0.0734458 -0.0182406
v 0.0281205 -0.0734131 -0.0187922
v 0.0284476 -0.0732985 -0.0191153
v 0.0284784 -0.0731184 -0.0200451
v 0.0275775 -0.0737487 -0.0155298
v 0.0287006 -0.0715347 -0.025774
v 0.0286512 -0.0724473 -0.0229765
v 0.0284784 -0.0720135 -0.0245683
v 0.0284784 -0.0707816 -0.0279489
v 0.0284784 -0.0705852 -0.0283981
v 0.0284784 -0.0702578 -0.0290836
v 0.029003 -0.0698322 -0.0296274
v 0.0284784 -0.0710436 -0.0272791
v 0.0284784 -0.0729302 -0.0209513
v 0.0289721 -0.0689073 -0.0313925
v 0.0275775 -0.0653755 -0.0369007
v 0.0275775 -0.0649826 -0.0373578
v 0.0275775 -0.0645324 -0.0378621
v 0.0275775 -0.0641191 -0.0383113
v 0.0275775 -0.0636648 -0.038792
v 0.0284784 -0.0687272 -0.0319678
v 0.028534 -0.0682402 -0.0327794
v 0.0282686 -0.0680192 -0.0332128
v 0.0275775 -0.0677409 -0.033725
v 0.0275775 -0.0665459 -0.0354114
v 0.0275775 -0.0661981 -0.0359
v 0.0275775 -0.0658297 -0.036357
v 0.0266703 -0.0623266 -0.0401789
v 0.0224926 -0.0625435 -0.0403759
v 0.0167289 -0.0608656 -0.0422986
v 0.0167289 -0.0598793 -0.043126
v 0.0172658 -0.0598506 -0.0431024
v 0.0275775 -0.0608451 -0.0413688
v 0.027849 -0.059822 -0.0421804
v 0.0275775 -0.0587866 -0.0429842
v 0.0275775 -0.0583323 -0.0432994
v 0.0280958 -0.0571537 -0.0440165
v 0.0284291 -0.0575056 -0.0437249
v 0.0284291 -0.0567199 -0.0442056
v 0.0283118 -0.0554553 -0.0449779
v 0.0257694 -0.0633088 -0.0393357
v 0.0232886 -0.0634356 -0.0394618
v 0.0257694 -0.0628586 -0.0397691
v 0.0284784 -0.0541375 -0.0456556
v 0.0284784 -0.0536915 -0.045892
v 0.0284784 -0.0530653 -0.0461835
v 0.0282501 -0.0518376 -0.0467667
v 0.0285216 -0.0521486 -0.0465697
v 0.0288549 -0.0516616 -0.0466879
v 0.0285216 -0.0513219 -0.0469085
v 0.0284784 -0.0503561 -0.0472946
v 0.0284784 -0.0497136 -0.0475389
v 0.0284784 -0.0492634 -0.0477044
v 0.0284784 -0.0485472 -0.0479329
v 0.0284784 -0.0476428 -0.048193
v 0.0288178 -0.0461859 -0.0484924
v 0.0290091 -0.0455843 -0.0485633
v 0.0284784 -0.0440291 -0.0489967
v 0.0275775 -0.0431247 -0.0492568
v 0.0275651 -0.0421957 -0.0493829
v 0.0278675 -0.041635 -0.0494144
v 0.0275775 -0.0404155 -0.0495326
v 0.0257694 -0.039511 -0.0497217
v 0.0239613 -0.0386066 -0.0498793
v 0.0221532 -0.0377022 -0.0500133
v 0.0275775 -0.0367977 -0.0496114
v 0.0275775 -0.0358933 -0.0495641
v 0.0167289 -0.0340885 -0.0501394
v 0.0167289 -0.0331554 -0.0500527
v 0.0203451 -0.0331841 -0.0498084
v 0.0239613 -0.0331554 -0.0495562
v 0.0257694 -0.0333764 -0.0494538
v 0.026658 -0.033225 -0.049375
v 0.0275466 -0.0331554 -0.0493041
v 0.0286821 -0.0358933 0.0254469
v 0.0275775 -0.0331841 0.0267708
v 0.0256953 -0.0331554 0.0272042
v 0.0275775 -0.033843 0.026558
v 0.0280711 -0.0364048 0.0256045
v 0.0284167 -0.0367445 0.0253209
v 0.0290585 -0.0492184 0.0202539
v 0.0290091 -0.0473277 0.0211207
v 0.0289351 -0.045396 0.0219718
v 0.0282192 -0.0386066 0.0247614
v 0.0285031 -0.0404318 0.0239812
v 0.0280279 -0.0390609 0.0246826
v 0.0282254 -0.0644015 0.0102619
v 0.0280341 -0.065265 0.0093163
v 0.0286389 -0.0651831 0.00921386
v 0.0275775 -0.0548701 0.0177481
v 0.0275775 -0.0553735 0.0174801
v 0.0275775 -0.0558277 0.0172043
v 0.0275775 -0.0565603 0.0167552
v 0.0275775 -0.0512605 0.0196235
v 0.0275775 -0.0518376 0.0193241
v 0.0284784 -0.0467424 0.0215463
v 0.0284784 -0.0475077 0.0212074
v 0.0279601 -0.0480807 0.0210577
v 0.0281452 -0.0499509 0.020183
v 0.0275775 -0.0504789 0.0200096
v 0.0223753 -0.0561961 0.0174328
v 0.0203451 -0.0563352 0.0175195
v 0.0219804 -0.0589708 0.0156677
v 0.0225852 -0.0589339 0.0156441
v 0.019438 -0.0563925 0.0175589
v 0.0167289 -0.0592859 0.0158726
v 0.015828 -0.059777 0.0155968
v 0.0163648 -0.0607551 0.0147457
v 0.015828 -0.0627399 0.0130909
v 0.0167289 -0.0631533 0.0126654
v 0.0207771 -0.0634561 0.0120271
v 0.0275775 -0.0635625 0.0112312
v 0.0284784 -0.0668201 0.00718078
v 0.0284784 -0.0671598 0.00672373
v 0.0284784 -0.0675568 0.00615636
v 0.0284784 -0.067921 0.00560475
v 0.0284784 -0.0660221 0.00822884
v 0.028861 -0.0688582 0.00385536
v 0.0285278 -0.0691487 0.00350864
v 0.0282624 -0.0689441 0.00400508
v 0.0284784 -0.0696153 0.0026891
v 0.0284784 -0.0698608 0.00223993
v 0.0284784 -0.0701596 0.00163316
v 0.0285401 -0.0705566 0.000726945
v 0.028281 -0.070753 0.00041962
v 0.0285401 -0.0708962 -0.00010047
v 0.0279107 -0.0715838 -0.00155042
v 0.0284784 -0.0712891 -0.00107761
v 0.0275775 -0.072083 -0.00288216
v 0.027886 -0.0724841 -0.00427694
v 0.0283056 -0.0725619 -0.00488372
v 0.0285586 -0.0724391 -0.00462367
v 0.0285586 -0.0726601 -0.00552201
v 0.0284784 -0.0729015 -0.00649914
v 0.0284784 -0.0730939 -0.00740536
v 0.0290338 -0.0725578 -0.00577417
v 0.0284044 -0.0732821 -0.00837462
v 0.0280588 -0.0734049 -0.00872134
v 0.0282007 -0.0734377 -0.00920991
v 0.0284784 -0.0735359 -0.0110145
v 0.0257694 -0.0739001 -0.012819
v 0.0167289 -0.0745467 -0.0137252
v 0.0205117 -0.0742848 -0.0146236
v 0.0248622 -0.073982 -0.0146236
v 0.0266703 -0.0738551 -0.0146236
v 0.0275775 -0.0735072 -0.00920991
v 0.0266703 -0.0735727 -0.00920991
v 0.0248622 -0.0736996 -0.00920991
v 0.0212461 -0.0739492 -0.00920991
v 0.0164636 -0.0743134 -0.00956452
v 0.0170683 -0.074293 -0.00979304
v 0.0212461 -0.0740352 -0.0101161
v 0.0203451 -0.0740965 -0.0101161
v 0.0239613 -0.0739656 -0.0119128
v 0.0266703 -0.0737651 -0.016436
v 0.0257694 -0.0737487 -0.0173343
v 0.0275775 -0.0736259 -0.0173343
v 0.0266703 -0.0738142 -0.0155298
v 0.0198946 -0.0743012 -0.0150806
v 0.0275775 -0.0735277 -0.0182406
v 0.0275775 -0.0734377 -0.0189498
v 0.0275775 -0.0733681 -0.0193989
v 0.0275775 -0.0732535 -0.0200451
v 0.0284291 -0.0717065 -0.0254745
v 0.0284291 -0.0714078 -0.0263098
v 0.0284784 -0.0727297 -0.0218575
v 0.0280526 -0.0725005 -0.0232287
v 0.0284044 -0.0723368 -0.0235833
v 0.0275775 -0.0721444 -0.0245683
v 0.0280958 -0.0716083 -0.025971
v 0.0275775 -0.070843 -0.0280829
v 0.0275775 -0.0711786 -0.0272791
v 0.0275775 -0.0706384 -0.028532
v 0.0275775 -0.0703765 -0.0290836
v 0.0275775 -0.0699754 -0.0299268
v 0.0275775 -0.0697503 -0.030376
v 0.0284784 -0.0699058 -0.029785
v 0.0284784 -0.0696726 -0.0302341
v 0.0275775 -0.0730652 -0.0209513
v 0.0284784 -0.0693165 -0.0308961
v 0.0284784 -0.0689769 -0.0315186
v 0.0248622 -0.0659525 -0.0365067
v 0.0199378 -0.0661735 -0.0367746
v 0.0248622 -0.0642419 -0.0384452
v 0.0266703 -0.06416 -0.0383586
v 0.0248622 -0.0651013 -0.0374917
v 0.018537 -0.0653755 -0.0377991
v 0.0176299 -0.0641518 -0.039249
v 0.0257694 -0.0637467 -0.0388865
v 0.0275775 -0.0687968 -0.0321017
v 0.0275775 -0.069468 -0.0308961
v 0.0275775 -0.0684244 -0.0327006
v 0.0275775 -0.068056 -0.0332759
v 0.0167289 -0.0671066 -0.0359157
v 0.0266703 -0.0662349 -0.0359551
v 0.0221532 -0.0634888 -0.0395169
v 0.0203451 -0.0635748 -0.0396036
v 0.019438 -0.0631369 -0.0401001
v 0.0176299 -0.063231 -0.0401789
v 0.0167289 -0.063276 -0.0402183
v 0.0167289 -0.0628218 -0.0406202
v 0.015828 -0.0609024 -0.0423301
v 0.015828 -0.0603663 -0.0427793
v 0.015828 -0.059912 -0.0431497
v 0.015828 -0.0587825 -0.0438983
v 0.0167289 -0.0587416 -0.0438747
v 0.0175928 -0.0594659 -0.0433309
v 0.0239613 -0.0589994 -0.0431418
v 0.0178705 -0.0598138 -0.0430788
v 0.027559 -0.0602108 -0.0418889
v 0.027559 -0.05947 -0.042472
v 0.0266703 -0.0576939 -0.043788
v 0.0275775 -0.0576407 -0.0437486
v 0.0275775 -0.056679 -0.0443553
v 0.0275775 -0.0560037 -0.044773
v 0.0221532 -0.0563598 -0.0449936
v 0.0248622 -0.056192 -0.0448833
v 0.0275775 -0.0555535 -0.045033
v 0.0275775 -0.0548701 -0.0453876
v 0.0275775 -0.0537897 -0.0459471
v 0.0275775 -0.0530653 -0.0463017
v 0.0275775 -0.0523941 -0.0466169
v 0.0275775 -0.0519399 -0.0468139
v 0.0275775 -0.0512605 -0.0470898
v 0.0278181 -0.0498609 -0.047602
v 0.0275775 -0.0485472 -0.0480432
v 0.0275775 -0.0476428 -0.0483112
v 0.0282131 -0.0464437 -0.0485555
v 0.0285031 -0.0467424 -0.0484215
v 0.0285031 -0.0458666 -0.0486264
v 0.0284784 -0.0449336 -0.0488313
v 0.0275775 -0.0440291 -0.0490913
v 0.0257694 -0.0427891 -0.0494459
v 0.0262631 -0.0426909 -0.0494223
v 0.0268678 -0.0424781 -0.0494065
v 0.0248622 -0.0422203 -0.049572
v 0.0239613 -0.0422203 -0.049635
v 0.018537 -0.0422203 -0.0500133
v 0.0239613 -0.0413199 -0.0497138
v 0.0257694 -0.0413199 -0.0495878
v 0.0266703 -0.0413199 -0.0495247
v 0.0257694 -0.0404155 -0.0496587
v 0.0230542 -0.0386066 -0.0499424
v 0.0248622 -0.0404155 -0.0497217
v 0.0203451 -0.0413199 -0.0499581
v 0.0221532 -0.039511 -0.0499581
v 0.0167474 -0.038623 -0.05036
v 0.0173522 -0.0383283 -0.0503364
v 0.0212461 -0.0377022 -0.0500763
v 0.0257694 -0.0367977 -0.0497375
v 0.0171856 -0.0372479 -0.0503285
v 0.0162846 -0.0363394 -0.0503285
v 0.0166425 -0.0359792 -0.0502812
v 0.015828 -0.0340885 -0.0501866
v 0.015828 -0.0331554 -0.0501
v 0.0257694 -0.0331554 -0.0494302
v 0.0250535 -0.0331554 0.0273382
v 0.0275775 -0.0370269 0.02551
v 0.0275775 -0.0365726 0.0256597
v 0.0275775 -0.0349929 0.0261798
v 0.0284784 -0.0460099 0.0218615
v 0.0287376 -0.0433743 0.0227992
v 0.0282254 -0.0410744 0.0238552
v 0.0284537 -0.043096 0.023012
v 0.0281329 -0.0436731 0.0229095
v 0.0270159 -0.0371947 0.0255651
v 0.0264112 -0.0373338 0.0256203
v 0.0277503 -0.04168 0.0237448
v 0.0275775 -0.0644424 0.0103092
v 0.0266703 -0.0653264 0.00938722
v 0.0230542 -0.0659361 0.00904837
v 0.0275775 -0.0656865 0.00886713
v 0.0275775 -0.0661162 0.00834704
v 0.0275775 -0.0648926 0.00979699
v 0.0257694 -0.0548701 0.0179057
v 0.0248622 -0.050749 0.0201357
v 0.0243377 -0.050794 0.0201594
v 0.0221532 -0.0509822 0.0202539
v 0.0266703 -0.0554389 0.0175195
v 0.0212461 -0.0550379 0.0182051
v 0.0203451 -0.0551075 0.0182445
v 0.0212461 -0.0557745 0.0177875
v 0.0275775 -0.0457725 0.0221373
v 0.0275775 -0.0462227 0.0219403
v 0.0230542 -0.0448599 0.0230514
v 0.0276268 -0.0484899 0.020908
v 0.0219372 -0.045441 0.0229017
v 0.0221532 -0.0477533 0.0218142
v 0.0230542 -0.0495376 0.0209001
v 0.0221532 -0.0496358 0.0209395
v 0.0203451 -0.0557745 0.0178584
v 0.019438 -0.0557745 0.0179293
v 0.018537 -0.0557745 0.0179923
v 0.018537 -0.0564416 0.0175904
v 0.018537 -0.0568918 0.0172989
v 0.015828 -0.0593268 0.0158962
v 0.0176299 -0.0569409 0.0173304
v 0.0167289 -0.0575834 0.0169758
v 0.015828 -0.0586311 0.0163533
v 0.0149208 -0.0593514 0.0159199
v 0.0140199 -0.0598302 0.0156362
v 0.015828 -0.0607714 0.0147615
v 0.0052139 -0.0634479 0.0129254
v 0.0140199 -0.0632351 0.0127363
v 0.015828 -0.0631901 0.0126969
v 0.0149208 -0.0612462 0.014399
v 0.0167289 -0.0636403 0.0122162
v 0.019438 -0.0635175 0.0120901
v 0.0248622 -0.0636935 0.011373
v 0.0266703 -0.0640577 0.0108056
v 0.0275775 -0.0672335 0.00682617
v 0.0275775 -0.0669061 0.00728322
v 0.0279045 -0.067966 0.00569143
v 0.0284784 -0.0681911 0.00515558
v 0.0285278 -0.0686781 0.00432029
v 0.0275775 -0.068719 0.00454093
v 0.0275775 -0.0689973 0.00408389
v 0.0275775 -0.0693575 0.00344559
v 0.0275775 -0.0699263 0.00235813
v 0.0275775 -0.0702864 0.00163316
v 0.0275775 -0.069693 0.00281518
v 0.0275775 -0.0705975 0.000979109
v 0.0275775 -0.0708021 0.000529941
v 0.0275775 -0.0710886 -0.000171392
v 0.027596 -0.0714569 -0.00114853
v 0.0257694 -0.0714978 -0.000880604
v 0.0239613 -0.0717311 -0.00114853
v 0.0266703 -0.0718334 -0.00198382
v 0.027596 -0.0717352 -0.00190502
v 0.0266703 -0.0721485 -0.00288216
v 0.0242328 -0.0724841 -0.00337861
v 0.0257694 -0.0724268 -0.00355985
v 0.0266703 -0.0723941 -0.00367017
v 0.0275775 -0.0723818 -0.00385142
v 0.0275775 -0.0725987 -0.00462367
v 0.0275775 -0.0728442 -0.00559293
v 0.0257694 -0.0725619 -0.00400902
v 0.0212461 -0.0730734 -0.00469459
v 0.0275775 -0.0730407 -0.00649914
v 0.0275775 -0.0732126 -0.00740536
v 0.0275775 -0.0733476 -0.00816185
v 0.0275775 -0.0734213 -0.00861102
v 0.0248622 -0.0739615 -0.012819
v 0.015828 -0.0745385 -0.012819
v 0.015828 -0.0745876 -0.0137252
v 0.015828 -0.0745795 -0.0146236
v 0.0167289 -0.0745344 -0.0146236
v 0.0176299 -0.0744771 -0.0146236
v 0.0176299 -0.0744362 -0.012819
v 0.0167536 -0.0743339 -0.0101004
v 0.0230542 -0.0736832 -0.0083037
v 0.0203451 -0.0740106 -0.00920991
v 0.0176299 -0.0741907 -0.00920991
v 0.0167536 -0.0742521 -0.00924143
v 0.015828 -0.0742684 -0.00901291
v 0.015828 -0.0743298 -0.00946996
v 0.015828 -0.0743789 -0.0101161
v 0.017636 -0.0742766 -0.0101004
v 0.0212461 -0.0740925 -0.0110145
v 0.0230542 -0.074027 -0.0119128
v 0.0248622 -0.0738837 -0.016436
v 0.0248622 -0.0738101 -0.0173343
v 0.0221532 -0.0739042 -0.0182406
v 0.0239613 -0.0737814 -0.0182406
v 0.019438 -0.0743175 -0.0152697
v 0.0221532 -0.0737896 -0.0191468
v 0.0257694 -0.0735359 -0.0191468
v 0.0269912 -0.0733885 -0.0195329
v 0.0263926 -0.073409 -0.019659
v 0.0257694 -0.0734336 -0.0197693
v 0.0248622 -0.0734663 -0.019919
v 0.0257694 -0.0733435 -0.0202185
v 0.0275775 -0.0726437 -0.0227638
v 0.0203451 -0.0729588 -0.0236621
v 0.0252202 -0.0724882 -0.0240876
v 0.0257694 -0.0724677 -0.0240088
v 0.0266703 -0.072435 -0.0238749
v 0.0275775 -0.0723982 -0.0237488
v 0.0266703 -0.072214 -0.0245683
v 0.0275775 -0.0716329 -0.0260419
v 0.0275775 -0.0714733 -0.0264911
v 0.0230542 -0.0711418 -0.0281853
v 0.0266025 -0.070843 -0.0282483
v 0.0262569 -0.0706916 -0.0286423
v 0.0257694 -0.0715387 -0.0266802
v 0.0230542 -0.0714651 -0.0273973
v 0.0197897 -0.0715838 -0.0277125
v 0.0239613 -0.0705647 -0.0292806
v 0.0221532 -0.0706302 -0.0294225
v 0.0269851 -0.0697749 -0.0304233
v 0.0181976 -0.073409 -0.0223461
v 0.0185123 -0.0733108 -0.0226928
v 0.018537 -0.0730898 -0.0236621
v 0.0167289 -0.0667628 -0.0363649
v 0.0176299 -0.0662717 -0.036885
v 0.0167289 -0.0654532 -0.0378857
v 0.0257694 -0.0662758 -0.0360024
v 0.019438 -0.06407 -0.0391623
v 0.0167289 -0.0645938 -0.0388392
v 0.0167289 -0.0641887 -0.0392884
v 0.0167289 -0.0637385 -0.0397691
v 0.018537 -0.0636566 -0.0396903
v 0.0259854 -0.0688582 -0.0322199
v 0.0221532 -0.0693984 -0.0317944
v 0.0239613 -0.0692551 -0.0317944
v 0.0248622 -0.0689073 -0.0322908
v 0.0230542 -0.0686904 -0.0328661
v 0.0203451 -0.0687968 -0.0330316
v 0.0167289 -0.06894 -0.0332443
v 0.0167289 -0.0681788 -0.0343554
v 0.015828 -0.0682075 -0.0343948
v 0.015828 -0.0671311 -0.0359551
v 0.015828 -0.0667915 -0.0364043
v 0.015828 -0.0633088 -0.0402498
v 0.015828 -0.0628586 -0.0406438
v 0.015828 -0.0623307 -0.0411008
v 0.0140199 -0.0619255 -0.0415264
v 0.0104037 -0.0629896 -0.040762
v 0.0049794 -0.0621015 -0.041747
v 0.00588036 -0.0611398 -0.042535
v 0.00678749 -0.0605873 -0.0429684
v 0.0140199 -0.0604113 -0.0428187
v 0.0149208 -0.0628791 -0.0406674
v 0.0122118 -0.0600021 -0.0432206
v 0.00588036 -0.0595191 -0.043788
v 0.00768846 -0.0594659 -0.0437565
v 0.0122118 -0.0593882 -0.0436382
v 0.0149208 -0.0593882 -0.0435358
v 0.0149208 -0.0583569 -0.0442135
v 0.015828 -0.0576407 -0.0446469
v 0.0165253 -0.0571619 -0.0449227
v 0.0176299 -0.0566421 -0.0451749
v 0.019438 -0.0565275 -0.045104
v 0.0266703 -0.0560651 -0.0448124
v 0.0167289 -0.0559587 -0.0456634
v 0.018537 -0.0558318 -0.0455925
v 0.0190924 -0.0553407 -0.0458132
v 0.0212461 -0.0551729 -0.0457344
v 0.0230542 -0.0550338 -0.0456634
v 0.0194133 -0.0549438 -0.0459865
v 0.0239613 -0.0539697 -0.0461284
v 0.0266703 -0.0530653 -0.0463727
v 0.018537 -0.0553776 -0.0458368
v 0.0246216 -0.0526479 -0.0467273
v 0.0176299 -0.051768 -0.0476414
v 0.0203451 -0.0515061 -0.0475389
v 0.0275404 -0.0502783 -0.047468
v 0.0275404 -0.0495171 -0.0477359
v 0.0232948 -0.0507612 -0.047602
v 0.0221532 -0.0508799 -0.0476414
v 0.0167289 -0.0512605 -0.0478856
v 0.0221532 -0.0481748 -0.0485476
v 0.0257694 -0.0472867 -0.0485476
v 0.0275775 -0.0470371 -0.0484767
v 0.0221532 -0.0476428 -0.0487052
v 0.0275775 -0.0465869 -0.048587
v 0.0275775 -0.045838 -0.0487525
v 0.0257694 -0.0440291 -0.0492174
v 0.0242822 -0.0435298 -0.0494144
v 0.0248622 -0.0429651 -0.0494774
v 0.0167289 -0.0431247 -0.0500133
v 0.0167289 -0.0422203 -0.0501315
v 0.0230542 -0.0413199 -0.0497769
v 0.0167289 -0.0413199 -0.0501945
v 0.0167474 -0.0395315 -0.0503048
v 0.0160501 -0.0398466 -0.0503206
v 0.015828 -0.0386066 -0.0503994
v 0.015828 -0.0377022 -0.0504152
v 0.0167289 -0.0377022 -0.0503758
v 0.018537 -0.0377022 -0.0502576
v 0.015828 -0.0367977 -0.0503758
v 0.015828 -0.0362289 -0.0503364
v 0.0149208 -0.0349929 -0.0502812
v 0.0149208 -0.0340885 -0.0502182
v 0.0148961 -0.0331554 -0.0501315
v 0.0221779 -0.0331554 0.0278662
v 0.0275775 -0.0449336 0.0224919
v 0.0275775 -0.0431247 0.0232169
v 0.0275775 -0.0437877 0.0229568
v 0.0275775 -0.0442419 0.0227756
v 0.0212461 -0.0331554 0.0280316
v 0.0248622 -0.0367977 0.0260774
v 0.0257694 -0.0374689 0.0256755
v 0.0239613 -0.0377022 0.0258725
v 0.018537 -0.0640127 0.0116409
v 0.0167289 -0.0640904 0.0117276
v 0.0167289 -0.0644956 0.0112785
v 0.0167289 -0.0649499 0.0107741
v 0.0167289 -0.0658052 0.00982063
v 0.0179693 -0.0661571 0.00930842
v 0.0203451 -0.0660548 0.00919022
v 0.0239613 -0.0658952 0.00900109
v 0.0239613 -0.0662758 0.00854405
v 0.0257694 -0.066194 0.00844948
v 0.0230542 -0.0667669 0.00800031
v 0.0212461 -0.0545877 0.0184415
v 0.0230542 -0.0503561 0.0204982
v 0.0212461 -0.0515061 0.0200569
v 0.0221532 -0.0503561 0.020577
v 0.0212461 -0.0503561 0.0206558
v 0.0203451 -0.0528893 0.0194029
v 0.015828 -0.0518703 0.0202461
v 0.019438 -0.0551648 0.018276
v 0.0266703 -0.0449336 0.0226022
v 0.0217089 -0.043579 0.0237764
v 0.0212461 -0.0440782 0.0235951
v 0.0212461 -0.0473972 0.0220664
v 0.0221532 -0.0491856 0.0211523
v 0.0212461 -0.0497218 0.0209789
v 0.0167659 -0.0557009 0.0181499
v 0.0167289 -0.0565357 0.0176535
v 0.0164944 -0.0553489 0.0183706
v 0.0131127 -0.058275 0.0167079
v 0.015828 -0.0581809 0.0166448
v 0.0131251 -0.0567608 0.0176929
v 0.0140199 -0.0575834 0.0171176
v 0.0113046 -0.0571946 0.0174959
v 0.0131127 -0.0587252 0.0164084
v 0.00949655 -0.0599407 0.0157229
v 0.0135632 -0.0598425 0.0156441
v 0.0049794 -0.0605013 0.0154392
v 0.00582483 -0.0593022 0.0162981
v 0.0049794 -0.0594046 0.0162587
v 0.00407844 -0.0630059 0.0133431
v 0.00407844 -0.0634725 0.0129412
v 0.00412781 -0.0640086 0.0123974
v 0.00446721 -0.0643605 0.0120271
v 0.00768846 -0.0638408 0.0124211
v 0.0131127 -0.0637262 0.0123029
v 0.015828 -0.0636689 0.0122398
v 0.015828 -0.0641191 0.0117591
v 0.0275898 -0.0677368 0.00607756
v 0.0235725 -0.0670779 0.00751963
v 0.0166425 -0.0691119 0.00532107
v 0.0230542 -0.0689032 0.0048325
v 0.0167289 -0.0696194 0.00450153
v 0.0266703 -0.0690341 0.00414693
v 0.0230542 -0.0696276 0.00359532
v 0.0266703 -0.069959 0.00242906
v 0.0246648 -0.070708 0.00122339
v 0.0246524 -0.0698035 0.00302795
v 0.0188826 -0.0715838 0.000254136
v 0.0257694 -0.0712277 -0.000171392
v 0.0203451 -0.0716984 -0.000336874
v 0.0212461 -0.0714937 2.56122e-05
v 0.0221532 -0.0718334 -0.00107761
v 0.0239613 -0.0720257 -0.00198382
v 0.0248622 -0.0722754 -0.00288216
v 0.0236281 -0.0725046 -0.00331557
v 0.0167289 -0.0731266 -0.00378838
v 0.018537 -0.0730039 -0.00378838
v 0.019438 -0.0729425 -0.00378838
v 0.0230542 -0.0726887 -0.00378838
v 0.0248622 -0.0725946 -0.0038987
v 0.0177101 -0.0733272 -0.00473399
v 0.0174633 -0.0734172 -0.00505708
v 0.0167289 -0.0733394 -0.00449759
v 0.0257694 -0.0731594 -0.00649914
v 0.019438 -0.0739247 -0.0083037
v 0.0266703 -0.073274 -0.00740536
v 0.0177101 -0.0734909 -0.00550625
v 0.0167289 -0.0735727 -0.00559293
v 0.0266703 -0.0733804 -0.00797273
v 0.0190739 -0.0743094 -0.0122674
v 0.0122118 -0.0746531 -0.012819
v 0.015828 -0.0744853 -0.0119128
v 0.0049794 -0.0749314 -0.0137252
v 0.0167289 -0.074469 -0.0155298
v 0.00859559 -0.0748086 -0.0146236
v 0.015828 -0.0743748 -0.0173343
v 0.0163957 -0.0743094 -0.0178859
v 0.0173337 -0.0743134 -0.0103919
v 0.0221532 -0.0737446 -0.0083037
v 0.0176299 -0.0740433 -0.0083037
v 0.0167289 -0.0741006 -0.0083037
v 0.015828 -0.0741457 -0.0083037
v 0.0136064 -0.0743053 -0.00875286
v 0.0049794 -0.0746368 -0.00920991
v 0.00768846 -0.0746368 -0.0101161
v 0.00859559 -0.0746081 -0.0101161
v 0.0185925 -0.0742807 -0.0164675
v 0.0230542 -0.0739287 -0.0173343
v 0.018537 -0.0741457 -0.0182406
v 0.0212461 -0.0739656 -0.0182406
v 0.018537 -0.0740352 -0.0191468
v 0.0176299 -0.0740965 -0.0191468
v 0.0167289 -0.073986 -0.0200451
v 0.0230542 -0.07257 -0.024324
v 0.0221532 -0.0726028 -0.0244265
v 0.0248993 -0.0723695 -0.0245053
v 0.0266703 -0.0718989 -0.0254745
v 0.0248622 -0.0720339 -0.0254745
v 0.0212461 -0.0712768 -0.0281853
v 0.0176299 -0.0714733 -0.0283587
v 0.0230542 -0.0708144 -0.0289024
v 0.0239613 -0.0720994 -0.0254745
v 0.0204253 -0.0726478 -0.024655
v 0.019438 -0.0727501 -0.0245683
v 0.0212461 -0.0722959 -0.0254745
v 0.0212461 -0.0716984 -0.0271215
v 0.018537 -0.0716288 -0.0278228
v 0.0176299 -0.0718948 -0.0272791
v 0.0212461 -0.0708839 -0.0290363
v 0.0201044 -0.0707039 -0.0295722
v 0.018537 -0.0710599 -0.0290836
v 0.0167289 -0.0711909 -0.0290836
v 0.019438 -0.0700736 -0.0308961
v 0.0206166 -0.0697708 -0.0313216
v 0.018537 -0.0696112 -0.0319205
v 0.0176299 -0.0734254 -0.0224328
v 0.0176299 -0.0733272 -0.022882
v 0.0176299 -0.0735482 -0.0218575
v 0.0176299 -0.073143 -0.0236621
v 0.018537 -0.0728115 -0.0245683
v 0.015828 -0.0663413 -0.0369638
v 0.0167289 -0.0663086 -0.0369244
v 0.0167289 -0.0659034 -0.0373814
v 0.015828 -0.0646225 -0.0388708
v 0.015828 -0.0642173 -0.0393199
v 0.015828 -0.0637671 -0.0398006
v 0.0239613 -0.06894 -0.0323539
v 0.0203451 -0.0690874 -0.0325745
v 0.019438 -0.0691242 -0.0326297
v 0.0167289 -0.0692879 -0.0327006
v 0.015828 -0.0689687 -0.0332837
v 0.0110948 -0.0679865 -0.034978
v 0.0149208 -0.0671516 -0.0359788
v 0.0122118 -0.0690382 -0.0333862
v 0.0122118 -0.0668692 -0.0365067
v 0.0149208 -0.0633333 -0.0402734
v 0.0113046 -0.0634193 -0.0403522
v 0.00987298 -0.063452 -0.0403837
v 0.00588036 -0.0625721 -0.0413057
v 0.00407844 -0.061635 -0.0421804
v 0.0049794 -0.0611643 -0.0425508
v 0.0049794 -0.0630428 -0.0409354
v 0.00407844 -0.0630632 -0.0409511
v 0.00588036 -0.0606118 -0.0429842
v 0.0113046 -0.0600266 -0.0432364
v 0.00407844 -0.0595683 -0.0438195
v 0.0049794 -0.0590935 -0.0441032
v 0.0100951 -0.0589462 -0.0440086
v 0.00949655 -0.0584878 -0.0443317
v 0.0149208 -0.0572151 -0.0449621
v 0.015828 -0.056679 -0.0452773
v 0.0167845 -0.0567649 -0.0451591
v 0.015828 -0.0560078 -0.0456871
v 0.0167289 -0.0555085 -0.0458998
v 0.0167289 -0.0548701 -0.0462151
v 0.019438 -0.0534827 -0.0466957
v 0.0248993 -0.0529957 -0.0465381
v 0.0239613 -0.052697 -0.0467509
v 0.0167289 -0.0522918 -0.0474601
v 0.0167289 -0.0518376 -0.0476729
v 0.0176299 -0.0512605 -0.0478226
v 0.0257694 -0.0494517 -0.0478778
v 0.015828 -0.0512605 -0.0479329
v 0.0167289 -0.0496276 -0.0484294
v 0.0167289 -0.0491775 -0.0485791
v 0.0176299 -0.0476428 -0.0490204
v 0.018537 -0.0476428 -0.0489573
v 0.0176299 -0.0467424 -0.0492489
v 0.018537 -0.0467424 -0.0491859
v 0.0257694 -0.0467424 -0.0486815
v 0.0248622 -0.0440291 -0.0492804
v 0.016914 -0.046194 -0.0494065
v 0.0176299 -0.0460672 -0.0493829
v 0.0167289 -0.0440291 -0.0498399
v 0.015828 -0.0431247 -0.0500606
v 0.015828 -0.0422203 -0.0501788
v 0.0149208 -0.0413199 -0.0502654
v 0.0140199 -0.039511 -0.0504073
v 0.0140199 -0.0386066 -0.0504625
v 0.0149208 -0.0377022 -0.0504467
v 0.0144395 -0.0354554 -0.0503285
v 0.0122118 -0.0377022 -0.0505334
v 0.00678749 -0.0367977 -0.0506595
v 0.0119773 -0.0344364 -0.0503364
v 0.012255 -0.0341171 -0.0503048
v 0.0113046 -0.0338307 -0.0503127
v 0.0107246 -0.0336956 -0.0503206
v 0.00949655 -0.0335074 -0.0503443
v 0.0140199 -0.0331841 -0.050163
v 0.00894733 -0.0331554 -0.0503206
v 0.0214559 -0.0371742 0.0264635
v 0.0212461 -0.0404155 0.0251475
v 0.0205549 -0.0331554 0.028142
v 0.0239613 -0.0367977 0.0262192
v 0.0203451 -0.0340885 0.0278189
v 0.015828 -0.0645242 0.01131
v 0.015828 -0.0653837 0.0103565
v 0.015828 -0.0662431 0.0093951
v 0.0167289 -0.0662103 0.00936358
v 0.0173707 -0.0661858 0.00933206
v 0.0167289 -0.0666278 0.00886713
v 0.018537 -0.0665132 0.00882773
v 0.0176299 -0.0670002 0.00830764
v 0.0203451 -0.0497954 0.0210104
v 0.0185864 -0.0502824 0.0208843
v 0.0149208 -0.0501637 0.0211996
v 0.015828 -0.0523205 0.0200096
v 0.0149208 -0.0512605 0.0206243
v 0.0212461 -0.043624 0.0238
v 0.0206536 -0.0417332 0.0246668
v 0.0176299 -0.039511 0.0259276
v 0.018537 -0.0404769 0.0254233
v 0.0167289 -0.039511 0.0260222
v 0.0203451 -0.043714 0.0238394
v 0.015828 -0.0440291 0.0240916
v 0.01713 -0.0444711 0.0237764
v 0.019438 -0.0461368 0.0228071
v 0.0203451 -0.0474832 0.0221058
v 0.0212461 -0.0485472 0.0215305
v 0.0212461 -0.0492716 0.0211917
v 0.0203451 -0.0485472 0.0216093
v 0.0203451 -0.0493412 0.0212311
v 0.015828 -0.0558359 0.0181263
v 0.015828 -0.0565767 0.0176771
v 0.015828 -0.0575834 0.017031
v 0.0149208 -0.0530653 0.0196708
v 0.015828 -0.0548701 0.0186621
v 0.0149208 -0.0548701 0.0187094
v 0.0140199 -0.0554635 0.0184336
v 0.0140199 -0.0566462 0.0177244
v 0.0122118 -0.056679 0.0177875
v 0.0104037 -0.056679 0.0178663
v 0.0104037 -0.0572192 0.0175116
v 0.00548542 -0.0589421 0.0165503
v 0.00859559 -0.0584019 0.0167946
v 0.00678749 -0.0600061 0.0157701
v 0.00407844 -0.0605218 0.0154549
v 0.00678749 -0.0589053 0.0165266
v 0.00407844 -0.0594209 0.0162745
v 0.00407844 -0.0600675 0.0158174
v 0.00317131 -0.0630059 0.0133509
v 0.00317131 -0.0634766 0.012949
v 0.00317131 -0.0639267 0.012492
v 0.00386246 -0.0643687 0.0120349
v 0.0140199 -0.06416 0.0118064
v 0.00407844 -0.0652241 0.0110814
v 0.0049794 -0.0656128 0.0106086
v 0.00678749 -0.0660262 0.0100649
v 0.0221532 -0.0671352 0.00759843
v 0.015828 -0.069206 0.00525015
v 0.015828 -0.069648 0.00454881
v 0.0176299 -0.0673071 0.00785847
v 0.0167289 -0.0670329 0.0083628
v 0.0162784 -0.0688786 0.00569931
v 0.0167289 -0.0698608 0.00404448
v 0.018358 -0.0698035 0.00393416
v 0.0203451 -0.0697299 0.00379232
v 0.0239613 -0.0705074 0.00172772
v 0.0249178 -0.0699877 0.00262606
v 0.0167289 -0.0714405 0.000876668
v 0.0176299 -0.0714078 0.000813626
v 0.0167289 -0.0716615 0.0004275
v 0.0182778 -0.0716042 0.000309297
v 0.0176299 -0.0707325 0.00217689
v 0.0176299 -0.0718293 -0.000171392
v 0.0185617 -0.0717352 -9.259e-05
v 0.019438 -0.0717311 -0.000250192
v 0.019438 -0.0715633 0.000198976
v 0.0203451 -0.0719603 -0.00107761
v 0.0167289 -0.0722058 -0.00107761
v 0.0212461 -0.0724309 -0.00262211
v 0.0203451 -0.0726151 -0.0029846
v 0.018537 -0.072701 -0.00288216
v 0.0167289 -0.0725823 -0.00218083
v 0.015828 -0.0724514 -0.00166074
v 0.015828 -0.0731716 -0.00378838
v 0.015828 -0.073364 -0.00439515
v 0.0167289 -0.0734417 -0.00494676
v 0.0261643 -0.0733967 -0.00787817
v 0.015828 -0.0736177 -0.00559293
v 0.0113046 -0.0746818 -0.012819
v 0.0104037 -0.0746572 -0.0119128
v 0.00407844 -0.074956 -0.0137252
v 0.0049794 -0.0749191 -0.0146236
v 0.00768846 -0.0748373 -0.0146236
v 0.0049794 -0.074825 -0.0119128
v 0.0149208 -0.0744035 -0.0173343
v 0.0140199 -0.0743626 -0.0182406
v 0.015828 -0.0743216 -0.0180278
v 0.015828 -0.0742848 -0.018477
v 0.0167104 -0.0742643 -0.018209
v 0.0131127 -0.0743134 -0.00871346
v 0.0049794 -0.0744935 -0.0083037
v 0.00407844 -0.0746613 -0.00920991
v 0.0049794 -0.0747186 -0.0101161
v 0.0176299 -0.0742029 -0.0182406
v 0.0167289 -0.0741538 -0.0191468
v 0.015828 -0.0740311 -0.0200451
v 0.0167289 -0.0735973 -0.0218575
v 0.0167289 -0.071506 -0.0284296
v 0.0176299 -0.0716615 -0.0279016
v 0.018537 -0.0725741 -0.0252302
v 0.019438 -0.0723777 -0.0256006
v 0.0176299 -0.0724391 -0.0257661
v 0.0167289 -0.071948 -0.0272791
v 0.0167289 -0.0716902 -0.0279804
v 0.0167289 -0.0708226 -0.0298086
v 0.0167289 -0.0705934 -0.0302578
v 0.015828 -0.07124 -0.0290836
v 0.015828 -0.0715306 -0.0284847
v 0.0167289 -0.0696767 -0.0320466
v 0.0167289 -0.0733476 -0.0229844
v 0.015828 -0.0732208 -0.0236621
v 0.0104037 -0.0733681 -0.0240009
v 0.00949655 -0.0733885 -0.0240719
v 0.0176299 -0.0728647 -0.0245683
v 0.015828 -0.0733681 -0.0230711
v 0.014421 -0.0733967 -0.023205
v 0.0131127 -0.0734254 -0.0233154
v 0.0049794 -0.0670207 -0.0367037
v 0.00588036 -0.06655 -0.0371923
v 0.00678749 -0.0661244 -0.0376257
v 0.00588036 -0.0652854 -0.0386028
v 0.0140199 -0.0642582 -0.0393672
v 0.0149208 -0.0646429 -0.0388944
v 0.0049794 -0.0640168 -0.0400291
v 0.015828 -0.0697012 -0.0320938
v 0.015828 -0.069337 -0.0327006
v 0.0140199 -0.0694066 -0.0327006
v 0.0049794 -0.0696276 -0.0328976
v 0.00678749 -0.0680683 -0.0350962
v 0.00678749 -0.0684694 -0.034513
v 0.00949655 -0.0672539 -0.0361285
v 0.00678749 -0.0691406 -0.0335359
v 0.00407844 -0.063583 -0.040502
v 0.00317131 -0.0611889 -0.0425744
v 0.00407844 -0.0606528 -0.0430157
v 0.00317131 -0.0630673 -0.040959
v 0.0049794 -0.0601821 -0.0433546
v 0.00317131 -0.0595723 -0.0438274
v 0.00407844 -0.059114 -0.0441189
v 0.00407844 -0.0602026 -0.0433703
v 0.0049794 -0.0579517 -0.0448518
v 0.0104037 -0.056679 -0.0454822
v 0.00981127 -0.0562165 -0.0458053
v 0.0140199 -0.0560692 -0.0457265
v 0.015828 -0.0555576 -0.0459235
v 0.0167289 -0.0536792 -0.0467903
v 0.015828 -0.0548701 -0.0462623
v 0.015828 -0.0530653 -0.047137
v 0.015828 -0.0523409 -0.0474838
v 0.015828 -0.0518908 -0.0476965
v 0.00768846 -0.0512605 -0.0482009
v 0.015828 -0.0496972 -0.048453
v 0.015828 -0.0492429 -0.0486027
v 0.015828 -0.0485472 -0.0488313
v 0.0167289 -0.0485472 -0.048784
v 0.0167289 -0.0476428 -0.0490755
v 0.015828 -0.0467997 -0.0493435
v 0.016661 -0.0466565 -0.0493277
v 0.0163155 -0.0463004 -0.0494223
v 0.016661 -0.0458707 -0.0494853
v 0.015828 -0.045838 -0.0495326
v 0.0149208 -0.045838 -0.0495641
v 0.0122118 -0.045838 -0.0496508
v 0.0131127 -0.0431247 -0.0501472
v 0.00768846 -0.042875 -0.0503679
v 0.0100087 -0.0426827 -0.0503285
v 0.0106135 -0.0425599 -0.0503206
v 0.00859559 -0.0422203 -0.0504073
v 0.0131127 -0.0414959 -0.0503127
v 0.0049794 -0.0386066 -0.0507461
v 0.00768846 -0.0377022 -0.0506752
v 0.00407844 -0.0377022 -0.0507855
v 0.0049794 -0.0367977 -0.0507146
v 0.00588036 -0.0349929 -0.0505649
v 0.00768846 -0.0340885 -0.0504467
v 0.00407844 -0.0340885 -0.050557
v 0.0049794 -0.0331841 -0.0504467
v 0.00619508 -0.0331554 -0.0504073
v 0.0203451 -0.0348579 0.0275194
v 0.019438 -0.0340885 0.027945
v 0.0149208 -0.0331554 0.028859
v 0.0203451 -0.0373379 0.0265265
v 0.0212461 -0.0386066 0.0258961
v 0.0203451 -0.0404155 0.0252499
v 0.019438 -0.0331554 0.0283074
v 0.0122118 -0.0659116 0.00993883
v 0.0140199 -0.0662799 0.00944238
v 0.0049794 -0.0669224 0.00913506
v 0.015828 -0.0666851 0.00886713
v 0.015828 -0.0670616 0.0084022
v 0.0185864 -0.0495376 0.0212626
v 0.0176299 -0.0499837 0.021105
v 0.0149208 -0.0494517 0.0215542
v 0.0140199 -0.0494517 0.0216093
v 0.0140199 -0.0502129 0.0212232
v 0.0140199 -0.050663 0.0209868
v 0.0140199 -0.0512605 0.0206716
v 0.0167289 -0.0402313 0.025707
v 0.019438 -0.0423348 0.0245329
v 0.0189937 -0.0399653 0.0255888
v 0.0167289 -0.0382792 0.0265423
v 0.0167289 -0.0387294 0.0263532
v 0.0149208 -0.0369778 0.027283
v 0.0149208 -0.0377022 0.0269757
v 0.0149208 -0.0384879 0.0266368
v 0.018537 -0.0424249 0.0245723
v 0.015865 -0.0430592 0.024525
v 0.0149208 -0.0427809 0.0247299
v 0.0149208 -0.0432352 0.024525
v 0.0149208 -0.0440291 0.0241625
v 0.015828 -0.0445898 0.0238315
v 0.018537 -0.0462227 0.0228465
v 0.019438 -0.047565 0.0221452
v 0.019438 -0.0485472 0.0216802
v 0.0173892 -0.046325 0.0228938
v 0.0149208 -0.0558768 0.0181499
v 0.0122118 -0.0559914 0.0182209
v 0.0140199 -0.0524187 0.0200569
v 0.0131127 -0.0524555 0.0200806
v 0.0140199 -0.0541662 0.0191271
v 0.0113046 -0.0542849 0.0191901
v 0.0122118 -0.0548701 0.0188355
v 0.0113046 -0.0555781 0.0184967
v 0.0104037 -0.0560651 0.0182603
v 0.00859559 -0.056679 0.0179293
v 0.00768846 -0.0572928 0.0175589
v 0.00859559 -0.0572683 0.0175432
v 0.00949655 -0.0560937 0.018276
v 0.0049794 -0.0584878 0.0168576
v 0.00407844 -0.0584878 0.0168812
v 0.0049794 -0.0589503 0.0165581
v 0.00317131 -0.0600757 0.0158253
v 0.00317131 -0.0605259 0.0154549
v 0.00317131 -0.0610579 0.0150058
v 0.00317131 -0.0589789 0.0165739
v 0.00317131 -0.0594291 0.0162745
v 0.00136322 -0.0630059 0.0133352
v -0.000679369 -0.0634561 0.0129333
v 0.00227035 -0.0605218 0.0154549
v 0.00105467 -0.0643605 0.0120271
v 0.00227035 -0.0643646 0.0120349
v 0.00317131 -0.0643687 0.0120349
v 0.00317131 -0.0647862 0.0115779
v 0.00317131 -0.0664927 0.00967879
v 0.00407844 -0.0664845 0.0096709
v 0.0049794 -0.0664682 0.00965514
v 0.00588036 -0.0664518 0.0096315
v 0.00859559 -0.0663945 0.00956846
v 0.00588036 -0.0695293 0.00532895
v 0.00831172 -0.0697872 0.00480886
v 0.00949655 -0.0697667 0.00476946
v 0.0104037 -0.0697503 0.00473794
v 0.0122118 -0.0697176 0.0046749
v 0.015828 -0.0681297 0.00683405
v 0.0140199 -0.0686167 0.0062194
v 0.0131127 -0.06894 0.00579388
v 0.015828 -0.0698854 0.00409177
v 0.0167289 -0.0701637 0.00344559
v 0.0186111 -0.0699877 0.00353228
v 0.015828 -0.0711131 0.00163316
v 0.015828 -0.0714651 0.000923949
v 0.015828 -0.0716861 0.00047478
v 0.015828 -0.0719398 -0.000171392
v 0.0167289 -0.0718907 -0.000171392
v 0.0167289 -0.0724268 -0.00172378
v 0.0122118 -0.0723572 -0.00103033
v 0.0149208 -0.0728974 -0.00288216
v 0.0149208 -0.0732044 -0.00378838
v 0.0136002 -0.0734008 -0.00423754
v 0.0149208 -0.0734786 -0.00478127
v 0.015828 -0.0734622 -0.00485219
v 0.00859559 -0.0736627 -0.00469459
v 0.0049794 -0.0739615 -0.00559293
v 0.00588036 -0.0742521 -0.00721624
v 0.00588036 -0.0744649 -0.0083037
v 0.00949655 -0.0743707 -0.00841402
v 0.00317131 -0.0749641 -0.0137252
v 0.00407844 -0.0749437 -0.0146236
v 0.00407844 -0.0748496 -0.0119128
v 0.00407844 -0.0748782 -0.0155298
v 0.00588036 -0.074825 -0.0155298
v 0.0049794 -0.0746449 -0.0182406
v 0.0151738 -0.0742971 -0.0186109
v 0.0049794 -0.0747841 -0.016436
v 0.015828 -0.0741989 -0.0191468
v 0.0049794 -0.0743544 -0.00759448
v 0.00407844 -0.0743666 -0.00753144
v 0.00407844 -0.0745181 -0.0083037
v 0.00317131 -0.0746695 -0.00920991
v 0.00407844 -0.0747432 -0.0101161
v 0.0149208 -0.0738715 -0.0209513
v 0.0140199 -0.0740965 -0.0200451
v 0.0122118 -0.0737855 -0.0218575
v 0.0113046 -0.0736259 -0.0227638
v 0.015828 -0.0719848 -0.0272791
v 0.015828 -0.0717106 -0.0280356
v 0.00843514 -0.073409 -0.0241507
v 0.015828 -0.0706179 -0.0303051
v 0.015828 -0.0703151 -0.0308961
v 0.0140199 -0.0715633 -0.0285635
v 0.0131127 -0.0715797 -0.0286029
v 0.0125635 -0.0715879 -0.0286266
v 0.0122426 -0.0714078 -0.0290048
v 0.0104037 -0.0734827 -0.0235439
v 0.00868198 -0.073499 -0.0237567
v 0.0090399 -0.0733967 -0.0241113
v 0.0049794 -0.0673399 -0.0362467
v 0.00407844 -0.0673521 -0.0362703
v 0.00407844 -0.067037 -0.0367195
v 0.00407844 -0.066595 -0.0372238
v 0.00491769 -0.0658338 -0.0380355
v 0.00407844 -0.0653223 -0.0386422
v 0.0049794 -0.0648967 -0.0390756
v 0.00965082 -0.0643483 -0.0394697
v 0.00407844 -0.0640331 -0.0400449
v 0.00588036 -0.064426 -0.0395563
v 0.00407844 -0.0644629 -0.0395957
v 0.0140199 -0.069734 -0.0321569
v 0.0149208 -0.0703478 -0.0308961
v 0.0109714 -0.0697872 -0.0322593
v 0.00407844 -0.0696398 -0.0329213
v 0.0049794 -0.0691733 -0.0335832
v 0.00588036 -0.0698772 -0.0324169
v 0.00407844 -0.0699058 -0.0324721
v 0.00405993 -0.068629 -0.0344264
v 0.00407844 -0.0681174 -0.0351671
v 0.00317131 -0.0640413 -0.0400528
v 0.00317131 -0.0635871 -0.040502
v -0.00314775 -0.061152 -0.0425429
v 0.00136322 -0.0606487 -0.0430157
v 0.00317131 -0.0606569 -0.0430236
v 0.000462259 -0.063055 -0.0409432
v 0.00227035 -0.063583 -0.040502
v -0.00676394 -0.0595028 -0.0437801
v -0.00405489 -0.0584878 -0.0444735
v 0.00136322 -0.0575138 -0.0451591
v 0.00317131 -0.0575261 -0.045167
v 0.00317131 -0.0602067 -0.0433703
v 0.00227035 -0.0602026 -0.0433703
v -0.00585681 -0.0601535 -0.0433309
v -0.0076649 -0.0601412 -0.043323
v 0.00407844 -0.0584878 -0.0445287
v 0.00407844 -0.057522 -0.0451591
v 0.00407844 -0.0568304 -0.0456083
v 0.0049794 -0.0568099 -0.0455925
v 0.00921268 -0.056237 -0.0458132
v 0.00407844 -0.0563802 -0.0458998
v 0.00407844 -0.0557745 -0.0462229
v 0.00950889 -0.0558605 -0.0459944
v 0.0104037 -0.0548701 -0.0464515
v 0.0140199 -0.0530653 -0.0472001
v 0.00818213 -0.0526192 -0.0476177
v 0.0122118 -0.0520217 -0.0477596
v 0.0049794 -0.052165 -0.0479329
v 0.0049794 -0.0512605 -0.0482875
v 0.00678749 -0.0494517 -0.0488313
v 0.00859559 -0.0505075 -0.0484215
v 0.0104037 -0.0485472 -0.0490125
v 0.0149208 -0.0485472 -0.0488628
v 0.0140199 -0.0476428 -0.0491859
v 0.015828 -0.0476428 -0.0491228
v 0.0122118 -0.0470944 -0.0494065
v 0.0112491 -0.0468079 -0.0494932
v 0.0049794 -0.0467424 -0.049706
v 0.00768846 -0.0433252 -0.0502812
v 0.00516453 -0.0435339 -0.0503206
v 0.00491152 -0.0431902 -0.0503915
v 0.00407844 -0.0431247 -0.0504231
v 0.00407844 -0.0422203 -0.0505413
v 0.0049794 -0.0422203 -0.0505176
v 0.00588036 -0.0413199 -0.0505491
v 0.00768846 -0.0404155 -0.0505491
v 0.00407844 -0.0404155 -0.0506595
v 0.00407844 -0.0386066 -0.0507698
v 0.00317131 -0.0386066 -0.0507777
v 0.00227035 -0.0377022 -0.0507855
v 0.00317131 -0.0367977 -0.0507461
v 0.00407844 -0.0367977 -0.0507383
v 0.00407844 -0.0331841 -0.0504703
v 0.00317131 -0.0340885 -0.0505649
v 0.00407844 -0.0331554 -0.0504625
v 0.018537 -0.0331554 0.0284256
v 0.0140507 -0.0331554 0.0289457
v 0.0140199 -0.0331841 0.0289379
v 0.0140199 -0.0340885 0.0285675
v 0.018537 -0.0375835 0.026629
v 0.00407844 -0.0669388 0.00915082
v 0.00407844 -0.0672826 0.00870165
v 0.0104037 -0.0671639 0.00854405
v 0.0140199 -0.0670984 0.00844948
v 0.0122118 -0.0678923 0.00738566
v 0.0181853 -0.0481093 0.0219797
v 0.015828 -0.045838 0.0232405
v 0.0149208 -0.045838 0.0233035
v 0.0149208 -0.0483467 0.02209
v 0.0140199 -0.048404 0.0221215
v 0.0140199 -0.0488582 0.0219009
v 0.0131127 -0.0489033 0.0219245
v 0.0104037 -0.0494762 0.021759
v 0.0131127 -0.0502497 0.0212468
v 0.0131127 -0.0506999 0.0210104
v 0.015828 -0.0403213 0.0257464
v 0.0140199 -0.0358933 0.0278189
v 0.0140199 -0.0366299 0.0275115
v 0.0140199 -0.0370801 0.0273224
v 0.0140199 -0.0377022 0.0270545
v 0.0140199 -0.0409393 0.0256203
v 0.0145999 -0.0408902 0.0255967
v 0.0149085 -0.0412421 0.0254154
v 0.0152047 -0.0408329 0.025573
v 0.016192 -0.0426581 0.0246747
v 0.0140199 -0.0428587 0.0247614
v 0.0140199 -0.0433088 0.0245565
v 0.0140199 -0.0440291 0.0242255
v 0.0149208 -0.0446635 0.023863
v 0.015828 -0.0450441 0.0236188
v 0.0122118 -0.0520422 0.0203406
v 0.0104037 -0.0530653 0.0198757
v 0.00944101 -0.0529794 0.0199624
v 0.00949655 -0.0539084 0.0194659
v 0.0104037 -0.0548701 0.0189143
v 0.0104037 -0.0556149 0.0185124
v 0.00407844 -0.056679 0.0180475
v 0.00859559 -0.0561142 0.0182918
v 0.00588036 -0.0573297 0.0175826
v 0.00949655 -0.0556395 0.0185282
v 0.00317131 -0.0562247 0.0183548
v -0.0076649 -0.0600102 0.015778
v 0.00227035 -0.0594291 0.0162745
v 0.00227035 -0.057833 0.0173225
v 0.00227035 -0.0584878 0.016897
v -0.00495585 -0.0629773 0.0132958
v -0.0076649 -0.0629609 0.01328
v -0.0076649 -0.0634111 0.0128939
v -0.0076649 -0.0638613 0.0124447
v -0.00314775 -0.0638858 0.0124684
v -0.00405489 -0.060485 0.0154234
v -0.00676394 -0.0610006 0.0149585
v -0.0076649 -0.0643155 0.0119798
v 0.00227035 -0.0652241 0.0110814
v -0.00676394 -0.0655842 0.0105771
v -0.0076649 -0.0664354 0.00961574
v 0.00136322 -0.0669347 0.00915082
v 0.00317131 -0.0669429 0.0091587
v -0.00585681 -0.0651831 0.0110342
v 0.0049794 -0.0698486 0.00490342
v 0.00949655 -0.0687027 0.00634548
v 0.0049794 -0.0677205 0.00803972
v 0.00407844 -0.0695621 0.00537623
v 0.0049794 -0.0701391 0.00434393
v 0.00891031 -0.069779 0.00478522
v 0.00768846 -0.070045 0.00434393
v 0.0149208 -0.0699018 0.00412329
v 0.0131127 -0.0703069 0.00344559
v 0.0140199 -0.0702742 0.00344559
v 0.015828 -0.0702087 0.00344559
v 0.0149208 -0.0714815 0.000963349
v 0.0149208 -0.0717024 0.000506301
v 0.00588036 -0.0722713 -0.000171392
v 0.00859559 -0.0721813 -0.000171392
v 0.00678749 -0.0724473 -0.000770282
v 0.00588036 -0.0731962 -0.00288216
v 0.0122118 -0.0729875 -0.00288216
v 0.0131127 -0.073409 -0.0042139
v 0.0049794 -0.0737773 -0.00469459
v 0.00407844 -0.073986 -0.00559293
v 0.00136322 -0.0748987 -0.012819
v -0.00585681 -0.0748946 -0.0137252
v -0.00676394 -0.0748782 -0.0146236
v 0.00227035 -0.0749478 -0.0146236
v 0.00317131 -0.0749519 -0.0146236
v 0.00317131 -0.0748577 -0.0119128
v 0.00227035 -0.0747472 -0.0101161
v 0.00317131 -0.0748168 -0.016436
v 0.00407844 -0.0748086 -0.016436
v 0.0145752 -0.0743053 -0.0187134
v 0.00407844 -0.0746695 -0.0182406
v 0.0049794 -0.0745467 -0.0191468
v 0.01489 -0.0742439 -0.019068
v 0.0140199 -0.074248 -0.0192256
v 0.0122118 -0.0742766 -0.0194226
v 0.0131127 -0.0741293 -0.0200451
v 0.00317131 -0.0745263 -0.0083037
v 0.00317131 -0.0739942 -0.00559293
v 0.00136322 -0.0746572 -0.00920991
v 0.00317131 -0.0747513 -0.0101161
v 0.0122118 -0.0739738 -0.0209513
v 0.0113046 -0.0738183 -0.0218575
v 0.00859559 -0.0737241 -0.0227638
v 0.0104037 -0.0736586 -0.0227638
v 0.00949655 -0.073499 -0.0236227
v 0.0149208 -0.071727 -0.028075
v 0.00768846 -0.0732576 -0.0246392
v 0.00565821 -0.0725046 -0.0268535
v 0.0049794 -0.0723491 -0.0273342
v 0.00768846 -0.0735522 -0.0236621
v 0.00768846 -0.0734213 -0.0241822
v 0.00859559 -0.0716574 -0.0287684
v 0.0049794 -0.0720217 -0.0281853
v 0.00407844 -0.0678064 -0.0356163
v 0.00317131 -0.0673562 -0.0362782
v 0.00317131 -0.0670411 -0.0367274
v 0.00317131 -0.0666032 -0.0372238
v 0.00317131 -0.0649212 -0.0390993
v 0.00317131 -0.0644669 -0.0396036
v 0.00588036 -0.0705606 -0.0311009
v 0.0049794 -0.0702332 -0.0317944
v 0.00317131 -0.0696439 -0.0329291
v 0.00317131 -0.0691978 -0.0336068
v 0.00405993 -0.0691283 -0.0336935
v 0.00317131 -0.0699099 -0.03248
v 0.00407844 -0.0702619 -0.0317944
v 0.00375138 -0.0688827 -0.0340639
v 0.00317131 -0.0681215 -0.035175
v -0.00405489 -0.0640004 -0.0400134
v -0.00676394 -0.0635339 -0.0404547
v 0.000462259 -0.0644547 -0.0395879
v -0.0076649 -0.0644137 -0.0395406
v -0.0080043 -0.0625517 -0.04129
v -0.0076649 -0.0611234 -0.0425193
v -0.00676394 -0.0605996 -0.0429763
v -0.00133966 -0.0630428 -0.0409354
v -0.0076649 -0.0594987 -0.0437722
v -0.0076649 -0.0590444 -0.0440717
v -0.0076649 -0.0567608 -0.0455689
v -0.00224679 -0.0568017 -0.0455925
v 0.00136322 -0.0568263 -0.0456083
v 0.00317131 -0.0568386 -0.0456162
v -0.00857203 -0.0605832 -0.0429606
v -0.00857203 -0.0601289 -0.0433152
v 0.00317131 -0.0563843 -0.0459077
v 0.00317131 -0.0557745 -0.0462308
v 0.00317131 -0.0550583 -0.0465854
v 0.00407844 -0.0550502 -0.0465775
v 0.0049794 -0.0550215 -0.0465618
v 0.0049794 -0.0539697 -0.047074
v 0.0049794 -0.0527338 -0.0476729
v 0.00407844 -0.052165 -0.0479566
v 0.00407844 -0.0527625 -0.0476886
v 0.00407844 -0.0512605 -0.0483112
v 0.00407844 -0.0507244 -0.0484924
v 0.00407844 -0.0494517 -0.0489179
v 0.0049794 -0.047962 -0.0493829
v 0.00678749 -0.0485472 -0.0491307
v 0.0112491 -0.0475568 -0.0493041
v 0.0109097 -0.0471967 -0.0494223
v 0.0115145 -0.0471517 -0.0494144
v 0.00768846 -0.0473686 -0.0494774
v 0.00678749 -0.0474136 -0.0494932
v 0.00407844 -0.0475527 -0.0495326
v 0.00407844 -0.0467424 -0.0497296
v 0.00407844 -0.0436158 -0.0503364
v 0.00491152 -0.0439432 -0.0502497
v 0.00588036 -0.0440291 -0.0502024
v 0.00317131 -0.0431247 -0.0504309
v 0.00317131 -0.0422203 -0.0505491
v 0.00317131 -0.039511 -0.0507225
v -0.00314775 -0.0386066 -0.0507304
v -0.00495585 -0.0377022 -0.0507304
v -0.00224679 -0.0367977 -0.0507067
v -0.000438702 -0.0358933 -0.0506595
v 0.00317131 -0.0331841 -0.0504782
v -0.0076649 -0.0358933 -0.0506043
v -0.00495585 -0.0340885 -0.0505019
v -0.00224679 -0.0331841 -0.0504388
v 0.00227035 -0.0331554 -0.0504703
v 0.00317131 -0.0331554 -0.0504703
v 0.0136866 -0.0331554 0.0289773
v 0.0128597 -0.0331554 0.0290482
v 0.0122118 -0.0331554 0.0291033
v 0.0131127 -0.034731 0.0283784
v 0.00317131 -0.0672867 0.00870953
v 0.00407844 -0.0677368 0.00805548
v 0.0149208 -0.0451136 0.0236503
v 0.0140199 -0.0447208 0.0238946
v 0.0140199 -0.045838 0.0233587
v 0.0140199 -0.0470166 0.0227913
v 0.0131127 -0.0484531 0.0221452
v 0.0122118 -0.0471149 0.0228386
v 0.0122118 -0.048494 0.0221688
v 0.00949655 -0.0490629 0.0220033
v 0.00768846 -0.0495908 0.0218142
v 0.00768846 -0.0503561 0.0214202
v 0.00949655 -0.0508472 0.0210892
v 0.0104037 -0.0334583 0.029127
v 0.0131127 -0.0371579 0.0273539
v 0.00949655 -0.0331554 0.029324
v 0.0122118 -0.0358933 0.0279607
v 0.0124154 -0.0372111 0.0273776
v 0.00859559 -0.0379559 0.0273067
v 0.0122118 -0.039155 0.0265344
v 0.0122118 -0.0415245 0.0254785
v 0.0131127 -0.0422203 0.0251081
v 0.0131127 -0.042916 0.0247929
v 0.0131127 -0.0433661 0.024588
v 0.0122118 -0.0434193 0.0246117
v 0.0113046 -0.0434725 0.0246353
v 0.00978658 -0.0435585 0.0246747
v 0.00910161 -0.0526192 0.0201673
v 0.00859559 -0.0539329 0.0194817
v 0.00859559 -0.0548701 0.0189774
v 0.00859559 -0.052165 0.0204273
v 0.00768846 -0.0513669 0.0208843
v 0.00407844 -0.0562124 0.0183469
v 0.00859559 -0.0556599 0.0185439
v 0.0049794 -0.0557418 0.0185912
v 0.00678749 -0.056151 0.0183154
v 0.00317131 -0.0557704 0.018607
v 0.000462259 -0.0549724 0.0190719
v 0.00136322 -0.0562329 0.0183627
v -0.00857203 -0.059998 0.0157623
v -0.00857203 -0.0604522 0.0153919
v -0.00676394 -0.0604686 0.0154076
v 0.000462259 -0.0594168 0.0162666
v -0.00133966 -0.0594046 0.0162587
v -0.00405489 -0.0593882 0.0162429
v -0.0076649 -0.0593882 0.0162035
v -0.00857203 -0.0593882 0.0161799
v 0.00136322 -0.057833 0.0173225
v -0.00224679 -0.0584878 0.0168576
v 0.000462259 -0.056237 0.0183627
v -0.00857203 -0.0634029 0.012886
v -0.0076649 -0.0619787 0.0141153
v -0.00857203 -0.0638531 0.012429
v -0.00857203 -0.0609843 0.0149427
v -0.00857203 -0.0643032 0.011964
v -0.00857203 -0.0647125 0.0115149
v -0.00857203 -0.0664272 0.00960786
v -0.00676394 -0.0668938 0.00909565
v -0.00585681 -0.0668979 0.00910353
v -0.00676394 -0.0672416 0.00864649
v -0.00314775 -0.067258 0.00867013
v 0.00407844 -0.0698608 0.00491918
v 0.00407844 -0.0701678 0.00434393
v 0.00407844 -0.0680438 0.00760631
v 0.00317131 -0.0695662 0.00538411
v 0.0049794 -0.070753 0.00311463
v 0.00588036 -0.0705115 0.00354015
v 0.00949655 -0.0704338 0.00344559
v 0.00949655 -0.0715756 0.00115247
v 0.0049794 -0.0716533 0.00131007
v 0.0049794 -0.0719316 0.000726945
v 0.0049794 -0.0722999 -0.000171392
v 0.0049794 -0.0724759 -0.000683601
v 0.0049794 -0.0732248 -0.00288216
v 0.0049794 -0.0733885 -0.00336285
v 0.00949655 -0.0733149 -0.00358349
v 0.00859559 -0.0734827 -0.00399326
v 0.0049794 -0.07354 -0.0038199
v 0.00407844 -0.0738019 -0.00469459
v -0.0076649 -0.0748291 -0.012819
v -0.00133966 -0.074825 -0.0119128
v -0.00676394 -0.0748864 -0.0137252
v -0.0076649 -0.07487 -0.0146236
v -0.00676394 -0.0747391 -0.016436
v -0.00585681 -0.0747472 -0.016436
v -0.00314775 -0.0748373 -0.0155298
v -0.00676394 -0.0746777 -0.0101161
v -0.00405489 -0.0747513 -0.0110145
v -0.00224679 -0.0746368 -0.0182406
v 0.00317131 -0.0746777 -0.0182406
v 0.0131127 -0.0743298 -0.018871
v 0.00407844 -0.0745713 -0.0191468
v 0.00491152 -0.0743748 -0.020116
v 0.00678749 -0.0743626 -0.0198954
v 0.00859559 -0.0743339 -0.0197535
v 0.0101507 -0.0743094 -0.0196275
v 0.0104284 -0.0743626 -0.0192256
v 0.00949655 -0.0738796 -0.0218575
v 0.00227035 -0.0741661 -0.00649914
v 0.00136322 -0.073982 -0.00559293
v -0.00314775 -0.0744771 -0.0083037
v 0.00317131 -0.0738101 -0.00469459
v -0.00495585 -0.0746081 -0.00920991
v 0.00859559 -0.0739083 -0.0218575
v 0.00678749 -0.0739656 -0.0218575
v 0.00768846 -0.0737528 -0.0227638
v 0.0049794 -0.0725128 -0.0268851
v 0.00678749 -0.0734336 -0.0242137
v 0.00407844 -0.0723613 -0.0273579
v 0.00407844 -0.0720503 -0.0281853
v 0.00678749 -0.0735727 -0.0236621
v 0.00678749 -0.0737773 -0.0227638
v 0.00588036 -0.0735932 -0.0236621
v 0.0049794 -0.0717188 -0.0288866
v 0.0049794 -0.0714896 -0.0293437
v 0.00317131 -0.0678105 -0.0356241
v 0.000462259 -0.067344 -0.0362624
v 0.00136322 -0.0670329 -0.0367195
v 0.00136322 -0.0665869 -0.0372238
v -0.000438702 -0.0661653 -0.037673
v 0.00407844 -0.0708226 -0.0307069
v -0.00405489 -0.0698813 -0.0324248
v -0.00224679 -0.0696194 -0.0328897
v -0.00495585 -0.0691569 -0.0335595
v 0.00317131 -0.0702701 -0.0317944
v -0.000438702 -0.0681052 -0.0351513
v 0.000462259 -0.0677982 -0.0356084
v -0.00676394 -0.063984 -0.0399976
v -0.0076649 -0.0639799 -0.0399897
v -0.00857203 -0.0635175 -0.0404389
v -0.00852266 -0.0649335 -0.0389417
v -0.00857203 -0.0644015 -0.0395248
v -0.00857203 -0.0639677 -0.0399819
v -0.00133966 -0.0665664 -0.0372159
v -0.00676394 -0.0665377 -0.0371844
v -0.0076649 -0.0665336 -0.0371765
v -0.00857203 -0.0665255 -0.0371687
v -0.00857203 -0.0625435 -0.0412821
v -0.00857203 -0.0611111 -0.0425114
v -0.00857203 -0.0594864 -0.0437643
v -0.00857203 -0.0590321 -0.0440638
v -0.00857203 -0.0567485 -0.045561
v -0.0076649 -0.0563106 -0.0458605
v -0.00405489 -0.0563352 -0.0458762
v 0.00136322 -0.056372 -0.0458998
v -0.00947299 -0.0605586 -0.0429369
v -0.00947299 -0.0610907 -0.0424877
v -0.00947299 -0.0601044 -0.0432915
v -0.00947299 -0.0594578 -0.0437486
v 0.00136322 -0.0557745 -0.0462151
v 0.00407844 -0.0545959 -0.0467982
v -0.00676394 -0.0557745 -0.0461441
v -0.0076649 -0.0557745 -0.0461363
v 0.00136322 -0.055042 -0.0465775
v -0.00585681 -0.0531431 -0.0474365
v 0.00227035 -0.0539697 -0.0471055
v 0.00227035 -0.0527625 -0.0476886
v 0.00317131 -0.0527707 -0.0476886
v 0.00317131 -0.052165 -0.0479644
v 0.00317131 -0.0512605 -0.0483191
v 0.00317131 -0.0485472 -0.0492253
v 0.00407844 -0.0485472 -0.0492174
v 0.00407844 -0.0480029 -0.0493908
v 0.00949655 -0.0472745 -0.0494459
v 0.00317131 -0.047565 -0.0495326
v 0.00317131 -0.0467424 -0.0497375
v 0.00317131 -0.0480152 -0.0493986
v 0.00317131 -0.0440864 -0.0502497
v 0.00317131 -0.0436362 -0.0503364
v 0.00227035 -0.0431247 -0.0504309
v -0.000438702 -0.0422203 -0.0505255
v 0.00227035 -0.0413199 -0.0506043
v -0.00405489 -0.039511 -0.0506673
v -0.00405489 -0.0386066 -0.0507225
v -0.00676394 -0.0377022 -0.0507146
v -0.00405489 -0.0367977 -0.050691
v -0.00857203 -0.0367977 -0.0506516
v -0.00857203 -0.0358933 -0.0505885
v -0.0076649 -0.0340885 -0.0504782
v -0.00676394 -0.0340885 -0.0504861
v -0.00681331 -0.0331554 -0.0503994
v -0.00590617 -0.0331554 -0.0504073
v 0.0104037 -0.0331554 0.0292531
v 0.00136322 -0.0677327 0.00805548
v 0.00317131 -0.0677409 0.00806336
v 0.0106197 -0.0453592 0.0237685
v 0.0113046 -0.047164 0.0228623
v 0.00859559 -0.0459158 0.0235951
v 0.00768846 -0.0467424 0.0232247
v 0.00859559 -0.0485472 0.0222949
v 0.00678749 -0.0496194 0.02183
v 0.00678749 -0.0503561 0.0214438
v 0.00678749 -0.0509372 0.0211365
v 0.00859559 -0.0513342 0.0208686
v 0.010342 -0.0350584 0.0284493
v 0.0104037 -0.0367977 0.0276928
v 0.00771931 -0.0331554 0.0294422
v 0.00768846 -0.0331841 0.0294343
v 0.00818213 -0.0336424 0.0292058
v 0.00859559 -0.0367977 0.027811
v 0.00768846 -0.0375671 0.0275352
v 0.00949655 -0.0393514 0.0266211
v 0.0113046 -0.0415859 0.0255021
v 0.0104037 -0.0416391 0.0255257
v 0.00859559 -0.0417414 0.025573
v 0.00859559 -0.043624 0.0247062
v 0.00768846 -0.0531144 0.0199466
v 0.0049794 -0.0549151 0.0190404
v 0.0049794 -0.0544649 0.0192847
v 0.00407844 -0.0557582 0.0185991
v 0.00227035 -0.0549601 0.019064
v -0.000438702 -0.0557745 0.0186227
v 0.000462259 -0.0557745 0.0186227
v 0.000462259 -0.0527911 0.0202618
v -0.000438702 -0.0539697 0.0196156
v -0.000438702 -0.0545181 0.0193162
v -0.00947299 -0.0599734 0.0157465
v -0.00947299 -0.0593882 0.0161484
v -0.00947299 -0.0604277 0.0153761
v -0.00495585 -0.0589257 0.0165424
v -0.0076649 -0.0589012 0.0165266
v -0.00857203 -0.0588848 0.0165109
v -0.000438702 -0.0566872 0.0180633
v -0.000438702 -0.0578208 0.0173146
v -0.000438702 -0.0562329 0.0183627
v -0.00947299 -0.0629282 0.0132485
v -0.00947299 -0.0633783 0.0128624
v -0.00947299 -0.0638326 0.0124132
v -0.00857203 -0.0624207 0.0137213
v -0.00947299 -0.0614099 0.0145408
v -0.00947299 -0.0642828 0.0119404
v -0.00947299 -0.0646879 0.0114912
v -0.00947299 -0.0664068 0.00958422
v -0.00857203 -0.0668774 0.00907989
v -0.00857203 -0.0672294 0.00863073
v -0.0076649 -0.0672376 0.00863861
v -0.00676394 -0.0676918 0.00800031
v -0.00224679 -0.0677164 0.00803184
v 0.00317131 -0.0698649 0.00492706
v 0.00317131 -0.0701759 0.00434393
v 0.00407844 -0.0710681 0.00253938
v 0.00317131 -0.0680479 0.00761419
v 0.000462259 -0.0680356 0.00759843
v -0.00133966 -0.0695457 0.00535259
v -0.00676394 -0.069824 0.00486402
v -0.00314775 -0.0698404 0.00488766
v 0.00136322 -0.0698567 0.00491918
v 0.00407844 -0.0714405 0.00179076
v 0.00407844 -0.0716656 0.00133372
v 0.00407844 -0.0719562 0.000726945
v 0.00407844 -0.0723245 -0.000171392
v 0.00407844 -0.0726437 -0.00109337
v 0.00445487 -0.0733967 -0.00333921
v 0.00412164 -0.0735277 -0.00370169
v 0.00317131 -0.0735645 -0.00378838
v -0.00857203 -0.0748659 -0.0137252
v -0.0076649 -0.0748782 -0.0137252
v -0.0076649 -0.0747759 -0.0119128
v -0.00857203 -0.0746572 -0.0101161
v -0.00857203 -0.0748577 -0.0146236
v -0.0076649 -0.0747309 -0.016436
v -0.00676394 -0.0745999 -0.0182406
v -0.00585681 -0.0746081 -0.0182406
v -0.00676394 -0.0745917 -0.00920991
v -0.0076649 -0.0746695 -0.0101161
v 0.00136322 -0.0745631 -0.0191468
v 0.00317131 -0.0745754 -0.0191468
v 0.00317131 -0.0744158 -0.0200451
v 0.00407844 -0.0744076 -0.0200451
v 0.00456595 -0.0743053 -0.0205022
v 0.0051707 -0.0742971 -0.0204706
v 0.00678749 -0.0742725 -0.0203446
v 0.00136322 -0.0737978 -0.00469459
v -0.00133966 -0.0737773 -0.00469459
v -0.00495585 -0.0739328 -0.00559293
v -0.00676394 -0.0742439 -0.00725564
v -0.00676394 -0.0744485 -0.0083037
v 0.00407844 -0.072525 -0.0269087
v 0.00407844 -0.0736259 -0.0236621
v 0.00407844 -0.0734581 -0.0242846
v 0.00407844 -0.0732985 -0.0247417
v 0.0049794 -0.0732903 -0.024718
v 0.0049794 -0.0730202 -0.0254745
v 0.00317131 -0.0723654 -0.0273736
v 0.00317131 -0.0720585 -0.0281853
v 0.00407844 -0.0717311 -0.0289181
v 0.0049794 -0.0738142 -0.0227638
v 0.00407844 -0.0711868 -0.0299898
v -0.00314775 -0.0677819 -0.0355847
v -0.0076649 -0.0673071 -0.0362073
v -0.00585681 -0.0669961 -0.0366722
v 0.00317131 -0.0708267 -0.0307148
v 0.00317131 -0.071195 -0.0299898
v -0.00676394 -0.069869 -0.0324012
v -0.00405489 -0.0696112 -0.032874
v -0.00314775 -0.0702169 -0.0317944
v -0.00405489 -0.0702087 -0.0317944
v -0.0076649 -0.0688336 -0.033993
v -0.00495585 -0.0685021 -0.034513
v -0.00676394 -0.0691487 -0.0335438
v -0.00947299 -0.063497 -0.0404232
v -0.00947299 -0.0648107 -0.0390284
v -0.00879418 -0.0652568 -0.0385713
v -0.00947299 -0.064381 -0.0395012
v -0.00947299 -0.0639472 -0.0399582
v -0.00676394 -0.066992 -0.0366643
v -0.00857203 -0.0669756 -0.0366486
v -0.00947299 -0.066505 -0.037145
v -0.00947299 -0.0615408 -0.0421016
v -0.00947299 -0.0584878 -0.0443869
v -0.00947299 -0.0562697 -0.0458368
v -0.00857203 -0.0562984 -0.0458526
v -0.0103801 -0.0605259 -0.0429133
v -0.0148973 -0.0613485 -0.0419361
v -0.0185135 -0.0607673 -0.0422119
v -0.0103801 -0.0600716 -0.0432679
v -0.0139963 -0.0599407 -0.0431733
v -0.0169892 -0.0598261 -0.0430866
v -0.016693 -0.05947 -0.0433388
v -0.00857203 -0.0557745 -0.0461205
v -0.0076649 -0.0549601 -0.0465381
v -0.00405489 -0.0549929 -0.0465539
v -0.0076649 -0.0531267 -0.0474286
v -0.00495585 -0.0527011 -0.0476571
v 0.00136322 -0.052165 -0.0479566
v -0.000438702 -0.0512605 -0.0482954
v 0.00227035 -0.0507244 -0.0484924
v 0.00227035 -0.0494517 -0.0489179
v -0.000438702 -0.0502415 -0.0486343
v -0.00224679 -0.050221 -0.0486264
v -0.00314775 -0.0479374 -0.049375
v -0.00133966 -0.0479579 -0.0493829
v 0.00227035 -0.0475527 -0.0495326
v -0.000438702 -0.04752 -0.0495247
v -0.00585681 -0.0474504 -0.0495011
v -0.0076649 -0.0474259 -0.0494932
v -0.00405489 -0.0467424 -0.0496823
v 0.00227035 -0.04407 -0.0502497
v 0.000116685 -0.0435749 -0.0503285
v -0.00585681 -0.0430019 -0.0503915
v -0.0076649 -0.0429651 -0.0503837
v -0.0076649 -0.0422203 -0.0504703
v -0.00585681 -0.0413199 -0.0505413
v -0.00676394 -0.0413199 -0.0505334
v -0.00676394 -0.0386066 -0.0506989
v -0.0076649 -0.0377022 -0.0507067
v -0.00947299 -0.0367977 -0.0506201
v -0.00857203 -0.0377022 -0.050691
v -0.00947299 -0.0358933 -0.050557
v -0.00857203 -0.0340885 -0.0504625
v -0.00770192 -0.0331554 -0.0503915
v 0.0100149 -0.0453919 0.0237842
v 0.00859559 -0.0449336 0.0240758
v 0.00768846 -0.0449336 0.0241152
v 0.00678749 -0.0449336 0.0241467
v 0.00407844 -0.049202 0.0220742
v 0.0049794 -0.0503561 0.0214754
v 0.00588036 -0.0473686 0.0229647
v 0.00136322 -0.0449336 0.0242649
v 0.00136322 -0.0456457 0.0239103
v 0.000462259 -0.0456579 0.0239182
v 0.00136322 -0.0467424 0.0233587
v 0.00407844 -0.0509863 0.0211601
v 0.00317131 -0.0514488 0.0209316
v 0.00317131 -0.0527502 0.0202382
v 0.0049794 -0.0531717 0.0199781
v 0.00588036 -0.052165 0.0204982
v 0.00768846 -0.0349929 0.0286542
v 0.00681218 -0.0331554 0.0294895
v 0.00768846 -0.0336793 0.0292215
v 0.00678749 -0.0367977 0.0279134
v 0.00678749 -0.037608 0.0275509
v 0.00768846 -0.0386066 0.0270624
v 0.00678749 -0.0356805 0.028402
v 0.00768846 -0.039908 0.0264635
v 0.00776868 -0.0414058 0.02577
v 0.00768846 -0.0436731 0.0247299
v 0.00407844 -0.0549315 0.0190483
v 0.00407844 -0.0539697 0.0195684
v 0.00407844 -0.0544813 0.0192926
v 0.00317131 -0.0549478 0.0190562
v 0.00227035 -0.05451 0.0193083
v -0.00224679 -0.0549478 0.0190562
v -0.00314775 -0.05575 0.0185991
v -0.00159884 -0.0562206 0.0183548
v -0.000438702 -0.0527911 0.0202539
v 0.00136322 -0.0527829 0.0202539
v 0.000462259 -0.052165 0.0205928
v -0.00224679 -0.0532085 0.0200018
v -0.0103801 -0.0599448 0.0157229
v -0.00947299 -0.0588562 0.0164951
v -0.0112811 -0.0587866 0.0164478
v -0.0103801 -0.0593882 0.0161011
v -0.0112811 -0.059912 0.0156992
v -0.0139963 -0.0598097 0.0156204
v -0.0112811 -0.0603622 0.015321
v -0.0158044 -0.0617168 0.0138947
v -0.0103801 -0.0628954 0.0132248
v -0.00314775 -0.0573501 0.0175983
v -0.00495585 -0.056679 0.0180081
v -0.0076649 -0.058451 0.0168182
v -0.00857203 -0.0577307 0.0172595
v -0.0112811 -0.0633129 0.0128072
v -0.0203215 -0.0634929 0.0120665
v -0.0176063 -0.0635789 0.0121531
v -0.0121882 -0.0642009 0.0118458
v -0.0103801 -0.0646634 0.0114597
v -0.0139963 -0.0654082 0.0103801
v -0.0185135 -0.0661244 0.00926902
v -0.00947299 -0.066857 0.00905625
v -0.00947299 -0.0672089 0.00859921
v -0.00942979 -0.0677164 0.00787423
v -0.00857203 -0.0676795 0.00797668
v -0.0076649 -0.0676877 0.00799243
v -0.0076649 -0.0679947 0.00754327
v -0.00405489 -0.0680151 0.00756691
v -0.00495585 -0.0701064 0.00434393
v -0.00676394 -0.0705033 0.0035244
v 0.00136322 -0.0714405 0.00178288
v 0.00317131 -0.0710763 0.00253938
v -0.00676394 -0.06876 0.00643217
v -0.0076649 -0.0698199 0.00485614
v 0.00317131 -0.0714446 0.00179864
v 0.00317131 -0.0716697 0.0013416
v 0.00317131 -0.0719644 0.000726945
v 0.00317131 -0.0723327 -0.000171392
v 0.00317131 -0.0724923 -0.000628439
v 0.00385012 -0.0734049 -0.00331557
v 0.00412164 -0.073278 -0.00296096
v 0.00170262 -0.0734008 -0.00333133
v -0.00133966 -0.07354 -0.0038199
v -0.0076649 -0.0735154 -0.0038987
v 0.00317131 -0.0732535 -0.0028664
v -0.00947299 -0.0747841 -0.012819
v -0.00947299 -0.0748332 -0.0137252
v -0.00857203 -0.0745713 -0.00920991
v -0.00947299 -0.0746245 -0.0101161
v -0.00947299 -0.0747309 -0.0119128
v -0.00947299 -0.074825 -0.0146236
v -0.00857203 -0.0747186 -0.016436
v -0.0076649 -0.0745917 -0.0182406
v -0.00676394 -0.0744976 -0.0191468
v -0.00585681 -0.0745058 -0.0191468
v -0.0076649 -0.0745835 -0.00920991
v -0.0076649 -0.0743626 -0.0198796
v 0.00227035 -0.0744117 -0.0200451
v 0.00317131 -0.0743134 -0.0205416
v -0.000438702 -0.0738428 -0.0227638
v 0.00407844 -0.0742111 -0.020975
v 0.00407844 -0.0740229 -0.0218575
v -0.00495585 -0.0737487 -0.00469459
v -0.00676394 -0.0739165 -0.00559293
v -0.0076649 -0.0740884 -0.00649914
v -0.0076649 -0.0744403 -0.0083037
v 0.00317131 -0.0730448 -0.0254745
v 0.00317131 -0.0725291 -0.0269166
v 0.00317131 -0.0736341 -0.0236621
v 0.00317131 -0.0734622 -0.0243004
v 0.00407844 -0.0738264 -0.0227638
v 0.00317131 -0.0738387 -0.0227638
v 0.00317131 -0.0733026 -0.0247496
v 0.00227035 -0.0725291 -0.0269245
v 0.00227035 -0.0723654 -0.0273736
v 0.00227035 -0.0720544 -0.0281853
v 0.00317131 -0.0717352 -0.028926
v -0.0076649 -0.0677614 -0.0355532
v -0.00857203 -0.0672989 -0.0361915
v -0.00495585 -0.0705606 -0.0310931
v 0.00136322 -0.0717311 -0.0289103
v -0.00676394 -0.0714651 -0.0292964
v -0.0076649 -0.0698649 -0.0323933
v -0.00676394 -0.0695989 -0.0328503
v -0.00676394 -0.0701841 -0.0317944
v -0.00676394 -0.0705525 -0.0310773
v -0.0076649 -0.0705484 -0.0310694
v -0.0076649 -0.0691446 -0.0335359
v -0.00857203 -0.0691365 -0.033528
v -0.0194144 -0.0636198 -0.0396509
v -0.0203215 -0.0635912 -0.0396194
v -0.0130892 -0.0633702 -0.040305
v -0.0185135 -0.0627236 -0.0405335
v -0.0167054 -0.062789 -0.0405886
v -0.0112811 -0.064733 -0.038989
v -0.0121882 -0.0642992 -0.0394066
v -0.0106084 -0.0643483 -0.0394618
v -0.0100037 -0.0643646 -0.0394854
v -0.0148973 -0.0654778 -0.0379094
v -0.00947299 -0.0669552 -0.036617
v -0.00947299 -0.0672785 -0.0361679
v -0.0205746 -0.0661571 -0.0367589
v -0.0176063 -0.0586597 -0.0438195
v -0.0185135 -0.0565767 -0.0451355
v -0.0103801 -0.0573747 -0.0450646
v -0.0121882 -0.056679 -0.0454192
v -0.0203215 -0.0564989 -0.0450803
v -0.0107195 -0.0562165 -0.0457974
v -0.0148973 -0.0559996 -0.0456871
v -0.0185135 -0.0553612 -0.0458289
v -0.00947299 -0.0557745 -0.046089
v -0.0158044 -0.0603254 -0.0427478
v -0.0203215 -0.0607019 -0.0421568
v -0.0203215 -0.0602476 -0.042535
v -0.0194144 -0.0597238 -0.0430157
v -0.0203215 -0.0592327 -0.0432915
v -0.00857203 -0.0549438 -0.0465303
v -0.00857203 -0.0544936 -0.0467509
v -0.00857203 -0.0531103 -0.0474207
v -0.0076649 -0.0526765 -0.0476414
v -0.00676394 -0.0526847 -0.0476492
v -0.00676394 -0.052165 -0.0478856
v -0.00405489 -0.0512605 -0.0482639
v -0.0076649 -0.0506057 -0.048453
v -0.00405489 -0.0506508 -0.0484688
v -0.00676394 -0.0478883 -0.0493592
v -0.00857203 -0.0474013 -0.0494853
v -0.0076649 -0.0467424 -0.0496508
v -0.00676394 -0.0467424 -0.0496587
v -0.0076649 -0.0478761 -0.0493514
v -0.00857203 -0.0478556 -0.0493435
v -0.00676394 -0.0440291 -0.0501866
v -0.0076649 -0.0440291 -0.0501788
v -0.00857203 -0.0429282 -0.0503758
v -0.00857203 -0.0422203 -0.0504546
v -0.0076649 -0.0413199 -0.0505255
v -0.0076649 -0.0386066 -0.050691
v -0.00947299 -0.0377022 -0.0506595
v -0.0103801 -0.0377022 -0.0506201
v -0.0112811 -0.0377022 -0.0505807
v -0.0162919 -0.0372233 -0.0503285
v -0.0121882 -0.0367977 -0.050494
v -0.0130892 -0.035218 -0.0503443
v -0.0112502 -0.0340844 -0.0503521
v -0.0103801 -0.0349929 -0.0504546
v -0.00857203 -0.0386066 -0.0506752
v -0.00947299 -0.0340885 -0.0504309
v -0.0103801 -0.0340885 -0.0503915
v -0.00947299 -0.0333191 -0.0503679
v -0.00856586 -0.0331554 -0.0503758
v 0.00768846 -0.0441273 0.0245092
v 0.00678749 -0.0441601 0.024525
v 0.00407844 -0.0442174 0.0245565
v 0.00136322 -0.0503561 0.0215148
v 0.00136322 -0.0510191 0.0211759
v 0.00227035 -0.0514611 0.0209395
v 0.000462259 -0.0442951 0.0245959
v 0.000462259 -0.0449336 0.0242807
v -0.000438702 -0.0449336 0.0242807
v -0.000438702 -0.0456538 0.0239182
v 0.000462259 -0.0461081 0.0236897
v 0.000462259 -0.0467424 0.0233666
v 0.00227035 -0.0527666 0.0202461
v 0.00591122 -0.0331554 0.029521
v 0.00407844 -0.0342931 0.0290955
v 0.00678749 -0.0341826 0.0290482
v 0.00588036 -0.0367977 0.027945
v 0.00588036 -0.0361675 0.0282208
v 0.0049794 -0.0376571 0.0275825
v 0.00678749 -0.0380582 0.0273461
v 0.00678749 -0.0404155 0.0262665
v 0.00678749 -0.0422816 0.0254075
v 0.00678749 -0.0437058 0.0247456
v 0.00317131 -0.0544977 0.0193004
v 0.00227035 -0.0539697 0.0195999
v -0.00405489 -0.0549233 0.0190404
v -0.00495585 -0.0557295 0.0185833
v -0.00585681 -0.0561674 0.0183233
v -0.000438702 -0.052165 0.0205849
v 0.000462259 -0.0514774 0.0209474
v -0.000438702 -0.0514774 0.0209474
v -0.00405489 -0.0527093 0.0202145
v -0.00585681 -0.0544322 0.0192689
v -0.00495585 -0.0544568 0.0192768
v -0.00405489 -0.0544731 0.0192847
v -0.00133966 -0.052165 0.0205691
v -0.00224679 -0.052165 0.0205455
v -0.00857203 -0.0572806 0.017551
v -0.0103801 -0.056679 0.0178505
v -0.0130892 -0.0571128 0.0174407
v -0.0121882 -0.0587498 0.0164242
v -0.0148973 -0.0570432 0.0173934
v -0.0130892 -0.0587129 0.0164005
v -0.0158044 -0.0592818 0.0158726
v -0.0203215 -0.0590894 0.0157465
v -0.0194144 -0.0595805 0.0154549
v -0.0203215 -0.0601166 0.0149742
v -0.0194144 -0.0615858 0.0137843
v -0.019507 -0.0621915 0.0132642
v -0.0158044 -0.062699 0.0130594
v -0.00676394 -0.0561551 0.0183154
v -0.0076649 -0.0561429 0.0183075
v -0.0176063 -0.0626335 0.0130042
v -0.019507 -0.0629282 0.012626
v -0.020951 -0.0634725 0.0120428
v -0.0202537 -0.0640168 0.0114912
v -0.0199081 -0.0643646 0.0111287
v -0.0203215 -0.0660671 0.00920598
v -0.0212225 -0.0664191 0.00871741
v -0.0148973 -0.0670575 0.00839432
v -0.0121882 -0.0671352 0.00849676
v -0.0103801 -0.0671844 0.00856768
v -0.00910273 -0.0679783 0.00751175
v -0.0103801 -0.0676059 0.00796091
v -0.0103801 -0.0679456 0.00746447
v -0.00931255 -0.0697994 0.00482462
v -0.00857203 -0.0683098 0.0070547
v -0.0076649 -0.0687559 0.00642429
v -0.00676394 -0.07009 0.00434393
v -0.0076649 -0.0704993 0.00351652
v -0.00676394 -0.0716288 0.00126279
v 0.00227035 -0.0716697 0.00133372
v -0.00857203 -0.0695048 0.00529743
v -0.00857203 -0.0698117 0.00484038
v -0.0076649 -0.0700818 0.00434393
v 0.00136322 -0.0719521 0.000726945
v 0.00227035 -0.0723286 -0.000171392
v -0.00133966 -0.0724759 -0.000683601
v 0.00136322 -0.0726396 -0.00110125
v 0.00317131 -0.0726478 -0.00108549
v -0.00224679 -0.0733845 -0.00337861
v -0.00224679 -0.0732167 -0.00288216
v -0.00676394 -0.0731798 -0.00288216
v -0.00857203 -0.0733558 -0.00346529
v -0.00857203 -0.0735072 -0.00391446
v -0.00857203 -0.0737119 -0.00469459
v -0.0076649 -0.0737241 -0.00469459
v -0.00676394 -0.0737323 -0.00469459
v -0.0076649 -0.0731716 -0.00288216
v -0.0185135 -0.0743626 -0.012819
v -0.0206239 -0.0742971 -0.0133943
v -0.0112811 -0.0747513 -0.0137252
v -0.0103801 -0.0747923 -0.0137252
v -0.0103801 -0.0746368 -0.0110145
v -0.0130892 -0.0745631 -0.0119128
v -0.0209263 -0.0743134 -0.0143005
v -0.00857203 -0.074428 -0.0083037
v -0.00947299 -0.0745385 -0.00920991
v -0.015502 -0.0743094 -0.0096118
v -0.0161068 -0.0742971 -0.00978516
v -0.0103801 -0.0745835 -0.0101161
v -0.0103801 -0.0747841 -0.0146236
v -0.00947299 -0.0746859 -0.016436
v -0.00857203 -0.0745795 -0.0182406
v -0.0076649 -0.0744894 -0.0191468
v -0.00857203 -0.0743585 -0.0198481
v -0.00133966 -0.0738346 -0.0227638
v 0.00136322 -0.0740352 -0.0218575
v 0.00136322 -0.0738428 -0.0227638
v -0.00224679 -0.0736341 -0.0236621
v -0.00133966 -0.0736423 -0.0236621
v -0.0076649 -0.0739083 -0.00559293
v -0.00857203 -0.073896 -0.00559293
v 0.00136322 -0.0734663 -0.0243083
v 0.000462259 -0.0736423 -0.0236621
v -0.000438702 -0.0733067 -0.0247653
v -0.00133966 -0.0733067 -0.0247653
v 0.00136322 -0.0725291 -0.0269166
v 0.00136322 -0.0723613 -0.0273658
v -0.00133966 -0.0720257 -0.0281853
v -0.00224679 -0.072345 -0.0273342
v -0.00857203 -0.0677532 -0.0355375
v -0.00676394 -0.0719807 -0.0281853
v -0.00676394 -0.0716943 -0.0288393
v -0.0076649 -0.071461 -0.0292885
v -0.00857203 -0.0698567 -0.0323775
v -0.00857203 -0.0695866 -0.0328346
v -0.0076649 -0.0695948 -0.0328425
v -0.0076649 -0.0701759 -0.0317944
v -0.00857203 -0.0705402 -0.0310615
v -0.00947299 -0.069116 -0.0334965
v -0.00947299 -0.068805 -0.0339536
v -0.00947299 -0.0677327 -0.0355138
v -0.0158044 -0.0641846 -0.0392805
v -0.0203215 -0.0640413 -0.0391229
v -0.0212225 -0.0635584 -0.0395879
v -0.0203215 -0.0631082 -0.0400685
v -0.0185135 -0.0631737 -0.0401316
v -0.0158044 -0.0632719 -0.0402183
v -0.0203215 -0.0626581 -0.0404704
v -0.0203215 -0.0621301 -0.0409275
v -0.0208769 -0.0616595 -0.0412978
v -0.0203215 -0.0611971 -0.0417313
v -0.0121882 -0.0647043 -0.0389574
v -0.0212225 -0.0664927 -0.0362782
v -0.0121882 -0.0672048 -0.0360576
v -0.0170571 -0.0670657 -0.0358606
v -0.0203215 -0.0669756 -0.0357187
v -0.0212225 -0.0661326 -0.0367274
v -0.0212719 -0.0656087 -0.0373105
v -0.0210003 -0.0652814 -0.0376966
v -0.0212225 -0.0640086 -0.0390914
v -0.0203215 -0.0644465 -0.0386738
v -0.0158044 -0.0645897 -0.0388314
v -0.0203215 -0.0569491 -0.0447887
v -0.0212225 -0.0564539 -0.0450488
v -0.0212225 -0.0557745 -0.0454507
v -0.0203215 -0.0557745 -0.0455058
v -0.0212225 -0.0569081 -0.0447572
v -0.0203215 -0.055263 -0.0457816
v -0.0176063 -0.054027 -0.0465224
v -0.00947299 -0.054911 -0.0465145
v -0.0212225 -0.060665 -0.0421253
v -0.0212225 -0.0602108 -0.0425035
v -0.0203215 -0.0596869 -0.0429842
v -0.0212225 -0.0591917 -0.04326
v -0.00922615 -0.0526356 -0.0476256
v -0.00857203 -0.0526602 -0.0476335
v -0.0076649 -0.052165 -0.0478778
v -0.00676394 -0.0512605 -0.0482403
v -0.0076649 -0.0512605 -0.0482324
v -0.00857203 -0.0505853 -0.0484451
v -0.00857203 -0.0494517 -0.0488234
v -0.00857203 -0.0485472 -0.0491228
v -0.00947299 -0.0473522 -0.0494696
v -0.00857203 -0.0467424 -0.049635
v -0.00857203 -0.0449336 -0.0499896
v -0.00947299 -0.0485472 -0.0490913
v -0.00947299 -0.0478024 -0.0493277
v -0.00947299 -0.0428464 -0.05036
v -0.00947299 -0.0422203 -0.0504231
v -0.00857203 -0.0413199 -0.0505097
v -0.00947299 -0.0386066 -0.0506437
v -0.0103801 -0.0386066 -0.0506043
v -0.0185135 -0.0377022 -0.0502418
v -0.0112811 -0.0386066 -0.0505649
v -0.0164832 -0.0383283 -0.0503364
v -0.0203215 -0.0377022 -0.0501551
v -0.0194144 -0.0367977 -0.0501551
v -0.0158044 -0.0349929 -0.0502024
v -0.0203215 -0.0358933 -0.0500527
v -0.0109232 -0.0336015 -0.0503285
v -0.0185135 -0.0340885 -0.0500133
v -0.0103801 -0.0334951 -0.0503443
v -0.0103801 -0.0331554 -0.0503048
v -0.00947299 -0.0331554 -0.0503443
v -0.0185381 -0.0331554 -0.0499187
v 0.000462259 -0.0503561 0.0215226
v -0.000438702 -0.0442992 0.0245959
v 0.00227035 -0.043804 0.0247929
v 0.000462259 -0.043845 0.0248087
v -0.00224679 -0.0456252 0.0239024
v -0.00585681 -0.0437672 0.0247771
v -0.000438702 -0.0474463 0.0230041
v 0.00320217 -0.0331554 0.0296155
v 0.00229503 -0.0331554 0.0296471
v 0.00136322 -0.0331841 0.0296628
v 0.00136322 -0.0367977 0.028071
v 0.000462259 -0.0339657 0.0293476
v 0.00227035 -0.035836 0.0284729
v 0.000776978 -0.0363394 0.0282917
v 0.00588036 -0.0380828 0.0273618
v 0.00588036 -0.0431247 0.0250372
v 0.000462259 -0.0377022 0.027677
v -0.00676394 -0.055705 0.0185676
v -0.00133966 -0.0496726 0.0218536
v -0.00405489 -0.0473809 0.0229726
v -0.00314775 -0.0491816 0.0220664
v -0.00585681 -0.0531144 0.0199545
v -0.00314775 -0.052165 0.0205219
v -0.00676394 -0.0508636 0.0210971
v -0.00695524 -0.0544036 0.0192532
v -0.00669606 -0.0547801 0.019064
v -0.00857203 -0.056679 0.0179372
v -0.0130892 -0.0566585 0.0177323
v -0.00857203 -0.0561142 0.0182918
v -0.0139963 -0.0566258 0.0177086
v -0.0158044 -0.0570064 0.0173698
v -0.0158044 -0.0565562 0.0176614
v -0.0194144 -0.0584878 0.0161957
v -0.0176063 -0.0569327 0.0173225
v -0.0167054 -0.0575834 0.0169443
v -0.0221296 -0.058983 0.0156756
v -0.0212225 -0.0594905 0.0153919
v -0.0203215 -0.0595396 0.0154234
v -0.0185135 -0.0564375 0.0175904
v -0.0194144 -0.0568386 0.0172674
v -0.0203215 -0.0574893 0.0167788
v -0.0212225 -0.0600798 0.0149427
v -0.0212225 -0.0610661 0.0141074
v -0.0203215 -0.0620851 0.0133036
v -0.0198649 -0.0625517 0.0129333
v -0.0076649 -0.0556886 0.0185518
v -0.021241 -0.0630878 0.0123659
v -0.0203215 -0.0625353 0.0129175
v -0.0215496 -0.0634438 0.0120192
v -0.0212225 -0.0647248 0.0106244
v -0.0212225 -0.0660344 0.00916658
v -0.0158044 -0.0670329 0.00835492
v -0.0221296 -0.0663781 0.00867013
v -0.0212225 -0.0668692 0.0081264
v -0.0203215 -0.066902 0.0081658
v -0.0194144 -0.0672376 0.00775603
v -0.0158044 -0.0673399 0.00790575
v -0.0121882 -0.0686535 0.00627456
v -0.014922 -0.0691365 0.00533683
v -0.0203215 -0.0690382 0.0050295
v -0.0103801 -0.0697708 0.00476946
v -0.0194144 -0.0697626 0.00384748
v -0.00955938 -0.0699836 0.00443849
v -0.00857203 -0.0704911 0.00350075
v -0.00857203 -0.0700655 0.00434393
v -0.00857203 -0.0709699 0.00253938
v -0.0076649 -0.0716247 0.00125491
v -0.00495585 -0.0718989 0.000726945
v -0.00676394 -0.0722549 -0.000171392
v -0.00585681 -0.072611 -0.00118793
v -0.0076649 -0.0726028 -0.00121157
v -0.00947299 -0.0733394 -0.00351257
v -0.00857203 -0.0724432 -0.000778162
v -0.00947299 -0.0734909 -0.00396962
v -0.00947299 -0.0736791 -0.00469459
v -0.0158044 -0.0744362 -0.0119128
v -0.0194144 -0.074162 -0.0101161
v -0.0193712 -0.0742725 -0.011968
v -0.0194144 -0.0743707 -0.0137252
v -0.0139963 -0.0746245 -0.0137252
v -0.0203215 -0.074117 -0.0101161
v -0.0212225 -0.0740679 -0.0101161
v -0.0212225 -0.0741743 -0.0119128
v -0.0212225 -0.0742275 -0.012819
v -0.0209263 -0.0743134 -0.0139932
v -0.0204882 -0.0742889 -0.0149073
v -0.0185135 -0.0744035 -0.0146236
v -0.0158044 -0.0745303 -0.0146236
v -0.0275539 -0.0738101 -0.0137252
v -0.0275539 -0.0737896 -0.0146236
v -0.0275539 -0.0736914 -0.016436
v -0.0275539 -0.07363 -0.0173343
v -0.0221296 -0.0739328 -0.0182406
v -0.0212225 -0.0739901 -0.0182406
v -0.0203215 -0.0740433 -0.0182406
v -0.0203215 -0.0741129 -0.0173343
v -0.0094915 -0.0742316 -0.0074684
v -0.0094915 -0.0743789 -0.00823278
v -0.0103801 -0.0743707 -0.00840614
v -0.0121882 -0.0743298 -0.00862678
v -0.0128547 -0.0743134 -0.00870558
v -0.0103801 -0.0744976 -0.00920991
v -0.0139963 -0.0743462 -0.009336
v -0.0158044 -0.0742521 -0.00926507
v -0.0203215 -0.0740311 -0.00920991
v -0.0112811 -0.0744567 -0.00920991
v -0.0139963 -0.0745467 -0.0155298
v -0.0112811 -0.074604 -0.016436
v -0.0103801 -0.0746449 -0.016436
v -0.00947299 -0.0745467 -0.0182406
v -0.00947299 -0.0744485 -0.0191468
v -0.00857203 -0.0744771 -0.0191468
v -0.00947299 -0.0743421 -0.0197772
v -0.00947299 -0.074248 -0.0202342
v -0.00947299 -0.0740965 -0.0209513
v -0.00947299 -0.0737119 -0.0227638
v -0.00857203 -0.0739287 -0.0218575
v -0.00314775 -0.0736218 -0.0236621
v -0.00314775 -0.0734622 -0.0242925
v -0.00224679 -0.0734663 -0.0243083
v -0.00133966 -0.0734704 -0.0243083
v -0.00947299 -0.0738633 -0.00559293
v -0.00224679 -0.0733026 -0.0247574
v -0.00133966 -0.0730448 -0.0254745
v -0.000438702 -0.0725209 -0.0269008
v -0.00585681 -0.0725005 -0.0268378
v -0.00585681 -0.0723327 -0.027287
v -0.00857203 -0.0719562 -0.0281853
v -0.0076649 -0.0716902 -0.0288315
v -0.00672691 -0.0723572 -0.0271924
v -0.0076649 -0.0723122 -0.0272791
v -0.00857203 -0.0714528 -0.0292728
v -0.00947299 -0.0698404 -0.032346
v -0.00947299 -0.0695662 -0.0328031
v -0.00947299 -0.0705238 -0.0310221
v -0.00947299 -0.0701268 -0.0317944
v -0.00947299 -0.0710517 -0.0299898
v -0.0112811 -0.0690669 -0.0334256
v -0.0103801 -0.0683712 -0.034513
v -0.0103801 -0.0680192 -0.0350253
v -0.0221975 -0.0640454 -0.0389574
v -0.0221296 -0.0635175 -0.0395406
v -0.0212225 -0.0630714 -0.040037
v -0.0212225 -0.0626212 -0.0404389
v -0.0211978 -0.0620156 -0.0409669
v -0.0221296 -0.0664559 -0.0362309
v -0.0212225 -0.0669429 -0.0356793
v -0.0176063 -0.0681256 -0.0342766
v -0.0185135 -0.0673358 -0.0353483
v -0.0194144 -0.0673112 -0.0353089
v -0.0203215 -0.0677368 -0.0346155
v -0.0212225 -0.0672539 -0.0352301
v -0.0221296 -0.0660917 -0.0366801
v -0.0230306 -0.0660507 -0.0366328
v -0.0239377 -0.0651504 -0.0375469
v -0.0230306 -0.0647411 -0.0380985
v -0.0221296 -0.0564007 -0.0450173
v -0.0221296 -0.0557745 -0.0453798
v -0.0230306 -0.0550747 -0.0456871
v -0.0221296 -0.0551443 -0.0457186
v -0.0212225 -0.0552098 -0.0457501
v -0.0221296 -0.0568549 -0.0447257
v -0.0212225 -0.0547596 -0.0459708
v -0.0212225 -0.0539697 -0.0463569
v -0.0203215 -0.052165 -0.0472789
v -0.0180568 -0.0517107 -0.0476177
v -0.00983091 -0.052607 -0.0476098
v -0.0221296 -0.06062 -0.0420859
v -0.0214817 -0.0616309 -0.0412742
v -0.022216 -0.0621915 -0.0407305
v -0.0221296 -0.0601658 -0.0424641
v -0.0212225 -0.0596419 -0.0429527
v -0.0221296 -0.0591345 -0.0432285
v -0.0221296 -0.0584878 -0.043654
v -0.0221296 -0.0579967 -0.0439771
v -0.0103801 -0.052124 -0.0478068
v -0.00951002 -0.0522468 -0.0477911
v -0.00857203 -0.052165 -0.047862
v -0.00857203 -0.0512605 -0.0482166
v -0.00947299 -0.0512605 -0.0481851
v -0.00947299 -0.0505362 -0.0484294
v -0.0110528 -0.0472253 -0.0494302
v -0.00947299 -0.0467424 -0.0496035
v -0.0113243 -0.0475732 -0.049312
v -0.0121882 -0.0476428 -0.0492489
v -0.0139963 -0.0476428 -0.0491622
v -0.00947299 -0.0449336 -0.0499581
v -0.0176865 -0.0486373 -0.0486579
v -0.0185135 -0.0476428 -0.0489416
v -0.0103801 -0.0512605 -0.0481457
v -0.0130892 -0.0498159 -0.0484924
v -0.0108491 -0.0426786 -0.0503285
v -0.0103801 -0.0413199 -0.0504388
v -0.00947299 -0.0413199 -0.0504782
v -0.0118797 -0.0418724 -0.0503364
v -0.0112811 -0.0404155 -0.0504546
v -0.0139963 -0.0386066 -0.0504388
v -0.0194144 -0.0386066 -0.0501866
v -0.0203215 -0.0386066 -0.0501394
v -0.0212225 -0.0377022 -0.0501078
v -0.0203215 -0.0367977 -0.0501078
v -0.0212225 -0.0367977 -0.0500606
v -0.0212225 -0.0340885 -0.0498793
v -0.0203215 -0.0340885 -0.0499266
v -0.0203462 -0.0331554 -0.049832
v -0.000438702 -0.0438491 0.0248087
v -0.00224679 -0.0438204 0.0248008
v 0.000462259 -0.0431247 0.0251475
v -0.00676394 -0.0442051 0.0245407
v -0.00405489 -0.0455925 0.0238867
v -0.000438702 -0.0386803 0.02722
v -0.00676394 -0.0431247 0.0250608
v -0.00676394 -0.0437508 0.0247693
v 0.000462259 -0.0331554 0.0297022
v 0.000178394 -0.0363557 0.0282996
v -0.000438702 -0.0331841 0.0296943
v -0.000438702 -0.0344241 0.0291506
v 0.000462259 -0.0401044 0.026558
v 0.000462259 -0.0419788 0.0256834
v 0.000462259 -0.0386844 0.02722
v -0.000198034 -0.0363557 0.0282996
v -0.00495585 -0.0455761 0.0238788
v -0.00495585 -0.0467424 0.0232799
v -0.00495585 -0.0478106 0.0227283
v -0.00676394 -0.0526397 0.0201751
v -0.00676394 -0.0467424 0.0232326
v -0.0130892 -0.0506794 0.0210025
v -0.00731315 -0.0526233 0.0201673
v -0.0076649 -0.0548701 0.0189852
v -0.00857203 -0.0556599 0.0185361
v -0.00947299 -0.0556231 0.0185203
v -0.0158044 -0.0553489 0.0183706
v -0.0158044 -0.0557991 0.0181184
v -0.0167054 -0.0565194 0.0176377
v -0.0266468 -0.0582382 0.015778
v -0.0232651 -0.0589094 0.0156283
v -0.0229936 -0.0593063 0.0153682
v -0.0239377 -0.0593882 0.0152264
v -0.0230306 -0.0599898 0.0148639
v -0.0221296 -0.0600389 0.0149033
v -0.0176063 -0.0557745 0.0180396
v -0.0185135 -0.0557745 0.0179845
v -0.0194144 -0.0563884 0.017551
v -0.0217162 -0.0562329 0.0174565
v -0.0275539 -0.0575834 0.0161169
v -0.0275539 -0.0581809 0.0157386
v -0.0221296 -0.0604891 0.0145251
v -0.0212225 -0.0620483 0.0132721
v -0.0212225 -0.0624985 0.012886
v -0.0221296 -0.0624575 0.0128466
v -0.0221296 -0.062965 0.0123974
v -0.0221296 -0.0638244 0.0115385
v -0.0221296 -0.0642787 0.0110342
v -0.0230306 -0.0629159 0.012358
v -0.0230306 -0.0633702 0.0119404
v -0.0275539 -0.0640209 0.0107584
v -0.0275539 -0.0644383 0.0103013
v -0.0266468 -0.0649294 0.00985215
v -0.0248387 -0.0654205 0.00948966
v -0.0221296 -0.0659934 0.0091193
v -0.0221296 -0.065134 0.0100807
v -0.0203215 -0.067213 0.00771663
v -0.0239377 -0.0662963 0.00857556
v -0.0221296 -0.0668324 0.00806336
v -0.0279982 -0.0679742 0.00569931
v -0.0273935 -0.0679988 0.00573871
v -0.0221296 -0.0689728 0.00493494
v -0.0212225 -0.0682484 0.0061012
v -0.0205684 -0.067966 0.00658977
v -0.0185135 -0.0680233 0.00667645
v -0.0176063 -0.0684285 0.00615636
v -0.0148973 -0.0681256 0.00682617
v -0.0194144 -0.0683262 0.00615636
v -0.0212225 -0.0693861 0.00434393
v -0.0203215 -0.0694434 0.00434393
v -0.0148973 -0.0696439 0.00454093
v -0.0212225 -0.0686986 0.00543927
v -0.0203215 -0.0697381 0.0038002
v -0.0176063 -0.0700614 0.00344559
v -0.0158044 -0.0701555 0.00344559
v -0.0103801 -0.0704379 0.00344559
v -0.00931255 -0.0707039 0.00302007
v -0.00857203 -0.0716165 0.00123915
v -0.0076649 -0.0718743 0.000726945
v -0.00676394 -0.0718825 0.000726945
v -0.0076649 -0.0722467 -0.000171392
v -0.0131262 -0.073278 -0.0038593
v -0.0103801 -0.0734704 -0.00403266
v -0.00947299 -0.0724268 -0.000833323
v -0.0103801 -0.0725578 -0.00134553
v -0.0112811 -0.0730366 -0.00288216
v -0.00857203 -0.0722304 -0.000171392
v -0.00947299 -0.0721976 -0.000171392
v -0.0128423 -0.073409 -0.0042139
v -0.0134471 -0.0733926 -0.00426118
v -0.0139963 -0.0733804 -0.00431635
v -0.0112811 -0.0735932 -0.00469459
v -0.0167054 -0.0734172 -0.00506496
v -0.0103801 -0.0738223 -0.00559293
v -0.0212225 -0.073982 -0.00920991
v -0.0221296 -0.0740106 -0.0101161
v -0.0221296 -0.074117 -0.0119128
v -0.0230306 -0.0741047 -0.012819
v -0.0221296 -0.0742152 -0.0137252
v -0.0230306 -0.0741497 -0.0137252
v -0.0248387 -0.0740147 -0.0137252
v -0.0202413 -0.0742602 -0.0154431
v -0.0185011 -0.0743339 -0.0155534
v -0.0167054 -0.0744198 -0.0155298
v -0.0284549 -0.0736996 -0.0137252
v -0.0275539 -0.0737773 -0.012819
v -0.0284549 -0.0736709 -0.012819
v -0.0284549 -0.0736709 -0.0146236
v -0.0284549 -0.0735686 -0.016436
v -0.0285351 -0.0734868 -0.0173974
v -0.0283068 -0.0734499 -0.0182406
v -0.0281278 -0.0734172 -0.0188079
v -0.0275539 -0.0735359 -0.0182406
v -0.0257458 -0.073675 -0.0182406
v -0.0248387 -0.0737405 -0.0182406
v -0.0221296 -0.0738264 -0.0191468
v -0.0212225 -0.0738837 -0.0191468
v -0.0142987 -0.0742971 -0.018603
v -0.0121882 -0.0744239 -0.0182406
v -0.0203215 -0.0739328 -0.0191468
v -0.0194144 -0.0742807 -0.0156874
v -0.0112811 -0.0739574 -0.00649914
v -0.0103801 -0.0742848 -0.00795697
v -0.0203215 -0.0735277 -0.00649914
v -0.0203215 -0.0738796 -0.0083037
v -0.0139963 -0.0742848 -0.00888683
v -0.0103801 -0.0745058 -0.0182406
v -0.0137001 -0.0743094 -0.018737
v -0.0130892 -0.0743257 -0.0188316
v -0.0108861 -0.0743053 -0.0196117
v -0.0194144 -0.0738019 -0.0200451
v -0.0121882 -0.0736054 -0.0227638
v -0.0112811 -0.0736464 -0.0227638
v -0.0103801 -0.0738715 -0.0218575
v -0.0103801 -0.0736791 -0.0227638
v -0.0112811 -0.0734745 -0.023536
v -0.0103801 -0.0734909 -0.0235991
v -0.00947299 -0.0734868 -0.0237409
v -0.00857203 -0.0735318 -0.0236621
v -0.00857203 -0.0737323 -0.0227638
v -0.0076649 -0.0734213 -0.0241822
v -0.00676394 -0.0734295 -0.0242058
v -0.0076649 -0.0726478 -0.0263492
v -0.00495585 -0.0730079 -0.0254745
v -0.00639985 -0.0724964 -0.0268299
v -0.00405489 -0.0730202 -0.0254745
v -0.00314775 -0.0732985 -0.0247417
v -0.00947299 -0.0719193 -0.0281853
v -0.00947299 -0.0716656 -0.0287842
v -0.00857203 -0.071682 -0.0288157
v -0.00857203 -0.0722959 -0.0272791
v -0.00947299 -0.0722672 -0.0272791
v -0.00700461 -0.0724923 -0.0268141
v -0.0103801 -0.0698158 -0.0323066
v -0.011349 -0.0695703 -0.0326297
v -0.0203215 -0.0691037 -0.0325982
v -0.0194144 -0.0691283 -0.0326376
v -0.011349 -0.0699836 -0.031889
v -0.0116945 -0.0697831 -0.0322436
v -0.0125523 -0.0715879 -0.0286266
v -0.0122252 -0.0714078 -0.0290127
v -0.0158044 -0.0705893 -0.0302499
v -0.0139963 -0.0689891 -0.0333153
v -0.0228084 -0.0634807 -0.0395091
v -0.0239377 -0.064291 -0.0385004
v -0.0248387 -0.062433 -0.0402813
v -0.0239377 -0.0624821 -0.0403207
v -0.0225739 -0.0625517 -0.0403837
v -0.0219754 -0.0625844 -0.0404074
v -0.0221296 -0.0669061 -0.0356241
v -0.0239377 -0.0663699 -0.0361285
v -0.0203215 -0.0688091 -0.0330552
v -0.0212225 -0.0680192 -0.034119
v -0.0221296 -0.0672171 -0.035175
v -0.0248387 -0.066329 -0.0360733
v -0.0248387 -0.0659648 -0.0365225
v -0.0275539 -0.0653796 -0.0369007
v -0.0257458 -0.0654696 -0.0369953
v -0.0257458 -0.0650604 -0.0374523
v -0.0230306 -0.0563434 -0.0449779
v -0.0230306 -0.0557745 -0.0453088
v -0.0239377 -0.0550051 -0.0456477
v -0.0260173 -0.0543913 -0.0457974
v -0.0230306 -0.0546245 -0.0459077
v -0.0221296 -0.0546941 -0.0459392
v -0.0230306 -0.0584878 -0.0435831
v -0.0230306 -0.0574893 -0.0442371
v -0.0248387 -0.057829 -0.0438668
v -0.0257458 -0.0577717 -0.0438274
v -0.0275539 -0.0576448 -0.0437565
v -0.0221296 -0.0539697 -0.0462939
v -0.0212225 -0.0529221 -0.0468612
v -0.0212225 -0.052165 -0.0472237
v -0.0203215 -0.0515429 -0.0475547
v -0.0158044 -0.0518335 -0.0476729
v -0.0203215 -0.0510927 -0.0477123
v -0.0230306 -0.0605709 -0.0420465
v -0.0266468 -0.0618846 -0.0405886
v -0.0248387 -0.0614549 -0.0411245
v -0.0239377 -0.0600634 -0.0423774
v -0.0221296 -0.0595887 -0.0429133
v -0.0248387 -0.0589667 -0.0431182
v -0.0121882 -0.0471067 -0.0494065
v -0.0103801 -0.0467424 -0.0495641
v -0.0112811 -0.045838 -0.0496981
v -0.0121882 -0.0440291 -0.0500054
v -0.0185135 -0.0489647 -0.0485082
v -0.0194144 -0.0484449 -0.0486343
v -0.0203215 -0.0483753 -0.0486106
v -0.0203215 -0.0476428 -0.048847
v -0.0203215 -0.0467424 -0.0490834
v -0.0194144 -0.0467424 -0.0491307
v -0.0167054 -0.0431247 -0.049966
v -0.0203215 -0.0431247 -0.0497926
v -0.0203215 -0.0422203 -0.0499108
v -0.0167054 -0.0422203 -0.0500842
v -0.0185135 -0.0413199 -0.0500606
v -0.0139963 -0.039511 -0.0503837
v -0.0203215 -0.0413199 -0.0499739
v -0.0212225 -0.0386066 -0.0500921
v -0.0221296 -0.0377022 -0.0500448
v -0.0221296 -0.0367977 -0.0499975
v -0.0280599 -0.0344732 -0.0494302
v -0.0221296 -0.0340885 -0.0498163
v -0.0221296 -0.0331554 -0.0497217
v -0.0212225 -0.0331841 -0.0497848
v -0.0212534 -0.0331554 -0.0497769
v -0.000438702 -0.0431247 0.0251475
v -0.0076649 -0.0441724 0.024525
v -0.0139963 -0.0502006 0.0212232
v -0.00676394 -0.0455352 0.0238552
v -0.00585681 -0.0460099 0.0236345
v -0.00676394 -0.0404277 0.0262901
v -0.00724527 -0.0399653 0.0264871
v -0.0076649 -0.0431247 0.0250293
v -0.0076649 -0.0437181 0.0247535
v -0.000475728 -0.0359833 0.028465
v -0.00224679 -0.0349929 0.0288748
v -0.000438702 -0.0331554 0.0297022
v -0.00224679 -0.0331554 0.0296865
v -0.00133966 -0.0331841 0.0296865
v -0.0103801 -0.0538388 0.0194344
v -0.00857203 -0.0548701 0.0189537
v -0.00947299 -0.0548701 0.0189222
v -0.0176063 -0.0552671 0.0183233
v -0.0248387 -0.0588111 0.0155574
v -0.0275539 -0.0592613 0.0149821
v -0.0257458 -0.0587498 0.015518
v -0.0266468 -0.0586884 0.0154786
v -0.0253694 -0.0598506 0.0147457
v -0.0272145 -0.0607592 0.0138474
v -0.0185135 -0.0552139 0.0182997
v -0.0203215 -0.0557745 0.0178426
v -0.0257458 -0.0555003 0.0175589
v -0.0239377 -0.0560774 0.0173619
v -0.0275539 -0.0565562 0.0167552
v -0.0280476 -0.0553366 0.0174565
v -0.0284549 -0.0564784 0.0167
v -0.0284549 -0.0569327 0.0164163
v -0.0282142 -0.0581113 0.0156913
v -0.0275539 -0.0586311 0.0154313
v -0.0257458 -0.0608369 0.0139104
v -0.0248387 -0.0618641 0.0131145
v -0.0230306 -0.0619583 0.0131933
v -0.0239377 -0.0623634 0.0127678
v -0.0248387 -0.0628136 0.0122714
v -0.0257458 -0.0627645 0.0122241
v -0.0275539 -0.0626622 0.0121295
v -0.0275539 -0.0631123 0.0116961
v -0.0275539 -0.0635666 0.0112391
v -0.0282019 -0.0644015 0.0102619
v -0.0280167 -0.0652691 0.0093163
v -0.0275539 -0.0652895 0.00934782
v -0.0257458 -0.0653796 0.00944238
v -0.0239377 -0.0659116 0.00902473
v -0.0275539 -0.0656947 0.00886713
v -0.0257458 -0.0662103 0.00846524
v -0.0276403 -0.0677327 0.00608544
v -0.0275539 -0.0664436 0.00789787
v -0.0275539 -0.0661203 0.00834704
v -0.0284549 -0.067569 0.00615636
v -0.0284549 -0.0679333 0.00562839
v -0.0284549 -0.0682034 0.00517923
v -0.0282512 -0.0689441 0.00400508
v -0.0275539 -0.0687313 0.00454881
v -0.0266468 -0.0687722 0.00461973
v -0.0248387 -0.0688541 0.0047537
v -0.024345 -0.0688745 0.0047931
v -0.0237464 -0.0689032 0.0048325
v -0.0230306 -0.0689359 0.00487978
v -0.0221296 -0.0693206 0.00434393
v -0.0212225 -0.0697135 0.00375292
v -0.0203215 -0.0706425 0.00199565
v -0.0130892 -0.0708307 0.0023739
v -0.0103801 -0.0709003 0.00251574
v -0.00954704 -0.071416 0.00156224
v -0.00929403 -0.0716042 0.00120763
v -0.00954704 -0.0717802 0.000821506
v -0.00857203 -0.071858 0.000726945
v -0.0176063 -0.0730325 -0.00378838
v -0.0196242 -0.0724841 -0.00246451
v -0.0112811 -0.0723818 -0.000959405
v -0.0158044 -0.0725782 -0.00218871
v -0.0103801 -0.0717925 0.000703305
v -0.0112811 -0.071772 0.000656023
v -0.0167054 -0.071637 0.000372338
v -0.0188035 -0.0715838 0.000254136
v -0.0158044 -0.0718866 -0.000171392
v -0.0185135 -0.0729875 -0.00378838
v -0.0203215 -0.0728974 -0.00378838
v -0.0203215 -0.0731553 -0.00469459
v -0.0148973 -0.0733599 -0.00441879
v -0.0185135 -0.0732453 -0.00469459
v -0.0203215 -0.0733312 -0.00549837
v -0.0185135 -0.0734622 -0.00572689
v -0.0212225 -0.0738305 -0.0083037
v -0.0221296 -0.0737732 -0.0083037
v -0.0221296 -0.0739206 -0.00920991
v -0.0230306 -0.0738592 -0.00920991
v -0.0239377 -0.0737937 -0.00920991
v -0.0239377 -0.0738796 -0.0101161
v -0.0275539 -0.0737241 -0.0119128
v -0.0239377 -0.0740392 -0.012819
v -0.0290905 -0.0735113 -0.0137252
v -0.029072 -0.073499 -0.012819
v -0.0275539 -0.0736709 -0.0110145
v -0.0284549 -0.0736095 -0.0119128
v -0.0289177 -0.0734049 -0.0104865
v -0.0290164 -0.0734622 -0.0119128
v -0.0290596 -0.0734909 -0.0146236
v -0.0290164 -0.0734622 -0.0155298
v -0.02893 -0.0734131 -0.0171295
v -0.0288868 -0.0733967 -0.0177362
v -0.0287634 -0.0733763 -0.0182406
v -0.0284425 -0.0733108 -0.0191231
v -0.0275539 -0.0732617 -0.0200451
v -0.0275539 -0.0733722 -0.0194226
v -0.0275539 -0.0734417 -0.0189734
v -0.0239377 -0.0736955 -0.0191468
v -0.0264185 -0.0734172 -0.0196905
v -0.0257458 -0.0734417 -0.0198166
v -0.0230306 -0.0735932 -0.0200451
v -0.0221296 -0.0736546 -0.0200451
v -0.0212225 -0.0737119 -0.0200451
v -0.0203215 -0.0737569 -0.0200451
v -0.0208769 -0.0734049 -0.00601846
v -0.0211978 -0.0734704 -0.00644398
v -0.0130892 -0.0734336 -0.0233626
v -0.0121882 -0.0734581 -0.0234572
v -0.0112811 -0.0733681 -0.0239852
v -0.0097692 -0.0733926 -0.0240955
v -0.00916444 -0.0734049 -0.024127
v -0.00857203 -0.0734131 -0.0241507
v -0.0103801 -0.0718784 -0.0281853
v -0.00947299 -0.0724636 -0.0267353
v -0.0121882 -0.0731348 -0.0245683
v -0.0103801 -0.0724432 -0.0266881
v -0.0103801 -0.0722263 -0.0272791
v -0.0176063 -0.0696276 -0.0319441
v -0.0212225 -0.0690751 -0.0325588
v -0.0206609 -0.069779 -0.0313373
v -0.0192355 -0.0716042 -0.0277676
v -0.0148973 -0.0715265 -0.0284847
v -0.0203215 -0.0709453 -0.0290836
v -0.0185135 -0.0707489 -0.0296589
v -0.0266468 -0.0636976 -0.0388392
v -0.0239377 -0.0634193 -0.039446
v -0.0275539 -0.0627686 -0.0396903
v -0.0257458 -0.0628709 -0.0397849
v -0.0248387 -0.0642419 -0.0384531
v -0.0275539 -0.0645201 -0.0378463
v -0.0257458 -0.0646102 -0.0379488
v -0.0257458 -0.0623839 -0.040234
v -0.0230306 -0.0668651 -0.035569
v -0.0212225 -0.0687804 -0.0330079
v -0.0212225 -0.0683712 -0.0336068
v -0.0221481 -0.0677246 -0.0344342
v -0.0230306 -0.0679415 -0.0340087
v -0.0239377 -0.0675158 -0.034513
v -0.0266468 -0.0662431 -0.035963
v -0.0275539 -0.0658338 -0.036357
v -0.0280352 -0.0661735 -0.0358763
v -0.0284549 -0.0653182 -0.0368298
v -0.0244808 -0.0562411 -0.0449148
v -0.0275539 -0.0555576 -0.0450409
v -0.0266468 -0.0548701 -0.0454901
v -0.0275539 -0.0548701 -0.0454113
v -0.0275539 -0.0542644 -0.0457265
v -0.0275539 -0.0538183 -0.045955
v -0.0239377 -0.0531717 -0.046546
v -0.0256533 -0.0585533 -0.043323
v -0.0280661 -0.0571496 -0.0440086
v -0.0275539 -0.0571905 -0.0440401
v -0.0275539 -0.0583323 -0.0432994
v -0.0284549 -0.0582464 -0.0432442
v -0.0230306 -0.052787 -0.0467982
v -0.0221296 -0.0528566 -0.0468297
v -0.0221296 -0.052165 -0.0471607
v -0.0212225 -0.0514692 -0.047531
v -0.0221296 -0.0509249 -0.0476571
v -0.0212225 -0.0487559 -0.0484373
v -0.0203215 -0.0503561 -0.0479566
v -0.0257458 -0.0609515 -0.0414633
v -0.0248387 -0.0604604 -0.0419598
v -0.0275539 -0.0618355 -0.0405414
v -0.0266468 -0.0598997 -0.0422435
v -0.0230306 -0.0595314 -0.0428739
v -0.0266468 -0.0593882 -0.0426296
v -0.0275601 -0.05947 -0.0424799
v -0.0266468 -0.0588439 -0.0430315
v -0.0139963 -0.0464355 -0.0494538
v -0.0158044 -0.0449336 -0.0496587
v -0.0203215 -0.0494517 -0.048256
v -0.0212225 -0.0476428 -0.0487997
v -0.0212225 -0.0483017 -0.048587
v -0.0203215 -0.045838 -0.0492647
v -0.0212225 -0.0467424 -0.0490361
v -0.0194144 -0.045838 -0.049312
v -0.0203215 -0.0440291 -0.0496193
v -0.0212225 -0.0431247 -0.0497375
v -0.0212225 -0.0422203 -0.0498636
v -0.0212225 -0.0413199 -0.0499266
v -0.0221296 -0.0386066 -0.050029
v -0.0266468 -0.0386066 -0.049706
v -0.0257458 -0.0377022 -0.049769
v -0.0275539 -0.0367977 -0.0495878
v -0.0230306 -0.0386066 -0.049966
v -0.0275539 -0.0338348 -0.0493986
v -0.0270602 -0.033667 -0.0494223
v -0.0230306 -0.0340885 -0.0497532
v -0.0281587 -0.0349929 -0.0494459
v -0.0286091 -0.0349929 -0.049375
v -0.0283993 -0.0341376 -0.0493356
v -0.0275539 -0.0331554 -0.0493041
v -0.0230306 -0.0331841 -0.0496587
v -0.0230676 -0.0331554 -0.0496508
v -0.0139963 -0.0494517 0.0216014
v -0.0148973 -0.0494517 0.021562
v -0.0148973 -0.0501474 0.0211996
v -0.00676394 -0.039511 0.0267078
v -0.00676394 -0.0342849 0.0290876
v -0.0076649 -0.0331841 0.0295604
v -0.0076649 -0.0380459 0.0273461
v -0.00947299 -0.0417373 0.025573
v -0.0103986 -0.0432065 0.0248559
v -0.0101086 -0.0435953 0.0246905
v -0.00857203 -0.0436731 0.0247299
v -0.00224679 -0.0339494 0.0293397
v -0.00405489 -0.0331554 0.0296628
v -0.00495585 -0.0331841 0.0296313
v -0.00676394 -0.0338348 0.0292925
v -0.00314775 -0.0331841 0.0296628
v -0.0284549 -0.0591467 0.0148954
v -0.0284549 -0.0601985 0.0141074
v -0.0284549 -0.0606528 0.0137607
v -0.0278131 -0.0607223 0.0138159
v -0.0275539 -0.0597115 0.0146354
v -0.0266468 -0.0597688 0.0146827
v -0.0275292 -0.0603704 0.0141232
v -0.0275292 -0.0611152 0.0135085
v -0.0266468 -0.0617618 0.0130357
v -0.0266468 -0.0612421 0.0134849
v -0.0233638 -0.0543995 0.0183469
v -0.0221296 -0.0549397 0.0181578
v -0.0185135 -0.0547637 0.0185361
v -0.0203215 -0.0503561 0.020711
v -0.0248387 -0.0548701 0.0179766
v -0.0275539 -0.0553735 0.0174801
v -0.0248387 -0.056016 0.0173225
v -0.0266468 -0.0558891 0.0172437
v -0.0275539 -0.0558236 0.0172043
v -0.0286462 -0.055222 0.0174013
v -0.028387 -0.0556927 0.0171807
v -0.0275539 -0.0540802 0.0181736
v -0.0281093 -0.0535687 0.0183785
v -0.0290226 -0.0563638 0.0166291
v -0.028819 -0.0580008 0.0156204
v -0.0284919 -0.057653 0.0159356
v -0.0284919 -0.0584428 0.0153919
v -0.0257458 -0.061815 0.0130751
v -0.0266468 -0.0622161 0.012626
v -0.028171 -0.062609 0.0120743
v -0.0275539 -0.0617086 0.0129884
v -0.028097 -0.0616718 0.012949
v -0.0282019 -0.0635175 0.0111839
v -0.0288004 -0.064336 0.0101989
v -0.0286153 -0.0651954 0.00922962
v -0.0283746 -0.0655187 0.00889865
v -0.0284549 -0.0660303 0.00823672
v -0.0269306 -0.066153 0.00838644
v -0.0284549 -0.0671557 0.00672373
v -0.0289424 -0.0670984 0.00663705
v -0.0290658 -0.0680929 0.00500586
v -0.028856 -0.0688664 0.00387112
v -0.0285166 -0.0691528 0.00351652
v -0.0284549 -0.0696235 0.00269698
v -0.0275539 -0.0693656 0.00344559
v -0.0275539 -0.0689973 0.00409965
v -0.0248387 -0.0691201 0.00430453
v -0.0230306 -0.069247 0.00434393
v -0.0230306 -0.0696439 0.00361896
v -0.0221296 -0.0696808 0.003682
v -0.0221296 -0.0702537 0.00253938
v -0.0212225 -0.0708389 0.00149132
v -0.0203215 -0.0712686 0.000726945
v -0.0194144 -0.0713178 0.000726945
v -0.0148973 -0.071461 0.000916069
v -0.0112811 -0.0715551 0.00110519
v -0.0167054 -0.0724023 -0.00180258
v -0.0194144 -0.0720217 -0.00107761
v -0.0203215 -0.0719766 -0.00107761
v -0.0203215 -0.0726192 -0.00296884
v -0.0176063 -0.0716124 0.000325058
v -0.0194144 -0.0715674 0.000214736
v -0.0203215 -0.0717065 -0.000297474
v -0.0212225 -0.0725946 -0.00304764
v -0.0212225 -0.0728442 -0.00378838
v -0.0212225 -0.0731062 -0.00469459
v -0.0211978 -0.073319 -0.00567173
v -0.0214755 -0.0733885 -0.00610514
v -0.0221296 -0.0732453 -0.00559293
v -0.0235736 -0.0734049 -0.00691679
v -0.0257458 -0.0731757 -0.00649914
v -0.0230306 -0.0737119 -0.0083037
v -0.0248387 -0.073585 -0.0083037
v -0.0275539 -0.0734254 -0.00858738
v -0.0275539 -0.0735154 -0.00920991
v -0.0275539 -0.0736095 -0.0101161
v -0.0266468 -0.0736791 -0.0101161
v -0.0248387 -0.0738142 -0.0101161
v -0.029541 -0.0731266 -0.0137252
v -0.0295101 -0.0731143 -0.0146236
v -0.0295224 -0.0731143 -0.012819
v -0.0293558 -0.0729384 -0.00920991
v -0.0294052 -0.0730611 -0.0110145
v -0.0294669 -0.0730857 -0.0119128
v -0.0284549 -0.0735482 -0.0110145
v -0.0284981 -0.0734745 -0.0101555
v -0.0288251 -0.0733804 -0.00988761
v -0.0294299 -0.0727829 -0.00835098
v -0.0294237 -0.0730652 -0.016436
v -0.0292818 -0.0731062 -0.0173974
v -0.0293558 -0.0729752 -0.0182406
v -0.0294361 -0.0727992 -0.0191389
v -0.0292756 -0.0727624 -0.0200451
v -0.0291707 -0.0726683 -0.0209513
v -0.0290349 -0.0725741 -0.0218575
v -0.0289424 -0.0725168 -0.022417
v -0.0284549 -0.0731307 -0.0200451
v -0.027017 -0.0733926 -0.0195565
v -0.0275539 -0.0730775 -0.0209513
v -0.0257458 -0.0733517 -0.0202658
v -0.0257458 -0.0735563 -0.0191468
v -0.0239377 -0.0735277 -0.0200451
v -0.0247585 -0.0734622 -0.0200766
v -0.0244005 -0.0734008 -0.0205022
v -0.0239377 -0.0734172 -0.020581
v -0.0230306 -0.0733517 -0.0211798
v -0.0221296 -0.0734786 -0.0208725
v -0.0216421 -0.0733967 -0.0214005
v -0.0221296 -0.0730693 -0.0227638
v -0.0130892 -0.0733272 -0.0238118
v -0.0121882 -0.0733476 -0.0239143
v -0.0112811 -0.0731716 -0.0245683
v -0.00947299 -0.0732658 -0.0244895
v -0.0103801 -0.0728811 -0.0254745
v -0.0130892 -0.0730898 -0.0245683
v -0.0139963 -0.0727133 -0.0254745
v -0.0121882 -0.0728033 -0.0254745
v -0.0130892 -0.0723777 -0.0265068
v -0.0203462 -0.0695989 -0.0317156
v -0.0185135 -0.069603 -0.0318968
v -0.0194144 -0.0695785 -0.0318496
v -0.0212225 -0.0695007 -0.0317944
v -0.0221296 -0.0690382 -0.0325036
v -0.0212225 -0.0697585 -0.0312979
v -0.0207844 -0.0706875 -0.0295407
v -0.0211423 -0.0704788 -0.0299032
v -0.0213891 -0.070667 -0.0295013
v -0.0198402 -0.0715879 -0.0277282
v -0.0194885 -0.0714446 -0.0281144
v -0.0185135 -0.0714323 -0.0282641
v -0.0185135 -0.0718211 -0.0272791
v -0.0203215 -0.0713669 -0.0281853
v -0.0212225 -0.0713137 -0.0281853
v -0.0211423 -0.0708594 -0.0291545
v -0.0275539 -0.0636485 -0.0387841
v -0.0266468 -0.0632719 -0.0392884
v -0.0275539 -0.0632228 -0.0392332
v -0.0284549 -0.0626826 -0.0396115
v -0.0284549 -0.0622079 -0.0400607
v -0.0275539 -0.0622857 -0.0401395
v -0.0248387 -0.0667792 -0.0354508
v -0.0275539 -0.0661981 -0.0359078
v -0.0239377 -0.0671393 -0.0350568
v -0.0221296 -0.0687436 -0.0329528
v -0.0257458 -0.0678228 -0.0338354
v -0.0266468 -0.0670125 -0.0348755
v -0.0275539 -0.0677368 -0.0337172
v -0.0282142 -0.068011 -0.0332049
v -0.028819 -0.0679578 -0.0331261
v -0.0286338 -0.0660998 -0.0357739
v -0.0289177 -0.0652732 -0.0367746
v -0.0284549 -0.0640168 -0.0382167
v -0.0266468 -0.056679 -0.044442
v -0.0275539 -0.0560078 -0.044773
v -0.0284549 -0.0554267 -0.0449621
v -0.0284549 -0.0548701 -0.0452694
v -0.0284549 -0.0541498 -0.0456634
v -0.0283993 -0.0567199 -0.0442056
v -0.0284549 -0.0537037 -0.0458998
v -0.0275539 -0.0530653 -0.0463017
v -0.0266468 -0.0530653 -0.0463805
v -0.0246412 -0.0526602 -0.0467351
v -0.0283993 -0.0575016 -0.0437249
v -0.0286709 -0.0570473 -0.0439535
v -0.0275539 -0.0587866 -0.0429842
v -0.0278748 -0.0598261 -0.0421804
v -0.0284549 -0.0586966 -0.0429133
v -0.0290103 -0.0581359 -0.0431654
v -0.0230306 -0.052165 -0.0470898
v -0.0248387 -0.0506303 -0.0475547
v -0.023407 -0.0507899 -0.0476098
v -0.0228023 -0.0508513 -0.0476335
v -0.0266468 -0.0520217 -0.0468533
v -0.0275539 -0.0519358 -0.0468139
v -0.0248387 -0.0512605 -0.0473183
v -0.0239377 -0.0502783 -0.0477438
v -0.0239377 -0.0494517 -0.0480196
v -0.0221296 -0.0503561 -0.0478462
v -0.0221296 -0.0486659 -0.0484057
v -0.0221296 -0.0494517 -0.0481457
v -0.0275539 -0.0608451 -0.0413688
v -0.02727 -0.0598629 -0.0422119
v -0.0284549 -0.0617577 -0.0404783
v -0.0281772 -0.0607919 -0.0413294
v -0.0221296 -0.0482116 -0.0485555
v -0.0227899 -0.0481421 -0.0485318
v -0.0221296 -0.0476428 -0.0487367
v -0.0212225 -0.045838 -0.0492174
v -0.0203215 -0.0452078 -0.0493908
v -0.0221296 -0.0467424 -0.0489731
v -0.0244684 -0.0436035 -0.0494302
v -0.0221296 -0.0431247 -0.0496744
v -0.0221296 -0.0422203 -0.0498005
v -0.0221296 -0.039511 -0.0499739
v -0.0275539 -0.039511 -0.0495956
v -0.0275539 -0.0386066 -0.049635
v -0.0275539 -0.0377022 -0.0496272
v -0.0264555 -0.0335074 -0.0494459
v -0.0282759 -0.0358933 -0.0494696
v -0.0293558 -0.0349929 -0.0489495
v -0.0292818 -0.0331554 -0.0487997
v -0.0284549 -0.0331554 -0.049178
v -0.0287264 -0.0358933 -0.0493908
v -0.0257458 -0.0331554 -0.0494459
v -0.0112811 -0.0435339 0.0246589
v -0.0139963 -0.0440291 0.0242728
v -0.0148973 -0.0488091 0.0218772
v -0.0203215 -0.049333 0.0212311
v -0.0182543 -0.0499305 0.0210813
v -0.0176063 -0.0499714 0.021105
v -0.00676394 -0.0331554 0.0295998
v -0.0076649 -0.0331554 0.0295683
v -0.00857203 -0.0331554 0.029521
v -0.00947299 -0.0341417 0.0290245
v -0.0112811 -0.0386066 0.0269048
v -0.0130892 -0.0429815 0.0248244
v -0.0289856 -0.0590199 0.0148009
v -0.0290843 -0.0600389 0.0139813
v -0.0286955 -0.061594 0.0128781
v -0.0284178 -0.0612544 0.0132485
v -0.0266468 -0.0536996 0.0184494
v -0.0266468 -0.0541498 0.018213
v -0.0212225 -0.0503561 0.0206401
v -0.018859 -0.0498895 0.0210577
v -0.0212225 -0.0497136 0.020971
v -0.0266468 -0.0548701 0.0178269
v -0.0284302 -0.0539125 0.0181263
v -0.0287079 -0.0534091 0.0182997
v -0.0290473 -0.0546205 0.017551
v -0.0275539 -0.0536301 0.01841
v -0.0275539 -0.0530653 0.0186937
v -0.0280908 -0.0517516 0.0192768
v -0.0284178 -0.0520995 0.0190325
v -0.0284302 -0.053094 0.0185361
v -0.0292077 -0.0557745 0.0167946
v -0.0296582 -0.0557745 0.0163611
v -0.0297384 -0.0569654 0.0155416
v -0.0291337 -0.0573951 0.0158332
v -0.0287758 -0.0625107 0.0119877
v -0.0284919 -0.0630141 0.0115858
v -0.0288066 -0.0634234 0.0110893
v -0.0291769 -0.0637344 0.0104904
v -0.0291584 -0.0645938 0.0095921
v -0.0291028 -0.0654287 0.00862285
v -0.0290288 -0.0662635 0.00762995
v -0.029288 -0.0665296 0.00694438
v -0.0291337 -0.0672744 0.00615636
v -0.0294237 -0.0675609 0.00531319
v -0.0296644 -0.0678023 0.00452517
v -0.0297137 -0.0687518 0.00278366
v -0.029109 -0.0690341 0.00326435
v -0.0289424 -0.0698076 0.00212961
v -0.0275539 -0.0696971 0.00282306
v -0.0284549 -0.0698649 0.00223993
v -0.0259063 -0.0697626 0.00294915
v -0.0259063 -0.070667 0.00113671
v -0.0239377 -0.0707407 0.00128644
v -0.0230306 -0.0707735 0.00135736
v -0.0221296 -0.07115 0.000726945
v -0.0212225 -0.0712154 0.000726945
v -0.0212225 -0.071682 -0.000376275
v -0.0212225 -0.0719234 -0.00107761
v -0.0203215 -0.0715428 0.000151694
v -0.0221296 -0.0727788 -0.00378838
v -0.0275539 -0.0720749 -0.00288216
v -0.0221296 -0.0730448 -0.00469459
v -0.0230306 -0.0731839 -0.00559293
v -0.0275539 -0.0730448 -0.00649914
v -0.0275539 -0.0732208 -0.00740536
v -0.0257458 -0.0733312 -0.00730292
v -0.0239377 -0.0731184 -0.00559293
v -0.0257458 -0.0734172 -0.00775209
v -0.026221 -0.0734008 -0.00784665
v -0.0275539 -0.0733517 -0.00813821
v -0.0280476 -0.0734049 -0.00871346
v -0.0282019 -0.0734377 -0.00920991
v -0.0299174 -0.0726642 -0.012819
v -0.0299297 -0.0726765 -0.0137252
v -0.0299236 -0.0726601 -0.0146236
v -0.0299112 -0.0726355 -0.0155298
v -0.0298804 -0.0725864 -0.0173343
v -0.0298187 -0.0725046 -0.00867406
v -0.0298742 -0.0725782 -0.0101161
v -0.0298989 -0.072611 -0.0110145
v -0.0299112 -0.0726355 -0.0119128
v -0.0286523 -0.0733517 -0.00920991
v -0.0292633 -0.0727542 -0.00740536
v -0.0297816 -0.0724555 -0.00807517
v -0.0298495 -0.0725496 -0.0182406
v -0.0298248 -0.0725168 -0.0188316
v -0.0297878 -0.0724636 -0.0194383
v -0.0297323 -0.0723982 -0.0200451
v -0.0296212 -0.0722959 -0.0209513
v -0.0298187 -0.0716001 -0.0232444
v -0.0294052 -0.0718539 -0.0235912
v -0.0291522 -0.0717638 -0.0245683
v -0.0290041 -0.0716533 -0.0251987
v -0.0286523 -0.0724555 -0.0230159
v -0.0284549 -0.0729425 -0.0209513
v -0.0257458 -0.0732085 -0.0209513
v -0.0247585 -0.0732985 -0.0208646
v -0.0280476 -0.0725005 -0.0232366
v -0.0275539 -0.0728688 -0.0218575
v -0.0266468 -0.0729425 -0.0218575
v -0.0239377 -0.0729466 -0.0227638
v -0.0239377 -0.073143 -0.0218575
v -0.0230306 -0.073012 -0.0227638
v -0.0221296 -0.0728524 -0.0236621
v -0.0221296 -0.0726151 -0.0244501
v -0.0148973 -0.0729916 -0.0245683
v -0.0139963 -0.0730407 -0.0245683
v -0.0167054 -0.0724514 -0.0258055
v -0.0158044 -0.0724759 -0.0258685
v -0.0221296 -0.0694311 -0.0317944
v -0.0254558 -0.068895 -0.0322751
v -0.0239377 -0.0686658 -0.0328346
v -0.0221296 -0.069955 -0.0307779
v -0.0221296 -0.0708676 -0.0289891
v -0.0203215 -0.0715756 -0.0276888
v -0.0221296 -0.0712441 -0.0281853
v -0.0212225 -0.0715469 -0.02761
v -0.0284549 -0.0631328 -0.0391466
v -0.02893 -0.064381 -0.0376966
v -0.0289485 -0.0634888 -0.0386107
v -0.0289609 -0.0625967 -0.0395248
v -0.0289485 -0.0616882 -0.0404153
v -0.0266468 -0.0680929 -0.0333231
v -0.0275539 -0.068052 -0.0332601
v -0.0275539 -0.0684244 -0.0327006
v -0.0284919 -0.0682402 -0.0327794
v -0.0284549 -0.0687313 -0.0319756
v -0.0289547 -0.0689114 -0.0314083
v -0.0291275 -0.0681502 -0.0325273
v -0.0289979 -0.0671352 -0.0341506
v -0.0291028 -0.065445 -0.0363176
v -0.0296027 -0.0648557 -0.0363885
v -0.0298001 -0.064336 -0.0367431
v -0.0291028 -0.064733 -0.0371371
v -0.0290905 -0.0663167 -0.0351671
v -0.0289115 -0.0553244 -0.044907
v -0.0289609 -0.0535891 -0.0458447
v -0.0284549 -0.0530653 -0.0461835
v -0.0282327 -0.0518335 -0.0467667
v -0.0275539 -0.0523901 -0.0466091
v -0.0257458 -0.0525578 -0.0466879
v -0.0287758 -0.060706 -0.0412584
v -0.0284549 -0.0597401 -0.0421095
v -0.0290781 -0.0591181 -0.042338
v -0.0293435 -0.0584265 -0.0425981
v -0.0296459 -0.0575834 -0.0428896
v -0.0291954 -0.0575834 -0.0433388
v -0.0290781 -0.0564416 -0.0441268
v -0.0257458 -0.0505321 -0.0475153
v -0.0277884 -0.0498527 -0.0475941
v -0.0266468 -0.0499796 -0.0476414
v -0.0248387 -0.050176 -0.0477123
v -0.0275539 -0.0512605 -0.0470898
v -0.0266468 -0.0494517 -0.0478226
v -0.0239377 -0.0485472 -0.0483191
v -0.0284672 -0.0611357 -0.0409826
v -0.0239377 -0.0480111 -0.0484924
v -0.0248387 -0.0478924 -0.0484609
v -0.0248387 -0.0474422 -0.0485949
v -0.0239377 -0.0467424 -0.0488313
v -0.0275539 -0.0449336 -0.0489416
v -0.0275539 -0.0440291 -0.0491228
v -0.0263506 -0.0472335 -0.0485318
v -0.0269553 -0.0471353 -0.0485082
v -0.025067 -0.0434807 -0.0494065
v -0.0239377 -0.0431247 -0.0495484
v -0.0275539 -0.0404155 -0.0495326
v -0.0257458 -0.0428628 -0.0494538
v -0.026295 -0.0427236 -0.0494302
v -0.0268998 -0.042474 -0.0494065
v -0.0275354 -0.0421916 -0.0493829
v -0.0280846 -0.0410293 -0.049438
v -0.0282697 -0.0404155 -0.0494617
v -0.0285289 -0.0395315 -0.0494853
v -0.0285413 -0.038537 -0.0494932
v -0.028424 -0.0377022 -0.049509
v -0.0293558 -0.0358933 -0.048981
v -0.029831 -0.0349929 -0.0485476
v -0.0298187 -0.0344527 -0.0485318
v -0.0294299 -0.0341253 -0.0488155
v -0.0288128 -0.0367977 -0.0494065
v -0.0289054 -0.0381892 -0.0494223
v -0.0292941 -0.0331554 -0.0487919
v -0.0130892 -0.0434316 0.0246117
v -0.0139963 -0.0433784 0.024588
v -0.0148973 -0.0440291 0.0242176
v -0.0212225 -0.0485472 0.0215384
v -0.0212225 -0.0492634 0.0211917
v -0.00945448 -0.0331554 0.0294658
v -0.0106208 -0.0336056 0.02919
v -0.0130892 -0.0404155 0.0259828
v -0.0130892 -0.0415327 0.0254785
v -0.0296891 -0.0596378 0.013674
v -0.0294175 -0.0603335 0.013414
v -0.029146 -0.0609924 0.0131539
v -0.0298125 -0.0580377 0.0147378
v -0.0221296 -0.0491775 0.0211523
v -0.0286955 -0.0516084 0.0192059
v -0.0298001 -0.0534827 0.0174328
v -0.0296767 -0.0539697 0.0172989
v -0.029794 -0.0552712 0.0165187
v -0.0290349 -0.0510027 0.0193556
v -0.0292262 -0.052165 0.0186149
v -0.0298001 -0.0516821 0.0183391
v -0.0275539 -0.0522591 0.0190877
v -0.0280352 -0.0499141 0.0201673
v -0.028387 -0.0502742 0.0199308
v -0.02864 -0.0497995 0.0201121
v -0.0248387 -0.0488828 0.0210104
v -0.0276094 -0.0484899 0.0209001
v -0.0291584 -0.0619051 0.0122792
v -0.0294731 -0.0631082 0.0107741
v -0.0297755 -0.0633988 0.0101595
v -0.0294669 -0.0640045 0.00987579
v -0.0297631 -0.0642787 0.00922174
v -0.0297076 -0.0651217 0.00823672
v -0.0293682 -0.0656947 0.00793727
v -0.0296335 -0.0659607 0.00724382
v -0.0295842 -0.0668242 0.00615636
v -0.0297755 -0.0670166 0.00562051
v -0.0298187 -0.0679906 0.0039184
v -0.0298433 -0.0689318 0.00218477
v -0.0297446 -0.0696889 0.000979109
v -0.0295595 -0.0695252 0.00163316
v -0.029325 -0.0692838 0.00246058
v -0.029109 -0.0699345 0.00163316
v -0.0288868 -0.0706834 0.000269897
v -0.0284549 -0.0701719 0.00163316
v -0.0275539 -0.0699263 0.00236601
v -0.0266468 -0.0706384 0.00107367
v -0.0230306 -0.0710804 0.000726945
v -0.0275539 -0.0702905 0.00163316
v -0.0212225 -0.0715142 8.07734e-05
v -0.0221296 -0.0716451 -0.000470836
v -0.0221296 -0.0714815 -1.37885e-05
v -0.0266468 -0.0723982 -0.00365441
v -0.0248387 -0.072611 -0.00389082
v -0.0230306 -0.0729793 -0.00469459
v -0.0234872 -0.0715919 -0.000620559
v -0.0278316 -0.0715797 -0.0015583
v -0.0284549 -0.0719685 -0.00288216
v -0.0278995 -0.0724882 -0.00426906
v -0.0275786 -0.0723859 -0.00384354
v -0.0284549 -0.0729097 -0.00649914
v -0.0284549 -0.0731021 -0.00740536
v -0.0248387 -0.073053 -0.00559293
v -0.0257458 -0.0729834 -0.00559293
v -0.0275539 -0.0728442 -0.00559293
v -0.0265727 -0.0733067 -0.00748416
v -0.0283932 -0.0732903 -0.00837462
v -0.0302938 -0.0720421 -0.012819
v -0.0303123 -0.0720421 -0.0137252
v -0.0303062 -0.0720421 -0.0146236
v -0.0302444 -0.0720421 -0.016436
v -0.0302074 -0.0720421 -0.0173343
v -0.0300161 -0.0721117 -0.00835098
v -0.0311763 -0.0702332 -0.00920991
v -0.03059 -0.071371 -0.0101161
v -0.0302013 -0.0720421 -0.0101161
v -0.0302444 -0.0720421 -0.0110145
v -0.0302691 -0.0720421 -0.0119128
v -0.0289917 -0.0725496 -0.00559293
v -0.029146 -0.0726519 -0.00649914
v -0.0297199 -0.0723859 -0.00740536
v -0.0298001 -0.0715797 -0.00428482
v -0.0298495 -0.0716451 -0.0048916
v -0.029905 -0.0717229 -0.00559293
v -0.0299668 -0.0718252 -0.00649914
v -0.0300161 -0.0719316 -0.00740536
v -0.0301519 -0.0720421 -0.0182406
v -0.0305653 -0.07133 -0.0182406
v -0.0300285 -0.0721158 -0.0191389
v -0.0303987 -0.0711377 -0.0209513
v -0.0299729 -0.0718457 -0.0209513
v -0.0299174 -0.0717434 -0.0218575
v -0.0302815 -0.0711377 -0.0218575
v -0.0305653 -0.0704215 -0.0227638
v -0.0307628 -0.0698649 -0.0234651
v -0.0305283 -0.0701964 -0.0237251
v -0.0307073 -0.0697667 -0.024064
v -0.0299482 -0.0709126 -0.0245683
v -0.0298063 -0.0706793 -0.0259001
v -0.0297384 -0.0714937 -0.0238433
v -0.0296027 -0.0713628 -0.0245683
v -0.0291028 -0.0708226 -0.0272791
v -0.0289671 -0.0707243 -0.0278228
v -0.0284549 -0.0720094 -0.0245683
v -0.0283932 -0.0723409 -0.0235833
v -0.0275539 -0.07239 -0.0237645
v -0.0257458 -0.0725987 -0.0235675
v -0.0230306 -0.072791 -0.0236621
v -0.0248387 -0.072877 -0.0227638
v -0.0257458 -0.0728033 -0.0227638
v -0.0275539 -0.072656 -0.0227638
v -0.0176063 -0.0728361 -0.0245683
v -0.0239377 -0.0725414 -0.0242452
v -0.0221296 -0.0716779 -0.0270663
v -0.0212225 -0.0717106 -0.0271609
v -0.0212225 -0.0723081 -0.0254745
v -0.0204079 -0.0726437 -0.024655
v -0.0176063 -0.0725864 -0.0252775
v -0.0204079 -0.0723777 -0.0254115
v -0.0203215 -0.0717352 -0.0272397
v -0.0262765 -0.0706957 -0.0286502
v -0.0275539 -0.069427 -0.0308961
v -0.0275539 -0.0688009 -0.0321017
v -0.0239377 -0.0707939 -0.0288393
v -0.0221296 -0.0715142 -0.0275155
v -0.0275539 -0.0708307 -0.028075
v -0.0275539 -0.0706425 -0.0285241
v -0.029146 -0.0629405 -0.0389574
v -0.0296212 -0.0623266 -0.0390284
v -0.0298125 -0.0616513 -0.0394854
v -0.0292571 -0.0619705 -0.0398085
v -0.029146 -0.0611971 -0.0406123
v -0.0296027 -0.0611971 -0.0401316
v -0.0284549 -0.0689728 -0.0315265
v -0.0291213 -0.0690464 -0.0308961
v -0.0289794 -0.0698322 -0.0296352
v -0.0297323 -0.0678596 -0.0320544
v -0.0294669 -0.06761 -0.0328346
v -0.0291954 -0.0673358 -0.0336068
v -0.0294299 -0.065752 -0.0354665
v -0.0297631 -0.0651872 -0.035766
v -0.0299297 -0.0637344 -0.0370583
v -0.0298063 -0.0634438 -0.0376572
v -0.0299174 -0.0645856 -0.0361442
v -0.0306579 -0.0633251 -0.0357108
v -0.0307875 -0.0627195 -0.0360339
v -0.0298063 -0.0670616 -0.0331419
v -0.0296952 -0.0660098 -0.0347494
v -0.029072 -0.0548701 -0.0450409
v -0.0293435 -0.0539125 -0.0453246
v -0.0295595 -0.0530653 -0.0455374
v -0.029109 -0.0530653 -0.045955
v -0.0290596 -0.0510641 -0.0468139
v -0.0288375 -0.0516657 -0.0466957
v -0.0285042 -0.0513219 -0.0469085
v -0.0284549 -0.0503561 -0.0473025
v -0.0294114 -0.0594127 -0.0417549
v -0.0296829 -0.058717 -0.0420149
v -0.0297878 -0.0606937 -0.0403443
v -0.029794 -0.05708 -0.043063
v -0.0298433 -0.0581154 -0.0422513
v -0.0296767 -0.0559587 -0.0438353
v -0.0297323 -0.0542276 -0.0447887
v -0.0266468 -0.0504338 -0.0474759
v -0.0275107 -0.0502783 -0.0474601
v -0.0284549 -0.0497218 -0.0475468
v -0.0284549 -0.0492716 -0.0477044
v -0.0275539 -0.0485472 -0.0480432
v -0.0275107 -0.049513 -0.0477359
v -0.0257458 -0.0485472 -0.0481851
v -0.0266468 -0.0475773 -0.0484057
v -0.0275539 -0.045838 -0.0487446
v -0.0275539 -0.0470289 -0.0484845
v -0.0284549 -0.0449336 -0.048847
v -0.0284549 -0.0440291 -0.0490125
v -0.0275539 -0.0431247 -0.0492726
v -0.0257458 -0.043317 -0.0493829
v -0.0275539 -0.0476428 -0.0483112
v -0.0284549 -0.0422203 -0.0492489
v -0.0287202 -0.0404155 -0.0493908
v -0.0284178 -0.041324 -0.0493514
v -0.0288807 -0.0398466 -0.0494144
v -0.0289177 -0.0392409 -0.0494302
v -0.0289177 -0.0387948 -0.0494302
v -0.0293558 -0.0377022 -0.0490283
v -0.0298433 -0.0358933 -0.0485633
v -0.0308307 -0.0358933 -0.0469006
v -0.0301149 -0.0349929 -0.0480669
v -0.0300223 -0.0331841 -0.0479723
v -0.0297384 -0.0331841 -0.0484215
v -0.0305468 -0.0349929 -0.047334
v -0.0311763 -0.0349929 -0.0462623
v -0.0311146 -0.0340885 -0.0462623
v -0.0305221 -0.0340885 -0.0472789
v -0.0310343 -0.0331841 -0.0462623
v -0.0297323 -0.0331554 -0.0484215
v -0.0148973 -0.0432966 0.0245565
v -0.0139963 -0.0429242 0.0247929
v -0.0212225 -0.0436772 0.0238236
v -0.0212225 -0.0478597 0.0218615
v -0.0221296 -0.0467424 0.0223028
v -0.0221296 -0.0485472 0.0214517
v -0.0124659 -0.0331554 0.0292688
v -0.0139963 -0.0348211 0.0284256
v -0.0139963 -0.0391018 0.0265108
v -0.0139963 -0.0410171 0.0256518
v -0.0297508 -0.0606241 0.012823
v -0.0297631 -0.0615572 0.0119404
v -0.0299236 -0.0583978 0.0142335
v -0.0298495 -0.0590362 0.0139025
v -0.0298557 -0.0563638 0.0157229
v -0.0298865 -0.0575834 0.0148876
v -0.0306332 -0.0557745 0.0145645
v -0.0304975 -0.0566626 0.0142493
v -0.0301766 -0.0575834 0.0142887
v -0.0309788 -0.0576407 0.0125472
v -0.0303 -0.0584878 0.0133825
v -0.0239069 -0.0486127 0.021239
v -0.0290288 -0.0491979 0.0202461
v -0.0300902 -0.0531349 0.0170782
v -0.0300778 -0.0549315 0.016172
v -0.0303185 -0.0557745 0.0151949
v -0.0292139 -0.0503561 0.0195211
v -0.0296705 -0.0503561 0.0190956
v -0.029794 -0.0498323 0.0192295
v -0.030084 -0.0513301 0.0179845
v -0.0304543 -0.0521036 0.0169206
v -0.0279489 -0.0480807 0.0210577
v -0.0284549 -0.0485472 0.0207267
v -0.0266468 -0.048228 0.0211286
v -0.0297693 -0.062478 0.0110578
v -0.0300655 -0.0630591 0.00982063
v -0.029905 -0.063673 0.0095527
v -0.0299174 -0.0627972 0.010451
v -0.0300408 -0.0639472 0.00889865
v -0.0298927 -0.0645161 0.00861497
v -0.0298619 -0.0653591 0.00763783
v -0.0298248 -0.066194 0.00663705
v -0.0299112 -0.0663699 0.00615636
v -0.0300593 -0.0666769 0.00528955
v -0.0298865 -0.0672007 0.00502162
v -0.0299606 -0.0675118 0.00427301
v -0.0302013 -0.067524 0.00344559
v -0.0309171 -0.0666523 0.00252362
v -0.0308369 -0.067303 0.00163316
v -0.0299236 -0.0690751 0.00163316
v -0.030806 -0.0663495 0.00344559
v -0.0294114 -0.07009 0.000703305
v -0.0298372 -0.0698199 0.000380219
v -0.0298001 -0.0706752 -0.0015583
v -0.029072 -0.070798 -0.000336874
v -0.0285351 -0.0709003 -9.259e-05
v -0.0282883 -0.0707489 0.00041962
v -0.0285351 -0.0705688 0.000726945
v -0.0289794 -0.071637 -0.00231479
v -0.0284549 -0.0712973 -0.00107761
v -0.0275539 -0.0706016 0.000986989
v -0.0275539 -0.0708021 0.000537821
v -0.0275539 -0.0710886 -0.000171392
v -0.0257458 -0.07124 -0.000171392
v -0.0275416 -0.0714528 -0.00114853
v -0.0257458 -0.0725741 -0.00399326
v -0.0266468 -0.0725373 -0.00410358
v -0.0239377 -0.0729097 -0.00469459
v -0.0284549 -0.0716984 -0.00214143
v -0.0284549 -0.0722549 -0.00378838
v -0.0284549 -0.072435 -0.00448971
v -0.0284549 -0.0725455 -0.00493888
v -0.0284549 -0.0727051 -0.00559293
v -0.0275786 -0.0726028 -0.00462367
v -0.0248387 -0.0728402 -0.00469459
v -0.0289054 -0.0724964 -0.00514376
v -0.0309047 -0.0710067 -0.012819
v -0.0306456 -0.0714774 -0.0137252
v -0.0309109 -0.0710231 -0.0137252
v -0.0309047 -0.0710149 -0.0146236
v -0.0308924 -0.0709904 -0.0155298
v -0.0308801 -0.0709617 -0.016436
v -0.0308554 -0.070929 -0.0173343
v -0.0310899 -0.0702332 -0.0083037
v -0.0307073 -0.0706711 -0.00703499
v -0.0312256 -0.0702332 -0.0101161
v -0.0308492 -0.0709167 -0.0101161
v -0.0312441 -0.0693329 -0.00559293
v -0.0313244 -0.0693329 -0.00649914
v -0.0313799 -0.0693329 -0.00740536
v -0.0314293 -0.0693329 -0.0083037
v -0.0308677 -0.0709535 -0.0110145
v -0.029288 -0.0718825 -0.00378838
v -0.0295965 -0.0722795 -0.00649914
v -0.0297446 -0.0715019 -0.00378838
v -0.0299421 -0.0709003 -0.00288216
v -0.0300161 -0.0710517 -0.00378838
v -0.0308677 -0.0700491 -0.00559293
v -0.0302506 -0.0711377 -0.00559293
v -0.030374 -0.0711377 -0.00649914
v -0.0308245 -0.0708799 -0.0182406
v -0.0311146 -0.0702332 -0.0191468
v -0.0309603 -0.0703233 -0.0201239
v -0.0305221 -0.0710804 -0.0201239
v -0.0309479 -0.0701841 -0.0209513
v -0.0308862 -0.0700859 -0.0218575
v -0.0308183 -0.0699713 -0.0227638
v -0.0311701 -0.0693329 -0.0227638
v -0.0309665 -0.0694107 -0.0237251
v -0.030337 -0.0702332 -0.0245683
v -0.0309047 -0.0692183 -0.0245683
v -0.0299236 -0.0699672 -0.0272791
v -0.0298557 -0.0698486 -0.0278937
v -0.0297323 -0.0705893 -0.0263729
v -0.0295533 -0.0704174 -0.0272791
v -0.0297631 -0.0697176 -0.0284926
v -0.0291522 -0.0699754 -0.0290836
v -0.0284549 -0.0705852 -0.0283981
v -0.0284549 -0.0707775 -0.0279489
v -0.0284549 -0.0710272 -0.0272791
v -0.0284549 -0.0717188 -0.02538
v -0.0275539 -0.0721199 -0.0245683
v -0.0279982 -0.0715919 -0.0259237
v -0.0252089 -0.0724882 -0.0240955
v -0.0239377 -0.0720994 -0.0254745
v -0.0275539 -0.0711377 -0.0272791
v -0.0275539 -0.0703601 -0.0290836
v -0.0275539 -0.069955 -0.0298716
v -0.0284549 -0.0702455 -0.0290836
v -0.0284549 -0.0696603 -0.0302105
v -0.029905 -0.0611971 -0.0396824
v -0.0299359 -0.0628422 -0.0379724
v -0.0309233 -0.0621138 -0.0363255
v -0.0309233 -0.0612134 -0.0372317
v -0.0309233 -0.060309 -0.0381379
v -0.0307875 -0.0600143 -0.0387368
v -0.0297446 -0.0687927 -0.0302893
v -0.0298433 -0.0680233 -0.0314477
v -0.0299112 -0.067258 -0.0325351
v -0.0298804 -0.0654082 -0.0351592
v -0.030047 -0.0648557 -0.0354429
v -0.030769 -0.0635707 -0.0351041
v -0.0309047 -0.0630141 -0.0354114
v -0.0301025 -0.0667055 -0.0327873
v -0.0302876 -0.0657152 -0.0336068
v -0.0299421 -0.0664354 -0.0336068
v -0.0297199 -0.0523614 -0.045695
v -0.0298433 -0.0536301 -0.0449621
v -0.0292262 -0.0503561 -0.0469637
v -0.0289732 -0.0491079 -0.0476492
v -0.0297384 -0.0597033 -0.0411796
v -0.030084 -0.060354 -0.0399976
v -0.0298742 -0.0591017 -0.0414161
v -0.0299359 -0.0575834 -0.0424405
v -0.0300778 -0.0567404 -0.0427163
v -0.0298248 -0.0553571 -0.0440165
v -0.0300285 -0.0593964 -0.0408644
v -0.0299729 -0.0584428 -0.0417234
v -0.030843 -0.0584101 -0.0398952
v -0.0302753 -0.0575834 -0.0417391
v -0.0284549 -0.0485472 -0.047925
v -0.0284549 -0.0476428 -0.0481772
v -0.0281648 -0.0464314 -0.0485476
v -0.028461 -0.0458585 -0.0486264
v -0.0287696 -0.0461736 -0.0484845
v -0.0289856 -0.045572 -0.0485633
v -0.0291028 -0.0449336 -0.0486421
v -0.0292139 -0.0440291 -0.0487288
v -0.0284549 -0.0431247 -0.0491386
v -0.0292694 -0.0431247 -0.048784
v -0.0293188 -0.0422203 -0.0488391
v -0.0293558 -0.0404155 -0.048981
v -0.0292756 -0.0395315 -0.0491149
v -0.0292756 -0.038537 -0.0491149
v -0.0298619 -0.0386066 -0.048587
v -0.0301827 -0.0386066 -0.0480669
v -0.0308492 -0.0377022 -0.0469321
v -0.0312195 -0.0367977 -0.0462623
v -0.0312009 -0.0358933 -0.0462623
v -0.0300223 -0.0331554 -0.0479644
v -0.0297446 -0.0331554 -0.0484057
v -0.0314725 -0.0349929 -0.0453561
v -0.0314416 -0.0340885 -0.0453561
v -0.0314046 -0.0331554 -0.0453561
v -0.0310282 -0.0331554 -0.0462623
v -0.0144715 -0.039065 0.026495
v -0.0139963 -0.0331554 0.0291664
v -0.0212225 -0.0431247 0.0240679
v -0.0218273 -0.0436158 0.0237921
v -0.0221296 -0.0439636 0.023603
v -0.0221296 -0.0459035 0.0226968
v -0.0135273 -0.0331554 0.0291979
v -0.0298804 -0.0600225 0.0130672
v -0.0300223 -0.0603131 0.0125078
v -0.0298927 -0.0609556 0.0122241
v -0.029905 -0.0618764 0.0113415
v -0.0299853 -0.0593595 0.0133746
v -0.0300161 -0.0566708 0.0152185
v -0.0307073 -0.0552998 0.0147221
v -0.0309911 -0.0549478 0.0143675
v -0.0308492 -0.0557745 0.0141153
v -0.0309047 -0.0566626 0.0133982
v -0.0311886 -0.0557745 0.0133825
v -0.0311269 -0.0584878 0.0115779
v -0.0306147 -0.0584878 0.0127048
v -0.030732 -0.0589789 0.0120665
v -0.0229751 -0.0449909 0.0230356
v -0.0266468 -0.0476428 0.0214044
v -0.0289609 -0.0472867 0.021105
v -0.029183 -0.0485472 0.0203879
v -0.0304481 -0.0539043 0.0160144
v -0.0306456 -0.0541539 0.0155022
v -0.0307937 -0.0546982 0.0149033
v -0.0305715 -0.0549478 0.0151949
v -0.0296335 -0.0485472 0.0199387
v -0.0297569 -0.0479088 0.0200806
v -0.0298372 -0.0473031 0.0201988
v -0.0308862 -0.0503561 0.0168734
v -0.0307875 -0.0512605 0.0166842
v -0.030553 -0.0512605 0.0171413
v -0.0307258 -0.0517639 0.0165739
v -0.0308801 -0.0521036 0.016109
v -0.030553 -0.0530653 0.0162429
v -0.0257458 -0.0464601 0.0220506
v -0.0248387 -0.0451259 0.0227598
v -0.0248387 -0.0440291 0.0232484
v -0.0267208 -0.0459239 0.0221688
v -0.0275539 -0.0467424 0.021696
v -0.0275539 -0.046194 0.0219324
v -0.0275539 -0.0449336 0.0224683
v -0.0281155 -0.0436526 0.0229017
v -0.0282697 -0.0455679 0.0220506
v -0.0284549 -0.0479293 0.0209947
v -0.0305098 -0.062081 0.00975759
v -0.030769 -0.06177 0.00944238
v -0.0308739 -0.062081 0.00883561
v -0.0304913 -0.0629691 0.00883561
v -0.0304666 -0.0638572 0.00791363
v -0.0300717 -0.0621465 0.010719
v -0.0306456 -0.0614713 0.0100492
v -0.03001 -0.0648148 0.00794515
v -0.0304172 -0.0647207 0.00696802
v -0.0299482 -0.0656824 0.00698378
v -0.0307937 -0.0645242 0.00615636
v -0.0309418 -0.0648516 0.00526591
v -0.0306332 -0.0659975 0.00454881
v -0.030732 -0.0662062 0.00394992
v -0.0311763 -0.0666196 0.00163316
v -0.0311207 -0.0657152 0.00344559
v -0.0309418 -0.0675772 0.000742705
v -0.0306826 -0.0679128 0.00105791
v -0.0300038 -0.0693656 0.000703305
v -0.0297014 -0.0705647 -0.00107761
v -0.0302259 -0.0693329 -0.000171392
v -0.0304789 -0.0692592 -0.00111701
v -0.0300038 -0.0701146 -0.00107761
v -0.0300778 -0.0703192 -0.0019129
v -0.029578 -0.0713505 -0.00288216
v -0.0291213 -0.0717434 -0.00288216
v -0.0292509 -0.0709453 -0.00107761
v -0.0312565 -0.0702332 -0.0110145
v -0.0312812 -0.0702332 -0.0119128
v -0.0312997 -0.0702332 -0.012819
v -0.031312 -0.0702332 -0.0137252
v -0.0313059 -0.0702332 -0.0146236
v -0.031275 -0.0702332 -0.016436
v -0.0312441 -0.0702332 -0.0173343
v -0.0311886 -0.0702332 -0.0182406
v -0.0309418 -0.0703151 -0.00736596
v -0.0309294 -0.0701637 -0.00649914
v -0.0314725 -0.0693329 -0.00920991
v -0.0311207 -0.0693329 -0.00469459
v -0.031275 -0.0684285 -0.00288216
v -0.0313737 -0.0684285 -0.00378838
v -0.0314416 -0.0684285 -0.00469459
v -0.031491 -0.0684285 -0.00559293
v -0.0303185 -0.0702332 -0.00288216
v -0.0309356 -0.0693984 -0.0037805
v -0.031275 -0.0693329 -0.0218575
v -0.0312935 -0.0684285 -0.0245683
v -0.0311454 -0.0684285 -0.0254745
v -0.0309294 -0.0684776 -0.026365
v -0.0302691 -0.0693329 -0.0272791
v -0.0307813 -0.068097 -0.0279725
v -0.0300346 -0.069382 -0.0281932
v -0.0299421 -0.0691078 -0.0290836
v -0.0308615 -0.0682443 -0.0272791
v -0.0298557 -0.0689482 -0.0296825
v -0.0296027 -0.069558 -0.0290836
v -0.0308986 -0.0593718 -0.0390362
v -0.031275 -0.0611971 -0.0363176
v -0.0312627 -0.0621015 -0.0354114
v -0.0312688 -0.0602926 -0.0372238
v -0.0312565 -0.0593882 -0.0381222
v -0.0299976 -0.0675445 -0.0317708
v -0.0300285 -0.0684653 -0.0299898
v -0.0309541 -0.0666728 -0.0300135
v -0.0307505 -0.066239 -0.0314634
v -0.0306579 -0.0660507 -0.0320702
v -0.0311392 -0.0639104 -0.0336068
v -0.0312195 -0.0630059 -0.034513
v -0.0307998 -0.0654491 -0.0324957
v -0.0298248 -0.0517598 -0.045821
v -0.0297816 -0.0498077 -0.0466721
v -0.0296767 -0.0503561 -0.0465539
v -0.0306826 -0.0524924 -0.0439456
v -0.0305098 -0.0521813 -0.0444105
v -0.0299174 -0.0530653 -0.0450882
v -0.0300038 -0.0539493 -0.0444735
v -0.030843 -0.0530653 -0.0433388
v -0.0295348 -0.0485472 -0.047334
v -0.0290843 -0.0485472 -0.047728
v -0.0309726 -0.0567281 -0.040896
v -0.0305592 -0.0567281 -0.041747
v -0.0307937 -0.056458 -0.0414476
v -0.0306456 -0.0559832 -0.0420543
v -0.0309233 -0.0539616 -0.0426769
v -0.0311207 -0.0575834 -0.0399346
v -0.028461 -0.0467343 -0.0484136
v -0.0292262 -0.0476428 -0.0478462
v -0.0295533 -0.0449336 -0.048256
v -0.0296644 -0.0440291 -0.0483427
v -0.0297199 -0.0431247 -0.0484057
v -0.0297693 -0.0422203 -0.0484609
v -0.029794 -0.0416023 -0.0485003
v -0.0294422 -0.0413076 -0.0488234
v -0.0298187 -0.0410007 -0.0485318
v -0.0298372 -0.0404155 -0.0485555
v -0.0298619 -0.039511 -0.048587
v -0.0305839 -0.0386066 -0.0473971
v -0.0301766 -0.039511 -0.0480669
v -0.0308554 -0.0386066 -0.04694
v -0.0312318 -0.0377022 -0.0462623
v -0.0314848 -0.0358933 -0.0453561
v -0.0315095 -0.0331554 -0.0444499
v -0.0148973 -0.0331554 0.0290797
v -0.022432 -0.0435339 0.0237606
v -0.0308369 -0.0593227 0.0115306
v -0.0307628 -0.0608697 0.010325
v -0.0304975 -0.0611807 0.010648
v -0.0311022 -0.0530653 0.0151949
v -0.031275 -0.0539697 0.0142887
v -0.0313922 -0.0548701 0.0133825
v -0.0312873 -0.056679 0.0124762
v -0.0313737 -0.0575834 0.0115779
v -0.0314169 -0.0584878 0.0106717
v -0.0311701 -0.0593882 0.0106717
v -0.0308615 -0.0602517 0.010648
v -0.0288745 -0.0453592 0.021956
v -0.0290411 -0.0447576 0.0220821
v -0.0291892 -0.0440291 0.0222319
v -0.0297199 -0.045838 0.0209395
v -0.0298001 -0.0453305 0.0210419
v -0.030732 -0.0472908 0.0183942
v -0.0299976 -0.0476223 0.0197496
v -0.0309541 -0.0495089 0.0170782
v -0.0310899 -0.0512605 0.0160932
v -0.0239377 -0.0440291 0.0233587
v -0.0239377 -0.042871 0.023863
v -0.0249066 -0.0430879 0.0236424
v -0.0258199 -0.0441151 0.023075
v -0.0261778 -0.0444752 0.0228701
v -0.0266468 -0.0443893 0.0228386
v -0.0275539 -0.0442256 0.0227677
v -0.0275539 -0.0431247 0.0232326
v -0.027881 -0.041721 0.0237606
v -0.0287202 -0.0434153 0.022815
v -0.0285289 -0.0458544 0.0218536
v -0.0284549 -0.0467424 0.021499
v -0.0308801 -0.0611807 0.00975759
v -0.0312133 -0.0611971 0.00886713
v -0.0311886 -0.0621015 0.00796091
v -0.0311578 -0.0630059 0.0070547
v -0.0308492 -0.0629691 0.00791363
v -0.0307566 -0.0626458 0.00851252
v -0.0307443 -0.0635175 0.00757479
v -0.0308183 -0.0638572 0.00696802
v -0.0310837 -0.0639104 0.00615636
v -0.0308615 -0.0657029 0.00428877
v -0.0313244 -0.0657152 0.00253938
v -0.0313552 -0.0666196 0.000726945
v -0.0311824 -0.067524 -0.000171392
v -0.031238 -0.0648107 0.00434393
v -0.0307566 -0.0680601 0.00045114
v -0.0308307 -0.0681952 -0.000171392
v -0.0311207 -0.0684285 -0.00198382
v -0.030553 -0.0694761 -0.00198382
v -0.0308924 -0.0691978 -0.00288216
v -0.031491 -0.0693329 -0.0101161
v -0.0315033 -0.0693329 -0.0119128
v -0.0315033 -0.0693329 -0.016436
v -0.0314972 -0.0693329 -0.0173343
v -0.0314725 -0.0693329 -0.0182406
v -0.0314416 -0.0693329 -0.0191468
v -0.0313984 -0.0693329 -0.0200451
v -0.0313429 -0.0693329 -0.0209513
v -0.0313305 -0.067524 -0.00107761
v -0.0314354 -0.067524 -0.00198382
v -0.0314972 -0.067524 -0.00288216
v -0.0315033 -0.0684285 -0.00649914
v -0.0314601 -0.0684285 -0.0227638
v -0.0313922 -0.0684285 -0.0236621
v -0.0313614 -0.067524 -0.0263729
v -0.0312318 -0.067524 -0.0272791
v -0.0309726 -0.0675936 -0.0282405
v -0.0303 -0.0684285 -0.0290836
v -0.0312009 -0.0584878 -0.0390284
v -0.0314601 -0.0593882 -0.0372238
v -0.031454 -0.0621015 -0.034513
v -0.0314601 -0.0611971 -0.0354114
v -0.0314293 -0.0630059 -0.0336068
v -0.0314478 -0.0584878 -0.0381222
v -0.0314169 -0.0575834 -0.0390284
v -0.0308369 -0.0663986 -0.0308961
v -0.030627 -0.0678064 -0.0290836
v -0.0312256 -0.0666196 -0.0290836
v -0.0311763 -0.0657152 -0.0308961
v -0.0309047 -0.0657356 -0.0317786
v -0.0309788 -0.0648762 -0.0327558
v -0.0312935 -0.0648107 -0.0317944
v -0.0313737 -0.0639104 -0.0327006
v -0.0299914 -0.0521036 -0.0453798
v -0.0301951 -0.0512605 -0.0453561
v -0.0298804 -0.0512605 -0.0459235
v -0.0298557 -0.0492061 -0.0467824
v -0.0309418 -0.0521813 -0.0436067
v -0.0307566 -0.0518908 -0.0440795
v -0.0308307 -0.0512605 -0.0442056
v -0.0308986 -0.0502865 -0.0444814
v -0.0311886 -0.0530653 -0.0426454
v -0.0296767 -0.0476428 -0.0474601
v -0.0312688 -0.0557745 -0.0408329
v -0.0311269 -0.0548701 -0.0417391
v -0.0308739 -0.0557213 -0.041747
v -0.0313614 -0.056679 -0.0399346
v -0.0297631 -0.0469634 -0.0475547
v -0.0298248 -0.0463618 -0.0476335
v -0.0299236 -0.0449336 -0.047799
v -0.0299791 -0.0440291 -0.0478935
v -0.0300161 -0.0431247 -0.0479566
v -0.030047 -0.0422203 -0.0480117
v -0.0300285 -0.0413076 -0.0481457
v -0.0310899 -0.0422203 -0.0462623
v -0.0308245 -0.0404155 -0.0468927
v -0.030843 -0.039511 -0.0469321
v -0.0312256 -0.039511 -0.0462623
v -0.031238 -0.0386066 -0.0462623
v -0.0314972 -0.0377022 -0.0453561
v -0.0315095 -0.0331554 -0.04352
v -0.0315095 -0.0349929 -0.0444499
v -0.0221296 -0.0331554 0.0281971
v -0.0221296 -0.0332741 0.0281498
v -0.0221296 -0.0340885 0.027811
v -0.0221296 -0.0358933 0.0270466
v -0.0217717 -0.0372765 0.0265029
v -0.0221296 -0.0422203 0.0243595
v -0.0230306 -0.0429978 0.0239182
v -0.0312935 -0.052165 0.0151949
v -0.0314169 -0.0530653 0.0142887
v -0.0314848 -0.0539697 0.0133825
v -0.0314478 -0.0557745 0.0124762
v -0.0315033 -0.0575834 0.0106717
v -0.0314416 -0.0602926 0.00886713
v -0.0312071 -0.0602926 0.00976547
v -0.0314786 -0.056679 0.0115779
v -0.0289671 -0.0428137 0.0229253
v -0.0290843 -0.0422203 0.0230356
v -0.0296459 -0.0440291 0.0217275
v -0.0297569 -0.0432843 0.0218694
v -0.0298557 -0.0447289 0.0211444
v -0.0310467 -0.0467424 0.0179057
v -0.0311763 -0.0485472 0.0169994
v -0.0298125 -0.0426827 0.0219718
v -0.0312627 -0.0503561 0.0160932
v -0.0243203 -0.0408452 0.0246747
v -0.0257458 -0.0431247 0.0235084
v -0.0275663 -0.0421711 0.0236266
v -0.0230059 -0.0331554 0.0280474
v -0.026295 -0.0354963 0.0265108
v -0.0266468 -0.0340885 0.0269915
v -0.0272145 -0.0373216 0.0256124
v -0.0278193 -0.0371333 0.0255415
v -0.0280723 -0.0391263 0.0247062
v -0.0288436 -0.0407756 0.0237448
v -0.0281463 -0.0365276 0.0256518
v -0.0314354 -0.0611971 0.00796091
v -0.0314231 -0.0621015 0.0070547
v -0.0313984 -0.0630059 0.00615636
v -0.0313367 -0.0639104 0.00525015
v -0.0314231 -0.0648107 0.00344559
v -0.0314478 -0.0657152 0.00163316
v -0.0314601 -0.0666196 -0.000171392
v -0.0315033 -0.0684285 -0.0209513
v -0.0314972 -0.0684285 -0.0218575
v -0.0315033 -0.0666196 -0.00107761
v -0.0314972 -0.067524 -0.0245683
v -0.0314478 -0.067524 -0.0254745
v -0.0314786 -0.0666196 -0.0272791
v -0.0313861 -0.0666196 -0.0281853
v -0.0315033 -0.0584878 -0.0372238
v -0.0315033 -0.0575834 -0.0381222
v -0.0314972 -0.056679 -0.0390284
v -0.0315033 -0.0611971 -0.034513
v -0.0314848 -0.0639104 -0.0317944
v -0.0315033 -0.0630059 -0.0327006
v -0.0314478 -0.0648107 -0.0308961
v -0.0314786 -0.0557745 -0.0399346
v -0.0314293 -0.0548701 -0.0408329
v -0.0313676 -0.0657152 -0.0299898
v -0.0300531 -0.0494844 -0.0463254
v -0.0302815 -0.0485472 -0.0462623
v -0.0299174 -0.0485472 -0.0468849
v -0.0311824 -0.0512605 -0.0435437
v -0.031096 -0.0494517 -0.0444499
v -0.0313614 -0.052165 -0.0426454
v -0.0313305 -0.0539697 -0.0417391
v -0.0308369 -0.045838 -0.0460102
v -0.0308986 -0.0449336 -0.0461205
v -0.0299914 -0.0476428 -0.047011
v -0.0304789 -0.04761 -0.0461835
v -0.0310837 -0.0467424 -0.0453561
v -0.0306826 -0.0442174 -0.0466563
v -0.0307196 -0.0436158 -0.0467194
v -0.0307381 -0.0431247 -0.0467509
v -0.0311392 -0.0413199 -0.0462623
v -0.0310282 -0.0431247 -0.0462623
v -0.0313552 -0.0440291 -0.0453561
v -0.0311886 -0.0404155 -0.0462623
v -0.0314354 -0.0422203 -0.0453561
v -0.0314601 -0.0413199 -0.0453561
v -0.0314786 -0.0404155 -0.0453561
v -0.031491 -0.039511 -0.0453561
v -0.0314972 -0.0386066 -0.0453561
v -0.0315033 -0.0331554 0.0170231
v -0.0315033 -0.0548701 0.0124762
v -0.0315033 -0.0512605 0.0142887
v -0.0315033 -0.0494517 0.0151949
v -0.0315033 -0.0440291 0.0169994
v -0.0315033 -0.0449336 -0.0444499
v -0.0315033 -0.0503561 -0.0426454
v -0.0315033 -0.052165 -0.0417391
v -0.0315033 -0.0548701 -0.0399346
v -0.0315033 -0.0648107 -0.0299898
v -0.0315033 -0.0657152 -0.0281853
v -0.0315033 -0.0666196 -0.0263729
v -0.0315033 -0.0657152 0.000726945
v -0.0315033 -0.0639104 0.00344559
v -0.0315033 -0.0621015 0.00615636
v -0.0314169 -0.0512605 0.0151949
v -0.031491 -0.052165 0.0142887
v -0.0288992 -0.0381401 0.0246747
v -0.0292201 -0.0413199 0.0232011
v -0.0290041 -0.0375385 0.024785
v -0.0296705 -0.0413199 0.0226259
v -0.0291028 -0.0367977 0.0249111
v -0.0290843 -0.0340885 0.0258173
v -0.0311639 -0.045838 0.0179057
v -0.0313059 -0.0476428 0.0169994
v -0.0297508 -0.0377022 0.0236266
v -0.0296705 -0.0386066 0.0234769
v -0.0313799 -0.0494517 0.0160932
v -0.0258199 -0.0331554 0.0275115
v -0.0256779 -0.0332086 0.0275194
v -0.0266961 -0.0331554 0.0273303
v -0.0273564 -0.0347351 0.0265659
v -0.0276156 -0.034154 0.0267078
v -0.0279612 -0.0345018 0.0264792
v -0.0287264 -0.0386066 0.0245959
v -0.031491 -0.0630059 0.00525015
v -0.0314663 -0.0639104 0.00434393
v -0.0314972 -0.0648107 0.00253938
v -0.0314725 -0.0657152 -0.0290836
v -0.0314972 -0.0539697 -0.0408329
v -0.031454 -0.0530653 -0.0417391
v -0.0308739 -0.0485472 -0.0451906
v -0.0306826 -0.0478842 -0.0457501
v -0.0313305 -0.0503561 -0.0435437
v -0.0312565 -0.0485472 -0.0444499
v -0.0314601 -0.0512605 -0.0426454
v -0.0309109 -0.0439596 -0.0463175
v -0.0312071 -0.045838 -0.0453561
v -0.0309171 -0.04761 -0.0454113
v -0.0312935 -0.0449336 -0.0453561
v -0.0314293 -0.0467424 -0.0444499
v -0.0314848 -0.045838 -0.0444499
v -0.0313984 -0.0431247 -0.0453561
v -0.0314725 -0.0377022 0.0179057
v -0.0314663 -0.0367977 0.0179057
v -0.031454 -0.0358933 0.0179057
v -0.0314416 -0.0349929 0.0179057
v -0.0314046 -0.0331554 0.0179057
v -0.0314848 -0.0503561 0.0151949
v -0.0314972 -0.0476428 0.0160932
v -0.0314848 -0.0449336 0.0169994
v -0.0314354 -0.0413199 0.0179057
v -0.0314601 -0.039511 0.0179057
v -0.031491 -0.0485472 -0.0435437
v -0.0314601 -0.0485472 0.0160932
v -0.0287511 -0.0360611 0.0254942
v -0.0289115 -0.0354595 0.0255888
v -0.0289794 -0.0349929 0.0256676
v -0.0287696 -0.0333478 0.0263847
v -0.0290288 -0.0331554 0.0261404
v -0.0291028 -0.0331554 0.0260537
v -0.0291275 -0.0331554 0.0260143
v -0.0312627 -0.0449336 0.0179057
v -0.029794 -0.037031 0.0237212
v -0.0313861 -0.0467424 0.0169994
v -0.0275539 -0.0331554 0.0270939
v -0.0281648 -0.0339002 0.0265817
v -0.0314293 -0.0494517 -0.0435437
v -0.0313552 -0.0476428 -0.0444499
v -0.0312812 -0.0377022 0.018804
v -0.031275 -0.0367977 0.018804
v -0.0312627 -0.0358933 0.018804
v -0.0303679 -0.0331554 0.022421
v -0.0314416 -0.045838 0.0169994
v -0.0313367 -0.0440291 0.0179057
v -0.0313737 -0.0431247 0.0179057
v -0.0312441 -0.0404155 0.018804
v -0.0312627 -0.039511 0.018804
v -0.031275 -0.0386066 0.018804
v -0.028461 -0.0331554 0.0266526
v -0.0285351 -0.0331554 0.0266053
v -0.0294175 -0.0331554 0.0254312
v -0.0295656 -0.0331841 0.0251317
v -0.0298187 -0.0364294 0.0237921
v -0.0301581 -0.0331554 0.0233272
v -0.0301581 -0.0331841 0.0233272
v -0.0299236 -0.0331554 0.0241467
v -0.0299297 -0.0331841 0.0241231
v -0.0295656 -0.0331554 0.0251317
v -0.0297693 -0.0331554 0.024588
f 1 2 3
f 1 3 4
f 1 4 5
f 1 5 6
f 1 6 2
f 2 6 7
f 2 7 8
f 2 8 9
f 2 9 10
f 2 10 11
f 2 11 12
f 2 12 13
f 2 13 14
f 2 14 15
f 2 15 16
f 2 16 17
f 2 17 18
f 2 18 19
f 2 19 20
f 2 20 21
f 2 21 22
f 2 22 23
f 2 23 24
f 2 24 25
f 2 25 26
f 2 26 27
f 2 27 28
f 2 28 29
f 2 29 30
f 2 30 3
f 3 30 31
f 3 31 78
f 3 78 142
f 3 142 223
f 3 223 222
f 3 222 332
f 3 332 331
f 3 331 493
f 3 493 645
f 3 645 776
f 3 776 911
f 3 911 1093
f 3 1093 908
f 3 908 906
f 3 906 1092
f 3 1092 1312
f 3 1312 1521
f 3 1521 1711
f 3 1711 1914
f 3 1914 2100
f 3 2100 2099
f 3 2099 2286
f 3 2286 2285
f 3 2285 2455
f 3 2455 2642
f 3 2642 2838
f 3 2838 2837
f 3 2837 2839
f 3 2839 3044
f 3 3044 3271
f 3 3271 3269
f 3 3269 3480
f 3 3480 3700
f 3 3700 3478
f 3 3478 3698
f 3 3698 3697
f 3 3697 3883
f 3 3883 4079
f 3 4079 4260
f 3 4260 4259
f 3 4259 4264
f 3 4264 4263
f 3 4263 4414
f 3 4414 4528
f 3 4528 4613
f 3 4613 4670
f 3 4670 4695
f 3 4695 4707
f 3 4707 4709
f 3 4709 4712
f 3 4712 4711
f 3 4711 4704
f 3 4704 4684
f 3 4684 4683
f 3 4683 4682
f 3 4682 4703
f 3 4703 4702
f 3 4702 4688
f 3 4688 4643
f 3 4643 4641
f 3 4641 4557
f 3 4557 4530
f 3 4530 4415
f 3 4415 4266
f 3 4266 4271
f 3 4271 4086
f 3 4086 3889
f 3 3889 3709
f 3 3709 3708
f 3 3708 3707
f 3 3707 3493
f 3 3493 3284
f 3 3284 3283
f 3 3283 3053
f 3 3053 2848
f 3 2848 2847
f 3 2847 2656
f 3 2656 2473
f 3 2473 2301
f 3 2301 2120
f 3 2120 2287
f 3 2287 2103
f 3 2103 2102
f 3 2102 2101
f 3 2101 1916
f 3 1916 1714
f 3 1714 1915
f 3 1915 1718
f 3 1718 1524
f 3 1524 1318
f 3 1318 1313
f 3 1313 1094
f 3 1094 914
f 3 914 778
f 3 778 648
f 3 648 494
f 3 494 333
f 3 333 224
f 3 224 145
f 3 145 143
f 3 143 81
f 3 81 79
f 3 79 32
f 3 32 4
f 4 32 5
f 5 32 33
f 5 33 34
f 5 34 6
f 6 35 7
f 6 34 35
f 7 36 8
f 7 35 84
f 7 84 36
f 8 36 85
f 8 85 37
f 8 37 38
f 8 38 39
f 8 39 9
f 9 39 10
f 10 39 11
f 11 39 40
f 11 40 41
f 11 41 12
f 12 42 43
f 12 43 13
f 12 41 42
f 13 43 44
f 13 44 45
f 13 45 46
f 13 46 14
f 14 46 15
f 15 46 47
f 15 47 16
f 16 48 49
f 16 49 17
f 16 47 48
f 17 49 18
f 18 49 50
f 18 50 110
f 18 110 51
f 18 51 52
f 18 52 53
f 18 53 19
f 19 53 54
f 19 54 55
f 19 55 20
f 20 55 57
f 20 57 21
f 21 56 22
f 21 57 56
f 22 56 23
f 23 56 58
f 23 58 59
f 23 59 60
f 23 60 24
f 24 60 61
f 24 61 62
f 24 62 25
f 25 62 26
f 26 62 27
f 27 62 63
f 27 63 64
f 27 64 127
f 27 127 65
f 27 65 66
f 27 66 28
f 28 67 29
f 28 66 129
f 28 129 67
f 29 67 68
f 29 68 30
f 30 69 70
f 30 70 71
f 30 71 72
f 30 72 73
f 30 73 31
f 30 68 69
f 31 73 74
f 31 74 75
f 31 75 76
f 31 76 77
f 31 77 78
f 32 79 80
f 32 80 33
f 33 80 81
f 33 81 34
f 34 82 35
f 34 81 143
f 34 143 83
f 34 83 82
f 35 82 144
f 35 144 84
f 36 84 86
f 36 86 87
f 36 87 147
f 36 147 85
f 37 85 88
f 37 88 89
f 37 89 90
f 37 90 91
f 37 91 38
f 38 91 39
f 39 91 92
f 39 92 40
f 40 93 41
f 40 92 93
f 41 93 42
f 42 94 95
f 42 95 96
f 42 96 43
f 42 93 97
f 42 97 98
f 42 98 94
f 43 96 44
f 44 99 45
f 44 96 159
f 44 159 99
f 45 100 46
f 45 99 101
f 45 101 100
f 46 100 102
f 46 102 103
f 46 103 47
f 47 103 104
f 47 104 105
f 47 105 106
f 47 106 48
f 48 106 107
f 48 107 49
f 49 107 173
f 49 173 108
f 49 108 109
f 49 109 50
f 50 109 110
f 51 110 111
f 51 111 52
f 52 111 53
f 53 111 112
f 53 112 113
f 53 113 54
f 54 113 114
f 54 114 55
f 55 115 57
f 55 114 183
f 55 183 115
f 56 57 116
f 56 116 117
f 56 117 118
f 56 118 58
f 57 115 116
f 58 118 59
f 59 119 120
f 59 120 121
f 59 121 60
f 59 118 122
f 59 122 119
f 60 121 61
f 61 121 123
f 61 123 124
f 61 124 62
f 62 124 125
f 62 125 63
f 63 125 64
f 64 125 126
f 64 126 127
f 65 127 128
f 65 128 129
f 65 129 66
f 67 130 207
f 67 207 131
f 67 131 68
f 67 129 130
f 68 131 132
f 68 132 69
f 69 132 133
f 69 133 134
f 69 134 135
f 69 135 70
f 70 135 136
f 70 136 71
f 71 136 137
f 71 137 72
f 72 137 73
f 73 137 74
f 74 137 138
f 74 138 75
f 75 138 139
f 75 139 76
f 76 139 140
f 76 140 77
f 77 140 78
f 78 140 141
f 78 141 142
f 79 81 80
f 82 83 144
f 83 143 145
f 83 145 144
f 84 144 146
f 84 146 86
f 85 147 88
f 86 146 145
f 86 145 87
f 87 145 147
f 88 147 148
f 88 148 89
f 89 149 152
f 89 152 90
f 89 148 150
f 89 150 151
f 89 151 149
f 90 152 91
f 91 153 92
f 91 152 153
f 92 153 154
f 92 154 155
f 92 155 93
f 93 155 97
f 94 156 157
f 94 157 95
f 94 98 156
f 95 157 96
f 96 157 158
f 96 158 159
f 97 155 160
f 97 160 98
f 98 160 161
f 98 161 162
f 98 162 163
f 98 163 164
f 98 164 156
f 99 159 101
f 100 101 102
f 101 159 165
f 101 165 166
f 101 166 102
f 102 166 167
f 102 167 104
f 102 104 103
f 104 168 105
f 104 167 169
f 104 169 168
f 105 170 171
f 105 171 106
f 105 168 170
f 106 171 107
f 107 171 172
f 107 172 173
f 108 173 174
f 108 174 109
f 109 174 110
f 110 174 175
f 110 175 176
f 110 176 111
f 111 177 178
f 111 178 112
f 111 176 177
f 112 178 179
f 112 179 180
f 112 180 181
f 112 181 182
f 112 182 113
f 113 182 114
f 114 182 183
f 115 184 116
f 115 183 185
f 115 185 186
f 115 186 187
f 115 187 184
f 116 184 117
f 117 188 118
f 117 184 189
f 117 189 286
f 117 286 188
f 118 190 122
f 118 188 190
f 119 122 191
f 119 191 192
f 119 192 193
f 119 193 194
f 119 194 195
f 119 195 120
f 120 195 121
f 121 195 123
f 122 190 191
f 123 195 196
f 123 196 197
f 123 197 124
f 124 197 198
f 124 198 125
f 125 198 199
f 125 199 126
f 126 199 200
f 126 200 201
f 126 201 127
f 127 201 202
f 127 202 128
f 128 202 203
f 128 203 204
f 128 204 130
f 128 130 129
f 130 205 206
f 130 206 207
f 130 204 205
f 131 207 208
f 131 208 209
f 131 209 132
f 132 209 210
f 132 210 133
f 133 210 321
f 133 321 211
f 133 211 212
f 133 212 213
f 133 213 134
f 134 213 136
f 134 136 135
f 136 213 214
f 136 214 215
f 136 215 137
f 137 215 138
f 138 215 139
f 139 215 216
f 139 216 217
f 139 217 140
f 140 217 218
f 140 218 219
f 140 219 220
f 140 220 141
f 141 220 221
f 141 221 222
f 141 222 223
f 141 223 142
f 144 145 146
f 145 224 225
f 145 225 147
f 147 225 226
f 147 226 148
f 148 226 150
f 149 227 152
f 149 151 228
f 149 228 229
f 149 229 230
f 149 230 231
f 149 231 227
f 150 226 232
f 150 232 233
f 150 233 151
f 151 233 234
f 151 234 235
f 151 235 228
f 152 227 153
f 153 236 154
f 153 227 236
f 154 236 237
f 154 237 238
f 154 238 155
f 155 238 160
f 156 239 240
f 156 240 157
f 156 164 251
f 156 251 239
f 157 240 241
f 157 241 158
f 158 242 243
f 158 243 159
f 158 241 244
f 158 244 245
f 158 245 242
f 159 243 165
f 160 238 161
f 161 238 246
f 161 246 247
f 161 247 248
f 161 248 249
f 161 249 162
f 162 249 250
f 162 250 163
f 163 251 164
f 163 250 252
f 163 252 251
f 165 243 253
f 165 253 254
f 165 254 255
f 165 255 256
f 165 256 166
f 166 257 167
f 166 256 257
f 167 257 258
f 167 258 169
f 168 169 259
f 168 259 260
f 168 260 261
f 168 261 262
f 168 262 263
f 168 263 170
f 169 258 264
f 169 264 265
f 169 265 259
f 170 263 266
f 170 266 267
f 170 267 268
f 170 268 269
f 170 269 171
f 171 269 172
f 172 270 174
f 172 174 173
f 172 269 270
f 174 271 175
f 174 270 271
f 175 272 273
f 175 273 177
f 175 177 176
f 175 271 274
f 175 274 272
f 177 275 178
f 177 273 275
f 178 276 277
f 178 277 179
f 178 275 276
f 179 277 278
f 179 278 180
f 180 278 279
f 180 279 280
f 180 280 281
f 180 281 181
f 181 281 182
f 182 281 282
f 182 282 186
f 182 186 185
f 182 185 183
f 184 187 189
f 186 282 187
f 187 282 283
f 187 283 284
f 187 284 285
f 187 285 189
f 188 286 287
f 188 287 288
f 188 288 289
f 188 289 190
f 189 285 286
f 190 289 290
f 190 290 191
f 191 291 192
f 191 290 291
f 192 292 293
f 192 293 294
f 192 294 295
f 192 295 193
f 192 291 292
f 193 295 296
f 193 296 297
f 193 297 298
f 193 298 194
f 194 298 196
f 194 196 195
f 196 298 299
f 196 299 300
f 196 300 197
f 197 301 302
f 197 302 198
f 197 300 301
f 198 302 303
f 198 303 199
f 199 302 304
f 199 304 305
f 199 305 306
f 199 306 200
f 199 303 302
f 200 307 308
f 200 308 309
f 200 309 201
f 200 306 307
f 201 309 202
f 202 309 203
f 203 309 310
f 203 310 311
f 203 311 204
f 204 311 205
f 205 312 313
f 205 313 206
f 205 311 312
f 206 313 314
f 206 314 315
f 206 315 316
f 206 316 208
f 206 208 207
f 208 316 317
f 208 317 318
f 208 318 319
f 208 319 320
f 208 320 209
f 209 320 210
f 210 320 321
f 211 321 322
f 211 322 212
f 212 322 323
f 212 323 214
f 212 214 213
f 214 323 324
f 214 324 215
f 215 324 325
f 215 325 326
f 215 326 487
f 215 487 327
f 215 327 217
f 215 217 216
f 217 327 218
f 218 327 328
f 218 328 329
f 218 329 219
f 219 221 220
f 219 329 330
f 219 330 221
f 221 330 331
f 221 331 332
f 221 332 222
f 224 333 334
f 224 334 335
f 224 335 225
f 225 335 226
f 226 335 232
f 227 231 230
f 227 230 336
f 227 336 337
f 227 337 338
f 227 338 339
f 227 339 340
f 227 340 236
f 228 235 341
f 228 341 229
f 229 341 342
f 229 342 343
f 229 343 344
f 229 344 345
f 229 345 336
f 229 336 230
f 232 335 346
f 232 346 347
f 232 347 233
f 233 347 348
f 233 348 234
f 234 348 235
f 235 348 349
f 235 349 350
f 235 350 342
f 235 342 341
f 236 351 352
f 236 352 237
f 236 340 353
f 236 353 351
f 237 352 354
f 237 354 355
f 237 355 238
f 238 355 246
f 239 251 356
f 239 356 357
f 239 357 358
f 239 358 241
f 239 241 240
f 241 358 359
f 241 359 244
f 242 245 360
f 242 360 254
f 242 254 253
f 242 253 243
f 244 359 245
f 245 359 361
f 245 361 360
f 246 355 362
f 246 362 363
f 246 363 248
f 246 248 247
f 248 363 364
f 248 364 365
f 248 365 366
f 248 366 367
f 248 367 368
f 248 368 369
f 248 369 370
f 248 370 371
f 248 371 250
f 248 250 372
f 248 372 249
f 249 372 250
f 250 373 252
f 250 371 373
f 251 252 373
f 251 373 356
f 254 374 375
f 254 375 255
f 254 360 376
f 254 376 374
f 255 375 377
f 255 377 256
f 256 377 378
f 256 378 379
f 256 379 380
f 256 380 258
f 256 258 257
f 258 380 381
f 258 381 382
f 258 382 264
f 259 383 260
f 259 265 383
f 260 384 385
f 260 385 386
f 260 386 261
f 260 383 387
f 260 387 388
f 260 388 384
f 261 386 262
f 262 389 263
f 262 386 389
f 263 389 266
f 264 390 265
f 264 382 391
f 264 391 390
f 265 390 387
f 265 387 383
f 266 392 267
f 266 389 392
f 267 393 394
f 267 394 268
f 267 392 393
f 268 394 395
f 268 395 396
f 268 396 269
f 269 396 397
f 269 397 270
f 270 397 398
f 270 398 399
f 270 399 271
f 271 399 400
f 271 400 398
f 271 398 401
f 271 401 274
f 272 274 402
f 272 402 403
f 272 403 275
f 272 275 273
f 274 401 402
f 275 404 405
f 275 405 276
f 275 403 404
f 276 405 406
f 276 406 277
f 277 406 278
f 278 406 405
f 278 405 279
f 279 407 408
f 279 408 280
f 279 405 409
f 279 409 410
f 279 410 411
f 279 411 407
f 280 408 412
f 280 412 281
f 281 412 413
f 281 413 414
f 281 414 282
f 282 414 283
f 283 415 284
f 283 414 413
f 283 413 415
f 284 416 417
f 284 417 418
f 284 418 285
f 284 415 416
f 285 419 420
f 285 420 421
f 285 421 286
f 285 418 419
f 286 422 423
f 286 423 287
f 286 421 424
f 286 424 422
f 287 423 425
f 287 425 426
f 287 426 288
f 288 426 427
f 288 427 428
f 288 428 429
f 288 429 289
f 289 429 430
f 289 430 290
f 290 430 431
f 290 431 291
f 291 431 432
f 291 432 292
f 292 432 293
f 293 433 294
f 293 432 434
f 293 434 433
f 294 433 295
f 295 433 435
f 295 435 436
f 295 436 296
f 296 436 435
f 296 435 437
f 296 437 438
f 296 438 297
f 297 438 439
f 297 439 298
f 298 439 299
f 299 438 440
f 299 440 441
f 299 441 301
f 299 301 300
f 299 439 438
f 301 441 442
f 301 442 443
f 301 443 444
f 301 444 445
f 301 445 302
f 302 445 446
f 302 446 305
f 302 305 304
f 305 446 447
f 305 447 448
f 305 448 449
f 305 449 307
f 305 307 450
f 305 450 306
f 306 450 307
f 307 451 452
f 307 452 308
f 307 449 448
f 307 448 453
f 307 453 454
f 307 454 455
f 307 455 451
f 308 456 309
f 308 452 456
f 309 456 452
f 309 452 457
f 309 457 310
f 310 457 458
f 310 458 459
f 310 459 460
f 310 460 311
f 311 460 461
f 311 461 312
f 312 461 462
f 312 462 463
f 312 463 313
f 313 463 314
f 314 463 464
f 314 464 465
f 314 465 315
f 315 465 466
f 315 466 316
f 316 466 465
f 316 465 467
f 316 467 317
f 317 468 318
f 317 467 469
f 317 469 470
f 317 470 468
f 318 468 471
f 318 471 472
f 318 472 319
f 319 472 473
f 319 473 320
f 320 473 474
f 320 474 321
f 321 474 475
f 321 475 476
f 321 476 322
f 322 477 478
f 322 478 324
f 322 324 323
f 322 476 479
f 322 479 480
f 322 480 481
f 322 481 482
f 322 482 483
f 322 483 484
f 322 484 477
f 324 478 485
f 324 485 486
f 324 486 325
f 325 486 487
f 325 487 326
f 327 487 488
f 327 488 489
f 327 489 328
f 328 489 490
f 328 490 329
f 329 490 491
f 329 491 330
f 330 491 331
f 331 491 492
f 331 492 493
f 333 494 495
f 333 495 496
f 333 496 334
f 334 496 347
f 334 347 346
f 334 346 335
f 336 345 337
f 337 345 497
f 337 497 338
f 338 340 339
f 338 497 498
f 338 498 499
f 338 499 340
f 340 499 500
f 340 500 501
f 340 501 353
f 342 350 502
f 342 502 345
f 342 345 344
f 342 344 343
f 345 503 504
f 345 504 497
f 345 502 503
f 347 505 348
f 347 496 505
f 348 505 349
f 349 506 507
f 349 507 508
f 349 508 502
f 349 502 350
f 349 505 496
f 349 496 509
f 349 509 506
f 351 353 510
f 351 510 352
f 352 510 511
f 352 511 354
f 353 501 512
f 353 512 513
f 353 513 510
f 354 514 355
f 354 511 510
f 354 510 515
f 354 515 514
f 355 514 362
f 356 373 357
f 357 373 516
f 357 516 517
f 357 517 518
f 357 518 358
f 358 518 517
f 358 517 359
f 359 519 361
f 359 517 519
f 360 361 376
f 361 520 376
f 361 519 520
f 362 514 363
f 363 521 364
f 363 514 521
f 364 521 515
f 364 515 522
f 364 522 365
f 365 523 524
f 365 524 366
f 365 522 515
f 365 515 510
f 365 510 513
f 365 513 525
f 365 525 526
f 365 526 527
f 365 527 523
f 366 524 528
f 366 528 367
f 367 529 369
f 367 369 368
f 367 528 529
f 369 530 531
f 369 531 532
f 369 532 533
f 369 533 534
f 369 534 370
f 369 529 530
f 370 534 516
f 370 516 373
f 370 373 371
f 374 535 536
f 374 536 537
f 374 537 375
f 374 376 535
f 375 537 536
f 375 536 538
f 375 538 378
f 375 378 377
f 376 520 535
f 378 538 379
f 379 539 380
f 379 538 539
f 380 539 381
f 381 540 391
f 381 391 382
f 381 539 538
f 381 538 541
f 381 541 542
f 381 542 543
f 381 543 540
f 384 388 544
f 384 544 385
f 385 544 390
f 385 390 545
f 385 545 546
f 385 546 386
f 386 546 547
f 386 547 389
f 387 390 388
f 388 390 544
f 389 547 392
f 390 548 545
f 390 391 549
f 390 549 540
f 390 540 550
f 390 550 548
f 391 540 549
f 392 547 551
f 392 551 552
f 392 552 553
f 392 553 393
f 393 553 394
f 394 553 554
f 394 554 395
f 395 554 555
f 395 555 556
f 395 556 396
f 396 556 557
f 396 557 558
f 396 558 397
f 397 558 557
f 397 557 398
f 398 559 560
f 398 560 561
f 398 561 401
f 398 400 399
f 398 557 556
f 398 556 562
f 398 562 559
f 401 561 563
f 401 563 564
f 401 564 565
f 401 565 404
f 401 404 402
f 402 404 403
f 404 564 405
f 404 565 564
f 405 566 409
f 405 564 566
f 407 567 568
f 407 568 408
f 407 411 569
f 407 569 570
f 407 570 571
f 407 571 567
f 408 568 572
f 408 572 412
f 409 566 410
f 410 566 573
f 410 573 411
f 411 573 569
f 412 572 415
f 412 415 413
f 415 574 416
f 415 572 574
f 416 575 417
f 416 574 575
f 417 575 576
f 417 576 577
f 417 577 578
f 417 578 579
f 417 579 418
f 418 579 419
f 419 579 420
f 420 579 577
f 420 577 580
f 420 580 581
f 420 581 421
f 421 581 424
f 422 582 583
f 422 583 584
f 422 584 426
f 422 426 425
f 422 425 423
f 422 424 581
f 422 581 580
f 422 580 585
f 422 585 577
f 422 577 586
f 422 586 587
f 422 587 582
f 426 584 427
f 427 584 428
f 428 584 588
f 428 588 429
f 429 588 589
f 429 589 430
f 430 589 431
f 431 589 432
f 432 589 590
f 432 590 434
f 433 434 591
f 433 591 592
f 433 592 593
f 433 593 594
f 433 594 595
f 433 595 437
f 433 437 435
f 434 590 589
f 434 589 588
f 434 588 596
f 434 596 591
f 437 595 597
f 437 597 598
f 437 598 599
f 437 599 442
f 437 442 438
f 438 442 440
f 440 442 441
f 442 600 601
f 442 601 443
f 442 599 600
f 443 601 602
f 443 602 444
f 444 602 603
f 444 603 445
f 445 603 604
f 445 604 446
f 446 604 447
f 447 604 448
f 448 605 606
f 448 606 607
f 448 607 608
f 448 608 455
f 448 455 454
f 448 454 453
f 448 604 609
f 448 609 610
f 448 610 605
f 451 455 608
f 451 608 611
f 451 611 452
f 452 611 612
f 452 612 613
f 452 613 458
f 452 458 457
f 458 613 459
f 459 613 614
f 459 614 460
f 460 614 461
f 461 614 613
f 461 613 615
f 461 615 616
f 461 616 617
f 461 617 618
f 461 618 462
f 462 618 619
f 462 619 463
f 463 619 464
f 464 620 465
f 464 619 620
f 465 620 617
f 465 617 621
f 465 621 622
f 465 622 623
f 465 623 469
f 465 469 467
f 468 470 624
f 468 624 471
f 469 623 625
f 469 625 626
f 469 626 624
f 469 624 470
f 471 624 627
f 471 627 472
f 472 627 624
f 472 624 626
f 472 626 628
f 472 628 629
f 472 629 473
f 473 629 630
f 473 630 474
f 474 630 631
f 474 631 475
f 475 631 480
f 475 480 476
f 476 480 479
f 477 486 485
f 477 485 478
f 477 484 486
f 480 628 632
f 480 632 481
f 480 631 630
f 480 630 633
f 480 633 628
f 481 632 634
f 481 634 482
f 482 634 635
f 482 635 484
f 482 484 483
f 484 635 636
f 484 636 637
f 484 637 638
f 484 638 488
f 484 488 486
f 486 488 487
f 488 638 489
f 489 638 639
f 489 639 490
f 490 492 491
f 490 639 640
f 490 640 641
f 490 641 642
f 490 642 492
f 492 642 493
f 493 642 643
f 493 643 644
f 493 644 645
f 494 646 647
f 494 647 495
f 494 648 646
f 495 647 496
f 496 647 509
f 497 504 498
f 498 504 499
f 499 504 500
f 500 504 649
f 500 649 650
f 500 650 513
f 500 513 512
f 500 512 501
f 502 508 507
f 502 507 651
f 502 651 652
f 502 652 503
f 503 653 649
f 503 649 504
f 503 652 653
f 506 654 655
f 506 655 507
f 506 509 656
f 506 656 654
f 507 655 651
f 509 647 656
f 513 650 525
f 514 515 521
f 516 534 533
f 516 533 517
f 517 533 657
f 517 657 658
f 517 658 519
f 519 658 659
f 519 659 520
f 520 659 660
f 520 660 661
f 520 661 535
f 523 528 524
f 523 527 528
f 525 650 662
f 525 662 663
f 525 663 526
f 526 663 527
f 527 664 528
f 527 663 665
f 527 665 664
f 528 664 666
f 528 666 667
f 528 667 668
f 528 668 669
f 528 669 529
f 529 669 670
f 529 670 530
f 530 670 671
f 530 671 672
f 530 672 531
f 531 672 673
f 531 673 674
f 531 674 675
f 531 675 532
f 532 675 676
f 532 676 677
f 532 677 533
f 533 677 678
f 533 678 657
f 535 661 536
f 536 679 542
f 536 542 538
f 536 661 680
f 536 680 679
f 538 542 541
f 540 681 550
f 540 543 542
f 540 542 682
f 540 682 681
f 542 679 683
f 542 683 684
f 542 684 682
f 545 548 685
f 545 685 686
f 545 686 546
f 546 687 688
f 546 688 689
f 546 689 690
f 546 690 691
f 546 691 692
f 546 692 693
f 546 693 551
f 546 551 547
f 546 686 687
f 548 550 694
f 548 694 685
f 550 681 695
f 550 695 694
f 551 693 552
f 552 693 553
f 553 693 554
f 554 693 696
f 554 696 555
f 555 696 556
f 556 696 697
f 556 697 562
f 559 562 697
f 559 697 696
f 559 696 698
f 559 698 699
f 559 699 560
f 560 699 700
f 560 700 561
f 561 700 701
f 561 701 563
f 563 701 702
f 563 702 564
f 564 702 703
f 564 703 566
f 566 703 573
f 567 571 704
f 567 704 705
f 567 705 706
f 567 706 707
f 567 707 708
f 567 708 709
f 567 709 710
f 567 710 568
f 568 710 572
f 569 573 711
f 569 711 570
f 570 711 571
f 571 711 704
f 572 710 574
f 573 703 711
f 574 710 709
f 574 709 712
f 574 712 577
f 574 577 576
f 574 576 575
f 577 585 580
f 577 579 578
f 577 712 713
f 577 713 714
f 577 714 715
f 577 715 586
f 582 716 583
f 582 587 717
f 582 717 718
f 582 718 719
f 582 719 584
f 582 584 716
f 583 716 584
f 584 720 721
f 584 721 596
f 584 596 588
f 584 719 720
f 586 715 587
f 587 715 722
f 587 722 717
f 591 723 592
f 591 596 723
f 592 723 593
f 593 724 594
f 593 723 724
f 594 724 595
f 595 724 597
f 596 721 720
f 596 720 725
f 596 725 723
f 597 724 600
f 597 600 598
f 598 600 599
f 600 726 727
f 600 727 728
f 600 728 602
f 600 602 601
f 600 724 729
f 600 729 730
f 600 730 731
f 600 731 726
f 602 728 732
f 602 732 733
f 602 733 603
f 603 733 734
f 603 734 604
f 604 734 609
f 605 610 735
f 605 735 736
f 605 736 737
f 605 737 738
f 605 738 606
f 606 738 739
f 606 739 607
f 607 739 608
f 608 739 740
f 608 740 741
f 608 741 742
f 608 742 743
f 608 743 744
f 608 744 745
f 608 745 746
f 608 746 612
f 608 612 611
f 609 734 747
f 609 747 748
f 609 748 610
f 610 748 735
f 612 746 613
f 613 746 615
f 615 745 749
f 615 749 616
f 615 746 745
f 616 749 750
f 616 750 751
f 616 751 621
f 616 621 617
f 617 620 619
f 617 619 618
f 621 751 752
f 621 752 753
f 621 753 622
f 622 753 754
f 622 754 755
f 622 755 756
f 622 756 623
f 623 756 757
f 623 757 758
f 623 758 625
f 625 758 757
f 625 757 759
f 625 759 626
f 626 759 760
f 626 760 628
f 628 633 629
f 628 760 761
f 628 761 634
f 628 634 632
f 629 633 630
f 634 761 762
f 634 762 635
f 635 763 764
f 635 764 636
f 635 762 765
f 635 765 763
f 636 764 766
f 636 766 767
f 636 767 637
f 637 768 639
f 637 639 638
f 637 767 769
f 637 769 768
f 639 768 770
f 639 770 640
f 640 770 641
f 641 770 642
f 642 771 643
f 642 770 772
f 642 772 771
f 643 771 773
f 643 773 774
f 643 774 775
f 643 775 776
f 643 776 644
f 644 776 645
f 646 648 777
f 646 777 647
f 647 777 656
f 648 778 779
f 648 779 777
f 649 780 781
f 649 781 650
f 649 653 782
f 649 782 783
f 649 783 780
f 650 781 662
f 651 784 782
f 651 782 785
f 651 785 652
f 651 655 784
f 652 785 782
f 652 782 653
f 654 656 786
f 654 786 787
f 654 787 788
f 654 788 655
f 655 788 784
f 656 777 786
f 657 678 789
f 657 789 658
f 658 789 660
f 658 660 659
f 660 790 661
f 660 789 790
f 661 790 791
f 661 791 680
f 662 781 663
f 663 781 665
f 664 792 666
f 664 665 792
f 665 781 793
f 665 793 794
f 665 794 795
f 665 795 796
f 665 796 792
f 666 792 667
f 667 797 668
f 667 792 797
f 668 797 798
f 668 798 799
f 668 799 669
f 669 799 800
f 669 800 801
f 669 801 670
f 670 801 799
f 670 799 671
f 671 799 802
f 671 802 803
f 671 803 804
f 671 804 672
f 672 804 673
f 673 804 805
f 673 805 803
f 673 803 806
f 673 806 807
f 673 807 808
f 673 808 809
f 673 809 810
f 673 810 674
f 674 810 811
f 674 811 812
f 674 812 676
f 674 676 675
f 676 812 813
f 676 813 814
f 676 814 678
f 676 678 677
f 678 814 789
f 679 815 683
f 679 680 815
f 680 791 815
f 681 682 816
f 681 816 695
f 682 684 816
f 683 815 816
f 683 816 684
f 685 694 817
f 685 817 818
f 685 818 687
f 685 687 686
f 687 689 688
f 687 818 689
f 689 819 820
f 689 820 821
f 689 821 822
f 689 822 823
f 689 823 690
f 689 818 819
f 690 823 824
f 690 824 692
f 690 692 691
f 692 824 693
f 693 824 825
f 693 825 698
f 693 698 696
f 694 695 817
f 695 816 817
f 698 825 826
f 698 826 699
f 699 826 827
f 699 827 828
f 699 828 700
f 700 828 829
f 700 829 830
f 700 830 702
f 700 702 701
f 702 831 832
f 702 832 703
f 702 830 833
f 702 833 834
f 702 834 835
f 702 835 831
f 703 832 836
f 703 836 711
f 704 711 842
f 704 842 837
f 704 837 705
f 705 837 706
f 706 838 707
f 706 837 838
f 707 838 839
f 707 839 840
f 707 840 841
f 707 841 722
f 707 722 714
f 707 714 708
f 708 714 713
f 708 713 712
f 708 712 709
f 711 836 842
f 714 722 715
f 717 843 718
f 717 722 844
f 717 844 845
f 717 845 843
f 718 846 847
f 718 847 848
f 718 848 849
f 718 849 720
f 718 720 719
f 718 843 850
f 718 850 846
f 720 849 725
f 722 841 851
f 722 851 844
f 723 725 852
f 723 852 729
f 723 729 724
f 725 849 852
f 726 853 854
f 726 854 727
f 726 731 853
f 727 854 855
f 727 855 728
f 728 855 856
f 728 856 857
f 728 857 732
f 729 852 858
f 729 858 859
f 729 859 860
f 729 860 731
f 729 731 730
f 731 860 861
f 731 861 862
f 731 862 863
f 731 863 864
f 731 864 853
f 732 857 733
f 733 857 734
f 734 857 747
f 735 865 736
f 735 748 865
f 736 865 866
f 736 866 737
f 737 866 867
f 737 867 868
f 737 868 869
f 737 869 870
f 737 870 871
f 737 871 738
f 738 871 739
f 739 871 740
f 740 871 741
f 741 872 742
f 741 871 872
f 742 872 873
f 742 873 874
f 742 874 875
f 742 875 743
f 743 875 874
f 743 874 876
f 743 876 877
f 743 877 744
f 744 877 750
f 744 750 745
f 745 750 749
f 747 857 878
f 747 878 748
f 748 878 879
f 748 879 880
f 748 880 865
f 750 877 881
f 750 881 882
f 750 882 883
f 750 883 884
f 750 884 885
f 750 885 886
f 750 886 756
f 750 756 754
f 750 754 752
f 750 752 751
f 752 754 753
f 754 756 755
f 756 886 887
f 756 887 888
f 756 888 889
f 756 889 890
f 756 890 891
f 756 891 892
f 756 892 893
f 756 893 894
f 756 894 757
f 757 894 759
f 759 894 761
f 759 761 760
f 761 895 762
f 761 894 895
f 762 895 896
f 762 896 897
f 762 897 898
f 762 898 765
f 763 765 898
f 763 898 899
f 763 899 766
f 763 766 764
f 766 899 1079
f 766 1079 900
f 766 900 901
f 766 901 767
f 767 901 902
f 767 902 769
f 768 769 903
f 768 903 770
f 769 902 903
f 770 903 772
f 771 772 773
f 772 903 904
f 772 904 773
f 773 904 774
f 774 904 905
f 774 905 906
f 774 906 907
f 774 907 908
f 774 908 909
f 774 909 910
f 774 910 911
f 774 911 775
f 775 911 776
f 777 912 786
f 777 779 912
f 778 913 779
f 778 914 913
f 779 913 915
f 779 915 916
f 779 916 917
f 779 917 786
f 779 786 912
f 780 918 781
f 780 783 918
f 781 918 793
f 782 919 918
f 782 918 783
f 782 784 920
f 782 920 919
f 784 788 920
f 786 917 916
f 786 916 921
f 786 921 787
f 787 922 920
f 787 920 788
f 787 921 923
f 787 923 922
f 789 924 925
f 789 925 926
f 789 926 815
f 789 815 791
f 789 791 790
f 789 814 924
f 792 927 928
f 792 928 929
f 792 929 930
f 792 930 797
f 792 796 931
f 792 931 932
f 792 932 927
f 793 918 919
f 793 919 933
f 793 933 934
f 793 934 935
f 793 935 794
f 794 935 936
f 794 936 795
f 795 936 937
f 795 937 796
f 796 937 931
f 797 930 938
f 797 938 939
f 797 939 798
f 798 940 941
f 798 941 802
f 798 802 799
f 798 939 942
f 798 942 940
f 799 801 800
f 802 941 803
f 803 805 804
f 803 941 940
f 803 940 943
f 803 943 944
f 803 944 806
f 806 944 945
f 806 945 807
f 807 945 808
f 808 946 1142
f 808 1142 947
f 808 947 809
f 808 945 946
f 809 947 948
f 809 948 810
f 810 948 811
f 811 948 812
f 812 948 813
f 813 948 949
f 813 949 814
f 814 949 924
f 815 950 951
f 815 951 952
f 815 952 953
f 815 953 816
f 815 926 954
f 815 954 950
f 816 955 817
f 816 953 955
f 817 955 956
f 817 956 957
f 817 957 958
f 817 958 959
f 817 959 960
f 817 960 961
f 817 961 818
f 818 961 962
f 818 962 963
f 818 963 819
f 819 964 820
f 819 963 965
f 819 965 962
f 819 962 964
f 820 964 821
f 821 964 966
f 821 966 967
f 821 967 822
f 822 967 968
f 822 968 969
f 822 969 823
f 823 970 971
f 823 971 972
f 823 972 973
f 823 973 824
f 823 969 970
f 824 973 826
f 824 826 825
f 826 972 827
f 826 973 972
f 827 972 974
f 827 974 975
f 827 975 976
f 827 976 828
f 828 976 829
f 829 976 977
f 829 977 830
f 830 977 833
f 831 978 979
f 831 979 832
f 831 835 991
f 831 991 978
f 832 979 980
f 832 980 981
f 832 981 982
f 832 982 836
f 833 976 975
f 833 975 983
f 833 983 984
f 833 984 985
f 833 985 986
f 833 986 987
f 833 987 988
f 833 988 989
f 833 989 834
f 833 977 976
f 834 989 990
f 834 990 991
f 834 991 835
f 836 982 995
f 836 995 842
f 837 992 1199
f 837 1199 993
f 837 993 994
f 837 994 838
f 837 842 995
f 837 995 980
f 837 980 996
f 837 996 992
f 838 994 839
f 839 994 997
f 839 997 998
f 839 998 999
f 839 999 1000
f 839 1000 841
f 839 841 840
f 841 1000 1016
f 841 1016 851
f 843 845 1001
f 843 1001 1002
f 843 1002 850
f 844 851 1003
f 844 1003 1004
f 844 1004 1005
f 844 1005 845
f 845 1005 1004
f 845 1004 1006
f 845 1006 1007
f 845 1007 1001
f 846 1008 847
f 846 850 1009
f 846 1009 1008
f 847 1010 1011
f 847 1011 1012
f 847 1012 848
f 847 1008 1010
f 848 1012 1013
f 848 1013 1014
f 848 1014 849
f 849 1014 1015
f 849 1015 852
f 850 1002 1007
f 850 1007 1009
f 851 1016 1004
f 851 1004 1003
f 852 1015 1017
f 852 1017 1018
f 852 1018 858
f 853 864 1019
f 853 1019 1020
f 853 1020 854
f 854 1020 855
f 855 1021 1022
f 855 1022 856
f 855 1020 1023
f 855 1023 1024
f 855 1024 1025
f 855 1025 1021
f 856 1022 1026
f 856 1026 857
f 857 1026 879
f 857 879 878
f 858 1027 859
f 858 1018 1028
f 858 1028 1027
f 859 1027 860
f 860 1027 1029
f 860 1029 1030
f 860 1030 861
f 861 1031 862
f 861 1030 1031
f 862 1031 863
f 863 1031 1032
f 863 1032 1019
f 863 1019 864
f 865 880 866
f 866 880 879
f 866 879 1033
f 866 1033 1034
f 866 1034 1035
f 866 1035 1036
f 866 1036 1037
f 866 1037 1038
f 866 1038 867
f 867 1039 868
f 867 1038 1039
f 868 1039 1040
f 868 1040 1041
f 868 1041 1042
f 868 1042 1043
f 868 1043 1044
f 868 1044 873
f 868 873 1045
f 868 1045 869
f 869 1045 1046
f 869 1046 870
f 870 1046 1047
f 870 1047 871
f 871 1048 872
f 871 1047 1046
f 871 1046 1048
f 872 1046 1045
f 872 1045 873
f 872 1048 1046
f 873 1044 1043
f 873 1043 1049
f 873 1049 1050
f 873 1050 874
f 874 1051 1052
f 874 1052 877
f 874 877 876
f 874 1050 1049
f 874 1049 1053
f 874 1053 1054
f 874 1054 1051
f 877 1055 881
f 877 1052 1055
f 879 1026 1022
f 879 1022 1034
f 879 1034 1033
f 881 1055 882
f 882 1055 1056
f 882 1056 1057
f 882 1057 1058
f 882 1058 1059
f 882 1059 883
f 883 1059 884
f 884 886 885
f 884 1059 1060
f 884 1060 1061
f 884 1061 1062
f 884 1062 888
f 884 888 887
f 884 887 886
f 888 1062 889
f 889 1062 890
f 890 1062 891
f 891 1063 1064
f 891 1064 892
f 891 1062 1063
f 892 1064 1065
f 892 1065 1066
f 892 1066 893
f 893 1066 1065
f 893 1065 1067
f 893 1067 1068
f 893 1068 894
f 894 1068 895
f 895 1068 1069
f 895 1069 896
f 896 1069 1070
f 896 1070 1071
f 896 1071 1072
f 896 1072 897
f 897 1072 898
f 898 1072 1073
f 898 1073 1074
f 898 1074 1075
f 898 1075 1076
f 898 1076 1077
f 898 1077 1078
f 898 1078 899
f 899 1078 1077
f 899 1077 1076
f 899 1076 1079
f 900 1080 901
f 900 1079 1081
f 900 1081 1082
f 900 1082 1301
f 900 1301 1083
f 900 1083 1084
f 900 1084 1085
f 900 1085 1080
f 901 1080 1086
f 901 1086 902
f 902 1086 1087
f 902 1087 903
f 903 1087 904
f 904 1087 1088
f 904 1088 1089
f 904 1089 1090
f 904 1090 905
f 905 1090 1089
f 905 1089 1091
f 905 1091 1092
f 905 1092 906
f 906 908 907
f 908 1093 909
f 909 1093 910
f 910 1093 911
f 913 914 915
f 914 1094 1095
f 914 1095 1096
f 914 1096 1097
f 914 1097 915
f 915 1097 916
f 916 1097 1096
f 916 1096 1095
f 916 1095 923
f 916 923 921
f 919 920 1098
f 919 1098 933
f 920 922 1099
f 920 1099 923
f 920 923 1100
f 920 1100 1101
f 920 1101 1102
f 920 1102 1098
f 922 923 1099
f 923 1095 1103
f 923 1103 1104
f 923 1104 1105
f 923 1105 1102
f 923 1102 1100
f 924 1106 925
f 924 949 1106
f 925 1107 1108
f 925 1108 1109
f 925 1109 1110
f 925 1110 954
f 925 954 926
f 925 1106 1111
f 925 1111 1107
f 927 1112 928
f 927 932 1113
f 927 1113 1114
f 927 1114 1115
f 927 1115 1112
f 928 1116 929
f 928 1112 1117
f 928 1117 1118
f 928 1118 1119
f 928 1119 1116
f 929 1116 1119
f 929 1119 938
f 929 938 930
f 931 937 1113
f 931 1113 932
f 933 1098 1120
f 933 1120 935
f 933 935 934
f 935 1120 1121
f 935 1121 1122
f 935 1122 1123
f 935 1123 937
f 935 937 936
f 937 1123 1122
f 937 1122 1124
f 937 1124 1125
f 937 1125 1126
f 937 1126 1127
f 937 1127 1113
f 938 1119 939
f 939 1119 942
f 940 942 943
f 942 1119 1128
f 942 1128 1129
f 942 1129 1130
f 942 1130 1131
f 942 1131 1132
f 942 1132 943
f 943 1133 944
f 943 1132 1134
f 943 1134 1135
f 943 1135 1136
f 943 1136 1133
f 944 1133 1137
f 944 1137 1138
f 944 1138 1139
f 944 1139 945
f 945 1139 946
f 946 1140 1141
f 946 1141 1142
f 946 1139 1143
f 946 1143 1140
f 947 1142 1144
f 947 1144 1145
f 947 1145 948
f 948 1146 949
f 948 1145 1106
f 948 1106 1146
f 949 1146 1147
f 949 1147 1106
f 950 954 1110
f 950 1110 951
f 951 1148 952
f 951 1110 1149
f 951 1149 1148
f 952 1150 953
f 952 1148 1150
f 953 1150 957
f 953 957 1151
f 953 1151 955
f 955 1151 1152
f 955 1152 957
f 955 957 956
f 957 1152 1151
f 957 1150 1153
f 957 1153 1154
f 957 1154 1155
f 957 1155 959
f 957 959 958
f 959 1156 1157
f 959 1157 960
f 959 1155 1158
f 959 1158 1156
f 960 1157 1159
f 960 1159 962
f 960 962 961
f 962 1160 1161
f 962 1161 964
f 962 965 963
f 962 1159 1160
f 964 1162 1163
f 964 1163 1164
f 964 1164 1165
f 964 1165 1166
f 964 1166 966
f 964 1161 1162
f 966 1167 1168
f 966 1168 1169
f 966 1169 1170
f 966 1170 1171
f 966 1171 967
f 966 1166 1165
f 966 1165 1167
f 967 1172 1173
f 967 1173 968
f 967 1171 1174
f 967 1174 1175
f 967 1175 1172
f 968 1173 971
f 968 971 970
f 968 970 969
f 971 1176 972
f 971 1173 1176
f 972 1176 975
f 972 975 974
f 975 1176 1177
f 975 1177 1178
f 975 1178 1179
f 975 1179 986
f 975 986 985
f 975 985 984
f 975 984 983
f 978 1180 979
f 978 991 1197
f 978 1197 1180
f 979 1181 1182
f 979 1182 1183
f 979 1183 1184
f 979 1184 1185
f 979 1185 980
f 979 1180 1186
f 979 1186 1187
f 979 1187 1181
f 980 1185 996
f 980 995 981
f 981 995 982
f 986 1179 1188
f 986 1188 1410
f 986 1410 1189
f 986 1189 987
f 987 1189 1190
f 987 1190 1191
f 987 1191 1192
f 987 1192 1193
f 987 1193 1194
f 987 1194 1187
f 987 1187 988
f 988 1187 1195
f 988 1195 990
f 988 990 989
f 990 1195 1196
f 990 1196 1197
f 990 1197 991
f 992 1198 1419
f 992 1419 1199
f 992 996 1198
f 993 1199 1421
f 993 1421 1200
f 993 1200 1201
f 993 1201 994
f 994 1201 997
f 996 1185 1202
f 996 1202 1198
f 997 1201 998
f 998 1201 1203
f 998 1203 1204
f 998 1204 999
f 999 1204 1205
f 999 1205 1000
f 1000 1205 1206
f 1000 1206 1207
f 1000 1207 1208
f 1000 1208 1209
f 1000 1209 1016
f 1001 1007 1002
f 1004 1210 1211
f 1004 1211 1212
f 1004 1212 1213
f 1004 1213 1214
f 1004 1214 1215
f 1004 1215 1006
f 1004 1016 1210
f 1006 1215 1214
f 1006 1214 1213
f 1006 1213 1212
f 1006 1212 1216
f 1006 1216 1217
f 1006 1217 1007
f 1007 1217 1218
f 1007 1218 1009
f 1008 1219 1220
f 1008 1220 1221
f 1008 1221 1010
f 1008 1009 1219
f 1009 1218 1222
f 1009 1222 1223
f 1009 1223 1224
f 1009 1224 1219
f 1010 1221 1011
f 1011 1221 1012
f 1012 1225 1226
f 1012 1226 1227
f 1012 1227 1013
f 1012 1221 1225
f 1013 1015 1014
f 1013 1227 1028
f 1013 1028 1017
f 1013 1017 1015
f 1016 1209 1228
f 1016 1228 1229
f 1016 1229 1230
f 1016 1230 1211
f 1016 1211 1210
f 1017 1028 1018
f 1019 1032 1020
f 1020 1231 1232
f 1020 1232 1233
f 1020 1233 1024
f 1020 1024 1023
f 1020 1032 1234
f 1020 1234 1231
f 1021 1025 1235
f 1021 1235 1022
f 1022 1235 1034
f 1024 1233 1025
f 1025 1236 1237
f 1025 1237 1238
f 1025 1238 1239
f 1025 1239 1034
f 1025 1034 1235
f 1025 1233 1236
f 1027 1240 1029
f 1027 1028 1240
f 1028 1241 1242
f 1028 1242 1240
f 1028 1227 1241
f 1029 1240 1243
f 1029 1243 1244
f 1029 1244 1030
f 1030 1244 1245
f 1030 1245 1246
f 1030 1246 1247
f 1030 1247 1031
f 1031 1234 1032
f 1031 1247 1248
f 1031 1248 1249
f 1031 1249 1250
f 1031 1250 1231
f 1031 1231 1234
f 1034 1239 1037
f 1034 1037 1036
f 1034 1036 1035
f 1037 1251 1038
f 1037 1239 1238
f 1037 1238 1251
f 1038 1251 1252
f 1038 1252 1253
f 1038 1253 1039
f 1039 1254 1255
f 1039 1255 1256
f 1039 1256 1257
f 1039 1257 1258
f 1039 1258 1259
f 1039 1259 1040
f 1039 1253 1260
f 1039 1260 1254
f 1040 1259 1041
f 1041 1259 1258
f 1041 1258 1261
f 1041 1261 1262
f 1041 1262 1263
f 1041 1263 1264
f 1041 1264 1265
f 1041 1265 1042
f 1042 1266 1481
f 1042 1481 1267
f 1042 1267 1268
f 1042 1268 1043
f 1042 1265 1266
f 1043 1268 1049
f 1049 1268 1269
f 1049 1269 1270
f 1049 1270 1053
f 1051 1271 1052
f 1051 1054 1271
f 1052 1271 1055
f 1053 1270 1272
f 1053 1272 1054
f 1054 1272 1273
f 1054 1273 1271
f 1055 1273 1274
f 1055 1274 1275
f 1055 1275 1276
f 1055 1276 1056
f 1055 1271 1273
f 1056 1276 1057
f 1057 1277 1278
f 1057 1278 1279
f 1057 1279 1058
f 1057 1276 1275
f 1057 1275 1280
f 1057 1280 1277
f 1058 1279 1059
f 1059 1281 1282
f 1059 1282 1060
f 1059 1279 1281
f 1060 1282 1061
f 1061 1282 1283
f 1061 1283 1284
f 1061 1284 1062
f 1062 1285 1063
f 1062 1284 1286
f 1062 1286 1287
f 1062 1287 1288
f 1062 1288 1285
f 1063 1289 1292
f 1063 1292 1064
f 1063 1285 1289
f 1064 1290 1291
f 1064 1291 1065
f 1064 1292 1290
f 1065 1291 1293
f 1065 1293 1294
f 1065 1294 1068
f 1065 1068 1067
f 1068 1294 1069
f 1069 1295 1296
f 1069 1296 1297
f 1069 1297 1070
f 1069 1294 1295
f 1070 1297 1298
f 1070 1298 1075
f 1070 1075 1072
f 1070 1072 1071
f 1072 1075 1074
f 1072 1074 1073
f 1075 1298 1299
f 1075 1299 1301
f 1075 1301 1082
f 1075 1082 1300
f 1075 1300 1076
f 1076 1300 1081
f 1076 1081 1079
f 1080 1085 1086
f 1081 1300 1082
f 1083 1301 1302
f 1083 1302 1084
f 1084 1302 1303
f 1084 1303 1304
f 1084 1304 1305
f 1084 1305 1306
f 1084 1306 1085
f 1085 1306 1307
f 1085 1307 1086
f 1086 1307 1087
f 1087 1307 1088
f 1088 1307 1306
f 1088 1306 1089
f 1089 1306 1308
f 1089 1308 1309
f 1089 1309 1310
f 1089 1310 1311
f 1089 1311 1091
f 1091 1311 1092
f 1092 1311 1312
f 1094 1313 1103
f 1094 1103 1095
f 1098 1102 1314
f 1098 1314 1120
f 1100 1102 1101
f 1102 1105 1315
f 1102 1315 1316
f 1102 1316 1317
f 1102 1317 1314
f 1103 1313 1318
f 1103 1318 1104
f 1104 1319 1320
f 1104 1320 1105
f 1104 1318 1319
f 1105 1320 1319
f 1105 1319 1321
f 1105 1321 1315
f 1106 1147 1146
f 1106 1145 1322
f 1106 1322 1323
f 1106 1323 1324
f 1106 1324 1325
f 1106 1325 1326
f 1106 1326 1327
f 1106 1327 1328
f 1106 1328 1111
f 1107 1328 1108
f 1107 1111 1328
f 1108 1329 1109
f 1108 1328 1330
f 1108 1330 1329
f 1109 1330 1331
f 1109 1331 1110
f 1109 1329 1330
f 1110 1331 1534
f 1110 1534 1332
f 1110 1332 1149
f 1112 1115 1333
f 1112 1333 1117
f 1113 1127 1334
f 1113 1334 1114
f 1114 1334 1115
f 1115 1335 1333
f 1115 1334 1336
f 1115 1336 1337
f 1115 1337 1335
f 1117 1333 1118
f 1118 1333 1335
f 1118 1335 1338
f 1118 1338 1339
f 1118 1339 1340
f 1118 1340 1129
f 1118 1129 1128
f 1118 1128 1119
f 1120 1314 1341
f 1120 1341 1342
f 1120 1342 1121
f 1121 1342 1122
f 1122 1342 1124
f 1124 1342 1343
f 1124 1343 1344
f 1124 1344 1125
f 1125 1344 1345
f 1125 1345 1126
f 1126 1345 1127
f 1127 1345 1551
f 1127 1551 1346
f 1127 1346 1334
f 1129 1340 1130
f 1130 1347 1348
f 1130 1348 1131
f 1130 1340 1349
f 1130 1349 1347
f 1131 1134 1132
f 1131 1348 1134
f 1133 1136 1350
f 1133 1350 1137
f 1134 1348 1135
f 1135 1348 1351
f 1135 1351 1136
f 1136 1351 1352
f 1136 1352 1353
f 1136 1353 1354
f 1136 1354 1350
f 1137 1350 1355
f 1137 1355 1138
f 1138 1356 1357
f 1138 1357 1358
f 1138 1358 1143
f 1138 1143 1139
f 1138 1355 1359
f 1138 1359 1360
f 1138 1360 1356
f 1140 1361 1362
f 1140 1362 1363
f 1140 1363 1364
f 1140 1364 1365
f 1140 1365 1366
f 1140 1366 1367
f 1140 1367 1141
f 1140 1143 1358
f 1140 1358 1361
f 1141 1367 1142
f 1142 1367 1144
f 1144 1367 1368
f 1144 1368 1323
f 1144 1323 1322
f 1144 1322 1145
f 1148 1369 1150
f 1148 1149 1370
f 1148 1370 1371
f 1148 1371 1369
f 1149 1332 1370
f 1150 1369 1371
f 1150 1371 1372
f 1150 1372 1153
f 1153 1372 1373
f 1153 1373 1374
f 1153 1374 1154
f 1154 1374 1155
f 1155 1374 1373
f 1155 1373 1375
f 1155 1375 1158
f 1156 1376 1157
f 1156 1158 1376
f 1157 1376 1377
f 1157 1377 1159
f 1158 1375 1378
f 1158 1378 1376
f 1159 1377 1160
f 1160 1379 1380
f 1160 1380 1161
f 1160 1377 1379
f 1161 1380 1163
f 1161 1163 1162
f 1163 1381 1164
f 1163 1380 1382
f 1163 1382 1381
f 1164 1381 1383
f 1164 1383 1384
f 1164 1384 1165
f 1165 1384 1167
f 1167 1385 1168
f 1167 1384 1385
f 1168 1386 1387
f 1168 1387 1388
f 1168 1388 1389
f 1168 1389 1390
f 1168 1390 1391
f 1168 1391 1174
f 1168 1174 1169
f 1168 1385 1386
f 1169 1174 1170
f 1170 1174 1171
f 1172 1175 1173
f 1173 1175 1392
f 1173 1392 1393
f 1173 1393 1176
f 1174 1391 1394
f 1174 1394 1175
f 1175 1394 1392
f 1176 1395 1411
f 1176 1411 1396
f 1176 1396 1397
f 1176 1397 1177
f 1176 1393 1398
f 1176 1398 1399
f 1176 1399 1395
f 1177 1397 1400
f 1177 1400 1178
f 1178 1400 1179
f 1179 1400 1188
f 1180 1401 1186
f 1180 1197 1195
f 1180 1195 1401
f 1181 1402 1404
f 1181 1404 1182
f 1181 1187 1403
f 1181 1403 1613
f 1181 1613 1402
f 1182 1404 1406
f 1182 1406 1183
f 1183 1405 1184
f 1183 1406 1407
f 1183 1407 1408
f 1183 1408 1405
f 1184 1405 1202
f 1184 1202 1185
f 1186 1401 1195
f 1186 1195 1409
f 1186 1409 1187
f 1187 1409 1195
f 1187 1194 1403
f 1188 1400 1410
f 1189 1410 1396
f 1189 1396 1190
f 1190 1396 1411
f 1190 1411 1191
f 1191 1411 1412
f 1191 1412 1192
f 1192 1412 1413
f 1192 1413 1414
f 1192 1414 1193
f 1193 1415 1416
f 1193 1416 1417
f 1193 1417 1194
f 1193 1414 1415
f 1194 1417 1613
f 1194 1613 1403
f 1195 1197 1196
f 1198 1418 1419
f 1198 1202 1418
f 1199 1419 1420
f 1199 1420 1421
f 1200 1421 1423
f 1200 1423 1422
f 1200 1422 1203
f 1200 1203 1201
f 1202 1405 1418
f 1203 1422 1207
f 1203 1207 1206
f 1203 1206 1205
f 1203 1205 1204
f 1207 1422 1423
f 1207 1423 1208
f 1208 1423 1424
f 1208 1424 1209
f 1209 1424 1228
f 1211 1230 1212
f 1212 1425 1426
f 1212 1426 1427
f 1212 1427 1216
f 1212 1230 1425
f 1216 1427 1428
f 1216 1428 1217
f 1217 1428 1426
f 1217 1426 1429
f 1217 1429 1218
f 1218 1429 1222
f 1219 1224 1430
f 1219 1430 1431
f 1219 1431 1221
f 1219 1221 1220
f 1221 1431 1432
f 1221 1432 1225
f 1222 1429 1433
f 1222 1433 1434
f 1222 1434 1435
f 1222 1435 1436
f 1222 1436 1437
f 1222 1437 1224
f 1222 1224 1223
f 1224 1438 1431
f 1224 1431 1430
f 1224 1437 1439
f 1224 1439 1438
f 1225 1432 1440
f 1225 1440 1226
f 1226 1441 1227
f 1226 1440 1442
f 1226 1442 1443
f 1226 1443 1441
f 1227 1441 1444
f 1227 1444 1445
f 1227 1445 1446
f 1227 1446 1241
f 1228 1447 1448
f 1228 1448 1229
f 1228 1424 1449
f 1228 1449 1447
f 1229 1448 1230
f 1230 1448 1450
f 1230 1450 1647
f 1230 1647 1451
f 1230 1451 1435
f 1230 1435 1426
f 1230 1426 1425
f 1231 1250 1452
f 1231 1452 1453
f 1231 1453 1232
f 1232 1453 1454
f 1232 1454 1233
f 1233 1454 1452
f 1233 1452 1455
f 1233 1455 1236
f 1236 1455 1456
f 1236 1456 1237
f 1237 1456 1457
f 1237 1457 1238
f 1238 1457 1251
f 1240 1242 1241
f 1240 1241 1243
f 1241 1446 1243
f 1243 1446 1458
f 1243 1458 1244
f 1244 1458 1459
f 1244 1459 1460
f 1244 1460 1245
f 1245 1460 1246
f 1246 1460 1461
f 1246 1461 1462
f 1246 1462 1248
f 1246 1248 1247
f 1248 1463 1464
f 1248 1464 1249
f 1248 1462 1465
f 1248 1465 1463
f 1249 1464 1466
f 1249 1466 1250
f 1250 1466 1452
f 1251 1467 1252
f 1251 1457 1467
f 1252 1467 1260
f 1252 1260 1253
f 1254 1260 1255
f 1255 1260 1468
f 1255 1468 1469
f 1255 1469 1470
f 1255 1470 1256
f 1256 1471 1472
f 1256 1472 1257
f 1256 1470 1473
f 1256 1473 1474
f 1256 1474 1471
f 1257 1472 1258
f 1258 1472 1475
f 1258 1475 1476
f 1258 1476 1261
f 1260 1467 1468
f 1261 1476 1477
f 1261 1477 1262
f 1262 1477 1478
f 1262 1478 1263
f 1263 1478 1479
f 1263 1479 1264
f 1264 1479 1266
f 1264 1266 1265
f 1266 1479 1480
f 1266 1480 1481
f 1267 1481 1482
f 1267 1482 1268
f 1268 1482 1483
f 1268 1483 1269
f 1269 1483 1272
f 1269 1272 1270
f 1272 1484 1678
f 1272 1678 1485
f 1272 1485 1280
f 1272 1280 1273
f 1272 1483 1482
f 1272 1482 1484
f 1273 1280 1274
f 1274 1280 1275
f 1277 1486 1487
f 1277 1487 1488
f 1277 1488 1279
f 1277 1279 1278
f 1277 1280 1486
f 1279 1488 1281
f 1280 1485 1486
f 1281 1488 1487
f 1281 1487 1489
f 1281 1489 1490
f 1281 1490 1282
f 1282 1287 1286
f 1282 1286 1283
f 1282 1490 1491
f 1282 1491 1288
f 1282 1288 1492
f 1282 1492 1287
f 1283 1286 1284
f 1285 1288 1493
f 1285 1493 1289
f 1287 1492 1288
f 1288 1494 1495
f 1288 1495 1289
f 1288 1289 1493
f 1288 1491 1494
f 1289 1495 1496
f 1289 1496 1497
f 1289 1497 1498
f 1289 1498 1292
f 1290 1292 1498
f 1290 1498 1497
f 1290 1497 1499
f 1290 1499 1500
f 1290 1500 1501
f 1290 1501 1291
f 1291 1501 1293
f 1293 1501 1294
f 1294 1502 1296
f 1294 1296 1295
f 1294 1501 1500
f 1294 1500 1499
f 1294 1499 1503
f 1294 1503 1504
f 1294 1504 1505
f 1294 1505 1298
f 1294 1298 1502
f 1296 1298 1297
f 1296 1502 1298
f 1298 1505 1506
f 1298 1506 1507
f 1298 1507 1299
f 1299 1507 1301
f 1301 1507 1303
f 1301 1303 1302
f 1303 1507 1508
f 1303 1508 1509
f 1303 1509 1510
f 1303 1510 1304
f 1304 1510 1305
f 1305 1308 1306
f 1305 1510 1511
f 1305 1511 1308
f 1308 1512 1310
f 1308 1310 1309
f 1308 1511 1513
f 1308 1513 1514
f 1308 1514 1512
f 1310 1512 1515
f 1310 1515 1311
f 1311 1515 1516
f 1311 1516 1517
f 1311 1517 1518
f 1311 1518 1519
f 1311 1519 1312
f 1312 1520 1521
f 1312 1519 1520
f 1314 1342 1341
f 1314 1317 1522
f 1314 1522 1523
f 1314 1523 1342
f 1315 1321 1522
f 1315 1522 1316
f 1316 1522 1317
f 1318 1524 1319
f 1319 1525 1321
f 1319 1524 1525
f 1321 1525 1526
f 1321 1526 1522
f 1323 1368 1527
f 1323 1527 1324
f 1324 1527 1528
f 1324 1528 1325
f 1325 1528 1326
f 1326 1528 1529
f 1326 1529 1530
f 1326 1530 1531
f 1326 1531 1327
f 1327 1531 1532
f 1327 1532 1533
f 1327 1533 1328
f 1328 1533 1330
f 1330 1534 1331
f 1330 1533 1534
f 1332 1534 1370
f 1334 1346 1336
f 1335 1337 1338
f 1336 1346 1337
f 1337 1346 1535
f 1337 1535 1536
f 1337 1536 1338
f 1338 1536 1537
f 1338 1537 1339
f 1339 1538 1340
f 1339 1537 1539
f 1339 1539 1538
f 1340 1538 1349
f 1342 1540 1343
f 1342 1523 1541
f 1342 1541 1542
f 1342 1542 1543
f 1342 1543 1544
f 1342 1544 1540
f 1343 1540 1545
f 1343 1545 1546
f 1343 1546 1547
f 1343 1547 1548
f 1343 1548 1344
f 1344 1549 1550
f 1344 1550 1345
f 1344 1548 1745
f 1344 1745 1549
f 1345 1550 1551
f 1346 1551 1552
f 1346 1552 1553
f 1346 1553 1535
f 1347 1554 1348
f 1347 1349 1554
f 1348 1554 1555
f 1348 1555 1556
f 1348 1556 1351
f 1349 1538 1539
f 1349 1539 1557
f 1349 1557 1558
f 1349 1558 1559
f 1349 1559 1560
f 1349 1560 1554
f 1350 1354 1355
f 1351 1556 1561
f 1351 1561 1352
f 1352 1561 1562
f 1352 1562 1354
f 1352 1354 1353
f 1354 1562 1563
f 1354 1563 1564
f 1354 1564 1565
f 1354 1565 1566
f 1354 1566 1355
f 1355 1566 1359
f 1356 1567 1358
f 1356 1358 1357
f 1356 1360 1567
f 1358 1567 1568
f 1358 1568 1361
f 1359 1566 1569
f 1359 1569 1565
f 1359 1565 1360
f 1360 1565 1570
f 1360 1570 1571
f 1360 1571 1567
f 1361 1572 1573
f 1361 1573 1362
f 1361 1568 1572
f 1362 1573 1363
f 1363 1573 1574
f 1363 1574 1575
f 1363 1575 1364
f 1364 1576 1366
f 1364 1366 1365
f 1364 1575 1577
f 1364 1577 1578
f 1364 1578 1579
f 1364 1579 1576
f 1366 1576 1367
f 1367 1576 1368
f 1368 1576 1527
f 1370 1534 1580
f 1370 1580 1371
f 1371 1581 1582
f 1371 1582 1373
f 1371 1373 1372
f 1371 1580 1583
f 1371 1583 1584
f 1371 1584 1585
f 1371 1585 1581
f 1373 1582 1586
f 1373 1586 1587
f 1373 1587 1588
f 1373 1588 1375
f 1375 1588 1378
f 1376 1589 1377
f 1376 1378 1590
f 1376 1590 1589
f 1377 1591 1592
f 1377 1592 1593
f 1377 1593 1594
f 1377 1594 1379
f 1377 1589 1595
f 1377 1595 1591
f 1378 1588 1587
f 1378 1587 1590
f 1379 1594 1596
f 1379 1596 1597
f 1379 1597 1598
f 1379 1598 1381
f 1379 1381 1599
f 1379 1599 1380
f 1380 1599 1382
f 1381 1598 1600
f 1381 1600 1383
f 1381 1382 1599
f 1383 1600 1384
f 1384 1600 1385
f 1385 1600 1601
f 1385 1601 1602
f 1385 1602 1603
f 1385 1603 1386
f 1386 1603 1387
f 1387 1603 1604
f 1387 1604 1605
f 1387 1605 1606
f 1387 1606 1607
f 1387 1607 1608
f 1387 1608 1394
f 1387 1394 1388
f 1388 1394 1389
f 1389 1394 1391
f 1389 1391 1390
f 1392 1609 1393
f 1392 1394 1609
f 1393 1609 1399
f 1393 1399 1398
f 1394 1608 1609
f 1395 1399 1411
f 1396 1410 1397
f 1397 1410 1610
f 1397 1610 1400
f 1399 1609 1611
f 1399 1611 1413
f 1399 1413 1412
f 1399 1412 1411
f 1400 1610 1410
f 1402 1612 1404
f 1402 1613 1612
f 1404 1614 1811
f 1404 1811 1615
f 1404 1615 1616
f 1404 1616 1406
f 1404 1612 1613
f 1404 1613 1416
f 1404 1416 1617
f 1404 1617 1812
f 1404 1812 1614
f 1405 1408 1418
f 1406 1616 1618
f 1406 1618 1407
f 1407 1618 1619
f 1407 1619 1620
f 1407 1620 1408
f 1408 1620 1621
f 1408 1621 1622
f 1408 1622 1418
f 1413 1611 1414
f 1414 1623 1624
f 1414 1624 1415
f 1414 1611 1623
f 1415 1625 1823
f 1415 1823 1626
f 1415 1626 1416
f 1415 1624 1821
f 1415 1821 1625
f 1416 1626 1617
f 1416 1613 1417
f 1418 1622 1420
f 1418 1420 1419
f 1420 1622 1627
f 1420 1627 1628
f 1420 1628 1423
f 1420 1423 1421
f 1423 1628 1424
f 1424 1628 1818
f 1424 1818 1629
f 1424 1629 1630
f 1424 1630 1447
f 1424 1447 1449
f 1426 1435 1434
f 1426 1434 1429
f 1426 1428 1427
f 1429 1434 1433
f 1431 1631 1432
f 1431 1438 1632
f 1431 1632 1631
f 1432 1631 1440
f 1435 1451 1633
f 1435 1633 1634
f 1435 1634 1436
f 1436 1634 1437
f 1437 1634 1439
f 1438 1439 1632
f 1439 1634 1633
f 1439 1633 1635
f 1439 1635 1636
f 1439 1636 1637
f 1439 1637 1632
f 1440 1631 1442
f 1441 1638 1639
f 1441 1639 1444
f 1441 1443 1638
f 1442 1631 1443
f 1443 1640 1638
f 1443 1631 1641
f 1443 1641 1640
f 1444 1642 1445
f 1444 1639 1642
f 1445 1642 1446
f 1446 1642 1458
f 1447 1630 1448
f 1448 1630 1643
f 1448 1643 1450
f 1450 1644 1645
f 1450 1645 1646
f 1450 1646 1647
f 1450 1643 1648
f 1450 1648 1649
f 1450 1649 1650
f 1450 1650 1644
f 1451 1647 1635
f 1451 1635 1633
f 1452 1454 1453
f 1452 1466 1651
f 1452 1651 1652
f 1452 1652 1653
f 1452 1653 1654
f 1452 1654 1655
f 1452 1655 1656
f 1452 1656 1455
f 1455 1656 1655
f 1455 1655 1456
f 1456 1655 1457
f 1457 1655 1657
f 1457 1657 1469
f 1457 1469 1468
f 1457 1468 1467
f 1458 1642 1459
f 1459 1642 1460
f 1460 1642 1461
f 1461 1642 1658
f 1461 1658 1659
f 1461 1659 1462
f 1462 1659 1660
f 1462 1660 1661
f 1462 1661 1465
f 1463 1662 1464
f 1463 1465 1663
f 1463 1663 1662
f 1464 1662 1664
f 1464 1664 1651
f 1464 1651 1466
f 1465 1661 1665
f 1465 1665 1663
f 1469 1657 1666
f 1469 1666 1473
f 1469 1473 1470
f 1471 1667 1668
f 1471 1668 1472
f 1471 1474 1669
f 1471 1669 1667
f 1472 1668 1475
f 1473 1666 1474
f 1474 1666 1669
f 1475 1668 1673
f 1475 1673 1670
f 1475 1670 1476
f 1476 1670 1477
f 1477 1671 1672
f 1477 1672 1478
f 1477 1670 1673
f 1477 1673 1671
f 1478 1480 1479
f 1478 1672 1674
f 1478 1674 1480
f 1480 1674 1675
f 1480 1675 1481
f 1481 1675 1482
f 1482 1675 1676
f 1482 1676 1677
f 1482 1677 1484
f 1484 1677 1678
f 1485 1678 1486
f 1486 1679 1487
f 1486 1678 1680
f 1486 1680 1681
f 1486 1681 1679
f 1487 1679 1490
f 1487 1490 1489
f 1490 1681 1682
f 1490 1682 1683
f 1490 1683 1491
f 1490 1679 1681
f 1491 1683 1494
f 1494 1684 1685
f 1494 1685 1495
f 1494 1683 1684
f 1495 1685 1496
f 1496 1685 1686
f 1496 1686 1687
f 1496 1687 1688
f 1496 1688 1497
f 1497 1688 1689
f 1497 1689 1499
f 1499 1689 1690
f 1499 1690 1691
f 1499 1691 1503
f 1503 1692 1693
f 1503 1693 1505
f 1503 1505 1504
f 1503 1691 1692
f 1505 1693 1692
f 1505 1692 1506
f 1506 1692 1694
f 1506 1694 1695
f 1506 1695 1696
f 1506 1696 1697
f 1506 1697 1698
f 1506 1698 1699
f 1506 1699 1507
f 1507 1699 1700
f 1507 1700 1701
f 1507 1701 1702
f 1507 1702 1508
f 1508 1702 1509
f 1509 1702 1703
f 1509 1703 1510
f 1510 1703 1513
f 1510 1513 1511
f 1512 1514 1515
f 1513 1703 1704
f 1513 1704 1514
f 1514 1704 1705
f 1514 1705 1706
f 1514 1706 1707
f 1514 1707 1515
f 1515 1707 1708
f 1515 1708 1516
f 1516 1708 1517
f 1517 1708 1518
f 1518 1708 1519
f 1519 1708 1709
f 1519 1709 1710
f 1519 1710 1711
f 1519 1711 1521
f 1519 1521 1520
f 1522 1526 1712
f 1522 1712 1713
f 1522 1713 1714
f 1522 1714 1715
f 1522 1715 1716
f 1522 1716 1523
f 1523 1716 1715
f 1523 1715 1717
f 1523 1717 1541
f 1524 1718 1526
f 1524 1526 1525
f 1526 1718 1713
f 1526 1713 1712
f 1527 1576 1528
f 1528 1719 1720
f 1528 1720 1529
f 1528 1576 1719
f 1529 1720 1721
f 1529 1721 1722
f 1529 1722 1532
f 1529 1532 1530
f 1530 1532 1531
f 1532 1722 1723
f 1532 1723 1584
f 1532 1584 1533
f 1533 1584 1534
f 1534 1584 1580
f 1535 1553 1724
f 1535 1724 1725
f 1535 1725 1536
f 1536 1725 1537
f 1537 1725 1724
f 1537 1724 1726
f 1537 1726 1727
f 1537 1727 1728
f 1537 1728 1539
f 1539 1728 1729
f 1539 1729 1730
f 1539 1730 1557
f 1540 1544 1731
f 1540 1731 1732
f 1540 1732 1739
f 1540 1739 1545
f 1541 1717 1733
f 1541 1733 1734
f 1541 1734 1542
f 1542 1734 1735
f 1542 1735 1544
f 1542 1544 1543
f 1544 1735 1736
f 1544 1736 1737
f 1544 1737 1738
f 1544 1738 1731
f 1545 1739 1740
f 1545 1740 1546
f 1546 1740 1741
f 1546 1741 1742
f 1546 1742 1743
f 1546 1743 1744
f 1546 1744 1745
f 1546 1745 1547
f 1547 1745 1548
f 1549 1746 1552
f 1549 1552 1550
f 1549 1745 1746
f 1550 1552 1551
f 1552 1747 1553
f 1552 1746 1748
f 1552 1748 1747
f 1553 1747 1724
f 1554 1560 1749
f 1554 1749 1555
f 1555 1749 1750
f 1555 1750 1561
f 1555 1561 1556
f 1557 1751 1752
f 1557 1752 1753
f 1557 1753 1559
f 1557 1559 1558
f 1557 1730 1751
f 1559 1753 1754
f 1559 1754 1755
f 1559 1755 1560
f 1560 1755 1756
f 1560 1756 1750
f 1560 1750 1749
f 1561 1750 1757
f 1561 1757 1562
f 1562 1757 1563
f 1563 1758 1759
f 1563 1759 1760
f 1563 1760 1564
f 1563 1757 1761
f 1563 1761 1758
f 1564 1760 1565
f 1565 1762 1763
f 1565 1763 1764
f 1565 1764 1570
f 1565 1569 1566
f 1565 1760 1759
f 1565 1759 1762
f 1567 1571 1568
f 1568 1571 1765
f 1568 1765 1766
f 1568 1766 1767
f 1568 1767 1572
f 1570 1764 1763
f 1570 1763 1768
f 1570 1768 1769
f 1570 1769 1765
f 1570 1765 1571
f 1572 1770 1771
f 1572 1771 1573
f 1572 1767 1772
f 1572 1772 1770
f 1573 1771 1574
f 1574 1771 1773
f 1574 1773 1774
f 1574 1774 1775
f 1574 1775 1575
f 1575 1775 1776
f 1575 1776 1577
f 1576 1579 1719
f 1577 1776 1777
f 1577 1777 1778
f 1577 1778 1779
f 1577 1779 1578
f 1578 1779 1579
f 1579 1779 1780
f 1579 1780 1781
f 1579 1781 1720
f 1579 1720 1719
f 1580 1584 1583
f 1581 1782 1783
f 1581 1783 1784
f 1581 1784 1785
f 1581 1785 1786
f 1581 1786 1582
f 1581 1585 1787
f 1581 1787 1788
f 1581 1788 1789
f 1581 1789 1782
f 1582 1786 1790
f 1582 1790 1586
f 1584 1723 1585
f 1585 1723 1787
f 1586 1790 1791
f 1586 1791 1587
f 1587 1791 1792
f 1587 1792 1590
f 1589 1590 1792
f 1589 1792 1595
f 1591 1793 1794
f 1591 1794 1795
f 1591 1795 1593
f 1591 1593 1592
f 1591 1595 1791
f 1591 1791 1793
f 1593 1795 1796
f 1593 1796 1797
f 1593 1797 1594
f 1594 1797 1596
f 1595 1792 1791
f 1596 1797 1600
f 1596 1600 1598
f 1596 1598 1597
f 1600 1797 1601
f 1601 1606 1798
f 1601 1798 1602
f 1601 1797 1796
f 1601 1796 1606
f 1602 1798 1603
f 1603 1798 1604
f 1604 1798 1605
f 1605 1798 1606
f 1606 1799 1800
f 1606 1800 1801
f 1606 1801 1607
f 1606 1796 1799
f 1607 1801 1802
f 1607 1802 1608
f 1608 1802 1803
f 1608 1803 1804
f 1608 1804 1609
f 1609 1804 1611
f 1611 1804 1803
f 1611 1803 1805
f 1611 1805 1998
f 1611 1998 1806
f 1611 1806 1807
f 1611 1807 1808
f 1611 1808 1809
f 1611 1809 1623
f 1614 1810 2004
f 1614 2004 1811
f 1614 1812 2005
f 1614 2005 1810
f 1615 1811 1813
f 1615 1813 1817
f 1615 1817 1814
f 1615 1814 1616
f 1616 1814 1618
f 1617 1626 1823
f 1617 1823 1812
f 1618 1814 1817
f 1618 1817 1619
f 1619 1815 1816
f 1619 1816 1620
f 1619 1817 1815
f 1620 1816 1621
f 1621 1816 1818
f 1621 1818 1628
f 1621 1628 1622
f 1622 1628 1627
f 1623 1809 1808
f 1623 1808 1624
f 1624 1808 1807
f 1624 1807 1819
f 1624 1819 1820
f 1624 1820 1821
f 1625 1821 2016
f 1625 2016 1822
f 1625 1822 2019
f 1625 2019 1823
f 1629 1824 1630
f 1629 1818 1825
f 1629 1825 2020
f 1629 2020 1826
f 1629 1826 1827
f 1629 1827 1824
f 1630 1827 1648
f 1630 1648 1643
f 1630 1824 1827
f 1631 1632 1637
f 1631 1637 1641
f 1635 1647 1636
f 1636 1828 1829
f 1636 1829 1637
f 1636 1647 1830
f 1636 1830 1828
f 1637 1829 1641
f 1638 1831 1639
f 1638 1640 1831
f 1639 1831 1832
f 1639 1832 1642
f 1640 1641 1833
f 1640 1833 1834
f 1640 1834 1835
f 1640 1835 1836
f 1640 1836 1831
f 1641 1829 1833
f 1642 1832 1658
f 1644 1650 1645
f 1645 1650 1837
f 1645 1837 1646
f 1646 1838 1839
f 1646 1839 1647
f 1646 1837 1838
f 1647 1839 1830
f 1648 1827 1649
f 1649 1827 1650
f 1650 1827 1837
f 1651 1664 1840
f 1651 1840 1841
f 1651 1841 1842
f 1651 1842 1843
f 1651 1843 1652
f 1652 1843 1844
f 1652 1844 1653
f 1653 1844 1654
f 1654 1844 1845
f 1654 1845 1846
f 1654 1846 1847
f 1654 1847 1655
f 1655 1847 1657
f 1657 1848 1666
f 1657 1847 1849
f 1657 1849 1850
f 1657 1850 1848
f 1658 1851 1659
f 1658 1832 1852
f 1658 1852 1851
f 1659 1851 1660
f 1660 1851 1853
f 1660 1853 1661
f 1661 1854 1855
f 1661 1855 1665
f 1661 1853 1856
f 1661 1856 1857
f 1661 1857 1854
f 1662 1663 1858
f 1662 1858 1859
f 1662 1859 1840
f 1662 1840 1664
f 1663 1665 1858
f 1665 1855 1858
f 1666 1848 1860
f 1666 1860 1861
f 1666 1861 1669
f 1667 1862 1863
f 1667 1863 1864
f 1667 1864 1668
f 1667 1669 1865
f 1667 1865 1862
f 1668 1864 1673
f 1669 1861 1866
f 1669 1866 1865
f 1671 1867 1868
f 1671 1868 1869
f 1671 1869 1870
f 1671 1870 1672
f 1671 1673 1871
f 1671 1871 1872
f 1671 1872 1873
f 1671 1873 1874
f 1671 1874 1867
f 1672 1870 1875
f 1672 1875 1674
f 1673 1864 1871
f 1674 1876 1877
f 1674 1877 1878
f 1674 1878 1676
f 1674 1676 1675
f 1674 1875 1876
f 1676 1878 1879
f 1676 1879 1880
f 1676 1880 1881
f 1676 1881 1882
f 1676 1882 1678
f 1676 1678 1677
f 1678 1882 1883
f 1678 1883 1680
f 1680 1883 1884
f 1680 1884 1681
f 1681 1884 1885
f 1681 1885 1682
f 1682 1885 1683
f 1683 1885 1886
f 1683 1886 1887
f 1683 1887 1888
f 1683 1888 1684
f 1684 1888 2075
f 1684 2075 1889
f 1684 1889 1890
f 1684 1890 1685
f 1685 1890 1889
f 1685 1889 1891
f 1685 1891 1892
f 1685 1892 1686
f 1686 1892 1687
f 1687 1892 1893
f 1687 1893 1894
f 1687 1894 1689
f 1687 1689 1688
f 1689 1894 1690
f 1690 1894 1895
f 1690 1895 1695
f 1690 1695 1694
f 1690 1694 1692
f 1690 1692 1691
f 1695 1895 1896
f 1695 1896 1696
f 1696 1896 1897
f 1696 1897 1898
f 1696 1898 1697
f 1697 1898 1698
f 1698 1898 1899
f 1698 1899 1900
f 1698 1900 1901
f 1698 1901 1902
f 1698 1902 1903
f 1698 1903 1699
f 1699 1903 1700
f 1700 1903 1701
f 1701 1903 1904
f 1701 1904 1702
f 1702 1904 1905
f 1702 1905 1703
f 1703 1906 1907
f 1703 1907 1705
f 1703 1705 1704
f 1703 1905 1904
f 1703 1904 1906
f 1705 1907 1908
f 1705 1908 1909
f 1705 1909 1910
f 1705 1910 1911
f 1705 1911 1706
f 1706 1911 1709
f 1706 1709 1707
f 1707 1709 1708
f 1709 1912 1710
f 1709 1911 1910
f 1709 1910 1913
f 1709 1913 2095
f 1709 2095 1912
f 1710 1912 1711
f 1711 1912 1914
f 1713 1718 1915
f 1713 1915 1714
f 1714 1916 1917
f 1714 1917 1918
f 1714 1918 1736
f 1714 1736 1919
f 1714 1919 1715
f 1715 1919 1717
f 1717 1919 1733
f 1720 1781 1721
f 1721 1781 1780
f 1721 1780 1779
f 1721 1779 1778
f 1721 1778 1920
f 1721 1920 1921
f 1721 1921 1922
f 1721 1922 1923
f 1721 1923 1723
f 1721 1723 1722
f 1723 1923 1924
f 1723 1924 1787
f 1724 1747 1925
f 1724 1925 1926
f 1724 1926 1927
f 1724 1927 1928
f 1724 1928 1726
f 1726 1928 1929
f 1726 1929 1930
f 1726 1930 1727
f 1727 1930 1931
f 1727 1931 1932
f 1727 1932 1933
f 1727 1933 1728
f 1728 1933 1934
f 1728 1934 1729
f 1729 1934 1730
f 1730 1934 1752
f 1730 1752 1751
f 1731 1738 1935
f 1731 1935 1739
f 1731 1739 1732
f 1733 1919 1734
f 1734 1919 1736
f 1734 1736 1735
f 1736 1918 1936
f 1736 1936 1937
f 1736 1937 1938
f 1736 1938 1737
f 1737 1938 1939
f 1737 1939 1738
f 1738 1940 1941
f 1738 1941 1942
f 1738 1942 1943
f 1738 1943 1935
f 1738 1939 1940
f 1739 1935 1944
f 1739 1944 1740
f 1740 1944 1935
f 1740 1935 1943
f 1740 1943 1741
f 1741 1943 1942
f 1741 1942 1941
f 1741 1941 1940
f 1741 1940 1945
f 1741 1945 1742
f 1742 1946 1743
f 1742 1945 1946
f 1743 1946 1947
f 1743 1947 1948
f 1743 1948 1949
f 1743 1949 1744
f 1744 1949 1748
f 1744 1748 1745
f 1745 1748 1746
f 1747 1748 1926
f 1747 1926 1925
f 1748 1949 1926
f 1750 1756 1757
f 1752 1754 1753
f 1752 1934 1950
f 1752 1950 1754
f 1754 1951 1952
f 1754 1952 1953
f 1754 1953 1954
f 1754 1954 1756
f 1754 1756 1755
f 1754 1950 1951
f 1756 1955 1757
f 1756 1954 1955
f 1757 1955 1761
f 1758 1956 1759
f 1758 1761 1957
f 1758 1957 2137
f 1758 2137 1956
f 1759 1956 1958
f 1759 1958 1762
f 1761 1955 1959
f 1761 1959 2138
f 1761 2138 1957
f 1762 1958 1763
f 1763 1958 1956
f 1763 1956 1960
f 1763 1960 1768
f 1765 1961 1772
f 1765 1772 1766
f 1765 1769 1962
f 1765 1962 1961
f 1766 1772 1767
f 1768 1960 1963
f 1768 1963 1964
f 1768 1964 1962
f 1768 1962 1769
f 1770 1772 1771
f 1771 1965 1966
f 1771 1966 1967
f 1771 1967 1968
f 1771 1968 1969
f 1771 1969 1773
f 1771 1772 1970
f 1771 1970 1971
f 1771 1971 1965
f 1772 1961 1970
f 1773 1972 1973
f 1773 1973 1776
f 1773 1776 1774
f 1773 1969 1972
f 1774 1776 1775
f 1776 1973 1777
f 1777 1974 1975
f 1777 1975 1976
f 1777 1976 1977
f 1777 1977 1920
f 1777 1920 1778
f 1777 1973 1978
f 1777 1978 1974
f 1782 1979 1783
f 1782 1789 1980
f 1782 1980 1981
f 1782 1981 1982
f 1782 1982 1979
f 1783 1979 1983
f 1783 1983 1984
f 1783 1984 1784
f 1784 1984 1983
f 1784 1983 1985
f 1784 1985 1986
f 1784 1986 1790
f 1784 1790 1785
f 1785 1790 1786
f 1787 1924 1788
f 1788 1924 1980
f 1788 1980 1789
f 1790 1986 1987
f 1790 1987 1988
f 1790 1988 1989
f 1790 1989 1791
f 1791 1989 1793
f 1793 1990 1794
f 1793 1989 1990
f 1794 1990 1795
f 1795 1990 1991
f 1795 1991 1992
f 1795 1992 1993
f 1795 1993 1796
f 1796 1993 1799
f 1799 1993 1992
f 1799 1992 1994
f 1799 1994 1995
f 1799 1995 1996
f 1799 1996 1800
f 1800 1996 1802
f 1800 1802 1801
f 1802 1996 1997
f 1802 1997 1998
f 1802 1998 1805
f 1802 1805 1803
f 1806 1998 2183
f 1806 2183 1999
f 1806 1999 1820
f 1806 1820 1819
f 1806 1819 1807
f 1810 2000 2184
f 1810 2184 2001
f 1810 2001 2002
f 1810 2002 2003
f 1810 2003 2004
f 1810 2005 2006
f 1810 2006 2000
f 1811 2004 1813
f 1812 1823 2019
f 1812 2019 2005
f 1813 2004 2007
f 1813 2007 2008
f 1813 2008 1817
f 1815 2009 1816
f 1815 1817 2008
f 1815 2008 2010
f 1815 2010 2196
f 1815 2196 2011
f 1815 2011 2009
f 1816 2009 1818
f 1818 2009 2012
f 1818 2012 2013
f 1818 2013 2014
f 1818 2014 2015
f 1818 2015 1825
f 1820 2016 1821
f 1820 1999 2017
f 1820 2017 2016
f 1822 2016 2018
f 1822 2018 2006
f 1822 2006 2019
f 1825 2015 2020
f 1826 2021 2022
f 1826 2022 2023
f 1826 2023 1827
f 1826 2020 2021
f 1827 2023 1838
f 1827 1838 2024
f 1827 2024 1837
f 1828 1830 1829
f 1829 2025 1834
f 1829 1834 1833
f 1829 1830 2026
f 1829 2026 2027
f 1829 2027 2028
f 1829 2028 2025
f 1830 1839 1838
f 1830 1838 2029
f 1830 2029 2030
f 1830 2030 2026
f 1831 1836 2031
f 1831 2031 1852
f 1831 1852 1832
f 1834 2025 2032
f 1834 2032 1835
f 1835 2031 1836
f 1835 2032 2031
f 1837 2024 1838
f 1838 2023 2022
f 1838 2022 2029
f 1840 1859 2033
f 1840 2033 1841
f 1841 2033 2220
f 1841 2220 2034
f 1841 2034 2035
f 1841 2035 1842
f 1842 2035 1843
f 1843 2035 2036
f 1843 2036 2037
f 1843 2037 1845
f 1843 1845 1844
f 1845 2037 2038
f 1845 2038 1850
f 1845 1850 1846
f 1846 1850 1849
f 1846 1849 1847
f 1848 1850 1860
f 1850 2038 1860
f 1851 1852 2039
f 1851 2039 1853
f 1852 2031 2039
f 1853 2039 2040
f 1853 2040 1856
f 1854 1857 2044
f 1854 2044 2041
f 1854 2041 2042
f 1854 2042 2043
f 1854 2043 1855
f 1855 2043 1858
f 1856 2040 1857
f 1857 2040 2045
f 1857 2045 2044
f 1858 2043 2046
f 1858 2046 1859
f 1859 2047 2220
f 1859 2220 2033
f 1859 2046 2047
f 1860 2048 2049
f 1860 2049 1866
f 1860 1866 1861
f 1860 2038 2050
f 1860 2050 2051
f 1860 2051 2048
f 1862 2052 2053
f 1862 2053 2054
f 1862 2054 1863
f 1862 1865 2052
f 1863 2054 1873
f 1863 1873 1872
f 1863 1872 1864
f 1864 1872 1871
f 1865 1866 2049
f 1865 2049 2055
f 1865 2055 2052
f 1867 2056 2057
f 1867 2057 1868
f 1867 1874 2056
f 1868 2057 2058
f 1868 2058 2059
f 1868 2059 1869
f 1869 2059 2060
f 1869 2060 2061
f 1869 2061 1870
f 1870 2061 1875
f 1873 2054 1874
f 1874 2054 2062
f 1874 2062 2063
f 1874 2063 2244
f 1874 2244 2056
f 1875 2061 1876
f 1876 2061 1877
f 1877 2061 1880
f 1877 1880 1878
f 1878 1880 1879
f 1880 2061 2064
f 1880 2064 1881
f 1881 1883 1882
f 1881 2064 2065
f 1881 2065 2066
f 1881 2066 2067
f 1881 2067 2068
f 1881 2068 1883
f 1883 2068 2069
f 1883 2069 2070
f 1883 2070 1885
f 1883 1885 1884
f 1885 2070 1886
f 1886 2070 1887
f 1887 2071 2073
f 1887 2073 1888
f 1887 2070 2072
f 1887 2072 2071
f 1888 2073 2074
f 1888 2074 2075
f 1889 2075 2076
f 1889 2076 2077
f 1889 2077 1891
f 1891 2077 2076
f 1891 2076 1892
f 1892 2076 1893
f 1893 2076 2078
f 1893 2078 2079
f 1893 2079 2080
f 1893 2080 1894
f 1894 2080 1895
f 1895 2080 1897
f 1895 1897 1896
f 1897 2080 2079
f 1897 2079 2081
f 1897 2081 2082
f 1897 2082 2083
f 1897 2083 2084
f 1897 2084 2085
f 1897 2085 2086
f 1897 2086 2087
f 1897 2087 1898
f 1898 2087 2086
f 1898 2086 1899
f 1899 2085 1900
f 1899 2086 2085
f 1900 2085 1901
f 1901 2088 2089
f 1901 2089 1902
f 1901 2085 2088
f 1902 2089 1906
f 1902 1906 1903
f 1903 1906 1904
f 1906 2090 1908
f 1906 1908 1907
f 1906 2089 2090
f 1908 2090 2091
f 1908 2091 1909
f 1909 2092 2093
f 1909 2093 1910
f 1909 2091 2092
f 1910 2093 2094
f 1910 2094 1913
f 1912 2095 2100
f 1912 2100 1914
f 1913 2094 2096
f 1913 2096 2097
f 1913 2097 2098
f 1913 2098 2099
f 1913 2099 2095
f 1916 2101 1917
f 1917 2101 2102
f 1917 2102 2103
f 1917 2103 1918
f 1918 2103 2104
f 1918 2104 1936
f 1920 1977 2105
f 1920 2105 1921
f 1921 2105 2289
f 1921 2289 2106
f 1921 2106 1981
f 1921 1981 1922
f 1922 1981 1923
f 1923 1981 1924
f 1924 1981 1980
f 1926 1949 2107
f 1926 2107 1927
f 1927 2107 2108
f 1927 2108 2109
f 1927 2109 2110
f 1927 2110 1929
f 1927 1929 1928
f 1929 2111 1930
f 1929 2110 2112
f 1929 2112 2291
f 1929 2291 2111
f 1930 2111 1931
f 1931 2111 2113
f 1931 2113 1932
f 1932 2113 2114
f 1932 2114 2115
f 1932 2115 2116
f 1932 2116 1933
f 1933 2117 1934
f 1933 2116 2117
f 1934 2117 1950
f 1936 2104 1937
f 1937 2104 2118
f 1937 2118 1938
f 1938 2119 1939
f 1938 2118 2120
f 1938 2120 2121
f 1938 2121 2119
f 1939 2119 2122
f 1939 2122 2123
f 1939 2123 2124
f 1939 2124 1940
f 1940 2124 2123
f 1940 2123 2125
f 1940 2125 2126
f 1940 2126 1945
f 1945 2126 2127
f 1945 2127 2128
f 1945 2128 1946
f 1946 2128 1947
f 1947 2128 2129
f 1947 2129 2130
f 1947 2130 2131
f 1947 2131 2108
f 1947 2108 2107
f 1947 2107 1948
f 1948 2107 1949
f 1950 2117 1952
f 1950 1952 1951
f 1952 2117 2132
f 1952 2132 1953
f 1953 2133 2134
f 1953 2134 1955
f 1953 1955 1954
f 1953 2132 2135
f 1953 2135 2136
f 1953 2136 2133
f 1955 2134 1959
f 1956 2137 1960
f 1957 2138 2139
f 1957 2139 2140
f 1957 2140 2137
f 1959 2134 2138
f 1960 2137 2314
f 1960 2314 2141
f 1960 2141 2142
f 1960 2142 2143
f 1960 2143 1963
f 1961 2144 2145
f 1961 2145 2146
f 1961 2146 1970
f 1961 1962 2147
f 1961 2147 2148
f 1961 2148 2149
f 1961 2149 2150
f 1961 2150 2151
f 1961 2151 2144
f 1962 1964 2152
f 1962 2152 2153
f 1962 2153 2147
f 1963 2143 2154
f 1963 2154 1964
f 1964 2154 2152
f 1965 1971 1966
f 1966 2155 1967
f 1966 1971 2156
f 1966 2156 2333
f 1966 2333 2155
f 1967 2155 1968
f 1968 2155 2157
f 1968 2157 1972
f 1968 1972 1969
f 1970 2146 1971
f 1971 2146 2145
f 1971 2145 2158
f 1971 2158 2156
f 1972 1978 1973
f 1972 2157 2159
f 1972 2159 2160
f 1972 2160 2161
f 1972 2161 1975
f 1972 1975 1974
f 1972 1974 1978
f 1975 2161 2162
f 1975 2162 2163
f 1975 2163 1976
f 1976 2163 2164
f 1976 2164 2165
f 1976 2165 2105
f 1976 2105 1977
f 1979 2166 2167
f 1979 2167 1983
f 1979 1982 2166
f 1981 2106 2168
f 1981 2168 1982
f 1982 2168 2346
f 1982 2346 2169
f 1982 2169 2343
f 1982 2343 2166
f 1983 2167 2170
f 1983 2170 2171
f 1983 2171 2172
f 1983 2172 1985
f 1985 2172 1987
f 1985 1987 1986
f 1987 2172 1990
f 1987 1990 1988
f 1988 1990 1989
f 1990 2173 1991
f 1990 2172 2173
f 1991 2173 2174
f 1991 2174 2175
f 1991 2175 1992
f 1992 2176 2177
f 1992 2177 1994
f 1992 2175 2176
f 1994 2177 1995
f 1995 2178 2179
f 1995 2179 2180
f 1995 2180 1996
f 1995 2177 2178
f 1996 2180 1997
f 1997 2180 2179
f 1997 2179 2181
f 1997 2181 1998
f 1998 2181 2182
f 1998 2182 2183
f 1999 2183 2206
f 1999 2206 2017
f 2000 2006 2185
f 2000 2185 2184
f 2001 2186 2002
f 2001 2184 2186
f 2002 2186 2361
f 2002 2361 2187
f 2002 2187 2365
f 2002 2365 2188
f 2002 2188 2189
f 2002 2189 2190
f 2002 2190 2003
f 2003 2190 2007
f 2003 2007 2004
f 2005 2019 2006
f 2006 2018 2191
f 2006 2191 2192
f 2006 2192 2185
f 2007 2190 2189
f 2007 2189 2193
f 2007 2193 2194
f 2007 2194 2010
f 2007 2010 2008
f 2009 2011 2195
f 2009 2195 2012
f 2010 2194 2196
f 2011 2196 2197
f 2011 2197 2198
f 2011 2198 2199
f 2011 2199 2200
f 2011 2200 2014
f 2011 2014 2201
f 2011 2201 2195
f 2012 2014 2013
f 2012 2195 2014
f 2014 2195 2201
f 2014 2200 2015
f 2015 2200 2202
f 2015 2202 2022
f 2015 2022 2020
f 2016 2203 2204
f 2016 2204 2379
f 2016 2379 2205
f 2016 2205 2207
f 2016 2207 2018
f 2016 2017 2203
f 2017 2206 2377
f 2017 2377 2204
f 2017 2204 2203
f 2018 2207 2191
f 2020 2022 2021
f 2022 2202 2208
f 2022 2208 2209
f 2022 2209 2210
f 2022 2210 2029
f 2025 2028 2032
f 2026 2211 2028
f 2026 2028 2027
f 2026 2030 2212
f 2026 2212 2211
f 2028 2211 2382
f 2028 2382 2213
f 2028 2213 2214
f 2028 2214 2032
f 2029 2215 2030
f 2029 2210 2216
f 2029 2216 2215
f 2030 2215 2217
f 2030 2217 2212
f 2031 2032 2214
f 2031 2214 2218
f 2031 2218 2219
f 2031 2219 2039
f 2034 2221 2222
f 2034 2222 2035
f 2034 2220 2231
f 2034 2231 2221
f 2035 2222 2036
f 2036 2222 2223
f 2036 2223 2037
f 2037 2050 2038
f 2037 2223 2224
f 2037 2224 2050
f 2039 2219 2225
f 2039 2225 2040
f 2040 2225 2045
f 2041 2044 2226
f 2041 2226 2227
f 2041 2227 2228
f 2041 2228 2042
f 2042 2228 2047
f 2042 2047 2046
f 2042 2046 2043
f 2044 2045 2229
f 2044 2229 2226
f 2045 2225 2229
f 2047 2230 2393
f 2047 2393 2231
f 2047 2231 2220
f 2047 2228 2230
f 2048 2232 2049
f 2048 2051 2232
f 2049 2232 2233
f 2049 2233 2234
f 2049 2234 2052
f 2049 2052 2055
f 2050 2224 2051
f 2051 2235 2236
f 2051 2236 2237
f 2051 2237 2233
f 2051 2233 2232
f 2051 2224 2238
f 2051 2238 2239
f 2051 2239 2240
f 2051 2240 2241
f 2051 2241 2235
f 2052 2242 2243
f 2052 2243 2053
f 2052 2234 2242
f 2053 2243 2062
f 2053 2062 2054
f 2056 2244 2245
f 2056 2245 2057
f 2057 2245 2246
f 2057 2246 2058
f 2058 2246 2416
f 2058 2416 2247
f 2058 2247 2059
f 2059 2247 2248
f 2059 2248 2060
f 2060 2248 2249
f 2060 2249 2064
f 2060 2064 2061
f 2062 2250 2252
f 2062 2252 2063
f 2062 2243 2251
f 2062 2251 2250
f 2063 2252 2253
f 2063 2253 2244
f 2064 2249 2065
f 2065 2249 2248
f 2065 2248 2247
f 2065 2247 2254
f 2065 2254 2066
f 2066 2255 2067
f 2066 2254 2256
f 2066 2256 2257
f 2066 2257 2258
f 2066 2258 2427
f 2066 2427 2259
f 2066 2259 2260
f 2066 2260 2261
f 2066 2261 2262
f 2066 2262 2072
f 2066 2072 2255
f 2067 2255 2069
f 2067 2069 2068
f 2069 2072 2070
f 2069 2255 2072
f 2071 2072 2263
f 2071 2263 2264
f 2071 2264 2073
f 2072 2262 2263
f 2073 2264 2074
f 2074 2264 2075
f 2075 2265 2266
f 2075 2266 2076
f 2075 2264 2265
f 2076 2266 2267
f 2076 2267 2083
f 2076 2083 2082
f 2076 2082 2078
f 2078 2082 2081
f 2078 2081 2268
f 2078 2268 2079
f 2079 2268 2081
f 2083 2269 2270
f 2083 2270 2084
f 2083 2267 2271
f 2083 2271 2269
f 2084 2270 2085
f 2085 2272 2273
f 2085 2273 2088
f 2085 2270 2272
f 2088 2273 2274
f 2088 2274 2089
f 2089 2274 2275
f 2089 2275 2276
f 2089 2276 2090
f 2090 2276 2091
f 2091 2276 2277
f 2091 2277 2278
f 2091 2278 2092
f 2092 2278 2279
f 2092 2279 2280
f 2092 2280 2093
f 2093 2280 2096
f 2093 2096 2094
f 2095 2099 2100
f 2096 2280 2281
f 2096 2281 2282
f 2096 2282 2454
f 2096 2454 2283
f 2096 2283 2284
f 2096 2284 2097
f 2097 2284 2285
f 2097 2285 2286
f 2097 2286 2098
f 2098 2286 2099
f 2103 2287 2104
f 2104 2287 2118
f 2105 2165 2288
f 2105 2288 2289
f 2106 2289 2346
f 2106 2346 2168
f 2108 2290 2109
f 2108 2131 2290
f 2109 2290 2110
f 2110 2290 2112
f 2111 2291 2113
f 2112 2290 2456
f 2112 2456 2291
f 2113 2291 2292
f 2113 2292 2114
f 2114 2292 2293
f 2114 2293 2294
f 2114 2294 2115
f 2115 2295 2116
f 2115 2294 2293
f 2115 2293 2295
f 2116 2295 2296
f 2116 2296 2297
f 2116 2297 2136
f 2116 2136 2298
f 2116 2298 2117
f 2117 2298 2132
f 2118 2287 2120
f 2119 2121 2299
f 2119 2299 2300
f 2119 2300 2122
f 2120 2301 2302
f 2120 2302 2303
f 2120 2303 2299
f 2120 2299 2121
f 2122 2300 2123
f 2123 2300 2304
f 2123 2304 2305
f 2123 2305 2306
f 2123 2306 2125
f 2125 2306 2307
f 2125 2307 2128
f 2125 2128 2127
f 2125 2127 2126
f 2128 2307 2308
f 2128 2308 2129
f 2129 2308 2130
f 2130 2308 2309
f 2130 2309 2131
f 2131 2309 2310
f 2131 2310 2290
f 2132 2298 2135
f 2133 2311 2134
f 2133 2136 2311
f 2134 2312 2139
f 2134 2139 2138
f 2134 2311 2313
f 2134 2313 2312
f 2135 2298 2136
f 2136 2297 2311
f 2137 2140 2139
f 2137 2139 2314
f 2139 2312 2482
f 2139 2482 2314
f 2141 2314 2315
f 2141 2315 2142
f 2142 2316 2317
f 2142 2317 2143
f 2142 2315 2318
f 2142 2318 2319
f 2142 2319 2320
f 2142 2320 2316
f 2143 2317 2154
f 2144 2321 2323
f 2144 2323 2145
f 2144 2151 2322
f 2144 2322 2321
f 2145 2323 2158
f 2147 2153 2148
f 2148 2153 2324
f 2148 2324 2149
f 2149 2324 2150
f 2150 2324 2325
f 2150 2325 2151
f 2151 2325 2326
f 2151 2326 2322
f 2152 2327 2328
f 2152 2328 2153
f 2152 2154 2329
f 2152 2329 2327
f 2153 2328 2327
f 2153 2327 2324
f 2154 2317 2316
f 2154 2316 2329
f 2155 2330 2331
f 2155 2331 2332
f 2155 2332 2157
f 2155 2333 2323
f 2155 2323 2334
f 2155 2334 2330
f 2156 2158 2333
f 2157 2332 2159
f 2158 2323 2333
f 2159 2335 2160
f 2159 2332 2335
f 2160 2335 2336
f 2160 2336 2337
f 2160 2337 2161
f 2161 2337 2514
f 2161 2514 2338
f 2161 2338 2162
f 2162 2338 2339
f 2162 2339 2340
f 2162 2340 2164
f 2162 2164 2163
f 2164 2340 2518
f 2164 2518 2341
f 2164 2341 2342
f 2164 2342 2288
f 2164 2288 2165
f 2166 2343 2167
f 2167 2343 2344
f 2167 2344 2524
f 2167 2524 2345
f 2167 2345 2174
f 2167 2174 2170
f 2169 2346 2288
f 2169 2288 2347
f 2169 2347 2342
f 2169 2342 2348
f 2169 2348 2349
f 2169 2349 2350
f 2169 2350 2351
f 2169 2351 2343
f 2170 2174 2171
f 2171 2174 2172
f 2172 2174 2173
f 2174 2345 2352
f 2174 2352 2353
f 2174 2353 2354
f 2174 2354 2175
f 2175 2354 2355
f 2175 2355 2176
f 2176 2355 2356
f 2176 2356 2177
f 2177 2356 2178
f 2178 2356 2179
f 2179 2357 2358
f 2179 2358 2182
f 2179 2182 2181
f 2179 2356 2357
f 2182 2358 2183
f 2183 2358 2359
f 2183 2359 2206
f 2184 2360 2361
f 2184 2361 2186
f 2184 2185 2192
f 2184 2192 2191
f 2184 2191 2362
f 2184 2362 2363
f 2184 2363 2360
f 2187 2361 2360
f 2187 2360 2364
f 2187 2364 2544
f 2187 2544 2365
f 2188 2365 2545
f 2188 2545 2366
f 2188 2366 2367
f 2188 2367 2189
f 2189 2367 2193
f 2191 2207 2368
f 2191 2368 2548
f 2191 2548 2369
f 2191 2369 2362
f 2193 2367 2547
f 2193 2547 2370
f 2193 2370 2194
f 2194 2370 2371
f 2194 2371 2196
f 2196 2371 2372
f 2196 2372 2373
f 2196 2373 2197
f 2197 2374 2375
f 2197 2375 2198
f 2197 2373 2374
f 2198 2375 2376
f 2198 2376 2199
f 2199 2376 2202
f 2199 2202 2200
f 2202 2376 2208
f 2204 2377 2378
f 2204 2378 2379
f 2205 2380 2381
f 2205 2381 2207
f 2205 2379 2380
f 2206 2359 2377
f 2207 2381 2368
f 2208 2376 2209
f 2209 2216 2210
f 2209 2376 2375
f 2209 2375 2216
f 2211 2212 2382
f 2212 2217 2383
f 2212 2383 2384
f 2212 2384 2385
f 2212 2385 2386
f 2212 2386 2387
f 2212 2387 2382
f 2213 2382 2388
f 2213 2388 2214
f 2214 2389 2390
f 2214 2390 2218
f 2214 2388 2389
f 2215 2216 2217
f 2216 2391 2217
f 2216 2375 2374
f 2216 2374 2391
f 2217 2391 2383
f 2218 2390 2219
f 2219 2390 2392
f 2219 2392 2225
f 2221 2231 2393
f 2221 2393 2394
f 2221 2394 2222
f 2222 2239 2238
f 2222 2238 2223
f 2222 2394 2395
f 2222 2395 2239
f 2223 2238 2224
f 2225 2396 2229
f 2225 2392 2397
f 2225 2397 2396
f 2226 2398 2576
f 2226 2576 2399
f 2226 2399 2227
f 2226 2229 2400
f 2226 2400 2401
f 2226 2401 2577
f 2226 2577 2398
f 2227 2399 2404
f 2227 2404 2228
f 2228 2402 2403
f 2228 2403 2230
f 2228 2404 2402
f 2229 2396 2400
f 2230 2403 2393
f 2233 2237 2234
f 2234 2237 2405
f 2234 2405 2242
f 2235 2406 2236
f 2235 2241 2407
f 2235 2407 2406
f 2236 2406 2408
f 2236 2408 2409
f 2236 2409 2237
f 2237 2409 2405
f 2239 2395 2410
f 2239 2410 2240
f 2240 2410 2241
f 2241 2410 2411
f 2241 2411 2412
f 2241 2412 2407
f 2242 2405 2243
f 2243 2405 2413
f 2243 2413 2251
f 2244 2253 2245
f 2245 2253 2414
f 2245 2414 2246
f 2246 2415 2416
f 2246 2414 2415
f 2247 2416 2257
f 2247 2257 2256
f 2247 2256 2254
f 2250 2417 2420
f 2250 2420 2252
f 2250 2251 2417
f 2251 2413 2418
f 2251 2418 2419
f 2251 2419 2417
f 2252 2420 2253
f 2253 2420 2421
f 2253 2421 2422
f 2253 2422 2423
f 2253 2423 2414
f 2257 2424 2425
f 2257 2425 2426
f 2257 2426 2258
f 2257 2416 2424
f 2258 2426 2427
f 2259 2427 2613
f 2259 2613 2428
f 2259 2428 2261
f 2259 2261 2260
f 2261 2428 2429
f 2261 2429 2263
f 2261 2263 2262
f 2263 2429 2264
f 2264 2429 2430
f 2264 2430 2431
f 2264 2431 2432
f 2264 2432 2265
f 2265 2432 2433
f 2265 2433 2434
f 2265 2434 2435
f 2265 2435 2436
f 2265 2436 2271
f 2265 2271 2266
f 2266 2271 2267
f 2269 2271 2437
f 2269 2437 2270
f 2270 2437 2438
f 2270 2438 2439
f 2270 2439 2440
f 2270 2440 2441
f 2270 2441 2442
f 2270 2442 2272
f 2271 2438 2437
f 2271 2436 2438
f 2272 2442 2273
f 2273 2442 2274
f 2274 2442 2443
f 2274 2443 2444
f 2274 2444 2275
f 2275 2444 2445
f 2275 2445 2446
f 2275 2446 2276
f 2276 2446 2447
f 2276 2447 2277
f 2277 2447 2448
f 2277 2448 2449
f 2277 2449 2278
f 2278 2449 2279
f 2279 2449 2629
f 2279 2629 2450
f 2279 2450 2281
f 2279 2281 2280
f 2281 2451 2453
f 2281 2453 2282
f 2281 2450 2452
f 2281 2452 2630
f 2281 2630 2451
f 2282 2453 2639
f 2282 2639 2454
f 2283 2454 2455
f 2283 2455 2285
f 2283 2285 2284
f 2288 2342 2347
f 2288 2346 2289
f 2290 2310 2481
f 2290 2481 2456
f 2291 2456 2457
f 2291 2457 2292
f 2292 2457 2458
f 2292 2458 2293
f 2293 2458 2459
f 2293 2459 2295
f 2295 2460 2461
f 2295 2461 2296
f 2295 2459 2462
f 2295 2462 2463
f 2295 2463 2464
f 2295 2464 2465
f 2295 2465 2466
f 2295 2466 2460
f 2296 2461 2467
f 2296 2467 2297
f 2297 2467 2468
f 2297 2468 2469
f 2297 2469 2470
f 2297 2470 2471
f 2297 2471 2313
f 2297 2313 2311
f 2299 2303 2300
f 2300 2303 2472
f 2300 2472 2304
f 2301 2473 2302
f 2302 2473 2474
f 2302 2474 2303
f 2303 2474 2472
f 2304 2472 2305
f 2305 2475 2476
f 2305 2476 2477
f 2305 2477 2306
f 2305 2472 2478
f 2305 2478 2475
f 2306 2477 2307
f 2307 2477 2308
f 2308 2477 2309
f 2309 2477 2479
f 2309 2479 2480
f 2309 2480 2310
f 2310 2480 2481
f 2312 2313 2484
f 2312 2484 2482
f 2313 2471 2470
f 2313 2470 2483
f 2313 2483 2484
f 2314 2482 2485
f 2314 2485 2315
f 2315 2485 2666
f 2315 2666 2486
f 2315 2486 2318
f 2316 2487 2488
f 2316 2488 2489
f 2316 2489 2329
f 2316 2320 2487
f 2318 2490 2319
f 2318 2486 2491
f 2318 2491 2492
f 2318 2492 2671
f 2318 2671 2490
f 2319 2490 2493
f 2319 2493 2487
f 2319 2487 2320
f 2321 2494 2323
f 2321 2322 2494
f 2322 2326 2495
f 2322 2495 2496
f 2322 2496 2497
f 2322 2497 2498
f 2322 2498 2494
f 2323 2494 2498
f 2323 2498 2499
f 2323 2499 2500
f 2323 2500 2501
f 2323 2501 2502
f 2323 2502 2334
f 2324 2327 2329
f 2324 2329 2503
f 2324 2503 2325
f 2325 2504 2505
f 2325 2505 2680
f 2325 2680 2506
f 2325 2506 2326
f 2325 2503 2489
f 2325 2489 2504
f 2326 2506 2495
f 2329 2489 2503
f 2330 2502 2331
f 2330 2334 2502
f 2331 2502 2692
f 2331 2692 2507
f 2331 2507 2508
f 2331 2508 2509
f 2331 2509 2332
f 2332 2509 2335
f 2335 2509 2508
f 2335 2508 2510
f 2335 2510 2511
f 2335 2511 2336
f 2336 2511 2337
f 2337 2512 2513
f 2337 2513 2514
f 2337 2511 2512
f 2338 2514 2339
f 2339 2515 2516
f 2339 2516 2517
f 2339 2517 2518
f 2339 2518 2340
f 2339 2514 2515
f 2341 2518 2519
f 2341 2519 2342
f 2342 2519 2520
f 2342 2520 2348
f 2343 2351 2344
f 2344 2351 2350
f 2344 2350 2349
f 2344 2349 2521
f 2344 2521 2522
f 2344 2522 2523
f 2344 2523 2524
f 2345 2524 2352
f 2348 2520 2525
f 2348 2525 2349
f 2349 2526 2521
f 2349 2525 2710
f 2349 2710 2526
f 2352 2524 2527
f 2352 2527 2528
f 2352 2528 2353
f 2353 2528 2529
f 2353 2529 2354
f 2354 2529 2530
f 2354 2530 2355
f 2355 2530 2531
f 2355 2531 2356
f 2356 2531 2532
f 2356 2532 2533
f 2356 2533 2357
f 2357 2533 2532
f 2357 2532 2358
f 2358 2532 2359
f 2359 2534 2535
f 2359 2535 2536
f 2359 2536 2377
f 2359 2532 2537
f 2359 2537 2534
f 2360 2538 2539
f 2360 2539 2543
f 2360 2543 2364
f 2360 2363 2538
f 2362 2369 2363
f 2363 2369 2548
f 2363 2548 2540
f 2363 2540 2740
f 2363 2740 2541
f 2363 2541 2542
f 2363 2542 2538
f 2364 2543 2745
f 2364 2745 2544
f 2365 2544 2746
f 2365 2746 2545
f 2366 2545 2747
f 2366 2747 2546
f 2366 2546 2547
f 2366 2547 2367
f 2368 2381 2558
f 2368 2558 2548
f 2370 2547 2549
f 2370 2549 2550
f 2370 2550 2371
f 2371 2550 2372
f 2372 2551 2373
f 2372 2550 2552
f 2372 2552 2551
f 2373 2551 2374
f 2374 2551 2553
f 2374 2553 2554
f 2374 2554 2391
f 2377 2536 2378
f 2378 2536 2555
f 2378 2555 2379
f 2379 2555 2730
f 2379 2730 2556
f 2379 2556 2557
f 2379 2557 2380
f 2380 2557 2381
f 2381 2557 2558
f 2382 2387 2386
f 2382 2386 2385
f 2382 2385 2559
f 2382 2559 2560
f 2382 2560 2388
f 2383 2561 2562
f 2383 2562 2384
f 2383 2391 2563
f 2383 2563 2564
f 2383 2564 2561
f 2384 2562 2385
f 2385 2565 2559
f 2385 2562 2565
f 2388 2560 2566
f 2388 2566 2567
f 2388 2567 2389
f 2389 2568 2569
f 2389 2569 2390
f 2389 2567 2568
f 2390 2569 2397
f 2390 2397 2392
f 2391 2554 2563
f 2393 2570 2394
f 2393 2403 2570
f 2394 2570 2764
f 2394 2764 2571
f 2394 2571 2411
f 2394 2411 2410
f 2394 2410 2395
f 2396 2572 2400
f 2396 2397 2573
f 2396 2573 2574
f 2396 2574 2572
f 2397 2569 2573
f 2398 2575 2770
f 2398 2770 2576
f 2398 2577 2771
f 2398 2771 2575
f 2399 2576 2404
f 2400 2572 2578
f 2400 2578 2401
f 2401 2578 2579
f 2401 2579 2577
f 2402 2570 2403
f 2402 2404 2580
f 2402 2580 2581
f 2402 2581 2570
f 2404 2576 2770
f 2404 2770 2580
f 2405 2409 2582
f 2405 2582 2583
f 2405 2583 2584
f 2405 2584 2585
f 2405 2585 2586
f 2405 2586 2418
f 2405 2418 2413
f 2406 2587 2588
f 2406 2588 2589
f 2406 2589 2590
f 2406 2590 2408
f 2406 2407 2412
f 2406 2412 2591
f 2406 2591 2587
f 2408 2590 2409
f 2409 2590 2582
f 2411 2592 2412
f 2411 2571 2593
f 2411 2593 2592
f 2412 2592 2594
f 2412 2594 2591
f 2414 2595 2596
f 2414 2596 2597
f 2414 2597 2415
f 2414 2423 2595
f 2415 2597 2598
f 2415 2598 2596
f 2415 2596 2599
f 2415 2599 2600
f 2415 2600 2601
f 2415 2601 2602
f 2415 2602 2603
f 2415 2603 2424
f 2415 2424 2416
f 2417 2604 2422
f 2417 2422 2421
f 2417 2421 2420
f 2417 2419 2605
f 2417 2605 2604
f 2418 2605 2419
f 2418 2586 2585
f 2418 2585 2605
f 2422 2604 2606
f 2422 2606 2607
f 2422 2607 2608
f 2422 2608 2423
f 2423 2608 2595
f 2424 2603 2609
f 2424 2609 2425
f 2425 2609 2610
f 2425 2610 2427
f 2425 2427 2426
f 2427 2611 2810
f 2427 2810 2612
f 2427 2612 2613
f 2427 2610 2611
f 2428 2613 2429
f 2429 2613 2614
f 2429 2614 2812
f 2429 2812 2615
f 2429 2615 2430
f 2430 2615 2616
f 2430 2616 2617
f 2430 2617 2434
f 2430 2434 2433
f 2430 2433 2432
f 2430 2432 2431
f 2434 2617 2435
f 2435 2617 2616
f 2435 2616 2618
f 2435 2618 2440
f 2435 2440 2439
f 2435 2439 2438
f 2435 2438 2436
f 2440 2619 2620
f 2440 2620 2621
f 2440 2621 2441
f 2440 2618 2622
f 2440 2622 2623
f 2440 2623 2619
f 2441 2621 2624
f 2441 2624 2442
f 2442 2624 2443
f 2443 2624 2444
f 2444 2624 2445
f 2445 2624 2625
f 2445 2625 2819
f 2445 2819 2626
f 2445 2626 2446
f 2446 2627 2824
f 2446 2824 2628
f 2446 2628 2448
f 2446 2448 2447
f 2446 2626 2627
f 2448 2628 2629
f 2448 2629 2449
f 2450 2629 2638
f 2450 2638 2452
f 2451 2630 2631
f 2451 2631 2632
f 2451 2632 2633
f 2451 2633 2634
f 2451 2634 2635
f 2451 2635 2636
f 2451 2636 2637
f 2451 2637 2640
f 2451 2640 2453
f 2452 2638 2825
f 2452 2825 2630
f 2453 2640 2639
f 2454 2639 2641
f 2454 2641 2642
f 2454 2642 2455
f 2456 2481 2457
f 2457 2481 2643
f 2457 2643 2458
f 2458 2643 2644
f 2458 2644 2459
f 2459 2644 2645
f 2459 2645 2463
f 2459 2463 2462
f 2460 2646 2461
f 2460 2466 2646
f 2461 2646 2647
f 2461 2647 2648
f 2461 2648 2467
f 2463 2645 2649
f 2463 2649 2650
f 2463 2650 2464
f 2464 2650 2465
f 2465 2650 2651
f 2465 2651 2652
f 2465 2652 2653
f 2465 2653 2466
f 2466 2653 2654
f 2466 2654 2840
f 2466 2840 2646
f 2467 2648 2468
f 2468 2648 2491
f 2468 2491 2655
f 2468 2655 2469
f 2469 2655 2483
f 2469 2483 2470
f 2472 2474 2478
f 2473 2656 2657
f 2473 2657 2658
f 2473 2658 2474
f 2474 2658 2478
f 2475 2659 2476
f 2475 2478 2660
f 2475 2660 2659
f 2476 2659 2661
f 2476 2661 2662
f 2476 2662 2477
f 2477 2662 2663
f 2477 2663 2479
f 2478 2658 2657
f 2478 2657 2660
f 2479 2663 2664
f 2479 2664 2481
f 2479 2481 2480
f 2481 2664 2665
f 2481 2665 2644
f 2481 2644 2643
f 2482 2484 2666
f 2482 2666 2485
f 2483 2666 2484
f 2483 2655 2491
f 2483 2491 2666
f 2486 2666 2667
f 2486 2667 2491
f 2487 2668 2857
f 2487 2857 2669
f 2487 2669 2488
f 2487 2493 2668
f 2488 2669 2670
f 2488 2670 2489
f 2489 2670 2504
f 2490 2671 2493
f 2491 2667 2666
f 2491 2648 2492
f 2492 2648 2647
f 2492 2647 2672
f 2492 2672 2673
f 2492 2673 2671
f 2493 2674 2675
f 2493 2675 2676
f 2493 2676 2677
f 2493 2677 2668
f 2493 2671 2678
f 2493 2678 2679
f 2493 2679 2674
f 2495 2506 2680
f 2495 2680 2681
f 2495 2681 2682
f 2495 2682 2684
f 2495 2684 2496
f 2496 2683 2497
f 2496 2684 2870
f 2496 2870 2683
f 2497 2683 2685
f 2497 2685 2686
f 2497 2686 2499
f 2497 2499 2498
f 2499 2686 2687
f 2499 2687 2688
f 2499 2688 2689
f 2499 2689 2500
f 2500 2689 2690
f 2500 2690 2501
f 2501 2690 2691
f 2501 2691 2502
f 2502 2691 2692
f 2504 2670 2505
f 2505 2670 2693
f 2505 2693 2694
f 2505 2694 2680
f 2507 2692 2695
f 2507 2695 2696
f 2507 2696 2508
f 2508 2697 2698
f 2508 2698 2511
f 2508 2511 2510
f 2508 2696 2697
f 2511 2698 2699
f 2511 2699 2512
f 2512 2699 2513
f 2513 2700 2514
f 2513 2699 2700
f 2514 2700 2701
f 2514 2701 2702
f 2514 2702 2703
f 2514 2703 2704
f 2514 2704 2515
f 2515 2704 2516
f 2516 2705 2517
f 2516 2704 2706
f 2516 2706 2707
f 2516 2707 2708
f 2516 2708 2705
f 2517 2705 2709
f 2517 2709 2518
f 2518 2709 2519
f 2519 2709 2710
f 2519 2710 2525
f 2519 2525 2520
f 2521 2711 2712
f 2521 2712 2522
f 2521 2526 2711
f 2522 2712 2906
f 2522 2906 2713
f 2522 2713 2523
f 2523 2713 2714
f 2523 2714 2527
f 2523 2527 2524
f 2526 2715 2716
f 2526 2716 2717
f 2526 2717 2711
f 2526 2710 2715
f 2527 2714 2528
f 2528 2714 2529
f 2529 2714 2718
f 2529 2718 2719
f 2529 2719 2530
f 2530 2719 2531
f 2531 2719 2720
f 2531 2720 2721
f 2531 2721 2722
f 2531 2722 2532
f 2532 2722 2537
f 2534 2723 2536
f 2534 2536 2535
f 2534 2537 2722
f 2534 2722 2721
f 2534 2721 2724
f 2534 2724 2725
f 2534 2725 2723
f 2536 2726 2727
f 2536 2727 2728
f 2536 2728 2729
f 2536 2729 2730
f 2536 2730 2555
f 2536 2723 2725
f 2536 2725 2731
f 2536 2731 2726
f 2538 2732 2733
f 2538 2733 2734
f 2538 2734 2735
f 2538 2735 2539
f 2538 2542 2736
f 2538 2736 2737
f 2538 2737 2732
f 2539 2735 2738
f 2539 2738 2543
f 2540 2548 2558
f 2540 2558 2739
f 2540 2739 2740
f 2541 2740 2741
f 2541 2741 2742
f 2541 2742 2743
f 2541 2743 2736
f 2541 2736 2542
f 2543 2738 2744
f 2543 2744 2948
f 2543 2948 2745
f 2544 2745 2949
f 2544 2949 2746
f 2545 2746 2951
f 2545 2951 2747
f 2546 2747 2549
f 2546 2549 2547
f 2549 2747 2748
f 2549 2748 2749
f 2549 2749 2552
f 2549 2552 2550
f 2551 2552 2750
f 2551 2750 2751
f 2551 2751 2564
f 2551 2564 2554
f 2551 2554 2553
f 2552 2749 2752
f 2552 2752 2753
f 2552 2753 2757
f 2552 2757 2751
f 2552 2751 2750
f 2554 2564 2563
f 2556 2730 2729
f 2556 2729 2754
f 2556 2754 2557
f 2557 2739 2558
f 2557 2754 2755
f 2557 2755 2739
f 2559 2566 2560
f 2559 2565 2756
f 2559 2756 2566
f 2561 2757 2756
f 2561 2756 2562
f 2561 2564 2757
f 2562 2756 2565
f 2564 2751 2757
f 2566 2756 2758
f 2566 2758 2759
f 2566 2759 2567
f 2567 2759 2760
f 2567 2760 2761
f 2567 2761 2568
f 2568 2762 2573
f 2568 2573 2569
f 2568 2761 2763
f 2568 2763 2762
f 2570 2581 2764
f 2571 2764 2775
f 2571 2775 2593
f 2572 2574 2578
f 2573 2762 2765
f 2573 2765 2766
f 2573 2766 2574
f 2574 2766 2968
f 2574 2968 2767
f 2574 2767 2579
f 2574 2579 2578
f 2575 2768 2769
f 2575 2769 2770
f 2575 2771 2772
f 2575 2772 2768
f 2577 2579 2771
f 2579 2772 2771
f 2579 2767 2772
f 2580 2770 2769
f 2580 2769 2581
f 2581 2769 2973
f 2581 2973 2773
f 2581 2773 2774
f 2581 2774 2775
f 2581 2775 2764
f 2582 2590 2589
f 2582 2589 2588
f 2582 2588 2583
f 2583 2588 2776
f 2583 2776 2777
f 2583 2777 2794
f 2583 2794 2778
f 2583 2778 2779
f 2583 2779 2780
f 2583 2780 2781
f 2583 2781 2584
f 2584 2781 2585
f 2585 2781 2780
f 2585 2780 2779
f 2585 2779 2782
f 2585 2782 2783
f 2585 2783 2784
f 2585 2784 2785
f 2585 2785 2605
f 2587 2591 2594
f 2587 2594 2786
f 2587 2786 2588
f 2588 2786 2796
f 2588 2796 2776
f 2592 2787 2594
f 2592 2593 2788
f 2592 2788 2789
f 2592 2789 2790
f 2592 2790 2787
f 2593 2775 2788
f 2594 2787 2791
f 2594 2791 2792
f 2594 2792 2793
f 2594 2793 2794
f 2594 2794 2777
f 2594 2777 2795
f 2594 2795 2796
f 2594 2796 2786
f 2595 2608 2596
f 2596 2797 2599
f 2596 2598 2597
f 2596 2608 2797
f 2599 2798 2799
f 2599 2799 2800
f 2599 2800 2601
f 2599 2601 2600
f 2599 2797 2801
f 2599 2801 2798
f 2601 2800 2802
f 2601 2802 2602
f 2602 2802 2803
f 2602 2803 2804
f 2602 2804 2603
f 2603 2804 2609
f 2604 2605 2606
f 2605 2785 2784
f 2605 2784 2805
f 2605 2805 2806
f 2605 2806 2606
f 2606 2806 2807
f 2606 2807 2607
f 2607 2807 2608
f 2608 2807 2808
f 2608 2808 2801
f 2608 2801 2797
f 2609 2804 2610
f 2610 2804 2611
f 2611 2809 2810
f 2611 2804 2809
f 2612 2810 2811
f 2612 2811 2613
f 2613 2811 2614
f 2614 2811 2813
f 2614 2813 2812
f 2615 2812 2616
f 2616 2812 2813
f 2616 2813 2814
f 2616 2814 2815
f 2616 2815 2816
f 2616 2816 2618
f 2618 2816 2622
f 2619 2817 2818
f 2619 2818 2620
f 2619 2623 2817
f 2620 2818 2819
f 2620 2819 2625
f 2620 2625 2624
f 2620 2624 2621
f 2622 2816 2623
f 2623 2816 2820
f 2623 2820 2821
f 2623 2821 2817
f 2626 2822 2627
f 2626 2819 3026
f 2626 3026 2822
f 2627 2823 3033
f 2627 3033 2824
f 2627 2822 2823
f 2628 2824 2638
f 2628 2638 2629
f 2630 2825 2826
f 2630 2826 2631
f 2631 2826 2828
f 2631 2828 2632
f 2632 2827 2633
f 2632 2828 2829
f 2632 2829 2827
f 2633 2827 2830
f 2633 2830 2831
f 2633 2831 2634
f 2634 2832 2635
f 2634 2831 2833
f 2634 2833 2832
f 2635 2832 2636
f 2636 2834 2640
f 2636 2640 2637
f 2636 2832 2835
f 2636 2835 2834
f 2638 2824 3033
f 2638 3033 2825
f 2639 2640 2836
f 2639 2836 2641
f 2640 2834 2836
f 2641 2837 2838
f 2641 2838 2642
f 2641 2836 2839
f 2641 2839 2837
f 2644 2665 2645
f 2645 2665 2649
f 2646 2840 2647
f 2647 2840 2672
f 2649 2841 2650
f 2649 2665 2842
f 2649 2842 2843
f 2649 2843 3045
f 2649 3045 2841
f 2650 2841 2651
f 2651 2844 2652
f 2651 2841 2845
f 2651 2845 2844
f 2652 2844 2846
f 2652 2846 2654
f 2652 2654 2653
f 2654 2846 2673
f 2654 2673 2840
f 2656 2847 2657
f 2657 2847 2848
f 2657 2848 2849
f 2657 2849 2659
f 2657 2659 2660
f 2659 2850 2661
f 2659 2849 2851
f 2659 2851 2852
f 2659 2852 2853
f 2659 2853 2850
f 2661 2854 2662
f 2661 2850 2663
f 2661 2663 2854
f 2662 2854 2663
f 2663 2850 2664
f 2664 2855 2665
f 2664 2850 2856
f 2664 2856 2855
f 2665 2855 2842
f 2668 2677 2857
f 2669 2857 2693
f 2669 2693 2670
f 2671 2673 2678
f 2672 2840 2673
f 2673 2858 3061
f 2673 3061 2859
f 2673 2859 2860
f 2673 2860 2678
f 2673 2846 2858
f 2674 2861 2675
f 2674 2679 2862
f 2674 2862 2863
f 2674 2863 2861
f 2675 2864 2865
f 2675 2865 2676
f 2675 2861 2864
f 2676 2865 2857
f 2676 2857 2677
f 2678 2860 2679
f 2679 2860 2862
f 2680 2866 2681
f 2680 2694 2866
f 2681 2867 2682
f 2681 2866 2868
f 2681 2868 2867
f 2682 2867 2869
f 2682 2869 2871
f 2682 2871 2684
f 2683 2870 2873
f 2683 2873 2685
f 2684 2871 2870
f 2685 2872 2686
f 2685 2873 2874
f 2685 2874 2872
f 2686 2872 2687
f 2687 2875 2876
f 2687 2876 2877
f 2687 2877 2688
f 2687 2872 2878
f 2687 2878 2879
f 2687 2879 2880
f 2687 2880 2875
f 2688 2877 2881
f 2688 2881 2689
f 2689 2881 2882
f 2689 2882 2883
f 2689 2883 2690
f 2690 2883 2691
f 2691 2883 2884
f 2691 2884 2695
f 2691 2695 2692
f 2693 2857 2694
f 2694 2857 2885
f 2694 2885 3069
f 2694 3069 2868
f 2694 2868 2866
f 2695 2884 2696
f 2696 2886 2697
f 2696 2884 2887
f 2696 2887 2886
f 2697 2886 2888
f 2697 2888 2889
f 2697 2889 2890
f 2697 2890 2700
f 2697 2700 2698
f 2698 2700 2699
f 2700 2890 2701
f 2701 2891 2702
f 2701 2890 3099
f 2701 3099 2892
f 2701 2892 2893
f 2701 2893 2894
f 2701 2894 2891
f 2702 2891 3101
f 2702 3101 2895
f 2702 2895 2896
f 2702 2896 2707
f 2702 2707 2706
f 2702 2706 2703
f 2703 2706 2704
f 2705 2708 2709
f 2707 2896 2897
f 2707 2897 2708
f 2708 2898 2899
f 2708 2899 2900
f 2708 2900 2901
f 2708 2901 2902
f 2708 2902 2903
f 2708 2903 2904
f 2708 2904 2716
f 2708 2716 2715
f 2708 2715 2709
f 2708 2897 2898
f 2709 2715 2710
f 2711 2717 2712
f 2712 2717 2903
f 2712 2903 2905
f 2712 2905 2906
f 2713 2906 2907
f 2713 2907 2718
f 2713 2718 2714
f 2716 2904 2717
f 2717 2904 2903
f 2718 2907 2908
f 2718 2908 2719
f 2719 2908 2720
f 2720 2908 2909
f 2720 2909 2724
f 2720 2724 2721
f 2724 2909 2725
f 2725 2909 2910
f 2725 2910 2731
f 2726 2911 2727
f 2726 2731 2912
f 2726 2912 2911
f 2727 2911 2913
f 2727 2913 2728
f 2728 2913 2914
f 2728 2914 2961
f 2728 2961 2755
f 2728 2755 2754
f 2728 2754 2729
f 2731 2910 2912
f 2732 2737 2915
f 2732 2915 2916
f 2732 2916 2917
f 2732 2917 2733
f 2733 2918 2919
f 2733 2919 2734
f 2733 2917 2916
f 2733 2916 2920
f 2733 2920 2921
f 2733 2921 2922
f 2733 2922 2923
f 2733 2923 2924
f 2733 2924 2918
f 2734 2919 2924
f 2734 2924 2735
f 2735 2924 2738
f 2736 2743 2742
f 2736 2742 2737
f 2737 2742 2916
f 2737 2916 2915
f 2738 2925 2926
f 2738 2926 2927
f 2738 2927 2744
f 2738 2924 2928
f 2738 2928 2929
f 2738 2929 2930
f 2738 2930 2931
f 2738 2931 2932
f 2738 2932 2933
f 2738 2933 2934
f 2738 2934 2935
f 2738 2935 2925
f 2739 2936 2937
f 2739 2937 2740
f 2739 2755 2936
f 2740 2937 2938
f 2740 2938 2939
f 2740 2939 2940
f 2740 2940 2941
f 2740 2941 2741
f 2741 2942 2943
f 2741 2943 2944
f 2741 2944 2742
f 2741 2941 2945
f 2741 2945 2942
f 2742 2944 2920
f 2742 2920 2916
f 2744 2927 2946
f 2744 2946 2947
f 2744 2947 2948
f 2745 2948 3171
f 2745 3171 2949
f 2746 2949 2950
f 2746 2950 2951
f 2747 2951 2748
f 2748 2951 2952
f 2748 2952 2953
f 2748 2953 2954
f 2748 2954 2955
f 2748 2955 2956
f 2748 2956 2957
f 2748 2957 2752
f 2748 2752 2749
f 2752 2957 2958
f 2752 2958 2959
f 2752 2959 2753
f 2753 2959 2960
f 2753 2960 2757
f 2755 2961 2936
f 2756 2757 2960
f 2756 2960 2758
f 2758 2960 2759
f 2759 2962 2963
f 2759 2963 2760
f 2759 2960 2959
f 2759 2959 2962
f 2760 2964 2763
f 2760 2763 2761
f 2760 2963 2964
f 2762 2763 2765
f 2763 2964 2963
f 2763 2963 2965
f 2763 2965 2966
f 2763 2966 2765
f 2765 2967 2968
f 2765 2968 2766
f 2765 2966 2969
f 2765 2969 2970
f 2765 2970 2967
f 2767 2968 3194
f 2767 3194 2971
f 2767 2971 2772
f 2768 2972 2769
f 2768 2772 2975
f 2768 2975 2972
f 2769 2972 2973
f 2772 2974 2975
f 2772 2971 2976
f 2772 2976 2974
f 2773 2973 2977
f 2773 2977 2774
f 2774 2978 2979
f 2774 2979 2775
f 2774 2977 2978
f 2775 2979 2788
f 2776 2796 2795
f 2776 2795 2777
f 2778 2794 2980
f 2778 2980 2981
f 2778 2981 2982
f 2778 2982 2779
f 2779 2982 2983
f 2779 2983 2782
f 2782 2983 2984
f 2782 2984 2784
f 2782 2784 2783
f 2784 2984 2805
f 2787 2985 2791
f 2787 2790 2986
f 2787 2986 2985
f 2788 2979 2789
f 2789 2979 2987
f 2789 2987 2988
f 2789 2988 2989
f 2789 2989 2790
f 2790 2989 2990
f 2790 2990 2991
f 2790 2991 2986
f 2791 2985 2992
f 2791 2992 2792
f 2792 2992 2993
f 2792 2993 2994
f 2792 2994 2995
f 2792 2995 2980
f 2792 2980 2794
f 2792 2794 2793
f 2798 2996 2799
f 2798 2801 3001
f 2798 3001 2996
f 2799 2997 2998
f 2799 2998 2999
f 2799 2999 3000
f 2799 3000 2802
f 2799 2802 2800
f 2799 2996 2997
f 2801 2808 3014
f 2801 3014 3001
f 2802 3000 3002
f 2802 3002 3003
f 2802 3003 3004
f 2802 3004 2803
f 2803 3004 3005
f 2803 3005 3006
f 2803 3006 2804
f 2804 3006 2809
f 2805 3007 3010
f 2805 3010 2806
f 2805 2984 3008
f 2805 3008 3009
f 2805 3009 3007
f 2806 3010 3011
f 2806 3011 2807
f 2807 3011 2808
f 2808 3012 3013
f 2808 3013 3014
f 2808 3011 3012
f 2809 3006 3015
f 2809 3015 3016
f 2809 3016 3017
f 2809 3017 2810
f 2810 3017 2811
f 2811 3017 3018
f 2811 3018 2813
f 2813 3018 2814
f 2814 3018 3019
f 2814 3019 3020
f 2814 3020 2815
f 2815 2820 2816
f 2815 3020 2820
f 2817 3021 3022
f 2817 3022 2818
f 2817 2821 3023
f 2817 3023 3024
f 2817 3024 3025
f 2817 3025 3021
f 2818 3022 3026
f 2818 3026 2819
f 2820 3027 3028
f 2820 3028 3025
f 2820 3025 3024
f 2820 3024 2821
f 2820 3020 3029
f 2820 3029 3030
f 2820 3030 3027
f 2821 3024 3023
f 2822 3031 2823
f 2822 3026 3031
f 2823 3032 3033
f 2823 3031 3034
f 2823 3034 3032
f 2825 3033 3032
f 2825 3032 2826
f 2826 3032 3035
f 2826 3035 2828
f 2827 2829 2830
f 2828 3035 3262
f 2828 3262 3036
f 2828 3036 2829
f 2829 3037 2830
f 2829 3036 3037
f 2830 3038 3264
f 2830 3264 3039
f 2830 3039 3041
f 2830 3041 3040
f 2830 3040 2831
f 2830 3037 3038
f 2831 3040 2833
f 2832 2833 2835
f 2833 3040 3041
f 2833 3041 3042
f 2833 3042 3043
f 2833 3043 2835
f 2834 2835 2836
f 2835 3043 2836
f 2836 3043 3044
f 2836 3044 2839
f 2841 3045 3046
f 2841 3046 2845
f 2842 2855 3047
f 2842 3047 2843
f 2843 3047 3045
f 2844 2845 3048
f 2844 3048 3049
f 2844 3049 2858
f 2844 2858 2846
f 2845 3046 3050
f 2845 3050 3051
f 2845 3051 3052
f 2845 3052 3048
f 2848 3053 2849
f 2849 3053 2851
f 2850 2853 3054
f 2850 3054 2856
f 2851 3053 3055
f 2851 3055 3056
f 2851 3056 3054
f 2851 3054 2853
f 2851 2853 2852
f 2855 3057 3058
f 2855 3058 3047
f 2855 2856 3059
f 2855 3059 3057
f 2856 3054 3060
f 2856 3060 3050
f 2856 3050 3059
f 2857 2865 2885
f 2858 3049 3061
f 2859 3061 3062
f 2859 3062 2860
f 2860 3062 3063
f 2860 3063 2862
f 2861 2863 3064
f 2861 3064 2864
f 2862 3063 3065
f 2862 3065 2863
f 2863 3065 3066
f 2863 3066 3067
f 2863 3067 3064
f 2864 3068 2865
f 2864 3064 3067
f 2864 3067 3066
f 2864 3066 3068
f 2865 3068 2885
f 2867 2868 2869
f 2868 3069 3070
f 2868 3070 3071
f 2868 3071 3072
f 2868 3072 2871
f 2868 2871 2869
f 2870 2871 3073
f 2870 3073 2873
f 2871 3072 3073
f 2872 2874 2873
f 2872 2873 2878
f 2873 3073 2878
f 2875 3074 3075
f 2875 3075 3076
f 2875 3076 2876
f 2875 2880 3074
f 2876 3076 3077
f 2876 3077 3078
f 2876 3078 3079
f 2876 3079 2881
f 2876 2881 2877
f 2878 3073 3080
f 2878 3080 3081
f 2878 3081 3082
f 2878 3082 2879
f 2879 3082 3083
f 2879 3083 3084
f 2879 3084 3085
f 2879 3085 3074
f 2879 3074 2880
f 2881 3079 3086
f 2881 3086 2882
f 2882 3086 3087
f 2882 3087 2883
f 2883 3087 3088
f 2883 3088 2887
f 2883 2887 2884
f 2885 3068 3069
f 2886 2887 3088
f 2886 3088 3089
f 2886 3089 3090
f 2886 3090 2888
f 2888 3091 3092
f 2888 3092 2890
f 2888 2890 2889
f 2888 3090 3093
f 2888 3093 3094
f 2888 3094 3095
f 2888 3095 3096
f 2888 3096 3097
f 2888 3097 3091
f 2890 3098 3318
f 2890 3318 3099
f 2890 3092 3100
f 2890 3100 3098
f 2891 2894 3101
f 2892 3099 3319
f 2892 3319 3102
f 2892 3102 2893
f 2893 3103 3104
f 2893 3104 3105
f 2893 3105 3106
f 2893 3106 3107
f 2893 3107 3108
f 2893 3108 3101
f 2893 3101 2894
f 2893 3102 3103
f 2895 3101 3108
f 2895 3108 3109
f 2895 3109 2896
f 2896 3109 3110
f 2896 3110 3111
f 2896 3111 2897
f 2897 3111 3110
f 2897 3110 2898
f 2898 3110 3112
f 2898 3112 2899
f 2899 3106 3113
f 2899 3113 3114
f 2899 3114 3115
f 2899 3115 2900
f 2899 3112 3108
f 2899 3108 3116
f 2899 3116 3106
f 2900 3115 3117
f 2900 3117 2901
f 2901 3117 3118
f 2901 3118 2902
f 2902 3118 3119
f 2902 3119 3120
f 2902 3120 3121
f 2902 3121 2903
f 2903 3121 2905
f 2905 3122 2906
f 2905 3121 3122
f 2906 3122 3123
f 2906 3123 3124
f 2906 3124 2907
f 2907 3124 2908
f 2908 3124 3123
f 2908 3123 3125
f 2908 3125 2910
f 2908 2910 2909
f 2910 3125 2912
f 2911 3126 3127
f 2911 3127 2913
f 2911 2912 3128
f 2911 3128 3129
f 2911 3129 3130
f 2911 3130 3126
f 2912 3125 3131
f 2912 3131 3132
f 2912 3132 3128
f 2913 3127 2914
f 2914 3127 3133
f 2914 3133 3134
f 2914 3134 3135
f 2914 3135 3136
f 2914 3136 3137
f 2914 3137 3138
f 2914 3138 2961
f 2918 2924 2919
f 2920 2944 3139
f 2920 3139 2921
f 2921 3139 3140
f 2921 3140 3141
f 2921 3141 2922
f 2922 3141 2923
f 2923 3141 2924
f 2924 3142 3143
f 2924 3143 3144
f 2924 3144 3145
f 2924 3145 2928
f 2924 3141 3142
f 2925 3146 2926
f 2925 2935 3146
f 2926 3146 3147
f 2926 3147 3148
f 2926 3148 2946
f 2926 2946 2927
f 2928 3149 2929
f 2928 3145 3150
f 2928 3150 3151
f 2928 3151 3149
f 2929 3149 3152
f 2929 3152 2930
f 2930 3153 2931
f 2930 3152 3153
f 2931 3153 3154
f 2931 3154 3155
f 2931 3155 3156
f 2931 3156 3157
f 2931 3157 3158
f 2931 3158 3159
f 2931 3159 2932
f 2932 3159 3160
f 2932 3160 3161
f 2932 3161 2933
f 2933 3161 2934
f 2934 3162 3163
f 2934 3163 2935
f 2934 3161 3164
f 2934 3164 3162
f 2935 3163 2946
f 2935 2946 3148
f 2935 3148 3147
f 2935 3147 3165
f 2935 3165 3146
f 2936 3166 2939
f 2936 2939 3167
f 2936 3167 2937
f 2936 2961 3138
f 2936 3138 3166
f 2937 3167 2939
f 2937 2939 2938
f 2939 3166 3168
f 2939 3168 3169
f 2939 3169 2940
f 2940 3169 2944
f 2940 2944 3170
f 2940 3170 2943
f 2940 2943 2945
f 2940 2945 2941
f 2942 2945 2943
f 2943 3170 2944
f 2944 3169 3360
f 2944 3360 3139
f 2946 3163 2947
f 2947 3163 2948
f 2948 3163 3171
f 2949 3171 3162
f 2949 3162 3172
f 2949 3172 3173
f 2949 3173 2950
f 2950 3164 3174
f 2950 3174 2952
f 2950 2952 2951
f 2950 3173 3164
f 2952 3174 3175
f 2952 3175 3176
f 2952 3176 3177
f 2952 3177 2953
f 2953 3177 3178
f 2953 3178 2954
f 2954 3178 3179
f 2954 3179 2955
f 2955 3179 3180
f 2955 3180 3181
f 2955 3181 3182
f 2955 3182 3183
f 2955 3183 3184
f 2955 3184 2956
f 2956 3184 2957
f 2957 3183 3185
f 2957 3185 3186
f 2957 3186 2958
f 2957 3184 3183
f 2958 3186 3187
f 2958 3187 3188
f 2958 3188 3189
f 2958 3189 3190
f 2958 3190 3191
f 2958 3191 2962
f 2958 2962 2959
f 2962 3191 3190
f 2962 3190 2965
f 2962 2965 2963
f 2965 3189 2969
f 2965 2969 2966
f 2965 3190 3189
f 2967 3192 3193
f 2967 3193 3194
f 2967 3194 2968
f 2967 2970 3195
f 2967 3195 3196
f 2967 3196 3192
f 2969 3189 2970
f 2970 3189 3197
f 2970 3197 3195
f 2971 3194 3193
f 2971 3193 2976
f 2972 3198 2973
f 2972 2975 3198
f 2973 3198 3199
f 2973 3199 3200
f 2973 3200 3201
f 2973 3201 2977
f 2974 3202 2975
f 2974 2976 3202
f 2975 3202 3203
f 2975 3203 3198
f 2976 3193 3204
f 2976 3204 3205
f 2976 3205 3206
f 2976 3206 3202
f 2977 3201 3207
f 2977 3207 2987
f 2977 2987 2978
f 2978 2987 2979
f 2980 3208 2981
f 2980 2995 3209
f 2980 3209 3208
f 2981 3208 3210
f 2981 3210 2982
f 2982 3210 3211
f 2982 3211 3212
f 2982 3212 3213
f 2982 3213 2983
f 2983 3213 3009
f 2983 3009 2984
f 2984 3009 3008
f 2985 2993 2992
f 2985 2986 3214
f 2985 3214 3215
f 2985 3215 2993
f 2986 2991 3218
f 2986 3218 3214
f 2987 2990 2988
f 2987 3207 3216
f 2987 3216 2990
f 2988 2990 2989
f 2990 3217 2991
f 2990 3216 3217
f 2991 3217 3218
f 2993 3215 3219
f 2993 3219 3424
f 2993 3424 3220
f 2993 3220 3221
f 2993 3221 3222
f 2993 3222 2994
f 2994 3222 3221
f 2994 3221 3223
f 2994 3223 2995
f 2995 3223 3209
f 2996 3224 3225
f 2996 3225 2997
f 2996 3001 3224
f 2997 3225 2998
f 2998 3226 3227
f 2998 3227 3228
f 2998 3228 3229
f 2998 3229 2999
f 2998 3225 3226
f 2999 3229 3002
f 2999 3002 3000
f 3001 3014 3230
f 3001 3230 3231
f 3001 3231 3232
f 3001 3232 3233
f 3001 3233 3234
f 3001 3234 3224
f 3002 3229 3235
f 3002 3235 3003
f 3003 3235 3441
f 3003 3441 3236
f 3003 3236 3004
f 3004 3236 3237
f 3004 3237 3238
f 3004 3238 3005
f 3005 3239 3006
f 3005 3238 3240
f 3005 3240 3029
f 3005 3029 3239
f 3006 3239 3015
f 3007 3241 3010
f 3007 3009 3241
f 3009 3213 3212
f 3009 3212 3211
f 3009 3211 3210
f 3009 3210 3242
f 3009 3242 3243
f 3009 3243 3241
f 3010 3241 3244
f 3010 3244 3245
f 3010 3245 3011
f 3011 3245 3246
f 3011 3246 3012
f 3012 3246 3230
f 3012 3230 3013
f 3013 3230 3014
f 3015 3239 3029
f 3015 3029 3019
f 3015 3019 3017
f 3015 3017 3016
f 3017 3019 3018
f 3019 3029 3020
f 3021 3247 3248
f 3021 3248 3022
f 3021 3025 3028
f 3021 3028 3247
f 3022 3248 3026
f 3026 3248 3249
f 3026 3249 3250
f 3026 3250 3031
f 3027 3251 3252
f 3027 3252 3028
f 3027 3030 3029
f 3027 3029 3240
f 3027 3240 3251
f 3028 3252 3253
f 3028 3253 3254
f 3028 3254 3255
f 3028 3255 3256
f 3028 3256 3247
f 3031 3250 3257
f 3031 3257 3258
f 3031 3258 3259
f 3031 3259 3260
f 3031 3260 3034
f 3032 3034 3035
f 3034 3037 3035
f 3034 3260 3261
f 3034 3261 3037
f 3035 3037 3262
f 3036 3262 3037
f 3037 3261 3263
f 3037 3263 3038
f 3038 3263 3466
f 3038 3466 3264
f 3039 3265 3266
f 3039 3266 3041
f 3039 3264 3467
f 3039 3467 3265
f 3041 3266 3267
f 3041 3267 3042
f 3042 3268 3269
f 3042 3269 3270
f 3042 3270 3044
f 3042 3044 3043
f 3042 3267 3268
f 3044 3270 3271
f 3045 3047 3272
f 3045 3272 3046
f 3046 3272 3050
f 3047 3058 3272
f 3048 3273 3274
f 3048 3274 3275
f 3048 3275 3276
f 3048 3276 3062
f 3048 3062 3061
f 3048 3061 3049
f 3048 3052 3280
f 3048 3280 3273
f 3050 3060 3051
f 3050 3272 3057
f 3050 3057 3059
f 3051 3277 3278
f 3051 3278 3279
f 3051 3279 3280
f 3051 3280 3052
f 3051 3060 3281
f 3051 3281 3282
f 3051 3282 3277
f 3053 3283 3055
f 3054 3056 3281
f 3054 3281 3060
f 3055 3283 3284
f 3055 3284 3285
f 3055 3285 3056
f 3056 3285 3281
f 3057 3272 3058
f 3062 3276 3065
f 3062 3065 3063
f 3065 3276 3275
f 3065 3275 3274
f 3065 3274 3066
f 3066 3274 3286
f 3066 3286 3068
f 3068 3286 3287
f 3068 3287 3069
f 3069 3287 3288
f 3069 3288 3070
f 3070 3288 3286
f 3070 3286 3274
f 3070 3274 3071
f 3071 3289 3080
f 3071 3080 3072
f 3071 3274 3289
f 3072 3080 3073
f 3074 3085 3075
f 3075 3290 3077
f 3075 3077 3076
f 3075 3085 3290
f 3077 3291 3078
f 3077 3290 3292
f 3077 3292 3293
f 3077 3293 3291
f 3078 3291 3294
f 3078 3294 3295
f 3078 3295 3079
f 3079 3295 3086
f 3080 3289 3296
f 3080 3296 3081
f 3081 3297 3082
f 3081 3296 3297
f 3082 3297 3083
f 3083 3297 3298
f 3083 3298 3299
f 3083 3299 3300
f 3083 3300 3084
f 3084 3300 3301
f 3084 3301 3302
f 3084 3302 3303
f 3084 3303 3085
f 3085 3304 3305
f 3085 3305 3293
f 3085 3293 3292
f 3085 3292 3290
f 3085 3303 3304
f 3086 3295 3306
f 3086 3306 3307
f 3086 3307 3308
f 3086 3308 3089
f 3086 3089 3087
f 3087 3089 3088
f 3089 3308 3307
f 3089 3307 3309
f 3089 3309 3090
f 3090 3309 3093
f 3091 3097 3092
f 3092 3097 3098
f 3092 3098 3100
f 3093 3309 3310
f 3093 3310 3094
f 3094 3310 3311
f 3094 3311 3312
f 3094 3312 3313
f 3094 3313 3314
f 3094 3314 3095
f 3095 3315 3096
f 3095 3314 3315
f 3096 3315 3316
f 3096 3316 3317
f 3096 3317 3097
f 3097 3317 3318
f 3097 3318 3098
f 3099 3318 3319
f 3102 3319 3317
f 3102 3317 3320
f 3102 3320 3321
f 3102 3321 3103
f 3103 3322 3104
f 3103 3321 3322
f 3104 3322 3323
f 3104 3323 3324
f 3104 3324 3325
f 3104 3325 3326
f 3104 3326 3327
f 3104 3327 3328
f 3104 3328 3329
f 3104 3329 3330
f 3104 3330 3331
f 3104 3331 3332
f 3104 3332 3333
f 3104 3333 3334
f 3104 3334 3105
f 3105 3334 3106
f 3106 3334 3335
f 3106 3335 3113
f 3106 3116 3108
f 3106 3108 3107
f 3108 3112 3110
f 3108 3110 3109
f 3113 3335 3336
f 3113 3336 3114
f 3114 3336 3115
f 3115 3336 3117
f 3117 3336 3118
f 3118 3336 3337
f 3118 3337 3119
f 3119 3337 3338
f 3119 3338 3120
f 3120 3338 3339
f 3120 3339 3121
f 3121 3339 3340
f 3121 3340 3341
f 3121 3341 3122
f 3122 3341 3342
f 3122 3342 3343
f 3122 3343 3123
f 3123 3343 3131
f 3123 3131 3125
f 3126 3344 3133
f 3126 3133 3127
f 3126 3130 3345
f 3126 3345 3344
f 3128 3132 3346
f 3128 3346 3129
f 3129 3346 3553
f 3129 3553 3347
f 3129 3347 3130
f 3130 3347 3345
f 3131 3343 3132
f 3132 3343 3342
f 3132 3342 3348
f 3132 3348 3349
f 3132 3349 3350
f 3132 3350 3351
f 3132 3351 3352
f 3132 3352 3346
f 3133 3344 3353
f 3133 3353 3354
f 3133 3354 3134
f 3134 3354 3135
f 3135 3354 3355
f 3135 3355 3356
f 3135 3356 3137
f 3135 3137 3136
f 3137 3356 3357
f 3137 3357 3355
f 3137 3355 3358
f 3137 3358 3138
f 3138 3358 3359
f 3138 3359 3166
f 3139 3360 3361
f 3139 3361 3362
f 3139 3362 3140
f 3140 3362 3363
f 3140 3363 3364
f 3140 3364 3365
f 3140 3365 3370
f 3140 3370 3366
f 3140 3366 3141
f 3141 3366 3150
f 3141 3150 3367
f 3141 3367 3142
f 3142 3367 3143
f 3143 3367 3150
f 3143 3150 3144
f 3144 3150 3145
f 3146 3165 3147
f 3149 3368 3152
f 3149 3151 3369
f 3149 3369 3368
f 3150 3366 3151
f 3151 3366 3370
f 3151 3370 3371
f 3151 3371 3372
f 3151 3372 3373
f 3151 3373 3369
f 3152 3368 3374
f 3152 3374 3375
f 3152 3375 3376
f 3152 3376 3377
f 3152 3377 3153
f 3153 3377 3154
f 3154 3377 3378
f 3154 3378 3155
f 3155 3378 3156
f 3156 3378 3379
f 3156 3379 3380
f 3156 3380 3381
f 3156 3381 3382
f 3156 3382 3157
f 3157 3382 3158
f 3158 3382 3383
f 3158 3383 3160
f 3158 3160 3159
f 3160 3383 3384
f 3160 3384 3385
f 3160 3385 3386
f 3160 3386 3387
f 3160 3387 3388
f 3160 3388 3161
f 3161 3388 3164
f 3162 3171 3163
f 3162 3164 3172
f 3164 3388 3389
f 3164 3389 3175
f 3164 3175 3174
f 3164 3173 3172
f 3166 3359 3168
f 3168 3359 3358
f 3168 3358 3390
f 3168 3390 3169
f 3169 3390 3391
f 3169 3391 3360
f 3175 3389 3176
f 3176 3392 3393
f 3176 3393 3177
f 3176 3389 3388
f 3176 3388 3392
f 3177 3393 3180
f 3177 3180 3179
f 3177 3179 3178
f 3180 3393 3394
f 3180 3394 3181
f 3181 3394 3395
f 3181 3395 3182
f 3182 3395 3396
f 3182 3396 3183
f 3183 3396 3397
f 3183 3397 3185
f 3185 3397 3187
f 3185 3187 3186
f 3187 3195 3197
f 3187 3197 3188
f 3187 3397 3195
f 3188 3197 3189
f 3192 3398 3193
f 3192 3196 3402
f 3192 3402 3398
f 3193 3398 3204
f 3195 3399 3196
f 3195 3397 3396
f 3195 3396 3399
f 3196 3399 3400
f 3196 3400 3401
f 3196 3401 3402
f 3198 3203 3199
f 3199 3203 3200
f 3200 3203 3403
f 3200 3403 3404
f 3200 3404 3216
f 3200 3216 3201
f 3201 3216 3207
f 3202 3405 3403
f 3202 3403 3203
f 3202 3206 3405
f 3204 3398 3406
f 3204 3406 3407
f 3204 3407 3408
f 3204 3408 3409
f 3204 3409 3206
f 3204 3206 3205
f 3206 3409 3405
f 3208 3410 3411
f 3208 3411 3412
f 3208 3412 3413
f 3208 3413 3210
f 3208 3209 3414
f 3208 3414 3415
f 3208 3415 3410
f 3209 3223 3221
f 3209 3221 3416
f 3209 3416 3415
f 3209 3415 3414
f 3210 3413 3417
f 3210 3417 3449
f 3210 3449 3242
f 3214 3418 3219
f 3214 3219 3215
f 3214 3218 3418
f 3216 3404 3419
f 3216 3419 3420
f 3216 3420 3217
f 3217 3420 3421
f 3217 3421 3218
f 3218 3421 3422
f 3218 3422 3423
f 3218 3423 3418
f 3219 3418 3424
f 3220 3425 3221
f 3220 3424 3425
f 3221 3425 3426
f 3221 3426 3427
f 3221 3427 3415
f 3221 3415 3416
f 3224 3428 3225
f 3224 3234 3428
f 3225 3428 3429
f 3225 3429 3430
f 3225 3430 3226
f 3226 3430 3227
f 3227 3430 3431
f 3227 3431 3432
f 3227 3432 3433
f 3227 3433 3434
f 3227 3434 3235
f 3227 3235 3228
f 3228 3235 3229
f 3230 3246 3435
f 3230 3435 3232
f 3230 3232 3231
f 3232 3435 3233
f 3233 3435 3234
f 3234 3436 3437
f 3234 3437 3428
f 3234 3435 3438
f 3234 3438 3439
f 3234 3439 3436
f 3235 3434 3440
f 3235 3440 3441
f 3236 3441 3237
f 3237 3442 3443
f 3237 3443 3238
f 3237 3441 3442
f 3238 3443 3240
f 3240 3443 3444
f 3240 3444 3445
f 3240 3445 3446
f 3240 3446 3251
f 3241 3447 3448
f 3241 3448 3244
f 3241 3243 3242
f 3241 3242 3447
f 3242 3449 3447
f 3244 3448 3450
f 3244 3450 3451
f 3244 3451 3245
f 3245 3451 3246
f 3246 3438 3435
f 3246 3451 3452
f 3246 3452 3453
f 3246 3453 3454
f 3246 3454 3438
f 3247 3455 3248
f 3247 3256 3455
f 3248 3455 3249
f 3249 3455 3250
f 3250 3455 3456
f 3250 3456 3463
f 3250 3463 3257
f 3251 3446 3457
f 3251 3457 3252
f 3252 3457 3253
f 3253 3458 3254
f 3253 3457 3459
f 3253 3459 3458
f 3254 3458 3461
f 3254 3461 3255
f 3255 3460 3462
f 3255 3462 3256
f 3255 3461 3684
f 3255 3684 3460
f 3256 3462 3455
f 3257 3463 3258
f 3258 3464 3465
f 3258 3465 3259
f 3258 3463 3684
f 3258 3684 3464
f 3259 3465 3466
f 3259 3466 3263
f 3259 3263 3261
f 3259 3261 3260
f 3264 3466 3690
f 3264 3690 3467
f 3265 3468 3469
f 3265 3469 3470
f 3265 3470 3267
f 3265 3267 3266
f 3265 3467 3471
f 3265 3471 3468
f 3267 3472 3473
f 3267 3473 3474
f 3267 3474 3268
f 3267 3470 3475
f 3267 3475 3476
f 3267 3476 3477
f 3267 3477 3478
f 3267 3478 3472
f 3268 3474 3269
f 3269 3473 3479
f 3269 3479 3480
f 3269 3271 3270
f 3269 3474 3473
f 3273 3481 3274
f 3273 3280 3481
f 3274 3481 3482
f 3274 3482 3483
f 3274 3483 3296
f 3274 3296 3289
f 3277 3484 3278
f 3277 3282 3484
f 3278 3484 3485
f 3278 3485 3486
f 3278 3486 3487
f 3278 3487 3279
f 3279 3488 3489
f 3279 3489 3490
f 3279 3490 3491
f 3279 3491 3280
f 3279 3487 3488
f 3280 3491 3482
f 3280 3482 3481
f 3281 3285 3492
f 3281 3492 3493
f 3281 3493 3282
f 3282 3493 3494
f 3282 3494 3495
f 3282 3495 3485
f 3282 3485 3484
f 3284 3493 3496
f 3284 3496 3285
f 3285 3496 3492
f 3286 3288 3287
f 3291 3497 3498
f 3291 3498 3499
f 3291 3499 3500
f 3291 3500 3501
f 3291 3501 3502
f 3291 3502 3294
f 3291 3293 3305
f 3291 3305 3304
f 3291 3304 3497
f 3294 3502 3503
f 3294 3503 3295
f 3295 3503 3500
f 3295 3500 3504
f 3295 3504 3505
f 3295 3505 3506
f 3295 3506 3307
f 3295 3307 3306
f 3296 3507 3508
f 3296 3508 3298
f 3296 3298 3297
f 3296 3483 3509
f 3296 3509 3510
f 3296 3510 3507
f 3298 3508 3511
f 3298 3511 3512
f 3298 3512 3514
f 3298 3514 3513
f 3298 3513 3299
f 3299 3513 3300
f 3300 3513 3514
f 3300 3514 3515
f 3300 3515 3301
f 3301 3516 3517
f 3301 3517 3302
f 3301 3515 3512
f 3301 3512 3518
f 3301 3518 3519
f 3301 3519 3516
f 3302 3520 3303
f 3302 3517 3516
f 3302 3516 3520
f 3303 3520 3521
f 3303 3521 3522
f 3303 3522 3304
f 3304 3522 3521
f 3304 3521 3523
f 3304 3523 3497
f 3307 3524 3309
f 3307 3506 3524
f 3309 3524 3505
f 3309 3505 3311
f 3309 3311 3310
f 3311 3505 3525
f 3311 3525 3312
f 3312 3526 3313
f 3312 3525 3505
f 3312 3505 3527
f 3312 3527 3528
f 3312 3528 3526
f 3313 3526 3529
f 3313 3529 3314
f 3314 3529 3315
f 3315 3530 3316
f 3315 3529 3530
f 3316 3531 3532
f 3316 3532 3533
f 3316 3533 3324
f 3316 3324 3320
f 3316 3320 3317
f 3316 3530 3531
f 3317 3319 3318
f 3320 3324 3534
f 3320 3534 3321
f 3321 3534 3323
f 3321 3323 3322
f 3323 3534 3324
f 3324 3533 3535
f 3324 3535 3325
f 3325 3535 3536
f 3325 3536 3326
f 3326 3536 3537
f 3326 3537 3538
f 3326 3538 3327
f 3327 3538 3328
f 3328 3538 3539
f 3328 3539 3540
f 3328 3540 3541
f 3328 3541 3542
f 3328 3542 3329
f 3329 3542 3330
f 3330 3542 3543
f 3330 3543 3331
f 3331 3543 3332
f 3332 3543 3333
f 3333 3543 3334
f 3334 3543 3544
f 3334 3544 3335
f 3335 3544 3545
f 3335 3545 3546
f 3335 3546 3336
f 3336 3546 3547
f 3336 3547 3548
f 3336 3548 3337
f 3337 3548 3549
f 3337 3549 3550
f 3337 3550 3350
f 3337 3350 3551
f 3337 3551 3552
f 3337 3552 3338
f 3338 3552 3339
f 3339 3552 3340
f 3340 3552 3341
f 3341 3552 3342
f 3342 3552 3350
f 3342 3350 3349
f 3342 3349 3348
f 3344 3345 3353
f 3345 3347 3553
f 3345 3553 3554
f 3345 3554 3555
f 3345 3555 3556
f 3345 3556 3354
f 3345 3354 3353
f 3346 3352 3554
f 3346 3554 3553
f 3350 3552 3551
f 3350 3550 3557
f 3350 3557 3351
f 3351 3557 3550
f 3351 3550 3549
f 3351 3549 3558
f 3351 3558 3559
f 3351 3559 3352
f 3352 3559 3554
f 3354 3556 3560
f 3354 3560 3561
f 3354 3561 3562
f 3354 3562 3355
f 3355 3562 3358
f 3355 3357 3356
f 3358 3562 3563
f 3358 3563 3390
f 3360 3391 3564
f 3360 3564 3361
f 3361 3564 3565
f 3361 3565 3566
f 3361 3566 3567
f 3361 3567 3568
f 3361 3568 3363
f 3361 3363 3362
f 3363 3568 3569
f 3363 3569 3364
f 3364 3569 3570
f 3364 3570 3571
f 3364 3571 3572
f 3364 3572 3573
f 3364 3573 3574
f 3364 3574 3365
f 3365 3574 3370
f 3368 3575 3576
f 3368 3576 3374
f 3368 3369 3577
f 3368 3577 3575
f 3369 3373 3578
f 3369 3578 3579
f 3369 3579 3580
f 3369 3580 3577
f 3370 3574 3573
f 3370 3573 3572
f 3370 3572 3581
f 3370 3581 3371
f 3371 3581 3372
f 3372 3582 3583
f 3372 3583 3584
f 3372 3584 3578
f 3372 3578 3373
f 3372 3581 3582
f 3374 3576 3585
f 3374 3585 3375
f 3375 3585 3376
f 3376 3585 3586
f 3376 3586 3587
f 3376 3587 3377
f 3377 3587 3588
f 3377 3588 3589
f 3377 3589 3590
f 3377 3590 3378
f 3378 3590 3591
f 3378 3591 3592
f 3378 3592 3593
f 3378 3593 3379
f 3379 3593 3380
f 3380 3384 3594
f 3380 3594 3381
f 3380 3593 3595
f 3380 3595 3596
f 3380 3596 3384
f 3381 3594 3597
f 3381 3597 3382
f 3382 3597 3383
f 3383 3597 3384
f 3384 3596 3385
f 3384 3597 3594
f 3385 3598 3386
f 3385 3596 3599
f 3385 3599 3598
f 3386 3598 3599
f 3386 3599 3600
f 3386 3600 3601
f 3386 3601 3602
f 3386 3602 3603
f 3386 3603 3387
f 3387 3603 3388
f 3388 3603 3604
f 3388 3604 3392
f 3390 3564 3391
f 3390 3563 3564
f 3392 3605 3606
f 3392 3606 3393
f 3392 3604 3605
f 3393 3606 3607
f 3393 3607 3394
f 3394 3400 3395
f 3394 3607 3400
f 3395 3400 3608
f 3395 3608 3396
f 3396 3608 3609
f 3396 3609 3399
f 3398 3402 3406
f 3399 3609 3610
f 3399 3610 3608
f 3399 3608 3400
f 3400 3611 3612
f 3400 3612 3613
f 3400 3613 3401
f 3400 3607 3611
f 3401 3613 3402
f 3402 3613 3614
f 3402 3614 3406
f 3403 3405 3615
f 3403 3615 3616
f 3403 3616 3404
f 3404 3616 3617
f 3404 3617 3615
f 3404 3615 3618
f 3404 3618 3619
f 3404 3619 3640
f 3404 3640 3419
f 3405 3620 3618
f 3405 3618 3615
f 3405 3409 3408
f 3405 3408 3621
f 3405 3621 3622
f 3405 3622 3623
f 3405 3623 3620
f 3406 3624 3625
f 3406 3625 3626
f 3406 3626 3407
f 3406 3614 3627
f 3406 3627 3624
f 3407 3626 3408
f 3408 3626 3628
f 3408 3628 3629
f 3408 3629 3630
f 3408 3630 3621
f 3410 3631 3633
f 3410 3633 3632
f 3410 3632 3411
f 3410 3415 3631
f 3411 3632 3412
f 3412 3632 3633
f 3412 3633 3634
f 3412 3634 3635
f 3412 3635 3636
f 3412 3636 3413
f 3413 3636 3417
f 3415 3427 3631
f 3417 3636 3449
f 3418 3637 3638
f 3418 3638 3424
f 3418 3423 3639
f 3418 3639 3637
f 3419 3640 3420
f 3420 3640 3421
f 3421 3640 3422
f 3422 3641 3423
f 3422 3640 3641
f 3423 3641 3639
f 3424 3638 3425
f 3425 3638 3426
f 3426 3638 3642
f 3426 3642 3643
f 3426 3643 3644
f 3426 3644 3645
f 3426 3645 3646
f 3426 3646 3647
f 3426 3647 3427
f 3427 3647 3648
f 3427 3648 3631
f 3428 3437 3649
f 3428 3649 3650
f 3428 3650 3429
f 3429 3651 3652
f 3429 3652 3653
f 3429 3653 3431
f 3429 3431 3430
f 3429 3650 3436
f 3429 3436 3654
f 3429 3654 3651
f 3431 3653 3655
f 3431 3655 3432
f 3432 3655 3433
f 3433 3656 3657
f 3433 3657 3658
f 3433 3658 3434
f 3433 3655 3656
f 3434 3658 3440
f 3436 3650 3437
f 3436 3439 3659
f 3436 3659 3660
f 3436 3660 3654
f 3437 3650 3649
f 3438 3454 3661
f 3438 3661 3439
f 3439 3661 3662
f 3439 3662 3663
f 3439 3663 3664
f 3439 3664 3660
f 3439 3660 3659
f 3440 3658 3442
f 3440 3442 3441
f 3442 3665 3443
f 3442 3658 3665
f 3443 3666 3667
f 3443 3667 3668
f 3443 3668 3444
f 3443 3665 3669
f 3443 3669 3670
f 3443 3670 3671
f 3443 3671 3666
f 3444 3668 3672
f 3444 3672 3673
f 3444 3673 3674
f 3444 3674 3445
f 3445 3675 3681
f 3445 3681 3459
f 3445 3459 3457
f 3445 3457 3446
f 3445 3674 3676
f 3445 3676 3675
f 3447 3677 3678
f 3447 3678 3448
f 3447 3449 3677
f 3448 3678 3450
f 3449 3636 3679
f 3449 3679 3680
f 3449 3680 3662
f 3449 3662 3677
f 3450 3678 3451
f 3451 3678 3453
f 3451 3453 3452
f 3453 3678 3662
f 3453 3662 3661
f 3453 3661 3454
f 3455 3463 3456
f 3455 3462 3463
f 3458 3459 3681
f 3458 3681 3682
f 3458 3682 3683
f 3458 3683 3686
f 3458 3686 3461
f 3460 3684 3685
f 3460 3685 3462
f 3461 3686 3684
f 3462 3685 3463
f 3463 3685 3684
f 3464 3687 3688
f 3464 3688 3689
f 3464 3689 3465
f 3464 3684 3687
f 3465 3689 3466
f 3466 3689 3691
f 3466 3691 3690
f 3467 3690 3691
f 3467 3691 3471
f 3468 3691 3692
f 3468 3692 3469
f 3468 3471 3691
f 3469 3692 3693
f 3469 3693 3470
f 3470 3693 3475
f 3472 3478 3473
f 3473 3694 3479
f 3473 3478 3694
f 3475 3693 3695
f 3475 3695 3476
f 3476 3696 3697
f 3476 3697 3698
f 3476 3698 3477
f 3476 3695 3699
f 3476 3699 3696
f 3477 3698 3478
f 3478 3700 3694
f 3479 3694 3700
f 3479 3700 3480
f 3482 3701 3702
f 3482 3702 3703
f 3482 3703 3704
f 3482 3704 3705
f 3482 3705 3706
f 3482 3706 3483
f 3482 3491 3490
f 3482 3490 3701
f 3483 3706 3509
f 3485 3495 3486
f 3486 3495 3707
f 3486 3707 3708
f 3486 3708 3709
f 3486 3709 3710
f 3486 3710 3711
f 3486 3711 3712
f 3486 3712 3487
f 3487 3712 3488
f 3488 3712 3489
f 3489 3712 3490
f 3490 3712 3701
f 3492 3496 3493
f 3493 3707 3494
f 3494 3707 3495
f 3497 3523 3521
f 3497 3521 3713
f 3497 3713 3498
f 3498 3713 3499
f 3499 3713 3714
f 3499 3714 3715
f 3499 3715 3716
f 3499 3716 3528
f 3499 3528 3500
f 3500 3528 3527
f 3500 3527 3504
f 3500 3503 3501
f 3501 3503 3502
f 3504 3527 3505
f 3505 3524 3506
f 3507 3717 3718
f 3507 3718 3511
f 3507 3511 3508
f 3507 3510 3719
f 3507 3719 3717
f 3509 3706 3705
f 3509 3705 3510
f 3510 3705 3720
f 3510 3720 3721
f 3510 3721 3719
f 3511 3718 3722
f 3511 3722 3512
f 3512 3515 3514
f 3512 3722 3518
f 3516 3519 3723
f 3516 3723 3724
f 3516 3724 3725
f 3516 3725 3520
f 3518 3722 3718
f 3518 3718 3717
f 3518 3717 3726
f 3518 3726 3519
f 3519 3726 3727
f 3519 3727 3728
f 3519 3728 3729
f 3519 3729 3730
f 3519 3730 3723
f 3520 3725 3731
f 3520 3731 3732
f 3520 3732 3733
f 3520 3733 3734
f 3520 3734 3713
f 3520 3713 3521
f 3526 3735 3736
f 3526 3736 3529
f 3526 3528 3715
f 3526 3715 3735
f 3528 3716 3715
f 3529 3736 3737
f 3529 3737 3530
f 3530 3738 3739
f 3530 3739 3740
f 3530 3740 3741
f 3530 3741 3536
f 3530 3536 3531
f 3530 3737 3738
f 3531 3533 3532
f 3531 3536 3533
f 3533 3536 3535
f 3536 3741 3742
f 3536 3742 3743
f 3536 3743 3537
f 3537 3744 3745
f 3537 3745 3746
f 3537 3746 3747
f 3537 3747 3748
f 3537 3748 3538
f 3537 3743 3744
f 3538 3540 3539
f 3538 3748 3540
f 3540 3749 3541
f 3540 3748 3750
f 3540 3750 3749
f 3541 3749 3545
f 3541 3545 3543
f 3541 3543 3542
f 3543 3545 3544
f 3545 3749 3751
f 3545 3751 3546
f 3546 3751 3547
f 3547 3752 3753
f 3547 3753 3754
f 3547 3754 3548
f 3547 3751 3752
f 3548 3754 3755
f 3548 3755 3756
f 3548 3756 3549
f 3549 3756 3558
f 3554 3559 3555
f 3555 3559 3757
f 3555 3757 3758
f 3555 3758 3560
f 3555 3560 3556
f 3558 3756 3759
f 3558 3759 3559
f 3559 3759 3757
f 3560 3760 3561
f 3560 3758 3761
f 3560 3761 3760
f 3561 3760 3762
f 3561 3762 3562
f 3562 3762 3565
f 3562 3565 3563
f 3563 3565 3564
f 3565 3762 3763
f 3565 3763 3567
f 3565 3567 3566
f 3567 3764 3765
f 3567 3765 3766
f 3567 3766 3568
f 3567 3763 3767
f 3567 3767 3764
f 3568 3766 3768
f 3568 3768 3569
f 3569 3768 3769
f 3569 3769 3770
f 3569 3770 3570
f 3570 3771 3571
f 3570 3770 3771
f 3571 3771 3572
f 3572 3771 3772
f 3572 3772 3582
f 3572 3582 3581
f 3575 3577 3773
f 3575 3773 3774
f 3575 3774 3775
f 3575 3775 3776
f 3575 3776 3777
f 3575 3777 3576
f 3576 3777 3585
f 3577 3580 3778
f 3577 3778 3779
f 3577 3779 3780
f 3577 3780 3781
f 3577 3781 3773
f 3578 3584 3778
f 3578 3778 3579
f 3579 3778 3580
f 3582 3772 3782
f 3582 3782 3583
f 3583 3782 3783
f 3583 3783 3584
f 3584 3783 3784
f 3584 3784 3778
f 3585 3777 3785
f 3585 3785 3587
f 3585 3587 3586
f 3587 3785 3786
f 3587 3786 3588
f 3588 3787 3788
f 3588 3788 3589
f 3588 3786 3787
f 3589 3788 3590
f 3590 3788 3789
f 3590 3789 3591
f 3591 3789 3790
f 3591 3790 3592
f 3592 3790 3791
f 3592 3791 3792
f 3592 3792 3793
f 3592 3793 3794
f 3592 3794 3795
f 3592 3795 3593
f 3593 3795 3595
f 3595 3796 3797
f 3595 3797 3600
f 3595 3600 3596
f 3595 3795 3798
f 3595 3798 3799
f 3595 3799 3800
f 3595 3800 3992
f 3595 3992 3801
f 3595 3801 3802
f 3595 3802 3796
f 3596 3600 3599
f 3600 3797 3601
f 3601 3797 3802
f 3601 3802 3803
f 3601 3803 3602
f 3602 3803 3603
f 3603 3803 3604
f 3604 3803 3605
f 3605 3803 3804
f 3605 3804 3606
f 3606 3804 3805
f 3606 3805 3607
f 3607 3805 3806
f 3607 3806 3807
f 3607 3807 3611
f 3608 3610 3609
f 3611 3807 3808
f 3611 3808 3809
f 3611 3809 3612
f 3612 3809 3627
f 3612 3627 3614
f 3612 3614 3613
f 3615 3617 3616
f 3618 3620 3810
f 3618 3810 3619
f 3619 3811 3812
f 3619 3812 3640
f 3619 3810 3811
f 3620 3813 3810
f 3620 3623 3813
f 3621 3630 3623
f 3621 3623 3622
f 3623 3630 3814
f 3623 3814 3813
f 3624 3815 3629
f 3624 3629 3628
f 3624 3628 3625
f 3624 3627 3808
f 3624 3808 3815
f 3625 3628 3626
f 3627 3809 3808
f 3629 3816 3814
f 3629 3814 3630
f 3629 3815 3817
f 3629 3817 3816
f 3631 3648 3633
f 3633 3648 3818
f 3633 3818 3634
f 3634 3818 3819
f 3634 3819 3820
f 3634 3820 3821
f 3634 3821 3822
f 3634 3822 3635
f 3635 3822 3679
f 3635 3679 3636
f 3637 3639 3642
f 3637 3642 3638
f 3639 3641 3643
f 3639 3643 3642
f 3640 3812 3641
f 3641 3812 3823
f 3641 3823 3643
f 3643 3823 3824
f 3643 3824 3644
f 3644 3824 3825
f 3644 3825 3826
f 3644 3826 3645
f 3645 3826 3827
f 3645 3827 3828
f 3645 3828 3829
f 3645 3829 3830
f 3645 3830 3647
f 3645 3647 3646
f 3647 3831 3832
f 3647 3832 3833
f 3647 3833 3834
f 3647 3834 3819
f 3647 3819 3818
f 3647 3818 3648
f 3647 3830 3835
f 3647 3835 3831
f 3651 3836 3652
f 3651 3654 3660
f 3651 3660 3836
f 3652 3836 3837
f 3652 3837 3653
f 3653 3837 3655
f 3655 3837 3838
f 3655 3838 3839
f 3655 3839 3670
f 3655 3670 3840
f 3655 3840 3656
f 3656 3840 3657
f 3657 3840 3841
f 3657 3841 3658
f 3658 3841 3669
f 3658 3669 3665
f 3660 3664 3836
f 3662 3678 3677
f 3662 3680 3842
f 3662 3842 3843
f 3662 3843 3663
f 3663 3843 3664
f 3664 3844 3845
f 3664 3845 3846
f 3664 3846 3847
f 3664 3847 3848
f 3664 3848 3836
f 3664 3843 3842
f 3664 3842 3822
f 3664 3822 3844
f 3666 3849 3850
f 3666 3850 3851
f 3666 3851 3667
f 3666 3671 3849
f 3667 3851 3852
f 3667 3852 3668
f 3668 3852 3672
f 3669 3841 3840
f 3669 3840 3670
f 3670 3839 3853
f 3670 3853 3671
f 3671 3853 3849
f 3672 3852 3854
f 3672 3854 3673
f 3673 3854 3855
f 3673 3855 3676
f 3673 3676 3674
f 3675 3676 3855
f 3675 3855 3681
f 3679 3822 3842
f 3679 3842 3856
f 3679 3856 3680
f 3680 3856 3842
f 3681 3855 3682
f 3682 3855 3857
f 3682 3857 3683
f 3683 3857 3858
f 3683 3858 3859
f 3683 3859 3686
f 3684 3686 3687
f 3686 3860 4055
f 3686 4055 3861
f 3686 3861 3862
f 3686 3862 3687
f 3686 3859 3863
f 3686 3863 3864
f 3686 3864 3860
f 3687 3865 3866
f 3687 3866 3688
f 3687 3862 3865
f 3688 3866 3689
f 3689 3867 3691
f 3689 3866 3868
f 3689 3868 3869
f 3689 3869 3870
f 3689 3870 3871
f 3689 3871 3867
f 3691 3867 3872
f 3691 3872 3873
f 3691 3873 3874
f 3691 3874 3692
f 3692 3874 3875
f 3692 3875 3876
f 3692 3876 3693
f 3693 3876 3695
f 3695 3876 3699
f 3696 3877 3878
f 3696 3878 3879
f 3696 3879 3880
f 3696 3880 3697
f 3696 3699 3881
f 3696 3881 3882
f 3696 3882 3877
f 3697 3880 3883
f 3699 3876 3881
f 3701 3884 3702
f 3701 3712 3884
f 3702 3884 3885
f 3702 3885 3886
f 3702 3886 3703
f 3703 3886 3704
f 3704 3887 3888
f 3704 3888 3721
f 3704 3721 3720
f 3704 3720 3705
f 3704 3886 3887
f 3709 3889 3710
f 3710 3889 3890
f 3710 3890 3891
f 3710 3891 3711
f 3711 3891 3892
f 3711 3892 3712
f 3712 3892 3885
f 3712 3885 3884
f 3713 3734 3714
f 3714 3893 3894
f 3714 3894 3895
f 3714 3895 3715
f 3714 3734 3896
f 3714 3896 3893
f 3715 3895 3735
f 3717 3719 3726
f 3719 3721 3726
f 3721 3888 3897
f 3721 3897 3727
f 3721 3727 3726
f 3723 3730 3898
f 3723 3898 3724
f 3724 3898 3725
f 3725 3899 3900
f 3725 3900 3901
f 3725 3901 3731
f 3725 3898 3902
f 3725 3902 3903
f 3725 3903 3904
f 3725 3904 3899
f 3727 3905 3728
f 3727 3897 3905
f 3728 3906 3907
f 3728 3907 3908
f 3728 3908 3729
f 3728 3905 3909
f 3728 3909 3910
f 3728 3910 3906
f 3729 3898 3730
f 3729 3908 3898
f 3731 3901 3732
f 3732 3901 3733
f 3733 3896 3734
f 3733 3901 3896
f 3735 3895 3911
f 3735 3911 3737
f 3735 3737 3736
f 3737 3911 3738
f 3738 3912 3913
f 3738 3913 3914
f 3738 3914 3739
f 3738 3911 3912
f 3739 3915 3740
f 3739 3914 3915
f 3740 3915 3916
f 3740 3916 3917
f 3740 3917 3741
f 3741 3917 3918
f 3741 3918 3742
f 3742 3918 3743
f 3743 3918 3919
f 3743 3919 3920
f 3743 3920 3744
f 3744 3920 3745
f 3745 3921 3746
f 3745 3920 3921
f 3746 3921 3922
f 3746 3922 3923
f 3746 3923 3924
f 3746 3924 3925
f 3746 3925 3747
f 3747 3925 3926
f 3747 3926 3748
f 3748 3926 3927
f 3748 3927 3928
f 3748 3928 3750
f 3749 3750 3928
f 3749 3928 3929
f 3749 3929 3751
f 3751 3929 3752
f 3752 3930 3931
f 3752 3931 3755
f 3752 3755 3753
f 3752 3929 3932
f 3752 3932 3930
f 3753 3755 3754
f 3755 3931 3933
f 3755 3933 3756
f 3756 3933 3759
f 3757 3934 3761
f 3757 3761 3758
f 3757 3759 3933
f 3757 3933 3935
f 3757 3935 3934
f 3760 3761 3936
f 3760 3936 3937
f 3760 3937 3938
f 3760 3938 3762
f 3761 3934 3939
f 3761 3939 3940
f 3761 3940 3941
f 3761 3941 3942
f 3761 3942 3943
f 3761 3943 3936
f 3762 3938 3946
f 3762 3946 3767
f 3762 3767 3763
f 3764 3944 3945
f 3764 3945 3765
f 3764 3767 3946
f 3764 3946 3947
f 3764 3947 3948
f 3764 3948 3944
f 3765 3945 3771
f 3765 3771 3770
f 3765 3770 3769
f 3765 3769 3949
f 3765 3949 3766
f 3766 3949 3768
f 3768 3949 3769
f 3771 3945 3950
f 3771 3950 3782
f 3771 3782 3772
f 3773 3951 3774
f 3773 3781 3951
f 3774 3952 3953
f 3774 3953 3775
f 3774 3951 3952
f 3775 3953 3776
f 3776 3953 3777
f 3777 3953 3954
f 3777 3954 3955
f 3777 3955 3785
f 3778 3784 3956
f 3778 3956 3957
f 3778 3957 3958
f 3778 3958 3959
f 3778 3959 3779
f 3779 3959 3780
f 3780 3959 3960
f 3780 3960 3781
f 3781 3960 3961
f 3781 3961 3951
f 3782 3950 3945
f 3782 3945 3962
f 3782 3962 3963
f 3782 3963 3783
f 3783 3963 3964
f 3783 3964 3784
f 3784 3964 3965
f 3784 3965 3966
f 3784 3966 3967
f 3784 3967 3968
f 3784 3968 3969
f 3784 3969 3956
f 3785 3955 3970
f 3785 3970 3786
f 3786 3970 3971
f 3786 3971 3972
f 3786 3972 3787
f 3787 3972 3973
f 3787 3973 3974
f 3787 3974 3975
f 3787 3975 3790
f 3787 3790 3788
f 3788 3790 3789
f 3790 3975 3976
f 3790 3976 3977
f 3790 3977 3978
f 3790 3978 3979
f 3790 3979 3980
f 3790 3980 3981
f 3790 3981 3982
f 3790 3982 3983
f 3790 3983 3791
f 3791 3983 3792
f 3792 3983 3984
f 3792 3984 3985
f 3792 3985 3793
f 3793 3985 3986
f 3793 3986 3987
f 3793 3987 3794
f 3794 3987 3988
f 3794 3988 3798
f 3794 3798 3795
f 3796 3802 3797
f 3798 3988 3987
f 3798 3987 3989
f 3798 3989 3990
f 3798 3990 3991
f 3798 3991 3992
f 3798 3992 3993
f 3798 3993 3994
f 3798 3994 3799
f 3799 3994 3993
f 3799 3993 3992
f 3799 3992 3800
f 3801 3992 3991
f 3801 3991 3803
f 3801 3803 3802
f 3803 3991 3804
f 3804 3991 3805
f 3805 3995 3806
f 3805 3991 3996
f 3805 3996 3997
f 3805 3997 3998
f 3805 3998 3999
f 3805 3999 4000
f 3805 4000 3995
f 3806 3995 4001
f 3806 4001 3808
f 3806 3808 3807
f 3808 4001 4002
f 3808 4002 4003
f 3808 4003 3815
f 3810 3813 4004
f 3810 4004 4005
f 3810 4005 3811
f 3811 4006 3825
f 3811 3825 3812
f 3811 4005 4006
f 3812 3825 3824
f 3812 3824 3823
f 3813 3814 4007
f 3813 4007 4004
f 3814 3816 4007
f 3815 4003 3998
f 3815 3998 3817
f 3816 3817 4008
f 3816 4008 4009
f 3816 4009 4010
f 3816 4010 4004
f 3816 4004 4007
f 3817 3998 3997
f 3817 3997 4008
f 3819 3834 3820
f 3820 3834 4011
f 3820 4011 3821
f 3821 4011 4012
f 3821 4012 4013
f 3821 4013 4014
f 3821 4014 3822
f 3822 4015 3844
f 3822 4014 4013
f 3822 4013 4016
f 3822 4016 4015
f 3825 4006 3826
f 3826 4006 3827
f 3827 4006 4017
f 3827 4017 3828
f 3828 4018 3829
f 3828 4017 4019
f 3828 4019 4018
f 3829 4020 4021
f 3829 4021 4022
f 3829 4022 3830
f 3829 4018 4020
f 3830 4022 3835
f 3831 3835 4023
f 3831 4023 4024
f 3831 4024 3832
f 3832 4024 3833
f 3833 4025 4211
f 3833 4211 4026
f 3833 4026 4011
f 3833 4011 3834
f 3833 4024 4027
f 3833 4027 4028
f 3833 4028 4029
f 3833 4029 4025
f 3835 4022 4030
f 3835 4030 4031
f 3835 4031 4023
f 3836 4032 3837
f 3836 3848 4032
f 3837 4032 4033
f 3837 4033 4034
f 3837 4034 4035
f 3837 4035 4036
f 3837 4036 4037
f 3837 4037 3839
f 3837 3839 3838
f 3839 4037 4038
f 3839 4038 4039
f 3839 4039 3853
f 3844 4040 4041
f 3844 4041 3845
f 3844 4015 4042
f 3844 4042 4040
f 3845 4041 3846
f 3846 4043 3847
f 3846 4041 4044
f 3846 4044 4043
f 3847 4043 3848
f 3848 4045 4046
f 3848 4046 4032
f 3848 4043 4045
f 3849 4047 3850
f 3849 3853 4047
f 3850 4047 4048
f 3850 4048 3853
f 3850 3853 4049
f 3850 4049 4050
f 3850 4050 4051
f 3850 4051 4052
f 3850 4052 3851
f 3851 4052 3852
f 3852 4052 3854
f 3853 4039 4049
f 3853 4048 4047
f 3854 4053 3855
f 3854 4052 4053
f 3855 4053 3857
f 3857 4053 3858
f 3858 4053 4051
f 3858 4051 3859
f 3859 4051 4054
f 3859 4054 3863
f 3860 3864 4056
f 3860 4056 4055
f 3861 4055 4057
f 3861 4057 3862
f 3862 4057 4058
f 3862 4058 4059
f 3862 4059 4060
f 3862 4060 3865
f 3863 4054 4061
f 3863 4061 3864
f 3864 4061 4056
f 3865 4060 3866
f 3866 4060 3868
f 3867 3871 3872
f 3868 4060 4059
f 3868 4059 3869
f 3869 4059 3870
f 3870 4059 3871
f 3871 4059 4062
f 3871 4062 3872
f 3872 4063 3873
f 3872 4062 4064
f 3872 4064 4063
f 3873 4063 4065
f 3873 4065 3874
f 3874 4065 4066
f 3874 4066 3875
f 3875 4067 3876
f 3875 4066 4067
f 3876 4067 3882
f 3876 3882 3881
f 3877 4068 4069
f 3877 4069 3878
f 3877 3882 4067
f 3877 4067 4068
f 3878 4069 4070
f 3878 4070 4071
f 3878 4071 3879
f 3879 4072 4073
f 3879 4073 3880
f 3879 4071 4074
f 3879 4074 4075
f 3879 4075 4076
f 3879 4076 4077
f 3879 4077 4078
f 3879 4078 4072
f 3880 4073 3883
f 3883 4073 4079
f 3885 4080 3886
f 3885 3892 3891
f 3885 3891 4081
f 3885 4081 4080
f 3886 4080 4082
f 3886 4082 4083
f 3886 4083 3887
f 3887 4083 4084
f 3887 4084 4085
f 3887 4085 3897
f 3887 3897 3888
f 3889 4086 3890
f 3890 4086 4087
f 3890 4087 3891
f 3891 4088 4089
f 3891 4089 4081
f 3891 4087 4088
f 3893 3896 4090
f 3893 4090 3894
f 3894 4090 3895
f 3895 4090 4091
f 3895 4091 3911
f 3896 4092 4093
f 3896 4093 4090
f 3896 3901 4094
f 3896 4094 4095
f 3896 4095 4096
f 3896 4096 4097
f 3896 4097 4098
f 3896 4098 4099
f 3896 4099 4100
f 3896 4100 4092
f 3897 4085 4101
f 3897 4101 3909
f 3897 3909 3905
f 3898 3908 4102
f 3898 4102 3902
f 3899 4103 4104
f 3899 4104 3901
f 3899 3901 3900
f 3899 3904 4103
f 3901 4104 4105
f 3901 4105 4094
f 3902 4102 4106
f 3902 4106 3903
f 3903 4106 3904
f 3904 4106 4107
f 3904 4107 4108
f 3904 4108 4109
f 3904 4109 4110
f 3904 4110 4103
f 3906 3908 3907
f 3906 3910 4111
f 3906 4111 3908
f 3908 4111 4112
f 3908 4112 4102
f 3909 4101 4113
f 3909 4113 3910
f 3910 4113 4111
f 3911 4091 4114
f 3911 4114 3912
f 3912 4114 3913
f 3913 4115 4116
f 3913 4116 3915
f 3913 3915 3914
f 3913 4114 4117
f 3913 4117 4115
f 3915 4116 4118
f 3915 4118 4119
f 3915 4119 4120
f 3915 4120 4121
f 3915 4121 3916
f 3916 4121 3918
f 3916 3918 3917
f 3918 4121 3920
f 3918 3920 3919
f 3920 4121 4122
f 3920 4122 4123
f 3920 4123 4124
f 3920 4124 3921
f 3921 4124 4125
f 3921 4125 4126
f 3921 4126 3922
f 3922 4127 4128
f 3922 4128 4129
f 3922 4129 3923
f 3922 4126 4130
f 3922 4130 4127
f 3923 4131 3926
f 3923 3926 3924
f 3923 4129 4132
f 3923 4132 4133
f 3923 4133 4131
f 3924 3926 3925
f 3926 4131 4134
f 3926 4134 3927
f 3927 4135 4136
f 3927 4136 4137
f 3927 4137 3928
f 3927 4134 4138
f 3927 4138 4139
f 3927 4139 4135
f 3928 3932 3929
f 3928 4137 4136
f 3928 4136 4140
f 3928 4140 3932
f 3930 4140 4141
f 3930 4141 3933
f 3930 3933 3931
f 3930 3932 4140
f 3933 4141 3935
f 3934 3935 3939
f 3935 4141 4142
f 3935 4142 4143
f 3935 4143 4144
f 3935 4144 3940
f 3935 3940 3939
f 3936 3943 4145
f 3936 4145 3937
f 3937 4145 3938
f 3938 4145 4146
f 3938 4146 3942
f 3938 3942 4147
f 3938 4147 3947
f 3938 3947 3946
f 3940 4148 3941
f 3940 4144 4142
f 3940 4142 4136
f 3940 4136 4139
f 3940 4139 4148
f 3941 4148 4138
f 3941 4138 4149
f 3941 4149 3942
f 3942 4150 4151
f 3942 4151 4152
f 3942 4152 3948
f 3942 3948 4153
f 3942 4153 4154
f 3942 4154 4147
f 3942 4146 3943
f 3942 4149 4150
f 3943 4146 4145
f 3944 3948 4152
f 3944 4152 4155
f 3944 4155 3945
f 3945 4155 3962
f 3947 4147 3948
f 3948 4147 4154
f 3948 4154 4153
f 3951 4156 4157
f 3951 4157 3952
f 3951 3961 4156
f 3952 4157 3953
f 3953 4157 4158
f 3953 4158 4159
f 3953 4159 4160
f 3953 4160 4161
f 3953 4161 3954
f 3954 4161 3955
f 3955 4161 4162
f 3955 4162 3970
f 3956 4163 3957
f 3956 3969 4164
f 3956 4164 4163
f 3957 4165 4166
f 3957 4166 3958
f 3957 4163 4167
f 3957 4167 4168
f 3957 4168 4169
f 3957 4169 4170
f 3957 4170 4165
f 3958 4166 4171
f 3958 4171 3960
f 3958 3960 3959
f 3960 4171 4156
f 3960 4156 3961
f 3962 4155 4172
f 3962 4172 3963
f 3963 4173 3964
f 3963 4172 3965
f 3963 3965 4173
f 3964 4173 3965
f 3965 4172 4174
f 3965 4174 4175
f 3965 4175 4176
f 3965 4176 4177
f 3965 4177 4178
f 3965 4178 3966
f 3966 4178 3967
f 3967 4178 4179
f 3967 4179 3968
f 3968 4179 3969
f 3969 4179 4164
f 3970 4162 3971
f 3971 4180 4181
f 3971 4181 3972
f 3971 4162 4180
f 3972 4181 4182
f 3972 4182 4183
f 3972 4183 3973
f 3973 4183 4182
f 3973 4182 4184
f 3973 4184 3976
f 3973 3976 3975
f 3973 3975 3974
f 3976 4184 4185
f 3976 4185 3977
f 3977 4186 3978
f 3977 4185 4186
f 3978 4186 4187
f 3978 4187 4188
f 3978 4188 3980
f 3978 3980 3979
f 3980 4189 3981
f 3980 4188 4190
f 3980 4190 4191
f 3980 4191 3982
f 3980 3982 4189
f 3981 4189 3982
f 3982 4191 4192
f 3982 4192 4193
f 3982 4193 3983
f 3983 4193 3984
f 3984 4193 3985
f 3985 4193 4194
f 3985 4194 3986
f 3986 4195 4196
f 3986 4196 4019
f 3986 4019 4197
f 3986 4197 4198
f 3986 4198 4199
f 3986 4199 4200
f 3986 4200 3987
f 3986 4194 4195
f 3987 4201 3989
f 3987 4200 4202
f 3987 4202 4201
f 3989 4201 4203
f 3989 4203 3990
f 3990 4203 3991
f 3991 4203 3996
f 3995 4000 4002
f 3995 4002 4001
f 3996 4203 4204
f 3996 4204 3997
f 3997 4204 4201
f 3997 4201 4202
f 3997 4202 4205
f 3997 4205 4008
f 3998 4003 3999
f 3999 4003 4002
f 3999 4002 4000
f 4004 4010 4206
f 4004 4206 4207
f 4004 4207 4005
f 4005 4207 4208
f 4005 4208 4209
f 4005 4209 4006
f 4006 4209 4017
f 4008 4205 4009
f 4009 4198 4010
f 4009 4205 4198
f 4010 4198 4197
f 4010 4197 4208
f 4010 4208 4206
f 4011 4026 4012
f 4012 4026 4013
f 4013 4210 4042
f 4013 4042 4016
f 4013 4026 4211
f 4013 4211 4212
f 4013 4212 4213
f 4013 4213 4214
f 4013 4214 4215
f 4013 4215 4210
f 4015 4016 4042
f 4017 4209 4019
f 4018 4019 4196
f 4018 4196 4216
f 4018 4216 4020
f 4019 4209 4208
f 4019 4208 4197
f 4020 4217 4218
f 4020 4218 4030
f 4020 4030 4021
f 4020 4216 4217
f 4021 4030 4022
f 4023 4031 4024
f 4024 4031 4030
f 4024 4030 4219
f 4024 4219 4220
f 4024 4220 4027
f 4025 4029 4211
f 4027 4220 4221
f 4027 4221 4028
f 4028 4222 4029
f 4028 4221 4222
f 4029 4222 4212
f 4029 4212 4211
f 4030 4218 4223
f 4030 4223 4224
f 4030 4224 4225
f 4030 4225 4220
f 4030 4220 4219
f 4032 4046 4033
f 4033 4046 4034
f 4034 4226 4035
f 4034 4046 4227
f 4034 4227 4226
f 4035 4228 4036
f 4035 4226 4228
f 4036 4228 4229
f 4036 4229 4037
f 4037 4229 4039
f 4037 4039 4038
f 4039 4229 4049
f 4040 4042 4230
f 4040 4230 4041
f 4041 4230 4044
f 4042 4210 4231
f 4042 4231 4232
f 4042 4232 4044
f 4042 4044 4230
f 4043 4044 4233
f 4043 4233 4234
f 4043 4234 4235
f 4043 4235 4046
f 4043 4046 4045
f 4044 4232 4236
f 4044 4236 4237
f 4044 4237 4238
f 4044 4238 4239
f 4044 4239 4233
f 4046 4235 4227
f 4049 4229 4050
f 4050 4229 4240
f 4050 4240 4051
f 4051 4240 4061
f 4051 4061 4054
f 4051 4053 4052
f 4055 4056 4057
f 4056 4061 4240
f 4056 4240 4241
f 4056 4241 4242
f 4056 4242 4057
f 4057 4242 4243
f 4057 4243 4244
f 4057 4244 4245
f 4057 4245 4058
f 4058 4245 4246
f 4058 4246 4247
f 4058 4247 4248
f 4058 4248 4059
f 4059 4248 4062
f 4062 4248 4065
f 4062 4065 4063
f 4062 4063 4064
f 4065 4248 4247
f 4065 4247 4249
f 4065 4249 4250
f 4065 4250 4251
f 4065 4251 4252
f 4065 4252 4066
f 4066 4252 4253
f 4066 4253 4067
f 4067 4253 4068
f 4068 4253 4069
f 4069 4253 4254
f 4069 4254 4255
f 4069 4255 4256
f 4069 4256 4070
f 4070 4256 4257
f 4070 4257 4258
f 4070 4258 4075
f 4070 4075 4074
f 4070 4074 4071
f 4072 4259 4260
f 4072 4260 4073
f 4072 4078 4259
f 4073 4260 4079
f 4075 4258 4261
f 4075 4261 4262
f 4075 4262 4263
f 4075 4263 4076
f 4076 4078 4077
f 4076 4263 4078
f 4078 4264 4259
f 4078 4263 4264
f 4080 4081 4265
f 4080 4265 4082
f 4081 4089 4265
f 4082 4265 4266
f 4082 4266 4267
f 4082 4267 4268
f 4082 4268 4269
f 4082 4269 4270
f 4082 4270 4083
f 4083 4270 4084
f 4084 4101 4085
f 4084 4270 4101
f 4086 4271 4087
f 4087 4271 4266
f 4087 4266 4265
f 4087 4265 4088
f 4088 4265 4089
f 4090 4272 4273
f 4090 4273 4274
f 4090 4274 4091
f 4090 4093 4272
f 4091 4274 4275
f 4091 4275 4117
f 4091 4117 4114
f 4092 4100 4093
f 4093 4100 4276
f 4093 4276 4272
f 4094 4105 4277
f 4094 4277 4095
f 4095 4277 4105
f 4095 4105 4096
f 4096 4278 4279
f 4096 4279 4280
f 4096 4280 4097
f 4096 4105 4278
f 4097 4280 4281
f 4097 4281 4098
f 4098 4281 4099
f 4099 4282 4283
f 4099 4283 4284
f 4099 4284 4100
f 4099 4281 4282
f 4100 4284 4285
f 4100 4285 4276
f 4101 4270 4286
f 4101 4286 4287
f 4101 4287 4113
f 4102 4108 4107
f 4102 4107 4106
f 4102 4112 4288
f 4102 4288 4289
f 4102 4289 4108
f 4103 4110 4290
f 4103 4290 4104
f 4104 4290 4291
f 4104 4291 4292
f 4104 4292 4293
f 4104 4293 4278
f 4104 4278 4105
f 4108 4289 4294
f 4108 4294 4295
f 4108 4295 4296
f 4108 4296 4297
f 4108 4297 4298
f 4108 4298 4299
f 4108 4299 4109
f 4109 4299 4110
f 4110 4299 4300
f 4110 4300 4301
f 4110 4301 4302
f 4110 4302 4290
f 4111 4113 4287
f 4111 4287 4303
f 4111 4303 4304
f 4111 4304 4305
f 4111 4305 4306
f 4111 4306 4307
f 4111 4307 4308
f 4111 4308 4309
f 4111 4309 4310
f 4111 4310 4311
f 4111 4311 4312
f 4111 4312 4112
f 4112 4312 4288
f 4115 4117 4313
f 4115 4313 4314
f 4115 4314 4315
f 4115 4315 4316
f 4115 4316 4116
f 4116 4316 4317
f 4116 4317 4118
f 4117 4318 4319
f 4117 4319 4313
f 4117 4275 4318
f 4118 4317 4119
f 4119 4317 4320
f 4119 4320 4120
f 4120 4320 4321
f 4120 4321 4322
f 4120 4322 4121
f 4121 4322 4122
f 4122 4322 4321
f 4122 4321 4323
f 4122 4323 4324
f 4122 4324 4123
f 4123 4324 4325
f 4123 4325 4326
f 4123 4326 4124
f 4124 4326 4125
f 4125 4326 4126
f 4126 4326 4130
f 4127 4327 4128
f 4127 4130 4328
f 4127 4328 4327
f 4128 4327 4329
f 4128 4329 4330
f 4128 4330 4129
f 4129 4330 4329
f 4129 4329 4331
f 4129 4331 4132
f 4130 4326 4328
f 4131 4133 4332
f 4131 4332 4134
f 4132 4331 4333
f 4132 4333 4334
f 4132 4334 4335
f 4132 4335 4133
f 4133 4335 4336
f 4133 4336 4175
f 4133 4175 4174
f 4133 4174 4337
f 4133 4337 4338
f 4133 4338 4339
f 4133 4339 4134
f 4133 4134 4332
f 4134 4339 4138
f 4135 4139 4136
f 4136 4141 4140
f 4136 4142 4141
f 4138 4338 4155
f 4138 4155 4149
f 4138 4148 4139
f 4138 4339 4338
f 4142 4144 4143
f 4149 4155 4150
f 4150 4155 4151
f 4151 4155 4152
f 4155 4338 4172
f 4156 4171 4165
f 4156 4165 4340
f 4156 4340 4341
f 4156 4341 4342
f 4156 4342 4158
f 4156 4158 4157
f 4158 4342 4343
f 4158 4343 4344
f 4158 4344 4159
f 4159 4344 4345
f 4159 4345 4160
f 4160 4345 4161
f 4161 4345 4346
f 4161 4346 4162
f 4162 4346 4347
f 4162 4347 4180
f 4163 4164 4348
f 4163 4348 4349
f 4163 4349 4167
f 4164 4179 4349
f 4164 4349 4348
f 4165 4171 4166
f 4165 4170 4350
f 4165 4350 4340
f 4167 4177 4351
f 4167 4351 4352
f 4167 4352 4353
f 4167 4353 4168
f 4167 4349 4177
f 4168 4353 4354
f 4168 4354 4169
f 4169 4354 4355
f 4169 4355 4170
f 4170 4355 4350
f 4172 4338 4174
f 4174 4338 4337
f 4175 4336 4356
f 4175 4356 4176
f 4176 4357 4351
f 4176 4351 4177
f 4176 4356 4357
f 4177 4349 4178
f 4178 4349 4179
f 4180 4347 4181
f 4181 4358 4184
f 4181 4184 4182
f 4181 4347 4358
f 4184 4358 4187
f 4184 4187 4185
f 4185 4187 4186
f 4187 4358 4359
f 4187 4359 4360
f 4187 4360 4188
f 4188 4360 4190
f 4190 4360 4191
f 4191 4360 4361
f 4191 4361 4362
f 4191 4362 4192
f 4192 4363 4364
f 4192 4364 4365
f 4192 4365 4195
f 4192 4195 4193
f 4192 4362 4366
f 4192 4366 4363
f 4193 4195 4194
f 4195 4365 4367
f 4195 4367 4216
f 4195 4216 4368
f 4195 4368 4196
f 4196 4368 4216
f 4198 4205 4202
f 4198 4202 4199
f 4199 4202 4200
f 4201 4204 4203
f 4206 4208 4207
f 4210 4369 4231
f 4210 4215 4369
f 4212 4370 4213
f 4212 4222 4371
f 4212 4371 4370
f 4213 4370 4214
f 4214 4370 4372
f 4214 4372 4373
f 4214 4373 4369
f 4214 4369 4215
f 4216 4367 4217
f 4217 4374 4218
f 4217 4367 4375
f 4217 4375 4376
f 4217 4376 4374
f 4218 4374 4377
f 4218 4377 4378
f 4218 4378 4223
f 4220 4225 4224
f 4220 4224 4379
f 4220 4379 4221
f 4221 4380 4222
f 4221 4379 4380
f 4222 4380 4371
f 4223 4378 4381
f 4223 4381 4224
f 4224 4381 4379
f 4226 4227 4382
f 4226 4382 4383
f 4226 4383 4384
f 4226 4384 4228
f 4227 4385 4386
f 4227 4386 4387
f 4227 4387 4382
f 4227 4235 4388
f 4227 4388 4389
f 4227 4389 4385
f 4228 4384 4383
f 4228 4383 4229
f 4229 4390 4391
f 4229 4391 4245
f 4229 4245 4244
f 4229 4244 4241
f 4229 4241 4240
f 4229 4383 4390
f 4231 4236 4232
f 4231 4369 4236
f 4233 4239 4392
f 4233 4392 4393
f 4233 4393 4234
f 4234 4393 4394
f 4234 4394 4395
f 4234 4395 4235
f 4235 4395 4396
f 4235 4396 4388
f 4236 4369 4237
f 4237 4369 4238
f 4238 4369 4397
f 4238 4397 4239
f 4239 4397 4392
f 4241 4244 4398
f 4241 4398 4242
f 4242 4398 4243
f 4243 4398 4244
f 4245 4391 4246
f 4246 4391 4399
f 4246 4399 4510
f 4246 4510 4400
f 4246 4400 4401
f 4246 4401 4247
f 4247 4401 4402
f 4247 4402 4249
f 4249 4402 4403
f 4249 4403 4250
f 4250 4403 4404
f 4250 4404 4405
f 4250 4405 4251
f 4251 4405 4404
f 4251 4404 4406
f 4251 4406 4252
f 4252 4406 4407
f 4252 4407 4408
f 4252 4408 4254
f 4252 4254 4253
f 4254 4408 4255
f 4255 4409 4256
f 4255 4408 4410
f 4255 4410 4409
f 4256 4409 4411
f 4256 4411 4412
f 4256 4412 4257
f 4257 4412 4413
f 4257 4413 4261
f 4257 4261 4258
f 4261 4413 4414
f 4261 4414 4262
f 4262 4414 4263
f 4266 4415 4267
f 4267 4415 4268
f 4268 4416 4269
f 4268 4415 4416
f 4269 4304 4303
f 4269 4303 4286
f 4269 4286 4270
f 4269 4416 4304
f 4272 4276 4285
f 4272 4285 4273
f 4273 4285 4417
f 4273 4417 4418
f 4273 4418 4419
f 4273 4419 4274
f 4274 4419 4319
f 4274 4319 4318
f 4274 4318 4275
f 4278 4293 4292
f 4278 4292 4279
f 4279 4292 4420
f 4279 4420 4421
f 4279 4421 4282
f 4279 4282 4281
f 4279 4281 4280
f 4282 4422 4423
f 4282 4423 4283
f 4282 4421 4422
f 4283 4417 4285
f 4283 4285 4284
f 4283 4423 4424
f 4283 4424 4425
f 4283 4425 4426
f 4283 4426 4427
f 4283 4427 4417
f 4286 4303 4287
f 4288 4312 4428
f 4288 4428 4429
f 4288 4429 4289
f 4289 4429 4295
f 4289 4295 4294
f 4290 4302 4420
f 4290 4420 4291
f 4291 4420 4292
f 4295 4429 4430
f 4295 4430 4431
f 4295 4431 4432
f 4295 4432 4296
f 4296 4433 4434
f 4296 4434 4297
f 4296 4432 4433
f 4297 4435 4436
f 4297 4436 4298
f 4297 4434 4435
f 4298 4436 4300
f 4298 4300 4299
f 4300 4436 4301
f 4301 4436 4420
f 4301 4420 4302
f 4304 4416 4437
f 4304 4437 4305
f 4305 4437 4416
f 4305 4416 4438
f 4305 4438 4439
f 4305 4439 4440
f 4305 4440 4441
f 4305 4441 4306
f 4306 4308 4307
f 4306 4441 4308
f 4308 4441 4442
f 4308 4442 4309
f 4309 4442 4443
f 4309 4443 4310
f 4310 4443 4444
f 4310 4444 4445
f 4310 4445 4446
f 4310 4446 4428
f 4310 4428 4447
f 4310 4447 4311
f 4311 4447 4448
f 4311 4448 4312
f 4312 4448 4447
f 4312 4447 4428
f 4313 4319 4314
f 4314 4319 4449
f 4314 4449 4450
f 4314 4450 4315
f 4315 4450 4451
f 4315 4451 4452
f 4315 4452 4453
f 4315 4453 4454
f 4315 4454 4316
f 4316 4454 4317
f 4317 4455 4456
f 4317 4456 4321
f 4317 4321 4320
f 4317 4454 4455
f 4319 4419 4418
f 4319 4418 4449
f 4321 4456 4457
f 4321 4457 4323
f 4323 4457 4324
f 4324 4328 4458
f 4324 4458 4325
f 4324 4457 4328
f 4325 4458 4326
f 4326 4458 4328
f 4327 4328 4459
f 4327 4459 4460
f 4327 4460 4461
f 4327 4461 4329
f 4328 4457 4462
f 4328 4462 4459
f 4329 4463 4331
f 4329 4461 4463
f 4331 4463 4464
f 4331 4464 4333
f 4333 4464 4465
f 4333 4465 4334
f 4334 4465 4466
f 4334 4466 4336
f 4334 4336 4335
f 4336 4466 4467
f 4336 4467 4356
f 4340 4350 4341
f 4341 4350 4468
f 4341 4468 4342
f 4342 4468 4343
f 4343 4468 4469
f 4343 4469 4470
f 4343 4470 4471
f 4343 4471 4344
f 4344 4471 4345
f 4345 4471 4472
f 4345 4472 4473
f 4345 4473 4346
f 4346 4473 4474
f 4346 4474 4475
f 4346 4475 4347
f 4347 4475 4358
f 4350 4355 4468
f 4351 4357 4467
f 4351 4467 4352
f 4352 4467 4465
f 4352 4465 4461
f 4352 4461 4476
f 4352 4476 4477
f 4352 4477 4353
f 4353 4477 4354
f 4354 4477 4478
f 4354 4478 4355
f 4355 4478 4479
f 4355 4479 4468
f 4356 4467 4357
f 4358 4480 4481
f 4358 4481 4359
f 4358 4475 4480
f 4359 4482 4483
f 4359 4483 4360
f 4359 4481 4482
f 4360 4483 4366
f 4360 4366 4361
f 4361 4366 4362
f 4363 4484 4365
f 4363 4365 4364
f 4363 4366 4483
f 4363 4483 4484
f 4365 4485 4375
f 4365 4375 4367
f 4365 4484 4485
f 4369 4373 4486
f 4369 4486 4397
f 4370 4487 4372
f 4370 4371 4488
f 4370 4488 4489
f 4370 4489 4487
f 4371 4380 4490
f 4371 4490 4488
f 4372 4487 4491
f 4372 4491 4373
f 4373 4491 4492
f 4373 4492 4486
f 4374 4376 4493
f 4374 4493 4377
f 4375 4485 4494
f 4375 4494 4376
f 4376 4494 4484
f 4376 4484 4495
f 4376 4495 4496
f 4376 4496 4493
f 4377 4493 4496
f 4377 4496 4497
f 4377 4497 4378
f 4378 4497 4381
f 4379 4381 4498
f 4379 4498 4497
f 4379 4497 4496
f 4379 4496 4499
f 4379 4499 4500
f 4379 4500 4380
f 4380 4500 4490
f 4381 4497 4498
f 4382 4387 4501
f 4382 4501 4502
f 4382 4502 4503
f 4382 4503 4383
f 4383 4503 4504
f 4383 4504 4390
f 4385 4389 4505
f 4385 4505 4386
f 4386 4505 4506
f 4386 4506 4507
f 4386 4507 4508
f 4386 4508 4502
f 4386 4502 4501
f 4386 4501 4387
f 4388 4396 4389
f 4389 4396 4509
f 4389 4509 4505
f 4390 4510 4391
f 4390 4504 4510
f 4391 4510 4399
f 4392 4397 4511
f 4392 4511 4512
f 4392 4512 4513
f 4392 4513 4394
f 4392 4394 4393
f 4394 4513 4395
f 4395 4513 4512
f 4395 4512 4396
f 4396 4512 4509
f 4397 4486 4514
f 4397 4514 4511
f 4400 4510 4515
f 4400 4515 4516
f 4400 4516 4401
f 4401 4516 4517
f 4401 4517 4518
f 4401 4518 4402
f 4402 4518 4403
f 4403 4518 4519
f 4403 4519 4404
f 4404 4519 4406
f 4406 4519 4520
f 4406 4520 4521
f 4406 4521 4522
f 4406 4522 4523
f 4406 4523 4407
f 4407 4410 4408
f 4407 4523 4410
f 4409 4410 4411
f 4410 4523 4524
f 4410 4524 4411
f 4411 4524 4525
f 4411 4525 4526
f 4411 4526 4412
f 4412 4526 4527
f 4412 4527 4413
f 4413 4527 4414
f 4414 4527 4612
f 4414 4612 4529
f 4414 4529 4528
f 4415 4530 4531
f 4415 4531 4532
f 4415 4532 4533
f 4415 4533 4534
f 4415 4534 4535
f 4415 4535 4416
f 4416 4535 4536
f 4416 4536 4438
f 4417 4427 4418
f 4418 4427 4449
f 4420 4537 4421
f 4420 4436 4537
f 4421 4537 4538
f 4421 4538 4422
f 4422 4538 4539
f 4422 4539 4540
f 4422 4540 4424
f 4422 4424 4423
f 4424 4540 4425
f 4425 4541 4542
f 4425 4542 4543
f 4425 4543 4426
f 4425 4540 4544
f 4425 4544 4541
f 4426 4543 4427
f 4427 4543 4449
f 4428 4446 4545
f 4428 4545 4429
f 4429 4545 4430
f 4430 4545 4546
f 4430 4546 4547
f 4430 4547 4431
f 4431 4547 4432
f 4432 4547 4548
f 4432 4548 4552
f 4432 4552 4549
f 4432 4549 4433
f 4433 4550 4551
f 4433 4551 4435
f 4433 4435 4434
f 4433 4549 4552
f 4433 4552 4550
f 4435 4551 4436
f 4436 4551 4553
f 4436 4553 4537
f 4438 4536 4535
f 4438 4535 4534
f 4438 4534 4533
f 4438 4533 4554
f 4438 4554 4439
f 4439 4555 4440
f 4439 4554 4555
f 4440 4555 4441
f 4441 4555 4442
f 4442 4555 4444
f 4442 4444 4443
f 4444 4555 4554
f 4444 4554 4556
f 4444 4556 4445
f 4445 4556 4531
f 4445 4531 4557
f 4445 4557 4558
f 4445 4558 4559
f 4445 4559 4560
f 4445 4560 4561
f 4445 4561 4562
f 4445 4562 4446
f 4446 4563 4545
f 4446 4562 4564
f 4446 4564 4563
f 4449 4543 4450
f 4450 4543 4542
f 4450 4542 4565
f 4450 4565 4566
f 4450 4566 4567
f 4450 4567 4451
f 4451 4567 4452
f 4452 4567 4568
f 4452 4568 4457
f 4452 4457 4456
f 4452 4456 4455
f 4452 4455 4453
f 4453 4455 4454
f 4457 4568 4462
f 4459 4462 4568
f 4459 4568 4569
f 4459 4569 4460
f 4460 4569 4570
f 4460 4570 4571
f 4460 4571 4476
f 4460 4476 4461
f 4461 4465 4464
f 4461 4464 4463
f 4465 4467 4466
f 4468 4479 4469
f 4469 4529 4470
f 4469 4479 4529
f 4470 4529 4572
f 4470 4572 4573
f 4470 4573 4471
f 4471 4573 4472
f 4472 4573 4473
f 4473 4573 4480
f 4473 4480 4474
f 4474 4480 4475
f 4476 4571 4477
f 4477 4571 4478
f 4478 4571 4574
f 4478 4574 4479
f 4479 4574 4529
f 4480 4573 4575
f 4480 4575 4576
f 4480 4576 4481
f 4481 4576 4482
f 4482 4577 4578
f 4482 4578 4483
f 4482 4576 4577
f 4483 4578 4495
f 4483 4495 4484
f 4484 4494 4485
f 4486 4492 4514
f 4487 4579 4580
f 4487 4580 4581
f 4487 4581 4491
f 4487 4489 4584
f 4487 4584 4582
f 4487 4582 4579
f 4488 4490 4583
f 4488 4583 4584
f 4488 4584 4489
f 4490 4500 4585
f 4490 4585 4583
f 4491 4581 4586
f 4491 4586 4492
f 4492 4586 4587
f 4492 4587 4514
f 4495 4588 4496
f 4495 4578 4588
f 4496 4588 4499
f 4499 4588 4500
f 4500 4588 4585
f 4502 4508 4503
f 4503 4589 4504
f 4503 4508 4589
f 4504 4589 4590
f 4504 4590 4591
f 4504 4591 4515
f 4504 4515 4510
f 4505 4509 4592
f 4505 4592 4506
f 4506 4592 4507
f 4507 4592 4508
f 4508 4592 4593
f 4508 4593 4589
f 4509 4594 4592
f 4509 4512 4511
f 4509 4511 4595
f 4509 4595 4594
f 4511 4514 4587
f 4511 4587 4595
f 4515 4591 4516
f 4516 4596 4597
f 4516 4597 4517
f 4516 4591 4598
f 4516 4598 4599
f 4516 4599 4600
f 4516 4600 4596
f 4517 4597 4601
f 4517 4601 4602
f 4517 4602 4518
f 4518 4602 4519
f 4519 4602 4603
f 4519 4603 4520
f 4520 4603 4521
f 4521 4603 4522
f 4522 4604 4523
f 4522 4603 4605
f 4522 4605 4662
f 4522 4662 4606
f 4522 4606 4604
f 4523 4604 4607
f 4523 4607 4524
f 4524 4607 4525
f 4525 4607 4665
f 4525 4665 4608
f 4525 4608 4609
f 4525 4609 4610
f 4525 4610 4611
f 4525 4611 4526
f 4526 4611 4612
f 4526 4612 4527
f 4528 4529 4614
f 4528 4614 4615
f 4528 4615 4616
f 4528 4616 4617
f 4528 4617 4613
f 4529 4612 4618
f 4529 4618 4619
f 4529 4619 4620
f 4529 4620 4621
f 4529 4621 4580
f 4529 4580 4579
f 4529 4579 4582
f 4529 4582 4584
f 4529 4584 4622
f 4529 4622 4623
f 4529 4623 4624
f 4529 4624 4572
f 4529 4574 4625
f 4529 4625 4626
f 4529 4626 4627
f 4529 4627 4541
f 4529 4541 4614
f 4530 4557 4531
f 4531 4554 4532
f 4531 4556 4554
f 4532 4554 4533
f 4537 4628 4538
f 4537 4553 4628
f 4538 4628 4629
f 4538 4629 4539
f 4539 4614 4541
f 4539 4541 4544
f 4539 4544 4540
f 4539 4629 4614
f 4541 4627 4542
f 4542 4627 4565
f 4545 4563 4630
f 4545 4630 4546
f 4546 4631 4548
f 4546 4548 4547
f 4546 4630 4632
f 4546 4632 4631
f 4548 4633 4552
f 4548 4631 4632
f 4548 4632 4634
f 4548 4634 4635
f 4548 4635 4633
f 4550 4636 4637
f 4550 4637 4551
f 4550 4552 4638
f 4550 4638 4636
f 4551 4637 4553
f 4552 4633 4639
f 4552 4639 4638
f 4553 4637 4640
f 4553 4640 4628
f 4557 4641 4642
f 4557 4642 4558
f 4558 4642 4559
f 4559 4642 4641
f 4559 4641 4643
f 4559 4643 4644
f 4559 4644 4561
f 4559 4561 4560
f 4561 4644 4645
f 4561 4645 4646
f 4561 4646 4562
f 4562 4646 4564
f 4563 4564 4647
f 4563 4647 4630
f 4564 4646 4630
f 4564 4630 4647
f 4565 4627 4648
f 4565 4648 4566
f 4566 4648 4567
f 4567 4648 4649
f 4567 4649 4569
f 4567 4569 4568
f 4569 4649 4650
f 4569 4650 4570
f 4570 4650 4571
f 4571 4650 4625
f 4571 4625 4574
f 4572 4624 4575
f 4572 4575 4573
f 4575 4624 4577
f 4575 4577 4576
f 4577 4624 4623
f 4577 4623 4622
f 4577 4622 4651
f 4577 4651 4578
f 4578 4651 4588
f 4580 4621 4581
f 4581 4621 4620
f 4581 4620 4652
f 4581 4652 4586
f 4583 4585 4651
f 4583 4651 4622
f 4583 4622 4584
f 4585 4588 4651
f 4586 4652 4653
f 4586 4653 4587
f 4587 4653 4594
f 4587 4594 4595
f 4589 4593 4654
f 4589 4654 4590
f 4590 4599 4598
f 4590 4598 4591
f 4590 4654 4655
f 4590 4655 4599
f 4592 4656 4657
f 4592 4657 4593
f 4592 4594 4656
f 4593 4657 4654
f 4594 4658 4690
f 4594 4690 4656
f 4594 4653 4658
f 4596 4600 4597
f 4597 4659 4601
f 4597 4600 4660
f 4597 4660 4659
f 4599 4655 4600
f 4600 4655 4661
f 4600 4661 4657
f 4600 4657 4660
f 4601 4659 4602
f 4602 4659 4605
f 4602 4605 4603
f 4604 4606 4607
f 4605 4659 4660
f 4605 4660 4662
f 4606 4662 4663
f 4606 4663 4664
f 4606 4664 4665
f 4606 4665 4607
f 4608 4665 4664
f 4608 4664 4609
f 4609 4664 4618
f 4609 4618 4610
f 4610 4618 4611
f 4611 4618 4612
f 4613 4617 4666
f 4613 4666 4667
f 4613 4667 4668
f 4613 4668 4669
f 4613 4669 4670
f 4614 4629 4615
f 4615 4629 4616
f 4616 4629 4671
f 4616 4671 4672
f 4616 4672 4617
f 4617 4672 4673
f 4617 4673 4674
f 4617 4674 4675
f 4617 4675 4666
f 4618 4664 4676
f 4618 4676 4619
f 4619 4676 4658
f 4619 4658 4620
f 4620 4658 4653
f 4620 4653 4652
f 4625 4650 4626
f 4626 4650 4627
f 4627 4650 4648
f 4628 4671 4629
f 4628 4640 4677
f 4628 4677 4671
f 4630 4646 4678
f 4630 4678 4679
f 4630 4679 4632
f 4632 4679 4680
f 4632 4680 4634
f 4633 4635 4639
f 4634 4680 4635
f 4635 4680 4681
f 4635 4681 4682
f 4635 4682 4683
f 4635 4683 4684
f 4635 4684 4638
f 4635 4638 4639
f 4636 4685 4637
f 4636 4638 4686
f 4636 4686 4685
f 4637 4687 4640
f 4637 4685 4687
f 4638 4684 4686
f 4640 4687 4677
f 4643 4688 4644
f 4644 4688 4645
f 4645 4688 4646
f 4646 4688 4689
f 4646 4689 4678
f 4648 4650 4649
f 4654 4657 4661
f 4654 4661 4655
f 4656 4690 4691
f 4656 4691 4657
f 4657 4691 4660
f 4658 4676 4690
f 4660 4691 4662
f 4662 4691 4663
f 4663 4691 4690
f 4663 4690 4676
f 4663 4676 4664
f 4666 4692 4693
f 4666 4693 4667
f 4666 4675 4701
f 4666 4701 4692
f 4667 4693 4694
f 4667 4694 4668
f 4668 4694 4669
f 4669 4694 4670
f 4670 4694 4695
f 4671 4677 4672
f 4672 4677 4673
f 4673 4677 4696
f 4673 4696 4697
f 4673 4697 4698
f 4673 4698 4674
f 4674 4698 4699
f 4674 4699 4700
f 4674 4700 4701
f 4674 4701 4675
f 4677 4687 4696
f 4678 4689 4702
f 4678 4702 4703
f 4678 4703 4679
f 4679 4703 4681
f 4679 4681 4680
f 4681 4703 4682
f 4684 4704 4705
f 4684 4705 4686
f 4685 4697 4687
f 4685 4686 4706
f 4685 4706 4697
f 4686 4705 4706
f 4687 4697 4696
f 4688 4702 4689
f 4692 4707 4693
f 4692 4701 4708
f 4692 4708 4707
f 4693 4707 4694
f 4694 4707 4695
f 4697 4699 4698
f 4697 4706 4709
f 4697 4709 4710
f 4697 4710 4699
f 4699 4710 4708
f 4699 4708 4700
f 4700 4708 4701
f 4704 4711 4705
f 4705 4711 4712
f 4705 4712 4706
f 4706 4712 4709
f 4707 4708 4709
f 4708 4710 4709
o convex_1
v 0.0315331 -0.0331526 0.0169723
v 0.0315331 -0.0295662 0.016092
v 0.0315269 -0.0322759 0.016999
v 0.031459 -0.0331526 0.0178792
v 0.0315331 -0.0331526 0.0160654
v 0.0315269 -0.0286611 0.016092
v 0.0315331 -0.0268538 0.015194
v 0.0315207 -0.0313736 0.016999
v 0.0312739 -0.0331526 0.0187772
v 0.0314405 -0.0322759 0.0179059
v 0.0294102 -0.0060706 0.0296513
v 0.0292683 -0.0060706 0.0305582
v 0.029256 -0.00697286 0.0305582
v 0.0315331 -0.0322759 0.015194
v 0.0315269 -0.0331526 -0.0444755
v 0.0315269 -0.0259487 0.015194
v 0.0315145 -0.0277589 0.016092
v 0.0315331 -0.0232391 0.0133802
v 0.0315022 -0.0304685 0.016999
v 0.0312677 -0.0331526 0.0188039
v 0.0292375 -0.00787796 0.0305582
v 0.0295275 -0.0060706 0.0287444
v 0.0292189 -0.00516551 0.0296513
v 0.029077 -0.00509457 0.0305671
v 0.0289968 -0.00541519 0.0314562
v 0.0289289 -0.00561664 0.0319097
v 0.0290338 -0.00597981 0.0315185
v 0.0315331 -0.0241413 0.0133802
v 0.0314281 -0.0331526 -0.0453558
v 0.0315269 -0.0313736 -0.0444488
v 0.0315269 -0.022334 0.0133802
v 0.0315084 -0.0232391 0.0142871
v 0.0315022 -0.0250464 0.015194
v 0.0314899 -0.0268538 0.016092
v 0.0315269 -0.0286611 -0.0435508
v 0.0315269 -0.0259487 -0.0426439
v 0.0315269 -0.022334 -0.040839
v 0.0315269 -0.0196244 -0.0390251
v 0.0315269 -0.0187193 -0.0381271
v 0.0315269 -0.0133 -0.0327034
v 0.0315269 -0.0123949 -0.0317965
v 0.0315269 -0.0105876 -0.0290847
v 0.0315269 -0.00968532 -0.0272797
v 0.0315269 -0.00878022 -0.0245679
v 0.0315269 -0.00787796 -0.021856
v 0.0315269 -0.00697286 -0.0182373
v 0.0315269 -0.00697286 -0.00920371
v 0.0315269 -0.00787796 -0.00558495
v 0.0315269 -0.00878022 -0.00288199
v 0.0315269 -0.0114927 0.0025417
v 0.0315269 -0.0133 0.00524466
v 0.0315269 -0.0142023 0.00615157
v 0.0315269 -0.0151074 0.00705848
v 0.0315269 -0.0196244 0.0115753
v 0.0314775 -0.0295662 0.016999
v 0.0297682 -0.0250464 0.0261481
v 0.0298237 -0.0277589 0.0255346
v 0.0298052 -0.0286611 0.0254546
v 0.0298792 -0.0304685 0.0248322
v 0.0298546 -0.0313736 0.0247433
v 0.0299224 -0.0331526 0.0241031
v 0.0290523 -0.00697286 0.0313406
v 0.0292066 -0.00878022 0.0305582
v 0.0315022 -0.0214317 0.0133802
v 0.031496 -0.0187193 0.0115753
v 0.0315084 -0.0178198 0.0106684
v 0.0315145 -0.0169147 0.00977033
v 0.0315145 -0.0160096 0.00886342
v 0.0315145 -0.0151074 0.0079565
v 0.0315084 -0.0142023 0.00705848
v 0.0315022 -0.0133 0.00615157
v 0.029583 -0.0060706 0.0278464
v 0.0293115 -0.00516551 0.0287444
v 0.0289474 -0.00470019 0.0302648
v 0.0288919 -0.00474559 0.0308694
v 0.0280526 -0.00469452 0.032861
v 0.0281699 -0.00516551 0.0330122
v 0.0282378 -0.0060706 0.0331011
v 0.0287253 -0.00597981 0.0322742
v 0.0289289 -0.00561947 0.0319097
v 0.0287808 -0.00496406 0.0314562
v 0.0313849 -0.0322759 -0.0453558
v 0.0314713 -0.0295662 -0.0444488
v 0.0315145 -0.0304685 -0.0444488
v 0.0310579 -0.0331526 -0.0462627
v 0.0315207 -0.0277589 -0.0435508
v 0.0315145 -0.0205266 0.0124822
v 0.0315022 -0.0250464 -0.0426439
v 0.0315084 -0.0232391 -0.041737
v 0.0315207 -0.0205266 -0.0399321
v 0.0315145 -0.0160096 -0.0363133
v 0.0315145 -0.0151074 -0.0354153
v 0.0315022 -0.0142023 -0.0345084
v 0.0314899 -0.0133 -0.0336014
v 0.0315084 -0.0114927 -0.0308896
v 0.031459 -0.0105876 -0.0299916
v 0.0314713 -0.00968532 -0.0281866
v 0.0315145 -0.00878022 -0.0254748
v 0.0315207 -0.00787796 -0.0227629
v 0.0315145 -0.00697286 -0.0191442
v 0.0313294 -0.0060706 -0.0137205
v 0.0315145 -0.00697286 -0.0082968
v 0.0315145 -0.00787796 -0.00469582
v 0.0315084 -0.00878022 -0.00198397
v 0.0315207 -0.00968532 -0.000170147
v 0.0315207 -0.0105876 0.00163479
v 0.0315207 -0.0123949 0.00434664
v 0.0297496 -0.0259487 0.0260948
v 0.0297743 -0.0295662 0.0253657
v 0.0295892 -0.0241413 0.0269394
v 0.0295398 -0.0250464 0.0269394
v 0.0294843 -0.0259487 0.0269394
v 0.029799 -0.0331526 0.0245388
v 0.0290338 -0.00787796 0.0312695
v 0.0291696 -0.00968532 0.0305582
v 0.0295213 -0.0196244 0.0278464
v 0.0315084 -0.0114927 0.00343972
v 0.0314713 -0.0105876 0.0025417
v 0.0314837 -0.00968532 0.000727875
v 0.0314775 -0.00697286 -0.00739878
v 0.0293485 -0.00516551 0.0278464
v 0.0290153 -0.00465196 0.0287444
v 0.0289783 -0.00467465 0.0296513
v 0.0283242 -0.00461223 0.0314562
v 0.0281514 -0.00465196 0.0323631
v 0.0275343 -0.00463493 0.0331989
v 0.027201 -0.00467465 0.0337857
v 0.0278058 -0.00516551 0.0334657
v 0.0287006 -0.0105876 0.0315007
v 0.0288117 -0.00878022 0.0316518
v 0.0285833 -0.00697286 0.0323631
v 0.0278737 -0.0060706 0.0335546
v 0.028176 -0.00697286 0.0330122
v 0.0286944 -0.0151074 0.0306382
v 0.0287623 -0.0142023 0.0307182
v 0.0288487 -0.00787796 0.031723
v 0.0288857 -0.00697286 0.0317941
v 0.0289104 -0.00622382 0.0318563
v 0.0290091 -0.00878022 0.0311984
v 0.0313356 -0.0313736 -0.0453558
v 0.0312677 -0.0304685 -0.0453558
v 0.0313973 -0.0286611 -0.0444488
v 0.0314775 -0.0268538 -0.0435508
v 0.0304963 -0.0331526 -0.0472318
v 0.0303606 -0.0313736 -0.0471607
v 0.0309406 -0.0313736 -0.0461471
v 0.0314158 -0.0241413 -0.0426439
v 0.0314158 -0.022334 -0.041737
v 0.0314899 -0.0214317 -0.040839
v 0.0314775 -0.0187193 -0.0390251
v 0.0315022 -0.0178198 -0.0381271
v 0.0313973 -0.0151074 -0.0363133
v 0.0314652 -0.0123949 -0.0327034
v 0.0313541 -0.00968532 -0.0290847
v 0.0314096 -0.0114927 -0.0317965
v 0.0313047 -0.0105876 -0.0308896
v 0.0313479 -0.00878022 -0.0272797
v 0.031459 -0.00878022 -0.0263728
v 0.0314775 -0.00787796 -0.023661
v 0.0314837 -0.00697286 -0.0200511
v 0.0312986 -0.0060706 -0.0155254
v 0.0313171 -0.0060706 -0.0146274
v 0.0309221 -0.00549747 -0.0146274
v 0.0309283 -0.0054918 -0.0137205
v 0.0313109 -0.0060706 -0.0128136
v 0.0296262 -0.0232391 0.0269394
v 0.0297373 -0.0304685 0.0252857
v 0.0294843 -0.0205266 0.0278464
v 0.0294411 -0.0214317 0.0278464
v 0.0293856 -0.022334 0.0278464
v 0.0293177 -0.0232391 0.0278464
v 0.0293979 -0.0268538 0.0269394
v 0.0295398 -0.0331526 0.0251345
v 0.0290276 -0.00464344 0.0278464
v 0.0291696 -0.00416961 -0.000170147
v 0.0290893 -0.00416961 0.00163479
v 0.0290462 -0.00416961 0.0025417
v 0.0289844 -0.00416961 0.00343972
v 0.0284784 -0.00454698 0.0287444
v 0.0284784 -0.00456967 0.0296513
v 0.030916 -0.00550598 -0.0128136
v 0.0285463 -0.00462075 0.0305671
v 0.0275775 -0.00450725 0.0314562
v 0.0275775 -0.00454698 0.0323631
v 0.0266703 -0.00452711 0.03327
v 0.0273553 -0.00516551 0.033928
v 0.0265839 -0.00464628 0.0341236
v 0.026226 -0.00471154 0.0346215
v 0.0288178 -0.0133 0.0307983
v 0.0288734 -0.0123949 0.0308783
v 0.0289104 -0.0116629 0.0309494
v 0.0289289 -0.0110614 0.0310117
v 0.0277749 -0.00697286 0.0334657
v 0.0280094 -0.00913772 0.0327988
v 0.0274232 -0.0060706 0.0339814
v 0.0282439 -0.0105876 0.0321853
v 0.0283056 -0.00968532 0.0322831
v 0.0283118 -0.0142023 0.0313495
v 0.0288117 -0.0178198 0.0299091
v 0.0288734 -0.0169147 0.029998
v 0.0289474 -0.015689 0.0301314
v 0.0289474 -0.0105876 0.0310472
v 0.0290091 -0.0142023 0.0302648
v 0.0311566 -0.0295662 -0.0453558
v 0.0313109 -0.0277589 -0.0444488
v 0.0308913 -0.0304685 -0.0460671
v 0.0313911 -0.0259487 -0.0435508
v 0.0300582 -0.0331526 -0.0479876
v 0.0302618 -0.0304685 -0.0471607
v 0.030015 -0.0322759 -0.0479076
v 0.0299718 -0.0313736 -0.0478186
v 0.03128 -0.0232391 -0.0426439
v 0.031243 -0.0214317 -0.041737
v 0.0313541 -0.0205266 -0.040839
v 0.0314343 -0.0196244 -0.0399321
v 0.0313171 -0.0178198 -0.0390251
v 0.0313541 -0.0169147 -0.0381271
v 0.0313849 -0.0160096 -0.0372202
v 0.031027 -0.0150223 -0.0373091
v 0.031027 -0.0141228 -0.0363933
v 0.0313726 -0.0142023 -0.0354153
v 0.0313418 -0.0133 -0.0345084
v 0.0312924 -0.0123949 -0.0336014
v 0.0311628 -0.00968532 -0.0299916
v 0.0311751 -0.00878022 -0.0281866
v 0.0311998 -0.0114927 -0.0327034
v 0.031027 -0.00779 -0.0264528
v 0.031243 -0.00787796 -0.0254748
v 0.0313788 -0.00787796 -0.0245679
v 0.0312307 -0.00697286 -0.0227629
v 0.0314096 -0.00697286 -0.0209491
v 0.0310887 -0.00615856 -0.0200511
v 0.0311813 -0.0060706 -0.0182373
v 0.0312368 -0.0060706 -0.0173393
v 0.0309036 -0.00551166 -0.0155254
v 0.0302865 -0.00517118 -0.0173393
v 0.0302865 -0.00512011 -0.0155254
v 0.0302865 -0.00509741 -0.0146274
v 0.0291696 -0.00416961 -0.00107706
v 0.0292313 -0.0241413 0.0278464
v 0.0289721 -0.0151074 0.0301848
v 0.0291202 -0.0259487 0.0277041
v 0.0294164 -0.0304685 0.0260325
v 0.0290647 -0.0268538 0.0275885
v 0.0289968 -0.0277589 0.0274729
v 0.0290585 -0.0304685 0.0266549
v 0.0291387 -0.0331526 0.0258102
v 0.0288857 -0.00416961 0.00434664
v 0.0287808 -0.00416961 0.00524466
v 0.0285586 -0.00416961 0.00702292
v 0.0285525 -0.00416961 0.00705848
v 0.0284044 -0.00416961 0.00787648
v 0.0266703 -0.00450442 0.0323631
v 0.0277564 -0.00416961 0.00982368
v 0.0274232 -0.00416961 0.0106684
v 0.0266765 -0.00416961 0.0124466
v 0.02572 -0.00416961 0.0142249
v 0.0247697 -0.00416961 0.0159854
v 0.0240724 -0.00416961 0.0169901
v 0.0233874 -0.00416961 0.0179325
v 0.0226284 -0.00416961 0.0188484
v 0.0257694 -0.00450442 0.03327
v 0.0248622 -0.00451293 0.0341681
v 0.0257694 -0.004564 0.0341681
v 0.0267999 -0.00516551 0.0343815
v 0.0257694 -0.00466898 0.0347104
v 0.0263433 -0.00516551 0.0347015
v 0.0237823 -0.00466047 0.0356085
v 0.0243871 -0.0047314 0.0355018
v 0.0246031 -0.00533575 0.0356085
v 0.0273183 -0.00697286 0.0338835
v 0.0279847 -0.0135696 0.0318741
v 0.0280465 -0.0129681 0.0319363
v 0.0282439 -0.0151074 0.0312428
v 0.026837 -0.0060706 0.0344348
v 0.0288857 -0.025228 0.0282376
v 0.0289351 -0.0246265 0.0282998
v 0.0287376 -0.0187193 0.0298202
v 0.0289659 -0.0241413 0.0283532
v 0.0290276 -0.0232391 0.0284421
v 0.0290708 -0.022334 0.0285399
v 0.0308234 -0.0295662 -0.0459515
v 0.0298299 -0.0291463 -0.0476053
v 0.0309715 -0.0286555 -0.045418
v 0.0311875 -0.0268538 -0.0444488
v 0.0300829 -0.0294953 -0.0472496
v 0.0312554 -0.0250464 -0.0435508
v 0.0297743 -0.0331526 -0.048441
v 0.0299163 -0.0304685 -0.0477386
v 0.0298731 -0.0297478 -0.0476675
v 0.0310023 -0.0240874 -0.0436219
v 0.0310085 -0.022263 -0.0427239
v 0.0309592 -0.0205209 -0.0417726
v 0.0311196 -0.0196244 -0.040839
v 0.0312368 -0.0187193 -0.0399321
v 0.0308913 -0.0214317 -0.0424839
v 0.0309838 -0.0168779 -0.0390696
v 0.0310085 -0.0159501 -0.0381894
v 0.0309406 -0.017817 -0.0399498
v 0.0308666 -0.0143725 -0.0370602
v 0.030737 -0.0146619 -0.0376648
v 0.0303482 -0.0133 -0.0372202
v 0.0299841 -0.0124261 -0.0371846
v 0.0298731 -0.0118729 -0.0368557
v 0.0310023 -0.0132433 -0.0354686
v 0.0309653 -0.0123637 -0.034535
v 0.030916 -0.0114842 -0.0335837
v 0.0308357 -0.00904692 -0.0299916
v 0.0309345 -0.00874901 -0.029058
v 0.0310085 -0.0105166 -0.0318588
v 0.0309098 -0.00967964 -0.030854
v 0.0307617 -0.00918595 -0.0305162
v 0.0307679 -0.00828369 -0.0287379
v 0.030953 -0.00797726 -0.0272797
v 0.0308666 -0.0107805 -0.0327034
v 0.030737 -0.00742967 -0.0268085
v 0.0310394 -0.00691328 -0.0236699
v 0.0307864 -0.00646499 -0.0233764
v 0.0308419 -0.00639973 -0.0227629
v 0.0307061 -0.00564501 -0.0193754
v 0.0307493 -0.00560812 -0.0187796
v 0.0307864 -0.00557691 -0.0182373
v 0.0310517 -0.00599683 -0.0190997
v 0.0299409 -0.00549747 -0.023661
v 0.0300088 -0.00542654 -0.0227629
v 0.0308419 -0.00554287 -0.0173393
v 0.0308728 -0.00552584 -0.0164323
v 0.0296077 -0.00484489 -0.0200511
v 0.0296324 -0.00481936 -0.0191442
v 0.0296509 -0.00480517 -0.0182373
v 0.0296694 -0.00479382 -0.0173393
v 0.0297003 -0.00477396 -0.0155254
v 0.0291325 -0.00416961 -0.00191284
v 0.0289474 -0.0282866 0.0274107
v 0.0289968 -0.0311948 0.026566
v 0.0291264 -0.0331526 0.025828
v 0.02182 -0.00416961 0.0197464
v 0.0209252 -0.00416961 0.0206444
v 0.020376 -0.00416961 0.0211868
v 0.0200057 -0.00416961 0.0215513
v 0.019475 -0.00416961 0.022067
v 0.018574 -0.00416961 0.022885
v 0.0176607 -0.00416961 0.0235874
v 0.0149455 -0.00416961 0.0253746
v 0.0221532 -0.00450442 0.035075
v 0.0230542 -0.0045186 0.035075
v 0.013952 -0.00416961 0.0259525
v 0.013915 -0.00416961 0.0259703
v 0.011354 -0.00416961 0.0271528
v 0.0248622 -0.00461791 0.0349238
v 0.0257694 -0.0060706 0.0350572
v 0.0263865 -0.0060706 0.0347282
v 0.0230542 -0.00462358 0.0357418
v 0.0212461 -0.00464912 0.0365332
v 0.0218261 -0.00468884 0.036462
v 0.0224247 -0.00486759 0.0363287
v 0.0226901 -0.0054691 0.036462
v 0.0226901 -0.00574999 0.036462
v 0.0250289 -0.0060706 0.035404
v 0.027201 -0.00787796 0.0337769
v 0.0272566 -0.0114927 0.0329144
v 0.0278922 -0.0142023 0.031803
v 0.0280156 -0.017329 0.0309939
v 0.0280835 -0.0167275 0.031065
v 0.027127 -0.00835463 0.0337235
v 0.0288055 -0.0259487 0.0281575
v 0.029762 -0.0286611 -0.0475252
v 0.029836 -0.02638 -0.0467161
v 0.0309221 -0.0277589 -0.0452224
v 0.0296879 -0.0322759 -0.048361
v 0.029583 -0.0313736 -0.0482721
v 0.0293856 -0.0295691 -0.0480676
v 0.0293115 -0.0286611 -0.0479164
v 0.0300088 -0.0260281 -0.0462893
v 0.030774 -0.0262182 -0.0449734
v 0.0309653 -0.0259317 -0.0445111
v 0.0308913 -0.0250464 -0.0442799
v 0.0293177 -0.0331526 -0.0488056
v 0.0292375 -0.0322759 -0.0487256
v 0.0309036 -0.0232391 -0.0433997
v 0.0298916 -0.0225695 -0.0449912
v 0.0300767 -0.0222943 -0.0445111
v 0.0307308 -0.0219141 -0.0430796
v 0.0299348 -0.0196244 -0.0432841
v 0.0302495 -0.0196244 -0.0426439
v 0.0307925 -0.0181178 -0.0404922
v 0.0304593 -0.0188015 -0.041657
v 0.0303544 -0.0214317 -0.0435508
v 0.0300582 -0.0205153 -0.0435864
v 0.0308234 -0.0171559 -0.0396653
v 0.029836 -0.0164636 -0.0412835
v 0.0299471 -0.0160096 -0.0406434
v 0.0298546 -0.0155131 -0.0404211
v 0.0299595 -0.0151698 -0.0398876
v 0.0298731 -0.0145683 -0.0395586
v 0.0303174 -0.0151074 -0.0390251
v 0.0306876 -0.0175163 -0.0402699
v 0.0300027 -0.0133227 -0.0381004
v 0.0299903 -0.014242 -0.0389985
v 0.0303544 -0.0142023 -0.0381271
v 0.0298792 -0.0127496 -0.0377804
v 0.0297126 -0.0130362 -0.038385
v 0.0296879 -0.0121481 -0.0374603
v 0.0298484 -0.011016 -0.0358954
v 0.0299409 -0.0108174 -0.0354153
v 0.030811 -0.0117821 -0.0342505
v 0.030774 -0.0109649 -0.0332636
v 0.0306753 -0.0111777 -0.0338682
v 0.0305951 -0.00859296 -0.0299916
v 0.0307247 -0.0101677 -0.0321966
v 0.0300952 -0.00872064 -0.031841
v 0.0304778 -0.00884264 -0.030854
v 0.030558 -0.00771624 -0.0281866
v 0.0306753 -0.00752614 -0.0272797
v 0.030015 -0.00801983 -0.0308896
v 0.0298175 -0.00744953 -0.0303917
v 0.0305025 -0.010633 -0.0335837
v 0.0298669 -0.00647634 -0.0278488
v 0.0299348 -0.00638554 -0.0272797
v 0.0300212 -0.0062607 -0.0263728
v 0.0298175 -0.00563366 -0.0249591
v 0.0295522 -0.00488461 -0.0209491
v 0.0298731 -0.0055684 -0.0243545
v 0.0293794 -0.00508606 -0.023661
v 0.0293177 -0.00492434 -0.022843
v 0.0294843 -0.00493285 -0.021856
v 0.0291572 -0.00461791 -0.0200511
v 0.0290338 -0.00466898 -0.021856
v 0.0291017 -0.00464061 -0.0209491
v 0.0290955 -0.00416961 -0.00264193
v 0.028861 -0.0288881 0.0273218
v 0.0289227 -0.0317964 0.0264771
v 0.028355 -0.0259487 0.0285488
v 0.028824 -0.0322759 0.026406
v 0.0286389 -0.0331526 0.0262726
v 0.0203451 -0.00451293 0.0359819
v 0.00949038 -0.00416961 0.0279175
v 0.0212461 -0.00454698 0.0359819
v 0.0262754 -0.00665792 0.0346571
v 0.0255287 -0.00787796 0.0347282
v 0.0262877 -0.0102868 0.0337591
v 0.027164 -0.0120686 0.0328433
v 0.018537 -0.00455265 0.0368799
v 0.0176299 -0.00462075 0.037529
v 0.018537 -0.00465763 0.0374223
v 0.0190801 -0.00469452 0.03736
v 0.0194009 -0.00517685 0.037449
v 0.0221347 -0.00516834 0.0365509
v 0.0199995 -0.00548612 0.0373689
v 0.0224741 -0.0063515 0.036382
v 0.0234367 -0.00823546 0.0355018
v 0.0243994 -0.0101166 0.0346215
v 0.0236466 -0.00763395 0.0355818
v 0.0230171 -0.00605926 0.0362486
v 0.0239613 -0.0060706 0.0358574
v 0.0245722 -0.0060706 0.0355996
v 0.0199995 -0.00575566 0.0373689
v 0.0212461 -0.0060706 0.0368799
v 0.0221655 -0.00605926 0.0365687
v 0.0244364 -0.00655862 0.0355373
v 0.0248622 -0.00787796 0.0350216
v 0.0271949 -0.0157288 0.0319541
v 0.0280156 -0.0209465 0.0300959
v 0.0281143 -0.0239484 0.029269
v 0.0297558 -0.0257756 -0.0466094
v 0.0299533 -0.0250464 -0.0460048
v 0.0291325 -0.0313736 -0.0486455
v 0.0290091 -0.0304685 -0.0485655
v 0.0289351 -0.0299947 -0.0485211
v 0.0291511 -0.0277589 -0.0477653
v 0.0307123 -0.0256167 -0.0448578
v 0.0305334 -0.0259317 -0.0453024
v 0.0303112 -0.0250464 -0.0453558
v 0.0300582 -0.02413 -0.0454091
v 0.0292992 -0.0331526 -0.0488145
v 0.0284784 -0.0331526 -0.049179
v 0.0298052 -0.021968 -0.0448578
v 0.0298792 -0.0244251 -0.0458714
v 0.0297928 -0.0238207 -0.045747
v 0.029978 -0.0214317 -0.0442621
v 0.0298854 -0.0208075 -0.0440932
v 0.0297805 -0.0202032 -0.0439243
v 0.0298546 -0.019125 -0.043124
v 0.0300644 -0.0178028 -0.0417814
v 0.0299409 -0.0170651 -0.0415058
v 0.0297743 -0.0174879 -0.0421015
v 0.0296262 -0.016824 -0.0417814
v 0.0289412 -0.0164523 -0.0421993
v 0.0291634 -0.0160948 -0.0416836
v 0.0290091 -0.0154876 -0.0413547
v 0.0296694 -0.0160096 -0.0410879
v 0.0296509 -0.0149116 -0.0401543
v 0.0296818 -0.0139668 -0.039283
v 0.0298854 -0.0136377 -0.0386784
v 0.0291079 -0.0126843 -0.0387317
v 0.0293979 -0.0124148 -0.0381004
v 0.0296386 -0.0112714 -0.0365
v 0.0290832 -0.0118161 -0.0378248
v 0.0298175 -0.0101677 -0.0349174
v 0.0305704 -0.0114842 -0.034535
v 0.0299595 -0.00900153 -0.0327034
v 0.0300212 -0.00967397 -0.0335748
v 0.0299101 -0.00819574 -0.0315653
v 0.0297188 -0.0075687 -0.0308896
v 0.0297682 -0.00659834 -0.0284534
v 0.0299224 -0.00996621 -0.0343128
v 0.0293609 -0.00587767 -0.027342
v 0.0296201 -0.00580957 -0.0263728
v 0.0297496 -0.00569608 -0.0254748
v 0.0291696 -0.00548045 -0.0263728
v 0.0292992 -0.00538681 -0.0254748
v 0.0294658 -0.00533007 -0.0246212
v 0.0289721 -0.00469452 -0.022594
v 0.0289042 -0.00471438 -0.0231986
v 0.0284784 -0.0045186 -0.0200511
v 0.0285216 -0.00416961 -0.00753215
v 0.028861 -0.00416961 -0.0049181
v 0.0289598 -0.00416961 -0.00413567
v 0.02904 -0.00416961 -0.00336212
v 0.0284784 -0.00455833 -0.0209491
v 0.0282069 -0.0268538 0.0284154
v 0.0280835 -0.0274354 0.0283354
v 0.0282871 -0.0295662 0.0275707
v 0.0286265 -0.0331526 0.0262815
v 0.0167289 -0.00450442 0.0368799
v 0.0176299 -0.00451577 0.0368799
v 0.00594824 -0.00416961 0.0289044
v 0.0270468 -0.0126701 0.0327721
v 0.0252016 -0.00904692 0.0345771
v 0.0262939 -0.0138873 0.0328522
v 0.0149208 -0.0045413 0.0377868
v 0.0149208 -0.00464628 0.0383381
v 0.0156367 -0.00468033 0.0382847
v 0.0162414 -0.0047314 0.0382225
v 0.0172041 -0.0055911 0.0382403
v 0.0221655 -0.00700691 0.0363109
v 0.0262507 -0.0174169 0.0319275
v 0.0245969 -0.00951508 0.0347015
v 0.0261026 -0.0144889 0.0327721
v 0.0239489 -0.00791201 0.0353862
v 0.0172041 -0.0056365 0.0382403
v 0.0194503 -0.00606209 0.0374667
v 0.0203451 -0.00697286 0.0369244
v 0.0212893 -0.00700691 0.0366043
v 0.0218693 -0.00672886 0.0364887
v 0.0197527 -0.00635717 0.0372889
v 0.0248869 -0.00876036 0.0347816
v 0.0270468 -0.0163303 0.0318741
v 0.0280033 -0.0245527 0.0291889
v 0.0294226 -0.0260281 -0.0469651
v 0.0291449 -0.0250464 -0.0468584
v 0.0295954 -0.0250464 -0.0464583
v 0.0284784 -0.029362 -0.0484677
v 0.0284784 -0.0286611 -0.0482899
v 0.0290153 -0.0271375 -0.0476675
v 0.0284537 -0.0331526 -0.0491879
v 0.0284784 -0.0322759 -0.0490368
v 0.0284784 -0.0313736 -0.0488678
v 0.0284784 -0.0304685 -0.04869
v 0.0296633 -0.0214317 -0.0447156
v 0.0291881 -0.0232391 -0.0459959
v 0.0292128 -0.0214317 -0.0451157
v 0.0289968 -0.0245045 -0.0467517
v 0.0295769 -0.0196244 -0.0437375
v 0.0296756 -0.0185263 -0.0429106
v 0.0294102 -0.0205238 -0.0444488
v 0.0291264 -0.0196244 -0.0441643
v 0.0291202 -0.0169147 -0.0423505
v 0.0290708 -0.0181092 -0.0432041
v 0.0289412 -0.019159 -0.0440043
v 0.0284784 -0.0190768 -0.0440665
v 0.0275775 -0.0189718 -0.0441376
v 0.0284784 -0.0164012 -0.0422349
v 0.0284784 -0.0159501 -0.0418881
v 0.0284784 -0.015394 -0.0414347
v 0.0284784 -0.0149428 -0.0410257
v 0.0284784 -0.0130418 -0.0393008
v 0.0284784 -0.0125595 -0.0388562
v 0.029077 -0.013615 -0.0396031
v 0.0284784 -0.0121084 -0.0384028
v 0.0293115 -0.010684 -0.0362066
v 0.0296324 -0.0103663 -0.0354153
v 0.0289783 -0.0100996 -0.0359132
v 0.0290338 -0.0109564 -0.0368646
v 0.0294781 -0.00961155 -0.0346239
v 0.0297373 -0.0093647 -0.0338504
v 0.0298669 -0.0091746 -0.0332547
v 0.0291819 -0.00990095 -0.0354153
v 0.029799 -0.00838016 -0.0321699
v 0.0292683 -0.00716864 -0.0308896
v 0.0294473 -0.00784108 -0.0318588
v 0.0290955 -0.00731618 -0.0315476
v 0.0291634 -0.00635717 -0.0290847
v 0.0294349 -0.00622098 -0.02816
v 0.02904 -0.00555706 -0.0270752
v 0.0164512 -0.00416961 -0.0242567
v 0.016914 -0.00416961 -0.0239722
v 0.0175497 -0.00416961 -0.0235721
v 0.0180433 -0.00416961 -0.0232164
v 0.0190862 -0.00416961 -0.0224251
v 0.0195922 -0.00416961 -0.0220072
v 0.0284784 -0.00461223 -0.021856
v 0.0288178 -0.00563083 -0.0276798
v 0.0284784 -0.00510592 -0.0254748
v 0.0284784 -0.00491866 -0.0245679
v 0.0285525 -0.00475977 -0.0236343
v 0.0129708 -0.00416961 -0.0261328
v 0.0139273 -0.00416961 -0.0256793
v 0.0148159 -0.00416961 -0.0252436
v 0.0158218 -0.00416961 -0.024639
v 0.0223321 -0.00416961 -0.0193309
v 0.0235602 -0.00416961 -0.0177927
v 0.02435 -0.00416961 -0.0166991
v 0.0249795 -0.00416961 -0.0156766
v 0.0259854 -0.00416961 -0.0139872
v 0.0265778 -0.00416961 -0.0127336
v 0.0268925 -0.00416961 -0.0120489
v 0.0276392 -0.00416961 -0.0102084
v 0.0281637 -0.00416961 -0.00871469
v 0.0283488 -0.00416961 -0.00814565
v 0.0205549 -0.00416961 -0.0211625
v 0.0214744 -0.00416961 -0.0202823
v 0.0279107 -0.0280398 0.0282465
v 0.0279786 -0.0308629 0.0273751
v 0.028139 -0.0302614 0.027464
v 0.028176 -0.0331526 0.0265749
v 0.0131127 -0.00450725 0.0377868
v 0.0140199 -0.00451577 0.0377868
v 0.00407844 -0.00416961 0.0291089
v 0.00678749 -0.00450442 0.0386937
v 0.00949655 -0.00453563 0.0386937
v 0.0140199 -0.00462075 0.0384092
v 0.0104037 -0.00466898 0.0392005
v 0.0110455 -0.00469452 0.039165
v 0.0116502 -0.00474559 0.0391027
v 0.0122118 -0.00532723 0.0392183
v 0.0128227 -0.00550031 0.039165
v 0.0158897 -0.00508606 0.0384003
v 0.0167289 -0.00538398 0.0383025
v 0.0210177 -0.00767651 0.0365065
v 0.0244364 -0.016492 0.0328255
v 0.0257385 -0.0177574 0.0320164
v 0.0260224 -0.0180213 0.0318385
v 0.0271085 -0.0227681 0.0300959
v 0.0175558 -0.00599116 0.0380358
v 0.0191479 -0.00667495 0.0373867
v 0.018537 -0.0060706 0.0377335
v 0.0128227 -0.00570176 0.039165
v 0.0167289 -0.00581525 0.0383025
v 0.0167289 -0.00626922 0.0381603
v 0.0216719 -0.0191505 0.0328077
v 0.0270591 -0.029064 0.028282
v 0.0207524 -0.00827802 0.0364176
v 0.0272751 -0.0221666 0.0301848
v 0.0275404 -0.0259402 0.0290111
v 0.0275775 -0.0313736 -0.0489834
v 0.0278737 -0.0291662 -0.0485033
v 0.0275713 -0.0287292 -0.0484144
v 0.0275775 -0.0277589 -0.0481298
v 0.0284784 -0.0277589 -0.0480054
v 0.0284784 -0.0259487 -0.0473919
v 0.0284784 -0.0269559 -0.0477386
v 0.0275775 -0.0322759 -0.0491612
v 0.0275775 -0.0331526 -0.0493035
v 0.0290338 -0.0208416 -0.0449734
v 0.0290153 -0.0226659 -0.0458626
v 0.0284784 -0.0250464 -0.0470629
v 0.0284784 -0.0243655 -0.046805
v 0.0284784 -0.0239143 -0.0466094
v 0.0284784 -0.0232391 -0.0462893
v 0.0284784 -0.0202684 -0.0447956
v 0.0284784 -0.0196244 -0.0444133
v 0.026658 -0.0177404 -0.0433552
v 0.0275775 -0.0163274 -0.0422883
v 0.0275775 -0.0196244 -0.0445289
v 0.0266703 -0.0196244 -0.0446089
v 0.0212461 -0.0192555 -0.0448578
v 0.0199687 -0.0191619 -0.0449112
v 0.0221532 -0.0187193 -0.0444222
v 0.018537 -0.0179731 -0.0442088
v 0.0275775 -0.0158763 -0.0419504
v 0.0275775 -0.0153145 -0.0415058
v 0.0275775 -0.0148634 -0.0410968
v 0.0275775 -0.0129681 -0.0393719
v 0.0275775 -0.0124942 -0.0389184
v 0.0275775 -0.0120403 -0.038465
v 0.0284784 -0.0117111 -0.0379493
v 0.0284784 -0.0100371 -0.0359843
v 0.0287993 -0.00925688 -0.0349263
v 0.0291325 -0.00906963 -0.0343216
v 0.0296386 -0.0085504 -0.0327034
v 0.0290091 -0.0064735 -0.0296626
v 0.0291881 -0.00811345 -0.0327034
v 0.029003 -0.00827802 -0.0332369
v 0.0284784 -0.0074779 -0.0321611
v 0.0284784 -0.00722822 -0.0317076
v 0.0284784 -0.00683667 -0.0308896
v 0.0284784 -0.00658132 -0.0302939
v 0.0284784 -0.00640257 -0.0298404
v 0.0278428 -0.00653024 -0.0304184
v 0.0285031 -0.00575566 -0.0281244
v 0.0282131 -0.00559677 -0.0277865
v 0.0285031 -0.00551449 -0.027342
v 0.0284784 -0.00529602 -0.0263728
v 0.00834875 -0.00416961 -0.0278043
v 0.0103111 -0.00416961 -0.0271375
v 0.0109344 -0.00416961 -0.0269152
v 0.0272134 -0.0256309 0.0292423
v 0.027596 -0.0287207 0.0281753
v 0.0273059 -0.0284597 0.0283709
v 0.0275775 -0.0331526 0.0267794
v 0.00768845 -0.00451009 0.0386937
v 0.00859559 -0.0045186 0.0386937
v 0.00227035 -0.00416961 0.0292956
v -0.0130892 -0.00450442 0.0386937
v -0.000438703 -0.00454698 0.0395918
v 0.00136322 -0.00416961 0.0293845
v 0.000462257 -0.00416961 0.0294646
v -0.000438703 -0.00416961 0.0294824
v 0.00768845 -0.00461507 0.0393428
v 0.00859559 -0.00462358 0.0392895
v 0.00949655 -0.00464061 0.039245
v 0.00288745 -0.00470587 0.0400541
v 0.00348603 -0.00473424 0.0400274
v 0.00588036 -0.00499527 0.0398852
v 0.00650363 -0.00554287 0.040063
v 0.0113293 -0.00509457 0.0392717
v 0.0254176 -0.0183873 0.0319452
v 0.0269604 -0.0262324 0.0291534
v 0.00650363 -0.00566487 0.040063
v 0.0104037 -0.0060706 0.0394406
v 0.0122118 -0.00586348 0.0392183
v 0.0122118 -0.00697286 0.0388538
v 0.0131189 -0.00602804 0.0390049
v 0.0140199 -0.0060706 0.0388182
v 0.0149208 -0.0060706 0.0386315
v 0.0155996 -0.0066863 0.0382936
v 0.0162044 -0.00646782 0.0382225
v 0.0193639 -0.0186427 0.0335279
v 0.0213386 -0.0223765 0.0318385
v 0.0260409 -0.0298869 0.0282554
v 0.0266703 -0.0304685 0.0279086
v 0.0275713 -0.0295067 -0.0486011
v 0.0249178 -0.0323156 -0.0493568
v 0.0167289 -0.0294556 -0.0493568
v 0.0272689 -0.0290726 -0.0485299
v 0.0266703 -0.028542 -0.0484321
v 0.0212461 -0.0274127 -0.0484855
v 0.0200365 -0.0272765 -0.0485299
v 0.0266703 -0.0268538 -0.0478809
v 0.0276577 -0.0267658 -0.0477742
v 0.0280156 -0.0264027 -0.0476141
v 0.0237391 -0.0281561 -0.0485388
v 0.0252572 -0.0327639 -0.0494191
v 0.0167289 -0.0331526 -0.0500504
v 0.0284784 -0.0225212 -0.0459426
v 0.0284784 -0.0214317 -0.0454002
v 0.0284784 -0.0207224 -0.0450357
v 0.0275775 -0.0237782 -0.0466806
v 0.0275775 -0.0232391 -0.0464227
v 0.0275775 -0.0201833 -0.0448489
v 0.0203451 -0.0169857 -0.0433641
v 0.0176299 -0.0159189 -0.0428484
v 0.0230542 -0.0156011 -0.0421638
v 0.0257694 -0.0157656 -0.0420393
v 0.0221532 -0.0197747 -0.0450623
v 0.0212461 -0.0197066 -0.0450979
v 0.0167289 -0.0196244 -0.0454091
v 0.0167289 -0.0189633 -0.0450357
v 0.0167289 -0.0185121 -0.0447334
v 0.018537 -0.0186256 -0.0446622
v 0.0167289 -0.0174113 -0.0439687
v 0.0167289 -0.0169147 -0.0436219
v 0.0248622 -0.0147215 -0.0412302
v 0.0266703 -0.0148151 -0.0411413
v 0.0167289 -0.0148038 -0.042066
v 0.0266703 -0.0129198 -0.0394164
v 0.0169634 -0.0119665 -0.0394608
v 0.0260039 -0.0119637 -0.0385539
v 0.0266703 -0.0119977 -0.0385183
v 0.0275775 -0.0116516 -0.0380204
v 0.0275775 -0.00997756 -0.0360466
v 0.0275775 -0.00952643 -0.0354953
v 0.0282007 -0.00920298 -0.0349974
v 0.0284908 -0.00897315 -0.0345795
v 0.0284784 -0.00847947 -0.0338148
v 0.0284784 -0.00819857 -0.0333614
v 0.0284784 -0.00780135 -0.0327034
v 0.0279045 -0.00743251 -0.0322322
v 0.0275528 -0.00669481 -0.0308096
v 0.027596 -0.00722538 -0.0318765
v 0.00396119 -0.00416961 -0.0287023
v 0.00492386 -0.00416961 -0.0285512
v 0.00579397 -0.00416961 -0.0283911
v 0.0275775 -0.0060167 -0.0290847
v 0.00678749 -0.00416961 -0.0281866
v 0.00760206 -0.00416961 -0.0280088
v 0.00828704 -0.00416961 -0.0278221
v 0.0257694 -0.0313736 0.0278108
v 0.0253868 -0.0327809 0.0274107
v 0.0262445 -0.0331526 0.0270817
v 0.0254361 -0.0301053 0.0283265
v 0.000462257 -0.00455833 0.0395918
v 0.00678749 -0.0046094 0.0393873
v -0.0139963 -0.00450725 0.0386937
v -0.00676394 -0.00454981 0.0395918
v -0.00405489 -0.00454698 0.0395918
v -0.00133966 -0.00416961 0.029429
v -0.00183951 -0.00416961 0.0293934
v -0.00266025 -0.00416961 0.0293223
v -0.000438703 -0.00465196 0.0401252
v 0.000462257 -0.00466331 0.0401075
v 0.00136322 -0.00467749 0.0400897
v -0.000438703 -0.00516551 0.0403475
v 0.000462257 -0.00516551 0.040312
v 0.00136322 -0.00516551 0.0402675
v 0.00407844 -0.00523928 0.040143
v 0.00588036 -0.0054464 0.0400808
v 0.00679984 -0.00600818 0.0399207
v 0.00768845 -0.0060706 0.0397963
v 0.00859559 -0.0060706 0.0396807
v 0.00949655 -0.0060706 0.0395651
v 0.000462257 -0.0060706 0.0402942
v 0.00407844 -0.0059032 0.040143
v 0.00588036 -0.0057358 0.0400808
v 0.0049794 -0.00627489 0.0399652
v 0.00588036 -0.00697286 0.0396629
v 0.00678749 -0.00697286 0.0395918
v 0.0104037 -0.00674304 0.0392183
v 0.0110455 -0.00660969 0.0391739
v 0.0113293 -0.00612451 0.0392806
v 0.011644 -0.00646215 0.0391205
v 0.0122118 -0.00787796 0.0385515
v 0.0128165 -0.00841421 0.038267
v 0.0134213 -0.00824965 0.0382136
v 0.0145567 -0.0074779 0.0382581
v 0.0140199 -0.00878022 0.0379291
v 0.0140199 -0.00808224 0.0381603
v 0.0151553 -0.0072878 0.0381958
v 0.0190122 -0.018288 0.0337235
v 0.018537 -0.0188867 0.0336257
v 0.0217212 -0.0246066 0.0310117
v 0.0239613 -0.0325227 -0.0494635
v 0.0239613 -0.0320716 -0.0493746
v 0.0167289 -0.0299067 -0.0494458
v 0.015828 -0.0293251 -0.0493835
v 0.0167289 -0.0286611 -0.0491701
v 0.018537 -0.0286611 -0.0490456
v 0.019438 -0.0286611 -0.0489834
v 0.0176299 -0.0277589 -0.0488589
v 0.0167289 -0.0269446 -0.0486544
v 0.0221532 -0.0268538 -0.0482188
v 0.0266703 -0.0262693 -0.0476675
v 0.0167289 -0.0322759 -0.0499081
v 0.015828 -0.0331526 -0.0500948
v 0.0275775 -0.0224049 -0.0460048
v 0.0275775 -0.0219509 -0.0457736
v 0.0263803 -0.0236647 -0.046725
v 0.0248622 -0.0241413 -0.0470184
v 0.0167289 -0.0239115 -0.0475341
v 0.0257694 -0.0231625 -0.0465294
v 0.0215238 -0.0228163 -0.0466983
v 0.0266642 -0.0222574 -0.0460048
v 0.0167289 -0.0158621 -0.042884
v 0.0203451 -0.0154507 -0.0422794
v 0.0212461 -0.0214771 -0.0460226
v 0.015828 -0.0206344 -0.045987
v 0.015828 -0.0196244 -0.0454536
v 0.015828 -0.0189235 -0.0450623
v 0.0167289 -0.0224531 -0.0468851
v 0.015828 -0.0224021 -0.0469117
v 0.015828 -0.0214317 -0.0464049
v 0.015828 -0.0184724 -0.04476
v 0.0157786 -0.0177347 -0.0442532
v 0.015828 -0.0162764 -0.0432307
v 0.0203451 -0.0144889 -0.0414436
v 0.0176299 -0.0138959 -0.0411591
v 0.0176299 -0.0124517 -0.0398431
v 0.015828 -0.0147669 -0.0420926
v 0.0167289 -0.0143016 -0.0416125
v 0.0176299 -0.0153032 -0.0423949
v 0.0167289 -0.0152549 -0.0424305
v 0.0163648 -0.0119353 -0.0394875
v 0.0248622 -0.0119126 -0.0386161
v 0.0167289 -0.0110898 -0.0385183
v 0.0266703 -0.00993784 -0.0360999
v 0.0257694 -0.00944698 -0.035602
v 0.0275775 -0.00916893 -0.0350507
v 0.0275775 -0.00879441 -0.0345084
v 0.0275775 -0.0084057 -0.0339393
v 0.0275775 -0.00813048 -0.0334859
v 0.027596 -0.00763112 -0.0326234
v 0.0149208 -0.00747506 -0.033966
v 0.0266703 -0.00738995 -0.0323122
v 0.0266703 -0.00712608 -0.0317965
v 0.00317131 -0.00416961 -0.028809
v 0.0149208 -0.00723673 -0.0335125
v 0.0248622 -0.0307409 0.0282376
v 0.0250535 -0.0331526 0.0273395
v 0.02572 -0.0331526 0.0271973
v 0.0243624 -0.0308913 0.0282909
v 0.0222334 -0.0314587 0.0284954
v -0.0148973 -0.00451009 0.0386937
v -0.0076649 -0.00455265 0.0395918
v -0.00676394 -0.00465479 0.0401163
v -0.00585681 -0.00465479 0.0401252
v -0.00405489 -0.00465196 0.0401252
v -0.00347482 -0.00416961 0.0292423
v -0.00133966 -0.00516551 0.0403564
v -0.000438703 -0.0060706 0.0403297
v 0.00859559 -0.00697286 0.0393784
v 0.00317131 -0.00598265 0.0401697
v 0.000462257 -0.00665225 0.0400897
v 0.00191243 -0.00653592 0.0400541
v 0.00317131 -0.00643378 0.0400185
v 0.00407844 -0.00635433 0.0399919
v 0.0063617 -0.00833476 0.0391472
v 0.00768845 -0.00769354 0.0392361
v 0.00696028 -0.00825816 0.0391205
v 0.00768845 -0.0107834 0.0381514
v 0.00969402 -0.00733036 0.0391116
v 0.0144025 -0.0182483 0.0346126
v 0.0131127 -0.00968532 0.0377868
v 0.0140199 -0.0107975 0.0372533
v 0.0140199 -0.00968532 0.0376268
v 0.01489 -0.00969667 0.0374578
v 0.0145691 -0.0102017 0.0373512
v 0.018537 -0.0184355 0.0337769
v 0.018537 -0.0178198 0.0339814
v 0.018537 -0.0196244 0.0333679
v 0.0176299 -0.0178198 0.0341681
v 0.0167289 -0.0187193 0.0340258
v 0.0215299 -0.0299379 0.0291712
v 0.015828 -0.0297762 -0.0494724
v 0.0140199 -0.0304685 -0.0496858
v 0.0136805 -0.0290924 -0.049428
v 0.0149208 -0.0286611 -0.0492679
v 0.015828 -0.0286611 -0.0492235
v 0.0167289 -0.0277589 -0.0489212
v 0.015828 -0.0277589 -0.0489745
v 0.015828 -0.0268793 -0.0486722
v 0.015828 -0.0264254 -0.0485122
v 0.0167289 -0.0243626 -0.0477031
v 0.0203451 -0.0247258 -0.0475697
v 0.0230542 -0.0259487 -0.0478186
v 0.0257694 -0.0257245 -0.0475341
v 0.015828 -0.0322759 -0.0499526
v 0.015828 -0.0313736 -0.0497836
v 0.0149208 -0.0331526 -0.0501304
v 0.0140199 -0.0322759 -0.0500237
v 0.0212337 -0.0224134 -0.0465116
v 0.0167289 -0.0232391 -0.0472585
v 0.015828 -0.0238434 -0.0475608
v 0.015828 -0.0158224 -0.0429106
v 0.0140199 -0.0196244 -0.0455247
v 0.0140199 -0.0188725 -0.0450979
v 0.0104037 -0.0195478 -0.0456136
v 0.00678749 -0.0194257 -0.0456758
v 0.015828 -0.0232391 -0.0473029
v 0.0149208 -0.0232391 -0.0473385
v 0.00678749 -0.0230036 -0.0475252
v 0.00407844 -0.0228958 -0.0475697
v 0.00859559 -0.022334 -0.047134
v 0.0131127 -0.022334 -0.046974
v 0.0136434 -0.0218772 -0.0467161
v 0.00825618 -0.0182653 -0.0449112
v 0.0049794 -0.0181745 -0.0449734
v 0.0104037 -0.017224 -0.0441021
v 0.00949655 -0.0156493 -0.0430351
v 0.0122118 -0.0157231 -0.0429818
v 0.0167289 -0.0133539 -0.0407501
v 0.0166919 -0.0123183 -0.0398076
v 0.015828 -0.0138164 -0.0412302
v 0.015828 -0.0152209 -0.0424572
v 0.0109591 -0.0146506 -0.0421993
v 0.015828 -0.0119211 -0.0395053
v 0.0153775 -0.0110387 -0.0385806
v 0.0159822 -0.0110586 -0.0385539
v 0.0166919 -0.0116175 -0.0391052
v 0.0239613 -0.01187 -0.0386606
v 0.015828 -0.0102216 -0.0375759
v 0.015828 -0.00984137 -0.0371224
v 0.0203451 -0.00920865 -0.0358954
v 0.0203451 -0.00842272 -0.0348196
v 0.0257509 -0.00859012 -0.0344283
v 0.0260409 -0.00834328 -0.0340371
v 0.0149208 -0.00852486 -0.0355931
v 0.0248622 -0.00829788 -0.0341083
v 0.0149208 -0.00780987 -0.0345084
v 0.0140199 -0.00775879 -0.0345084
v 0.0140199 -0.00745237 -0.0340016
v 0.00227035 -0.00416961 -0.0288979
v 0.0140199 -0.00721403 -0.033557
v 0.0167289 -0.00694733 -0.0327034
v 0.015828 -0.00689058 -0.0327034
v 0.0149208 -0.00683384 -0.0327034
v 0.0219866 -0.0319694 0.0283532
v 0.0221779 -0.0331526 0.0278641
v 0.0212337 -0.0304146 0.0290556
v -0.0158044 -0.00452144 0.0386937
v -0.00681331 -0.00416961 0.0287799
v -0.0194144 -0.00450725 0.0377868
v -0.0203215 -0.00451293 0.0377868
v -0.0148973 -0.00461507 0.0393339
v -0.00857203 -0.00456684 0.0395918
v -0.0076649 -0.00465763 0.0401163
v -0.00585681 -0.00516551 0.0403475
v -0.00405489 -0.0060706 0.0403475
v -0.00133966 -0.0060706 0.0403386
v -0.00585681 -0.0060706 0.0403475
v -0.000438703 -0.00668913 0.0401075
v 0.000462257 -0.00710338 0.0399296
v 0.00859559 -0.00753181 0.0391828
v 0.00678749 -0.0114927 0.0379735
v 0.00671344 -0.0086951 0.0389872
v 0.00768845 -0.0123949 0.0375734
v 0.00820064 -0.0128688 0.0373423
v 0.00854005 -0.0132234 0.0371733
v 0.00834875 -0.0102159 0.038267
v 0.00859559 -0.00798578 0.0390227
v 0.0131127 -0.0163047 0.0354751
v 0.0149208 -0.0187193 0.0343548
v 0.015828 -0.0187193 0.0341947
v 0.0144889 -0.0155727 0.0355284
v 0.0125327 -0.0164182 0.0355107
v 0.0140199 -0.0196244 0.0341592
v 0.0140199 -0.0234916 0.0327455
v 0.0147234 -0.0229043 0.032861
v 0.0149208 -0.0214317 0.0333679
v 0.0145382 -0.0128943 0.0364442
v 0.0131127 -0.0304685 -0.0497214
v 0.0122118 -0.0295662 -0.0495791
v 0.0113046 -0.0295662 -0.0496147
v 0.0122118 -0.0289704 -0.0494546
v 0.0122118 -0.0285193 -0.0493391
v 0.0113046 -0.028454 -0.0493568
v 0.0140199 -0.0277589 -0.0490456
v 0.0149949 -0.0267658 -0.0486633
v 0.0104037 -0.0268538 -0.04885
v 0.00588036 -0.0268538 -0.0490012
v 0.00678749 -0.0260168 -0.0486633
v 0.00961997 -0.0331526 -0.0502993
v 0.00718244 -0.032744 -0.050326
v 0.0113046 -0.0322759 -0.0501126
v 0.0131127 -0.0313736 -0.0498903
v 0.0131127 -0.0237214 -0.0476053
v 0.00859559 -0.0250464 -0.0482454
v 0.0049794 -0.0241413 -0.048032
v 0.00407844 -0.0193378 -0.0457203
v 0.00678749 -0.0187193 -0.0452579
v 0.0049794 -0.0205266 -0.046316
v 0.0049794 -0.0198173 -0.0459426
v 0.012582 -0.0236987 -0.0476141
v 0.00678749 -0.0234547 -0.0477119
v 0.00317131 -0.0228844 -0.0475697
v 0.00317131 -0.022334 -0.0472941
v 0.00407844 -0.022334 -0.0472852
v 0.0049794 -0.022334 -0.0472585
v 0.0049794 -0.0233809 -0.0477386
v 0.00407844 -0.0233469 -0.0477475
v 0.00317131 -0.0233384 -0.0477564
v 0.0049794 -0.0187193 -0.0453202
v 0.00407844 -0.0187193 -0.0453469
v 0.00407844 -0.0181518 -0.0449823
v 0.00407844 -0.0177007 -0.0446711
v 0.00407844 -0.0160096 -0.0434886
v 0.0049794 -0.0166253 -0.0438887
v 0.00859559 -0.0156266 -0.0430529
v 0.00567055 -0.0155472 -0.0431063
v 0.0059359 -0.0151897 -0.0428217
v 0.0140199 -0.0133 -0.040839
v 0.0146308 -0.0128404 -0.0403944
v 0.00678749 -0.0151074 -0.0427239
v 0.0140199 -0.0151755 -0.0424928
v 0.00588036 -0.0145314 -0.042306
v 0.00588036 -0.0135838 -0.0414436
v 0.0104037 -0.0141853 -0.0417992
v 0.00949655 -0.0117821 -0.0396386
v 0.0049794 -0.0112316 -0.0392741
v 0.0104037 -0.0127411 -0.0404833
v 0.00859559 -0.0122474 -0.0401099
v 0.0049794 -0.0108316 -0.0388206
v 0.0122118 -0.00928242 -0.0367134
v 0.0131127 -0.00975341 -0.0372113
v 0.0131127 -0.00930228 -0.0366867
v 0.0140199 -0.00932498 -0.0366601
v 0.0149208 -0.0101875 -0.0376114
v 0.0149208 -0.00935335 -0.0366245
v 0.0149208 -0.00897599 -0.036171
v 0.015828 -0.00939024 -0.03658
v 0.0167289 -0.00942996 -0.0365356
v 0.0167289 -0.00905544 -0.0360821
v 0.0149208 -0.00820993 -0.0351396
v 0.015828 -0.00901571 -0.0361266
v 0.0140199 -0.00849365 -0.0356287
v 0.0140199 -0.00818155 -0.0351841
v 0.0122118 -0.0081475 -0.0352463
v 0.0131127 -0.00772475 -0.0345084
v 0.0131127 -0.00744102 -0.0340282
v 0.00127065 -0.00416961 -0.0289513
v 0.0212461 -0.0313736 0.0286999
v 0.0212461 -0.0325908 0.0282465
v 0.0212769 -0.0331526 0.0280242
v 0.0193886 -0.0312998 0.0290289
v 0.0162599 -0.0272992 0.0310028
v -0.0167054 -0.00454414 0.0386937
v -0.0158044 -0.00462642 0.0392895
v -0.00961492 -0.00416961 0.0279353
v -0.0230306 -0.00451009 0.0368799
v -0.0239377 -0.00453279 0.0368799
v -0.0212225 -0.0045413 0.0377868
v -0.00857203 -0.00467182 0.0400986
v -0.0076649 -0.00516551 0.0403209
v -0.00676394 -0.00516551 0.0403386
v -0.00314776 -0.00671183 0.0401163
v -0.00495585 -0.00717715 0.0399563
v -0.00224679 -0.00670332 0.0401163
v -0.00676394 -0.0060706 0.0403297
v -0.00585681 -0.00672034 0.0401163
v -0.00133966 -0.00714878 0.0399474
v -0.000438703 -0.00787796 0.0396718
v 0.000462257 -0.00787796 0.0396451
v 0.00678749 -0.0151074 0.0366487
v 0.00678749 -0.0123949 0.0376446
v 0.00732437 -0.0155841 0.0364354
v 0.00765143 -0.0159359 0.0362753
v 0.00792295 -0.0154961 0.0364087
v 0.010669 -0.0145853 0.0364087
v 0.00859559 -0.0160096 0.0361419
v 0.0113046 -0.0213409 0.0338569
v 0.00892265 -0.0200414 0.0346126
v 0.0113046 -0.0217921 0.0336879
v 0.0140199 -0.0250464 0.0321586
v 0.0145259 -0.0255174 0.0319186
v 0.0148653 -0.0258721 0.0317407
v 0.0148653 -0.0250805 0.0320342
v 0.0113046 -0.0304685 -0.0497836
v 0.00949655 -0.0295662 -0.0496769
v 0.0113046 -0.0289052 -0.0494724
v 0.0104037 -0.0283944 -0.0493746
v 0.0104037 -0.0277589 -0.0491701
v 0.00407844 -0.0268538 -0.0490545
v 0.00407844 -0.0259487 -0.0487256
v 0.00478193 -0.0254749 -0.0485299
v 0.0049794 -0.0276709 -0.0493124
v 0.00619508 -0.0331526 -0.050406
v 0.00684303 -0.0330987 -0.0503793
v 0.00407844 -0.0331526 -0.0504683
v 0.00657768 -0.0326844 -0.0503349
v 0.00949655 -0.0313736 -0.0500059
v 0.0049794 -0.0325511 -0.0503616
v 0.00407844 -0.0241413 -0.0480587
v 0.00317131 -0.0197832 -0.0459604
v 0.00317131 -0.0193293 -0.0457203
v 0.00317131 -0.0187193 -0.0453558
v 0.00407844 -0.0205266 -0.0463427
v 0.00317131 -0.0205266 -0.0463516
v 0.00407844 -0.0211054 -0.046645
v 0.00227035 -0.0228958 -0.0475697
v -0.00133966 -0.022334 -0.0472585
v 0.00317131 -0.0241413 -0.0480676
v 0.000462257 -0.0233639 -0.0477475
v 0.00317131 -0.0181461 -0.0449912
v 0.00317131 -0.0160096 -0.0434975
v 0.00407844 -0.0155046 -0.0431329
v 0.00407844 -0.0150535 -0.0427862
v 0.0104037 -0.0151074 -0.0425817
v 0.00407844 -0.0144917 -0.0423416
v 0.0049794 -0.0126162 -0.0405989
v 0.00859559 -0.0117622 -0.0396564
v 0.00588036 -0.012185 -0.0401632
v 0.00407844 -0.0112118 -0.0392919
v 0.00407844 -0.0108146 -0.0388384
v 0.0113046 -0.0092654 -0.0367312
v 0.0104037 -0.0088625 -0.0362955
v 0.0113046 -0.00887953 -0.0362777
v 0.0122118 -0.00889939 -0.0362599
v 0.0131127 -0.00892209 -0.0362333
v 0.0140199 -0.00894762 -0.0362066
v 0.0131127 -0.00847095 -0.0356642
v 0.0122118 -0.00844826 -0.0356909
v 0.0113046 -0.00842556 -0.0357176
v 0.0113046 -0.00813616 -0.035273
v 0.0104037 -0.00841137 -0.0357443
v 0.00949655 -0.00765949 -0.0345617
v 0.0121254 -0.0076453 -0.0344194
v 0.000462257 -0.00416961 -0.0289869
v 0.0201229 -0.0328263 0.0283354
v 0.0203945 -0.0331526 0.0281664
v 0.018537 -0.031053 0.0292512
v 0.0173398 -0.0291889 0.0301314
v 0.0176299 -0.0304685 0.0296068
v -0.0203215 -0.00461791 0.0384181
v -0.0167054 -0.00464912 0.0392361
v -0.0100777 -0.00470587 0.0400541
v -0.00947299 -0.00469168 0.0400719
v -0.0121327 -0.00416961 0.0268772
v -0.0248387 -0.00450442 0.0359819
v -0.0257458 -0.0045186 0.0359819
v -0.0257458 -0.00462358 0.0366754
v -0.0248757 -0.00460656 0.0369422
v -0.0239377 -0.00463777 0.0374667
v -0.0212225 -0.00464344 0.038347
v -0.00857203 -0.00516551 0.0402853
v -0.0076649 -0.0060706 0.0403031
v -0.00224679 -0.00928526 0.039165
v -0.00585681 -0.00787796 0.0396896
v -0.00224679 -0.0133 0.0376801
v -0.000438703 -0.013981 0.0374223
v -0.0076649 -0.00665225 0.0400986
v -0.00676394 -0.00669481 0.0401075
v -0.00676394 -0.00787796 0.0396718
v 0.00015988 -0.00925688 0.0391472
v 0.000462257 -0.0151074 0.0369777
v 0.00227035 -0.0163984 0.0364087
v 0.0055965 -0.0182937 0.0355373
v 0.00678749 -0.0169147 0.0359819
v 0.00678749 -0.0177574 0.0356707
v 0.00768845 -0.017661 0.0356351
v 0.00768845 -0.0169147 0.0359108
v 0.00949655 -0.0195024 0.034746
v 0.00768845 -0.0181121 0.0354662
v 0.00768845 -0.0196244 0.0348972
v 0.00768845 -0.0202003 0.0346749
v 0.00859559 -0.0226092 0.0336524
v 0.00949655 -0.02249 0.0336079
v 0.0104592 -0.0222829 0.0335901
v 0.0122118 -0.0237526 0.0328433
v 0.00911395 -0.0246123 0.0328255
v 0.0140199 -0.0295662 0.030407
v 0.0146802 -0.0300855 0.0301314
v 0.0149208 -0.0286611 0.030656
v 0.015828 -0.0294499 0.0302381
v 0.0156552 -0.0274042 0.0310472
v 0.00859559 -0.0295662 -0.0497036
v 0.00949655 -0.0287917 -0.049508
v 0.0104037 -0.0288456 -0.0494902
v 0.00859559 -0.0282866 -0.0494013
v 0.00725649 -0.0282072 -0.0494191
v 0.00317131 -0.0268538 -0.0490634
v 0.00407844 -0.0276397 -0.0493213
v 0.00317131 -0.0276199 -0.0493302
v 0.00678749 -0.0281902 -0.049428
v 0.00407844 -0.0280908 -0.0494546
v 0.00317131 -0.0331526 -0.0504771
v 0.00407844 -0.0324943 -0.0503704
v 0.0049794 -0.0304685 -0.0499614
v 0.00227035 -0.0193378 -0.0457203
v 0.000462257 -0.0187193 -0.045338
v 0.000462257 -0.0215736 -0.0468762
v -0.000438703 -0.0211281 -0.0466361
v -0.000438703 -0.0193605 -0.0457114
v -0.000438703 -0.0229213 -0.0475608
v -0.00224679 -0.022334 -0.0472496
v -0.0076649 -0.0216388 -0.0468406
v -0.00676394 -0.0194116 -0.0456847
v -0.00676394 -0.0250464 -0.0483343
v -0.00585681 -0.0241413 -0.0479965
v -0.00405489 -0.0268538 -0.0490368
v -0.00585681 -0.0268538 -0.0490279
v -0.00585681 -0.0259629 -0.04869
v -0.00405489 -0.0234121 -0.0477297
v -0.00495585 -0.0182 -0.0449556
v 0.00136322 -0.0155103 -0.0431329
v 0.00317131 -0.0154989 -0.0431329
v 0.00317131 -0.0150478 -0.0427951
v 0.00317131 -0.0144889 -0.0423416
v 0.00317131 -0.0140349 -0.0419326
v 0.00407844 -0.013544 -0.0414791
v 0.00407844 -0.0121453 -0.0401988
v 0.00407844 -0.0116629 -0.0397453
v 0.00317131 -0.0112061 -0.0393008
v 0.00317131 -0.010806 -0.0388473
v 0.00317131 -0.0103549 -0.0383227
v 0.00407844 -0.00998039 -0.0378604
v 0.00407844 -0.00868943 -0.0363311
v 0.00522624 -0.00833476 -0.0358598
v 0.00768845 -0.00837165 -0.0358065
v 0.00407844 -0.00952643 -0.0373269
v 0.00407844 -0.0091434 -0.0368734
v 0.00859559 -0.00810211 -0.0353353
v 0.00678749 -0.00807657 -0.0353708
v 0.00407844 -0.00803401 -0.0354153
v 0.00407844 -0.00759139 -0.0346773
v -0.000525097 -0.00416961 -0.0289869
v 0.00227035 -0.0075687 -0.0347129
v 0.00136322 -0.00755735 -0.0347306
v 0.000462257 -0.00755167 -0.0347484
v 0.019438 -0.032954 0.0283887
v 0.019438 -0.0331526 0.0283087
v 0.015828 -0.0304685 0.029838
v 0.015828 -0.0313736 0.0294824
v 0.0176299 -0.031663 0.0291356
v -0.0176063 -0.004686 0.0391739
v -0.0106763 -0.00473991 0.0400185
v -0.0112811 -0.00525914 0.040143
v -0.0103801 -0.00509174 0.0401519
v -0.00947299 -0.00516551 0.0402319
v -0.0180815 -0.00471154 0.0391472
v -0.0127004 -0.00416961 0.0266371
v -0.0266468 -0.00451009 0.035075
v -0.0132928 -0.00416961 0.0263526
v -0.0151873 -0.00416961 0.0253746
v -0.026653 -0.00460372 0.0359908
v -0.024598 -0.00467465 0.0373867
v -0.0263506 -0.00466047 0.0365154
v -0.0218458 -0.00468033 0.0382759
v -0.0129287 -0.00550314 0.0400719
v -0.0129287 -0.00569608 0.0400719
v -0.0112811 -0.00591172 0.040143
v -0.0103801 -0.00600818 0.0401786
v -0.00857203 -0.0060706 0.0402586
v -0.00676394 -0.0160096 0.0366221
v -0.00585681 -0.0123949 0.0379913
v -0.00495585 -0.0123949 0.0380002
v -0.00314776 -0.0151074 0.0369955
v -0.00224679 -0.0144378 0.0372533
v -0.000438703 -0.0151074 0.0370044
v -0.000438703 -0.0178198 0.0359908
v -0.000438703 -0.0170112 0.0362931
v 0.000462257 -0.016526 0.0364531
v -0.00857203 -0.00659834 0.0400719
v -0.0076649 -0.00710621 0.0399296
v -0.00726379 -0.00923702 0.0391472
v -0.00729464 -0.016475 0.0364354
v 0.00227035 -0.0178198 0.0358841
v 0.00317131 -0.0184497 0.0355996
v 0.0058927 -0.0186455 0.0353862
v 0.00678749 -0.0182114 0.0355018
v 0.00678749 -0.0196244 0.0349594
v 0.00719478 -0.0227794 0.0337146
v 0.00768845 -0.0227227 0.0336968
v 0.00859559 -0.0251315 0.0326743
v 0.0104037 -0.0277589 0.0314651
v 0.0140199 -0.0306246 0.0299892
v 0.0149208 -0.0313736 0.029589
v 0.0152849 -0.029989 0.0300959
v 0.00588036 -0.0295662 -0.0497658
v 0.00678749 -0.0286611 -0.0495436
v 0.0076144 -0.028593 -0.049508
v 0.00317131 -0.028071 -0.0494635
v 0.00227035 -0.028071 -0.0494635
v 0.00136322 -0.0280767 -0.0494635
v -0.00133966 -0.0276511 -0.0493213
v 0.00407844 -0.0286611 -0.0495969
v 0.00317131 -0.0286611 -0.0496147
v -0.00138286 -0.0331526 -0.0504416
v -0.0076649 -0.0326929 -0.0503349
v -0.00314776 -0.0325965 -0.0503527
v 0.00136322 -0.0325028 -0.0503704
v 0.00227035 -0.0324858 -0.0503704
v 0.00317131 -0.0324745 -0.0503704
v 0.00317131 -0.0320233 -0.0502904
v 0.00317131 -0.0313736 -0.0501659
v 0.00407844 -0.0304685 -0.0499792
v -0.00857203 -0.0187193 -0.0452491
v -0.0076649 -0.0234462 -0.0477119
v -0.00405489 -0.0229582 -0.047543
v -0.00857203 -0.022334 -0.0471874
v -0.00405489 -0.022334 -0.0472318
v -0.00857203 -0.0198854 -0.045907
v -0.0076649 -0.0198712 -0.0459159
v -0.0076649 -0.0194201 -0.0456758
v -0.0076649 -0.0250464 -0.0483254
v -0.00676394 -0.0241413 -0.0479876
v -0.00495585 -0.0276738 -0.0493124
v -0.00676394 -0.0268538 -0.0490101
v -0.00585681 -0.027688 -0.0493124
v -0.00676394 -0.0182142 -0.0449468
v -0.0076649 -0.0177659 -0.0446267
v -0.000438703 -0.0155216 -0.043124
v -0.00224679 -0.0150819 -0.0427684
v 0.00136322 -0.0150592 -0.0427862
v 0.00227035 -0.0144917 -0.0423416
v 0.00317131 -0.0121396 -0.0402077
v 0.00317131 -0.0116601 -0.0397542
v 0.00136322 -0.0116686 -0.0397453
v -0.000438703 -0.0116771 -0.0397364
v -0.00405489 -0.011697 -0.0397187
v -0.0076649 -0.0117168 -0.0397009
v -0.00314776 -0.0112402 -0.0392652
v -0.0076649 -0.01086 -0.0387851
v 0.00136322 -0.0108146 -0.0388384
v 0.00136322 -0.00996905 -0.0378693
v 0.000462257 -0.00912637 -0.0368912
v 0.00136322 -0.00951508 -0.0373447
v 0.00317131 -0.00996905 -0.0378693
v 0.00227035 -0.00951508 -0.0373447
v 0.00407844 -0.00831774 -0.0358776
v 0.00317131 -0.00913204 -0.0368823
v 0.00317131 -0.00868091 -0.03634
v 0.00317131 -0.00801415 -0.0354153
v -0.00143223 -0.00416961 -0.0289424
v -0.000438703 -0.00755167 -0.0347484
v -0.00133966 -0.00755735 -0.0347306
v -0.00224679 -0.00756586 -0.0347129
v -0.00314776 -0.00757721 -0.0346951
v -0.00676394 -0.00807373 -0.0353886
v -0.0130892 -0.00744102 -0.0340282
v 0.00227035 -0.00799713 -0.0354153
v 0.000462257 -0.00797443 -0.0354153
v 0.0184815 -0.0331526 0.0284332
v 0.0149208 -0.0320744 0.0293045
v 0.015828 -0.0319382 0.0292512
v -0.0148973 -0.00516551 0.0397162
v -0.0121882 -0.0053783 0.0400986
v -0.0212225 -0.00516551 0.0386137
v -0.0191614 -0.00546626 0.0391739
v -0.0184332 -0.00516551 0.0392183
v -0.0176063 -0.00516551 0.0393517
v -0.0167054 -0.00516551 0.0394851
v -0.0158044 -0.00516551 0.0396095
v -0.0275539 -0.00450725 0.03327
v -0.0275539 -0.00452428 0.0341681
v -0.0275724 -0.00460656 0.0350839
v -0.0161438 -0.00416961 0.0247255
v -0.0178655 -0.00416961 0.0235519
v -0.0188899 -0.00416961 0.0227783
v -0.01976 -0.00416961 0.0219959
v -0.020735 -0.00416961 0.0210356
v -0.0217162 -0.00416961 0.0200576
v -0.0225122 -0.00416961 0.0191951
v -0.0233206 -0.00416961 0.0182082
v -0.0244499 -0.00416961 0.0165455
v -0.0251596 -0.00416961 0.0154074
v -0.0261654 -0.00416961 0.0136558
v -0.0272886 -0.00465196 0.0356974
v -0.0252028 -0.00478531 0.03728
v -0.0269553 -0.00496406 0.036302
v -0.022142 -0.0051343 0.0383825
v -0.0224505 -0.00481368 0.0381603
v -0.0191614 -0.0057358 0.0391739
v -0.0158044 -0.0060706 0.0396273
v -0.0148973 -0.0060706 0.0397429
v -0.0139963 -0.0060706 0.0398407
v -0.0112811 -0.00636568 0.0399919
v -0.0103801 -0.00645931 0.0400274
v -0.00495585 -0.0160096 0.0366399
v -0.00676394 -0.0178198 0.0359374
v -0.00585681 -0.0169516 0.0362753
v -0.00224679 -0.0169942 0.0362931
v -0.00133966 -0.0170055 0.0362931
v 0.000462257 -0.0178198 0.035973
v -0.00405489 -0.0178198 0.0359641
v -0.00585681 -0.0185802 0.0356529
v -0.000438703 -0.0186228 0.0356707
v 0.000462257 -0.0196244 0.0352617
v 0.000462257 -0.0186114 0.0356618
v -0.00950385 -0.00689909 0.0399118
v -0.00947299 -0.00787796 0.0395473
v -0.0076649 -0.0133 0.037609
v -0.0076217 -0.0168325 0.0362842
v -0.0076649 -0.0185292 0.0356351
v 0.00136322 -0.0185632 0.035644
v 0.0049794 -0.0208529 0.0345771
v 0.0068492 -0.0224219 0.0338747
v 0.00678749 -0.0241413 0.0332078
v 0.00768845 -0.0241413 0.0331456
v 0.00768845 -0.0252394 0.0327099
v 0.00859559 -0.0267176 0.032043
v 0.00949655 -0.0270723 0.0318208
v 0.0131127 -0.0302756 0.0302114
v 0.0140199 -0.0313736 0.0296868
v 0.00407844 -0.0295662 -0.0498014
v 0.00136322 -0.0286611 -0.0496147
v -0.00585681 -0.0281391 -0.0494458
v 0.00227035 -0.0295662 -0.0498192
v -0.00590618 -0.0331526 -0.050406
v -0.00799196 -0.0331526 -0.0503882
v -0.00886824 -0.0327582 -0.050326
v -0.0076649 -0.0313736 -0.0500859
v -0.00676394 -0.0304685 -0.0499259
v -0.00585681 -0.0295662 -0.0497658
v -0.00405489 -0.0295662 -0.0497836
v -0.00495585 -0.0313736 -0.0501126
v -0.00224679 -0.0321255 -0.0502726
v 0.00227035 -0.0320347 -0.0502904
v 0.00227035 -0.0313736 -0.0501659
v 0.00317131 -0.0304685 -0.0499881
v -0.0103801 -0.0187448 -0.0451779
v -0.0095347 -0.0186341 -0.0451513
v -0.00927552 -0.0182511 -0.0449201
v -0.00857203 -0.0182312 -0.044929
v -0.0076649 -0.0182199 -0.0449379
v -0.00857203 -0.0194343 -0.0456669
v -0.00947299 -0.0194683 -0.0456492
v -0.00857203 -0.0234632 -0.0477031
v -0.0076649 -0.0229951 -0.0475252
v -0.0076649 -0.0241413 -0.0479787
v -0.00857203 -0.0230121 -0.0475163
v -0.00947299 -0.022334 -0.0471518
v -0.00947299 -0.0205266 -0.0462093
v -0.00947299 -0.0199194 -0.0458892
v -0.00857203 -0.0255713 -0.0484944
v -0.00857203 -0.0250464 -0.0482988
v -0.00857203 -0.0241413 -0.0479609
v -0.0076649 -0.0268538 -0.0489923
v -0.00676394 -0.0277163 -0.0493035
v -0.00857203 -0.0177801 -0.0446178
v -0.00857203 -0.0155841 -0.0430796
v -0.0076649 -0.0155727 -0.0430885
v -0.00615301 -0.0155614 -0.0430974
v -0.0076649 -0.0151074 -0.0427328
v -0.0076649 -0.0145484 -0.0422883
v 0.000462257 -0.014503 -0.0423327
v -0.00585681 -0.014086 -0.0418881
v 0.00227035 -0.013544 -0.0414791
v -0.000438703 -0.0121594 -0.0401899
v -0.00857203 -0.0117282 -0.0396831
v -0.00857203 -0.0112742 -0.0392208
v -0.0076649 -0.0112657 -0.0392385
v -0.00224679 -0.0121708 -0.040181
v -0.00676394 -0.0121963 -0.0401543
v -0.0076649 -0.0126531 -0.0405633
v -0.00857203 -0.0126645 -0.0405544
v -0.00857203 -0.0122133 -0.0401366
v -0.00857203 -0.0108713 -0.0387762
v -0.0076649 -0.0104088 -0.0382605
v -0.00676394 -0.0100144 -0.0378159
v 0.000462257 -0.00952075 -0.0373447
v -0.00585681 -0.00916893 -0.0368468
v -0.000438703 -0.00830072 -0.0359043
v 0.000462257 -0.00867524 -0.0363578
v 0.00136322 -0.00912637 -0.0368912
v 0.00227035 -0.00912921 -0.0368912
v 0.00227035 -0.00830639 -0.0358954
v 0.00227035 -0.00867808 -0.0363489
v -0.00224679 -0.00416961 -0.0288979
v -0.0139963 -0.00745237 -0.0340016
v -0.000438703 -0.00797726 -0.0354153
v -0.00133966 -0.00798862 -0.0354153
v -0.00224679 -0.0080028 -0.0354153
v -0.00676394 -0.00834611 -0.0358421
v -0.0130892 -0.00773042 -0.0345084
v 0.000462257 -0.00830072 -0.0359043
v 0.0149208 -0.0331526 0.02886
v -0.0227406 -0.00541519 0.0382847
v -0.0284549 -0.004564 0.0314562
v -0.0267085 -0.00416961 0.0125711
v -0.0270294 -0.00416961 0.0118153
v -0.0275231 -0.00416961 0.0106506
v -0.0281957 -0.00416961 0.00852555
v -0.028387 -0.00416961 0.00790316
v -0.0285351 -0.00416961 0.00706737
v -0.0281833 -0.00462926 0.0341681
v -0.0283438 -0.00461223 0.03327
v -0.0280723 -0.00466898 0.0347816
v -0.0278871 -0.00492434 0.0353862
v -0.026653 -0.00522509 0.0366132
v -0.0257211 -0.00512011 0.03712
v -0.0254064 -0.00538965 0.0373867
v -0.0248757 -0.00512011 0.0374934
v -0.0271158 -0.00556557 0.0364442
v -0.0275045 -0.00524495 0.0359285
v -0.0185135 -0.00590888 0.0392361
v -0.0167054 -0.0060706 0.0394851
v -0.0227406 -0.00578687 0.0382847
v -0.0212225 -0.0060706 0.0386226
v -0.0203215 -0.0060706 0.0388271
v -0.0194453 -0.00605074 0.0390227
v -0.0157797 -0.00701542 0.0392806
v -0.015465 -0.00747506 0.0391561
v -0.0148973 -0.00697286 0.0394139
v -0.0179827 -0.00648769 0.0391294
v -0.0183407 -0.018393 0.0346749
v -0.0139963 -0.00697286 0.0395117
v -0.0112811 -0.00697286 0.0397696
v -0.0103801 -0.00787796 0.039494
v -0.00405489 -0.0169743 0.0362842
v -0.00676394 -0.0185717 0.035644
v -0.00676394 -0.0190229 0.0354662
v -0.000438703 -0.0256252 0.0328699
v 0.000462257 -0.0268538 0.032372
v 0.00136322 -0.0196244 0.0352261
v 0.00313428 -0.0258636 0.0326654
v 0.00588036 -0.0249074 0.0329411
v -0.00857203 -0.0159189 0.0365687
v -0.00740572 -0.0210118 0.0346393
v -0.0101456 -0.0183107 0.0355462
v -0.0139963 -0.0304685 0.0303448
v 0.00311577 -0.0206032 0.0347638
v 0.00588036 -0.0228646 0.0337502
v 0.00678749 -0.024862 0.0329233
v 0.00768845 -0.0259487 0.0324254
v 0.00768845 -0.0268084 0.0320786
v 0.00768845 -0.0286611 0.0313229
v 0.00859559 -0.0291804 0.0310383
v 0.00944718 -0.0287236 0.0311539
v 0.0104037 -0.0310047 0.0301403
v 0.0122118 -0.0313736 0.029838
v 0.0128165 -0.0327582 0.0292156
v 0.0131127 -0.0331072 0.0290467
v 0.0140507 -0.0331526 0.0289489
v -0.00405489 -0.0286611 -0.049588
v 0.00136322 -0.0295662 -0.0498192
v -0.00676394 -0.0281675 -0.0494369
v -0.00585681 -0.0286611 -0.0495702
v -0.00856586 -0.0331526 -0.0503793
v -0.0076649 -0.0304685 -0.0499081
v -0.00947299 -0.0331526 -0.0503438
v -0.0103801 -0.0330419 -0.0502904
v -0.0176372 -0.0331526 -0.0499614
v -0.0176063 -0.0322759 -0.0498192
v -0.00947299 -0.0322759 -0.0502104
v -0.00947299 -0.0304685 -0.0498548
v -0.00857203 -0.0295662 -0.0497036
v -0.0076649 -0.0295662 -0.0497303
v -0.00676394 -0.0295662 -0.0497481
v -0.0103801 -0.0195137 -0.0456314
v -0.0158044 -0.0189661 -0.0450357
v -0.0185135 -0.0190796 -0.0449645
v -0.0201673 -0.0191477 -0.0449201
v -0.00988028 -0.0182738 -0.0449023
v -0.00947299 -0.0171588 -0.0441465
v -0.00947299 -0.0156096 -0.0430618
v -0.00947299 -0.0235086 -0.0476853
v -0.00947299 -0.0230546 -0.0474986
v -0.0103801 -0.0231114 -0.0474808
v -0.0185135 -0.022595 -0.0468139
v -0.0158044 -0.0224588 -0.0468851
v -0.0121882 -0.022334 -0.0470095
v -0.0103801 -0.0212813 -0.0465561
v -0.0203215 -0.0214317 -0.0461115
v -0.0194144 -0.0196244 -0.0452135
v -0.00947299 -0.0256224 -0.0484766
v -0.00947299 -0.0250464 -0.0482632
v -0.00857203 -0.0268538 -0.0489656
v -0.00947299 -0.0268538 -0.0489301
v -0.00947299 -0.0241413 -0.0479253
v -0.00737486 -0.028193 -0.049428
v -0.00767107 -0.0278383 -0.0493124
v -0.00947299 -0.0277589 -0.0492324
v -0.00857203 -0.0151074 -0.042715
v -0.00857203 -0.0145598 -0.0422794
v -0.0076649 -0.0140973 -0.0418793
v -0.00585681 -0.0131383 -0.0410257
v -0.00947299 -0.011748 -0.0396653
v -0.00947299 -0.0112969 -0.039203
v -0.00947299 -0.012236 -0.0401188
v -0.00857203 -0.0141087 -0.0418704
v -0.00947299 -0.0108912 -0.0387495
v -0.0121882 -0.00928242 -0.0367134
v -0.00857203 -0.0104202 -0.0382427
v -0.0076649 -0.00918595 -0.0368201
v -0.00676394 -0.0091746 -0.0368379
v -0.00676394 -0.00956331 -0.0372913
v -0.00453622 -0.00832909 -0.0358687
v -0.00314776 -0.00416961 -0.0288179
v -0.0148973 -0.00747506 -0.033966
v -0.0139963 -0.00775879 -0.0345084
v -0.00514098 -0.00833193 -0.0358598
v -0.0076649 -0.00876603 -0.0363133
v -0.0076649 -0.0083603 -0.0358154
v -0.0121882 -0.0081475 -0.0352374
v -0.0112811 -0.00813332 -0.0352641
v -0.0289856 -0.00465479 0.0305582
v -0.0289609 -0.00466898 0.0314562
v -0.0285351 -0.00461507 0.0324254
v -0.0286523 -0.00416961 0.00620492
v -0.0287573 -0.00416961 0.00538692
v -0.0288498 -0.00416961 0.0045867
v -0.0289362 -0.00416961 0.00381316
v -0.0290103 -0.00416961 0.00311074
v -0.029072 -0.00416961 0.00245279
v -0.0289362 -0.00468884 0.0321586
v -0.0288868 -0.00472856 0.0327632
v -0.0281648 -0.00520239 0.0350839
v -0.0287943 -0.00489029 0.03327
v -0.0289239 -0.00553719 0.033768
v -0.0280229 -0.00552868 0.0355551
v -0.0254064 -0.00578687 0.0373867
v -0.0271158 -0.00566487 0.0364442
v -0.0185135 -0.00636001 0.039085
v -0.0221235 -0.00608195 0.0383737
v -0.024851 -0.00607912 0.0374934
v -0.0230368 -0.00608195 0.038098
v -0.0224258 -0.00638838 0.0381958
v -0.0218211 -0.00662955 0.0382759
v -0.0217285 -0.00927107 0.0373512
v -0.020772 -0.00742399 0.0382403
v -0.0194144 -0.00697286 0.0386937
v -0.0190442 -0.00837732 0.0382581
v -0.0148849 -0.00974206 0.0383825
v -0.0176063 -0.0178198 0.034995
v -0.0167054 -0.0178198 0.0351194
v -0.0145949 -0.0174198 0.0355462
v -0.014237 -0.0127922 0.0373156
v -0.0185135 -0.00697286 0.0388627
v -0.0176063 -0.0185292 0.0347282
v -0.0189392 -0.0182596 0.0346215
v -0.0216915 -0.0309281 0.0292067
v -0.0122623 -0.00873482 0.0390227
v -0.0139593 -0.0132234 0.0371822
v -0.0112811 -0.00847947 0.0392005
v -0.0130892 -0.013388 0.0372
v -0.0130892 -0.0150365 0.0365776
v -0.0103801 -0.00968532 0.0388093
v -0.00720825 -0.0254976 0.0328166
v -0.00676394 -0.0205266 0.0348527
v -0.00133966 -0.0280852 0.0318652
v -0.000438703 -0.0276539 0.0320519
v 0.000462257 -0.0276426 0.0320519
v 0.00136322 -0.0276 0.0320342
v 0.00227035 -0.0268538 0.0323009
v 0.00407844 -0.0259487 0.0325943
v 0.0049794 -0.0259487 0.0325587
v -0.0076649 -0.0304685 0.0307538
v -0.0121882 -0.0176638 0.035644
v -0.0139963 -0.0179418 0.035404
v -0.0139963 -0.0187193 0.0350928
v -0.0139963 -0.019979 0.034586
v -0.0139963 -0.0214317 0.0339991
v -0.0112811 -0.0131156 0.0374401
v -0.0145147 -0.0309395 0.0301136
v -0.0139963 -0.0309821 0.0301314
v 0.00678749 -0.0286611 0.0313762
v 0.00721946 -0.0273049 0.0319097
v 0.00768845 -0.0304685 0.0305849
v 0.0104037 -0.0322759 0.0296157
v 0.0123475 -0.0331526 0.0290911
v 0.0113046 -0.0329114 0.0292779
v -0.00676394 -0.0286611 -0.0495524
v -0.0108491 -0.0331526 -0.0502815
v -0.0194453 -0.0331526 -0.0498725
v -0.0185135 -0.0322759 -0.0497747
v -0.0139716 -0.0295095 -0.0494902
v -0.0130892 -0.0295662 -0.0495436
v -0.0112811 -0.0304685 -0.0497925
v -0.0112811 -0.0295662 -0.0496147
v -0.0103801 -0.0288399 -0.0494902
v -0.00857203 -0.0287179 -0.0495169
v -0.0207659 -0.0191732 -0.0449023
v -0.0139963 -0.018444 -0.0447867
v -0.0203215 -0.0180525 -0.0441554
v -0.0121882 -0.0161714 -0.0433019
v -0.0167054 -0.0159047 -0.0428573
v -0.0203215 -0.0154223 -0.0422971
v -0.0148973 -0.0152266 -0.0424572
v -0.00947299 -0.0151074 -0.0426706
v -0.0103801 -0.0235625 -0.0476675
v -0.0125646 -0.0236987 -0.0476141
v -0.0176063 -0.0232391 -0.0471607
v -0.0203215 -0.0232391 -0.0470184
v -0.0203215 -0.0226858 -0.0467606
v -0.0203215 -0.0222347 -0.0465294
v -0.0212225 -0.0222886 -0.0465027
v -0.0203215 -0.0204642 -0.0456047
v -0.0103801 -0.0268538 -0.0488856
v -0.0121882 -0.0250464 -0.0481298
v -0.0112811 -0.0277589 -0.0491523
v -0.0203215 -0.0272567 -0.0485388
v -0.00797962 -0.028227 -0.0494191
v -0.00857203 -0.0282639 -0.0494102
v -0.0112811 -0.0284512 -0.0493657
v -0.00947299 -0.0145825 -0.0422527
v -0.0112811 -0.0118076 -0.039612
v -0.0121882 -0.0118388 -0.0395853
v -0.0148973 -0.0119268 -0.0394964
v -0.0203215 -0.0116799 -0.0388651
v -0.0112811 -0.0109451 -0.0386873
v -0.00947299 -0.0141314 -0.0418437
v -0.0113428 -0.0142846 -0.0418704
v -0.0103801 -0.0122673 -0.0400921
v -0.0112811 -0.0104939 -0.0381716
v -0.0130892 -0.00930796 -0.0366867
v -0.0130892 -0.00892776 -0.0362333
v -0.0121882 -0.0089079 -0.0362599
v -0.00857203 -0.00920298 -0.0368023
v -0.00857203 -0.00958601 -0.0372558
v -0.00322181 -0.00416961 -0.028809
v -0.0148973 -0.00723673 -0.0335125
v -0.0167054 -0.00693882 -0.0327034
v -0.0167054 -0.00753748 -0.0338504
v -0.0194144 -0.00738427 -0.033228
v -0.0158044 -0.0072651 -0.0334592
v -0.0148973 -0.00780419 -0.0345084
v -0.0158044 -0.00786661 -0.0345084
v -0.0167054 -0.00792903 -0.0345084
v -0.0184949 -0.00810494 -0.0345884
v -0.0139963 -0.00818439 -0.0351752
v -0.00857203 -0.00880292 -0.0363133
v -0.0103801 -0.00841705 -0.0357354
v -0.0139963 -0.00849649 -0.0356287
v -0.0291275 -0.00416961 0.00163479
v -0.0290041 -0.00464344 0.0296513
v -0.0308986 -0.00549747 -0.0128136
v -0.0308801 -0.00550882 -0.0119156
v -0.031275 -0.0060706 -0.0119156
v -0.0312441 -0.0060706 -0.0110086
v -0.0293188 -0.00516551 0.0296513
v -0.0292756 -0.00516551 0.0305582
v -0.029072 -0.00508323 0.0324254
v -0.0292077 -0.00516551 0.0314562
v -0.0289917 -0.00534142 0.03327
v -0.0292509 -0.0060706 0.0323631
v -0.0290226 -0.00615572 0.033359
v -0.0289239 -0.00591172 0.033768
v -0.0280229 -0.00570176 0.0355551
v -0.0251534 -0.00638838 0.0372889
v -0.0266776 -0.00600818 0.0366399
v -0.0257211 -0.00607912 0.0371467
v -0.0262333 -0.00748925 0.0364531
v -0.0260173 -0.0080936 0.0363553
v -0.0259988 -0.0108089 0.0354484
v -0.0254126 -0.00847095 0.0364798
v -0.0274058 -0.00697286 0.0358041
v -0.02727 -0.00787796 0.0356618
v -0.0269985 -0.00626922 0.0363642
v -0.0221235 -0.00694733 0.0380802
v -0.0253694 -0.0138334 0.0346482
v -0.0256841 -0.0168523 0.0335012
v -0.0253385 -0.0165118 0.0337324
v -0.026184 -0.0209692 0.0319097
v -0.0252892 -0.0191676 0.0328166
v -0.0218334 -0.0165885 0.034666
v -0.0214879 -0.0145541 0.0354929
v -0.02337 -0.018183 0.0336879
v -0.0230553 -0.0187108 0.0335812
v -0.0227652 -0.0184072 0.033768
v -0.0212225 -0.0167672 0.0347371
v -0.0201302 -0.0175021 0.0346749
v -0.0194144 -0.0181376 0.0345771
v -0.0148973 -0.0177603 0.0353773
v -0.0148973 -0.0187193 0.0350038
v -0.0139963 -0.0160096 0.036133
v -0.0158044 -0.0192782 0.034666
v -0.0158044 -0.0187193 0.0348883
v -0.0217224 -0.0191959 0.0337324
v -0.0212225 -0.0205266 0.0333145
v -0.0211916 -0.0214629 0.0329589
v -0.0215866 -0.0263573 0.0309939
v -0.0234996 -0.0300259 0.0292067
v -0.02503 -0.0316999 0.0282465
v -0.0256841 -0.0331526 0.0275352
v -0.0229504 -0.0322844 0.0284154
v -0.0229504 -0.033093 0.0280864
v -0.0225925 -0.0327327 0.0282998
v -0.0221296 -0.0331526 0.0281931
v -0.0218026 -0.0331526 0.0282376
v -0.0151133 -0.0308487 0.0300781
v -0.0158044 -0.0307409 0.0300336
v -0.0152243 -0.0218431 0.0337057
v -0.0220494 -0.0304742 0.0293134
v -0.0130892 -0.0123949 0.0375734
v -0.0112502 -0.0114132 0.0380891
v -0.00676394 -0.0299748 0.0309939
v -0.00463496 -0.030023 0.0310117
v -0.00133966 -0.0286611 0.0316252
v -0.000438703 -0.0286611 0.031634
v -0.000438703 -0.028105 0.0318652
v 0.000462257 -0.0280937 0.0318652
v 0.00317131 -0.0286611 0.0315274
v 0.00227035 -0.0275546 0.0320164
v 0.00317131 -0.0268538 0.0322653
v 0.0049794 -0.0278695 0.0317763
v -0.0112811 -0.0311835 0.0302203
v -0.0076649 -0.0313736 0.0303715
v -0.00676394 -0.0304685 0.0307894
v -0.0148973 -0.019874 0.0345415
v -0.0146196 -0.0219368 0.0337413
v -0.014564 -0.0264395 0.0319275
v -0.0148973 -0.0322759 0.0294735
v -0.0148973 -0.0331526 0.0290822
v -0.0139963 -0.0329029 0.0292779
v -0.0148788 -0.0267857 0.0317496
v -0.0130892 -0.0315013 0.0299625
v -0.0103801 -0.0317027 0.0300514
v 0.00678749 -0.0293364 0.0311006
v 0.00678749 -0.0304685 0.0306382
v 0.00768845 -0.0317226 0.0300603
v 0.00859559 -0.0316403 0.0300247
v 0.0104037 -0.0331526 0.0292512
v -0.0203462 -0.0331526 -0.0498281
v -0.0203215 -0.0322759 -0.0496858
v -0.0136569 -0.0290896 -0.049428
v -0.0121882 -0.0289676 -0.0494546
v -0.0112811 -0.0289023 -0.0494724
v -0.0212225 -0.0196556 -0.0451246
v -0.0212225 -0.0192044 -0.0448845
v -0.0212225 -0.0187193 -0.0445555
v -0.0212225 -0.0176439 -0.0438087
v -0.0203215 -0.0165033 -0.0430707
v -0.0190874 -0.0164523 -0.0431063
v -0.0203215 -0.0160096 -0.0427239
v -0.0212225 -0.015462 -0.0422705
v -0.0203215 -0.0149712 -0.0419148
v -0.0185135 -0.0149059 -0.0419771
v -0.0139963 -0.0147414 -0.0421193
v -0.0116822 -0.0146591 -0.0421904
v -0.0110836 -0.0146392 -0.0422082
v -0.0158044 -0.0239172 -0.0475341
v -0.0203215 -0.0241413 -0.0473919
v -0.0212225 -0.0232391 -0.0469651
v -0.0212225 -0.0227397 -0.0467339
v -0.0217409 -0.0227766 -0.0467161
v -0.0215619 -0.0209948 -0.0458003
v -0.0176063 -0.0266211 -0.048441
v -0.0203215 -0.0259487 -0.0480587
v -0.0176063 -0.0240392 -0.0474897
v -0.0121882 -0.0277589 -0.0491079
v -0.0130892 -0.0285874 -0.0493213
v -0.0158044 -0.0277589 -0.0489301
v -0.0185135 -0.0277589 -0.0487967
v -0.0203215 -0.0277589 -0.0486989
v -0.0208399 -0.0272936 -0.0485211
v -0.0212225 -0.0259487 -0.0480054
v -0.0112811 -0.0122985 -0.0400654
v -0.0176063 -0.0124715 -0.0398254
v -0.0203215 -0.0125652 -0.0397364
v -0.0203215 -0.012114 -0.0393186
v -0.0212225 -0.0117111 -0.0388295
v -0.0203215 -0.011226 -0.0383583
v -0.0148973 -0.00897599 -0.0361621
v -0.0139963 -0.00894762 -0.0361977
v -0.00406106 -0.00416961 -0.0286934
v -0.0185135 -0.00704947 -0.0327034
v -0.0257458 -0.00706366 -0.0317965
v -0.0275539 -0.00674872 -0.0308896
v -0.0221296 -0.00819006 -0.0342861
v -0.0230306 -0.00822411 -0.0342327
v -0.0260791 -0.0083376 -0.034046
v -0.0194144 -0.00763679 -0.0336815
v -0.0212225 -0.00744953 -0.0331124
v -0.0257458 -0.00736157 -0.0323656
v -0.0275354 -0.00722538 -0.0318765
v -0.0221296 -0.00723673 -0.0325967
v -0.0194144 -0.00710905 -0.0327034
v -0.0148973 -0.00820709 -0.0351396
v -0.0181864 -0.00832058 -0.0349796
v -0.0148973 -0.00852486 -0.0355931
v -0.0291584 -0.00416961 0.000727875
v -0.0309047 -0.00549747 -0.0137205
v -0.0312997 -0.0060706 -0.0128136
v -0.0291707 -0.00416961 -8.12338e-05
v -0.0314848 -0.00697286 -0.0082968
v -0.031454 -0.00697286 -0.00739878
v -0.029541 -0.0060706 0.0296513
v -0.0294793 -0.0060706 0.0305582
v -0.0293929 -0.0060706 0.0314562
v -0.0314046 -0.0331526 0.0179059
v -0.0289054 -0.00651322 0.0337146
v -0.0303679 -0.0331526 0.0224227
v -0.0303617 -0.0331526 0.0224493
v -0.0301581 -0.0331526 0.0233207
v -0.0298063 -0.0290584 0.0255702
v -0.029794 -0.0295662 0.0255168
v -0.0297693 -0.0304685 0.025419
v -0.0287326 -0.00615572 0.0341058
v -0.0280167 -0.0120034 0.0337324
v -0.0289177 -0.0201379 0.0301225
v -0.0288992 -0.0236306 0.02918
v -0.02893 -0.0265133 0.0283265
v -0.0288992 -0.0299947 0.027384
v -0.0262086 -0.018288 0.0328255
v -0.0259433 -0.0162054 0.0336346
v -0.0268257 -0.00697286 0.0362575
v -0.0263753 -0.00697286 0.0365332
v -0.0270417 -0.0118445 0.0345948
v -0.0270541 -0.014591 0.0336968
v -0.0270602 -0.0173148 0.0327988
v -0.0264185 -0.0151074 0.0338213
v -0.0262333 -0.0156039 0.0337324
v -0.027159 -0.00847379 0.0355729
v -0.0280476 -0.0148151 0.032861
v -0.0279489 -0.0154195 0.0327632
v -0.0270232 -0.0090753 0.0354751
v -0.0257458 -0.0178198 0.0331456
v -0.0270294 -0.0227142 0.030985
v -0.0272515 -0.0248024 0.0301759
v -0.02698 -0.0254039 0.0300692
v -0.0270973 -0.032727 0.0273929
v -0.0223209 -0.0190087 0.0336613
v -0.0226542 -0.0210317 0.0328344
v -0.0212225 -0.0178198 0.0343459
v -0.0233947 -0.0254522 0.0309939
v -0.0221296 -0.022334 0.0324432
v -0.0214755 -0.0217835 0.032781
v -0.0241043 -0.0298727 0.0291445
v -0.0238513 -0.0295691 0.0293134
v -0.0248387 -0.0304685 0.0287622
v -0.0257458 -0.0322759 0.027873
v -0.0258199 -0.0331526 0.0275085
v -0.0230059 -0.0331526 0.0280509
v -0.0229565 -0.0331526 0.0280597
v -0.00676394 -0.0313736 0.030407
v -0.00495585 -0.0313736 0.0304337
v -0.00405489 -0.0304827 0.0308249
v -0.00133966 -0.0305224 0.0308427
v -0.00224679 -0.0295662 0.0312339
v -0.000438703 -0.0300826 0.0310383
v 0.000462257 -0.0305224 0.0308427
v 0.00227035 -0.0299975 0.0310028
v 0.00588036 -0.0304685 0.0306738
v -0.0076649 -0.0318985 0.0301403
v -0.0139963 -0.0331526 0.0291623
v -0.0121882 -0.0322759 0.029678
v -0.0135273 -0.0331526 0.0291978
v -0.0124659 -0.0331526 0.029269
v -0.00860289 -0.0322049 0.0299447
v 0.00678749 -0.0317765 0.030087
v 0.00768845 -0.0331526 0.0294468
v 0.00862027 -0.0331526 0.0293845
v 0.00949655 -0.0331526 0.0293223
v -0.0212225 -0.0331526 -0.0497836
v -0.0212225 -0.0322759 -0.0496325
v -0.0212225 -0.0304685 -0.0492857
v -0.0203215 -0.0313055 -0.0494991
v -0.0203215 -0.0295662 -0.0491612
v -0.0194144 -0.0286611 -0.0490101
v -0.0176063 -0.0286611 -0.0491079
v -0.0148973 -0.0286611 -0.0492501
v -0.0221296 -0.0197237 -0.045089
v -0.0221296 -0.0192725 -0.0448489
v -0.0230306 -0.0187193 -0.0443955
v -0.0221296 -0.0187193 -0.0444755
v -0.0221296 -0.0181518 -0.0440843
v -0.0221296 -0.0166026 -0.0429996
v -0.0212225 -0.0160096 -0.0426617
v -0.0221296 -0.0155103 -0.042226
v -0.0212225 -0.0150081 -0.0418793
v -0.0203215 -0.0144605 -0.0414614
v -0.0185135 -0.0143981 -0.0415236
v -0.0148973 -0.0142732 -0.0416392
v -0.0212225 -0.0241413 -0.0473385
v -0.0230306 -0.0233412 -0.0468762
v -0.0220741 -0.0231738 -0.0468762
v -0.0239377 -0.0234207 -0.0468406
v -0.0230306 -0.0228901 -0.0466628
v -0.0220741 -0.0224191 -0.0465027
v -0.0221296 -0.0214913 -0.0460137
v -0.0211731 -0.0276965 -0.0486278
v -0.0203215 -0.0286611 -0.0489567
v -0.0212225 -0.0286611 -0.0489034
v -0.0214447 -0.027356 -0.0485033
v -0.0211731 -0.0269361 -0.0483699
v -0.0275539 -0.0250464 -0.0472051
v -0.014021 -0.0124772 -0.0400565
v -0.0185135 -0.0134504 -0.0406611
v -0.0212225 -0.0126021 -0.0397009
v -0.0203215 -0.0130617 -0.0401899
v -0.0212225 -0.0121509 -0.039283
v -0.0221296 -0.0117537 -0.0387851
v -0.0212225 -0.01126 -0.0383227
v -0.0212225 -0.0108741 -0.0378693
v -0.0203215 -0.00916893 -0.0359399
v -0.0041166 -0.00416961 -0.0286846
v -0.0266468 -0.00712324 -0.0317965
v -0.0284549 -0.00722822 -0.0316987
v -0.0284549 -0.00684519 -0.0308896
v -0.0284549 -0.00658983 -0.0302761
v -0.0275539 -0.00654159 -0.0303917
v -0.00501756 -0.00416961 -0.0285334
v -0.0221296 -0.00846812 -0.0347395
v -0.0275539 -0.00840002 -0.0339393
v -0.0275539 -0.00812764 -0.0334948
v -0.0257643 -0.00810778 -0.0336904
v -0.0239377 -0.00853905 -0.0346239
v -0.0248387 -0.00857877 -0.0345706
v -0.0266468 -0.00869794 -0.0345084
v -0.0266468 -0.00809643 -0.033557
v -0.0266468 -0.00764247 -0.0327568
v -0.0239377 -0.007546 -0.0329346
v -0.0272268 -0.00741548 -0.0322678
v -0.0275354 -0.00763395 -0.0326234
v -0.0278254 -0.00743818 -0.0322233
v -0.0230306 -0.00895613 -0.035353
v -0.0158044 -0.00855607 -0.0355486
v -0.0176063 -0.00862133 -0.0354597
v -0.0217717 -0.00922284 -0.0358776
v -0.0212225 -0.00885683 -0.0354153
v -0.0212225 -0.00920298 -0.0359043
v -0.030263 -0.00517402 -0.0164323
v -0.030263 -0.00519672 -0.0173393
v -0.0308122 -0.00554854 -0.0173393
v -0.0308369 -0.00553719 -0.0164323
v -0.0312071 -0.0060706 -0.0173393
v -0.0312318 -0.0060706 -0.0164323
v -0.0312997 -0.0060706 -0.0137205
v -0.0291707 -0.00416961 -0.000170147
v -0.0291584 -0.00416961 -0.000988147
v -0.0315033 -0.00697286 -0.00920371
v -0.0314972 -0.00787796 -0.00469582
v -0.0314848 -0.00878022 -0.00198397
v -0.0314601 -0.00968532 0.000727875
v -0.031454 -0.0105876 0.0025417
v -0.0314848 -0.0114927 0.00343972
v -0.0314601 -0.0123949 0.00524466
v -0.0314786 -0.0133 0.00615157
v -0.0314848 -0.0142023 0.00705848
v -0.031491 -0.0151074 0.0079565
v -0.031491 -0.0160096 0.00886342
v -0.031491 -0.0169147 0.00977033
v -0.0314848 -0.0178198 0.0106684
v -0.0314725 -0.0187193 0.0115753
v -0.0314725 -0.0214317 0.0133802
v -0.0314848 -0.0232391 0.0142871
v -0.0314478 -0.0241413 0.015194
v -0.0314786 -0.0250464 0.015194
v -0.031491 -0.0277589 0.016092
v -0.031454 -0.0295662 0.016999
v -0.0314786 -0.0304685 0.016999
v -0.0314972 -0.0313736 0.016999
v -0.0315033 -0.0322759 0.016999
v -0.0315033 -0.0331526 0.0170256
v -0.029541 -0.0304685 0.0260325
v -0.0299297 -0.0331526 0.0241298
v -0.0298619 -0.0313736 0.0248589
v -0.0298372 -0.0320404 0.0247522
v -0.0297199 -0.0313736 0.0253123
v -0.0294237 -0.0313736 0.0260325
v -0.0290843 -0.0277589 0.0276952
v -0.0290226 -0.0286611 0.0275618
v -0.0289609 -0.0293932 0.0274551
v -0.0290658 -0.0313736 0.0267083
v -0.0289671 -0.0322759 0.026566
v -0.0289115 -0.0327412 0.0264949
v -0.0288128 -0.0304685 0.027304
v -0.0280352 -0.0264793 0.0292245
v -0.0280167 -0.0237328 0.0301136
v -0.0279982 -0.0209664 0.0310028
v -0.028097 -0.0203621 0.0311006
v -0.0280723 -0.0175957 0.0319808
v -0.0270479 -0.0200131 0.0318919
v -0.0280414 -0.0291974 0.0283265
v -0.0279735 -0.0182 0.031883
v -0.0277884 -0.0297989 0.0282198
v -0.0275107 -0.0304203 0.0280953
v -0.0275539 -0.0313736 0.0277397
v -0.0271837 -0.0300883 0.0283176
v -0.0275539 -0.0325255 0.0273218
v -0.0275539 -0.0331526 0.0270906
v -0.0275231 -0.0331526 0.0270995
v -0.0267702 -0.0331526 0.0273129
v -0.0243388 -0.0272765 0.0300959
v -0.0266961 -0.0331526 0.0273307
v -0.00676394 -0.0319382 0.0301581
v -0.00585681 -0.0319581 0.030167
v -0.00405489 -0.0324376 0.0299803
v -0.00133966 -0.0313736 0.0304782
v -0.000438703 -0.0313736 0.0304871
v 0.000462257 -0.0313736 0.0304782
v 0.00317131 -0.031924 0.0301492
v 0.00407844 -0.0313736 0.0303537
v 0.00317131 -0.0304685 0.0307716
v -0.00947299 -0.0331526 0.0294646
v -0.0076649 -0.0323496 0.0299358
v 0.00681218 -0.0331526 0.0294912
v -0.0221296 -0.0331526 -0.0497214
v -0.0221296 -0.0322759 -0.0495702
v -0.0221296 -0.0316715 -0.0494546
v -0.0221296 -0.0295662 -0.0490456
v -0.0212225 -0.0295662 -0.0491079
v -0.0268443 -0.020118 -0.0448845
v -0.0257458 -0.0188441 -0.0442266
v -0.0257458 -0.0195733 -0.04468
v -0.0275539 -0.0196244 -0.0445378
v -0.0275539 -0.0189661 -0.0441376
v -0.0248387 -0.0187845 -0.044271
v -0.0275539 -0.0174198 -0.0430618
v -0.0230306 -0.0171162 -0.0432752
v -0.0248387 -0.0161402 -0.0424216
v -0.0230121 -0.0159359 -0.0424483
v -0.0221296 -0.0160096 -0.0425817
v -0.0226974 -0.0155443 -0.0421993
v -0.0230121 -0.0151897 -0.0418615
v -0.0221296 -0.0145456 -0.0413902
v -0.0212225 -0.0145002 -0.0414258
v -0.0212225 -0.0140462 -0.0410168
v -0.0203215 -0.0140094 -0.0410524
v -0.0239377 -0.0241413 -0.047134
v -0.0275539 -0.0237469 -0.0466894
v -0.0264555 -0.0236448 -0.0467339
v -0.0267147 -0.0240562 -0.0468851
v -0.0275539 -0.0232391 -0.0464405
v -0.0275539 -0.0223964 -0.0460137
v -0.0248387 -0.022334 -0.0462182
v -0.0221296 -0.0278866 -0.0486189
v -0.0221296 -0.0286611 -0.0488411
v -0.0221296 -0.0274354 -0.0484766
v -0.0275539 -0.0258636 -0.0474897
v -0.0280599 -0.0263743 -0.047623
v -0.0284549 -0.0250464 -0.0470896
v -0.0275539 -0.0241981 -0.0468762
v -0.0221296 -0.0126503 -0.0396564
v -0.0212225 -0.0130986 -0.0401543
v -0.0221296 -0.0121992 -0.0392385
v -0.0239377 -0.0118445 -0.0386873
v -0.0221296 -0.0112997 -0.0382694
v -0.0228393 -0.0101109 -0.0368023
v -0.0221296 -0.0104627 -0.0372913
v -0.029072 -0.00731618 -0.0315387
v -0.0284549 -0.00748358 -0.0321522
v -0.0289856 -0.0064735 -0.0296626
v -0.0284549 -0.00640824 -0.0298226
v -0.0275539 -0.00600818 -0.0290847
v -0.00585681 -0.00416961 -0.0283823
v -0.0239377 -0.00899302 -0.0352997
v -0.0284549 -0.00847947 -0.0338148
v -0.0284549 -0.00819857 -0.0333703
v -0.0275539 -0.00878306 -0.0345084
v -0.0281772 -0.00920014 -0.0350063
v -0.0284734 -0.00897032 -0.0345795
v -0.0284549 -0.00780419 -0.0327034
v -0.0248387 -0.0090299 -0.0352374
v -0.0230306 -0.00928242 -0.0358065
v -0.0295656 -0.00481084 -0.0173393
v -0.0295348 -0.00484206 -0.0191442
v -0.030263 -0.00523928 -0.0182373
v -0.0307628 -0.00557691 -0.0182373
v -0.0311578 -0.0060706 -0.0182373
v -0.0314663 -0.00697286 -0.0200511
v -0.031491 -0.00697286 -0.0191442
v -0.0315033 -0.00697286 -0.0182373
v -0.029109 -0.00416961 -0.00191284
v -0.0315033 -0.00787796 -0.00558495
v -0.0315095 -0.0178198 -0.0372202
v -0.0315033 -0.00878022 -0.00288199
v -0.0314972 -0.00968532 -0.000170147
v -0.0314972 -0.0105876 0.00163479
v -0.0314972 -0.0123949 0.00434664
v -0.0315033 -0.0133 0.00524466
v -0.0315033 -0.0142023 0.00615157
v -0.0315033 -0.0151074 0.00705848
v -0.0315033 -0.0196244 0.0115753
v -0.031491 -0.0205266 0.0124822
v -0.0315033 -0.022334 0.0133802
v -0.0315033 -0.0259487 0.015194
v -0.0315033 -0.0286611 0.016092
v -0.0315095 -0.022334 -0.0390251
v -0.0315095 -0.0313736 -0.0426439
v -0.0315095 -0.0331526 -0.0435241
v -0.0295656 -0.0331526 0.0251345
v -0.0297693 -0.0331526 0.0245921
v -0.0295533 -0.0331526 0.0251612
v -0.0291275 -0.0331526 0.0260147
v -0.0291337 -0.0304685 0.0268505
v -0.0291028 -0.0331526 0.0260503
v -0.0290288 -0.0331526 0.0261392
v -0.0285351 -0.0331526 0.0266016
v -0.028461 -0.0330958 0.0266727
v -0.0281525 -0.0313736 0.0274907
v -0.0281587 -0.0286611 0.0284154
v -0.0280229 -0.0318588 0.0274018
v -0.0284425 -0.0331526 0.0266638
v -0.00585681 -0.0324092 0.0299625
v -0.0076649 -0.0331526 0.0295713
v -0.00676394 -0.0331526 0.0295979
v -0.00495585 -0.0331526 0.0296424
v -0.00405489 -0.0331526 0.0296602
v -0.00133966 -0.0320233 0.0301937
v -0.00224679 -0.0331526 0.0296868
v -0.000438703 -0.0324887 0.029998
v 0.000462257 -0.0324801 0.029998
v 0.00320216 -0.0331526 0.0296157
v -0.00857203 -0.0331526 0.0295179
v -0.0230676 -0.0331526 -0.0496503
v -0.0257458 -0.0328774 -0.0494013
v -0.0252398 -0.0327554 -0.0494191
v -0.0239377 -0.0324887 -0.0494724
v -0.0275539 -0.0304685 -0.0488145
v -0.0239377 -0.0295662 -0.0489123
v -0.0275539 -0.0206288 -0.045089
v -0.0275539 -0.0201776 -0.0448489
v -0.0275539 -0.0185178 -0.0438264
v -0.0284549 -0.0202656 -0.0447956
v -0.0284549 -0.0196244 -0.0444133
v -0.0284549 -0.0190739 -0.0440665
v -0.02893 -0.0164409 -0.0422082
v -0.0284549 -0.0163927 -0.0422438
v -0.0275539 -0.0169147 -0.0427061
v -0.0257458 -0.0161997 -0.0423772
v -0.0233021 -0.0155841 -0.0421727
v -0.0275539 -0.0153088 -0.0415058
v -0.0236662 -0.0146336 -0.0413102
v -0.0239377 -0.0132518 -0.040021
v -0.0239377 -0.0127553 -0.0395675
v -0.0230306 -0.0127014 -0.039612
v -0.0284549 -0.0243513 -0.0468139
v -0.0284549 -0.0238973 -0.0466183
v -0.0284549 -0.0232391 -0.0462982
v -0.0284549 -0.0225156 -0.0459426
v -0.0284549 -0.0220644 -0.0457203
v -0.0284549 -0.0207196 -0.0450446
v -0.0244869 -0.0281845 -0.0485299
v -0.0273071 -0.0290499 -0.0485388
v -0.0266468 -0.0289505 -0.0485655
v -0.0257458 -0.0288144 -0.0486011
v -0.0248078 -0.0286044 -0.0486189
v -0.0230306 -0.0275489 -0.048441
v -0.0283993 -0.0260225 -0.0474452
v -0.0275539 -0.0277589 -0.0481387
v -0.0283993 -0.0268509 -0.0477208
v -0.0286585 -0.0265502 -0.0475697
v -0.0289732 -0.0245017 -0.0467517
v -0.0259803 -0.0128716 -0.0394608
v -0.0275539 -0.0124857 -0.0389273
v -0.0254866 -0.0119239 -0.0385984
v -0.0266468 -0.0115948 -0.0380827
v -0.023444 -0.0101393 -0.0367668
v -0.0289794 -0.00827802 -0.0332369
v -0.0291645 -0.00811345 -0.0327034
v -0.0294237 -0.00783824 -0.0318588
v -0.0296952 -0.00756586 -0.0308896
v -0.0292448 -0.00717147 -0.0308896
v -0.0291398 -0.00636001 -0.0290847
v -0.0290164 -0.00555706 -0.0270752
v -0.0287696 -0.00563083 -0.0276798
v -0.0284549 -0.00611316 -0.0290847
v -0.028461 -0.00574999 -0.0281244
v -0.0275539 -0.00572162 -0.0282756
v -0.00594937 -0.00416961 -0.0283645
v -0.0287819 -0.00925688 -0.0349263
v -0.0257458 -0.00907246 -0.0351752
v -0.0275539 -0.00916325 -0.0350596
v -0.0275539 -0.00951792 -0.0355042
v -0.0275539 -0.00996905 -0.0360643
v -0.0284549 -0.01004 -0.0359754
v -0.0284734 -0.0095321 -0.035353
v -0.0248387 -0.00937321 -0.0356909
v -0.0239377 -0.00977895 -0.0362866
v -0.0290596 -0.00464912 -0.0200511
v -0.0295101 -0.00487043 -0.0200511
v -0.0290535 -0.00416961 -0.00288199
v -0.0303308 -0.00534993 -0.0191086
v -0.0299729 -0.00543789 -0.0227629
v -0.0307258 -0.00560529 -0.0187796
v -0.0310652 -0.00615572 -0.0200511
v -0.0310282 -0.00599683 -0.0191086
v -0.0313923 -0.00697286 -0.0209491
v -0.031454 -0.00787796 -0.023661
v -0.0314972 -0.00787796 -0.0227629
v -0.0315033 -0.00787796 -0.021856
v -0.0315033 -0.0114927 0.0025417
v -0.0315033 -0.00878022 -0.0245679
v -0.0315033 -0.00968532 -0.0272797
v -0.0315033 -0.0105876 -0.0290847
v -0.0315033 -0.0123949 -0.0317965
v -0.031491 -0.0151074 -0.0354153
v -0.0315095 -0.0187193 -0.0381271
v -0.0315095 -0.0331526 -0.0444488
v -0.000438703 -0.0331526 0.0297046
v -0.000401677 -0.0331526 0.0297046
v 0.000493112 -0.0331526 0.0296957
v -0.0257458 -0.0331526 -0.0494458
v -0.0275539 -0.0331526 -0.0493035
v -0.0275539 -0.0313736 -0.0489834
v -0.0284549 -0.0304685 -0.0487078
v -0.0284549 -0.0297734 -0.0485744
v -0.0279057 -0.0291492 -0.0485122
v -0.0275848 -0.0294953 -0.04861
v -0.0266468 -0.0295662 -0.0486989
v -0.0257458 -0.0295662 -0.04877
v -0.0290164 -0.0208416 -0.0449734
v -0.0289177 -0.019159 -0.0440043
v -0.0290535 -0.0181007 -0.0432041
v -0.029109 -0.0169147 -0.0423683
v -0.0296088 -0.0168296 -0.0417814
v -0.0298063 -0.0164721 -0.0412835
v -0.029146 -0.0160891 -0.0416836
v -0.0289794 -0.0154933 -0.0413458
v -0.0284549 -0.0139895 -0.0401721
v -0.0284549 -0.0149457 -0.0410257
v -0.0284549 -0.0153968 -0.0414258
v -0.0284549 -0.0159387 -0.0418793
v -0.0275539 -0.0163217 -0.0422883
v -0.0275539 -0.0158706 -0.0419593
v -0.0275539 -0.0148577 -0.0411057
v -0.0275539 -0.01391 -0.0402433
v -0.0289979 -0.0226603 -0.0458626
v -0.0266468 -0.0284966 -0.048441
v -0.0275848 -0.0287122 -0.0484233
v -0.0284549 -0.0277589 -0.0479965
v -0.0289856 -0.0271517 -0.0476586
v -0.0284549 -0.0286611 -0.0482721
v -0.0291213 -0.0250464 -0.0468584
v -0.0295718 -0.0250464 -0.0464494
v -0.0291584 -0.0232391 -0.0460048
v -0.0275539 -0.0134135 -0.0397898
v -0.0266468 -0.0129113 -0.0394253
v -0.0275539 -0.0129624 -0.0393719
v -0.0284549 -0.0130305 -0.0393097
v -0.0284549 -0.0125623 -0.0388651
v -0.0275539 -0.0120346 -0.0384739
v -0.0260914 -0.0119552 -0.0385628
v -0.0275539 -0.0116431 -0.0380204
v -0.0275539 -0.0111919 -0.0374958
v -0.0257458 -0.0107096 -0.037158
v -0.029109 -0.00906963 -0.0343216
v -0.0297816 -0.00837732 -0.0321788
v -0.0298865 -0.00819006 -0.0315742
v -0.029794 -0.00744953 -0.0303917
v -0.0297446 -0.00659834 -0.0284712
v -0.0294114 -0.00621531 -0.0281778
v -0.0293311 -0.00587199 -0.0273331
v -0.0295965 -0.00580957 -0.0263728
v -0.0291398 -0.00548045 -0.0263728
v -0.0287943 -0.00472289 -0.0229408
v -0.0284549 -0.00491866 -0.0245679
v -0.0284549 -0.0050889 -0.0254748
v -0.0284549 -0.005279 -0.0263728
v -0.0281648 -0.00560245 -0.0277776
v -0.028461 -0.00551449 -0.0273331
v -0.0076649 -0.00416961 -0.027991
v -0.0068565 -0.00416961 -0.0281689
v -0.0289547 -0.0101024 -0.0359043
v -0.0257458 -0.00942145 -0.0356287
v -0.0284549 -0.0117168 -0.0379404
v -0.0284549 -0.0104259 -0.0364289
v -0.0287449 -0.00416961 -0.00558495
v -0.0286091 -0.00416961 -0.00649186
v -0.0284672 -0.00416961 -0.00742545
v -0.0284549 -0.00454981 -0.0200511
v -0.0290041 -0.00466898 -0.0209491
v -0.0289794 -0.00416961 -0.00378891
v -0.0288683 -0.00416961 -0.00469582
v -0.0289115 -0.00471154 -0.0223362
v -0.0292694 -0.00493852 -0.0226829
v -0.0294607 -0.00491583 -0.0209491
v -0.0293558 -0.00510025 -0.023661
v -0.0299174 -0.00550031 -0.023661
v -0.0306826 -0.00564785 -0.0193843
v -0.0309911 -0.00625503 -0.0209491
v -0.0310096 -0.00691044 -0.023661
v -0.0311886 -0.00697286 -0.0227629
v -0.0313552 -0.00787796 -0.0245679
v -0.0314354 -0.00878022 -0.0263728
v -0.031491 -0.00878022 -0.0254748
v -0.0314478 -0.00968532 -0.0281866
v -0.0314416 -0.0105876 -0.0299916
v -0.0314848 -0.0114927 -0.0308896
v -0.0314848 -0.0142023 -0.0345084
v -0.0313737 -0.0151074 -0.0363133
v -0.031491 -0.0169147 -0.0372202
v -0.0314972 -0.0205266 -0.0399321
v -0.0315033 -0.022334 -0.040839
v -0.0315095 -0.0241413 -0.041737
v -0.0315095 -0.0322759 -0.0444488
v -0.0314046 -0.0331526 -0.0453558
v -0.0284549 -0.0331526 -0.0491701
v -0.0284549 -0.0322759 -0.0490279
v -0.02893 -0.0299578 -0.0485299
v -0.0284549 -0.0293194 -0.0484588
v -0.029183 -0.0214317 -0.0451246
v -0.0296397 -0.0214317 -0.0446978
v -0.0293805 -0.0205295 -0.0444488
v -0.0290966 -0.0196244 -0.0441554
v -0.0297446 -0.0202174 -0.0439065
v -0.0296582 -0.0185519 -0.0429018
v -0.0297569 -0.0174964 -0.0421015
v -0.0296274 -0.014923 -0.0401454
v -0.0296397 -0.0160096 -0.041079
v -0.0299174 -0.0170736 -0.0415058
v -0.030769 -0.0181149 -0.0405011
v -0.0306641 -0.0175106 -0.040261
v -0.0309911 -0.0159501 -0.0381894
v -0.0302321 -0.0160096 -0.0399321
v -0.0299297 -0.0151783 -0.0398787
v -0.0298433 -0.0145825 -0.0395408
v -0.0296644 -0.013981 -0.0392741
v -0.0293065 -0.0152095 -0.0407501
v -0.0290658 -0.0136008 -0.039612
v -0.0284549 -0.0134845 -0.0397187
v -0.0291152 -0.0277589 -0.0477564
v -0.0297446 -0.0259487 -0.0466272
v -0.0292941 -0.0259487 -0.0470184
v -0.0297569 -0.0238463 -0.0457292
v -0.0290905 -0.01269 -0.0387406
v -0.0284549 -0.0121084 -0.038385
v -0.0291522 -0.00990379 -0.0354153
v -0.0294546 -0.00961155 -0.0346151
v -0.0297137 -0.0093647 -0.0338593
v -0.029794 -0.0101705 -0.0349174
v -0.0298433 -0.0091746 -0.0332547
v -0.0306456 -0.00937038 -0.0311297
v -0.0307381 -0.00918595 -0.0305251
v -0.0304543 -0.00884264 -0.030854
v -0.0305715 -0.00859296 -0.0299916
v -0.0299914 -0.00801699 -0.0308896
v -0.0299359 -0.00899869 -0.0327034
v -0.0300778 -0.00872064 -0.031841
v -0.0307443 -0.00828086 -0.0287379
v -0.0308183 -0.00816169 -0.0281866
v -0.0298804 -0.00732752 -0.0297871
v -0.0298495 -0.00646782 -0.0278666
v -0.0299174 -0.00637703 -0.0272797
v -0.0297199 -0.00570459 -0.0254748
v -0.0297878 -0.00563934 -0.0249324
v -0.0292694 -0.00538965 -0.0254748
v -0.0281957 -0.00469735 -0.023332
v -0.0284796 -0.00476829 -0.0236432
v -0.0284549 -0.0045867 -0.0209491
v -0.0275539 -0.0048534 -0.0245679
v -0.0275539 -0.00501229 -0.0254748
v -0.0275539 -0.00520807 -0.0263728
v -0.00833753 -0.00416961 -0.0278132
v -0.0290041 -0.0109649 -0.0368557
v -0.0296088 -0.0103805 -0.0354153
v -0.0284117 -0.00416961 -0.00767441
v -0.0250423 -0.00416961 -0.0155521
v -0.0244437 -0.00416961 -0.0164323
v -0.0238575 -0.00416961 -0.0172681
v -0.0282512 -0.00416961 -0.0082968
v -0.0276835 -0.00416961 -0.0101373
v -0.0273194 -0.00416961 -0.0110086
v -0.0265666 -0.00416961 -0.0127425
v -0.0260544 -0.00416961 -0.0137827
v -0.0298557 -0.0055684 -0.0243367
v -0.0294361 -0.00533291 -0.0246123
v -0.0307505 -0.00647917 -0.0233587
v -0.0307134 -0.00742683 -0.0268174
v -0.0310035 -0.00778717 -0.0264617
v -0.0312256 -0.00787796 -0.0254748
v -0.0313244 -0.00878022 -0.0272797
v -0.0313305 -0.00968532 -0.0290847
v -0.0312873 -0.0105876 -0.0308896
v -0.0313799 -0.0114927 -0.0317965
v -0.0314416 -0.0123949 -0.0327034
v -0.0314663 -0.0133 -0.0336014
v -0.0313552 -0.0142023 -0.0354153
v -0.0310035 -0.0141228 -0.0363933
v -0.0310096 -0.0150194 -0.0373091
v -0.0313676 -0.0160096 -0.0372202
v -0.0314725 -0.0178198 -0.0381271
v -0.0314601 -0.0214317 -0.040839
v -0.0314786 -0.0232391 -0.041737
v -0.031454 -0.0187193 -0.0390251
v -0.0314786 -0.0250464 -0.0426439
v -0.0315033 -0.0259487 -0.0426439
v -0.0315095 -0.0286611 -0.0435508
v -0.0315033 -0.0313736 -0.0444488
v -0.031491 -0.0304685 -0.0444488
v -0.031454 -0.0295662 -0.0444488
v -0.0313182 -0.0313736 -0.0453558
v -0.0310405 -0.0331526 -0.046236
v -0.0284796 -0.0331526 -0.0491612
v -0.0290041 -0.0304685 -0.0485744
v -0.0294607 -0.0304685 -0.0481832
v -0.029362 -0.0295748 -0.0480587
v -0.0292694 -0.0286611 -0.0478987
v -0.0297693 -0.0220049 -0.0448401
v -0.0298619 -0.0208217 -0.0440932
v -0.0298187 -0.0191534 -0.0431063
v -0.0300346 -0.0178057 -0.0417814
v -0.0308492 -0.0188044 -0.0408123
v -0.0311022 -0.0196244 -0.040839
v -0.0312195 -0.0187193 -0.0399321
v -0.0309109 -0.0178142 -0.0399498
v -0.0309541 -0.0168807 -0.0390696
v -0.0312812 -0.0178198 -0.0390251
v -0.0313305 -0.0169147 -0.0381271
v -0.0308369 -0.0152634 -0.0379315
v -0.0298557 -0.0136405 -0.0386784
v -0.0296952 -0.013039 -0.0383761
v -0.0293805 -0.0133199 -0.0390074
v -0.0295656 -0.0277589 -0.0473563
v -0.0297199 -0.0286611 -0.0474986
v -0.029794 -0.0291946 -0.0475875
v -0.0298063 -0.0264197 -0.0467072
v -0.0299236 -0.0250464 -0.0459959
v -0.0298495 -0.0244506 -0.0458714
v -0.0293682 -0.0124233 -0.0380916
v -0.0290473 -0.0118275 -0.037807
v -0.0305407 -0.0114842 -0.034535
v -0.0307875 -0.0117821 -0.0342416
v -0.0306517 -0.0111806 -0.0338593
v -0.0298989 -0.00996621 -0.0343128
v -0.029652 -0.0121594 -0.0374247
v -0.0298125 -0.0110302 -0.0358776
v -0.029905 -0.0108344 -0.0354153
v -0.0299976 -0.00967397 -0.0335748
v -0.030985 -0.0105223 -0.0318499
v -0.0308862 -0.00967681 -0.030854
v -0.0311454 -0.00968532 -0.0299916
v -0.0308122 -0.00904409 -0.0299916
v -0.0309109 -0.00874901 -0.029058
v -0.0311516 -0.00878022 -0.0281866
v -0.0305407 -0.00771056 -0.0281866
v -0.0309356 -0.00797159 -0.0272797
v -0.0300593 -0.0069303 -0.0281778
v -0.0306579 -0.00752046 -0.0272797
v -0.0303123 -0.00697286 -0.0272797
v -0.0215372 -0.00416961 -0.0200689
v -0.021241 -0.00416961 -0.0203623
v -0.0206239 -0.00416961 -0.0209669
v -0.0203401 -0.00416961 -0.0212336
v -0.0196489 -0.00416961 -0.0218649
v -0.0194329 -0.00416961 -0.0220516
v -0.0175631 -0.00416961 -0.0235454
v -0.0175261 -0.00416961 -0.0235721
v -0.0158661 -0.00416961 -0.0246034
v -0.0147985 -0.00416961 -0.0252525
v -0.0130213 -0.00416961 -0.0260972
v -0.023117 -0.00416961 -0.0182195
v -0.022358 -0.00416961 -0.0191531
v -0.0104665 -0.00416961 -0.0270574
v -0.0311701 -0.0114927 -0.0327034
v -0.0312627 -0.0123949 -0.0336014
v -0.031312 -0.0133 -0.0345084
v -0.0309788 -0.0132433 -0.0354686
v -0.0307073 -0.0137682 -0.036749
v -0.030843 -0.0143697 -0.0370602
v -0.0308307 -0.0135072 -0.0361444
v -0.0307134 -0.0146619 -0.0376648
v -0.0314169 -0.0196244 -0.0399321
v -0.0313923 -0.022334 -0.041737
v -0.0313923 -0.0241413 -0.0426439
v -0.031454 -0.0268538 -0.0435508
v -0.0314972 -0.0277589 -0.0435508
v -0.0313799 -0.0286611 -0.0444488
v -0.0312503 -0.0304685 -0.0453558
v -0.0310282 -0.0331526 -0.0462627
v -0.0292818 -0.0331526 -0.0487967
v -0.0292077 -0.0322759 -0.0487256
v -0.0291152 -0.0313736 -0.0486544
v -0.0295718 -0.0313736 -0.0482632
v -0.0298495 -0.0297961 -0.0476675
v -0.0298557 -0.0226092 -0.0449823
v -0.0299482 -0.0214317 -0.0442443
v -0.0303247 -0.0214317 -0.0435508
v -0.0308615 -0.0214317 -0.0424839
v -0.0300285 -0.0205238 -0.0435775
v -0.0305098 -0.0205238 -0.0426172
v -0.0313305 -0.0205266 -0.040839
v -0.0309294 -0.0205238 -0.0417726
v -0.0312071 -0.0214317 -0.041737
v -0.0299729 -0.0133227 -0.0380916
v -0.0298557 -0.0127609 -0.0377715
v -0.0300531 -0.0295237 -0.0472407
v -0.03001 -0.0286611 -0.047054
v -0.0300223 -0.0259487 -0.0461738
v -0.0309479 -0.0286555 -0.045418
v -0.0306888 -0.0256167 -0.0448578
v -0.0302815 -0.0250464 -0.0453558
v -0.0306209 -0.0250464 -0.0447334
v -0.0308677 -0.0250464 -0.0442799
v -0.0300285 -0.024147 -0.0454002
v -0.0309418 -0.0123637 -0.034535
v -0.0308862 -0.0114842 -0.0335748
v -0.0304789 -0.0106386 -0.0335748
v -0.0299482 -0.0124347 -0.0371669
v -0.0312503 -0.0232391 -0.0426439
v -0.031238 -0.0250464 -0.0435508
v -0.0313676 -0.0259487 -0.0435508
v -0.0312873 -0.0277589 -0.0444488
v -0.0311392 -0.0295662 -0.0453558
v -0.0308677 -0.0304685 -0.0460671
v -0.0309233 -0.0313736 -0.0461471
v -0.0300223 -0.0331526 -0.0479698
v -0.0292941 -0.0331526 -0.0487878
v -0.0296644 -0.0322759 -0.0483432
v -0.0302321 -0.0304685 -0.0471607
v -0.0305407 -0.0295662 -0.0464049
v -0.0298927 -0.0304685 -0.0477386
v -0.0300408 -0.022317 -0.0445022
v -0.030553 -0.022263 -0.043533
v -0.0307073 -0.0219169 -0.0430796
v -0.030985 -0.022263 -0.0427239
v -0.0308986 -0.0277589 -0.0452135
v -0.0308122 -0.0268538 -0.0450712
v -0.0307505 -0.0262211 -0.0449645
v -0.0307998 -0.0295662 -0.0459515
v -0.0311578 -0.0268538 -0.0444488
v -0.0309418 -0.0259317 -0.0445111
v -0.0309788 -0.0240903 -0.0436219
v -0.0308801 -0.0232391 -0.0433997
v -0.0297446 -0.0331526 -0.0484055
f 4713 4714 4715
f 4713 4715 4716
f 4713 4716 4721
f 4713 4721 4732
f 4713 4732 4773
f 4713 4773 4825
f 4713 4825 4885
f 4713 4885 4959
f 4713 4959 5048
f 4713 5048 5147
f 4713 5147 5236
f 4713 5236 5338
f 4713 5338 5423
f 4713 5423 5513
f 4713 5513 5612
f 4713 5612 5611
f 4713 5611 5710
f 4713 5710 5815
f 4713 5815 5901
f 4713 5901 6002
f 4713 6002 6114
f 4713 6114 6248
f 4713 6248 6305
f 4713 6305 6432
f 4713 6432 6584
f 4713 6584 6715
f 4713 6715 6714
f 4713 6714 6713
f 4713 6713 6859
f 4713 6859 6966
f 4713 6966 7055
f 4713 7055 7054
f 4713 7054 7053
f 4713 7053 6963
f 4713 6963 6961
f 4713 6961 6960
f 4713 6960 6959
f 4713 6959 6958
f 4713 6958 6967
f 4713 6967 6857
f 4713 6857 6710
f 4713 6710 6709
f 4713 6709 6707
f 4713 6707 6575
f 4713 6575 6551
f 4713 6551 6550
f 4713 6550 6696
f 4713 6696 6695
f 4713 6695 6546
f 4713 6546 6694
f 4713 6694 6847
f 4713 6847 6845
f 4713 6845 6844
f 4713 6844 6843
f 4713 6843 6956
f 4713 6956 6951
f 4713 6951 6950
f 4713 6950 6949
f 4713 6949 6947
f 4713 6947 6946
f 4713 6946 6944
f 4713 6944 6945
f 4713 6945 6818
f 4713 6818 6656
f 4713 6656 6655
f 4713 6655 6654
f 4713 6654 6652
f 4713 6652 6816
f 4713 6816 6943
f 4713 6943 7052
f 4713 7052 7150
f 4713 7150 7246
f 4713 7246 7323
f 4713 7323 7360
f 4713 7360 7378
f 4713 7378 7361
f 4713 7361 7324
f 4713 7324 7247
f 4713 7247 7151
f 4713 7151 7057
f 4713 7057 7056
f 4713 7056 6968
f 4713 6968 6860
f 4713 6860 6716
f 4713 6716 6585
f 4713 6585 6436
f 4713 6436 6314
f 4713 6314 6435
f 4713 6435 6312
f 4713 6312 6310
f 4713 6310 6181
f 4713 6181 6180
f 4713 6180 6059
f 4713 6059 5957
f 4713 5957 5860
f 4713 5860 5858
f 4713 5858 5754
f 4713 5754 5661
f 4713 5661 5567
f 4713 5567 5467
f 4713 5467 5376
f 4713 5376 5268
f 4713 5268 5188
f 4713 5188 5187
f 4713 5187 5090
f 4713 5090 5000
f 4713 5000 4920
f 4713 4920 4856
f 4713 4856 4797
f 4713 4797 4741
f 4713 4741 4727
f 4713 4727 4717
f 4713 4717 4726
f 4713 4726 4740
f 4713 4740 4730
f 4713 4730 4719
f 4713 4719 4714
f 4714 4718 4715
f 4714 4719 4728
f 4714 4728 4718
f 4715 4718 4720
f 4715 4720 4716
f 4716 4720 4722
f 4716 4722 4723
f 4716 4723 4724
f 4716 4724 4725
f 4716 4725 4721
f 4717 4727 4726
f 4718 4728 4729
f 4718 4729 4720
f 4719 4730 4743
f 4719 4743 4728
f 4720 4729 4731
f 4720 4731 4722
f 4721 4725 4733
f 4721 4733 4732
f 4722 4731 4734
f 4722 4734 4723
f 4723 4735 4736
f 4723 4736 4724
f 4723 4734 4735
f 4724 4736 4737
f 4724 4737 4738
f 4724 4738 4739
f 4724 4739 4725
f 4725 4739 4733
f 4726 4727 4740
f 4727 4741 4742
f 4727 4742 4730
f 4727 4730 4740
f 4728 4743 4744
f 4728 4744 4745
f 4728 4745 4746
f 4728 4746 4729
f 4729 4746 4731
f 4730 4742 4747
f 4730 4747 4748
f 4730 4748 4749
f 4730 4749 4750
f 4730 4750 4751
f 4730 4751 4752
f 4730 4752 4753
f 4730 4753 4754
f 4730 4754 4755
f 4730 4755 4756
f 4730 4756 4757
f 4730 4757 4758
f 4730 4758 4759
f 4730 4759 4760
f 4730 4760 4761
f 4730 4761 4762
f 4730 4762 4763
f 4730 4763 4764
f 4730 4764 4765
f 4730 4765 4766
f 4730 4766 4743
f 4731 4746 4767
f 4731 4767 4734
f 4732 4768 4769
f 4732 4769 4770
f 4732 4770 4771
f 4732 4771 4772
f 4732 4772 4773
f 4732 4733 4768
f 4733 4739 4774
f 4733 4774 4775
f 4733 4775 4768
f 4734 4767 4746
f 4734 4746 4745
f 4734 4745 4744
f 4734 4744 4776
f 4734 4776 4777
f 4734 4777 4778
f 4734 4778 4779
f 4734 4779 4780
f 4734 4780 4781
f 4734 4781 4782
f 4734 4782 4783
f 4734 4783 4784
f 4734 4784 4785
f 4734 4785 4735
f 4735 4786 4736
f 4735 4785 4786
f 4736 4787 4737
f 4736 4786 4787
f 4737 4787 4738
f 4738 4788 4789
f 4738 4789 4790
f 4738 4790 4791
f 4738 4791 4792
f 4738 4792 4739
f 4738 4787 4793
f 4738 4793 4788
f 4739 4792 4774
f 4741 4794 4795
f 4741 4795 4796
f 4741 4796 4742
f 4741 4797 4794
f 4742 4796 4798
f 4742 4798 4747
f 4743 4766 4799
f 4743 4799 4776
f 4743 4776 4744
f 4747 4798 4748
f 4748 4798 4800
f 4748 4800 4801
f 4748 4801 4749
f 4749 4801 4802
f 4749 4802 4750
f 4750 4802 4803
f 4750 4803 4751
f 4751 4803 4804
f 4751 4804 4752
f 4752 4804 4753
f 4753 4804 4805
f 4753 4805 4806
f 4753 4806 4807
f 4753 4807 4754
f 4754 4808 4809
f 4754 4809 4755
f 4754 4807 4808
f 4755 4809 4810
f 4755 4810 4811
f 4755 4811 4756
f 4756 4811 4757
f 4757 4811 4758
f 4758 4811 4812
f 4758 4812 4874
f 4758 4874 4813
f 4758 4813 4759
f 4759 4813 4814
f 4759 4814 4760
f 4760 4815 4761
f 4760 4814 4815
f 4761 4815 4816
f 4761 4816 4817
f 4761 4817 4818
f 4761 4818 4762
f 4762 4818 4819
f 4762 4819 4763
f 4763 4819 4782
f 4763 4782 4781
f 4763 4781 4780
f 4763 4780 4764
f 4764 4780 4779
f 4764 4779 4765
f 4765 4779 4766
f 4766 4777 4799
f 4766 4779 4778
f 4766 4778 4777
f 4768 4820 4769
f 4768 4775 4820
f 4769 4820 4770
f 4770 4821 4772
f 4770 4772 4771
f 4770 4820 4822
f 4770 4822 4823
f 4770 4823 4824
f 4770 4824 4821
f 4772 4821 4825
f 4772 4825 4773
f 4774 4826 4827
f 4774 4827 4775
f 4774 4792 4826
f 4775 4827 4828
f 4775 4828 4820
f 4776 4799 4777
f 4782 4819 4783
f 4783 4819 4829
f 4783 4829 4784
f 4784 4829 4830
f 4784 4830 4831
f 4784 4831 4816
f 4784 4816 4815
f 4784 4815 4832
f 4784 4832 4785
f 4785 4833 4834
f 4785 4834 4835
f 4785 4835 4786
f 4785 4832 4814
f 4785 4814 4833
f 4786 4835 4836
f 4786 4836 4787
f 4787 4836 4837
f 4787 4837 4788
f 4787 4788 4793
f 4788 4838 4839
f 4788 4839 4840
f 4788 4840 4789
f 4788 4837 4838
f 4789 4840 4844
f 4789 4844 4790
f 4790 4841 4842
f 4790 4842 4843
f 4790 4843 4791
f 4790 4844 4845
f 4790 4845 4846
f 4790 4846 4847
f 4790 4847 4841
f 4791 4843 4842
f 4791 4842 4848
f 4791 4848 4849
f 4791 4849 4792
f 4792 4849 4850
f 4792 4850 4851
f 4792 4851 4826
f 4794 4852 4795
f 4794 4797 4852
f 4795 4852 4853
f 4795 4853 4854
f 4795 4854 4855
f 4795 4855 4796
f 4796 4855 4798
f 4797 4856 4857
f 4797 4857 4858
f 4797 4858 4853
f 4797 4853 4852
f 4798 4855 4800
f 4800 4855 4919
f 4800 4919 4859
f 4800 4859 4801
f 4801 4860 4861
f 4801 4861 4802
f 4801 4859 4860
f 4802 4862 4863
f 4802 4863 4803
f 4802 4861 4862
f 4803 4863 4864
f 4803 4864 4804
f 4804 4864 4805
f 4805 4864 4806
f 4806 4865 4807
f 4806 4864 4933
f 4806 4933 4865
f 4807 4865 4808
f 4808 4866 4809
f 4808 4865 4867
f 4808 4867 4868
f 4808 4868 4866
f 4809 4866 4869
f 4809 4869 4870
f 4809 4870 4810
f 4810 4870 4871
f 4810 4871 4811
f 4811 4871 4872
f 4811 4872 4812
f 4812 4872 4946
f 4812 4946 4873
f 4812 4873 4874
f 4813 4874 4875
f 4813 4875 4876
f 4813 4876 4877
f 4813 4877 4814
f 4814 4877 4833
f 4814 4832 4815
f 4816 4831 4817
f 4817 4831 4818
f 4818 4831 4830
f 4818 4830 4829
f 4818 4829 4819
f 4820 4828 4878
f 4820 4878 4822
f 4821 4879 4825
f 4821 4824 4879
f 4822 4878 4828
f 4822 4828 4880
f 4822 4880 4881
f 4822 4881 4823
f 4823 4881 4882
f 4823 4882 4824
f 4824 4882 4883
f 4824 4883 4884
f 4824 4884 4825
f 4824 4825 4879
f 4825 4884 4885
f 4826 4851 4881
f 4826 4881 4827
f 4827 4881 4880
f 4827 4880 4828
f 4833 4877 4834
f 4834 4886 4887
f 4834 4887 4888
f 4834 4888 4889
f 4834 4889 4890
f 4834 4890 4891
f 4834 4891 4892
f 4834 4892 4835
f 4834 4877 4893
f 4834 4893 4876
f 4834 4876 4886
f 4835 4892 4894
f 4835 4894 4836
f 4836 4894 4892
f 4836 4892 4895
f 4836 4895 4896
f 4836 4896 4837
f 4837 4896 4838
f 4838 4896 4897
f 4838 4897 4839
f 4839 4898 4840
f 4839 4897 4899
f 4839 4899 4900
f 4839 4900 4898
f 4840 4898 4844
f 4841 4847 4901
f 4841 4901 4902
f 4841 4902 4842
f 4842 4902 4903
f 4842 4903 4904
f 4842 4904 4848
f 4844 4905 4906
f 4844 4906 4845
f 4844 4898 4907
f 4844 4907 4905
f 4845 4906 4908
f 4845 4908 4909
f 4845 4909 4846
f 4846 4910 4911
f 4846 4911 4847
f 4846 4909 4908
f 4846 4908 4910
f 4847 4911 4912
f 4847 4912 4913
f 4847 4913 4901
f 4848 4904 4849
f 4849 4904 4914
f 4849 4914 4851
f 4849 4851 4850
f 4851 4914 4915
f 4851 4915 4882
f 4851 4882 4881
f 4853 4916 4917
f 4853 4917 4854
f 4853 4858 4918
f 4853 4918 4916
f 4854 4917 4919
f 4854 4919 4855
f 4856 4920 4857
f 4857 4921 4918
f 4857 4918 4858
f 4857 4920 4922
f 4857 4922 4923
f 4857 4923 4921
f 4859 4919 4999
f 4859 4999 4924
f 4859 4924 4860
f 4860 4925 4926
f 4860 4926 4927
f 4860 4927 4861
f 4860 4924 4925
f 4861 4927 4862
f 4862 4927 4928
f 4862 4928 4929
f 4862 4929 4930
f 4862 4930 4863
f 4863 4930 4864
f 4864 4930 4931
f 4864 4931 4932
f 4864 4932 4933
f 4865 4933 4934
f 4865 4934 4935
f 4865 4935 4867
f 4866 4868 4936
f 4866 4936 4937
f 4866 4937 4869
f 4867 4935 4938
f 4867 4938 4868
f 4868 4938 4936
f 4869 4939 4940
f 4869 4940 4941
f 4869 4941 4870
f 4869 4937 4939
f 4870 4941 4871
f 4871 4941 4942
f 4871 4942 4943
f 4871 4943 4872
f 4872 4944 4945
f 4872 4945 4946
f 4872 4943 4944
f 4873 4947 4875
f 4873 4875 4874
f 4873 4946 4947
f 4875 4947 4948
f 4875 4948 4949
f 4875 4949 4950
f 4875 4950 4951
f 4875 4951 4876
f 4876 4893 4877
f 4876 4951 4887
f 4876 4887 4886
f 4882 4915 4883
f 4883 4952 4884
f 4883 4915 4953
f 4883 4953 4913
f 4883 4913 4952
f 4884 4952 4954
f 4884 4954 4955
f 4884 4955 4885
f 4885 4955 4956
f 4885 4956 4957
f 4885 4957 4958
f 4885 4958 4959
f 4887 4951 5045
f 4887 5045 5142
f 4887 5142 5231
f 4887 5231 5230
f 4887 5230 5229
f 4887 5229 5228
f 4887 5228 5332
f 4887 5332 5331
f 4887 5331 5330
f 4887 5330 5329
f 4887 5329 5328
f 4887 5328 5327
f 4887 5327 5326
f 4887 5326 5325
f 4887 5325 5324
f 4887 5324 5323
f 4887 5323 5334
f 4887 5334 5333
f 4887 5333 5313
f 4887 5313 5312
f 4887 5312 5311
f 4887 5311 5310
f 4887 5310 5309
f 4887 5309 5308
f 4887 5308 5322
f 4887 5322 5321
f 4887 5321 5320
f 4887 5320 5319
f 4887 5319 5419
f 4887 5419 5418
f 4887 5418 5417
f 4887 5417 5510
f 4887 5510 5509
f 4887 5509 5508
f 4887 5508 5506
f 4887 5506 5505
f 4887 5505 5504
f 4887 5504 5608
f 4887 5608 5704
f 4887 5704 5812
f 4887 5812 5899
f 4887 5899 5997
f 4887 5997 6105
f 4887 6105 6240
f 4887 6240 6360
f 4887 6360 6482
f 4887 6482 6627
f 4887 6627 6758
f 4887 6758 6764
f 4887 6764 6908
f 4887 6908 7023
f 4887 7023 7116
f 4887 7116 7115
f 4887 7115 7207
f 4887 7207 7307
f 4887 7307 7304
f 4887 7304 7303
f 4887 7303 7302
f 4887 7302 7301
f 4887 7301 7300
f 4887 7300 7299
f 4887 7299 7298
f 4887 7298 7297
f 4887 7297 7296
f 4887 7296 7295
f 4887 7295 7294
f 4887 7294 7306
f 4887 7306 7305
f 4887 7305 7213
f 4887 7213 7212
f 4887 7212 7211
f 4887 7211 7218
f 4887 7218 7217
f 4887 7217 7216
f 4887 7216 7215
f 4887 7215 7214
f 4887 7214 7210
f 4887 7210 7123
f 4887 7123 7122
f 4887 7122 7121
f 4887 7121 7127
f 4887 7127 7126
f 4887 7126 7035
f 4887 7035 6926
f 4887 6926 6792
f 4887 6792 6791
f 4887 6791 6646
f 4887 6646 6643
f 4887 6643 6496
f 4887 6496 6376
f 4887 6376 6375
f 4887 6375 6374
f 4887 6374 6373
f 4887 6373 6372
f 4887 6372 6371
f 4887 6371 6256
f 4887 6256 6255
f 4887 6255 6254
f 4887 6254 6253
f 4887 6253 6252
f 4887 6252 6251
f 4887 6251 6138
f 4887 6138 6137
f 4887 6137 6136
f 4887 6136 6135
f 4887 6135 6134
f 4887 6134 6133
f 4887 6133 6132
f 4887 6132 6131
f 4887 6131 6130
f 4887 6130 6129
f 4887 6129 6128
f 4887 6128 6015
f 4887 6015 6014
f 4887 6014 6012
f 4887 6012 5909
f 4887 5909 5820
f 4887 5820 5713
f 4887 5713 5620
f 4887 5620 5522
f 4887 5522 5521
f 4887 5521 5520
f 4887 5520 5431
f 4887 5431 5430
f 4887 5430 5429
f 4887 5429 5426
f 4887 5426 5341
f 4887 5341 5239
f 4887 5239 5149
f 4887 5149 5061
f 4887 5061 5060
f 4887 5060 5059
f 4887 5059 5056
f 4887 5056 5055
f 4887 5055 5054
f 4887 5054 5053
f 4887 5053 5052
f 4887 5052 5051
f 4887 5051 5050
f 4887 5050 5049
f 4887 5049 4973
f 4887 4973 4972
f 4887 4972 4971
f 4887 4971 4970
f 4887 4970 4969
f 4887 4969 4968
f 4887 4968 4967
f 4887 4967 4966
f 4887 4966 4964
f 4887 4964 4963
f 4887 4963 4962
f 4887 4962 4961
f 4887 4961 4960
f 4887 4960 4890
f 4887 4890 4889
f 4887 4889 4888
f 4890 4960 4891
f 4891 4960 4961
f 4891 4961 4962
f 4891 4962 4963
f 4891 4963 4964
f 4891 4964 4895
f 4891 4895 4892
f 4895 4965 4897
f 4895 4897 4896
f 4895 4964 4966
f 4895 4966 4967
f 4895 4967 4968
f 4895 4968 4969
f 4895 4969 4970
f 4895 4970 4971
f 4895 4971 4972
f 4895 4972 4973
f 4895 4973 4965
f 4897 4974 4975
f 4897 4975 4976
f 4897 4976 4899
f 4897 4965 4974
f 4898 4900 4977
f 4898 4977 4907
f 4899 4976 4978
f 4899 4978 4900
f 4900 4979 4977
f 4900 4978 4980
f 4900 4980 4981
f 4900 4981 4982
f 4900 4982 4979
f 4901 4913 4902
f 4902 4913 4903
f 4903 4913 4953
f 4903 4953 4915
f 4903 4915 4904
f 4904 4915 4914
f 4905 4907 4906
f 4906 4907 4983
f 4906 4983 4984
f 4906 4984 4985
f 4906 4985 4986
f 4906 4986 4910
f 4906 4910 4908
f 4907 4977 4987
f 4907 4987 4983
f 4910 4986 4988
f 4910 4988 4989
f 4910 4989 4990
f 4910 4990 4911
f 4911 4990 4989
f 4911 4989 4991
f 4911 4991 4992
f 4911 4992 4912
f 4912 4992 4913
f 4913 4992 4993
f 4913 4993 4952
f 4916 4918 4994
f 4916 4994 4995
f 4916 4995 4996
f 4916 4996 4997
f 4916 4997 4917
f 4917 4997 4919
f 4918 4921 4998
f 4918 4998 4994
f 4919 4997 4999
f 4920 5000 4922
f 4921 4923 5001
f 4921 5001 5002
f 4921 5002 4998
f 4922 5000 4923
f 4923 5000 5001
f 4924 4999 5003
f 4924 5003 5004
f 4924 5004 4925
f 4925 5005 5006
f 4925 5006 5007
f 4925 5007 4926
f 4925 5004 5008
f 4925 5008 5005
f 4926 5007 4927
f 4927 5007 4928
f 4928 5009 5010
f 4928 5010 4929
f 4928 5007 5011
f 4928 5011 5009
f 4929 5010 4931
f 4929 4931 4930
f 4931 5012 4932
f 4931 5010 5013
f 4931 5013 5012
f 4932 5012 5014
f 4932 5014 5015
f 4932 5015 5016
f 4932 5016 5017
f 4932 5017 4934
f 4932 4934 4933
f 4934 5017 4935
f 4935 5017 5018
f 4935 5018 5019
f 4935 5019 4938
f 4936 5020 5021
f 4936 5021 4937
f 4936 4938 5022
f 4936 5022 5023
f 4936 5023 5024
f 4936 5024 5020
f 4937 5021 5025
f 4937 5025 5026
f 4937 5026 4939
f 4938 5027 5022
f 4938 5019 5027
f 4939 5026 5028
f 4939 5028 5029
f 4939 5029 4942
f 4939 4942 4940
f 4940 4942 4941
f 4942 5029 5030
f 4942 5030 5031
f 4942 5031 4944
f 4942 4944 4943
f 4944 5032 5033
f 4944 5033 5034
f 4944 5034 5035
f 4944 5035 4945
f 4944 5031 5036
f 4944 5036 5037
f 4944 5037 5032
f 4945 5038 4946
f 4945 5035 5038
f 4946 5038 5039
f 4946 5039 4947
f 4947 5039 4948
f 4948 5039 5038
f 4948 5038 5040
f 4948 5040 5041
f 4948 5041 5042
f 4948 5042 4949
f 4949 5042 4950
f 4950 5042 5043
f 4950 5043 5044
f 4950 5044 4951
f 4951 5044 5043
f 4951 5043 5045
f 4952 4993 4954
f 4954 4956 4955
f 4954 4993 4992
f 4954 4992 4991
f 4954 4991 4989
f 4954 4989 4956
f 4956 4989 4988
f 4956 4988 4957
f 4957 5046 5047
f 4957 5047 4958
f 4957 4988 5046
f 4958 5047 4959
f 4959 5047 5048
f 4965 4973 5049
f 4965 5049 4974
f 4974 5049 5050
f 4974 5050 5051
f 4974 5051 5052
f 4974 5052 5053
f 4974 5053 5054
f 4974 5054 5055
f 4974 5055 5056
f 4974 5056 4975
f 4975 5057 5058
f 4975 5058 4976
f 4975 5056 5059
f 4975 5059 5060
f 4975 5060 5061
f 4975 5061 5057
f 4976 5058 5062
f 4976 5062 4978
f 4977 4979 4987
f 4978 5062 4980
f 4979 5063 5064
f 4979 5064 4987
f 4979 4982 5063
f 4980 5065 5066
f 4980 5066 5067
f 4980 5067 4981
f 4980 5062 5065
f 4981 5067 5068
f 4981 5068 5069
f 4981 5069 4982
f 4982 5069 5070
f 4982 5070 5071
f 4982 5071 5063
f 4983 5072 4984
f 4983 4987 5072
f 4984 5072 5073
f 4984 5073 5074
f 4984 5074 5075
f 4984 5075 5076
f 4984 5076 4986
f 4984 4986 4985
f 4986 5076 4988
f 4987 5064 5077
f 4987 5077 5072
f 4988 5078 5046
f 4988 5076 5078
f 4994 4998 4995
f 4995 5079 5080
f 4995 5080 5081
f 4995 5081 4996
f 4995 4998 5002
f 4995 5002 5000
f 4995 5000 5082
f 4995 5082 5083
f 4995 5083 5084
f 4995 5084 5085
f 4995 5085 5079
f 4996 5081 4997
f 4997 5081 5080
f 4997 5080 5086
f 4997 5086 5087
f 4997 5087 5088
f 4997 5088 4999
f 4999 5088 5089
f 4999 5089 5003
f 5000 5002 5001
f 5000 5090 5091
f 5000 5091 5082
f 5003 5092 5004
f 5003 5089 5093
f 5003 5093 5094
f 5003 5094 5092
f 5004 5095 5008
f 5004 5092 5094
f 5004 5094 5095
f 5005 5008 5096
f 5005 5096 5097
f 5005 5097 5006
f 5006 5098 5011
f 5006 5011 5007
f 5006 5097 5099
f 5006 5099 5098
f 5008 5095 5100
f 5008 5100 5101
f 5008 5101 5096
f 5009 5011 5102
f 5009 5102 5103
f 5009 5103 5104
f 5009 5104 5105
f 5009 5105 5106
f 5009 5106 5107
f 5009 5107 5108
f 5009 5108 5010
f 5010 5108 5013
f 5011 5098 5109
f 5011 5109 5102
f 5012 5013 5110
f 5012 5110 5014
f 5013 5108 5111
f 5013 5111 5112
f 5013 5112 5110
f 5014 5110 5015
f 5015 5110 5113
f 5015 5113 5016
f 5016 5113 5114
f 5016 5114 5115
f 5016 5115 5116
f 5016 5116 5117
f 5016 5117 5018
f 5016 5018 5017
f 5018 5118 5019
f 5018 5117 5118
f 5019 5119 5027
f 5019 5118 5120
f 5019 5120 5119
f 5020 5024 5121
f 5020 5121 5021
f 5021 5121 5025
f 5022 5027 5122
f 5022 5122 5023
f 5023 5122 5123
f 5023 5123 5124
f 5023 5124 5024
f 5024 5124 5121
f 5025 5125 5126
f 5025 5126 5028
f 5025 5028 5026
f 5025 5121 5127
f 5025 5127 5128
f 5025 5128 5125
f 5027 5119 5129
f 5027 5129 5122
f 5028 5126 5130
f 5028 5130 5131
f 5028 5131 5029
f 5029 5131 5030
f 5030 5036 5031
f 5030 5131 5132
f 5030 5132 5133
f 5030 5133 5036
f 5032 5037 5033
f 5033 5037 5034
f 5034 5040 5038
f 5034 5038 5035
f 5034 5037 5134
f 5034 5134 5040
f 5036 5133 5135
f 5036 5135 5136
f 5036 5136 5137
f 5036 5137 5037
f 5037 5137 5138
f 5037 5138 5134
f 5040 5139 5041
f 5040 5134 5140
f 5040 5140 5141
f 5040 5141 5139
f 5041 5139 5042
f 5042 5139 5142
f 5042 5142 5045
f 5042 5045 5043
f 5046 5143 5144
f 5046 5144 5047
f 5046 5078 5145
f 5046 5145 5143
f 5047 5144 5048
f 5048 5144 5146
f 5048 5146 5147
f 5057 5148 5058
f 5057 5061 5149
f 5057 5149 5148
f 5058 5148 5150
f 5058 5150 5065
f 5058 5065 5062
f 5063 5151 5064
f 5063 5071 5152
f 5063 5152 5153
f 5063 5153 5151
f 5064 5151 5154
f 5064 5154 5077
f 5065 5150 5066
f 5066 5150 5155
f 5066 5155 5156
f 5066 5156 5157
f 5066 5157 5158
f 5066 5158 5067
f 5067 5158 5159
f 5067 5159 5160
f 5067 5160 5068
f 5068 5160 5069
f 5069 5160 5161
f 5069 5161 5169
f 5069 5169 5070
f 5070 5162 5163
f 5070 5163 5164
f 5070 5164 5165
f 5070 5165 5166
f 5070 5166 5167
f 5070 5167 5168
f 5070 5168 5071
f 5070 5169 5170
f 5070 5170 5171
f 5070 5171 5162
f 5071 5168 5172
f 5071 5172 5173
f 5071 5173 5152
f 5072 5077 5073
f 5073 5077 5154
f 5073 5154 5174
f 5073 5174 5075
f 5073 5075 5074
f 5075 5174 5175
f 5075 5175 5176
f 5075 5176 5078
f 5075 5078 5076
f 5078 5176 5145
f 5079 5177 5080
f 5079 5085 5177
f 5080 5177 5178
f 5080 5178 5086
f 5082 5091 5179
f 5082 5179 5083
f 5083 5179 5180
f 5083 5180 5084
f 5084 5180 5181
f 5084 5181 5085
f 5085 5181 5182
f 5085 5182 5177
f 5086 5178 5183
f 5086 5183 5184
f 5086 5184 5087
f 5087 5184 5183
f 5087 5183 5088
f 5088 5183 5089
f 5089 5183 5185
f 5089 5185 5186
f 5089 5186 5093
f 5090 5187 5091
f 5091 5187 5188
f 5091 5188 5179
f 5093 5189 5094
f 5093 5186 5190
f 5093 5190 5191
f 5093 5191 5189
f 5094 5189 5192
f 5094 5192 5100
f 5094 5100 5095
f 5096 5101 5193
f 5096 5193 5194
f 5096 5194 5195
f 5096 5195 5097
f 5097 5195 5099
f 5098 5099 5196
f 5098 5196 5197
f 5098 5197 5103
f 5098 5103 5109
f 5099 5195 5196
f 5100 5193 5101
f 5100 5192 5193
f 5102 5109 5103
f 5103 5197 5195
f 5103 5195 5198
f 5103 5198 5199
f 5103 5199 5200
f 5103 5200 5201
f 5103 5201 5202
f 5103 5202 5203
f 5103 5203 5204
f 5103 5204 5205
f 5103 5205 5105
f 5103 5105 5104
f 5105 5205 5107
f 5105 5107 5106
f 5107 5205 5114
f 5107 5114 5206
f 5107 5206 5111
f 5107 5111 5108
f 5110 5112 5206
f 5110 5206 5113
f 5111 5206 5112
f 5113 5206 5114
f 5114 5205 5207
f 5114 5207 5208
f 5114 5208 5115
f 5115 5209 5116
f 5115 5208 5210
f 5115 5210 5209
f 5116 5209 5211
f 5116 5211 5117
f 5117 5211 5120
f 5117 5120 5212
f 5117 5212 5118
f 5118 5212 5120
f 5119 5120 5129
f 5120 5211 5129
f 5121 5124 5127
f 5122 5213 5123
f 5122 5129 5214
f 5122 5214 5213
f 5123 5213 5215
f 5123 5215 5124
f 5124 5215 5127
f 5125 5128 5126
f 5126 5128 5130
f 5127 5215 5128
f 5128 5215 5216
f 5128 5216 5217
f 5128 5217 5130
f 5129 5211 5218
f 5129 5218 5214
f 5130 5217 5219
f 5130 5219 5220
f 5130 5220 5131
f 5131 5220 5221
f 5131 5221 5133
f 5131 5133 5132
f 5133 5221 5222
f 5133 5222 5223
f 5133 5223 5224
f 5133 5224 5136
f 5133 5136 5135
f 5134 5138 5137
f 5134 5137 5225
f 5134 5225 5140
f 5136 5226 5137
f 5136 5224 5223
f 5136 5223 5222
f 5136 5222 5226
f 5137 5226 5225
f 5139 5141 5227
f 5139 5227 5228
f 5139 5228 5229
f 5139 5229 5230
f 5139 5230 5231
f 5139 5231 5142
f 5140 5225 5232
f 5140 5232 5227
f 5140 5227 5141
f 5143 5145 5144
f 5144 5145 5233
f 5144 5233 5234
f 5144 5234 5146
f 5145 5176 5233
f 5146 5234 5235
f 5146 5235 5236
f 5146 5236 5147
f 5148 5237 5238
f 5148 5238 5150
f 5148 5149 5237
f 5149 5239 5237
f 5150 5238 5155
f 5151 5153 5174
f 5151 5174 5240
f 5151 5240 5154
f 5152 5173 5241
f 5152 5241 5242
f 5152 5242 5153
f 5153 5242 5174
f 5154 5240 5174
f 5155 5238 5243
f 5155 5243 5156
f 5156 5243 5244
f 5156 5244 5245
f 5156 5245 5157
f 5157 5245 5158
f 5158 5245 5246
f 5158 5246 5159
f 5159 5246 5247
f 5159 5247 5161
f 5159 5161 5160
f 5161 5247 5253
f 5161 5253 5169
f 5162 5171 5248
f 5162 5248 5249
f 5162 5249 5163
f 5163 5249 5164
f 5164 5250 5165
f 5164 5249 5251
f 5164 5251 5250
f 5165 5252 5166
f 5165 5250 5252
f 5166 5252 5173
f 5166 5173 5172
f 5166 5172 5167
f 5167 5172 5168
f 5169 5253 5254
f 5169 5254 5170
f 5170 5255 5256
f 5170 5256 5257
f 5170 5257 5171
f 5170 5254 5258
f 5170 5258 5255
f 5171 5257 5248
f 5173 5259 5241
f 5173 5252 5259
f 5174 5242 5260
f 5174 5260 5261
f 5174 5261 5175
f 5175 5261 5176
f 5176 5261 5233
f 5177 5262 5263
f 5177 5263 5264
f 5177 5264 5191
f 5177 5191 5190
f 5177 5190 5178
f 5177 5182 5262
f 5178 5190 5185
f 5178 5185 5183
f 5179 5188 5180
f 5180 5188 5181
f 5181 5265 5266
f 5181 5266 5267
f 5181 5267 5182
f 5181 5188 5268
f 5181 5268 5269
f 5181 5269 5270
f 5181 5270 5271
f 5181 5271 5265
f 5182 5267 5262
f 5185 5190 5186
f 5189 5272 5194
f 5189 5194 5193
f 5189 5193 5192
f 5189 5191 5273
f 5189 5273 5274
f 5189 5274 5272
f 5191 5264 5263
f 5191 5263 5275
f 5191 5275 5273
f 5194 5276 5277
f 5194 5277 5195
f 5194 5272 5278
f 5194 5278 5279
f 5194 5279 5276
f 5195 5277 5198
f 5195 5197 5196
f 5198 5277 5280
f 5198 5280 5199
f 5199 5280 5200
f 5200 5280 5281
f 5200 5281 5282
f 5200 5282 5283
f 5200 5283 5284
f 5200 5284 5285
f 5200 5285 5286
f 5200 5286 5287
f 5200 5287 5202
f 5200 5202 5201
f 5202 5204 5203
f 5202 5287 5288
f 5202 5288 5289
f 5202 5289 5290
f 5202 5290 5291
f 5202 5291 5205
f 5202 5205 5204
f 5205 5291 5207
f 5207 5292 5210
f 5207 5210 5208
f 5207 5291 5290
f 5207 5290 5292
f 5209 5293 5294
f 5209 5294 5211
f 5209 5210 5293
f 5210 5292 5295
f 5210 5295 5296
f 5210 5296 5293
f 5211 5297 5298
f 5211 5298 5299
f 5211 5299 5218
f 5211 5294 5300
f 5211 5300 5297
f 5213 5214 5299
f 5213 5299 5215
f 5214 5218 5299
f 5215 5299 5301
f 5215 5301 5216
f 5216 5302 5217
f 5216 5301 5303
f 5216 5303 5304
f 5216 5304 5302
f 5217 5305 5306
f 5217 5306 5219
f 5217 5302 5305
f 5219 5307 5220
f 5219 5306 5305
f 5219 5305 5307
f 5220 5307 5222
f 5220 5222 5221
f 5222 5307 5226
f 5225 5226 5232
f 5226 5308 5309
f 5226 5309 5310
f 5226 5310 5311
f 5226 5311 5312
f 5226 5312 5313
f 5226 5313 5314
f 5226 5314 5232
f 5226 5307 5315
f 5226 5315 5316
f 5226 5316 5317
f 5226 5317 5318
f 5226 5318 5319
f 5226 5319 5320
f 5226 5320 5321
f 5226 5321 5322
f 5226 5322 5308
f 5227 5232 5323
f 5227 5323 5324
f 5227 5324 5325
f 5227 5325 5326
f 5227 5326 5327
f 5227 5327 5328
f 5227 5328 5329
f 5227 5329 5330
f 5227 5330 5331
f 5227 5331 5332
f 5227 5332 5228
f 5232 5314 5313
f 5232 5313 5333
f 5232 5333 5334
f 5232 5334 5323
f 5233 5261 5234
f 5234 5261 5335
f 5234 5335 5336
f 5234 5336 5337
f 5234 5337 5235
f 5235 5337 5236
f 5236 5337 5338
f 5237 5339 5340
f 5237 5340 5238
f 5237 5239 5339
f 5238 5340 5243
f 5239 5341 5342
f 5239 5342 5339
f 5241 5259 5250
f 5241 5250 5251
f 5241 5251 5242
f 5242 5251 5249
f 5242 5249 5260
f 5243 5340 5343
f 5243 5343 5344
f 5243 5344 5244
f 5244 5344 5345
f 5244 5345 5346
f 5244 5346 5245
f 5245 5346 5347
f 5245 5347 5246
f 5246 5347 5348
f 5246 5348 5349
f 5246 5349 5350
f 5246 5350 5351
f 5246 5351 5247
f 5247 5351 5349
f 5247 5349 5360
f 5247 5360 5253
f 5248 5257 5352
f 5248 5352 5353
f 5248 5353 5354
f 5248 5354 5249
f 5249 5354 5355
f 5249 5355 5356
f 5249 5356 5260
f 5250 5259 5252
f 5253 5357 5358
f 5253 5358 5359
f 5253 5359 5254
f 5253 5360 5361
f 5253 5361 5362
f 5253 5362 5363
f 5253 5363 5364
f 5253 5364 5357
f 5254 5359 5358
f 5254 5358 5258
f 5255 5258 5358
f 5255 5358 5365
f 5255 5365 5352
f 5255 5352 5256
f 5256 5352 5257
f 5260 5356 5366
f 5260 5366 5261
f 5261 5367 5335
f 5261 5366 5356
f 5261 5356 5367
f 5262 5267 5263
f 5263 5267 5275
f 5265 5271 5368
f 5265 5368 5369
f 5265 5369 5266
f 5266 5369 5370
f 5266 5370 5371
f 5266 5371 5372
f 5266 5372 5267
f 5267 5373 5275
f 5267 5372 5374
f 5267 5374 5373
f 5268 5375 5269
f 5268 5376 5375
f 5269 5375 5270
f 5270 5375 5271
f 5271 5375 5368
f 5272 5274 5377
f 5272 5377 5278
f 5273 5378 5274
f 5273 5275 5378
f 5274 5378 5377
f 5275 5373 5379
f 5275 5379 5380
f 5275 5380 5381
f 5275 5381 5382
f 5275 5382 5378
f 5276 5279 5277
f 5277 5279 5281
f 5277 5281 5280
f 5278 5377 5279
f 5279 5377 5282
f 5279 5282 5281
f 5282 5377 5383
f 5282 5383 5384
f 5282 5384 5283
f 5283 5384 5284
f 5284 5385 5386
f 5284 5386 5285
f 5284 5384 5387
f 5284 5387 5388
f 5284 5388 5389
f 5284 5389 5390
f 5284 5390 5391
f 5284 5391 5392
f 5284 5392 5385
f 5285 5386 5393
f 5285 5393 5286
f 5286 5393 5394
f 5286 5394 5287
f 5287 5394 5395
f 5287 5395 5288
f 5288 5395 5289
f 5289 5396 5290
f 5289 5395 5396
f 5290 5396 5397
f 5290 5397 5398
f 5290 5398 5292
f 5292 5398 5399
f 5292 5399 5295
f 5293 5295 5300
f 5293 5300 5294
f 5293 5296 5295
f 5295 5399 5400
f 5295 5400 5401
f 5295 5401 5402
f 5295 5402 5300
f 5297 5402 5298
f 5297 5300 5402
f 5298 5402 5403
f 5298 5403 5301
f 5298 5301 5299
f 5301 5403 5303
f 5302 5304 5404
f 5302 5404 5305
f 5303 5403 5405
f 5303 5405 5304
f 5304 5405 5406
f 5304 5406 5407
f 5304 5407 5408
f 5304 5408 5409
f 5304 5409 5404
f 5305 5404 5315
f 5305 5315 5307
f 5315 5404 5410
f 5315 5410 5411
f 5315 5411 5412
f 5315 5412 5413
f 5315 5413 5414
f 5315 5414 5415
f 5315 5415 5416
f 5315 5416 5316
f 5316 5416 5417
f 5316 5417 5418
f 5316 5418 5317
f 5317 5418 5419
f 5317 5419 5318
f 5318 5419 5319
f 5335 5367 5420
f 5335 5420 5421
f 5335 5421 5336
f 5336 5338 5337
f 5336 5421 5422
f 5336 5422 5364
f 5336 5364 5338
f 5338 5364 5423
f 5339 5342 5424
f 5339 5424 5425
f 5339 5425 5340
f 5340 5425 5343
f 5341 5426 5342
f 5342 5427 5519
f 5342 5519 5428
f 5342 5428 5424
f 5342 5426 5429
f 5342 5429 5430
f 5342 5430 5431
f 5342 5431 5427
f 5343 5425 5432
f 5343 5432 5433
f 5343 5433 5434
f 5343 5434 5344
f 5344 5434 5345
f 5345 5434 5435
f 5345 5435 5436
f 5345 5436 5346
f 5346 5436 5437
f 5346 5437 5438
f 5346 5438 5439
f 5346 5439 5347
f 5347 5439 5348
f 5348 5439 5438
f 5348 5438 5349
f 5349 5438 5442
f 5349 5442 5360
f 5349 5351 5350
f 5352 5365 5353
f 5353 5440 5354
f 5353 5365 5441
f 5353 5441 5420
f 5353 5420 5440
f 5354 5356 5355
f 5354 5440 5420
f 5354 5420 5356
f 5356 5420 5367
f 5357 5364 5358
f 5358 5364 5365
f 5360 5442 5443
f 5360 5443 5444
f 5360 5444 5445
f 5360 5445 5446
f 5360 5446 5447
f 5360 5447 5448
f 5360 5448 5361
f 5361 5449 5450
f 5361 5450 5362
f 5361 5448 5449
f 5362 5450 5363
f 5363 5450 5451
f 5363 5451 5452
f 5363 5452 5364
f 5364 5453 5454
f 5364 5454 5423
f 5364 5422 5420
f 5364 5420 5441
f 5364 5441 5365
f 5364 5452 5453
f 5368 5455 5369
f 5368 5375 5456
f 5368 5456 5457
f 5368 5457 5455
f 5369 5455 5458
f 5369 5458 5370
f 5370 5458 5459
f 5370 5459 5371
f 5371 5460 5461
f 5371 5461 5462
f 5371 5462 5463
f 5371 5463 5464
f 5371 5464 5374
f 5371 5374 5372
f 5371 5459 5465
f 5371 5465 5460
f 5373 5464 5379
f 5373 5374 5464
f 5375 5376 5466
f 5375 5466 5456
f 5376 5467 5466
f 5377 5378 5468
f 5377 5468 5469
f 5377 5469 5470
f 5377 5470 5383
f 5378 5382 5468
f 5379 5464 5471
f 5379 5471 5380
f 5380 5471 5381
f 5381 5471 5382
f 5382 5471 5472
f 5382 5472 5468
f 5383 5470 5473
f 5383 5473 5387
f 5383 5387 5384
f 5385 5474 5386
f 5385 5392 5474
f 5386 5474 5475
f 5386 5475 5476
f 5386 5476 5477
f 5386 5477 5393
f 5387 5473 5388
f 5388 5473 5389
f 5389 5473 5390
f 5390 5473 5478
f 5390 5478 5479
f 5390 5479 5480
f 5390 5480 5481
f 5390 5481 5482
f 5390 5482 5483
f 5390 5483 5391
f 5391 5483 5392
f 5392 5483 5484
f 5392 5484 5485
f 5392 5485 5474
f 5393 5477 5394
f 5394 5486 5487
f 5394 5487 5395
f 5394 5477 5476
f 5394 5476 5488
f 5394 5488 5486
f 5395 5487 5489
f 5395 5489 5396
f 5396 5489 5397
f 5397 5489 5490
f 5397 5490 5491
f 5397 5491 5492
f 5397 5492 5398
f 5398 5492 5493
f 5398 5493 5399
f 5399 5493 5400
f 5400 5494 5495
f 5400 5495 5496
f 5400 5496 5401
f 5400 5493 5494
f 5401 5496 5497
f 5401 5497 5498
f 5401 5498 5499
f 5401 5499 5406
f 5401 5406 5402
f 5402 5406 5405
f 5402 5405 5403
f 5404 5409 5410
f 5406 5499 5500
f 5406 5500 5407
f 5407 5500 5501
f 5407 5501 5408
f 5408 5502 5412
f 5408 5412 5409
f 5408 5501 5503
f 5408 5503 5502
f 5409 5412 5410
f 5410 5412 5411
f 5412 5502 5504
f 5412 5504 5505
f 5412 5505 5506
f 5412 5506 5507
f 5412 5507 5414
f 5412 5414 5413
f 5414 5506 5508
f 5414 5508 5509
f 5414 5509 5510
f 5414 5510 5417
f 5414 5417 5415
f 5414 5507 5506
f 5415 5417 5416
f 5420 5422 5421
f 5423 5511 5512
f 5423 5512 5513
f 5423 5454 5514
f 5423 5514 5511
f 5424 5428 5425
f 5425 5428 5515
f 5425 5515 5516
f 5425 5516 5432
f 5427 5517 5518
f 5427 5518 5519
f 5427 5431 5520
f 5427 5520 5521
f 5427 5521 5522
f 5427 5522 5517
f 5428 5519 5619
f 5428 5619 5523
f 5428 5523 5515
f 5432 5516 5524
f 5432 5524 5525
f 5432 5525 5435
f 5432 5435 5433
f 5433 5435 5434
f 5435 5525 5526
f 5435 5526 5527
f 5435 5527 5528
f 5435 5528 5529
f 5435 5529 5436
f 5436 5529 5530
f 5436 5530 5438
f 5436 5438 5437
f 5438 5530 5529
f 5438 5529 5528
f 5438 5528 5527
f 5438 5527 5442
f 5442 5531 5532
f 5442 5532 5533
f 5442 5533 5534
f 5442 5534 5443
f 5442 5527 5535
f 5442 5535 5536
f 5442 5536 5537
f 5442 5537 5538
f 5442 5538 5539
f 5442 5539 5540
f 5442 5540 5531
f 5443 5534 5541
f 5443 5541 5542
f 5443 5542 5543
f 5443 5543 5444
f 5444 5543 5542
f 5444 5542 5544
f 5444 5544 5445
f 5445 5544 5542
f 5445 5542 5545
f 5445 5545 5546
f 5445 5546 5547
f 5445 5547 5446
f 5446 5548 5447
f 5446 5547 5549
f 5446 5549 5550
f 5446 5550 5548
f 5447 5548 5551
f 5447 5551 5448
f 5448 5551 5449
f 5449 5551 5552
f 5449 5552 5451
f 5449 5451 5450
f 5451 5552 5553
f 5451 5553 5554
f 5451 5554 5452
f 5452 5554 5514
f 5452 5514 5453
f 5453 5514 5454
f 5455 5457 5458
f 5456 5466 5555
f 5456 5555 5556
f 5456 5556 5457
f 5457 5556 5555
f 5457 5555 5557
f 5457 5557 5646
f 5457 5646 5558
f 5457 5558 5559
f 5457 5559 5560
f 5457 5560 5561
f 5457 5561 5458
f 5458 5561 5459
f 5459 5561 5465
f 5460 5465 5562
f 5460 5562 5461
f 5461 5562 5563
f 5461 5563 5564
f 5461 5564 5462
f 5462 5564 5565
f 5462 5565 5463
f 5463 5565 5464
f 5464 5565 5471
f 5465 5561 5562
f 5466 5467 5566
f 5466 5566 5555
f 5467 5567 5659
f 5467 5659 5566
f 5468 5472 5469
f 5469 5472 5568
f 5469 5568 5569
f 5469 5569 5470
f 5470 5569 5473
f 5471 5570 5472
f 5471 5565 5571
f 5471 5571 5572
f 5471 5572 5570
f 5472 5573 5574
f 5472 5574 5575
f 5472 5575 5568
f 5472 5570 5573
f 5473 5569 5478
f 5474 5485 5475
f 5475 5576 5476
f 5475 5485 5576
f 5476 5576 5577
f 5476 5577 5488
f 5478 5569 5479
f 5479 5569 5578
f 5479 5578 5480
f 5480 5579 5580
f 5480 5580 5581
f 5480 5581 5481
f 5480 5578 5582
f 5480 5582 5583
f 5480 5583 5584
f 5480 5584 5579
f 5481 5581 5585
f 5481 5585 5482
f 5482 5585 5586
f 5482 5586 5484
f 5482 5484 5483
f 5484 5586 5485
f 5485 5586 5587
f 5485 5587 5576
f 5486 5488 5588
f 5486 5588 5589
f 5486 5589 5590
f 5486 5590 5489
f 5486 5489 5487
f 5488 5591 5592
f 5488 5592 5588
f 5488 5577 5593
f 5488 5593 5594
f 5488 5594 5591
f 5489 5590 5490
f 5490 5590 5595
f 5490 5595 5596
f 5490 5596 5491
f 5491 5596 5493
f 5491 5493 5492
f 5493 5596 5597
f 5493 5597 5598
f 5493 5598 5494
f 5494 5598 5599
f 5494 5599 5495
f 5495 5599 5600
f 5495 5600 5496
f 5496 5600 5601
f 5496 5601 5602
f 5496 5602 5497
f 5497 5602 5498
f 5498 5602 5499
f 5499 5602 5603
f 5499 5603 5500
f 5500 5603 5501
f 5501 5603 5604
f 5501 5604 5605
f 5501 5605 5606
f 5501 5606 5503
f 5502 5503 5607
f 5502 5607 5608
f 5502 5608 5504
f 5503 5606 5609
f 5503 5609 5607
f 5511 5514 5610
f 5511 5610 5512
f 5512 5611 5612
f 5512 5612 5513
f 5512 5610 5613
f 5512 5613 5614
f 5512 5614 5611
f 5514 5554 5610
f 5515 5523 5516
f 5516 5523 5524
f 5517 5615 5616
f 5517 5616 5518
f 5517 5522 5615
f 5518 5616 5718
f 5518 5718 5617
f 5518 5617 5618
f 5518 5618 5619
f 5518 5619 5519
f 5522 5620 5615
f 5523 5619 5621
f 5523 5621 5526
f 5523 5526 5524
f 5524 5526 5525
f 5526 5621 5721
f 5526 5721 5622
f 5526 5622 5535
f 5526 5535 5527
f 5531 5540 5532
f 5532 5540 5623
f 5532 5623 5533
f 5533 5623 5534
f 5534 5623 5541
f 5535 5624 5536
f 5535 5622 5625
f 5535 5625 5626
f 5535 5626 5627
f 5535 5627 5624
f 5536 5624 5627
f 5536 5627 5628
f 5536 5628 5538
f 5536 5538 5537
f 5538 5628 5539
f 5539 5628 5627
f 5539 5627 5629
f 5539 5629 5540
f 5540 5630 5623
f 5540 5629 5631
f 5540 5631 5632
f 5540 5632 5630
f 5541 5623 5633
f 5541 5633 5634
f 5541 5634 5542
f 5542 5635 5545
f 5542 5634 5635
f 5545 5635 5546
f 5546 5635 5636
f 5546 5636 5637
f 5546 5637 5547
f 5547 5637 5549
f 5548 5550 5549
f 5548 5549 5638
f 5548 5638 5551
f 5549 5637 5639
f 5549 5639 5638
f 5551 5638 5552
f 5552 5640 5553
f 5552 5638 5641
f 5552 5641 5640
f 5553 5642 5554
f 5553 5640 5638
f 5553 5638 5643
f 5553 5643 5644
f 5553 5644 5642
f 5554 5642 5645
f 5554 5645 5613
f 5554 5613 5610
f 5555 5566 5557
f 5557 5566 5646
f 5558 5646 5647
f 5558 5647 5648
f 5558 5648 5649
f 5558 5649 5650
f 5558 5650 5559
f 5559 5650 5652
f 5559 5652 5651
f 5559 5651 5560
f 5560 5651 5562
f 5560 5562 5561
f 5562 5651 5563
f 5563 5651 5652
f 5563 5652 5653
f 5563 5653 5654
f 5563 5654 5665
f 5563 5665 5655
f 5563 5655 5656
f 5563 5656 5564
f 5564 5657 5658
f 5564 5658 5565
f 5564 5656 5657
f 5565 5658 5571
f 5566 5659 5660
f 5566 5660 5646
f 5567 5661 5662
f 5567 5662 5659
f 5568 5575 5569
f 5569 5575 5663
f 5569 5663 5578
f 5570 5574 5573
f 5570 5572 5664
f 5570 5664 5574
f 5571 5658 5657
f 5571 5657 5656
f 5571 5656 5655
f 5571 5655 5572
f 5572 5655 5665
f 5572 5665 5664
f 5574 5663 5575
f 5574 5664 5582
f 5574 5582 5663
f 5576 5666 5594
f 5576 5594 5593
f 5576 5593 5577
f 5576 5587 5666
f 5578 5663 5582
f 5579 5667 5580
f 5579 5584 5667
f 5580 5667 5581
f 5581 5668 5585
f 5581 5667 5669
f 5581 5669 5670
f 5581 5670 5668
f 5582 5664 5583
f 5583 5664 5671
f 5583 5671 5672
f 5583 5672 5673
f 5583 5673 5674
f 5583 5674 5675
f 5583 5675 5676
f 5583 5676 5584
f 5584 5676 5677
f 5584 5677 5667
f 5585 5668 5678
f 5585 5678 5586
f 5586 5678 5679
f 5586 5679 5680
f 5586 5680 5681
f 5586 5681 5587
f 5587 5681 5682
f 5587 5682 5666
f 5588 5592 5589
f 5589 5592 5683
f 5589 5683 5590
f 5590 5684 5595
f 5590 5683 5684
f 5591 5685 5592
f 5591 5594 5686
f 5591 5686 5687
f 5591 5687 5685
f 5592 5685 5595
f 5592 5595 5683
f 5594 5666 5686
f 5595 5684 5683
f 5595 5685 5688
f 5595 5688 5689
f 5595 5689 5690
f 5595 5690 5597
f 5595 5597 5691
f 5595 5691 5692
f 5595 5692 5596
f 5596 5692 5597
f 5597 5692 5691
f 5597 5690 5693
f 5597 5693 5694
f 5597 5694 5695
f 5597 5695 5598
f 5598 5695 5599
f 5599 5695 5600
f 5600 5696 5697
f 5600 5697 5698
f 5600 5698 5601
f 5600 5695 5699
f 5600 5699 5696
f 5601 5698 5602
f 5602 5698 5603
f 5603 5698 5700
f 5603 5700 5605
f 5603 5605 5604
f 5605 5700 5701
f 5605 5701 5702
f 5605 5702 5703
f 5605 5703 5704
f 5605 5704 5705
f 5605 5705 5609
f 5605 5609 5606
f 5607 5609 5706
f 5607 5706 5608
f 5608 5706 5707
f 5608 5707 5708
f 5608 5708 5609
f 5608 5609 5704
f 5609 5705 5704
f 5609 5708 5707
f 5609 5707 5706
f 5611 5614 5709
f 5611 5709 5710
f 5613 5645 5614
f 5614 5645 5711
f 5614 5711 5709
f 5615 5712 5616
f 5615 5620 5713
f 5615 5713 5714
f 5615 5714 5715
f 5615 5715 5712
f 5616 5712 5716
f 5616 5716 5717
f 5616 5717 5718
f 5617 5718 5618
f 5618 5718 5719
f 5618 5719 5621
f 5618 5621 5619
f 5621 5720 5721
f 5621 5719 5722
f 5621 5722 5720
f 5622 5721 5723
f 5622 5723 5724
f 5622 5724 5625
f 5623 5630 5725
f 5623 5725 5633
f 5625 5724 5626
f 5626 5724 5726
f 5626 5726 5629
f 5626 5629 5627
f 5629 5727 5631
f 5629 5726 5728
f 5629 5728 5727
f 5630 5632 5725
f 5631 5727 5632
f 5632 5728 5729
f 5632 5729 5730
f 5632 5730 5731
f 5632 5731 5732
f 5632 5732 5725
f 5632 5727 5728
f 5633 5725 5732
f 5633 5732 5731
f 5633 5731 5733
f 5633 5733 5634
f 5634 5734 5735
f 5634 5735 5736
f 5634 5736 5635
f 5634 5733 5737
f 5634 5737 5730
f 5634 5730 5738
f 5634 5738 5739
f 5634 5739 5740
f 5634 5740 5741
f 5634 5741 5711
f 5634 5711 5734
f 5635 5736 5636
f 5636 5639 5637
f 5636 5736 5742
f 5636 5742 5639
f 5638 5639 5643
f 5638 5640 5641
f 5639 5742 5643
f 5642 5644 5735
f 5642 5735 5645
f 5643 5742 5735
f 5643 5735 5644
f 5645 5735 5711
f 5646 5660 5647
f 5647 5743 5745
f 5647 5745 5744
f 5647 5744 5648
f 5647 5660 5659
f 5647 5659 5662
f 5647 5662 5743
f 5648 5744 5745
f 5648 5745 5746
f 5648 5746 5747
f 5648 5747 5649
f 5649 5652 5650
f 5649 5747 5652
f 5652 5747 5748
f 5652 5748 5749
f 5652 5749 5653
f 5653 5749 5750
f 5653 5750 5654
f 5654 5750 5751
f 5654 5751 5752
f 5654 5752 5753
f 5654 5753 5665
f 5661 5754 5755
f 5661 5755 5662
f 5662 5755 5756
f 5662 5756 5757
f 5662 5757 5743
f 5664 5665 5671
f 5665 5758 5672
f 5665 5672 5671
f 5665 5753 5759
f 5665 5759 5760
f 5665 5760 5758
f 5666 5682 5686
f 5667 5677 5676
f 5667 5676 5669
f 5668 5679 5678
f 5668 5670 5761
f 5668 5761 5762
f 5668 5762 5679
f 5669 5676 5675
f 5669 5675 5763
f 5669 5763 5670
f 5670 5763 5764
f 5670 5764 5761
f 5672 5758 5673
f 5673 5758 5765
f 5673 5765 5766
f 5673 5766 5674
f 5674 5767 5768
f 5674 5768 5769
f 5674 5769 5770
f 5674 5770 5675
f 5674 5766 5771
f 5674 5771 5772
f 5674 5772 5773
f 5674 5773 5767
f 5675 5770 5763
f 5679 5762 5774
f 5679 5774 5775
f 5679 5775 5776
f 5679 5776 5777
f 5679 5777 5778
f 5679 5778 5779
f 5679 5779 5681
f 5679 5681 5680
f 5681 5780 5781
f 5681 5781 5782
f 5681 5782 5686
f 5681 5686 5682
f 5681 5779 5780
f 5685 5687 5783
f 5685 5783 5784
f 5685 5784 5688
f 5686 5782 5785
f 5686 5785 5879
f 5686 5879 5786
f 5686 5786 5787
f 5686 5787 5687
f 5687 5787 5788
f 5687 5788 5789
f 5687 5789 5784
f 5687 5784 5783
f 5688 5790 5791
f 5688 5791 5689
f 5688 5784 5792
f 5688 5792 5793
f 5688 5793 5790
f 5689 5791 5794
f 5689 5794 5795
f 5689 5795 5796
f 5689 5796 5797
f 5689 5797 5798
f 5689 5798 5799
f 5689 5799 5690
f 5690 5799 5800
f 5690 5800 5693
f 5693 5800 5694
f 5694 5800 5801
f 5694 5801 5802
f 5694 5802 5803
f 5694 5803 5695
f 5695 5803 5804
f 5695 5804 5699
f 5696 5699 5805
f 5696 5805 5700
f 5696 5700 5698
f 5696 5698 5697
f 5699 5804 5806
f 5699 5806 5801
f 5699 5801 5807
f 5699 5807 5808
f 5699 5808 5805
f 5700 5805 5701
f 5701 5805 5808
f 5701 5808 5702
f 5702 5808 5809
f 5702 5809 5810
f 5702 5810 5703
f 5703 5810 5811
f 5703 5811 5812
f 5703 5812 5704
f 5709 5711 5813
f 5709 5813 5814
f 5709 5814 5710
f 5710 5814 5815
f 5711 5816 5813
f 5711 5735 5734
f 5711 5741 5740
f 5711 5740 5817
f 5711 5817 5816
f 5712 5818 5819
f 5712 5819 5716
f 5712 5715 5818
f 5713 5820 5821
f 5713 5821 5715
f 5713 5715 5714
f 5715 5821 5822
f 5715 5822 5823
f 5715 5823 5818
f 5716 5819 5824
f 5716 5824 5718
f 5716 5718 5717
f 5718 5824 5825
f 5718 5825 5826
f 5718 5826 5719
f 5719 5826 5722
f 5720 5827 5721
f 5720 5722 5828
f 5720 5828 5827
f 5721 5827 5829
f 5721 5829 5723
f 5722 5826 5830
f 5722 5830 5831
f 5722 5831 5828
f 5723 5829 5832
f 5723 5832 5833
f 5723 5833 5724
f 5724 5833 5834
f 5724 5834 5835
f 5724 5835 5836
f 5724 5836 5726
f 5726 5836 5728
f 5728 5836 5837
f 5728 5837 5838
f 5728 5838 5839
f 5728 5839 5729
f 5729 5839 5730
f 5730 5737 5840
f 5730 5840 5731
f 5730 5839 5841
f 5730 5841 5739
f 5730 5739 5738
f 5731 5840 5733
f 5733 5840 5737
f 5735 5742 5736
f 5739 5842 5843
f 5739 5843 5844
f 5739 5844 5845
f 5739 5845 5846
f 5739 5846 5847
f 5739 5847 5848
f 5739 5848 5740
f 5739 5841 5842
f 5740 5848 5817
f 5743 5757 5849
f 5743 5849 5850
f 5743 5850 5745
f 5745 5850 5851
f 5745 5851 5746
f 5746 5851 5748
f 5746 5748 5747
f 5748 5851 5949
f 5748 5949 5852
f 5748 5852 5749
f 5749 5853 5750
f 5749 5852 5853
f 5750 5853 5751
f 5751 5853 5752
f 5752 5854 5855
f 5752 5855 5856
f 5752 5856 5753
f 5752 5853 5857
f 5752 5857 5854
f 5753 5856 5760
f 5753 5760 5759
f 5754 5858 5859
f 5754 5859 5755
f 5755 5859 5858
f 5755 5858 5860
f 5755 5860 5861
f 5755 5861 5756
f 5756 5862 5850
f 5756 5850 5849
f 5756 5849 5757
f 5756 5861 5863
f 5756 5863 5862
f 5758 5760 5765
f 5760 5856 5864
f 5760 5864 5771
f 5760 5771 5766
f 5760 5766 5765
f 5761 5865 5866
f 5761 5866 5867
f 5761 5867 5775
f 5761 5775 5774
f 5761 5774 5762
f 5761 5764 5763
f 5761 5763 5868
f 5761 5868 5869
f 5761 5869 5865
f 5763 5770 5870
f 5763 5870 5868
f 5767 5871 5768
f 5767 5773 5871
f 5768 5871 5872
f 5768 5872 5869
f 5768 5869 5870
f 5768 5870 5769
f 5769 5870 5770
f 5771 5864 5772
f 5772 5864 5773
f 5773 5864 5873
f 5773 5873 5874
f 5773 5874 5965
f 5773 5965 5871
f 5775 5867 5875
f 5775 5875 5776
f 5776 5875 5777
f 5777 5875 5876
f 5777 5876 5778
f 5778 5876 5877
f 5778 5877 5781
f 5778 5781 5779
f 5779 5781 5780
f 5781 5877 5782
f 5782 5877 5878
f 5782 5878 5787
f 5782 5787 5785
f 5784 5789 5788
f 5784 5788 5792
f 5785 5787 5879
f 5786 5879 5787
f 5787 5878 5880
f 5787 5880 5981
f 5787 5981 5881
f 5787 5881 5788
f 5788 5881 5793
f 5788 5793 5792
f 5790 5882 5884
f 5790 5884 5791
f 5790 5793 5883
f 5790 5883 5982
f 5790 5982 5882
f 5791 5884 5794
f 5793 5881 5883
f 5794 5884 5885
f 5794 5885 5795
f 5795 5886 5887
f 5795 5887 5888
f 5795 5888 5889
f 5795 5889 5797
f 5795 5797 5796
f 5795 5885 5886
f 5797 5889 5798
f 5798 5800 5799
f 5798 5889 5890
f 5798 5890 5891
f 5798 5891 5801
f 5798 5801 5800
f 5801 5891 5807
f 5801 5806 5802
f 5802 5806 5804
f 5802 5804 5803
f 5807 5891 5892
f 5807 5892 5808
f 5808 5892 5893
f 5808 5893 5894
f 5808 5894 5809
f 5809 5895 5810
f 5809 5894 5896
f 5809 5896 5895
f 5810 5895 5897
f 5810 5897 5898
f 5810 5898 5811
f 5811 5898 5897
f 5811 5897 5812
f 5812 5897 5899
f 5813 5816 5814
f 5814 5816 5900
f 5814 5900 5901
f 5814 5901 5815
f 5816 5902 5900
f 5816 5817 5903
f 5816 5903 5902
f 5817 5848 5847
f 5817 5847 5904
f 5817 5904 5903
f 5818 5823 5905
f 5818 5905 5819
f 5819 5906 5907
f 5819 5907 5908
f 5819 5908 5824
f 5819 5905 5906
f 5820 5909 5910
f 5820 5910 5821
f 5821 5910 5911
f 5821 5911 5822
f 5822 5911 5912
f 5822 5912 5913
f 5822 5913 5914
f 5822 5914 5823
f 5823 5914 5915
f 5823 5915 5905
f 5824 5908 5825
f 5825 5908 5907
f 5825 5907 5916
f 5825 5916 5917
f 5825 5917 5830
f 5825 5830 5826
f 5827 5828 5829
f 5828 5918 5832
f 5828 5832 5829
f 5828 5831 5919
f 5828 5919 5920
f 5828 5920 5921
f 5828 5921 5918
f 5830 5917 5922
f 5830 5922 5923
f 5830 5923 5831
f 5831 5923 5924
f 5831 5924 5919
f 5832 5918 5921
f 5832 5921 5833
f 5833 5925 5834
f 5833 5921 5925
f 5834 5925 5926
f 5834 5926 5927
f 5834 5927 5928
f 5834 5928 5835
f 5835 5928 5929
f 5835 5929 5837
f 5835 5837 5836
f 5837 5929 5930
f 5837 5930 5931
f 5837 5931 5932
f 5837 5932 5838
f 5838 5932 5839
f 5839 5932 5931
f 5839 5931 5841
f 5841 5931 5843
f 5841 5843 5933
f 5841 5933 5842
f 5842 5933 5843
f 5843 5931 5934
f 5843 5934 5935
f 5843 5935 5936
f 5843 5936 5937
f 5843 5937 5938
f 5843 5938 5939
f 5843 5939 5845
f 5843 5845 5844
f 5845 5939 5940
f 5845 5940 5941
f 5845 5941 5942
f 5845 5942 5943
f 5845 5943 5944
f 5845 5944 5846
f 5846 5944 5847
f 5847 5944 5945
f 5847 5945 5946
f 5847 5946 5904
f 5850 5947 5948
f 5850 5948 5949
f 5850 5949 5851
f 5850 5862 5863
f 5850 5863 5947
f 5852 5949 5948
f 5852 5948 5950
f 5852 5950 5853
f 5853 5950 5951
f 5853 5951 5857
f 5854 5952 5855
f 5854 5857 5953
f 5854 5953 5954
f 5854 5954 5952
f 5855 5952 5873
f 5855 5873 5864
f 5855 5864 5856
f 5857 5951 5955
f 5857 5955 5956
f 5857 5956 5953
f 5860 5957 5958
f 5860 5958 5863
f 5860 5863 5861
f 5863 5958 5959
f 5863 5959 5947
f 5865 5960 5866
f 5865 5869 5960
f 5866 5960 5867
f 5867 5960 5961
f 5867 5961 5875
f 5868 5870 5869
f 5869 5872 5962
f 5869 5962 5963
f 5869 5963 5964
f 5869 5964 5960
f 5871 5965 5872
f 5872 5966 5967
f 5872 5967 5968
f 5872 5968 5963
f 5872 5963 5962
f 5872 5965 5966
f 5873 5969 5970
f 5873 5970 5874
f 5873 5952 5971
f 5873 5971 5972
f 5873 5972 5973
f 5873 5973 5969
f 5874 5970 5974
f 5874 5974 5965
f 5875 5961 5975
f 5875 5975 5976
f 5875 5976 5876
f 5876 5976 5977
f 5876 5977 5877
f 5877 5977 5978
f 5877 5978 5878
f 5878 5978 5880
f 5880 5978 5979
f 5880 5979 5980
f 5880 5980 6087
f 5880 6087 5981
f 5881 5982 5883
f 5881 5981 5982
f 5882 5983 5884
f 5882 5982 5983
f 5884 5983 5984
f 5884 5984 5985
f 5884 5985 5885
f 5885 5985 5986
f 5885 5986 5987
f 5885 5987 5887
f 5885 5887 5886
f 5887 5988 5989
f 5887 5989 5990
f 5887 5990 5896
f 5887 5896 5888
f 5887 5987 5991
f 5887 5991 5992
f 5887 5992 5988
f 5888 5896 5889
f 5889 5896 5894
f 5889 5894 5893
f 5889 5893 5892
f 5889 5892 5890
f 5890 5892 5891
f 5895 5993 5897
f 5895 5896 5990
f 5895 5990 5989
f 5895 5989 5993
f 5897 5993 5994
f 5897 5994 5995
f 5897 5995 5996
f 5897 5996 5899
f 5899 5996 5998
f 5899 5998 5999
f 5899 5999 6000
f 5899 6000 6106
f 5899 6106 5997
f 5900 6001 5901
f 5900 5902 6001
f 5901 6001 6002
f 5902 5903 5904
f 5902 5904 6001
f 5904 5946 5945
f 5904 5945 6003
f 5904 6003 6004
f 5904 6004 6005
f 5904 6005 6001
f 5905 5915 5906
f 5906 6006 5907
f 5906 5915 6006
f 5907 6007 6008
f 5907 6008 6009
f 5907 6009 6010
f 5907 6010 5916
f 5907 6006 6011
f 5907 6011 6007
f 5909 6012 5910
f 5910 6013 5911
f 5910 6012 6014
f 5910 6014 6015
f 5910 6015 6013
f 5911 6013 6016
f 5911 6016 5912
f 5912 6017 5913
f 5912 6016 6018
f 5912 6018 6017
f 5913 6017 5914
f 5914 6017 5915
f 5915 6019 6011
f 5915 6011 6006
f 5915 6017 6019
f 5916 6010 6008
f 5916 6008 6020
f 5916 6020 6021
f 5916 6021 6022
f 5916 6022 5917
f 5917 6022 6023
f 5917 6023 6024
f 5917 6024 5922
f 5919 5924 6025
f 5919 6025 6026
f 5919 6026 6027
f 5919 6027 6028
f 5919 6028 6029
f 5919 6029 5920
f 5920 6030 5921
f 5920 6029 6031
f 5920 6031 6032
f 5920 6032 6030
f 5921 6030 6033
f 5921 6033 5926
f 5921 5926 5925
f 5922 6024 6034
f 5922 6034 6035
f 5922 6035 5924
f 5922 5924 5923
f 5924 6035 6036
f 5924 6036 6037
f 5924 6037 6025
f 5926 6033 6038
f 5926 6038 5927
f 5927 6038 5928
f 5928 6038 6039
f 5928 6039 6040
f 5928 6040 6041
f 5928 6041 5930
f 5928 5930 5929
f 5930 6041 5931
f 5931 6041 5934
f 5934 6041 5935
f 5935 6042 6043
f 5935 6043 5936
f 5935 6041 6042
f 5936 6043 6044
f 5936 6044 5941
f 5936 5941 5937
f 5937 5941 5938
f 5938 5941 5940
f 5938 5940 5939
f 5941 6044 6045
f 5941 6045 5942
f 5942 6046 6047
f 5942 6047 5943
f 5942 6045 6046
f 5943 6047 6048
f 5943 6048 6004
f 5943 6004 6049
f 5943 6049 5944
f 5944 6049 5945
f 5945 6049 6003
f 5947 6050 6051
f 5947 6051 5948
f 5947 5959 6050
f 5948 6051 6052
f 5948 6052 5955
f 5948 5955 5951
f 5948 5951 5950
f 5952 5954 5971
f 5953 5956 6053
f 5953 6053 5954
f 5954 6053 6054
f 5954 6054 6055
f 5954 6055 6056
f 5954 6056 5971
f 5955 6052 6051
f 5955 6051 6057
f 5955 6057 6058
f 5955 6058 5956
f 5956 6058 6053
f 5957 6059 6060
f 5957 6060 6061
f 5957 6061 6062
f 5957 6062 6063
f 5957 6063 6064
f 5957 6064 5958
f 5958 6064 6065
f 5958 6065 6066
f 5958 6066 6067
f 5958 6067 5959
f 5959 6067 6176
f 5959 6176 6050
f 5960 5964 5961
f 5961 5964 5968
f 5961 5968 6068
f 5961 6068 5975
f 5963 5968 5964
f 5965 6069 6070
f 5965 6070 6071
f 5965 6071 6072
f 5965 6072 5966
f 5965 5974 6069
f 5966 6072 5967
f 5967 6072 6071
f 5967 6071 6073
f 5967 6073 6074
f 5967 6074 5968
f 5968 6074 6075
f 5968 6075 6068
f 5969 6076 6201
f 5969 6201 6077
f 5969 6077 5970
f 5969 5973 5972
f 5969 5972 6076
f 5970 6077 6069
f 5970 6069 5974
f 5971 6056 6078
f 5971 6078 5972
f 5972 6079 6076
f 5972 6078 6080
f 5972 6080 6079
f 5975 6068 6081
f 5975 6081 6082
f 5975 6082 5976
f 5976 6083 6084
f 5976 6084 6085
f 5976 6085 5978
f 5976 5978 5977
f 5976 6082 6083
f 5978 6085 6217
f 5978 6217 6086
f 5978 6086 5979
f 5979 6086 5980
f 5980 6086 6219
f 5980 6219 6087
f 5981 6087 5982
f 5982 6087 5983
f 5983 6088 5984
f 5983 6087 6088
f 5984 6088 6089
f 5984 6089 6090
f 5984 6090 6091
f 5984 6091 6092
f 5984 6092 6093
f 5984 6093 6094
f 5984 6094 6095
f 5984 6095 5985
f 5985 6095 6096
f 5985 6096 6097
f 5985 6097 6098
f 5985 6098 5986
f 5986 6099 5991
f 5986 5991 5987
f 5986 6098 6100
f 5986 6100 6237
f 5986 6237 6099
f 5988 6101 5989
f 5988 5992 6102
f 5988 6102 6103
f 5988 6103 6101
f 5989 6101 5995
f 5989 5995 5994
f 5989 5994 5993
f 5991 6102 5992
f 5991 6099 6102
f 5995 6101 6104
f 5995 6104 5999
f 5995 5999 5998
f 5995 5998 5996
f 5997 6106 6107
f 5997 6107 6108
f 5997 6108 6109
f 5997 6109 6110
f 5997 6110 6111
f 5997 6111 6105
f 5999 6104 6112
f 5999 6112 6000
f 6000 6112 6113
f 6000 6113 6106
f 6001 6114 6002
f 6001 6005 6114
f 6003 6049 6004
f 6004 6048 6115
f 6004 6115 6116
f 6004 6116 6114
f 6004 6114 6005
f 6007 6117 6020
f 6007 6020 6118
f 6007 6118 6008
f 6007 6011 6117
f 6008 6118 6020
f 6008 6010 6009
f 6011 6019 6119
f 6011 6119 6120
f 6011 6120 6121
f 6011 6121 6122
f 6011 6122 6123
f 6011 6123 6124
f 6011 6124 6117
f 6013 6125 6126
f 6013 6126 6127
f 6013 6127 6016
f 6013 6015 6128
f 6013 6128 6129
f 6013 6129 6130
f 6013 6130 6131
f 6013 6131 6132
f 6013 6132 6133
f 6013 6133 6134
f 6013 6134 6135
f 6013 6135 6136
f 6013 6136 6137
f 6013 6137 6138
f 6013 6138 6125
f 6016 6127 6139
f 6016 6139 6018
f 6017 6018 6140
f 6017 6140 6019
f 6018 6139 6141
f 6018 6141 6140
f 6019 6142 6119
f 6019 6140 6143
f 6019 6143 6142
f 6020 6117 6124
f 6020 6124 6123
f 6020 6123 6120
f 6020 6120 6144
f 6020 6144 6021
f 6021 6144 6145
f 6021 6145 6146
f 6021 6146 6147
f 6021 6147 6148
f 6021 6148 6022
f 6022 6148 6023
f 6023 6148 6149
f 6023 6149 6024
f 6024 6149 6034
f 6025 6150 6027
f 6025 6027 6026
f 6025 6037 6151
f 6025 6151 6152
f 6025 6152 6150
f 6027 6150 6028
f 6028 6150 6153
f 6028 6153 6029
f 6029 6153 6154
f 6029 6154 6031
f 6030 6032 6155
f 6030 6155 6033
f 6031 6154 6153
f 6031 6153 6156
f 6031 6156 6157
f 6031 6157 6158
f 6031 6158 6159
f 6031 6159 6160
f 6031 6160 6155
f 6031 6155 6032
f 6033 6155 6038
f 6034 6149 6161
f 6034 6161 6035
f 6035 6161 6162
f 6035 6162 6163
f 6035 6163 6037
f 6035 6037 6036
f 6037 6164 6165
f 6037 6165 6151
f 6037 6163 6164
f 6038 6155 6039
f 6039 6155 6166
f 6039 6166 6167
f 6039 6167 6168
f 6039 6168 6040
f 6040 6042 6041
f 6040 6168 6042
f 6042 6168 6043
f 6043 6168 6169
f 6043 6169 6170
f 6043 6170 6044
f 6044 6170 6045
f 6045 6170 6171
f 6045 6171 6172
f 6045 6172 6173
f 6045 6173 6046
f 6046 6174 6047
f 6046 6173 6172
f 6046 6172 6174
f 6047 6174 6175
f 6047 6175 6048
f 6048 6175 6115
f 6050 6176 6051
f 6051 6176 6057
f 6053 6058 6177
f 6053 6177 6054
f 6054 6177 6055
f 6055 6177 6178
f 6055 6178 6080
f 6055 6080 6078
f 6055 6078 6056
f 6057 6176 6058
f 6058 6176 6179
f 6058 6179 6307
f 6058 6307 6177
f 6059 6180 6060
f 6060 6180 6181
f 6060 6181 6182
f 6060 6182 6183
f 6060 6183 6184
f 6060 6184 6185
f 6060 6185 6186
f 6060 6186 6187
f 6060 6187 6061
f 6061 6187 6188
f 6061 6188 6062
f 6062 6188 6187
f 6062 6187 6189
f 6062 6189 6063
f 6063 6189 6065
f 6063 6065 6064
f 6065 6189 6190
f 6065 6190 6066
f 6066 6190 6307
f 6066 6307 6179
f 6066 6179 6191
f 6066 6191 6067
f 6067 6191 6179
f 6067 6179 6176
f 6068 6192 6193
f 6068 6193 6194
f 6068 6194 6195
f 6068 6195 6196
f 6068 6196 6081
f 6068 6075 6197
f 6068 6197 6198
f 6068 6198 6192
f 6069 6199 6202
f 6069 6202 6200
f 6069 6200 6070
f 6069 6077 6201
f 6069 6201 6199
f 6070 6200 6071
f 6071 6200 6202
f 6071 6202 6203
f 6071 6203 6204
f 6071 6204 6073
f 6073 6205 6198
f 6073 6198 6197
f 6073 6197 6075
f 6073 6075 6074
f 6073 6204 6205
f 6076 6206 6207
f 6076 6207 6208
f 6076 6208 6199
f 6076 6199 6201
f 6076 6079 6209
f 6076 6209 6206
f 6079 6080 6209
f 6080 6178 6308
f 6080 6308 6210
f 6080 6210 6209
f 6081 6196 6082
f 6082 6196 6195
f 6082 6195 6211
f 6082 6211 6212
f 6082 6212 6213
f 6082 6213 6214
f 6082 6214 6083
f 6083 6214 6084
f 6084 6215 6216
f 6084 6216 6085
f 6084 6214 6215
f 6085 6216 6217
f 6086 6217 6216
f 6086 6216 6218
f 6086 6218 6348
f 6086 6348 6219
f 6087 6219 6220
f 6087 6220 6092
f 6087 6092 6091
f 6087 6091 6090
f 6087 6090 6089
f 6087 6089 6088
f 6092 6221 6222
f 6092 6222 6223
f 6092 6223 6093
f 6092 6220 6224
f 6092 6224 6225
f 6092 6225 6226
f 6092 6226 6227
f 6092 6227 6228
f 6092 6228 6221
f 6093 6223 6094
f 6094 6229 6230
f 6094 6230 6358
f 6094 6358 6231
f 6094 6231 6097
f 6094 6097 6232
f 6094 6232 6096
f 6094 6096 6095
f 6094 6223 6229
f 6096 6232 6097
f 6097 6233 6234
f 6097 6234 6235
f 6097 6235 6236
f 6097 6236 6100
f 6097 6100 6098
f 6097 6231 6233
f 6099 6237 6102
f 6100 6236 6237
f 6101 6112 6104
f 6101 6103 6238
f 6101 6238 6112
f 6102 6237 6239
f 6102 6239 6103
f 6103 6239 6238
f 6105 6111 6241
f 6105 6241 6240
f 6106 6113 6242
f 6106 6242 6243
f 6106 6243 6244
f 6106 6244 6245
f 6106 6245 6107
f 6107 6245 6108
f 6108 6245 6110
f 6108 6110 6109
f 6110 6245 6111
f 6111 6245 6246
f 6111 6246 6241
f 6112 6238 6113
f 6113 6238 6247
f 6113 6247 6234
f 6113 6234 6242
f 6114 6116 6115
f 6114 6115 6248
f 6115 6175 6248
f 6119 6142 6120
f 6120 6123 6122
f 6120 6122 6121
f 6120 6142 6249
f 6120 6249 6269
f 6120 6269 6144
f 6125 6250 6126
f 6125 6138 6251
f 6125 6251 6252
f 6125 6252 6253
f 6125 6253 6254
f 6125 6254 6255
f 6125 6255 6256
f 6125 6256 6250
f 6126 6257 6127
f 6126 6250 6258
f 6126 6258 6257
f 6127 6257 6259
f 6127 6259 6139
f 6139 6260 6141
f 6139 6259 6260
f 6140 6261 6262
f 6140 6262 6263
f 6140 6263 6264
f 6140 6264 6249
f 6140 6249 6142
f 6140 6142 6143
f 6140 6141 6261
f 6141 6265 6261
f 6141 6260 6266
f 6141 6266 6265
f 6144 6267 6268
f 6144 6268 6145
f 6144 6269 6270
f 6144 6270 6271
f 6144 6271 6272
f 6144 6272 6267
f 6145 6273 6274
f 6145 6274 6275
f 6145 6275 6146
f 6145 6268 6276
f 6145 6276 6277
f 6145 6277 6273
f 6146 6275 6278
f 6146 6278 6147
f 6147 6278 6148
f 6148 6278 6279
f 6148 6279 6149
f 6149 6279 6280
f 6149 6280 6162
f 6149 6162 6161
f 6150 6152 6281
f 6150 6281 6153
f 6151 6165 6282
f 6151 6282 6157
f 6151 6157 6156
f 6151 6156 6152
f 6152 6156 6281
f 6153 6281 6156
f 6155 6160 6166
f 6157 6282 6283
f 6157 6283 6284
f 6157 6284 6158
f 6158 6284 6285
f 6158 6285 6159
f 6159 6286 6160
f 6159 6285 6287
f 6159 6287 6288
f 6159 6288 6286
f 6160 6286 6166
f 6162 6280 6164
f 6162 6164 6163
f 6164 6280 6289
f 6164 6289 6165
f 6165 6290 6283
f 6165 6283 6282
f 6165 6289 6291
f 6165 6291 6292
f 6165 6292 6290
f 6166 6286 6293
f 6166 6293 6294
f 6166 6294 6167
f 6167 6294 6168
f 6168 6294 6169
f 6169 6295 6170
f 6169 6294 6293
f 6169 6293 6295
f 6170 6295 6171
f 6171 6296 6172
f 6171 6295 6296
f 6172 6296 6297
f 6172 6297 6298
f 6172 6298 6299
f 6172 6299 6300
f 6172 6300 6174
f 6174 6300 6175
f 6175 6300 6299
f 6175 6299 6301
f 6175 6301 6302
f 6175 6302 6303
f 6175 6303 6304
f 6175 6304 6305
f 6175 6305 6248
f 6177 6306 6178
f 6177 6307 6306
f 6178 6306 6309
f 6178 6309 6308
f 6181 6310 6182
f 6182 6311 6183
f 6182 6310 6312
f 6182 6312 6313
f 6182 6313 6314
f 6182 6314 6315
f 6182 6315 6316
f 6182 6316 6317
f 6182 6317 6318
f 6182 6318 6319
f 6182 6319 6311
f 6183 6311 6184
f 6184 6311 6319
f 6184 6319 6320
f 6184 6320 6185
f 6185 6320 6434
f 6185 6434 6309
f 6185 6309 6306
f 6185 6306 6186
f 6186 6307 6190
f 6186 6190 6189
f 6186 6189 6187
f 6186 6306 6307
f 6192 6198 6321
f 6192 6321 6322
f 6192 6322 6194
f 6192 6194 6193
f 6194 6211 6195
f 6194 6322 6323
f 6194 6323 6324
f 6194 6324 6325
f 6194 6325 6326
f 6194 6326 6327
f 6194 6327 6212
f 6194 6212 6211
f 6198 6205 6321
f 6199 6328 6329
f 6199 6329 6202
f 6199 6208 6328
f 6202 6329 6203
f 6203 6329 6330
f 6203 6330 6331
f 6203 6331 6332
f 6203 6332 6333
f 6203 6333 6334
f 6203 6334 6204
f 6204 6334 6335
f 6204 6335 6336
f 6204 6336 6321
f 6204 6321 6205
f 6206 6337 6338
f 6206 6338 6207
f 6206 6209 6339
f 6206 6339 6340
f 6206 6340 6337
f 6207 6338 6341
f 6207 6341 6208
f 6208 6341 6328
f 6209 6210 6339
f 6210 6308 6342
f 6210 6342 6343
f 6210 6343 6344
f 6210 6344 6339
f 6212 6327 6345
f 6212 6345 6215
f 6212 6215 6213
f 6213 6215 6214
f 6215 6345 6216
f 6216 6345 6346
f 6216 6346 6352
f 6216 6352 6347
f 6216 6347 6218
f 6218 6347 6348
f 6219 6348 6220
f 6220 6348 6224
f 6221 6349 6222
f 6221 6228 6349
f 6222 6349 6350
f 6222 6350 6229
f 6222 6229 6223
f 6224 6348 6226
f 6224 6226 6225
f 6226 6348 6347
f 6226 6347 6352
f 6226 6352 6227
f 6227 6351 6228
f 6227 6352 6351
f 6228 6351 6349
f 6229 6350 6353
f 6229 6353 6354
f 6229 6354 6355
f 6229 6355 6356
f 6229 6356 6357
f 6229 6357 6230
f 6230 6357 6358
f 6231 6358 6233
f 6233 6358 6357
f 6233 6357 6359
f 6233 6359 6234
f 6234 6359 6243
f 6234 6243 6242
f 6234 6247 6235
f 6235 6239 6237
f 6235 6237 6236
f 6235 6247 6239
f 6238 6239 6247
f 6240 6241 6361
f 6240 6361 6360
f 6241 6246 6362
f 6241 6362 6361
f 6243 6359 6363
f 6243 6363 6244
f 6244 6363 6245
f 6245 6363 6357
f 6245 6357 6356
f 6245 6356 6364
f 6245 6364 6365
f 6245 6365 6366
f 6245 6366 6367
f 6245 6367 6246
f 6246 6367 6362
f 6249 6264 6263
f 6249 6263 6383
f 6249 6383 6269
f 6250 6368 6369
f 6250 6369 6370
f 6250 6370 6258
f 6250 6256 6371
f 6250 6371 6372
f 6250 6372 6373
f 6250 6373 6374
f 6250 6374 6375
f 6250 6375 6376
f 6250 6376 6368
f 6257 6258 6377
f 6257 6377 6378
f 6257 6378 6259
f 6258 6370 6377
f 6259 6379 6260
f 6259 6378 6380
f 6259 6380 6381
f 6259 6381 6379
f 6260 6382 6266
f 6260 6379 6382
f 6261 6263 6262
f 6261 6265 6263
f 6263 6265 6384
f 6263 6384 6383
f 6265 6266 6382
f 6265 6382 6510
f 6265 6510 6384
f 6267 6272 6385
f 6267 6385 6268
f 6268 6385 6276
f 6269 6386 6270
f 6269 6383 6387
f 6269 6387 6388
f 6269 6388 6389
f 6269 6389 6386
f 6270 6386 6389
f 6270 6389 6390
f 6270 6390 6391
f 6270 6391 6392
f 6270 6392 6271
f 6271 6392 6272
f 6272 6392 6393
f 6272 6393 6394
f 6272 6394 6385
f 6273 6277 6274
f 6274 6395 6275
f 6274 6277 6396
f 6274 6396 6397
f 6274 6397 6398
f 6274 6398 6395
f 6275 6395 6399
f 6275 6399 6278
f 6276 6385 6400
f 6276 6400 6394
f 6276 6394 6277
f 6277 6401 6396
f 6277 6394 6402
f 6277 6402 6403
f 6277 6403 6401
f 6278 6404 6279
f 6278 6399 6405
f 6278 6405 6404
f 6279 6406 6280
f 6279 6404 6407
f 6279 6407 6408
f 6279 6408 6406
f 6280 6406 6409
f 6280 6409 6289
f 6283 6290 6410
f 6283 6410 6411
f 6283 6411 6412
f 6283 6412 6413
f 6283 6413 6284
f 6284 6413 6285
f 6285 6413 6414
f 6285 6414 6415
f 6285 6415 6416
f 6285 6416 6417
f 6285 6417 6287
f 6286 6288 6295
f 6286 6295 6293
f 6287 6417 6288
f 6288 6417 6418
f 6288 6418 6295
f 6289 6409 6291
f 6290 6292 6419
f 6290 6419 6410
f 6291 6420 6421
f 6291 6421 6422
f 6291 6422 6423
f 6291 6423 6424
f 6291 6424 6292
f 6291 6409 6425
f 6291 6425 6420
f 6292 6426 6427
f 6292 6427 6419
f 6292 6424 6426
f 6295 6418 6428
f 6295 6428 6429
f 6295 6429 6296
f 6296 6429 6297
f 6297 6429 6298
f 6298 6430 6299
f 6298 6429 6430
f 6299 6430 6301
f 6301 6431 6302
f 6301 6430 6431
f 6302 6431 6303
f 6303 6431 6304
f 6304 6432 6305
f 6304 6431 6433
f 6304 6433 6432
f 6308 6309 6434
f 6308 6434 6342
f 6312 6435 6313
f 6313 6435 6314
f 6314 6436 6586
f 6314 6586 6437
f 6314 6437 6315
f 6315 6437 6438
f 6315 6438 6439
f 6315 6439 6316
f 6316 6439 6440
f 6316 6440 6317
f 6317 6440 6441
f 6317 6441 6318
f 6318 6441 6442
f 6318 6442 6443
f 6318 6443 6319
f 6319 6443 6434
f 6319 6434 6320
f 6321 6336 6444
f 6321 6444 6324
f 6321 6324 6323
f 6321 6323 6322
f 6324 6445 6325
f 6324 6444 6446
f 6324 6446 6445
f 6325 6445 6446
f 6325 6446 6326
f 6326 6446 6447
f 6326 6447 6327
f 6327 6448 6449
f 6327 6449 6450
f 6327 6450 6451
f 6327 6451 6345
f 6327 6447 6448
f 6328 6452 6329
f 6328 6341 6452
f 6329 6452 6330
f 6330 6452 6453
f 6330 6453 6454
f 6330 6454 6455
f 6330 6455 6331
f 6331 6456 6457
f 6331 6457 6335
f 6331 6335 6334
f 6331 6334 6332
f 6331 6455 6456
f 6332 6334 6333
f 6335 6457 6458
f 6335 6458 6444
f 6335 6444 6459
f 6335 6459 6336
f 6336 6459 6444
f 6337 6340 6460
f 6337 6460 6461
f 6337 6461 6453
f 6337 6453 6338
f 6338 6453 6452
f 6338 6452 6341
f 6339 6344 6340
f 6340 6344 6462
f 6340 6462 6463
f 6340 6463 6460
f 6342 6464 6344
f 6342 6344 6343
f 6342 6434 6443
f 6342 6443 6464
f 6344 6464 6465
f 6344 6465 6466
f 6344 6466 6462
f 6345 6451 6346
f 6346 6467 6473
f 6346 6473 6352
f 6346 6451 6467
f 6349 6468 6350
f 6349 6351 6468
f 6350 6468 6469
f 6350 6469 6470
f 6350 6470 6471
f 6350 6471 6472
f 6350 6472 6353
f 6351 6352 6473
f 6351 6473 6474
f 6351 6474 6475
f 6351 6475 6469
f 6351 6469 6468
f 6353 6472 6476
f 6353 6476 6477
f 6353 6477 6354
f 6354 6477 6478
f 6354 6478 6479
f 6354 6479 6480
f 6354 6480 6481
f 6354 6481 6355
f 6355 6481 6356
f 6356 6481 6480
f 6356 6480 6364
f 6357 6363 6359
f 6360 6361 6483
f 6360 6483 6484
f 6360 6484 6482
f 6361 6485 6486
f 6361 6486 6487
f 6361 6487 6483
f 6361 6362 6488
f 6361 6488 6489
f 6361 6489 6490
f 6361 6490 6491
f 6361 6491 6485
f 6362 6367 6366
f 6362 6366 6492
f 6362 6492 6640
f 6362 6640 6488
f 6364 6493 6365
f 6364 6480 6493
f 6365 6493 6479
f 6365 6479 6494
f 6365 6494 6366
f 6366 6494 6495
f 6366 6495 6492
f 6368 6376 6496
f 6368 6496 6497
f 6368 6497 6498
f 6368 6498 6499
f 6368 6499 6500
f 6368 6500 6501
f 6368 6501 6502
f 6368 6502 6369
f 6369 6502 6503
f 6369 6503 6377
f 6369 6377 6370
f 6377 6504 6378
f 6377 6503 6505
f 6377 6505 6504
f 6378 6504 6506
f 6378 6506 6381
f 6378 6381 6380
f 6379 6381 6382
f 6381 6506 6507
f 6381 6507 6508
f 6381 6508 6509
f 6381 6509 6510
f 6381 6510 6382
f 6383 6511 6387
f 6383 6384 6512
f 6383 6512 6513
f 6383 6513 6514
f 6383 6514 6515
f 6383 6515 6516
f 6383 6516 6517
f 6383 6517 6511
f 6384 6510 6518
f 6384 6518 6519
f 6384 6519 6520
f 6384 6520 6512
f 6385 6394 6400
f 6387 6511 6388
f 6388 6511 6389
f 6389 6521 6390
f 6389 6511 6522
f 6389 6522 6523
f 6389 6523 6679
f 6389 6679 6524
f 6389 6524 6525
f 6389 6525 6526
f 6389 6526 6521
f 6390 6521 6391
f 6391 6527 6528
f 6391 6528 6392
f 6391 6521 6526
f 6391 6526 6529
f 6391 6529 6530
f 6391 6530 6531
f 6391 6531 6527
f 6392 6528 6393
f 6393 6528 6394
f 6394 6528 6532
f 6394 6532 6533
f 6394 6533 6534
f 6394 6534 6402
f 6395 6398 6399
f 6396 6401 6397
f 6397 6401 6535
f 6397 6535 6398
f 6398 6535 6536
f 6398 6536 6421
f 6398 6421 6537
f 6398 6537 6405
f 6398 6405 6399
f 6401 6538 6539
f 6401 6539 6535
f 6401 6403 6538
f 6402 6534 6540
f 6402 6540 6541
f 6402 6541 6542
f 6402 6542 6543
f 6402 6543 6403
f 6403 6544 6545
f 6403 6545 6546
f 6403 6546 6547
f 6403 6547 6548
f 6403 6548 6549
f 6403 6549 6550
f 6403 6550 6551
f 6403 6551 6552
f 6403 6552 6553
f 6403 6553 6554
f 6403 6554 6538
f 6403 6543 6555
f 6403 6555 6544
f 6404 6405 6556
f 6404 6556 6407
f 6405 6537 6556
f 6406 6408 6557
f 6406 6557 6409
f 6407 6556 6537
f 6407 6537 6421
f 6407 6421 6408
f 6408 6425 6557
f 6408 6421 6420
f 6408 6420 6425
f 6409 6557 6425
f 6410 6419 6558
f 6410 6558 6412
f 6410 6412 6411
f 6412 6558 6559
f 6412 6559 6560
f 6412 6560 6561
f 6412 6561 6562
f 6412 6562 6413
f 6413 6562 6563
f 6413 6563 6414
f 6414 6563 6564
f 6414 6564 6415
f 6415 6564 6565
f 6415 6565 6566
f 6415 6566 6416
f 6416 6566 6418
f 6416 6418 6417
f 6418 6566 6567
f 6418 6567 6428
f 6419 6427 6568
f 6419 6568 6569
f 6419 6569 6697
f 6419 6697 6570
f 6419 6570 6558
f 6421 6536 6422
f 6422 6536 6571
f 6422 6571 6572
f 6422 6572 6423
f 6423 6572 6573
f 6423 6573 6424
f 6424 6573 6426
f 6426 6574 6575
f 6426 6575 6576
f 6426 6576 6427
f 6426 6573 6577
f 6426 6577 6552
f 6426 6552 6551
f 6426 6551 6574
f 6427 6576 6578
f 6427 6578 6579
f 6427 6579 6568
f 6428 6580 6429
f 6428 6567 6580
f 6429 6580 6581
f 6429 6581 6430
f 6430 6581 6582
f 6430 6582 6583
f 6430 6583 6584
f 6430 6584 6431
f 6431 6584 6433
f 6432 6433 6584
f 6436 6585 6586
f 6437 6586 6438
f 6438 6586 6587
f 6438 6587 6439
f 6439 6587 6440
f 6440 6587 6441
f 6441 6587 6588
f 6441 6588 6589
f 6441 6589 6442
f 6442 6589 6466
f 6442 6466 6465
f 6442 6465 6443
f 6443 6465 6464
f 6444 6458 6590
f 6444 6590 6591
f 6444 6591 6592
f 6444 6592 6446
f 6446 6593 6594
f 6446 6594 6595
f 6446 6595 6447
f 6446 6592 6593
f 6447 6595 6448
f 6448 6596 6449
f 6448 6595 6596
f 6449 6597 6598
f 6449 6598 6599
f 6449 6599 6600
f 6449 6600 6601
f 6449 6601 6450
f 6449 6596 6597
f 6450 6601 6451
f 6451 6601 6602
f 6451 6602 6467
f 6453 6603 6604
f 6453 6604 6454
f 6453 6461 6603
f 6454 6604 6455
f 6455 6604 6736
f 6455 6736 6605
f 6455 6605 6606
f 6455 6606 6456
f 6456 6606 6458
f 6456 6458 6457
f 6458 6606 6607
f 6458 6607 6608
f 6458 6608 6590
f 6460 6463 6609
f 6460 6609 6610
f 6460 6610 6461
f 6461 6610 6611
f 6461 6611 6603
f 6462 6612 6463
f 6462 6466 6613
f 6462 6613 6612
f 6463 6612 6614
f 6463 6614 6615
f 6463 6615 6616
f 6463 6616 6617
f 6463 6617 6618
f 6463 6618 6610
f 6463 6610 6609
f 6466 6589 6588
f 6466 6588 6587
f 6466 6587 6613
f 6467 6602 6473
f 6469 6475 6619
f 6469 6619 6470
f 6470 6619 6620
f 6470 6620 6621
f 6470 6621 6622
f 6470 6622 6471
f 6471 6622 6623
f 6471 6623 6624
f 6471 6624 6472
f 6472 6624 6477
f 6472 6477 6476
f 6473 6602 6601
f 6473 6601 6474
f 6474 6619 6475
f 6474 6601 6619
f 6477 6625 6626
f 6477 6626 6478
f 6477 6624 6625
f 6478 6626 6495
f 6478 6495 6479
f 6479 6495 6494
f 6479 6493 6480
f 6482 6484 6628
f 6482 6628 6629
f 6482 6629 6630
f 6482 6630 6627
f 6483 6487 6484
f 6484 6487 6628
f 6485 6491 6631
f 6485 6631 6632
f 6485 6632 6633
f 6485 6633 6634
f 6485 6634 6486
f 6486 6634 6635
f 6486 6635 6636
f 6486 6636 6637
f 6486 6637 6638
f 6486 6638 6639
f 6486 6639 6487
f 6487 6639 6628
f 6488 6640 6641
f 6488 6641 6489
f 6489 6641 6490
f 6490 6641 6491
f 6491 6641 6632
f 6491 6632 6631
f 6492 6495 6640
f 6495 6626 6625
f 6495 6625 6642
f 6495 6642 6640
f 6496 6643 6497
f 6497 6643 6498
f 6498 6644 6645
f 6498 6645 6500
f 6498 6500 6499
f 6498 6643 6646
f 6498 6646 6644
f 6500 6645 6647
f 6500 6647 6501
f 6501 6647 6648
f 6501 6648 6502
f 6502 6649 6503
f 6502 6648 6649
f 6503 6650 6505
f 6503 6649 6650
f 6504 6505 6651
f 6504 6651 6506
f 6505 6650 6651
f 6506 6651 6507
f 6507 6651 6652
f 6507 6652 6508
f 6508 6653 6509
f 6508 6652 6654
f 6508 6654 6655
f 6508 6655 6656
f 6508 6656 6657
f 6508 6657 6658
f 6508 6658 6659
f 6508 6659 6653
f 6509 6653 6660
f 6509 6660 6510
f 6510 6661 6518
f 6510 6660 6653
f 6510 6653 6662
f 6510 6662 6663
f 6510 6663 6664
f 6510 6664 6665
f 6510 6665 6661
f 6511 6517 6666
f 6511 6666 6667
f 6511 6667 6523
f 6511 6523 6522
f 6512 6520 6668
f 6512 6668 6669
f 6512 6669 6513
f 6513 6669 6514
f 6514 6669 6670
f 6514 6670 6671
f 6514 6671 6672
f 6514 6672 6515
f 6515 6672 6673
f 6515 6673 6516
f 6516 6673 6674
f 6516 6674 6517
f 6517 6674 6666
f 6518 6661 6519
f 6519 6675 6520
f 6519 6661 6676
f 6519 6676 6677
f 6519 6677 6675
f 6520 6675 6678
f 6520 6678 6668
f 6523 6667 6666
f 6523 6666 6525
f 6523 6525 6679
f 6524 6679 6525
f 6525 6666 6680
f 6525 6680 6681
f 6525 6681 6682
f 6525 6682 6683
f 6525 6683 6526
f 6526 6530 6529
f 6526 6683 6530
f 6527 6531 6684
f 6527 6684 6540
f 6527 6540 6528
f 6528 6540 6532
f 6530 6683 6531
f 6531 6683 6685
f 6531 6685 6684
f 6532 6686 6534
f 6532 6534 6533
f 6532 6540 6686
f 6534 6686 6540
f 6535 6539 6536
f 6536 6539 6538
f 6536 6538 6571
f 6538 6554 6571
f 6540 6684 6685
f 6540 6685 6687
f 6540 6687 6688
f 6540 6688 6689
f 6540 6689 6541
f 6541 6689 6542
f 6542 6689 6543
f 6543 6689 6688
f 6543 6688 6544
f 6543 6544 6555
f 6544 6690 6545
f 6544 6688 6687
f 6544 6687 6691
f 6544 6691 6690
f 6545 6690 6692
f 6545 6692 6693
f 6545 6693 6694
f 6545 6694 6546
f 6546 6695 6548
f 6546 6548 6547
f 6548 6695 6696
f 6548 6696 6549
f 6549 6696 6550
f 6551 6575 6574
f 6552 6577 6554
f 6552 6554 6553
f 6554 6577 6571
f 6558 6570 6559
f 6559 6570 6697
f 6559 6697 6698
f 6559 6698 6699
f 6559 6699 6700
f 6559 6700 6701
f 6559 6701 6560
f 6560 6701 6702
f 6560 6702 6561
f 6561 6563 6562
f 6561 6702 6563
f 6563 6702 6703
f 6563 6703 6704
f 6563 6704 6705
f 6563 6705 6564
f 6564 6567 6565
f 6564 6705 6581
f 6564 6581 6567
f 6565 6567 6566
f 6567 6581 6580
f 6568 6579 6569
f 6569 6579 6706
f 6569 6706 6697
f 6571 6577 6572
f 6572 6577 6573
f 6575 6707 6576
f 6576 6708 6578
f 6576 6707 6709
f 6576 6709 6710
f 6576 6710 6708
f 6578 6708 6579
f 6579 6711 6706
f 6579 6708 6711
f 6581 6705 6712
f 6581 6712 6582
f 6582 6712 6713
f 6582 6713 6714
f 6582 6714 6715
f 6582 6715 6583
f 6583 6715 6584
f 6585 6716 6586
f 6586 6717 6718
f 6586 6718 6719
f 6586 6719 6587
f 6586 6716 6717
f 6587 6719 6720
f 6587 6720 6721
f 6587 6721 6722
f 6587 6722 6723
f 6587 6723 6613
f 6590 6608 6724
f 6590 6724 6725
f 6590 6725 6591
f 6591 6725 6726
f 6591 6726 6727
f 6591 6727 6592
f 6592 6727 6728
f 6592 6728 6593
f 6593 6728 6729
f 6593 6729 6730
f 6593 6730 6594
f 6594 6730 6596
f 6594 6596 6595
f 6596 6730 6597
f 6597 6730 6731
f 6597 6731 6732
f 6597 6732 6598
f 6598 6732 6733
f 6598 6733 6599
f 6599 6733 6734
f 6599 6734 6600
f 6600 6734 6735
f 6600 6735 6601
f 6601 6735 6619
f 6603 6611 6604
f 6604 6611 6610
f 6604 6610 6618
f 6604 6618 6736
f 6605 6736 6737
f 6605 6737 6738
f 6605 6738 6607
f 6605 6607 6606
f 6607 6738 6739
f 6607 6739 6740
f 6607 6740 6741
f 6607 6741 6608
f 6608 6741 6742
f 6608 6742 6724
f 6612 6613 6614
f 6613 6723 6615
f 6613 6615 6614
f 6615 6723 6722
f 6615 6722 6721
f 6615 6721 6616
f 6616 6743 6617
f 6616 6721 6744
f 6616 6744 6745
f 6616 6745 6743
f 6617 6746 6747
f 6617 6747 6618
f 6617 6743 6746
f 6618 6747 6746
f 6618 6746 6748
f 6618 6748 6736
f 6619 6735 6749
f 6619 6749 6620
f 6620 6749 6750
f 6620 6750 6621
f 6621 6751 6753
f 6621 6753 6622
f 6621 6750 6752
f 6621 6752 6897
f 6621 6897 6751
f 6622 6753 6623
f 6623 6753 6754
f 6623 6754 6755
f 6623 6755 6624
f 6624 6755 6756
f 6624 6756 6757
f 6624 6757 6625
f 6625 6757 6642
f 6627 6630 6758
f 6628 6639 6759
f 6628 6759 6629
f 6629 6759 6630
f 6630 6759 6637
f 6630 6637 6760
f 6630 6760 6761
f 6630 6761 6762
f 6630 6762 6763
f 6630 6763 6764
f 6630 6764 6758
f 6632 6641 6765
f 6632 6765 6633
f 6633 6766 6767
f 6633 6767 6768
f 6633 6768 6634
f 6633 6765 6769
f 6633 6769 6770
f 6633 6770 6771
f 6633 6771 6766
f 6634 6768 6772
f 6634 6772 6773
f 6634 6773 6774
f 6634 6774 6635
f 6635 6774 6636
f 6636 6775 6637
f 6636 6774 6773
f 6636 6773 6775
f 6637 6759 6638
f 6637 6775 6776
f 6637 6776 6777
f 6637 6777 6760
f 6638 6759 6639
f 6640 6642 6641
f 6641 6778 6765
f 6641 6642 6779
f 6641 6779 6780
f 6641 6780 6781
f 6641 6781 6782
f 6641 6782 6778
f 6642 6757 6783
f 6642 6783 6779
f 6644 6784 6785
f 6644 6785 6786
f 6644 6786 6787
f 6644 6787 6788
f 6644 6788 6789
f 6644 6789 6790
f 6644 6790 6645
f 6644 6646 6791
f 6644 6791 6792
f 6644 6792 6784
f 6645 6790 6925
f 6645 6925 6793
f 6645 6793 6647
f 6647 6793 6794
f 6647 6794 6648
f 6648 6794 6649
f 6649 6794 6795
f 6649 6795 6796
f 6649 6796 6797
f 6649 6797 6798
f 6649 6798 6799
f 6649 6799 6800
f 6649 6800 6801
f 6649 6801 6802
f 6649 6802 6803
f 6649 6803 6804
f 6649 6804 6805
f 6649 6805 6650
f 6650 6805 6806
f 6650 6806 6807
f 6650 6807 6808
f 6650 6808 6809
f 6650 6809 6810
f 6650 6810 6811
f 6650 6811 6651
f 6651 6811 6812
f 6651 6812 6813
f 6651 6813 6814
f 6651 6814 6652
f 6652 6814 6815
f 6652 6815 6816
f 6653 6659 6817
f 6653 6817 6662
f 6656 6818 6819
f 6656 6819 6659
f 6656 6659 6658
f 6656 6658 6657
f 6659 6819 6820
f 6659 6820 6821
f 6659 6821 6817
f 6661 6665 6676
f 6662 6817 6822
f 6662 6822 6823
f 6662 6823 6824
f 6662 6824 6664
f 6662 6664 6663
f 6664 6824 6825
f 6664 6825 6665
f 6665 6825 6826
f 6665 6826 6827
f 6665 6827 6828
f 6665 6828 6829
f 6665 6829 6830
f 6665 6830 6831
f 6665 6831 6832
f 6665 6832 6833
f 6665 6833 6834
f 6665 6834 6676
f 6666 6674 6680
f 6668 6678 6670
f 6668 6670 6669
f 6670 6678 6675
f 6670 6675 6832
f 6670 6832 6831
f 6670 6831 6830
f 6670 6830 6671
f 6671 6830 6672
f 6672 6835 6673
f 6672 6830 6836
f 6672 6836 6835
f 6673 6835 6674
f 6674 6835 6680
f 6675 6677 6837
f 6675 6837 6832
f 6676 6834 6837
f 6676 6837 6677
f 6680 6835 6836
f 6680 6836 6681
f 6681 6836 6838
f 6681 6838 6682
f 6682 6838 6839
f 6682 6839 6840
f 6682 6840 6841
f 6682 6841 6683
f 6683 6841 6840
f 6683 6840 6842
f 6683 6842 6843
f 6683 6843 6844
f 6683 6844 6845
f 6683 6845 6846
f 6683 6846 6685
f 6685 6846 6687
f 6687 6846 6690
f 6687 6690 6691
f 6690 6846 6692
f 6692 6846 6693
f 6693 6846 6847
f 6693 6847 6694
f 6697 6706 6848
f 6697 6848 6849
f 6697 6849 6698
f 6698 6849 6850
f 6698 6850 6851
f 6698 6851 6700
f 6698 6700 6699
f 6700 6851 6852
f 6700 6852 6702
f 6700 6702 6701
f 6702 6852 6703
f 6703 6852 6853
f 6703 6853 6854
f 6703 6854 6855
f 6703 6855 6856
f 6703 6856 6704
f 6704 6856 6705
f 6705 6856 6712
f 6706 6711 6857
f 6706 6857 6858
f 6706 6858 6848
f 6708 6710 6711
f 6710 6857 6711
f 6712 6855 6854
f 6712 6854 6859
f 6712 6859 6713
f 6712 6856 6855
f 6716 6860 6861
f 6716 6861 6717
f 6717 6861 6862
f 6717 6862 6718
f 6718 6863 6864
f 6718 6864 6720
f 6718 6720 6719
f 6718 6862 6863
f 6720 6864 6745
f 6720 6745 6744
f 6720 6744 6721
f 6724 6865 6725
f 6724 6742 6865
f 6725 6866 6726
f 6725 6865 6867
f 6725 6867 6868
f 6725 6868 6869
f 6725 6869 6866
f 6726 6866 6870
f 6726 6870 6728
f 6726 6728 6727
f 6728 6871 6872
f 6728 6872 6729
f 6728 6870 6871
f 6729 6873 6874
f 6729 6874 6875
f 6729 6875 6730
f 6729 6872 6873
f 6730 6875 6731
f 6731 6875 6876
f 6731 6876 6877
f 6731 6877 6878
f 6731 6878 6732
f 6732 6878 6879
f 6732 6879 6733
f 6733 6879 6880
f 6733 6880 6881
f 6733 6881 6734
f 6734 6881 6752
f 6734 6752 6750
f 6734 6750 6735
f 6735 6750 6749
f 6736 6748 6882
f 6736 6882 6739
f 6736 6739 6737
f 6737 6739 6738
f 6739 6883 6884
f 6739 6884 6740
f 6739 6882 6885
f 6739 6885 6883
f 6740 6884 6883
f 6740 6883 6886
f 6740 6886 6887
f 6740 6887 6888
f 6740 6888 6741
f 6741 6888 6742
f 6742 6888 6865
f 6743 6745 6889
f 6743 6889 6746
f 6745 6864 6863
f 6745 6863 6890
f 6745 6890 6889
f 6746 6889 6891
f 6746 6891 6748
f 6748 6892 6893
f 6748 6893 6894
f 6748 6894 6895
f 6748 6895 6882
f 6748 6891 6892
f 6751 6896 6898
f 6751 6898 6753
f 6751 6897 6878
f 6751 6878 6896
f 6752 6881 6880
f 6752 6880 6897
f 6753 6898 6754
f 6754 6899 6900
f 6754 6900 6755
f 6754 6898 6899
f 6755 6900 6901
f 6755 6901 6902
f 6755 6902 6781
f 6755 6781 6756
f 6756 6781 6783
f 6756 6783 6757
f 6760 6903 6761
f 6760 6777 6904
f 6760 6904 6903
f 6761 6903 6905
f 6761 6905 6762
f 6762 6905 6906
f 6762 6906 6907
f 6762 6907 6763
f 6763 6907 6764
f 6764 6907 6908
f 6765 6778 6909
f 6765 6909 6769
f 6766 6910 6911
f 6766 6911 6767
f 6766 6771 6912
f 6766 6912 6913
f 6766 6913 6914
f 6766 6914 6910
f 6767 6911 6915
f 6767 6915 6904
f 6767 6904 6777
f 6767 6777 6776
f 6767 6776 6773
f 6767 6773 6772
f 6767 6772 6768
f 6769 6909 6770
f 6770 6909 6916
f 6770 6916 6771
f 6771 6916 6912
f 6773 6776 6775
f 6778 6782 6781
f 6778 6781 6909
f 6779 6783 6781
f 6779 6781 6780
f 6781 6902 6901
f 6781 6901 6917
f 6781 6917 6909
f 6784 6792 6785
f 6785 6792 6918
f 6785 6918 6919
f 6785 6919 6920
f 6785 6920 6786
f 6786 6788 6787
f 6786 6920 6921
f 6786 6921 6922
f 6786 6922 6788
f 6788 6922 6923
f 6788 6923 6924
f 6788 6924 6789
f 6789 6924 6790
f 6790 6924 6925
f 6792 6926 6919
f 6792 6919 6918
f 6793 6927 6794
f 6793 6925 6928
f 6793 6928 6927
f 6794 6929 6930
f 6794 6930 6795
f 6794 6927 6929
f 6795 6930 6796
f 6796 6930 6931
f 6796 6931 6797
f 6797 6931 6798
f 6798 6931 6932
f 6798 6932 6800
f 6798 6800 6799
f 6800 6932 6801
f 6801 6932 6933
f 6801 6933 6802
f 6802 6933 6934
f 6802 6934 6803
f 6803 6934 6935
f 6803 6935 6804
f 6804 6935 6936
f 6804 6936 6805
f 6805 6936 6806
f 6806 6936 6937
f 6806 6937 6807
f 6807 6937 6808
f 6808 6937 6938
f 6808 6938 6939
f 6808 6939 6810
f 6808 6810 6809
f 6810 6939 6811
f 6811 6939 6940
f 6811 6940 6814
f 6811 6814 6813
f 6811 6813 6812
f 6814 6940 6815
f 6815 6940 6928
f 6815 6928 6816
f 6816 6928 6941
f 6816 6941 6942
f 6816 6942 6943
f 6817 6821 6944
f 6817 6944 6822
f 6818 6945 6821
f 6818 6821 6820
f 6818 6820 6819
f 6821 6945 6944
f 6822 6944 6946
f 6822 6946 6947
f 6822 6947 6826
f 6822 6826 6948
f 6822 6948 6823
f 6823 6948 6824
f 6824 6948 6826
f 6824 6826 6825
f 6826 6947 6827
f 6827 6947 6828
f 6828 6947 6949
f 6828 6949 6950
f 6828 6950 6951
f 6828 6951 6952
f 6828 6952 6953
f 6828 6953 6836
f 6828 6836 6954
f 6828 6954 6830
f 6828 6830 6829
f 6830 6954 6836
f 6832 6837 6834
f 6832 6834 6833
f 6836 6953 6955
f 6836 6955 6838
f 6838 6955 6840
f 6838 6840 6839
f 6840 6955 6842
f 6842 6955 6843
f 6843 6955 6956
f 6845 6847 6846
f 6848 6957 6849
f 6848 6858 6958
f 6848 6958 6959
f 6848 6959 6960
f 6848 6960 6957
f 6849 6957 6961
f 6849 6961 6850
f 6850 6962 6851
f 6850 6961 6963
f 6850 6963 6962
f 6851 6962 6852
f 6852 6962 6964
f 6852 6964 6965
f 6852 6965 6853
f 6853 6965 6966
f 6853 6966 6854
f 6854 6966 6859
f 6857 6967 6858
f 6858 6967 6958
f 6860 6968 6969
f 6860 6969 6970
f 6860 6970 6971
f 6860 6971 6861
f 6861 6971 6972
f 6861 6972 6862
f 6862 6972 6973
f 6862 6973 6863
f 6863 6973 6890
f 6865 6974 6975
f 6865 6975 6868
f 6865 6868 6867
f 6865 6888 6887
f 6865 6887 6974
f 6866 6869 6976
f 6866 6976 6871
f 6866 6871 6870
f 6868 6975 6977
f 6868 6977 6978
f 6868 6978 6869
f 6869 6979 6980
f 6869 6980 6981
f 6869 6981 6976
f 6869 6978 6979
f 6871 6976 6981
f 6871 6981 6982
f 6871 6982 6983
f 6871 6983 6873
f 6871 6873 6872
f 6873 6983 6984
f 6873 6984 6874
f 6874 6984 6875
f 6875 6984 6876
f 6876 6984 6877
f 6877 6985 6878
f 6877 6984 6985
f 6878 6897 6880
f 6878 6880 6879
f 6878 6985 6986
f 6878 6986 6987
f 6878 6987 6988
f 6878 6988 6989
f 6878 6989 6896
f 6882 6895 6885
f 6883 6885 6895
f 6883 6895 6990
f 6883 6990 6991
f 6883 6991 6992
f 6883 6992 6886
f 6886 6992 6993
f 6886 6993 6994
f 6886 6994 6995
f 6886 6995 6887
f 6887 6995 6974
f 6889 6890 6996
f 6889 6996 6891
f 6890 6997 6998
f 6890 6998 6999
f 6890 6999 7000
f 6890 7000 6996
f 6890 6973 6997
f 6891 6996 7001
f 6891 7001 6893
f 6891 6893 6892
f 6893 7002 6894
f 6893 7001 7003
f 6893 7003 7004
f 6893 7004 7002
f 6894 7002 7005
f 6894 7005 7006
f 6894 7006 6990
f 6894 6990 6895
f 6896 6989 6898
f 6898 6989 6988
f 6898 6988 7007
f 6898 7007 7008
f 6898 7008 7009
f 6898 7009 6899
f 6899 7009 6900
f 6900 7009 7010
f 6900 7010 7011
f 6900 7011 6901
f 6901 7011 6917
f 6903 6904 6915
f 6903 6915 7012
f 6903 7012 7013
f 6903 7013 7014
f 6903 7014 7015
f 6903 7015 7016
f 6903 7016 6905
f 6905 7017 7018
f 6905 7018 7019
f 6905 7019 7020
f 6905 7020 6906
f 6905 7016 7017
f 6906 7020 6907
f 6907 7020 7021
f 6907 7021 7022
f 6907 7022 7023
f 6907 7023 6908
f 6909 6917 6916
f 6910 6914 7024
f 6910 7024 6911
f 6911 7012 6915
f 6911 7024 7012
f 6912 6916 7025
f 6912 7025 7026
f 6912 7026 6913
f 6913 7026 7027
f 6913 7027 7028
f 6913 7028 7029
f 6913 7029 7030
f 6913 7030 7024
f 6913 7024 6914
f 6916 7026 7025
f 6916 6917 7031
f 6916 7031 7026
f 6917 7011 7032
f 6917 7032 7031
f 6919 7033 7034
f 6919 7034 6920
f 6919 6926 7035
f 6919 7035 7033
f 6920 7034 7036
f 6920 7036 6921
f 6921 7036 7037
f 6921 7037 7038
f 6921 7038 7039
f 6921 7039 7040
f 6921 7040 6922
f 6922 7040 7039
f 6922 7039 6923
f 6923 7039 7041
f 6923 7041 7042
f 6923 7042 7043
f 6923 7043 6924
f 6924 7043 6925
f 6925 7043 7044
f 6925 7044 6928
f 6927 6928 6929
f 6928 6940 6939
f 6928 6939 6938
f 6928 6938 6936
f 6928 6936 6935
f 6928 6935 6934
f 6928 6934 6933
f 6928 6933 7045
f 6928 7045 6929
f 6928 7044 7046
f 6928 7046 7047
f 6928 7047 7048
f 6928 7048 7049
f 6928 7049 7050
f 6928 7050 7051
f 6928 7051 7148
f 6928 7148 7241
f 6928 7241 7149
f 6928 7149 7052
f 6928 7052 6943
f 6928 6943 6942
f 6928 6942 6941
f 6929 7045 6931
f 6929 6931 6930
f 6931 7045 6932
f 6932 7045 6933
f 6936 6938 6937
f 6951 6956 6952
f 6952 6956 6955
f 6952 6955 6953
f 6957 6960 6961
f 6962 6963 6964
f 6963 7053 6964
f 6964 7053 7054
f 6964 7054 6965
f 6965 7054 7055
f 6965 7055 6966
f 6968 7056 6969
f 6969 7056 7057
f 6969 7057 7058
f 6969 7058 6970
f 6970 7058 6971
f 6971 7058 6972
f 6972 7058 7059
f 6972 7059 7060
f 6972 7060 7061
f 6972 7061 7062
f 6972 7062 7063
f 6972 7063 7064
f 6972 7064 6973
f 6973 7064 6997
f 6974 6995 6975
f 6975 6995 6977
f 6977 6995 7065
f 6977 7065 7066
f 6977 7066 6978
f 6978 7066 6979
f 6979 7066 6980
f 6980 7066 7067
f 6980 7067 7068
f 6980 7068 7069
f 6980 7069 7070
f 6980 7070 7071
f 6980 7071 7072
f 6980 7072 7073
f 6980 7073 7074
f 6980 7074 7075
f 6980 7075 7076
f 6980 7076 6981
f 6981 7077 6982
f 6981 7076 7078
f 6981 7078 7077
f 6982 7077 6983
f 6983 7077 6984
f 6984 7077 7078
f 6984 7078 6985
f 6985 7078 7076
f 6985 7076 7075
f 6985 7075 7074
f 6985 7074 7079
f 6985 7079 6986
f 6986 7079 7080
f 6986 7080 7007
f 6986 7007 6987
f 6987 7007 6988
f 6990 7006 6991
f 6991 7006 7081
f 6991 7081 7065
f 6991 7065 6992
f 6992 7065 6993
f 6993 7065 6994
f 6994 7065 6995
f 6996 7000 6999
f 6996 6999 7082
f 6996 7082 7003
f 6996 7003 7001
f 6997 7064 7063
f 6997 7063 7062
f 6997 7062 7061
f 6997 7061 7083
f 6997 7083 7082
f 6997 7082 6998
f 6998 7082 6999
f 7002 7004 7005
f 7003 7082 7083
f 7003 7083 7061
f 7003 7061 7084
f 7003 7084 7004
f 7004 7084 7005
f 7005 7085 7006
f 7005 7084 7086
f 7005 7086 7085
f 7006 7085 7087
f 7006 7087 7088
f 7006 7088 7089
f 7006 7089 7081
f 7007 7080 7090
f 7007 7090 7091
f 7007 7091 7008
f 7008 7091 7092
f 7008 7092 7093
f 7008 7093 7094
f 7008 7094 7095
f 7008 7095 7096
f 7008 7096 7009
f 7009 7096 7010
f 7010 7096 7095
f 7010 7095 7097
f 7010 7097 7098
f 7010 7098 7028
f 7010 7028 7099
f 7010 7099 7011
f 7011 7099 7032
f 7012 7024 7100
f 7012 7100 7013
f 7013 7100 7101
f 7013 7101 7014
f 7014 7101 7015
f 7015 7101 7102
f 7015 7102 7103
f 7015 7103 7104
f 7015 7104 7016
f 7016 7104 7017
f 7017 7104 7105
f 7017 7105 7018
f 7018 7106 7107
f 7018 7107 7108
f 7018 7108 7109
f 7018 7109 7110
f 7018 7110 7111
f 7018 7111 7112
f 7018 7112 7019
f 7018 7105 7106
f 7019 7113 7021
f 7019 7021 7020
f 7019 7112 7114
f 7019 7114 7113
f 7021 7113 7022
f 7022 7113 7115
f 7022 7115 7116
f 7022 7116 7023
f 7024 7030 7117
f 7024 7117 7100
f 7026 7031 7118
f 7026 7118 7027
f 7027 7118 7028
f 7028 7118 7031
f 7028 7031 7032
f 7028 7032 7099
f 7028 7098 7119
f 7028 7119 7120
f 7028 7120 7029
f 7029 7120 7117
f 7029 7117 7030
f 7033 7121 7122
f 7033 7122 7123
f 7033 7123 7124
f 7033 7124 7125
f 7033 7125 7034
f 7033 7035 7126
f 7033 7126 7127
f 7033 7127 7121
f 7034 7125 7128
f 7034 7128 7129
f 7034 7129 7130
f 7034 7130 7036
f 7036 7130 7129
f 7036 7129 7037
f 7037 7129 7131
f 7037 7131 7132
f 7037 7132 7038
f 7038 7133 7039
f 7038 7132 7133
f 7039 7133 7132
f 7039 7132 7134
f 7039 7134 7135
f 7039 7135 7136
f 7039 7136 7041
f 7041 7136 7137
f 7041 7137 7042
f 7042 7137 7138
f 7042 7138 7139
f 7042 7139 7043
f 7043 7139 7047
f 7043 7047 7046
f 7043 7046 7044
f 7047 7139 7140
f 7047 7140 7048
f 7048 7140 7141
f 7048 7141 7142
f 7048 7142 7049
f 7049 7142 7230
f 7049 7230 7143
f 7049 7143 7050
f 7050 7144 7145
f 7050 7145 7051
f 7050 7143 7144
f 7051 7145 7146
f 7051 7146 7147
f 7051 7147 7148
f 7052 7149 7150
f 7057 7151 7152
f 7057 7152 7059
f 7057 7059 7058
f 7059 7152 7153
f 7059 7153 7060
f 7060 7153 7154
f 7060 7154 7061
f 7061 7154 7086
f 7061 7086 7084
f 7065 7081 7155
f 7065 7155 7156
f 7065 7156 7157
f 7065 7157 7158
f 7065 7158 7066
f 7066 7158 7067
f 7067 7158 7159
f 7067 7159 7160
f 7067 7160 7068
f 7068 7160 7161
f 7068 7161 7069
f 7069 7161 7070
f 7070 7162 7163
f 7070 7163 7071
f 7070 7161 7164
f 7070 7164 7165
f 7070 7165 7166
f 7070 7166 7167
f 7070 7167 7168
f 7070 7168 7169
f 7070 7169 7170
f 7070 7170 7171
f 7070 7171 7162
f 7071 7163 7172
f 7071 7172 7072
f 7072 7172 7173
f 7072 7173 7174
f 7072 7174 7073
f 7073 7079 7074
f 7073 7174 7079
f 7079 7174 7093
f 7079 7093 7080
f 7080 7093 7090
f 7081 7089 7155
f 7085 7086 7153
f 7085 7153 7175
f 7085 7175 7087
f 7086 7154 7153
f 7087 7176 7088
f 7087 7175 7177
f 7087 7177 7176
f 7088 7176 7178
f 7088 7178 7089
f 7089 7178 7156
f 7089 7156 7155
f 7090 7093 7092
f 7090 7092 7091
f 7093 7174 7173
f 7093 7173 7179
f 7093 7179 7094
f 7094 7179 7180
f 7094 7180 7095
f 7095 7180 7119
f 7095 7119 7097
f 7097 7119 7098
f 7100 7117 7181
f 7100 7181 7182
f 7100 7182 7183
f 7100 7183 7101
f 7101 7183 7184
f 7101 7184 7185
f 7101 7185 7102
f 7102 7186 7187
f 7102 7187 7188
f 7102 7188 7189
f 7102 7189 7190
f 7102 7190 7103
f 7102 7185 7191
f 7102 7191 7192
f 7102 7192 7186
f 7103 7190 7193
f 7103 7193 7194
f 7103 7194 7195
f 7103 7195 7196
f 7103 7196 7104
f 7104 7196 7105
f 7105 7196 7106
f 7106 7196 7107
f 7107 7196 7197
f 7107 7197 7198
f 7107 7198 7108
f 7108 7198 7199
f 7108 7199 7200
f 7108 7200 7131
f 7108 7131 7109
f 7109 7201 7202
f 7109 7202 7110
f 7109 7131 7129
f 7109 7129 7128
f 7109 7128 7203
f 7109 7203 7201
f 7110 7204 7205
f 7110 7205 7111
f 7110 7202 7204
f 7111 7205 7112
f 7112 7206 7114
f 7112 7205 7206
f 7113 7207 7115
f 7113 7114 7206
f 7113 7206 7207
f 7117 7120 7119
f 7117 7119 7180
f 7117 7180 7208
f 7117 7208 7209
f 7117 7209 7181
f 7123 7210 7124
f 7124 7211 7212
f 7124 7212 7213
f 7124 7213 7203
f 7124 7203 7128
f 7124 7128 7125
f 7124 7210 7214
f 7124 7214 7215
f 7124 7215 7216
f 7124 7216 7217
f 7124 7217 7218
f 7124 7218 7211
f 7131 7219 7132
f 7131 7200 7220
f 7131 7220 7219
f 7132 7219 7134
f 7134 7219 7221
f 7134 7221 7135
f 7135 7221 7197
f 7135 7197 7222
f 7135 7222 7223
f 7135 7223 7224
f 7135 7224 7136
f 7136 7224 7137
f 7137 7224 7225
f 7137 7225 7138
f 7138 7225 7140
f 7138 7140 7139
f 7140 7226 7141
f 7140 7225 7226
f 7141 7227 7228
f 7141 7228 7229
f 7141 7229 7142
f 7141 7226 7227
f 7142 7229 7230
f 7143 7230 7231
f 7143 7231 7144
f 7144 7231 7232
f 7144 7232 7233
f 7144 7233 7234
f 7144 7234 7145
f 7145 7234 7235
f 7145 7235 7146
f 7146 7236 7237
f 7146 7237 7147
f 7146 7235 7238
f 7146 7238 7316
f 7146 7316 7236
f 7147 7237 7148
f 7148 7237 7239
f 7148 7239 7240
f 7148 7240 7241
f 7149 7241 7242
f 7149 7242 7150
f 7150 7242 7243
f 7150 7243 7244
f 7150 7244 7245
f 7150 7245 7246
f 7151 7247 7153
f 7151 7153 7152
f 7153 7247 7248
f 7153 7248 7249
f 7153 7249 7250
f 7153 7250 7251
f 7153 7251 7175
f 7156 7178 7252
f 7156 7252 7253
f 7156 7253 7159
f 7156 7159 7157
f 7157 7159 7158
f 7159 7253 7254
f 7159 7254 7161
f 7159 7161 7160
f 7161 7254 7255
f 7161 7255 7164
f 7162 7172 7163
f 7162 7171 7173
f 7162 7173 7172
f 7164 7255 7165
f 7165 7256 7257
f 7165 7257 7258
f 7165 7258 7259
f 7165 7259 7166
f 7165 7255 7256
f 7166 7259 7260
f 7166 7260 7167
f 7167 7260 7261
f 7167 7261 7262
f 7167 7262 7234
f 7167 7234 7233
f 7167 7233 7263
f 7167 7263 7169
f 7167 7169 7168
f 7169 7263 7264
f 7169 7264 7170
f 7170 7264 7171
f 7171 7264 7265
f 7171 7265 7266
f 7171 7266 7173
f 7173 7266 7179
f 7175 7251 7268
f 7175 7268 7267
f 7175 7267 7176
f 7175 7176 7177
f 7176 7267 7268
f 7176 7268 7269
f 7176 7269 7270
f 7176 7270 7271
f 7176 7271 7272
f 7176 7272 7178
f 7178 7272 7252
f 7179 7265 7273
f 7179 7273 7274
f 7179 7274 7180
f 7179 7266 7265
f 7180 7274 7208
f 7181 7209 7184
f 7181 7184 7182
f 7182 7184 7183
f 7184 7275 7276
f 7184 7276 7277
f 7184 7277 7278
f 7184 7278 7185
f 7184 7209 7279
f 7184 7279 7265
f 7184 7265 7280
f 7184 7280 7281
f 7184 7281 7275
f 7185 7278 7282
f 7185 7282 7191
f 7186 7283 7284
f 7186 7284 7187
f 7186 7192 7282
f 7186 7282 7283
f 7187 7284 7285
f 7187 7285 7286
f 7187 7286 7189
f 7187 7189 7188
f 7189 7286 7287
f 7189 7287 7193
f 7189 7193 7190
f 7191 7282 7192
f 7193 7287 7288
f 7193 7288 7194
f 7194 7289 7195
f 7194 7288 7290
f 7194 7290 7292
f 7194 7292 7289
f 7195 7289 7291
f 7195 7291 7196
f 7196 7291 7292
f 7196 7292 7222
f 7196 7222 7293
f 7196 7293 7197
f 7197 7199 7198
f 7197 7293 7222
f 7197 7221 7219
f 7197 7219 7199
f 7199 7220 7200
f 7199 7219 7220
f 7201 7203 7294
f 7201 7294 7295
f 7201 7295 7296
f 7201 7296 7297
f 7201 7297 7298
f 7201 7298 7299
f 7201 7299 7300
f 7201 7300 7301
f 7201 7301 7302
f 7201 7302 7303
f 7201 7303 7304
f 7201 7304 7204
f 7201 7204 7202
f 7203 7213 7305
f 7203 7305 7306
f 7203 7306 7294
f 7204 7304 7307
f 7204 7307 7205
f 7205 7307 7207
f 7205 7207 7206
f 7208 7274 7209
f 7209 7274 7273
f 7209 7273 7279
f 7222 7292 7290
f 7222 7290 7223
f 7223 7290 7288
f 7223 7288 7225
f 7223 7225 7224
f 7225 7288 7226
f 7226 7288 7285
f 7226 7285 7227
f 7227 7285 7308
f 7227 7308 7228
f 7228 7308 7309
f 7228 7309 7229
f 7229 7309 7310
f 7229 7310 7231
f 7229 7231 7230
f 7231 7311 7232
f 7231 7310 7311
f 7232 7312 7313
f 7232 7313 7233
f 7232 7311 7314
f 7232 7314 7312
f 7233 7313 7315
f 7233 7315 7263
f 7234 7262 7316
f 7234 7316 7238
f 7234 7238 7235
f 7236 7316 7317
f 7236 7317 7237
f 7237 7317 7318
f 7237 7318 7239
f 7239 7318 7355
f 7239 7355 7319
f 7239 7319 7320
f 7239 7320 7240
f 7240 7320 7241
f 7241 7320 7243
f 7241 7243 7242
f 7243 7320 7244
f 7244 7321 7322
f 7244 7322 7245
f 7244 7320 7319
f 7244 7319 7321
f 7245 7322 7323
f 7245 7323 7246
f 7247 7324 7325
f 7247 7325 7326
f 7247 7326 7248
f 7248 7326 7327
f 7248 7327 7249
f 7249 7327 7328
f 7249 7328 7269
f 7249 7269 7250
f 7250 7269 7251
f 7251 7269 7268
f 7252 7329 7330
f 7252 7330 7253
f 7252 7272 7329
f 7253 7331 7332
f 7253 7332 7333
f 7253 7333 7254
f 7253 7330 7331
f 7254 7333 7334
f 7254 7334 7256
f 7254 7256 7255
f 7256 7334 7257
f 7257 7335 7258
f 7257 7334 7336
f 7257 7336 7337
f 7257 7337 7335
f 7258 7335 7316
f 7258 7316 7261
f 7258 7261 7260
f 7258 7260 7259
f 7261 7316 7262
f 7263 7315 7264
f 7264 7315 7338
f 7264 7338 7339
f 7264 7339 7265
f 7265 7339 7280
f 7265 7279 7273
f 7269 7328 7340
f 7269 7340 7341
f 7269 7341 7270
f 7270 7342 7271
f 7270 7341 7343
f 7270 7343 7342
f 7271 7344 7345
f 7271 7345 7272
f 7271 7342 7344
f 7272 7345 7346
f 7272 7346 7347
f 7272 7347 7348
f 7272 7348 7329
f 7275 7281 7349
f 7275 7349 7276
f 7276 7349 7350
f 7276 7350 7277
f 7277 7351 7278
f 7277 7350 7308
f 7277 7308 7283
f 7277 7283 7351
f 7278 7351 7282
f 7280 7339 7352
f 7280 7352 7281
f 7281 7352 7311
f 7281 7311 7349
f 7282 7351 7283
f 7283 7285 7284
f 7283 7308 7285
f 7285 7288 7287
f 7285 7287 7286
f 7289 7292 7291
f 7308 7350 7309
f 7309 7350 7349
f 7309 7349 7311
f 7309 7311 7310
f 7311 7352 7314
f 7312 7314 7339
f 7312 7339 7338
f 7312 7338 7313
f 7313 7338 7315
f 7314 7352 7339
f 7316 7335 7317
f 7317 7335 7337
f 7317 7337 7353
f 7317 7353 7318
f 7318 7353 7354
f 7318 7354 7355
f 7319 7355 7321
f 7321 7356 7322
f 7321 7355 7356
f 7322 7356 7357
f 7322 7357 7358
f 7322 7358 7359
f 7322 7359 7323
f 7323 7359 7360
f 7324 7361 7325
f 7325 7361 7362
f 7325 7362 7326
f 7326 7362 7327
f 7327 7362 7328
f 7328 7363 7358
f 7328 7358 7364
f 7328 7364 7340
f 7328 7362 7365
f 7328 7365 7363
f 7329 7366 7330
f 7329 7348 7366
f 7330 7366 7367
f 7330 7367 7331
f 7331 7367 7368
f 7331 7368 7332
f 7332 7334 7333
f 7332 7368 7369
f 7332 7369 7337
f 7332 7337 7336
f 7332 7336 7334
f 7337 7369 7353
f 7340 7364 7341
f 7341 7364 7343
f 7342 7343 7370
f 7342 7370 7371
f 7342 7371 7372
f 7342 7372 7344
f 7343 7373 7357
f 7343 7357 7374
f 7343 7374 7370
f 7343 7364 7373
f 7344 7372 7375
f 7344 7375 7347
f 7344 7347 7346
f 7344 7346 7345
f 7347 7375 7354
f 7347 7354 7376
f 7347 7376 7348
f 7348 7376 7377
f 7348 7377 7366
f 7353 7369 7354
f 7354 7369 7376
f 7354 7375 7374
f 7354 7374 7355
f 7355 7374 7356
f 7356 7374 7357
f 7357 7373 7358
f 7358 7363 7359
f 7358 7373 7364
f 7359 7363 7365
f 7359 7365 7360
f 7360 7365 7378
f 7361 7378 7362
f 7362 7378 7365
f 7366 7377 7367
f 7367 7377 7368
f 7368 7377 7369
f 7369 7377 7376
f 7370 7374 7371
f 7371 7374 7372
f 7372 7374 7375
o convex_2
v -0.0291634 -0.00416962 0.000383064
v -0.0291605 -0.00416962 0.000736275
v -0.028938 -0.000130303 0.000545428
v -0.0289438 -0.000246235 0.000383064
v -2.92788e-05 -0.00416962 0.000383064
v -0.0291263 -0.00416962 0.00164494
v -0.0289038 -0.000316525 0.00114645
v -0.028148 4.268e-05 0.00615976
v -0.0282108 9.79052e-05 0.00525395
v -0.0282621 0.000124835 0.00435098
v -0.0283163 0.000142178 0.00344802
v -0.0285445 0.000120727 0.00080179
v -0.0288297 -5.49949e-05 0.000383064
v -0.0289352 -0.000132587 0.000383064
v -0.0290749 -0.00416962 0.0024539
v -2.92788e-05 -0.00150321 0.000383064
v -2.92788e-05 -0.00416962 0.0294745
v -0.0290093 -0.00416962 0.00311475
v -0.028938 -0.00416962 0.00381547
v -0.0287612 -0.00416962 0.00539352
v -0.0284247 -0.000645144 0.00525395
v -0.0282992 -0.000645144 0.00615976
v -0.0280767 -6.18419e-05 0.00682631
v -0.0272724 4.86111e-05 0.00886866
v -0.0274264 0.000134876 0.00796569
v -0.0275519 0.000387733 0.00615976
v -0.0275519 0.000442958 0.00525395
v -0.0283676 0.000150394 0.0025422
v -0.0285045 0.000156783 0.000383064
v -2.92788e-05 0.00049271 0.027848
v -0.0275519 0.000447979 0.000383064
v -0.000442832 -0.00416962 0.029483
v -2.92788e-05 -0.000645144 0.028976
v -0.0286557 -0.00416962 0.00621104
v -0.0285359 -0.00416962 0.00707127
v -0.0283847 -0.00416962 0.00791157
v -0.0281965 -0.00416962 0.00852969
v -0.0275234 -0.00416962 0.0106603
v -0.027164 -7.78171e-05 0.00950102
v -0.0263512 3.08124e-05 0.0115804
v -0.0265052 0.000130311 0.0106774
v -0.0266478 0.000393667 0.00886866
v -0.0266478 0.000455739 0.00796569
v -0.0275519 0.000469888 0.00435098
v -0.0275519 0.000486776 0.00344802
v -0.000442832 0.000493165 0.027848
v -0.000442832 0.000150852 0.0286399
v -2.92788e-05 0.000150394 0.028637
v -0.000442832 -0.000645144 0.0289817
v -0.00134409 -0.000645144 0.0289475
v -0.00101895 -0.00416962 0.0294517
v -2.92788e-05 -0.000283661 0.028825
v -0.0267077 -0.00416962 0.0125745
v -0.0262485 -9.60737e-05 0.0121416
v -0.0257751 0.000130311 0.0124577
v -0.0257437 0.00037632 0.0115804
v -0.0257437 0.000452999 0.0106774
v -0.0248424 0.000466693 0.0124862
v -0.0185137 0.000468519 0.0206157
v -0.00676876 0.000478561 0.0269422
v -0.00134409 0.000490426 0.027848
v -0.0149001 0.000468975 0.0233275
v -0.00134409 0.000145373 0.02862
v -0.0022482 0.000128485 0.0285715
v -0.00315232 9.19713e-05 0.0284975
v -0.0022482 -0.000645144 0.0288535
v -0.00348031 -0.00416962 0.0292438
v -0.00266746 -0.00416962 0.0293264
v -0.00184606 -0.00416962 0.0293947
v -0.0261658 -0.00416962 0.0136655
v -0.0253073 -0.00016408 0.0138649
v -0.0254528 -1.20926e-05 0.0133892
v -0.024831 6.91519e-05 0.0142181
v -0.0248424 0.000332963 0.0133892
v -0.0230342 0.000402337 0.0160981
v -0.0239383 0.00043885 0.0142921
v -0.0221301 0.00045437 0.017001
v -0.021226 0.000461672 0.017904
v -0.0203219 0.000463954 0.0188098
v -0.018585 0.000204251 0.0215928
v -0.0176096 0.00046578 0.0215216
v -0.00947825 0.000466693 0.0260392
v -0.00767288 0.000461215 0.0269422
v -0.0022482 0.00047354 0.027848
v -0.0139988 0.000431548 0.0242305
v -0.0121906 0.000447523 0.0251363
v -0.00315232 0.000437024 0.027848
v -0.00405643 0.000370844 0.027848
v -0.00405643 2.57917e-05 0.0284263
v -0.00767288 0.000115707 0.0276572
v -0.00496054 -8.14668e-05 0.028355
v -0.00549958 -0.000162253 0.0283123
v -0.0068201 -0.00416962 0.0287852
v -0.025159 -0.00416962 0.0154087
v -0.0244546 -0.00416962 0.0165481
v -0.0235505 -8.51192e-05 0.0166535
v -0.0245202 -1.52871e-05 0.0149558
v -0.0237187 5.6829e-05 0.0160981
v -0.0230513 0.000132592 0.0169726
v -0.0221729 0.000192841 0.0179467
v -0.0212773 0.000197406 0.0188582
v -0.0194834 0.000204708 0.0206813
v -0.0192267 2.48786e-05 0.0213393
v -0.0183311 2.12262e-05 0.0221853
v -0.017621 0.000169563 0.0224616
v -0.0167083 0.000425614 0.0224245
v -0.0103824 0.000415118 0.0260392
v -0.00857699 0.000311054 0.0269422
v -0.0130947 0.000318814 0.0251363
v -0.0158042 0.000331137 0.0233275
v -0.0103824 7.0065e-05 0.0266972
v -0.00857699 -3.3999e-05 0.0275034
v -0.00767288 -0.000645144 0.0279335
v -0.00676876 -0.000645144 0.0281357
v -0.009618 -0.00416962 0.0279392
v -0.0233194 -0.00416962 0.0182145
v -0.023308 -0.000645144 0.017172
v -0.0228574 -0.000645144 0.0177901
v -0.0227604 1.11847e-05 0.0176733
v -0.0219019 1.57502e-05 0.0185905
v -0.0189244 -0.000645144 0.0219346
v -0.0184737 -0.000645144 0.0222963
v -0.0173272 -3.35438e-05 0.0229885
v -0.0146177 -3.21728e-05 0.0247973
v -0.0149115 0.000170477 0.0242703
v -0.0121906 0.000124835 0.0258883
v -0.0139218 5.86526e-05 0.0251135
v -0.0130947 -2.62417e-05 0.025706
v -0.0110326 -5.86473e-05 0.0265691
v -0.00905899 -0.000166361 0.0274065
v -0.0135681 -0.000164993 0.0256006
v -0.0121364 -0.00416962 0.0268824
v -0.0225123 -0.00416962 0.0192029
v -0.0224752 -0.000645144 0.018243
v -0.0215882 -0.000645144 0.0191687
v -0.0211376 -0.000645144 0.0196387
v -0.0198171 -0.000645144 0.0210117
v -0.0193636 -0.000645144 0.0214817
v -0.018893 -0.00416962 0.0227863
v -0.0217137 -0.00416962 0.0200603
v -0.0207383 -0.00416962 0.0210345
v -0.01976 -0.00416962 0.022003
v -0.0178748 -0.000645144 0.0227493
v -0.0162748 -0.0001691 0.0237918
v -0.0132972 -0.00416962 0.0263554
v -0.0127068 -0.00416962 0.0266374
v -0.0151881 -0.00416962 0.0253784
v -0.0178662 -0.00416962 0.0235582
v -0.0161464 -0.00416962 0.0247318
f 7379 7380 7381
f 7379 7381 7382
f 7379 7382 7392
f 7379 7392 7391
f 7379 7391 7407
f 7379 7407 7409
f 7379 7409 7394
f 7379 7394 7383
f 7379 7383 7395
f 7379 7395 7410
f 7379 7410 7429
f 7379 7429 7447
f 7379 7447 7446
f 7379 7446 7445
f 7379 7445 7471
f 7379 7471 7493
f 7379 7493 7510
f 7379 7510 7524
f 7379 7524 7523
f 7379 7523 7525
f 7379 7525 7527
f 7379 7527 7526
f 7379 7526 7517
f 7379 7517 7520
f 7379 7520 7519
f 7379 7519 7518
f 7379 7518 7511
f 7379 7511 7494
f 7379 7494 7473
f 7379 7473 7472
f 7379 7472 7448
f 7379 7448 7431
f 7379 7431 7416
f 7379 7416 7415
f 7379 7415 7414
f 7379 7414 7413
f 7379 7413 7412
f 7379 7412 7398
f 7379 7398 7397
f 7379 7397 7396
f 7379 7396 7393
f 7379 7393 7384
f 7379 7384 7380
f 7380 7384 7381
f 7381 7385 7386
f 7381 7386 7387
f 7381 7387 7388
f 7381 7388 7389
f 7381 7389 7390
f 7381 7390 7391
f 7381 7391 7392
f 7381 7392 7382
f 7381 7384 7393
f 7381 7393 7385
f 7383 7394 7408
f 7383 7408 7426
f 7383 7426 7430
f 7383 7430 7411
f 7383 7411 7395
f 7385 7393 7396
f 7385 7396 7397
f 7385 7397 7398
f 7385 7398 7399
f 7385 7399 7386
f 7386 7399 7400
f 7386 7400 7401
f 7386 7401 7402
f 7386 7402 7403
f 7386 7403 7404
f 7386 7404 7387
f 7387 7404 7405
f 7387 7405 7388
f 7388 7405 7389
f 7389 7406 7390
f 7389 7405 7406
f 7390 7406 7407
f 7390 7407 7391
f 7394 7409 7408
f 7395 7411 7410
f 7398 7412 7399
f 7399 7412 7400
f 7400 7412 7413
f 7400 7413 7414
f 7400 7414 7401
f 7401 7414 7415
f 7401 7415 7416
f 7401 7416 7417
f 7401 7417 7418
f 7401 7418 7402
f 7402 7418 7419
f 7402 7419 7403
f 7403 7419 7420
f 7403 7420 7404
f 7404 7420 7421
f 7404 7421 7405
f 7405 7421 7422
f 7405 7422 7407
f 7405 7407 7406
f 7407 7422 7423
f 7407 7423 7409
f 7408 7424 7425
f 7408 7425 7426
f 7408 7409 7423
f 7408 7423 7424
f 7410 7427 7428
f 7410 7428 7429
f 7410 7411 7427
f 7411 7430 7427
f 7416 7431 7432
f 7416 7432 7417
f 7417 7432 7418
f 7418 7432 7433
f 7418 7433 7434
f 7418 7434 7419
f 7419 7434 7420
f 7420 7434 7435
f 7420 7435 7421
f 7421 7423 7422
f 7421 7435 7436
f 7421 7436 7423
f 7423 7436 7437
f 7423 7437 7424
f 7424 7438 7439
f 7424 7439 7425
f 7424 7437 7440
f 7424 7440 7438
f 7425 7439 7441
f 7425 7441 7427
f 7425 7427 7430
f 7425 7430 7426
f 7427 7441 7428
f 7428 7441 7442
f 7428 7442 7443
f 7428 7443 7444
f 7428 7444 7445
f 7428 7445 7446
f 7428 7446 7447
f 7428 7447 7429
f 7431 7448 7432
f 7432 7448 7449
f 7432 7449 7450
f 7432 7450 7433
f 7433 7450 7451
f 7433 7451 7452
f 7433 7452 7434
f 7434 7452 7453
f 7434 7453 7454
f 7434 7454 7436
f 7434 7436 7435
f 7436 7454 7455
f 7436 7455 7456
f 7436 7456 7457
f 7436 7457 7437
f 7437 7457 7458
f 7437 7458 7459
f 7437 7459 7440
f 7438 7460 7461
f 7438 7461 7462
f 7438 7462 7439
f 7438 7440 7460
f 7439 7462 7441
f 7440 7459 7463
f 7440 7463 7464
f 7440 7464 7460
f 7441 7462 7465
f 7441 7465 7442
f 7442 7465 7466
f 7442 7466 7443
f 7443 7467 7444
f 7443 7466 7468
f 7443 7468 7467
f 7444 7467 7469
f 7444 7469 7470
f 7444 7470 7471
f 7444 7471 7445
f 7448 7472 7449
f 7449 7472 7473
f 7449 7473 7474
f 7449 7474 7475
f 7449 7475 7450
f 7450 7475 7451
f 7451 7475 7476
f 7451 7476 7477
f 7451 7477 7452
f 7452 7477 7453
f 7453 7477 7478
f 7453 7478 7455
f 7453 7455 7454
f 7455 7479 7480
f 7455 7480 7456
f 7455 7478 7479
f 7456 7480 7458
f 7456 7458 7457
f 7458 7480 7481
f 7458 7481 7482
f 7458 7482 7483
f 7458 7483 7484
f 7458 7484 7459
f 7459 7484 7463
f 7460 7464 7461
f 7461 7464 7485
f 7461 7485 7486
f 7461 7486 7468
f 7461 7468 7466
f 7461 7466 7465
f 7461 7465 7462
f 7463 7487 7464
f 7463 7484 7488
f 7463 7488 7487
f 7464 7487 7485
f 7467 7468 7469
f 7468 7486 7489
f 7468 7489 7490
f 7468 7490 7470
f 7468 7470 7469
f 7470 7490 7491
f 7470 7491 7492
f 7470 7492 7471
f 7471 7492 7491
f 7471 7491 7493
f 7473 7494 7474
f 7474 7494 7495
f 7474 7495 7496
f 7474 7496 7497
f 7474 7497 7477
f 7474 7477 7476
f 7474 7476 7475
f 7477 7497 7478
f 7478 7497 7498
f 7478 7498 7481
f 7478 7481 7479
f 7479 7481 7480
f 7481 7499 7482
f 7481 7498 7499
f 7482 7499 7500
f 7482 7500 7501
f 7482 7501 7483
f 7483 7501 7502
f 7483 7502 7503
f 7483 7503 7488
f 7483 7488 7484
f 7485 7487 7504
f 7485 7504 7486
f 7486 7504 7489
f 7487 7488 7503
f 7487 7503 7505
f 7487 7505 7506
f 7487 7506 7504
f 7489 7504 7506
f 7489 7506 7507
f 7489 7507 7490
f 7490 7508 7491
f 7490 7507 7508
f 7491 7508 7493
f 7493 7509 7510
f 7493 7508 7509
f 7494 7511 7496
f 7494 7496 7495
f 7496 7511 7512
f 7496 7512 7497
f 7497 7512 7498
f 7498 7513 7514
f 7498 7514 7515
f 7498 7515 7516
f 7498 7516 7499
f 7498 7512 7513
f 7499 7517 7500
f 7499 7516 7518
f 7499 7518 7519
f 7499 7519 7520
f 7499 7520 7517
f 7500 7521 7501
f 7500 7517 7521
f 7501 7522 7509
f 7501 7509 7502
f 7501 7521 7522
f 7502 7509 7505
f 7502 7505 7503
f 7505 7509 7506
f 7506 7509 7507
f 7507 7509 7508
f 7509 7523 7524
f 7509 7524 7510
f 7509 7522 7525
f 7509 7525 7523
f 7511 7518 7512
f 7512 7518 7513
f 7513 7518 7514
f 7514 7518 7515
f 7515 7518 7516
f 7517 7526 7521
f 7521 7526 7522
f 7522 7526 7527
f 7522 7527 7525
o convex_3
v -2.92788e-05 -0.00150295 0.000383064
v -0.0275539 0.00044814 0.000383064
v -2.92788e-05 -0.00416916 0.000383064
v -2.92788e-05 0.000421687 -0.028185
v -0.0275539 0.000489645 -0.0028835
v -0.0284554 0.00020414 -0.000171907
v -0.0285067 0.00015671 0.000383064
v -0.0291657 -0.00416916 0.000383064
v -2.92788e-05 -0.00416916 -0.0289901
v -2.92788e-05 0.000264798 -0.0284697
v -0.000442948 0.000421687 -0.028185
v -0.00586342 0.000466383 -0.0272821
v -0.00496191 0.00046547 -0.0272821
v -0.00315318 0.000451332 -0.0272821
v -0.0275539 0.000484171 -0.00378641
v -0.00857651 0.000467752 -0.0263792
v -0.0257451 0.000479153 -0.0101125
v -0.0289318 -0.000141109 -0.000171907
v -0.0288291 -5.49114e-05 0.000383064
v -0.0275539 0.00046912 -0.00468931
v -0.0275539 0.000439475 -0.00559222
v -0.0283042 0.000138922 -0.00378641
v -0.0289432 -0.000246006 0.000383064
v -0.0291743 -0.00416916 -0.000171907
v -0.000442948 -0.00416916 -0.028993
v -2.92788e-05 -0.000645527 -0.0289786
v -2.92788e-05 7.64405e-05 -0.028809
v -0.000442948 7.64405e-05 -0.028809
v -0.00134446 0.000408917 -0.028185
v -0.00676778 0.000417127 -0.0272821
v -0.00948087 0.000427618 -0.0263792
v -0.00224882 0.000360119 -0.028185
v -0.0130955 0.000464102 -0.0245705
v -0.0158028 0.000465928 -0.0227618
v -0.0257451 0.000464102 -0.0110154
v -0.0230349 0.000460455 -0.0155328
v -0.0289118 -0.000186716 -0.000652115
v -0.02916 -0.00416916 -0.000982796
v -0.0289632 -0.000645527 -0.000171907
v -0.0289347 -0.000132444 0.000383064
v -0.0282585 0.000123871 -0.00468931
v -0.0282072 9.46837e-05 -0.00559222
v -0.0266495 0.000333211 -0.00920959
v -0.0275539 0.000317704 -0.006498
v -0.00134446 -0.00416916 -0.0289499
v -0.00134446 -0.000645527 -0.028947
v -0.000442948 -0.000645527 -0.0289758
v -2.92788e-05 -0.000251479 -0.0288866
v -0.00134446 6.36706e-05 -0.0287946
v -0.00767214 0.000320441 -0.0272821
v -0.00586342 0.000121134 -0.0279895
v -0.00676778 7.18777e-05 -0.027909
v -0.00948087 8.2369e-05 -0.0270549
v -0.0121911 0.000319983 -0.0254734
v -0.0139998 0.000340507 -0.0245705
v -0.00224882 1.48695e-05 -0.0287544
v -0.0148985 0.000428074 -0.0236676
v -0.0185159 0.000449964 -0.020956
v -0.0256025 0.000105172 -0.0128241
v -0.0258307 0.000196388 -0.0120017
v -0.0264698 0.000119311 -0.0110154
v -0.0239364 0.000403902 -0.0146299
v -0.0194174 0.00043993 -0.0200502
v -0.0203218 0.000427618 -0.0191473
v -0.0221305 0.000399342 -0.0173386
v -0.0285324 -0.000645527 -0.00468931
v -0.0289803 -0.00416916 -0.00378641
v -0.0290573 -0.00416916 -0.0028835
v -0.0284211 -0.000645527 -0.00559222
v -0.0273627 0.000113837 -0.00830381
v -0.0281073 -2.75453e-05 -0.006498
v -0.00224882 -0.00416916 -0.028901
v -0.00224882 -0.000645527 -0.0288751
v -0.00853657 0.000119766 -0.0273195
v -0.00767214 -2.48087e-05 -0.0278256
v -0.00820848 -0.000122866 -0.0277681
v -0.0101456 -4.67016e-05 -0.0269169
v -0.0121911 -2.48087e-05 -0.0260428
v -0.0112867 0.00012296 -0.0262268
v -0.013027 9.37706e-05 -0.0254993
v -0.0148243 6.04761e-05 -0.0245475
v -0.0158086 0.000165375 -0.0236963
v -0.018496 0.000135272 -0.0218675
v -0.0176116 0.000408462 -0.0218589
v -0.0139998 -4.74202e-06 -0.0251801
v -0.00315318 -0.000102799 -0.0286825
v -0.0194317 0.000163094 -0.0209618
v -0.0254113 -2.52639e-05 -0.0134768
v -0.02633 -4.28682e-06 -0.0117573
v -0.0230349 0.000330016 -0.0164357
v -0.0239621 0.000137554 -0.0155098
v -0.0246211 5.91078e-05 -0.0146299
v -0.0272144 -1.20388e-05 -0.00920959
v -0.0203218 0.000145306 -0.0200416
v -0.0212119 0.000123415 -0.0191243
v -0.022102 9.78755e-05 -0.018207
v -0.0288662 -0.00416916 -0.00468931
v -0.0286123 -0.00416916 -0.006498
v -0.0287464 -0.00416916 -0.00559222
v -0.0280246 -0.00015023 -0.00701271
v -0.0282186 -0.000645527 -0.006498
v -0.0284154 -0.00416916 -0.00767983
v -0.0284696 -0.00416916 -0.00743254
v -0.0271288 -0.000135636 -0.00974444
v -0.00315318 -0.00416916 -0.0288205
v -0.0040661 -0.00416916 -0.028694
v -0.00315318 -0.00154901 -0.0287659
v -0.00315318 -0.000645527 -0.0287429
v -0.00362676 -0.000184435 -0.0286422
v -0.00870774 -0.000645527 -0.0276042
v -0.0126789 -0.000160263 -0.0259421
v -0.00676778 -0.000645527 -0.0280987
v -0.00767214 -0.000645527 -0.0279262
v -0.00825413 -0.000645527 -0.0277824
v -0.015509 -3.66683e-05 -0.0242283
v -0.0176116 7.59826e-05 -0.0225922
v -0.0181822 -6.44869e-05 -0.0223937
v -0.0191379 -4.74202e-06 -0.0215714
v -0.0144791 -0.000157071 -0.0250421
v -0.0200194 -1.79672e-05 -0.0206656
v -0.0261902 -0.000474499 -0.0123583
v -0.0236397 -1.52306e-05 -0.0164357
v -0.0244556 -8.18197e-05 -0.0151935
v -0.0267551 -0.000645527 -0.0110154
v -0.0229921 3.08312e-05 -0.017261
v -0.022664 -7.72568e-05 -0.0178792
v -0.0209009 -3.43869e-05 -0.0197368
v -0.0217825 -5.39983e-05 -0.018808
v -0.0282557 -0.00416916 -0.00830381
v -0.0276822 -0.00416916 -0.0101384
v -0.00412316 -0.00416916 -0.0286853
v -0.0049077 -0.00416916 -0.0285588
v -0.00368097 -0.000645527 -0.0286508
v -0.0130241 -0.00416916 -0.0261031
v -0.00948087 -0.000645527 -0.0272878
v -0.0131611 -0.000645527 -0.0257667
v -0.0139998 -0.000645527 -0.0253526
v -0.00676778 -0.00154901 -0.0281304
v -0.00502182 -0.00416916 -0.0285387
v -0.00586342 -0.00416916 -0.0283834
v -0.00767214 -0.00416916 -0.0279923
v -0.00834542 -0.00416916 -0.0278169
v -0.0104737 -0.00416916 -0.0270607
v -0.0171466 -0.00035136 -0.0232075
v -0.0182535 -0.000645527 -0.0224484
v -0.0187042 -0.000645527 -0.0221091
v -0.019232 -0.000645527 -0.0216576
v -0.0196856 -0.000645527 -0.0212119
v -0.0148015 -0.00416916 -0.025252
v -0.0158685 -0.00416916 -0.0246079
v -0.0175288 -0.00416916 -0.0235785
v -0.0265668 -0.00416916 -0.0127522
v -0.0273199 -0.00416916 -0.0110154
v -0.0234999 -0.000165736 -0.0169073
v -0.0250462 -0.00416916 -0.0155529
v -0.0260532 -0.00416916 -0.0137874
v -0.02154 -0.00416916 -0.0200703
v -0.0223588 -0.00416916 -0.0191559
v -0.0130812 -0.00416916 -0.0260773
v -0.0175659 -0.00416916 -0.0235497
v -0.0194346 -0.00416916 -0.0220544
v -0.0196542 -0.00416916 -0.0218675
v -0.0203418 -0.00416916 -0.0212378
v -0.0206242 -0.00416916 -0.0209704
v -0.0212433 -0.00416916 -0.0203636
v -0.0231205 -0.00416916 -0.0182272
v -0.0238651 -0.00416916 -0.017261
v -0.0244442 -0.00416916 -0.0164357
f 7528 7529 7534
f 7528 7534 7546
f 7528 7546 7567
f 7528 7567 7550
f 7528 7550 7535
f 7528 7535 7530
f 7528 7530 7536
f 7528 7536 7553
f 7528 7553 7575
f 7528 7575 7554
f 7528 7554 7537
f 7528 7537 7531
f 7528 7531 7529
f 7529 7532 7533
f 7529 7533 7534
f 7529 7531 7532
f 7530 7535 7551
f 7530 7551 7565
f 7530 7565 7595
f 7530 7595 7594
f 7530 7594 7624
f 7530 7624 7626
f 7530 7626 7625
f 7530 7625 7630
f 7530 7630 7629
f 7530 7629 7656
f 7530 7656 7657
f 7530 7657 7680
f 7530 7680 7679
f 7530 7679 7683
f 7530 7683 7682
f 7530 7682 7695
f 7530 7695 7694
f 7530 7694 7693
f 7530 7693 7685
f 7530 7685 7684
f 7530 7684 7692
f 7530 7692 7691
f 7530 7691 7690
f 7530 7690 7689
f 7530 7689 7688
f 7530 7688 7687
f 7530 7687 7678
f 7530 7678 7677
f 7530 7677 7676
f 7530 7676 7686
f 7530 7686 7661
f 7530 7661 7670
f 7530 7670 7669
f 7530 7669 7668
f 7530 7668 7667
f 7530 7667 7666
f 7530 7666 7659
f 7530 7659 7658
f 7530 7658 7633
f 7530 7633 7632
f 7530 7632 7599
f 7530 7599 7572
f 7530 7572 7552
f 7530 7552 7536
f 7531 7537 7538
f 7531 7538 7539
f 7531 7539 7540
f 7531 7540 7541
f 7531 7541 7532
f 7532 7542 7533
f 7532 7541 7540
f 7532 7540 7539
f 7532 7539 7543
f 7532 7543 7544
f 7532 7544 7542
f 7533 7545 7546
f 7533 7546 7534
f 7533 7542 7547
f 7533 7547 7548
f 7533 7548 7549
f 7533 7549 7545
f 7535 7550 7551
f 7536 7552 7553
f 7537 7554 7555
f 7537 7555 7538
f 7538 7555 7556
f 7538 7556 7539
f 7539 7557 7558
f 7539 7558 7543
f 7539 7556 7559
f 7539 7559 7557
f 7542 7544 7562
f 7542 7562 7547
f 7543 7558 7560
f 7543 7560 7561
f 7543 7561 7544
f 7544 7561 7563
f 7544 7563 7562
f 7545 7564 7565
f 7545 7565 7566
f 7545 7566 7550
f 7545 7550 7567
f 7545 7567 7546
f 7545 7549 7568
f 7545 7568 7569
f 7545 7569 7564
f 7547 7562 7548
f 7548 7562 7570
f 7548 7570 7571
f 7548 7571 7569
f 7548 7569 7568
f 7548 7568 7549
f 7550 7566 7551
f 7551 7566 7565
f 7552 7572 7573
f 7552 7573 7574
f 7552 7574 7553
f 7553 7574 7555
f 7553 7555 7575
f 7554 7575 7555
f 7555 7576 7556
f 7555 7574 7576
f 7556 7576 7559
f 7557 7577 7558
f 7557 7559 7578
f 7557 7578 7579
f 7557 7579 7577
f 7558 7577 7580
f 7558 7580 7581
f 7558 7581 7582
f 7558 7582 7560
f 7559 7576 7583
f 7559 7583 7578
f 7560 7582 7584
f 7560 7584 7561
f 7561 7584 7585
f 7561 7585 7563
f 7562 7586 7587
f 7562 7587 7588
f 7562 7588 7570
f 7562 7563 7589
f 7562 7589 7586
f 7563 7585 7590
f 7563 7590 7591
f 7563 7591 7592
f 7563 7592 7589
f 7564 7593 7594
f 7564 7594 7595
f 7564 7595 7565
f 7564 7569 7596
f 7564 7596 7593
f 7569 7571 7597
f 7569 7597 7598
f 7569 7598 7596
f 7570 7588 7597
f 7570 7597 7571
f 7572 7599 7573
f 7573 7599 7600
f 7573 7600 7583
f 7573 7583 7576
f 7573 7576 7574
f 7577 7601 7580
f 7577 7579 7602
f 7577 7602 7601
f 7578 7583 7579
f 7579 7583 7602
f 7580 7601 7602
f 7580 7602 7603
f 7580 7603 7604
f 7580 7604 7605
f 7580 7605 7606
f 7580 7606 7581
f 7581 7607 7582
f 7581 7606 7607
f 7582 7608 7609
f 7582 7609 7610
f 7582 7610 7611
f 7582 7611 7584
f 7582 7607 7612
f 7582 7612 7608
f 7583 7600 7613
f 7583 7613 7602
f 7584 7611 7585
f 7585 7614 7590
f 7585 7611 7610
f 7585 7610 7614
f 7586 7615 7616
f 7586 7616 7588
f 7586 7588 7587
f 7586 7589 7617
f 7586 7617 7618
f 7586 7618 7619
f 7586 7619 7615
f 7588 7620 7597
f 7588 7616 7620
f 7589 7592 7617
f 7590 7614 7591
f 7591 7614 7592
f 7592 7614 7621
f 7592 7621 7622
f 7592 7622 7623
f 7592 7623 7617
f 7593 7596 7594
f 7594 7596 7624
f 7596 7625 7626
f 7596 7626 7624
f 7596 7598 7627
f 7596 7627 7628
f 7596 7628 7629
f 7596 7629 7630
f 7596 7630 7625
f 7597 7620 7598
f 7598 7620 7631
f 7598 7631 7627
f 7599 7632 7600
f 7600 7632 7633
f 7600 7633 7634
f 7600 7634 7635
f 7600 7635 7636
f 7600 7636 7613
f 7602 7613 7636
f 7602 7636 7603
f 7603 7637 7638
f 7603 7638 7604
f 7603 7636 7639
f 7603 7639 7640
f 7603 7640 7641
f 7603 7641 7637
f 7604 7638 7605
f 7605 7638 7612
f 7605 7612 7607
f 7605 7607 7606
f 7608 7642 7643
f 7608 7643 7609
f 7608 7612 7642
f 7609 7643 7610
f 7610 7643 7644
f 7610 7644 7645
f 7610 7645 7614
f 7612 7646 7642
f 7612 7638 7646
f 7614 7645 7647
f 7614 7647 7621
f 7615 7648 7616
f 7615 7619 7649
f 7615 7649 7650
f 7615 7650 7648
f 7616 7648 7651
f 7616 7651 7631
f 7616 7631 7620
f 7617 7623 7652
f 7617 7652 7649
f 7617 7649 7618
f 7618 7649 7619
f 7621 7647 7622
f 7622 7647 7623
f 7623 7653 7652
f 7623 7647 7654
f 7623 7654 7655
f 7623 7655 7653
f 7627 7656 7629
f 7627 7629 7628
f 7627 7631 7657
f 7627 7657 7656
f 7631 7651 7657
f 7633 7658 7634
f 7634 7658 7635
f 7635 7658 7659
f 7635 7659 7660
f 7635 7660 7636
f 7636 7660 7639
f 7637 7661 7662
f 7637 7662 7638
f 7637 7641 7661
f 7638 7662 7661
f 7638 7661 7663
f 7638 7663 7664
f 7638 7664 7646
f 7639 7665 7640
f 7639 7660 7666
f 7639 7666 7665
f 7640 7665 7667
f 7640 7667 7668
f 7640 7668 7641
f 7641 7668 7669
f 7641 7669 7670
f 7641 7670 7661
f 7642 7646 7644
f 7642 7644 7643
f 7644 7671 7672
f 7644 7672 7673
f 7644 7673 7645
f 7644 7646 7671
f 7645 7674 7675
f 7645 7675 7647
f 7645 7673 7674
f 7646 7664 7676
f 7646 7676 7677
f 7646 7677 7678
f 7646 7678 7671
f 7647 7675 7654
f 7648 7679 7680
f 7648 7680 7657
f 7648 7657 7651
f 7648 7650 7681
f 7648 7681 7682
f 7648 7682 7683
f 7648 7683 7679
f 7649 7652 7681
f 7649 7681 7650
f 7652 7653 7681
f 7653 7655 7675
f 7653 7675 7684
f 7653 7684 7685
f 7653 7685 7681
f 7654 7675 7655
f 7659 7666 7660
f 7661 7686 7663
f 7663 7676 7664
f 7663 7686 7676
f 7665 7666 7667
f 7671 7678 7672
f 7672 7678 7673
f 7673 7678 7687
f 7673 7687 7688
f 7673 7688 7689
f 7673 7689 7674
f 7674 7690 7691
f 7674 7691 7692
f 7674 7692 7675
f 7674 7689 7690
f 7675 7692 7684
f 7681 7685 7693
f 7681 7693 7694
f 7681 7694 7695
f 7681 7695 7682
o convex_4
v 0.0291733 -0.00416962 -0.000169352
v 0.0291704 -0.00416962 -0.00107353
v 0.0289446 -0.000163371 -0.000169352
v 0.0289389 -0.000175683 0.00023982
v 0.0291504 -0.00416962 0.00023982
v 0.0289417 -0.000167931 -0.000715867
v 0.0291333 -0.00416962 -0.00190046
v 0.0284787 0.000181388 -0.000169352
v 0.0285158 0.000138065 0.00023982
v -2.64209e-05 -0.00416962 0.00023982
v 0.028553 9.79348e-05 -0.0010392
v 0.0290961 -0.00416962 -0.00263582
v 0.0290418 -0.00416962 -0.00335688
v 0.0289618 -0.00416962 -0.00412944
v 0.0283901 -0.000645397 -0.00559445
v 0.0281214 -2.70174e-05 -0.00649863
v 0.0282014 7.55894e-05 -0.00559445
v 0.0282557 0.000110705 -0.00469026
v 0.02831 0.00013305 -0.00378608
v 0.0283615 0.000146731 -0.0028819
v 0.0280699 0.00030543 0.00023982
v 0.0284129 0.000151746 -0.00197772
v 0.0275754 0.000455922 -0.00469026
v 0.0275754 0.000478267 -0.00378608
v 0.0275754 0.000489211 -0.0028819
v -2.64209e-05 -0.0015032 0.00023982
v -2.64209e-05 -0.00416962 -0.0289916
v 0.0288617 -0.00416962 -0.00491345
v 0.0285215 -0.00416962 -0.00754302
v 0.0282271 -0.000645397 -0.00649863
v 0.0280556 -0.00013601 -0.00702798
v 0.0272266 -3.38589e-05 -0.00920831
v 0.027381 0.000109792 -0.00830413
v 0.0275754 0.0003182 -0.00649863
v 0.0275754 0.000420351 -0.00559445
v 0.0275754 0.000452727 0.00023982
v 0.0266721 0.000455009 -0.00830413
v 0.0266721 0.000475531 -0.00739995
v 0.0257688 0.000475531 -0.0101125
v 0.0158269 0.00046641 -0.0227625
v 0.00588784 0.000470513 -0.0272805
v 0.00498455 0.000465952 -0.0272805
v 0.00317511 0.000452272 -0.0272805
v -2.64209e-05 0.00042172 -0.0281847
v -2.64209e-05 -0.000645397 -0.0289801
v 0.000465243 -0.000645397 -0.0289801
v 0.000465243 -0.00416962 -0.0289887
v 0.0283472 -0.00416962 -0.00814962
v 0.0281642 -0.00416962 -0.00871616
v 0.0271409 -0.000159724 -0.00970619
v 0.0263033 -6.48694e-05 -0.0119209
v 0.0264606 9.97583e-05 -0.0110167
v 0.0266721 0.000311358 -0.00920831
v 0.0257688 0.000444975 -0.0110167
v 0.0239622 0.000463216 -0.0137264
v 0.0149236 0.000419438 -0.0236666
v 0.013117 0.000458656 -0.0245708
v 0.0230561 0.000451817 -0.0155319
v 0.0185368 0.000437223 -0.0209541
v 0.0176335 0.000419893 -0.0218583
v 0.00860057 0.000463674 -0.0263792
v 0.00679113 0.000432208 -0.0272805
v 0.00136853 0.000401198 -0.0281847
v 0.000465243 0.000422175 -0.0281847
v -2.64209e-05 7.65025e-05 -0.0288085
v 0.000465243 7.69577e-05 -0.0288085
v 0.00136853 5.59806e-05 -0.0287884
v 0.00136853 -0.000645397 -0.0289458
v 0.00136853 -0.00154925 -0.0289487
v 0.00127706 -0.00416962 -0.0289515
v 0.0276411 -0.00416962 -0.0102155
v 0.0262204 -0.000190735 -0.012373
v 0.0257688 0.000280348 -0.0119209
v 0.0257516 4.91391e-05 -0.0127335
v 0.0248655 0.000434942 -0.012825
v 0.015824 0.000157219 -0.0236953
v 0.0141089 0.000208751 -0.0246595
v 0.0122137 0.000339632 -0.025475
v 0.0113104 0.000446344 -0.025475
v 0.0221528 0.000411228 -0.0173402
v 0.0194429 0.00043084 -0.0200499
v 0.0194372 0.000143994 -0.0209484
v 0.0185253 0.000132592 -0.0218583
v 0.0176335 8.65331e-05 -0.0226051
v 0.00950386 0.000417615 -0.0263792
v 0.00769442 0.000302238 -0.0272805
v 0.00679113 8.6991e-05 -0.0279272
v 0.00588784 0.000125753 -0.0279987
v 0.00227182 0.000333248 -0.0281847
v 0.00227182 -1.19687e-05 -0.0287369
v 0.00227182 -0.00416962 -0.0288972
v 0.00298931 -0.000106368 -0.0286797
v 0.00227182 -0.000645397 -0.0288485
v 0.00227182 -0.00154925 -0.0288657
v 0.00317511 -0.00416962 -0.0288142
v 0.0030865 -0.00416962 -0.0288228
v 0.00218321 -0.00416962 -0.0289029
v 0.0268951 -0.00416962 -0.0120582
v 0.0254401 -2.20021e-05 -0.0134774
v 0.0265806 -0.00416962 -0.0127392
v 0.025986 -0.00416962 -0.0139953
v 0.0249827 -0.00416962 -0.0156835
v 0.0244682 -9.72454e-05 -0.0151713
v 0.024917 0.000181388 -0.0137578
v 0.0239622 0.00039162 -0.0146277
v 0.0149236 8.79014e-05 -0.0244135
v 0.013866 1.67603e-05 -0.0252175
v 0.0130684 0.000104318 -0.0255008
v 0.0113104 0.000125298 -0.0262304
v 0.00950386 7.23976e-05 -0.0270373
v 0.0228874 7.74129e-05 -0.0173402
v 0.0221271 0.000108879 -0.0182129
v 0.0212323 0.000121648 -0.0191257
v 0.0203348 0.000133505 -0.0200356
v 0.0191342 -2.29125e-05 -0.0215578
v 0.0182166 -5.02759e-05 -0.0224048
v 0.015521 -4.84524e-05 -0.024216
v 0.00769442 -4.29792e-05 -0.0278242
v 0.00359246 -0.000385004 -0.0286311
v 0.00679113 -0.000645397 -0.0281303
v 0.00406411 -0.00416962 -0.0286883
v 0.00396692 -0.00416962 -0.0287026
v 0.0236821 8.55317e-06 -0.0162644
v 0.024634 4.64024e-05 -0.0146277
v 0.024351 -0.00416962 -0.0167022
v 0.0234991 -0.000645397 -0.0168738
v 0.022693 -6.21328e-05 -0.0178925
v 0.0239737 0.000123472 -0.0154975
v 0.0144691 -0.000260963 -0.0250201
v 0.012734 -0.000137834 -0.0259529
v 0.0122137 -5.12719e-06 -0.0260559
v 0.0101585 -5.62043e-05 -0.0269085
v 0.0218098 -5.11863e-05 -0.0188081
v 0.020026 -3.15775e-05 -0.0206422
v 0.0214782 -0.00416962 -0.0202817
v 0.0192171 -0.000645397 -0.021638
v 0.0187397 -0.000645397 -0.0220901
v 0.0182881 -0.000645397 -0.022462
v 0.0171761 -0.000296078 -0.0232088
v 0.00818323 -0.000162461 -0.0277469
v 0.00588784 -0.000645397 -0.0282763
v 0.00769442 -0.000645397 -0.0279215
v 0.00760581 -0.00416962 -0.028013
v 0.00679113 -0.00154925 -0.0281475
v 0.00588784 -0.00416962 -0.0283764
v 0.00492738 -0.00416962 -0.028551
v 0.023562 -0.00416962 -0.017798
v 0.02233 -0.00416962 -0.0193346
v 0.0164558 -0.00416962 -0.0242561
v 0.015824 -0.00416962 -0.0246395
v 0.014815 -0.00416962 -0.0252432
v 0.0147464 -0.00416962 -0.0252833
v 0.0141089 -0.000595233 -0.0252661
v 0.0132314 -0.000645397 -0.0257697
v 0.0175048 -0.00416962 -0.0236066
v 0.0127797 -0.000645397 -0.0259729
v 0.0122137 -0.000645397 -0.0261961
v 0.0205549 -0.00416962 -0.021163
v 0.0195973 -0.00416962 -0.0220071
v 0.0190913 -0.00416962 -0.0224248
v 0.018048 -0.00416962 -0.0232174
v 0.0175506 -0.00416962 -0.0235751
v 0.00821753 -0.000645397 -0.0277612
v 0.012977 -0.00416962 -0.0261388
v 0.00835188 -0.00416962 -0.0278127
v 0.00769442 -0.00416962 -0.0279901
v 0.00679113 -0.00245265 -0.0281618
v 0.00679113 -0.00416962 -0.0281876
v 0.0139346 -0.00416962 -0.0256782
v 0.0130513 -0.00416962 -0.0261045
v 0.010936 -0.00416962 -0.0269171
v 0.0103157 -0.00416962 -0.0271403
f 7696 7697 7698
f 7696 7698 7699
f 7696 7699 7700
f 7696 7700 7705
f 7696 7705 7722
f 7696 7722 7742
f 7696 7742 7765
f 7696 7765 7792
f 7696 7792 7786
f 7696 7786 7791
f 7696 7791 7790
f 7696 7790 7817
f 7696 7817 7816
f 7696 7816 7841
f 7696 7841 7840
f 7696 7840 7863
f 7696 7863 7838
f 7696 7838 7861
f 7696 7861 7860
f 7696 7860 7867
f 7696 7867 7866
f 7696 7866 7859
f 7696 7859 7865
f 7696 7865 7864
f 7696 7864 7847
f 7696 7847 7846
f 7696 7846 7845
f 7696 7845 7844
f 7696 7844 7850
f 7696 7850 7857
f 7696 7857 7856
f 7696 7856 7855
f 7696 7855 7854
f 7696 7854 7853
f 7696 7853 7830
f 7696 7830 7843
f 7696 7843 7842
f 7696 7842 7820
f 7696 7820 7797
f 7696 7797 7796
f 7696 7796 7795
f 7696 7795 7793
f 7696 7793 7766
f 7696 7766 7744
f 7696 7744 7743
f 7696 7743 7724
f 7696 7724 7723
f 7696 7723 7709
f 7696 7709 7708
f 7696 7708 7707
f 7696 7707 7702
f 7696 7702 7697
f 7697 7701 7698
f 7697 7702 7701
f 7698 7701 7703
f 7698 7703 7704
f 7698 7704 7699
f 7699 7704 7716
f 7699 7716 7731
f 7699 7731 7721
f 7699 7721 7705
f 7699 7705 7700
f 7701 7706 7703
f 7701 7702 7707
f 7701 7707 7708
f 7701 7708 7709
f 7701 7709 7710
f 7701 7710 7711
f 7701 7711 7712
f 7701 7712 7713
f 7701 7713 7714
f 7701 7714 7715
f 7701 7715 7706
f 7703 7716 7704
f 7703 7706 7717
f 7703 7717 7715
f 7703 7715 7718
f 7703 7718 7719
f 7703 7719 7720
f 7703 7720 7716
f 7705 7721 7739
f 7705 7739 7760
f 7705 7760 7740
f 7705 7740 7722
f 7706 7715 7717
f 7709 7723 7710
f 7710 7723 7724
f 7710 7724 7725
f 7710 7725 7726
f 7710 7726 7711
f 7711 7726 7727
f 7711 7727 7728
f 7711 7728 7729
f 7711 7729 7712
f 7712 7730 7713
f 7712 7729 7730
f 7713 7730 7714
f 7714 7730 7715
f 7715 7730 7718
f 7716 7720 7731
f 7718 7730 7732
f 7718 7732 7719
f 7719 7732 7733
f 7719 7733 7720
f 7720 7733 7734
f 7720 7734 7735
f 7720 7735 7736
f 7720 7736 7737
f 7720 7737 7738
f 7720 7738 7739
f 7720 7739 7731
f 7721 7731 7739
f 7722 7740 7741
f 7722 7741 7742
f 7724 7743 7726
f 7724 7726 7725
f 7726 7743 7744
f 7726 7744 7745
f 7726 7745 7727
f 7727 7745 7746
f 7727 7746 7747
f 7727 7747 7728
f 7728 7747 7748
f 7728 7748 7729
f 7729 7748 7732
f 7729 7732 7730
f 7732 7748 7749
f 7732 7749 7734
f 7732 7734 7733
f 7734 7749 7750
f 7734 7750 7735
f 7735 7751 7752
f 7735 7752 7736
f 7735 7750 7753
f 7735 7753 7754
f 7735 7754 7755
f 7735 7755 7751
f 7736 7752 7756
f 7736 7756 7757
f 7736 7757 7758
f 7736 7758 7759
f 7736 7759 7739
f 7736 7739 7737
f 7737 7739 7738
f 7739 7759 7761
f 7739 7761 7760
f 7740 7760 7761
f 7740 7761 7741
f 7741 7761 7762
f 7741 7762 7763
f 7741 7763 7764
f 7741 7764 7742
f 7742 7764 7765
f 7744 7766 7767
f 7744 7767 7745
f 7745 7767 7746
f 7746 7768 7747
f 7746 7767 7769
f 7746 7769 7768
f 7747 7768 7749
f 7747 7749 7748
f 7749 7768 7770
f 7749 7770 7750
f 7750 7770 7753
f 7751 7771 7772
f 7751 7772 7773
f 7751 7773 7752
f 7751 7755 7771
f 7752 7773 7774
f 7752 7774 7756
f 7753 7775 7776
f 7753 7776 7754
f 7753 7770 7775
f 7754 7776 7777
f 7754 7777 7778
f 7754 7778 7755
f 7755 7778 7779
f 7755 7779 7771
f 7756 7780 7757
f 7756 7774 7780
f 7757 7780 7781
f 7757 7781 7782
f 7757 7782 7783
f 7757 7783 7784
f 7757 7784 7758
f 7758 7784 7762
f 7758 7762 7761
f 7758 7761 7759
f 7762 7785 7763
f 7762 7784 7783
f 7762 7783 7782
f 7762 7782 7785
f 7763 7786 7764
f 7763 7785 7787
f 7763 7787 7788
f 7763 7788 7789
f 7763 7789 7790
f 7763 7790 7791
f 7763 7791 7786
f 7764 7786 7792
f 7764 7792 7765
f 7766 7793 7767
f 7767 7794 7769
f 7767 7793 7795
f 7767 7795 7796
f 7767 7796 7797
f 7767 7797 7798
f 7767 7798 7794
f 7768 7769 7799
f 7768 7799 7800
f 7768 7800 7770
f 7769 7794 7799
f 7770 7800 7775
f 7771 7801 7772
f 7771 7779 7801
f 7772 7801 7802
f 7772 7802 7803
f 7772 7803 7773
f 7773 7803 7804
f 7773 7804 7805
f 7773 7805 7780
f 7773 7780 7774
f 7775 7800 7806
f 7775 7806 7807
f 7775 7807 7808
f 7775 7808 7809
f 7775 7809 7777
f 7775 7777 7776
f 7777 7809 7808
f 7777 7808 7810
f 7777 7810 7778
f 7778 7810 7811
f 7778 7811 7779
f 7779 7811 7812
f 7779 7812 7801
f 7780 7805 7781
f 7781 7805 7782
f 7782 7813 7787
f 7782 7787 7785
f 7782 7805 7813
f 7787 7814 7788
f 7787 7813 7815
f 7787 7815 7814
f 7788 7814 7816
f 7788 7816 7817
f 7788 7817 7790
f 7788 7790 7789
f 7794 7798 7818
f 7794 7818 7819
f 7794 7819 7799
f 7797 7820 7798
f 7798 7820 7821
f 7798 7821 7822
f 7798 7822 7818
f 7799 7819 7823
f 7799 7823 7800
f 7800 7823 7806
f 7801 7812 7802
f 7802 7812 7824
f 7802 7824 7825
f 7802 7825 7826
f 7802 7826 7803
f 7803 7826 7804
f 7804 7826 7805
f 7805 7826 7827
f 7805 7827 7813
f 7806 7823 7818
f 7806 7818 7822
f 7806 7822 7807
f 7807 7822 7828
f 7807 7828 7829
f 7807 7829 7808
f 7808 7829 7810
f 7810 7829 7830
f 7810 7830 7831
f 7810 7831 7832
f 7810 7832 7811
f 7811 7832 7833
f 7811 7833 7834
f 7811 7834 7824
f 7811 7824 7812
f 7813 7835 7815
f 7813 7827 7835
f 7814 7815 7836
f 7814 7836 7816
f 7815 7835 7837
f 7815 7837 7838
f 7815 7838 7839
f 7815 7839 7840
f 7815 7840 7841
f 7815 7841 7836
f 7816 7836 7841
f 7818 7823 7819
f 7820 7842 7822
f 7820 7822 7821
f 7822 7842 7843
f 7822 7843 7830
f 7822 7830 7828
f 7824 7844 7845
f 7824 7845 7846
f 7824 7846 7847
f 7824 7847 7848
f 7824 7848 7849
f 7824 7849 7825
f 7824 7834 7850
f 7824 7850 7844
f 7825 7851 7852
f 7825 7852 7835
f 7825 7835 7827
f 7825 7827 7826
f 7825 7849 7851
f 7828 7830 7829
f 7830 7853 7831
f 7831 7853 7832
f 7832 7854 7855
f 7832 7855 7833
f 7832 7853 7854
f 7833 7855 7856
f 7833 7856 7834
f 7834 7856 7857
f 7834 7857 7850
f 7835 7858 7837
f 7835 7852 7859
f 7835 7859 7858
f 7837 7858 7860
f 7837 7860 7861
f 7837 7861 7838
f 7838 7862 7839
f 7838 7863 7862
f 7839 7862 7840
f 7840 7862 7863
f 7847 7864 7849
f 7847 7849 7848
f 7849 7864 7865
f 7849 7865 7859
f 7849 7859 7851
f 7851 7859 7852
f 7858 7859 7866
f 7858 7866 7867
f 7858 7867 7860
o convex_5
v 0.0291524 -0.00416916 0.00023982
v -2.64223e-05 -0.00416916 0.00023982
v 0.0289382 -0.000175826 0.00023982
v 0.0289382 -0.000179021 0.000345702
v 0.0290896 -0.00416916 0.00163918
v -2.64223e-05 -0.00150298 0.00023982
v -2.64223e-05 -0.00416916 0.0294747
v 0.0285154 0.000138162 0.00023982
v 0.0283755 0.000149117 0.00254347
v 0.0283326 0.000140447 0.00344776
v 0.0282898 0.000125842 0.00435205
v 0.0282441 0.000105304 0.00525347
v 0.0281584 1.81367e-05 0.00615776
v 0.0284697 -0.000645443 0.00525347
v 0.0285668 -0.000645443 0.00435205
v 0.0289839 -0.00416916 0.00344776
v 0.0290467 -0.00416916 0.00254347
v -2.64223e-05 0.000492317 0.0278464
v 0.0275756 0.000452612 0.00023982
v 0.000464891 -0.00416916 0.0294661
v 0.000464891 -0.000645443 0.028971
v -2.64223e-05 -0.000645443 0.0289767
v 0.0280698 0.000305656 0.00023982
v 0.0275756 0.000489122 0.00254347
v 0.0275756 0.00048547 0.00344776
v 0.0275756 0.000470865 0.00435205
v 0.0284154 0.000151856 0.00163918
v 0.0275756 0.000450327 0.00525347
v 0.0275756 0.000363615 0.00615776
v 0.0274243 0.00012995 0.00796634
v 0.0272786 3.50223e-05 0.00887063
v 0.0280755 -0.000101437 0.00675299
v 0.0287811 -0.00416916 0.00525347
v 0.0288896 -0.00416916 0.00435205
v 0.0283012 -0.000645443 0.00615776
v 0.0284069 -0.00416916 0.00788621
v 0.0285554 -0.00416916 0.00706205
v -2.64223e-05 0.000150485 0.0286391
v 0.000464891 0.000491859 0.0278464
v 0.0275756 0.000475886 0.00163918
v 0.00136754 -0.00416916 0.029386
v 0.00227304 -0.000645443 0.0288537
v 0.00136754 -0.000645443 0.0289252
v 0.00227304 0.000132687 0.028579
v 0.00136754 0.000145467 0.028619
v 0.000464891 0.00015003 0.0286362
v -2.64223e-05 -0.00028399 0.0288251
v 0.00136754 0.000490946 0.0278464
v 0.0185378 0.000472234 0.0206178
v 0.0230567 0.000467671 0.0151949
v 0.0248649 0.00046265 0.0124849
v 0.0257675 0.000456261 0.0106763
v 0.026673 0.000380046 0.00887063
v 0.0265302 0.000132687 0.0106763
v 0.0271786 -8.95716e-05 0.00948875
v 0.0263759 2.77202e-05 0.0115806
v 0.0277613 -0.00416916 0.00982929
v 0.00227304 -0.00416916 0.0292944
v 0.00408118 -0.00416916 0.0291112
v 0.00595217 -0.00416916 0.0289109
v 0.00317568 -0.000645443 0.0287278
v 0.00546657 -0.000180389 0.0283043
v 0.00498383 -9.73289e-05 0.0283472
v 0.00408118 2.63492e-05 0.0284273
v 0.00317568 9.75469e-05 0.0285074
v 0.00408118 0.000371375 0.0278464
v 0.00317568 0.00044257 0.0278464
v 0.00227304 0.000477712 0.0278464
v 0.00769462 0.000464476 0.0269421
v 0.00679197 0.000473605 0.0269421
v 0.0149243 0.00047041 0.0233278
v 0.0176351 0.000461737 0.0215192
v 0.018612 0.000201145 0.0215965
v 0.019509 0.000205708 0.0206836
v 0.0194433 0.000468126 0.0197135
v 0.0203459 0.000463563 0.0188092
v 0.0212486 0.000457174 0.0179049
v 0.0221541 0.000443483 0.0170006
v 0.0257675 0.000373201 0.0115806
v 0.0230567 0.000410622 0.0160964
v 0.0239622 0.000436181 0.0142935
v 0.0262674 -0.000102805 0.0121186
v 0.0257846 0.000121735 0.0124477
v 0.0274271 -0.00416916 0.0106763
v 0.00949419 -0.00416916 0.0279237
v 0.00769462 -0.000645443 0.0279065
v 0.00860012 -1.19849e-05 0.0275173
v 0.00769462 0.000118995 0.0276518
v 0.00860012 0.000333496 0.0269421
v 0.0104083 0.000411535 0.0260407
v 0.0122136 0.000438462 0.0251364
v 0.00950276 0.000465845 0.0260407
v 0.0140217 0.000438462 0.0242321
v 0.0167296 0.000416101 0.0224235
v 0.0192547 2.68071e-05 0.0213475
v 0.0176294 0.000156419 0.0224493
v 0.0183578 1.3116e-05 0.0221631
v 0.0204002 0.000198864 0.019765
v 0.0212914 0.00019019 0.0188464
v 0.0221798 0.000179239 0.0179278
v 0.023071 0.000130405 0.0169835
v 0.023748 6.55991e-05 0.0160964
v 0.0247306 0.000108957 0.0142935
v 0.0266787 -0.00416916 0.0124506
v 0.0254933 1.08346e-05 0.0132375
v 0.0245364 -2.02001e-05 0.0149517
v 0.0235794 -7.40543e-05 0.0166687
v 0.0253162 -0.000219639 0.0138385
v 0.0247706 -0.00416916 0.0159876
v 0.0257189 -0.00416916 0.0142334
v 0.0113623 -0.00416916 0.0271596
v 0.00910571 -0.000147075 0.0274171
v 0.00860012 -0.000645443 0.0276489
v 0.0110367 -6.40128e-05 0.0265644
v 0.0104083 6.65122e-05 0.026696
v 0.0122136 0.000115346 0.025869
v 0.0131191 0.000290139 0.0251364
v 0.0149415 0.000176044 0.0242722
v 0.015827 0.000324823 0.0233278
v 0.0189491 -0.000645443 0.021937
v 0.0193861 -0.000645443 0.0214849
v 0.0201345 2.17864e-05 0.0204261
v 0.014653 -2.33946e-05 0.0248102
v 0.0173238 -4.75824e-05 0.0229758
v 0.0210172 1.53974e-05 0.0194989
v 0.021897 7.18217e-06 0.0185688
v 0.0227768 -2.85925e-06 0.0176417
v 0.0233195 -0.000645443 0.0171867
v 0.0240736 -0.00416916 0.0169949
v 0.0139503 -0.00416916 0.0259605
v 0.0135732 -0.000190888 0.0255885
v 0.0131191 -5.53424e-05 0.025683
v 0.0139331 4.82556e-05 0.0251221
v 0.0194747 -0.00416916 0.0220744
v 0.0209258 -0.00416916 0.0206493
v 0.02128 -0.00416916 0.0202944
v 0.0218227 -0.00416916 0.019745
v 0.0162897 -0.000178107 0.0237885
v 0.0184978 -0.000645443 0.022269
v 0.0176608 -0.00416916 0.0235911
v 0.0185778 -0.00416916 0.0228842
v 0.0198375 -0.000645443 0.0210098
v 0.0228682 -0.000645443 0.0177447
v 0.022454 -0.000645443 0.0181968
v 0.0233881 -0.00416916 0.0179335
v 0.0149501 -0.00416916 0.0253739
v 0.0226282 -0.00416916 0.0188493
f 7868 7869 7873
f 7868 7873 7886
f 7868 7886 7890
f 7868 7890 7875
f 7868 7875 7870
f 7868 7870 7871
f 7868 7871 7872
f 7868 7872 7884
f 7868 7884 7883
f 7868 7883 7901
f 7868 7901 7900
f 7868 7900 7904
f 7868 7904 7903
f 7868 7903 7924
f 7868 7924 7951
f 7868 7951 7971
f 7868 7971 7977
f 7868 7977 7976
f 7868 7976 7996
f 7868 7996 8012
f 7868 8012 8014
f 7868 8014 8004
f 7868 8004 8003
f 7868 8003 8002
f 7868 8002 8001
f 7868 8001 8008
f 7868 8008 8007
f 7868 8007 8013
f 7868 8013 7997
f 7868 7997 7978
f 7868 7978 7952
f 7868 7952 7927
f 7868 7927 7926
f 7868 7926 7925
f 7868 7925 7908
f 7868 7908 7887
f 7868 7887 7874
f 7868 7874 7869
f 7869 7874 7889
f 7869 7889 7914
f 7869 7914 7905
f 7869 7905 7885
f 7869 7885 7873
f 7870 7875 7871
f 7871 7875 7876
f 7871 7876 7877
f 7871 7877 7878
f 7871 7878 7879
f 7871 7879 7880
f 7871 7880 7881
f 7871 7881 7882
f 7871 7882 7883
f 7871 7883 7884
f 7871 7884 7872
f 7873 7885 7886
f 7874 7887 7888
f 7874 7888 7889
f 7875 7890 7891
f 7875 7891 7892
f 7875 7892 7893
f 7875 7893 7894
f 7875 7894 7876
f 7876 7894 7895
f 7876 7895 7877
f 7877 7895 7878
f 7878 7895 7879
f 7879 7895 7896
f 7879 7896 7880
f 7880 7896 7897
f 7880 7897 7898
f 7880 7898 7899
f 7880 7899 7881
f 7881 7900 7901
f 7881 7901 7882
f 7881 7899 7902
f 7881 7902 7903
f 7881 7903 7904
f 7881 7904 7900
f 7882 7901 7883
f 7885 7905 7906
f 7885 7906 7891
f 7885 7891 7907
f 7885 7907 7886
f 7886 7907 7890
f 7887 7908 7909
f 7887 7909 7910
f 7887 7910 7888
f 7888 7910 7911
f 7888 7911 7912
f 7888 7912 7913
f 7888 7913 7914
f 7888 7914 7889
f 7890 7907 7891
f 7891 7906 7915
f 7891 7915 7916
f 7891 7916 7917
f 7891 7917 7892
f 7892 7917 7918
f 7892 7918 7919
f 7892 7919 7893
f 7893 7895 7894
f 7893 7919 7895
f 7895 7919 7920
f 7895 7920 7896
f 7896 7920 7897
f 7897 7920 7921
f 7897 7921 7898
f 7898 7922 7899
f 7898 7921 7923
f 7898 7923 7922
f 7899 7903 7902
f 7899 7922 7903
f 7903 7922 7924
f 7905 7914 7913
f 7905 7913 7915
f 7905 7915 7906
f 7908 7925 7909
f 7909 7925 7926
f 7909 7926 7927
f 7909 7927 7928
f 7909 7928 7929
f 7909 7929 7930
f 7909 7930 7931
f 7909 7931 7932
f 7909 7932 7911
f 7909 7911 7910
f 7911 7932 7933
f 7911 7933 7934
f 7911 7934 7935
f 7911 7935 7912
f 7912 7935 7915
f 7912 7915 7913
f 7915 7935 7936
f 7915 7936 7937
f 7915 7937 7938
f 7915 7938 7916
f 7916 7939 7940
f 7916 7940 7941
f 7916 7941 7942
f 7916 7942 7917
f 7916 7938 7939
f 7917 7942 7943
f 7917 7943 7944
f 7917 7944 7945
f 7917 7945 7918
f 7918 7946 7919
f 7918 7945 7947
f 7918 7947 7948
f 7918 7948 7946
f 7919 7946 7920
f 7920 7946 7921
f 7921 7946 7923
f 7922 7923 7949
f 7922 7949 7924
f 7923 7946 7950
f 7923 7950 7949
f 7924 7949 7951
f 7927 7929 7928
f 7927 7952 7953
f 7927 7953 7929
f 7929 7953 7954
f 7929 7954 7955
f 7929 7955 7930
f 7930 7955 7931
f 7931 7955 7932
f 7932 7955 7933
f 7933 7955 7936
f 7933 7936 7934
f 7934 7936 7935
f 7936 7955 7956
f 7936 7956 7957
f 7936 7957 7958
f 7936 7958 7959
f 7936 7959 7938
f 7936 7938 7937
f 7938 7959 7958
f 7938 7958 7960
f 7938 7960 7939
f 7939 7960 7961
f 7939 7961 7940
f 7940 7962 7941
f 7940 7961 7963
f 7940 7963 7964
f 7940 7964 7962
f 7941 7965 7945
f 7941 7945 7944
f 7941 7944 7943
f 7941 7943 7942
f 7941 7962 7965
f 7945 7965 7966
f 7945 7966 7967
f 7945 7967 7947
f 7946 7948 7947
f 7946 7947 7950
f 7947 7967 7968
f 7947 7968 7969
f 7947 7969 7970
f 7947 7970 7950
f 7949 7971 7951
f 7949 7950 7972
f 7949 7972 7973
f 7949 7973 7974
f 7949 7974 7975
f 7949 7975 7976
f 7949 7976 7977
f 7949 7977 7971
f 7950 7970 7969
f 7950 7969 7972
f 7952 7978 7979
f 7952 7979 7980
f 7952 7980 7953
f 7953 7980 7979
f 7953 7979 7954
f 7954 7979 7981
f 7954 7981 7982
f 7954 7982 7955
f 7955 7982 7956
f 7956 7982 7983
f 7956 7983 7957
f 7957 7983 7984
f 7957 7984 7958
f 7958 7984 7960
f 7960 7984 7985
f 7960 7985 7986
f 7960 7986 7961
f 7961 7986 7963
f 7962 7964 7987
f 7962 7987 7988
f 7962 7988 7989
f 7962 7989 7966
f 7962 7966 7965
f 7963 7986 7985
f 7963 7985 7990
f 7963 7990 7964
f 7964 7990 7991
f 7964 7991 7987
f 7966 7989 7967
f 7967 7989 7992
f 7967 7992 7993
f 7967 7993 7994
f 7967 7994 7968
f 7968 7994 7974
f 7968 7974 7969
f 7969 7974 7973
f 7969 7973 7972
f 7974 7994 7995
f 7974 7995 7996
f 7974 7996 7976
f 7974 7976 7975
f 7978 7997 7998
f 7978 7998 7979
f 7979 7998 7981
f 7981 7998 7999
f 7981 7999 7982
f 7982 7999 7983
f 7983 7999 8000
f 7983 8000 7984
f 7984 8000 7985
f 7985 8000 7990
f 7987 8001 8002
f 7987 8002 8003
f 7987 8003 8004
f 7987 8004 7988
f 7987 7991 8005
f 7987 8005 8006
f 7987 8006 8007
f 7987 8007 8008
f 7987 8008 8001
f 7988 8004 8009
f 7988 8009 7989
f 7989 8009 7992
f 7990 8000 7998
f 7990 7998 8005
f 7990 8005 7991
f 7992 8009 7994
f 7992 7994 7993
f 7994 8010 7995
f 7994 8009 8011
f 7994 8011 8010
f 7995 8010 8012
f 7995 8012 7996
f 7997 8013 7998
f 7998 8013 8007
f 7998 8007 8005
f 7998 8000 7999
f 8004 8014 8010
f 8004 8010 8011
f 8004 8011 8009
f 8005 8007 8006
f 8010 8014 8012
