o convex_0
v -0.0293445 0.0125249 -0.0396515
v -0.0293445 0.0125249 -0.0396701
v -0.0293654 0.0125086 -0.0396515
v -0.0293445 -0.0289847 -0.0396515
v -0.0293445 0.0109463 -0.0669915
v -0.0293706 0.0125004 -0.0396515
v -0.0293474 -0.0290295 -0.0396515
v -0.0293445 -0.0290254 -0.0396701
v -0.0297975 0.0118251 -0.0396515
v -0.0293445 0.0105069 -0.0680381
v -0.0296879 0.0102669 -0.0677865
v -0.0297163 0.0103198 -0.0669915
v -0.0293445 -0.0257707 -0.0669915
v -0.0298294 -0.0284152 -0.0396515
v -0.0301867 0.00946543 -0.0669915
v -0.0307701 0.00834663 -0.0669915
v -0.0302974 0.0108487 -0.0396515
v -0.0293445 0.00957528 -0.0687275
v -0.0293839 0.00946543 -0.0687616
v -0.0295927 0.00873313 -0.0690163
v -0.029903 0.00946543 -0.0680784
v -0.0310584 0.00757771 -0.067799
v -0.0295956 -0.0253354 -0.0669915
v -0.0298323 -0.0244241 -0.0679511
v -0.0293445 -0.0247211 -0.0682958
v -0.0298462 -0.0283908 -0.0396515
v -0.0305422 -0.0273493 -0.0396515
v -0.0305521 -0.027333 -0.0396515
v -0.0312608 -0.0261247 -0.0396515
v -0.031099 0.00766315 -0.0669915
v -0.0308044 0.00977056 -0.0396515
v -0.0293445 0.0094573 -0.0688113
v -0.0293445 0.00839139 -0.0694728
v -0.0294031 0.00697152 -0.0701746
v -0.0298131 0.00782181 -0.0692647
v -0.0307498 0.00673149 -0.0687461
v -0.0303259 0.00815542 -0.0684076
v -0.0312382 0.00673149 -0.0680629
v -0.0324805 0.00371683 -0.0678859
v -0.0320397 0.00536452 -0.0669915
v -0.0315038 0.00673149 -0.0669915
v -0.0312788 -0.0260921 -0.0396515
v -0.0299535 -0.0246519 -0.0669915
v -0.0300225 -0.023228 -0.0683859
v -0.0294182 -0.0236226 -0.068861
v -0.0293445 -0.0240498 -0.0686902
v -0.0306031 -0.0233216 -0.0669915
v -0.0311425 -0.0216617 -0.0679045
v -0.0311135 0.00907894 -0.0396515
v -0.0293445 0.00734175 -0.070038
v -0.0293445 0.0069227 -0.070246
v -0.0293445 0.0062799 -0.0705472
v -0.0296223 0.00606021 -0.0704137
v -0.0299796 0.0066013 -0.0697212
v -0.0309302 0.00591375 -0.068979
v -0.0314742 0.00542147 -0.0684573
v -0.0325496 0.00391211 -0.0669915
v -0.0323176 0.0045956 -0.0669915
v -0.0320206 0.00410332 -0.0683486
v -0.0321673 0.00263057 -0.0688113
v -0.0326389 0.00263057 -0.0681281
v -0.0337171 -0.000770587 -0.0676809
v -0.0329329 0.00263057 -0.0669915
v -0.0331736 0.00401789 -0.0396515
v -0.0326458 0.00543775 -0.0396515
v -0.0321291 0.00669081 -0.0396515
v -0.0321105 0.00673556 -0.0396515
v -0.0315369 0.00809846 -0.0396515
v -0.0326279 0.0054825 -0.0396515
v -0.0320218 -0.0246234 -0.0396515
v -0.0305828 -0.0220522 -0.0683579
v -0.0296536 -0.0227113 -0.0690753
v -0.0293445 -0.023704 -0.068889
v -0.0309493 -0.0225649 -0.0669915
v -0.0312272 -0.0218814 -0.0669915
v -0.0323738 -0.0186226 -0.0677182
v -0.031349 -0.0205917 -0.0681592
v -0.030791 -0.0205917 -0.0688424
v -0.0293445 0.00536452 -0.0707988
v -0.029758 0.00536452 -0.0705566
v -0.0305184 0.00542147 -0.0696715
v -0.0311013 0.00500243 -0.0691809
v -0.0331794 0.00400161 -0.0396515
v -0.0340535 0.0013409 -0.0396515
v -0.0340199 0.00144668 -0.0396515
v -0.0312701 0.00399754 -0.0693858
v -0.0308687 0.00291129 -0.070274
v -0.031393 0.00252886 -0.0697802
v -0.0322978 0.00172739 -0.068979
v -0.0327526 0.00126767 -0.0684573
v -0.033238 -0.000229493 -0.0682244
v -0.033314 -0.00146628 -0.0684604
v -0.033771 -0.00146628 -0.0677772
v -0.034021 -0.00283325 -0.0669915
v -0.0338383 -0.00146628 -0.0669915
v -0.034956 -0.00284139 -0.0396515
v -0.0347617 -0.00146628 -0.0396515
v -0.0347594 -0.00145 -0.0396515
v -0.0344676 -9.93054e-05 -0.0396515
v -0.0332728 0.00126767 -0.0669915
v -0.0344636 -8.3032e-05 -0.0396515
v -0.0320328 -0.024599 -0.0396515
v -0.0298236 -0.0219546 -0.0692399
v -0.0293445 -0.0207422 -0.0701839
v -0.0293445 -0.0220075 -0.0696467
v -0.0293445 -0.0229391 -0.0692399
v -0.0325646 -0.0233623 -0.0396515
v -0.0325699 -0.02335 -0.0396515
v -0.0317329 -0.0205917 -0.0669915
v -0.0326325 -0.0178577 -0.0669915
v -0.0330043 -0.0164908 -0.0669915
v -0.033325 -0.0151238 -0.0669915
v -0.0337072 -0.0130286 -0.0674387
v -0.0324875 -0.0178577 -0.067889
v -0.0319678 -0.0178577 -0.0685722
v -0.0316709 -0.0192166 -0.068361
v -0.032172 -0.0193671 -0.0669915
v -0.0330536 -0.0219546 -0.0396515
v -0.0332108 -0.021442 -0.0396515
v -0.0334909 -0.0205225 -0.0396515
v -0.0309441 -0.0198106 -0.0690039
v -0.0301084 -0.0205917 -0.0695194
v -0.0293445 0.00399754 -0.0710721
v -0.0300103 0.00399754 -0.0707739
v -0.0306936 0.00399754 -0.070069
v -0.0309975 0.00200404 -0.0704261
v -0.0310938 0.00126767 -0.0705348
v -0.0318605 0.00126767 -0.069628
v -0.0319435 -9.93054e-05 -0.0699137
v -0.0324022 0.000816078 -0.0691063
v -0.0325032 -9.93054e-05 -0.0692305
v -0.0326308 -0.00146628 -0.0693858
v -0.0333993 -0.00283325 -0.0686064
v -0.033858 -0.00283325 -0.0679232
v -0.0341353 -0.00420022 -0.0669915
v -0.0350911 -0.00420022 -0.0396515
v -0.035058 -0.00383 -0.0396515
v -0.0349612 -0.00288207 -0.0396515
v -0.0293932 -0.0205917 -0.0702025
v -0.0293445 -0.0206446 -0.0702243
v -0.0335083 -0.0204574 -0.0396515
v -0.0338192 -0.0192084 -0.0396515
v -0.0338302 -0.0191637 -0.0396515
v -0.0341109 -0.0178577 -0.0396515
v -0.0344044 -0.0164908 -0.0396515
v -0.0336121 -0.0136429 -0.0669884
v -0.0346486 -0.0151238 -0.0396515
v -0.0346521 -0.0150994 -0.0396515
v -0.0337983 -0.0124997 -0.0669884
v -0.0339775 -0.011027 -0.0669915
v -0.0337751 -0.0121173 -0.0677834
v -0.0326708 -0.0164908 -0.0681468
v -0.032161 -0.0164908 -0.0688299
v -0.0312846 -0.0178577 -0.0693641
v -0.0311199 -0.0188992 -0.069184
v -0.0303485 -0.0193427 -0.0697709
v -0.0297528 -0.0188708 -0.0705379
v -0.0295661 -0.0197821 -0.0703578
v -0.0293445 0.00260209 -0.0711932
v -0.0302998 -9.93054e-05 -0.071187
v -0.0302998 0.00126767 -0.0710162
v -0.0312608 -9.93054e-05 -0.0707025
v -0.0320722 -0.00146628 -0.070069
v -0.0321656 -0.00283325 -0.0701808
v -0.032716 -0.00283325 -0.0694976
v -0.0334596 -0.00420022 -0.0686964
v -0.0339155 -0.00420022 -0.0680132
v -0.0342043 -0.00556313 -0.0669915
v -0.0352593 -0.00691383 -0.0396515
v -0.0351851 -0.00553465 -0.0396515
v -0.0351166 -0.00454197 -0.0396515
v -0.0293445 -0.0199936 -0.0704634
v -0.034833 -0.0137406 -0.0396515
v -0.0349989 -0.0124672 -0.0396515
v -0.0351242 -0.011027 -0.0396515
v -0.03409 -0.00965998 -0.0669915
v -0.0338406 -0.011027 -0.0678952
v -0.0333813 -0.011027 -0.0685784
v -0.0333732 -0.0124997 -0.0682865
v -0.0331029 -0.0137568 -0.0683579
v -0.0327613 -0.0151157 -0.0684542
v -0.032288 -0.0155632 -0.0689728
v -0.0310903 -0.0148146 -0.0705224
v -0.0314777 -0.0164908 -0.0695784
v -0.0309592 -0.0157259 -0.0703827
v -0.0308484 -0.0164908 -0.0702615
v -0.0306269 -0.0178577 -0.0700473
v -0.0293445 -0.0191108 -0.0707242
v -0.0299436 -0.0178577 -0.0707087
v -0.0293445 0.00126767 -0.0712677
v -0.0302998 -0.00146628 -0.0712863
v -0.031389 -0.00146628 -0.0708019
v -0.0314829 -0.00283325 -0.0708547
v -0.0322288 -0.00420022 -0.0702584
v -0.0327763 -0.00420022 -0.0695753
v -0.0335031 -0.00556313 -0.0687554
v -0.0339514 -0.00556313 -0.0680722
v -0.0342316 -0.0069301 -0.0669915
v -0.0352599 -0.0069301 -0.0396515
v -0.0341852 -0.00829301 -0.0669915
v -0.0352697 -0.00829301 -0.0396515
v -0.0338992 -0.00965998 -0.0679915
v -0.0334433 -0.00965998 -0.0686747
v -0.032698 -0.011027 -0.0694697
v -0.0326105 -0.0123939 -0.0693517
v -0.0324916 -0.0137568 -0.0692088
v -0.0323999 -0.0146519 -0.0691001
v -0.0319023 -0.0137568 -0.069892
v -0.031219 -0.0137568 -0.0706559
v -0.0301652 -0.0164908 -0.0708485
v -0.0293445 -0.0188057 -0.0708112
v -0.0293445 -0.0174021 -0.0710783
v -0.0293445 -0.0178577 -0.0709944
v -0.0293445 -9.93054e-05 -0.0713174
v -0.0302998 -0.00283325 -0.071336
v -0.0315456 -0.00420022 -0.0708764
v -0.0322654 -0.00556313 -0.070305
v -0.0328198 -0.00556313 -0.0696218
v -0.0335164 -0.0069301 -0.0687772
v -0.0339648 -0.0069301 -0.068094
v -0.0339445 -0.00829301 -0.0680629
v -0.0334921 -0.00829301 -0.0687461
v -0.0327601 -0.00965998 -0.0695535
v -0.032136 -0.011027 -0.0701529
v -0.0322103 -0.00965998 -0.0702367
v -0.0320322 -0.0123939 -0.0700348
v -0.031349 -0.0123939 -0.0707708
v -0.0302998 -0.0137568 -0.0711404
v -0.0293445 -0.0164908 -0.0711714
v -0.0293445 -0.00146628 -0.0713484
v -0.0302998 -0.00420022 -0.0713609
v -0.0315827 -0.00556313 -0.0708857
v -0.0322781 -0.0069301 -0.0703205
v -0.0328332 -0.0069301 -0.0696374
v -0.0328088 -0.00829301 -0.0696094
v -0.0314528 -0.011027 -0.070836
v -0.0322549 -0.00829301 -0.0702926
v -0.0315276 -0.00965998 -0.0708702
v -0.0302998 -0.0123939 -0.0712553
v -0.0293445 -0.0161368 -0.0712025
v -0.0293445 -0.00283325 -0.071364
v -0.0302998 -0.00556313 -0.0713702
v -0.0315949 -0.0069301 -0.0708888
v -0.0315717 -0.00829301 -0.0708826
v -0.0302998 -0.00965998 -0.0713546
v -0.0302998 -0.011027 -0.0713205
v -0.0293445 -0.0147129 -0.0713019
v -0.0293445 -0.00420022 -0.0713702
v -0.0293445 -0.00556313 -0.0713733
v -0.0302998 -0.0069301 -0.0713733
v -0.0302998 -0.00829301 -0.0713671
v -0.0293445 -0.010616 -0.0713702
v -0.0293445 -0.0119789 -0.0713578
v -0.0293445 -0.0133459 -0.0713391
v -0.0293445 -0.0069301 -0.0713764
v -0.0293445 -0.00788617 -0.0713764
f 1 2 3
f 1 3 6
f 1 6 9
f 1 9 17
f 1 17 31
f 1 31 49
f 1 49 68
f 1 68 67
f 1 67 66
f 1 66 69
f 1 69 65
f 1 65 64
f 1 64 83
f 1 83 85
f 1 85 84
f 1 84 101
f 1 101 99
f 1 99 98
f 1 98 97
f 1 97 96
f 1 96 138
f 1 138 137
f 1 137 136
f 1 136 171
f 1 171 170
f 1 170 169
f 1 169 199
f 1 199 201
f 1 201 175
f 1 175 174
f 1 174 173
f 1 173 148
f 1 148 147
f 1 147 145
f 1 145 144
f 1 144 143
f 1 143 142
f 1 142 141
f 1 141 120
f 1 120 119
f 1 119 118
f 1 118 108
f 1 108 107
f 1 107 102
f 1 102 70
f 1 70 42
f 1 42 29
f 1 29 28
f 1 28 27
f 1 27 26
f 1 26 14
f 1 14 7
f 1 7 4
f 1 4 8
f 1 8 13
f 1 13 25
f 1 25 46
f 1 46 73
f 1 73 106
f 1 106 105
f 1 105 104
f 1 104 140
f 1 140 172
f 1 172 188
f 1 188 211
f 1 211 213
f 1 213 212
f 1 212 229
f 1 229 240
f 1 240 247
f 1 247 254
f 1 254 253
f 1 253 252
f 1 252 256
f 1 256 255
f 1 255 249
f 1 249 248
f 1 248 241
f 1 241 230
f 1 230 214
f 1 214 190
f 1 190 159
f 1 159 123
f 1 123 79
f 1 79 52
f 1 52 51
f 1 51 50
f 1 50 33
f 1 33 32
f 1 32 18
f 1 18 10
f 1 10 5
f 1 5 2
f 2 5 3
f 3 5 6
f 4 7 8
f 5 9 6
f 5 10 11
f 5 11 12
f 5 12 9
f 7 13 8
f 7 14 13
f 9 12 15
f 9 15 16
f 9 16 17
f 10 18 19
f 10 19 11
f 11 19 20
f 11 20 21
f 11 21 22
f 11 22 16
f 11 16 15
f 11 15 12
f 13 23 24
f 13 24 25
f 13 14 26
f 13 26 27
f 13 27 28
f 13 28 29
f 13 29 23
f 16 22 30
f 16 30 17
f 17 30 31
f 18 32 19
f 19 32 20
f 20 33 34
f 20 34 35
f 20 35 36
f 20 36 37
f 20 37 21
f 20 32 33
f 21 37 22
f 22 37 36
f 22 36 38
f 22 38 39
f 22 39 40
f 22 40 41
f 22 41 30
f 23 29 42
f 23 42 43
f 23 43 24
f 24 44 45
f 24 45 46
f 24 46 25
f 24 43 47
f 24 47 48
f 24 48 44
f 30 49 31
f 30 41 49
f 33 50 34
f 34 50 51
f 34 51 52
f 34 52 53
f 34 53 35
f 35 53 54
f 35 54 55
f 35 55 36
f 36 55 38
f 38 55 56
f 38 56 39
f 39 57 58
f 39 58 40
f 39 56 59
f 39 59 60
f 39 60 61
f 39 61 62
f 39 62 63
f 39 63 57
f 40 58 64
f 40 64 65
f 40 65 41
f 41 66 67
f 41 67 68
f 41 68 49
f 41 65 69
f 41 69 66
f 42 70 43
f 43 70 47
f 44 48 71
f 44 71 72
f 44 72 45
f 45 73 46
f 45 72 73
f 47 70 74
f 47 74 48
f 48 75 76
f 48 76 77
f 48 77 78
f 48 78 71
f 48 74 75
f 52 79 80
f 52 80 53
f 53 55 54
f 53 80 81
f 53 81 55
f 55 81 82
f 55 82 59
f 55 59 56
f 57 83 58
f 57 63 84
f 57 84 85
f 57 85 83
f 58 83 64
f 59 82 60
f 60 82 86
f 60 86 87
f 60 87 88
f 60 88 89
f 60 89 61
f 61 89 90
f 61 90 62
f 62 91 92
f 62 92 93
f 62 93 94
f 62 94 95
f 62 95 96
f 62 96 97
f 62 97 98
f 62 98 99
f 62 99 100
f 62 100 63
f 62 90 91
f 63 100 99
f 63 99 101
f 63 101 84
f 70 102 74
f 71 78 72
f 72 78 103
f 72 103 104
f 72 104 105
f 72 105 106
f 72 106 73
f 74 102 107
f 74 107 108
f 74 108 75
f 75 109 76
f 75 108 109
f 76 110 111
f 76 111 112
f 76 112 113
f 76 113 114
f 76 114 115
f 76 115 116
f 76 116 77
f 76 109 117
f 76 117 118
f 76 118 119
f 76 119 120
f 76 120 110
f 77 121 78
f 77 116 121
f 78 121 122
f 78 122 103
f 79 123 124
f 79 124 80
f 80 124 87
f 80 87 125
f 80 125 81
f 81 125 82
f 82 125 86
f 86 125 87
f 87 126 89
f 87 89 88
f 87 124 126
f 89 127 128
f 89 128 129
f 89 129 130
f 89 130 91
f 89 91 90
f 89 126 127
f 91 130 131
f 91 131 92
f 92 131 132
f 92 132 133
f 92 133 134
f 92 134 93
f 93 134 135
f 93 135 94
f 94 135 136
f 94 136 137
f 94 137 138
f 94 138 96
f 94 96 95
f 103 122 139
f 103 139 104
f 104 139 140
f 108 118 117
f 108 117 109
f 110 120 111
f 111 120 141
f 111 141 142
f 111 142 143
f 111 143 112
f 112 143 144
f 112 144 145
f 112 145 146
f 112 146 113
f 113 146 145
f 113 145 147
f 113 147 148
f 113 148 149
f 113 149 150
f 113 150 151
f 113 151 114
f 114 151 152
f 114 152 153
f 114 153 115
f 115 153 154
f 115 154 155
f 115 155 116
f 116 155 121
f 121 155 156
f 121 156 122
f 122 156 157
f 122 157 158
f 122 158 139
f 123 159 160
f 123 160 161
f 123 161 124
f 124 161 162
f 124 162 127
f 124 127 126
f 127 162 129
f 127 129 128
f 129 162 163
f 129 163 131
f 129 131 130
f 131 163 132
f 132 163 164
f 132 164 165
f 132 165 133
f 133 165 166
f 133 166 134
f 134 166 167
f 134 167 135
f 135 167 168
f 135 168 169
f 135 169 170
f 135 170 171
f 135 171 136
f 139 158 140
f 140 158 172
f 148 173 149
f 149 173 174
f 149 174 150
f 150 174 175
f 150 175 176
f 150 176 151
f 151 176 177
f 151 177 178
f 151 178 179
f 151 179 180
f 151 180 152
f 152 180 181
f 152 181 182
f 152 182 153
f 153 182 183
f 153 183 184
f 153 184 154
f 154 184 185
f 154 185 186
f 154 186 187
f 154 187 155
f 155 157 156
f 155 187 157
f 157 188 172
f 157 172 158
f 157 187 189
f 157 189 188
f 159 190 191
f 159 191 160
f 160 191 192
f 160 192 162
f 160 162 161
f 162 192 163
f 163 192 164
f 164 192 193
f 164 193 194
f 164 194 165
f 165 194 195
f 165 195 166
f 166 195 196
f 166 196 167
f 167 196 197
f 167 197 168
f 168 197 198
f 168 198 199
f 168 199 169
f 175 200 176
f 175 201 200
f 176 200 177
f 177 200 202
f 177 202 203
f 177 203 178
f 178 204 205
f 178 205 179
f 178 203 204
f 179 206 180
f 179 205 206
f 180 206 207
f 180 207 181
f 181 207 182
f 182 207 183
f 183 207 208
f 183 208 209
f 183 209 210
f 183 210 189
f 183 189 185
f 183 185 184
f 185 189 186
f 186 189 187
f 188 189 211
f 189 210 212
f 189 212 213
f 189 213 211
f 190 214 215
f 190 215 191
f 191 215 193
f 191 193 192
f 193 215 216
f 193 216 217
f 193 217 194
f 194 217 218
f 194 218 195
f 195 218 196
f 196 218 219
f 196 219 220
f 196 220 197
f 197 220 198
f 198 201 199
f 198 220 221
f 198 221 200
f 198 200 201
f 200 221 202
f 202 221 222
f 202 222 203
f 203 222 223
f 203 223 204
f 204 224 205
f 204 223 225
f 204 225 224
f 205 224 226
f 205 226 206
f 206 208 207
f 206 226 208
f 208 226 209
f 209 226 227
f 209 227 210
f 210 227 228
f 210 228 212
f 212 228 229
f 214 230 215
f 215 231 216
f 215 230 231
f 216 231 232
f 216 232 217
f 217 232 233
f 217 233 234
f 217 234 218
f 218 234 219
f 219 234 235
f 219 235 222
f 219 222 221
f 219 221 220
f 222 235 223
f 223 235 225
f 224 236 227
f 224 227 226
f 224 225 236
f 225 235 237
f 225 237 238
f 225 238 236
f 227 236 239
f 227 239 228
f 228 240 229
f 228 239 240
f 230 241 231
f 231 241 242
f 231 242 232
f 232 242 243
f 232 243 233
f 233 243 244
f 233 244 237
f 233 237 234
f 234 237 235
f 236 238 239
f 237 244 238
f 238 244 245
f 238 245 246
f 238 246 239
f 239 246 247
f 239 247 240
f 241 248 242
f 242 248 249
f 242 249 255
f 242 255 250
f 242 250 243
f 243 250 251
f 243 251 245
f 243 245 244
f 245 251 252
f 245 252 253
f 245 253 254
f 245 254 246
f 246 254 247
f 250 255 256
f 250 256 252
f 250 252 251
o convex_1
v -0.024621 -0.0391062 -0.0232067
v -0.024621 -0.0390887 -0.022411
v -0.0248346 -0.0390904 -0.0223762
v -0.0269056 -0.0390413 -0.0211922
v -0.0269056 -0.0390413 -0.0212521
v -0.0247718 -0.0391009 -0.0232035
v -0.024621 -0.0390922 -0.0234719
v -0.024621 -0.0384536 -0.0216753
v -0.0293445 -0.0379553 -0.0148455
v -0.0293445 -0.0380149 -0.015076
v -0.028933 -0.0385851 -0.0178104
v -0.026814 -0.0390413 -0.0211922
v -0.0293445 -0.0385448 -0.0178104
v -0.028933 -0.0386869 -0.0191776
v -0.028933 -0.0384185 -0.0205417
v -0.0274428 -0.0386974 -0.0217889
v -0.0265324 -0.0389237 -0.0221647
v -0.0256216 -0.0390659 -0.0226983
v -0.024621 -0.0390185 -0.0239076
v -0.024621 -0.0383518 -0.0216721
v -0.025113 -0.0380728 -0.0208511
v -0.0293445 -0.0371886 -0.0148455
v -0.0293445 -0.0385132 -0.019184
v -0.0293445 -0.0381992 -0.0205417
v -0.024621 -0.0323517 -0.0471029
v -0.024621 -0.0370026 -0.02183
v -0.025113 -0.0373272 -0.0208511
v -0.0293445 -0.0366711 -0.0157138
v -0.0293445 -0.0376535 -0.0221836
v -0.0248518 -0.0321499 -0.0471029
v -0.024621 -0.0287235 -0.0471029
v -0.0293445 -0.0375939 -0.0223604
v -0.024621 -0.0369535 -0.0219215
v -0.0293445 -0.0240988 -0.0397648
v -0.0251532 -0.0318727 -0.0471029
v -0.0293445 -0.0375325 -0.0225215
v -0.0293445 -0.0211865 -0.0471029
v -0.024621 -0.029006 -0.0453537
v -0.024621 -0.0364237 -0.0232035
v -0.0293445 -0.0223988 -0.0434718
v -0.0293445 -0.0233971 -0.0411478
v -0.0258837 -0.0311902 -0.0471029
v -0.0293445 -0.0369816 -0.0237971
v -0.0278539 -0.028941 -0.0471029
v -0.0275524 -0.0293323 -0.0471029
v -0.0271709 -0.0298112 -0.0471029
v -0.0268371 -0.030192 -0.0471029
v -0.0265671 -0.0304937 -0.0471029
v -0.0262652 -0.0308095 -0.0471029
v -0.0293445 -0.0267638 -0.0471029
v -0.0293445 -0.0213233 -0.0464998
v -0.024621 -0.029313 -0.0437654
v -0.024621 -0.0291533 -0.0445769
v -0.024621 -0.0290621 -0.0450505
v -0.024621 -0.0318078 -0.0353948
v -0.0293445 -0.0217777 -0.045079
v -0.0293445 -0.0222795 -0.0437654
v -0.0292178 -0.026962 -0.0471029
v -0.0291124 -0.0271252 -0.0471029
v -0.0289182 -0.0274235 -0.0471029
v -0.0283555 -0.0282568 -0.0471029
v -0.024621 -0.0296323 -0.0423982
v -0.024621 -0.0295393 -0.0427866
v -0.024621 -0.0304042 -0.0394933
v -0.024621 -0.0303235 -0.0397743
v -0.024621 -0.0299814 -0.0410341
v -0.024621 -0.0299691 -0.0410815
v -0.024621 -0.0316306 -0.0358937
v -0.024621 -0.0312551 -0.0369704
v -0.024621 -0.0307972 -0.0382997
v -0.024621 -0.0305516 -0.0390449
f 257 258 259
f 257 259 260
f 257 260 261
f 257 261 262
f 257 262 263
f 257 263 275
f 257 275 281
f 257 281 287
f 257 287 294
f 257 294 310
f 257 310 309
f 257 309 308
f 257 308 319
f 257 319 318
f 257 318 323
f 257 323 322
f 257 322 321
f 257 321 320
f 257 320 327
f 257 327 326
f 257 326 325
f 257 325 324
f 257 324 311
f 257 311 295
f 257 295 289
f 257 289 282
f 257 282 276
f 257 276 264
f 257 264 258
f 258 264 265
f 258 265 266
f 258 266 267
f 258 267 268
f 258 268 259
f 259 268 260
f 260 268 267
f 260 267 269
f 260 269 270
f 260 270 261
f 261 270 271
f 261 271 272
f 261 272 273
f 261 273 274
f 261 274 262
f 262 274 263
f 263 274 275
f 264 276 277
f 264 277 265
f 265 277 283
f 265 283 278
f 265 278 284
f 265 284 290
f 265 290 297
f 265 297 296
f 265 296 313
f 265 313 312
f 265 312 307
f 265 307 293
f 265 293 306
f 265 306 299
f 265 299 292
f 265 292 288
f 265 288 285
f 265 285 280
f 265 280 279
f 265 279 269
f 265 269 266
f 266 269 267
f 269 279 270
f 270 279 271
f 271 279 280
f 271 280 281
f 271 281 272
f 272 281 273
f 273 281 274
f 274 281 275
f 276 282 283
f 276 283 277
f 278 283 282
f 278 282 284
f 280 285 281
f 281 286 291
f 281 291 298
f 281 298 305
f 281 305 304
f 281 304 303
f 281 303 302
f 281 302 301
f 281 301 300
f 281 300 317
f 281 317 316
f 281 316 315
f 281 315 314
f 281 314 306
f 281 306 293
f 281 293 287
f 281 285 288
f 281 288 286
f 282 289 284
f 284 289 290
f 286 288 292
f 286 292 291
f 287 293 294
f 289 295 296
f 289 296 297
f 289 297 290
f 291 292 298
f 292 299 300
f 292 300 301
f 292 301 302
f 292 302 303
f 292 303 304
f 292 304 305
f 292 305 298
f 293 307 308
f 293 308 309
f 293 309 310
f 293 310 294
f 295 311 312
f 295 312 313
f 295 313 296
f 299 306 314
f 299 314 315
f 299 315 316
f 299 316 317
f 299 317 300
f 307 318 319
f 307 319 308
f 307 312 320
f 307 320 321
f 307 321 322
f 307 322 323
f 307 323 318
f 311 324 312
f 312 324 325
f 312 325 326
f 312 326 327
f 312 327 320
o convex_2
v -0.000236436 0.0184319 -0.0738485
v 0.000865131 0.0183932 -0.0738485
v 0.000865131 0.0183932 -0.102514
v -0.000236436 0.0184222 -0.102514
v -0.00111092 0.0183642 -0.102514
v -0.00112059 0.0183642 -0.0738485
v -0.0246207 -0.0049306 -0.0736706
v 0.0015367 0.0183111 -0.0738485
v 0.000720188 0.0183836 -0.103255
v 0.00247883 0.0181855 -0.101147
v 0.00521342 0.0178233 -0.101147
v 0.00521342 0.017804 -0.102514
v -0.000236436 0.0183836 -0.103261
v -0.00104812 0.0183546 -0.103222
v -0.00570079 0.0177412 -0.102514
v -0.00433832 0.0179392 -0.101147
v -0.00433832 0.0179392 -0.0738485
v -0.00567663 0.0177557 -0.0738485
v -0.00570079 0.0177508 -0.0738485
v -0.00706808 0.0173789 -0.0738485
v -0.00790392 0.0170505 -0.0738485
v -0.0116145 0.0155097 -0.0738485
v -0.0125179 0.0149881 -0.0738485
v -0.0134021 0.0144085 -0.0738485
v -0.0165763 0.0119742 -0.0738485
v -0.0172479 0.0114478 -0.0738485
v -0.0178518 0.0107474 -0.0738485
v -0.0185186 0.00993116 -0.0738485
v -0.0190452 0.00925013 -0.0738485
v -0.0202434 0.00768523 -0.0738485
v -0.0209391 0.00676754 -0.0738485
v -0.0214464 0.00608652 -0.0738485
v -0.0217605 0.00533787 -0.0738485
v -0.0229877 0.00239644 -0.0738485
v -0.023466 0.00123725 -0.0738485
v -0.0238863 -0.000105479 -0.0738485
v -0.0238911 -0.000124799 -0.0738485
v -0.0240941 -0.00121637 -0.0738485
v -0.0240941 -0.00121637 -0.101147
v -0.0243066 -0.00283923 -0.102514
v -0.0246207 -0.0052204 -0.102514
v -0.0246642 -0.00556332 -0.102514
v -0.0246787 -0.00540876 -0.0736706
v -0.0246207 -0.00748081 -0.0736706
v 0.0246648 -0.00556332 -0.0738485
v 0.0241285 -0.00147235 -0.0738485
v 0.0238869 -0.000105479 -0.0738485
v 0.0236985 0.000662483 -0.0738485
v 0.0228868 0.00262827 -0.0738485
v 0.0221669 0.00436222 -0.0738485
v 0.0217321 0.00535719 -0.0738485
v 0.021191 0.00641495 -0.0738485
v 0.020703 0.00708632 -0.0738485
v 0.0200121 0.00799435 -0.0738485
v 0.0182728 0.0102451 -0.0738485
v 0.0176689 0.010931 -0.0738485
v 0.0169828 0.011641 -0.0738485
v 0.0161421 0.0122978 -0.0738485
v 0.0131708 0.0145776 -0.0738485
v 0.0120692 0.0152489 -0.0738485
v 0.0113687 0.0156112 -0.0738485
v 0.00766779 0.0171423 -0.0738485
v 0.00658072 0.0175238 -0.0738485
v 0.00521342 0.0178233 -0.0738485
v 0.00387028 0.018002 -0.0738485
v -0.000236436 0.0176591 -0.103637
v 0.00658072 0.0172437 -0.103489
v 0.00521342 0.0173789 -0.103569
v 0.00658072 0.0175238 -0.102514
v -0.00570079 0.0173548 -0.103557
v -0.00706808 0.0171809 -0.103421
v -0.00570079 0.0177508 -0.101147
v -0.00786044 0.0170215 -0.103264
v -0.00706808 0.0173789 -0.102514
v -0.00791841 0.0170457 -0.102514
v -0.0109332 0.0157947 -0.102514
v -0.0116145 0.0155097 -0.101147
v -0.0125324 0.0149785 -0.101147
v -0.0134166 0.014394 -0.102514
v -0.0141026 0.0138676 -0.102514
v -0.0156729 0.0126601 -0.102514
v -0.0172479 0.0114478 -0.102514
v -0.0178325 0.0107619 -0.101147
v -0.0185186 0.00993116 -0.101147
v -0.0190452 0.00925013 -0.102514
v -0.0202531 0.00767074 -0.102514
v -0.0214464 0.00608652 -0.102514
v -0.0209343 0.00676754 -0.102514
v -0.0217556 0.00535719 -0.102514
v -0.0234563 0.00125657 -0.101147
v -0.0238863 -0.000105479 -0.101147
v -0.0240747 -0.00121637 -0.102514
v -0.024181 -0.00189739 -0.102514
v -0.0241714 -0.00198433 -0.103231
v -0.0246642 -0.00692054 -0.102514
v -0.0246931 -0.00556332 -0.0736706
v -0.0243163 -0.00419645 -0.103421
v -0.0246207 -0.00556332 -0.102686
v -0.0246883 -0.00692054 -0.0736706
v -0.0246207 -0.00725863 -0.102514
v -0.0244854 -0.00829224 -0.102514
v -0.024181 -0.0105913 -0.102514
v -0.0240892 -0.0112723 -0.101147
v -0.0240941 -0.0112675 -0.0738485
v -0.0240892 -0.0112965 -0.0738485
v -0.0238815 -0.012388 -0.0738485
v -0.0238766 -0.0124122 -0.0738485
v -0.0234515 -0.0137597 -0.0738485
v -0.021746 -0.0178652 -0.0738485
v -0.0214416 -0.01858 -0.0738485
v -0.0209343 -0.0192659 -0.0738485
v -0.0202482 -0.0201643 -0.0738485
v -0.0190404 -0.0217388 -0.0738485
v -0.0185041 -0.0224343 -0.0738485
v -0.0178325 -0.0232506 -0.0738485
v -0.0172479 -0.023922 -0.0738485
v -0.0172286 -0.0239413 -0.0738485
v -0.016557 -0.0244677 -0.0738485
v -0.0156535 -0.0251633 -0.0738485
v -0.0146534 -0.0259312 -0.0738485
v -0.0134069 -0.0268875 -0.0738485
v -0.0125324 -0.0274623 -0.0738485
v -0.0116145 -0.0279888 -0.0738485
v -0.0115855 -0.0280033 -0.0738485
v -0.0109139 -0.0282882 -0.0738485
v -0.00789909 -0.0295344 -0.0738485
v -0.00706325 -0.0298628 -0.0738485
v -0.00570079 -0.0302347 -0.0738485
v -0.00433832 -0.0304231 -0.0738485
v -0.00106261 -0.0308578 -0.0738485
v -0.000241267 -0.0309109 -0.0738485
v 0.000831311 -0.0308867 -0.0738485
v 0.00521825 -0.0303072 -0.0738485
v 0.00658555 -0.0300077 -0.0738485
v 0.00767262 -0.0296261 -0.0738485
v 0.00891913 -0.0291093 -0.0738485
v 0.0146492 -0.0259312 -0.0738485
v 0.0161325 -0.0247914 -0.0738485
v 0.016978 -0.0241345 -0.0738485
v 0.0176689 -0.0234196 -0.0738485
v 0.0182631 -0.0227483 -0.0738485
v 0.0188815 -0.0219417 -0.0738485
v 0.0206837 -0.0195895 -0.0738485
v 0.0211813 -0.0189036 -0.0738485
v 0.0217418 -0.0178411 -0.0738485
v 0.0224471 -0.0161747 -0.0738485
v 0.0228965 -0.0150976 -0.0738485
v 0.0236888 -0.0131657 -0.0738485
v 0.0236985 -0.0131415 -0.0738485
v 0.0238869 -0.012388 -0.0738485
v 0.0241285 -0.0110018 -0.0738485
v 0.0243121 -0.00963497 -0.0738485
v 0.0246551 -0.00692537 -0.0738485
v 0.0246648 -0.00556332 -0.101147
v 0.0241188 -0.00147235 -0.102514
v 0.0238869 -0.000105479 -0.102514
v 0.0243024 -0.00283923 -0.102514
v 0.0236985 0.000662483 -0.102514
v 0.0221669 0.00436222 -0.101147
v 0.0217321 0.00535719 -0.101147
v 0.0211813 0.00641495 -0.102514
v 0.0206933 0.00710564 -0.102514
v 0.0200121 0.00799435 -0.102514
v 0.0182728 0.0102451 -0.102514
v 0.0176689 0.010931 -0.102514
v 0.0169828 0.0116361 -0.102514
v 0.0161421 0.0122978 -0.101147
v 0.0131708 0.0145776 -0.102514
v 0.0120499 0.0152586 -0.102514
v 0.0113687 0.0156112 -0.103199
v 0.00766779 0.0171423 -0.102514
v 0.00521342 0.0162922 -0.103951
v -0.00433832 0.0162922 -0.103951
v -0.00570079 0.0162922 -0.103937
v 0.00753251 0.0170891 -0.103338
v 0.0106826 0.0157561 -0.103353
v 0.00931048 0.0160169 -0.103536
v 0.00658072 0.0162922 -0.103868
v -0.00706808 0.0162922 -0.103794
v -0.00979784 0.0159203 -0.103498
v -0.0107835 0.0157271 -0.103347
v -0.0116145 0.0154953 -0.102514
v -0.0125324 0.0149591 -0.102514
v -0.0133489 0.0143409 -0.103311
v -0.0148564 0.0130803 -0.103397
v -0.0163589 0.0118197 -0.103445
v -0.0176586 0.0105542 -0.103445
v -0.0189196 0.00909074 -0.103418
v -0.0178325 0.0107571 -0.102514
v -0.0185137 0.00993116 -0.102514
v -0.0214368 0.00607203 -0.103222
v -0.0229732 0.00241575 -0.102514
v -0.0234418 0.00125657 -0.102514
v -0.0238573 -0.000105479 -0.102514
v -0.0242245 -0.00283923 -0.103311
v -0.0229103 0.00225637 -0.103359
v -0.0231036 0.00125657 -0.103504
v -0.0233065 -0.000105479 -0.103569
v -0.0246207 -0.00692537 -0.10268
v -0.0246207 -0.00709442 -0.102627
v -0.0241714 -0.0105092 -0.103231
v -0.0244033 -0.00556332 -0.103498
v -0.0244033 -0.00692537 -0.103498
v -0.0240747 -0.0112723 -0.102514
v -0.0238815 -0.012388 -0.101147
v -0.0234466 -0.0137597 -0.101147
v -0.0229732 -0.0149044 -0.102514
v -0.0223161 -0.0164887 -0.101147
v -0.0214416 -0.01858 -0.102514
v -0.0209295 -0.0192611 -0.102514
v -0.0202482 -0.0201643 -0.102514
v -0.0190404 -0.0217388 -0.102514
v -0.0178325 -0.0232506 -0.101147
v -0.0185137 -0.0224198 -0.101147
v -0.0172382 -0.0239316 -0.101147
v -0.016557 -0.0244677 -0.102514
v -0.0146534 -0.0259312 -0.102514
v -0.0134069 -0.0268875 -0.102514
v -0.0125324 -0.0274623 -0.101147
v -0.0115951 -0.0279984 -0.101147
v -0.0109139 -0.0282834 -0.102514
v -0.00789909 -0.0295295 -0.102514
v -0.00706325 -0.0298628 -0.102514
v -0.00570079 -0.0302347 -0.101147
v -0.00433832 -0.0304231 -0.101147
v -0.00106261 -0.0308529 -0.102514
v -0.00174384 -0.030766 -0.101147
v -0.000241267 -0.0309061 -0.102514
v 0.000821648 -0.0308867 -0.102514
v 0.00521825 -0.0303072 -0.101147
v 0.00658555 -0.0300029 -0.102514
v 0.00765813 -0.029631 -0.102514
v 0.0106729 -0.0283848 -0.102511
v 0.0106729 -0.0283848 -0.0738604
v 0.011359 -0.0280999 -0.0738604
v 0.0120354 -0.0277569 -0.0738604
v 0.0131708 -0.0270711 -0.0738604
v 0.014654 -0.0259312 -0.0738604
v 0.014654 -0.0259312 -0.101147
v 0.0161421 -0.0247817 -0.101147
v 0.016978 -0.0241296 -0.102514
v 0.0176689 -0.0234196 -0.102514
v 0.0182728 -0.0227338 -0.102514
v 0.0200024 -0.0204782 -0.102514
v 0.0206837 -0.0195895 -0.102514
v 0.0211813 -0.0189036 -0.102514
v 0.0217273 -0.0178507 -0.101147
v 0.0221573 -0.0168557 -0.101147
v 0.0224423 -0.0161747 -0.102514
v 0.0236985 -0.013156 -0.102514
v 0.0238772 -0.012388 -0.102514
v 0.0241188 -0.0110212 -0.102514
v 0.0243024 -0.00965912 -0.102514
v 0.0244812 -0.00829224 -0.101147
v 0.0246551 -0.00692537 -0.101147
v 0.0246213 -0.00692537 -0.102514
v 0.0246213 -0.00556332 -0.102514
v 0.0244667 -0.00419645 -0.102514
v 0.0237758 -0.000105479 -0.103344
v 0.0236888 0.000633503 -0.103231
v 0.0224471 0.0036812 -0.102514
v 0.0217176 0.00535719 -0.102514
v 0.021104 0.00628937 -0.103385
v 0.0182438 0.0102065 -0.103264
v 0.0169345 0.0115927 -0.103299
v 0.0161421 0.0122882 -0.102514
v 0.013021 0.0144713 -0.103409
v 0.00931048 0.0149253 -0.103913
v 0.0120451 0.0135584 -0.103916
v 0.0106826 0.0135584 -0.103951
v -0.00843055 0.0149253 -0.103951
v -0.00979784 0.0149253 -0.103877
v 0.0119098 0.0149253 -0.103474
v 0.0106826 0.0149253 -0.103729
v -0.0112086 0.0150123 -0.10359
v -0.0125324 0.0145969 -0.103468
v -0.0138418 0.013544 -0.103536
v -0.0167406 0.0109358 -0.103646
v -0.0152912 0.0122399 -0.103617
v -0.0180644 0.00951578 -0.103628
v -0.0193737 0.00805714 -0.103563
v -0.0201854 0.0075838 -0.103341
v -0.0215817 0.00535719 -0.103385
v -0.0206782 0.00660332 -0.103448
v -0.0218474 0.00399032 -0.103545
v -0.0207314 0.00535719 -0.103759
v -0.0220938 0.00125657 -0.10388
v -0.023466 -0.00419645 -0.103794
v -0.0243163 -0.00829224 -0.103421
v -0.0242245 -0.00965912 -0.103308
v -0.0233017 -0.012388 -0.103569
v -0.0231036 -0.0137597 -0.103501
v -0.0229103 -0.0147499 -0.103353
v -0.0238573 -0.012388 -0.102514
v -0.023466 -0.00556332 -0.103874
v -0.023466 -0.00692537 -0.103874
v -0.023466 -0.00829224 -0.103791
v -0.023437 -0.0137597 -0.102514
v -0.0214319 -0.0185655 -0.103222
v -0.021746 -0.0178507 -0.102514
v -0.0185041 -0.0224198 -0.102514
v -0.0178277 -0.0232458 -0.102514
v -0.0172382 -0.0239268 -0.102514
v -0.0133441 -0.0268344 -0.103311
v -0.0125324 -0.0274478 -0.102514
v -0.0115951 -0.0279839 -0.102514
v -0.0107738 -0.0282254 -0.103344
v -0.00785077 -0.0295102 -0.103258
v -0.00570079 -0.0302202 -0.102514
v -0.0010143 -0.0308481 -0.103216
v -0.000241267 -0.0308723 -0.103249
v 0.0006912 -0.0308674 -0.103246
v 0.00521825 -0.0302927 -0.102514
v 0.00658555 -0.0297372 -0.103486
v 0.00752768 -0.0295778 -0.103335
v 0.011359 -0.0280999 -0.102511
v 0.0120499 -0.0277473 -0.102511
v 0.0131708 -0.0270711 -0.102511
v 0.0146492 -0.0259312 -0.102511
v 0.0161421 -0.0247769 -0.102514
v 0.0169296 -0.024091 -0.103296
v 0.0182438 -0.0227048 -0.103261
v 0.0210992 -0.0187829 -0.103385
v 0.0217079 -0.0178507 -0.102514
v 0.0223988 -0.0160491 -0.103326
v 0.0236888 -0.013127 -0.103228
v 0.0237758 -0.012388 -0.103341
v 0.0244667 -0.00829224 -0.102514
v 0.0238966 -0.0110212 -0.103474
v 0.0239835 -0.00965912 -0.103536
v 0.0240608 -0.00829224 -0.103566
v 0.0241285 -0.00692537 -0.103569
v 0.0241285 -0.00556332 -0.103569
v 0.0240608 -0.00419645 -0.103566
v 0.0239835 -0.00283923 -0.103536
v 0.0238966 -0.00147235 -0.103474
v 0.0229738 -0.000105479 -0.10372
v 0.0230076 0.00115997 -0.103519
v 0.0225873 0.00262827 -0.103483
v 0.0223988 0.00355562 -0.103326
v 0.0213214 0.00535719 -0.103525
v 0.0202875 0.00673856 -0.103605
v 0.0198575 0.00779632 -0.103439
v 0.0185289 0.00946265 -0.103436
v 0.0174369 0.0107281 -0.103445
v 0.0161421 0.0118969 -0.103456
v 0.0145284 0.013201 -0.103445
v 0.013451 0.0136164 -0.103622
v 0.0161421 0.0108247 -0.103839
v 0.0134124 0.0121867 -0.103951
v -0.01117 0.0135584 -0.103951
v -0.0125324 0.0135584 -0.103848
v -0.0138997 0.0121867 -0.103907
v -0.0152622 0.0108247 -0.103948
v -0.0166343 0.00946265 -0.103951
v -0.0180016 0.00809094 -0.103922
v -0.0193641 0.00672407 -0.103871
v -0.0207314 0.00399032 -0.103922
v -0.0220938 -0.000105479 -0.103951
v -0.0220938 -0.0137597 -0.10388
v -0.0207314 -0.0178507 -0.103756
v -0.0218474 -0.0164887 -0.103545
v -0.0215817 -0.0178507 -0.103382
v -0.0220938 -0.012388 -0.103951
v -0.0206734 -0.0191017 -0.103445
v -0.0201806 -0.0200773 -0.103338
v -0.0189196 -0.0215843 -0.103415
v -0.0176538 -0.0230429 -0.103445
v -0.0163541 -0.0243132 -0.103445
v -0.0148515 -0.0255738 -0.103394
v -0.0140785 -0.0259312 -0.103498
v -0.0138418 -0.0260423 -0.103528
v -0.0125324 -0.0270856 -0.103468
v -0.00980267 -0.0284138 -0.103492
v -0.00706325 -0.0296648 -0.103415
v -0.00570079 -0.0298386 -0.103557
v -0.000241267 -0.0301526 -0.103625
v 0.00113569 -0.0302637 -0.103528
v 0.00521825 -0.0298725 -0.103572
v 0.00658555 -0.0287857 -0.103863
v 0.00931531 -0.0285056 -0.103536
v 0.0104507 -0.0282882 -0.103403
v 0.013021 -0.02696 -0.103406
v 0.0174369 -0.0232264 -0.103442
v 0.0145236 -0.0256897 -0.103445
v 0.0161421 -0.0243856 -0.103453
v 0.0185192 -0.0219513 -0.103433
v 0.0198575 -0.0202898 -0.103439
v 0.0213118 -0.0178507 -0.103525
v 0.0202875 -0.0192272 -0.103605
v 0.0225776 -0.0151218 -0.103483
v 0.0230076 -0.0136535 -0.103516
v 0.0229738 -0.012388 -0.10372
v 0.0229738 -0.0110212 -0.103854
v 0.0229738 -0.00965912 -0.103913
v 0.0229738 -0.00829224 -0.103946
v 0.0229738 -0.00692537 -0.103951
v 0.0229738 -0.00556332 -0.103951
v 0.0229738 -0.00419645 -0.103946
v 0.0229738 -0.00283923 -0.103916
v 0.0229738 -0.00147235 -0.103854
v 0.0216065 0.00262827 -0.10386
v 0.020244 0.00535719 -0.103901
v 0.0175142 0.00946265 -0.103809
v 0.0188767 0.00672407 -0.103946
v 0.0175142 0.00809094 -0.103951
v -0.0193641 0.00535719 -0.103951
v -0.0207314 -0.0164887 -0.103922
v -0.0193641 -0.0192224 -0.103868
v -0.0193689 -0.0205555 -0.10356
v -0.0193641 -0.0178507 -0.103951
v -0.0180644 -0.0220045 -0.103628
v -0.0167358 -0.0234245 -0.103646
v -0.0152863 -0.0247382 -0.103614
v -0.0139625 -0.0259312 -0.103539
v -0.0125324 -0.0260568 -0.103845
v -0.0112038 -0.027501 -0.103584
v -0.00980267 -0.0274237 -0.103871
v -0.00706325 -0.0287857 -0.103791
v -0.00570079 -0.0287857 -0.103934
v 0.00385096 -0.0287857 -0.103951
v 0.00521825 -0.0287857 -0.103946
v -0.00433832 -0.0287857 -0.103951
v 0.00931531 -0.0274237 -0.103916
v 0.0120499 -0.0272401 -0.103539
v 0.013451 -0.0261148 -0.103622
v 0.0139245 -0.0259312 -0.103545
v 0.0161421 -0.0233182 -0.103836
v 0.0175142 -0.0219513 -0.103806
v 0.020244 -0.0178507 -0.103898
v 0.0216065 -0.0151218 -0.10386
v 0.0216065 -0.0137597 -0.103951
v 0.0216065 0.00125657 -0.103951
v 0.020244 0.00399032 -0.103951
v -0.0180016 -0.0205893 -0.103922
v -0.0166343 -0.0219513 -0.103951
v -0.0152622 -0.0233182 -0.103948
v -0.0138997 -0.0246899 -0.103907
v -0.0126581 -0.0259312 -0.103851
v -0.0111651 -0.0260568 -0.103951
v -0.00843538 -0.0274237 -0.103951
v 0.00795284 -0.0274237 -0.103951
v 0.0120499 -0.0260568 -0.103916
v 0.0134124 -0.0246899 -0.103951
v 0.0175142 -0.0205893 -0.103951
v 0.0188767 -0.0192224 -0.103943
v 0.020244 -0.0164887 -0.103951
f 328 329 330
f 328 330 331
f 328 331 332
f 328 332 333
f 328 333 334
f 328 334 329
f 329 334 335
f 329 335 330
f 330 336 331
f 330 335 337
f 330 337 338
f 330 338 339
f 330 339 336
f 331 336 340
f 331 340 341
f 331 341 332
f 332 341 342
f 332 342 343
f 332 343 333
f 333 343 344
f 333 344 334
f 334 344 345
f 334 345 346
f 334 346 347
f 334 347 348
f 334 348 349
f 334 349 350
f 334 350 351
f 334 351 352
f 334 352 353
f 334 353 354
f 334 354 355
f 334 355 356
f 334 356 357
f 334 357 358
f 334 358 359
f 334 359 360
f 334 360 361
f 334 361 362
f 334 362 363
f 334 363 364
f 334 364 365
f 334 365 366
f 334 366 367
f 334 367 368
f 334 368 369
f 334 369 370
f 334 370 423
f 334 423 426
f 334 426 371
f 334 371 372
f 334 372 373
f 334 373 374
f 334 374 375
f 334 375 376
f 334 376 377
f 334 377 378
f 334 378 379
f 334 379 380
f 334 380 381
f 334 381 382
f 334 382 383
f 334 383 384
f 334 384 385
f 334 385 386
f 334 386 387
f 334 387 388
f 334 388 389
f 334 389 390
f 334 390 391
f 334 391 392
f 334 392 335
f 335 392 337
f 336 393 340
f 336 339 394
f 336 394 395
f 336 395 393
f 337 392 338
f 338 392 391
f 338 391 390
f 338 390 396
f 338 396 339
f 339 396 394
f 340 393 397
f 340 397 341
f 341 397 398
f 341 398 342
f 342 399 343
f 342 398 400
f 342 400 401
f 342 401 399
f 343 399 345
f 343 345 344
f 345 399 346
f 346 399 401
f 346 401 347
f 347 401 402
f 347 402 348
f 348 402 403
f 348 403 349
f 349 404 350
f 349 403 404
f 350 404 405
f 350 405 351
f 351 405 406
f 351 406 352
f 352 407 408
f 352 408 409
f 352 409 353
f 352 406 407
f 353 409 354
f 354 410 411
f 354 411 355
f 354 409 410
f 355 411 412
f 355 412 356
f 356 412 357
f 357 413 358
f 357 412 413
f 358 414 359
f 358 413 415
f 358 415 414
f 359 414 416
f 359 416 360
f 360 416 361
f 361 417 362
f 361 416 417
f 362 417 418
f 362 418 363
f 363 418 364
f 364 418 366
f 364 366 365
f 366 418 419
f 366 419 420
f 366 420 367
f 367 420 421
f 367 421 368
f 368 421 369
f 369 422 423
f 369 423 370
f 369 421 424
f 369 424 425
f 369 425 422
f 371 426 422
f 371 422 427
f 371 427 428
f 371 428 429
f 371 429 430
f 371 430 431
f 371 431 432
f 371 432 433
f 371 433 434
f 371 434 435
f 371 435 436
f 371 436 437
f 371 437 438
f 371 438 439
f 371 439 440
f 371 440 441
f 371 441 442
f 371 442 443
f 371 443 444
f 371 444 445
f 371 445 446
f 371 446 447
f 371 447 448
f 371 448 449
f 371 449 450
f 371 450 451
f 371 451 452
f 371 452 453
f 371 453 454
f 371 454 455
f 371 455 456
f 371 456 457
f 371 457 458
f 371 458 459
f 371 459 460
f 371 460 461
f 371 461 462
f 371 462 463
f 371 463 464
f 371 464 465
f 371 465 466
f 371 466 467
f 371 467 468
f 371 468 469
f 371 469 470
f 371 470 471
f 371 471 472
f 371 472 473
f 371 473 474
f 371 474 475
f 371 475 476
f 371 476 477
f 371 477 478
f 371 478 479
f 371 479 480
f 371 480 372
f 372 480 582
f 372 582 481
f 372 481 373
f 373 482 483
f 373 483 374
f 373 481 484
f 373 484 482
f 374 483 485
f 374 485 375
f 375 485 376
f 376 485 486
f 376 486 377
f 377 486 487
f 377 487 378
f 378 487 379
f 379 488 489
f 379 489 380
f 379 487 488
f 380 489 381
f 381 490 491
f 381 491 382
f 381 489 490
f 382 491 492
f 382 492 383
f 383 492 384
f 384 493 494
f 384 494 385
f 384 492 493
f 385 494 495
f 385 495 386
f 386 495 387
f 387 495 496
f 387 496 497
f 387 497 388
f 388 497 498
f 388 498 389
f 389 498 396
f 389 396 390
f 393 395 499
f 393 499 500
f 393 500 501
f 393 501 397
f 394 396 502
f 394 502 503
f 394 503 504
f 394 504 505
f 394 505 395
f 395 505 499
f 396 498 502
f 397 501 506
f 397 506 398
f 398 506 507
f 398 507 508
f 398 508 400
f 400 402 401
f 400 508 403
f 400 403 402
f 403 508 509
f 403 509 404
f 404 509 405
f 405 509 510
f 405 510 406
f 406 510 511
f 406 511 407
f 407 511 408
f 408 511 409
f 409 511 512
f 409 512 513
f 409 513 514
f 409 514 515
f 409 515 516
f 409 516 410
f 410 516 411
f 411 516 517
f 411 517 412
f 412 517 518
f 412 518 413
f 413 518 415
f 414 415 518
f 414 518 416
f 416 518 519
f 416 519 417
f 417 519 520
f 417 520 418
f 418 520 521
f 418 521 419
f 419 421 420
f 419 521 421
f 421 522 424
f 421 521 523
f 421 523 524
f 421 524 525
f 421 525 522
f 422 426 423
f 422 425 526
f 422 526 527
f 422 527 528
f 422 528 427
f 424 529 425
f 424 522 525
f 424 525 529
f 425 529 530
f 425 530 526
f 427 528 428
f 428 528 429
f 429 528 531
f 429 531 430
f 430 531 532
f 430 532 432
f 430 432 431
f 432 532 433
f 433 532 434
f 434 532 435
f 435 532 533
f 435 533 534
f 435 534 535
f 435 535 436
f 436 536 437
f 436 535 536
f 437 536 438
f 438 537 538
f 438 538 439
f 438 536 537
f 439 538 539
f 439 539 440
f 440 539 441
f 441 540 442
f 441 539 541
f 441 541 540
f 442 540 443
f 443 542 444
f 443 540 542
f 444 542 543
f 444 543 445
f 445 543 446
f 446 544 447
f 446 543 544
f 447 544 545
f 447 545 448
f 448 545 546
f 448 546 449
f 449 546 450
f 450 546 547
f 450 547 451
f 451 547 452
f 452 547 548
f 452 548 549
f 452 549 453
f 453 549 550
f 453 550 454
f 454 550 551
f 454 551 455
f 455 551 552
f 455 552 456
f 456 552 457
f 457 553 555
f 457 555 458
f 457 552 554
f 457 554 553
f 458 555 556
f 458 556 459
f 459 556 557
f 459 557 460
f 460 557 461
f 461 558 559
f 461 559 462
f 461 557 558
f 462 559 560
f 462 560 561
f 462 561 463
f 463 561 562
f 463 562 563
f 463 563 464
f 464 563 564
f 464 564 565
f 464 565 465
f 465 565 566
f 465 566 567
f 465 567 466
f 466 567 568
f 466 568 569
f 466 569 467
f 467 569 468
f 468 569 570
f 468 570 571
f 468 571 469
f 469 571 572
f 469 572 470
f 470 572 573
f 470 573 471
f 471 573 472
f 472 573 574
f 472 574 575
f 472 575 473
f 473 575 576
f 473 576 474
f 474 577 475
f 474 576 577
f 475 577 476
f 476 577 477
f 477 577 578
f 477 578 579
f 477 579 478
f 478 579 580
f 478 580 479
f 479 580 581
f 479 581 582
f 479 582 480
f 481 582 583
f 481 583 584
f 481 584 585
f 481 585 484
f 482 484 586
f 482 586 587
f 482 587 483
f 483 587 485
f 484 585 586
f 485 587 588
f 485 588 486
f 486 589 487
f 486 588 589
f 487 589 488
f 488 590 489
f 488 589 590
f 489 590 591
f 489 591 490
f 490 591 491
f 491 591 492
f 492 591 592
f 492 592 493
f 493 592 593
f 493 593 494
f 494 593 495
f 495 594 497
f 495 497 496
f 495 593 592
f 495 592 594
f 497 503 502
f 497 502 498
f 497 594 503
f 499 505 595
f 499 595 596
f 499 596 597
f 499 597 677
f 499 677 733
f 499 733 761
f 499 761 760
f 499 760 725
f 499 725 724
f 499 724 759
f 499 759 774
f 499 774 772
f 499 772 771
f 499 771 769
f 499 769 748
f 499 748 750
f 499 750 768
f 499 768 767
f 499 767 763
f 499 763 738
f 499 738 691
f 499 691 686
f 499 686 734
f 499 734 682
f 499 682 678
f 499 678 598
f 499 598 500
f 500 598 501
f 501 598 599
f 501 599 506
f 503 594 600
f 503 600 504
f 504 601 505
f 504 600 601
f 505 601 595
f 506 599 507
f 507 599 602
f 507 602 603
f 507 603 508
f 508 603 511
f 508 511 509
f 509 511 510
f 511 604 512
f 511 603 604
f 512 604 513
f 513 605 514
f 513 604 606
f 513 606 605
f 514 607 515
f 514 605 607
f 515 517 516
f 515 607 608
f 515 608 609
f 515 609 517
f 517 609 518
f 518 610 523
f 518 523 520
f 518 520 519
f 518 609 611
f 518 611 610
f 520 523 521
f 523 610 524
f 524 610 612
f 524 612 613
f 524 613 614
f 524 614 525
f 525 615 529
f 525 614 615
f 526 530 616
f 526 616 527
f 527 616 528
f 528 616 617
f 528 617 618
f 528 618 619
f 528 619 620
f 528 620 621
f 528 621 531
f 529 615 622
f 529 622 623
f 529 623 530
f 530 623 624
f 530 624 618
f 530 618 616
f 531 621 532
f 532 621 625
f 532 625 533
f 533 625 534
f 534 625 626
f 534 626 627
f 534 627 535
f 535 627 536
f 536 626 537
f 536 627 626
f 537 626 538
f 538 626 539
f 539 628 541
f 539 626 628
f 540 629 630
f 540 630 542
f 540 541 629
f 541 628 629
f 542 630 543
f 543 630 631
f 543 631 544
f 544 631 545
f 545 631 632
f 545 632 546
f 546 632 633
f 546 633 547
f 547 633 548
f 548 633 634
f 548 634 635
f 548 635 549
f 549 635 550
f 550 636 551
f 550 635 636
f 551 636 552
f 552 553 554
f 552 636 553
f 553 637 555
f 553 636 637
f 555 637 638
f 555 638 639
f 555 639 556
f 556 639 640
f 556 640 557
f 557 640 558
f 558 641 642
f 558 642 559
f 558 640 641
f 559 642 560
f 560 642 643
f 560 643 562
f 560 562 561
f 562 643 563
f 563 643 644
f 563 644 645
f 563 645 564
f 564 645 566
f 564 566 565
f 566 646 567
f 566 645 646
f 567 646 647
f 567 647 568
f 568 647 648
f 568 648 569
f 569 649 570
f 569 648 649
f 570 649 571
f 571 649 572
f 572 649 650
f 572 650 573
f 573 650 651
f 573 651 574
f 574 651 576
f 574 576 575
f 576 651 652
f 576 652 653
f 576 653 577
f 577 653 578
f 578 653 579
f 579 653 654
f 579 654 580
f 580 655 582
f 580 582 581
f 580 654 655
f 582 655 583
f 583 655 656
f 583 656 657
f 583 657 658
f 583 658 659
f 583 659 660
f 583 660 584
f 584 660 661
f 584 661 662
f 584 662 663
f 584 663 585
f 585 663 586
f 586 664 665
f 586 665 666
f 586 666 587
f 586 663 664
f 587 666 667
f 587 667 589
f 587 589 588
f 589 667 590
f 590 667 668
f 590 668 669
f 590 669 670
f 590 670 591
f 591 670 671
f 591 671 672
f 591 672 592
f 592 672 673
f 592 673 594
f 594 673 674
f 594 674 675
f 594 675 601
f 594 601 600
f 595 601 596
f 596 675 676
f 596 676 677
f 596 677 597
f 596 601 675
f 598 678 599
f 599 678 679
f 599 679 602
f 602 679 603
f 603 679 604
f 604 679 606
f 605 606 679
f 605 679 680
f 605 680 681
f 605 681 682
f 605 682 683
f 605 683 607
f 607 683 684
f 607 684 608
f 608 684 613
f 608 613 611
f 608 611 609
f 610 611 613
f 610 613 612
f 613 685 614
f 613 684 685
f 614 685 686
f 614 686 622
f 614 622 615
f 616 618 617
f 618 624 687
f 618 687 619
f 619 687 688
f 619 688 689
f 619 689 690
f 619 690 620
f 620 625 621
f 620 690 626
f 620 626 625
f 622 686 691
f 622 691 623
f 623 691 687
f 623 687 624
f 626 690 692
f 626 692 693
f 626 693 628
f 628 693 629
f 629 693 694
f 629 694 695
f 629 695 630
f 630 696 697
f 630 697 631
f 630 695 696
f 631 697 698
f 631 698 699
f 631 699 700
f 631 700 634
f 631 634 633
f 631 633 632
f 634 701 702
f 634 702 635
f 634 700 701
f 635 702 636
f 636 702 637
f 637 702 703
f 637 703 638
f 638 704 639
f 638 703 704
f 639 704 705
f 639 705 706
f 639 706 641
f 639 641 640
f 641 707 708
f 641 708 709
f 641 709 642
f 641 706 707
f 642 709 643
f 643 709 644
f 644 709 710
f 644 710 645
f 645 710 648
f 645 648 646
f 646 648 647
f 648 711 649
f 648 710 712
f 648 712 713
f 648 713 711
f 649 714 715
f 649 715 650
f 649 711 714
f 650 716 652
f 650 652 651
f 650 715 717
f 650 717 716
f 652 716 718
f 652 718 653
f 653 718 654
f 654 718 719
f 654 719 720
f 654 720 656
f 654 656 655
f 656 720 721
f 656 721 657
f 657 721 722
f 657 722 658
f 658 722 723
f 658 723 659
f 659 723 724
f 659 724 725
f 659 725 660
f 660 725 726
f 660 726 661
f 661 726 727
f 661 727 662
f 662 727 728
f 662 728 663
f 663 728 664
f 664 728 729
f 664 729 666
f 664 666 665
f 666 729 668
f 666 668 667
f 668 729 730
f 668 730 669
f 669 730 731
f 669 731 671
f 669 671 670
f 671 731 672
f 672 676 673
f 672 731 676
f 673 676 675
f 673 675 674
f 676 731 732
f 676 732 733
f 676 733 677
f 678 682 681
f 678 681 680
f 678 680 679
f 682 734 685
f 682 685 683
f 683 685 684
f 685 734 686
f 687 691 735
f 687 735 688
f 688 692 690
f 688 690 689
f 688 735 736
f 688 736 737
f 688 737 692
f 691 738 735
f 692 737 694
f 692 694 693
f 694 737 739
f 694 739 695
f 695 739 740
f 695 740 696
f 696 740 741
f 696 741 742
f 696 742 697
f 697 742 698
f 698 742 699
f 699 742 700
f 700 742 743
f 700 743 744
f 700 744 701
f 701 744 745
f 701 745 746
f 701 746 702
f 702 746 703
f 703 746 747
f 703 747 704
f 704 748 749
f 704 749 706
f 704 706 705
f 704 747 750
f 704 750 748
f 706 749 707
f 707 751 708
f 707 749 751
f 708 751 752
f 708 752 709
f 709 752 710
f 710 752 753
f 710 753 754
f 710 754 712
f 711 713 755
f 711 755 756
f 711 756 714
f 712 754 713
f 713 754 753
f 713 753 755
f 714 717 715
f 714 756 717
f 716 717 757
f 716 757 758
f 716 758 718
f 717 756 757
f 718 720 719
f 718 758 720
f 720 758 721
f 721 758 759
f 721 759 722
f 722 759 723
f 723 759 724
f 725 760 726
f 726 760 727
f 727 760 728
f 728 760 729
f 729 760 730
f 730 761 732
f 730 732 731
f 730 760 761
f 732 761 733
f 735 738 763
f 735 763 762
f 735 762 736
f 736 762 739
f 736 739 737
f 739 762 740
f 740 763 764
f 740 764 765
f 740 765 766
f 740 766 741
f 740 762 763
f 741 766 743
f 741 743 742
f 743 766 767
f 743 767 745
f 743 745 744
f 745 767 768
f 745 768 747
f 745 747 746
f 747 768 750
f 748 769 749
f 749 769 751
f 751 769 770
f 751 770 752
f 752 770 753
f 753 770 755
f 755 770 771
f 755 771 772
f 755 772 773
f 755 773 756
f 756 773 757
f 757 773 774
f 757 774 759
f 757 759 758
f 763 767 764
f 764 767 765
f 765 767 766
f 769 771 770
f 772 774 773
o convex_3
v -0.024621 -0.032351 -0.0471048
v -0.024621 -0.0287226 -0.0471048
v -0.0248518 -0.0321492 -0.0471048
v -0.024621 -0.0321565 -0.0656271
v -0.024621 -0.0286204 -0.0476755
v -0.0293445 -0.0200676 -0.051966
v -0.0293445 -0.0203716 -0.0506003
v -0.0293445 -0.0207322 -0.0490339
v -0.0293445 -0.0210055 -0.047867
v -0.0293445 -0.0211852 -0.0471048
v -0.0249317 -0.0320765 -0.0471048
v -0.0250543 -0.0316913 -0.0656271
v -0.024621 -0.0321541 -0.0657311
v -0.0251532 -0.0318735 -0.0471048
v -0.0258837 -0.0311904 -0.0471048
v -0.0262652 -0.0308088 -0.0471048
v -0.0265671 -0.0304937 -0.0471048
v -0.024621 -0.0285872 -0.047867
v -0.0293445 -0.0199851 -0.0533318
v -0.024621 -0.0284617 -0.0492327
v -0.0293445 -0.0267619 -0.0471048
v -0.0250991 -0.0316384 -0.0657311
v -0.0250529 -0.0316901 -0.0657311
v -0.0268371 -0.0301922 -0.0471048
v -0.024621 -0.0282758 -0.0657311
v -0.0293445 -0.0198694 -0.057429
v -0.024621 -0.028458 -0.0493713
v -0.0292178 -0.0269613 -0.0471048
v -0.0293445 -0.0258068 -0.0657311
v -0.0291998 -0.0260579 -0.0657311
v -0.0285275 -0.0271607 -0.0657311
v -0.0256627 -0.031007 -0.0657311
v -0.0271709 -0.0298106 -0.0471048
v -0.0293445 -0.0197783 -0.0657311
v -0.0293445 -0.019782 -0.0628938
v -0.024621 -0.0283201 -0.0563532
v -0.024621 -0.0283657 -0.0535761
v -0.024621 -0.0283386 -0.0549728
v -0.0291124 -0.0271238 -0.0471048
v -0.0281063 -0.0277921 -0.0657311
v -0.0289182 -0.0274229 -0.0471048
v -0.0263461 -0.030207 -0.0657311
v -0.0275524 -0.0293306 -0.0471048
v -0.026924 -0.0295239 -0.0657311
v -0.02639 -0.0301553 -0.0657311
v -0.024621 -0.0283238 -0.0560651
v -0.0280716 -0.0278438 -0.0657311
v -0.0283555 -0.0282561 -0.0471048
v -0.0278539 -0.0289392 -0.0471048
v -0.0273915 -0.0288432 -0.0657311
v -0.0274285 -0.0287891 -0.0657311
f 775 776 784
f 775 784 795
f 775 795 802
f 775 802 813
f 775 813 815
f 775 815 822
f 775 822 823
f 775 823 817
f 775 817 807
f 775 807 798
f 775 798 791
f 775 791 790
f 775 790 789
f 775 789 788
f 775 788 785
f 775 785 777
f 775 777 778
f 775 778 787
f 775 787 799
f 775 799 810
f 775 810 820
f 775 820 812
f 775 812 811
f 775 811 801
f 775 801 794
f 775 794 792
f 775 792 779
f 775 779 776
f 776 779 780
f 776 780 781
f 776 781 782
f 776 782 783
f 776 783 784
f 777 785 778
f 778 786 787
f 778 785 788
f 778 788 789
f 778 789 790
f 778 790 791
f 778 791 786
f 779 792 780
f 780 793 800
f 780 800 809
f 780 809 808
f 780 808 803
f 780 803 795
f 780 795 784
f 780 784 783
f 780 783 782
f 780 782 781
f 780 792 794
f 780 794 793
f 786 796 797
f 786 797 787
f 786 791 798
f 786 798 796
f 787 797 796
f 787 796 806
f 787 806 816
f 787 816 819
f 787 819 818
f 787 818 824
f 787 824 825
f 787 825 821
f 787 821 814
f 787 814 805
f 787 805 804
f 787 804 803
f 787 803 808
f 787 808 799
f 793 794 800
f 794 801 800
f 795 803 804
f 795 804 805
f 795 805 802
f 796 798 806
f 798 807 806
f 799 808 809
f 799 809 810
f 800 801 811
f 800 811 812
f 800 812 809
f 802 805 813
f 805 814 815
f 805 815 813
f 806 807 816
f 807 817 818
f 807 818 819
f 807 819 816
f 809 812 820
f 809 820 810
f 814 821 815
f 815 821 822
f 817 823 818
f 818 823 822
f 818 822 824
f 821 825 822
f 822 825 824
o convex_4
v -0.0293445 0.0045802 -0.0669957
v -0.0293445 0.0109441 -0.0669957
v -0.0259028 0.0111089 -0.0669957
v -0.0246212 0.0128683 -0.066986
v -0.0246212 0.0131486 -0.050599
v -0.0293445 0.00499086 -0.0478662
v -0.0293107 0.0110007 -0.0669957
v -0.0293445 0.0109454 -0.0669892
v -0.0259028 0.0155659 -0.0669957
v -0.0246212 0.0171396 -0.066986
v -0.0246212 0.0132003 -0.0492342
v -0.0293445 0.0050302 -0.0465014
v -0.0293445 0.0130884 -0.0377358
v -0.0293103 0.0110019 -0.0669892
v -0.0286279 0.0120962 -0.0669957
v -0.0259033 0.0157294 -0.0669957
v -0.0246212 0.0171396 -0.0656245
v -0.0251542 0.0165802 -0.066986
v -0.0293445 0.013145 -0.0353369
v -0.0246212 0.0132089 -0.0490267
v -0.0293445 0.00507938 -0.0459795
v -0.025765 0.0158991 -0.066986
v -0.0264484 0.0150716 -0.0669892
v -0.0269912 0.014388 -0.0669892
v -0.0276038 0.013563 -0.0669957
v -0.0281789 0.012781 -0.0669892
v -0.0286274 0.0120974 -0.0669892
v -0.0281785 0.012781 -0.0669957
v -0.0264479 0.0150704 -0.0669957
v -0.0259028 0.0157318 -0.0669892
v -0.0246212 0.01704 -0.0523625
v -0.0293445 0.0130405 -0.0346269
v -0.0246212 0.0169859 -0.050599
v -0.0246212 0.0170364 -0.0519638
v -0.0246212 0.0135126 -0.0477463
v -0.0253424 0.0125966 -0.0451367
v -0.0293445 0.00519372 -0.0449486
v -0.0293445 0.00516667 -0.0451367
v -0.0269912 0.0143868 -0.0669957
v -0.0293445 0.0127011 -0.0342055
v -0.0282853 0.0127306 -0.0363288
v -0.0246212 0.016445 -0.0493639
v -0.0246212 0.0168655 -0.0501257
v -0.0246212 0.0136257 -0.0477041
v -0.0254266 0.012722 -0.0440474
v -0.0293445 0.00542856 -0.0438659
v -0.0293445 0.00540397 -0.0439729
v -0.0293445 0.012197 -0.0338781
v -0.0282067 0.0118195 -0.03617
v -0.0267688 0.0129925 -0.0400277
v -0.0246212 0.0151306 -0.0480899
v -0.0254266 0.0130515 -0.0440474
v -0.0246212 0.0149253 -0.0479861
v -0.0267799 0.012197 -0.0400504
v -0.0268603 0.0114765 -0.0402708
v -0.0293445 0.00638389 -0.040676
v -0.0293445 0.0060925 -0.041467
v -0.0293445 0.0119105 -0.0339202
v -0.0282067 0.011447 -0.03617
v -0.0270152 0.012197 -0.0393631
v -0.0280504 0.0111667 -0.0369383
v -0.0278525 0.0107314 -0.0382415
v -0.0293445 0.00685602 -0.0397262
v -0.0293445 0.0109294 -0.0344778
v -0.0293445 0.00892283 -0.0368313
v -0.0293445 0.00783102 -0.0382707
v -0.0293445 0.010365 -0.0351035
v -0.0293445 0.00771053 -0.038436
f 826 827 832
f 826 832 840
f 826 840 853
f 826 853 850
f 826 850 864
f 826 864 854
f 826 854 841
f 826 841 834
f 826 834 828
f 826 828 829
f 826 829 830
f 826 830 831
f 826 831 837
f 826 837 846
f 826 846 863
f 826 863 862
f 826 862 872
f 826 872 871
f 826 871 882
f 826 882 881
f 826 881 888
f 826 888 893
f 826 893 891
f 826 891 890
f 826 890 892
f 826 892 889
f 826 889 883
f 826 883 873
f 826 873 865
f 826 865 857
f 826 857 844
f 826 844 838
f 826 838 833
f 826 833 827
f 827 833 832
f 828 834 835
f 828 835 829
f 829 835 842
f 829 842 856
f 829 856 859
f 829 859 858
f 829 858 868
f 829 868 867
f 829 867 876
f 829 876 878
f 829 878 869
f 829 869 860
f 829 860 845
f 829 845 836
f 829 836 830
f 830 836 837
f 830 837 831
f 832 833 838
f 832 838 839
f 832 839 852
f 832 852 840
f 834 841 835
f 835 841 843
f 835 843 838
f 835 838 844
f 835 844 842
f 836 845 837
f 837 845 846
f 838 843 847
f 838 847 848
f 838 848 849
f 838 849 850
f 838 850 851
f 838 851 852
f 838 852 839
f 840 852 851
f 840 851 853
f 841 854 855
f 841 855 847
f 841 847 843
f 842 844 856
f 844 857 858
f 844 858 859
f 844 859 856
f 845 860 861
f 845 861 862
f 845 862 863
f 845 863 846
f 847 855 848
f 848 855 854
f 848 854 864
f 848 864 849
f 849 864 850
f 850 853 851
f 857 865 866
f 857 866 867
f 857 867 868
f 857 868 858
f 860 869 870
f 860 870 861
f 861 870 871
f 861 871 872
f 861 872 862
f 865 873 866
f 866 873 874
f 866 874 875
f 866 875 867
f 867 875 876
f 869 877 870
f 869 878 877
f 870 877 875
f 870 875 879
f 870 879 880
f 870 880 881
f 870 881 882
f 870 882 871
f 873 883 884
f 873 884 874
f 874 884 885
f 874 885 875
f 875 885 879
f 875 877 876
f 876 877 878
f 879 885 884
f 879 884 880
f 880 884 886
f 880 886 887
f 880 887 888
f 880 888 881
f 883 889 884
f 884 890 891
f 884 891 886
f 884 889 892
f 884 892 890
f 886 891 893
f 886 893 888
f 886 888 887
o convex_5
v -0.0293445 -0.0197785 -0.0657316
v -0.024621 -0.0176336 -0.0687445
v -0.0293445 -0.0176336 -0.0675534
v -0.0293445 -0.0258053 -0.0657316
v -0.024621 -0.0282757 -0.0657316
v -0.024621 -0.0176336 -0.0713777
v -0.0293445 -0.0176336 -0.0710367
v -0.0293445 -0.0257711 -0.066994
v -0.0291804 -0.0260568 -0.066994
v -0.0291998 -0.0260568 -0.0657316
v -0.024621 -0.0321547 -0.0657316
v -0.0275667 -0.0178596 -0.0713772
v -0.0275667 -0.0176336 -0.0713772
v -0.024621 -0.0235381 -0.0713772
v -0.0248346 -0.0233249 -0.0713772
v -0.0262009 -0.020593 -0.0713772
v -0.0291364 -0.0176336 -0.0711367
v -0.0293445 -0.0178596 -0.0709963
v -0.0293445 -0.024725 -0.0682974
v -0.0284226 -0.0269964 -0.0678867
v -0.0285187 -0.0271428 -0.066994
v -0.0285275 -0.0271599 -0.0657316
v -0.0250214 -0.031724 -0.0657316
v -0.024621 -0.0321348 -0.0664712
v -0.0275667 -0.019227 -0.0713633
v -0.0277924 -0.0176336 -0.07137
v -0.024621 -0.0249027 -0.0713059
v -0.0262009 -0.0219589 -0.0713556
v -0.028933 -0.0176336 -0.0712163
v -0.028933 -0.0178596 -0.0711931
v -0.0293445 -0.0188063 -0.0708117
v -0.0287097 -0.020593 -0.0707697
v -0.0292155 -0.0248046 -0.0683886
v -0.0286186 -0.0259275 -0.0683493
v -0.0293445 -0.0240527 -0.0686909
v -0.0282584 -0.0253874 -0.0690502
v -0.0279463 -0.0262971 -0.068797
v -0.0267271 -0.0278819 -0.0689319
v -0.0271275 -0.0287888 -0.0679442
v -0.0268921 -0.0294824 -0.0676888
v -0.0280573 -0.0278251 -0.066994
v -0.0281063 -0.0277924 -0.0657316
v -0.0250529 -0.0316899 -0.0657316
v -0.0250362 -0.0316714 -0.066994
v -0.024621 -0.0321191 -0.066994
v -0.0275667 -0.020593 -0.0712534
v -0.024621 -0.0264676 -0.0709477
v -0.0248346 -0.0246909 -0.0712987
v -0.0262009 -0.0233249 -0.0712124
v -0.0293445 -0.0191119 -0.0707255
v -0.0276828 -0.0220584 -0.0708847
v -0.0273235 -0.0233249 -0.0707288
v -0.0284582 -0.021669 -0.0705851
v -0.0293445 -0.0199946 -0.0704657
v -0.0293445 -0.0237059 -0.0688888
v -0.0284489 -0.0246909 -0.0692127
v -0.0282159 -0.0225801 -0.0703811
v -0.0280069 -0.0233249 -0.0702109
v -0.0270489 -0.0242559 -0.0705409
v -0.0258162 -0.0284732 -0.0692475
v -0.0254422 -0.0293829 -0.0689944
v -0.0262435 -0.0288726 -0.068681
v -0.025506 -0.0267235 -0.070401
v -0.0261098 -0.0300254 -0.0679834
v -0.0255938 -0.0309266 -0.0677695
v -0.0256465 -0.0309877 -0.066994
v -0.0263299 -0.0301889 -0.066994
v -0.0269111 -0.0295066 -0.066994
v -0.0274012 -0.0287888 -0.066994
v -0.0274285 -0.0287888 -0.0657316
v -0.0280716 -0.0278435 -0.0657316
v -0.0250991 -0.0316387 -0.0657316
v -0.024621 -0.0320296 -0.0674379
v -0.024621 -0.0271726 -0.0706995
v -0.0249641 -0.0261834 -0.0708996
v -0.0262481 -0.0247037 -0.0708128
v -0.0293445 -0.0207437 -0.0701844
v -0.0293445 -0.0206484 -0.0702247
v -0.0293445 -0.020593 -0.0702452
v -0.0289506 -0.0232325 -0.0694509
v -0.0293445 -0.0229426 -0.0692409
v -0.0289214 -0.0220584 -0.0700053
v -0.0293445 -0.0220115 -0.0696471
v -0.0293445 -0.0235637 -0.0689546
v -0.0258246 -0.0258124 -0.0706277
v -0.0252175 -0.0274228 -0.0702148
v -0.024621 -0.0285784 -0.0699727
v -0.024621 -0.0298719 -0.0692591
v -0.024621 -0.0305044 -0.0688916
v -0.0249257 -0.0302898 -0.0687954
v -0.024621 -0.0273603 -0.0706271
v -0.024621 -0.0278762 -0.0703568
v -0.0247718 -0.0314383 -0.0680846
v -0.024621 -0.0317069 -0.0680017
v -0.0256627 -0.0310062 -0.0657316
v -0.0262943 -0.030267 -0.0657316
v -0.02639 -0.0301547 -0.0657316
v -0.026924 -0.0295236 -0.0657316
v -0.0273915 -0.0288428 -0.0657316
v -0.024621 -0.0314639 -0.0681819
f 894 895 896
f 894 896 900
f 894 900 911
f 894 911 924
f 894 924 943
f 894 943 947
f 894 947 972
f 894 972 971
f 894 971 970
f 894 970 976
f 894 976 974
f 894 974 977
f 894 977 948
f 894 948 928
f 894 928 912
f 894 912 901
f 894 901 897
f 894 897 903
f 894 903 915
f 894 915 935
f 894 935 964
f 894 964 963
f 894 963 992
f 894 992 991
f 894 991 990
f 894 990 989
f 894 989 988
f 894 988 965
f 894 965 936
f 894 936 916
f 894 916 904
f 894 904 898
f 894 898 895
f 895 899 906
f 895 906 919
f 895 919 922
f 895 922 910
f 895 910 900
f 895 900 896
f 895 898 904
f 895 904 917
f 895 917 938
f 895 938 966
f 895 966 987
f 895 987 993
f 895 993 982
f 895 982 981
f 895 981 980
f 895 980 985
f 895 985 984
f 895 984 967
f 895 967 940
f 895 940 920
f 895 920 907
f 895 907 899
f 897 901 902
f 897 902 903
f 899 905 906
f 899 907 908
f 899 908 909
f 899 909 905
f 900 910 911
f 901 912 913
f 901 913 902
f 902 913 914
f 902 914 903
f 903 914 915
f 904 916 917
f 905 918 919
f 905 919 906
f 905 909 918
f 907 920 908
f 908 921 918
f 908 918 909
f 908 920 921
f 910 922 923
f 910 923 911
f 911 923 925
f 911 925 924
f 912 926 927
f 912 927 913
f 912 928 926
f 913 927 929
f 913 929 930
f 913 930 931
f 913 931 932
f 913 932 933
f 913 933 914
f 914 933 934
f 914 934 935
f 914 935 915
f 916 936 937
f 916 937 917
f 917 937 938
f 918 922 919
f 918 921 939
f 918 939 922
f 920 940 941
f 920 941 921
f 921 941 942
f 921 942 939
f 922 939 923
f 923 939 925
f 924 925 943
f 925 939 944
f 925 944 945
f 925 945 946
f 925 946 947
f 925 947 943
f 926 928 929
f 926 929 927
f 928 948 929
f 929 948 949
f 929 949 950
f 929 950 951
f 929 951 952
f 929 952 931
f 929 931 930
f 931 953 954
f 931 954 955
f 931 955 933
f 931 933 932
f 931 952 956
f 931 956 953
f 933 957 958
f 933 958 959
f 933 959 960
f 933 960 961
f 933 961 962
f 933 962 934
f 933 955 957
f 934 962 963
f 934 963 964
f 934 964 935
f 936 965 937
f 937 965 959
f 937 959 958
f 937 958 938
f 938 958 966
f 939 942 944
f 940 967 968
f 940 968 942
f 940 942 941
f 942 945 944
f 942 968 969
f 942 969 945
f 945 969 952
f 945 952 946
f 946 970 971
f 946 971 972
f 946 972 947
f 946 952 950
f 946 950 973
f 946 973 974
f 946 974 975
f 946 975 976
f 946 976 970
f 948 977 973
f 948 973 949
f 949 973 950
f 950 952 951
f 952 969 978
f 952 978 956
f 953 956 979
f 953 979 980
f 953 980 954
f 954 981 982
f 954 982 983
f 954 983 955
f 954 980 981
f 955 983 957
f 956 978 984
f 956 984 985
f 956 985 979
f 957 983 958
f 958 986 987
f 958 987 966
f 958 983 986
f 959 988 960
f 959 965 988
f 960 989 990
f 960 990 961
f 960 988 989
f 961 991 992
f 961 992 963
f 961 963 962
f 961 990 991
f 967 978 968
f 967 984 978
f 968 978 969
f 973 977 974
f 974 976 975
f 979 985 980
f 982 993 986
f 982 986 983
f 986 993 987
o convex_6
v 0.031183 -0.0384623 -0.013575
v 0.031183 -0.0383712 -0.0123401
v 0.0301296 -0.0381017 -0.013575
v 0.0313368 -0.0384284 -0.013575
v 0.0325489 -0.0382241 -0.0109738
v 0.0325489 -0.038215 -0.0096074
v 0.0325489 -0.0381785 -0.00824103
v 0.0325489 -0.0381303 -0.00687466
v 0.0325489 -0.0380314 -0.00550829
v 0.0318457 -0.0376878 -0.00333817
v 0.0300369 -0.0380588 -0.013575
v 0.0324375 -0.0380679 -0.013575
v 0.0333902 -0.0378166 -0.0109738
v 0.033479 -0.0378713 -0.0096074
v 0.03355 -0.0378987 -0.00824103
v 0.0336121 -0.0379039 -0.00687466
v 0.0326683 -0.0380614 -0.0124096
v 0.0336259 -0.0378726 -0.00550829
v 0.0335549 -0.0378062 -0.00414557
v 0.0334099 -0.0377346 -0.00302763
v 0.0325489 -0.0378791 -0.00414557
v 0.0325489 -0.037732 -0.00304225
v 0.03247 -0.0364876 0.00275204
v 0.0318191 -0.036364 0.00233921
v 0.0299107 -0.0369823 -0.013575
v 0.0318576 -0.0349478 0.00749416
v 0.0302746 -0.0310974 0.0108809
v 0.0301464 -0.0301563 0.0108809
v 0.0331131 -0.0375511 -0.013575
v 0.0332028 -0.0376409 -0.0129101
v 0.0333034 -0.0377424 -0.0119967
v 0.0341605 -0.0368859 -0.011003
v 0.0341615 -0.0371176 -0.0096074
v 0.0342956 -0.037348 -0.00687466
v 0.0343094 -0.0374222 -0.00550829
v 0.0342384 -0.037434 -0.00414557
v 0.0338853 -0.0374483 -0.00265499
v 0.0339159 -0.0372387 -0.00141283
v 0.0346309 -0.0363314 0.00214193
v 0.0339159 -0.0367454 0.00131991
v 0.033475 -0.0363692 0.00358867
v 0.0328734 -0.0363692 0.00358867
v 0.0319621 -0.0362 0.00324891
v 0.0296957 -0.0251657 -0.00141283
v 0.0297036 -0.0251657 -0.0027792
v 0.0297144 -0.0251657 -0.00414557
v 0.0297282 -0.0251657 -0.00550829
v 0.0297647 -0.0251657 -0.00687466
v 0.0298199 -0.0251657 -0.00824103
v 0.0298998 -0.0251657 -0.0096074
v 0.0301286 -0.0251657 -0.0128151
v 0.0302085 -0.0251657 -0.013575
v 0.0297401 -0.0251657 0.00631045
v 0.0297164 -0.0251657 0.00494774
v 0.0297026 -0.0251657 0.00358137
v 0.0297115 -0.0260573 0.00131991
v 0.0296937 -0.0251657 0.00221499
v 0.0297055 -0.0260573 -4.64572e-05
v 0.0325489 -0.0350246 0.00769509
v 0.0330855 -0.0335953 0.0116188
v 0.0325982 -0.0337502 0.0108845
v 0.0321741 -0.0334014 0.0113375
v 0.0318142 -0.0336409 0.0104278
v 0.030389 -0.0309516 0.0118088
v 0.0303436 -0.0296447 0.0146183
v 0.0302638 -0.0298244 0.0136136
v 0.0301425 -0.0287908 0.0136136
v 0.0337019 -0.0368755 -0.013575
v 0.0337443 -0.0371059 -0.0124096
v 0.0346408 -0.0363627 -0.0105646
v 0.0345017 -0.0361687 -0.0123401
v 0.0348459 -0.0366647 -0.00687466
v 0.0349041 -0.0367389 -0.00550829
v 0.0349219 -0.0367506 -0.00414557
v 0.0349189 -0.0367128 -0.0027792
v 0.0348765 -0.036623 -0.00141283
v 0.0347976 -0.0365124 -4.64572e-05
v 0.034701 -0.0364017 0.00131991
v 0.0350067 -0.0357066 0.00263513
v 0.0349791 -0.0353903 0.00405266
v 0.0348331 -0.035186 0.00541537
v 0.0347029 -0.0350376 0.00644563
v 0.0345067 -0.034897 0.00735533
v 0.0343853 -0.0362208 0.00305162
v 0.0339248 -0.0364681 0.00263513
v 0.0339968 -0.0352094 0.00685481
v 0.0335963 -0.0350441 0.00774259
v 0.0296927 -0.0251657 -4.64572e-05
v 0.0388511 -0.0251657 -0.013575
v 0.0297795 -0.0251657 0.00767683
v 0.0296927 -0.0251657 0.000848625
v 0.0333271 -0.0335953 0.0116188
v 0.0330943 -0.0322286 0.0143443
v 0.032183 -0.0320671 0.0140885
v 0.0318013 -0.0323014 0.0131788
v 0.0318023 -0.0309282 0.0158531
v 0.0303742 -0.0282441 0.0172451
v 0.0302825 -0.028455 0.0163463
v 0.0302509 -0.027454 0.0177054
v 0.0301523 -0.0274241 0.0163463
v 0.0343143 -0.0361128 -0.013575
v 0.0343922 -0.0360151 -0.013575
v 0.0349741 -0.0354853 -0.0123401
v 0.0350067 -0.0357327 -0.011003
v 0.0355984 -0.0354866 -0.00676506
v 0.0355876 -0.0356572 -0.00550829
v 0.0357602 -0.0345664 -0.0109738
v 0.0358184 -0.0346926 -0.0096074
v 0.0356053 -0.0357053 -0.00414557
v 0.0356024 -0.0356962 -0.0027792
v 0.035627 -0.0355023 -0.00142744
v 0.035415 -0.0356207 -4.64572e-05
v 0.0352552 -0.0356207 0.00131991
v 0.0356626 -0.0344544 0.00405266
v 0.0355807 -0.034168 0.00543364
v 0.0350964 -0.0343659 0.00685481
v 0.034984 -0.0340535 0.00814811
v 0.0347927 -0.0337854 0.00951448
v 0.0346585 -0.0336279 0.0103511
v 0.0342384 -0.0334391 0.0112645
v 0.033836 -0.0337424 0.010837
v 0.0388827 -0.0251657 -0.0133704
v 0.0388403 -0.0252099 -0.013575
v 0.0301908 -0.0251657 0.0200472
v 0.033836 -0.0331645 0.0121449
v 0.0338321 -0.0324381 0.0136026
v 0.0333202 -0.0322286 0.0143443
v 0.0335667 -0.0295927 0.018564
v 0.0325489 -0.0306691 0.016803
v 0.0325489 -0.0310883 0.0161198
v 0.0318546 -0.0294872 0.0184178
v 0.0305143 -0.0267016 0.019733
v 0.0303111 -0.027018 0.0188197
v 0.0348647 -0.0353317 -0.013575
v 0.0356566 -0.0343932 -0.0123401
v 0.0359348 -0.0348879 -0.00714867
v 0.0359851 -0.0349738 -0.00550829
v 0.0360137 -0.0350219 -0.00414557
v 0.0359673 -0.0349425 -0.00623897
v 0.0359821 -0.0336031 -0.0131366
v 0.0360383 -0.0337099 -0.0123401
v 0.0361291 -0.033883 -0.0109738
v 0.0362139 -0.0340092 -0.0096074
v 0.0362819 -0.034116 -0.00824103
v 0.0360087 -0.0350141 -0.0027792
v 0.0359821 -0.0349686 -0.00189508
v 0.0359407 -0.0348944 -0.000985383
v 0.0358983 -0.0348163 -4.64572e-05
v 0.0358361 -0.0347017 0.00131991
v 0.0357671 -0.0345859 0.00268628
v 0.0360768 -0.033771 0.00405266
v 0.0360156 -0.0336565 0.00499158
v 0.0359219 -0.0334951 0.00590128
v 0.0358273 -0.0333324 0.00678174
v 0.0356675 -0.0330785 0.00814811
v 0.0355245 -0.0327753 0.00944142
v 0.0350126 -0.0329445 0.010837
v 0.0348666 -0.0325253 0.0122472
v 0.034698 -0.0323093 0.0131423
v 0.0342315 -0.0320671 0.014052
v 0.0386411 -0.026522 -0.012647
v 0.0390425 -0.0251657 -0.0123109
v 0.0388196 -0.0260625 -0.0122525
v 0.0385937 -0.0261575 -0.013575
v 0.030315 -0.0251657 0.0211177
v 0.0338321 -0.0317756 0.0148704
v 0.0339159 -0.0310883 0.0160943
v 0.0339159 -0.0306704 0.0167774
v 0.03398 -0.0299558 0.0178004
v 0.0344781 -0.0294156 0.0183155
v 0.03398 -0.0290993 0.0190425
v 0.0339159 -0.0283652 0.0200984
v 0.0325489 -0.0283717 0.020113
v 0.0325489 -0.0290551 0.0192216
v 0.0325489 -0.0295731 0.0185384
v 0.0325489 -0.0278133 0.0207962
v 0.0317984 -0.0282051 0.0198974
v 0.0304285 -0.0254559 0.02122
v 0.0303841 -0.0251657 0.0214026
v 0.0355915 -0.0341498 -0.013575
v 0.0362514 -0.034362 -0.00676506
v 0.0363667 -0.034254 -0.00550829
v 0.0364092 -0.034254 -0.00414557
v 0.0364535 -0.0328872 -0.0123401
v 0.0359466 -0.0335367 -0.013575
v 0.0361981 -0.0330434 -0.013575
v 0.0366212 -0.0328872 -0.0109738
v 0.036777 -0.0328872 -0.0096074
v 0.0369072 -0.0328872 -0.00824103
v 0.0370581 -0.0327727 -0.00686735
v 0.0363963 -0.034254 -0.0027792
v 0.0362612 -0.0343646 -0.00142744
v 0.0372623 -0.0320711 0.00131991
v 0.0368234 -0.0328872 0.00131991
v 0.0362701 -0.0341329 -4.64572e-05
v 0.036208 -0.0340197 0.00131991
v 0.0361448 -0.0339025 0.00268628
v 0.0365393 -0.0328872 0.00405266
v 0.0366962 -0.0328872 0.00268628
v 0.0371991 -0.0319448 0.00268628
v 0.0371104 -0.0317495 0.00405266
v 0.0371202 -0.0303945 0.00814811
v 0.0370473 -0.0300743 0.00954006
v 0.0365462 -0.031523 0.00814811
v 0.0360738 -0.0323952 0.00814811
v 0.035988 -0.0322455 0.00893725
v 0.0358815 -0.0320658 0.00984694
v 0.0357553 -0.0318446 0.0108809
v 0.0355915 -0.0314541 0.0122436
v 0.0350392 -0.0315764 0.0136026
v 0.0348489 -0.0311443 0.01498
v 0.0346842 -0.0309282 0.0158166
v 0.0382594 -0.0274137 -0.013575
v 0.0390109 -0.0260573 -0.0109738
v 0.0387081 -0.0267797 -0.0117373
v 0.0391085 -0.0251657 -0.0118689
v 0.0346793 -0.028196 0.0198755
v 0.0339159 -0.0278042 0.0207816
v 0.0325489 -0.0265493 0.0222758
v 0.0317629 -0.0269086 0.0213369
v 0.0317244 -0.0256173 0.0227544
v 0.0315015 -0.0251657 0.0229444
v 0.0307076 -0.0251657 0.0218812
v 0.0370295 -0.0329523 -0.00550829
v 0.0370423 -0.0329354 -0.00414557
v 0.0373609 -0.0322689 -0.00550829
v 0.0362405 -0.0329562 -0.013575
v 0.0368362 -0.0316571 -0.013575
v 0.0371005 -0.0314462 -0.0123767
v 0.037139 -0.0317665 -0.0109738
v 0.03721 -0.0319292 -0.0096074
v 0.0372721 -0.0320671 -0.00824103
v 0.0373106 -0.032157 -0.00731672
v 0.0373471 -0.0322403 -0.00640337
v 0.0372997 -0.0321348 -4.64572e-05
v 0.0375838 -0.031389 0.00131991
v 0.0375404 -0.0312627 0.00268628
v 0.0374398 -0.0310675 0.00405266
v 0.0373727 -0.029564 0.009098
v 0.0373007 -0.0294 0.0100077
v 0.036707 -0.0301563 0.0108809
v 0.0362602 -0.0315764 0.00944142
v 0.0361537 -0.0311625 0.0108809
v 0.0360285 -0.0309529 0.0117832
v 0.0358953 -0.0307147 0.0126966
v 0.0357572 -0.0304674 0.0136136
v 0.0355649 -0.0300704 0.0149361
v 0.0349889 -0.0301706 0.0163025
v 0.0347976 -0.0297241 0.0174058
v 0.0378688 -0.0287908 -0.013575
v 0.0392377 -0.0251657 -0.0109738
v 0.039289 -0.0251657 -0.0105025
v 0.0391588 -0.0260573 -0.0096074
v 0.0388354 -0.0272184 -0.0096074
v 0.0387565 -0.0269398 -0.0109738
v 0.0380256 -0.0287908 -0.0123401
v 0.0349169 -0.0273798 0.020376
v 0.0347177 -0.0268956 0.021304
v 0.0339159 -0.0265194 0.0222502
v 0.0339159 -0.0271208 0.021567
v 0.0348726 -0.0284719 0.0190791
v 0.0355639 -0.0273551 0.0190279
v 0.0339159 -0.025836 0.0229919
v 0.0325489 -0.025866 0.0230138
v 0.0325489 -0.025219 0.023697
v 0.0325489 -0.0251657 0.0237481
v 0.037352 -0.032252 -0.00414557
v 0.0376597 -0.031523 -0.00550829
v 0.0376568 -0.031523 -0.00414557
v 0.0369003 -0.0315152 -0.013575
v 0.0373727 -0.0309399 -0.0119456
v 0.0374358 -0.0310831 -0.0109738
v 0.0375029 -0.0312471 -0.0096074
v 0.0375532 -0.0313851 -0.00824103
v 0.0375572 -0.0316311 -0.00686735
v 0.0381045 -0.0301563 0.00131991
v 0.0380108 -0.0301563 0.00268628
v 0.0378491 -0.0301563 0.00405266
v 0.0378688 -0.0287908 0.00814811
v 0.0384813 -0.0273616 0.00821388
v 0.0386785 -0.0266834 0.00871074
v 0.038217 -0.0274241 0.00951448
v 0.0374901 -0.0284967 0.0108809
v 0.0372928 -0.0280176 0.0127587
v 0.0372011 -0.02918 0.0108809
v 0.0370571 -0.0287362 0.0122801
v 0.0366597 -0.0287908 0.0136136
v 0.0362977 -0.0302175 0.0122436
v 0.036133 -0.029784 0.0136136
v 0.0360097 -0.0295575 0.0144502
v 0.0358746 -0.0293037 0.0153636
v 0.0357553 -0.0288247 0.0164779
v 0.0351605 -0.0288924 0.0178004
v 0.0377653 -0.0301563 -0.0109738
v 0.037495 -0.0299545 -0.013575
v 0.0393739 -0.0251657 -0.0096074
v 0.0386835 -0.0280632 -0.00876712
v 0.0394005 -0.0251657 -0.00913611
v 0.0392358 -0.0260573 -0.00824103
v 0.03872 -0.0281843 -0.00785742
v 0.0386351 -0.0279018 -0.0096074
v 0.0381963 -0.0287908 -0.0109738
v 0.035631 -0.0260378 0.0204418
v 0.0349741 -0.026043 0.0217789
v 0.0347473 -0.025577 0.0227215
v 0.0358351 -0.0278471 0.0177127
v 0.0360196 -0.0268552 0.0185384
v 0.0358421 -0.0264791 0.0194517
v 0.0339159 -0.0251839 0.0236751
v 0.0339159 -0.0251657 0.0236897
v 0.0381105 -0.0301563 -0.00687466
v 0.0381469 -0.0301563 -0.00550829
v 0.0381677 -0.0301563 -0.00414557
v 0.0388166 -0.0284472 -0.00141283
v 0.038571 -0.0291306 -0.00141283
v 0.0385553 -0.0291202 -4.64572e-05
v 0.0372524 -0.0306301 -0.013575
v 0.0373057 -0.0307707 -0.0128553
v 0.0375512 -0.0302513 -0.0123767
v 0.0379162 -0.0301563 -0.0096074
v 0.0380325 -0.0301563 -0.00824103
v 0.0385336 -0.0290264 0.00131991
v 0.0388255 -0.0284368 -4.64572e-05
v 0.0387841 -0.0283444 0.00131991
v 0.0386105 -0.0278523 0.00541537
v 0.0385385 -0.0276974 0.00678174
v 0.0380661 -0.0287908 0.00678174
v 0.0387456 -0.0268657 0.00780104
v 0.0389093 -0.0261601 0.00821388
v 0.0388363 -0.0257983 0.00951448
v 0.0387614 -0.0255418 0.0105119
v 0.0385957 -0.0264817 0.00951448
v 0.0379024 -0.0260573 0.0136136
v 0.0374802 -0.0271 0.0136136
v 0.0373836 -0.0268539 0.0145087
v 0.0372642 -0.0265962 0.0154184
v 0.0371735 -0.0277833 0.0136136
v 0.0370049 -0.0273551 0.014969
v 0.0362523 -0.0288247 0.0149361
v 0.0361143 -0.0283925 0.0161125
v 0.0359614 -0.0281022 0.0170222
v 0.0383649 -0.0287908 -0.0096074
v 0.0385257 -0.0286997 -0.00828487
v 0.0396766 -0.0251657 -0.00414557
v 0.0394528 -0.0260573 -0.00414557
v 0.0387417 -0.0282493 -0.00687466
v 0.0385227 -0.0289314 -0.00687466
v 0.0358657 -0.0251657 0.0209021
v 0.0354357 -0.0251657 0.0218228
v 0.0351872 -0.0251657 0.0223087
v 0.0348657 -0.0251657 0.0229334
v 0.0339317 -0.0251657 0.0236824
v 0.0361774 -0.0271637 0.0177127
v 0.0362109 -0.0260378 0.0190279
v 0.036709 -0.0260573 0.0177127
v 0.0360541 -0.0255692 0.0199815
v 0.0391431 -0.0274241 -0.00141283
v 0.0391539 -0.0274241 -4.64572e-05
v 0.0390878 -0.0274241 0.00131991
v 0.0387929 -0.027014 0.00678174
v 0.0391046 -0.0260573 0.00678174
v 0.0393778 -0.0251657 0.00678174
v 0.0393245 -0.0251657 0.00724572
v 0.0392052 -0.0251657 0.00817003
v 0.0390247 -0.0251657 0.00951448
v 0.0388442 -0.0251657 0.0107201
v 0.0386904 -0.0251657 0.0115385
v 0.0386144 -0.0251657 0.0119075
v 0.0382554 -0.0251657 0.0136282
v 0.0375818 -0.0261068 0.014969
v 0.0374615 -0.025685 0.0160796
v 0.0371469 -0.0261068 0.0164596
v 0.0364259 -0.0275568 0.0164779
v 0.0397476 -0.0251657 -0.00270613
v 0.039505 -0.0260573 -0.0027792
v 0.0361537 -0.0251657 0.020197
v 0.0370552 -0.0251657 0.0178808
v 0.0366251 -0.0251657 0.0189951
v 0.0373165 -0.0253401 0.0169893
v 0.0372366 -0.0251657 0.0174095
v 0.0364003 -0.0251657 0.0195686
v 0.0395376 -0.0260573 -0.00141283
v 0.0395169 -0.0260573 -4.64572e-05
v 0.0394695 -0.0260573 0.00131991
v 0.0394113 -0.0260573 0.00268628
v 0.0394981 -0.0251657 0.00541537
v 0.0393166 -0.0260573 0.00405266
v 0.0392111 -0.0260573 0.00541537
v 0.0394606 -0.0251657 0.00589031
v 0.0381469 -0.0251657 0.0141141
v 0.0379477 -0.0251657 0.0149763
v 0.0378126 -0.0251657 0.0155024
v 0.0375877 -0.0251657 0.0163062
v 0.0374349 -0.0251657 0.016814
v 0.0397605 -0.0251657 -0.00215447
v 0.0373422 -0.0251657 0.0171172
v 0.0397674 -0.0251657 -0.00146763
v 0.0397585 -0.0251657 -0.000915969
v 0.0397319 -0.0251657 -4.64572e-05
v 0.0396421 -0.0251657 0.00268628
v 0.0395839 -0.0251657 0.00405266
f 994 995 996
f 994 996 1004
f 994 1004 1018
f 994 1018 1045
f 994 1045 1082
f 994 1082 1116
f 994 1116 1157
f 994 1157 1206
f 994 1206 1243
f 994 1243 1288
f 994 1288 1310
f 994 1310 1263
f 994 1263 1221
f 994 1221 1220
f 994 1220 1179
f 994 1179 1178
f 994 1178 1173
f 994 1173 1127
f 994 1127 1095
f 994 1095 1094
f 994 1094 1061
f 994 1061 1022
f 994 1022 1005
f 994 1005 997
f 994 997 998
f 994 998 999
f 994 999 1000
f 994 1000 1001
f 994 1001 1002
f 994 1002 995
f 995 1002 1003
f 995 1003 996
f 996 1003 1004
f 997 1005 998
f 998 1006 1007
f 998 1007 1008
f 998 1008 1009
f 998 1009 999
f 998 1005 1010
f 998 1010 1006
f 999 1009 1011
f 999 1011 1000
f 1000 1011 1001
f 1001 1011 1012
f 1001 1012 1002
f 1002 1012 1013
f 1002 1013 1014
f 1002 1014 1003
f 1003 1014 1015
f 1003 1015 1016
f 1003 1016 1017
f 1003 1017 1004
f 1004 1017 1019
f 1004 1019 1020
f 1004 1020 1021
f 1004 1021 1018
f 1005 1022 1023
f 1005 1023 1024
f 1005 1024 1006
f 1005 1006 1010
f 1006 1024 1025
f 1006 1025 1026
f 1006 1026 1027
f 1006 1027 1007
f 1007 1027 1008
f 1008 1027 1028
f 1008 1028 1009
f 1009 1028 1011
f 1011 1028 1029
f 1011 1029 1012
f 1012 1029 1030
f 1012 1030 1013
f 1013 1015 1014
f 1013 1030 1031
f 1013 1031 1032
f 1013 1032 1033
f 1013 1033 1034
f 1013 1034 1035
f 1013 1035 1015
f 1015 1035 1016
f 1016 1035 1036
f 1016 1036 1017
f 1017 1036 1019
f 1018 1037 1038
f 1018 1038 1039
f 1018 1039 1040
f 1018 1040 1041
f 1018 1041 1042
f 1018 1042 1043
f 1018 1043 1044
f 1018 1044 1045
f 1018 1021 1046
f 1018 1046 1047
f 1018 1047 1048
f 1018 1048 1049
f 1018 1049 1050
f 1018 1050 1051
f 1018 1051 1037
f 1019 1036 1035
f 1019 1035 1052
f 1019 1052 1053
f 1019 1053 1054
f 1019 1054 1055
f 1019 1055 1056
f 1019 1056 1057
f 1019 1057 1020
f 1020 1057 1058
f 1020 1058 1059
f 1020 1059 1021
f 1021 1059 1060
f 1021 1060 1046
f 1022 1061 1023
f 1023 1061 1024
f 1024 1061 1062
f 1024 1062 1025
f 1025 1063 1026
f 1025 1062 1064
f 1025 1064 1063
f 1026 1063 1065
f 1026 1065 1027
f 1027 1065 1066
f 1027 1066 1028
f 1028 1066 1067
f 1028 1067 1068
f 1028 1068 1029
f 1029 1068 1069
f 1029 1069 1070
f 1029 1070 1071
f 1029 1071 1030
f 1030 1071 1032
f 1030 1032 1031
f 1032 1072 1073
f 1032 1073 1074
f 1032 1074 1075
f 1032 1075 1076
f 1032 1076 1077
f 1032 1077 1078
f 1032 1078 1033
f 1032 1071 1072
f 1033 1078 1034
f 1034 1078 1077
f 1034 1077 1076
f 1034 1076 1079
f 1034 1079 1080
f 1034 1080 1035
f 1035 1080 1052
f 1037 1051 1081
f 1037 1081 1084
f 1037 1084 1050
f 1037 1050 1048
f 1037 1048 1047
f 1037 1047 1046
f 1037 1046 1083
f 1037 1083 1117
f 1037 1117 1158
f 1037 1158 1172
f 1037 1172 1216
f 1037 1216 1215
f 1037 1215 1259
f 1037 1259 1303
f 1037 1303 1345
f 1037 1345 1344
f 1037 1344 1343
f 1037 1343 1342
f 1037 1342 1341
f 1037 1341 1369
f 1037 1369 1374
f 1037 1374 1371
f 1037 1371 1370
f 1037 1370 1373
f 1037 1373 1389
f 1037 1389 1387
f 1037 1387 1386
f 1037 1386 1385
f 1037 1385 1384
f 1037 1384 1383
f 1037 1383 1362
f 1037 1362 1361
f 1037 1361 1360
f 1037 1360 1359
f 1037 1359 1358
f 1037 1358 1357
f 1037 1357 1356
f 1037 1356 1355
f 1037 1355 1382
f 1037 1382 1379
f 1037 1379 1394
f 1037 1394 1393
f 1037 1393 1392
f 1037 1392 1391
f 1037 1391 1390
f 1037 1390 1388
f 1037 1388 1367
f 1037 1367 1337
f 1037 1337 1291
f 1037 1291 1289
f 1037 1289 1245
f 1037 1245 1244
f 1037 1244 1209
f 1037 1209 1155
f 1037 1155 1115
f 1037 1115 1082
f 1037 1082 1045
f 1037 1045 1044
f 1037 1044 1043
f 1037 1043 1042
f 1037 1042 1041
f 1037 1041 1040
f 1037 1040 1039
f 1037 1039 1038
f 1046 1060 1083
f 1048 1050 1049
f 1050 1084 1051
f 1051 1084 1081
f 1052 1080 1053
f 1053 1055 1054
f 1053 1080 1085
f 1053 1085 1120
f 1053 1120 1086
f 1053 1086 1087
f 1053 1087 1055
f 1055 1087 1088
f 1055 1088 1056
f 1056 1088 1058
f 1056 1058 1057
f 1058 1088 1089
f 1058 1089 1090
f 1058 1090 1091
f 1058 1091 1059
f 1059 1091 1092
f 1059 1092 1093
f 1059 1093 1060
f 1060 1093 1083
f 1061 1094 1062
f 1062 1094 1095
f 1062 1095 1064
f 1063 1064 1096
f 1063 1096 1097
f 1063 1097 1065
f 1064 1095 1127
f 1064 1127 1096
f 1065 1098 1099
f 1065 1099 1066
f 1065 1097 1100
f 1065 1100 1101
f 1065 1101 1098
f 1066 1099 1102
f 1066 1102 1067
f 1067 1102 1103
f 1067 1103 1068
f 1068 1103 1069
f 1069 1103 1104
f 1069 1104 1105
f 1069 1105 1070
f 1070 1105 1106
f 1070 1106 1071
f 1071 1106 1072
f 1072 1106 1107
f 1072 1107 1073
f 1073 1107 1108
f 1073 1108 1074
f 1074 1108 1075
f 1075 1108 1109
f 1075 1109 1110
f 1075 1110 1111
f 1075 1111 1112
f 1075 1112 1076
f 1076 1080 1079
f 1076 1112 1113
f 1076 1113 1114
f 1076 1114 1080
f 1080 1114 1085
f 1082 1115 1116
f 1083 1093 1117
f 1085 1114 1113
f 1085 1113 1118
f 1085 1118 1119
f 1085 1119 1120
f 1086 1120 1121
f 1086 1121 1122
f 1086 1122 1123
f 1086 1123 1087
f 1087 1089 1088
f 1087 1123 1089
f 1089 1123 1124
f 1089 1124 1090
f 1090 1124 1125
f 1090 1125 1126
f 1090 1126 1091
f 1091 1126 1092
f 1092 1126 1117
f 1092 1117 1093
f 1096 1128 1100
f 1096 1100 1097
f 1096 1127 1128
f 1098 1101 1129
f 1098 1129 1099
f 1099 1130 1131
f 1099 1131 1102
f 1099 1129 1132
f 1099 1132 1130
f 1100 1128 1133
f 1100 1133 1134
f 1100 1134 1135
f 1100 1135 1136
f 1100 1136 1101
f 1101 1136 1137
f 1101 1137 1129
f 1102 1131 1103
f 1103 1138 1139
f 1103 1139 1104
f 1103 1131 1138
f 1104 1139 1140
f 1104 1140 1141
f 1104 1141 1142
f 1104 1142 1105
f 1105 1142 1143
f 1105 1143 1106
f 1106 1143 1107
f 1107 1144 1145
f 1107 1145 1108
f 1107 1143 1144
f 1108 1146 1147
f 1108 1147 1109
f 1108 1145 1146
f 1109 1147 1148
f 1109 1148 1110
f 1110 1148 1149
f 1110 1149 1111
f 1111 1149 1150
f 1111 1150 1112
f 1112 1150 1151
f 1112 1151 1152
f 1112 1152 1113
f 1113 1152 1153
f 1113 1153 1118
f 1115 1154 1116
f 1115 1155 1156
f 1115 1156 1154
f 1116 1154 1157
f 1117 1126 1158
f 1118 1153 1119
f 1119 1153 1120
f 1120 1153 1159
f 1120 1159 1160
f 1120 1160 1161
f 1120 1161 1121
f 1121 1161 1162
f 1121 1162 1163
f 1121 1163 1164
f 1121 1164 1165
f 1121 1165 1166
f 1121 1166 1167
f 1121 1167 1168
f 1121 1168 1122
f 1122 1168 1124
f 1122 1124 1123
f 1124 1168 1167
f 1124 1167 1166
f 1124 1166 1169
f 1124 1169 1170
f 1124 1170 1171
f 1124 1171 1125
f 1125 1171 1126
f 1126 1171 1172
f 1126 1172 1158
f 1127 1173 1128
f 1128 1173 1133
f 1129 1174 1132
f 1129 1137 1174
f 1130 1132 1174
f 1130 1174 1175
f 1130 1175 1131
f 1131 1176 1138
f 1131 1175 1176
f 1133 1177 1134
f 1133 1173 1178
f 1133 1178 1179
f 1133 1179 1177
f 1134 1177 1135
f 1135 1180 1181
f 1135 1181 1136
f 1135 1177 1180
f 1136 1181 1182
f 1136 1182 1137
f 1137 1182 1183
f 1137 1183 1174
f 1138 1184 1139
f 1138 1176 1184
f 1139 1185 1186
f 1139 1186 1187
f 1139 1187 1188
f 1139 1188 1140
f 1139 1184 1185
f 1140 1188 1141
f 1141 1188 1189
f 1141 1189 1142
f 1142 1189 1190
f 1142 1190 1143
f 1143 1190 1144
f 1144 1191 1145
f 1144 1190 1192
f 1144 1192 1193
f 1144 1193 1191
f 1145 1191 1194
f 1145 1194 1195
f 1145 1195 1196
f 1145 1196 1197
f 1145 1197 1198
f 1145 1198 1146
f 1146 1198 1147
f 1147 1198 1199
f 1147 1199 1148
f 1148 1199 1200
f 1148 1200 1201
f 1148 1201 1149
f 1149 1201 1150
f 1150 1201 1151
f 1151 1201 1202
f 1151 1202 1203
f 1151 1203 1204
f 1151 1204 1152
f 1152 1204 1205
f 1152 1205 1153
f 1153 1205 1160
f 1153 1160 1159
f 1154 1206 1157
f 1154 1156 1207
f 1154 1207 1208
f 1154 1208 1206
f 1155 1209 1156
f 1156 1209 1207
f 1160 1205 1161
f 1161 1163 1162
f 1161 1205 1163
f 1163 1210 1165
f 1163 1165 1164
f 1163 1205 1210
f 1165 1210 1211
f 1165 1211 1169
f 1165 1169 1166
f 1169 1211 1212
f 1169 1212 1170
f 1170 1212 1213
f 1170 1213 1171
f 1171 1213 1214
f 1171 1214 1215
f 1171 1215 1216
f 1171 1216 1172
f 1174 1183 1175
f 1175 1217 1176
f 1175 1183 1217
f 1176 1218 1184
f 1176 1217 1219
f 1176 1219 1218
f 1177 1179 1220
f 1177 1220 1221
f 1177 1221 1222
f 1177 1222 1223
f 1177 1223 1180
f 1180 1223 1181
f 1181 1223 1224
f 1181 1224 1182
f 1182 1225 1226
f 1182 1226 1227
f 1182 1227 1183
f 1182 1224 1225
f 1183 1227 1217
f 1184 1218 1228
f 1184 1228 1186
f 1184 1186 1185
f 1186 1229 1230
f 1186 1230 1193
f 1186 1193 1192
f 1186 1192 1187
f 1186 1228 1229
f 1187 1192 1190
f 1187 1190 1189
f 1187 1189 1188
f 1191 1193 1194
f 1193 1230 1194
f 1194 1230 1231
f 1194 1231 1232
f 1194 1232 1195
f 1195 1232 1196
f 1196 1232 1233
f 1196 1233 1234
f 1196 1234 1235
f 1196 1235 1197
f 1197 1235 1198
f 1198 1235 1199
f 1199 1235 1200
f 1200 1235 1236
f 1200 1236 1201
f 1201 1236 1237
f 1201 1237 1202
f 1202 1237 1238
f 1202 1238 1239
f 1202 1239 1240
f 1202 1240 1204
f 1202 1204 1203
f 1204 1240 1205
f 1205 1240 1241
f 1205 1241 1242
f 1205 1242 1210
f 1206 1208 1243
f 1207 1244 1245
f 1207 1245 1246
f 1207 1246 1247
f 1207 1247 1248
f 1207 1248 1208
f 1207 1209 1244
f 1208 1248 1249
f 1208 1249 1243
f 1210 1250 1251
f 1210 1251 1252
f 1210 1252 1253
f 1210 1253 1211
f 1210 1242 1254
f 1210 1254 1255
f 1210 1255 1250
f 1211 1253 1212
f 1212 1253 1252
f 1212 1252 1256
f 1212 1256 1257
f 1212 1257 1214
f 1212 1214 1213
f 1214 1257 1258
f 1214 1258 1259
f 1214 1259 1215
f 1217 1227 1219
f 1218 1219 1260
f 1218 1260 1228
f 1219 1261 1262
f 1219 1262 1260
f 1219 1227 1261
f 1221 1263 1222
f 1222 1263 1264
f 1222 1264 1265
f 1222 1265 1223
f 1223 1265 1224
f 1224 1265 1266
f 1224 1266 1225
f 1225 1266 1226
f 1226 1266 1267
f 1226 1267 1227
f 1227 1267 1268
f 1227 1268 1261
f 1228 1260 1229
f 1229 1269 1270
f 1229 1270 1230
f 1229 1260 1269
f 1230 1270 1271
f 1230 1271 1231
f 1231 1271 1272
f 1231 1272 1232
f 1232 1272 1233
f 1233 1272 1273
f 1233 1273 1274
f 1233 1274 1275
f 1233 1275 1276
f 1233 1276 1277
f 1233 1277 1278
f 1233 1278 1234
f 1234 1278 1279
f 1234 1279 1280
f 1234 1280 1281
f 1234 1281 1237
f 1234 1237 1236
f 1234 1236 1235
f 1237 1281 1238
f 1238 1281 1282
f 1238 1282 1283
f 1238 1283 1239
f 1239 1283 1284
f 1239 1284 1240
f 1240 1284 1285
f 1240 1285 1241
f 1241 1285 1286
f 1241 1286 1242
f 1242 1286 1254
f 1243 1249 1287
f 1243 1287 1288
f 1245 1289 1246
f 1246 1290 1247
f 1246 1289 1291
f 1246 1291 1292
f 1246 1292 1293
f 1246 1293 1290
f 1247 1290 1294
f 1247 1294 1248
f 1248 1295 1249
f 1248 1294 1295
f 1249 1295 1287
f 1250 1296 1297
f 1250 1297 1251
f 1250 1255 1296
f 1251 1297 1298
f 1251 1298 1252
f 1252 1298 1256
f 1254 1286 1299
f 1254 1299 1255
f 1255 1299 1300
f 1255 1300 1301
f 1255 1301 1296
f 1256 1302 1258
f 1256 1258 1257
f 1256 1298 1302
f 1258 1302 1259
f 1259 1302 1303
f 1260 1262 1269
f 1261 1268 1304
f 1261 1304 1305
f 1261 1305 1306
f 1261 1306 1307
f 1261 1307 1308
f 1261 1308 1262
f 1262 1308 1309
f 1262 1309 1269
f 1263 1310 1311
f 1263 1311 1264
f 1264 1287 1265
f 1264 1311 1288
f 1264 1288 1312
f 1264 1312 1287
f 1265 1287 1313
f 1265 1313 1266
f 1266 1313 1314
f 1266 1314 1267
f 1267 1314 1268
f 1268 1314 1304
f 1269 1315 1270
f 1269 1309 1316
f 1269 1316 1315
f 1270 1315 1317
f 1270 1317 1318
f 1270 1318 1319
f 1270 1319 1271
f 1271 1319 1320
f 1271 1320 1272
f 1272 1320 1273
f 1273 1320 1319
f 1273 1319 1321
f 1273 1321 1274
f 1274 1321 1322
f 1274 1322 1323
f 1274 1323 1324
f 1274 1324 1325
f 1274 1325 1275
f 1275 1325 1326
f 1275 1326 1277
f 1275 1277 1276
f 1277 1326 1327
f 1277 1327 1328
f 1277 1328 1329
f 1277 1329 1330
f 1277 1330 1280
f 1277 1280 1279
f 1277 1279 1278
f 1280 1330 1329
f 1280 1329 1331
f 1280 1331 1332
f 1280 1332 1284
f 1280 1284 1283
f 1280 1283 1282
f 1280 1282 1281
f 1284 1332 1329
f 1284 1329 1333
f 1284 1333 1285
f 1285 1334 1299
f 1285 1299 1286
f 1285 1333 1334
f 1287 1295 1335
f 1287 1335 1313
f 1287 1312 1288
f 1288 1311 1310
f 1290 1336 1335
f 1290 1335 1294
f 1290 1293 1336
f 1291 1337 1292
f 1292 1337 1338
f 1292 1338 1293
f 1293 1338 1339
f 1293 1339 1340
f 1293 1340 1336
f 1294 1335 1295
f 1296 1301 1341
f 1296 1341 1342
f 1296 1342 1297
f 1297 1342 1343
f 1297 1343 1298
f 1298 1343 1344
f 1298 1344 1345
f 1298 1345 1302
f 1299 1346 1300
f 1299 1334 1346
f 1300 1347 1301
f 1300 1346 1348
f 1300 1348 1347
f 1301 1349 1341
f 1301 1347 1349
f 1302 1345 1303
f 1304 1340 1305
f 1304 1314 1336
f 1304 1336 1340
f 1305 1340 1307
f 1305 1307 1306
f 1307 1350 1351
f 1307 1351 1316
f 1307 1316 1308
f 1307 1340 1339
f 1307 1339 1350
f 1308 1316 1309
f 1313 1335 1336
f 1313 1336 1314
f 1315 1316 1317
f 1316 1351 1352
f 1316 1352 1317
f 1317 1352 1353
f 1317 1353 1318
f 1318 1353 1319
f 1319 1353 1321
f 1321 1353 1354
f 1321 1354 1355
f 1321 1355 1356
f 1321 1356 1322
f 1322 1356 1357
f 1322 1357 1358
f 1322 1358 1323
f 1323 1358 1359
f 1323 1359 1324
f 1324 1359 1360
f 1324 1360 1361
f 1324 1361 1362
f 1324 1362 1326
f 1324 1326 1325
f 1326 1362 1363
f 1326 1363 1328
f 1326 1328 1327
f 1328 1363 1329
f 1329 1364 1365
f 1329 1365 1366
f 1329 1366 1333
f 1329 1332 1331
f 1329 1363 1364
f 1333 1366 1334
f 1334 1366 1346
f 1337 1367 1338
f 1338 1367 1368
f 1338 1368 1339
f 1339 1368 1350
f 1341 1349 1369
f 1346 1366 1365
f 1346 1365 1348
f 1347 1348 1370
f 1347 1370 1371
f 1347 1371 1349
f 1348 1365 1372
f 1348 1372 1373
f 1348 1373 1370
f 1349 1371 1374
f 1349 1374 1369
f 1350 1368 1375
f 1350 1375 1351
f 1351 1376 1377
f 1351 1377 1378
f 1351 1378 1352
f 1351 1375 1376
f 1352 1378 1379
f 1352 1379 1380
f 1352 1380 1381
f 1352 1381 1354
f 1352 1354 1353
f 1354 1381 1379
f 1354 1379 1382
f 1354 1382 1355
f 1362 1383 1363
f 1363 1383 1384
f 1363 1384 1364
f 1364 1384 1385
f 1364 1385 1386
f 1364 1386 1387
f 1364 1387 1372
f 1364 1372 1365
f 1367 1388 1375
f 1367 1375 1368
f 1372 1387 1389
f 1372 1389 1373
f 1375 1388 1390
f 1375 1390 1376
f 1376 1390 1391
f 1376 1391 1392
f 1376 1392 1393
f 1376 1393 1377
f 1377 1393 1394
f 1377 1394 1378
f 1378 1394 1379
f 1379 1381 1380
o convex_7
v 0.0256325 -0.0338709 -0.0364627
v 0.0264447 -0.033264 -0.0364627
v 0.0256325 -0.030529 -0.0364627
v 0.0256325 -0.0310427 -0.0647281
v 0.0270791 -0.0327452 -0.0364627
v 0.0256325 -0.0302872 -0.0370161
v 0.0333627 -0.00814553 -0.0364627
v 0.0331659 -0.00814553 -0.0373287
v 0.0329711 -0.00814553 -0.038192
v 0.0329471 -0.00814553 -0.0383026
v 0.0326864 -0.00814553 -0.0395173
v 0.0326564 -0.00814553 -0.0396694
v 0.0324276 -0.00814553 -0.0410362
v 0.0256325 -0.0269227 -0.0647281
v 0.0256595 -0.0310125 -0.0647281
v 0.029113 -0.030811 -0.0364627
v 0.0286065 -0.0313399 -0.0364627
v 0.0284447 -0.0315061 -0.0364627
v 0.0280011 -0.0319443 -0.0364627
v 0.0277504 -0.0321886 -0.0364627
v 0.0275796 -0.0323347 -0.0364627
v 0.0256325 -0.0298465 -0.0383026
v 0.0358382 -0.00814553 -0.0364627
v 0.0322768 -0.00814553 -0.042403
v 0.0256325 -0.0269176 -0.0642605
v 0.0316804 -0.00814553 -0.0647281
v 0.0257954 -0.0308589 -0.0647281
v 0.0294497 -0.0304182 -0.0364627
v 0.0261101 -0.0305013 -0.0647281
v 0.0256325 -0.0293907 -0.0396694
v 0.0358362 -0.00829663 -0.0364627
v 0.0342078 -0.00814553 -0.0647281
v 0.0321589 -0.00814553 -0.0437698
v 0.0256325 -0.0289374 -0.0411469
v 0.0256325 -0.0292572 -0.0400955
v 0.0256325 -0.0269176 -0.0628937
v 0.0316814 -0.00814553 -0.0627415
v 0.0296674 -0.0301512 -0.0364627
v 0.0266805 -0.0298188 -0.0647281
v 0.0358092 -0.00898415 -0.0364627
v 0.0342048 -0.00829663 -0.0647281
v 0.032056 -0.00814553 -0.0449816
v 0.0256325 -0.0286251 -0.042403
v 0.0256325 -0.0269831 -0.0519622
v 0.0317134 -0.00814553 -0.0574293
v 0.0301929 -0.0294939 -0.0364627
v 0.0273638 -0.0288946 -0.0647281
v 0.0303577 -0.0292773 -0.0364627
v 0.0357812 -0.00966412 -0.0364627
v 0.0341429 -0.0091957 -0.0647281
v 0.0357542 -0.0102736 -0.0364627
v 0.0356164 -0.0124293 -0.0364627
v 0.032044 -0.00814553 -0.0451338
v 0.0256325 -0.0282901 -0.0437698
v 0.0256325 -0.0270083 -0.0515583
v 0.0317713 -0.00814553 -0.0505982
v 0.0317483 -0.00814553 -0.05181
v 0.0317463 -0.00814553 -0.0519622
v 0.0276795 -0.0284463 -0.0647281
v 0.0308263 -0.02861 -0.0364627
v 0.0341099 -0.00966412 -0.0647281
v 0.0354945 -0.0137615 -0.0364627
v 0.033994 -0.0110291 -0.0647281
v 0.0319491 -0.00814553 -0.0463484
v 0.0256325 -0.0279829 -0.0451338
v 0.0256325 -0.0270863 -0.0505982
v 0.0317753 -0.00814553 -0.0504488
v 0.0278413 -0.0282121 -0.0647281
v 0.0315265 -0.0274817 -0.0364627
v 0.0280221 -0.0279426 -0.0647281
v 0.0283688 -0.0274213 -0.0647281
v 0.0285785 -0.0270989 -0.0647281
v 0.0289791 -0.0264769 -0.0647281
v 0.0352388 -0.0156025 -0.0364627
v 0.0338282 -0.0123966 -0.0647281
v 0.0319381 -0.00814553 -0.0465006
v 0.0256325 -0.027721 -0.0465144
v 0.0318772 -0.00814553 -0.0475409
v 0.0318522 -0.00814553 -0.0481468
v 0.0318172 -0.00814553 -0.0491235
v 0.0318992 -0.0268018 -0.0364627
v 0.0292399 -0.0260261 -0.0647281
v 0.0293747 -0.0257919 -0.0647281
v 0.0349021 -0.017869 -0.0364627
v 0.0336883 -0.0132956 -0.0647281
v 0.0318832 -0.00814553 -0.0474247
v 0.0322798 -0.0260588 -0.0364627
v 0.0295785 -0.0254141 -0.0647281
v 0.0299691 -0.0246888 -0.0647281
v 0.0347033 -0.0189746 -0.0364627
v 0.0336144 -0.0137615 -0.0647281
v 0.0329161 -0.0247039 -0.0364627
v 0.030121 -0.0243917 -0.0647281
v 0.0304117 -0.0238175 -0.0647281
v 0.0346314 -0.0193196 -0.0364627
v 0.0333657 -0.0150661 -0.0647281
v 0.0332188 -0.0239711 -0.0364627
v 0.0306175 -0.0233667 -0.0647281
v 0.0307234 -0.0231325 -0.0647281
v 0.0312199 -0.0219564 -0.0647281
v 0.0345485 -0.0196621 -0.0364627
v 0.0332178 -0.0157485 -0.0647281
v 0.0333157 -0.0152978 -0.0647281
v 0.0333697 -0.0235732 -0.0364627
v 0.0316804 -0.0208055 -0.0647281
v 0.0319481 -0.020123 -0.0647281
v 0.0343007 -0.0206393 -0.0364627
v 0.033091 -0.0162422 -0.0647281
v 0.0334776 -0.023276 -0.0364627
v 0.0322448 -0.0192264 -0.0647281
v 0.0337683 -0.0224298 -0.0364627
v 0.0341808 -0.0210649 -0.0364627
v 0.0326514 -0.0178615 -0.0647281
v 0.0327803 -0.0173931 -0.0647281
v 0.033024 -0.016494 -0.0647281
v 0.0339231 -0.0219564 -0.0364627
f 1395 1396 1399
f 1395 1399 1415
f 1395 1415 1414
f 1395 1414 1413
f 1395 1413 1412
f 1395 1412 1411
f 1395 1411 1410
f 1395 1410 1422
f 1395 1422 1432
f 1395 1432 1440
f 1395 1440 1442
f 1395 1442 1454
f 1395 1454 1463
f 1395 1463 1475
f 1395 1475 1481
f 1395 1481 1486
f 1395 1486 1491
f 1395 1491 1498
f 1395 1498 1503
f 1395 1503 1505
f 1395 1505 1510
f 1395 1510 1506
f 1395 1506 1501
f 1395 1501 1495
f 1395 1495 1489
f 1395 1489 1484
f 1395 1484 1478
f 1395 1478 1468
f 1395 1468 1456
f 1395 1456 1446
f 1395 1446 1445
f 1395 1445 1443
f 1395 1443 1434
f 1395 1434 1425
f 1395 1425 1417
f 1395 1417 1401
f 1395 1401 1397
f 1395 1397 1400
f 1395 1400 1416
f 1395 1416 1424
f 1395 1424 1429
f 1395 1429 1428
f 1395 1428 1437
f 1395 1437 1448
f 1395 1448 1459
f 1395 1459 1471
f 1395 1471 1460
f 1395 1460 1449
f 1395 1449 1438
f 1395 1438 1430
f 1395 1430 1419
f 1395 1419 1408
f 1395 1408 1398
f 1395 1398 1396
f 1396 1398 1399
f 1397 1401 1402
f 1397 1402 1403
f 1397 1403 1404
f 1397 1404 1405
f 1397 1405 1406
f 1397 1406 1407
f 1397 1407 1400
f 1398 1408 1420
f 1398 1420 1426
f 1398 1426 1435
f 1398 1435 1444
f 1398 1444 1455
f 1398 1455 1457
f 1398 1457 1469
f 1398 1469 1479
f 1398 1479 1485
f 1398 1485 1490
f 1398 1490 1497
f 1398 1497 1496
f 1398 1496 1502
f 1398 1502 1509
f 1398 1509 1508
f 1398 1508 1507
f 1398 1507 1504
f 1398 1504 1500
f 1398 1500 1499
f 1398 1499 1494
f 1398 1494 1493
f 1398 1493 1492
f 1398 1492 1488
f 1398 1488 1487
f 1398 1487 1483
f 1398 1483 1482
f 1398 1482 1477
f 1398 1477 1476
f 1398 1476 1467
f 1398 1467 1466
f 1398 1466 1465
f 1398 1465 1464
f 1398 1464 1462
f 1398 1462 1453
f 1398 1453 1441
f 1398 1441 1433
f 1398 1433 1423
f 1398 1423 1421
f 1398 1421 1409
f 1398 1409 1410
f 1398 1410 1411
f 1398 1411 1412
f 1398 1412 1413
f 1398 1413 1414
f 1398 1414 1415
f 1398 1415 1399
f 1400 1407 1416
f 1401 1417 1426
f 1401 1426 1420
f 1401 1420 1431
f 1401 1431 1439
f 1401 1439 1452
f 1401 1452 1451
f 1401 1451 1450
f 1401 1450 1461
f 1401 1461 1474
f 1401 1474 1473
f 1401 1473 1472
f 1401 1472 1480
f 1401 1480 1470
f 1401 1470 1458
f 1401 1458 1447
f 1401 1447 1436
f 1401 1436 1427
f 1401 1427 1418
f 1401 1418 1407
f 1401 1407 1406
f 1401 1406 1405
f 1401 1405 1404
f 1401 1404 1403
f 1401 1403 1402
f 1407 1418 1416
f 1408 1419 1420
f 1409 1421 1410
f 1410 1421 1423
f 1410 1423 1422
f 1416 1418 1424
f 1417 1425 1426
f 1418 1427 1428
f 1418 1428 1429
f 1418 1429 1424
f 1419 1430 1420
f 1420 1430 1431
f 1422 1423 1433
f 1422 1433 1432
f 1425 1434 1435
f 1425 1435 1426
f 1427 1436 1428
f 1428 1436 1437
f 1430 1438 1431
f 1431 1438 1439
f 1432 1433 1440
f 1433 1441 1442
f 1433 1442 1440
f 1434 1443 1435
f 1435 1443 1445
f 1435 1445 1446
f 1435 1446 1444
f 1436 1447 1448
f 1436 1448 1437
f 1438 1449 1450
f 1438 1450 1451
f 1438 1451 1452
f 1438 1452 1439
f 1441 1453 1442
f 1442 1453 1454
f 1444 1446 1455
f 1446 1456 1457
f 1446 1457 1455
f 1447 1458 1448
f 1448 1458 1459
f 1449 1460 1450
f 1450 1460 1461
f 1453 1462 1454
f 1454 1462 1464
f 1454 1464 1465
f 1454 1465 1466
f 1454 1466 1467
f 1454 1467 1463
f 1456 1468 1469
f 1456 1469 1457
f 1458 1470 1459
f 1459 1470 1471
f 1460 1471 1472
f 1460 1472 1473
f 1460 1473 1474
f 1460 1474 1461
f 1463 1467 1476
f 1463 1476 1477
f 1463 1477 1475
f 1468 1478 1469
f 1469 1478 1479
f 1470 1480 1471
f 1471 1480 1472
f 1475 1477 1482
f 1475 1482 1483
f 1475 1483 1481
f 1478 1484 1485
f 1478 1485 1479
f 1481 1483 1487
f 1481 1487 1488
f 1481 1488 1486
f 1484 1489 1490
f 1484 1490 1485
f 1486 1488 1492
f 1486 1492 1493
f 1486 1493 1494
f 1486 1494 1491
f 1489 1495 1496
f 1489 1496 1497
f 1489 1497 1490
f 1491 1494 1499
f 1491 1499 1500
f 1491 1500 1498
f 1495 1501 1496
f 1496 1501 1502
f 1498 1500 1503
f 1500 1504 1505
f 1500 1505 1503
f 1501 1506 1507
f 1501 1507 1508
f 1501 1508 1509
f 1501 1509 1502
f 1504 1507 1510
f 1504 1510 1505
f 1506 1510 1507
o convex_8
v -0.0246212 0.0171364 -0.0669912
v -0.0246212 0.0171398 -0.0669944
v -0.0251542 0.0165782 -0.0669912
v -0.0246212 0.012868 -0.0669912
v -0.0246212 0.0166565 -0.0681774
v -0.0256795 0.0157987 -0.0678846
v -0.025765 0.0158974 -0.0669944
v -0.025765 0.0158974 -0.0669912
v -0.0246299 0.0128544 -0.0669912
v -0.0246212 -0.0125211 -0.0669938
v -0.0246212 0.016374 -0.0684636
v -0.0248121 0.0162718 -0.0683603
v -0.0252666 0.0153324 -0.0687956
v -0.0259028 0.0153154 -0.0680859
v -0.0269528 0.0143351 -0.0677748
v -0.0259033 0.0157306 -0.0669964
v -0.0264479 0.0150703 -0.0669964
v -0.0259023 0.0157306 -0.0669912
v -0.0259028 0.0111116 -0.0669912
v -0.0246591 -0.0123883 -0.0669938
v -0.0293445 -0.0176336 -0.0675539
v -0.0246212 -0.0176302 -0.0687453
v -0.0246212 0.016088 -0.068725
v -0.0246212 0.0152167 -0.0695073
v -0.0246212 0.0147163 -0.0699315
v -0.0256596 0.0144202 -0.0691864
v -0.0259028 0.014638 -0.0687159
v -0.0261252 0.014832 -0.0682852
v -0.0269912 0.0143827 -0.0669964
v -0.0265709 0.0138075 -0.0686858
v -0.027889 0.0122928 -0.0684277
v -0.0284975 0.0119013 -0.0680166
v -0.0286279 0.0120954 -0.0669964
v -0.0281785 0.0127761 -0.0669964
v -0.0276038 0.0135624 -0.0669964
v -0.0259028 0.0155638 -0.0669912
v -0.0293107 0.0109959 -0.0669964
v -0.0293445 0.0109415 -0.0669964
v -0.0293445 0.0045729 -0.0669964
v -0.0248796 -0.0110234 -0.0669938
v -0.0293445 -0.0176336 -0.0710366
v -0.0259028 -0.0176336 -0.0688557
v -0.0246212 -0.0176302 -0.0713771
v -0.0246212 0.0137428 -0.0706367
v -0.0251917 0.0138279 -0.0700968
v -0.0255468 0.0129191 -0.0704373
v -0.0259028 0.0132288 -0.0698393
v -0.0259028 0.0137768 -0.0694243
v -0.0268973 0.0128952 -0.069057
v -0.0281368 0.0113397 -0.068927
v -0.0289136 0.0108053 -0.0683577
v -0.0293445 0.0105058 -0.0680401
v -0.0291364 -0.0176336 -0.071136
v -0.0293445 -0.0173988 -0.0710785
v -0.0259028 -0.0176336 -0.0713765
v -0.0246212 -0.00748343 -0.0736672
v -0.0246212 0.0134603 -0.0707484
v -0.0247756 0.0134467 -0.0706857
v -0.0257997 0.0121975 -0.0706438
v -0.0270758 0.0104275 -0.0705883
v -0.0267752 0.0113397 -0.0702929
v -0.0260591 0.0133616 -0.0695766
v -0.0276065 0.0108836 -0.0697609
v -0.0279861 0.00971268 -0.07014
v -0.0284193 0.0104275 -0.0692289
v -0.0293445 0.00957652 -0.0687309
v -0.0289325 -0.0176336 -0.0712157
v -0.0293445 -0.0164899 -0.0711726
v -0.0289325 -0.0164899 -0.071334
v -0.0275668 -0.0176336 -0.0713765
v -0.0246212 -0.00492716 -0.0736672
v -0.0277919 -0.0176336 -0.0713699
v -0.0293445 -0.0161359 -0.0712039
v -0.0293445 -0.0147132 -0.0713039
v -0.0246928 -0.00692521 -0.0736672
v -0.0246212 0.0121975 -0.0711608
v -0.0248348 0.0121975 -0.0711216
v -0.0262722 0.0108632 -0.0708811
v -0.027545 0.00934166 -0.0707177
v -0.0282635 0.00880386 -0.0704243
v -0.0286186 0.00934166 -0.0697014
v -0.0293445 0.00945739 -0.0688133
v -0.0246392 -0.00506331 -0.0736672
v -0.0293445 0.00260209 -0.0711935
v -0.0289325 0.00399766 -0.0712575
v -0.0275668 0.00672752 -0.0713052
v -0.026201 0.00946079 -0.071268
v -0.0248348 0.0108291 -0.0713477
v -0.0293445 -0.0133482 -0.0713399
v -0.0293445 -0.0119799 -0.0713595
v -0.0293445 -0.0106149 -0.0713699
v -0.0293445 -0.00924661 -0.0713739
v -0.0293445 -0.00787828 -0.0713758
v -0.0246933 -0.00556027 -0.0736672
v -0.0275668 0.00809586 -0.0710739
v -0.0284415 0.00809586 -0.0705909
v -0.0293445 0.00692495 -0.0702478
v -0.0293445 0.00734021 -0.07004
v -0.0292086 0.00820478 -0.069723
v -0.0293445 0.00839199 -0.0694733
v -0.0246822 -0.00540029 -0.0736672
v -0.0293445 0.00126439 -0.0712686
v -0.0293445 0.00399766 -0.0710726
v -0.0289325 0.00536259 -0.0710406
v -0.0293445 -0.00692521 -0.0713758
v -0.0293445 -0.00556027 -0.0713752
v -0.0293445 -0.00419194 -0.0713726
v -0.0293445 -0.002827 -0.0713654
v -0.0293445 -0.00146207 -0.0713503
v -0.0293445 -0.000100543 -0.0713196
v -0.0289413 0.00660158 -0.0707425
v -0.0293445 0.00628162 -0.0705491
v -0.0293445 0.00536259 -0.0707994
f 1511 1512 1513
f 1511 1513 1518
f 1511 1518 1528
f 1511 1528 1546
f 1511 1546 1529
f 1511 1529 1519
f 1511 1519 1514
f 1511 1514 1520
f 1511 1520 1532
f 1511 1532 1553
f 1511 1553 1566
f 1511 1566 1581
f 1511 1581 1586
f 1511 1586 1567
f 1511 1567 1554
f 1511 1554 1535
f 1511 1535 1534
f 1511 1534 1533
f 1511 1533 1521
f 1511 1521 1515
f 1511 1515 1512
f 1512 1515 1516
f 1512 1516 1513
f 1513 1516 1517
f 1513 1517 1518
f 1514 1519 1520
f 1515 1521 1522
f 1515 1522 1516
f 1516 1522 1523
f 1516 1523 1524
f 1516 1524 1525
f 1516 1525 1517
f 1517 1525 1526
f 1517 1526 1518
f 1518 1526 1527
f 1518 1527 1528
f 1519 1529 1520
f 1520 1530 1531
f 1520 1531 1532
f 1520 1529 1530
f 1521 1533 1523
f 1521 1523 1522
f 1523 1534 1535
f 1523 1535 1536
f 1523 1536 1537
f 1523 1537 1538
f 1523 1538 1524
f 1523 1533 1534
f 1524 1538 1525
f 1525 1539 1527
f 1525 1527 1526
f 1525 1538 1537
f 1525 1537 1540
f 1525 1540 1541
f 1525 1541 1542
f 1525 1542 1543
f 1525 1543 1544
f 1525 1544 1545
f 1525 1545 1539
f 1527 1539 1528
f 1528 1539 1545
f 1528 1545 1544
f 1528 1544 1543
f 1528 1543 1547
f 1528 1547 1548
f 1528 1548 1546
f 1529 1546 1548
f 1529 1548 1549
f 1529 1549 1550
f 1529 1550 1530
f 1530 1550 1549
f 1530 1549 1531
f 1531 1551 1563
f 1531 1563 1577
f 1531 1577 1582
f 1531 1582 1580
f 1531 1580 1565
f 1531 1565 1552
f 1531 1552 1532
f 1531 1549 1548
f 1531 1548 1562
f 1531 1562 1576
f 1531 1576 1592
f 1531 1592 1610
f 1531 1610 1608
f 1531 1608 1607
f 1531 1607 1622
f 1531 1622 1623
f 1531 1623 1613
f 1531 1613 1594
f 1531 1594 1612
f 1531 1612 1620
f 1531 1620 1619
f 1531 1619 1618
f 1531 1618 1617
f 1531 1617 1616
f 1531 1616 1615
f 1531 1615 1603
f 1531 1603 1602
f 1531 1602 1601
f 1531 1601 1600
f 1531 1600 1599
f 1531 1599 1584
f 1531 1584 1583
f 1531 1583 1578
f 1531 1578 1564
f 1531 1564 1551
f 1532 1552 1565
f 1532 1565 1553
f 1535 1554 1555
f 1535 1555 1536
f 1536 1555 1556
f 1536 1556 1557
f 1536 1557 1558
f 1536 1558 1559
f 1536 1559 1540
f 1536 1540 1537
f 1540 1559 1560
f 1540 1560 1541
f 1541 1560 1542
f 1542 1560 1561
f 1542 1561 1562
f 1542 1562 1548
f 1542 1548 1547
f 1542 1547 1543
f 1551 1564 1563
f 1553 1565 1566
f 1554 1567 1568
f 1554 1568 1569
f 1554 1569 1556
f 1554 1556 1555
f 1556 1569 1570
f 1556 1570 1571
f 1556 1571 1560
f 1556 1560 1557
f 1557 1572 1558
f 1557 1560 1559
f 1557 1559 1572
f 1558 1572 1559
f 1560 1571 1573
f 1560 1573 1574
f 1560 1574 1575
f 1560 1575 1576
f 1560 1576 1561
f 1561 1576 1562
f 1563 1564 1578
f 1563 1578 1579
f 1563 1579 1577
f 1565 1580 1566
f 1566 1580 1582
f 1566 1582 1577
f 1566 1577 1579
f 1566 1579 1583
f 1566 1583 1584
f 1566 1584 1585
f 1566 1585 1604
f 1566 1604 1611
f 1566 1611 1593
f 1566 1593 1581
f 1567 1586 1587
f 1567 1587 1568
f 1568 1587 1569
f 1569 1587 1588
f 1569 1588 1570
f 1570 1589 1590
f 1570 1590 1574
f 1570 1574 1573
f 1570 1573 1571
f 1570 1588 1589
f 1574 1590 1575
f 1575 1590 1591
f 1575 1591 1592
f 1575 1592 1576
f 1578 1583 1579
f 1581 1593 1594
f 1581 1594 1595
f 1581 1595 1596
f 1581 1596 1597
f 1581 1597 1598
f 1581 1598 1586
f 1584 1599 1585
f 1585 1599 1600
f 1585 1600 1601
f 1585 1601 1602
f 1585 1602 1603
f 1585 1603 1604
f 1586 1598 1587
f 1587 1598 1597
f 1587 1597 1605
f 1587 1605 1588
f 1588 1605 1589
f 1589 1605 1606
f 1589 1606 1590
f 1590 1606 1607
f 1590 1607 1608
f 1590 1608 1609
f 1590 1609 1610
f 1590 1610 1591
f 1591 1610 1592
f 1593 1611 1612
f 1593 1612 1594
f 1594 1613 1595
f 1595 1613 1614
f 1595 1614 1596
f 1596 1614 1605
f 1596 1605 1597
f 1603 1615 1604
f 1604 1616 1617
f 1604 1617 1618
f 1604 1618 1619
f 1604 1619 1620
f 1604 1620 1611
f 1604 1615 1616
f 1605 1614 1621
f 1605 1621 1606
f 1606 1621 1622
f 1606 1622 1607
f 1608 1610 1609
f 1611 1620 1612
f 1613 1623 1614
f 1614 1623 1621
f 1621 1623 1622
o convex_9
v 0.0316798 -0.00814301 -0.0648396
v 0.0256325 0.0119497 -0.0645285
v 0.0256325 0.0119639 -0.0648396
v 0.0342077 -0.00814301 -0.0648396
v 0.0316818 -0.00814301 -0.0627424
v 0.0256325 0.0117702 -0.0519622
v 0.0256325 0.0118623 -0.0615286
v 0.0256325 0.0118883 -0.0628924
v 0.0256325 0.0159805 -0.0648396
v 0.0342148 -0.00771561 -0.0648396
v 0.0358636 -0.00692692 -0.0364627
v 0.0358375 -0.00814301 -0.0364627
v 0.0317129 -0.00814301 -0.0574287
v 0.0256325 0.011782 -0.0506012
v 0.0256325 0.0117773 -0.0510067
v 0.0261765 0.0153453 -0.0648396
v 0.0256325 0.0159427 -0.0574287
v 0.0301745 0.0129438 -0.0364627
v 0.0304043 0.012762 -0.0364627
v 0.0342228 -0.00692692 -0.0648396
v 0.0358846 -0.00556206 -0.0364627
v 0.0333628 -0.00814301 -0.0364627
v 0.0317461 -0.00814301 -0.0519622
v 0.0256325 0.0118175 -0.0496151
v 0.0267424 0.0146605 -0.0648396
v 0.0256325 0.0158908 -0.0506012
v 0.02973 0.0131138 -0.0364627
v 0.0256325 0.0158813 -0.0502039
v 0.0308921 0.0120111 -0.0364627
v 0.0279487 0.0131304 -0.0648396
v 0.0274259 0.0138128 -0.0648396
v 0.0271368 0.0141764 -0.0648396
v 0.0342067 -0.00635075 -0.0648396
v 0.0358786 -0.00419484 -0.0364627
v 0.0277048 0.0114019 -0.0374433
v 0.0262648 0.0124999 -0.0413181
v 0.0261323 0.0121055 -0.0423764
v 0.0333206 -0.00814301 -0.0366461
v 0.0284153 0.01088 -0.0364627
v 0.0317481 -0.00814301 -0.0518122
v 0.0256325 0.0118883 -0.0478679
v 0.0256325 0.0118316 -0.0492345
v 0.0256325 0.0157349 -0.0492345
v 0.0286291 0.0130524 -0.0364627
v 0.0315153 0.0109154 -0.0364627
v 0.0305258 0.00882799 -0.0648396
v 0.0301304 0.00951042 -0.0648396
v 0.0298414 0.0100087 -0.0648396
v 0.029447 0.010684 -0.0648396
v 0.0290476 0.0113664 -0.0648396
v 0.0285448 0.0121976 -0.0648396
v 0.0341345 -0.00419484 -0.0648396
v 0.0358214 -0.00282998 -0.0364627
v 0.028317 0.0113688 -0.0364627
v 0.0281524 0.0121976 -0.0364627
v 0.0280069 0.0121976 -0.0367822
v 0.0277129 0.0121976 -0.0374655
v 0.0262648 0.0130312 -0.0413181
v 0.0258062 0.0121976 -0.0437681
v 0.0329704 -0.00814301 -0.0381932
v 0.0331821 -0.00814301 -0.0372544
v 0.0317712 -0.00814301 -0.0506012
v 0.0256325 0.0119733 -0.0464291
v 0.0256325 0.0153618 -0.0482207
v 0.027757 0.0128895 -0.0375905
v 0.0282447 0.0124125 -0.0364627
v 0.0323141 0.00942777 -0.0364627
v 0.0307285 0.00841239 -0.0648396
v 0.0340421 -0.00282998 -0.0648396
v 0.0357361 -0.00146276 -0.0364627
v 0.0256325 0.0152674 -0.0479929
v 0.0256325 0.0145543 -0.0465291
v 0.0256325 0.0135719 -0.0449319
v 0.0256325 0.0121976 -0.0448847
v 0.0324275 -0.00814301 -0.0410376
v 0.0326563 -0.00814301 -0.039671
v 0.0326864 -0.00814301 -0.0395182
v 0.0317752 -0.00814301 -0.0504484
v 0.0256325 0.0121386 -0.0451347
v 0.0318173 -0.00814301 -0.0491234
v 0.0318494 -0.00814301 -0.0482235
v 0.0325248 0.0089555 -0.0364627
v 0.0315052 0.00673111 -0.0648396
v 0.0312423 0.00730964 -0.0648396
v 0.030879 0.00809833 -0.0648396
v 0.0339599 -0.00225145 -0.0648396
v 0.0355565 -5.06752e-05 -0.0364627
v 0.0319488 -0.00814301 -0.0463485
v 0.0320441 -0.00814301 -0.0451347
v 0.0320562 -0.00814301 -0.0449819
v 0.0321595 -0.00814301 -0.0437681
v 0.0321726 -0.00814301 -0.0436153
v 0.0322769 -0.00814301 -0.0424014
v 0.0318524 -0.00814301 -0.0481485
v 0.0318775 -0.00814301 -0.0475401
v 0.0318835 -0.00814301 -0.0474235
v 0.0319377 -0.00814301 -0.0465013
v 0.0328911 0.00813375 -0.0364627
v 0.0318344 0.00596131 -0.0648396
v 0.0338434 -0.00146276 -0.0648396
v 0.0353086 0.00126932 -0.0364627
v 0.0340371 0.00539459 -0.0364627
v 0.0325118 0.00399903 -0.0648396
v 0.0344596 0.00438157 -0.0364627
v 0.0347065 0.00374401 -0.0364627
v 0.0347316 0.00367317 -0.0364627
v 0.0337331 -0.00088423 -0.0648396
v 0.0350266 0.00258695 -0.0364627
v 0.0335735 -9.79022e-05 -0.0648396
v 0.0333316 0.00104027 -0.0648396
v 0.0332473 0.00143461 -0.0648396
v 0.0327596 0.00321507 -0.0648396
v 0.0329403 0.00263654 -0.0648396
v 0.0331811 0.00172506 -0.0648396
f 1624 1625 1626
f 1624 1626 1632
f 1624 1632 1639
f 1624 1639 1648
f 1624 1648 1655
f 1624 1655 1654
f 1624 1654 1653
f 1624 1653 1674
f 1624 1674 1673
f 1624 1673 1672
f 1624 1672 1671
f 1624 1671 1670
f 1624 1670 1669
f 1624 1669 1691
f 1624 1691 1708
f 1624 1708 1707
f 1624 1707 1706
f 1624 1706 1722
f 1624 1722 1726
f 1624 1726 1735
f 1624 1735 1736
f 1624 1736 1737
f 1624 1737 1734
f 1624 1734 1733
f 1624 1733 1732
f 1624 1732 1730
f 1624 1730 1723
f 1624 1723 1709
f 1624 1709 1692
f 1624 1692 1675
f 1624 1675 1656
f 1624 1656 1643
f 1624 1643 1633
f 1624 1633 1627
f 1624 1627 1635
f 1624 1635 1645
f 1624 1645 1661
f 1624 1661 1684
f 1624 1684 1683
f 1624 1683 1700
f 1624 1700 1699
f 1624 1699 1698
f 1624 1698 1716
f 1624 1716 1715
f 1624 1715 1714
f 1624 1714 1713
f 1624 1713 1712
f 1624 1712 1711
f 1624 1711 1720
f 1624 1720 1719
f 1624 1719 1718
f 1624 1718 1717
f 1624 1717 1704
f 1624 1704 1703
f 1624 1703 1701
f 1624 1701 1685
f 1624 1685 1663
f 1624 1663 1646
f 1624 1646 1636
f 1624 1636 1628
f 1624 1628 1629
f 1624 1629 1630
f 1624 1630 1631
f 1624 1631 1625
f 1625 1631 1630
f 1625 1630 1629
f 1625 1629 1638
f 1625 1638 1637
f 1625 1637 1647
f 1625 1647 1665
f 1625 1665 1664
f 1625 1664 1686
f 1625 1686 1702
f 1625 1702 1697
f 1625 1697 1696
f 1625 1696 1695
f 1625 1695 1694
f 1625 1694 1687
f 1625 1687 1666
f 1625 1666 1651
f 1625 1651 1649
f 1625 1649 1640
f 1625 1640 1632
f 1625 1632 1626
f 1627 1633 1634
f 1627 1634 1635
f 1628 1636 1637
f 1628 1637 1638
f 1628 1638 1629
f 1632 1640 1641
f 1632 1641 1642
f 1632 1642 1639
f 1633 1643 1644
f 1633 1644 1634
f 1634 1644 1657
f 1634 1657 1676
f 1634 1676 1693
f 1634 1693 1710
f 1634 1710 1724
f 1634 1724 1731
f 1634 1731 1729
f 1634 1729 1728
f 1634 1728 1727
f 1634 1727 1725
f 1634 1725 1721
f 1634 1721 1705
f 1634 1705 1690
f 1634 1690 1668
f 1634 1668 1652
f 1634 1652 1642
f 1634 1642 1641
f 1634 1641 1650
f 1634 1650 1667
f 1634 1667 1689
f 1634 1689 1678
f 1634 1678 1677
f 1634 1677 1662
f 1634 1662 1645
f 1634 1645 1635
f 1636 1646 1637
f 1637 1646 1647
f 1639 1642 1648
f 1640 1649 1641
f 1641 1649 1651
f 1641 1651 1650
f 1642 1652 1653
f 1642 1653 1654
f 1642 1654 1655
f 1642 1655 1648
f 1643 1656 1657
f 1643 1657 1644
f 1645 1658 1659
f 1645 1659 1660
f 1645 1660 1661
f 1645 1662 1658
f 1646 1663 1664
f 1646 1664 1665
f 1646 1665 1647
f 1650 1666 1667
f 1650 1651 1666
f 1652 1668 1669
f 1652 1669 1670
f 1652 1670 1671
f 1652 1671 1672
f 1652 1672 1673
f 1652 1673 1674
f 1652 1674 1653
f 1656 1675 1657
f 1657 1675 1676
f 1658 1662 1677
f 1658 1677 1678
f 1658 1678 1679
f 1658 1679 1680
f 1658 1680 1681
f 1658 1681 1659
f 1659 1681 1682
f 1659 1682 1660
f 1660 1683 1684
f 1660 1684 1661
f 1660 1682 1683
f 1663 1685 1686
f 1663 1686 1664
f 1666 1687 1688
f 1666 1688 1667
f 1667 1688 1689
f 1668 1690 1669
f 1669 1690 1691
f 1675 1692 1693
f 1675 1693 1676
f 1678 1689 1688
f 1678 1688 1679
f 1679 1688 1680
f 1680 1688 1681
f 1681 1688 1694
f 1681 1694 1695
f 1681 1695 1696
f 1681 1696 1682
f 1682 1696 1697
f 1682 1697 1698
f 1682 1698 1699
f 1682 1699 1700
f 1682 1700 1683
f 1685 1701 1686
f 1686 1701 1703
f 1686 1703 1704
f 1686 1704 1702
f 1687 1694 1688
f 1690 1705 1706
f 1690 1706 1707
f 1690 1707 1708
f 1690 1708 1691
f 1692 1709 1710
f 1692 1710 1693
f 1697 1702 1711
f 1697 1711 1712
f 1697 1712 1713
f 1697 1713 1714
f 1697 1714 1715
f 1697 1715 1716
f 1697 1716 1698
f 1702 1704 1717
f 1702 1717 1718
f 1702 1718 1719
f 1702 1719 1720
f 1702 1720 1711
f 1705 1721 1706
f 1706 1721 1722
f 1709 1723 1710
f 1710 1723 1724
f 1721 1725 1722
f 1722 1725 1727
f 1722 1727 1728
f 1722 1728 1729
f 1722 1729 1726
f 1723 1730 1724
f 1724 1730 1732
f 1724 1732 1733
f 1724 1733 1734
f 1724 1734 1731
f 1726 1729 1735
f 1729 1731 1736
f 1729 1736 1735
f 1731 1734 1737
f 1731 1737 1736
o convex_10
v 0.0256325 -0.031042 -0.0647281
v 0.0256325 -0.0310397 -0.065628
v 0.0256594 -0.0310128 -0.0647281
v 0.0256325 -0.026924 -0.0647281
v 0.0256325 -0.0310039 -0.066994
v 0.0261068 -0.0305017 -0.065628
v 0.0257945 -0.0308604 -0.0647281
v 0.0316805 -0.00814525 -0.0647281
v 0.0256325 -0.00814525 -0.0684332
v 0.0256325 -0.030143 -0.0683265
v 0.0265626 -0.0296723 -0.0678677
v 0.02609 -0.0304793 -0.066994
v 0.0266801 -0.029818 -0.065628
v 0.026681 -0.0298202 -0.0647281
v 0.0261093 -0.0305017 -0.0647281
v 0.0342071 -0.00814525 -0.0647281
v 0.0256325 -0.00814525 -0.0712861
v 0.0256325 -0.0300915 -0.0683645
v 0.025656 -0.0300825 -0.0683527
v 0.0266617 -0.0297956 -0.066994
v 0.026038 -0.0290244 -0.0687781
v 0.0273399 -0.0274216 -0.0686636
v 0.02804 -0.0274216 -0.0679809
v 0.0277957 -0.0281457 -0.0677172
v 0.0273449 -0.0288698 -0.066994
v 0.0273634 -0.0288899 -0.065628
v 0.0273643 -0.0288944 -0.0647281
v 0.0342055 -0.00814525 -0.065628
v 0.0342063 -0.00824389 -0.0647281
v 0.0256334 -0.00814525 -0.0714144
v 0.0256325 -0.00819008 -0.0714098
v 0.0256325 -0.0300601 -0.0683854
v 0.0256367 -0.0286568 -0.0692624
v 0.0264073 -0.0281143 -0.0690471
v 0.0276463 -0.0265496 -0.0689522
v 0.0284706 -0.0260878 -0.0684077
v 0.0292748 -0.025626 -0.0678644
v 0.0289675 -0.0264577 -0.066994
v 0.0283388 -0.0274216 -0.066994
v 0.0278226 -0.028186 -0.066994
v 0.0278377 -0.0282085 -0.065628
v 0.027679 -0.0284461 -0.0647281
v 0.0342029 -0.00829769 -0.065628
v 0.0342046 -0.00814525 -0.0657805
v 0.0342046 -0.00829769 -0.0647281
v 0.029817 -0.00814525 -0.0713771
v 0.029817 -0.0110281 -0.0713771
v 0.0284505 -0.0164933 -0.0713745
v 0.0270839 -0.019226 -0.0713771
v 0.0257182 -0.0219564 -0.0713771
v 0.0256325 -0.0219564 -0.0713771
v 0.0256325 -0.0286568 -0.0692651
v 0.0256325 -0.0273544 -0.0699627
v 0.0260892 -0.0263254 -0.0701997
v 0.0266566 -0.0274216 -0.0692304
v 0.0264283 -0.0254153 -0.0704307
v 0.0279275 -0.0256372 -0.0691675
v 0.0291002 -0.023947 -0.0690157
v 0.0288869 -0.024689 -0.0688213
v 0.0293595 -0.025774 -0.066994
v 0.0295241 -0.024689 -0.068138
v 0.0306312 -0.0229382 -0.0678664
v 0.0303987 -0.0237946 -0.066994
v 0.0299412 -0.024689 -0.066994
v 0.0289793 -0.0264779 -0.065628
v 0.0283665 -0.0274216 -0.065628
v 0.0293738 -0.0257942 -0.065628
v 0.027841 -0.0282129 -0.0647281
v 0.0341434 -0.00919661 -0.0647281
v 0.0341056 -0.00966288 -0.065628
v 0.034093 -0.00966288 -0.066994
v 0.0341862 -0.00829769 -0.066994
v 0.0341895 -0.00814525 -0.066994
v 0.0311819 -0.00814525 -0.0710773
v 0.029817 -0.0123955 -0.071366
v 0.0284505 -0.0178608 -0.0713287
v 0.0270839 -0.0205912 -0.0713339
v 0.0257182 -0.0233238 -0.0712999
v 0.0256325 -0.0233238 -0.0713045
v 0.0256325 -0.0260116 -0.0706454
v 0.0256678 -0.0259443 -0.0706565
v 0.0266432 -0.024689 -0.0705898
v 0.0278738 -0.0228217 -0.0704922
v 0.0276068 -0.023734 -0.0702854
v 0.0273256 -0.024689 -0.0700681
v 0.0282037 -0.024689 -0.0693848
v 0.0298783 -0.0234426 -0.068441
v 0.0288064 -0.0219564 -0.0701467
v 0.0290464 -0.0211023 -0.0703358
v 0.0293327 -0.0230369 -0.0692219
v 0.0302711 -0.0219564 -0.0688095
v 0.029969 -0.024689 -0.065628
v 0.0308377 -0.0219564 -0.0681262
v 0.0319088 -0.0200218 -0.0677479
v 0.0307085 -0.0231108 -0.066994
v 0.0304113 -0.023817 -0.065628
v 0.0307211 -0.0231355 -0.065628
v 0.028578 -0.0270988 -0.0647281
v 0.028369 -0.0274216 -0.0647281
v 0.0292395 -0.0260273 -0.0647281
v 0.0289784 -0.0264756 -0.0647281
v 0.0280215 -0.0279439 -0.0647281
v 0.0295778 -0.0254153 -0.0647281
v 0.0293746 -0.0257919 -0.0647281
v 0.0341098 -0.00966288 -0.0647281
v 0.0339948 -0.0110281 -0.065628
v 0.0339822 -0.0110281 -0.066994
v 0.0336003 -0.0110281 -0.0682395
v 0.0337295 -0.00829769 -0.0683599
v 0.0337337 -0.00814525 -0.0683599
v 0.0341392 -0.00814525 -0.0671465
v 0.0320247 -0.00814525 -0.0705937
v 0.0311819 -0.00829769 -0.0710754
v 0.029817 -0.0137607 -0.0713162
v 0.0284505 -0.019226 -0.0711788
v 0.029817 -0.0151281 -0.0711912
v 0.0270839 -0.0219564 -0.0711539
v 0.0257182 -0.024689 -0.0710551
v 0.0256325 -0.024689 -0.0710741
v 0.0256325 -0.0259466 -0.0706703
v 0.0271242 -0.0232969 -0.0707841
v 0.0281231 -0.0219564 -0.0706703
v 0.0295887 -0.0219564 -0.0694634
v 0.0292613 -0.0201921 -0.0705289
v 0.0304508 -0.0211606 -0.0689974
v 0.0299681 -0.024689 -0.0647281
v 0.03012 -0.0243908 -0.0647281
v 0.0311844 -0.0205912 -0.0683723
v 0.0319391 -0.020098 -0.066994
v 0.0316688 -0.0207795 -0.066994
v 0.0311945 -0.0219564 -0.066994
v 0.0315034 -0.019226 -0.0686178
v 0.0320364 -0.019226 -0.0679351
v 0.0333123 -0.0148233 -0.0678147
v 0.0330101 -0.0164933 -0.066994
v 0.0326307 -0.0178608 -0.066994
v 0.0322236 -0.019226 -0.066994
v 0.0306161 -0.0233664 -0.0647281
v 0.0304105 -0.023817 -0.0647281
v 0.0312163 -0.0219564 -0.065628
v 0.0312205 -0.0219564 -0.0647281
v 0.0307219 -0.0231333 -0.0647281
v 0.0339939 -0.0110281 -0.0647281
v 0.0338328 -0.0123955 -0.065628
v 0.0338185 -0.0123955 -0.066994
v 0.0334089 -0.0137607 -0.0679718
v 0.0335163 -0.0123955 -0.0681223
v 0.0331319 -0.0110281 -0.0689228
v 0.033194 -0.00997896 -0.0689987
v 0.0332401 -0.00906659 -0.0690536
v 0.0335776 -0.00957994 -0.0684698
v 0.0332603 -0.00829769 -0.0690785
v 0.033262 -0.00814525 -0.0690811
v 0.032708 -0.00814525 -0.0697638
v 0.032023 -0.00829769 -0.0705917
v 0.0311819 -0.00966288 -0.0710047
v 0.0311005 -0.0123955 -0.0708817
v 0.0309804 -0.0137607 -0.0708326
v 0.0296928 -0.0178608 -0.070845
v 0.0294527 -0.019226 -0.0706951
v 0.0285352 -0.0206248 -0.0708332
v 0.0301343 -0.019226 -0.0700518
v 0.030638 -0.0202504 -0.0691826
v 0.0322412 -0.019226 -0.065628
v 0.0319483 -0.0201182 -0.065628
v 0.0316772 -0.0208019 -0.065628
v 0.0317284 -0.0178608 -0.0688933
v 0.0322429 -0.0178608 -0.06821
v 0.0329321 -0.0137607 -0.0686538
v 0.0336011 -0.0137607 -0.066994
v 0.0333585 -0.0150474 -0.066994
v 0.0332124 -0.0157312 -0.066994
v 0.0323806 -0.0165965 -0.0684862
v 0.0328624 -0.0152178 -0.0683056
v 0.03322 -0.0157581 -0.065628
v 0.0330236 -0.0164933 -0.065628
v 0.0326458 -0.0178608 -0.065628
v 0.0316805 -0.0208041 -0.0647281
v 0.0338277 -0.0123955 -0.0647281
v 0.0336884 -0.0132944 -0.0647281
v 0.0336145 -0.0137607 -0.065628
v 0.0330437 -0.0123955 -0.0688056
v 0.0319004 -0.0106156 -0.0704503
v 0.0319617 -0.00966288 -0.070521
v 0.0323604 -0.0123955 -0.0696309
v 0.0323529 -0.011055 -0.0698456
v 0.0327399 -0.00957994 -0.0695962
v 0.0327063 -0.00829769 -0.0697618
v 0.0332007 -0.00814525 -0.0691571
v 0.0317838 -0.0123955 -0.0703142
v 0.0316629 -0.0137607 -0.0701755
v 0.0308084 -0.0151281 -0.0707076
v 0.0306413 -0.0162423 -0.0705498
v 0.0304911 -0.0171524 -0.0704013
v 0.0303744 -0.0178608 -0.0702828
v 0.0308201 -0.019226 -0.0693685
v 0.0322446 -0.019226 -0.0647281
v 0.0326509 -0.0178608 -0.0647281
v 0.0319483 -0.0201204 -0.0647281
v 0.0318484 -0.0171188 -0.0690255
v 0.0319693 -0.0162064 -0.0691623
v 0.0321011 -0.0151281 -0.0693141
v 0.0322488 -0.0137607 -0.0694922
v 0.0333652 -0.0150743 -0.065628
v 0.0330244 -0.0164933 -0.0647281
v 0.0333652 -0.0150654 -0.0647281
v 0.0333157 -0.0152985 -0.0647281
v 0.0332175 -0.0157491 -0.0647281
v 0.0330907 -0.0162423 -0.0647281
v 0.0327801 -0.0173945 -0.0647281
v 0.0336137 -0.0137607 -0.0647281
v 0.0318408 -0.011528 -0.0703803
v 0.0314916 -0.0151281 -0.0699974
v 0.0310459 -0.0178608 -0.0695995
v 0.0334508 -0.014617 -0.0647281
f 1738 1739 1740
f 1738 1740 1744
f 1738 1744 1752
f 1738 1752 1751
f 1738 1751 1764
f 1738 1764 1779
f 1738 1779 1805
f 1738 1805 1839
f 1738 1839 1836
f 1738 1836 1835
f 1738 1835 1838
f 1738 1838 1837
f 1738 1837 1841
f 1738 1841 1840
f 1738 1840 1863
f 1738 1863 1864
f 1738 1864 1876
f 1738 1876 1875
f 1738 1875 1879
f 1738 1879 1878
f 1738 1878 1915
f 1738 1915 1936
f 1738 1936 1934
f 1738 1934 1935
f 1738 1935 1947
f 1738 1947 1942
f 1738 1942 1946
f 1738 1946 1945
f 1738 1945 1944
f 1738 1944 1943
f 1738 1943 1952
f 1738 1952 1948
f 1738 1948 1917
f 1738 1917 1916
f 1738 1916 1880
f 1738 1880 1842
f 1738 1842 1806
f 1738 1806 1782
f 1738 1782 1766
f 1738 1766 1753
f 1738 1753 1745
f 1738 1745 1741
f 1738 1741 1746
f 1738 1746 1754
f 1738 1754 1768
f 1738 1768 1788
f 1738 1788 1816
f 1738 1816 1856
f 1738 1856 1857
f 1738 1857 1817
f 1738 1817 1790
f 1738 1790 1789
f 1738 1789 1769
f 1738 1769 1755
f 1738 1755 1747
f 1738 1747 1742
f 1738 1742 1739
f 1739 1742 1743
f 1739 1743 1744
f 1739 1744 1740
f 1741 1745 1746
f 1742 1747 1748
f 1742 1748 1749
f 1742 1749 1743
f 1743 1749 1750
f 1743 1750 1751
f 1743 1751 1752
f 1743 1752 1744
f 1745 1753 1765
f 1745 1765 1781
f 1745 1781 1810
f 1745 1810 1848
f 1745 1848 1847
f 1745 1847 1890
f 1745 1890 1926
f 1745 1926 1891
f 1745 1891 1849
f 1745 1849 1811
f 1745 1811 1783
f 1745 1783 1767
f 1745 1767 1754
f 1745 1754 1746
f 1747 1755 1756
f 1747 1756 1748
f 1748 1757 1749
f 1748 1756 1758
f 1748 1758 1759
f 1748 1759 1760
f 1748 1760 1761
f 1748 1761 1757
f 1749 1757 1750
f 1750 1757 1762
f 1750 1762 1763
f 1750 1763 1764
f 1750 1764 1751
f 1753 1766 1765
f 1754 1767 1768
f 1755 1769 1758
f 1755 1758 1756
f 1757 1761 1762
f 1758 1769 1770
f 1758 1770 1771
f 1758 1771 1759
f 1759 1771 1772
f 1759 1772 1760
f 1760 1772 1773
f 1760 1773 1774
f 1760 1774 1761
f 1761 1774 1775
f 1761 1775 1776
f 1761 1776 1777
f 1761 1777 1762
f 1762 1777 1763
f 1763 1777 1778
f 1763 1778 1779
f 1763 1779 1764
f 1765 1766 1780
f 1765 1780 1781
f 1766 1782 1780
f 1767 1783 1784
f 1767 1784 1785
f 1767 1785 1786
f 1767 1786 1787
f 1767 1787 1788
f 1767 1788 1768
f 1769 1789 1770
f 1770 1789 1790
f 1770 1790 1771
f 1771 1790 1791
f 1771 1791 1792
f 1771 1792 1772
f 1772 1792 1793
f 1772 1793 1794
f 1772 1794 1795
f 1772 1795 1796
f 1772 1796 1773
f 1773 1796 1774
f 1774 1797 1775
f 1774 1796 1798
f 1774 1798 1799
f 1774 1799 1800
f 1774 1800 1801
f 1774 1801 1797
f 1775 1802 1803
f 1775 1803 1776
f 1775 1797 1804
f 1775 1804 1802
f 1776 1803 1778
f 1776 1778 1777
f 1778 1805 1779
f 1778 1803 1805
f 1780 1782 1806
f 1780 1806 1807
f 1780 1807 1808
f 1780 1808 1809
f 1780 1809 1781
f 1781 1809 1810
f 1783 1811 1784
f 1784 1811 1812
f 1784 1812 1785
f 1785 1812 1813
f 1785 1813 1814
f 1785 1814 1786
f 1786 1814 1787
f 1787 1814 1815
f 1787 1815 1816
f 1787 1816 1788
f 1790 1817 1791
f 1791 1817 1818
f 1791 1818 1793
f 1791 1793 1792
f 1793 1818 1819
f 1793 1819 1820
f 1793 1820 1821
f 1793 1821 1822
f 1793 1822 1794
f 1794 1822 1821
f 1794 1821 1823
f 1794 1823 1795
f 1795 1824 1798
f 1795 1798 1796
f 1795 1823 1820
f 1795 1820 1825
f 1795 1825 1826
f 1795 1826 1827
f 1795 1827 1828
f 1795 1828 1824
f 1797 1801 1829
f 1797 1829 1804
f 1798 1824 1799
f 1799 1828 1830
f 1799 1830 1831
f 1799 1831 1832
f 1799 1832 1800
f 1799 1824 1828
f 1800 1833 1829
f 1800 1829 1801
f 1800 1832 1834
f 1800 1834 1833
f 1802 1835 1836
f 1802 1836 1803
f 1802 1804 1837
f 1802 1837 1838
f 1802 1838 1835
f 1803 1836 1839
f 1803 1839 1805
f 1804 1829 1840
f 1804 1840 1841
f 1804 1841 1837
f 1806 1842 1807
f 1807 1842 1843
f 1807 1843 1844
f 1807 1844 1808
f 1808 1844 1845
f 1808 1845 1809
f 1809 1845 1846
f 1809 1846 1847
f 1809 1847 1848
f 1809 1848 1810
f 1811 1849 1850
f 1811 1850 1812
f 1812 1851 1813
f 1812 1850 1851
f 1813 1852 1814
f 1813 1851 1853
f 1813 1853 1852
f 1814 1854 1815
f 1814 1852 1854
f 1815 1854 1855
f 1815 1855 1856
f 1815 1856 1816
f 1817 1857 1818
f 1818 1857 1855
f 1818 1855 1819
f 1819 1855 1858
f 1819 1858 1859
f 1819 1859 1820
f 1820 1859 1826
f 1820 1826 1825
f 1820 1823 1821
f 1826 1860 1827
f 1826 1859 1861
f 1826 1861 1860
f 1827 1860 1862
f 1827 1862 1828
f 1828 1862 1830
f 1829 1863 1840
f 1829 1833 1864
f 1829 1864 1863
f 1830 1862 1865
f 1830 1865 1831
f 1831 1866 1867
f 1831 1867 1868
f 1831 1868 1832
f 1831 1865 1869
f 1831 1869 1870
f 1831 1870 1871
f 1831 1871 1872
f 1831 1872 1873
f 1831 1873 1874
f 1831 1874 1866
f 1832 1868 1834
f 1833 1834 1875
f 1833 1875 1876
f 1833 1876 1864
f 1834 1868 1877
f 1834 1877 1878
f 1834 1878 1879
f 1834 1879 1875
f 1842 1880 1843
f 1843 1881 1844
f 1843 1880 1881
f 1844 1881 1882
f 1844 1882 1883
f 1844 1883 1884
f 1844 1884 1845
f 1845 1885 1886
f 1845 1886 1887
f 1845 1887 1888
f 1845 1888 1846
f 1845 1884 1885
f 1846 1888 1887
f 1846 1887 1889
f 1846 1889 1847
f 1847 1889 1890
f 1849 1891 1925
f 1849 1925 1892
f 1849 1892 1850
f 1850 1892 1893
f 1850 1893 1851
f 1851 1893 1894
f 1851 1894 1895
f 1851 1895 1853
f 1852 1853 1896
f 1852 1896 1897
f 1852 1897 1898
f 1852 1898 1854
f 1853 1895 1896
f 1854 1858 1855
f 1854 1898 1858
f 1855 1857 1856
f 1858 1898 1859
f 1859 1898 1861
f 1860 1861 1862
f 1861 1897 1899
f 1861 1899 1900
f 1861 1900 1862
f 1861 1898 1897
f 1862 1900 1869
f 1862 1869 1865
f 1866 1874 1901
f 1866 1901 1902
f 1866 1902 1903
f 1866 1903 1867
f 1867 1903 1877
f 1867 1877 1868
f 1869 1904 1870
f 1869 1900 1904
f 1870 1904 1905
f 1870 1905 1871
f 1871 1906 1883
f 1871 1883 1882
f 1871 1882 1907
f 1871 1907 1908
f 1871 1908 1909
f 1871 1909 1872
f 1871 1905 1910
f 1871 1910 1911
f 1871 1911 1906
f 1872 1909 1912
f 1872 1912 1913
f 1872 1913 1914
f 1872 1914 1873
f 1873 1914 1901
f 1873 1901 1874
f 1877 1903 1915
f 1877 1915 1878
f 1880 1916 1881
f 1881 1916 1917
f 1881 1917 1918
f 1881 1918 1907
f 1881 1907 1882
f 1883 1906 1919
f 1883 1919 1884
f 1884 1919 1885
f 1885 1920 1921
f 1885 1921 1886
f 1885 1919 1922
f 1885 1922 1923
f 1885 1923 1920
f 1886 1921 1924
f 1886 1924 1887
f 1887 1924 1921
f 1887 1921 1892
f 1887 1892 1925
f 1887 1925 1889
f 1889 1925 1926
f 1889 1926 1890
f 1891 1926 1925
f 1892 1921 1894
f 1892 1894 1893
f 1894 1921 1895
f 1895 1927 1928
f 1895 1928 1929
f 1895 1929 1896
f 1895 1921 1920
f 1895 1920 1927
f 1896 1929 1897
f 1897 1929 1930
f 1897 1930 1931
f 1897 1931 1932
f 1897 1932 1899
f 1899 1932 1933
f 1899 1933 1900
f 1900 1933 1904
f 1901 1934 1902
f 1901 1914 1935
f 1901 1935 1934
f 1902 1934 1936
f 1902 1936 1915
f 1902 1915 1903
f 1904 1933 1937
f 1904 1937 1905
f 1905 1937 1910
f 1906 1911 1938
f 1906 1938 1939
f 1906 1939 1940
f 1906 1940 1919
f 1907 1918 1908
f 1908 1918 1941
f 1908 1941 1912
f 1908 1912 1909
f 1910 1937 1911
f 1911 1937 1938
f 1912 1942 1913
f 1912 1941 1943
f 1912 1943 1944
f 1912 1944 1945
f 1912 1945 1946
f 1912 1946 1942
f 1913 1942 1947
f 1913 1947 1914
f 1914 1947 1935
f 1917 1948 1918
f 1918 1948 1941
f 1919 1940 1922
f 1920 1923 1922
f 1920 1922 1949
f 1920 1949 1927
f 1922 1927 1949
f 1922 1940 1927
f 1927 1940 1928
f 1928 1940 1939
f 1928 1939 1950
f 1928 1950 1929
f 1929 1950 1930
f 1930 1950 1937
f 1930 1937 1951
f 1930 1951 1931
f 1931 1951 1932
f 1932 1951 1933
f 1933 1951 1937
f 1937 1950 1938
f 1938 1950 1939
f 1941 1948 1952
f 1941 1952 1943
o convex_11
v 0.0256325 -0.00814301 -0.0712861
v 0.0256334 -0.00814301 -0.0714143
v 0.0256325 -0.00814301 -0.0684331
v 0.0256325 -0.00685873 -0.0715516
v 0.0298166 -0.00814301 -0.0713768
v 0.0316799 -0.00814301 -0.0648396
v 0.0256325 0.0119631 -0.0648396
v 0.0256325 -0.00564541 -0.0715483
v 0.0298166 -0.00282852 -0.0713768
v 0.0311819 -0.00692732 -0.0710943
v 0.0311819 -0.00814301 -0.0710778
v 0.0342077 -0.00814301 -0.0648396
v 0.0256325 0.0159792 -0.0648396
v 0.0298166 -0.00146383 -0.0713683
v 0.0256325 0.00818362 -0.0713768
v 0.0257183 0.00809848 -0.0713768
v 0.0270844 0.00673142 -0.071361
v 0.0284505 0.00263498 -0.0713768
v 0.0311819 -0.00556263 -0.0710673
v 0.0320399 -0.00692732 -0.0706107
v 0.0320248 -0.00814301 -0.0705936
v 0.0342052 -0.00814301 -0.0657805
v 0.0342253 -0.00692732 -0.065628
v 0.0342144 -0.00771728 -0.0648396
v 0.0261768 0.0153453 -0.0648396
v 0.0261919 0.0153642 -0.065628
v 0.0256325 0.0160099 -0.065628
v 0.0298166 -9.67692e-05 -0.0713282
v 0.0284505 0.00399967 -0.0713492
v 0.0256325 0.00955068 -0.0713426
v 0.0257183 0.00946553 -0.0713407
v 0.0270844 0.00809848 -0.0712487
v 0.0311819 -0.00419557 -0.0710174
v 0.0320172 -0.00556263 -0.0705837
v 0.0327003 -0.00556263 -0.0697624
v 0.032723 -0.00692732 -0.0697834
v 0.0326321 -0.00814301 -0.0698563
v 0.03419 -0.00814301 -0.0669941
v 0.0342203 -0.00692732 -0.0669941
v 0.0342228 -0.00692732 -0.0648396
v 0.0341984 -0.00556263 -0.0669941
v 0.0267429 0.0146618 -0.0648396
v 0.0262029 0.0153784 -0.0669941
v 0.0267564 0.0146807 -0.065628
v 0.0256325 0.0160194 -0.0669941
v 0.0298166 0.00127029 -0.0712428
v 0.0311819 -0.00282852 -0.0709596
v 0.0284505 0.00536673 -0.0712073
v 0.0256325 0.0109154 -0.0711251
v 0.0281788 0.00809848 -0.0707651
v 0.0257183 0.0108302 -0.0711173
v 0.027161 0.0095081 -0.0708715
v 0.0319718 -0.00419557 -0.0705338
v 0.0332386 -0.00479396 -0.0690514
v 0.0332613 -0.00556263 -0.069079
v 0.0332782 -0.00692732 -0.0691007
v 0.0327078 -0.00814301 -0.0697637
v 0.0341395 -0.00814301 -0.0671466
v 0.0337694 -0.00692732 -0.0683602
v 0.0342068 -0.00635023 -0.0648396
v 0.0337417 -0.00556263 -0.0683602
v 0.0341387 -0.00419557 -0.0669941
v 0.0341488 -0.00419557 -0.065628
v 0.0271366 0.0141769 -0.0648396
v 0.0267572 0.0146949 -0.0669941
v 0.0278853 0.0130416 -0.0678398
v 0.0266327 0.0145435 -0.0679764
v 0.0256325 0.015771 -0.067707
v 0.0274394 0.0138221 -0.065628
v 0.0308471 0.00127029 -0.0707585
v 0.0309901 -9.67692e-05 -0.0708446
v 0.0298166 0.00263498 -0.0710818
v 0.0312711 -0.00154661 -0.0708032
v 0.0319213 -0.00282852 -0.070476
v 0.029481 0.00536673 -0.0707237
v 0.0298814 0.00394291 -0.0708065
v 0.0256325 0.0121405 -0.0707112
v 0.0292615 0.00632934 -0.070543
v 0.0279399 0.00908238 -0.0705824
v 0.0256797 0.0120885 -0.0707066
v 0.0266916 0.0108302 -0.0706383
v 0.0335886 -0.00428072 -0.0684738
v 0.0325303 -0.00282852 -0.0697262
v 0.0332016 -0.00388337 -0.0690054
v 0.0332622 -0.00814301 -0.069081
v 0.0337341 -0.00814301 -0.0683602
v 0.0341345 -0.00419557 -0.0648396
v 0.0336121 -0.00282852 -0.0682662
v 0.0340193 -0.00282852 -0.0669941
v 0.0340462 -0.00282852 -0.065628
v 0.034042 -0.00282852 -0.0648396
v 0.027426 0.0138127 -0.0648396
v 0.0274403 0.0138174 -0.0669941
v 0.0279517 0.0131339 -0.0669941
v 0.0285717 0.0121973 -0.0669941
v 0.0290705 0.0114097 -0.0669941
v 0.0305182 0.00881985 -0.0677103
v 0.0293649 0.0105369 -0.0679968
v 0.0281149 0.0121027 -0.0683207
v 0.0274924 0.0124953 -0.0687505
v 0.0262508 0.0140397 -0.0688865
v 0.0258033 0.0150307 -0.0684692
v 0.0256325 0.0153879 -0.0683102
v 0.0279484 0.0131291 -0.0648396
v 0.0279542 0.0131386 -0.065628
v 0.0315302 0.00127029 -0.0700094
v 0.0318843 -0.00205748 -0.0704319
v 0.030673 0.00263498 -0.0705975
v 0.0303794 0.00435917 -0.0702769
v 0.0305451 0.00345096 -0.0704635
v 0.0256325 0.0121878 -0.0706921
v 0.0301641 0.00536673 -0.0700383
v 0.0288619 0.00809848 -0.0701126
v 0.0276674 0.00999296 -0.070311
v 0.0284758 0.0095081 -0.0697505
v 0.0292699 0.00902325 -0.0691901
v 0.0264334 0.0115587 -0.0704398
v 0.0331579 -0.00282852 -0.0689496
v 0.0335246 -0.00146383 -0.0681433
v 0.0334094 -9.67692e-05 -0.0679653
v 0.0338376 -0.00146383 -0.0669941
v 0.0338519 -0.00146383 -0.065628
v 0.0339595 -0.00225142 -0.0648396
v 0.0285641 0.0121973 -0.065628
v 0.0290604 0.0113884 -0.065628
v 0.0294734 0.0107285 -0.0669941
v 0.0297729 0.00937566 -0.0683083
v 0.0301556 0.00952939 -0.0669941
v 0.0305342 0.00884586 -0.0669941
v 0.0308917 0.00809848 -0.0669941
v 0.0315066 0.00673142 -0.0669941
v 0.0318321 0.00596275 -0.0669941
v 0.0320071 0.00507108 -0.0679074
v 0.0306898 0.00809848 -0.0679475
v 0.0301725 0.00809848 -0.0686302
v 0.0290108 0.00993383 -0.0689069
v 0.0287904 0.0109272 -0.0684147
v 0.0278163 0.0115847 -0.0690915
v 0.0257251 0.0135738 -0.0697341
v 0.0256325 0.0136211 -0.0697893
v 0.0256325 0.0144253 -0.069194
v 0.0256325 0.0151301 -0.0685678
v 0.0265814 0.0131291 -0.069217
v 0.0285448 0.0121973 -0.0648396
v 0.0319785 0.00231332 -0.0691769
v 0.0321047 0.00127029 -0.0693261
v 0.0330611 -0.00146383 -0.0688254
v 0.0314401 0.00271539 -0.0696697
v 0.0309497 0.00394291 -0.0697834
v 0.0307722 0.00536673 -0.069355
v 0.0318355 0.0032239 -0.0690074
v 0.0256325 0.0128051 -0.0703531
v 0.0294903 0.00809848 -0.0694292
v 0.0303828 0.00715242 -0.0689147
v 0.0305838 0.00624183 -0.0691368
v 0.0273747 0.0108302 -0.0700305
v 0.0280535 0.0108302 -0.0693471
v 0.0261095 0.0124693 -0.0701277
v 0.0329249 -9.67692e-05 -0.068648
v 0.0333101 0.000903689 -0.0678082
v 0.0335944 -9.67692e-05 -0.0669941
v 0.0335894 -9.67692e-05 -0.065628
v 0.0337324 -0.000884364 -0.0648396
v 0.0338434 -0.00146383 -0.0648396
v 0.029047 0.0113671 -0.0648396
v 0.0294474 0.0106836 -0.0648396
v 0.029841 0.0100095 -0.0648396
v 0.0294583 0.0107049 -0.065628
v 0.0301405 0.00952466 -0.065628
v 0.0305333 0.0088435 -0.065628
v 0.0308917 0.00809848 -0.065628
v 0.0315133 0.00673142 -0.065628
v 0.031838 0.00596984 -0.065628
v 0.0320778 0.00527922 -0.0669941
v 0.0321897 0.00399967 -0.068165
v 0.031711 0.00399967 -0.0688471
v 0.0315209 0.00546133 -0.0683615
v 0.0309481 0.00671013 -0.06842
v 0.0325202 0.00399967 -0.0669941
v 0.0256325 0.0134934 -0.069878
v 0.0328542 0.00132469 -0.0683017
v 0.0323579 0.00271539 -0.0684752
v 0.0331797 0.00174805 -0.0669941
v 0.0333463 0.00106452 -0.0669941
v 0.0329392 0.00263498 -0.0669941
v 0.0333387 0.00105742 -0.065628
v 0.0332479 0.00143585 -0.0648396
v 0.033332 0.00104087 -0.0648396
v 0.0335743 -9.67692e-05 -0.0648396
v 0.0305249 0.00882694 -0.0648396
v 0.0307277 0.00841304 -0.0648396
v 0.0308791 0.00809848 -0.0648396
v 0.0312425 0.00731088 -0.0648396
v 0.0315058 0.00673142 -0.0648396
v 0.0318338 0.00596038 -0.0648396
v 0.0319339 0.00567183 -0.0648396
v 0.0325202 0.00399967 -0.065628
v 0.0329459 0.00263498 -0.065628
v 0.0331831 0.00173859 -0.065628
v 0.0331814 0.0017244 -0.0648396
v 0.0325127 0.00399967 -0.0648396
v 0.03276 0.00321444 -0.0648396
v 0.03294 0.00263498 -0.0648396
v 0.0330813 0.00210282 -0.0648396
f 1953 1954 1957
f 1953 1957 1963
f 1953 1963 1973
f 1953 1973 1989
f 1953 1989 2009
f 1953 2009 2037
f 1953 2037 2038
f 1953 2038 2010
f 1953 2010 1990
f 1953 1990 1974
f 1953 1974 1964
f 1953 1964 1958
f 1953 1958 1955
f 1953 1955 1959
f 1953 1959 1965
f 1953 1965 1979
f 1953 1979 1997
f 1953 1997 2020
f 1953 2020 2055
f 1953 2055 2094
f 1953 2094 2093
f 1953 2093 2092
f 1953 2092 2132
f 1953 2132 2104
f 1953 2104 2063
f 1953 2063 2029
f 1953 2029 2001
f 1953 2001 1982
f 1953 1982 1967
f 1953 1967 1960
f 1953 1960 1956
f 1953 1956 1954
f 1954 1956 1957
f 1955 1958 1959
f 1956 1960 1961
f 1956 1961 1957
f 1957 1962 1963
f 1957 1961 1962
f 1958 1964 1976
f 1958 1976 1992
f 1958 1992 2012
f 1958 2012 2039
f 1958 2039 2043
f 1958 2043 2075
f 1958 2075 2116
f 1958 2116 2115
f 1958 2115 2141
f 1958 2141 2140
f 1958 2140 2139
f 1958 2139 2152
f 1958 2152 2156
f 1958 2156 2155
f 1958 2155 2154
f 1958 2154 2153
f 1958 2153 2148
f 1958 2148 2147
f 1958 2147 2146
f 1958 2146 2145
f 1958 2145 2144
f 1958 2144 2143
f 1958 2143 2142
f 1958 2142 2119
f 1958 2119 2118
f 1958 2118 2117
f 1958 2117 2096
f 1958 2096 2056
f 1958 2056 2044
f 1958 2044 2016
f 1958 2016 1994
f 1958 1994 1977
f 1958 1977 1965
f 1958 1965 1959
f 1960 1966 1961
f 1960 1967 1968
f 1960 1968 1969
f 1960 1969 1970
f 1960 1970 1966
f 1961 1966 1962
f 1962 1971 1972
f 1962 1972 1963
f 1962 1966 1971
f 1963 1972 1973
f 1964 1974 1975
f 1964 1975 1976
f 1965 1977 1978
f 1965 1978 1979
f 1966 1980 1971
f 1966 1970 1981
f 1966 1981 1980
f 1967 1982 1968
f 1968 1982 1969
f 1969 1982 1983
f 1969 1983 1984
f 1969 1984 1981
f 1969 1981 1970
f 1971 1985 1986
f 1971 1986 1972
f 1971 1980 1985
f 1972 1986 1987
f 1972 1987 1988
f 1972 1988 1973
f 1973 1988 1989
f 1974 1990 1991
f 1974 1991 1975
f 1975 1992 1976
f 1975 1991 1993
f 1975 1993 1992
f 1977 1994 1978
f 1978 1995 1979
f 1978 1994 1996
f 1978 1996 1995
f 1979 1995 1997
f 1980 1998 1999
f 1980 1999 1985
f 1980 1981 1998
f 1981 1984 2000
f 1981 2000 1998
f 1982 2001 1983
f 1983 2001 1984
f 1984 2002 2000
f 1984 2001 2003
f 1984 2003 2004
f 1984 2004 2002
f 1985 1999 1986
f 1986 1999 2005
f 1986 2005 1987
f 1987 2006 2007
f 1987 2007 1988
f 1987 2005 2006
f 1988 2008 2009
f 1988 2009 1989
f 1988 2007 2008
f 1990 2010 2011
f 1990 2011 1991
f 1991 2011 1993
f 1992 1993 2012
f 1993 2011 2013
f 1993 2013 2014
f 1993 2014 2015
f 1993 2015 2012
f 1994 2016 1996
f 1995 2017 2018
f 1995 2018 2019
f 1995 2019 2020
f 1995 2020 1997
f 1995 1996 2017
f 1996 2016 2021
f 1996 2021 2017
f 1998 2022 2023
f 1998 2023 1999
f 1998 2000 2024
f 1998 2024 2022
f 1999 2023 2025
f 1999 2025 2026
f 1999 2026 2005
f 2000 2002 2027
f 2000 2027 2028
f 2000 2028 2024
f 2001 2029 2003
f 2002 2030 2027
f 2002 2004 2031
f 2002 2031 2030
f 2003 2029 2032
f 2003 2032 2004
f 2004 2032 2033
f 2004 2033 2031
f 2005 2026 2006
f 2006 2034 2013
f 2006 2013 2007
f 2006 2026 2035
f 2006 2035 2036
f 2006 2036 2034
f 2007 2013 2008
f 2008 2011 2037
f 2008 2037 2009
f 2008 2013 2011
f 2010 2038 2011
f 2011 2038 2037
f 2012 2015 2039
f 2013 2034 2040
f 2013 2040 2014
f 2014 2040 2041
f 2014 2041 2042
f 2014 2042 2015
f 2015 2042 2043
f 2015 2043 2039
f 2016 2044 2021
f 2017 2021 2045
f 2017 2045 2018
f 2018 2046 2047
f 2018 2047 2048
f 2018 2048 2049
f 2018 2049 2050
f 2018 2050 2051
f 2018 2051 2052
f 2018 2052 2053
f 2018 2053 2019
f 2018 2045 2046
f 2019 2053 2054
f 2019 2054 2055
f 2019 2055 2020
f 2021 2044 2056
f 2021 2056 2057
f 2021 2057 2045
f 2022 2058 2059
f 2022 2059 2023
f 2022 2024 2028
f 2022 2028 2060
f 2022 2060 2058
f 2023 2059 2025
f 2025 2059 2026
f 2026 2059 2035
f 2027 2030 2061
f 2027 2061 2062
f 2027 2062 2060
f 2027 2060 2028
f 2029 2063 2032
f 2030 2064 2061
f 2030 2031 2065
f 2030 2065 2064
f 2031 2033 2066
f 2031 2066 2067
f 2031 2067 2068
f 2031 2068 2065
f 2032 2063 2033
f 2033 2063 2069
f 2033 2069 2066
f 2034 2036 2070
f 2034 2070 2040
f 2035 2070 2036
f 2035 2059 2070
f 2040 2070 2071
f 2040 2071 2041
f 2041 2071 2072
f 2041 2072 2073
f 2041 2073 2042
f 2042 2073 2074
f 2042 2074 2043
f 2043 2074 2075
f 2045 2057 2046
f 2046 2057 2047
f 2047 2057 2076
f 2047 2076 2048
f 2048 2077 2078
f 2048 2078 2049
f 2048 2076 2077
f 2049 2068 2079
f 2049 2079 2050
f 2049 2078 2080
f 2049 2080 2081
f 2049 2081 2082
f 2049 2082 2083
f 2049 2083 2084
f 2049 2084 2085
f 2049 2085 2086
f 2049 2086 2087
f 2049 2087 2068
f 2050 2079 2088
f 2050 2088 2089
f 2050 2089 2051
f 2051 2090 2052
f 2051 2089 2090
f 2052 2090 2053
f 2053 2091 2092
f 2053 2092 2093
f 2053 2093 2094
f 2053 2094 2054
f 2053 2090 2095
f 2053 2095 2091
f 2054 2094 2055
f 2056 2096 2076
f 2056 2076 2057
f 2058 2060 2097
f 2058 2097 2098
f 2058 2098 2059
f 2059 2099 2070
f 2059 2098 2099
f 2060 2062 2100
f 2060 2100 2097
f 2061 2101 2062
f 2061 2064 2102
f 2061 2102 2101
f 2062 2101 2103
f 2062 2103 2100
f 2063 2104 2069
f 2064 2065 2105
f 2064 2105 2106
f 2064 2106 2107
f 2064 2107 2102
f 2065 2068 2105
f 2066 2069 2108
f 2066 2108 2090
f 2066 2090 2109
f 2066 2109 2088
f 2066 2088 2067
f 2067 2088 2068
f 2068 2087 2106
f 2068 2106 2105
f 2068 2088 2079
f 2069 2104 2110
f 2069 2110 2090
f 2069 2090 2108
f 2070 2099 2071
f 2071 2099 2072
f 2072 2111 2112
f 2072 2112 2073
f 2072 2099 2111
f 2073 2112 2113
f 2073 2113 2074
f 2074 2113 2114
f 2074 2114 2115
f 2074 2115 2116
f 2074 2116 2075
f 2076 2096 2077
f 2077 2117 2118
f 2077 2118 2119
f 2077 2119 2120
f 2077 2120 2078
f 2077 2096 2117
f 2078 2120 2121
f 2078 2121 2122
f 2078 2122 2080
f 2080 2122 2081
f 2081 2122 2123
f 2081 2123 2082
f 2082 2124 2083
f 2082 2123 2124
f 2083 2124 2125
f 2083 2125 2084
f 2084 2125 2126
f 2084 2126 2085
f 2085 2127 2128
f 2085 2128 2129
f 2085 2129 2130
f 2085 2130 2086
f 2085 2126 2131
f 2085 2131 2112
f 2085 2112 2127
f 2086 2130 2106
f 2086 2106 2087
f 2088 2109 2090
f 2088 2090 2089
f 2090 2110 2095
f 2091 2095 2110
f 2091 2110 2104
f 2091 2104 2132
f 2091 2132 2092
f 2097 2133 2111
f 2097 2111 2098
f 2097 2100 2103
f 2097 2103 2134
f 2097 2134 2133
f 2098 2111 2099
f 2101 2102 2128
f 2101 2128 2103
f 2102 2107 2129
f 2102 2129 2128
f 2103 2128 2127
f 2103 2127 2134
f 2106 2130 2129
f 2106 2129 2107
f 2111 2133 2112
f 2112 2135 2136
f 2112 2136 2113
f 2112 2133 2134
f 2112 2134 2127
f 2112 2131 2137
f 2112 2137 2135
f 2113 2136 2114
f 2114 2136 2138
f 2114 2138 2139
f 2114 2139 2140
f 2114 2140 2141
f 2114 2141 2115
f 2119 2142 2120
f 2120 2142 2121
f 2121 2142 2122
f 2122 2142 2143
f 2122 2143 2144
f 2122 2144 2123
f 2123 2144 2145
f 2123 2145 2124
f 2124 2146 2125
f 2124 2145 2146
f 2125 2147 2148
f 2125 2148 2149
f 2125 2149 2126
f 2125 2146 2147
f 2126 2149 2131
f 2131 2150 2137
f 2131 2149 2150
f 2135 2151 2136
f 2135 2137 2150
f 2135 2150 2151
f 2136 2151 2139
f 2136 2139 2138
f 2139 2151 2152
f 2148 2153 2149
f 2149 2153 2154
f 2149 2154 2150
f 2150 2154 2155
f 2150 2155 2156
f 2150 2156 2151
f 2151 2156 2152
o convex_12
v 0.0312772 -0.0251586 -0.0320932
v 0.0302501 -0.0178424 -0.0273914
v 0.0301519 -0.0164928 -0.027372
v 0.0302655 -0.0137593 -0.0297649
v 0.0302774 -0.0110257 -0.0310326
v 0.0302087 -0.00555863 -0.0320932
v 0.0341941 -0.0251586 -0.0320932
v 0.0302407 -0.0251586 -0.020536
v 0.0301614 -0.0246877 -0.020536
v 0.0301496 -0.0233209 -0.0219071
v 0.0301484 -0.0219542 -0.0232717
v 0.0301602 -0.0205874 -0.0246363
v 0.0301436 -0.0137593 -0.0287366
v 0.0297046 -0.0137593 -0.0219071
v 0.0301484 -0.0110257 -0.0301013
v 0.0301839 -0.00419186 -0.0320932
v 0.030133 -0.00555863 -0.0314659
v 0.0343431 -0.0248083 -0.0320932
v 0.0345171 -0.0251586 -0.0311878
v 0.029765 -0.0251586 -0.00687684
v 0.0297259 -0.0246877 -0.00824146
v 0.0296987 -0.0233209 -0.0109707
v 0.0297082 -0.0219542 -0.0137064
v 0.0296987 -0.0205874 -0.015071
v 0.0297614 -0.0192206 -0.0178067
v 0.0296987 -0.015126 -0.020536
v 0.0296964 -0.0110257 -0.0232717
v 0.0296845 -0.0123925 -0.0219071
v 0.0297177 -0.00829218 -0.0246363
v 0.030088 0.0122439 -0.0320932
v 0.0301164 -0.00419186 -0.0314659
v 0.0297165 -0.00282509 -0.0260009
v 0.0346283 -0.0240847 -0.0320932
v 0.0359962 -0.0251586 -0.0268546
v 0.0297283 -0.0251586 -0.00550575
v 0.0296975 -0.0246877 -0.00687684
v 0.0296845 -0.0233209 -0.00960608
v 0.0296845 -0.0219542 -0.0123418
v 0.0296987 -0.0164928 -0.0191714
v 0.0296845 -0.00965895 -0.0232717
v 0.0296964 -0.00692541 -0.0246363
v 0.0296845 -0.0164928 -0.0178067
v 0.030133 0.0244932 -0.020536
v 0.0302584 0.0230919 -0.0232458
v 0.030275 0.0217022 -0.0245975
v 0.030191 0.0127837 -0.0320932
v 0.0297117 -0.00146406 -0.0260009
v 0.0297094 -9.72828e-05 -0.0260009
v 0.0297082 0.00126949 -0.0260009
v 0.0297141 0.00263626 -0.0260009
v 0.0296845 0.00673084 -0.0246363
v 0.0296975 0.00809761 -0.0246363
v 0.0296928 0.0135647 -0.0219071
v 0.0297117 0.0190261 -0.0178067
v 0.0296881 0.0313213 -0.00687684
v 0.0298336 0.0299545 -0.0109707
v 0.0296845 -0.00555863 -0.0246363
v 0.0348792 -0.0232578 -0.0320932
v 0.0359702 -0.0240216 -0.0280705
v 0.0360613 -0.0245614 -0.0272427
v 0.0362731 -0.0251586 -0.0259557
v 0.0297153 -0.0251586 -0.00414113
v 0.0296845 -0.0246877 -0.00550575
v 0.0301354 0.0258599 -0.0191714
v 0.0302608 0.0244644 -0.0218553
v 0.0303543 0.0239878 -0.0227737
v 0.0303685 0.0226153 -0.0241124
v 0.0303945 0.0212083 -0.0254383
v 0.0302738 0.0130881 -0.0320932
v 0.0296845 0.0121979 -0.0219071
v 0.0296845 0.0176593 -0.0178067
v 0.0299626 0.0323665 -0.00550575
v 0.0299934 0.0322631 -0.00687684
v 0.0300537 0.030971 -0.0109707
v 0.0296845 0.0190261 -0.0164356
v 0.0296845 0.0217596 -0.0123418
v 0.0296845 0.0244932 -0.00687684
v 0.0296845 0.0258599 -4.08015e-05
v 0.0296845 0.0244932 0.0067823
v 0.0296916 0.0217596 0.0136119
v 0.0297011 0.0244932 0.00814692
v 0.0297342 0.0231264 0.0122472
v 0.0302229 0.0299545 0.0108826
v 0.0301413 0.0313213 0.00541768
v 0.0302501 0.0323148 0.00541768
v 0.0301342 0.0297535 -0.0137064
v 0.0302135 0.0283867 -0.0164356
v 0.0301945 0.0272784 -0.0178455
v 0.0350425 -0.0227007 -0.0320932
v 0.0359536 -0.0225974 -0.0293898
v 0.0360719 -0.0233209 -0.0283809
v 0.0363843 -0.0233209 -0.027372
v 0.0364033 -0.0246877 -0.0260009
v 0.0368032 -0.0246877 -0.0246363
v 0.0366565 -0.0251586 -0.0246363
v 0.0297035 -0.0251586 -0.00277651
v 0.0296964 -0.0251586 -0.00141189
v 0.0296928 -0.0251586 -4.08015e-05
v 0.0296845 -0.0246877 0.00541768
v 0.0303081 0.0257968 -0.0204325
v 0.0303838 0.0253029 -0.0213703
v 0.0311838 0.024206 -0.0230259
v 0.0311838 0.0235571 -0.023705
v 0.0311838 0.0228737 -0.0243647
v 0.0311838 0.0221501 -0.0250502
v 0.0311838 0.0214667 -0.025684
v 0.0311838 0.0206742 -0.0263696
v 0.0314559 0.014162 -0.0320932
v 0.0300218 0.0324296 -0.00414113
v 0.0311838 0.0332106 -0.00141189
v 0.0311838 0.0331417 -0.00277651
v 0.0311838 0.0330154 -0.00414113
v 0.0311838 0.0328546 -0.00550575
v 0.0302016 0.032131 -0.0080151
v 0.0302454 0.0307987 -0.0120508
v 0.0302561 0.0295066 -0.0148382
v 0.0296845 0.0217596 0.0122472
v 0.0296845 0.0190261 0.0163476
v 0.0297117 0.0190261 0.0177122
v 0.0297366 0.0203928 0.0163476
v 0.030249 0.0272267 0.0163476
v 0.0302359 0.0285935 0.0136119
v 0.0303827 0.0294377 0.0146596
v 0.0303436 0.0296272 0.0136119
v 0.0303318 0.0308848 0.0108826
v 0.0301945 0.0313213 0.0067823
v 0.0303034 0.0322171 0.0067823
v 0.0311838 0.0330843 0.00268197
v 0.0311838 0.0331762 0.00131735
v 0.0302064 0.0325445 -4.08015e-05
v 0.0300904 0.0324928 -0.00277651
v 0.0303129 0.0280996 -0.0174122
v 0.0303129 0.0268017 -0.0191714
v 0.0352567 -0.0219542 -0.0320932
v 0.0362542 -0.022069 -0.028853
v 0.0354259 -0.021334 -0.0320932
v 0.035614 -0.0206104 -0.0320932
v 0.0367334 -0.0219542 -0.027372
v 0.0367831 -0.0233209 -0.0260009
v 0.037286 -0.023832 -0.0237891
v 0.0371677 -0.0247222 -0.0233105
v 0.0370316 -0.0251586 -0.0232976
v 0.0296928 -0.0251586 0.000851699
v 0.029694 -0.0251586 0.00220985
v 0.0297023 -0.0251586 0.00357447
v 0.0296975 -0.0246877 0.0067823
v 0.0296952 -0.0233209 0.0108826
v 0.0296845 -0.0233209 0.00951154
v 0.0304584 0.0265778 -0.0199022
v 0.0311838 0.0248894 -0.0222563
v 0.0325493 0.024384 -0.0232199
v 0.0325493 0.0237638 -0.0239055
v 0.0325493 0.0223913 -0.0252701
v 0.0325493 0.0217079 -0.0259039
v 0.0325493 0.0209614 -0.0265895
v 0.03176 0.0143515 -0.0320932
v 0.0318748 0.0333714 -0.00141189
v 0.0311838 0.0332279 -4.08015e-05
v 0.0320653 0.0333427 -0.00277651
v 0.0325658 0.0332796 -0.00415406
v 0.0311838 0.0326191 -0.00687684
v 0.0325493 0.0330728 -0.00550575
v 0.0305034 0.0320047 -0.00892053
v 0.0306619 0.0305919 -0.0129627
v 0.0305164 0.0292711 -0.0157501
v 0.0296845 0.0162925 0.0190768
v 0.0303495 0.0230747 0.0231319
v 0.0302643 0.0231264 0.0218125
v 0.0302738 0.0244932 0.0204414
v 0.0296964 0.0135647 0.0218125
v 0.0297188 0.0176593 0.0190768
v 0.0302714 0.0203928 0.0245418
v 0.0302987 0.0258599 0.0190768
v 0.0303318 0.0272267 0.0177122
v 0.0303566 0.0282604 0.0163476
v 0.0306252 0.0291563 0.015565
v 0.030398 0.0307527 0.0118786
v 0.030398 0.0280422 0.0172595
v 0.030398 0.032108 0.00783649
v 0.0311838 0.0327857 0.00541768
v 0.0311838 0.0329522 0.00404659
v 0.0320239 0.0333485 0.00268197
v 0.0318748 0.0333714 0.00131735
v 0.0301567 0.032533 -0.00141189
v 0.0359288 -0.0211157 -0.0306704
v 0.0358672 -0.0195078 -0.0320932
v 0.0360329 -0.0202084 -0.0310196
v 0.0366364 -0.0205874 -0.0287366
v 0.0372529 -0.0209032 -0.0264278
v 0.0373878 -0.0214948 -0.0255159
v 0.0372706 -0.0224078 -0.0251149
v 0.0371629 -0.0233554 -0.0246492
v 0.0374008 -0.022919 -0.024203
v 0.037525 -0.0233554 -0.0233105
v 0.0374067 -0.0242857 -0.0228772
v 0.0372718 -0.0251586 -0.0224374
v 0.0297165 -0.0251586 0.00493909
v 0.0297401 -0.0251586 0.00631018
v 0.0297224 -0.0246877 0.00814692
v 0.0297437 -0.0233209 0.0122472
v 0.0297046 -0.0219542 0.0136119
v 0.0296845 -0.0219542 0.0122472
v 0.0329682 0.0279733 -0.0185893
v 0.0325493 0.026773 -0.0201738
v 0.0325493 0.0262849 -0.0208529
v 0.0325493 0.0256015 -0.0217648
v 0.0311838 0.0254522 -0.0215772
v 0.0311838 0.0282489 -0.0176256
v 0.0325493 0.0250674 -0.0224503
v 0.033916 0.0249353 -0.022321
v 0.033916 0.024252 -0.0230712
v 0.033916 0.0236145 -0.0237503
v 0.033916 0.0229311 -0.0244358
v 0.033916 0.0222075 -0.0251214
v 0.033916 0.0207259 -0.0264019
v 0.0335468 0.0186298 -0.0282645
v 0.0325493 0.020278 -0.0271521
v 0.0320712 0.0143859 -0.0320932
v 0.033916 0.0215242 -0.0257164
v 0.0325587 0.0334691 -0.00141189
v 0.0318689 0.0333714 -4.08015e-05
v 0.0325516 0.0334978 -4.08015e-05
v 0.0327493 0.0334346 -0.00277651
v 0.0330332 0.0334001 -0.00370781
v 0.0325493 0.0328086 -0.00687684
v 0.0325493 0.0324756 -0.00824146
v 0.0310489 0.0322229 -0.00837727
v 0.0333575 0.0334001 -0.00370781
v 0.0325493 0.0321425 -0.00936032
v 0.0325493 0.03193 -0.0100394
v 0.0325493 0.0316371 -0.0109707
v 0.0311838 0.0314132 -0.0109707
v 0.0311435 0.0309021 -0.0124388
v 0.0315719 0.0306896 -0.0131373
v 0.0311435 0.0303852 -0.0136417
v 0.031056 0.0296387 -0.0152068
v 0.0325493 0.0294319 -0.0160476
v 0.0325493 0.0290472 -0.0167267
v 0.031056 0.0289955 -0.016371
v 0.0296845 0.0121979 0.0218125
v 0.0303614 0.021685 0.0244836
v 0.0304158 0.0225808 0.0239856
v 0.0304087 0.0239476 0.0226404
v 0.030359 0.0244357 0.0217349
v 0.029694 0.00809761 0.0245418
v 0.0297342 0.00946439 0.0245418
v 0.030217 0.0108312 0.0300067
v 0.0302288 0.0135647 0.0286421
v 0.030249 0.0162925 0.0272775
v 0.0302963 0.0190261 0.0259064
v 0.031121 0.028938 0.0163346
v 0.0315352 0.0293745 0.015869
v 0.031121 0.0296387 0.0150606
v 0.0306832 0.0304886 0.0127905
v 0.0312559 0.0282145 0.0177122
v 0.0305992 0.0319243 0.00874839
v 0.0311565 0.0309135 0.012299
v 0.0304335 0.0252684 0.0212369
v 0.0304951 0.0265491 0.0197688
v 0.0311838 0.0325732 0.0067823
v 0.0311057 0.0322344 0.008231
v 0.0325339 0.0332796 0.00411774
v 0.0327078 0.0334576 0.00268197
v 0.0325576 0.0334978 0.00131735
v 0.0329776 0.0334116 0.00371029
v 0.0360175 -0.0187784 -0.0320932
v 0.0370896 -0.0205013 -0.0272685
v 0.0373475 -0.0199902 -0.0267511
v 0.0374623 -0.0205013 -0.0259815
v 0.0378114 -0.0205874 -0.0246363
v 0.0375096 -0.0219542 -0.0246492
v 0.0378528 -0.0219542 -0.0232717
v 0.0381877 -0.0219542 -0.0219071
v 0.0378753 -0.0233209 -0.0219071
v 0.0381912 -0.0233209 -0.020536
v 0.0375144 -0.0247222 -0.0219071
v 0.0372978 -0.0251586 -0.0223339
v 0.0297792 -0.0251586 0.0076748
v 0.030191 -0.0251586 0.0200469
v 0.0301638 -0.0246877 0.0204414
v 0.0297295 -0.0192206 0.0177122
v 0.0296845 -0.0178539 0.0177122
v 0.0334403 0.0279733 -0.0185893
v 0.033916 0.0261987 -0.0207753
v 0.033916 0.0255154 -0.0216419
v 0.0347088 0.0253029 -0.0213767
v 0.0347372 0.0239878 -0.0227802
v 0.0347467 0.022644 -0.0241448
v 0.0346993 0.0212198 -0.0254447
v 0.0346236 0.0197439 -0.0267123
v 0.033916 0.0200425 -0.0269581
v 0.0333515 0.0170908 -0.0294998
v 0.0324215 0.014116 -0.0320932
v 0.0335977 0.0334691 -0.00141189
v 0.0337065 0.0334978 -4.08015e-05
v 0.0334805 0.0334346 -0.00277651
v 0.033916 0.0326766 -0.00687684
v 0.0336616 0.0321367 -0.00933445
v 0.0338533 0.0331762 -0.00415406
v 0.033916 0.0329292 -0.00550575
v 0.0341633 0.0332221 -0.00277651
v 0.0325493 0.0311547 -0.0123418
v 0.0325493 0.0307642 -0.0132925
v 0.0325493 0.0304541 -0.013978
v 0.0325493 0.0299315 -0.015071
v 0.0336852 0.0294204 -0.0160217
v 0.0296845 0.00673084 0.0245418
v 0.0303318 0.017665 0.0272904
v 0.0304016 0.0172114 0.0280859
v 0.0304324 0.0211796 0.0253179
v 0.0311838 0.0235284 0.0235911
v 0.0311838 0.0241945 0.0229055
v 0.0297035 0.00263626 0.0259064
v 0.0297259 0.00400304 0.0259064
v 0.0301709 0.00536407 0.0313713
v 0.0303247 0.0108312 0.0309316
v 0.0303365 0.0135647 0.0296769
v 0.0302194 0.00673084 0.0313713
v 0.0303791 0.0146156 0.0294893
v 0.0325493 0.0300579 0.0149765
v 0.0325493 0.030523 0.0140258
v 0.0315932 0.0307183 0.0131139
v 0.03176 0.0279503 0.0184559
v 0.0325493 0.0291505 0.0167744
v 0.0315103 0.0320965 0.00914937
v 0.0320783 0.0319702 0.0100613
v 0.0311838 0.0248779 0.0221618
v 0.0311838 0.0266697 0.0199305
v 0.0311838 0.0254522 0.0214762
v 0.0311838 0.0261356 0.0206096
v 0.0325493 0.032533 0.00814692
v 0.0325493 0.0328259 0.0067823
v 0.0325493 0.0330786 0.00541768
v 0.0335314 0.0334576 0.00268197
v 0.0336923 0.0334978 0.00131735
v 0.0333693 0.0334116 0.00371029
v 0.0361702 -0.0178539 -0.0320932
v 0.0372967 -0.0183305 -0.0279347
v 0.0369144 -0.0192206 -0.0287366
v 0.0372221 -0.0192206 -0.0276695
v 0.0385403 -0.0165215 -0.024604
v 0.0380646 -0.0192206 -0.0246363
v 0.0387131 -0.0186234 -0.0226508
v 0.0381534 -0.0205874 -0.0232717
v 0.0385072 -0.02053 -0.0218359
v 0.038635 -0.0209492 -0.0208981
v 0.0385273 -0.0218967 -0.0204778
v 0.0386373 -0.022316 -0.0194495
v 0.0385012 -0.0232061 -0.0190679
v 0.0381273 -0.0246877 -0.0191714
v 0.0378066 -0.0251586 -0.0200639
v 0.0378279 -0.0246877 -0.020536
v 0.0303152 -0.0251586 0.0211205
v 0.0303022 -0.0246303 0.0217284
v 0.0302785 -0.0232807 0.0231254
v 0.0301484 -0.0233209 0.0218125
v 0.030146 -0.0219542 0.0231771
v 0.0296928 -0.0137593 0.0218125
v 0.0296845 -0.0123925 0.0218125
v 0.0339041 0.0282604 -0.0178455
v 0.0343514 0.027801 -0.0183241
v 0.0339041 0.0274392 -0.0190937
v 0.033916 0.0267213 -0.0200897
v 0.0340509 0.0290414 -0.0164615
v 0.0346212 0.0265663 -0.0198892
v 0.0349644 0.0244644 -0.0218618
v 0.0348744 0.0257968 -0.0204196
v 0.0356235 0.0244644 -0.0205295
v 0.0349904 0.0231092 -0.0232458
v 0.0349679 0.0217079 -0.0246169
v 0.0356744 0.0217768 -0.0232846
v 0.0348721 0.020278 -0.0259362
v 0.0348094 0.0190261 -0.0269581
v 0.0347597 0.0172688 -0.0282386
v 0.0344579 0.0181761 -0.0279347
v 0.0335208 0.0146041 -0.0310261
v 0.032793 0.0138289 -0.0320932
v 0.0342804 0.0332566 -0.00141189
v 0.0343893 0.033291 -4.08015e-05
v 0.0347159 0.0321195 -0.00797629
v 0.0345727 0.0319932 -0.0088882
v 0.0340367 0.0323033 -0.00835787
v 0.0340367 0.0318956 -0.00971602
v 0.033916 0.031528 -0.0109707
v 0.0336024 0.0307527 -0.0132666
v 0.0349963 0.0324641 -0.00414113
v 0.0349135 0.0323492 -0.00550575
v 0.0348224 0.0322286 -0.00687684
v 0.0340509 0.0296961 -0.0152068
v 0.0345964 0.0292711 -0.0157501
v 0.0296845 -0.00692541 0.0245418
v 0.0296964 -9.72828e-05 0.0259064
v 0.0303566 0.0162925 0.0283123
v 0.0305815 0.015523 0.0292177
v 0.0312051 0.017665 0.0283252
v 0.0304963 0.0197152 0.0265984
v 0.0311838 0.0214323 0.0255507
v 0.0311838 0.022845 0.0242313
v 0.0320653 0.0237523 0.0238045
v 0.0301235 -0.00555863 0.0313713
v 0.0302407 -0.00419186 0.0324061
v 0.0302797 0.00536407 0.032335
v 0.0303969 0.0118247 0.0308087
v 0.0303282 0.00673084 0.0322444
v 0.033916 0.0294377 0.0159854
v 0.033916 0.029943 0.0149765
v 0.0325493 0.0308217 0.0133467
v 0.033916 0.0304599 0.0139158
v 0.033916 0.0307757 0.0132368
v 0.0325493 0.0312638 0.0122472
v 0.0325493 0.026371 0.0208942
v 0.0325493 0.0268649 0.0202151
v 0.0325493 0.0275483 0.0192579
v 0.0325493 0.0280307 0.0185724
v 0.0325493 0.0285877 0.0177122
v 0.0335965 0.0280307 0.0185724
v 0.033916 0.0290816 0.0166709
v 0.0325398 0.0321769 0.00956975
v 0.0325398 0.0317922 0.010805
v 0.0329883 0.0320449 0.0103006
v 0.0322712 0.0250961 0.0224011
v 0.0333669 0.0320449 0.0103006
v 0.0342154 0.0332279 0.00268197
v 0.0343751 0.0332853 0.00131735
v 0.033916 0.0327168 0.0067823
v 0.033916 0.0329867 0.00541768
v 0.0338615 0.0331992 0.00411774
v 0.036376 -0.0164813 -0.0320932
v 0.0365583 -0.0164928 -0.0314659
v 0.038629 -0.015126 -0.0250696
v 0.0381498 -0.0164928 -0.0260009
v 0.0387438 -0.0160908 -0.0241318
v 0.039055 -0.015126 -0.0232717
v 0.0391544 -0.0164928 -0.0219071
v 0.0389698 -0.0178539 -0.0219071
v 0.0392242 -0.0178539 -0.020536
v 0.0387817 -0.0191345 -0.0218359
v 0.0387213 -0.0200361 -0.0213315
v 0.0386196 -0.0195307 -0.0222434
v 0.0387202 -0.0214029 -0.0199862
v 0.0387036 -0.022672 -0.0185375
v 0.0383782 -0.0246877 -0.0178067
v 0.0401082 -0.0187669 -0.0146506
v 0.0396183 -0.0219542 -0.0137064
v 0.0380977 -0.0251586 -0.0186992
v 0.0380019 -0.0251586 -0.0191714
v 0.0303838 -0.0251586 0.0213986
v 0.0303886 -0.0241422 0.0226404
v 0.0303791 -0.0227926 0.0240114
v 0.0302904 -0.0218853 0.0244965
v 0.0301567 -0.0205874 0.0245418
v 0.0301531 -0.0164928 0.0272775
v 0.0301401 -0.0110257 0.0300067
v 0.0296916 -0.00829218 0.0245418
v 0.0347514 0.0280881 -0.0174187
v 0.0348094 0.026819 -0.0191714
v 0.0356649 0.0231321 -0.0219135
v 0.0355087 0.025768 -0.0190937
v 0.0358353 0.0249066 -0.0195012
v 0.0358696 0.0235915 -0.0209822
v 0.0356247 0.0203986 -0.0246169
v 0.0358755 0.022242 -0.0223792
v 0.0358755 0.0208523 -0.0237503
v 0.0355122 0.0189571 -0.0259168
v 0.0351076 0.0176995 -0.0274367
v 0.0349088 0.0161777 -0.0287108
v 0.0346177 0.0156436 -0.0294416
v 0.0357028 0.0163901 -0.0273785
v 0.0342627 0.0165567 -0.0291505
v 0.0334296 0.0130995 -0.0320932
v 0.0350886 0.0326077 -4.08015e-05
v 0.0350697 0.0325732 -0.00141189
v 0.0350472 0.0325387 -0.00277651
v 0.0350886 0.0326019 0.00131735
v 0.0351241 0.0314534 -0.00835787
v 0.0350472 0.0311949 -0.00960608
v 0.0348993 0.030971 -0.0109707
v 0.0355738 0.0312007 -0.00681863
v 0.0347455 0.0307929 -0.0120314
v 0.0345135 0.0306034 -0.0129433
v 0.0340012 0.0309767 -0.0124323
v 0.0356803 0.031551 -0.00414113
v 0.0355974 0.0314246 -0.00550575
v 0.0347751 0.0294721 -0.0148447
v 0.0351632 0.0287256 -0.0152068
v 0.0349514 0.028381 -0.0164356
v 0.0296999 -0.00146406 0.0259064
v 0.0306335 0.0127378 0.0305435
v 0.031095 0.0150119 0.029761
v 0.0314926 0.0159365 0.0294958
v 0.0316748 0.0184748 0.0280536
v 0.0311838 0.0199449 0.0267666
v 0.0311838 0.0206283 0.0262298
v 0.0325493 0.0209269 0.0264755
v 0.032218 0.0223511 0.0251432
v 0.0329764 0.0238729 0.0239274
v 0.0302336 -0.00555863 0.0323609
v 0.0297117 -0.00282509 0.0259064
v 0.0302714 -0.00282509 0.0324449
v 0.0302833 0.00400304 0.0323867
v 0.0307767 -9.72828e-05 0.0331628
v 0.0308288 0.00126949 0.0331369
v 0.0309211 0.00263626 0.0330981
v 0.0310358 0.00400304 0.0330658
v 0.0304134 0.00774156 0.032141
v 0.0305862 0.00865466 0.0319469
v 0.0312761 0.010768 0.0316494
v 0.031127 0.0122439 0.0310609
v 0.0312891 0.00531238 0.0330593
v 0.0346319 0.0293056 0.0157267
v 0.0346153 0.0306551 0.0129651
v 0.033916 0.031149 0.0122472
v 0.0326558 0.02559 0.0218901
v 0.0331812 0.0251823 0.0225045
v 0.0332604 0.0251823 0.0225045
v 0.0345076 0.0278641 0.0183331
v 0.0339976 0.0283752 0.0178092
v 0.033916 0.0263308 0.0208489
v 0.033916 0.026819 0.0201698
v 0.0342781 0.0318783 0.00982844
v 0.0338604 0.0321425 0.00942747
v 0.033916 0.0324296 0.00814692
v 0.0348389 0.0322516 0.0067823
v 0.0349431 0.0323894 0.00541768
v 0.0350164 0.0324813 0.00404659
v 0.0350614 0.0325445 0.00268197
v 0.034626 0.0320276 0.00891654
v 0.0347112 0.0321138 0.00814692
v 0.0365606 -0.015126 -0.0320932
v 0.03675 -0.015126 -0.0314659
v 0.0386823 -0.0143221 -0.0252636
v 0.0388077 -0.015126 -0.0243905
v 0.0392077 -0.0137593 -0.0232717
v 0.0394834 -0.0137593 -0.0219071
v 0.0400715 -0.0145116 -0.0185311
v 0.039326 -0.015126 -0.0219071
v 0.0399023 -0.0150284 -0.0190614
v 0.0394218 -0.0164928 -0.020536
v 0.0400147 -0.0154247 -0.0182142
v 0.039681 -0.0164928 -0.0191714
v 0.0390006 -0.0192206 -0.020536
v 0.040094 -0.0159989 -0.0173023
v 0.0401034 -0.0174231 -0.0159765
v 0.0400301 -0.0183362 -0.0155625
v 0.0387864 -0.02053 -0.0204778
v 0.0390053 -0.0205874 -0.0191714
v 0.038261 -0.0251586 -0.0178067
v 0.0387497 -0.0242168 -0.016067
v 0.0384563 -0.0251586 -0.0164745
v 0.0401756 -0.0178711 -0.0150969
v 0.0403472 -0.0178539 -0.0137064
v 0.0401484 -0.0192206 -0.0136353
v 0.0400774 -0.0199959 -0.0131373
v 0.040017 -0.01968 -0.0140492
v 0.0399153 -0.020507 -0.0136353
v 0.0398088 -0.0219542 -0.0123418
v 0.0395023 -0.0233209 -0.0123418
v 0.0393047 -0.0233209 -0.0137064
v 0.0307069 -0.0251586 0.0218772
v 0.0315021 -0.0251586 0.0229443
v 0.0317009 -0.0242742 0.024102
v 0.0304122 -0.0213856 0.0253243
v 0.0303117 -0.0189679 0.026883
v 0.0302454 -0.0178653 0.0273163
v 0.030262 -0.0137593 0.0297092
v 0.030262 -0.0110257 0.0309704
v 0.0350898 0.0272956 -0.0178455
v 0.0357797 0.0261873 -0.0178067
v 0.0360021 0.0252512 -0.0185893
v 0.0360518 0.0239935 -0.0200703
v 0.0373558 0.0224947 -0.0185505
v 0.0371677 0.0220697 -0.0194624
v 0.0360696 0.0226842 -0.0214673
v 0.0358388 0.0193706 -0.0250567
v 0.0360743 0.0213289 -0.0228384
v 0.036944 0.0203239 -0.0218359
v 0.0360566 0.0199449 -0.0241448
v 0.0371831 0.0193304 -0.0222434
v 0.0357962 0.0176593 -0.0263696
v 0.0347762 0.0149257 -0.029655
v 0.0350058 0.013536 -0.0301401
v 0.0348614 0.0121979 -0.0311554
v 0.0345455 0.0113997 -0.0320932
v 0.0345384 0.0114112 -0.0320932
v 0.0340367 0.0121979 -0.0320932
v 0.0359394 0.016907 -0.0266412
v 0.0361015 0.0159996 -0.0269322
v 0.0358459 0.0152358 -0.0278441
v 0.0354898 0.0148396 -0.0286267
v 0.0357702 0.0316888 -4.08015e-05
v 0.0357513 0.0316601 -0.00141189
v 0.0357702 0.0316888 0.00131735
v 0.03573 0.0316256 -0.00277651
v 0.0357442 0.0316486 0.00268197
v 0.0358507 0.0304484 -0.00824146
v 0.03573 0.0302474 -0.00960608
v 0.03564 0.0298913 -0.0110289
v 0.035924 0.0305747 -0.00723254
v 0.0351265 0.0300694 -0.0124323
v 0.0349632 0.0297363 -0.0137064
v 0.0361015 0.0308676 -0.00414113
v 0.0360258 0.0307413 -0.00550575
v 0.0359796 0.0306666 -0.00632064
v 0.035672 0.0272037 -0.0164874
v 0.0357051 0.0285705 -0.0138228
v 0.0358542 0.0276976 -0.015071
v 0.0315435 0.0131914 0.0308281
v 0.0321612 0.0140988 0.0306276
v 0.0322073 0.0168496 0.0292565
v 0.0325493 0.0186528 0.02817
v 0.0325493 0.0193362 0.0276979
v 0.0325493 0.0202435 0.0270123
v 0.0331291 0.022466 0.0252467
v 0.0326238 0.02184 0.025693
v 0.0333042 0.022466 0.0252467
v 0.0334072 0.0238729 0.0239274
v 0.0302939 -0.00692541 0.0322638
v 0.0310654 -0.00419186 0.0330917
v 0.030927 -0.00282509 0.033124
v 0.0308169 -0.00146406 0.0331499
v 0.0302951 -0.00146406 0.0324708
v 0.0303081 -9.72828e-05 0.0324773
v 0.0314606 -9.72828e-05 0.0336285
v 0.0315115 0.00126949 0.0335961
v 0.0316038 0.00263626 0.0335573
v 0.0317186 0.00400304 0.0334991
v 0.0318156 0.00482425 0.0334474
v 0.0311838 0.00673084 0.0327489
v 0.0310986 0.00816079 0.0323673
v 0.0317932 0.0102741 0.0320957
v 0.0347999 0.0281513 0.0174212
v 0.0349478 0.0285992 0.0162506
v 0.0347857 0.0294893 0.0149765
v 0.0349454 0.0299717 0.0135019
v 0.0353205 0.0299545 0.0122472
v 0.0347325 0.0307815 0.0122472
v 0.0337965 0.0255613 0.0218255
v 0.034691 0.0266409 0.0199176
v 0.0341716 0.0249928 0.0222911
v 0.0347644 0.0254005 0.0213857
v 0.0355927 0.0312179 0.00677584
v 0.0356258 0.0314591 0.00541768
v 0.0353028 0.0313213 0.00814692
v 0.0357004 0.031574 0.00404659
v 0.0349194 0.0310169 0.0108826
v 0.034994 0.0313844 0.00942747
v 0.0367204 -0.0137593 -0.0320932
v 0.0369133 -0.0137593 -0.0314659
v 0.0372268 -0.0137593 -0.0304246
v 0.0383024 -0.0123925 -0.027372
v 0.0387343 -0.013409 -0.0254512
v 0.0388681 -0.0138224 -0.0247398
v 0.0386018 -0.0123925 -0.0263437
v 0.0396313 -0.0123925 -0.0219071
v 0.0393461 -0.0123925 -0.0232717
v 0.040088 -0.00920528 -0.0213315
v 0.0400798 -0.0118642 -0.019941
v 0.0399768 -0.0137593 -0.0194236
v 0.0401129 -0.0137593 -0.018738
v 0.0402939 -0.0137593 -0.0178067
v 0.0401472 -0.0150284 -0.0177744
v 0.0403578 -0.015126 -0.0164356
v 0.0401697 -0.0164698 -0.0164356
v 0.0393579 -0.0246877 -0.0109707
v 0.0392373 -0.0251586 -0.0109707
v 0.0403637 -0.0164928 -0.015071
v 0.0405176 -0.0164928 -0.0137064
v 0.0406548 -0.0164928 -0.0123418
v 0.0404691 -0.0178539 -0.0123418
v 0.0402679 -0.0192206 -0.0123418
v 0.0401141 -0.0202371 -0.0123418
v 0.0400052 -0.0209205 -0.0123418
v 0.0400466 -0.0211674 -0.0113717
v 0.0396573 -0.0233209 -0.0109707
v 0.0325493 -0.0251586 0.0237463
v 0.0325493 -0.0245327 0.0243348
v 0.0325493 -0.0237689 0.0250204
v 0.0317328 -0.02285 0.025389
v 0.0313092 -0.0218393 0.0258158
v 0.0317979 -0.0213742 0.0266631
v 0.0308016 -0.0205874 0.0263009
v 0.0305164 -0.019881 0.0265596
v 0.0303614 -0.0174174 0.0281118
v 0.0302809 -0.0164928 0.0283575
v 0.0303353 -0.0148217 0.0295087
v 0.0303696 -0.0120135 0.0308216
v 0.0303969 -0.00797633 0.0321539
v 0.0359169 0.0264514 -0.0169724
v 0.0361323 0.0255039 -0.0178067
v 0.0372943 0.0237351 -0.0170112
v 0.0371594 0.0234537 -0.0178067
v 0.0374919 0.0227703 -0.0178067
v 0.0374966 0.0216735 -0.0190743
v 0.0373665 0.0211624 -0.019941
v 0.0379179 0.0217596 -0.0178067
v 0.0371795 0.0207317 -0.0208529
v 0.0373783 0.0198186 -0.0213315
v 0.0366695 0.0176593 -0.0246363
v 0.0360057 0.0184575 -0.0253995
v 0.0373594 0.0184173 -0.0226443
v 0.0375167 0.0189342 -0.0218359
v 0.0348591 0.0106302 -0.0320932
v 0.03615 0.0176593 -0.0256905
v 0.036395 0.0163901 -0.0261109
v 0.0362293 0.0148396 -0.0273785
v 0.0372481 0.0153622 -0.0251408
v 0.0369831 0.0149143 -0.0259427
v 0.0358826 0.0126229 -0.0292734
v 0.0357264 0.0135647 -0.0290018
v 0.0350898 0.0109001 -0.0315694
v 0.0361855 0.0310054 -4.08015e-05
v 0.0372718 0.0291735 -0.00141189
v 0.0367961 0.0299545 -0.00141189
v 0.0361725 0.0309767 -0.00141189
v 0.0361855 0.0310054 0.00131735
v 0.0361642 0.0309652 0.00268197
v 0.0372659 0.0291677 0.00268197
v 0.0361512 0.0309423 -0.00277651
v 0.0362542 0.029765 -0.00824146
v 0.0369996 0.0284958 -0.00826733
v 0.0373026 0.0278584 -0.00873945
v 0.0361347 0.029564 -0.00960608
v 0.0360329 0.0293917 -0.0106085
v 0.0359335 0.0292194 -0.011514
v 0.0358305 0.0290414 -0.0123418
v 0.03737 0.0279733 -0.00782754
v 0.037118 0.0289151 -0.00550575
v 0.0374339 0.0280824 -0.00687684
v 0.0367571 0.0299545 -0.00277651
v 0.0372529 0.0291448 -0.00277651
v 0.0366541 0.0299545 -0.00414113
v 0.0371996 0.0290529 -0.00414113
v 0.0360625 0.0267328 -0.0160605
v 0.035956 0.0278929 -0.0143596
v 0.0371073 0.0261241 -0.0137064
v 0.0374753 0.0254407 -0.0137064
v 0.036221 0.0270142 -0.015071
v 0.0325493 0.0121979 0.0315848
v 0.0325895 0.0136106 0.0309445
v 0.0330723 0.0143055 0.0307246
v 0.0325895 0.0148281 0.0303689
v 0.0326179 0.0163557 0.0295993
v 0.0331184 0.0170104 0.029347
v 0.0326179 0.0175444 0.0289073
v 0.0333007 0.0170104 0.029347
v 0.033916 0.0192443 0.0276397
v 0.033916 0.0201689 0.0269541
v 0.033916 0.0208523 0.0263979
v 0.0338213 0.0217883 0.0256283
v 0.0342142 0.0222592 0.0250656
v 0.0338107 0.0230689 0.0244965
v 0.0343183 0.0236719 0.0237139
v 0.0311838 -0.00692541 0.0328524
v 0.0313021 -0.00554141 0.0331046
v 0.0316097 -0.00282509 0.0335444
v 0.0314997 -0.00146406 0.0336026
v 0.0325493 -9.72828e-05 0.0339712
v 0.0325493 0.00126949 0.0339195
v 0.0325493 0.00263626 0.0338289
v 0.0325493 0.00400304 0.0337061
v 0.032612 0.00531238 0.0335185
v 0.0321978 0.0057316 0.0333633
v 0.0325493 0.0112274 0.0319728
v 0.0325493 0.00809761 0.0328782
v 0.0325493 0.00946439 0.0325031
v 0.0325493 0.010544 0.0321862
v 0.0348839 0.0269281 0.0190768
v 0.0351596 0.0273358 0.0178092
v 0.0357406 0.0272382 0.016464
v 0.035504 0.0284786 0.0148924
v 0.0357028 0.0288174 0.0136119
v 0.0358696 0.0291046 0.0122472
v 0.0356661 0.0299028 0.0109732
v 0.0349715 0.0258542 0.0204026
v 0.0356968 0.0245104 0.0204867
v 0.0347904 0.0240797 0.022802
v 0.035046 0.0245219 0.0218255
v 0.035872 0.0304828 0.00814692
v 0.0359335 0.0305919 0.00722855
v 0.0360459 0.0307757 0.00541768
v 0.0359938 0.0306896 0.00631665
v 0.0357548 0.0302818 0.00951154
v 0.0361145 0.0308906 0.00404659
v 0.0367878 -0.0131333 -0.0320932
v 0.0374765 -0.0122719 -0.030153
v 0.0378942 -0.0123925 -0.0287366
v 0.0384279 -0.0110257 -0.027372
v 0.0386669 -0.0110257 -0.0265701
v 0.0387852 -0.0123925 -0.0256646
v 0.0390349 -0.0123925 -0.0246363
v 0.0400383 -0.0101126 -0.0210986
v 0.0394798 -0.0110257 -0.0232717
v 0.0401354 -0.00829218 -0.021519
v 0.0403294 -0.00829218 -0.020536
v 0.0401839 -0.00965895 -0.0206006
v 0.0401247 -0.0110257 -0.0201673
v 0.0401721 -0.0123466 -0.0192102
v 0.040314 -0.0110257 -0.0191714
v 0.0404265 -0.0123925 -0.0178067
v 0.0405128 -0.0137593 -0.0164356
v 0.0405259 -0.015126 -0.015071
v 0.0394869 -0.0246877 -0.00960608
v 0.0392893 -0.0251586 -0.0104986
v 0.0406749 -0.015126 -0.0137064
v 0.0408181 -0.015126 -0.0123418
v 0.0407755 -0.0164928 -0.0109707
v 0.040585 -0.0178539 -0.0109707
v 0.0406986 -0.0178539 -0.00960608
v 0.0403803 -0.0192206 -0.0109707
v 0.0399484 -0.0218508 -0.0109384
v 0.0404844 -0.0192206 -0.00960608
v 0.0405507 -0.0205874 -0.00550575
v 0.0403069 -0.0219542 -0.00550575
v 0.033916 -0.0251586 0.0236881
v 0.033916 -0.0244982 0.024296
v 0.033916 -0.0237172 0.0249816
v 0.033916 -0.0230395 0.0255571
v 0.033916 -0.0222183 0.0262427
v 0.0325493 -0.0230855 0.0255895
v 0.0325493 -0.0215637 0.0267989
v 0.0320842 -0.0198179 0.0279177
v 0.0315991 -0.0189105 0.0281894
v 0.0314843 -0.0205874 0.0269541
v 0.0325493 -0.0222471 0.026275
v 0.0310571 -0.0193929 0.0274004
v 0.030688 -0.0183305 0.0277949
v 0.0312524 -0.0177849 0.0286033
v 0.0308465 -0.0164928 0.0290431
v 0.0305554 -0.0157348 0.0292436
v 0.0311944 -0.0151146 0.0300132
v 0.0315802 -0.0137593 0.0308927
v 0.0311104 -0.0124384 0.0311514
v 0.0305542 -0.00888368 0.0319922
v 0.0310784 -0.00837258 0.0324514
v 0.0373558 0.0252225 -0.0144696
v 0.0363358 0.0259403 -0.0164874
v 0.0370742 0.0244874 -0.0165068
v 0.037441 0.024028 -0.0160993
v 0.0376931 0.0232183 -0.0165068
v 0.0379581 0.0203928 -0.0191714
v 0.0375156 0.0203239 -0.0204519
v 0.0383853 0.0216447 -0.0163322
v 0.0385947 0.0207489 -0.0167202
v 0.038435 0.0203354 -0.0177485
v 0.0379877 0.0190261 -0.020536
v 0.0371653 0.0176593 -0.0236145
v 0.0373037 0.0168955 -0.023899
v 0.0371156 0.0163844 -0.0246622
v 0.037486 0.0176593 -0.0229289
v 0.0379191 0.0176593 -0.0219071
v 0.035285 0.00942419 -0.0320932
v 0.0366328 0.0135647 -0.027372
v 0.036027 0.0117098 -0.0295321
v 0.0373949 0.0144491 -0.0254447
v 0.0374469 0.0159881 -0.0242289
v 0.0371677 0.0135647 -0.0263825
v 0.0357856 0.0108312 -0.030457
v 0.0355797 0.0121807 -0.0300366
v 0.0372789 0.0291907 -4.08015e-05
v 0.0372848 0.0291965 0.00131735
v 0.0376647 0.0284901 -0.00141189
v 0.0376493 0.0284614 -0.00277651
v 0.0376576 0.0284844 0.00268197
v 0.0366754 0.0299545 0.00404659
v 0.0372079 0.0290644 0.00404659
v 0.0376043 0.028381 0.00404659
v 0.037654 0.0273301 -0.00826733
v 0.0375913 0.02702 -0.00960608
v 0.037215 0.0277033 -0.00960608
v 0.0367026 0.0285935 -0.00960608
v 0.036337 0.0286968 -0.0110289
v 0.0370612 0.0274277 -0.0109707
v 0.0373534 0.0265835 -0.0117533
v 0.0372446 0.0263883 -0.0126652
v 0.0360755 0.0281053 -0.0134477
v 0.0375191 0.0282317 -0.00550575
v 0.0378836 0.0272267 -0.00687684
v 0.0375996 0.0283695 -0.00414113
v 0.0363997 0.027353 -0.0138228
v 0.0375996 0.0259059 -0.0122642
v 0.0379179 0.0244932 -0.0137064
v 0.037557 0.0244874 -0.0149805
v 0.0333445 0.0143055 0.0307246
v 0.0338201 0.016281 0.0295605
v 0.0342106 0.016729 0.029166
v 0.0338201 0.0175444 0.0288038
v 0.033916 0.0185609 0.0281053
v 0.034607 0.0183542 0.027963
v 0.0347325 0.0199104 0.0267471
v 0.0347739 0.0213519 0.0254601
v 0.0348082 0.0227588 0.0241537
v 0.0319754 -0.0059836 0.0334021
v 0.0318358 -0.0050705 0.0334409
v 0.0325493 -0.00146406 0.033926
v 0.033916 -9.72828e-05 0.033913
v 0.033916 0.00126949 0.0338548
v 0.033916 0.00263626 0.0337707
v 0.0331078 0.00614508 0.0334409
v 0.0335764 0.00536407 0.0335185
v 0.0333113 0.00614508 0.0334409
v 0.032612 0.00665044 0.0332404
v 0.0336415 0.0105498 0.0321927
v 0.0355915 0.0258025 0.0190574
v 0.0358305 0.0262849 0.0177122
v 0.0359548 0.0265203 0.0170008
v 0.0360968 0.026796 0.0160889
v 0.0358554 0.0277033 0.0152934
v 0.0359891 0.0279503 0.0143815
v 0.0360921 0.0281341 0.0136119
v 0.0372765 0.0264457 0.0126806
v 0.0373759 0.0266237 0.0117751
v 0.0370848 0.0274736 0.0108826
v 0.0372304 0.0277321 0.00951154
v 0.0359489 0.0292481 0.0114906
v 0.035872 0.0249755 0.0194972
v 0.0357383 0.0231781 0.0218837
v 0.035898 0.0236662 0.0209653
v 0.0360838 0.0240682 0.0200534
v 0.0350851 0.0231781 0.0232224
v 0.037396 0.0280192 0.00781708
v 0.0370576 0.0288232 0.0067823
v 0.037467 0.0281398 0.0067823
v 0.0365358 0.0299545 0.00541768
v 0.0361536 0.0295985 0.00951154
v 0.037312 0.0278756 0.00872899
v 0.036873 -0.0123351 -0.0320932
v 0.0373333 -0.0117436 -0.0307933
v 0.0386906 -0.010193 -0.0266671
v 0.0380078 -0.0110257 -0.0287366
v 0.0393603 -0.00829218 -0.0246363
v 0.0392704 -0.00965895 -0.0246363
v 0.0388468 -0.0110257 -0.0258845
v 0.0391592 -0.0110257 -0.0246363
v 0.0396053 -0.00965895 -0.0232717
v 0.0401839 -0.00692541 -0.0217324
v 0.0404217 -0.00692541 -0.020536
v 0.0399733 -0.00829218 -0.0222046
v 0.0405566 -0.00829218 -0.0191714
v 0.0404418 -0.00965895 -0.0191714
v 0.0405483 -0.0110257 -0.0178067
v 0.0406383 -0.0123925 -0.0164356
v 0.0408087 -0.0123925 -0.015071
v 0.0406749 -0.0137593 -0.015071
v 0.0393733 -0.0251586 -0.00960608
v 0.040088 -0.0227409 -0.00650819
v 0.0400431 -0.0239124 -0.0030352
v 0.0399117 -0.0245556 -0.0026601
v 0.0394005 -0.0251586 -0.00913396
v 0.0408205 -0.0137593 -0.0137064
v 0.0409483 -0.0137593 -0.0123418
v 0.0409294 -0.015126 -0.0109707
v 0.0408808 -0.0164928 -0.00960608
v 0.0407956 -0.0178539 -0.00824146
v 0.0407613 -0.0192206 -0.00550575
v 0.0406264 -0.0205874 -0.00414113
v 0.0403862 -0.0219542 -0.00414113
v 0.0339314 -0.0251586 0.0236816
v 0.0347431 -0.0242283 0.0240502
v 0.034697 -0.0227811 0.0253502
v 0.0346437 -0.021334 0.0266372
v 0.033916 -0.021535 0.026786
v 0.0333847 -0.0199787 0.0280018
v 0.0329942 -0.0199787 0.0280018
v 0.0325434 -0.0204955 0.0275556
v 0.0325493 -0.0181123 0.0290689
v 0.031818 -0.0172451 0.0293664
v 0.0315293 -0.0164928 0.0295669
v 0.0318334 -0.0144943 0.0307181
v 0.0321884 -0.0114794 0.0319987
v 0.0317612 -0.0105721 0.0321151
v 0.0312571 -0.0110257 0.0317012
v 0.0325493 -0.00829218 0.0330141
v 0.0324783 -0.00697709 0.033331
v 0.0381297 0.0231264 -0.015071
v 0.0387095 0.0211107 -0.0158083
v 0.0385474 0.0220295 -0.015071
v 0.0387355 0.0198358 -0.017257
v 0.0388314 0.0203354 -0.0163322
v 0.0392207 0.0190261 -0.0164356
v 0.038603 0.0194108 -0.0181689
v 0.0384504 0.0189801 -0.0191326
v 0.0386113 0.018067 -0.0195594
v 0.0384456 0.0176306 -0.0204907
v 0.0387923 0.0132144 -0.0228384
v 0.0384989 0.0136279 -0.0232846
v 0.0375866 0.0149143 -0.0246622
v 0.0357004 0.00809761 -0.0320932
v 0.035659 0.00948736 -0.0314141
v 0.0359181 0.00996401 -0.0306898
v 0.0375108 0.0135647 -0.025697
v 0.0379735 0.0135647 -0.0246363
v 0.0372919 0.0126918 -0.0266089
v 0.0376706 0.0285073 -4.08015e-05
v 0.0376765 0.0285131 0.00131735
v 0.0382965 0.0272267 -0.00141189
v 0.0382658 0.0272267 -0.00277651
v 0.0381711 0.0272267 -0.00414113
v 0.0382811 0.0272267 0.00268197
v 0.038319 0.0272267 0.00131735
v 0.0381829 0.0272267 0.00404659
v 0.0371357 0.0289438 0.00541768
v 0.0375392 0.0282604 0.00541768
v 0.0379427 0.0272267 0.0067823
v 0.038067 0.0272267 0.00541768
v 0.0384208 0.0257393 -0.00816385
v 0.0381451 0.0258599 -0.00960608
v 0.0378859 0.0258599 -0.0109707
v 0.0374434 0.0267443 -0.0109707
v 0.0384634 0.0259805 -0.00687684
v 0.0380303 0.0272267 -0.00550575
v 0.0382386 0.0244932 -0.0123418
v 0.0384752 0.0230804 -0.0137193
v 0.0338462 0.0135532 0.0309186
v 0.0342556 0.0140012 0.0305629
v 0.0338462 0.0148281 0.0302913
v 0.033916 0.0121979 0.0314878
v 0.0347052 0.0158216 0.0294376
v 0.0347762 0.0176593 0.0281894
v 0.0348721 0.0188997 0.0272322
v 0.0356377 0.0190318 0.025874
v 0.0350082 0.0203756 0.0259129
v 0.0350756 0.0217883 0.024587
v 0.0357619 0.0218343 0.0232548
v 0.0328853 -0.00655787 0.0334862
v 0.0324783 -0.00554141 0.0335315
v 0.0325493 -0.00419186 0.0336737
v 0.0325493 -0.00282509 0.0338031
v 0.033916 -0.00146406 0.0338613
v 0.0334675 -0.00655787 0.0334862
v 0.0347254 -0.00146406 0.0335379
v 0.0347502 -9.72828e-05 0.0335638
v 0.0347218 0.00126949 0.0335379
v 0.0346768 0.00263626 0.0334926
v 0.0346366 0.00357807 0.0334538
v 0.0340071 0.00402027 0.0336091
v 0.034523 0.00447969 0.0333892
v 0.0342591 0.00536407 0.0333051
v 0.033826 0.00665044 0.0331757
v 0.033916 0.00809761 0.0328265
v 0.0340248 0.00956776 0.0323802
v 0.0345526 0.0100903 0.0320375
v 0.0340248 0.0109345 0.0319275
v 0.0360317 0.0253086 0.0185853
v 0.037331 0.0238098 0.0170331
v 0.0363973 0.0259863 0.016464
v 0.036182 0.0256015 0.0177122
v 0.037383 0.0252799 0.0144656
v 0.0369736 0.0257853 0.0149442
v 0.0371523 0.0262045 0.0136119
v 0.0362222 0.0272382 0.0148924
v 0.0365973 0.0272267 0.0136119
v 0.037512 0.0255211 0.0136119
v 0.0376363 0.0259346 0.0122343
v 0.0374706 0.0267902 0.0108826
v 0.0367358 0.0285935 0.00951154
v 0.0373889 0.0225693 0.01854
v 0.0371771 0.0234824 0.0179386
v 0.0359193 0.0223396 0.0223817
v 0.0363169 0.0231781 0.0204867
v 0.037686 0.0273416 0.00822453
v 0.0376067 0.0270487 0.00951154
v 0.0369724 -0.0110257 -0.0320932
v 0.0370576 -0.00914211 -0.0320932
v 0.0371144 -0.00784999 -0.0320932
v 0.037215 -0.00555863 -0.0320932
v 0.0395627 -0.00419186 -0.0246363
v 0.0395047 -0.00555863 -0.0246363
v 0.039436 -0.00692541 -0.0246363
v 0.0399141 -0.00557586 -0.0231682
v 0.0400798 -0.00513367 -0.0226508
v 0.039804 -0.00692541 -0.0232717
v 0.0397118 -0.00829218 -0.0232717
v 0.0400206 -0.00692541 -0.022418
v 0.0404679 -0.00555863 -0.020536
v 0.0407034 -0.00555863 -0.0191714
v 0.0406442 -0.00692541 -0.0191714
v 0.0407649 -0.00829218 -0.0178067
v 0.0406619 -0.00965895 -0.0178067
v 0.0407531 -0.0110257 -0.0164356
v 0.0409163 -0.0110257 -0.015071
v 0.0409424 -0.0123925 -0.0137064
v 0.0401567 -0.0230683 -0.00414113
v 0.0400644 -0.0240101 -0.0021233
v 0.0397603 -0.0251586 -0.00214917
v 0.0397472 -0.0251586 -0.00270537
v 0.0396774 -0.0251586 -0.00414113
v 0.0410477 -0.0123925 -0.0123418
v 0.0410418 -0.0137593 -0.0109707
v 0.0410134 -0.015126 -0.00960608
v 0.0409613 -0.0164928 -0.00824146
v 0.0408749 -0.0178539 -0.00687684
v 0.0408229 -0.0192206 -0.00414113
v 0.0408536 -0.0192206 -0.00277651
v 0.0406513 -0.0205874 -0.00277651
v 0.0404205 -0.0219542 -0.00277651
v 0.0348673 -0.0251586 0.0229314
v 0.0349502 -0.023275 0.0245224
v 0.0350046 -0.0246877 0.0231771
v 0.0348697 -0.0218565 0.0258482
v 0.0348224 -0.0205874 0.0268765
v 0.0347478 -0.0188186 0.0281312
v 0.0346047 -0.0171819 0.0293276
v 0.0342958 -0.019726 0.0278337
v 0.033871 -0.0204955 0.0274909
v 0.0355087 -0.0204955 0.0258094
v 0.035795 -0.0192206 0.0262621
v 0.033871 -0.0192551 0.0282929
v 0.033916 -0.0180606 0.0290237
v 0.033916 -0.0173772 0.0294441
v 0.0325493 -0.0174289 0.0294699
v 0.0325493 -0.0164928 0.0299614
v 0.0325493 -0.015373 0.0304982
v 0.0325493 -0.0137593 0.031242
v 0.0326061 -0.0122949 0.0318241
v 0.0330995 -0.011778 0.0320763
v 0.0387935 0.0213461 -0.015071
v 0.0391331 0.0203928 -0.015071
v 0.0387533 0.022598 -0.0132731
v 0.0388574 0.0189801 -0.0177485
v 0.039597 0.0176593 -0.0164356
v 0.0392443 0.0176593 -0.0178067
v 0.0395615 0.0190261 -0.015071
v 0.0387438 0.0184977 -0.018654
v 0.0387509 0.0171539 -0.0200056
v 0.0388704 0.0176306 -0.0191326
v 0.0389639 0.0136279 -0.0219847
v 0.0393047 0.0121979 -0.0219071
v 0.0388692 0.0121003 -0.0232846
v 0.0386137 0.0124908 -0.0237438
v 0.0392373 0.0162925 -0.0191714
v 0.0359359 0.0072362 -0.0320932
v 0.0358223 0.00809761 -0.0318604
v 0.038364 0.0121003 -0.0245199
v 0.0372694 0.00712709 -0.0292928
v 0.0363678 0.00536407 -0.0320932
v 0.0361205 0.00649539 -0.0320932
v 0.0386456 0.0264227 -0.00141189
v 0.0386302 0.0263825 -0.00277651
v 0.0385864 0.0262734 -0.00414113
v 0.0385249 0.0261298 -0.00550575
v 0.0386373 0.0263997 0.00268197
v 0.0385924 0.0262906 0.00404659
v 0.0386551 0.0264457 0.00131735
v 0.0384894 0.0260322 0.0067823
v 0.0385415 0.02617 0.00541768
v 0.0384397 0.0257623 0.00811458
v 0.0387107 0.0252053 -0.00765292
v 0.0386468 0.0250502 -0.00856483
v 0.0385663 0.0248435 -0.00960608
v 0.038493 0.0244415 -0.0110418
v 0.0390822 0.0244932 -0.00687684
v 0.0386787 0.0237638 -0.0115463
v 0.0386018 0.0235513 -0.0123418
v 0.0388586 0.022868 -0.0123418
v 0.0346946 0.0130938 0.0307893
v 0.0348697 0.0149257 0.029651
v 0.0355951 0.0149143 0.0285645
v 0.035033 0.016281 0.0286874
v 0.0354767 0.0175502 0.0271546
v 0.0358235 0.0179349 0.0263074
v 0.0360483 0.0185781 0.0253955
v 0.0358814 0.0194855 0.0250527
v 0.0357205 0.0204617 0.0245741
v 0.0359193 0.0209614 0.0237592
v 0.0361216 0.0214323 0.0228473
v 0.03369 -0.00555863 0.0335508
v 0.0345183 -0.00458237 0.0333892
v 0.0346153 -0.00367501 0.0334409
v 0.033916 -0.00829218 0.0329106
v 0.0339195 -0.00697709 0.0332469
v 0.0343727 -0.00555863 0.0333374
v 0.0333149 -0.011778 0.0320763
v 0.0350827 -0.00555863 0.0326519
v 0.0353324 -0.00146406 0.0327424
v 0.0353726 -9.72828e-05 0.0327424
v 0.0353253 0.00126949 0.0327424
v 0.0352531 0.00263626 0.0327424
v 0.0350508 0.00402027 0.0328588
v 0.0350661 0.00536407 0.0326195
v 0.0349727 0.00673084 0.0324837
v 0.0348579 0.00809761 0.0323285
v 0.0347265 0.00917725 0.0321862
v 0.0348496 0.0121979 0.0309704
v 0.0368659 0.0243553 0.0175764
v 0.037499 0.0230632 0.0175764
v 0.0378504 0.0231264 0.0163476
v 0.0374375 0.0240222 0.0163476
v 0.0370884 0.0247056 0.0163476
v 0.0376055 0.0245219 0.0149442
v 0.0379841 0.0244932 0.0136119
v 0.0383746 0.0243611 0.0121179
v 0.0379356 0.0258599 0.0108826
v 0.03635 0.0218343 0.0218837
v 0.0369985 0.0217251 0.0204156
v 0.0374055 0.0212428 0.0199435
v 0.037557 0.0217251 0.0190251
v 0.0380078 0.0217596 0.0177122
v 0.0374209 0.0199162 0.0213404
v 0.0381747 0.0258599 0.00951154
v 0.0372328 -0.00419186 -0.0320932
v 0.0392207 -0.00146406 -0.0260009
v 0.0386219 -0.00282509 -0.0278118
v 0.0388361 -0.00282509 -0.0271327
v 0.0391864 -0.00282509 -0.0260009
v 0.0396029 -0.00282509 -0.0246363
v 0.0399188 -0.00419186 -0.0233946
v 0.0400951 -0.00419186 -0.0227155
v 0.0402513 -0.00419186 -0.0219071
v 0.0404998 -0.00419186 -0.020536
v 0.0407448 -0.00419186 -0.0191714
v 0.0408998 -0.00555863 -0.0178067
v 0.040843 -0.00692541 -0.0178067
v 0.0409376 -0.00829218 -0.0164356
v 0.040856 -0.00965895 -0.0164356
v 0.0409992 -0.00965895 -0.015071
v 0.0410335 -0.0110257 -0.0137064
v 0.0404241 -0.0219542 -0.00141189
v 0.040669 -0.0205874 0.00131735
v 0.0400644 -0.0240101 -0.00202629
v 0.0397674 -0.0251586 -0.0014701
v 0.0411341 -0.0110257 -0.0123418
v 0.0412287 -0.0110257 -0.0109707
v 0.0411376 -0.0123925 -0.0109707
v 0.0412228 -0.0123925 -0.00960608
v 0.0411199 -0.0137593 -0.00960608
v 0.0411921 -0.0137593 -0.00824146
v 0.0410808 -0.015126 -0.00824146
v 0.0410228 -0.0164928 -0.00687684
v 0.0409365 -0.0178539 -0.00550575
v 0.0409802 -0.0178539 -0.00414113
v 0.0410086 -0.0178539 -0.00277651
v 0.0408702 -0.0192206 -0.00141189
v 0.0406608 -0.0205874 -0.00141189
v 0.0406655 -0.0205874 -4.08015e-05
v 0.0354365 -0.0251586 0.021819
v 0.0356661 -0.0233497 0.0231771
v 0.0355951 -0.0219255 0.0244965
v 0.0358897 -0.0238263 0.022317
v 0.0356791 -0.0246992 0.0218384
v 0.0359406 -0.0184741 0.0265467
v 0.0350993 -0.0192551 0.0273357
v 0.0348886 -0.0177275 0.0286098
v 0.0347467 -0.0164928 0.0294893
v 0.0347715 -0.0134951 0.0308798
v 0.0345561 -0.0144025 0.0306729
v 0.033645 -0.0147126 0.0308216
v 0.033916 -0.0164928 0.0298774
v 0.0354602 -0.016355 0.0285063
v 0.0358175 -0.020886 0.0249169
v 0.0359915 -0.0199729 0.0252855
v 0.036137 -0.0192206 0.0255766
v 0.038932 0.021817 -0.0137193
v 0.0392597 0.0217596 -0.0123418
v 0.0394254 0.0203928 -0.0137064
v 0.0399141 0.0162638 -0.0164098
v 0.0396124 0.0162925 -0.0178067
v 0.0399034 0.0176133 -0.0150322
v 0.0396798 0.0203928 -0.0123418
v 0.0398608 0.0188997 -0.0135835
v 0.0400005 0.0180326 -0.0139586
v 0.0395283 0.0149257 -0.0191714
v 0.0396857 0.0121979 -0.020536
v 0.0400514 0.0112734 -0.0197987
v 0.0395059 0.0108312 -0.0219071
v 0.0390953 0.0108312 -0.0232717
v 0.0387876 0.0108312 -0.0241577
v 0.0387107 0.0115777 -0.0239831
v 0.0373641 0.00621399 -0.0294998
v 0.0366447 0.00536407 -0.0314659
v 0.0365914 0.00402027 -0.0320932
v 0.0389367 0.0257393 -0.00141189
v 0.0389178 0.0256991 -0.00277651
v 0.0388704 0.02559 -0.00414113
v 0.0392053 0.0244932 -0.00550575
v 0.038926 0.0257164 0.00268197
v 0.0389462 0.0257623 0.00131735
v 0.0388787 0.0256072 0.00404659
v 0.0387225 0.0252397 0.007636
v 0.0391201 0.0244932 0.0067823
v 0.0392432 0.0244932 0.00541768
v 0.0388278 0.0254866 0.00541768
v 0.0384788 0.024631 0.0108826
v 0.0389036 0.0245506 -0.00816385
v 0.0388349 0.0241601 -0.00960608
v 0.0395875 0.0231264 -0.00687684
v 0.0394384 0.0231264 -0.00824146
v 0.0389663 0.0232355 -0.0110418
v 0.035575 0.0121635 0.0299226
v 0.0350389 0.0135532 0.0300649
v 0.0358968 0.0153622 0.0278337
v 0.0357584 0.0135647 0.028959
v 0.0357442 0.0162925 0.0275426
v 0.0372824 0.0154656 0.0251303
v 0.0359808 0.0170218 0.0266243
v 0.036279 0.0190318 0.0245741
v 0.036892 0.0175444 0.0244189
v 0.0371795 0.0179177 0.0235458
v 0.0373996 0.0185264 0.0226339
v 0.0369854 0.0190031 0.0231254
v 0.0360992 0.020054 0.0241408
v 0.0372268 0.0194395 0.0222523
v 0.0350093 -0.00692541 0.0325419
v 0.033916 -0.00965895 0.0325161
v 0.0346165 -0.0103998 0.0320763
v 0.0347206 -0.00965895 0.0321798
v 0.0348863 -0.00829218 0.0323738
v 0.0340272 -0.0138741 0.0310803
v 0.0338284 -0.0122949 0.0317464
v 0.034226 -0.0113129 0.0319275
v 0.0338284 -0.0109224 0.0321733
v 0.0356933 -0.00692541 0.0316236
v 0.0357643 -0.00555863 0.0317335
v 0.0358459 -0.00282509 0.0318693
v 0.0358873 -0.00146406 0.031934
v 0.0359027 -9.72828e-05 0.0319599
v 0.035885 0.00126949 0.0319275
v 0.0358566 0.00263626 0.0318823
v 0.0358175 0.00400304 0.0318176
v 0.0357477 0.00536407 0.0317012
v 0.0356554 0.00673084 0.0315524
v 0.0356057 0.0081091 0.0312808
v 0.0351312 0.00956776 0.0315007
v 0.0350306 0.0108312 0.0312226
v 0.0357134 0.0108312 0.0302589
v 0.0384338 0.021685 0.0162958
v 0.0382031 0.0231264 0.0149765
v 0.0385119 0.0231149 0.0136765
v 0.0386066 0.0235628 0.0124865
v 0.0386989 0.0238155 0.0115746
v 0.0372186 0.0208235 0.0208554
v 0.0375842 0.0203813 0.0204156
v 0.0380551 0.0203928 0.0190768
v 0.0384835 0.0203813 0.0177122
v 0.0386184 0.0208293 0.0167227
v 0.0375866 0.0190031 0.0217996
v 0.038093 0.0190261 0.0204414
v 0.0371842 -0.00282509 -0.0320932
v 0.038816 0.00126949 -0.0270228
v 0.0388385 -9.72828e-05 -0.027081
v 0.0386184 -0.00146406 -0.0278247
v 0.0388479 -0.00146406 -0.0271392
v 0.0392053 -9.72828e-05 -0.0260009
v 0.0396218 -0.00146406 -0.0246363
v 0.0399354 -0.00282509 -0.023414
v 0.0400963 -0.00282509 -0.0227284
v 0.0402643 -0.00282509 -0.0219071
v 0.0405282 -0.00282509 -0.020536
v 0.0407767 -0.00282509 -0.0191714
v 0.0409412 -0.00419186 -0.0178067
v 0.041043 -0.00555863 -0.0164356
v 0.040998 -0.00692541 -0.0164356
v 0.0410643 -0.00829218 -0.015071
v 0.0411767 -0.00829218 -0.0137064
v 0.0412867 -0.00829218 -0.0123418
v 0.041108 -0.00965895 -0.0137064
v 0.0412134 -0.00965895 -0.0123418
v 0.0408761 -0.0192206 -4.08015e-05
v 0.0408749 -0.0192206 0.00131735
v 0.0406572 -0.0205874 0.00268197
v 0.0400549 -0.0239641 -0.00111439
v 0.0399224 -0.0245556 -0.0015089
v 0.0404134 -0.0219542 0.00131735
v 0.0397591 -0.0251586 -0.000913898
v 0.0413127 -0.00965895 -0.0109707
v 0.0413175 -0.0110257 -0.00960608
v 0.0412985 -0.0123925 -0.00824146
v 0.041256 -0.0137593 -0.00687684
v 0.0411412 -0.015126 -0.00687684
v 0.0411921 -0.015126 -0.00550575
v 0.0410714 -0.0164928 -0.00550575
v 0.041108 -0.0164928 -0.00414113
v 0.0411353 -0.0164928 -0.00277651
v 0.041282 -0.015126 -0.00141189
v 0.0410252 -0.0178539 -0.00141189
v 0.0358649 -0.0251586 0.0209006
v 0.0360802 -0.022919 0.0227244
v 0.0360814 -0.024257 0.0214051
v 0.0372079 -0.0223217 0.0207907
v 0.0369618 -0.0219025 0.0217414
v 0.0360932 -0.017561 0.0268248
v 0.0356909 -0.0179515 0.0272775
v 0.0366305 -0.0192206 0.0245418
v 0.0363749 -0.0179515 0.0260163
v 0.0358376 -0.0167225 0.0277367
v 0.0356755 -0.015126 0.0288167
v 0.0349928 -0.015126 0.0298127
v 0.035175 -0.0138741 0.0301361
v 0.0356862 -0.0125246 0.0299744
v 0.0349336 -0.0123925 0.0310738
v 0.0362589 -0.0219255 0.0231771
v 0.0361749 -0.0204955 0.0244965
v 0.0371783 -0.0208228 0.0221553
v 0.0395094 0.0217596 -0.0109707
v 0.0400076 0.0166945 -0.0154591
v 0.0400963 0.0157872 -0.0159377
v 0.0400123 0.015322 -0.0168496
v 0.0398975 0.0148913 -0.0177421
v 0.0400916 0.0171195 -0.0145472
v 0.0399626 0.0192673 -0.0123418
v 0.0399094 0.0203354 -0.0109642
v 0.0400667 0.0183599 -0.0130467
v 0.040146 0.0176133 -0.0135835
v 0.0399662 0.0121979 -0.0194753
v 0.0400916 0.00760374 -0.021325
v 0.0400928 0.0144146 -0.0172441
v 0.0401212 0.0121979 -0.0187898
v 0.0403247 0.0121979 -0.0178067
v 0.0404963 0.0108312 -0.0178067
v 0.0398857 0.00807464 -0.0218295
v 0.0392905 0.00946439 -0.0232717
v 0.0388905 0.00946439 -0.0244487
v 0.0377842 0.00536407 -0.0287366
v 0.0374244 0.00536407 -0.0296485
v 0.0386835 0.00863743 -0.025283
v 0.0368529 0.00400304 -0.0314659
v 0.0367677 0.00260755 -0.0320932
v 0.0394408 0.0244932 -0.00141189
v 0.0394053 0.0244932 -0.00277651
v 0.0393201 0.0244932 -0.00414113
v 0.0394207 0.0244932 0.00268197
v 0.0393366 0.0244932 0.00404659
v 0.0394573 0.0244932 0.00131735
v 0.0387509 0.0239476 0.0108826
v 0.0389189 0.0245621 0.00811458
v 0.0396159 0.0231264 0.0067823
v 0.0394585 0.0231264 0.00814692
v 0.0397259 0.0231264 0.00541768
v 0.0392384 0.0231264 -0.00960608
v 0.0399354 0.0219434 -0.00687684
v 0.0398904 0.0216505 -0.00817678
v 0.0396928 0.0231264 -0.00550575
v 0.0396964 0.0217596 -0.00960608
v 0.0360092 0.0116868 0.0294052
v 0.0358909 0.0125999 0.0291918
v 0.0360187 0.0144491 0.02806
v 0.0366861 0.0135647 0.0272775
v 0.0371949 0.0135647 0.0263462
v 0.0374304 0.0145525 0.0254084
v 0.0361063 0.0162925 0.0268636
v 0.0376718 0.0149774 0.0246194
v 0.0374659 0.0162925 0.0241473
v 0.0373416 0.0170104 0.0238821
v 0.0375108 0.0175444 0.0231254
v 0.0380338 0.0176593 0.0218125
v 0.0353241 -0.00965895 0.0313713
v 0.0356424 -0.00838981 0.0313067
v 0.0360329 -0.00800504 0.0308022
v 0.0361157 -0.00692541 0.030938
v 0.0361867 -0.00555863 0.031048
v 0.037318 -0.00466851 0.0293018
v 0.036227 -0.00419186 0.0311191
v 0.0374138 -0.00146406 0.0294635
v 0.0363062 0.00126949 0.0312485
v 0.0370079 -9.72828e-05 0.0301684
v 0.036989 0.00126949 0.0301361
v 0.0373747 0.00263626 0.0293988
v 0.0373487 0.00354936 0.0293535
v 0.0369878 0.00400304 0.0298903
v 0.037312 0.00445671 0.0292953
v 0.0361631 0.00536407 0.0310221
v 0.0360719 0.00673084 0.0308669
v 0.0360033 0.00766117 0.0307569
v 0.0359299 0.00857426 0.0306341
v 0.0358507 0.00946439 0.0304982
v 0.036253 0.00946439 0.0298192
v 0.0361122 0.0108312 0.0295799
v 0.0387343 0.0211796 0.0158108
v 0.0385817 0.0221271 0.0149765
v 0.0386705 0.0223741 0.014181
v 0.0387722 0.0226497 0.0132691
v 0.0388491 0.0231149 0.0121179
v 0.0393118 0.0217596 0.0122472
v 0.0390716 0.0231264 0.0108826
v 0.038506 0.0190375 0.0191027
v 0.0389059 0.0190375 0.0177122
v 0.0387616 0.0199162 0.017253
v 0.0387734 0.0185896 0.0186629
v 0.0392929 0.0190261 0.0163476
v 0.0388763 0.0203813 0.0162958
v 0.038506 0.017688 0.0204544
v 0.0386421 0.0181646 0.0195683
v 0.0371168 -0.00146406 -0.0320932
v 0.0382031 0.00126949 -0.0287366
v 0.0385734 0.00126949 -0.0277083
v 0.0387817 0.00263626 -0.0269322
v 0.0391402 0.00126949 -0.0260009
v 0.0396053 -9.72828e-05 -0.0246363
v 0.0399318 -0.00146406 -0.0233558
v 0.0404998 0.00263626 -0.020536
v 0.040533 -0.00146406 -0.020536
v 0.0407921 -0.00146406 -0.0191714
v 0.0409873 -0.00146406 -0.0178067
v 0.0409684 -0.00282509 -0.0178067
v 0.0410773 -0.00419186 -0.0164356
v 0.0412015 -0.00419186 -0.015071
v 0.0411648 -0.00555863 -0.015071
v 0.0411187 -0.00692541 -0.015071
v 0.041237 -0.00692541 -0.0137064
v 0.0413471 -0.00692541 -0.0123418
v 0.0413885 -0.00825772 -0.010906
v 0.0410311 -0.0178539 -4.08015e-05
v 0.0410264 -0.0178539 0.00131735
v 0.0408619 -0.0192206 0.00268197
v 0.0408288 -0.0192206 0.00404659
v 0.0406122 -0.0205874 0.00404659
v 0.0403507 -0.0219542 0.00404659
v 0.040385 -0.0219542 0.00268197
v 0.0401366 -0.0229706 0.00404659
v 0.0399839 -0.023654 0.00404659
v 0.0397248 -0.0246877 0.00404659
v 0.0397319 -0.0251586 -4.08015e-05
v 0.0414204 -0.00869417 -0.0100653
v 0.0413968 -0.0096647 -0.00960608
v 0.0414204 -0.0101241 -0.00868124
v 0.0413932 -0.0109855 -0.00823499
v 0.0414157 -0.0114162 -0.00712906
v 0.0413743 -0.0122604 -0.00675396
v 0.0413104 -0.0137593 -0.00550575
v 0.0412323 -0.015126 -0.00414113
v 0.0412619 -0.015126 -0.00277651
v 0.0413849 -0.0136387 -0.0027377
v 0.0413873 -0.0138397 -0.00141189
v 0.0412903 -0.015126 -4.08015e-05
v 0.0361536 -0.0251586 0.0201957
v 0.0362684 -0.0246992 0.0204414
v 0.0369606 -0.0232405 0.0203768
v 0.0373795 -0.0214086 0.0212434
v 0.0371748 -0.0236483 0.0193549
v 0.0373475 -0.0240445 0.018443
v 0.03737 -0.0227352 0.0198788
v 0.0375037 -0.0219025 0.0203768
v 0.0361891 -0.016355 0.0272775
v 0.0373617 -0.0159128 0.0252855
v 0.0373333 -0.0199155 0.0224981
v 0.0371405 -0.0192206 0.0234358
v 0.037086 -0.0178998 0.0245353
v 0.0372257 -0.0168202 0.024988
v 0.037131 -0.0123925 0.027575
v 0.0359654 -0.0158094 0.027963
v 0.035872 -0.0137593 0.029153
v 0.035756 -0.0110257 0.0303624
v 0.0359631 -0.0130701 0.0293212
v 0.0360696 -0.0121628 0.0294958
v 0.0401709 0.0162638 -0.0150322
v 0.0401744 0.0148913 -0.0164098
v 0.0404063 0.0149257 -0.015071
v 0.0403874 0.0162925 -0.0137064
v 0.0401176 0.0185839 -0.0123418
v 0.0400289 0.0195601 -0.0114169
v 0.0399768 0.0207259 -0.00960608
v 0.040094 0.0198358 -0.010505
v 0.0403188 0.0176593 -0.0123418
v 0.0401318 0.00673084 -0.0214802
v 0.039946 0.00673084 -0.0221658
v 0.0403211 0.00673084 -0.020536
v 0.0403933 0.0135647 -0.0164356
v 0.0405696 0.0121979 -0.0164356
v 0.0407116 0.0108312 -0.0164356
v 0.0406122 0.00946439 -0.0178067
v 0.0394467 0.00809761 -0.0232717
v 0.0387391 0.00365273 -0.0268093
v 0.0385048 0.00406621 -0.0273073
v 0.0379664 0.00400304 -0.0287366
v 0.0375096 0.00400304 -0.029862
v 0.0372931 0.00298657 -0.0306963
v 0.0369133 0.00126949 -0.0320932
v 0.0375463 0.00257309 -0.0301853
v 0.037344 0.00207347 -0.0308191
v 0.0398845 0.0231436 -0.00141189
v 0.0398975 0.0229943 -0.00267303
v 0.0397851 0.0231264 -0.00414113
v 0.0399034 0.0230058 0.0026367
v 0.0398904 0.0231666 0.00131735
v 0.0398005 0.0231264 0.00404659
v 0.0392763 0.0231264 0.00951154
v 0.0399034 0.0216677 0.00812105
v 0.0399472 0.0219893 0.0067823
v 0.0397319 0.0217596 0.00951154
v 0.0395532 0.0217596 0.0108826
v 0.0399934 0.0221788 0.00541768
v 0.0401105 0.02126 -0.00687684
v 0.040075 0.0211279 -0.00767879
v 0.0399792 0.0221271 -0.00550575
v 0.040159 0.0214438 -0.00550575
v 0.0400289 0.0209384 -0.0085907
v 0.0362743 0.0121635 0.0287003
v 0.0372884 0.00992381 0.0278789
v 0.0371783 0.0108312 0.0276785
v 0.0373002 0.0127665 0.0265402
v 0.0375629 0.0135647 0.0256606
v 0.0380812 0.0135647 0.0245418
v 0.0382788 0.0149257 0.0231771
v 0.0378871 0.0162925 0.0231771
v 0.0384421 0.0162581 0.0217479
v 0.0386231 0.016683 0.0209136
v 0.035885 -0.00965895 0.0305629
v 0.0359536 -0.0089124 0.0306729
v 0.0371061 -0.00829218 0.0289525
v 0.0375167 -0.00829218 0.0282735
v 0.0366813 -0.00692541 0.0300067
v 0.0373428 -0.010417 0.0279824
v 0.0374067 -0.00965895 0.0280859
v 0.0372872 -0.00555863 0.0292565
v 0.0368269 -0.00555863 0.0300067
v 0.0376812 -0.00555863 0.028571
v 0.0376516 -0.00420909 0.028765
v 0.0374292 -9.72828e-05 0.0294829
v 0.0377924 -0.00282509 0.0286421
v 0.0378611 -0.00146406 0.0286421
v 0.0374079 0.00126949 0.0294505
v 0.0377913 0.00263626 0.0286421
v 0.0376445 0.00400304 0.0287585
v 0.0376398 0.00536407 0.0285128
v 0.0372541 0.00536407 0.0291918
v 0.0367701 0.00536407 0.0300067
v 0.0365784 0.00673084 0.0300067
v 0.036311 0.0081091 0.0301102
v 0.0371547 0.00673084 0.0290237
v 0.0374481 0.00809761 0.0281635
v 0.0373747 0.00901645 0.0280342
v 0.0369902 0.00947013 0.0285516
v 0.0392029 0.0203928 0.0149765
v 0.0388302 0.0214438 0.0149765
v 0.0389698 0.0218515 0.0136765
v 0.0394846 0.0203928 0.0136119
v 0.0393248 0.0176593 0.0177122
v 0.0389237 0.017688 0.0191027
v 0.0396609 0.0176593 0.0163476
v 0.0396206 0.0190261 0.0149765
v 0.0387793 0.0172516 0.0200017
v 0.0370363 -9.72828e-05 -0.0320932
v 0.0374256 -9.72828e-05 -0.0310455
v 0.0376954 0.00126949 -0.0301013
v 0.0385391 0.00263626 -0.0276113
v 0.0399839 0.00536407 -0.0222951
v 0.040165 0.00536407 -0.0216096
v 0.0404608 0.00400304 -0.020536
v 0.0400537 0.00155663 -0.0225473
v 0.0399212 -9.72828e-05 -0.0232976
v 0.0407388 0.00400304 -0.0191714
v 0.0407767 0.00263626 -0.0191714
v 0.0407885 -9.72828e-05 -0.0191714
v 0.0409921 -9.72828e-05 -0.0178067
v 0.0411329 -9.72828e-05 -0.0164356
v 0.041127 -0.00146406 -0.0164356
v 0.0411033 -0.00282509 -0.0164356
v 0.0412287 -0.00282509 -0.015071
v 0.0413234 -0.00419186 -0.0137064
v 0.0412855 -0.00555863 -0.0137064
v 0.0413944 -0.00561032 -0.0122706
v 0.0414263 -0.00609845 -0.0115916
v 0.0414133 -0.00692541 -0.0113523
v 0.0411554 -0.0164928 0.00131735
v 0.0410122 -0.0178539 0.00268197
v 0.0409873 -0.0178539 0.00404659
v 0.0409483 -0.0178539 0.00541768
v 0.0408879 -0.0178539 0.0067823
v 0.0407661 -0.0192206 0.00541768
v 0.0405306 -0.0205874 0.00541768
v 0.0402821 -0.0219542 0.00541768
v 0.0401105 -0.0228558 0.00541768
v 0.0399614 -0.0235392 0.00541768
v 0.0396502 -0.0246877 0.00541768
v 0.039584 -0.0251586 0.00404659
v 0.0396419 -0.0251586 0.00268197
v 0.0414346 -0.00778108 -0.0104016
v 0.0414962 -0.00692541 -0.00960608
v 0.0415553 -0.00692541 -0.00824146
v 0.0416109 -0.00692541 -0.00687684
v 0.0414382 -0.00921102 -0.00915336
v 0.0414547 -0.0096647 -0.00823499
v 0.041437 -0.0105031 -0.0077758
v 0.0414299 -0.0117206 -0.00621716
v 0.0413991 -0.0125763 -0.00550575
v 0.0413506 -0.0137593 -0.00414113
v 0.0414311 -0.0131046 -0.00225265
v 0.0414252 -0.0130012 -0.00316455
v 0.0414346 -0.0131563 -0.00141189
v 0.041392 -0.0138799 -4.08015e-05
v 0.0413885 -0.0138512 0.00131735
v 0.0412843 -0.015126 0.00131735
v 0.0364009 -0.0251586 0.0195683
v 0.0369038 -0.0245786 0.0189733
v 0.0378185 -0.0192206 0.0218125
v 0.0374718 -0.0204553 0.0217414
v 0.0385995 -0.0195767 0.0194455
v 0.0387332 -0.0186693 0.0198594
v 0.0383936 -0.0191632 0.0203638
v 0.0374718 -0.0232405 0.0189733
v 0.0371783 -0.0250323 0.0177122
v 0.0372363 -0.0251586 0.0174082
v 0.0373428 -0.0251586 0.0171172
v 0.0374611 -0.0243489 0.0177122
v 0.0378303 -0.0233209 0.0177122
v 0.0378978 -0.0219542 0.0190768
v 0.0384149 -0.0205242 0.0190251
v 0.0375487 -0.0164182 0.0245353
v 0.0379167 -0.015126 0.0245418
v 0.0374682 -0.015126 0.025486
v 0.0373736 -0.0132252 0.026676
v 0.0380942 -0.0164928 0.0231771
v 0.0376422 -0.0178998 0.0232418
v 0.0374256 -0.0174691 0.0240761
v 0.0372801 -0.0183822 0.0237463
v 0.0374659 -0.0123925 0.0268894
v 0.0372635 -0.0113243 0.0278143
v 0.0364139 -0.0125246 0.0287779
v 0.0361844 -0.0110257 0.0296769
v 0.0369204 -0.0109338 0.0285192
v 0.0405969 0.0149257 -0.0137064
v 0.0406028 0.0135647 -0.015071
v 0.0405661 0.0162925 -0.0123418
v 0.0402028 0.019072 -0.0109642
v 0.0401448 0.0200425 -0.00960608
v 0.0403756 0.0190261 -0.00960608
v 0.0404856 0.0176593 -0.0109707
v 0.0404052 0.00536407 -0.020536
v 0.0395922 0.00673084 -0.0232717
v 0.0405649 0.00673084 -0.0191714
v 0.0406619 0.00536407 -0.0191714
v 0.0407519 0.0121979 -0.015071
v 0.0408726 0.0108312 -0.015071
v 0.0408169 0.00946439 -0.0164356
v 0.0407956 0.00673084 -0.0178067
v 0.0381155 0.00263626 -0.0287366
v 0.037383 0.00126949 -0.0309161
v 0.0402561 0.0217596 -0.00141189
v 0.0400656 0.0224487 -0.0021427
v 0.0400715 0.0224717 -4.08015e-05
v 0.0400454 0.0223798 -0.00305461
v 0.0400182 0.0222707 -0.00414113
v 0.0400703 0.0224717 0.00215165
v 0.040049 0.0223913 0.00306355
v 0.0400727 0.0224832 0.00131735
v 0.040262 0.0217596 -4.08015e-05
v 0.0400809 0.0211451 0.00764893
v 0.0399922 0.0207891 0.00951154
v 0.0400372 0.0209729 0.00856083
v 0.0401212 0.0213059 0.0067823
v 0.0401721 0.0214954 0.00541768
v 0.0399318 0.0203584 0.0109214
v 0.0397248 0.0203928 0.0122472
v 0.0402064 0.0216218 0.00404659
v 0.0403247 0.0203928 -0.00687684
v 0.0401922 0.0204445 -0.00817678
v 0.0404111 0.0203928 -0.00550575
v 0.0401981 0.0215873 -0.00414113
v 0.0376457 0.00947013 0.027368
v 0.0375463 0.0108312 0.0269994
v 0.0374185 0.0118534 0.0267536
v 0.0380599 0.0108312 0.0259064
v 0.0384184 0.0121233 0.0244383
v 0.0386338 0.012531 0.0236945
v 0.0385651 0.0136968 0.023216
v 0.0386965 0.0142424 0.0224916
v 0.0387379 0.0157757 0.0212499
v 0.0388894 0.0162581 0.0204544
v 0.0378256 -0.00965895 0.0272775
v 0.0380291 -0.00829218 0.0272775
v 0.0376126 -0.00692541 0.0284481
v 0.0372126 -0.00692541 0.0291272
v 0.038196 -0.00692541 0.0272775
v 0.0383226 -0.00555863 0.0272775
v 0.0378847 -9.72828e-05 0.0286421
v 0.0378469 0.00126949 0.0286421
v 0.0384563 -0.00417463 0.0271481
v 0.0384326 -0.00282509 0.0273357
v 0.0384598 -0.00146406 0.0274004
v 0.0384302 0.00263626 0.0273292
v 0.0384362 0.00392264 0.0271481
v 0.0382433 0.00536407 0.0272775
v 0.0380776 0.00673084 0.0272775
v 0.037906 0.00809761 0.0272775
v 0.0375475 0.00673084 0.0283381
v 0.0396822 0.0162925 0.0177122
v 0.0393236 0.0162925 0.0190768
v 0.0399484 0.0163155 0.0163799
v 0.0399354 0.0176593 0.0149894
v 0.040017 0.018113 0.013974
v 0.0398904 0.0189399 0.0135537
v 0.0408749 0.00536407 -0.0178067
v 0.0409294 0.00400304 -0.0178067
v 0.0409649 0.00263626 -0.0178067
v 0.0409826 0.00126949 -0.0178067
v 0.0411234 0.00126949 -0.0164356
v 0.0412406 -9.72828e-05 -0.015071
v 0.0412441 -0.00146406 -0.015071
v 0.0413494 -0.00282509 -0.0137064
v 0.0414181 -0.00282509 -0.0128204
v 0.0414062 -0.00419186 -0.0126328
v 0.0414358 -0.0051911 -0.0117727
v 0.0414962 -0.00419186 -0.0109707
v 0.0415636 -0.00419186 -0.00960608
v 0.041534 -0.00555863 -0.00960608
v 0.0414476 -0.00692541 -0.0106667
v 0.04114 -0.0164928 0.00268197
v 0.0411151 -0.0164928 0.00404659
v 0.0410808 -0.0164928 0.00541768
v 0.0410347 -0.0164928 0.0067823
v 0.0409767 -0.0164928 0.00814692
v 0.0408122 -0.0178539 0.00814692
v 0.0406797 -0.0192206 0.0067823
v 0.0405886 -0.0192206 0.00814692
v 0.0403448 -0.0205874 0.00814692
v 0.0400466 -0.0225514 0.00724149
v 0.0400786 -0.022718 0.00632958
v 0.0399188 -0.0232348 0.0067823
v 0.0395224 -0.0246877 0.0067823
v 0.0393781 -0.0251586 0.0067823
v 0.0394609 -0.0251586 0.0058898
v 0.0394976 -0.0251586 0.00541768
v 0.0415967 -0.00555863 -0.00824146
v 0.0416488 -0.00555863 -0.00687684
v 0.0416524 -0.00692541 -0.00550575
v 0.0416038 -0.00829218 -0.00550575
v 0.0415577 -0.00829218 -0.00687684
v 0.0415021 -0.00965895 -0.00687684
v 0.0414382 -0.0118929 -0.00550575
v 0.0415423 -0.00965895 -0.00550575
v 0.0415778 -0.00965895 -0.00414113
v 0.0414181 -0.0128519 -0.00414113
v 0.0416204 -0.00965895 -0.00141189
v 0.041476 -0.0123925 -0.00141189
v 0.0414583 -0.0124844 -0.0027377
v 0.041534 -0.0110257 -0.00277651
v 0.041482 -0.0123925 -4.08015e-05
v 0.041437 -0.0131965 -4.08015e-05
v 0.0414358 -0.0131678 0.00131735
v 0.0414323 -0.0131218 0.00226806
v 0.0413885 -0.0136502 0.00270784
v 0.0412666 -0.015126 0.00268197
v 0.0366257 -0.0251586 0.0189927
v 0.0370553 -0.0251586 0.0178803
v 0.0382267 -0.0178539 0.0218125
v 0.0387391 -0.0200304 0.0185336
v 0.0388456 -0.0191632 0.0190251
v 0.0391544 -0.0178539 0.0190768
v 0.0388302 -0.0178539 0.0201633
v 0.0386918 -0.0171532 0.021114
v 0.0374351 -0.0251586 0.0168132
v 0.0376753 -0.0248026 0.0164575
v 0.0382303 -0.0233209 0.0163476
v 0.0382255 -0.0137593 0.0245418
v 0.0386953 -0.0103309 0.0252208
v 0.0384776 -0.015126 0.0231319
v 0.0386077 -0.0137593 0.0235975
v 0.0407483 0.0149257 -0.0123418
v 0.0407613 0.0135647 -0.0137064
v 0.0406193 0.0176593 -0.00960608
v 0.0406974 0.0162925 -0.0109707
v 0.0404951 0.0190261 -0.00824146
v 0.0408962 0.0121979 -0.0137064
v 0.0409708 0.00946439 -0.015071
v 0.0410051 0.0108312 -0.0137064
v 0.0408998 0.00809761 -0.0164356
v 0.040559 0.0203928 -0.00141189
v 0.0405306 0.0203928 -0.00277651
v 0.0402005 0.0218572 -0.00267303
v 0.0402655 0.0217596 0.00131735
v 0.0402076 0.021863 0.0026367
v 0.0402064 0.0204675 0.00812105
v 0.0401046 0.0198817 0.0104946
v 0.0401614 0.0201057 0.00951154
v 0.0403424 0.0203928 0.0067823
v 0.04043 0.0203928 0.00541768
v 0.0399815 0.0193591 0.0122472
v 0.0400407 0.0196118 0.0114065
v 0.040488 0.0203928 0.00404659
v 0.0405969 0.0190261 -0.00687684
v 0.0404738 0.0203928 -0.00414113
v 0.0406702 0.0190261 -0.00550575
v 0.0383947 0.00936676 0.02579
v 0.0385261 0.0108312 0.0247811
v 0.0388929 0.0121233 0.023216
v 0.0388089 0.013335 0.0227826
v 0.0387166 0.0116237 0.0239144
v 0.0390207 0.0136968 0.0219483
v 0.0392219 0.0149257 0.0204414
v 0.0384835 -0.00979104 0.0258417
v 0.0385249 -0.00829218 0.026178
v 0.0385959 -0.00692541 0.0263462
v 0.0386551 -0.00555863 0.0264949
v 0.0386858 -0.00461682 0.0265661
v 0.0384693 -9.72828e-05 0.0274198
v 0.0384527 0.00126949 0.027381
v 0.0387048 -0.00370373 0.0266113
v 0.0387497 -0.00146406 0.0267213
v 0.0387202 0.00263626 0.0266501
v 0.0387048 0.00341728 0.0266113
v 0.0386669 0.00432463 0.0265208
v 0.038616 0.00536407 0.0263979
v 0.0385438 0.00673084 0.0262233
v 0.0384705 0.00809761 0.0260422
v 0.0396337 0.0149257 0.0190768
v 0.0399449 0.0149659 0.0177187
v 0.0400324 0.0154426 0.0168585
v 0.0395343 0.0135647 0.0204414
v 0.0401153 0.0158733 0.0159466
v 0.0401082 0.0172056 0.0145432
v 0.0401744 0.0176593 0.0135537
v 0.0400809 0.0184231 0.0130621
v 0.0409779 0.00673084 -0.0164356
v 0.0410359 0.00536407 -0.0164356
v 0.0410773 0.00400304 -0.0164356
v 0.0411069 0.00263626 -0.0164356
v 0.0412181 0.00263626 -0.015071
v 0.0412311 0.00126949 -0.015071
v 0.041411 -0.00146406 -0.0127298
v 0.041579 0.00126949 -0.00960608
v 0.0415896 -9.72828e-05 -0.00960608
v 0.0415932 -0.00146406 -0.00960608
v 0.0414547 -0.00282509 -0.0121413
v 0.0414453 -0.00419186 -0.0119473
v 0.0415861 -0.00282509 -0.00960608
v 0.0416287 -0.00419186 -0.00824146
v 0.0412406 -0.015126 0.00404659
v 0.0412015 -0.015126 0.00541768
v 0.041153 -0.015126 0.0067823
v 0.0410962 -0.015126 0.00814692
v 0.0410299 -0.015126 0.00951154
v 0.0408986 -0.0164928 0.00951154
v 0.0407164 -0.0178539 0.00951154
v 0.0404951 -0.0192206 0.00951154
v 0.0401425 -0.021667 0.00814692
v 0.0402123 -0.0206908 0.00958268
v 0.0401011 -0.0214258 0.00916877
v 0.040049 -0.0212134 0.0100807
v 0.0399922 -0.0223504 0.00814692
v 0.0397295 -0.0233209 0.00814692
v 0.0393461 -0.0246877 0.00814692
v 0.0393248 -0.0251586 0.00724149
v 0.0416701 -0.00419186 -0.00687684
v 0.0416772 -0.00555863 -0.00550575
v 0.0416737 -0.00692541 -0.00414113
v 0.041637 -0.00829218 -0.00414113
v 0.0415104 -0.0110257 -0.00414113
v 0.0416038 -0.00965895 -0.00277651
v 0.0416571 -0.00829218 -0.00277651
v 0.0416689 -0.00829218 -0.00141189
v 0.0416275 -0.00965895 -4.08015e-05
v 0.0414784 -0.0123925 0.00131735
v 0.0414607 -0.0125016 0.00270784
v 0.0414263 -0.0130299 0.00317349
v 0.0416228 -0.00965895 0.00131735
v 0.0413565 -0.0137593 0.00404659
v 0.0387119 -0.0213167 0.0170784
v 0.0388101 -0.0216211 0.0163476
v 0.0388231 -0.0205242 0.0176087
v 0.0391663 -0.0192206 0.0177122
v 0.0385817 -0.0223045 0.0163476
v 0.0394396 -0.0164928 0.0190768
v 0.0393366 -0.015126 0.0204414
v 0.0389793 -0.0166134 0.0205708
v 0.039494 -0.0178539 0.0177122
v 0.0400798 -0.0158841 0.0170913
v 0.0392195 -0.0137593 0.0218125
v 0.0389047 -0.015126 0.0218513
v 0.0387474 -0.0146724 0.0226533
v 0.0386456 -0.0155797 0.0223364
v 0.0375877 -0.0251586 0.0163023
v 0.0378126 -0.0251586 0.0155003
v 0.0381321 -0.0246877 0.0149765
v 0.038564 -0.0233899 0.0150864
v 0.0392881 -0.0110257 0.0231771
v 0.0395118 -0.00965895 0.0231771
v 0.0389604 -0.00979104 0.0246776
v 0.0391887 -0.00829218 0.0245418
v 0.038745 -0.0094235 0.0253437
v 0.0388503 -0.0137593 0.022912
v 0.0408666 0.0149257 -0.0109707
v 0.040895 0.0135647 -0.0123418
v 0.0407199 0.0176593 -0.00824146
v 0.0408063 0.0162925 -0.00960608
v 0.0410134 0.0121979 -0.0123418
v 0.0410501 0.00809761 -0.015071
v 0.0410915 0.00946439 -0.0137064
v 0.0411104 0.0108312 -0.0123418
v 0.0407862 0.0190261 -0.00141189
v 0.0407649 0.0190261 -0.00277651
v 0.0405625 0.0203928 -4.08015e-05
v 0.0407211 0.0190261 -0.00414113
v 0.0405389 0.0203928 0.00268197
v 0.0405637 0.0203928 0.00131735
v 0.040404 0.0190261 0.00951154
v 0.0402241 0.0191065 0.0109214
v 0.0405164 0.0190261 0.00814692
v 0.0406099 0.0190261 0.0067823
v 0.0406821 0.0190261 0.00541768
v 0.0401389 0.0186758 0.0122472
v 0.0408004 0.0176593 -0.00687684
v 0.0408655 0.0176593 -0.00550575
v 0.0387083 0.00884417 0.0252532
v 0.0386243 0.00975152 0.0250398
v 0.0391438 0.0108312 0.0231771
v 0.0393911 0.0121979 0.0218125
v 0.0388775 0.00936676 0.0245676
v 0.0388065 -0.00829218 0.0254925
v 0.0388775 -0.00692541 0.0256671
v 0.0389402 -0.00555863 0.0258094
v 0.0389308 -0.00417463 0.0260293
v 0.0387592 -9.72828e-05 0.0267407
v 0.0387426 0.00126949 0.0267019
v 0.0390929 -0.00146406 0.0259064
v 0.0391106 -9.72828e-05 0.0259064
v 0.0390787 0.00126949 0.0259064
v 0.0390325 0.00263626 0.0259064
v 0.0389166 0.00392264 0.0260034
v 0.0388976 0.00536407 0.0257124
v 0.0388255 0.00673084 0.0255377
v 0.0392337 0.00673084 0.0245418
v 0.0387509 0.00809761 0.0253567
v 0.0398431 0.0120601 0.0203056
v 0.0399023 0.0135245 0.0190121
v 0.0401153 0.0145295 0.0172724
v 0.0400159 0.0139552 0.0181779
v 0.0402099 0.0149659 0.0163799
v 0.0402016 0.0163155 0.0149894
v 0.04043 0.0162925 0.0136119
v 0.040359 0.0176593 0.0122472
v 0.0411104 0.00673084 -0.015071
v 0.0411577 0.00536407 -0.015071
v 0.0411932 0.00400304 -0.015071
v 0.0412808 0.00400304 -0.0137064
v 0.0413045 0.00263626 -0.0137064
v 0.0414346 0.00225724 -0.0117403
v 0.0415601 0.00263626 -0.00960608
v 0.0416346 0.00263626 -0.00824146
v 0.0416488 0.00126949 -0.00824146
v 0.0416547 -9.72828e-05 -0.00824146
v 0.0416547 -0.00146406 -0.00824146
v 0.0416464 -0.00282509 -0.00824146
v 0.0413198 -0.0137593 0.00541768
v 0.041269 -0.0137593 0.0067823
v 0.0412074 -0.0137593 0.00814692
v 0.0411376 -0.0137593 0.00951154
v 0.0410595 -0.0137593 0.0108826
v 0.0409447 -0.015126 0.0108826
v 0.0407826 -0.0164928 0.0108826
v 0.0405886 -0.0178539 0.0108826
v 0.0403791 -0.0192206 0.0108826
v 0.0401661 -0.0203405 0.0108826
v 0.0399981 -0.0210238 0.0108826
v 0.0397461 -0.0219542 0.0108826
v 0.0395674 -0.0219542 0.0122472
v 0.039371 -0.0233209 0.0108826
v 0.0391663 -0.0246877 0.00951154
v 0.0392053 -0.0251586 0.00816633
v 0.0416808 -0.00282509 -0.00687684
v 0.041689 -0.00419186 -0.00550575
v 0.0417056 -0.00419186 -0.00414113
v 0.0416914 -0.00555863 -0.00414113
v 0.0416843 -0.00692541 -0.00277651
v 0.0416902 -0.00692541 -0.00141189
v 0.0416737 -0.00829218 -4.08015e-05
v 0.0416701 -0.00829218 0.00131735
v 0.0416086 -0.00965895 0.00268197
v 0.0414204 -0.0128979 0.00404659
v 0.0416595 -0.00829218 0.00268197
v 0.0414039 -0.012628 0.00541768
v 0.0386835 -0.0226031 0.0156168
v 0.0388101 -0.0229764 0.0147049
v 0.0389852 -0.022069 0.0150864
v 0.0391095 -0.0205874 0.0163476
v 0.0394076 -0.0205874 0.0149765
v 0.0394585 -0.0192206 0.0163476
v 0.0397094 -0.015126 0.0190768
v 0.0396076 -0.0137593 0.0204414
v 0.039978 -0.0167972 0.0165998
v 0.0401235 -0.015126 0.0173565
v 0.0400466 -0.0142589 0.0183072
v 0.0399744 -0.015126 0.0180356
v 0.0400679 -0.0171934 0.0156879
v 0.0401283 -0.0164009 0.0162247
v 0.0402963 -0.0164928 0.0149765
v 0.0404986 -0.015126 0.0149765
v 0.0402975 -0.015126 0.0163476
v 0.0394857 -0.0123925 0.0218125
v 0.0379475 -0.0251586 0.0149765
v 0.0386563 -0.0238895 0.0141034
v 0.0397129 -0.0110257 0.0218125
v 0.0399176 -0.00967044 0.0217543
v 0.039668 -0.00829218 0.0231771
v 0.0393307 -0.00692541 0.0245418
v 0.0410015 0.0135647 -0.0109707
v 0.0409625 0.0149257 -0.00960608
v 0.0408974 0.0162925 -0.00824146
v 0.041108 0.0121979 -0.0109707
v 0.0411601 0.00809761 -0.0137064
v 0.0411861 0.00946439 -0.0123418
v 0.0411932 0.0108312 -0.0109707
v 0.0409696 0.0176593 -0.00141189
v 0.0407885 0.0190261 -4.08015e-05
v 0.0409755 0.0176593 -4.08015e-05
v 0.0409483 0.0176593 -0.00277651
v 0.0409128 0.0176593 -0.00414113
v 0.0407696 0.0190261 0.00268197
v 0.0407317 0.0190261 0.00404659
v 0.0407874 0.0190261 0.00131735
v 0.0405176 0.0176593 0.0108826
v 0.0406454 0.0176593 0.00951154
v 0.04074 0.0176593 0.00814692
v 0.0408146 0.0176593 0.0067823
v 0.0408749 0.0176593 0.00541768
v 0.0409696 0.0162925 -0.00687684
v 0.0410252 0.0162925 -0.00550575
v 0.0390787 0.00809761 0.0245418
v 0.0393792 0.00946439 0.0231771
v 0.0396112 0.0108312 0.0218125
v 0.0394443 -0.00555863 0.0245418
v 0.0395177 -0.00419186 0.0245418
v 0.0390373 -0.00282509 0.0259064
v 0.0395638 -0.00282509 0.0245418
v 0.0396088 -0.00146406 0.0245418
v 0.0396242 -9.72828e-05 0.0245418
v 0.039597 0.00126949 0.0245418
v 0.0395591 0.00263626 0.0245418
v 0.0394857 0.00400304 0.0245418
v 0.0393674 0.00536407 0.0245418
v 0.0397118 0.00673084 0.0231771
v 0.0395721 0.00809761 0.0231771
v 0.0400632 0.0115145 0.0197624
v 0.0399389 0.0108312 0.0206161
v 0.0404442 0.0135647 0.0163476
v 0.0401851 0.0135245 0.0177187
v 0.0404513 0.0149257 0.0149765
v 0.04063 0.0149257 0.0136119
v 0.040598 0.0162925 0.0122472
v 0.0412122 0.00673084 -0.0137064
v 0.0412512 0.00536407 -0.0137064
v 0.0414263 0.0031646 -0.0116174
v 0.0414678 0.00268221 -0.0110871
v 0.0414583 0.00400304 -0.0107767
v 0.0415281 0.00400304 -0.00960608
v 0.0416062 0.00400304 -0.00824146
v 0.0416606 0.00400304 -0.00687684
v 0.0416772 0.00263626 -0.00687684
v 0.0416831 0.00126949 -0.00687684
v 0.0416867 -9.72828e-05 -0.00687684
v 0.0416855 -0.00146406 -0.00687684
v 0.0413826 -0.0122834 0.00671116
v 0.0413139 -0.0123925 0.00814692
v 0.0412394 -0.0123925 0.00951154
v 0.0411565 -0.0123925 0.0108826
v 0.0410678 -0.0123925 0.0122472
v 0.0409684 -0.0137593 0.0122472
v 0.0408252 -0.015126 0.0122472
v 0.0406324 -0.0164928 0.0122472
v 0.0404336 -0.0178539 0.0122472
v 0.0402016 -0.0192608 0.0122602
v 0.0401093 -0.0200878 0.0118204
v 0.0391864 -0.0233209 0.0122472
v 0.0393426 -0.0219542 0.0136119
v 0.0390254 -0.0251586 0.00951154
v 0.0417423 -0.00146406 -0.00277651
v 0.0417163 -0.00282509 -0.00414113
v 0.0417588 -0.00146406 -0.00141189
v 0.0417186 -0.00419186 -0.00277651
v 0.041702 -0.00555863 -0.00277651
v 0.0417281 -0.00419186 -0.00141189
v 0.0417127 -0.00555863 -4.08015e-05
v 0.0416914 -0.00692541 0.00131735
v 0.0416867 -0.00692541 0.00268197
v 0.0416772 -0.00692541 0.00404659
v 0.0416429 -0.00829218 0.00404659
v 0.0415837 -0.00965895 0.00404659
v 0.0415163 -0.0110257 0.00404659
v 0.0414417 -0.0119446 0.00541768
v 0.0414323 -0.0117608 0.0062067
v 0.0414192 -0.0114966 0.00711861
v 0.0389201 -0.0233899 0.0136313
v 0.0398348 -0.0177333 0.0162247
v 0.0396703 -0.0205874 0.0136119
v 0.0404679 -0.00965895 0.0190768
v 0.0401957 -0.00967044 0.0204996
v 0.0400372 -0.0101356 0.0209912
v 0.0401235 -0.0174748 0.0149765
v 0.0400265 -0.0197432 0.0127323
v 0.0401283 -0.0188359 0.0133014
v 0.0404702 -0.0164928 0.0136119
v 0.0406714 -0.015126 0.0136119
v 0.0408442 -0.0137593 0.0136119
v 0.0406631 -0.0137593 0.0149765
v 0.040759 -0.0110257 0.0163476
v 0.0406998 -0.00965895 0.0177122
v 0.0381474 -0.0251586 0.0141163
v 0.0384634 -0.024636 0.0136313
v 0.0387521 -0.0241422 0.0131915
v 0.0399685 -0.00829218 0.0221165
v 0.0400951 -0.00922825 0.0212563
v 0.0397887 -0.00692541 0.0231771
v 0.0410867 0.0135647 -0.00960608
v 0.0410418 0.0149257 -0.00824146
v 0.0411838 0.0121979 -0.00960608
v 0.0412429 0.00809761 -0.0123418
v 0.0412583 0.00946439 -0.0109707
v 0.0412583 0.0108312 -0.00960608
v 0.0411104 0.0162925 -0.00141189
v 0.041095 0.0162925 -0.00277651
v 0.0411163 0.0162925 -4.08015e-05
v 0.0409708 0.0176593 0.00131735
v 0.0411128 0.0162925 0.00131735
v 0.0410666 0.0162925 -0.00414113
v 0.040953 0.0176593 0.00268197
v 0.0409211 0.0176593 0.00404659
v 0.0407258 0.0162925 0.0108826
v 0.0408311 0.0162925 0.00951154
v 0.0409163 0.0162925 0.00814692
v 0.040985 0.0162925 0.0067823
v 0.0410347 0.0162925 0.00541768
v 0.0411033 0.0149257 -0.00687684
v 0.0411495 0.0149257 -0.00550575
v 0.0398005 0.00946439 0.0218125
v 0.0399105 -0.00556438 0.0230737
v 0.0399153 -0.00419186 0.0233
v 0.0399318 -0.00282509 0.0233712
v 0.0399496 -0.00146406 0.0234358
v 0.0399543 -9.72828e-05 0.0234552
v 0.0399437 0.00126949 0.0234164
v 0.0399295 0.00263626 0.0233582
v 0.0399295 0.00409492 0.0230995
v 0.0398194 0.00536407 0.0231771
v 0.0399863 0.00673084 0.0221941
v 0.0399531 0.00821821 0.0217931
v 0.0401046 0.0108312 0.0199305
v 0.0402963 0.0108312 0.0190768
v 0.0403827 0.0121979 0.0177122
v 0.0401377 0.0120601 0.0190121
v 0.0400182 0.00946439 0.0209459
v 0.0401851 0.00946439 0.0202604
v 0.0405519 0.0108312 0.0177122
v 0.0406075 0.0121979 0.0163476
v 0.0406383 0.0135647 0.0149765
v 0.0407885 0.0135647 0.0136119
v 0.0407732 0.0149257 0.0122472
v 0.0412903 0.00673084 -0.0123418
v 0.0414062 0.00549615 -0.0109772
v 0.0413317 0.00536407 -0.0123418
v 0.0415612 0.00536407 -0.00824146
v 0.0416251 0.00536407 -0.00687684
v 0.041476 0.00549615 -0.00974189
v 0.0416654 0.00536407 -0.00550575
v 0.0416843 0.00400304 -0.00550575
v 0.041695 0.00263626 -0.00550575
v 0.041721 0.00126949 -0.00414113
v 0.0417446 -9.72828e-05 -0.00277651
v 0.0414003 -0.0110315 0.00819866
v 0.041334 -0.0110257 0.00951154
v 0.04125 -0.0110257 0.0108826
v 0.0411542 -0.0110257 0.0122472
v 0.041056 -0.0110257 0.0136119
v 0.040966 -0.0123925 0.0136119
v 0.0388385 -0.0243891 0.0122472
v 0.0388444 -0.0251586 0.0107145
v 0.0417624 -9.72828e-05 -0.00141189
v 0.0417446 -0.00282509 -0.00141189
v 0.041773 -9.72828e-05 -4.08015e-05
v 0.0417683 -0.00146406 -4.08015e-05
v 0.0417506 -0.00282509 -4.08015e-05
v 0.0417293 -0.00419186 0.00131735
v 0.0417044 -0.00555863 0.00268197
v 0.0416938 -0.00555863 0.00404659
v 0.0416808 -0.00555863 0.00541768
v 0.0416583 -0.00692541 0.00541768
v 0.0416133 -0.00829218 0.00541768
v 0.0415506 -0.00965895 0.00541768
v 0.0414867 -0.0110257 0.00541768
v 0.0414524 -0.0110315 0.00671116
v 0.0414405 -0.0105835 0.00777828
v 0.041424 -0.010216 0.00868372
v 0.0406146 -0.00829218 0.0190768
v 0.0403614 -0.00829218 0.0204414
v 0.0409365 -0.0110257 0.0149765
v 0.0408098 -0.0123925 0.0149765
v 0.0408891 -0.00965895 0.0163476
v 0.0408146 -0.00829218 0.0177122
v 0.0382551 -0.0251586 0.0136248
v 0.0385782 -0.0250725 0.0122472
v 0.0386906 -0.0251586 0.0115358
v 0.0401389 -0.00829218 0.021431
v 0.0401934 -0.00692541 0.0216379
v 0.0400182 -0.00692541 0.022317
v 0.040049 -0.00601805 0.0224399
v 0.0411554 0.0135647 -0.00824146
v 0.0412406 0.0121979 -0.00824146
v 0.0413151 0.00809761 -0.0109707
v 0.0414287 0.00603597 -0.0102852
v 0.0413222 0.00946439 -0.00960608
v 0.0414346 0.00754631 -0.00904341
v 0.0413127 0.0108312 -0.00824146
v 0.0414346 0.00889011 -0.00769173
v 0.0414145 0.00845941 -0.00859716
v 0.0412216 0.0149257 -0.00141189
v 0.0412086 0.0149257 -0.00277651
v 0.0411838 0.0149257 -0.00414113
v 0.0412264 0.0149257 -4.08015e-05
v 0.0410998 0.0162925 0.00268197
v 0.0412228 0.0149257 0.00131735
v 0.0412122 0.0149257 0.00268197
v 0.0410737 0.0162925 0.00404659
v 0.0408915 0.0149257 0.0108826
v 0.0409838 0.0149257 0.00951154
v 0.0410572 0.0149257 0.00814692
v 0.0411151 0.0149257 0.0067823
v 0.0411577 0.0149257 0.00541768
v 0.0412062 0.0135647 -0.00687684
v 0.0412453 0.0135647 -0.00550575
v 0.0400774 -0.0051107 0.0225498
v 0.0400951 -0.00419186 0.0226145
v 0.0401141 -0.00282509 0.0226856
v 0.0401318 -0.00146406 0.0227503
v 0.0401377 -9.72828e-05 0.0227697
v 0.0401271 0.00126949 0.0227374
v 0.0401105 0.00263626 0.0226727
v 0.040088 0.00370441 0.0225886
v 0.0400324 0.00536407 0.0223752
v 0.0402099 0.00536407 0.0216961
v 0.0401626 0.00673084 0.021515
v 0.0401117 0.00783919 0.021321
v 0.0400596 0.00875229 0.021114
v 0.0404442 0.00946439 0.0190768
v 0.040249 0.00821821 0.0205708
v 0.0406773 0.00946439 0.0177122
v 0.0407424 0.0108312 0.0163476
v 0.0407803 0.0121979 0.0149765
v 0.0409223 0.0121979 0.0136119
v 0.0409187 0.0135647 0.0122472
v 0.041508 0.00673084 -0.00824146
v 0.0415719 0.00673084 -0.00687684
v 0.041624 0.00673084 -0.00550575
v 0.0416583 0.00673084 -0.00414113
v 0.0416831 0.00536407 -0.00414113
v 0.0416985 0.00400304 -0.00414113
v 0.0417115 0.00263626 -0.00414113
v 0.0417375 0.00126949 -0.00277651
v 0.0414062 -0.00972212 0.00957622
v 0.0413329 -0.00965895 0.0108826
v 0.0412358 -0.00965895 0.0122472
v 0.0411329 -0.00965895 0.0136119
v 0.0410228 -0.00965895 0.0149765
v 0.0417529 0.00126949 -0.00141189
v 0.04176 0.00126949 -4.08015e-05
v 0.0417553 0.00126949 0.00131735
v 0.0417659 -9.72828e-05 0.00131735
v 0.0417624 -0.00146406 0.00131735
v 0.041747 -0.00282509 0.00131735
v 0.041721 -0.00419186 0.00268197
v 0.0416926 -0.00419186 0.00541768
v 0.041676 -0.00419186 0.0067823
v 0.0416571 -0.00555863 0.0067823
v 0.0416204 -0.00692541 0.0067823
v 0.0415683 -0.00829218 0.0067823
v 0.0414618 -0.00972212 0.00819866
v 0.0414429 -0.00930865 0.00915584
v 0.0406998 -0.00692541 0.0190768
v 0.040462 -0.00692541 0.0204414
v 0.0409708 -0.00829218 0.0163476
v 0.0408832 -0.00692541 0.0177122
v 0.0402135 -0.00556438 0.021916
v 0.0412867 0.0121979 -0.00687684
v 0.0414275 0.0101248 -0.00614602
v 0.0414512 0.00918874 -0.00687684
v 0.0415056 0.00809761 -0.00687684
v 0.0413092 0.0135647 -0.00141189
v 0.0414311 0.011549 -0.00223971
v 0.0414902 0.0108312 -4.08015e-05
v 0.041295 0.0135647 -0.00277651
v 0.0412737 0.0135647 -0.00414113
v 0.0413116 0.0135647 0.00131735
v 0.0411897 0.0149257 0.00404659
v 0.0414323 0.0115662 0.00222279
v 0.0412796 0.0135647 0.00404659
v 0.0410228 0.0135647 0.0108826
v 0.0411033 0.0135647 0.00951154
v 0.0411684 0.0135647 0.00814692
v 0.0412157 0.0135647 0.0067823
v 0.0412512 0.0135647 0.00541768
v 0.0413577 0.0121979 -0.00414113
v 0.0414145 0.0112619 -0.00414113
v 0.0414559 0.0105785 -0.00414113
v 0.0415222 0.00946439 -0.00414113
v 0.0413258 0.0121979 -0.00550575
v 0.0403046 -0.00419186 0.0218125
v 0.0403413 -0.00282509 0.0218125
v 0.0403708 -0.00146406 0.0218125
v 0.0403791 -9.72828e-05 0.0218125
v 0.0403626 0.00126949 0.0218125
v 0.040333 0.00263626 0.0218125
v 0.0402312 0.00409492 0.0219354
v 0.0404111 0.00673084 0.0204414
v 0.0405661 0.00809761 0.0190768
v 0.0407732 0.00809761 0.0177122
v 0.0408548 0.00946439 0.0163476
v 0.0406643 0.00673084 0.0190768
v 0.0409021 0.0108312 0.0149765
v 0.0410299 0.0108312 0.0136119
v 0.0410359 0.0121979 0.0122472
v 0.0415577 0.00809761 -0.00550575
v 0.0416027 0.00809761 -0.00414113
v 0.0416299 0.00809761 -0.00277651
v 0.041676 0.00673084 -0.00277651
v 0.0416938 0.00536407 -0.00277651
v 0.0417103 0.00400304 -0.00277651
v 0.041424 -0.00882051 0.0100677
v 0.0413991 -0.00833812 0.0108762
v 0.0413092 -0.00829218 0.0122472
v 0.0412003 -0.00829218 0.0136119
v 0.0410891 -0.00829218 0.0149765
v 0.0417375 0.00263626 -0.00141189
v 0.0417423 0.00263626 -4.08015e-05
v 0.0417387 0.00263626 0.00131735
v 0.0417293 0.00263626 0.00268197
v 0.0417411 0.00126949 0.00268197
v 0.0417245 0.00126949 0.00404659
v 0.0417068 0.00126949 0.00541768
v 0.0417482 -9.72828e-05 0.00268197
v 0.0417458 -0.00146406 0.00268197
v 0.0417032 -0.00282509 0.00541768
v 0.0417198 -0.00282509 0.00404659
v 0.0416843 -0.00282509 0.0067823
v 0.0416654 -0.00146406 0.00814692
v 0.0416559 -0.00282509 0.00814692
v 0.0416405 -0.00419186 0.00814692
v 0.0416098 -0.00555863 0.00814692
v 0.0415672 -0.00692541 0.00814692
v 0.0415186 -0.00829218 0.00814692
v 0.0414607 -0.00833812 0.00957622
v 0.0407613 -0.00555863 0.0190768
v 0.0405377 -0.00555863 0.0204414
v 0.0410264 -0.00692541 0.0163476
v 0.0409365 -0.00555863 0.0177122
v 0.0414843 0.0108312 -0.00141189
v 0.0415707 0.00946439 -0.00141189
v 0.0415518 0.00946439 -0.00277651
v 0.041463 0.0109173 -0.00272477
v 0.0415778 0.00946439 -4.08015e-05
v 0.041424 0.0114284 -0.00315162
v 0.0415743 0.00946439 0.00131735
v 0.0414654 0.0109345 0.00268197
v 0.0415577 0.00946439 0.00268197
v 0.0413636 0.0121979 0.00404659
v 0.0411282 0.0121979 0.0108826
v 0.0411968 0.0121979 0.00951154
v 0.0412512 0.0121979 0.00814692
v 0.041295 0.0121979 0.0067823
v 0.0414311 0.0101822 0.00615496
v 0.0414417 0.0103603 0.00541768
v 0.0414015 0.0110436 0.00541768
v 0.0413329 0.0121979 0.00541768
v 0.0415293 0.00946439 0.00404659
v 0.0405933 -0.00419186 0.0204414
v 0.0406276 -0.00282509 0.0204414
v 0.0406477 -0.00146406 0.0204414
v 0.0406537 -9.72828e-05 0.0204414
v 0.0406406 0.00126949 0.0204414
v 0.0406146 0.00263626 0.0204414
v 0.0405614 0.00400304 0.0204414
v 0.0404904 0.00536407 0.0204414
v 0.0408548 0.00673084 0.0177122
v 0.04094 0.00809761 0.0163476
v 0.0409992 0.00946439 0.0149765
v 0.0407306 0.00536407 0.0190768
v 0.041114 0.00946439 0.0136119
v 0.0411317 0.0108312 0.0122472
v 0.0416429 0.00809761 -0.00141189
v 0.0416819 0.00673084 -0.00141189
v 0.0417198 0.00400304 -0.00141189
v 0.0414394 -0.00791316 0.0104234
v 0.0414181 -0.00722403 0.0113353
v 0.0412607 -0.00692541 0.0136119
v 0.041379 -0.00683352 0.0121308
v 0.0411447 -0.00692541 0.0149765
v 0.0416843 0.00673084 -4.08015e-05
v 0.041702 0.00536407 0.00131735
v 0.041721 0.00400304 0.00131735
v 0.0416961 0.00536407 0.00268197
v 0.0417127 0.00400304 0.00268197
v 0.0416855 0.00536407 0.00404659
v 0.0417009 0.00400304 0.00404659
v 0.0416878 0.00400304 0.00541768
v 0.0417151 0.00263626 0.00404659
v 0.0416985 0.00263626 0.00541768
v 0.0416808 0.00263626 0.0067823
v 0.0416878 0.00126949 0.0067823
v 0.0417103 -9.72828e-05 0.00541768
v 0.0417091 -0.00146406 0.00541768
v 0.041689 -0.00146406 0.0067823
v 0.0416665 -9.72828e-05 0.00814692
v 0.0416098 -0.00146406 0.00951154
v 0.0416015 -0.00282509 0.00951154
v 0.041579 -0.00419186 0.00951154
v 0.041547 -0.00555863 0.00951154
v 0.0414311 -0.00631668 0.011594
v 0.04145 -0.00683352 0.0108762
v 0.0415092 -0.00692541 0.00951154
v 0.0408063 -0.00419186 0.0190768
v 0.0413127 -0.00555863 0.0136119
v 0.0411921 -0.00555863 0.0149765
v 0.0410702 -0.00555863 0.0163476
v 0.0409743 -0.00419186 0.0177122
v 0.0416453 0.00809761 0.00131735
v 0.0416476 0.00809761 -4.08015e-05
v 0.0416346 0.00809761 0.00268197
v 0.0416098 0.00809761 0.00404659
v 0.0412086 0.0108312 0.0108826
v 0.0412701 0.0108312 0.00951154
v 0.0413246 0.0108312 0.00814692
v 0.0414524 0.00943567 0.00667883
v 0.0415683 0.00809761 0.00541768
v 0.0408371 -0.00282509 0.0190768
v 0.0408548 -0.00146406 0.0190768
v 0.0408572 -9.72828e-05 0.0190768
v 0.0408453 0.00126949 0.0190768
v 0.0408217 0.00263626 0.0190768
v 0.0407826 0.00400304 0.0190768
v 0.0409187 0.00536407 0.0177122
v 0.0410098 0.00673084 0.0163476
v 0.0410749 0.00809761 0.0149765
v 0.0411802 0.00809761 0.0136119
v 0.0412039 0.00946439 0.0122472
v 0.0414003 -0.00555863 0.0124413
v 0.0416819 0.00673084 0.00131735
v 0.0416772 0.00673084 0.00268197
v 0.0416713 0.00536407 0.00541768
v 0.0416665 0.00400304 0.0067823
v 0.0416595 0.00126949 0.00814692
v 0.0416902 -9.72828e-05 0.0067823
v 0.0416074 -9.72828e-05 0.00951154
v 0.041424 -0.00282509 0.0128423
v 0.0414618 -0.00282509 0.0121567
v 0.0415317 -0.00282509 0.0108826
v 0.0415104 -0.00419186 0.0108826
v 0.0414394 -0.00555863 0.0117622
v 0.0413482 -0.00419186 0.0136119
v 0.0412287 -0.00419186 0.0149765
v 0.0414169 -0.00419186 0.0127
v 0.0411033 -0.00419186 0.0163476
v 0.0410004 -0.00282509 0.0177122
v 0.041663 0.00673084 0.00404659
v 0.0416334 0.00673084 0.00541768
v 0.0412725 0.00946439 0.0108826
v 0.0413352 0.00946439 0.00951154
v 0.0414192 0.00855703 0.00859964
v 0.0415849 0.00673084 0.0067823
v 0.0414382 0.00895903 0.00768774
v 0.0415175 0.00809761 0.0067823
v 0.0410205 -0.00146406 0.0177122
v 0.0410264 -9.72828e-05 0.0177122
v 0.0410157 0.00126949 0.0177122
v 0.0409956 0.00263626 0.0177122
v 0.0409649 0.00400304 0.0177122
v 0.0410654 0.00536407 0.0163476
v 0.0411341 0.00673084 0.0149765
v 0.0412299 0.00673084 0.0136119
v 0.0412595 0.00809761 0.0122472
v 0.0413305 0.00809761 0.0108826
v 0.041637 0.00536407 0.0067823
v 0.0416192 0.00400304 0.00814692
v 0.0416453 0.00263626 0.00814692
v 0.0415979 0.00126949 0.00951154
v 0.0414181 -0.00146406 0.0127517
v 0.0413624 -0.00146406 0.0136119
v 0.0413695 -0.00282509 0.0136119
v 0.0414524 -0.00419186 0.0120144
v 0.041256 -0.00282509 0.0149765
v 0.0411293 -0.00282509 0.0163476
v 0.0411518 -0.00146406 0.0163476
v 0.0414394 0.00764394 0.00904589
v 0.041521 0.00673084 0.00814692
v 0.0415766 0.00536407 0.00814692
v 0.0411577 -9.72828e-05 0.0163476
v 0.0411483 0.00126949 0.0163476
v 0.0411317 0.00263626 0.0163476
v 0.0411057 0.00400304 0.0163476
v 0.0411802 0.00536407 0.0149765
v 0.0412678 0.00536407 0.0136119
v 0.0413482 0.00536407 0.0122472
v 0.0415459 0.00400304 0.00951154
v 0.0414476 0.00536407 0.010514
v 0.0413068 0.00673084 0.0122472
v 0.0413885 0.00667341 0.0107986
v 0.0415778 0.00263626 0.00951154
v 0.0414938 0.00263626 0.0108826
v 0.0414405 0.00263626 0.0117428
v 0.0413234 0.00263626 0.0136119
v 0.0415115 0.00126949 0.0108826
v 0.041405 0.00126949 0.0125577
v 0.0413376 0.00126949 0.0136119
v 0.04125 0.00126949 0.0149765
v 0.0414488 0.00126949 0.0118721
v 0.0412583 -9.72828e-05 0.0149765
v 0.0412654 -0.00146406 0.0149765
v 0.0415033 0.00536407 0.00951154
v 0.0414334 0.00617954 0.0102876
v 0.041237 0.00263626 0.0149765
v 0.0412145 0.00400304 0.0149765
v 0.0412997 0.00400304 0.0136119
v 0.0413897 0.0039571 0.0121438
v 0.0414618 0.0039571 0.0109408
v 0.0414323 0.00346896 0.0116199
f 2157 2158 2159
f 2157 2159 2160
f 2157 2160 2161
f 2157 2161 2162
f 2157 2162 2172
f 2157 2172 2186
f 2157 2186 2202
f 2157 2202 2225
f 2157 2225 2264
f 2157 2264 2312
f 2157 2312 2374
f 2157 2374 2449
f 2157 2449 2533
f 2157 2533 2626
f 2157 2626 2741
f 2157 2741 2740
f 2157 2740 2739
f 2157 2739 2858
f 2157 2858 3007
f 2157 3007 3143
f 2157 3143 3287
f 2157 3287 3292
f 2157 3292 3291
f 2157 3291 3426
f 2157 3426 3572
f 2157 3572 3722
f 2157 3722 3787
f 2157 3787 3638
f 2157 3638 3493
f 2157 3493 3356
f 2157 3356 3221
f 2157 3221 3220
f 2157 3220 3219
f 2157 3219 3218
f 2157 3218 3082
f 2157 3082 2940
f 2157 2940 2803
f 2157 2803 2685
f 2157 2685 2584
f 2157 2584 2493
f 2157 2493 2422
f 2157 2422 2342
f 2157 2342 2293
f 2157 2293 2292
f 2157 2292 2290
f 2157 2290 2245
f 2157 2245 2214
f 2157 2214 2189
f 2157 2189 2174
f 2157 2174 2163
f 2157 2163 2175
f 2157 2175 2190
f 2157 2190 2217
f 2157 2217 2251
f 2157 2251 2298
f 2157 2298 2352
f 2157 2352 2433
f 2157 2433 2507
f 2157 2507 2602
f 2157 2602 2601
f 2157 2601 2703
f 2157 2703 2705
f 2157 2705 2821
f 2157 2821 2959
f 2157 2959 3100
f 2157 3100 3104
f 2157 3104 3242
f 2157 3242 3241
f 2157 3241 3240
f 2157 3240 3376
f 2157 3376 3519
f 2157 3519 3667
f 2157 3667 3821
f 2157 3821 3820
f 2157 3820 3967
f 2157 3967 3966
f 2157 3966 3965
f 2157 3965 4087
f 2157 4087 4203
f 2157 4203 4309
f 2157 4309 4409
f 2157 4409 4434
f 2157 4434 4432
f 2157 4432 4341
f 2157 4341 4234
f 2157 4234 4117
f 2157 4117 4116
f 2157 4116 3996
f 2157 3996 3848
f 2157 3848 3847
f 2157 3847 3989
f 2157 3989 3988
f 2157 3988 3838
f 2157 3838 3680
f 2157 3680 3531
f 2157 3531 3391
f 2157 3391 3252
f 2157 3252 3113
f 2157 3113 2970
f 2157 2970 2831
f 2157 2831 2716
f 2157 2716 2715
f 2157 2715 2603
f 2157 2603 2509
f 2157 2509 2435
f 2157 2435 2434
f 2157 2434 2354
f 2157 2354 2353
f 2157 2353 2301
f 2157 2301 2300
f 2157 2300 2299
f 2157 2299 2254
f 2157 2254 2253
f 2157 2253 2252
f 2157 2252 2218
f 2157 2218 2191
f 2157 2191 2176
f 2157 2176 2164
f 2157 2164 2165
f 2157 2165 2166
f 2157 2166 2167
f 2157 2167 2168
f 2157 2168 2158
f 2158 2168 2159
f 2159 2169 2160
f 2159 2168 2170
f 2159 2170 2183
f 2159 2183 2169
f 2160 2169 2171
f 2160 2171 2161
f 2161 2171 2162
f 2162 2171 2173
f 2162 2173 2172
f 2163 2174 2175
f 2164 2176 2177
f 2164 2177 2165
f 2165 2177 2178
f 2165 2178 2179
f 2165 2179 2166
f 2166 2179 2180
f 2166 2180 2181
f 2166 2181 2167
f 2167 2181 2182
f 2167 2182 2170
f 2167 2170 2168
f 2169 2183 2171
f 2170 2184 2183
f 2170 2182 2184
f 2171 2183 2185
f 2171 2185 2173
f 2172 2173 2187
f 2172 2187 2186
f 2173 2185 2188
f 2173 2188 2187
f 2174 2189 2175
f 2175 2189 2190
f 2176 2191 2177
f 2177 2191 2192
f 2177 2192 2178
f 2178 2192 2193
f 2178 2193 2194
f 2178 2194 2179
f 2179 2194 2180
f 2180 2194 2195
f 2180 2195 2181
f 2181 2195 2182
f 2182 2195 2184
f 2183 2184 2196
f 2183 2196 2213
f 2183 2213 2197
f 2183 2197 2185
f 2184 2195 2198
f 2184 2198 2194
f 2184 2194 2193
f 2184 2193 2219
f 2184 2219 2255
f 2184 2255 2304
f 2184 2304 2358
f 2184 2358 2438
f 2184 2438 2515
f 2184 2515 2547
f 2184 2547 2463
f 2184 2463 2396
f 2184 2396 2322
f 2184 2322 2274
f 2184 2274 2273
f 2184 2273 2235
f 2184 2235 2234
f 2184 2234 2233
f 2184 2233 2232
f 2184 2232 2231
f 2184 2231 2227
f 2184 2227 2226
f 2184 2226 2207
f 2184 2207 2213
f 2184 2213 2196
f 2185 2197 2188
f 2186 2199 2200
f 2186 2200 2201
f 2186 2201 2202
f 2186 2187 2188
f 2186 2188 2203
f 2186 2203 2204
f 2186 2204 2205
f 2186 2205 2206
f 2186 2206 2207
f 2186 2207 2208
f 2186 2208 2209
f 2186 2209 2210
f 2186 2210 2211
f 2186 2211 2212
f 2186 2212 2199
f 2188 2197 2213
f 2188 2213 2203
f 2189 2214 2215
f 2189 2215 2190
f 2190 2215 2216
f 2190 2216 2217
f 2191 2218 2192
f 2192 2218 2219
f 2192 2219 2193
f 2194 2198 2195
f 2199 2220 2200
f 2199 2212 2220
f 2200 2220 2221
f 2200 2221 2222
f 2200 2222 2223
f 2200 2223 2201
f 2201 2223 2224
f 2201 2224 2202
f 2202 2224 2225
f 2203 2213 2204
f 2204 2213 2205
f 2205 2213 2207
f 2205 2207 2206
f 2207 2226 2209
f 2207 2209 2208
f 2209 2226 2227
f 2209 2227 2211
f 2209 2211 2210
f 2211 2228 2229
f 2211 2229 2230
f 2211 2230 2212
f 2211 2227 2231
f 2211 2231 2232
f 2211 2232 2233
f 2211 2233 2234
f 2211 2234 2235
f 2211 2235 2236
f 2211 2236 2237
f 2211 2237 2238
f 2211 2238 2239
f 2211 2239 2240
f 2211 2240 2241
f 2211 2241 2228
f 2212 2230 2242
f 2212 2242 2243
f 2212 2243 2244
f 2212 2244 2220
f 2214 2245 2215
f 2215 2246 2247
f 2215 2247 2248
f 2215 2248 2249
f 2215 2249 2216
f 2215 2245 2246
f 2216 2249 2217
f 2217 2250 2251
f 2217 2249 2250
f 2218 2252 2219
f 2219 2252 2253
f 2219 2253 2254
f 2219 2254 2299
f 2219 2299 2255
f 2220 2244 2221
f 2221 2244 2256
f 2221 2256 2257
f 2221 2257 2222
f 2222 2258 2259
f 2222 2259 2223
f 2222 2257 2258
f 2223 2259 2260
f 2223 2260 2261
f 2223 2261 2224
f 2224 2261 2262
f 2224 2262 2263
f 2224 2263 2264
f 2224 2264 2225
f 2228 2241 2265
f 2228 2265 2266
f 2228 2266 2267
f 2228 2267 2229
f 2229 2267 2268
f 2229 2268 2269
f 2229 2269 2270
f 2229 2270 2230
f 2230 2271 2272
f 2230 2272 2242
f 2230 2270 2271
f 2235 2273 2236
f 2236 2238 2237
f 2236 2273 2274
f 2236 2274 2275
f 2236 2275 2276
f 2236 2276 2277
f 2236 2277 2238
f 2238 2277 2278
f 2238 2278 2239
f 2239 2278 2279
f 2239 2279 2280
f 2239 2280 2281
f 2239 2281 2282
f 2239 2282 2240
f 2240 2282 2241
f 2241 2282 2281
f 2241 2281 2283
f 2241 2283 2284
f 2241 2284 2285
f 2241 2285 2286
f 2241 2286 2287
f 2241 2287 2265
f 2242 2272 2243
f 2243 2272 2288
f 2243 2288 2244
f 2244 2289 2256
f 2244 2288 2289
f 2245 2290 2246
f 2246 2291 2248
f 2246 2248 2247
f 2246 2290 2292
f 2246 2292 2293
f 2246 2293 2291
f 2248 2294 2295
f 2248 2295 2296
f 2248 2296 2250
f 2248 2250 2249
f 2248 2291 2294
f 2250 2296 2297
f 2250 2297 2251
f 2251 2297 2298
f 2255 2299 2300
f 2255 2300 2301
f 2255 2301 2302
f 2255 2302 2303
f 2255 2303 2304
f 2256 2289 2257
f 2257 2289 2305
f 2257 2305 2306
f 2257 2306 2258
f 2258 2306 2365
f 2258 2365 2307
f 2258 2307 2308
f 2258 2308 2259
f 2259 2308 2309
f 2259 2309 2260
f 2260 2309 2261
f 2261 2309 2310
f 2261 2310 2262
f 2262 2310 2311
f 2262 2311 2312
f 2262 2312 2263
f 2263 2312 2264
f 2265 2287 2266
f 2266 2313 2267
f 2266 2287 2314
f 2266 2314 2313
f 2267 2313 2315
f 2267 2315 2268
f 2268 2315 2316
f 2268 2316 2269
f 2269 2317 2270
f 2269 2316 2318
f 2269 2318 2317
f 2270 2317 2319
f 2270 2319 2271
f 2271 2320 2321
f 2271 2321 2272
f 2271 2319 2320
f 2272 2321 2288
f 2274 2322 2275
f 2275 2323 2324
f 2275 2324 2325
f 2275 2325 2329
f 2275 2329 2276
f 2275 2322 2326
f 2275 2326 2327
f 2275 2327 2328
f 2275 2328 2323
f 2276 2329 2277
f 2277 2330 2331
f 2277 2331 2279
f 2277 2279 2278
f 2277 2329 2330
f 2279 2332 2333
f 2279 2333 2281
f 2279 2281 2280
f 2279 2331 2334
f 2279 2334 2332
f 2281 2333 2283
f 2283 2335 2336
f 2283 2336 2337
f 2283 2337 2284
f 2283 2333 2335
f 2284 2338 2285
f 2284 2337 2338
f 2285 2338 2339
f 2285 2339 2314
f 2285 2314 2286
f 2286 2314 2340
f 2286 2340 2287
f 2287 2340 2314
f 2288 2321 2305
f 2288 2305 2289
f 2291 2293 2341
f 2291 2341 2294
f 2293 2342 2343
f 2293 2343 2341
f 2294 2344 2345
f 2294 2345 2346
f 2294 2346 2295
f 2294 2341 2343
f 2294 2343 2344
f 2295 2346 2347
f 2295 2347 2348
f 2295 2348 2296
f 2296 2348 2349
f 2296 2349 2350
f 2296 2350 2351
f 2296 2351 2297
f 2297 2351 2352
f 2297 2352 2298
f 2301 2353 2302
f 2302 2353 2354
f 2302 2354 2355
f 2302 2355 2303
f 2303 2356 2357
f 2303 2357 2358
f 2303 2358 2304
f 2303 2355 2356
f 2305 2359 2360
f 2305 2360 2361
f 2305 2361 2362
f 2305 2362 2363
f 2305 2363 2306
f 2305 2321 2364
f 2305 2364 2359
f 2306 2363 2365
f 2307 2365 2366
f 2307 2366 2308
f 2308 2366 2367
f 2308 2367 2368
f 2308 2368 2369
f 2308 2369 2309
f 2309 2369 2370
f 2309 2370 2310
f 2310 2370 2311
f 2311 2371 2372
f 2311 2372 2373
f 2311 2373 2374
f 2311 2374 2312
f 2311 2370 2375
f 2311 2375 2371
f 2313 2376 2315
f 2313 2314 2377
f 2313 2377 2378
f 2313 2378 2376
f 2314 2339 2377
f 2315 2379 2380
f 2315 2380 2316
f 2315 2376 2379
f 2316 2380 2318
f 2317 2318 2381
f 2317 2381 2382
f 2317 2382 2383
f 2317 2383 2319
f 2318 2380 2384
f 2318 2384 2381
f 2319 2383 2382
f 2319 2382 2385
f 2319 2385 2386
f 2319 2386 2387
f 2319 2387 2388
f 2319 2388 2389
f 2319 2389 2320
f 2320 2389 2390
f 2320 2390 2391
f 2320 2391 2321
f 2321 2392 2393
f 2321 2393 2394
f 2321 2394 2395
f 2321 2395 2364
f 2321 2391 2392
f 2322 2396 2326
f 2323 2397 2398
f 2323 2398 2399
f 2323 2399 2400
f 2323 2400 2325
f 2323 2325 2324
f 2323 2328 2397
f 2325 2400 2329
f 2326 2396 2401
f 2326 2401 2402
f 2326 2402 2403
f 2326 2403 2404
f 2326 2404 2405
f 2326 2405 2406
f 2326 2406 2327
f 2327 2406 2328
f 2328 2406 2397
f 2329 2400 2330
f 2330 2334 2331
f 2330 2400 2334
f 2332 2407 2408
f 2332 2408 2409
f 2332 2409 2410
f 2332 2410 2333
f 2332 2334 2411
f 2332 2411 2407
f 2333 2412 2335
f 2333 2410 2413
f 2333 2413 2412
f 2334 2400 2414
f 2334 2414 2415
f 2334 2415 2411
f 2335 2416 2336
f 2335 2412 2417
f 2335 2417 2416
f 2336 2416 2418
f 2336 2418 2338
f 2336 2338 2337
f 2338 2419 2420
f 2338 2420 2339
f 2338 2418 2421
f 2338 2421 2419
f 2339 2420 2378
f 2339 2378 2377
f 2342 2422 2423
f 2342 2423 2344
f 2342 2344 2343
f 2344 2423 2345
f 2345 2423 2424
f 2345 2424 2425
f 2345 2425 2346
f 2346 2425 2426
f 2346 2426 2427
f 2346 2427 2349
f 2346 2349 2347
f 2347 2349 2348
f 2349 2427 2350
f 2350 2428 2429
f 2350 2429 2430
f 2350 2430 2351
f 2350 2427 2428
f 2351 2430 2431
f 2351 2431 2432
f 2351 2432 2433
f 2351 2433 2352
f 2354 2434 2355
f 2355 2434 2435
f 2355 2435 2356
f 2356 2435 2436
f 2356 2436 2357
f 2357 2436 2437
f 2357 2437 2438
f 2357 2438 2358
f 2359 2439 2361
f 2359 2361 2360
f 2359 2364 2394
f 2359 2394 2439
f 2361 2439 2362
f 2362 2365 2363
f 2362 2439 2365
f 2364 2395 2394
f 2365 2439 2440
f 2365 2440 2441
f 2365 2441 2366
f 2366 2441 2442
f 2366 2442 2367
f 2367 2442 2443
f 2367 2443 2368
f 2368 2444 2369
f 2368 2443 2444
f 2369 2444 2370
f 2370 2445 2375
f 2370 2444 2445
f 2371 2446 2447
f 2371 2447 2372
f 2371 2375 2445
f 2371 2445 2446
f 2372 2448 2374
f 2372 2374 2373
f 2372 2447 2446
f 2372 2446 2448
f 2374 2448 2449
f 2376 2450 2452
f 2376 2452 2379
f 2376 2378 2451
f 2376 2451 2450
f 2378 2420 2491
f 2378 2491 2451
f 2379 2452 2384
f 2379 2384 2380
f 2381 2453 2454
f 2381 2454 2382
f 2381 2384 2453
f 2382 2454 2385
f 2384 2455 2456
f 2384 2456 2453
f 2384 2452 2457
f 2384 2457 2455
f 2385 2454 2386
f 2386 2454 2387
f 2387 2458 2389
f 2387 2389 2388
f 2387 2454 2458
f 2389 2458 2390
f 2390 2459 2460
f 2390 2460 2391
f 2390 2458 2459
f 2391 2460 2392
f 2392 2460 2461
f 2392 2461 2393
f 2393 2462 2439
f 2393 2439 2394
f 2393 2461 2462
f 2396 2463 2401
f 2397 2406 2464
f 2397 2464 2465
f 2397 2465 2466
f 2397 2466 2398
f 2398 2467 2399
f 2398 2466 2467
f 2399 2467 2468
f 2399 2468 2414
f 2399 2414 2400
f 2401 2463 2469
f 2401 2469 2470
f 2401 2470 2471
f 2401 2471 2403
f 2401 2403 2402
f 2403 2472 2473
f 2403 2473 2404
f 2403 2471 2474
f 2403 2474 2472
f 2404 2473 2475
f 2404 2475 2405
f 2405 2475 2464
f 2405 2464 2406
f 2407 2411 2408
f 2408 2476 2477
f 2408 2477 2478
f 2408 2478 2409
f 2408 2411 2479
f 2408 2479 2480
f 2408 2480 2476
f 2409 2478 2413
f 2409 2413 2410
f 2411 2415 2479
f 2412 2413 2481
f 2412 2481 2417
f 2413 2478 2482
f 2413 2482 2481
f 2414 2468 2483
f 2414 2483 2415
f 2415 2484 2479
f 2415 2483 2485
f 2415 2485 2486
f 2415 2486 2484
f 2416 2417 2487
f 2416 2487 2488
f 2416 2488 2489
f 2416 2489 2418
f 2417 2481 2487
f 2418 2489 2421
f 2419 2490 2491
f 2419 2491 2420
f 2419 2421 2492
f 2419 2492 2490
f 2421 2489 2488
f 2421 2488 2492
f 2422 2493 2494
f 2422 2494 2495
f 2422 2495 2424
f 2422 2424 2423
f 2424 2495 2496
f 2424 2496 2497
f 2424 2497 2498
f 2424 2498 2425
f 2425 2498 2426
f 2426 2498 2499
f 2426 2499 2500
f 2426 2500 2427
f 2427 2500 2428
f 2428 2500 2429
f 2429 2500 2501
f 2429 2501 2502
f 2429 2502 2503
f 2429 2503 2431
f 2429 2431 2430
f 2431 2503 2504
f 2431 2504 2505
f 2431 2505 2506
f 2431 2506 2507
f 2431 2507 2508
f 2431 2508 2432
f 2432 2508 2507
f 2432 2507 2433
f 2435 2509 2510
f 2435 2510 2436
f 2436 2510 2511
f 2436 2511 2512
f 2436 2512 2437
f 2437 2512 2513
f 2437 2513 2514
f 2437 2514 2438
f 2438 2514 2515
f 2439 2516 2517
f 2439 2517 2518
f 2439 2518 2519
f 2439 2519 2440
f 2439 2462 2520
f 2439 2520 2516
f 2440 2519 2521
f 2440 2521 2441
f 2441 2521 2442
f 2442 2522 2443
f 2442 2521 2523
f 2442 2523 2524
f 2442 2524 2522
f 2443 2525 2444
f 2443 2522 2525
f 2444 2526 2445
f 2444 2525 2527
f 2444 2527 2526
f 2445 2528 2446
f 2445 2526 2528
f 2446 2529 2530
f 2446 2530 2531
f 2446 2531 2448
f 2446 2528 2529
f 2448 2531 2532
f 2448 2532 2533
f 2448 2533 2449
f 2450 2534 2457
f 2450 2457 2452
f 2450 2451 2535
f 2450 2535 2534
f 2451 2491 2535
f 2453 2456 2536
f 2453 2536 2537
f 2453 2537 2538
f 2453 2538 2454
f 2454 2538 2537
f 2454 2537 2539
f 2454 2539 2540
f 2454 2540 2541
f 2454 2541 2458
f 2455 2457 2536
f 2455 2536 2456
f 2457 2534 2542
f 2457 2542 2543
f 2457 2543 2544
f 2457 2544 2536
f 2458 2541 2459
f 2459 2541 2460
f 2460 2541 2461
f 2461 2541 2462
f 2462 2541 2545
f 2462 2545 2546
f 2462 2546 2520
f 2463 2547 2548
f 2463 2548 2469
f 2464 2475 2549
f 2464 2549 2465
f 2465 2549 2475
f 2465 2475 2550
f 2465 2550 2551
f 2465 2551 2552
f 2465 2552 2466
f 2466 2552 2553
f 2466 2553 2554
f 2466 2554 2467
f 2467 2554 2555
f 2467 2555 2468
f 2468 2555 2483
f 2469 2548 2556
f 2469 2556 2471
f 2469 2471 2470
f 2471 2556 2557
f 2471 2557 2558
f 2471 2558 2474
f 2472 2559 2475
f 2472 2475 2473
f 2472 2474 2558
f 2472 2558 2560
f 2472 2560 2559
f 2475 2559 2550
f 2476 2561 2562
f 2476 2562 2477
f 2476 2480 2561
f 2477 2563 2478
f 2477 2562 2564
f 2477 2564 2565
f 2477 2565 2563
f 2478 2563 2566
f 2478 2566 2482
f 2479 2484 2567
f 2479 2567 2568
f 2479 2568 2569
f 2479 2569 2570
f 2479 2570 2571
f 2479 2571 2480
f 2480 2571 2572
f 2480 2572 2573
f 2480 2573 2561
f 2481 2482 2574
f 2481 2574 2487
f 2482 2575 2576
f 2482 2576 2574
f 2482 2566 2575
f 2483 2555 2577
f 2483 2577 2485
f 2484 2486 2577
f 2484 2577 2567
f 2485 2577 2486
f 2487 2574 2576
f 2487 2576 2578
f 2487 2578 2488
f 2488 2578 2492
f 2490 2579 2580
f 2490 2580 2491
f 2490 2492 2579
f 2491 2580 2535
f 2492 2578 2581
f 2492 2581 2582
f 2492 2582 2583
f 2492 2583 2579
f 2493 2584 2585
f 2493 2585 2586
f 2493 2586 2587
f 2493 2587 2494
f 2494 2587 2497
f 2494 2497 2496
f 2494 2496 2495
f 2497 2588 2499
f 2497 2499 2498
f 2497 2587 2588
f 2499 2589 2590
f 2499 2590 2591
f 2499 2591 2592
f 2499 2592 2593
f 2499 2593 2594
f 2499 2594 2502
f 2499 2502 2595
f 2499 2595 2501
f 2499 2501 2500
f 2499 2588 2589
f 2501 2595 2502
f 2502 2594 2596
f 2502 2596 2503
f 2503 2596 2504
f 2504 2597 2598
f 2504 2598 2505
f 2504 2596 2599
f 2504 2599 2600
f 2504 2600 2597
f 2505 2598 2506
f 2506 2598 2601
f 2506 2601 2602
f 2506 2602 2507
f 2509 2603 2510
f 2510 2603 2604
f 2510 2604 2511
f 2511 2513 2512
f 2511 2604 2605
f 2511 2605 2606
f 2511 2606 2607
f 2511 2607 2513
f 2513 2607 2514
f 2514 2607 2608
f 2514 2608 2609
f 2514 2609 2610
f 2514 2610 2515
f 2515 2610 2547
f 2516 2520 2546
f 2516 2546 2517
f 2517 2521 2519
f 2517 2519 2518
f 2517 2546 2611
f 2517 2611 2521
f 2521 2611 2612
f 2521 2612 2523
f 2522 2524 2613
f 2522 2613 2525
f 2523 2612 2614
f 2523 2614 2524
f 2524 2614 2615
f 2524 2615 2616
f 2524 2616 2613
f 2525 2613 2527
f 2526 2617 2528
f 2526 2527 2617
f 2527 2613 2618
f 2527 2618 2619
f 2527 2619 2617
f 2528 2617 2620
f 2528 2620 2529
f 2529 2621 2530
f 2529 2620 2621
f 2530 2622 2623
f 2530 2623 2531
f 2530 2621 2624
f 2530 2624 2622
f 2531 2623 2625
f 2531 2625 2626
f 2531 2626 2532
f 2532 2626 2533
f 2534 2535 2542
f 2535 2627 2628
f 2535 2628 2629
f 2535 2629 2542
f 2535 2580 2630
f 2535 2630 2627
f 2536 2631 2632
f 2536 2632 2633
f 2536 2633 2537
f 2536 2544 2634
f 2536 2634 2631
f 2537 2633 2635
f 2537 2635 2636
f 2537 2636 2540
f 2537 2540 2539
f 2540 2636 2637
f 2540 2637 2541
f 2541 2637 2636
f 2541 2636 2546
f 2541 2546 2545
f 2542 2629 2638
f 2542 2638 2543
f 2543 2639 2544
f 2543 2638 2639
f 2544 2639 2634
f 2546 2640 2641
f 2546 2641 2642
f 2546 2642 2611
f 2546 2636 2635
f 2546 2635 2640
f 2547 2610 2643
f 2547 2643 2548
f 2548 2643 2556
f 2550 2559 2644
f 2550 2644 2645
f 2550 2645 2646
f 2550 2646 2551
f 2551 2647 2552
f 2551 2646 2647
f 2552 2647 2648
f 2552 2648 2649
f 2552 2649 2553
f 2553 2649 2650
f 2553 2650 2651
f 2553 2651 2555
f 2553 2555 2554
f 2555 2652 2577
f 2555 2651 2652
f 2556 2609 2653
f 2556 2653 2557
f 2556 2643 2654
f 2556 2654 2610
f 2556 2610 2609
f 2557 2655 2656
f 2557 2656 2558
f 2557 2653 2657
f 2557 2657 2655
f 2558 2656 2657
f 2558 2657 2658
f 2558 2658 2659
f 2558 2659 2660
f 2558 2660 2560
f 2559 2560 2661
f 2559 2661 2662
f 2559 2662 2663
f 2559 2663 2664
f 2559 2664 2644
f 2560 2660 2665
f 2560 2665 2661
f 2561 2666 2562
f 2561 2573 2666
f 2562 2666 2564
f 2563 2565 2578
f 2563 2578 2566
f 2564 2666 2667
f 2564 2667 2565
f 2565 2667 2668
f 2565 2668 2578
f 2566 2576 2575
f 2566 2578 2576
f 2567 2577 2669
f 2567 2669 2670
f 2567 2670 2671
f 2567 2671 2568
f 2568 2572 2569
f 2568 2671 2572
f 2569 2572 2570
f 2570 2572 2571
f 2572 2672 2673
f 2572 2673 2573
f 2572 2671 2674
f 2572 2674 2675
f 2572 2675 2672
f 2573 2673 2672
f 2573 2672 2666
f 2577 2652 2670
f 2577 2670 2669
f 2578 2676 2677
f 2578 2677 2678
f 2578 2678 2581
f 2578 2668 2667
f 2578 2667 2676
f 2579 2583 2582
f 2579 2582 2679
f 2579 2679 2680
f 2579 2680 2580
f 2580 2680 2681
f 2580 2681 2682
f 2580 2682 2630
f 2581 2678 2683
f 2581 2683 2582
f 2582 2683 2684
f 2582 2684 2679
f 2584 2685 2686
f 2584 2686 2586
f 2584 2586 2585
f 2586 2687 2688
f 2586 2688 2588
f 2586 2588 2587
f 2586 2686 2687
f 2588 2688 2589
f 2589 2689 2690
f 2589 2690 2691
f 2589 2691 2692
f 2589 2692 2590
f 2589 2688 2689
f 2590 2692 2693
f 2590 2693 2694
f 2590 2694 2591
f 2591 2694 2695
f 2591 2695 2696
f 2591 2696 2592
f 2592 2697 2593
f 2592 2696 2698
f 2592 2698 2699
f 2592 2699 2700
f 2592 2700 2697
f 2593 2697 2594
f 2594 2697 2700
f 2594 2700 2701
f 2594 2701 2596
f 2596 2701 2702
f 2596 2702 2700
f 2596 2700 2599
f 2597 2600 2598
f 2598 2703 2601
f 2598 2600 2704
f 2598 2704 2705
f 2598 2705 2703
f 2599 2700 2706
f 2599 2706 2707
f 2599 2707 2708
f 2599 2708 2709
f 2599 2709 2710
f 2599 2710 2711
f 2599 2711 2600
f 2600 2711 2712
f 2600 2712 2713
f 2600 2713 2714
f 2600 2714 2704
f 2603 2715 2604
f 2604 2716 2717
f 2604 2717 2605
f 2604 2715 2716
f 2605 2717 2718
f 2605 2718 2606
f 2606 2718 2719
f 2606 2719 2720
f 2606 2720 2607
f 2607 2720 2608
f 2608 2720 2721
f 2608 2721 2609
f 2609 2721 2722
f 2609 2722 2653
f 2610 2654 2643
f 2611 2642 2723
f 2611 2723 2612
f 2612 2723 2614
f 2613 2616 2618
f 2614 2723 2724
f 2614 2724 2725
f 2614 2725 2615
f 2615 2726 2616
f 2615 2725 2727
f 2615 2727 2726
f 2616 2726 2727
f 2616 2727 2728
f 2616 2728 2729
f 2616 2729 2618
f 2617 2619 2730
f 2617 2730 2620
f 2618 2731 2619
f 2618 2729 2732
f 2618 2732 2731
f 2619 2733 2730
f 2619 2731 2732
f 2619 2732 2734
f 2619 2734 2733
f 2620 2730 2735
f 2620 2735 2621
f 2621 2735 2624
f 2622 2736 2623
f 2622 2624 2737
f 2622 2737 2738
f 2622 2738 2736
f 2623 2736 2739
f 2623 2739 2740
f 2623 2740 2741
f 2623 2741 2626
f 2623 2626 2625
f 2624 2735 2742
f 2624 2742 2743
f 2624 2743 2744
f 2624 2744 2745
f 2624 2745 2737
f 2627 2746 2747
f 2627 2747 2628
f 2627 2630 2748
f 2627 2748 2746
f 2628 2747 2749
f 2628 2749 2629
f 2629 2749 2638
f 2630 2682 2750
f 2630 2750 2748
f 2631 2751 2752
f 2631 2752 2632
f 2631 2634 2751
f 2632 2752 2633
f 2633 2752 2753
f 2633 2753 2635
f 2634 2639 2754
f 2634 2754 2751
f 2635 2753 2755
f 2635 2755 2756
f 2635 2756 2640
f 2638 2749 2874
f 2638 2874 2757
f 2638 2757 2758
f 2638 2758 2759
f 2638 2759 2639
f 2639 2759 2754
f 2640 2756 2641
f 2641 2760 2642
f 2641 2756 2761
f 2641 2761 2762
f 2641 2762 2760
f 2642 2760 2723
f 2644 2664 2645
f 2645 2664 2763
f 2645 2763 2646
f 2646 2763 2764
f 2646 2764 2765
f 2646 2765 2647
f 2647 2765 2766
f 2647 2766 2767
f 2647 2767 2768
f 2647 2768 2648
f 2648 2768 2650
f 2648 2650 2649
f 2650 2769 2770
f 2650 2770 2651
f 2650 2768 2771
f 2650 2771 2769
f 2651 2770 2769
f 2651 2769 2652
f 2652 2772 2671
f 2652 2671 2670
f 2652 2769 2771
f 2652 2771 2772
f 2653 2773 2774
f 2653 2774 2775
f 2653 2775 2776
f 2653 2776 2657
f 2653 2722 2773
f 2655 2657 2777
f 2655 2777 2656
f 2656 2777 2778
f 2656 2778 2657
f 2657 2778 2777
f 2657 2776 2779
f 2657 2779 2658
f 2658 2779 2780
f 2658 2780 2781
f 2658 2781 2659
f 2659 2781 2660
f 2660 2781 2782
f 2660 2782 2665
f 2661 2665 2783
f 2661 2783 2784
f 2661 2784 2785
f 2661 2785 2786
f 2661 2786 2662
f 2662 2786 2663
f 2663 2786 2664
f 2664 2786 2763
f 2665 2782 2783
f 2666 2672 2787
f 2666 2787 2788
f 2666 2788 2789
f 2666 2789 2667
f 2667 2789 2790
f 2667 2790 2791
f 2667 2791 2792
f 2667 2792 2683
f 2667 2683 2676
f 2671 2772 2793
f 2671 2793 2674
f 2672 2675 2794
f 2672 2794 2787
f 2674 2793 2795
f 2674 2795 2796
f 2674 2796 2794
f 2674 2794 2675
f 2676 2683 2677
f 2677 2683 2678
f 2679 2797 2798
f 2679 2798 2680
f 2679 2684 2799
f 2679 2799 2797
f 2680 2798 2800
f 2680 2800 2681
f 2681 2800 2750
f 2681 2750 2682
f 2683 2799 2684
f 2683 2792 2801
f 2683 2801 2802
f 2683 2802 2799
f 2685 2803 2804
f 2685 2804 2686
f 2686 2804 2805
f 2686 2805 2806
f 2686 2806 2687
f 2687 2807 2808
f 2687 2808 2688
f 2687 2806 2809
f 2687 2809 2807
f 2688 2808 2689
f 2689 2810 2690
f 2689 2808 2811
f 2689 2811 2812
f 2689 2812 2810
f 2690 2810 2813
f 2690 2813 2814
f 2690 2814 2691
f 2691 2814 2815
f 2691 2815 2816
f 2691 2816 2817
f 2691 2817 2695
f 2691 2695 2693
f 2691 2693 2692
f 2693 2695 2694
f 2695 2817 2698
f 2695 2698 2696
f 2698 2817 2818
f 2698 2818 2819
f 2698 2819 2699
f 2699 2819 2706
f 2699 2706 2700
f 2700 2702 2701
f 2704 2714 2713
f 2704 2713 2820
f 2704 2820 2705
f 2705 2820 2821
f 2706 2819 2818
f 2706 2818 2822
f 2706 2822 2707
f 2707 2822 2823
f 2707 2823 2824
f 2707 2824 2825
f 2707 2825 2826
f 2707 2826 2708
f 2708 2826 2709
f 2709 2711 2710
f 2709 2826 2827
f 2709 2827 2828
f 2709 2828 2712
f 2709 2712 2711
f 2712 2828 2829
f 2712 2829 2830
f 2712 2830 2820
f 2712 2820 2713
f 2716 2831 2717
f 2717 2831 2832
f 2717 2832 2833
f 2717 2833 2834
f 2717 2834 2718
f 2718 2834 2835
f 2718 2835 2836
f 2718 2836 2837
f 2718 2837 2838
f 2718 2838 2839
f 2718 2839 2719
f 2719 2839 2720
f 2720 2839 2840
f 2720 2840 2721
f 2721 2841 2722
f 2721 2840 2841
f 2722 2841 2842
f 2722 2842 2843
f 2722 2843 2773
f 2723 2760 2724
f 2724 2760 2844
f 2724 2844 2845
f 2724 2845 2725
f 2725 2845 2846
f 2725 2846 2847
f 2725 2847 2848
f 2725 2848 2727
f 2727 2849 2850
f 2727 2850 2728
f 2727 2848 2851
f 2727 2851 2849
f 2728 2850 2852
f 2728 2852 2729
f 2729 2852 2853
f 2729 2853 2732
f 2730 2854 2855
f 2730 2855 2742
f 2730 2742 2735
f 2730 2733 2856
f 2730 2856 2854
f 2732 2853 2734
f 2733 2734 2856
f 2734 2853 2857
f 2734 2857 2856
f 2736 2738 2858
f 2736 2858 2739
f 2737 2858 2738
f 2737 2745 2858
f 2742 2855 2859
f 2742 2859 2860
f 2742 2860 2743
f 2743 2861 2744
f 2743 2860 2862
f 2743 2862 2863
f 2743 2863 2861
f 2744 2861 2864
f 2744 2864 2865
f 2744 2865 2866
f 2744 2866 2858
f 2744 2858 2745
f 2746 2867 2868
f 2746 2868 2869
f 2746 2869 2870
f 2746 2870 2747
f 2746 2748 2871
f 2746 2871 2867
f 2747 2870 2874
f 2747 2874 2749
f 2748 2750 2872
f 2748 2872 2873
f 2748 2873 2871
f 2750 2800 2872
f 2751 2754 2875
f 2751 2875 2876
f 2751 2876 2877
f 2751 2877 2752
f 2752 2878 2879
f 2752 2879 2753
f 2752 2877 2878
f 2753 2880 2881
f 2753 2881 2755
f 2753 2879 2880
f 2754 2882 2876
f 2754 2876 2875
f 2754 2759 2883
f 2754 2883 2884
f 2754 2884 2882
f 2755 2881 2761
f 2755 2761 2756
f 2757 2874 2885
f 2757 2885 2886
f 2757 2886 2887
f 2757 2887 2758
f 2758 2887 2888
f 2758 2888 2759
f 2759 2888 2883
f 2760 2762 2889
f 2760 2889 2844
f 2761 2890 2762
f 2761 2881 2890
f 2762 2890 2891
f 2762 2891 2892
f 2762 2892 2893
f 2762 2893 2889
f 2763 2786 2894
f 2763 2894 2764
f 2764 2894 2895
f 2764 2895 2896
f 2764 2896 2897
f 2764 2897 2765
f 2765 2897 2898
f 2765 2898 2899
f 2765 2899 2900
f 2765 2900 2766
f 2766 2900 2899
f 2766 2899 2767
f 2767 2899 2901
f 2767 2901 2902
f 2767 2902 2903
f 2767 2903 2768
f 2768 2903 2771
f 2771 2903 2904
f 2771 2904 2905
f 2771 2905 2906
f 2771 2906 2907
f 2771 2907 2772
f 2772 2907 2908
f 2772 2908 2795
f 2772 2795 2793
f 2773 2843 2909
f 2773 2909 2910
f 2773 2910 2774
f 2774 2910 2911
f 2774 2911 2912
f 2774 2912 2775
f 2775 2912 2776
f 2776 2912 2779
f 2779 2912 2913
f 2779 2913 2780
f 2780 2913 2914
f 2780 2914 2781
f 2781 2914 2915
f 2781 2915 2782
f 2782 2915 2916
f 2782 2916 2783
f 2783 2916 2917
f 2783 2917 2918
f 2783 2918 2785
f 2783 2785 2784
f 2785 2918 2786
f 2786 2919 2894
f 2786 2918 2920
f 2786 2920 2921
f 2786 2921 2922
f 2786 2922 2919
f 2787 2794 2923
f 2787 2923 2924
f 2787 2924 2925
f 2787 2925 2788
f 2788 2926 2789
f 2788 2925 2926
f 2789 2926 2927
f 2789 2927 2790
f 2790 2927 2791
f 2791 2928 2929
f 2791 2929 2801
f 2791 2801 2792
f 2791 2927 2928
f 2794 2796 2930
f 2794 2930 2923
f 2795 2908 2796
f 2796 2931 2930
f 2796 2908 2932
f 2796 2932 2933
f 2796 2933 2931
f 2797 2799 2934
f 2797 2934 2935
f 2797 2935 2798
f 2798 2936 2800
f 2798 2935 2937
f 2798 2937 2936
f 2799 2802 2938
f 2799 2938 2934
f 2800 2939 2873
f 2800 2873 2872
f 2800 2936 2939
f 2801 2929 2938
f 2801 2938 2802
f 2803 2940 2804
f 2804 2941 2942
f 2804 2942 2805
f 2804 2940 2941
f 2805 2942 2806
f 2806 2942 2943
f 2806 2943 2944
f 2806 2944 2809
f 2807 2945 2808
f 2807 2809 2945
f 2808 2945 2946
f 2808 2946 2811
f 2809 2944 2945
f 2810 2812 2947
f 2810 2947 2813
f 2811 2946 2948
f 2811 2948 2812
f 2812 2949 2950
f 2812 2950 2951
f 2812 2951 2947
f 2812 2948 2949
f 2813 2947 2952
f 2813 2952 2953
f 2813 2953 2815
f 2813 2815 2814
f 2815 2953 2816
f 2816 2953 2951
f 2816 2951 2954
f 2816 2954 2955
f 2816 2955 2956
f 2816 2956 2818
f 2816 2818 2817
f 2818 2956 2957
f 2818 2957 2822
f 2820 2830 2958
f 2820 2958 2959
f 2820 2959 2821
f 2822 2957 2823
f 2823 2960 2961
f 2823 2961 2824
f 2823 2957 2960
f 2824 2961 2962
f 2824 2962 2825
f 2825 2962 2963
f 2825 2963 2826
f 2826 2963 2964
f 2826 2964 2965
f 2826 2965 2827
f 2827 2965 2829
f 2827 2829 2828
f 2829 2966 2830
f 2829 2965 2964
f 2829 2964 2967
f 2829 2967 2968
f 2829 2968 2969
f 2829 2969 2966
f 2830 2966 2958
f 2831 2970 2832
f 2832 2970 2971
f 2832 2971 2833
f 2833 2972 2973
f 2833 2973 2974
f 2833 2974 2975
f 2833 2975 2836
f 2833 2836 2834
f 2833 2971 2972
f 2834 2836 2835
f 2836 2976 2977
f 2836 2977 2978
f 2836 2978 2979
f 2836 2979 2838
f 2836 2838 2837
f 2836 2975 2980
f 2836 2980 2976
f 2838 2979 2981
f 2838 2981 2982
f 2838 2982 2839
f 2839 2978 2983
f 2839 2983 2984
f 2839 2984 2985
f 2839 2985 2841
f 2839 2841 2840
f 2839 2982 2978
f 2841 2985 2986
f 2841 2986 2842
f 2842 2986 2987
f 2842 2987 2988
f 2842 2988 2989
f 2842 2989 2843
f 2843 2989 2990
f 2843 2990 2909
f 2844 2889 2991
f 2844 2991 2992
f 2844 2992 2993
f 2844 2993 2845
f 2845 2993 2846
f 2846 2993 2994
f 2846 2994 2995
f 2846 2995 2848
f 2846 2848 2847
f 2848 2995 2851
f 2849 2851 2996
f 2849 2996 2997
f 2849 2997 2853
f 2849 2853 2850
f 2850 2853 2852
f 2851 2995 2998
f 2851 2998 2999
f 2851 2999 3000
f 2851 3000 2996
f 2853 2997 3001
f 2853 3001 2857
f 2854 3002 3003
f 2854 3003 3004
f 2854 3004 2862
f 2854 2862 2859
f 2854 2859 2855
f 2854 2856 3002
f 2856 3005 3003
f 2856 3003 3002
f 2856 2857 3006
f 2856 3006 3005
f 2857 3001 3006
f 2858 2866 3007
f 2859 2862 2860
f 2861 3008 3009
f 2861 3009 2864
f 2861 2863 3008
f 2862 3010 2863
f 2862 3004 3003
f 2862 3003 3005
f 2862 3005 3011
f 2862 3011 3010
f 2863 3010 3012
f 2863 3012 3008
f 2864 3009 3013
f 2864 3013 2865
f 2865 3013 3014
f 2865 3014 2866
f 2866 3014 3007
f 2867 3015 2868
f 2867 2871 3016
f 2867 3016 3015
f 2868 3017 3018
f 2868 3018 2886
f 2868 2886 2869
f 2868 3015 3017
f 2869 2886 2870
f 2870 2886 2885
f 2870 2885 2874
f 2871 2873 3016
f 2873 3019 3150
f 2873 3150 3016
f 2873 2939 3020
f 2873 3020 3021
f 2873 3021 3022
f 2873 3022 3019
f 2876 2882 2877
f 2877 2882 3023
f 2877 3023 3024
f 2877 3024 3025
f 2877 3025 3026
f 2877 3026 2878
f 2878 3026 2879
f 2879 3026 3025
f 2879 3025 2880
f 2880 3025 3027
f 2880 3027 3028
f 2880 3028 3029
f 2880 3029 3030
f 2880 3030 2881
f 2881 3030 3031
f 2881 3031 2890
f 2882 2884 3023
f 2883 3032 2884
f 2883 2888 3032
f 2884 3032 3033
f 2884 3033 3023
f 2886 3018 3034
f 2886 3034 2888
f 2886 2888 2887
f 2888 3034 3032
f 2889 2893 2991
f 2890 3031 3035
f 2890 3035 2891
f 2891 3035 3030
f 2891 3030 2892
f 2892 3030 3036
f 2892 3036 3037
f 2892 3037 3038
f 2892 3038 2991
f 2892 2991 2893
f 2894 2896 2895
f 2894 2919 3039
f 2894 3039 2896
f 2896 3039 2901
f 2896 2901 2899
f 2896 2899 2898
f 2896 2898 2897
f 2901 3039 3040
f 2901 3040 3041
f 2901 3041 3042
f 2901 3042 3043
f 2901 3043 2902
f 2902 3043 3044
f 2902 3044 2903
f 2903 3044 3045
f 2903 3045 2904
f 2904 3045 2906
f 2904 2906 2905
f 2906 3045 3046
f 2906 3046 2908
f 2906 2908 2907
f 2908 3046 3047
f 2908 3047 2932
f 2909 3048 2910
f 2909 2990 3048
f 2910 3048 3049
f 2910 3049 2911
f 2911 3049 3050
f 2911 3050 2912
f 2912 3050 2913
f 2913 3050 3051
f 2913 3051 2914
f 2914 3051 3052
f 2914 3052 3053
f 2914 3053 2915
f 2915 3053 2916
f 2916 3054 2917
f 2916 3053 3055
f 2916 3055 3056
f 2916 3056 3054
f 2917 3054 2918
f 2918 3054 3057
f 2918 3057 2920
f 2919 2922 3058
f 2919 3058 3039
f 2920 3057 3054
f 2920 3054 2921
f 2921 3058 2922
f 2921 3054 3056
f 2921 3056 3058
f 2923 2930 3059
f 2923 3059 2924
f 2924 3060 2925
f 2924 3059 3060
f 2925 3060 3061
f 2925 3061 3062
f 2925 3062 3063
f 2925 3063 2926
f 2926 3063 2927
f 2927 3063 3064
f 2927 3064 3065
f 2927 3065 2928
f 2928 3065 3066
f 2928 3066 3067
f 2928 3067 3068
f 2928 3068 3069
f 2928 3069 3070
f 2928 3070 2929
f 2929 3070 2938
f 2930 3071 3059
f 2930 2931 3071
f 2931 2933 3072
f 2931 3072 3073
f 2931 3073 3074
f 2931 3074 3071
f 2932 3047 3075
f 2932 3075 2933
f 2933 3075 3072
f 2934 2938 3076
f 2934 3076 3077
f 2934 3077 2935
f 2935 3077 2937
f 2936 2937 3078
f 2936 3078 3079
f 2936 3079 3021
f 2936 3021 3020
f 2936 3020 2939
f 2937 3077 3078
f 2938 3070 3080
f 2938 3080 3081
f 2938 3081 3076
f 2940 3082 2941
f 2941 3082 3083
f 2941 3083 2942
f 2942 3083 2943
f 2943 3084 2944
f 2943 3083 3085
f 2943 3085 3084
f 2944 3084 3086
f 2944 3086 3087
f 2944 3087 3088
f 2944 3088 2945
f 2945 3088 3089
f 2945 3089 2946
f 2946 3089 3090
f 2946 3090 2948
f 2947 2951 2952
f 2948 3090 2949
f 2949 3091 3092
f 2949 3092 2950
f 2949 3090 3093
f 2949 3093 3091
f 2950 3092 3094
f 2950 3094 3095
f 2950 3095 2955
f 2950 2955 2954
f 2950 2954 2951
f 2951 2953 2952
f 2955 3096 3097
f 2955 3097 2956
f 2955 3095 3096
f 2956 3097 3098
f 2956 3098 3099
f 2956 3099 2957
f 2957 3099 2960
f 2958 3100 2959
f 2958 2966 3101
f 2958 3101 3102
f 2958 3102 3103
f 2958 3103 3104
f 2958 3104 3100
f 2960 3105 2961
f 2960 3099 3105
f 2961 3106 3107
f 2961 3107 2962
f 2961 3105 3106
f 2962 3107 3108
f 2962 3108 2964
f 2962 2964 2963
f 2964 3108 3109
f 2964 3109 2967
f 2966 2969 3101
f 2967 3109 2968
f 2968 3109 3110
f 2968 3110 3111
f 2968 3111 3112
f 2968 3112 2969
f 2969 3112 3101
f 2970 3113 2971
f 2971 3113 3114
f 2971 3114 3115
f 2971 3115 2972
f 2972 3115 3116
f 2972 3116 2973
f 2973 3116 2974
f 2974 2980 2975
f 2974 3116 3117
f 2974 3117 2980
f 2976 3118 3119
f 2976 3119 3120
f 2976 3120 2977
f 2976 2980 3118
f 2977 3120 3119
f 2977 3119 3121
f 2977 3121 3122
f 2977 3122 2978
f 2978 2982 2981
f 2978 2981 2979
f 2978 3122 2983
f 2980 3117 3118
f 2983 3122 2984
f 2984 3122 3123
f 2984 3123 2985
f 2985 3123 2986
f 2986 3124 2987
f 2986 3123 3124
f 2987 3124 3125
f 2987 3125 2988
f 2988 3125 3126
f 2988 3126 3127
f 2988 3127 2989
f 2989 3127 2990
f 2990 3127 3126
f 2990 3126 3128
f 2990 3128 3129
f 2990 3129 3048
f 2991 3038 2994
f 2991 2994 2993
f 2991 2993 2992
f 2994 3038 2995
f 2995 3038 3037
f 2995 3037 3130
f 2995 3130 2998
f 2996 3001 2997
f 2996 3000 3001
f 2998 3131 2999
f 2998 3130 3132
f 2998 3132 3131
f 2999 3133 3000
f 2999 3131 3134
f 2999 3134 3135
f 2999 3135 3133
f 3000 3133 3136
f 3000 3136 3137
f 3000 3137 3001
f 3001 3138 3139
f 3001 3139 3006
f 3001 3137 3138
f 3005 3006 3011
f 3006 3139 3140
f 3006 3140 3141
f 3006 3141 3142
f 3006 3142 3011
f 3007 3014 3013
f 3007 3013 3144
f 3007 3144 3143
f 3008 3012 3009
f 3009 3012 3145
f 3009 3145 3013
f 3010 3146 3012
f 3010 3011 3142
f 3010 3142 3147
f 3010 3147 3146
f 3012 3148 3145
f 3012 3146 3148
f 3013 3145 3144
f 3015 3149 3017
f 3015 3016 3150
f 3015 3150 3149
f 3017 3151 3018
f 3017 3149 3151
f 3018 3152 3153
f 3018 3153 3034
f 3018 3151 3152
f 3019 3154 3155
f 3019 3155 3150
f 3019 3022 3156
f 3019 3156 3154
f 3021 3079 3157
f 3021 3157 3158
f 3021 3158 3022
f 3022 3158 3159
f 3022 3159 3160
f 3022 3160 3156
f 3023 3161 3162
f 3023 3162 3024
f 3023 3033 3161
f 3024 3162 3163
f 3024 3163 3036
f 3024 3036 3164
f 3024 3164 3025
f 3025 3164 3028
f 3025 3028 3027
f 3028 3164 3029
f 3029 3036 3030
f 3029 3164 3036
f 3030 3035 3031
f 3032 3034 3033
f 3033 3165 3161
f 3033 3034 3166
f 3033 3166 3165
f 3034 3153 3166
f 3036 3167 3037
f 3036 3163 3167
f 3037 3168 3130
f 3037 3167 3168
f 3039 3169 3170
f 3039 3170 3171
f 3039 3171 3040
f 3039 3058 3172
f 3039 3172 3169
f 3040 3173 3041
f 3040 3171 3170
f 3040 3170 3173
f 3041 3173 3044
f 3041 3044 3042
f 3042 3044 3043
f 3044 3173 3174
f 3044 3174 3175
f 3044 3175 3045
f 3045 3175 3176
f 3045 3176 3177
f 3045 3177 3046
f 3046 3177 3178
f 3046 3178 3047
f 3047 3179 3075
f 3047 3178 3179
f 3048 3129 3180
f 3048 3180 3181
f 3048 3181 3182
f 3048 3182 3183
f 3048 3183 3050
f 3048 3050 3049
f 3050 3184 3051
f 3050 3183 3180
f 3050 3180 3185
f 3050 3185 3184
f 3051 3184 3186
f 3051 3186 3187
f 3051 3187 3188
f 3051 3188 3052
f 3052 3188 3189
f 3052 3189 3190
f 3052 3190 3053
f 3053 3191 3055
f 3053 3190 3191
f 3055 3192 3193
f 3055 3193 3056
f 3055 3191 3192
f 3056 3193 3194
f 3056 3194 3195
f 3056 3195 3058
f 3058 3195 3196
f 3058 3196 3197
f 3058 3197 3198
f 3058 3198 3172
f 3059 3199 3060
f 3059 3071 3199
f 3060 3199 3061
f 3061 3200 3201
f 3061 3201 3062
f 3061 3199 3202
f 3061 3202 3200
f 3062 3203 3204
f 3062 3204 3205
f 3062 3205 3206
f 3062 3206 3063
f 3062 3201 3203
f 3063 3206 3205
f 3063 3205 3064
f 3064 3205 3207
f 3064 3207 3065
f 3065 3207 3066
f 3066 3207 3205
f 3066 3205 3208
f 3066 3208 3209
f 3066 3209 3067
f 3067 3209 3210
f 3067 3210 3069
f 3067 3069 3068
f 3069 3210 3081
f 3069 3081 3070
f 3070 3081 3211
f 3070 3211 3080
f 3071 3074 3212
f 3071 3212 3213
f 3071 3213 3199
f 3072 3075 3179
f 3072 3179 3214
f 3072 3214 3073
f 3073 3215 3212
f 3073 3212 3074
f 3073 3214 3215
f 3076 3159 3078
f 3076 3078 3077
f 3076 3081 3216
f 3076 3216 3159
f 3078 3159 3158
f 3078 3158 3157
f 3078 3157 3079
f 3080 3211 3081
f 3081 3210 3217
f 3081 3217 3216
f 3082 3218 3083
f 3083 3218 3085
f 3084 3085 3218
f 3084 3218 3219
f 3084 3219 3220
f 3084 3220 3221
f 3084 3221 3222
f 3084 3222 3223
f 3084 3223 3224
f 3084 3224 3086
f 3086 3224 3225
f 3086 3225 3226
f 3086 3226 3227
f 3086 3227 3087
f 3087 3089 3088
f 3087 3227 3228
f 3087 3228 3090
f 3087 3090 3089
f 3090 3228 3093
f 3091 3093 3229
f 3091 3229 3226
f 3091 3226 3092
f 3092 3226 3230
f 3092 3230 3231
f 3092 3231 3232
f 3092 3232 3094
f 3093 3228 3229
f 3094 3232 3233
f 3094 3233 3234
f 3094 3234 3096
f 3094 3096 3095
f 3096 3234 3235
f 3096 3235 3097
f 3097 3235 3098
f 3098 3235 3236
f 3098 3236 3237
f 3098 3237 3105
f 3098 3105 3099
f 3101 3112 3238
f 3101 3238 3102
f 3102 3238 3112
f 3102 3112 3239
f 3102 3239 3103
f 3103 3239 3240
f 3103 3240 3241
f 3103 3241 3242
f 3103 3242 3104
f 3105 3237 3106
f 3106 3243 3244
f 3106 3244 3107
f 3106 3237 3243
f 3107 3244 3245
f 3107 3245 3108
f 3108 3245 3246
f 3108 3246 3109
f 3109 3246 3247
f 3109 3247 3110
f 3110 3247 3248
f 3110 3248 3111
f 3111 3248 3249
f 3111 3249 3250
f 3111 3250 3251
f 3111 3251 3112
f 3112 3251 3239
f 3113 3252 3114
f 3114 3253 3115
f 3114 3252 3254
f 3114 3254 3253
f 3115 3255 3116
f 3115 3253 3255
f 3116 3256 3257
f 3116 3257 3258
f 3116 3258 3259
f 3116 3259 3260
f 3116 3260 3117
f 3116 3255 3261
f 3116 3261 3262
f 3116 3262 3256
f 3117 3260 3118
f 3118 3260 3263
f 3118 3263 3264
f 3118 3264 3265
f 3118 3265 3266
f 3118 3266 3119
f 3119 3266 3121
f 3121 3266 3122
f 3122 3266 3267
f 3122 3267 3124
f 3122 3124 3123
f 3124 3267 3268
f 3124 3268 3269
f 3124 3269 3125
f 3125 3269 3270
f 3125 3270 3271
f 3125 3271 3128
f 3125 3128 3126
f 3128 3180 3129
f 3128 3271 3180
f 3130 3168 3132
f 3131 3132 3272
f 3131 3272 3273
f 3131 3273 3134
f 3132 3168 3274
f 3132 3274 3272
f 3133 3275 3136
f 3133 3135 3275
f 3134 3273 3135
f 3135 3276 3277
f 3135 3277 3275
f 3135 3273 3278
f 3135 3278 3276
f 3136 3279 3138
f 3136 3138 3137
f 3136 3275 3279
f 3138 3280 3139
f 3138 3279 3281
f 3138 3281 3280
f 3139 3280 3140
f 3140 3282 3283
f 3140 3283 3284
f 3140 3284 3285
f 3140 3285 3147
f 3140 3147 3141
f 3140 3280 3286
f 3140 3286 3282
f 3141 3147 3142
f 3143 3144 3145
f 3143 3145 3288
f 3143 3288 3287
f 3145 3148 3288
f 3146 3147 3285
f 3146 3285 3289
f 3146 3289 3148
f 3148 3290 3291
f 3148 3291 3292
f 3148 3292 3287
f 3148 3287 3288
f 3148 3289 3290
f 3149 3150 3155
f 3149 3155 3151
f 3151 3293 3152
f 3151 3155 3293
f 3152 3294 3295
f 3152 3295 3153
f 3152 3293 3294
f 3153 3295 3296
f 3153 3296 3165
f 3153 3165 3166
f 3154 3297 3155
f 3154 3156 3298
f 3154 3298 3297
f 3155 3297 3299
f 3155 3299 3293
f 3156 3160 3300
f 3156 3300 3301
f 3156 3301 3298
f 3159 3300 3160
f 3159 3216 3302
f 3159 3302 3300
f 3161 3165 3303
f 3161 3303 3304
f 3161 3304 3162
f 3162 3304 3305
f 3162 3305 3306
f 3162 3306 3167
f 3162 3167 3163
f 3165 3307 3303
f 3165 3296 3307
f 3167 3306 3308
f 3167 3308 3309
f 3167 3309 3168
f 3168 3309 3310
f 3168 3310 3274
f 3169 3172 3170
f 3170 3172 3311
f 3170 3311 3173
f 3172 3198 3197
f 3172 3197 3311
f 3173 3311 3312
f 3173 3312 3313
f 3173 3313 3314
f 3173 3314 3174
f 3174 3314 3175
f 3175 3315 3176
f 3175 3314 3315
f 3176 3315 3316
f 3176 3316 3317
f 3176 3317 3318
f 3176 3318 3319
f 3176 3319 3177
f 3177 3319 3178
f 3178 3319 3320
f 3178 3320 3179
f 3179 3320 3321
f 3179 3321 3214
f 3180 3183 3182
f 3180 3182 3181
f 3180 3271 3328
f 3180 3328 3185
f 3184 3185 3322
f 3184 3322 3323
f 3184 3323 3324
f 3184 3324 3186
f 3185 3325 3326
f 3185 3326 3327
f 3185 3327 3322
f 3185 3328 3325
f 3186 3324 3329
f 3186 3329 3330
f 3186 3330 3187
f 3187 3330 3331
f 3187 3331 3332
f 3187 3332 3188
f 3188 3332 3333
f 3188 3333 3189
f 3189 3333 3190
f 3190 3192 3191
f 3190 3333 3334
f 3190 3334 3335
f 3190 3335 3336
f 3190 3336 3337
f 3190 3337 3192
f 3192 3195 3193
f 3192 3337 3338
f 3192 3338 3195
f 3193 3195 3194
f 3195 3338 3197
f 3195 3197 3196
f 3197 3338 3339
f 3197 3339 3311
f 3199 3213 3340
f 3199 3340 3202
f 3200 3202 3340
f 3200 3340 3213
f 3200 3213 3341
f 3200 3341 3342
f 3200 3342 3343
f 3200 3343 3344
f 3200 3344 3201
f 3201 3344 3203
f 3203 3345 3208
f 3203 3208 3204
f 3203 3344 3343
f 3203 3343 3345
f 3204 3208 3205
f 3208 3345 3346
f 3208 3346 3209
f 3209 3347 3348
f 3209 3348 3210
f 3209 3346 3347
f 3210 3348 3217
f 3212 3215 3214
f 3212 3214 3349
f 3212 3349 3350
f 3212 3350 3351
f 3212 3351 3352
f 3212 3352 3353
f 3212 3353 3341
f 3212 3341 3213
f 3214 3321 3354
f 3214 3354 3349
f 3216 3217 3355
f 3216 3355 3302
f 3217 3348 3355
f 3221 3356 3357
f 3221 3357 3358
f 3221 3358 3359
f 3221 3359 3360
f 3221 3360 3222
f 3222 3361 3362
f 3222 3362 3223
f 3222 3360 3361
f 3223 3362 3225
f 3223 3225 3224
f 3225 3362 3226
f 3226 3229 3227
f 3226 3362 3363
f 3226 3363 3364
f 3226 3364 3230
f 3227 3229 3228
f 3230 3365 3504
f 3230 3504 3366
f 3230 3366 3231
f 3230 3364 3365
f 3231 3366 3505
f 3231 3505 3367
f 3231 3367 3368
f 3231 3368 3232
f 3232 3368 3233
f 3233 3368 3369
f 3233 3369 3370
f 3233 3370 3235
f 3233 3235 3234
f 3235 3370 3236
f 3236 3370 3371
f 3236 3371 3372
f 3236 3372 3237
f 3237 3372 3243
f 3239 3373 3374
f 3239 3374 3375
f 3239 3375 3376
f 3239 3376 3240
f 3239 3251 3373
f 3243 3377 3378
f 3243 3378 3379
f 3243 3379 3244
f 3243 3372 3377
f 3244 3379 3380
f 3244 3380 3381
f 3244 3381 3245
f 3245 3381 3522
f 3245 3522 3382
f 3245 3382 3383
f 3245 3383 3246
f 3246 3383 3384
f 3246 3384 3247
f 3247 3384 3385
f 3247 3385 3248
f 3248 3386 3249
f 3248 3385 3386
f 3249 3387 3530
f 3249 3530 3388
f 3249 3388 3250
f 3249 3386 3387
f 3250 3388 3389
f 3250 3389 3251
f 3251 3389 3390
f 3251 3390 3374
f 3251 3374 3373
f 3252 3391 3254
f 3253 3254 3392
f 3253 3392 3393
f 3253 3393 3255
f 3254 3394 3392
f 3254 3391 3395
f 3254 3395 3394
f 3255 3393 3261
f 3256 3262 3396
f 3256 3396 3397
f 3256 3397 3257
f 3257 3397 3398
f 3257 3398 3258
f 3258 3399 3400
f 3258 3400 3401
f 3258 3401 3402
f 3258 3402 3403
f 3258 3403 3265
f 3258 3265 3264
f 3258 3264 3263
f 3258 3263 3259
f 3258 3398 3404
f 3258 3404 3399
f 3259 3263 3260
f 3261 3393 3405
f 3261 3405 3262
f 3262 3405 3406
f 3262 3406 3407
f 3262 3407 3396
f 3265 3403 3402
f 3265 3402 3267
f 3265 3267 3266
f 3267 3402 3268
f 3268 3402 3269
f 3269 3328 3271
f 3269 3271 3270
f 3269 3402 3328
f 3272 3274 3408
f 3272 3408 3273
f 3273 3408 3409
f 3273 3409 3410
f 3273 3410 3278
f 3274 3310 3409
f 3274 3409 3408
f 3275 3277 3279
f 3276 3411 3412
f 3276 3412 3277
f 3276 3278 3413
f 3276 3413 3411
f 3277 3412 3286
f 3277 3286 3281
f 3277 3281 3279
f 3278 3410 3414
f 3278 3414 3415
f 3278 3415 3416
f 3278 3416 3413
f 3280 3281 3286
f 3282 3286 3283
f 3283 3286 3417
f 3283 3417 3418
f 3283 3418 3419
f 3283 3419 3420
f 3283 3420 3421
f 3283 3421 3284
f 3284 3421 3422
f 3284 3422 3423
f 3284 3423 3285
f 3285 3423 3289
f 3286 3412 3417
f 3289 3423 3422
f 3289 3422 3290
f 3290 3424 3291
f 3290 3422 3424
f 3291 3425 3426
f 3291 3424 3425
f 3293 3427 3294
f 3293 3299 3432
f 3293 3432 3427
f 3294 3428 3295
f 3294 3427 3428
f 3295 3428 3429
f 3295 3429 3430
f 3295 3430 3296
f 3296 3430 3307
f 3297 3431 3432
f 3297 3432 3299
f 3297 3298 3431
f 3298 3433 3431
f 3298 3301 3437
f 3298 3437 3433
f 3300 3302 3434
f 3300 3434 3435
f 3300 3435 3436
f 3300 3436 3437
f 3300 3437 3301
f 3302 3355 3438
f 3302 3438 3434
f 3303 3439 3304
f 3303 3307 3439
f 3304 3439 3440
f 3304 3440 3305
f 3305 3440 3308
f 3305 3308 3306
f 3307 3441 3442
f 3307 3442 3439
f 3307 3430 3441
f 3308 3440 3443
f 3308 3443 3310
f 3308 3310 3309
f 3310 3443 3409
f 3311 3339 3444
f 3311 3444 3445
f 3311 3445 3312
f 3312 3445 3313
f 3313 3446 3314
f 3313 3445 3444
f 3313 3444 3447
f 3313 3447 3446
f 3314 3446 3448
f 3314 3448 3315
f 3315 3448 3316
f 3316 3449 3317
f 3316 3448 3450
f 3316 3450 3449
f 3317 3451 3318
f 3317 3449 3452
f 3317 3452 3453
f 3317 3453 3454
f 3317 3454 3451
f 3318 3451 3454
f 3318 3454 3455
f 3318 3455 3456
f 3318 3456 3320
f 3318 3320 3319
f 3320 3456 3457
f 3320 3457 3321
f 3321 3457 3354
f 3322 3327 3323
f 3323 3327 3458
f 3323 3458 3324
f 3324 3458 3329
f 3325 3328 3459
f 3325 3459 3460
f 3325 3460 3326
f 3326 3460 3327
f 3327 3460 3461
f 3327 3461 3462
f 3327 3462 3458
f 3328 3402 3463
f 3328 3463 3464
f 3328 3464 3465
f 3328 3465 3466
f 3328 3466 3459
f 3329 3458 3467
f 3329 3467 3468
f 3329 3468 3330
f 3330 3468 3469
f 3330 3469 3470
f 3330 3470 3331
f 3331 3470 3471
f 3331 3471 3472
f 3331 3472 3332
f 3332 3472 3473
f 3332 3473 3333
f 3333 3473 3474
f 3333 3474 3334
f 3334 3474 3475
f 3334 3475 3335
f 3335 3475 3336
f 3336 3475 3476
f 3336 3476 3337
f 3337 3476 3477
f 3337 3477 3338
f 3338 3477 3478
f 3338 3478 3479
f 3338 3479 3339
f 3339 3480 3444
f 3339 3479 3480
f 3341 3353 3342
f 3342 3353 3481
f 3342 3481 3482
f 3342 3482 3346
f 3342 3346 3345
f 3342 3345 3343
f 3346 3482 3483
f 3346 3483 3484
f 3346 3484 3347
f 3347 3485 3438
f 3347 3438 3348
f 3347 3484 3485
f 3348 3438 3355
f 3349 3354 3486
f 3349 3486 3351
f 3349 3351 3350
f 3351 3486 3354
f 3351 3354 3487
f 3351 3487 3352
f 3352 3487 3488
f 3352 3488 3353
f 3353 3489 3490
f 3353 3490 3481
f 3353 3488 3489
f 3354 3457 3491
f 3354 3491 3492
f 3354 3492 3487
f 3356 3493 3494
f 3356 3494 3495
f 3356 3495 3496
f 3356 3496 3497
f 3356 3497 3357
f 3357 3497 3498
f 3357 3498 3499
f 3357 3499 3361
f 3357 3361 3360
f 3357 3360 3359
f 3357 3359 3358
f 3361 3499 3500
f 3361 3500 3362
f 3362 3500 3363
f 3363 3501 3502
f 3363 3502 3364
f 3363 3500 3501
f 3364 3502 3503
f 3364 3503 3504
f 3364 3504 3365
f 3366 3504 3505
f 3367 3505 3506
f 3367 3506 3507
f 3367 3507 3368
f 3368 3507 3369
f 3369 3507 3508
f 3369 3508 3371
f 3369 3371 3370
f 3371 3508 3509
f 3371 3509 3510
f 3371 3510 3511
f 3371 3511 3372
f 3372 3511 3512
f 3372 3512 3377
f 3374 3390 3513
f 3374 3513 3514
f 3374 3514 3515
f 3374 3515 3375
f 3375 3516 3517
f 3375 3517 3376
f 3375 3515 3518
f 3375 3518 3516
f 3376 3517 3519
f 3377 3512 3520
f 3377 3520 3378
f 3378 3520 3521
f 3378 3521 3379
f 3379 3521 3380
f 3380 3521 3522
f 3380 3522 3381
f 3382 3522 3523
f 3382 3523 3383
f 3383 3523 3524
f 3383 3524 3384
f 3384 3524 3674
f 3384 3674 3525
f 3384 3525 3526
f 3384 3526 3385
f 3385 3526 3386
f 3386 3527 3387
f 3386 3526 3527
f 3387 3528 3529
f 3387 3529 3530
f 3387 3527 3528
f 3388 3530 3657
f 3388 3657 3513
f 3388 3513 3389
f 3389 3513 3390
f 3391 3531 3395
f 3392 3394 3532
f 3392 3532 3393
f 3393 3532 3405
f 3394 3395 3533
f 3394 3533 3534
f 3394 3534 3535
f 3394 3535 3532
f 3395 3531 3533
f 3396 3536 3537
f 3396 3537 3397
f 3396 3407 3538
f 3396 3538 3539
f 3396 3539 3536
f 3397 3537 3398
f 3398 3537 3540
f 3398 3540 3404
f 3399 3404 3541
f 3399 3541 3542
f 3399 3542 3400
f 3400 3542 3543
f 3400 3543 3544
f 3400 3544 3545
f 3400 3545 3460
f 3400 3460 3401
f 3401 3460 3465
f 3401 3465 3464
f 3401 3464 3463
f 3401 3463 3402
f 3404 3540 3541
f 3405 3532 3546
f 3405 3546 3547
f 3405 3547 3406
f 3406 3547 3407
f 3407 3547 3548
f 3407 3548 3538
f 3409 3443 3549
f 3409 3549 3414
f 3409 3414 3410
f 3411 3413 3550
f 3411 3550 3551
f 3411 3551 3552
f 3411 3552 3412
f 3412 3552 3553
f 3412 3553 3417
f 3413 3416 3554
f 3413 3554 3550
f 3414 3555 3415
f 3414 3549 3556
f 3414 3556 3555
f 3415 3555 3557
f 3415 3557 3416
f 3416 3557 3558
f 3416 3558 3554
f 3417 3559 3418
f 3417 3553 3559
f 3418 3559 3419
f 3419 3560 3420
f 3419 3559 3561
f 3419 3561 3562
f 3419 3562 3563
f 3419 3563 3564
f 3419 3564 3560
f 3420 3560 3565
f 3420 3565 3566
f 3420 3566 3421
f 3421 3566 3567
f 3421 3567 3422
f 3422 3567 3424
f 3424 3568 3569
f 3424 3569 3426
f 3424 3426 3425
f 3424 3567 3570
f 3424 3570 3568
f 3426 3571 3572
f 3426 3569 3571
f 3427 3573 3428
f 3427 3432 3573
f 3428 3574 3575
f 3428 3575 3429
f 3428 3573 3574
f 3429 3575 3430
f 3430 3575 3441
f 3431 3576 3432
f 3431 3433 3577
f 3431 3577 3576
f 3432 3576 3578
f 3432 3578 3573
f 3433 3437 3436
f 3433 3436 3577
f 3434 3438 3579
f 3434 3579 3580
f 3434 3580 3435
f 3435 3581 3436
f 3435 3580 3582
f 3435 3582 3581
f 3436 3583 3577
f 3436 3581 3583
f 3438 3485 3579
f 3439 3442 3584
f 3439 3584 3440
f 3440 3584 3443
f 3441 3585 3586
f 3441 3586 3442
f 3441 3575 3587
f 3441 3587 3585
f 3442 3586 3588
f 3442 3588 3549
f 3442 3549 3584
f 3443 3584 3549
f 3444 3589 3590
f 3444 3590 3447
f 3444 3480 3589
f 3446 3447 3590
f 3446 3590 3591
f 3446 3591 3592
f 3446 3592 3593
f 3446 3593 3594
f 3446 3594 3449
f 3446 3449 3595
f 3446 3595 3448
f 3448 3595 3450
f 3449 3450 3595
f 3449 3594 3596
f 3449 3596 3597
f 3449 3597 3598
f 3449 3598 3452
f 3452 3598 3453
f 3453 3598 3454
f 3454 3598 3599
f 3454 3599 3600
f 3454 3600 3491
f 3454 3491 3457
f 3454 3457 3455
f 3455 3457 3456
f 3458 3462 3467
f 3459 3466 3460
f 3460 3466 3465
f 3460 3545 3461
f 3461 3545 3462
f 3462 3601 3602
f 3462 3602 3467
f 3462 3545 3601
f 3467 3602 3603
f 3467 3603 3604
f 3467 3604 3605
f 3467 3605 3468
f 3468 3605 3606
f 3468 3606 3607
f 3468 3607 3469
f 3469 3607 3608
f 3469 3608 3470
f 3470 3608 3471
f 3471 3609 3472
f 3471 3608 3610
f 3471 3610 3609
f 3472 3609 3473
f 3473 3609 3611
f 3473 3611 3612
f 3473 3612 3474
f 3474 3612 3613
f 3474 3613 3614
f 3474 3614 3615
f 3474 3615 3616
f 3474 3616 3475
f 3475 3616 3476
f 3476 3616 3617
f 3476 3617 3618
f 3476 3618 3477
f 3477 3618 3619
f 3477 3619 3620
f 3477 3620 3478
f 3478 3620 3480
f 3478 3480 3479
f 3480 3620 3621
f 3480 3621 3622
f 3480 3622 3589
f 3481 3623 3624
f 3481 3624 3482
f 3481 3490 3623
f 3482 3624 3483
f 3483 3624 3625
f 3483 3625 3626
f 3483 3626 3484
f 3484 3626 3627
f 3484 3627 3485
f 3485 3627 3628
f 3485 3628 3629
f 3485 3629 3579
f 3487 3492 3488
f 3488 3630 3489
f 3488 3492 3630
f 3489 3631 3632
f 3489 3632 3490
f 3489 3630 3633
f 3489 3633 3631
f 3490 3632 3634
f 3490 3634 3635
f 3490 3635 3623
f 3491 3600 3492
f 3492 3600 3636
f 3492 3636 3637
f 3492 3637 3630
f 3493 3638 3639
f 3493 3639 3640
f 3493 3640 3494
f 3494 3640 3641
f 3494 3641 3498
f 3494 3498 3495
f 3495 3498 3496
f 3496 3498 3497
f 3498 3642 3643
f 3498 3643 3499
f 3498 3641 3642
f 3499 3643 3500
f 3500 3643 3644
f 3500 3644 3501
f 3501 3644 3645
f 3501 3645 3502
f 3502 3645 3646
f 3502 3646 3503
f 3503 3646 3647
f 3503 3647 3504
f 3504 3647 3648
f 3504 3648 3649
f 3504 3649 3505
f 3505 3649 3650
f 3505 3650 3506
f 3506 3650 3651
f 3506 3651 3804
f 3506 3804 3652
f 3506 3652 3507
f 3507 3652 3805
f 3507 3805 3653
f 3507 3653 3508
f 3508 3653 3654
f 3508 3654 3509
f 3509 3654 3655
f 3509 3655 3510
f 3510 3655 3656
f 3510 3656 3520
f 3510 3520 3512
f 3510 3512 3511
f 3513 3657 3514
f 3514 3658 3659
f 3514 3659 3515
f 3514 3657 3658
f 3515 3659 3660
f 3515 3660 3661
f 3515 3661 3662
f 3515 3662 3663
f 3515 3663 3518
f 3516 3519 3517
f 3516 3518 3663
f 3516 3663 3664
f 3516 3664 3665
f 3516 3665 3519
f 3519 3665 3666
f 3519 3666 3667
f 3520 3656 3668
f 3520 3668 3669
f 3520 3669 3521
f 3521 3669 3670
f 3521 3670 3671
f 3521 3671 3522
f 3522 3671 3672
f 3522 3672 3673
f 3522 3673 3523
f 3523 3673 3674
f 3523 3674 3524
f 3525 3674 3831
f 3525 3831 3675
f 3525 3675 3526
f 3526 3675 3527
f 3527 3675 3676
f 3527 3676 3528
f 3528 3676 3529
f 3529 3676 3677
f 3529 3677 3678
f 3529 3678 3679
f 3529 3679 3530
f 3530 3679 3657
f 3531 3680 3533
f 3532 3535 3546
f 3533 3680 3681
f 3533 3681 3682
f 3533 3682 3534
f 3534 3683 3535
f 3534 3682 3684
f 3534 3684 3685
f 3534 3685 3686
f 3534 3686 3687
f 3534 3687 3683
f 3535 3683 3548
f 3535 3548 3547
f 3535 3547 3546
f 3536 3688 3540
f 3536 3540 3537
f 3536 3539 3689
f 3536 3689 3688
f 3538 3548 3690
f 3538 3690 3691
f 3538 3691 3692
f 3538 3692 3539
f 3539 3692 3693
f 3539 3693 3689
f 3540 3694 3695
f 3540 3695 3696
f 3540 3696 3541
f 3540 3688 3694
f 3541 3696 3543
f 3541 3543 3542
f 3543 3696 3544
f 3544 3697 3545
f 3544 3696 3698
f 3544 3698 3699
f 3544 3699 3697
f 3545 3697 3601
f 3548 3683 3690
f 3549 3588 3556
f 3550 3554 3700
f 3550 3700 3551
f 3551 3701 3552
f 3551 3700 3702
f 3551 3702 3701
f 3552 3561 3553
f 3552 3701 3561
f 3553 3561 3559
f 3554 3558 3703
f 3554 3703 3700
f 3555 3704 3557
f 3555 3556 3705
f 3555 3705 3704
f 3556 3588 3706
f 3556 3706 3707
f 3556 3707 3705
f 3557 3704 3708
f 3557 3708 3558
f 3558 3708 3703
f 3560 3709 3710
f 3560 3710 3565
f 3560 3564 3711
f 3560 3711 3709
f 3561 3701 3712
f 3561 3712 3563
f 3561 3563 3562
f 3563 3712 3713
f 3563 3713 3564
f 3564 3713 3714
f 3564 3714 3715
f 3564 3715 3711
f 3565 3710 3566
f 3566 3710 3716
f 3566 3716 3567
f 3567 3716 3717
f 3567 3717 3718
f 3567 3718 3570
f 3568 3719 3569
f 3568 3570 3719
f 3569 3719 3720
f 3569 3720 3571
f 3570 3718 3719
f 3571 3721 3572
f 3571 3720 3721
f 3572 3721 3723
f 3572 3723 3724
f 3572 3724 3722
f 3573 3725 3574
f 3573 3578 3725
f 3574 3725 3726
f 3574 3726 3727
f 3574 3727 3575
f 3575 3727 3587
f 3576 3728 3729
f 3576 3729 3578
f 3576 3577 3583
f 3576 3583 3730
f 3576 3730 3728
f 3578 3729 3725
f 3579 3629 3731
f 3579 3731 3580
f 3580 3731 3582
f 3581 3732 3733
f 3581 3733 3583
f 3581 3582 3734
f 3581 3734 3732
f 3582 3731 3735
f 3582 3735 3734
f 3583 3736 3730
f 3583 3733 3736
f 3585 3737 3738
f 3585 3738 3586
f 3585 3587 3739
f 3585 3739 3740
f 3585 3740 3737
f 3586 3738 3741
f 3586 3741 3706
f 3586 3706 3588
f 3587 3727 3739
f 3589 3742 3590
f 3589 3622 3743
f 3589 3743 3744
f 3589 3744 3742
f 3590 3742 3745
f 3590 3745 3592
f 3590 3592 3591
f 3592 3745 3593
f 3593 3745 3746
f 3593 3746 3594
f 3594 3746 3747
f 3594 3747 3596
f 3596 3747 3748
f 3596 3748 3749
f 3596 3749 3597
f 3597 3749 3599
f 3597 3599 3598
f 3599 3749 3600
f 3600 3750 3751
f 3600 3751 3636
f 3600 3749 3748
f 3600 3748 3750
f 3601 3697 3602
f 3602 3697 3752
f 3602 3752 3753
f 3602 3753 3603
f 3603 3754 3755
f 3603 3755 3756
f 3603 3756 3604
f 3603 3753 3757
f 3603 3757 3758
f 3603 3758 3754
f 3604 3756 3759
f 3604 3759 3760
f 3604 3760 3605
f 3605 3760 3606
f 3606 3759 3761
f 3606 3761 3762
f 3606 3762 3608
f 3606 3608 3607
f 3606 3760 3759
f 3608 3763 3610
f 3608 3762 3764
f 3608 3764 3765
f 3608 3765 3763
f 3609 3610 3763
f 3609 3763 3611
f 3611 3763 3766
f 3611 3766 3612
f 3612 3766 3767
f 3612 3767 3613
f 3613 3767 3768
f 3613 3768 3615
f 3613 3615 3614
f 3615 3768 3769
f 3615 3769 3770
f 3615 3770 3771
f 3615 3771 3616
f 3616 3771 3617
f 3617 3771 3770
f 3617 3770 3772
f 3617 3772 3618
f 3618 3773 3619
f 3618 3772 3774
f 3618 3774 3775
f 3618 3775 3773
f 3619 3621 3620
f 3619 3773 3776
f 3619 3776 3621
f 3621 3776 3777
f 3621 3777 3622
f 3622 3777 3743
f 3623 3635 3778
f 3623 3778 3779
f 3623 3779 3624
f 3624 3779 3625
f 3625 3779 3626
f 3626 3628 3627
f 3626 3779 3780
f 3626 3780 3628
f 3628 3780 3778
f 3628 3778 3781
f 3628 3781 3735
f 3628 3735 3629
f 3629 3735 3731
f 3630 3637 3633
f 3631 3782 3634
f 3631 3634 3632
f 3631 3633 3783
f 3631 3783 3782
f 3633 3637 3783
f 3634 3782 3784
f 3634 3784 3785
f 3634 3785 3778
f 3634 3778 3635
f 3636 3751 3786
f 3636 3786 3637
f 3637 3786 3783
f 3638 3787 3788
f 3638 3788 3639
f 3639 3789 3790
f 3639 3790 3640
f 3639 3788 3787
f 3639 3787 3789
f 3640 3790 3641
f 3641 3790 3717
f 3641 3717 3710
f 3641 3710 3642
f 3642 3710 3791
f 3642 3791 3643
f 3643 3791 3792
f 3643 3792 3793
f 3643 3793 3794
f 3643 3794 3645
f 3643 3645 3795
f 3643 3795 3644
f 3644 3795 3645
f 3645 3793 3796
f 3645 3796 3797
f 3645 3797 3646
f 3645 3794 3793
f 3646 3797 3798
f 3646 3798 3647
f 3647 3798 3799
f 3647 3799 3648
f 3648 3799 3800
f 3648 3800 3801
f 3648 3801 3649
f 3649 3801 3802
f 3649 3802 3650
f 3650 3802 3803
f 3650 3803 3651
f 3651 3803 3804
f 3652 3804 3805
f 3653 3805 3654
f 3654 3805 3655
f 3655 3806 3807
f 3655 3807 3808
f 3655 3808 3656
f 3655 3805 3806
f 3656 3808 3668
f 3657 3679 3658
f 3658 3809 3810
f 3658 3810 3659
f 3658 3679 3809
f 3659 3810 3811
f 3659 3811 3660
f 3660 3811 3812
f 3660 3812 3813
f 3660 3813 3814
f 3660 3814 3661
f 3661 3814 3815
f 3661 3815 3816
f 3661 3816 3817
f 3661 3817 3662
f 3662 3817 3664
f 3662 3664 3663
f 3664 3817 3818
f 3664 3818 3665
f 3665 3818 3666
f 3666 3818 3819
f 3666 3819 3820
f 3666 3820 3821
f 3666 3821 3667
f 3668 3808 3822
f 3668 3822 3823
f 3668 3823 3824
f 3668 3824 3825
f 3668 3825 3826
f 3668 3826 3670
f 3668 3670 3669
f 3670 3826 3827
f 3670 3827 3828
f 3670 3828 3672
f 3670 3672 3671
f 3672 3828 3829
f 3672 3829 3673
f 3673 3829 3830
f 3673 3830 3674
f 3674 3830 3831
f 3675 3831 3676
f 3676 3831 3677
f 3677 3832 3678
f 3677 3831 3833
f 3677 3833 3832
f 3678 3832 3834
f 3678 3834 3835
f 3678 3835 3679
f 3679 3835 3836
f 3679 3836 3837
f 3679 3837 3809
f 3680 3838 3839
f 3680 3839 3681
f 3681 3839 3682
f 3682 3839 3684
f 3683 3840 3841
f 3683 3841 3690
f 3683 3687 3842
f 3683 3842 3843
f 3683 3843 3844
f 3683 3844 3840
f 3684 3839 3685
f 3685 3845 3686
f 3685 3839 3846
f 3685 3846 3847
f 3685 3847 3848
f 3685 3848 3849
f 3685 3849 3850
f 3685 3850 3845
f 3686 3845 3851
f 3686 3851 3687
f 3687 3851 3852
f 3687 3852 3842
f 3688 3689 3694
f 3689 3693 3853
f 3689 3853 3854
f 3689 3854 3855
f 3689 3855 3856
f 3689 3856 3694
f 3690 3857 3858
f 3690 3858 3859
f 3690 3859 3860
f 3690 3860 3692
f 3690 3692 3691
f 3690 3841 3840
f 3690 3840 3857
f 3692 3860 3859
f 3692 3859 3693
f 3693 3859 3853
f 3694 3856 3861
f 3694 3861 3862
f 3694 3862 3863
f 3694 3863 3698
f 3694 3698 3696
f 3694 3696 3695
f 3697 3699 3864
f 3697 3864 3752
f 3698 3863 3699
f 3699 3863 3862
f 3699 3862 3865
f 3699 3865 3864
f 3700 3703 3702
f 3701 3702 3712
f 3702 3703 3866
f 3702 3866 3867
f 3702 3867 3712
f 3703 3708 3868
f 3703 3868 3866
f 3704 3705 3869
f 3704 3869 3708
f 3705 3707 3869
f 3706 3741 3870
f 3706 3870 3707
f 3707 3870 3871
f 3707 3871 3869
f 3708 3869 3872
f 3708 3872 3868
f 3709 3711 3873
f 3709 3873 3792
f 3709 3792 3791
f 3709 3791 3710
f 3710 3874 3716
f 3710 3717 3874
f 3711 3715 3875
f 3711 3875 3876
f 3711 3876 3873
f 3712 3867 3713
f 3713 3867 3877
f 3713 3877 3714
f 3714 3877 3878
f 3714 3878 3879
f 3714 3879 3715
f 3715 3879 3880
f 3715 3880 3876
f 3715 3876 3875
f 3716 3874 3717
f 3717 3790 3881
f 3717 3881 3718
f 3718 3881 3719
f 3719 3881 3723
f 3719 3723 3721
f 3719 3721 3720
f 3722 3724 3882
f 3722 3882 3787
f 3723 3881 3724
f 3724 3881 3882
f 3725 3883 3884
f 3725 3884 3726
f 3725 3729 3885
f 3725 3885 3883
f 3726 3884 3886
f 3726 3886 3727
f 3727 3886 3887
f 3727 3887 3739
f 3728 3888 3729
f 3728 3730 3736
f 3728 3736 3889
f 3728 3889 3888
f 3729 3888 3890
f 3729 3890 3891
f 3729 3891 3885
f 3732 3892 3733
f 3732 3734 3893
f 3732 3893 3894
f 3732 3894 3892
f 3733 3892 3895
f 3733 3895 3896
f 3733 3896 3736
f 3734 3735 3897
f 3734 3897 3893
f 3735 3781 3898
f 3735 3898 3897
f 3736 3896 3899
f 3736 3899 3889
f 3737 3900 3738
f 3737 3740 3900
f 3738 3901 3741
f 3738 3900 3901
f 3739 3887 3903
f 3739 3903 3740
f 3740 3902 3900
f 3740 3903 3902
f 3741 3901 3870
f 3742 3744 3745
f 3743 3777 3776
f 3743 3776 3904
f 3743 3904 3905
f 3743 3905 3744
f 3744 3905 3906
f 3744 3906 3745
f 3745 3906 3746
f 3746 3907 3747
f 3746 3906 3905
f 3746 3905 3907
f 3747 3907 3908
f 3747 3908 3909
f 3747 3909 3910
f 3747 3910 3748
f 3748 3910 3911
f 3748 3911 3750
f 3750 3912 3751
f 3750 3911 3912
f 3751 3912 3913
f 3751 3913 3786
f 3752 3864 3865
f 3752 3865 3753
f 3753 3865 3757
f 3754 3758 3755
f 3755 3758 3914
f 3755 3914 3915
f 3755 3915 3916
f 3755 3916 3917
f 3755 3917 3756
f 3756 3917 3759
f 3757 3865 3862
f 3757 3862 3914
f 3757 3914 3758
f 3759 3917 3916
f 3759 3916 3761
f 3761 3916 3918
f 3761 3918 3919
f 3761 3919 3764
f 3761 3764 3762
f 3763 3765 3920
f 3763 3920 3921
f 3763 3921 3766
f 3764 3919 3922
f 3764 3922 3923
f 3764 3923 3765
f 3765 3923 3924
f 3765 3924 3920
f 3766 3921 3767
f 3767 3921 3925
f 3767 3925 3926
f 3767 3926 3768
f 3768 3926 3927
f 3768 3927 3769
f 3769 3927 3928
f 3769 3928 3929
f 3769 3929 3930
f 3769 3930 3770
f 3770 3774 3772
f 3770 3930 3774
f 3773 3775 3776
f 3774 3930 3775
f 3775 3930 3929
f 3775 3929 3776
f 3776 3929 3904
f 3778 3785 3781
f 3778 3780 3779
f 3781 3785 3898
f 3782 3931 3784
f 3782 3783 3932
f 3782 3932 3931
f 3783 3786 3932
f 3784 3931 3933
f 3784 3933 3934
f 3784 3934 3785
f 3785 3934 3935
f 3785 3935 3936
f 3785 3936 3898
f 3786 3913 3932
f 3787 3882 3881
f 3787 3881 3789
f 3789 3881 3790
f 3792 3873 3793
f 3793 3873 3796
f 3796 3876 3937
f 3796 3937 3938
f 3796 3938 3797
f 3796 3873 3876
f 3797 3938 3939
f 3797 3939 3940
f 3797 3940 3799
f 3797 3799 3798
f 3799 3940 3941
f 3799 3941 3800
f 3800 3941 4063
f 3800 4063 3942
f 3800 3942 3943
f 3800 3943 3801
f 3801 3943 3944
f 3801 3944 3803
f 3801 3803 3802
f 3803 3944 3804
f 3804 3944 3945
f 3804 3945 3946
f 3804 3946 3805
f 3805 3946 3806
f 3806 3946 3807
f 3807 3946 3947
f 3807 3947 3948
f 3807 3948 3949
f 3807 3949 3950
f 3807 3950 3951
f 3807 3951 3808
f 3808 3951 3822
f 3809 3837 3810
f 3810 3837 3952
f 3810 3952 3953
f 3810 3953 3811
f 3811 3953 3954
f 3811 3954 3812
f 3812 3954 3955
f 3812 3955 3956
f 3812 3956 3813
f 3813 3956 3957
f 3813 3957 3814
f 3814 3957 3958
f 3814 3958 3815
f 3815 3958 3959
f 3815 3959 3960
f 3815 3960 3816
f 3816 3960 3961
f 3816 3961 3962
f 3816 3962 3817
f 3817 3962 3818
f 3818 3962 3961
f 3818 3961 3963
f 3818 3963 3819
f 3819 3963 3964
f 3819 3964 3965
f 3819 3965 3966
f 3819 3966 3967
f 3819 3967 3820
f 3822 3951 3823
f 3823 3951 3968
f 3823 3968 3824
f 3824 3968 3825
f 3825 3969 3970
f 3825 3970 3971
f 3825 3971 3972
f 3825 3972 3827
f 3825 3827 3826
f 3825 3968 3969
f 3827 3972 3828
f 3828 3972 3973
f 3828 3973 3829
f 3829 3974 3830
f 3829 3973 3971
f 3829 3971 3975
f 3829 3975 3976
f 3829 3976 3974
f 3830 3974 3977
f 3830 3977 3831
f 3831 3977 3833
f 3832 3978 3979
f 3832 3979 3834
f 3832 3833 3980
f 3832 3980 3978
f 3833 3977 3981
f 3833 3981 3980
f 3834 3979 3982
f 3834 3982 3983
f 3834 3983 3835
f 3835 3983 3984
f 3835 3984 3836
f 3836 3984 3985
f 3836 3985 3986
f 3836 3986 3837
f 3837 3986 3987
f 3837 3987 3952
f 3838 3988 3839
f 3839 3988 3989
f 3839 3989 3846
f 3840 3990 3857
f 3840 3844 3990
f 3842 3852 3991
f 3842 3991 3992
f 3842 3992 3843
f 3843 3992 3993
f 3843 3993 3994
f 3843 3994 3995
f 3843 3995 3990
f 3843 3990 3844
f 3845 3850 3851
f 3846 3989 3847
f 3848 3996 3997
f 3848 3997 3849
f 3849 3997 3850
f 3850 3991 3851
f 3850 3997 3998
f 3850 3998 3991
f 3851 3991 3852
f 3853 3859 3857
f 3853 3857 3854
f 3854 3999 4000
f 3854 4000 3861
f 3854 3861 3856
f 3854 3856 3855
f 3854 3857 4001
f 3854 4001 4002
f 3854 4002 3999
f 3857 3859 3858
f 3857 3990 3995
f 3857 3995 4001
f 3861 4000 3862
f 3862 4000 3914
f 3866 3868 4003
f 3866 4003 4004
f 3866 4004 3867
f 3867 4004 3877
f 3868 3872 4005
f 3868 4005 4006
f 3868 4006 4003
f 3869 3871 3872
f 3870 3901 3871
f 3871 4005 3872
f 3871 3901 3900
f 3871 3900 4007
f 3871 4007 4005
f 3876 3880 3937
f 3877 4004 4008
f 3877 4008 3878
f 3878 4009 3879
f 3878 4008 4010
f 3878 4010 4009
f 3879 4009 4011
f 3879 4011 3880
f 3880 4011 3937
f 3883 4012 4013
f 3883 4013 4014
f 3883 4014 3884
f 3883 3885 3891
f 3883 3891 4012
f 3884 4014 3886
f 3886 3903 3887
f 3886 4014 3903
f 3888 4015 3890
f 3888 3889 3899
f 3888 3899 4016
f 3888 4016 4015
f 3890 4015 3891
f 3891 4015 4012
f 3892 3894 4017
f 3892 4017 3895
f 3893 3897 4018
f 3893 4018 4019
f 3893 4019 4017
f 3893 4017 3894
f 3895 4020 3896
f 3895 4017 4020
f 3896 4020 4021
f 3896 4021 3899
f 3897 3898 3936
f 3897 3936 4022
f 3897 4022 4023
f 3897 4023 4018
f 3899 4021 4024
f 3899 4024 4016
f 3900 4025 4007
f 3900 3902 4025
f 3902 3903 4026
f 3902 4026 4027
f 3902 4027 4025
f 3903 4014 4026
f 3904 3929 4028
f 3904 4028 3907
f 3904 3907 3905
f 3907 4028 3908
f 3908 4028 4029
f 3908 4029 3909
f 3909 4030 4031
f 3909 4031 3910
f 3909 4029 4032
f 3909 4032 4030
f 3910 4031 3911
f 3911 4031 4033
f 3911 4033 3912
f 3912 4033 3913
f 3913 4033 4034
f 3913 4034 3932
f 3914 4000 4035
f 3914 4035 3915
f 3915 3918 3916
f 3915 4035 4000
f 3915 4000 4036
f 3915 4036 3918
f 3918 4036 4037
f 3918 4037 3919
f 3919 4037 4038
f 3919 4038 4039
f 3919 4039 3922
f 3920 3924 4040
f 3920 4040 4041
f 3920 4041 3921
f 3921 4041 3925
f 3922 4039 4042
f 3922 4042 3923
f 3923 4042 4043
f 3923 4043 3924
f 3924 4043 4157
f 3924 4157 4040
f 3925 4041 4158
f 3925 4158 4044
f 3925 4044 4045
f 3925 4045 3926
f 3926 4045 4046
f 3926 4046 3927
f 3927 4046 4047
f 3927 4047 4048
f 3927 4048 4049
f 3927 4049 3928
f 3928 4049 3929
f 3929 4049 4028
f 3931 3932 4050
f 3931 4050 4051
f 3931 4051 4052
f 3931 4052 3933
f 3932 4034 4053
f 3932 4053 4050
f 3933 4052 4054
f 3933 4054 4055
f 3933 4055 3934
f 3934 4055 3935
f 3935 4055 4056
f 3935 4056 4057
f 3935 4057 3936
f 3936 4057 4022
f 3937 4011 4058
f 3937 4058 4059
f 3937 4059 3938
f 3938 4059 4060
f 3938 4060 3939
f 3939 4060 4061
f 3939 4061 3940
f 3940 4061 3941
f 3941 4061 4062
f 3941 4062 4063
f 3942 4063 3945
f 3942 3945 3943
f 3943 3945 3944
f 3945 4064 4065
f 3945 4065 4066
f 3945 4066 4067
f 3945 4067 4068
f 3945 4068 4069
f 3945 4069 3946
f 3945 4063 4062
f 3945 4062 4064
f 3946 4069 3947
f 3947 4069 3948
f 3948 4070 3949
f 3948 4069 4068
f 3948 4068 4070
f 3949 4070 4071
f 3949 4071 3950
f 3950 4071 3968
f 3950 3968 3951
f 3952 3987 3953
f 3953 3987 4072
f 3953 4072 3954
f 3954 4073 3955
f 3954 4072 4073
f 3955 4074 4075
f 3955 4075 3956
f 3955 4073 4188
f 3955 4188 4074
f 3956 4075 4076
f 3956 4076 4077
f 3956 4077 3957
f 3957 4077 4078
f 3957 4078 4079
f 3957 4079 3959
f 3957 3959 3958
f 3959 4079 3960
f 3960 4079 4080
f 3960 4080 3961
f 3961 4080 4081
f 3961 4081 4082
f 3961 4082 4083
f 3961 4083 4084
f 3961 4084 3963
f 3963 4084 4085
f 3963 4085 3964
f 3964 4085 4086
f 3964 4086 4087
f 3964 4087 3965
f 3968 4071 3969
f 3969 4088 4089
f 3969 4089 3970
f 3969 4071 4088
f 3970 4089 4090
f 3970 4090 4091
f 3970 4091 3971
f 3971 4091 3976
f 3971 3976 3975
f 3971 3973 3972
f 3974 3976 4092
f 3974 4092 3977
f 3976 4091 4093
f 3976 4093 4092
f 3977 4092 4093
f 3977 4093 3981
f 3978 3980 3981
f 3978 3981 4093
f 3978 4093 4094
f 3978 4094 4095
f 3978 4095 4096
f 3978 4096 3979
f 3979 4096 3982
f 3982 4096 4097
f 3982 4097 3984
f 3982 3984 3983
f 3984 4097 3985
f 3985 4098 4099
f 3985 4099 3986
f 3985 4097 4100
f 3985 4100 4098
f 3986 4099 4101
f 3986 4101 3987
f 3987 4101 4072
f 3991 4102 4103
f 3991 4103 4104
f 3991 4104 4105
f 3991 4105 3992
f 3991 3998 4106
f 3991 4106 4102
f 3992 4105 3993
f 3993 4107 4108
f 3993 4108 4109
f 3993 4109 3994
f 3993 4105 4110
f 3993 4110 4111
f 3993 4111 4107
f 3994 4109 3995
f 3995 4109 4112
f 3995 4112 4113
f 3995 4113 4114
f 3995 4114 4115
f 3995 4115 4001
f 3996 4116 3997
f 3997 4116 4117
f 3997 4117 4118
f 3997 4118 4119
f 3997 4119 3998
f 3998 4119 4106
f 3999 4002 4000
f 4000 4002 4120
f 4000 4120 4121
f 4000 4121 4122
f 4000 4122 4123
f 4000 4123 4124
f 4000 4124 4036
f 4001 4115 4114
f 4001 4114 4002
f 4002 4114 4125
f 4002 4125 4120
f 4003 4006 4126
f 4003 4126 4127
f 4003 4127 4004
f 4004 4127 4008
f 4005 4007 4025
f 4005 4025 4128
f 4005 4128 4129
f 4005 4129 4006
f 4006 4129 4126
f 4008 4127 4130
f 4008 4130 4010
f 4009 4131 4011
f 4009 4010 4132
f 4009 4132 4131
f 4010 4130 4133
f 4010 4133 4132
f 4011 4131 4058
f 4012 4134 4135
f 4012 4135 4013
f 4012 4015 4136
f 4012 4136 4134
f 4013 4135 4137
f 4013 4137 4027
f 4013 4027 4026
f 4013 4026 4014
f 4015 4016 4138
f 4015 4138 4139
f 4015 4139 4136
f 4016 4024 4138
f 4017 4019 4140
f 4017 4140 4020
f 4018 4023 4141
f 4018 4141 4140
f 4018 4140 4019
f 4020 4140 4142
f 4020 4142 4143
f 4020 4143 4021
f 4021 4144 4024
f 4021 4143 4144
f 4022 4057 4145
f 4022 4145 4023
f 4023 4145 4141
f 4024 4144 4138
f 4025 4146 4128
f 4025 4027 4146
f 4027 4147 4146
f 4027 4137 4147
f 4028 4049 4148
f 4028 4148 4149
f 4028 4149 4029
f 4029 4149 4032
f 4030 4032 4150
f 4030 4150 4151
f 4030 4151 4031
f 4031 4151 4033
f 4032 4149 4148
f 4032 4148 4152
f 4032 4152 4150
f 4033 4151 4053
f 4033 4053 4034
f 4036 4124 4153
f 4036 4153 4154
f 4036 4154 4037
f 4037 4154 4155
f 4037 4155 4038
f 4038 4155 4039
f 4039 4155 4156
f 4039 4156 4042
f 4040 4157 4158
f 4040 4158 4041
f 4042 4156 4043
f 4043 4156 4159
f 4043 4159 4160
f 4043 4160 4157
f 4044 4158 4161
f 4044 4161 4162
f 4044 4162 4045
f 4045 4162 4163
f 4045 4163 4046
f 4046 4163 4164
f 4046 4164 4047
f 4047 4164 4165
f 4047 4165 4048
f 4048 4165 4049
f 4049 4165 4166
f 4049 4166 4167
f 4049 4167 4148
f 4050 4168 4169
f 4050 4169 4051
f 4050 4053 4168
f 4051 4170 4052
f 4051 4169 4171
f 4051 4171 4170
f 4052 4170 4172
f 4052 4172 4054
f 4053 4151 4168
f 4054 4173 4055
f 4054 4172 4173
f 4055 4173 4174
f 4055 4174 4056
f 4056 4174 4175
f 4056 4175 4057
f 4057 4175 4145
f 4058 4131 4176
f 4058 4176 4059
f 4059 4176 4177
f 4059 4177 4060
f 4060 4177 4178
f 4060 4178 4061
f 4061 4178 4062
f 4062 4178 4179
f 4062 4179 4180
f 4062 4180 4181
f 4062 4181 4064
f 4064 4181 4065
f 4065 4182 4183
f 4065 4183 4184
f 4065 4184 4066
f 4065 4181 4182
f 4066 4184 4185
f 4066 4185 4067
f 4067 4185 4186
f 4067 4186 4070
f 4067 4070 4068
f 4070 4186 4187
f 4070 4187 4071
f 4071 4187 4088
f 4072 4101 4188
f 4072 4188 4073
f 4074 4188 4189
f 4074 4189 4075
f 4075 4190 4076
f 4075 4189 4190
f 4076 4191 4192
f 4076 4192 4193
f 4076 4193 4077
f 4076 4190 4191
f 4077 4193 4194
f 4077 4194 4078
f 4078 4194 4195
f 4078 4195 4196
f 4078 4196 4079
f 4079 4196 4081
f 4079 4081 4080
f 4081 4196 4197
f 4081 4197 4082
f 4082 4197 4083
f 4083 4197 4198
f 4083 4198 4084
f 4084 4198 4085
f 4085 4198 4199
f 4085 4199 4200
f 4085 4200 4201
f 4085 4201 4086
f 4086 4201 4202
f 4086 4202 4203
f 4086 4203 4087
f 4088 4204 4205
f 4088 4205 4089
f 4088 4187 4204
f 4089 4205 4206
f 4089 4206 4207
f 4089 4207 4090
f 4090 4207 4314
f 4090 4314 4208
f 4090 4208 4095
f 4090 4095 4094
f 4090 4094 4091
f 4091 4094 4093
f 4095 4208 4209
f 4095 4209 4210
f 4095 4210 4096
f 4096 4210 4211
f 4096 4211 4100
f 4096 4100 4097
f 4098 4212 4213
f 4098 4213 4099
f 4098 4100 4212
f 4099 4213 4101
f 4100 4211 4214
f 4100 4214 4212
f 4101 4213 4215
f 4101 4215 4188
f 4102 4106 4216
f 4102 4216 4217
f 4102 4217 4103
f 4103 4217 4218
f 4103 4218 4104
f 4104 4218 4219
f 4104 4219 4105
f 4105 4219 4220
f 4105 4220 4221
f 4105 4221 4110
f 4106 4119 4216
f 4107 4222 4223
f 4107 4223 4108
f 4107 4111 4222
f 4108 4223 4112
f 4108 4112 4109
f 4110 4221 4224
f 4110 4224 4111
f 4111 4225 4226
f 4111 4226 4227
f 4111 4227 4223
f 4111 4223 4222
f 4111 4224 4228
f 4111 4228 4229
f 4111 4229 4230
f 4111 4230 4231
f 4111 4231 4232
f 4111 4232 4225
f 4112 4223 4233
f 4112 4233 4125
f 4112 4125 4114
f 4112 4114 4113
f 4117 4234 4118
f 4118 4234 4235
f 4118 4235 4119
f 4119 4235 4217
f 4119 4217 4216
f 4120 4125 4233
f 4120 4233 4236
f 4120 4236 4121
f 4121 4236 4237
f 4121 4237 4238
f 4121 4238 4123
f 4121 4123 4122
f 4123 4239 4153
f 4123 4153 4124
f 4123 4238 4239
f 4126 4240 4127
f 4126 4129 4241
f 4126 4241 4240
f 4127 4240 4130
f 4128 4146 4242
f 4128 4242 4129
f 4129 4242 4241
f 4130 4240 4243
f 4130 4243 4133
f 4131 4132 4244
f 4131 4244 4176
f 4132 4133 4245
f 4132 4245 4244
f 4133 4243 4246
f 4133 4246 4245
f 4134 4247 4250
f 4134 4250 4135
f 4134 4136 4248
f 4134 4248 4249
f 4134 4249 4247
f 4135 4250 4251
f 4135 4251 4137
f 4136 4139 4248
f 4137 4251 4147
f 4138 4252 4139
f 4138 4144 4253
f 4138 4253 4252
f 4139 4254 4248
f 4139 4252 4254
f 4140 4141 4255
f 4140 4255 4256
f 4140 4256 4142
f 4141 4145 4175
f 4141 4175 4255
f 4142 4256 4257
f 4142 4257 4143
f 4143 4258 4144
f 4143 4257 4258
f 4144 4258 4259
f 4144 4259 4253
f 4146 4260 4242
f 4146 4147 4260
f 4147 4251 4261
f 4147 4261 4260
f 4148 4167 4166
f 4148 4166 4262
f 4148 4262 4263
f 4148 4263 4152
f 4150 4263 4151
f 4150 4152 4263
f 4151 4263 4264
f 4151 4264 4168
f 4153 4239 4154
f 4154 4239 4155
f 4155 4239 4265
f 4155 4265 4156
f 4156 4265 4266
f 4156 4266 4267
f 4156 4267 4159
f 4157 4160 4161
f 4157 4161 4158
f 4159 4267 4266
f 4159 4266 4268
f 4159 4268 4269
f 4159 4269 4160
f 4160 4269 4270
f 4160 4270 4271
f 4160 4271 4161
f 4161 4271 4272
f 4161 4272 4162
f 4162 4272 4273
f 4162 4273 4163
f 4163 4273 4274
f 4163 4274 4164
f 4164 4274 4166
f 4164 4166 4165
f 4166 4274 4275
f 4166 4275 4276
f 4166 4276 4262
f 4168 4277 4169
f 4168 4264 4278
f 4168 4278 4277
f 4169 4277 4171
f 4170 4279 4172
f 4170 4171 4280
f 4170 4280 4279
f 4171 4277 4280
f 4172 4279 4281
f 4172 4281 4173
f 4173 4281 4174
f 4174 4282 4283
f 4174 4283 4175
f 4174 4281 4282
f 4175 4283 4255
f 4176 4244 4284
f 4176 4284 4177
f 4177 4284 4285
f 4177 4285 4178
f 4178 4285 4179
f 4179 4285 4286
f 4179 4286 4181
f 4179 4181 4180
f 4181 4286 4287
f 4181 4287 4182
f 4182 4288 4289
f 4182 4289 4290
f 4182 4290 4183
f 4182 4287 4286
f 4182 4286 4285
f 4182 4285 4288
f 4183 4290 4291
f 4183 4291 4292
f 4183 4292 4184
f 4184 4292 4293
f 4184 4293 4185
f 4185 4293 4294
f 4185 4294 4186
f 4186 4294 4295
f 4186 4295 4204
f 4186 4204 4187
f 4188 4215 4296
f 4188 4296 4189
f 4189 4296 4297
f 4189 4297 4190
f 4190 4297 4191
f 4191 4298 4192
f 4191 4297 4298
f 4192 4298 4299
f 4192 4299 4300
f 4192 4300 4301
f 4192 4301 4193
f 4193 4301 4302
f 4193 4302 4194
f 4194 4302 4303
f 4194 4303 4195
f 4195 4303 4304
f 4195 4304 4196
f 4196 4304 4305
f 4196 4305 4306
f 4196 4306 4197
f 4197 4306 4198
f 4198 4306 4200
f 4198 4200 4199
f 4200 4307 4201
f 4200 4306 4308
f 4200 4308 4307
f 4201 4307 4202
f 4202 4307 4309
f 4202 4309 4203
f 4204 4295 4310
f 4204 4310 4311
f 4204 4311 4205
f 4205 4311 4206
f 4206 4311 4312
f 4206 4312 4313
f 4206 4313 4207
f 4207 4313 4314
f 4208 4314 4315
f 4208 4315 4209
f 4209 4315 4414
f 4209 4414 4316
f 4209 4316 4210
f 4210 4316 4317
f 4210 4317 4211
f 4211 4317 4318
f 4211 4318 4319
f 4211 4319 4214
f 4212 4214 4320
f 4212 4320 4321
f 4212 4321 4322
f 4212 4322 4213
f 4213 4322 4323
f 4213 4323 4215
f 4214 4319 4320
f 4215 4323 4324
f 4215 4324 4325
f 4215 4325 4296
f 4217 4235 4326
f 4217 4326 4308
f 4217 4308 4218
f 4218 4308 4219
f 4219 4308 4220
f 4220 4228 4327
f 4220 4327 4221
f 4220 4308 4328
f 4220 4328 4228
f 4221 4327 4224
f 4223 4227 4236
f 4223 4236 4233
f 4224 4327 4228
f 4225 4329 4330
f 4225 4330 4226
f 4225 4232 4329
f 4226 4330 4331
f 4226 4331 4236
f 4226 4236 4227
f 4228 4332 4229
f 4228 4328 4333
f 4228 4333 4334
f 4228 4334 4332
f 4229 4332 4230
f 4230 4332 4334
f 4230 4334 4305
f 4230 4305 4304
f 4230 4304 4335
f 4230 4335 4231
f 4231 4335 4336
f 4231 4336 4337
f 4231 4337 4338
f 4231 4338 4232
f 4232 4338 4339
f 4232 4339 4340
f 4232 4340 4329
f 4234 4341 4235
f 4235 4342 4343
f 4235 4343 4326
f 4235 4341 4342
f 4236 4331 4237
f 4237 4344 4238
f 4237 4331 4345
f 4237 4345 4344
f 4238 4344 4346
f 4238 4346 4239
f 4239 4346 4265
f 4240 4241 4347
f 4240 4347 4243
f 4241 4242 4348
f 4241 4348 4347
f 4242 4260 4348
f 4243 4347 4349
f 4243 4349 4246
f 4244 4245 4350
f 4244 4350 4284
f 4245 4246 4351
f 4245 4351 4441
f 4245 4441 4350
f 4246 4349 4352
f 4246 4352 4351
f 4247 4353 4354
f 4247 4354 4250
f 4247 4249 4355
f 4247 4355 4353
f 4248 4254 4249
f 4249 4254 4356
f 4249 4356 4357
f 4249 4357 4355
f 4250 4354 4358
f 4250 4358 4251
f 4251 4358 4261
f 4252 4359 4356
f 4252 4356 4254
f 4252 4253 4360
f 4252 4360 4359
f 4253 4259 4360
f 4255 4361 4256
f 4255 4283 4361
f 4256 4361 4362
f 4256 4362 4257
f 4257 4363 4258
f 4257 4362 4363
f 4258 4364 4259
f 4258 4363 4364
f 4259 4364 4365
f 4259 4365 4360
f 4260 4366 4348
f 4260 4261 4366
f 4261 4367 4366
f 4261 4358 4367
f 4262 4276 4263
f 4263 4276 4264
f 4264 4368 4278
f 4264 4276 4368
f 4265 4346 4369
f 4265 4369 4370
f 4265 4370 4266
f 4266 4370 4268
f 4268 4370 4269
f 4269 4370 4371
f 4269 4371 4372
f 4269 4372 4270
f 4270 4372 4373
f 4270 4373 4374
f 4270 4374 4271
f 4271 4374 4375
f 4271 4375 4272
f 4272 4375 4273
f 4273 4375 4376
f 4273 4376 4377
f 4273 4377 4275
f 4273 4275 4274
f 4275 4377 4378
f 4275 4378 4379
f 4275 4379 4276
f 4276 4379 4368
f 4277 4278 4380
f 4277 4380 4381
f 4277 4381 4382
f 4277 4382 4383
f 4277 4383 4280
f 4278 4368 4384
f 4278 4384 4385
f 4278 4385 4380
f 4279 4280 4382
f 4279 4382 4386
f 4279 4386 4387
f 4279 4387 4388
f 4279 4388 4281
f 4280 4383 4382
f 4281 4388 4282
f 4282 4388 4389
f 4282 4389 4390
f 4282 4390 4283
f 4283 4390 4361
f 4284 4350 4391
f 4284 4391 4392
f 4284 4392 4393
f 4284 4393 4285
f 4285 4393 4289
f 4285 4289 4288
f 4289 4393 4392
f 4289 4392 4290
f 4290 4394 4395
f 4290 4395 4291
f 4290 4392 4396
f 4290 4396 4394
f 4291 4395 4397
f 4291 4397 4398
f 4291 4398 4292
f 4292 4398 4399
f 4292 4399 4400
f 4292 4400 4293
f 4293 4400 4401
f 4293 4401 4294
f 4294 4401 4295
f 4295 4401 4310
f 4296 4325 4297
f 4297 4402 4403
f 4297 4403 4298
f 4297 4325 4402
f 4298 4403 4299
f 4299 4403 4404
f 4299 4404 4300
f 4300 4404 4405
f 4300 4405 4406
f 4300 4406 4407
f 4300 4407 4301
f 4301 4407 4337
f 4301 4337 4302
f 4302 4337 4336
f 4302 4336 4303
f 4303 4336 4304
f 4304 4336 4335
f 4305 4334 4306
f 4306 4334 4333
f 4306 4333 4328
f 4306 4328 4308
f 4307 4308 4326
f 4307 4326 4408
f 4307 4408 4409
f 4307 4409 4309
f 4310 4401 4410
f 4310 4410 4312
f 4310 4312 4311
f 4312 4411 4313
f 4312 4410 4412
f 4312 4412 4413
f 4312 4413 4411
f 4313 4411 4315
f 4313 4315 4314
f 4315 4411 4413
f 4315 4413 4414
f 4316 4414 4415
f 4316 4415 4317
f 4317 4415 4318
f 4318 4415 4501
f 4318 4501 4416
f 4318 4416 4319
f 4319 4416 4502
f 4319 4502 4417
f 4319 4417 4418
f 4319 4418 4419
f 4319 4419 4320
f 4320 4419 4420
f 4320 4420 4321
f 4321 4420 4421
f 4321 4421 4422
f 4321 4422 4323
f 4321 4323 4322
f 4323 4422 4324
f 4324 4423 4325
f 4324 4422 4421
f 4324 4421 4423
f 4325 4423 4424
f 4325 4424 4425
f 4325 4425 4402
f 4326 4343 4408
f 4329 4340 4426
f 4329 4426 4427
f 4329 4427 4330
f 4330 4345 4331
f 4330 4427 4345
f 4337 4407 4428
f 4337 4428 4429
f 4337 4429 4338
f 4338 4429 4339
f 4339 4429 4430
f 4339 4430 4340
f 4340 4430 4431
f 4340 4431 4426
f 4341 4432 4342
f 4342 4432 4433
f 4342 4433 4343
f 4343 4433 4434
f 4343 4434 4409
f 4343 4409 4408
f 4344 4345 4435
f 4344 4435 4436
f 4344 4436 4437
f 4344 4437 4346
f 4345 4427 4435
f 4346 4437 4438
f 4346 4438 4369
f 4347 4348 4439
f 4347 4439 4349
f 4348 4366 4439
f 4349 4439 4440
f 4349 4440 4352
f 4350 4441 4442
f 4350 4442 4391
f 4351 4352 4443
f 4351 4443 4444
f 4351 4444 4441
f 4352 4440 4445
f 4352 4445 4446
f 4352 4446 4447
f 4352 4447 4443
f 4353 4448 4449
f 4353 4449 4354
f 4353 4355 4448
f 4354 4449 4450
f 4354 4450 4358
f 4355 4451 4448
f 4355 4357 4453
f 4355 4453 4451
f 4356 4359 4452
f 4356 4452 4357
f 4357 4452 4454
f 4357 4454 4453
f 4358 4450 4367
f 4359 4360 4455
f 4359 4455 4452
f 4360 4365 4455
f 4361 4456 4362
f 4361 4390 4456
f 4362 4456 4457
f 4362 4457 4363
f 4363 4458 4364
f 4363 4457 4458
f 4364 4459 4365
f 4364 4458 4459
f 4365 4459 4460
f 4365 4460 4455
f 4366 4461 4439
f 4366 4367 4461
f 4367 4450 4462
f 4367 4462 4461
f 4368 4379 4384
f 4369 4438 4463
f 4369 4463 4370
f 4370 4463 4464
f 4370 4464 4465
f 4370 4465 4371
f 4371 4465 4466
f 4371 4466 4372
f 4372 4466 4467
f 4372 4467 4373
f 4373 4467 4468
f 4373 4468 4374
f 4374 4468 4375
f 4375 4468 4469
f 4375 4469 4470
f 4375 4470 4376
f 4376 4471 4378
f 4376 4378 4377
f 4376 4470 4472
f 4376 4472 4471
f 4378 4472 4473
f 4378 4473 4474
f 4378 4474 4379
f 4378 4471 4472
f 4379 4474 4475
f 4379 4475 4384
f 4380 4385 4381
f 4381 4385 4476
f 4381 4476 4386
f 4381 4386 4382
f 4384 4475 4385
f 4385 4475 4474
f 4385 4474 4477
f 4385 4477 4476
f 4386 4478 4479
f 4386 4479 4387
f 4386 4476 4478
f 4387 4479 4480
f 4387 4480 4388
f 4388 4480 4389
f 4389 4480 4481
f 4389 4481 4482
f 4389 4482 4390
f 4390 4482 4456
f 4391 4442 4392
f 4392 4442 4396
f 4394 4483 4484
f 4394 4484 4395
f 4394 4396 4442
f 4394 4442 4441
f 4394 4441 4483
f 4395 4484 4485
f 4395 4485 4397
f 4397 4485 4486
f 4397 4486 4556
f 4397 4556 4487
f 4397 4487 4398
f 4398 4487 4488
f 4398 4488 4496
f 4398 4496 4489
f 4398 4489 4399
f 4399 4489 4490
f 4399 4490 4400
f 4400 4490 4410
f 4400 4410 4401
f 4402 4425 4403
f 4403 4425 4491
f 4403 4491 4492
f 4403 4492 4404
f 4404 4492 4405
f 4405 4492 4493
f 4405 4493 4406
f 4406 4494 4495
f 4406 4495 4428
f 4406 4428 4407
f 4406 4493 4494
f 4410 4490 4496
f 4410 4496 4412
f 4412 4497 4498
f 4412 4498 4499
f 4412 4499 4500
f 4412 4500 4413
f 4412 4496 4497
f 4413 4500 4501
f 4413 4501 4415
f 4413 4415 4414
f 4416 4501 4502
f 4417 4502 4418
f 4418 4503 4504
f 4418 4504 4505
f 4418 4505 4419
f 4418 4502 4500
f 4418 4500 4503
f 4419 4505 4506
f 4419 4506 4420
f 4420 4506 4507
f 4420 4507 4424
f 4420 4424 4423
f 4420 4423 4421
f 4424 4507 4508
f 4424 4508 4425
f 4425 4508 4509
f 4425 4509 4491
f 4426 4510 4511
f 4426 4511 4427
f 4426 4431 4510
f 4427 4511 4436
f 4427 4436 4435
f 4428 4495 4430
f 4428 4430 4429
f 4430 4512 4431
f 4430 4495 4512
f 4431 4512 4513
f 4431 4513 4510
f 4432 4434 4433
f 4436 4511 4514
f 4436 4514 4438
f 4436 4438 4437
f 4438 4514 4463
f 4439 4461 4440
f 4440 4461 4515
f 4440 4515 4516
f 4440 4516 4517
f 4440 4517 4445
f 4441 4444 4483
f 4443 4447 4444
f 4444 4447 4484
f 4444 4484 4483
f 4445 4517 4446
f 4446 4517 4518
f 4446 4518 4484
f 4446 4484 4447
f 4448 4519 4520
f 4448 4520 4449
f 4448 4451 4521
f 4448 4521 4519
f 4449 4522 4523
f 4449 4523 4450
f 4449 4520 4522
f 4450 4523 4462
f 4451 4453 4524
f 4451 4524 4521
f 4452 4455 4525
f 4452 4525 4454
f 4453 4454 4524
f 4454 4526 4524
f 4454 4525 4527
f 4454 4527 4526
f 4455 4460 4525
f 4456 4528 4457
f 4456 4482 4528
f 4457 4528 4529
f 4457 4529 4458
f 4458 4530 4459
f 4458 4529 4530
f 4459 4531 4460
f 4459 4530 4531
f 4460 4531 4532
f 4460 4532 4525
f 4461 4462 4537
f 4461 4537 4515
f 4462 4523 4533
f 4462 4533 4534
f 4462 4534 4535
f 4462 4535 4536
f 4462 4536 4554
f 4462 4554 4537
f 4463 4514 4538
f 4463 4538 4464
f 4464 4538 4465
f 4465 4538 4539
f 4465 4539 4466
f 4466 4539 4540
f 4466 4540 4467
f 4467 4540 4541
f 4467 4541 4542
f 4467 4542 4468
f 4468 4542 4543
f 4468 4543 4469
f 4469 4543 4470
f 4470 4543 4544
f 4470 4544 4472
f 4472 4545 4473
f 4472 4544 4545
f 4473 4545 4474
f 4474 4545 4477
f 4476 4477 4545
f 4476 4545 4546
f 4476 4546 4478
f 4478 4547 4548
f 4478 4548 4479
f 4478 4546 4549
f 4478 4549 4547
f 4479 4548 4550
f 4479 4550 4480
f 4480 4550 4481
f 4481 4550 4551
f 4481 4551 4552
f 4481 4552 4482
f 4482 4552 4528
f 4484 4518 4553
f 4484 4553 4485
f 4485 4553 4554
f 4485 4554 4486
f 4486 4554 4555
f 4486 4555 4556
f 4487 4556 4557
f 4487 4557 4558
f 4487 4558 4488
f 4488 4558 4564
f 4488 4564 4496
f 4489 4496 4490
f 4491 4559 4492
f 4491 4509 4559
f 4492 4559 4560
f 4492 4560 4561
f 4492 4561 4493
f 4493 4561 4494
f 4494 4562 4495
f 4494 4561 4562
f 4495 4562 4563
f 4495 4563 4512
f 4496 4564 4497
f 4497 4564 4622
f 4497 4622 4565
f 4497 4565 4630
f 4497 4630 4566
f 4497 4566 4498
f 4498 4566 4632
f 4498 4632 4567
f 4498 4567 4636
f 4498 4636 4568
f 4498 4568 4499
f 4499 4568 4569
f 4499 4569 4570
f 4499 4570 4571
f 4499 4571 4572
f 4499 4572 4500
f 4500 4502 4501
f 4500 4572 4573
f 4500 4573 4574
f 4500 4574 4503
f 4503 4573 4504
f 4503 4574 4573
f 4504 4573 4575
f 4504 4575 4576
f 4504 4576 4577
f 4504 4577 4578
f 4504 4578 4505
f 4505 4578 4579
f 4505 4579 4506
f 4506 4579 4580
f 4506 4580 4581
f 4506 4581 4507
f 4507 4581 4509
f 4507 4509 4508
f 4509 4581 4580
f 4509 4580 4582
f 4509 4582 4559
f 4510 4513 4583
f 4510 4583 4584
f 4510 4584 4511
f 4511 4584 4514
f 4512 4563 4627
f 4512 4627 4585
f 4512 4585 4513
f 4513 4585 4586
f 4513 4586 4583
f 4514 4584 4538
f 4515 4537 4554
f 4515 4554 4516
f 4516 4553 4517
f 4516 4554 4553
f 4517 4553 4518
f 4519 4587 4520
f 4519 4521 4591
f 4519 4591 4587
f 4520 4587 4588
f 4520 4588 4589
f 4520 4589 4590
f 4520 4590 4523
f 4520 4523 4522
f 4521 4524 4593
f 4521 4593 4591
f 4523 4590 4592
f 4523 4592 4533
f 4524 4526 4593
f 4525 4532 4527
f 4526 4594 4595
f 4526 4595 4593
f 4526 4527 4594
f 4527 4596 4595
f 4527 4595 4594
f 4527 4532 4596
f 4528 4597 4529
f 4528 4552 4597
f 4529 4597 4598
f 4529 4598 4530
f 4530 4599 4531
f 4530 4598 4599
f 4531 4600 4601
f 4531 4601 4602
f 4531 4602 4603
f 4531 4603 4604
f 4531 4604 4532
f 4531 4599 4600
f 4532 4604 4605
f 4532 4605 4596
f 4533 4592 4589
f 4533 4589 4534
f 4534 4589 4535
f 4535 4589 4536
f 4536 4589 4554
f 4538 4584 4606
f 4538 4606 4539
f 4539 4606 4607
f 4539 4607 4540
f 4540 4607 4608
f 4540 4608 4541
f 4541 4608 4609
f 4541 4609 4610
f 4541 4610 4542
f 4542 4610 4611
f 4542 4611 4543
f 4543 4611 4612
f 4543 4612 4544
f 4544 4612 4613
f 4544 4613 4545
f 4545 4613 4549
f 4545 4549 4546
f 4547 4614 4615
f 4547 4615 4548
f 4547 4549 4614
f 4548 4615 4616
f 4548 4616 4550
f 4549 4617 4614
f 4549 4613 4612
f 4549 4612 4617
f 4550 4616 4551
f 4551 4616 4618
f 4551 4618 4619
f 4551 4619 4552
f 4552 4619 4597
f 4554 4589 4555
f 4555 4589 4588
f 4555 4588 4620
f 4555 4620 4556
f 4556 4620 4621
f 4556 4621 4622
f 4556 4622 4564
f 4556 4564 4557
f 4557 4564 4558
f 4559 4623 4624
f 4559 4624 4560
f 4559 4582 4623
f 4560 4624 4561
f 4561 4625 4562
f 4561 4624 4626
f 4561 4626 4625
f 4562 4625 4563
f 4563 4625 4627
f 4565 4628 4629
f 4565 4629 4630
f 4565 4622 4621
f 4565 4621 4628
f 4566 4630 4631
f 4566 4631 4632
f 4567 4632 4633
f 4567 4633 4634
f 4567 4634 4635
f 4567 4635 4636
f 4568 4636 4637
f 4568 4637 4569
f 4569 4637 4570
f 4570 4637 4638
f 4570 4638 4639
f 4570 4639 4640
f 4570 4640 4571
f 4571 4640 4641
f 4571 4641 4572
f 4572 4641 4573
f 4573 4641 4575
f 4575 4641 4642
f 4575 4642 4576
f 4576 4642 4682
f 4576 4682 4643
f 4576 4643 4644
f 4576 4644 4645
f 4576 4645 4577
f 4577 4645 4578
f 4578 4645 4646
f 4578 4646 4579
f 4579 4646 4647
f 4579 4647 4648
f 4579 4648 4649
f 4579 4649 4650
f 4579 4650 4580
f 4580 4650 4623
f 4580 4623 4582
f 4583 4586 4651
f 4583 4651 4606
f 4583 4606 4584
f 4585 4627 4652
f 4585 4652 4653
f 4585 4653 4654
f 4585 4654 4586
f 4586 4654 4655
f 4586 4655 4651
f 4587 4591 4588
f 4588 4591 4620
f 4589 4592 4590
f 4591 4593 4656
f 4591 4656 4657
f 4591 4657 4620
f 4593 4595 4658
f 4593 4658 4656
f 4595 4596 4605
f 4595 4605 4659
f 4595 4659 4658
f 4597 4660 4598
f 4597 4619 4660
f 4598 4660 4661
f 4598 4661 4662
f 4598 4662 4599
f 4599 4662 4663
f 4599 4663 4601
f 4599 4601 4600
f 4601 4663 4664
f 4601 4664 4659
f 4601 4659 4602
f 4602 4659 4605
f 4602 4605 4603
f 4603 4605 4604
f 4606 4651 4607
f 4607 4651 4665
f 4607 4665 4608
f 4608 4665 4666
f 4608 4666 4609
f 4609 4666 4667
f 4609 4667 4668
f 4609 4668 4610
f 4610 4668 4669
f 4610 4669 4611
f 4611 4669 4670
f 4611 4670 4617
f 4611 4617 4612
f 4614 4671 4672
f 4614 4672 4615
f 4614 4617 4671
f 4615 4672 4673
f 4615 4673 4616
f 4616 4673 4618
f 4617 4670 4671
f 4618 4673 4674
f 4618 4674 4675
f 4618 4675 4619
f 4619 4675 4660
f 4620 4657 4621
f 4621 4657 4628
f 4623 4650 4624
f 4624 4648 4626
f 4624 4650 4649
f 4624 4649 4648
f 4625 4652 4627
f 4625 4626 4652
f 4626 4648 4676
f 4626 4676 4652
f 4628 4657 4656
f 4628 4656 4677
f 4628 4677 4629
f 4629 4677 4678
f 4629 4678 4630
f 4630 4678 4631
f 4631 4678 4633
f 4631 4633 4632
f 4633 4679 4635
f 4633 4635 4634
f 4633 4678 4679
f 4635 4679 4680
f 4635 4680 4638
f 4635 4638 4637
f 4635 4637 4636
f 4638 4680 4714
f 4638 4714 4681
f 4638 4681 4643
f 4638 4643 4639
f 4639 4682 4640
f 4639 4643 4682
f 4640 4682 4642
f 4640 4642 4641
f 4643 4681 4683
f 4643 4683 4644
f 4644 4683 4684
f 4644 4684 4685
f 4644 4685 4686
f 4644 4686 4645
f 4645 4686 4687
f 4645 4687 4646
f 4646 4687 4688
f 4646 4688 4648
f 4646 4648 4647
f 4648 4688 4676
f 4651 4655 4665
f 4652 4689 4690
f 4652 4690 4653
f 4652 4676 4691
f 4652 4691 4689
f 4653 4690 4654
f 4654 4690 4692
f 4654 4692 4655
f 4655 4692 4721
f 4655 4721 4693
f 4655 4693 4665
f 4656 4658 4678
f 4656 4678 4677
f 4658 4659 4694
f 4658 4694 4678
f 4659 4664 4695
f 4659 4695 4694
f 4660 4696 4697
f 4660 4697 4661
f 4660 4675 4696
f 4661 4697 4698
f 4661 4698 4699
f 4661 4699 4700
f 4661 4700 4662
f 4662 4700 4701
f 4662 4701 4663
f 4663 4701 4664
f 4664 4701 4699
f 4664 4699 4695
f 4665 4693 4702
f 4665 4702 4666
f 4666 4702 4703
f 4666 4703 4667
f 4667 4703 4704
f 4667 4704 4668
f 4668 4704 4705
f 4668 4705 4669
f 4669 4705 4706
f 4669 4706 4670
f 4670 4706 4671
f 4671 4706 4707
f 4671 4707 4672
f 4672 4707 4708
f 4672 4708 4673
f 4673 4708 4674
f 4674 4708 4709
f 4674 4709 4710
f 4674 4710 4675
f 4675 4710 4711
f 4675 4711 4696
f 4676 4688 4691
f 4678 4694 4679
f 4679 4695 4712
f 4679 4712 4680
f 4679 4694 4695
f 4680 4712 4713
f 4680 4713 4714
f 4681 4714 4715
f 4681 4715 4683
f 4683 4715 4684
f 4684 4716 4717
f 4684 4717 4718
f 4684 4718 4691
f 4684 4691 4685
f 4684 4715 4716
f 4685 4691 4686
f 4686 4691 4719
f 4686 4719 4687
f 4687 4719 4688
f 4688 4719 4691
f 4689 4718 4720
f 4689 4720 4690
f 4689 4691 4718
f 4690 4720 4692
f 4692 4720 4721
f 4693 4721 4722
f 4693 4722 4702
f 4695 4699 4712
f 4696 4711 4723
f 4696 4723 4698
f 4696 4698 4697
f 4698 4723 4699
f 4699 4701 4700
f 4699 4723 4724
f 4699 4724 4725
f 4699 4725 4712
f 4702 4722 4726
f 4702 4726 4703
f 4703 4726 4727
f 4703 4727 4704
f 4704 4727 4728
f 4704 4728 4705
f 4705 4728 4729
f 4705 4729 4706
f 4706 4729 4707
f 4707 4729 4730
f 4707 4730 4708
f 4708 4730 4709
f 4709 4730 4731
f 4709 4731 4732
f 4709 4732 4733
f 4709 4733 4734
f 4709 4734 4735
f 4709 4735 4710
f 4710 4735 4736
f 4710 4736 4725
f 4710 4725 4711
f 4711 4725 4724
f 4711 4724 4723
f 4712 4725 4713
f 4713 4725 4748
f 4713 4748 4733
f 4713 4733 4737
f 4713 4737 4714
f 4714 4737 4715
f 4715 4737 4738
f 4715 4738 4739
f 4715 4739 4740
f 4715 4740 4741
f 4715 4741 4716
f 4716 4742 4743
f 4716 4743 4744
f 4716 4744 4717
f 4716 4741 4745
f 4716 4745 4742
f 4717 4744 4746
f 4717 4746 4718
f 4718 4746 4747
f 4718 4747 4722
f 4718 4722 4720
f 4720 4722 4721
f 4722 4747 4726
f 4725 4736 4749
f 4725 4749 4748
f 4726 4747 4746
f 4726 4746 4744
f 4726 4744 4727
f 4727 4744 4750
f 4727 4750 4728
f 4728 4750 4751
f 4728 4751 4729
f 4729 4751 4730
f 4730 4751 4731
f 4731 4751 4752
f 4731 4752 4753
f 4731 4753 4754
f 4731 4754 4733
f 4731 4733 4732
f 4733 4754 4737
f 4733 4748 4734
f 4734 4748 4735
f 4735 4748 4749
f 4735 4749 4736
f 4737 4754 4755
f 4737 4755 4752
f 4737 4752 4738
f 4738 4752 4739
f 4739 4752 4751
f 4739 4751 4740
f 4740 4751 4750
f 4740 4750 4741
f 4741 4750 4745
f 4742 4750 4743
f 4742 4745 4750
f 4743 4750 4744
f 4752 4755 4753
f 4753 4755 4754
o convex_13
v -0.034301 -0.0273706 -0.0291769
v -0.0313981 -0.0273706 -0.0291769
v -0.0344746 -0.0273706 -0.0287371
v -0.034824 -0.0261055 -0.0291769
v -0.0302927 -0.0133478 -0.0291769
v -0.0301919 -0.0137596 -0.0287371
v -0.0301987 -0.0164925 -0.0273684
v -0.030211 -0.0219524 -0.0232682
v -0.0302076 -0.0233189 -0.0219056
v -0.0302031 -0.0273706 -0.0164924
v -0.0349192 -0.0273706 -0.0275108
v -0.0350178 -0.0256282 -0.0291769
v -0.0301987 -0.0119515 -0.0291769
v -0.0296689 -0.00282781 -0.0260058
v -0.0296992 -0.00419428 -0.0260058
v -0.0296689 -0.00829369 -0.024637
v -0.0296656 -0.0110266 -0.0232682
v -0.0296689 -0.0137596 -0.0219056
v -0.0301684 -0.017859 -0.0260058
v -0.0297316 -0.0164925 -0.0205368
v -0.0297193 -0.017859 -0.0191742
v -0.029707 -0.0192254 -0.0178054
v -0.0301707 -0.0260518 -0.0178054
v -0.0296734 -0.0219524 -0.0137053
v -0.0296656 -0.0233189 -0.0109739
v -0.0296779 -0.0246854 -0.00824249
v -0.0297227 -0.0260518 -0.00414232
v -0.0296913 -0.0260518 -0.00277353
v -0.0299736 -0.0273706 -0.00277353
v -0.0349819 -0.0273706 -0.0273374
v -0.0351959 -0.0251329 -0.0291769
v -0.0352149 -0.0270543 -0.0270401
v -0.0359485 -0.0260518 -0.0260058
v -0.0301953 0.0121974 -0.0291769
v -0.0296656 -9.48654e-05 -0.0260058
v -0.0296667 -0.00146134 -0.0260058
v -0.0296633 -0.00692722 -0.024637
v -0.0296622 -0.00966016 -0.0232682
v -0.0294673 0.03168 -0.0068737
v -0.0296622 -0.0123931 -0.0219056
v -0.0296633 -0.015126 -0.0205368
v -0.029726 -0.0205919 -0.0164366
v -0.0296622 -0.0164925 -0.0191742
v -0.0296622 -0.0205919 -0.015074
v -0.0296622 -0.0246854 -0.0068737
v -0.0296712 -0.0260518 -0.00141094
v -0.0299534 -0.0273706 -0.00141094
v -0.0351511 -0.0273706 -0.0268605
v -0.0353504 -0.0246794 -0.0291769
v -0.0353504 -0.0273706 -0.0262969
v -0.03544 -0.0273706 -0.0260367
v -0.0359104 -0.0273706 -0.0246432
v -0.0363225 -0.0261354 -0.0247423
v -0.03643 -0.0253179 -0.0252625
v -0.036327 -0.0247928 -0.0261049
v -0.0302614 0.0135877 -0.0291769
v -0.0301572 0.0135639 -0.0287371
v -0.0296678 0.00263807 -0.0260058
v -0.0296656 0.0012716 -0.0260058
v -0.0294673 0.0321753 -0.0068737
v -0.0294617 0.0317576 -0.00551111
v -0.0296611 -0.0246854 -0.00551111
v -0.0296644 -0.0260518 -4.21533e-05
v -0.0299456 -0.0273706 -4.21533e-05
v -0.0356505 -0.0237485 -0.0291769
v -0.0362923 -0.0273706 -0.0233983
v -0.0364188 -0.0266485 -0.0238504
v -0.0365644 -0.0257356 -0.0243521
v -0.036738 -0.0247928 -0.0247423
v -0.0365644 -0.0244049 -0.0257147
v -0.0364289 -0.0239395 -0.0266251
v -0.0305402 0.0149423 -0.0291769
v -0.0305582 0.0162968 -0.0285328
v -0.0301863 0.0162968 -0.0273684
v -0.0296644 0.00809799 -0.024637
v -0.0295693 0.0307014 -0.0118038
v -0.0295099 0.0308148 -0.0109739
v -0.0296656 0.0135639 -0.0219056
v -0.0295323 0.0320918 -0.00790184
v -0.0302995 0.032587 -0.00551111
v -0.0314306 0.0332136 -0.00277353
v -0.0312906 0.0332554 -0.00141094
v -0.0294617 0.0322171 -0.00551111
v -0.0296633 -0.00146134 0.0259091
v -0.0296611 -0.00556075 0.0245403
v -0.0296644 -0.00829369 0.0245403
v -0.0296622 -0.0123931 0.0218089
v -0.0296633 -0.015126 0.0204463
v -0.0296622 -0.0164925 0.0190775
v -0.0296622 -0.0192254 0.0163461
v -0.0296622 -0.0205919 0.0149774
v -0.0296622 -0.0233189 0.00951459
v -0.0296611 -0.0246854 0.00541442
v -0.0296633 -0.0246854 0.00678321
v -0.0296678 -0.0260518 0.00132044
v -0.02995 -0.0273706 0.00132044
v -0.0364199 -0.0225253 -0.0279629
v -0.0357681 -0.0233607 -0.0291769
v -0.0364849 -0.0273706 -0.0227293
v -0.0365454 -0.0270245 -0.0229399
v -0.0367223 -0.0261354 -0.0233425
v -0.0371826 -0.0246854 -0.0232682
v -0.0371714 -0.0233189 -0.024637
v -0.0367235 -0.0234203 -0.0261049
v -0.0365543 -0.0230325 -0.0270525
v -0.0311708 0.0162968 -0.0291769
v -0.0307228 0.0172635 -0.0282355
v -0.0304865 0.0176931 -0.0274241
v -0.0302995 0.0190297 -0.0260058
v -0.0302009 0.0203902 -0.024637
v -0.0309849 0.0292753 -0.0157553
v -0.0315303 0.0297228 -0.0152103
v -0.0319693 0.0307671 -0.0133027
v -0.0302995 0.0308088 -0.0120639
v -0.0301751 0.0231232 -0.0219056
v -0.0301819 0.0244897 -0.0205368
v -0.0305167 0.0231053 -0.0232558
v -0.0305257 0.0244718 -0.0218622
v -0.0306153 0.0258024 -0.0204315
v -0.0306646 0.0268168 -0.0191742
v -0.030659 0.0280998 -0.0174214
v -0.0316658 0.0323782 -0.00824249
v -0.0316658 0.0327004 -0.0068737
v -0.0316658 0.032951 -0.00551111
v -0.0322616 0.0333986 -0.00367161
v -0.0316658 0.0315309 -0.0109739
v -0.0316658 0.0318829 -0.00990238
v -0.0316658 0.0321037 -0.00922108
v -0.0321138 0.0334403 -0.00277353
v -0.0319738 0.0334761 -0.00141094
v -0.0312559 0.0332733 -4.21533e-05
v -0.0312962 0.0332434 0.00132044
v -0.0295177 0.0321813 -0.00414232
v -0.0296958 0.0203902 0.0163461
v -0.0296835 0.0190297 0.0177087
v -0.0296622 0.0149303 0.0204463
v -0.0296656 0.0135639 0.0218089
v -0.0296622 0.0108309 0.0231777
v -0.0296644 0.00809799 0.0245403
v -0.0296633 0.00263807 0.0259091
v -0.0296656 -0.00282781 0.0259091
v -0.0301628 -0.00556075 0.0313718
v -0.0296913 -0.00419428 0.0259091
v -0.0301684 -0.00966016 0.0300092
v -0.0301774 -0.0137596 0.0286405
v -0.0296656 -0.0137596 0.0218089
v -0.0296891 -0.0192254 0.0177087
v -0.0296689 -0.0219524 0.0136148
v -0.0296656 -0.0233189 0.0108772
v -0.0296745 -0.0246854 0.0081458
v -0.029688 -0.0260518 0.00268304
v -0.0299702 -0.0273706 0.00268304
v -0.0366887 -0.022024 -0.0274551
v -0.0365566 -0.0203115 -0.0291769
v -0.0361366 -0.0220002 -0.0291769
v -0.0360212 -0.0224358 -0.0291769
v -0.03713 -0.0219524 -0.0260058
v -0.036654 -0.0273706 -0.0221224
v -0.03671 -0.0273706 -0.021918
v -0.0371311 -0.0260518 -0.0219056
v -0.0375735 -0.0245959 -0.0218189
v -0.037728 -0.0236351 -0.0222153
v -0.0375836 -0.0232354 -0.0231815
v -0.0375634 -0.021851 -0.0245317
v -0.0312458 0.0164102 -0.0291769
v -0.0319435 0.0174127 -0.0291769
v -0.0309311 0.0197458 -0.0267118
v -0.0307833 0.0212316 -0.0254545
v -0.0307105 0.0190297 -0.0269472
v -0.0306489 0.0202769 -0.02595
v -0.0305447 0.021715 -0.024606
v -0.0318954 0.0294245 -0.0160155
v -0.0315303 0.0290426 -0.0164552
v -0.0330321 0.0300271 -0.015074
v -0.0330321 0.0304985 -0.0140831
v -0.0330321 0.0308148 -0.0134018
v -0.0330321 0.0312385 -0.0123427
v -0.0330321 0.0317158 -0.0109739
v -0.0315751 0.0309819 -0.0124418
v -0.0307295 0.0240004 -0.0227851
v -0.0307474 0.0226339 -0.0241291
v -0.0307687 0.0253131 -0.0213791
v -0.0308997 0.0265841 -0.0199113
v -0.03135 0.0277775 -0.0183319
v -0.0317498 0.028237 -0.0178488
v -0.0330321 0.0325572 -0.00824249
v -0.0330321 0.0328735 -0.0068737
v -0.0330321 0.0334045 -0.00372735
v -0.0330321 0.0334881 -0.00277353
v -0.0330321 0.03313 -0.00551111
v -0.0330321 0.033315 -0.00440865
v -0.0330321 0.0319724 -0.0101873
v -0.0330321 0.0321872 -0.00950599
v -0.0330321 0.0335537 -0.00141094
v -0.0330321 0.0335895 -4.21533e-05
v -0.0319391 0.0334761 -4.21533e-05
v -0.0319794 0.0334761 0.00132044
v -0.0320981 0.0334523 0.00268304
v -0.0314149 0.0331838 0.00268304
v -0.0305414 0.0323722 0.00541442
v -0.029576 0.0320977 -0.00310179
v -0.0302334 0.0285891 0.0136148
v -0.030258 0.0272226 0.0163461
v -0.029688 0.0231232 0.012246
v -0.0306119 0.0322708 0.00678321
v -0.0302972 0.0244897 0.0204463
v -0.0302793 0.0231232 0.0218089
v -0.030286 0.0217567 0.0231777
v -0.0302939 0.0203902 0.0245403
v -0.0296936 0.0176633 0.0190775
v -0.0297059 0.0162968 0.0204463
v -0.0297272 0.0149303 0.0218089
v -0.0296913 0.00946446 0.0245403
v -0.0296801 0.00399858 0.0259091
v -0.0302054 0.00536505 0.0313718
v -0.0301628 -0.00419428 0.0313718
v -0.030557 -9.48654e-05 0.0325982
v -0.0305537 -0.00146134 0.0325796
v -0.0305257 -0.00419428 0.0324557
v -0.0305268 -0.00556075 0.0324062
v -0.0302591 -0.00692722 0.0313718
v -0.030211 -0.0110266 0.0300092
v -0.0301886 -0.0164925 0.0272779
v -0.0305414 -0.0137596 0.0297739
v -0.0301942 -0.0219524 0.0231777
v -0.0302031 -0.0233189 0.0218089
v -0.0302244 -0.0246854 0.0204463
v -0.0302076 -0.0273706 0.0163461
v -0.029707 -0.0233189 0.012246
v -0.0301796 -0.0260518 0.0177087
v -0.037037 -0.0205919 -0.0273684
v -0.0366887 -0.0196789 -0.0291769
v -0.0374346 -0.0205919 -0.0260058
v -0.037074 -0.0273706 -0.0204749
v -0.0375309 -0.0259206 -0.0204067
v -0.0377101 -0.0249897 -0.0207722
v -0.0378322 -0.0240767 -0.0213048
v -0.0378333 -0.0227281 -0.0226674
v -0.0381939 -0.0233189 -0.0205368
v -0.0379162 -0.0232354 -0.0218189
v -0.0377202 -0.0222388 -0.0235779
v -0.0378266 -0.0213259 -0.0240052
v -0.0377224 -0.0205919 -0.0249714
v -0.0329448 0.0175499 -0.0291769
v -0.0323254 0.0210944 -0.0267056
v -0.0320432 0.0186956 -0.0283098
v -0.031789 0.0202769 -0.026941
v -0.0330321 0.0294841 -0.0161331
v -0.0322605 0.0279327 -0.0185301
v -0.0330321 0.0290903 -0.0168144
v -0.0339561 0.0294066 -0.0159969
v -0.0339079 0.0307432 -0.0132469
v -0.0339449 0.0321276 -0.00930779
v -0.0313712 0.0235409 -0.0236955
v -0.0322818 0.0238512 -0.023999
v -0.0316658 0.0249611 -0.0223453
v -0.0316658 0.025516 -0.021664
v -0.0316658 0.0262022 -0.0207722
v -0.0316658 0.0267035 -0.0200909
v -0.0337646 0.0333926 -0.00360348
v -0.0338239 0.0334224 -0.00277353
v -0.0338911 0.0334523 -0.00141094
v -0.0339561 0.0334821 -4.21533e-05
v -0.0339359 0.0334761 0.00132044
v -0.0330321 0.0335776 0.00132044
v -0.0322336 0.0334105 0.00358111
v -0.031733 0.033142 0.00403944
v -0.0316658 0.0329272 0.00541442
v -0.0302502 0.031322 0.00678321
v -0.0302603 0.0299555 0.0108772
v -0.0304014 0.0285891 0.0149774
v -0.0303543 0.0258561 0.0190775
v -0.0316658 0.0327123 0.00678321
v -0.0308225 0.0321097 0.0081458
v -0.030622 0.0309878 0.0108772
v -0.0306041 0.0244897 0.0217903
v -0.0305895 0.0231232 0.0231777
v -0.0306063 0.0217388 0.0245341
v -0.0303611 0.0190297 0.0259091
v -0.0302636 0.0162968 0.0272779
v -0.0302356 0.0135639 0.0286405
v -0.0302569 0.0108309 0.0300092
v -0.0302815 0.00673152 0.0313718
v -0.0305671 0.00536505 0.0324124
v -0.0305626 0.0012716 0.0325796
v -0.0311305 -9.48654e-05 0.0332857
v -0.030631 -0.00692722 0.0322885
v -0.0311585 -0.00146134 0.0332609
v -0.031472 -0.00556075 0.0330875
v -0.0305806 -0.0110266 0.0310002
v -0.030566 -0.0164925 0.0284113
v -0.0304842 -0.0178769 0.0273274
v -0.0303006 -0.0192254 0.0259091
v -0.0302267 -0.0205919 0.0245403
v -0.0306948 -0.0148515 0.0295385
v -0.0305727 -0.0218987 0.0245093
v -0.0305514 -0.023295 0.0231405
v -0.0303039 -0.0260518 0.0190775
v -0.0305839 -0.0246436 0.021747
v -0.0304753 -0.0273706 0.0177149
v -0.0369105 -0.0192254 -0.0287371
v -0.0367794 -0.0192254 -0.0291769
v -0.0377975 -0.0198102 -0.0252625
v -0.0373674 -0.0273706 -0.0191123
v -0.0377807 -0.0266306 -0.0183133
v -0.0376911 -0.0263203 -0.0191742
v -0.0378143 -0.0253716 -0.0198617
v -0.0378983 -0.0245959 -0.0204067
v -0.0381939 -0.0219524 -0.0219056
v -0.038503 -0.0219524 -0.0205368
v -0.0381346 -0.0246854 -0.0191742
v -0.0384638 -0.0233189 -0.0191742
v -0.0379039 -0.0205919 -0.0242901
v -0.0381603 -0.0205919 -0.0232682
v -0.0330556 0.0175499 -0.0291769
v -0.032415 0.0210944 -0.0267056
v -0.0338049 0.0279566 -0.018561
v -0.0330321 0.0268168 -0.0202395
v -0.0330321 0.0274971 -0.0192547
v -0.0330321 0.0279625 -0.0185734
v -0.0330321 0.0284578 -0.0178054
v -0.0348666 0.0290724 -0.0153589
v -0.0341185 0.0281893 -0.0178054
v -0.0345149 0.0286547 -0.0165543
v -0.0348733 0.0304568 -0.0123427
v -0.0341901 0.0309341 -0.0123427
v -0.0350671 0.0306239 -0.0116118
v -0.0348711 0.0318232 -0.00824249
v -0.0341879 0.0322767 -0.00824249
v -0.0325707 0.0238512 -0.023999
v -0.0330321 0.0250983 -0.0225002
v -0.0330321 0.0256353 -0.0218189
v -0.0330321 0.0263216 -0.0209208
v -0.0345026 0.0323603 -0.00684274
v -0.0350279 0.0319486 -0.00727629
v -0.0342921 0.032963 -0.00409277
v -0.0345071 0.0329689 -0.00277353
v -0.0345743 0.0330047 -0.00141094
v -0.0346392 0.0330346 -4.21533e-05
v -0.0346191 0.0330286 0.00132044
v -0.0345071 0.0329809 0.00268304
v -0.0338239 0.0334224 0.00268304
v -0.0337478 0.0333866 0.00353775
v -0.0330321 0.0335 0.00268304
v -0.0330321 0.0334105 0.00365543
v -0.0330321 0.033321 0.00433673
v -0.0330321 0.0331479 0.00541442
v -0.0330321 0.0328973 0.00678321
v -0.0305951 0.0297885 0.0136148
v -0.0306802 0.0285831 0.0162223
v -0.0307542 0.0281236 0.0173495
v -0.0305458 0.0272942 0.0177707
v -0.0306735 0.0258203 0.0203596
v -0.0330321 0.0326228 0.0081458
v -0.0322426 0.032044 0.0103012
v -0.0316658 0.03242 0.0081458
v -0.0309714 0.0320142 0.00885187
v -0.0307676 0.0308029 0.011992
v -0.0308068 0.025337 0.0213196
v -0.0307721 0.0240302 0.0227194
v -0.0307799 0.0226637 0.0240696
v -0.0308034 0.0212674 0.0253888
v -0.0306769 0.0203007 0.0258719
v -0.0305514 0.017717 0.0273522
v -0.0304058 0.0149303 0.0286405
v -0.0305962 0.0135639 0.0298234
v -0.0306186 0.0108309 0.031025
v -0.0306433 0.00673152 0.0323133
v -0.0313343 0.00399858 0.0331494
v -0.0312301 0.00263807 0.0332051
v -0.0311573 0.0012716 0.0332609
v -0.0318136 -9.48654e-05 0.0337626
v -0.0322571 -0.00656322 0.0334839
v -0.0317475 -0.00698092 0.0330441
v -0.0308034 -0.00803113 0.0321646
v -0.0318416 -0.00146134 0.0337378
v -0.0319335 -0.00282781 0.0336759
v -0.0320477 -0.00419428 0.0336139
v -0.0321552 -0.00556075 0.0335458
v -0.0307586 -0.012041 0.030833
v -0.0307306 -0.0174353 0.0281388
v -0.0307127 -0.0192254 0.0268505
v -0.0306746 -0.0204726 0.0258471
v -0.0321854 -0.0147143 0.0308206
v -0.0321754 -0.0174353 0.0294766
v -0.0307598 -0.0228176 0.0240324
v -0.0308191 -0.0214034 0.0253455
v -0.0307777 -0.0241603 0.0226574
v -0.0306836 -0.0259922 0.0203224
v -0.0307172 -0.0269887 0.0190775
v -0.0305436 -0.0273706 0.0179998
v -0.0308236 -0.0254909 0.0212515
v -0.0373036 -0.0192254 -0.0273684
v -0.0371446 -0.017859 -0.0287371
v -0.037009 -0.0178888 -0.0291769
v -0.0384302 -0.0192254 -0.0232682
v -0.0380271 -0.019303 -0.0247361
v -0.0383026 -0.017859 -0.024637
v -0.0379408 -0.0177575 -0.0259996
v -0.0377471 -0.0181514 -0.0264517
v -0.0376284 -0.0273706 -0.0178488
v -0.0378647 -0.0269051 -0.0174028
v -0.0380091 -0.0261234 -0.0178364
v -0.0378904 -0.0256341 -0.0191742
v -0.0384818 -0.0205919 -0.0219056
v -0.038764 -0.0205919 -0.0205368
v -0.038745 -0.0192254 -0.0219056
v -0.0387573 -0.0219524 -0.0191742
v -0.0383821 -0.0246854 -0.0178054
v -0.0386878 -0.0233189 -0.0178054
v -0.0331262 0.0175141 -0.0291769
v -0.0330321 0.0194057 -0.0278391
v -0.0329358 0.0204499 -0.0270711
v -0.0333255 0.0209392 -0.0265694
v -0.0334185 0.0223773 -0.0252625
v -0.032994 0.0231172 -0.0246308
v -0.034002 0.0267333 -0.0201033
v -0.0343581 0.0271689 -0.0190937
v -0.0348016 0.0276761 -0.0178054
v -0.0350995 0.0292992 -0.0144485
v -0.0350749 0.0278969 -0.0171055
v -0.0353874 0.0297706 -0.0123427
v -0.0355128 0.0300808 -0.0110854
v -0.0351791 0.0307671 -0.0107014
v -0.0334812 0.0237617 -0.0238999
v -0.0341162 0.0254742 -0.0215835
v -0.0352888 0.0309341 -0.00960509
v -0.0354064 0.031137 -0.00824249
v -0.035431 0.0314235 -0.00684274
v -0.0351051 0.0320321 -0.00636583
v -0.03516 0.0321037 -0.00551111
v -0.0352395 0.0322171 -0.00414232
v -0.0352866 0.0322827 -0.00277353
v -0.0353078 0.0323185 -0.00141094
v -0.0353258 0.0323543 -4.21533e-05
v -0.0353258 0.0323484 0.00132044
v -0.0353 0.0322947 0.00268304
v -0.0352586 0.032235 0.00405182
v -0.0342809 0.0329928 0.00401466
v -0.0351869 0.0321395 0.00541442
v -0.0343985 0.0327243 0.00541442
v -0.0342361 0.0323066 0.0081458
v -0.0339583 0.0321335 0.00951459
v -0.0307743 0.0294662 0.0149774
v -0.0311663 0.0277954 0.0182662
v -0.0308975 0.026602 0.0198455
v -0.030725 0.0268467 0.0190775
v -0.0309636 0.0292872 0.0156834
v -0.0337545 0.0320261 0.0102516
v -0.0330321 0.0322827 0.00951459
v -0.0317386 0.0321276 0.00939071
v -0.0330321 0.03205 0.0103136
v -0.0330321 0.0313459 0.012246
v -0.0330321 0.0308745 0.0134599
v -0.0319189 0.0308029 0.0132927
v -0.0315448 0.0310296 0.0123698
v -0.0310073 0.0306239 0.0129025
v -0.0314104 0.0249372 0.0222301
v -0.0313668 0.0235707 0.0236298
v -0.0314261 0.0221804 0.0249862
v -0.0316658 0.0207662 0.026355
v -0.0309065 0.0197876 0.0266523
v -0.0307318 0.0190297 0.0269001
v -0.0307631 0.0172993 0.0281574
v -0.0307799 0.0149303 0.0295138
v -0.030687 0.0161655 0.0286219
v -0.030762 0.0119289 0.030864
v -0.0308012 0.0078593 0.032177
v -0.0321854 0.00536505 0.0335272
v -0.0315023 0.00536505 0.0330999
v -0.0320174 0.00399858 0.0336387
v -0.0319133 0.00263807 0.0336944
v -0.0318405 0.0012716 0.0337378
v -0.0330321 -9.48654e-05 0.034097
v -0.0315392 -0.00840706 0.0325362
v -0.0330321 -0.00146134 0.0340475
v -0.0330321 -0.00556075 0.0336573
v -0.0330321 -0.00668256 0.0335086
v -0.0330321 -0.00736878 0.0333724
v -0.0323165 -0.0117785 0.0320779
v -0.0321518 -0.0110266 0.0321894
v -0.0309983 -0.00893813 0.0320407
v -0.0319391 -0.0137596 0.0310188
v -0.0322952 -0.0199773 0.0280025
v -0.0321462 -0.0215526 0.026801
v -0.0309401 -0.0199415 0.0266213
v -0.0330321 -0.0137596 0.0313533
v -0.0330321 -0.0148336 0.0308763
v -0.0330321 -0.0164925 0.0300774
v -0.0330321 -0.0175547 0.0295447
v -0.0321037 -0.0230146 0.0255375
v -0.0320981 -0.0244288 0.0242368
v -0.0321093 -0.0257714 0.0229176
v -0.0321138 -0.0270722 0.0215302
v -0.0316602 -0.0273706 0.0203906
v -0.0310207 -0.0273706 0.0190775
v -0.031677 -0.0273706 0.0204215
v -0.0375847 -0.0177575 -0.0272569
v -0.0373585 -0.0164925 -0.0287371
v -0.0372297 -0.0164925 -0.0291769
v -0.0378244 -0.0172384 -0.0267242
v -0.0381514 -0.0164925 -0.0260058
v -0.0378848 -0.0164925 -0.0269286
v -0.038661 -0.017859 -0.0232682
v -0.0385333 -0.0164925 -0.024637
v -0.0377997 -0.0273706 -0.0169259
v -0.0382343 -0.0260518 -0.0164366
v -0.0378983 -0.0273706 -0.0162446
v -0.0392232 -0.0255148 -0.0105589
v -0.0385848 -0.0246854 -0.0164366
v -0.0390272 -0.0191598 -0.0204749
v -0.0390294 -0.0205322 -0.0191123
v -0.0391201 -0.0181215 -0.0208836
v -0.0390048 -0.0177396 -0.0217817
v -0.0391168 -0.0223343 -0.0164366
v -0.0390093 -0.0218629 -0.0177249
v -0.0391952 -0.0213497 -0.017217
v -0.0391224 -0.020944 -0.0181275
v -0.0392456 -0.0229072 -0.0148077
v -0.0389029 -0.0233189 -0.0164366
v -0.0391739 -0.0226088 -0.0157182
v -0.0332953 0.0174246 -0.0291769
v -0.0338542 0.0184987 -0.0281611
v -0.0340266 0.0200263 -0.026941
v -0.0341185 0.0214643 -0.0256589
v -0.0341621 0.0228487 -0.0243521
v -0.0345138 0.0259218 -0.0206235
v -0.0349125 0.0263633 -0.0196263
v -0.035235 0.0281594 -0.0161951
v -0.0353549 0.028607 -0.0149687
v -0.0357211 0.0285891 -0.0137053
v -0.0351813 0.0266975 -0.0187159
v -0.0353392 0.0269899 -0.0178054
v -0.0355554 0.0273539 -0.0165667
v -0.0362318 0.0288934 -0.0109739
v -0.0361142 0.0285175 -0.012355
v -0.0358992 0.0299555 -0.00960509
v -0.0341543 0.0241853 -0.0229895
v -0.0345911 0.0246448 -0.0220728
v -0.0350267 0.0251043 -0.0211376
v -0.0361848 0.0301942 -0.0068737
v -0.0361579 0.0298839 -0.00836017
v -0.0356606 0.031322 -0.00551111
v -0.0358163 0.031322 -0.00414232
v -0.0359126 0.031322 -0.00277353
v -0.0359552 0.031322 -0.00141094
v -0.0359865 0.031322 -4.21533e-05
v -0.0359876 0.031322 0.00132044
v -0.0359406 0.031322 0.00268304
v -0.0358488 0.031322 0.00405182
v -0.0357077 0.031322 0.00541442
v -0.0351219 0.032056 0.00634965
v -0.0350357 0.0319545 0.00726011
v -0.0345071 0.0323961 0.00679559
v -0.0349192 0.0318531 0.0081458
v -0.0346415 0.0316621 0.00951459
v -0.03164 0.0283623 0.0177707
v -0.0320779 0.0280401 0.0185758
v -0.0316658 0.0267751 0.0200685
v -0.0316658 0.02625 0.020756
v -0.032321 0.0251878 0.0225088
v -0.0317856 0.0254981 0.0217903
v -0.0315448 0.0304806 0.0136953
v -0.0316658 0.0299138 0.0149774
v -0.0316658 0.0294185 0.0159559
v -0.0316658 0.0290605 0.0166372
v -0.0348968 0.0304687 0.0124813
v -0.0344242 0.0309162 0.0121159
v -0.0339863 0.0307909 0.0132741
v -0.0330321 0.0305702 0.0141412
v -0.0330321 0.0301525 0.0149774
v -0.0318439 0.0243942 0.0230724
v -0.0322784 0.0238512 0.0239023
v -0.0323366 0.0224489 0.025234
v -0.0317957 0.0217388 0.025587
v -0.0320331 0.0186061 0.028145
v -0.0316658 0.02008 0.0268629
v -0.0311215 0.0182123 0.0278539
v -0.0309681 0.0156285 0.0293341
v -0.031014 0.0128418 0.0306658
v -0.0315482 0.0123108 0.0311922
v -0.031677 0.0109324 0.0317682
v -0.0309882 0.0087663 0.0320531
v -0.0317823 0.00664201 0.0330193
v -0.0323154 0.00612287 0.0334405
v -0.0330321 0.00399858 0.0338307
v -0.0330321 0.00263807 0.0339546
v -0.0330321 0.0012716 0.0340413
v -0.0342517 0.0012716 0.0337254
v -0.0342887 -9.48654e-05 0.0337564
v -0.0342562 -0.00146134 0.0337316
v -0.0340658 -0.00419428 0.0336015
v -0.0339471 -0.00556075 0.0335334
v -0.0338284 -0.00651548 0.0334777
v -0.0337422 -0.0117486 0.0320717
v -0.0330321 -0.0110266 0.0323071
v -0.0330321 -0.0117904 0.0320841
v -0.0330321 -0.0124766 0.0318487
v -0.0330321 -0.0200012 0.0280211
v -0.0330321 -0.0206814 0.0275752
v -0.0330321 -0.0216779 0.0268939
v -0.0330321 -0.0182349 0.0291236
v -0.0330321 -0.0223641 0.026355
v -0.0330321 -0.0231757 0.0256737
v -0.0330321 -0.0238619 0.0250915
v -0.0339348 -0.0146964 0.0308082
v -0.0339684 -0.0174174 0.0294642
v -0.0337802 -0.0199594 0.0279963
v -0.0330321 -0.0246376 0.0244102
v -0.0330321 -0.0253179 0.0238094
v -0.0330321 -0.0259504 0.0231281
v -0.0330321 -0.0266366 0.0223849
v -0.0324341 -0.0273706 0.0213196
v -0.0377639 -0.0154423 -0.0278824
v -0.0383597 -0.015126 -0.0260058
v -0.0374346 -0.0150723 -0.0291769
v -0.0388659 -0.0164925 -0.0232682
v -0.0387304 -0.015126 -0.024637
v -0.0384493 -0.0273706 -0.0122931
v -0.0386229 -0.0273706 -0.0109739
v -0.0387864 -0.0273706 -0.00960509
v -0.0390765 -0.0263741 -0.00960509
v -0.0392657 -0.0256878 -0.00960509
v -0.0394886 -0.0246854 -0.00960509
v -0.039651 -0.0233189 -0.0109739
v -0.0398044 -0.0219524 -0.0123427
v -0.0394976 -0.0233189 -0.0123427
v -0.0392668 -0.0191598 -0.0191123
v -0.0392008 -0.0186645 -0.0199732
v -0.0397215 -0.0192254 -0.0164366
v -0.0394852 -0.0192254 -0.0178054
v -0.0391851 -0.0172086 -0.0212491
v -0.0394718 -0.017859 -0.0191742
v -0.0399287 -0.0164925 -0.0178054
v -0.039679 -0.0164925 -0.0191742
v -0.0390966 -0.0164925 -0.0221657
v -0.0393676 -0.0220718 -0.0151855
v -0.0396857 -0.0205919 -0.015074
v -0.0399478 -0.0192254 -0.015074
v -0.0396219 -0.0219524 -0.0137053
v -0.033806 0.0170725 -0.0291769
v -0.0343447 0.017538 -0.0283841
v -0.0343951 0.018988 -0.0273436
v -0.0349371 0.0194832 -0.0265136
v -0.035029 0.0209929 -0.0252501
v -0.0350727 0.022431 -0.0239371
v -0.0346135 0.0233141 -0.0234664
v -0.0361254 0.0271749 -0.0150864
v -0.0365286 0.0266915 -0.0146467
v -0.03628 0.0276105 -0.0137053
v -0.0363953 0.0278193 -0.0128196
v -0.035244 0.0254563 -0.0202271
v -0.0354366 0.0258919 -0.019168
v -0.0363214 0.0249253 -0.0181027
v -0.0360324 0.0257487 -0.0177125
v -0.0362419 0.0261426 -0.0164366
v -0.036383 0.026417 -0.0155571
v -0.0366171 0.0282072 -0.0109739
v -0.0375041 0.0271629 -0.00964844
v -0.0367705 0.0284638 -0.00960509
v -0.036374 0.029144 -0.00960509
v -0.0365084 0.0280162 -0.0119029
v -0.0364435 0.0292693 -0.00889901
v -0.0350648 0.0237855 -0.0225621
v -0.0355262 0.0245851 -0.0206235
v -0.0352787 0.0241913 -0.0216517
v -0.0365118 0.0293827 -0.00798855
v -0.0365879 0.029514 -0.0068737
v -0.0366742 0.0296512 -0.00551111
v -0.0362643 0.0303374 -0.00551111
v -0.0363404 0.0304627 -0.00414232
v -0.0368074 0.029866 -0.00277353
v -0.0363897 0.0305463 -0.00277353
v -0.036411 0.0305821 -0.00141094
v -0.0364244 0.0306 -4.21533e-05
v -0.0364244 0.030606 0.00132044
v -0.0364032 0.0305702 0.00268304
v -0.0368209 0.0298839 0.00268304
v -0.0363539 0.0304866 0.00405182
v -0.0362856 0.0303673 0.00541442
v -0.0362016 0.030236 0.00678321
v -0.0354546 0.0314294 0.00679559
v -0.0354277 0.0311728 0.0081458
v -0.0353123 0.0309819 0.00951459
v -0.0351634 0.0307551 0.0108772
v -0.0350839 0.0306418 0.0115709
v -0.0330321 0.0291917 0.0168726
v -0.0330321 0.0286905 0.0177087
v -0.0330321 0.0280878 0.0186564
v -0.0330321 0.0269183 0.0202853
v -0.0330321 0.026423 0.0209666
v -0.0326357 0.0251878 0.0225088
v -0.0330321 0.0238691 0.0239209
v -0.0330321 0.0295378 0.0161913
v -0.0351455 0.0293588 0.0144757
v -0.0344242 0.0302837 0.0136829
v -0.0344376 0.0296691 0.0149464
v -0.0340076 0.0294483 0.0160055
v -0.0330321 0.0224608 0.0252402
v -0.0330321 0.0210049 0.0265346
v -0.0317195 0.0176096 0.0286095
v -0.0330321 0.0203186 0.0270549
v -0.0330321 0.0194057 0.0277362
v -0.0323176 0.0170069 0.0293403
v -0.0314071 0.0165415 0.0290678
v -0.0317845 0.0161655 0.0294952
v -0.0317834 0.014811 0.0301703
v -0.0313231 0.0135639 0.0305109
v -0.0321395 0.0105445 0.0321832
v -0.0320062 0.0135639 0.0308702
v -0.0323165 0.0142799 0.0307091
v -0.0318539 0.00946446 0.0323318
v -0.0330321 0.00946446 0.0326168
v -0.0330321 0.00809799 0.0329822
v -0.0330321 0.00682699 0.0332857
v -0.0330321 0.00614674 0.0334467
v -0.0330321 0.00536505 0.0336077
v -0.0340893 0.00399858 0.0336139
v -0.0337388 0.00610497 0.0334343
v -0.0338833 0.00536505 0.0335086
v -0.0341935 0.00263807 0.0336821
v -0.0349349 0.0012716 0.0332795
v -0.0349719 -9.48654e-05 0.0333104
v -0.0341677 -0.00282781 0.0336635
v -0.0349394 -0.00146134 0.0332857
v -0.0348509 -0.00282781 0.0332175
v -0.034749 -0.00419428 0.0331494
v -0.0346303 -0.00556075 0.0330751
v -0.0343301 -0.00695108 0.0330379
v -0.0345239 -0.00838916 0.0325362
v -0.0342461 -0.00966016 0.0323752
v -0.0339393 -0.0110266 0.032177
v -0.0350951 -0.0131151 0.0307091
v -0.034394 -0.0136462 0.0309692
v -0.0340244 -0.0215288 0.0267886
v -0.0340938 -0.0229788 0.0255127
v -0.0348464 -0.0140281 0.0304923
v -0.03488 -0.0168267 0.0291359
v -0.0345172 -0.0179664 0.0287086
v -0.0340938 -0.0192254 0.0282317
v -0.0343581 -0.0205024 0.0272159
v -0.0341521 -0.0244228 0.0242182
v -0.0341588 -0.0257415 0.0229114
v -0.0341196 -0.0270603 0.021493
v -0.0330321 -0.0273706 0.0215488
v -0.0385322 -0.0137596 -0.0260058
v -0.0381368 -0.0137596 -0.0273684
v -0.0378255 -0.0145293 -0.028093
v -0.0378748 -0.0137596 -0.0282602
v -0.0375679 -0.0140341 -0.0291769
v -0.0391537 -0.0155676 -0.0224568
v -0.0390529 -0.0151141 -0.0232001
v -0.0388737 -0.0137596 -0.024637
v -0.0386778 -0.0123931 -0.0260058
v -0.0389118 -0.0273706 -0.00824249
v -0.0391313 -0.0265471 -0.00824249
v -0.039306 -0.0258668 -0.00824249
v -0.0396588 -0.0246854 -0.0068737
v -0.0395771 -0.0246854 -0.00824249
v -0.0399209 -0.0219524 -0.0109739
v -0.0400351 -0.0233189 -0.00551111
v -0.0399455 -0.0233189 -0.0068737
v -0.0403084 -0.0219524 -0.00551111
v -0.0400497 -0.0205919 -0.0123427
v -0.0398918 -0.0205919 -0.0137053
v -0.0399534 -0.017859 -0.0164366
v -0.039418 -0.0164925 -0.0205368
v -0.0392321 -0.0164925 -0.0214844
v -0.0401247 -0.015126 -0.0178054
v -0.0401662 -0.0164925 -0.0164366
v -0.0401303 -0.0192254 -0.0137053
v -0.0401762 -0.017859 -0.015074
v -0.0343514 0.0163266 -0.0291769
v -0.0350939 0.0170009 -0.0280682
v -0.0347647 0.0179139 -0.0277462
v -0.0351824 0.0185703 -0.0268357
v -0.0352485 0.0200859 -0.0256032
v -0.0352854 0.021518 -0.0243397
v -0.0355677 0.021888 -0.0233983
v -0.0352843 0.0228726 -0.0230266
v -0.0378221 0.0251938 -0.0130487
v -0.0361512 0.0244777 -0.0191928
v -0.0365487 0.0240123 -0.018753
v -0.0378445 0.0225086 -0.0172108
v -0.0364703 0.0252236 -0.0171923
v -0.0371692 0.0272226 -0.0109739
v -0.0377784 0.0264707 -0.0101377
v -0.037877 0.0266617 -0.00922727
v -0.0375791 0.0274852 -0.00824249
v -0.0368444 0.0287203 -0.00836017
v -0.035561 0.0232485 -0.0220233
v -0.0362128 0.023165 -0.0205925
v -0.0363718 0.0236423 -0.0196635
v -0.03713 0.0285891 -0.0068737
v -0.0373025 0.0285891 -0.00551111
v -0.0378602 0.0279924 -0.00385742
v -0.0375085 0.0285055 -0.00424142
v -0.0367548 0.0297825 -0.00414232
v -0.0374906 0.0287382 -0.00277353
v -0.0375097 0.0287681 -0.00141094
v -0.0368343 0.0299197 -4.21533e-05
v -0.0368399 0.0299197 0.00132044
v -0.0375041 0.0287502 0.00268304
v -0.0367638 0.0298004 0.00405182
v -0.0366921 0.029687 0.00541442
v -0.0371893 0.0285891 0.00678321
v -0.0366137 0.0295498 0.00678321
v -0.0361108 0.0300749 0.0081458
v -0.0360358 0.0298302 0.0094093
v -0.0356494 0.0299555 0.0108772
v -0.0353571 0.0299913 0.0121159
v -0.0352642 0.0295498 0.0136148
v -0.0339046 0.0280162 0.0185573
v -0.0340837 0.026793 0.0201366
v -0.0335462 0.0251639 0.022484
v -0.033068 0.0256353 0.021939
v -0.033068 0.0246746 0.0230476
v -0.0337802 0.0238452 0.0239023
v -0.0337354 0.0224549 0.0252402
v -0.035832 0.0285891 0.0136148
v -0.0354198 0.0286308 0.0149464
v -0.0352518 0.0281773 0.0163461
v -0.0351253 0.0279685 0.0171327
v -0.0349181 0.0291142 0.0153861
v -0.0344376 0.0289053 0.0164143
v -0.0343761 0.0282489 0.0176344
v -0.0339718 0.0185822 0.028114
v -0.0337198 0.016983 0.0293279
v -0.0330321 0.0187195 0.0282131
v -0.0330321 0.0176871 0.0289006
v -0.0330321 0.0170009 0.0293403
v -0.0330321 0.0162968 0.0297181
v -0.0330321 0.014984 0.0303871
v -0.0330321 0.0113799 0.0320098
v -0.0330321 0.0106997 0.0322327
v -0.0330321 0.0143038 0.0307215
v -0.0330321 0.0135639 0.0310683
v -0.0330321 0.0121974 0.0316753
v -0.0339303 0.0104789 0.0321708
v -0.0347725 0.00399858 0.0331618
v -0.0348767 0.00263807 0.0332361
v -0.0341913 0.00946446 0.0323442
v -0.0345138 0.00815169 0.0324867
v -0.0345653 0.00536505 0.0330503
v -0.0353739 0.00399858 0.0324805
v -0.035412 0.00263807 0.0325486
v -0.03544 0.0012716 0.0325982
v -0.035459 -9.48654e-05 0.0326291
v -0.0354434 -0.00146134 0.0326044
v -0.0353202 -0.00556075 0.0323938
v -0.0352507 -0.00692722 0.0322885
v -0.0351634 -0.00799533 0.0321646
v -0.0350626 -0.0089083 0.0320346
v -0.0349293 -0.00966016 0.0319169
v -0.0346224 -0.0110266 0.0317063
v -0.0351768 -0.0123931 0.0308206
v -0.035692 -0.0123931 0.0300092
v -0.03628 -0.0123931 0.0290368
v -0.0353661 -0.0136462 0.0300216
v -0.0352362 -0.015126 0.0295509
v -0.0351186 -0.0159137 0.0293713
v -0.0349349 -0.0210394 0.0264231
v -0.0345149 -0.02203 0.025971
v -0.0350626 -0.0239753 0.0238342
v -0.0350659 -0.0185094 0.0279406
v -0.0346101 -0.0248882 0.0233697
v -0.0350693 -0.0253537 0.0224716
v -0.0345552 -0.0273706 0.020725
v -0.0344074 -0.0273706 0.0208675
v -0.0383037 -0.0123931 -0.0273684
v -0.037672 -0.0137596 -0.0289415
v -0.0376015 -0.0137596 -0.0291769
v -0.0401751 -0.00966016 -0.0205368
v -0.0398571 -0.015126 -0.0191742
v -0.0402793 -0.0137596 -0.0178054
v -0.0403185 -0.00829369 -0.0205368
v -0.0400329 -0.00829369 -0.0219056
v -0.0393016 -0.00966016 -0.0244574
v -0.0388043 -0.0110266 -0.0260058
v -0.0389443 -0.0273706 -0.00763552
v -0.0391851 -0.0267559 -0.00628531
v -0.0393139 -0.0261413 -0.00679319
v -0.0398145 -0.0246854 -0.00414232
v -0.0397372 -0.0246854 -0.00551111
v -0.0401146 -0.0233189 -0.00414232
v -0.0401583 -0.0205919 -0.0109739
v -0.0404921 -0.020938 -0.00551111
v -0.0403868 -0.0219524 -0.00414232
v -0.0405313 -0.0211707 -0.00414232
v -0.0405413 -0.0185094 -0.0102368
v -0.0402569 -0.0192254 -0.0123427
v -0.0403398 -0.017859 -0.0137053
v -0.0403577 -0.015126 -0.0164366
v -0.0403633 -0.0164925 -0.015074
v -0.0344354 0.0161954 -0.0291769
v -0.0347826 0.0156464 -0.0291769
v -0.0349472 0.0153838 -0.0291769
v -0.0352686 0.014626 -0.0291769
v -0.0357446 0.0162968 -0.0273684
v -0.035309 0.017538 -0.027325
v -0.0360481 0.0175976 -0.0259191
v -0.0354422 0.0190238 -0.0260367
v -0.036159 0.0190536 -0.0246246
v -0.0355352 0.0204798 -0.0247299
v -0.0362228 0.0204559 -0.0233177
v -0.0365924 0.0200442 -0.0228966
v -0.0363942 0.0209571 -0.022463
v -0.0362296 0.0218164 -0.0219675
v -0.0378949 0.0239884 -0.0146777
v -0.0379778 0.0244598 -0.0135876
v -0.0384582 0.0231232 -0.0137053
v -0.0391772 0.022437 -0.0116428
v -0.0382365 0.0244897 -0.0123427
v -0.0378916 0.025331 -0.0123427
v -0.0370874 0.0244897 -0.0164366
v -0.0376754 0.0221267 -0.0181213
v -0.0378703 0.0212137 -0.0186354
v -0.0379812 0.021709 -0.0177187
v -0.0391896 0.0197398 -0.0157863
v -0.0383149 0.0217567 -0.0164366
v -0.0379431 0.0227473 -0.0164366
v -0.0384784 0.0244897 -0.0109739
v -0.0380987 0.0259516 -0.00964844
v -0.0383597 0.0258561 -0.00824249
v -0.0379487 0.0268049 -0.00824249
v -0.037672 0.0276463 -0.0068737
v -0.0363897 0.0223117 -0.0210818
v -0.0374593 0.021709 -0.0191247
v -0.0378053 0.0278909 -0.00476787
v -0.0380192 0.02696 -0.0068737
v -0.0385086 0.0258561 -0.0068737
v -0.0381043 0.0273539 -0.00424142
v -0.0387539 0.0258561 -0.00414232
v -0.0382679 0.0272226 -0.00277353
v -0.037896 0.028058 -0.00277353
v -0.0379106 0.0280819 -0.00141094
v -0.0375231 0.028786 0.00132044
v -0.0379028 0.0280699 0.00268304
v -0.0374469 0.0286547 0.00405182
v -0.0374346 0.0284578 0.00528435
v -0.0377672 0.0278193 0.00565597
v -0.0377068 0.0277059 0.00678321
v -0.0369911 0.0285891 0.0081458
v -0.0364569 0.0292932 0.00888284
v -0.0362508 0.0289292 0.0108772
v -0.0361657 0.0285413 0.0123389
v -0.0348162 0.0276642 0.0180432
v -0.0349954 0.0264409 0.0196226
v -0.0344836 0.0261784 0.020533
v -0.0343985 0.0254802 0.0214683
v -0.0346908 0.0234454 0.0234688
v -0.0342125 0.0229501 0.0243793
v -0.0350883 0.0251878 0.02114
v -0.034646 0.0220312 0.0248562
v -0.0342741 0.0216493 0.0254941
v -0.0345149 0.0204917 0.0262807
v -0.0341375 0.0201038 0.0269062
v -0.03643 0.027879 0.0128529
v -0.0363304 0.027694 0.0136148
v -0.0361836 0.0272107 0.0150579
v -0.0357827 0.0272226 0.0163461
v -0.0360884 0.0257905 0.017684
v -0.0353526 0.0272107 0.0176344
v -0.035207 0.0267512 0.0187121
v -0.0345104 0.0191133 0.0273336
v -0.0348834 0.0180631 0.027761
v -0.0343021 0.017526 0.0285475
v -0.0340098 0.0162968 0.0295138
v -0.0337578 0.0142859 0.0307091
v -0.034693 0.0162968 0.0290121
v -0.0344869 0.0122213 0.0311489
v -0.0343906 0.0108966 0.0317001
v -0.0348744 0.00946446 0.0318797
v -0.0340289 0.0135639 0.0308887
v -0.035141 0.00772803 0.0321337
v -0.035216 0.00673152 0.0322327
v -0.0353056 0.00536505 0.0323628
v -0.0350458 0.008641 0.032016
v -0.0359429 0.00536505 0.0313718
v -0.0361344 0.00412389 0.0312727
v -0.0360952 0.00263807 0.0314833
v -0.0361232 0.0012716 0.0315329
v -0.0361422 -9.48654e-05 0.0315638
v -0.0361265 -0.00146134 0.0315391
v -0.0359809 -0.00556075 0.0313718
v -0.0358421 -0.00692722 0.0313718
v -0.0353134 -0.0110266 0.031025
v -0.0362464 -0.00829369 0.0303623
v -0.035515 -0.00838916 0.0314957
v -0.0361232 -0.00966016 0.0301703
v -0.0360515 -0.0109729 0.0298978
v -0.0363886 -0.0113906 0.0292288
v -0.0366854 -0.0123931 0.0283555
v -0.0361545 -0.0138133 0.0286033
v -0.035767 -0.015126 0.0286405
v -0.0353773 -0.0164149 0.0286652
v -0.0352474 -0.0176024 0.0282255
v -0.0351746 -0.0201324 0.0267266
v -0.0352362 -0.0216123 0.0255127
v -0.0350043 -0.0225253 0.0251287
v -0.0352698 -0.0230623 0.0242182
v -0.0355733 -0.0234382 0.0232954
v -0.0352989 -0.0244407 0.0229238
v -0.0353515 -0.0192254 0.0270239
v -0.0355755 -0.0248166 0.0219328
v -0.0352765 -0.0257535 0.0215612
v -0.0352518 -0.0270662 0.0201366
v -0.0350301 -0.0266664 0.0210471
v -0.0346359 -0.0273706 0.0206445
v -0.0384258 -0.0110266 -0.0273684
v -0.0378602 -0.0112772 -0.0291769
v -0.0379565 -0.0123931 -0.0285204
v -0.0377583 -0.0123931 -0.0291769
v -0.0404909 -0.0138789 -0.0164738
v -0.0405212 -0.0127511 -0.0169507
v -0.0404316 -0.0123334 -0.0177125
v -0.0404383 -0.00687948 -0.0204253
v -0.0401359 -0.00692722 -0.0219056
v -0.0404943 -0.00829369 -0.0195211
v -0.0405301 -0.00730314 -0.0197502
v -0.0397036 -0.00829369 -0.0232682
v -0.0391381 -0.00966016 -0.0251387
v -0.0388984 -0.00966016 -0.0260058
v -0.0389846 -0.0273706 -0.00686751
v -0.0390104 -0.027293 -0.00679319
v -0.038988 -0.0273706 -0.00679938
v -0.0392019 -0.0268037 -0.00551111
v -0.0394561 -0.0260518 -0.00414232
v -0.039875 -0.0246854 -0.00277353
v -0.0394024 -0.0260518 -0.00551111
v -0.0401662 -0.0233189 -0.00277353
v -0.0405772 -0.0187302 -0.00932637
v -0.0405996 -0.0202578 -0.00551111
v -0.0404148 -0.0219524 -0.00277353
v -0.0405391 -0.0212304 -0.00277353
v -0.0406522 -0.0205501 -0.00277353
v -0.0406354 -0.0204905 -0.00414232
v -0.0406634 -0.0179783 -0.00971038
v -0.0404618 -0.0178112 -0.0123674
v -0.0404977 -0.0165581 -0.0138044
v -0.0405313 -0.0170534 -0.0128443
v -0.0405436 -0.0144159 -0.0157306
v -0.0405066 -0.0152275 -0.0151917
v -0.0353638 0.0143396 -0.0291769
v -0.0361825 0.0150198 -0.027356
v -0.0364233 0.015533 -0.0266375
v -0.0362878 0.0162968 -0.0263774
v -0.0366383 0.0162968 -0.0256961
v -0.0364916 0.0171024 -0.025405
v -0.0363259 0.0180094 -0.0250705
v -0.0365476 0.018612 -0.0241601
v -0.0363774 0.019525 -0.023807
v -0.0378871 0.0185285 -0.0213915
v -0.0376989 0.0194415 -0.0209394
v -0.0368231 0.0204559 -0.0219675
v -0.0380943 0.0231948 -0.015105
v -0.0390977 0.0222162 -0.0123427
v -0.0386397 0.0217567 -0.015074
v -0.0389622 0.0217209 -0.0137238
v -0.0394427 0.021894 -0.0110977
v -0.0392512 0.0226279 -0.0107261
v -0.0391459 0.0237259 -0.0087194
v -0.0392366 0.0212376 -0.0132779
v -0.0393385 0.02153 -0.0123427
v -0.0376877 0.0207841 -0.0195458
v -0.0378792 0.0198711 -0.0200289
v -0.0380069 0.0203544 -0.0191247
v -0.0383978 0.0203902 -0.0178054
v -0.0392825 0.0189223 -0.016319
v -0.0395558 0.0190297 -0.015074
v -0.0392736 0.0199726 -0.015074
v -0.0390328 0.0206588 -0.015074
v -0.0384224 0.0190297 -0.0191742
v -0.0390641 0.0179736 -0.0180965
v -0.0391974 0.0184032 -0.0171799
v -0.0392971 0.0175738 -0.0177063
v -0.038699 0.0244897 -0.00960509
v -0.0392198 0.0239049 -0.00780274
v -0.0392702 0.0240302 -0.0068737
v -0.0389869 0.0247104 -0.0068737
v -0.0374805 0.0203544 -0.0205058
v -0.0368074 0.0218164 -0.0205925
v -0.0386318 0.0258561 -0.00551111
v -0.0391089 0.0250028 -0.00414232
v -0.039156 0.0251162 -0.00277353
v -0.0388446 0.0258561 -0.00277353
v -0.0390473 0.0248596 -0.00551111
v -0.039175 0.0251639 -0.00141094
v -0.0382981 0.0272226 -0.00141094
v -0.0383183 0.0272226 0.00132044
v -0.0379151 0.0280938 -4.21533e-05
v -0.0379207 0.0280998 0.00132044
v -0.0382824 0.0272226 0.00268304
v -0.037849 0.0279685 0.00405182
v -0.0378143 0.0279088 0.00474551
v -0.038045 0.0270197 0.00678321
v -0.0379666 0.0268467 0.0081458
v -0.0376048 0.0275269 0.0081458
v -0.0367235 0.0286428 0.0094093
v -0.0366406 0.0282489 0.0108772
v -0.0365275 0.028052 0.0119425
v -0.0352362 0.0254504 0.0204463
v -0.0351152 0.0238631 0.0225583
v -0.0351331 0.0225324 0.0239457
v -0.0357155 0.0244897 0.0204463
v -0.0352406 0.0243882 0.0216788
v -0.0351051 0.0211182 0.0252587
v -0.035048 0.0196503 0.026547
v -0.037793 0.0265006 0.0100968
v -0.036841 0.0273419 0.0123389
v -0.0375634 0.0260769 0.012246
v -0.0378434 0.0252356 0.0130326
v -0.0367089 0.0270137 0.0136148
v -0.0365566 0.0267452 0.0146553
v -0.0364166 0.0264827 0.0155657
v -0.0362945 0.026244 0.0163461
v -0.0365073 0.0252952 0.017207
v -0.0363528 0.0249909 0.0181175
v -0.0354938 0.0259337 0.0191271
v -0.0351567 0.0171561 0.0280706
v -0.0350144 0.0154674 0.0292474
v -0.0350021 0.0126986 0.0306038
v -0.0351623 0.0117857 0.0307958
v -0.0354714 0.00815169 0.0314833
v -0.0357625 0.00673152 0.0313718
v -0.0352731 0.0108309 0.0309631
v -0.0354064 0.00946446 0.0311922
v -0.036402 0.00536505 0.0306162
v -0.0364457 0.00466689 0.0306905
v -0.0368186 0.00412389 0.0301455
v -0.0364804 0.00375393 0.0307463
v -0.036514 0.00263807 0.030802
v -0.0365443 0.0012716 0.0308516
v -0.0370998 -9.48654e-05 0.0300092
v -0.0370695 -0.00146134 0.0300092
v -0.0365073 -0.00282781 0.0307896
v -0.0364457 -0.00486259 0.0306905
v -0.0364255 -0.00556075 0.0306534
v -0.036355 -0.00692722 0.0305419
v -0.0366619 -0.00829369 0.029681
v -0.0370606 -0.00966016 0.0286405
v -0.0365454 -0.00966016 0.0294828
v -0.0364726 -0.0104836 0.0293651
v -0.0367794 -0.0109729 0.028721
v -0.0375757 -0.0111102 0.0272159
v -0.0372689 -0.0123931 0.0272779
v -0.0365409 -0.0133956 0.0281264
v -0.0364132 -0.0170415 0.0265284
v -0.0355957 -0.0179783 0.0274017
v -0.0360425 -0.0191598 0.0258286
v -0.0354266 -0.0205859 0.0259462
v -0.0355139 -0.022024 0.0246208
v -0.0361444 -0.0206039 0.0245217
v -0.0363696 -0.0210693 0.023698
v -0.0364054 -0.0225372 0.0224035
v -0.0362531 -0.0234024 0.0218956
v -0.0362822 -0.017859 0.0262683
v -0.036402 -0.0239096 0.0210161
v -0.0355296 -0.0261473 0.020533
v -0.036168 -0.0260518 0.0191023
v -0.0354725 -0.0273706 0.0192447
v -0.0354075 -0.0273706 0.0193996
v -0.0347871 -0.0273706 0.0204153
v -0.0362206 -0.0247271 0.0205144
v -0.0379252 -0.0101793 -0.0291769
v -0.0378972 -0.0107342 -0.0291769
v -0.0391672 -0.00871138 -0.0252687
v -0.0391885 -0.00780438 -0.0253492
v -0.0405873 -0.013503 -0.0160402
v -0.0407541 -0.00829369 -0.0178054
v -0.0406377 -0.00964225 -0.017855
v -0.0405626 -0.00917682 -0.0185982
v -0.0404876 -0.0110266 -0.0180903
v -0.040622 -0.0123334 -0.0164738
v -0.0407317 -0.0110266 -0.0164366
v -0.0404428 -0.00556075 -0.0206483
v -0.0402009 -0.00556075 -0.0219056
v -0.0405537 -0.00639017 -0.0198989
v -0.0398828 -0.00556075 -0.0232682
v -0.0397988 -0.00692722 -0.0232682
v -0.0405985 -0.00829369 -0.0188336
v -0.0406287 -0.00687948 -0.0192485
v -0.0390294 -0.0273706 -0.00551111
v -0.0391549 -0.0273706 -0.00141094
v -0.0392635 -0.0270125 -0.00141094
v -0.0395009 -0.0260518 -0.00277353
v -0.0395334 -0.0260518 -0.00141094
v -0.0398839 -0.0246854 -0.00141094
v -0.0401718 -0.0233189 -0.00141094
v -0.0406164 -0.018951 -0.00824249
v -0.040781 -0.017859 -0.00824249
v -0.0407553 -0.0192254 -0.00551111
v -0.0406589 -0.0205561 -0.00141094
v -0.0405425 -0.0212483 0.00132044
v -0.0408292 -0.0192254 -0.00277353
v -0.0408101 -0.0192254 -0.00414232
v -0.0407609 -0.0164925 -0.0109739
v -0.0406545 -0.0152275 -0.0138044
v -0.0405391 -0.0157466 -0.0143246
v -0.0405861 -0.0161464 -0.0134142
v -0.0406343 -0.0165581 -0.0123674
v -0.0405917 -0.0148396 -0.0148201
v -0.0406533 -0.0138789 -0.0151917
v -0.0356416 0.0134982 -0.0291769
v -0.035804 0.013003 -0.0291769
v -0.0360571 0.0122034 -0.0291769
v -0.0361892 0.0121974 -0.0289415
v -0.0364547 0.0129015 -0.028062
v -0.0366708 0.0134386 -0.027356
v -0.0368567 0.0150198 -0.0261111
v -0.0371513 0.0162968 -0.024637
v -0.0366932 0.0175976 -0.0246246
v -0.0376799 0.0179557 -0.022302
v -0.0367873 0.0190536 -0.0233177
v -0.0379867 0.0175618 -0.0218684
v -0.0384302 0.0176633 -0.0205368
v -0.0380215 0.0189999 -0.0205058
v -0.0378344 0.0170427 -0.0226364
v -0.0391336 0.0209452 -0.0141884
v -0.0396767 0.0203902 -0.0123427
v -0.0398907 0.0203902 -0.0109739
v -0.0396913 0.0217567 -0.00960509
v -0.0393396 0.0228547 -0.00960509
v -0.039399 0.0204499 -0.0137238
v -0.0395939 0.0176633 -0.0164366
v -0.0398806 0.0176633 -0.015074
v -0.0398067 0.0190297 -0.0137053
v -0.0388961 0.0175738 -0.0190875
v -0.0392053 0.0170606 -0.0185734
v -0.0396107 0.0162968 -0.0178054
v -0.0395815 0.0231232 -0.0068737
v -0.0394024 0.0232127 -0.00825488
v -0.0393307 0.0241734 -0.00551111
v -0.0393867 0.0243226 -0.00414232
v -0.0394259 0.024436 -0.00277353
v -0.0394393 0.0244777 -0.00141094
v -0.0391817 0.0251818 0.000366626
v -0.0388939 0.025874 0.00132044
v -0.0391851 0.0251878 0.00208845
v -0.0389219 0.0257308 0.00259633
v -0.0387685 0.0258561 0.00405182
v -0.0381827 0.0272226 0.00405182
v -0.0385557 0.0258561 0.00678321
v -0.0383933 0.0258561 0.0081458
v -0.0378815 0.0266736 0.00918633
v -0.0375253 0.0271689 0.00958891
v -0.0362116 0.0245195 0.0191518
v -0.0352798 0.0230456 0.0230786
v -0.0357872 0.0231232 0.0218089
v -0.0352742 0.0216493 0.0244598
v -0.0358286 0.0217567 0.0231777
v -0.036271 0.0232067 0.0205516
v -0.0364043 0.0237139 0.0196535
v -0.0357625 0.0203902 0.0245403
v -0.0352552 0.0203902 0.0255622
v -0.0352328 0.0187374 0.0268505
v -0.035524 0.0191252 0.0260206
v -0.0379207 0.0253907 0.012246
v -0.0377941 0.0237617 0.0155905
v -0.0376765 0.0235349 0.0163461
v -0.0371916 0.0244897 0.0163461
v -0.0366451 0.0255637 0.0163461
v -0.0382936 0.0244897 0.012246
v -0.0391929 0.0224787 0.0116266
v -0.0388793 0.0230098 0.0121469
v -0.0385165 0.0231232 0.0136148
v -0.0380136 0.0244897 0.0135404
v -0.0379856 0.0228547 0.0163461
v -0.0378781 0.0225802 0.0172132
v -0.0367425 0.0245195 0.017684
v -0.0365857 0.0240779 0.0187431
v -0.0354019 0.0176275 0.0272902
v -0.0359921 0.0161775 0.027154
v -0.0353056 0.0162968 0.0283246
v -0.0351791 0.0145544 0.0294642
v -0.0353179 0.0135639 0.0297058
v -0.0354635 0.0122213 0.0300898
v -0.03586 0.0108309 0.0300092
v -0.0361545 0.00955993 0.0299473
v -0.0362072 0.00809799 0.0302818
v -0.0363102 0.00673152 0.0304552
v -0.0368097 0.00536505 0.0299287
v -0.0374929 0.00536505 0.0287705
v -0.037569 0.00399858 0.0289006
v -0.0369967 0.00263807 0.0300092
v -0.0370594 0.0012716 0.0300092
v -0.0376664 -9.48654e-05 0.0290616
v -0.0376519 -0.00146134 0.0290368
v -0.0375713 -0.00419428 0.028913
v -0.0369878 -0.00282781 0.0300092
v -0.0368153 -0.00431958 0.0301455
v -0.0368433 -0.00556075 0.0299721
v -0.0375265 -0.00556075 0.0288448
v -0.0378736 -0.00668853 0.0280644
v -0.0375231 -0.00705849 0.0285723
v -0.037812 -0.0076015 0.027953
v -0.037289 -0.00829369 0.0286405
v -0.0377572 -0.00829369 0.0278415
v -0.0376463 -0.00966016 0.0275999
v -0.0378008 -0.0116233 0.0265656
v -0.0377146 -0.0123931 0.026386
v -0.0378031 -0.014398 0.025203
v -0.0377068 -0.015126 0.0249986
v -0.0366204 -0.017859 0.025587
v -0.0364894 -0.0186586 0.0253145
v -0.0363214 -0.0195715 0.0249676
v -0.036215 -0.02203 0.0232148
v -0.0365398 -0.0201563 0.0240572
v -0.0365891 -0.0216242 0.0227875
v -0.0368388 -0.02203 0.0218956
v -0.0366159 -0.0229967 0.021493
v -0.0368298 -0.0234024 0.0205144
v -0.0365846 -0.0243035 0.0201057
v -0.036374 -0.0252105 0.019573
v -0.0355229 -0.0273706 0.0191209
v -0.0365499 -0.0255924 0.0186625
v -0.0363393 -0.0265053 0.0181113
v -0.0379476 -0.00966016 -0.0291769
v -0.0394987 -0.00556075 -0.024637
v -0.0392075 -0.00692722 -0.0254112
v -0.0407911 -0.0123931 -0.015074
v -0.0408236 -0.00966016 -0.0164366
v -0.0408191 -0.00692722 -0.0178054
v -0.040566 -0.00556075 -0.019967
v -0.0405839 -0.00419428 -0.0200599
v -0.0402446 -0.00419428 -0.0219056
v -0.0399433 -0.00419428 -0.0232682
v -0.0406981 -0.00556075 -0.0191742
v -0.0407396 -0.00419428 -0.0191742
v -0.0391616 -0.0273706 -0.000717257
v -0.0391649 -0.0273706 -4.21533e-05
v -0.0392646 -0.0270304 -4.21533e-05
v -0.0401494 -0.0233189 -4.21533e-05
v -0.0395132 -0.0260518 -4.21533e-05
v -0.040053 -0.0233189 0.00405182
v -0.0405391 -0.0212364 0.00268304
v -0.0408448 -0.0164925 -0.00960509
v -0.0408392 -0.017859 -0.0068737
v -0.0408359 -0.0192254 -0.00141094
v -0.0406567 -0.020568 0.00132044
v -0.0406556 -0.0205501 0.00268304
v -0.0408975 -0.017859 -0.00414232
v -0.0408784 -0.017859 -0.00551111
v -0.0407989 -0.015126 -0.0123427
v -0.040809 -0.0137596 -0.0137053
v -0.0361568 0.0118632 -0.0291769
v -0.0363169 0.0112964 -0.0291769
v -0.036551 0.0121974 -0.0282602
v -0.0374268 0.0134565 -0.0258819
v -0.0377146 0.0138443 -0.0250829
v -0.0375847 0.014984 -0.0246308
v -0.0376429 0.0162968 -0.0235779
v -0.0383227 0.0162968 -0.0219056
v -0.0379431 0.0162968 -0.0228966
v -0.0388715 0.0161775 -0.0204191
v -0.0390709 0.0165594 -0.0194839
v -0.0377751 0.0154793 -0.0238628
v -0.0402076 0.0190297 -0.0109739
v -0.040053 0.0203902 -0.00960509
v -0.0400116 0.0190297 -0.0123427
v -0.0398515 0.0217567 -0.00824249
v -0.0401516 0.0162968 -0.015074
v -0.0401158 0.0176633 -0.0137053
v -0.0398985 0.0162968 -0.0164366
v -0.0392937 0.0161775 -0.0190875
v -0.0398951 0.0149303 -0.0178054
v -0.0395636 0.0149303 -0.0191742
v -0.039978 0.0217567 -0.0068737
v -0.0396857 0.0231232 -0.00551111
v -0.0397798 0.0231232 -0.00414232
v -0.0398537 0.0231232 -0.00277353
v -0.0398839 0.0231232 -0.00141094
v -0.0394516 0.0244897 0.00132044
v -0.0393912 0.0246269 -7.31193e-05
v -0.0391851 0.0251878 0.00132044
v -0.0393844 0.0245911 0.00259633
v -0.0393945 0.0243405 0.00405182
v -0.0391549 0.0251162 0.00299272
v -0.0391168 0.0250267 0.00405182
v -0.0390664 0.0249074 0.00541442
v -0.0386666 0.0258561 0.00541442
v -0.0393497 0.0242211 0.00541442
v -0.039007 0.0247522 0.00678321
v -0.0389589 0.024424 0.00818916
v -0.039156 0.0237497 0.00867226
v -0.0385277 0.0244897 0.0108772
v -0.0381133 0.0259695 0.00958891
v -0.039287 0.024066 0.00678321
v -0.0392243 0.0239168 0.0077618
v -0.0380338 0.0256592 0.0108772
v -0.0363068 0.0218701 0.021939
v -0.0364255 0.0223952 0.0210781
v -0.0363024 0.0205215 0.0232768
v -0.0364423 0.0210645 0.022484
v -0.0368399 0.0232067 0.0191518
v -0.0366115 0.0228069 0.0201614
v -0.0362363 0.0191193 0.0245836
v -0.0366361 0.0201516 0.0228928
v -0.0364188 0.0196384 0.0238032
v -0.0361299 0.0176633 0.0258719
v -0.0363696 0.0181227 0.0250667
v -0.0389902 0.0233201 0.0108772
v -0.0392568 0.0226339 0.0108772
v -0.0395491 0.0217567 0.0108772
v -0.039334 0.0217508 0.0121469
v -0.0392579 0.0212913 0.0132803
v -0.0390921 0.0222043 0.0125371
v -0.0390003 0.0217508 0.0136891
v -0.0387102 0.0217567 0.0149774
v -0.0383955 0.0217567 0.0163461
v -0.0380315 0.0217508 0.017684
v -0.0378972 0.0212853 0.0186254
v -0.037709 0.0221983 0.0181237
v -0.0363001 0.0165534 0.0263055
v -0.036458 0.0156404 0.0266151
v -0.0361937 0.0149303 0.0274822
v -0.0354826 0.0149781 0.0287334
v -0.0360257 0.0134565 0.0285228
v -0.0361814 0.0121974 0.0288386
v -0.0363505 0.0108309 0.0291483
v -0.0364356 0.010085 0.0293032
v -0.0365185 0.00917207 0.0294456
v -0.036607 0.00809799 0.0296005
v -0.03671 0.00673152 0.0297739
v -0.0378311 0.00617061 0.0279901
v -0.0378837 0.00536505 0.0280892
v -0.0379509 0.00399858 0.0282193
v -0.0376127 0.00263807 0.0289687
v -0.0376452 0.0012716 0.0290245
v -0.0380091 0.0012716 0.028337
v -0.0380259 -9.48654e-05 0.0283741
v -0.038017 -0.00146134 0.0283555
v -0.037961 -0.00419428 0.0282317
v -0.0379252 -0.00556075 0.0281635
v -0.0383227 -0.00556075 0.0272779
v -0.0381211 -0.00705849 0.0274079
v -0.0380674 -0.00829369 0.0271602
v -0.0381279 -0.0111102 0.0260267
v -0.038867 -0.0108953 0.0244102
v -0.0380304 -0.0123931 0.0257047
v -0.0379117 -0.013491 0.0254384
v -0.0381615 -0.013867 0.0246642
v -0.0380181 -0.015126 0.0243173
v -0.0378893 -0.0160509 0.0240324
v -0.0375343 -0.0164985 0.0245093
v -0.037093 -0.017859 0.0245403
v -0.0372476 -0.0192254 0.0231777
v -0.0366731 -0.0191598 0.0245217
v -0.0367649 -0.0206039 0.0232148
v -0.0374615 -0.0204964 0.0217098
v -0.0377 -0.0208903 0.020787
v -0.0374985 -0.0218808 0.0203782
v -0.0374581 -0.0232115 0.0189722
v -0.0372991 -0.0246854 0.0177087
v -0.036775 -0.0247271 0.0191023
v -0.036514 -0.0268693 0.0172009
v -0.0360828 -0.0273706 0.0176778
v -0.0367156 -0.0260518 0.0176778
v -0.0382891 -0.00419428 -0.0287371
v -0.0381312 -0.00477309 -0.0291769
v -0.0395569 -0.00419428 -0.024637
v -0.0392624 -0.00419428 -0.0255908
v -0.0408672 -0.0110266 -0.015074
v -0.0408773 -0.00829369 -0.0164366
v -0.0408516 -0.00556075 -0.0178054
v -0.0407676 -0.00282781 -0.0191742
v -0.0405985 -0.00282781 -0.0201218
v -0.0404652 -0.00282781 -0.0208031
v -0.040249 -0.00282781 -0.0219056
v -0.0399579 -0.00282781 -0.0232682
v -0.0396129 -0.00146134 -0.024637
v -0.0395972 -0.00282781 -0.024637
v -0.0391011 -0.0273706 0.00132044
v -0.0392388 -0.026935 0.00132044
v -0.0397204 -0.0246854 0.00405182
v -0.0400038 -0.0233189 0.00541442
v -0.0403454 -0.0219524 0.00405182
v -0.0405156 -0.0211051 0.00405182
v -0.0406377 -0.0204189 0.00405182
v -0.040874 -0.015126 -0.0109739
v -0.0408863 -0.0164925 -0.00824249
v -0.0409008 -0.017859 -0.00277353
v -0.0408348 -0.0192254 -4.21533e-05
v -0.0408997 -0.017859 0.00268304
v -0.0409008 -0.017859 -4.21533e-05
v -0.0408325 -0.0192254 0.00268304
v -0.0408135 -0.0192254 0.00405182
v -0.0408975 -0.015126 -0.00960509
v -0.0408796 -0.0123931 -0.0137053
v -0.0408807 -0.0137596 -0.0123427
v -0.0363584 0.0111472 -0.0291769
v -0.0378266 0.0129314 -0.0253492
v -0.0380047 0.0134565 -0.0246308
v -0.0379061 0.0145663 -0.0241725
v -0.0386901 0.0149303 -0.0219056
v -0.0381256 0.014984 -0.0233549
v -0.0390529 0.0149303 -0.0208403
v -0.0391896 0.0156464 -0.0198803
v -0.0404719 0.0176812 -0.0111039
v -0.0405178 0.0181526 -0.00995193
v -0.0404002 0.0189164 -0.00954315
v -0.040314 0.0176633 -0.0123427
v -0.0401942 0.0203902 -0.00824249
v -0.0404181 0.0148707 -0.0150183
v -0.0404047 0.0162192 -0.0136433
v -0.0401639 0.0149303 -0.0164366
v -0.0405033 0.0167085 -0.0123427
v -0.0398212 0.0135639 -0.0191742
v -0.0401236 0.0135639 -0.0178054
v -0.0392758 0.0149303 -0.020159
v -0.0394203 0.0136295 -0.0206235
v -0.0397227 0.0121974 -0.0205368
v -0.0403185 0.0203902 -0.0068737
v -0.0400698 0.0217567 -0.00551111
v -0.0401471 0.0217567 -0.00414232
v -0.0402166 0.0217567 -0.00277353
v -0.0402513 0.0217567 -0.00141094
v -0.040258 0.0217567 -4.21533e-05
v -0.0398951 0.0231232 0.00132044
v -0.039866 0.0231232 0.00268304
v -0.0397966 0.0231232 0.00405182
v -0.0397204 0.0231232 0.00541442
v -0.0396096 0.0231232 0.00678321
v -0.0393598 0.0229084 0.00951459
v -0.0390921 0.0235886 0.00951459
v -0.0394136 0.0232246 0.00818916
v -0.0368746 0.0218701 0.0205516
v -0.0375533 0.0204022 0.0204711
v -0.0377415 0.019531 0.0209418
v -0.0375545 0.0190596 0.0218213
v -0.0365891 0.0187254 0.0241563
v -0.0368634 0.0191193 0.0232768
v -0.0365308 0.0172157 0.025395
v -0.0374783 0.0176394 0.0231219
v -0.0378232 0.0156404 0.0238838
v -0.0399254 0.0203902 0.0108772
v -0.0397204 0.0203902 0.012246
v -0.0397271 0.0217567 0.00951459
v -0.0394326 0.0204917 0.0136891
v -0.0393083 0.020074 0.0149774
v -0.039156 0.0210108 0.0141908
v -0.0390686 0.0207602 0.0149774
v -0.0392131 0.0198055 0.0157763
v -0.038475 0.0203902 0.0177087
v -0.0380562 0.0204022 0.0190775
v -0.0379084 0.0199546 0.0200313
v -0.0377258 0.0208676 0.0195358
v -0.0375231 0.0217508 0.0190775
v -0.0366507 0.0161775 0.0258719
v -0.0365622 0.0149303 0.026801
v -0.0376082 0.0149303 0.0248004
v -0.0377504 0.0140054 0.0250915
v -0.0366988 0.0134565 0.0272964
v -0.0374727 0.0135579 0.0258347
v -0.0364603 0.0129314 0.0279839
v -0.0365566 0.0121974 0.0281574
v -0.0374514 0.0107951 0.027185
v -0.0367335 0.0108309 0.028467
v -0.0378546 0.0103178 0.0266709
v -0.0375713 0.00946446 0.0275132
v -0.0368433 0.00955993 0.0287643
v -0.0371647 0.00809799 0.0286405
v -0.0377639 0.00708358 0.0278601
v -0.037933 0.00946446 0.0268319
v -0.0380271 0.00809799 0.0270363
v -0.0382421 0.00536505 0.0272779
v -0.0383731 0.00399858 0.0272779
v -0.038447 0.00263807 0.0272779
v -0.0379856 0.00263807 0.0282874
v -0.038493 0.0012716 0.0272779
v -0.0385266 -9.48654e-05 0.0272779
v -0.0385086 -0.00146134 0.0272779
v -0.0383978 -0.00419428 0.0272779
v -0.0391985 -0.00510128 0.0252711
v -0.0391605 -0.00600828 0.0251782
v -0.0387718 -0.00692722 0.0259091
v -0.0385994 -0.00829369 0.0259091
v -0.0391817 -0.0103523 0.0238652
v -0.0391011 -0.0112653 0.0236422
v -0.0385288 -0.0123931 0.0245403
v -0.0387673 -0.0137596 0.0231777
v -0.0384571 -0.015126 0.0231777
v -0.037746 -0.0169639 0.023698
v -0.0380752 -0.0164985 0.0232148
v -0.0379308 -0.0175726 0.0227875
v -0.0377952 -0.0184796 0.0224468
v -0.0376799 -0.0192254 0.0221619
v -0.0378344 -0.0199773 0.0211833
v -0.0383407 -0.0192254 0.0204463
v -0.0379655 -0.0204964 0.0203782
v -0.0378512 -0.0213796 0.0198765
v -0.0376888 -0.0222866 0.0193562
v -0.0376967 -0.0236829 0.0177087
v -0.0376844 -0.0247689 0.01647
v -0.0371938 -0.0260518 0.0163461
v -0.0360873 -0.0273706 0.0176654
v -0.0366675 -0.0271617 0.0163461
v -0.0365599 -0.0273706 0.0163461
v -0.0381503 -0.00419428 -0.0291769
v -0.0392859 -0.00282781 -0.0256651
v -0.0390742 -0.00282781 -0.0263464
v -0.0387562 -0.00282781 -0.0273684
v -0.0408975 -0.00966016 -0.015074
v -0.0408964 -0.00692722 -0.0164366
v -0.0408762 -0.00419428 -0.0178054
v -0.0408874 -0.00282781 -0.0178054
v -0.0407709 -0.00146134 -0.0191742
v -0.0406029 0.00263807 -0.0200971
v -0.0399142 -9.48654e-05 -0.0232682
v -0.0395961 -9.48654e-05 -0.024637
v -0.0393027 -9.48654e-05 -0.0256961
v -0.0393072 -0.00146134 -0.0257147
v -0.0389981 -0.0273706 0.00259013
v -0.0392108 -0.0268276 0.00233
v -0.0396443 -0.0246854 0.00541442
v -0.0398884 -0.0233189 0.00678321
v -0.0401807 -0.0219524 0.00678321
v -0.040277 -0.0219524 0.00541442
v -0.0404741 -0.0208724 0.00541442
v -0.0405973 -0.0201921 0.00541442
v -0.0407586 -0.0192254 0.00541442
v -0.0408986 -0.0110266 -0.0137053
v -0.0408986 -0.0123931 -0.0123427
v -0.040902 0.00809799 0.00541442
v -0.040902 0.00946446 0.00268304
v -0.040902 0.0108309 0.00132044
v -0.0408986 -0.017859 0.00405182
v -0.0408986 -0.0137596 0.0108772
v -0.0408986 -0.0123931 0.012246
v -0.040902 0.00809799 0.00678321
v -0.0408829 -0.017859 0.00541442
v -0.0407933 -0.017859 0.0081458
v -0.040846 -0.017859 0.00678321
v -0.037093 0.00806218 -0.0291769
v -0.0382891 0.0121974 -0.024637
v -0.0371882 0.00765642 -0.0291769
v -0.0378031 0.00732823 -0.0280249
v -0.03854 0.0135639 -0.0232682
v -0.0391537 0.0141307 -0.0211376
v -0.039016 0.0136295 -0.0219118
v -0.0405447 0.0169651 -0.0116428
v -0.0405839 0.0172396 -0.0107323
v -0.0406197 0.0176812 -0.00954315
v -0.0405559 0.0183913 -0.00904147
v -0.0404551 0.0192326 -0.00824249
v -0.0405156 0.019525 -0.0068737
v -0.0405066 0.0139338 -0.0154395
v -0.040501 0.0152824 -0.0140583
v -0.0405626 0.015718 -0.0131478
v -0.0404114 0.0135102 -0.0163685
v -0.0400474 0.0121974 -0.0191742
v -0.04037 0.0120721 -0.0176754
v -0.0392568 0.0132237 -0.0214658
v -0.0393363 0.0121198 -0.0219118
v -0.039548 0.0108309 -0.0219056
v -0.0399243 0.0108309 -0.0205368
v -0.0405425 0.0196921 -0.0061057
v -0.040426 0.0202888 -0.00559163
v -0.0404719 0.0206826 -0.00277353
v -0.0404898 0.0207662 -0.00141094
v -0.0404932 0.0207841 -4.21533e-05
v -0.0402602 0.0217567 0.00132044
v -0.0402278 0.0217567 0.00268304
v -0.0401639 0.0217567 0.00405182
v -0.0400978 0.0217567 0.00541442
v -0.0400004 0.0217567 0.00678321
v -0.0398727 0.0217567 0.0081458
v -0.0379173 0.018624 0.0213754
v -0.0377202 0.018081 0.0222858
v -0.0378759 0.017168 0.0226327
v -0.0379632 0.0161775 0.0231219
v -0.0382757 0.0149303 0.0231777
v -0.0379229 0.0149303 0.0241129
v -0.0400855 0.0203902 0.00951459
v -0.0402434 0.0190297 0.0108772
v -0.0400519 0.0190297 0.012246
v -0.0398571 0.0190297 0.0136148
v -0.0396163 0.0190297 0.0149774
v -0.0393251 0.018976 0.016278
v -0.0392243 0.0184867 0.0171823
v -0.0390821 0.0193997 0.0166868
v -0.038932 0.018976 0.0176716
v -0.0385098 0.0190297 0.0190775
v -0.0380752 0.0190596 0.0204711
v -0.038064 0.0135579 0.024596
v -0.0378658 0.0130984 0.0253269
v -0.0370393 0.0121974 0.0272779
v -0.0383619 0.0121974 0.0245403
v -0.0383272 0.00946446 0.0259091
v -0.0376877 0.00809799 0.0277176
v -0.038521 0.00809799 0.0259091
v -0.0386677 0.00673152 0.0259091
v -0.0388133 0.00536505 0.0259091
v -0.039175 0.00463706 0.0252154
v -0.0389689 0.00410599 0.0258286
v -0.0392176 0.00372409 0.0253145
v -0.0392478 0.00263807 0.0253888
v -0.0389813 0.0012716 0.0261258
v -0.0389969 -9.48654e-05 0.026163
v -0.0392769 -0.00146134 0.0254569
v -0.0392209 -0.00419428 0.0253269
v -0.0395121 -0.00419428 0.0245403
v -0.0394001 -0.00555478 0.0246518
v -0.0393867 -0.00692722 0.0243854
v -0.0391157 -0.00692722 0.0250667
v -0.0393072 -0.00829369 0.0241749
v -0.0394796 -0.00966016 0.0231777
v -0.0393217 -0.0108953 0.0231839
v -0.0392635 -0.0121186 0.0227318
v -0.0390249 -0.0125005 0.0231839
v -0.0391694 -0.0130256 0.0224654
v -0.0390888 -0.0137596 0.0222115
v -0.0389454 -0.0150843 0.0217408
v -0.0390272 -0.0165701 0.0204525
v -0.0385904 -0.0164925 0.0218089
v -0.0387192 -0.017859 0.0204463
v -0.0381491 -0.0179604 0.0219204
v -0.0379464 -0.0192254 0.0214744
v -0.038876 -0.0191001 0.0189537
v -0.0383709 -0.0205919 0.0190775
v -0.0379509 -0.0218808 0.0189722
v -0.0378064 -0.0239872 0.0170089
v -0.0377818 -0.0252761 0.0155224
v -0.0375903 -0.026028 0.0150331
v -0.0369015 -0.0273706 0.0152375
v -0.0367727 -0.0273706 0.0156648
v -0.0381659 -0.00337678 -0.0291769
v -0.0390865 -0.00146134 -0.0264022
v -0.0408975 -0.00829369 -0.015074
v -0.0408896 -0.00146134 -0.0178054
v -0.0408975 0.00946446 -0.0137053
v -0.0408952 0.00809799 -0.015074
v -0.0407676 0.00263807 -0.0191742
v -0.0405805 0.00399858 -0.0199918
v -0.040081 0.00536505 -0.0219056
v -0.0392601 0.0012716 -0.0255846
v -0.0390552 0.0012716 -0.0262659
v -0.0390765 -9.48654e-05 -0.0263774
v -0.0400127 0.00673152 -0.0219056
v -0.0387606 -0.0273706 0.00547635
v -0.0390317 -0.0262607 0.00678321
v -0.0393072 -0.0257475 0.00541442
v -0.0392467 -0.0255804 0.00678321
v -0.0395166 -0.0246854 0.00678321
v -0.0397227 -0.0233189 0.0081458
v -0.0399119 -0.0219524 0.00951459
v -0.0400967 -0.0205919 0.0108772
v -0.0400654 -0.0219524 0.0081458
v -0.0402334 -0.0205919 0.00951459
v -0.0403386 -0.0205919 0.0081458
v -0.0404596 -0.0193925 0.00951459
v -0.0406253 -0.0189868 0.0081458
v -0.0407105 -0.017859 0.00951459
v -0.0408986 -0.00966016 -0.0137053
v -0.040902 0.0121974 0.00132044
v -0.0408896 -0.0164925 0.0081458
v -0.0408975 -0.015126 0.00951459
v -0.0408863 -0.0137596 0.012246
v -0.0408975 -0.0110266 0.0136148
v -0.0408975 -0.00692722 0.0163461
v -0.0408975 -0.00146134 0.0177087
v -0.0409008 0.00536505 0.00951459
v -0.040902 0.00946446 0.00678321
v -0.040856 -0.0164925 0.00951459
v -0.0407754 -0.0164925 0.0108772
v -0.0385658 0.0108309 -0.024637
v -0.0390283 0.0108309 -0.0235283
v -0.0389051 0.0121198 -0.0231691
v -0.0373741 0.00678522 -0.0291769
v -0.0374637 0.00630189 -0.0291769
v -0.0376037 0.00536505 -0.0291769
v -0.0376284 0.00518007 -0.0291769
v -0.0380248 0.00399858 -0.0285761
v -0.0391302 0.00946446 -0.0238008
v -0.0391123 0.0125256 -0.0223763
v -0.0406657 0.0164221 -0.0111039
v -0.0406041 0.0160223 -0.0123427
v -0.0407933 0.0162968 -0.00960509
v -0.0407149 0.0176633 -0.00824249
v -0.0405637 0.0130268 -0.0158668
v -0.0406074 0.0135102 -0.0150183
v -0.0405626 0.0143754 -0.014529
v -0.0406074 0.0148707 -0.0136433
v -0.0407441 0.0149303 -0.0123427
v -0.0404898 0.012442 -0.0167773
v -0.0402401 0.0108309 -0.0191742
v -0.0405481 0.0115291 -0.0171365
v -0.0404674 0.0108309 -0.0180532
v -0.0391985 0.0116126 -0.0226426
v -0.0397238 0.00946446 -0.0219056
v -0.039259 0.0108309 -0.0228408
v -0.039352 0.00946446 -0.0231195
v -0.0400844 0.00946446 -0.0205368
v -0.040622 0.0188448 -0.0068737
v -0.0407877 0.0176633 -0.0068737
v -0.040641 0.0191491 -0.00559163
v -0.0407127 0.0190297 -0.00414232
v -0.0407575 0.0190297 -0.00277353
v -0.0405973 0.0200024 -0.00277353
v -0.0406119 0.0200859 -0.00141094
v -0.0406153 0.0201038 -4.21533e-05
v -0.0404943 0.0207841 0.00132044
v -0.0404775 0.0207065 0.00268304
v -0.0404114 0.0204559 0.00541442
v -0.0403789 0.020259 0.00664695
v -0.0402177 0.0203902 0.0081458
v -0.0385154 0.0176633 0.0204463
v -0.038045 0.0176394 0.0218213
v -0.0384079 0.0162968 0.0218089
v -0.0386106 0.0135639 0.0231777
v -0.0387528 0.0149303 0.0218089
v -0.0390473 0.0136832 0.0218585
v -0.0404181 0.0189402 0.00951459
v -0.040473 0.0179258 0.0108772
v -0.0403879 0.0175439 0.0121469
v -0.0401628 0.0176633 0.0136148
v -0.0405279 0.0182123 0.00996672
v -0.0399321 0.0176633 0.0149774
v -0.0396555 0.0176633 0.0163461
v -0.039343 0.0176334 0.0176716
v -0.0392366 0.0171561 0.018582
v -0.0390933 0.018069 0.0180927
v -0.0389488 0.0176334 0.0190527
v -0.0391291 0.0126032 0.0223477
v -0.0386139 0.0108309 0.0245403
v -0.0389275 0.0121676 0.023091
v -0.0389118 0.00940479 0.0244412
v -0.039203 0.00890952 0.0239209
v -0.0389902 0.00809799 0.0247447
v -0.039343 0.00673152 0.0242616
v -0.0390641 0.00673152 0.0249491
v -0.0391369 0.00536505 0.0251225
v -0.0394046 0.00536505 0.0244412
v -0.0394236 0.00410599 0.0246704
v -0.0395536 0.00263807 0.0245403
v -0.0392702 0.0012716 0.0254384
v -0.0392859 -9.48654e-05 0.0254755
v -0.0396028 -0.00146134 0.0245403
v -0.0399411 -0.00419428 0.0231777
v -0.0398806 -0.00556075 0.0231777
v -0.0397697 -0.00692722 0.0231777
v -0.0396275 -0.00829369 0.0231777
v -0.0398839 -0.00966016 0.0218089
v -0.0397047 -0.0110266 0.0218089
v -0.0394281 -0.0125005 0.0219266
v -0.0393049 -0.0137596 0.0215302
v -0.0392153 -0.0146009 0.0212391
v -0.0391593 -0.0170773 0.0196845
v -0.0390709 -0.017859 0.019381
v -0.0391851 -0.0185631 0.0184148
v -0.0390821 -0.0195477 0.0177087
v -0.0387618 -0.0205919 0.0177087
v -0.0383015 -0.0219524 0.0177087
v -0.0379375 -0.0243691 0.0160984
v -0.0380831 -0.0247689 0.0150331
v -0.0384414 -0.0246854 0.0136148
v -0.0378848 -0.0255506 0.0146119
v -0.0386117 -0.0233189 0.0149774
v -0.0369463 -0.0273706 0.0150826
v -0.037718 -0.0264994 0.0136148
v -0.0373361 -0.0273706 0.0136148
v -0.0373237 -0.0273706 0.0136643
v -0.0383149 -0.00282781 -0.0287371
v -0.0381671 -0.00282781 -0.0291769
v -0.038764 -0.00146134 -0.0273684
v -0.0408874 0.0012716 -0.0178054
v -0.0408975 0.0121974 -0.0123427
v -0.0408964 0.0108309 -0.0137053
v -0.0408863 0.00673152 -0.0164366
v -0.0408807 0.00263807 -0.0178054
v -0.0408594 0.00399858 -0.0178054
v -0.0408258 0.00536505 -0.0178054
v -0.0407821 0.00673152 -0.0178054
v -0.0407239 0.00399858 -0.0191742
v -0.0403196 0.00673152 -0.0205368
v -0.0404193 0.00529941 -0.0204253
v -0.0405537 0.00480414 -0.0198927
v -0.0391661 0.0043029 -0.0252749
v -0.0390205 0.00263807 -0.0261049
v -0.0386184 0.00263807 -0.0273684
v -0.0386878 0.0012716 -0.0273684
v -0.0387315 -9.48654e-05 -0.0273684
v -0.0382914 -0.00146134 -0.0287371
v -0.0381525 -0.00201628 -0.0291769
v -0.0402188 0.00809799 -0.0205368
v -0.0398817 0.00809799 -0.0219056
v -0.0395871 0.00673152 -0.0232682
v -0.0386486 -0.0273706 0.00678321
v -0.0389779 -0.0259623 0.00810245
v -0.0392008 -0.0254432 0.00761934
v -0.0391515 -0.0239037 0.0113355
v -0.0392825 -0.0230026 0.012246
v -0.0397406 -0.0219524 0.0108772
v -0.0395614 -0.0219524 0.012246
v -0.0399052 -0.0205919 0.012246
v -0.0402054 -0.0192254 0.012246
v -0.0404081 -0.0190942 0.0107595
v -0.0405481 -0.0185571 0.0102269
v -0.0405761 -0.0187123 0.00951459
v -0.0406063 -0.0178291 0.0107595
v -0.040902 0.0121974 0.00405182
v -0.0408997 0.0149303 -0.00141094
v -0.0408986 0.0149303 -0.00551111
v -0.0408997 0.0135639 -0.00414232
v -0.0408784 -0.015126 0.0108772
v -0.040818 -0.0137596 0.0136148
v -0.0408852 -0.0123931 0.0136148
v -0.0408964 -0.00966016 0.0149774
v -0.0408885 -0.00829369 0.0163461
v -0.0408952 -0.00419428 0.0177087
v -0.0408258 -9.48654e-05 0.0190775
v -0.0408975 0.00263807 0.0177087
v -0.0408997 0.00673152 0.012246
v -0.0408986 0.00809799 0.0136148
v -0.0408986 0.0108309 0.012246
v -0.0409008 0.0108309 0.0081458
v -0.0409008 0.0121974 0.00678321
v -0.0408068 -0.015126 0.012246
v -0.0405716 -0.0173518 0.0117753
v -0.0406388 -0.0165044 0.0122398
v -0.0377168 0.00450578 -0.0291769
v -0.0377829 0.00399858 -0.0291769
v -0.037858 0.0033959 -0.0291769
v -0.0379016 0.0029961 -0.0291769
v -0.0380595 0.00269775 -0.0288486
v -0.0384829 0.00399858 -0.0273684
v -0.040856 0.0162968 -0.00824249
v -0.0408415 0.0149303 -0.0109739
v -0.0405962 0.0120721 -0.0163685
v -0.0407452 0.0121974 -0.015074
v -0.0407497 0.0135639 -0.0137053
v -0.0408616 0.0135639 -0.0123427
v -0.0405245 0.00976878 -0.0183505
v -0.040585 0.0108309 -0.0173719
v -0.0407093 0.0108309 -0.0164366
v -0.0408314 0.0176633 -0.00551111
v -0.0408583 0.0176633 -0.00414232
v -0.0407833 0.0190297 -0.00141094
v -0.04079 0.0190297 -4.21533e-05
v -0.040613 0.0201038 0.00132044
v -0.0406007 0.0200203 0.00268304
v -0.0405817 0.019895 0.00405182
v -0.0405593 0.0197756 0.00541442
v -0.0405458 0.01971 0.00610191
v -0.0405156 0.019525 0.00701237
v -0.0404674 0.0192923 0.0081458
v -0.0390989 0.0166608 0.0194925
v -0.0389163 0.0162431 0.0203658
v -0.0392142 0.0157478 0.0198641
v -0.0390832 0.0149303 0.0208489
v -0.039287 0.0133073 0.0214373
v -0.0391728 0.0142203 0.021109
v -0.0405066 0.0167026 0.0125309
v -0.0404349 0.016267 0.0136086
v -0.0402031 0.0162968 0.0149774
v -0.0405626 0.018433 0.00905626
v -0.0406287 0.017717 0.00951459
v -0.0407161 0.0162968 0.0108772
v -0.0405514 0.0170069 0.0116204
v -0.0399545 0.0162968 0.0163461
v -0.0396767 0.0162968 0.0177087
v -0.0393385 0.0162431 0.0190527
v -0.039212 0.0116902 0.0225769
v -0.0393744 0.0121676 0.0218585
v -0.0391201 0.00982248 0.0237041
v -0.0392892 0.0108309 0.0227813
v -0.0393699 0.00940479 0.023221
v -0.0395659 0.00809799 0.0231777
v -0.0392624 0.00809799 0.0240634
v -0.0397059 0.00673152 0.0231777
v -0.0398134 0.00536505 0.0231777
v -0.0399097 0.00399858 0.0231777
v -0.0395905 0.0012716 0.0245403
v -0.0399724 0.00263807 0.0231777
v -0.0396174 -9.48654e-05 0.0245403
v -0.0400127 -0.00146134 0.0231777
v -0.039978 -0.00282781 0.0231777
v -0.0403006 -0.00419428 0.0218089
v -0.0402356 -0.00556075 0.0218089
v -0.0401326 -0.00692722 0.0218089
v -0.0400183 -0.00829369 0.0218089
v -0.0403946 -0.00818031 0.0203162
v -0.0402065 -0.00966016 0.0204463
v -0.0398179 -0.0123931 0.0204463
v -0.0396028 -0.0137596 0.0204463
v -0.0393968 -0.0165701 0.0191704
v -0.039259 -0.017859 0.0186997
v -0.0397854 -0.0164925 0.0177087
v -0.0394897 -0.017859 0.0177087
v -0.0397764 -0.017859 0.0163461
v -0.0392579 -0.0188674 0.0177087
v -0.0391537 -0.0211648 0.015541
v -0.0390697 -0.0206635 0.0164514
v -0.0390305 -0.0219823 0.0150393
v -0.0386901 -0.0219524 0.0163461
v -0.0381469 -0.0234442 0.01647
v -0.0389645 -0.0232652 0.0136086
v -0.0379912 -0.0258191 0.0136148
v -0.0387147 -0.0246854 0.012246
v -0.0384661 -0.0260518 0.0108772
v -0.038176 -0.0273706 0.00977472
v -0.0391325 -0.0224537 0.0140545
v -0.0376205 -0.0273706 0.0123822
v -0.0380674 -0.0273706 0.0102888
v -0.0408975 0.0149303 -0.00824249
v -0.0408964 0.0135639 -0.0109739
v -0.0408594 0.0121974 -0.0137053
v -0.0408863 0.00946446 -0.015074
v -0.0408628 0.00809799 -0.0164366
v -0.0407161 0.00809799 -0.0178054
v -0.040809 0.00946446 -0.0164366
v -0.0406141 0.00673152 -0.0188769
v -0.0404529 0.00809799 -0.0193291
v -0.0405738 0.00809799 -0.0186416
v -0.0379554 0.0024889 -0.0291769
v -0.0380371 0.0012716 -0.0291769
v -0.0381973 0.0012716 -0.0287371
v -0.038064 0.00063909 -0.0291769
v -0.0380898 -9.48654e-05 -0.0291769
v -0.0381099 -0.00068561 -0.0291769
v -0.0381357 -0.00146134 -0.0291769
v -0.0384784 -0.0273706 0.0081458
v -0.0384706 -0.0273706 0.00820154
v -0.0387282 -0.0260518 0.00951459
v -0.0390776 -0.0236829 0.012246
v -0.0392198 -0.0227699 0.013144
v -0.0393352 -0.0219823 0.0136086
v -0.0396644 -0.0205919 0.0136148
v -0.0399758 -0.0192254 0.0136148
v -0.040445 -0.0178291 0.0122398
v -0.0405055 -0.0182647 0.0111373
v -0.0400318 -0.017859 0.0149774
v -0.0402524 -0.017859 0.0136148
v -0.0408986 0.0162968 0.00405182
v -0.0408986 0.0162968 -0.00141094
v -0.0408975 0.0162968 -0.00551111
v -0.0406556 -0.0151797 0.0136581
v -0.0405895 -0.014762 0.0146181
v -0.0406444 -0.0137596 0.0150331
v -0.0407855 -0.0123931 0.0149774
v -0.0408504 -0.00966016 0.0163461
v -0.0408717 -0.0110266 0.0149774
v -0.0408482 -0.00692722 0.0177087
v -0.0408784 -0.00556075 0.0177087
v -0.0408157 -0.00282781 0.0190775
v -0.0408247 -0.00146134 0.0190775
v -0.0408202 0.0012716 0.0190775
v -0.0406298 -0.000226142 0.0205702
v -0.0408885 0.00399858 0.0177087
v -0.0408975 0.00673152 0.0163461
v -0.0408975 0.0108309 0.0136148
v -0.0408986 0.0135639 0.00951459
v -0.0405167 -0.0169758 0.0126857
v -0.0405839 -0.0160629 0.0132369
v -0.040884 0.0149303 -0.00960509
v -0.0408874 0.0162968 -0.0068737
v -0.040846 0.0108309 -0.015074
v -0.0406276 0.00937495 -0.0178612
v -0.0408818 0.0176633 -0.00277353
v -0.0408941 0.0176633 -0.00141094
v -0.0408964 0.0176633 -4.21533e-05
v -0.0408941 0.0176633 0.00132044
v -0.0407855 0.0190297 0.00132044
v -0.0407631 0.0190297 0.00268304
v -0.040725 0.0190297 0.00405182
v -0.0406769 0.0190297 0.00541442
v -0.040613 0.0190536 0.00664695
v -0.0405917 0.018612 0.0081458
v -0.0393139 0.0149303 0.0201614
v -0.0394628 0.0136832 0.0205702
v -0.0397831 0.0121974 0.0204463
v -0.0405716 0.0157956 0.0131502
v -0.0405178 0.0153958 0.0140607
v -0.0406063 0.016267 0.0121469
v -0.0404506 0.0149363 0.0150083
v -0.0402188 0.0149303 0.0163461
v -0.040734 0.0176633 0.0081458
v -0.040856 0.0149303 0.0108772
v -0.0407653 0.0149303 0.012246
v -0.0408056 0.0162968 0.00951459
v -0.03995 0.0149303 0.0177087
v -0.0396286 0.0149303 0.0190775
v -0.0396051 0.0108309 0.0218089
v -0.0397932 0.00946446 0.0218089
v -0.0399567 0.00809799 0.0218089
v -0.0400799 0.00673152 0.0218089
v -0.0401751 0.00536505 0.0218089
v -0.0402658 0.00399858 0.0218089
v -0.0400027 0.0012716 0.0231777
v -0.0403286 0.00263807 0.0218089
v -0.0400239 -9.48654e-05 0.0231777
v -0.0404013 -0.00133006 0.0216726
v -0.0403364 -0.00282781 0.0218089
v -0.0405301 -0.00282781 0.0210285
v -0.0405122 -0.00419428 0.0209294
v -0.0404786 -0.00556075 0.0207622
v -0.0404327 -0.00692722 0.0205702
v -0.0405492 -0.0076552 0.0197774
v -0.0405122 -0.00856221 0.0195606
v -0.0400284 -0.015126 0.0177087
v -0.0402927 -0.015126 0.0163461
v -0.0397025 -0.015126 0.0190775
v -0.0400766 -0.0164925 0.0163461
v -0.0397227 -0.0192254 0.0149774
v -0.0393732 -0.0206635 0.0150393
v -0.0394046 -0.0193329 0.0164514
v -0.0392467 -0.0215467 0.0146243
v -0.0382074 -0.0273706 0.00961369
v -0.0402938 -0.0164925 0.0149774
v -0.0404652 -0.0165044 0.0136581
v -0.0405279 -0.015675 0.0141474
v -0.0408975 0.0162968 0.00541442
v -0.0404786 -0.0151797 0.0150331
v -0.0405268 -0.014219 0.0155286
v -0.0406735 -0.00971386 0.0177893
v -0.0408001 -0.00829369 0.0177087
v -0.0407575 -0.00556075 0.0190775
v -0.0407978 -0.00419428 0.0190775
v -0.0406399 -0.00282781 0.0203472
v -0.0406287 -0.00133006 0.0205578
v -0.0406444 0.0012716 0.0203906
v -0.0408079 0.00263807 0.0190775
v -0.0405458 -0.000781084 0.0211276
v -0.0405458 -0.00076915 0.0211276
v -0.0405425 0.000143819 0.021109
v -0.040865 0.00536505 0.0177087
v -0.0408762 0.00809799 0.0163461
v -0.0408952 0.00946446 0.0149774
v -0.0408706 0.0121974 0.0136148
v -0.0408975 0.0135639 0.0108772
v -0.040884 0.0176633 0.00268304
v -0.040893 0.0162968 0.00678321
v -0.040865 0.0176633 0.00405182
v -0.0408392 0.0176633 0.00541442
v -0.0408012 0.0176633 0.00678321
v -0.0399758 0.0108309 0.0204463
v -0.0398772 0.0135639 0.0190775
v -0.0400967 0.0121974 0.0190775
v -0.0402905 0.0108309 0.0190775
v -0.0406276 0.0149363 0.0136086
v -0.0405761 0.0144828 0.0145686
v -0.0405257 0.0140591 0.015479
v -0.040445 0.0135877 0.0163276
v -0.0408639 0.0162968 0.0081458
v -0.0408919 0.0149303 0.00951459
v -0.0408695 0.0135639 0.012246
v -0.0407788 0.0135639 0.0136148
v -0.0401751 0.0135639 0.0177087
v -0.0401348 0.00946446 0.0204463
v -0.0402871 0.00809799 0.0204463
v -0.0404237 0.00676732 0.0203534
v -0.0404495 0.00536505 0.0206445
v -0.0404943 0.00399858 0.0208365
v -0.0405245 0.00263807 0.0209975
v -0.0403566 0.0012716 0.0218089
v -0.0405369 0.0012716 0.0210719
v -0.0404081 -0.000226142 0.0216726
v -0.0405391 -0.00169405 0.0210842
v -0.0406242 -0.00419428 0.0202419
v -0.0406007 -0.00556075 0.0200809
v -0.0405693 -0.00692722 0.0198827
v -0.040697 -0.00692722 0.0190775
v -0.0406175 -0.00818031 0.0190961
v -0.0405873 -0.00929616 0.0186502
v -0.0406321 0.00263807 0.02031
v -0.0407788 0.00399858 0.0190775
v -0.0408292 0.00673152 0.0177087
v -0.0408292 0.00946446 0.0163461
v -0.0408616 0.0108309 0.0149774
v -0.0407709 0.0121974 0.0149774
v -0.0404025 0.0121318 0.017622
v -0.0404932 0.0108309 0.0180803
v -0.0405391 0.0100492 0.0183467
v -0.0406309 0.0135877 0.0150083
v -0.0405749 0.0131462 0.015863
v -0.0405077 0.0125435 0.0167735
v -0.0404977 0.00809799 0.0194739
v -0.0405369 0.00724469 0.0196969
v -0.0405626 0.00633769 0.0198393
v -0.0406108 0.00399858 0.0201552
v -0.0407284 0.00536505 0.0190775
v -0.0407609 0.00809799 0.0177087
v -0.0407396 0.0108309 0.0163461
v -0.0405593 0.0116365 0.017108
v -0.0405985 0.0108309 0.0173991
v -0.0406477 0.00954203 0.0178202
v -0.0406074 0.00809799 0.0187926
v -0.0406141 0.0121318 0.0163276
v -0.040641 0.00676732 0.0191766
v -0.0405839 0.00536505 0.0199632
f 4756 4757 4765
f 4756 4765 4784
f 4756 4784 4802
f 4756 4802 4819
f 4756 4819 4851
f 4756 4851 4907
f 4756 4907 4983
f 4756 4983 5055
f 4756 5055 5146
f 4756 5146 5251
f 4756 5251 5250
f 4756 5250 5252
f 4756 5252 5368
f 4756 5368 5500
f 4756 5500 5624
f 4756 5624 5623
f 4756 5623 5764
f 4756 5764 5918
f 4756 5918 5917
f 4756 5917 5916
f 4756 5916 6070
f 4756 6070 6212
f 4756 6212 6351
f 4756 6351 6353
f 4756 6353 6481
f 4756 6481 6480
f 4756 6480 6614
f 4756 6614 6617
f 4756 6617 6616
f 4756 6616 6758
f 4756 6758 6759
f 4756 6759 6756
f 4756 6756 6863
f 4756 6863 6778
f 4756 6778 6777
f 4756 6777 6643
f 4756 6643 6495
f 4756 6495 6368
f 4756 6368 6228
f 4756 6228 6086
f 4756 6086 6085
f 4756 6085 5939
f 4756 5939 5938
f 4756 5938 5781
f 4756 5781 5779
f 4756 5779 5635
f 4756 5635 5510
f 4756 5510 5376
f 4756 5376 5375
f 4756 5375 5374
f 4756 5374 5263
f 4756 5263 5261
f 4756 5261 5156
f 4756 5156 5059
f 4756 5059 4989
f 4756 4989 4914
f 4756 4914 4913
f 4756 4913 4854
f 4756 4854 4821
f 4756 4821 4807
f 4756 4807 4806
f 4756 4806 4805
f 4756 4805 4803
f 4756 4803 4785
f 4756 4785 4766
f 4756 4766 4758
f 4756 4758 4759
f 4756 4759 4767
f 4756 4767 4786
f 4756 4786 4804
f 4756 4804 4820
f 4756 4820 4853
f 4756 4853 4911
f 4756 4911 4910
f 4756 4910 4909
f 4756 4909 4987
f 4756 4987 5057
f 4756 5057 5150
f 4756 5150 5255
f 4756 5255 5371
f 4756 5371 5505
f 4756 5505 5627
f 4756 5627 5768
f 4756 5768 5766
f 4756 5766 5921
f 4756 5921 5920
f 4756 5920 6073
f 4756 6073 6215
f 4756 6215 6354
f 4756 6354 6482
f 4756 6482 6619
f 4756 6619 6639
f 4756 6639 6776
f 4756 6776 6775
f 4756 6775 6774
f 4756 6774 6773
f 4756 6773 6771
f 4756 6771 6770
f 4756 6770 6679
f 4756 6679 6678
f 4756 6678 6677
f 4756 6677 6676
f 4756 6676 6527
f 4756 6527 6526
f 4756 6526 6525
f 4756 6525 6524
f 4756 6524 6391
f 4756 6391 6389
f 4756 6389 6246
f 4756 6246 6102
f 4756 6102 6101
f 4756 6101 5961
f 4756 5961 5960
f 4756 5960 5959
f 4756 5959 5799
f 4756 5799 5653
f 4756 5653 5652
f 4756 5652 5651
f 4756 5651 5650
f 4756 5650 5528
f 4756 5528 5396
f 4756 5396 5277
f 4756 5277 5166
f 4756 5166 5070
f 4756 5070 4999
f 4756 4999 4921
f 4756 4921 4920
f 4756 4920 4861
f 4756 4861 4827
f 4756 4827 4811
f 4756 4811 4789
f 4756 4789 4768
f 4756 4768 4760
f 4756 4760 4757
f 4757 4760 4761
f 4757 4761 4762
f 4757 4762 4763
f 4757 4763 4764
f 4757 4764 4765
f 4758 4766 4767
f 4758 4767 4759
f 4760 4768 4761
f 4761 4768 4769
f 4761 4769 4770
f 4761 4770 4771
f 4761 4771 4772
f 4761 4772 4773
f 4761 4773 4762
f 4762 4774 4763
f 4762 4773 4774
f 4763 4773 4775
f 4763 4775 4776
f 4763 4776 4777
f 4763 4777 4764
f 4763 4774 4773
f 4764 4777 4778
f 4764 4778 4765
f 4765 4778 4779
f 4765 4779 4780
f 4765 4780 4781
f 4765 4781 4782
f 4765 4782 4783
f 4765 4783 4784
f 4766 4785 4767
f 4767 4785 4787
f 4767 4787 4788
f 4767 4788 4786
f 4768 4789 4790
f 4768 4790 4791
f 4768 4791 4769
f 4769 4791 4792
f 4769 4792 4771
f 4769 4771 4770
f 4771 4792 4772
f 4772 4793 4794
f 4772 4794 4795
f 4772 4795 4796
f 4772 4796 4773
f 4772 4792 4793
f 4773 4796 4777
f 4773 4777 4776
f 4773 4776 4775
f 4777 4797 4778
f 4777 4796 4798
f 4777 4798 4799
f 4777 4799 4779
f 4777 4779 4797
f 4778 4797 4779
f 4779 4799 4780
f 4780 4799 4800
f 4780 4800 4781
f 4781 4800 4801
f 4781 4801 4783
f 4781 4783 4782
f 4783 4801 4802
f 4783 4802 4784
f 4785 4803 4787
f 4786 4788 4804
f 4787 4803 4805
f 4787 4805 4806
f 4787 4806 4788
f 4788 4806 4807
f 4788 4807 4808
f 4788 4808 4809
f 4788 4809 4810
f 4788 4810 4804
f 4789 4811 4812
f 4789 4812 4813
f 4789 4813 4814
f 4789 4814 4790
f 4790 4814 4815
f 4790 4815 4794
f 4790 4794 4791
f 4791 4794 4792
f 4792 4794 4793
f 4794 4815 4838
f 4794 4838 4816
f 4794 4816 4796
f 4794 4796 4795
f 4796 4816 4798
f 4798 4816 4799
f 4799 4816 4800
f 4800 4816 4817
f 4800 4817 4818
f 4800 4818 4801
f 4801 4818 4819
f 4801 4819 4802
f 4804 4810 4820
f 4807 4821 4822
f 4807 4822 4808
f 4808 4822 4823
f 4808 4823 4809
f 4809 4823 4824
f 4809 4824 4825
f 4809 4825 4826
f 4809 4826 4810
f 4810 4826 4820
f 4811 4827 4828
f 4811 4828 4829
f 4811 4829 4812
f 4812 4830 4813
f 4812 4829 4831
f 4812 4831 4832
f 4812 4832 4833
f 4812 4833 4830
f 4813 4830 4832
f 4813 4832 4814
f 4814 4832 4815
f 4815 4832 4834
f 4815 4834 4835
f 4815 4835 4836
f 4815 4836 4837
f 4815 4837 4838
f 4816 4818 4817
f 4816 4838 4895
f 4816 4895 4839
f 4816 4839 4840
f 4816 4840 4841
f 4816 4841 4842
f 4816 4842 4843
f 4816 4843 4844
f 4816 4844 4845
f 4816 4845 4846
f 4816 4846 4847
f 4816 4847 4848
f 4816 4848 4818
f 4818 4848 4849
f 4818 4849 4850
f 4818 4850 4819
f 4819 4850 4851
f 4820 4852 4853
f 4820 4826 4852
f 4821 4854 4822
f 4822 4854 4855
f 4822 4855 4856
f 4822 4856 4823
f 4823 4856 4857
f 4823 4857 4824
f 4824 4858 4859
f 4824 4859 4825
f 4824 4857 4858
f 4825 4859 4826
f 4826 4859 4860
f 4826 4860 4852
f 4827 4861 4862
f 4827 4862 4828
f 4828 4862 4863
f 4828 4863 4864
f 4828 4864 4829
f 4829 4864 4865
f 4829 4865 4831
f 4830 4833 4832
f 4831 4866 4867
f 4831 4867 4868
f 4831 4868 4869
f 4831 4869 4834
f 4831 4834 4832
f 4831 4865 4870
f 4831 4870 4871
f 4831 4871 4872
f 4831 4872 4873
f 4831 4873 4874
f 4831 4874 4875
f 4831 4875 4876
f 4831 4876 4866
f 4834 4877 4878
f 4834 4878 4879
f 4834 4879 4880
f 4834 4880 4835
f 4834 4869 4881
f 4834 4881 4882
f 4834 4882 4883
f 4834 4883 4877
f 4835 4880 4884
f 4835 4884 4836
f 4836 4884 4837
f 4837 4884 4885
f 4837 4885 4886
f 4837 4886 4838
f 4838 4886 4887
f 4838 4887 4888
f 4838 4888 4889
f 4838 4889 4890
f 4838 4890 4891
f 4838 4891 4892
f 4838 4892 4893
f 4838 4893 4894
f 4838 4894 4895
f 4839 4896 4841
f 4839 4841 4840
f 4839 4895 4971
f 4839 4971 4897
f 4839 4897 4896
f 4841 4896 4898
f 4841 4898 4897
f 4841 4897 4899
f 4841 4899 4900
f 4841 4900 4901
f 4841 4901 4842
f 4842 4901 4843
f 4843 4901 4902
f 4843 4902 4844
f 4844 4902 4845
f 4845 4902 4846
f 4846 4902 4903
f 4846 4903 4904
f 4846 4904 4847
f 4847 4904 4849
f 4847 4849 4848
f 4849 4905 4850
f 4849 4904 4905
f 4850 4905 4906
f 4850 4906 4907
f 4850 4907 4851
f 4852 4908 4909
f 4852 4909 4910
f 4852 4910 4911
f 4852 4911 4853
f 4852 4860 4912
f 4852 4912 4908
f 4854 4913 4855
f 4855 4913 4914
f 4855 4914 4856
f 4856 4914 4915
f 4856 4915 4857
f 4857 4915 4916
f 4857 4916 4917
f 4857 4917 4918
f 4857 4918 4858
f 4858 4919 4912
f 4858 4912 4860
f 4858 4860 4859
f 4858 4918 4919
f 4861 4920 4862
f 4862 4920 4921
f 4862 4921 4922
f 4862 4922 4923
f 4862 4923 4924
f 4862 4924 4925
f 4862 4925 4863
f 4863 4925 4864
f 4864 4925 4926
f 4864 4926 4865
f 4865 4926 4872
f 4865 4872 4870
f 4866 4927 4867
f 4866 4876 4928
f 4866 4928 4927
f 4867 4927 4868
f 4868 4927 4929
f 4868 4929 4930
f 4868 4930 4931
f 4868 4931 4932
f 4868 4932 4933
f 4868 4933 4881
f 4868 4881 4934
f 4868 4934 4869
f 4869 4934 4881
f 4870 4872 4871
f 4872 4935 4873
f 4872 4926 4936
f 4872 4936 4935
f 4873 4935 4937
f 4873 4937 4874
f 4874 4937 4875
f 4875 4938 4876
f 4875 4937 4938
f 4876 4938 4939
f 4876 4939 4940
f 4876 4940 4928
f 4877 4941 4878
f 4877 4883 4941
f 4878 4941 4942
f 4878 4942 4880
f 4878 4880 4879
f 4880 4943 4944
f 4880 4944 4884
f 4880 4942 4945
f 4880 4945 4946
f 4880 4946 4943
f 4881 4933 4882
f 4882 4933 4947
f 4882 4947 4883
f 4883 4947 4948
f 4883 4948 4941
f 4884 4944 4949
f 4884 4949 4885
f 4885 4949 4950
f 4885 4950 4951
f 4885 4951 4886
f 4886 4951 4952
f 4886 4952 4887
f 4887 4952 4953
f 4887 4953 4954
f 4887 4954 4955
f 4887 4955 4888
f 4888 4956 4957
f 4888 4957 4958
f 4888 4958 4959
f 4888 4959 4889
f 4888 4955 4960
f 4888 4960 4956
f 4889 4959 4958
f 4889 4958 4961
f 4889 4961 4962
f 4889 4962 4890
f 4890 4962 4963
f 4890 4963 4964
f 4890 4964 4965
f 4890 4965 4892
f 4890 4892 4891
f 4892 4965 4966
f 4892 4966 4967
f 4892 4967 4968
f 4892 4968 4893
f 4893 4968 4894
f 4894 4968 4969
f 4894 4969 4895
f 4895 4969 4970
f 4895 4970 4971
f 4896 4897 4898
f 4897 4971 4972
f 4897 4972 4973
f 4897 4973 4974
f 4897 4974 4975
f 4897 4975 4976
f 4897 4976 4977
f 4897 4977 4899
f 4899 4977 4900
f 4900 4978 4901
f 4900 4977 4979
f 4900 4979 4978
f 4901 4980 4902
f 4901 4978 4980
f 4902 4980 4981
f 4902 4981 4982
f 4902 4982 4903
f 4903 4983 4984
f 4903 4984 4904
f 4903 4982 4985
f 4903 4985 4983
f 4904 4984 4905
f 4905 4984 4983
f 4905 4983 4906
f 4906 4983 4907
f 4908 4986 4909
f 4908 4912 4986
f 4909 4986 4987
f 4912 4988 4986
f 4912 4919 4988
f 4914 4989 4915
f 4915 4989 4990
f 4915 4990 4916
f 4916 4990 4991
f 4916 4991 4992
f 4916 4992 4917
f 4917 4993 4918
f 4917 4992 4994
f 4917 4994 4995
f 4917 4995 4993
f 4918 4993 4996
f 4918 4996 4919
f 4919 4996 4997
f 4919 4997 4998
f 4919 4998 4988
f 4921 4999 5000
f 4921 5000 5001
f 4921 5001 4922
f 4922 5002 4923
f 4922 5001 5002
f 4923 4936 4926
f 4923 4926 4925
f 4923 4925 4924
f 4923 5002 5000
f 4923 5000 4936
f 4927 5003 4929
f 4927 4928 4940
f 4927 4940 5004
f 4927 5004 5005
f 4927 5005 5003
f 4929 5003 5006
f 4929 5006 5007
f 4929 5007 4930
f 4930 5007 4931
f 4931 5007 4932
f 4932 5007 5008
f 4932 5008 4933
f 4933 5008 4947
f 4935 4936 5009
f 4935 5009 5010
f 4935 5010 4937
f 4936 5000 5009
f 4937 5011 4938
f 4937 5010 5011
f 4938 4940 4939
f 4938 5011 5012
f 4938 5012 5013
f 4938 5013 5014
f 4938 5014 4940
f 4940 5014 5004
f 4941 4948 5008
f 4941 5008 4942
f 4942 5015 4945
f 4942 5008 5015
f 4943 4946 5015
f 4943 5015 4944
f 4944 5015 4949
f 4945 5015 4946
f 4947 5008 4948
f 4949 5015 5016
f 4949 5016 5017
f 4949 5017 5018
f 4949 5018 4950
f 4950 5018 5019
f 4950 5019 5020
f 4950 5020 4952
f 4950 4952 4951
f 4952 5020 4953
f 4953 5021 4954
f 4953 5020 5021
f 4954 5021 5022
f 4954 5022 5023
f 4954 5023 4960
f 4954 4960 4955
f 4956 4960 5024
f 4956 5024 5025
f 4956 5025 4957
f 4957 5025 5026
f 4957 5026 4958
f 4958 5027 4961
f 4958 5026 5027
f 4960 5023 5028
f 4960 5028 5029
f 4960 5029 5030
f 4960 5030 5024
f 4961 5031 5032
f 4961 5032 4962
f 4961 5027 5031
f 4962 5032 4963
f 4963 5032 4964
f 4964 5033 5034
f 4964 5034 5035
f 4964 5035 4967
f 4964 4967 4966
f 4964 4966 4965
f 4964 5032 5033
f 4967 5035 5036
f 4967 5036 4968
f 4968 5036 5037
f 4968 5037 4970
f 4968 4970 4969
f 4970 5037 5038
f 4970 5038 5039
f 4970 5039 5040
f 4970 5040 4972
f 4970 4972 4971
f 4972 5040 5041
f 4972 5041 4973
f 4973 5041 4974
f 4974 5041 4975
f 4975 5042 4976
f 4975 5041 5043
f 4975 5043 5044
f 4975 5044 5042
f 4976 5042 5045
f 4976 5045 4977
f 4977 5045 4979
f 4978 4979 5046
f 4978 5046 5047
f 4978 5047 5048
f 4978 5048 5049
f 4978 5049 4980
f 4979 5045 5050
f 4979 5050 5046
f 4980 5051 5052
f 4980 5052 4981
f 4980 5049 5051
f 4981 5052 4982
f 4982 5053 4983
f 4982 4983 4985
f 4982 5052 5054
f 4982 5054 5053
f 4983 5053 5055
f 4986 5056 4987
f 4986 4988 5056
f 4987 5056 5057
f 4988 4998 5058
f 4988 5058 5056
f 4989 5059 5060
f 4989 5060 5061
f 4989 5061 4990
f 4990 5061 5062
f 4990 5062 4991
f 4991 5062 5063
f 4991 5063 4992
f 4992 5063 4994
f 4993 4995 5064
f 4993 5064 4997
f 4993 4997 4996
f 4994 5065 5064
f 4994 5064 4995
f 4994 5063 5066
f 4994 5066 5067
f 4994 5067 5065
f 4997 5068 4998
f 4997 5064 5069
f 4997 5069 5068
f 4998 5068 5058
f 4999 5070 5071
f 4999 5071 5000
f 5000 5071 5085
f 5000 5085 5010
f 5000 5010 5009
f 5000 5002 5001
f 5003 5005 5072
f 5003 5072 5006
f 5004 5014 5073
f 5004 5073 5074
f 5004 5074 5075
f 5004 5075 5076
f 5004 5076 5005
f 5005 5076 5072
f 5006 5077 5007
f 5006 5072 5078
f 5006 5078 5079
f 5006 5079 5077
f 5007 5077 5080
f 5007 5080 5081
f 5007 5081 5008
f 5008 5081 5082
f 5008 5082 5083
f 5008 5083 5084
f 5008 5084 5015
f 5010 5085 5086
f 5010 5086 5087
f 5010 5087 5088
f 5010 5088 5013
f 5010 5013 5012
f 5010 5012 5011
f 5013 5088 5014
f 5014 5088 5073
f 5015 5084 5089
f 5015 5089 5090
f 5015 5090 5091
f 5015 5091 5092
f 5015 5092 5016
f 5016 5092 5093
f 5016 5093 5017
f 5017 5093 5094
f 5017 5094 5018
f 5018 5094 5095
f 5018 5095 5019
f 5019 5095 5096
f 5019 5096 5097
f 5019 5097 5020
f 5020 5097 5098
f 5020 5098 5099
f 5020 5099 5021
f 5021 5100 5101
f 5021 5101 5102
f 5021 5102 5103
f 5021 5103 5028
f 5021 5028 5023
f 5021 5023 5022
f 5021 5099 5100
f 5024 5030 5025
f 5025 5030 5104
f 5025 5104 5026
f 5026 5104 5105
f 5026 5105 5106
f 5026 5106 5107
f 5026 5107 5027
f 5027 5107 5108
f 5027 5108 5031
f 5028 5103 5109
f 5028 5109 5110
f 5028 5110 5111
f 5028 5111 5112
f 5028 5112 5029
f 5029 5112 5113
f 5029 5113 5030
f 5030 5113 5104
f 5031 5108 5114
f 5031 5114 5115
f 5031 5115 5032
f 5032 5116 5033
f 5032 5115 5116
f 5033 5117 5118
f 5033 5118 5034
f 5033 5116 5117
f 5034 5118 5119
f 5034 5119 5120
f 5034 5120 5035
f 5035 5120 5036
f 5036 5120 5037
f 5037 5120 5121
f 5037 5121 5122
f 5037 5122 5038
f 5038 5122 5123
f 5038 5123 5039
f 5039 5123 5124
f 5039 5124 5125
f 5039 5125 5126
f 5039 5126 5040
f 5040 5126 5041
f 5041 5126 5228
f 5041 5228 5127
f 5041 5127 5131
f 5041 5131 5043
f 5042 5044 5128
f 5042 5128 5129
f 5042 5129 5130
f 5042 5130 5045
f 5043 5131 5132
f 5043 5132 5044
f 5044 5132 5133
f 5044 5133 5134
f 5044 5134 5128
f 5045 5135 5050
f 5045 5130 5135
f 5046 5136 5047
f 5046 5050 5136
f 5047 5136 5137
f 5047 5137 5138
f 5047 5138 5048
f 5048 5138 5051
f 5048 5051 5049
f 5050 5135 5139
f 5050 5139 5140
f 5050 5140 5136
f 5051 5141 5052
f 5051 5138 5142
f 5051 5142 5141
f 5052 5143 5054
f 5052 5141 5143
f 5053 5054 5144
f 5053 5144 5145
f 5053 5145 5146
f 5053 5146 5055
f 5054 5143 5147
f 5054 5147 5144
f 5056 5058 5148
f 5056 5148 5149
f 5056 5149 5150
f 5056 5150 5057
f 5058 5068 5151
f 5058 5151 5152
f 5058 5152 5153
f 5058 5153 5154
f 5058 5154 5155
f 5058 5155 5148
f 5059 5156 5060
f 5060 5156 5157
f 5060 5157 5158
f 5060 5158 5159
f 5060 5159 5061
f 5061 5159 5062
f 5062 5159 5066
f 5062 5066 5063
f 5064 5065 5160
f 5064 5160 5069
f 5065 5161 5162
f 5065 5162 5160
f 5065 5067 5163
f 5065 5163 5161
f 5066 5159 5158
f 5066 5158 5164
f 5066 5164 5067
f 5067 5164 5165
f 5067 5165 5163
f 5068 5069 5151
f 5069 5160 5151
f 5070 5166 5167
f 5070 5167 5071
f 5071 5167 5168
f 5071 5168 5169
f 5071 5169 5170
f 5071 5170 5171
f 5071 5171 5085
f 5072 5076 5075
f 5072 5075 5074
f 5072 5074 5073
f 5072 5073 5088
f 5072 5088 5087
f 5072 5087 5172
f 5072 5172 5173
f 5072 5173 5174
f 5072 5174 5078
f 5077 5175 5080
f 5077 5079 5176
f 5077 5176 5175
f 5078 5174 5079
f 5079 5174 5176
f 5080 5082 5081
f 5080 5175 5082
f 5082 5175 5177
f 5082 5177 5178
f 5082 5178 5179
f 5082 5179 5090
f 5082 5090 5083
f 5083 5090 5084
f 5084 5090 5089
f 5085 5171 5180
f 5085 5180 5086
f 5086 5180 5181
f 5086 5181 5172
f 5086 5172 5087
f 5090 5179 5182
f 5090 5182 5183
f 5090 5183 5184
f 5090 5184 5185
f 5090 5185 5091
f 5091 5185 5186
f 5091 5186 5092
f 5092 5186 5187
f 5092 5187 5188
f 5092 5188 5093
f 5093 5188 5094
f 5094 5188 5189
f 5094 5189 5190
f 5094 5190 5191
f 5094 5191 5095
f 5095 5191 5192
f 5095 5192 5193
f 5095 5193 5096
f 5096 5194 5098
f 5096 5098 5097
f 5096 5193 5195
f 5096 5195 5194
f 5098 5103 5102
f 5098 5102 5101
f 5098 5101 5100
f 5098 5100 5099
f 5098 5194 5196
f 5098 5196 5197
f 5098 5197 5198
f 5098 5198 5109
f 5098 5109 5103
f 5104 5199 5105
f 5104 5113 5199
f 5105 5199 5106
f 5106 5200 5201
f 5106 5201 5202
f 5106 5202 5107
f 5106 5199 5203
f 5106 5203 5200
f 5107 5202 5108
f 5108 5202 5201
f 5108 5201 5114
f 5109 5198 5204
f 5109 5204 5205
f 5109 5205 5110
f 5110 5112 5206
f 5110 5206 5111
f 5110 5205 5207
f 5110 5207 5208
f 5110 5208 5209
f 5110 5209 5210
f 5110 5210 5211
f 5110 5211 5212
f 5110 5212 5112
f 5111 5206 5112
f 5112 5212 5113
f 5113 5212 5199
f 5114 5213 5115
f 5114 5201 5213
f 5115 5213 5214
f 5115 5214 5116
f 5116 5214 5215
f 5116 5215 5117
f 5117 5215 5216
f 5117 5216 5217
f 5117 5217 5218
f 5117 5218 5118
f 5118 5218 5119
f 5119 5218 5219
f 5119 5219 5120
f 5120 5220 5121
f 5120 5219 5221
f 5120 5221 5220
f 5121 5220 5222
f 5121 5222 5122
f 5122 5223 5123
f 5122 5222 5223
f 5123 5223 5224
f 5123 5224 5225
f 5123 5225 5124
f 5124 5225 5226
f 5124 5226 5227
f 5124 5227 5125
f 5125 5227 5126
f 5126 5227 5228
f 5127 5228 5229
f 5127 5229 5131
f 5128 5230 5130
f 5128 5130 5129
f 5128 5134 5231
f 5128 5231 5232
f 5128 5232 5233
f 5128 5233 5234
f 5128 5234 5235
f 5128 5235 5236
f 5128 5236 5230
f 5130 5230 5237
f 5130 5237 5135
f 5131 5229 5231
f 5131 5231 5132
f 5132 5231 5133
f 5133 5231 5134
f 5135 5237 5235
f 5135 5235 5238
f 5135 5238 5139
f 5136 5239 5240
f 5136 5240 5241
f 5136 5241 5137
f 5136 5140 5239
f 5137 5241 5142
f 5137 5142 5138
f 5139 5238 5235
f 5139 5235 5242
f 5139 5242 5243
f 5139 5243 5244
f 5139 5244 5140
f 5140 5244 5245
f 5140 5245 5239
f 5141 5142 5246
f 5141 5246 5247
f 5141 5247 5248
f 5141 5248 5143
f 5142 5241 5240
f 5142 5240 5246
f 5143 5248 5249
f 5143 5249 5147
f 5144 5147 5145
f 5145 5147 5250
f 5145 5250 5251
f 5145 5251 5146
f 5147 5249 5252
f 5147 5252 5250
f 5148 5155 5253
f 5148 5253 5149
f 5149 5254 5255
f 5149 5255 5150
f 5149 5253 5256
f 5149 5256 5257
f 5149 5257 5258
f 5149 5258 5254
f 5151 5160 5162
f 5151 5162 5259
f 5151 5259 5260
f 5151 5260 5153
f 5151 5153 5152
f 5153 5260 5154
f 5154 5257 5256
f 5154 5256 5155
f 5154 5260 5257
f 5155 5256 5253
f 5156 5261 5157
f 5157 5262 5158
f 5157 5261 5263
f 5157 5263 5264
f 5157 5264 5262
f 5158 5262 5265
f 5158 5265 5164
f 5161 5266 5162
f 5161 5163 5267
f 5161 5267 5266
f 5162 5266 5268
f 5162 5268 5269
f 5162 5269 5259
f 5163 5165 5270
f 5163 5270 5271
f 5163 5271 5272
f 5163 5272 5273
f 5163 5273 5267
f 5164 5265 5274
f 5164 5274 5275
f 5164 5275 5165
f 5165 5275 5276
f 5165 5276 5270
f 5166 5277 5167
f 5167 5277 5278
f 5167 5278 5169
f 5167 5169 5168
f 5169 5278 5279
f 5169 5279 5280
f 5169 5280 5170
f 5170 5280 5281
f 5170 5281 5180
f 5170 5180 5171
f 5172 5181 5282
f 5172 5282 5283
f 5172 5283 5173
f 5173 5283 5174
f 5174 5283 5176
f 5175 5176 5284
f 5175 5284 5285
f 5175 5285 5286
f 5175 5286 5177
f 5176 5283 5287
f 5176 5287 5288
f 5176 5288 5289
f 5176 5289 5284
f 5177 5290 5178
f 5177 5286 5291
f 5177 5291 5290
f 5178 5290 5292
f 5178 5292 5179
f 5179 5292 5182
f 5180 5281 5293
f 5180 5293 5181
f 5181 5293 5294
f 5181 5294 5295
f 5181 5295 5282
f 5182 5292 5183
f 5183 5296 5184
f 5183 5292 5297
f 5183 5297 5296
f 5184 5296 5298
f 5184 5298 5185
f 5185 5298 5186
f 5186 5298 5299
f 5186 5299 5187
f 5187 5299 5300
f 5187 5300 5188
f 5188 5300 5189
f 5189 5300 5301
f 5189 5301 5190
f 5190 5301 5302
f 5190 5302 5303
f 5190 5303 5191
f 5191 5303 5304
f 5191 5304 5192
f 5192 5304 5193
f 5193 5305 5195
f 5193 5304 5305
f 5194 5195 5196
f 5195 5305 5306
f 5195 5306 5307
f 5195 5307 5196
f 5196 5307 5308
f 5196 5308 5309
f 5196 5309 5197
f 5197 5310 5198
f 5197 5309 5308
f 5197 5308 5310
f 5198 5311 5204
f 5198 5310 5311
f 5199 5212 5203
f 5200 5203 5312
f 5200 5312 5313
f 5200 5313 5201
f 5201 5314 5315
f 5201 5315 5316
f 5201 5316 5317
f 5201 5317 5213
f 5201 5313 5314
f 5203 5212 5318
f 5203 5318 5319
f 5203 5319 5320
f 5203 5320 5321
f 5203 5321 5312
f 5204 5207 5205
f 5204 5311 5322
f 5204 5322 5323
f 5204 5323 5324
f 5204 5324 5209
f 5204 5209 5208
f 5204 5208 5207
f 5209 5324 5325
f 5209 5325 5210
f 5210 5325 5326
f 5210 5326 5319
f 5210 5319 5318
f 5210 5318 5212
f 5210 5212 5211
f 5213 5316 5327
f 5213 5327 5214
f 5213 5317 5316
f 5214 5327 5328
f 5214 5328 5215
f 5215 5329 5330
f 5215 5330 5216
f 5215 5328 5329
f 5216 5331 5332
f 5216 5332 5217
f 5216 5330 5329
f 5216 5329 5331
f 5217 5332 5331
f 5217 5331 5333
f 5217 5333 5219
f 5217 5219 5218
f 5219 5333 5334
f 5219 5334 5220
f 5219 5220 5221
f 5220 5334 5335
f 5220 5335 5222
f 5222 5335 5336
f 5222 5336 5337
f 5222 5337 5338
f 5222 5338 5223
f 5223 5338 5339
f 5223 5339 5224
f 5224 5340 5341
f 5224 5341 5226
f 5224 5226 5225
f 5224 5339 5340
f 5226 5341 5342
f 5226 5342 5343
f 5226 5343 5227
f 5227 5343 5228
f 5228 5343 5229
f 5229 5343 5344
f 5229 5344 5345
f 5229 5345 5346
f 5229 5346 5231
f 5230 5236 5237
f 5231 5346 5347
f 5231 5347 5348
f 5231 5348 5349
f 5231 5349 5232
f 5232 5349 5233
f 5233 5349 5234
f 5234 5349 5350
f 5234 5350 5351
f 5234 5351 5235
f 5235 5237 5236
f 5235 5351 5352
f 5235 5352 5353
f 5235 5353 5242
f 5239 5354 5355
f 5239 5355 5356
f 5239 5356 5240
f 5239 5245 5357
f 5239 5357 5354
f 5240 5356 5358
f 5240 5358 5359
f 5240 5359 5360
f 5240 5360 5246
f 5242 5353 5350
f 5242 5350 5361
f 5242 5361 5243
f 5243 5361 5244
f 5244 5361 5362
f 5244 5362 5245
f 5245 5362 5363
f 5245 5363 5357
f 5246 5360 5364
f 5246 5364 5365
f 5246 5365 5247
f 5247 5365 5248
f 5248 5365 5249
f 5249 5365 5366
f 5249 5366 5367
f 5249 5367 5368
f 5249 5368 5252
f 5254 5369 5255
f 5254 5258 5370
f 5254 5370 5369
f 5255 5369 5371
f 5257 5260 5370
f 5257 5370 5258
f 5259 5269 5372
f 5259 5372 5260
f 5260 5373 5370
f 5260 5372 5373
f 5262 5264 5265
f 5263 5374 5264
f 5264 5374 5375
f 5264 5375 5376
f 5264 5376 5377
f 5264 5377 5378
f 5264 5378 5379
f 5264 5379 5380
f 5264 5380 5381
f 5264 5381 5382
f 5264 5382 5274
f 5264 5274 5265
f 5266 5267 5383
f 5266 5383 5384
f 5266 5384 5268
f 5267 5273 5385
f 5267 5385 5386
f 5267 5386 5383
f 5268 5387 5269
f 5268 5384 5388
f 5268 5388 5389
f 5268 5389 5390
f 5268 5390 5387
f 5269 5387 5391
f 5269 5391 5372
f 5270 5272 5271
f 5270 5276 5272
f 5272 5276 5392
f 5272 5392 5393
f 5272 5393 5394
f 5272 5394 5273
f 5273 5394 5385
f 5274 5382 5395
f 5274 5395 5276
f 5274 5276 5275
f 5276 5395 5392
f 5277 5396 5278
f 5278 5396 5397
f 5278 5397 5398
f 5278 5398 5279
f 5279 5398 5399
f 5279 5399 5400
f 5279 5400 5280
f 5280 5400 5401
f 5280 5401 5281
f 5281 5401 5402
f 5281 5402 5293
f 5282 5295 5283
f 5283 5295 5287
f 5284 5403 5285
f 5284 5289 5403
f 5285 5404 5405
f 5285 5405 5286
f 5285 5403 5404
f 5286 5405 5406
f 5286 5406 5291
f 5287 5295 5407
f 5287 5407 5408
f 5287 5408 5409
f 5287 5409 5410
f 5287 5410 5288
f 5288 5410 5289
f 5289 5410 5411
f 5289 5411 5412
f 5289 5412 5404
f 5289 5404 5403
f 5290 5413 5414
f 5290 5414 5415
f 5290 5415 5416
f 5290 5416 5292
f 5290 5291 5417
f 5290 5417 5413
f 5291 5406 5417
f 5292 5416 5418
f 5292 5418 5297
f 5293 5419 5294
f 5293 5402 5419
f 5294 5419 5295
f 5295 5420 5407
f 5295 5419 5421
f 5295 5421 5420
f 5296 5297 5422
f 5296 5422 5423
f 5296 5423 5424
f 5296 5424 5425
f 5296 5425 5298
f 5297 5418 5422
f 5298 5425 5299
f 5299 5425 5426
f 5299 5426 5427
f 5299 5427 5428
f 5299 5428 5300
f 5300 5428 5429
f 5300 5429 5301
f 5301 5429 5302
f 5302 5429 5430
f 5302 5430 5431
f 5302 5431 5303
f 5303 5431 5432
f 5303 5432 5304
f 5304 5432 5305
f 5305 5432 5433
f 5305 5433 5434
f 5305 5434 5435
f 5305 5435 5306
f 5306 5435 5436
f 5306 5436 5437
f 5306 5437 5307
f 5307 5437 5438
f 5307 5438 5308
f 5308 5438 5439
f 5308 5439 5310
f 5310 5439 5440
f 5310 5440 5441
f 5310 5441 5311
f 5311 5441 5322
f 5312 5321 5313
f 5313 5321 5442
f 5313 5442 5443
f 5313 5443 5444
f 5313 5444 5445
f 5313 5445 5446
f 5313 5446 5316
f 5313 5316 5314
f 5314 5316 5315
f 5316 5447 5448
f 5316 5448 5328
f 5316 5328 5327
f 5316 5446 5447
f 5319 5326 5320
f 5320 5326 5449
f 5320 5449 5442
f 5320 5442 5321
f 5322 5450 5451
f 5322 5451 5324
f 5322 5324 5323
f 5322 5441 5450
f 5324 5451 5452
f 5324 5452 5453
f 5324 5453 5325
f 5325 5453 5326
f 5326 5453 5449
f 5328 5448 5329
f 5329 5454 5455
f 5329 5455 5331
f 5329 5448 5454
f 5331 5456 5333
f 5331 5455 5457
f 5331 5457 5458
f 5331 5458 5459
f 5331 5459 5456
f 5333 5456 5460
f 5333 5460 5334
f 5334 5460 5459
f 5334 5459 5461
f 5334 5461 5462
f 5334 5462 5463
f 5334 5463 5335
f 5335 5463 5336
f 5336 5464 5337
f 5336 5463 5465
f 5336 5465 5466
f 5336 5466 5464
f 5337 5464 5338
f 5338 5464 5467
f 5338 5467 5340
f 5338 5340 5339
f 5340 5468 5469
f 5340 5469 5470
f 5340 5470 5471
f 5340 5471 5472
f 5340 5472 5341
f 5340 5467 5464
f 5340 5464 5468
f 5341 5473 5342
f 5341 5472 5474
f 5341 5474 5475
f 5341 5475 5473
f 5342 5473 5476
f 5342 5476 5343
f 5343 5476 5344
f 5344 5476 5596
f 5344 5596 5477
f 5344 5477 5478
f 5344 5478 5345
f 5345 5478 5480
f 5345 5480 5346
f 5346 5479 5347
f 5346 5480 5481
f 5346 5481 5479
f 5347 5479 5481
f 5347 5481 5482
f 5347 5482 5348
f 5348 5482 5483
f 5348 5483 5349
f 5349 5483 5484
f 5349 5484 5485
f 5349 5485 5486
f 5349 5486 5487
f 5349 5487 5350
f 5350 5353 5352
f 5350 5352 5351
f 5350 5487 5488
f 5350 5488 5489
f 5350 5489 5361
f 5354 5363 5355
f 5354 5357 5363
f 5355 5363 5356
f 5356 5490 5358
f 5356 5363 5490
f 5358 5490 5359
f 5359 5490 5360
f 5360 5490 5491
f 5360 5491 5364
f 5361 5489 5492
f 5361 5492 5493
f 5361 5493 5362
f 5362 5493 5494
f 5362 5494 5495
f 5362 5495 5363
f 5363 5495 5496
f 5363 5496 5490
f 5364 5497 5365
f 5364 5491 5497
f 5365 5497 5498
f 5365 5498 5366
f 5366 5498 5367
f 5367 5498 5499
f 5367 5499 5500
f 5367 5500 5368
f 5369 5370 5371
f 5370 5501 5502
f 5370 5502 5503
f 5370 5503 5371
f 5370 5373 5501
f 5371 5503 5504
f 5371 5504 5505
f 5372 5391 5506
f 5372 5506 5507
f 5372 5507 5373
f 5373 5508 5509
f 5373 5509 5501
f 5373 5507 5508
f 5376 5510 5377
f 5377 5510 5378
f 5378 5510 5511
f 5378 5511 5512
f 5378 5512 5513
f 5378 5513 5514
f 5378 5514 5379
f 5379 5515 5380
f 5379 5514 5516
f 5379 5516 5517
f 5379 5517 5518
f 5379 5518 5515
f 5380 5515 5381
f 5381 5515 5519
f 5381 5519 5520
f 5381 5520 5395
f 5381 5395 5382
f 5383 5386 5384
f 5384 5386 5521
f 5384 5521 5388
f 5385 5521 5386
f 5385 5394 5521
f 5387 5522 5523
f 5387 5523 5391
f 5387 5390 5522
f 5388 5521 5389
f 5389 5524 5390
f 5389 5521 5525
f 5389 5525 5524
f 5390 5524 5522
f 5391 5523 5506
f 5392 5395 5393
f 5393 5395 5520
f 5393 5520 5394
f 5394 5520 5526
f 5394 5526 5527
f 5394 5527 5521
f 5396 5528 5529
f 5396 5529 5397
f 5397 5529 5530
f 5397 5530 5399
f 5397 5399 5398
f 5399 5530 5529
f 5399 5529 5531
f 5399 5531 5400
f 5400 5531 5532
f 5400 5532 5533
f 5400 5533 5401
f 5401 5534 5535
f 5401 5535 5419
f 5401 5419 5402
f 5401 5533 5534
f 5404 5412 5536
f 5404 5536 5405
f 5405 5536 5406
f 5406 5536 5417
f 5407 5420 5537
f 5407 5537 5408
f 5408 5537 5409
f 5409 5537 5538
f 5409 5538 5539
f 5409 5539 5410
f 5410 5539 5540
f 5410 5540 5411
f 5411 5536 5412
f 5411 5540 5536
f 5413 5541 5414
f 5413 5417 5541
f 5414 5541 5542
f 5414 5542 5543
f 5414 5543 5415
f 5415 5543 5418
f 5415 5418 5416
f 5417 5536 5541
f 5418 5543 5544
f 5418 5544 5545
f 5418 5545 5422
f 5419 5546 5421
f 5419 5535 5546
f 5420 5421 5547
f 5420 5547 5548
f 5420 5548 5537
f 5421 5546 5547
f 5422 5544 5549
f 5422 5549 5423
f 5422 5545 5544
f 5423 5549 5550
f 5423 5550 5551
f 5423 5551 5424
f 5424 5552 5425
f 5424 5551 5552
f 5425 5552 5553
f 5425 5553 5426
f 5426 5553 5427
f 5427 5553 5554
f 5427 5554 5429
f 5427 5429 5428
f 5429 5554 5555
f 5429 5555 5430
f 5430 5555 5556
f 5430 5556 5692
f 5430 5692 5557
f 5430 5557 5431
f 5431 5557 5433
f 5431 5433 5432
f 5433 5557 5692
f 5433 5692 5558
f 5433 5558 5434
f 5434 5558 5559
f 5434 5559 5560
f 5434 5560 5435
f 5435 5560 5561
f 5435 5561 5562
f 5435 5562 5436
f 5436 5562 5563
f 5436 5563 5438
f 5436 5438 5437
f 5438 5563 5439
f 5439 5563 5564
f 5439 5564 5440
f 5440 5565 5441
f 5440 5564 5565
f 5441 5565 5566
f 5441 5566 5567
f 5441 5567 5450
f 5442 5449 5453
f 5442 5453 5568
f 5442 5568 5443
f 5443 5568 5444
f 5444 5568 5445
f 5445 5568 5446
f 5446 5568 5569
f 5446 5569 5570
f 5446 5570 5571
f 5446 5571 5447
f 5447 5571 5570
f 5447 5570 5572
f 5447 5572 5448
f 5448 5572 5573
f 5448 5573 5574
f 5448 5574 5454
f 5450 5567 5575
f 5450 5575 5576
f 5450 5576 5577
f 5450 5577 5578
f 5450 5578 5579
f 5450 5579 5451
f 5451 5579 5452
f 5452 5579 5453
f 5453 5579 5580
f 5453 5580 5581
f 5453 5581 5568
f 5454 5574 5455
f 5455 5574 5582
f 5455 5582 5457
f 5456 5459 5460
f 5457 5582 5458
f 5458 5582 5583
f 5458 5583 5584
f 5458 5584 5459
f 5459 5585 5586
f 5459 5586 5587
f 5459 5587 5588
f 5459 5588 5466
f 5459 5466 5461
f 5459 5584 5585
f 5461 5466 5462
f 5462 5466 5463
f 5463 5466 5465
f 5464 5589 5590
f 5464 5590 5468
f 5464 5466 5589
f 5466 5588 5591
f 5466 5591 5592
f 5466 5592 5593
f 5466 5593 5589
f 5468 5590 5594
f 5468 5594 5474
f 5468 5474 5469
f 5469 5474 5470
f 5470 5474 5471
f 5471 5474 5472
f 5473 5475 5595
f 5473 5595 5596
f 5473 5596 5476
f 5474 5594 5597
f 5474 5597 5598
f 5474 5598 5475
f 5475 5598 5599
f 5475 5599 5595
f 5477 5596 5600
f 5477 5600 5601
f 5477 5601 5602
f 5477 5602 5478
f 5478 5602 5603
f 5478 5603 5604
f 5478 5604 5480
f 5480 5604 5605
f 5480 5605 5481
f 5481 5605 5482
f 5482 5605 5606
f 5482 5606 5483
f 5483 5606 5607
f 5483 5607 5484
f 5484 5607 5608
f 5484 5608 5485
f 5485 5608 5486
f 5486 5608 5609
f 5486 5609 5487
f 5487 5609 5610
f 5487 5610 5488
f 5488 5492 5489
f 5488 5610 5609
f 5488 5609 5608
f 5488 5608 5611
f 5488 5611 5612
f 5488 5612 5613
f 5488 5613 5614
f 5488 5614 5615
f 5488 5615 5616
f 5488 5616 5492
f 5490 5617 5618
f 5490 5618 5491
f 5490 5496 5617
f 5491 5618 5619
f 5491 5619 5497
f 5492 5616 5493
f 5493 5616 5620
f 5493 5620 5494
f 5494 5620 5496
f 5494 5496 5495
f 5496 5620 5617
f 5497 5619 5621
f 5497 5621 5498
f 5498 5621 5622
f 5498 5622 5499
f 5499 5623 5624
f 5499 5624 5500
f 5499 5622 5623
f 5501 5509 5625
f 5501 5625 5502
f 5502 5625 5504
f 5502 5504 5503
f 5504 5625 5626
f 5504 5626 5505
f 5505 5626 5627
f 5506 5628 5507
f 5506 5523 5629
f 5506 5629 5630
f 5506 5630 5628
f 5507 5628 5631
f 5507 5631 5632
f 5507 5632 5508
f 5508 5633 5509
f 5508 5632 5633
f 5509 5633 5634
f 5509 5634 5625
f 5510 5635 5636
f 5510 5636 5511
f 5511 5636 5512
f 5512 5636 5637
f 5512 5637 5638
f 5512 5638 5639
f 5512 5639 5513
f 5513 5639 5640
f 5513 5640 5516
f 5513 5516 5514
f 5515 5641 5519
f 5515 5518 5642
f 5515 5642 5641
f 5516 5518 5517
f 5516 5640 5518
f 5518 5640 5643
f 5518 5643 5644
f 5518 5644 5642
f 5519 5641 5645
f 5519 5645 5646
f 5519 5646 5647
f 5519 5647 5526
f 5519 5526 5520
f 5521 5527 5525
f 5522 5524 5629
f 5522 5629 5523
f 5524 5525 5648
f 5524 5648 5630
f 5524 5630 5629
f 5525 5527 5648
f 5526 5647 5527
f 5527 5647 5649
f 5527 5649 5648
f 5528 5650 5529
f 5529 5650 5651
f 5529 5651 5652
f 5529 5652 5653
f 5529 5653 5654
f 5529 5654 5655
f 5529 5655 5531
f 5531 5655 5656
f 5531 5656 5657
f 5531 5657 5532
f 5532 5658 5659
f 5532 5659 5533
f 5532 5657 5658
f 5533 5659 5660
f 5533 5660 5534
f 5534 5660 5661
f 5534 5661 5662
f 5534 5662 5663
f 5534 5663 5546
f 5534 5546 5535
f 5536 5664 5665
f 5536 5665 5666
f 5536 5666 5667
f 5536 5667 5668
f 5536 5668 5669
f 5536 5669 5543
f 5536 5543 5542
f 5536 5542 5541
f 5536 5540 5670
f 5536 5670 5539
f 5536 5539 5664
f 5537 5548 5538
f 5538 5671 5539
f 5538 5548 5671
f 5539 5670 5540
f 5539 5671 5672
f 5539 5672 5673
f 5539 5673 5674
f 5539 5674 5675
f 5539 5675 5676
f 5539 5676 5664
f 5543 5669 5677
f 5543 5677 5678
f 5543 5678 5679
f 5543 5679 5680
f 5543 5680 5544
f 5544 5680 5681
f 5544 5681 5549
f 5546 5663 5682
f 5546 5682 5547
f 5547 5682 5683
f 5547 5683 5671
f 5547 5671 5548
f 5549 5681 5684
f 5549 5684 5550
f 5550 5684 5551
f 5551 5553 5552
f 5551 5684 5680
f 5551 5680 5685
f 5551 5685 5686
f 5551 5686 5687
f 5551 5687 5688
f 5551 5688 5689
f 5551 5689 5690
f 5551 5690 5554
f 5551 5554 5553
f 5554 5690 5555
f 5555 5690 5691
f 5555 5691 5692
f 5555 5692 5556
f 5558 5692 5693
f 5558 5693 5694
f 5558 5694 5559
f 5559 5694 5560
f 5560 5694 5695
f 5560 5695 5561
f 5561 5695 5696
f 5561 5696 5697
f 5561 5697 5698
f 5561 5698 5563
f 5561 5563 5562
f 5563 5698 5699
f 5563 5699 5564
f 5564 5699 5700
f 5564 5700 5565
f 5565 5700 5701
f 5565 5701 5566
f 5566 5701 5567
f 5567 5701 5575
f 5568 5581 5702
f 5568 5702 5703
f 5568 5703 5569
f 5569 5703 5704
f 5569 5704 5705
f 5569 5705 5573
f 5569 5573 5570
f 5570 5573 5572
f 5573 5706 5707
f 5573 5707 5574
f 5573 5705 5708
f 5573 5708 5706
f 5574 5709 5710
f 5574 5710 5711
f 5574 5711 5712
f 5574 5712 5582
f 5574 5707 5709
f 5575 5701 5713
f 5575 5713 5714
f 5575 5714 5715
f 5575 5715 5576
f 5576 5715 5577
f 5577 5716 5578
f 5577 5715 5716
f 5578 5717 5718
f 5578 5718 5719
f 5578 5719 5703
f 5578 5703 5702
f 5578 5702 5581
f 5578 5581 5580
f 5578 5580 5579
f 5578 5716 5717
f 5582 5712 5720
f 5582 5720 5721
f 5582 5721 5722
f 5582 5722 5583
f 5583 5723 5724
f 5583 5724 5587
f 5583 5587 5586
f 5583 5586 5585
f 5583 5585 5584
f 5583 5722 5725
f 5583 5725 5723
f 5587 5724 5588
f 5588 5724 5591
f 5589 5593 5724
f 5589 5724 5594
f 5589 5594 5590
f 5591 5724 5592
f 5592 5724 5593
f 5594 5726 5727
f 5594 5727 5728
f 5594 5728 5597
f 5594 5724 5729
f 5594 5729 5726
f 5595 5600 5596
f 5595 5599 5730
f 5595 5730 5731
f 5595 5731 5732
f 5595 5732 5600
f 5597 5728 5733
f 5597 5733 5598
f 5598 5733 5599
f 5599 5733 5730
f 5600 5732 5734
f 5600 5734 5735
f 5600 5735 5736
f 5600 5736 5601
f 5601 5736 5737
f 5601 5737 5602
f 5602 5737 5738
f 5602 5738 5603
f 5603 5738 5739
f 5603 5739 5604
f 5604 5739 5740
f 5604 5740 5605
f 5605 5740 5606
f 5606 5740 5741
f 5606 5741 5607
f 5607 5742 5611
f 5607 5611 5608
f 5607 5741 5743
f 5607 5743 5744
f 5607 5744 5745
f 5607 5745 5746
f 5607 5746 5742
f 5611 5746 5612
f 5611 5742 5746
f 5612 5746 5747
f 5612 5747 5613
f 5613 5747 5748
f 5613 5748 5614
f 5614 5748 5749
f 5614 5749 5615
f 5615 5749 5750
f 5615 5750 5616
f 5616 5750 5751
f 5616 5751 5752
f 5616 5752 5620
f 5617 5620 5753
f 5617 5753 5754
f 5617 5754 5755
f 5617 5755 5618
f 5618 5755 5619
f 5619 5755 5754
f 5619 5754 5756
f 5619 5756 5757
f 5619 5757 5758
f 5619 5758 5622
f 5619 5622 5621
f 5620 5752 5759
f 5620 5759 5753
f 5622 5758 5760
f 5622 5760 5761
f 5622 5761 5762
f 5622 5762 5763
f 5622 5763 5623
f 5623 5763 5764
f 5625 5634 5765
f 5625 5765 5766
f 5625 5766 5767
f 5625 5767 5627
f 5625 5627 5626
f 5627 5767 5768
f 5628 5630 5631
f 5630 5648 5769
f 5630 5769 5770
f 5630 5770 5771
f 5630 5771 5631
f 5631 5772 5773
f 5631 5773 5632
f 5631 5771 5774
f 5631 5774 5775
f 5631 5775 5772
f 5632 5773 5776
f 5632 5776 5777
f 5632 5777 5633
f 5633 5777 5634
f 5634 5777 5778
f 5634 5778 5765
f 5635 5779 5780
f 5635 5780 5636
f 5636 5780 5781
f 5636 5781 5782
f 5636 5782 5783
f 5636 5783 5784
f 5636 5784 5785
f 5636 5785 5637
f 5637 5785 5638
f 5638 5640 5639
f 5638 5785 5784
f 5638 5784 5640
f 5640 5784 5786
f 5640 5786 5643
f 5641 5787 5645
f 5641 5642 5787
f 5642 5644 5788
f 5642 5788 5787
f 5643 5786 5644
f 5644 5786 5789
f 5644 5789 5790
f 5644 5790 5791
f 5644 5791 5792
f 5644 5792 5788
f 5645 5787 5793
f 5645 5793 5794
f 5645 5794 5646
f 5646 5794 5647
f 5647 5795 5649
f 5647 5794 5796
f 5647 5796 5795
f 5648 5649 5797
f 5648 5797 5769
f 5649 5798 5797
f 5649 5795 5798
f 5653 5799 5800
f 5653 5800 5801
f 5653 5801 5654
f 5654 5801 5802
f 5654 5802 5655
f 5655 5802 5656
f 5656 5802 5803
f 5656 5803 5804
f 5656 5804 5805
f 5656 5805 5658
f 5656 5658 5657
f 5658 5806 5807
f 5658 5807 5659
f 5658 5805 5806
f 5659 5807 5660
f 5660 5807 5661
f 5661 5808 5809
f 5661 5809 5810
f 5661 5810 5662
f 5661 5807 5808
f 5662 5810 5682
f 5662 5682 5663
f 5664 5811 5665
f 5664 5676 5811
f 5665 5811 5666
f 5666 5812 5667
f 5666 5811 5676
f 5666 5676 5675
f 5666 5675 5813
f 5666 5813 5814
f 5666 5814 5812
f 5667 5815 5816
f 5667 5816 5817
f 5667 5817 5677
f 5667 5677 5668
f 5667 5812 5814
f 5667 5814 5818
f 5667 5818 5819
f 5667 5819 5815
f 5668 5677 5669
f 5671 5683 5672
f 5672 5683 5820
f 5672 5820 5809
f 5672 5809 5821
f 5672 5821 5822
f 5672 5822 5823
f 5672 5823 5673
f 5673 5823 5674
f 5674 5824 5825
f 5674 5825 5826
f 5674 5826 5827
f 5674 5827 5675
f 5674 5823 5828
f 5674 5828 5829
f 5674 5829 5830
f 5674 5830 5831
f 5674 5831 5824
f 5675 5827 5813
f 5677 5817 5832
f 5677 5832 5678
f 5678 5832 5679
f 5679 5833 5834
f 5679 5834 5835
f 5679 5835 5686
f 5679 5686 5680
f 5679 5832 5833
f 5680 5686 5685
f 5680 5684 5681
f 5682 5810 5809
f 5682 5809 5836
f 5682 5836 5837
f 5682 5837 5683
f 5683 5837 5836
f 5683 5836 5809
f 5683 5809 5820
f 5686 5835 5838
f 5686 5838 5687
f 5687 5838 5688
f 5688 5839 5840
f 5688 5840 5841
f 5688 5841 5689
f 5688 5838 5842
f 5688 5842 5839
f 5689 5841 5843
f 5689 5843 5844
f 5689 5844 5690
f 5690 5844 5691
f 5691 5844 5845
f 5691 5845 5846
f 5691 5846 5692
f 5692 5846 5847
f 5692 5847 5693
f 5693 5847 5845
f 5693 5845 5848
f 5693 5848 5849
f 5693 5849 5694
f 5694 5849 5850
f 5694 5850 5695
f 5695 5850 5696
f 5696 5850 5851
f 5696 5851 5697
f 5697 5851 5852
f 5697 5852 5853
f 5697 5853 5698
f 5698 5853 5699
f 5699 5854 5700
f 5699 5853 5854
f 5700 5854 5855
f 5700 5855 5701
f 5701 5855 5856
f 5701 5856 5713
f 5703 5719 5857
f 5703 5857 5708
f 5703 5708 5704
f 5704 5708 5705
f 5706 5858 5859
f 5706 5859 5707
f 5706 5708 5858
f 5707 5859 5709
f 5708 5857 5860
f 5708 5860 5861
f 5708 5861 5858
f 5709 5862 5710
f 5709 5859 5862
f 5710 5862 5711
f 5711 5863 5712
f 5711 5862 5863
f 5712 5863 5720
f 5713 5856 5864
f 5713 5864 5865
f 5713 5865 5866
f 5713 5866 5867
f 5713 5867 5868
f 5713 5868 5714
f 5714 5868 5715
f 5715 5868 5869
f 5715 5869 5716
f 5716 5869 5870
f 5716 5870 5871
f 5716 5871 5872
f 5716 5872 5717
f 5717 5872 5873
f 5717 5873 5874
f 5717 5874 5718
f 5718 5874 5719
f 5719 5874 5857
f 5720 5863 5721
f 5721 5875 5876
f 5721 5876 5725
f 5721 5725 5722
f 5721 5863 5875
f 5723 5725 5876
f 5723 5876 5724
f 5724 5876 5729
f 5726 5728 5727
f 5726 5729 5877
f 5726 5877 5728
f 5728 5877 5878
f 5728 5878 5733
f 5729 5876 5877
f 5730 5733 5879
f 5730 5879 5880
f 5730 5880 5731
f 5731 5880 5734
f 5731 5734 5732
f 5733 5878 5881
f 5733 5881 5882
f 5733 5882 5879
f 5734 5880 5883
f 5734 5883 5884
f 5734 5884 5735
f 5735 5884 5885
f 5735 5885 5886
f 5735 5886 5887
f 5735 5887 5736
f 5736 5887 5888
f 5736 5888 5737
f 5737 5888 5738
f 5738 5888 5889
f 5738 5889 5890
f 5738 5890 5739
f 5739 5890 5891
f 5739 5891 5892
f 5739 5892 5740
f 5740 5892 5893
f 5740 5893 5741
f 5741 5893 5894
f 5741 5894 5743
f 5743 5894 5895
f 5743 5895 5896
f 5743 5896 5897
f 5743 5897 5898
f 5743 5898 5745
f 5743 5745 5744
f 5745 5898 5746
f 5746 5898 5747
f 5747 5898 5899
f 5747 5899 5748
f 5748 5900 5901
f 5748 5901 5902
f 5748 5902 5749
f 5748 5899 5900
f 5749 5902 5750
f 5750 5902 5903
f 5750 5903 5751
f 5751 5903 5752
f 5752 5903 5904
f 5752 5904 5759
f 5753 5759 5905
f 5753 5905 5906
f 5753 5906 5754
f 5754 5907 5756
f 5754 5906 5908
f 5754 5908 5909
f 5754 5909 5907
f 5756 5907 5757
f 5757 5910 5758
f 5757 5907 5910
f 5758 5910 5911
f 5758 5911 5760
f 5759 5912 5905
f 5759 5904 5912
f 5760 5911 5913
f 5760 5913 5914
f 5760 5914 5762
f 5760 5762 5761
f 5762 5915 5916
f 5762 5916 5917
f 5762 5917 5918
f 5762 5918 5763
f 5762 5914 5919
f 5762 5919 5915
f 5763 5918 5764
f 5765 5920 5921
f 5765 5921 5766
f 5765 5778 5922
f 5765 5922 5923
f 5765 5923 5920
f 5766 5768 5767
f 5769 5797 5924
f 5769 5924 5770
f 5770 5925 5926
f 5770 5926 5927
f 5770 5927 5774
f 5770 5774 5928
f 5770 5928 5771
f 5770 5924 5929
f 5770 5929 5930
f 5770 5930 5925
f 5771 5928 5774
f 5772 5931 5932
f 5772 5932 5773
f 5772 5775 5933
f 5772 5933 5931
f 5773 5932 5934
f 5773 5934 5935
f 5773 5935 5776
f 5774 5927 5926
f 5774 5926 5936
f 5774 5936 5775
f 5775 5936 5925
f 5775 5925 5937
f 5775 5937 5933
f 5776 5935 5777
f 5777 5922 5778
f 5777 5935 5922
f 5779 5781 5780
f 5781 5938 5782
f 5782 5938 5939
f 5782 5939 5940
f 5782 5940 5941
f 5782 5941 5783
f 5783 5941 5784
f 5784 5941 5942
f 5784 5942 5943
f 5784 5943 5786
f 5786 5943 5944
f 5786 5944 5789
f 5787 5945 5946
f 5787 5946 5793
f 5787 5788 5945
f 5788 5792 5947
f 5788 5947 5945
f 5789 5948 5790
f 5789 5944 5949
f 5789 5949 5948
f 5790 5948 5791
f 5791 5948 5950
f 5791 5950 5951
f 5791 5951 5792
f 5792 5951 5947
f 5793 5946 5952
f 5793 5952 5796
f 5793 5796 5794
f 5795 5953 5954
f 5795 5954 5798
f 5795 5796 5955
f 5795 5955 5953
f 5796 5952 5956
f 5796 5956 5955
f 5797 5798 5954
f 5797 5954 5957
f 5797 5957 5953
f 5797 5953 5958
f 5797 5958 5924
f 5799 5959 5800
f 5800 5959 5960
f 5800 5960 5801
f 5801 5960 5961
f 5801 5961 5962
f 5801 5962 5963
f 5801 5963 5964
f 5801 5964 5965
f 5801 5965 5803
f 5801 5803 5802
f 5803 5966 5967
f 5803 5967 5804
f 5803 5965 5966
f 5804 5967 5805
f 5805 5967 5806
f 5806 5967 5968
f 5806 5968 5969
f 5806 5969 5807
f 5807 5969 5808
f 5808 5970 5971
f 5808 5971 5972
f 5808 5972 5821
f 5808 5821 5809
f 5808 5969 5968
f 5808 5968 5973
f 5808 5973 5970
f 5813 5827 5974
f 5813 5974 5814
f 5814 5974 5818
f 5815 5819 5975
f 5815 5975 5976
f 5815 5976 5977
f 5815 5977 5978
f 5815 5978 5816
f 5816 5978 5817
f 5817 5978 5833
f 5817 5833 5832
f 5818 5974 5826
f 5818 5826 5819
f 5819 5826 5979
f 5819 5979 5975
f 5821 5972 5822
f 5822 5828 5823
f 5822 5972 5828
f 5824 5831 5980
f 5824 5980 5825
f 5825 5980 5981
f 5825 5981 5982
f 5825 5982 5975
f 5825 5975 5979
f 5825 5979 5826
f 5826 5974 5827
f 5828 5972 5971
f 5828 5971 5983
f 5828 5983 5984
f 5828 5984 5829
f 5829 5984 5830
f 5830 5984 5831
f 5831 5985 5980
f 5831 5984 5985
f 5833 5986 5834
f 5833 5978 5987
f 5833 5987 5986
f 5834 5986 5988
f 5834 5988 5839
f 5834 5839 5842
f 5834 5842 5835
f 5835 5842 5838
f 5839 5988 5989
f 5839 5989 5840
f 5840 5989 5990
f 5840 5990 5843
f 5840 5843 5841
f 5843 5990 5991
f 5843 5991 5992
f 5843 5992 5844
f 5844 5992 5993
f 5844 5993 5845
f 5845 5993 5994
f 5845 5994 5848
f 5845 5847 5846
f 5848 5994 5995
f 5848 5995 5996
f 5848 5996 5997
f 5848 5997 5849
f 5849 5997 5851
f 5849 5851 5850
f 5851 5997 5998
f 5851 5998 5852
f 5852 5999 6000
f 5852 6000 5853
f 5852 5998 5999
f 5853 6000 6001
f 5853 6001 5854
f 5854 6001 5855
f 5855 6001 5856
f 5856 6001 5864
f 5857 5874 6002
f 5857 6002 5860
f 5858 6003 5859
f 5858 5861 6004
f 5858 6004 6003
f 5859 6005 5862
f 5859 6003 6006
f 5859 6006 6005
f 5860 6007 6004
f 5860 6004 5861
f 5860 6002 6008
f 5860 6008 6007
f 5862 6005 6009
f 5862 6009 6010
f 5862 6010 5863
f 5863 6011 5875
f 5863 6010 6012
f 5863 6012 6011
f 5864 6001 6000
f 5864 6000 6013
f 5864 6013 5867
f 5864 5867 5866
f 5864 5866 5865
f 5867 6014 6015
f 5867 6015 6016
f 5867 6016 6017
f 5867 6017 5870
f 5867 5870 5869
f 5867 5869 5868
f 5867 6013 6018
f 5867 6018 6019
f 5867 6019 6020
f 5867 6020 6021
f 5867 6021 6022
f 5867 6022 6023
f 5867 6023 6024
f 5867 6024 6014
f 5870 6017 5871
f 5871 6017 5872
f 5872 6024 6025
f 5872 6025 5873
f 5872 6017 6016
f 5872 6016 6015
f 5872 6015 6024
f 5873 6025 6026
f 5873 6026 6002
f 5873 6002 5874
f 5875 6011 6027
f 5875 6027 6028
f 5875 6028 6029
f 5875 6029 5876
f 5876 6030 5877
f 5876 6029 6030
f 5877 6030 5878
f 5878 6030 6031
f 5878 6031 6032
f 5878 6032 6033
f 5878 6033 5881
f 5879 5882 6034
f 5879 6034 6035
f 5879 6035 5880
f 5880 6035 6036
f 5880 6036 5883
f 5881 6033 6034
f 5881 6034 5882
f 5883 6036 6037
f 5883 6037 5884
f 5884 6037 6038
f 5884 6038 6039
f 5884 6039 5885
f 5885 6040 5886
f 5885 6039 6040
f 5886 6040 5887
f 5887 6040 6041
f 5887 6041 5888
f 5888 6041 5889
f 5889 6041 6042
f 5889 6042 6043
f 5889 6043 5890
f 5890 6043 6044
f 5890 6044 6045
f 5890 6045 6046
f 5890 6046 5891
f 5891 6046 5892
f 5892 6046 5893
f 5893 6046 6047
f 5893 6047 5894
f 5894 6047 6048
f 5894 6048 6049
f 5894 6049 6050
f 5894 6050 5895
f 5895 6050 6051
f 5895 6051 6052
f 5895 6052 5896
f 5896 6051 6053
f 5896 6053 5899
f 5896 5899 5898
f 5896 5898 5897
f 5896 6052 6051
f 5899 6053 6054
f 5899 6054 5900
f 5900 6055 5901
f 5900 6054 6055
f 5901 6055 6056
f 5901 6056 6057
f 5901 6057 5903
f 5901 5903 5902
f 5903 5912 5904
f 5903 6057 6058
f 5903 6058 6059
f 5903 6059 5912
f 5905 6060 6061
f 5905 6061 5906
f 5905 5912 6060
f 5906 6061 5908
f 5907 5909 6062
f 5907 6062 5910
f 5908 6061 5909
f 5909 6061 6063
f 5909 6063 6064
f 5909 6064 6062
f 5910 6062 6064
f 5910 6064 6065
f 5910 6065 6066
f 5910 6066 5911
f 5911 6066 5913
f 5912 6059 6060
f 5913 6066 6067
f 5913 6067 6068
f 5913 6068 6069
f 5913 6069 5919
f 5913 5919 5914
f 5915 6070 5916
f 5915 5919 6069
f 5915 6069 6071
f 5915 6071 6072
f 5915 6072 6070
f 5920 5923 6073
f 5922 6074 5923
f 5922 5935 5934
f 5922 5934 6074
f 5923 6074 6075
f 5923 6075 6073
f 5924 5958 6076
f 5924 6076 5930
f 5924 5930 5929
f 5925 5930 6077
f 5925 6077 6078
f 5925 6078 5937
f 5925 5936 5926
f 5930 6076 6077
f 5931 5933 6079
f 5931 6079 6080
f 5931 6080 6081
f 5931 6081 5932
f 5932 6081 6082
f 5932 6082 5934
f 5933 5937 6083
f 5933 6083 6084
f 5933 6084 6079
f 5934 6082 6074
f 5937 6078 6083
f 5939 6085 5940
f 5940 6085 6086
f 5940 6086 6087
f 5940 6087 5942
f 5940 5942 5941
f 5942 6087 5943
f 5943 6088 5944
f 5943 6087 6089
f 5943 6089 6090
f 5943 6090 6091
f 5943 6091 6088
f 5944 6088 6091
f 5944 6091 5949
f 5945 5947 5946
f 5946 6092 5952
f 5946 5947 6093
f 5946 6093 6092
f 5947 5951 6093
f 5948 6094 5950
f 5948 5949 6095
f 5948 6095 6094
f 5949 6091 6096
f 5949 6096 6095
f 5950 6094 6097
f 5950 6097 6098
f 5950 6098 5951
f 5951 6098 6093
f 5952 6092 6099
f 5952 6099 5956
f 5953 6100 5958
f 5953 5957 5954
f 5953 5955 6099
f 5953 6099 6100
f 5955 5956 6099
f 5958 6100 6076
f 5961 6101 5962
f 5962 6101 6102
f 5962 6102 6103
f 5962 6103 5963
f 5963 6103 5964
f 5964 6104 5965
f 5964 6103 6104
f 5965 6104 6105
f 5965 6105 6106
f 5965 6106 5966
f 5966 6106 6107
f 5966 6107 5973
f 5966 5973 5968
f 5966 5968 5967
f 5970 6108 5971
f 5970 5973 6109
f 5970 6109 6108
f 5971 6108 6110
f 5971 6110 6111
f 5971 6111 5984
f 5971 5984 5983
f 5973 6107 6106
f 5973 6106 6112
f 5973 6112 6109
f 5975 5982 5976
f 5976 6113 6114
f 5976 6114 5977
f 5976 5982 6115
f 5976 6115 6113
f 5977 6114 6116
f 5977 6116 5987
f 5977 5987 5978
f 5980 5985 5981
f 5981 6117 6118
f 5981 6118 5982
f 5981 5985 6119
f 5981 6119 6117
f 5982 6118 6115
f 5984 6111 6120
f 5984 6120 5985
f 5985 6121 6119
f 5985 6120 6122
f 5985 6122 6121
f 5986 5987 6116
f 5986 6116 6123
f 5986 6123 6124
f 5986 6124 5989
f 5986 5989 5988
f 5989 6124 6125
f 5989 6125 5990
f 5990 6125 6126
f 5990 6126 6127
f 5990 6127 5991
f 5991 6127 6128
f 5991 6128 6129
f 5991 6129 5992
f 5992 6130 5993
f 5992 6129 6130
f 5993 6130 5994
f 5994 6131 6132
f 5994 6132 6133
f 5994 6133 5995
f 5994 6130 6128
f 5994 6128 6131
f 5995 6133 5996
f 5996 6133 6134
f 5996 6134 6135
f 5996 6135 6136
f 5996 6136 5997
f 5997 6136 5998
f 5998 6136 6135
f 5998 6135 6137
f 5998 6137 6138
f 5998 6138 5999
f 5999 6139 6140
f 5999 6140 6141
f 5999 6141 6142
f 5999 6142 6000
f 5999 6138 6143
f 5999 6143 6144
f 5999 6144 6139
f 6000 6142 6145
f 6000 6145 6013
f 6002 6026 6008
f 6003 6004 6146
f 6003 6146 6006
f 6004 6007 6147
f 6004 6147 6146
f 6005 6006 6148
f 6005 6148 6009
f 6006 6146 6149
f 6006 6149 6148
f 6007 6008 6150
f 6007 6150 6151
f 6007 6151 6147
f 6008 6026 6150
f 6009 6152 6012
f 6009 6012 6010
f 6009 6148 6153
f 6009 6153 6154
f 6009 6154 6152
f 6011 6012 6155
f 6011 6155 6027
f 6012 6152 6156
f 6012 6156 6155
f 6013 6145 6141
f 6013 6141 6018
f 6014 6024 6015
f 6018 6141 6157
f 6018 6157 6019
f 6019 6157 6158
f 6019 6158 6159
f 6019 6159 6160
f 6019 6160 6161
f 6019 6161 6162
f 6019 6162 6021
f 6019 6021 6020
f 6021 6162 6163
f 6021 6163 6164
f 6021 6164 6165
f 6021 6165 6023
f 6021 6023 6022
f 6023 6165 6024
f 6024 6165 6166
f 6024 6166 6167
f 6024 6167 6168
f 6024 6168 6150
f 6024 6150 6026
f 6024 6026 6025
f 6027 6155 6028
f 6028 6169 6170
f 6028 6170 6029
f 6028 6155 6169
f 6029 6170 6171
f 6029 6171 6172
f 6029 6172 6030
f 6030 6172 6031
f 6031 6172 6173
f 6031 6173 6032
f 6032 6173 6174
f 6032 6174 6175
f 6032 6175 6033
f 6033 6175 6176
f 6033 6176 6034
f 6034 6176 6177
f 6034 6177 6035
f 6035 6177 6178
f 6035 6178 6179
f 6035 6179 6036
f 6036 6179 6038
f 6036 6038 6037
f 6038 6179 6180
f 6038 6180 6181
f 6038 6181 6039
f 6039 6181 6182
f 6039 6182 6183
f 6039 6183 6040
f 6040 6183 6184
f 6040 6184 6041
f 6041 6184 6042
f 6042 6184 6185
f 6042 6185 6186
f 6042 6186 6187
f 6042 6187 6043
f 6043 6187 6188
f 6043 6188 6189
f 6043 6189 6044
f 6044 6048 6047
f 6044 6047 6046
f 6044 6046 6045
f 6044 6189 6048
f 6048 6189 6049
f 6049 6189 6190
f 6049 6190 6191
f 6049 6191 6051
f 6049 6051 6050
f 6051 6191 6192
f 6051 6192 6053
f 6053 6192 6055
f 6053 6055 6054
f 6055 6193 6194
f 6055 6194 6195
f 6055 6195 6056
f 6055 6192 6193
f 6056 6195 6196
f 6056 6196 6057
f 6057 6196 6197
f 6057 6197 6198
f 6057 6198 6058
f 6058 6198 6199
f 6058 6199 6200
f 6058 6200 6059
f 6059 6200 6201
f 6059 6201 6060
f 6060 6201 6202
f 6060 6202 6203
f 6060 6203 6204
f 6060 6204 6063
f 6060 6063 6061
f 6063 6204 6064
f 6064 6204 6065
f 6065 6204 6205
f 6065 6205 6206
f 6065 6206 6207
f 6065 6207 6066
f 6066 6207 6067
f 6067 6207 6208
f 6067 6208 6209
f 6067 6209 6210
f 6067 6210 6068
f 6068 6210 6071
f 6068 6071 6069
f 6070 6072 6211
f 6070 6211 6212
f 6071 6210 6213
f 6071 6213 6072
f 6072 6213 6211
f 6073 6214 6215
f 6073 6075 6216
f 6073 6216 6217
f 6073 6217 6214
f 6074 6216 6075
f 6074 6082 6216
f 6076 6218 6077
f 6076 6100 6218
f 6077 6218 6219
f 6077 6219 6078
f 6078 6220 6084
f 6078 6084 6083
f 6078 6219 6220
f 6079 6084 6080
f 6080 6084 6221
f 6080 6221 6222
f 6080 6222 6081
f 6081 6222 6223
f 6081 6223 6224
f 6081 6224 6225
f 6081 6225 6082
f 6082 6225 6226
f 6082 6226 6227
f 6082 6227 6216
f 6084 6220 6221
f 6086 6228 6229
f 6086 6229 6087
f 6087 6229 6230
f 6087 6230 6089
f 6089 6230 6090
f 6090 6230 6231
f 6090 6231 6232
f 6090 6232 6091
f 6091 6232 6233
f 6091 6233 6234
f 6091 6234 6096
f 6092 6235 6099
f 6092 6093 6236
f 6092 6236 6235
f 6093 6098 6236
f 6094 6237 6097
f 6094 6095 6238
f 6094 6238 6382
f 6094 6382 6239
f 6094 6239 6240
f 6094 6240 6237
f 6095 6096 6241
f 6095 6241 6238
f 6096 6234 6242
f 6096 6242 6241
f 6097 6237 6243
f 6097 6243 6236
f 6097 6236 6098
f 6099 6235 6100
f 6100 6244 6218
f 6100 6235 6245
f 6100 6245 6244
f 6102 6246 6103
f 6103 6246 6104
f 6104 6247 6105
f 6104 6246 6247
f 6105 6247 6248
f 6105 6248 6249
f 6105 6249 6106
f 6106 6249 6112
f 6108 6250 6110
f 6108 6109 6251
f 6108 6251 6250
f 6109 6112 6249
f 6109 6249 6251
f 6110 6250 6252
f 6110 6252 6253
f 6110 6253 6111
f 6111 6253 6120
f 6113 6254 6255
f 6113 6255 6256
f 6113 6256 6114
f 6113 6115 6257
f 6113 6257 6254
f 6114 6256 6258
f 6114 6258 6116
f 6115 6118 6257
f 6116 6258 6123
f 6117 6259 6260
f 6117 6260 6118
f 6117 6119 6261
f 6117 6261 6259
f 6118 6260 6262
f 6118 6262 6257
f 6119 6121 6261
f 6120 6253 6122
f 6121 6122 6263
f 6121 6263 6264
f 6121 6264 6261
f 6122 6253 6265
f 6122 6265 6266
f 6122 6266 6267
f 6122 6267 6263
f 6123 6258 6268
f 6123 6268 6269
f 6123 6269 6125
f 6123 6125 6124
f 6125 6269 6270
f 6125 6270 6126
f 6126 6270 6271
f 6126 6271 6272
f 6126 6272 6127
f 6127 6272 6273
f 6127 6273 6274
f 6127 6274 6128
f 6128 6274 6275
f 6128 6275 6131
f 6128 6130 6129
f 6131 6275 6132
f 6132 6276 6277
f 6132 6277 6137
f 6132 6137 6133
f 6132 6275 6276
f 6133 6137 6134
f 6134 6137 6135
f 6137 6277 6278
f 6137 6278 6143
f 6137 6143 6138
f 6139 6144 6140
f 6140 6279 6280
f 6140 6280 6141
f 6140 6144 6279
f 6141 6145 6142
f 6141 6280 6157
f 6143 6278 6281
f 6143 6281 6144
f 6144 6281 6279
f 6146 6147 6149
f 6147 6151 6282
f 6147 6282 6149
f 6148 6149 6153
f 6149 6282 6283
f 6149 6283 6284
f 6149 6284 6285
f 6149 6285 6153
f 6150 6168 6151
f 6151 6168 6282
f 6152 6154 6286
f 6152 6286 6156
f 6153 6287 6154
f 6153 6285 6287
f 6154 6287 6286
f 6155 6156 6288
f 6155 6288 6169
f 6156 6286 6289
f 6156 6289 6290
f 6156 6290 6288
f 6157 6280 6279
f 6157 6279 6158
f 6158 6279 6159
f 6159 6291 6292
f 6159 6292 6160
f 6159 6279 6293
f 6159 6293 6291
f 6160 6292 6294
f 6160 6294 6161
f 6161 6294 6295
f 6161 6295 6296
f 6161 6296 6163
f 6161 6163 6162
f 6163 6296 6164
f 6164 6296 6297
f 6164 6297 6165
f 6165 6297 6298
f 6165 6298 6166
f 6166 6298 6299
f 6166 6299 6300
f 6166 6300 6167
f 6167 6300 6301
f 6167 6301 6284
f 6167 6284 6302
f 6167 6302 6168
f 6168 6302 6303
f 6168 6303 6282
f 6169 6288 6304
f 6169 6304 6170
f 6170 6305 6171
f 6170 6304 6306
f 6170 6306 6307
f 6170 6307 6305
f 6171 6308 6173
f 6171 6173 6172
f 6171 6305 6307
f 6171 6307 6309
f 6171 6309 6308
f 6173 6308 6310
f 6173 6310 6174
f 6174 6310 6311
f 6174 6311 6312
f 6174 6312 6313
f 6174 6313 6175
f 6175 6313 6176
f 6176 6313 6314
f 6176 6314 6315
f 6176 6315 6316
f 6176 6316 6177
f 6177 6316 6317
f 6177 6317 6178
f 6178 6317 6180
f 6178 6180 6179
f 6180 6318 6319
f 6180 6319 6320
f 6180 6320 6181
f 6180 6317 6318
f 6181 6320 6321
f 6181 6321 6322
f 6181 6322 6182
f 6182 6322 6323
f 6182 6323 6324
f 6182 6324 6183
f 6183 6324 6184
f 6184 6324 6185
f 6185 6324 6323
f 6185 6323 6325
f 6185 6325 6186
f 6186 6325 6326
f 6186 6326 6187
f 6187 6326 6327
f 6187 6327 6328
f 6187 6328 6188
f 6188 6328 6189
f 6189 6328 6190
f 6190 6328 6329
f 6190 6329 6330
f 6190 6330 6331
f 6190 6331 6191
f 6191 6331 6332
f 6191 6332 6192
f 6192 6332 6333
f 6192 6333 6194
f 6192 6194 6193
f 6194 6333 6334
f 6194 6334 6335
f 6194 6335 6195
f 6195 6335 6196
f 6196 6335 6197
f 6197 6335 6336
f 6197 6336 6198
f 6198 6336 6337
f 6198 6337 6199
f 6199 6338 6201
f 6199 6201 6200
f 6199 6337 6339
f 6199 6339 6340
f 6199 6340 6341
f 6199 6341 6338
f 6201 6338 6202
f 6202 6338 6342
f 6202 6342 6205
f 6202 6205 6204
f 6202 6204 6203
f 6205 6343 6206
f 6205 6342 6343
f 6206 6343 6344
f 6206 6344 6345
f 6206 6345 6346
f 6206 6346 6207
f 6207 6346 6347
f 6207 6347 6208
f 6208 6347 6348
f 6208 6348 6349
f 6208 6349 6209
f 6209 6349 6350
f 6209 6350 6213
f 6209 6213 6210
f 6211 6351 6212
f 6211 6213 6350
f 6211 6350 6352
f 6211 6352 6353
f 6211 6353 6351
f 6214 6354 6215
f 6214 6217 6355
f 6214 6355 6356
f 6214 6356 6357
f 6214 6357 6354
f 6216 6227 6355
f 6216 6355 6217
f 6218 6244 6358
f 6218 6358 6219
f 6219 6358 6359
f 6219 6359 6360
f 6219 6360 6220
f 6220 6360 6221
f 6221 6360 6361
f 6221 6361 6362
f 6221 6362 6222
f 6222 6363 6223
f 6222 6362 6363
f 6223 6363 6224
f 6224 6363 6225
f 6225 6363 6364
f 6225 6364 6365
f 6225 6365 6226
f 6226 6365 6366
f 6226 6366 6367
f 6226 6367 6227
f 6227 6367 6355
f 6228 6368 6369
f 6228 6369 6229
f 6229 6369 6370
f 6229 6370 6230
f 6230 6370 6231
f 6231 6370 6371
f 6231 6371 6372
f 6231 6372 6373
f 6231 6373 6233
f 6231 6233 6232
f 6233 6373 6374
f 6233 6374 6375
f 6233 6375 6234
f 6234 6375 6376
f 6234 6376 6242
f 6235 6236 6243
f 6235 6243 6245
f 6237 6377 6378
f 6237 6378 6243
f 6237 6240 6385
f 6237 6385 6379
f 6237 6379 6380
f 6237 6380 6381
f 6237 6381 6377
f 6238 6241 6382
f 6239 6382 6383
f 6239 6383 6240
f 6240 6383 6384
f 6240 6384 6385
f 6241 6242 6386
f 6241 6386 6382
f 6242 6376 6387
f 6242 6387 6388
f 6242 6388 6386
f 6243 6378 6245
f 6244 6245 6358
f 6245 6378 6377
f 6245 6377 6358
f 6246 6389 6247
f 6247 6390 6248
f 6247 6389 6391
f 6247 6391 6392
f 6247 6392 6390
f 6248 6390 6393
f 6248 6393 6249
f 6249 6393 6251
f 6250 6394 6252
f 6250 6251 6393
f 6250 6393 6395
f 6250 6395 6394
f 6252 6394 6265
f 6252 6265 6253
f 6254 6396 6255
f 6254 6257 6396
f 6255 6396 6397
f 6255 6397 6398
f 6255 6398 6399
f 6255 6399 6256
f 6256 6399 6400
f 6256 6400 6258
f 6257 6262 6396
f 6258 6400 6401
f 6258 6401 6268
f 6259 6402 6403
f 6259 6403 6260
f 6259 6261 6402
f 6260 6404 6262
f 6260 6403 6404
f 6261 6264 6405
f 6261 6405 6402
f 6262 6404 6396
f 6263 6406 6264
f 6263 6267 6406
f 6264 6406 6407
f 6264 6407 6405
f 6265 6394 6408
f 6265 6408 6266
f 6266 6408 6267
f 6267 6408 6409
f 6267 6409 6410
f 6267 6410 6411
f 6267 6411 6406
f 6268 6401 6412
f 6268 6412 6269
f 6269 6412 6413
f 6269 6413 6270
f 6270 6413 6271
f 6271 6414 6415
f 6271 6415 6272
f 6271 6413 6412
f 6271 6412 6414
f 6272 6415 6416
f 6272 6416 6273
f 6273 6416 6417
f 6273 6417 6274
f 6274 6417 6275
f 6275 6417 6418
f 6275 6418 6419
f 6275 6419 6420
f 6275 6420 6276
f 6276 6420 6277
f 6277 6420 6421
f 6277 6421 6278
f 6278 6421 6422
f 6278 6422 6293
f 6278 6293 6281
f 6279 6281 6293
f 6282 6303 6283
f 6283 6303 6302
f 6283 6302 6284
f 6284 6423 6285
f 6284 6301 6423
f 6285 6423 6424
f 6285 6424 6287
f 6286 6287 6424
f 6286 6424 6289
f 6288 6290 6304
f 6289 6424 6290
f 6290 6424 6425
f 6290 6425 6426
f 6290 6426 6427
f 6290 6427 6428
f 6290 6428 6307
f 6290 6307 6306
f 6290 6306 6304
f 6291 6293 6429
f 6291 6429 6430
f 6291 6430 6431
f 6291 6431 6432
f 6291 6432 6292
f 6292 6432 6433
f 6292 6433 6294
f 6293 6422 6429
f 6294 6433 6295
f 6295 6297 6296
f 6295 6433 6298
f 6295 6298 6297
f 6298 6433 6434
f 6298 6434 6435
f 6298 6435 6436
f 6298 6436 6299
f 6299 6436 6437
f 6299 6437 6438
f 6299 6438 6300
f 6300 6438 6439
f 6300 6439 6301
f 6301 6439 6423
f 6307 6428 6440
f 6307 6440 6441
f 6307 6441 6309
f 6308 6309 6310
f 6309 6441 6314
f 6309 6314 6442
f 6309 6442 6310
f 6310 6442 6311
f 6311 6442 6312
f 6312 6314 6313
f 6312 6442 6314
f 6314 6319 6315
f 6314 6441 6443
f 6314 6443 6444
f 6314 6444 6319
f 6315 6319 6445
f 6315 6445 6317
f 6315 6317 6316
f 6317 6445 6318
f 6318 6445 6319
f 6319 6444 6446
f 6319 6446 6320
f 6320 6446 6321
f 6321 6446 6447
f 6321 6447 6448
f 6321 6448 6449
f 6321 6449 6322
f 6322 6449 6450
f 6322 6450 6451
f 6322 6451 6452
f 6322 6452 6323
f 6323 6452 6325
f 6325 6452 6453
f 6325 6453 6326
f 6326 6453 6454
f 6326 6454 6455
f 6326 6455 6327
f 6327 6455 6456
f 6327 6456 6328
f 6328 6456 6329
f 6329 6456 6457
f 6329 6457 6458
f 6329 6458 6330
f 6330 6458 6459
f 6330 6459 6460
f 6330 6460 6331
f 6331 6460 6333
f 6331 6333 6332
f 6333 6460 6461
f 6333 6461 6462
f 6333 6462 6463
f 6333 6463 6334
f 6334 6463 6464
f 6334 6464 6465
f 6334 6465 6335
f 6335 6465 6336
f 6336 6465 6464
f 6336 6464 6466
f 6336 6466 6467
f 6336 6467 6468
f 6336 6468 6337
f 6337 6468 6469
f 6337 6469 6470
f 6337 6470 6339
f 6338 6341 6342
f 6339 6470 6471
f 6339 6471 6472
f 6339 6472 6340
f 6340 6472 6341
f 6341 6472 6344
f 6341 6344 6473
f 6341 6473 6343
f 6341 6343 6342
f 6343 6473 6344
f 6344 6471 6474
f 6344 6474 6475
f 6344 6475 6345
f 6344 6472 6471
f 6345 6475 6346
f 6346 6475 6476
f 6346 6476 6477
f 6346 6477 6347
f 6347 6477 6348
f 6348 6477 6349
f 6349 6477 6478
f 6349 6478 6350
f 6350 6478 6479
f 6350 6479 6480
f 6350 6480 6352
f 6352 6480 6481
f 6352 6481 6353
f 6354 6357 6482
f 6355 6367 6356
f 6356 6367 6357
f 6357 6367 6483
f 6357 6483 6482
f 6358 6377 6509
f 6358 6509 6484
f 6358 6484 6359
f 6359 6485 6361
f 6359 6361 6360
f 6359 6484 6486
f 6359 6486 6487
f 6359 6487 6485
f 6361 6485 6362
f 6362 6485 6621
f 6362 6621 6488
f 6362 6488 6363
f 6363 6488 6489
f 6363 6489 6490
f 6363 6490 6365
f 6363 6365 6364
f 6365 6490 6366
f 6366 6491 6492
f 6366 6492 6493
f 6366 6493 6483
f 6366 6483 6367
f 6366 6490 6494
f 6366 6494 6491
f 6368 6495 6369
f 6369 6495 6496
f 6369 6496 6497
f 6369 6497 6370
f 6370 6497 6496
f 6370 6496 6498
f 6370 6498 6499
f 6370 6499 6371
f 6371 6499 6500
f 6371 6500 6501
f 6371 6501 6502
f 6371 6502 6503
f 6371 6503 6372
f 6372 6503 6504
f 6372 6504 6505
f 6372 6505 6373
f 6373 6505 6374
f 6374 6505 6375
f 6375 6505 6506
f 6375 6506 6507
f 6375 6507 6376
f 6376 6507 6508
f 6376 6508 6387
f 6377 6381 6510
f 6377 6510 6509
f 6379 6385 6518
f 6379 6518 6656
f 6379 6656 6510
f 6379 6510 6381
f 6379 6381 6380
f 6382 6386 6511
f 6382 6511 6512
f 6382 6512 6383
f 6383 6512 6513
f 6383 6513 6384
f 6384 6513 6662
f 6384 6662 6514
f 6384 6514 6515
f 6384 6515 6516
f 6384 6516 6517
f 6384 6517 6385
f 6385 6517 6516
f 6385 6516 6667
f 6385 6667 6668
f 6385 6668 6518
f 6386 6388 6519
f 6386 6519 6511
f 6387 6508 6520
f 6387 6520 6519
f 6387 6519 6388
f 6390 6521 6522
f 6390 6522 6523
f 6390 6523 6393
f 6390 6392 6521
f 6391 6524 6392
f 6392 6524 6525
f 6392 6525 6526
f 6392 6526 6527
f 6392 6527 6528
f 6392 6528 6529
f 6392 6529 6522
f 6392 6522 6521
f 6393 6523 6530
f 6393 6530 6395
f 6394 6395 6408
f 6395 6530 6408
f 6396 6531 6397
f 6396 6404 6532
f 6396 6532 6531
f 6397 6531 6398
f 6398 6533 6534
f 6398 6534 6399
f 6398 6531 6533
f 6399 6534 6412
f 6399 6412 6401
f 6399 6401 6400
f 6402 6405 6535
f 6402 6535 6536
f 6402 6536 6537
f 6402 6537 6404
f 6402 6404 6403
f 6404 6537 6538
f 6404 6538 6539
f 6404 6539 6532
f 6405 6407 6540
f 6405 6540 6535
f 6406 6541 6407
f 6406 6411 6541
f 6407 6542 6540
f 6407 6541 6543
f 6407 6543 6542
f 6408 6530 6409
f 6409 6530 6544
f 6409 6544 6410
f 6410 6545 6411
f 6410 6544 6546
f 6410 6546 6547
f 6410 6547 6545
f 6411 6545 6548
f 6411 6548 6541
f 6412 6549 6550
f 6412 6550 6551
f 6412 6551 6552
f 6412 6552 6553
f 6412 6553 6554
f 6412 6554 6414
f 6412 6534 6549
f 6414 6554 6415
f 6415 6554 6555
f 6415 6555 6556
f 6415 6556 6416
f 6416 6556 6557
f 6416 6557 6417
f 6417 6557 6418
f 6418 6557 6558
f 6418 6558 6559
f 6418 6559 6419
f 6419 6559 6420
f 6420 6559 6560
f 6420 6560 6421
f 6421 6560 6561
f 6421 6561 6422
f 6422 6561 6429
f 6423 6439 6562
f 6423 6562 6563
f 6423 6563 6425
f 6423 6425 6424
f 6425 6563 6426
f 6426 6563 6564
f 6426 6564 6427
f 6427 6565 6428
f 6427 6564 6566
f 6427 6566 6567
f 6427 6567 6565
f 6428 6565 6440
f 6429 6561 6568
f 6429 6568 6430
f 6430 6569 6570
f 6430 6570 6571
f 6430 6571 6431
f 6430 6568 6572
f 6430 6572 6569
f 6431 6571 6432
f 6432 6571 6573
f 6432 6573 6433
f 6433 6573 6574
f 6433 6574 6434
f 6434 6574 6575
f 6434 6575 6435
f 6435 6575 6576
f 6435 6576 6577
f 6435 6577 6437
f 6435 6437 6436
f 6437 6577 6438
f 6438 6577 6576
f 6438 6576 6578
f 6438 6578 6562
f 6438 6562 6439
f 6440 6443 6441
f 6440 6565 6579
f 6440 6579 6443
f 6443 6580 6444
f 6443 6579 6581
f 6443 6581 6580
f 6444 6580 6582
f 6444 6582 6583
f 6444 6583 6584
f 6444 6584 6446
f 6446 6584 6585
f 6446 6585 6586
f 6446 6586 6447
f 6447 6586 6448
f 6448 6586 6587
f 6448 6587 6449
f 6449 6451 6450
f 6449 6587 6585
f 6449 6585 6588
f 6449 6588 6451
f 6451 6588 6589
f 6451 6589 6590
f 6451 6590 6452
f 6452 6590 6591
f 6452 6591 6453
f 6453 6591 6592
f 6453 6592 6454
f 6454 6592 6455
f 6455 6592 6593
f 6455 6593 6457
f 6455 6457 6456
f 6457 6593 6594
f 6457 6594 6595
f 6457 6595 6458
f 6458 6595 6459
f 6459 6595 6596
f 6459 6596 6597
f 6459 6597 6461
f 6459 6461 6460
f 6461 6597 6462
f 6462 6597 6598
f 6462 6598 6463
f 6463 6598 6599
f 6463 6599 6464
f 6464 6600 6466
f 6464 6599 6600
f 6466 6600 6601
f 6466 6601 6602
f 6466 6602 6467
f 6467 6602 6468
f 6468 6602 6469
f 6469 6602 6603
f 6469 6603 6471
f 6469 6471 6470
f 6471 6603 6604
f 6471 6604 6474
f 6474 6604 6605
f 6474 6605 6606
f 6474 6606 6607
f 6474 6607 6475
f 6475 6607 6608
f 6475 6608 6477
f 6475 6477 6476
f 6477 6608 6609
f 6477 6609 6478
f 6478 6610 6611
f 6478 6611 6612
f 6478 6612 6479
f 6478 6609 6613
f 6478 6613 6610
f 6479 6614 6480
f 6479 6612 6615
f 6479 6615 6616
f 6479 6616 6617
f 6479 6617 6614
f 6482 6618 6619
f 6482 6483 6618
f 6483 6493 6620
f 6483 6620 6618
f 6484 6509 6486
f 6485 6487 6621
f 6486 6622 6623
f 6486 6623 6487
f 6486 6509 6510
f 6486 6510 6622
f 6487 6623 6624
f 6487 6624 6621
f 6488 6621 6625
f 6488 6625 6626
f 6488 6626 6627
f 6488 6627 6628
f 6488 6628 6629
f 6488 6629 6489
f 6489 6630 6631
f 6489 6631 6490
f 6489 6629 6632
f 6489 6632 6630
f 6490 6631 6494
f 6491 6633 6634
f 6491 6634 6492
f 6491 6494 6633
f 6492 6634 6635
f 6492 6635 6636
f 6492 6636 6493
f 6493 6636 6637
f 6493 6637 6638
f 6493 6638 6639
f 6493 6639 6620
f 6494 6631 6630
f 6494 6630 6640
f 6494 6640 6641
f 6494 6641 6642
f 6494 6642 6633
f 6495 6643 6496
f 6496 6643 6644
f 6496 6644 6645
f 6496 6645 6498
f 6498 6645 6499
f 6499 6645 6500
f 6500 6645 6646
f 6500 6646 6647
f 6500 6647 6648
f 6500 6648 6501
f 6501 6648 6502
f 6502 6649 6650
f 6502 6650 6651
f 6502 6651 6652
f 6502 6652 6504
f 6502 6504 6503
f 6502 6648 6649
f 6504 6652 6506
f 6504 6506 6505
f 6506 6652 6653
f 6506 6653 6654
f 6506 6654 6507
f 6507 6654 6508
f 6508 6654 6653
f 6508 6653 6655
f 6508 6655 6520
f 6510 6656 6789
f 6510 6789 6790
f 6510 6790 6657
f 6510 6657 6658
f 6510 6658 6659
f 6510 6659 6622
f 6511 6519 6660
f 6511 6660 6513
f 6511 6513 6512
f 6513 6660 6661
f 6513 6661 6662
f 6514 6662 6663
f 6514 6663 6515
f 6515 6663 6664
f 6515 6664 6665
f 6515 6665 6516
f 6516 6665 6801
f 6516 6801 6666
f 6516 6666 6667
f 6518 6668 6805
f 6518 6805 6669
f 6518 6669 6670
f 6518 6670 6671
f 6518 6671 6672
f 6518 6672 6656
f 6519 6520 6673
f 6519 6673 6660
f 6520 6674 6675
f 6520 6675 6673
f 6520 6655 6674
f 6522 6529 6546
f 6522 6546 6544
f 6522 6544 6523
f 6523 6544 6530
f 6527 6676 6528
f 6528 6676 6677
f 6528 6677 6678
f 6528 6678 6679
f 6528 6679 6680
f 6528 6680 6681
f 6528 6681 6529
f 6529 6681 6633
f 6529 6633 6642
f 6529 6642 6547
f 6529 6547 6546
f 6531 6532 6539
f 6531 6539 6533
f 6533 6682 6550
f 6533 6550 6534
f 6533 6539 6683
f 6533 6683 6682
f 6534 6550 6549
f 6535 6540 6542
f 6535 6542 6684
f 6535 6684 6685
f 6535 6685 6536
f 6536 6685 6686
f 6536 6686 6538
f 6536 6538 6537
f 6538 6686 6539
f 6539 6687 6683
f 6539 6686 6687
f 6541 6688 6543
f 6541 6548 6688
f 6542 6543 6689
f 6542 6689 6690
f 6542 6690 6684
f 6543 6688 6689
f 6545 6547 6641
f 6545 6641 6548
f 6547 6642 6641
f 6548 6641 6640
f 6548 6640 6688
f 6550 6691 6553
f 6550 6553 6552
f 6550 6552 6551
f 6550 6682 6691
f 6553 6691 6692
f 6553 6692 6693
f 6553 6693 6555
f 6553 6555 6554
f 6555 6693 6694
f 6555 6694 6556
f 6556 6694 6695
f 6556 6695 6557
f 6557 6695 6696
f 6557 6696 6558
f 6558 6696 6697
f 6558 6697 6698
f 6558 6698 6699
f 6558 6699 6559
f 6559 6699 6560
f 6560 6699 6700
f 6560 6700 6561
f 6561 6700 6701
f 6561 6701 6568
f 6562 6564 6563
f 6562 6578 6576
f 6562 6576 6702
f 6562 6702 6703
f 6562 6703 6564
f 6564 6703 6704
f 6564 6704 6705
f 6564 6705 6566
f 6565 6567 6706
f 6565 6706 6579
f 6566 6705 6707
f 6566 6707 6567
f 6567 6707 6706
f 6568 6701 6572
f 6569 6572 6708
f 6569 6708 6570
f 6570 6708 6571
f 6571 6708 6709
f 6571 6709 6710
f 6571 6710 6573
f 6572 6701 6711
f 6572 6711 6712
f 6572 6712 6713
f 6572 6713 6714
f 6572 6714 6708
f 6573 6710 6715
f 6573 6715 6574
f 6574 6715 6716
f 6574 6716 6575
f 6575 6716 6576
f 6576 6716 6717
f 6576 6717 6702
f 6579 6718 6581
f 6579 6706 6719
f 6579 6719 6718
f 6580 6581 6720
f 6580 6720 6583
f 6580 6583 6582
f 6581 6718 6720
f 6583 6720 6718
f 6583 6718 6721
f 6583 6721 6722
f 6583 6722 6723
f 6583 6723 6724
f 6583 6724 6584
f 6584 6724 6585
f 6585 6724 6723
f 6585 6723 6725
f 6585 6725 6588
f 6585 6587 6586
f 6588 6725 6726
f 6588 6726 6589
f 6589 6726 6727
f 6589 6727 6590
f 6590 6728 6591
f 6590 6727 6729
f 6590 6729 6728
f 6591 6728 6592
f 6592 6728 6730
f 6592 6730 6593
f 6593 6730 6731
f 6593 6731 6732
f 6593 6732 6594
f 6594 6732 6733
f 6594 6733 6595
f 6595 6733 6734
f 6595 6734 6735
f 6595 6735 6596
f 6596 6735 6736
f 6596 6736 6598
f 6596 6598 6597
f 6598 6736 6737
f 6598 6737 6738
f 6598 6738 6599
f 6599 6738 6739
f 6599 6739 6740
f 6599 6740 6600
f 6600 6740 6601
f 6601 6740 6603
f 6601 6603 6602
f 6603 6740 6741
f 6603 6741 6742
f 6603 6742 6605
f 6603 6605 6604
f 6605 6742 6743
f 6605 6743 6744
f 6605 6744 6745
f 6605 6745 6746
f 6605 6746 6747
f 6605 6747 6606
f 6606 6748 6607
f 6606 6747 6748
f 6607 6748 6747
f 6607 6747 6749
f 6607 6749 6750
f 6607 6750 6608
f 6608 6750 6751
f 6608 6751 6609
f 6609 6750 6613
f 6609 6751 6750
f 6610 6613 6752
f 6610 6752 6611
f 6611 6753 6612
f 6611 6752 6754
f 6611 6754 6755
f 6611 6755 6756
f 6611 6756 6753
f 6612 6753 6615
f 6613 6757 6752
f 6613 6750 6749
f 6613 6749 6757
f 6615 6758 6616
f 6615 6753 6756
f 6615 6756 6759
f 6615 6759 6758
f 6618 6620 6619
f 6619 6620 6639
f 6621 6624 6625
f 6622 6659 6658
f 6622 6658 6760
f 6622 6760 6761
f 6622 6761 6687
f 6622 6687 6623
f 6623 6762 6763
f 6623 6763 6624
f 6623 6687 6762
f 6624 6764 6626
f 6624 6626 6625
f 6624 6763 6764
f 6626 6764 6627
f 6627 6764 6628
f 6628 6765 6629
f 6628 6764 6766
f 6628 6766 6765
f 6629 6767 6632
f 6629 6765 6767
f 6630 6632 6768
f 6630 6768 6688
f 6630 6688 6640
f 6632 6767 6769
f 6632 6769 6688
f 6632 6688 6768
f 6633 6681 6635
f 6633 6635 6634
f 6635 6681 6680
f 6635 6680 6770
f 6635 6770 6771
f 6635 6771 6772
f 6635 6772 6636
f 6636 6772 6773
f 6636 6773 6774
f 6636 6774 6775
f 6636 6775 6776
f 6636 6776 6638
f 6636 6638 6637
f 6638 6776 6639
f 6643 6777 6644
f 6644 6777 6778
f 6644 6778 6779
f 6644 6779 6646
f 6644 6646 6645
f 6646 6779 6780
f 6646 6780 6781
f 6646 6781 6647
f 6647 6781 6649
f 6647 6649 6648
f 6649 6781 6650
f 6650 6781 6782
f 6650 6782 6783
f 6650 6783 6784
f 6650 6784 6651
f 6651 6785 6786
f 6651 6786 6652
f 6651 6784 6787
f 6651 6787 6788
f 6651 6788 6785
f 6652 6786 6653
f 6653 6786 6655
f 6655 6786 6674
f 6656 6672 6807
f 6656 6807 6789
f 6657 6790 6791
f 6657 6791 6658
f 6658 6791 6760
f 6660 6673 6661
f 6661 6792 6793
f 6661 6793 6794
f 6661 6794 6795
f 6661 6795 6796
f 6661 6796 6797
f 6661 6797 6662
f 6661 6673 6792
f 6662 6797 6664
f 6662 6664 6663
f 6664 6796 6798
f 6664 6798 6799
f 6664 6799 6665
f 6664 6797 6796
f 6665 6799 6800
f 6665 6800 6801
f 6666 6802 6667
f 6666 6801 6803
f 6666 6803 6802
f 6667 6802 6804
f 6667 6804 6805
f 6667 6805 6668
f 6669 6805 6670
f 6670 6805 6806
f 6670 6806 6807
f 6670 6807 6672
f 6670 6672 6671
f 6673 6675 6792
f 6674 6786 6785
f 6674 6785 6808
f 6674 6808 6809
f 6674 6809 6675
f 6675 6809 6792
f 6679 6770 6680
f 6682 6683 6810
f 6682 6810 6811
f 6682 6811 6691
f 6683 6687 6810
f 6684 6690 6685
f 6685 6690 6812
f 6685 6812 6762
f 6685 6762 6686
f 6686 6762 6687
f 6687 6761 6810
f 6688 6769 6765
f 6688 6765 6813
f 6688 6813 6689
f 6689 6813 6690
f 6690 6813 6766
f 6690 6766 6812
f 6691 6811 6692
f 6692 6814 6693
f 6692 6811 6814
f 6693 6814 6815
f 6693 6815 6694
f 6694 6815 6816
f 6694 6816 6817
f 6694 6817 6818
f 6694 6818 6695
f 6695 6818 6819
f 6695 6819 6696
f 6696 6819 6820
f 6696 6820 6697
f 6697 6820 6698
f 6698 6820 6699
f 6699 6820 6821
f 6699 6821 6822
f 6699 6822 6823
f 6699 6823 6711
f 6699 6711 6700
f 6700 6711 6701
f 6702 6717 6704
f 6702 6704 6703
f 6704 6824 6706
f 6704 6706 6707
f 6704 6707 6705
f 6704 6717 6824
f 6706 6824 6825
f 6706 6825 6826
f 6706 6826 6719
f 6708 6827 6828
f 6708 6828 6709
f 6708 6714 6829
f 6708 6829 6827
f 6709 6828 6830
f 6709 6830 6710
f 6710 6830 6831
f 6710 6831 6715
f 6711 6823 6832
f 6711 6832 6712
f 6712 6832 6713
f 6713 6833 6834
f 6713 6834 6829
f 6713 6829 6714
f 6713 6832 6835
f 6713 6835 6833
f 6715 6831 6836
f 6715 6836 6716
f 6716 6836 6837
f 6716 6837 6717
f 6717 6837 6824
f 6718 6719 6721
f 6719 6826 6838
f 6719 6838 6721
f 6721 6838 6722
f 6722 6838 6723
f 6723 6838 6839
f 6723 6839 6840
f 6723 6840 6725
f 6725 6840 6841
f 6725 6841 6726
f 6726 6841 6727
f 6727 6841 6842
f 6727 6842 6843
f 6727 6843 6845
f 6727 6845 6729
f 6728 6729 6844
f 6728 6844 6730
f 6729 6845 6844
f 6730 6844 6846
f 6730 6846 6731
f 6731 6846 6847
f 6731 6847 6848
f 6731 6848 6732
f 6732 6848 6733
f 6733 6848 6849
f 6733 6849 6850
f 6733 6850 6734
f 6734 6850 6851
f 6734 6851 6852
f 6734 6852 6735
f 6735 6852 6737
f 6735 6737 6736
f 6737 6853 6854
f 6737 6854 6738
f 6737 6852 6853
f 6738 6855 6739
f 6738 6854 6856
f 6738 6856 6855
f 6739 6855 6740
f 6740 6855 6857
f 6740 6857 6741
f 6741 6857 6743
f 6741 6743 6742
f 6743 6857 6855
f 6743 6855 6858
f 6743 6858 6744
f 6744 6858 6745
f 6745 6858 6787
f 6745 6787 6859
f 6745 6859 6860
f 6745 6860 6747
f 6745 6747 6861
f 6745 6861 6746
f 6746 6861 6747
f 6747 6860 6862
f 6747 6862 6757
f 6747 6757 6749
f 6752 6757 6781
f 6752 6781 6780
f 6752 6780 6754
f 6754 6780 6779
f 6754 6779 6755
f 6755 6779 6863
f 6755 6863 6756
f 6757 6862 6782
f 6757 6782 6781
f 6760 6791 6811
f 6760 6811 6761
f 6761 6811 6810
f 6762 6812 6763
f 6763 6812 6764
f 6764 6812 6766
f 6765 6766 6813
f 6765 6769 6767
f 6771 6773 6772
f 6778 6863 6779
f 6782 6862 6783
f 6783 6862 6859
f 6783 6859 6784
f 6784 6859 6787
f 6785 6788 6864
f 6785 6864 6865
f 6785 6865 6866
f 6785 6866 6808
f 6787 6858 6788
f 6788 6858 6864
f 6789 6807 6885
f 6789 6885 6867
f 6789 6867 6816
f 6789 6816 6790
f 6790 6816 6791
f 6791 6816 6815
f 6791 6815 6811
f 6792 6866 6793
f 6792 6809 6866
f 6793 6866 6868
f 6793 6868 6869
f 6793 6869 6794
f 6794 6869 6870
f 6794 6870 6795
f 6795 6870 6796
f 6796 6870 6871
f 6796 6871 6798
f 6798 6871 6872
f 6798 6872 6873
f 6798 6873 6799
f 6799 6873 6800
f 6800 6873 6874
f 6800 6874 6875
f 6800 6875 6801
f 6801 6875 6803
f 6802 6803 6876
f 6802 6876 6877
f 6802 6877 6804
f 6803 6875 6878
f 6803 6878 6879
f 6803 6879 6880
f 6803 6880 6876
f 6804 6877 6881
f 6804 6881 6882
f 6804 6882 6805
f 6805 6882 6883
f 6805 6883 6806
f 6806 6883 6884
f 6806 6884 6885
f 6806 6885 6807
f 6808 6866 6809
f 6811 6815 6814
f 6816 6867 6817
f 6817 6886 6818
f 6817 6867 6887
f 6817 6887 6886
f 6818 6886 6888
f 6818 6888 6819
f 6819 6888 6889
f 6819 6889 6890
f 6819 6890 6820
f 6820 6890 6821
f 6821 6890 6822
f 6822 6890 6832
f 6822 6832 6823
f 6824 6837 6825
f 6825 6837 6826
f 6826 6891 6838
f 6826 6837 6892
f 6826 6892 6893
f 6826 6893 6894
f 6826 6894 6891
f 6827 6829 6834
f 6827 6834 6895
f 6827 6895 6896
f 6827 6896 6897
f 6827 6897 6828
f 6828 6897 6830
f 6830 6897 6831
f 6831 6897 6898
f 6831 6898 6836
f 6832 6890 6835
f 6833 6835 6899
f 6833 6899 6900
f 6833 6900 6901
f 6833 6901 6902
f 6833 6902 6834
f 6834 6902 6895
f 6835 6890 6899
f 6836 6898 6903
f 6836 6903 6892
f 6836 6892 6837
f 6838 6891 6839
f 6839 6891 6840
f 6840 6891 6904
f 6840 6904 6905
f 6840 6905 6841
f 6841 6905 6906
f 6841 6906 6842
f 6842 6906 6907
f 6842 6907 6843
f 6843 6907 6908
f 6843 6908 6909
f 6843 6909 6845
f 6844 6845 6910
f 6844 6910 6846
f 6845 6909 6911
f 6845 6911 6910
f 6846 6910 6912
f 6846 6912 6878
f 6846 6878 6847
f 6847 6878 6913
f 6847 6913 6849
f 6847 6849 6848
f 6849 6913 6874
f 6849 6874 6914
f 6849 6914 6850
f 6850 6914 6915
f 6850 6915 6851
f 6851 6915 6916
f 6851 6916 6853
f 6851 6853 6852
f 6853 6916 6917
f 6853 6917 6918
f 6853 6918 6854
f 6854 6918 6919
f 6854 6919 6856
f 6855 6856 6858
f 6856 6869 6868
f 6856 6868 6864
f 6856 6864 6858
f 6856 6919 6869
f 6859 6862 6860
f 6864 6868 6866
f 6864 6866 6865
f 6867 6885 6887
f 6869 6919 6870
f 6870 6919 6918
f 6870 6918 6871
f 6871 6918 6917
f 6871 6917 6872
f 6872 6917 6915
f 6872 6915 6914
f 6872 6914 6873
f 6873 6914 6874
f 6874 6913 6875
f 6875 6913 6878
f 6876 6920 6877
f 6876 6880 6911
f 6876 6911 6909
f 6876 6909 6920
f 6877 6920 6921
f 6877 6921 6881
f 6878 6912 6879
f 6879 6912 6880
f 6880 6912 6910
f 6880 6910 6911
f 6881 6921 6922
f 6881 6922 6882
f 6882 6922 6923
f 6882 6923 6924
f 6882 6924 6883
f 6883 6924 6884
f 6884 6902 6901
f 6884 6901 6885
f 6884 6924 6925
f 6884 6925 6902
f 6885 6900 6887
f 6885 6901 6900
f 6886 6887 6888
f 6887 6899 6889
f 6887 6889 6888
f 6887 6900 6899
f 6889 6899 6890
f 6891 6894 6904
f 6892 6903 6893
f 6893 6903 6926
f 6893 6926 6894
f 6894 6926 6927
f 6894 6927 6928
f 6894 6928 6905
f 6894 6905 6904
f 6895 6902 6929
f 6895 6929 6896
f 6896 6929 6897
f 6897 6929 6930
f 6897 6930 6931
f 6897 6931 6898
f 6898 6931 6926
f 6898 6926 6903
f 6902 6925 6929
f 6905 6928 6932
f 6905 6932 6933
f 6905 6933 6906
f 6906 6933 6907
f 6907 6933 6908
f 6908 6933 6934
f 6908 6934 6935
f 6908 6935 6909
f 6909 6935 6920
f 6915 6917 6916
f 6920 6935 6921
f 6921 6935 6936
f 6921 6936 6922
f 6922 6936 6937
f 6922 6937 6923
f 6923 6937 6938
f 6923 6938 6924
f 6924 6938 6925
f 6925 6930 6929
f 6925 6938 6930
f 6926 6931 6927
f 6927 6931 6939
f 6927 6939 6928
f 6928 6939 6940
f 6928 6940 6938
f 6928 6938 6941
f 6928 6941 6937
f 6928 6937 6942
f 6928 6942 6933
f 6928 6933 6932
f 6930 6938 6943
f 6930 6943 6939
f 6930 6939 6931
f 6933 6942 6937
f 6933 6937 6944
f 6933 6944 6934
f 6934 6944 6936
f 6934 6936 6945
f 6934 6945 6935
f 6935 6945 6936
f 6936 6944 6937
f 6937 6941 6938
f 6938 6940 6939
f 6938 6939 6943
o convex_14
v -0.0339547 -0.017006 -0.0291769
v -0.0317554 -0.017006 -0.0391573
v -0.0371486 -0.017006 -0.0291769
v -0.0293445 -0.0305792 -0.0291769
v -0.0316614 -0.017006 -0.0396515
v -0.0293445 -0.0301429 -0.0298536
v -0.0293445 -0.0286319 -0.0322241
v -0.0293445 -0.0273637 -0.0342235
v -0.0293445 -0.0272738 -0.034367
v -0.0293445 -0.0265353 -0.0355728
v -0.0293445 -0.0258256 -0.036756
v -0.0342946 -0.017006 -0.0396515
v -0.0370096 -0.0178905 -0.0291769
v -0.0293445 -0.0343481 -0.0291769
v -0.0293445 -0.024167 -0.0396515
v -0.0338302 -0.0191655 -0.0396515
v -0.0365573 -0.0203132 -0.0291769
v -0.0366887 -0.0196816 -0.0291769
v -0.0367796 -0.0192266 -0.0291769
v -0.0294866 -0.034231 -0.0291769
v -0.0297837 -0.0337216 -0.0297285
v -0.0295309 -0.0334874 -0.030639
v -0.0293445 -0.0337216 -0.0304688
v -0.0293445 -0.028985 -0.0396515
v -0.0338195 -0.0192113 -0.0396515
v -0.0361364 -0.0220058 -0.0291769
v -0.0299274 -0.0338507 -0.0291769
v -0.0303078 -0.0334823 -0.0291769
v -0.0293476 -0.0290326 -0.0396515
v -0.0293445 -0.0335536 -0.030802
v -0.0293445 -0.0291361 -0.039429
v -0.033491 -0.0205271 -0.0396515
v -0.0360218 -0.0224404 -0.0291769
v -0.0305935 -0.0331716 -0.0291769
v -0.0298296 -0.0284163 -0.0396515
v -0.0312092 -0.0324721 -0.0291769
v -0.0316729 -0.0318796 -0.0291769
v -0.0330579 -0.0219481 -0.0396515
v -0.0356506 -0.0237544 -0.0291769
v -0.0357682 -0.0233622 -0.0291769
v -0.0298464 -0.0283925 -0.0396515
v -0.0322275 -0.0311598 -0.0291769
v -0.0327385 -0.0228682 -0.0396515
v -0.0350669 -0.025335 -0.0293758
v -0.035196 -0.0251363 -0.0291769
v -0.0352274 -0.024425 -0.0298628
v -0.0353511 -0.0246814 -0.0291769
v -0.032349 -0.0308372 -0.0294219
v -0.0305423 -0.0273502 -0.0396515
v -0.0325926 -0.0305928 -0.0291769
v -0.0325705 -0.0233521 -0.0396515
v -0.0350173 -0.0256338 -0.0291769
v -0.0305522 -0.0273349 -0.0396515
v -0.0328287 -0.0301989 -0.0291769
v -0.0320327 -0.0246016 -0.0396515
v -0.0342847 -0.0274079 -0.0291769
v -0.0348233 -0.0261091 -0.0291769
v -0.0305782 -0.0272907 -0.0396515
v -0.0332733 -0.0294366 -0.0291769
v -0.0312611 -0.0261278 -0.0396515
v -0.032022 -0.0246253 -0.0396515
v -0.0340838 -0.027851 -0.0291769
v -0.0334887 -0.0290445 -0.0291769
v -0.0338493 -0.0283586 -0.0291769
v -0.0312787 -0.0260939 -0.0396515
f 6946 6947 6950
f 6946 6950 6957
f 6946 6957 6948
f 6946 6948 6958
f 6946 6958 6964
f 6946 6964 6963
f 6946 6963 6962
f 6946 6962 6971
f 6946 6971 6978
f 6946 6978 6985
f 6946 6985 6984
f 6946 6984 6992
f 6946 6992 6990
f 6946 6990 6997
f 6946 6997 7002
f 6946 7002 7001
f 6946 7001 7007
f 6946 7007 7009
f 6946 7009 7008
f 6946 7008 7004
f 6946 7004 6999
f 6946 6999 6995
f 6946 6995 6987
f 6946 6987 6982
f 6946 6982 6981
f 6946 6981 6979
f 6946 6979 6973
f 6946 6973 6972
f 6946 6972 6965
f 6946 6965 6959
f 6946 6959 6949
f 6946 6949 6947
f 6947 6949 6951
f 6947 6951 6952
f 6947 6952 6953
f 6947 6953 6954
f 6947 6954 6955
f 6947 6955 6956
f 6947 6956 6950
f 6948 6957 6958
f 6949 6959 6968
f 6949 6968 6975
f 6949 6975 6976
f 6949 6976 6969
f 6949 6969 6960
f 6949 6960 6956
f 6949 6956 6955
f 6949 6955 6954
f 6949 6954 6953
f 6949 6953 6952
f 6949 6952 6951
f 6950 6956 6960
f 6950 6960 6969
f 6950 6969 6974
f 6950 6974 6980
f 6950 6980 6986
f 6950 6986 6994
f 6950 6994 6998
f 6950 6998 7003
f 6950 7003 7005
f 6950 7005 7010
f 6950 7010 7006
f 6950 7006 7000
f 6950 7000 6996
f 6950 6996 6988
f 6950 6988 6983
f 6950 6983 6977
f 6950 6977 6970
f 6950 6970 6961
f 6950 6961 6957
f 6957 6961 6962
f 6957 6962 6963
f 6957 6963 6964
f 6957 6964 6958
f 6959 6965 6966
f 6959 6966 6967
f 6959 6967 6968
f 6961 6970 6962
f 6962 6970 6971
f 6965 6972 6966
f 6966 6972 6973
f 6966 6973 6974
f 6966 6974 6967
f 6967 6975 6968
f 6967 6974 6975
f 6969 6976 6974
f 6970 6977 6971
f 6971 6977 6978
f 6973 6979 6974
f 6974 6976 6975
f 6974 6979 6981
f 6974 6981 6982
f 6974 6982 6980
f 6977 6983 6984
f 6977 6984 6985
f 6977 6985 6978
f 6980 6982 6987
f 6980 6987 6986
f 6983 6988 6989
f 6983 6989 6990
f 6983 6990 6991
f 6983 6991 6984
f 6984 6991 6992
f 6986 6987 6993
f 6986 6993 6994
f 6987 6995 6993
f 6988 6996 6989
f 6989 6997 6990
f 6989 6996 6997
f 6990 6992 6991
f 6993 6995 6998
f 6993 6998 6994
f 6995 6999 6998
f 6996 7000 7001
f 6996 7001 7002
f 6996 7002 6997
f 6998 6999 7003
f 6999 7004 7005
f 6999 7005 7003
f 7000 7006 7001
f 7001 7006 7007
f 7004 7008 7005
f 7005 7008 7009
f 7005 7009 7010
f 7006 7010 7009
f 7006 7009 7007
o convex_15
v 0.01369 0.0208957 -0.0670534
v 0.01369 0.0210007 -0.0614068
v 0.01369 0.0247043 -0.0670534
v 0.0256325 0.0114706 -0.0670534
v 0.01369 0.0246641 -0.0614068
v 0.0256325 0.0118661 -0.0614068
v 0.01369 0.0247173 -0.0669931
v 0.0148485 0.0241973 -0.0670534
v 0.0256325 0.015999 -0.0670534
v 0.0146661 0.0242634 -0.0614068
v 0.01369 0.0247069 -0.0656268
v 0.0256325 0.0158901 -0.0614068
v 0.0155732 0.0238692 -0.0615295
v 0.0147877 0.0242323 -0.0656268
v 0.0147877 0.0242284 -0.0669931
v 0.0155662 0.0238627 -0.0669931
v 0.0155639 0.0238601 -0.0670534
v 0.0255086 0.0161377 -0.0670534
v 0.025518 0.0161481 -0.0669931
v 0.0256325 0.0160197 -0.0669931
v 0.0155019 0.023899 -0.0614068
v 0.0256325 0.0160107 -0.0656268
v 0.0255086 0.0160392 -0.0614068
v 0.0155732 0.0238679 -0.0614068
v 0.0156329 0.0238329 -0.0614068
v 0.0174378 0.0228032 -0.0656268
v 0.0174507 0.0228006 -0.0669931
v 0.0162583 0.0234853 -0.0656268
v 0.0155791 0.0238692 -0.064261
v 0.0155756 0.0238679 -0.0656268
v 0.0162513 0.0234841 -0.0669931
v 0.0161928 0.0235139 -0.0670534
v 0.0249218 0.0167823 -0.0670534
v 0.0248949 0.0168315 -0.0669931
v 0.0249031 0.0168367 -0.0656268
v 0.0255075 0.0161533 -0.0656268
v 0.0248972 0.0168263 -0.064261
v 0.024868 0.0167952 -0.0614068
v 0.025463 0.0160937 -0.0614068
v 0.0162548 0.0234542 -0.0614068
v 0.0181205 0.0223935 -0.0656268
v 0.0181334 0.0224012 -0.0669931
v 0.017439 0.0227942 -0.0670534
v 0.0242017 0.0175227 -0.0670534
v 0.024211 0.0175318 -0.0669931
v 0.0242204 0.0175305 -0.0656268
v 0.0242134 0.0175175 -0.064261
v 0.0241853 0.0174916 -0.0614068
v 0.0174296 0.0227345 -0.0614068
v 0.0188149 0.0218812 -0.0614068
v 0.0188874 0.0218358 -0.0614068
v 0.0188874 0.0219046 -0.0656268
v 0.0188874 0.0219059 -0.0669931
v 0.0189482 0.0218566 -0.0670534
v 0.0180808 0.0224181 -0.0670534
v 0.0235494 0.0181659 -0.0670534
v 0.0235213 0.0182139 -0.0669931
v 0.0235166 0.0182139 -0.0656268
v 0.0234734 0.0181724 -0.0614068
v 0.0197256 0.0213003 -0.0614068
v 0.0198086 0.0212458 -0.0614068
v 0.0198448 0.0212717 -0.0656268
v 0.0198343 0.0212665 -0.0669931
v 0.0198273 0.0212627 -0.0670534
v 0.0234722 0.0182398 -0.0670534
v 0.0228281 0.0188143 -0.0670534
v 0.0228386 0.0188221 -0.0669931
v 0.0220636 0.0195068 -0.0669931
v 0.0228339 0.0188143 -0.0656268
v 0.0228515 0.0187184 -0.0614068
v 0.0198693 0.0212004 -0.0614068
v 0.0205263 0.0207686 -0.0656268
v 0.0205181 0.020766 -0.0669931
v 0.020462 0.0207971 -0.0670534
v 0.0220156 0.0195327 -0.0670534
v 0.0213809 0.0200839 -0.0669931
v 0.0213703 0.0200852 -0.0656268
v 0.022053 0.0194977 -0.0656268
v 0.0213212 0.0200476 -0.0614068
v 0.0204913 0.020731 -0.0614068
v 0.0213727 0.0200761 -0.0670534
f 7011 7012 7015
f 7011 7015 7021
f 7011 7021 7017
f 7011 7017 7013
f 7011 7013 7018
f 7011 7018 7027
f 7011 7027 7042
f 7011 7042 7053
f 7011 7053 7065
f 7011 7065 7064
f 7011 7064 7074
f 7011 7074 7084
f 7011 7084 7091
f 7011 7091 7085
f 7011 7085 7076
f 7011 7076 7075
f 7011 7075 7066
f 7011 7066 7054
f 7011 7054 7043
f 7011 7043 7028
f 7011 7028 7019
f 7011 7019 7014
f 7011 7014 7012
f 7012 7014 7016
f 7012 7016 7022
f 7012 7022 7033
f 7012 7033 7049
f 7012 7049 7048
f 7012 7048 7058
f 7012 7058 7069
f 7012 7069 7080
f 7012 7080 7089
f 7012 7089 7090
f 7012 7090 7081
f 7012 7081 7071
f 7012 7071 7070
f 7012 7070 7061
f 7012 7061 7060
f 7012 7060 7059
f 7012 7059 7050
f 7012 7050 7035
f 7012 7035 7034
f 7012 7034 7031
f 7012 7031 7020
f 7012 7020 7015
f 7013 7017 7018
f 7014 7019 7030
f 7014 7030 7032
f 7014 7032 7022
f 7014 7022 7016
f 7015 7020 7021
f 7017 7021 7020
f 7017 7020 7023
f 7017 7023 7024
f 7017 7024 7025
f 7017 7025 7018
f 7018 7025 7026
f 7018 7026 7027
f 7019 7028 7029
f 7019 7029 7030
f 7020 7031 7023
f 7022 7032 7033
f 7023 7034 7035
f 7023 7035 7036
f 7023 7036 7037
f 7023 7037 7038
f 7023 7038 7039
f 7023 7039 7024
f 7023 7031 7034
f 7024 7039 7040
f 7024 7040 7025
f 7025 7040 7026
f 7026 7040 7041
f 7026 7041 7042
f 7026 7042 7027
f 7028 7043 7029
f 7029 7043 7044
f 7029 7044 7045
f 7029 7045 7030
f 7030 7045 7046
f 7030 7046 7032
f 7032 7046 7047
f 7032 7047 7048
f 7032 7048 7049
f 7032 7049 7033
f 7035 7050 7051
f 7035 7051 7036
f 7036 7051 7052
f 7036 7052 7037
f 7037 7052 7053
f 7037 7053 7042
f 7037 7042 7041
f 7037 7041 7038
f 7038 7041 7040
f 7038 7040 7039
f 7043 7054 7044
f 7044 7054 7055
f 7044 7055 7045
f 7045 7055 7056
f 7045 7056 7047
f 7045 7047 7046
f 7047 7056 7057
f 7047 7057 7058
f 7047 7058 7048
f 7050 7059 7051
f 7051 7059 7060
f 7051 7060 7061
f 7051 7061 7062
f 7051 7062 7052
f 7052 7062 7063
f 7052 7063 7064
f 7052 7064 7065
f 7052 7065 7053
f 7054 7066 7067
f 7054 7067 7055
f 7055 7067 7056
f 7056 7067 7068
f 7056 7068 7057
f 7057 7068 7058
f 7058 7068 7069
f 7061 7070 7062
f 7062 7070 7071
f 7062 7071 7072
f 7062 7072 7063
f 7063 7072 7073
f 7063 7073 7064
f 7064 7073 7074
f 7066 7075 7067
f 7067 7075 7076
f 7067 7076 7077
f 7067 7077 7068
f 7068 7077 7078
f 7068 7078 7079
f 7068 7079 7069
f 7069 7079 7080
f 7071 7081 7082
f 7071 7082 7072
f 7072 7082 7083
f 7072 7083 7073
f 7073 7083 7074
f 7074 7083 7084
f 7076 7085 7077
f 7077 7085 7078
f 7078 7085 7086
f 7078 7086 7087
f 7078 7087 7088
f 7078 7088 7079
f 7079 7088 7080
f 7080 7088 7089
f 7081 7090 7082
f 7082 7090 7087
f 7082 7087 7086
f 7082 7086 7083
f 7083 7086 7084
f 7084 7086 7091
f 7085 7091 7086
f 7087 7090 7089
f 7087 7089 7088
o convex_16
v 0.0281521 0.0121977 -0.0364627
v 0.0300883 0.0122467 -0.0320932
v 0.0301914 0.0127855 -0.0320932
v 0.0290784 0.0129221 -0.0347326
v 0.0282445 0.0124117 -0.0364627
v 0.0283165 0.0113677 -0.0364627
v 0.0304243 -0.00784695 -0.0322155
v 0.0304039 -0.00792686 -0.0320932
v 0.0302963 -0.00692669 -0.0320932
v 0.0302083 -0.00556047 -0.0320932
v 0.0301834 -0.00419426 -0.0320932
v 0.0302741 0.0130871 -0.0320932
v 0.0314564 0.014162 -0.0320932
v 0.0286286 0.0130535 -0.0364627
v 0.0284152 0.0108805 -0.0364627
v 0.0331544 -0.0119482 -0.0364627
v 0.0337971 -0.0119482 -0.0320932
v 0.0317604 0.0143553 -0.0320932
v 0.0320707 0.0143863 -0.0320932
v 0.02973 0.0131128 -0.0364627
v 0.0356444 -0.0119482 -0.0364627
v 0.0369032 -0.0119482 -0.0320932
v 0.0327916 0.0138295 -0.0320932
v 0.0301745 0.0129427 -0.0364627
v 0.0369263 -0.0116491 -0.0320932
v 0.0357546 -0.01027 -0.0364627
v 0.0369725 -0.0110279 -0.0320932
v 0.033429 0.0130999 -0.0320932
v 0.0304039 0.0127623 -0.0364627
v 0.0357813 -0.00966169 -0.0364627
v 0.0370578 -0.00914614 -0.0320932
v 0.0370347 -0.00966169 -0.0320932
v 0.0369992 -0.0104453 -0.0320932
v 0.0340353 0.0121977 -0.0320932
v 0.0308937 0.0120121 -0.0364627
v 0.0358097 -0.00898116 -0.0364627
v 0.0372143 -0.00556047 -0.0320932
v 0.0345447 0.0114012 -0.0320932
v 0.0315169 0.010914 -0.0364627
v 0.0358364 -0.00829548 -0.0364627
v 0.0369921 -0.00556047 -0.0328374
v 0.0372339 -0.00419426 -0.0320932
v 0.0348585 0.010633 -0.0320932
v 0.034743 0.0104964 -0.0323575
v 0.0346212 0.00883117 -0.0335509
v 0.0328912 0.00813518 -0.0364627
v 0.0323152 0.00942921 -0.0364627
v 0.0358631 -0.00692669 -0.0364627
v 0.0365778 -0.00556047 -0.0342036
v 0.0358844 -0.00556047 -0.0364627
v 0.0358791 -0.00419426 -0.0364627
v 0.0371841 -0.00282804 -0.0320932
v 0.0352834 0.00942664 -0.0320932
v 0.034879 0.00935961 -0.0328229
v 0.0347065 0.00374009 -0.0364627
v 0.0344603 0.00438196 -0.0364627
v 0.0340371 0.00539502 -0.0364627
v 0.0358213 -0.00282804 -0.0364627
v 0.0371165 -0.00146183 -0.0320932
v 0.0356995 0.00809909 -0.0320932
v 0.0353003 0.00809909 -0.0328374
v 0.0347314 0.00367049 -0.0364627
v 0.0357368 -0.00146183 -0.0364627
v 0.0370374 -9.56159e-05 -0.0320932
v 0.0359262 0.00727163 -0.0320932
v 0.0357048 0.00678701 -0.0328032
v 0.0350265 0.00258526 -0.0364627
v 0.0355564 -5.17942e-05 -0.0364627
v 0.0365911 0.00401334 -0.0320932
v 0.036768 0.00260072 -0.0320932
v 0.0369129 0.00126802 -0.0320932
v 0.0361209 0.00649572 -0.0320932
v 0.0360444 0.00636941 -0.0323246
v 0.0361538 0.00536666 -0.0325744
v 0.036368 0.00536666 -0.0320932
v 0.0353083 0.00126802 -0.0364627
f 7092 7093 7094
f 7092 7094 7095
f 7092 7095 7096
f 7092 7096 7105
f 7092 7105 7111
f 7092 7111 7115
f 7092 7115 7120
f 7092 7120 7126
f 7092 7126 7130
f 7092 7130 7138
f 7092 7138 7137
f 7092 7137 7148
f 7092 7148 7147
f 7092 7147 7146
f 7092 7146 7153
f 7092 7153 7158
f 7092 7158 7167
f 7092 7167 7159
f 7092 7159 7154
f 7092 7154 7149
f 7092 7149 7142
f 7092 7142 7141
f 7092 7141 7139
f 7092 7139 7131
f 7092 7131 7127
f 7092 7127 7121
f 7092 7121 7117
f 7092 7117 7112
f 7092 7112 7107
f 7092 7107 7106
f 7092 7106 7097
f 7092 7097 7098
f 7092 7098 7099
f 7092 7099 7100
f 7092 7100 7101
f 7092 7101 7102
f 7092 7102 7093
f 7093 7102 7101
f 7093 7101 7100
f 7093 7100 7099
f 7093 7099 7108
f 7093 7108 7113
f 7093 7113 7116
f 7093 7116 7118
f 7093 7118 7124
f 7093 7124 7123
f 7093 7123 7122
f 7093 7122 7128
f 7093 7128 7133
f 7093 7133 7143
f 7093 7143 7150
f 7093 7150 7155
f 7093 7155 7162
f 7093 7162 7161
f 7093 7161 7160
f 7093 7160 7166
f 7093 7166 7163
f 7093 7163 7156
f 7093 7156 7151
f 7093 7151 7144
f 7093 7144 7134
f 7093 7134 7129
f 7093 7129 7125
f 7093 7125 7119
f 7093 7119 7114
f 7093 7114 7110
f 7093 7110 7109
f 7093 7109 7104
f 7093 7104 7103
f 7093 7103 7094
f 7094 7103 7095
f 7095 7103 7104
f 7095 7104 7105
f 7095 7105 7096
f 7097 7106 7098
f 7098 7107 7099
f 7098 7106 7107
f 7099 7107 7108
f 7104 7109 7105
f 7105 7109 7110
f 7105 7110 7111
f 7107 7112 7113
f 7107 7113 7108
f 7110 7114 7115
f 7110 7115 7111
f 7112 7116 7113
f 7112 7117 7118
f 7112 7118 7116
f 7114 7119 7120
f 7114 7120 7115
f 7117 7121 7122
f 7117 7122 7123
f 7117 7123 7124
f 7117 7124 7118
f 7119 7125 7120
f 7120 7125 7126
f 7121 7127 7128
f 7121 7128 7122
f 7125 7129 7126
f 7126 7129 7130
f 7127 7131 7128
f 7128 7131 7132
f 7128 7132 7133
f 7129 7134 7135
f 7129 7135 7136
f 7129 7136 7137
f 7129 7137 7138
f 7129 7138 7130
f 7131 7139 7140
f 7131 7140 7132
f 7132 7140 7133
f 7133 7140 7141
f 7133 7141 7142
f 7133 7142 7143
f 7134 7144 7145
f 7134 7145 7146
f 7134 7146 7136
f 7134 7136 7135
f 7136 7146 7147
f 7136 7147 7148
f 7136 7148 7137
f 7139 7141 7140
f 7142 7149 7143
f 7143 7149 7150
f 7144 7151 7152
f 7144 7152 7153
f 7144 7153 7145
f 7145 7153 7146
f 7149 7154 7155
f 7149 7155 7150
f 7151 7156 7157
f 7151 7157 7153
f 7151 7153 7152
f 7153 7157 7158
f 7154 7159 7160
f 7154 7160 7161
f 7154 7161 7162
f 7154 7162 7155
f 7156 7163 7164
f 7156 7164 7158
f 7156 7158 7157
f 7158 7164 7163
f 7158 7163 7165
f 7158 7165 7166
f 7158 7166 7167
f 7159 7167 7166
f 7159 7166 7160
f 7163 7166 7165
o convex_17
v 0.00795734 0.0149286 -0.0448744
v 0.00932369 0.0149286 -0.0448825
v 0.00626837 0.0162959 -0.0448987
v 0.00626837 0.0149286 -0.0448744
v 0.0134201 0.0121981 -0.0448744
v 0.01069 0.0149286 -0.0449828
v 0.006591 0.0162959 -0.0449068
v 0.0120551 0.0135612 -0.0448874
v 0.00626837 0.0174698 -0.0453696
v 0.00626709 0.0118369 -0.0448744
v 0.0175192 0.00809603 -0.0448744
v 0.0161528 0.0108308 -0.0449375
v 0.0120654 0.014993 -0.0453421
v 0.01069 0.0159347 -0.0454521
v 0.00795734 0.0162959 -0.0450864
v 0.0147865 0.0121981 -0.045012
v 0.006591 0.0174311 -0.0453777
v 0.00626837 0.0179729 -0.0465008
v 0.00626837 0.0179858 -0.0478666
v 0.00626837 0.0179987 -0.0533283
v 0.00626709 0.0118369 -0.0614068
v 0.00626709 -0.025929 -0.0448744
v 0.0188842 0.0053656 -0.0448744
v 0.0188842 0.00672866 -0.0448777
v 0.0175192 0.00945909 -0.0449731
v 0.0175153 0.010805 -0.0453809
v 0.0160886 0.0121809 -0.0454117
v 0.0116181 0.0157326 -0.0456366
v 0.0131746 0.0145803 -0.0455217
v 0.00795734 0.0171817 -0.0455573
v 0.006591 0.0178955 -0.0465008
v 0.006591 0.0179084 -0.0478666
v 0.00626837 0.0179987 -0.0614068
v 0.006591 0.017917 -0.0519674
v 0.00626709 -0.025929 -0.0614068
v 0.0108134 -0.025929 -0.0448744
v 0.0193984 0.00399393 -0.0448744
v 0.0193984 0.0053656 -0.0448857
v 0.0193984 0.00675876 -0.0450168
v 0.0188842 0.00809603 -0.0450735
v 0.0188328 0.00935159 -0.0454861
v 0.0183418 0.0103277 -0.0456334
v 0.0170577 0.0117079 -0.0455865
v 0.0124227 0.0154316 -0.0465008
v 0.0117402 0.0157928 -0.0465008
v 0.00874142 0.0170183 -0.0457418
v 0.0155898 0.0129721 -0.0456852
v 0.00795734 0.0173881 -0.0465008
v 0.006591 0.017917 -0.0614068
v 0.0150873 -0.025929 -0.0614068
v 0.0121811 -0.025929 -0.0448874
v 0.0134189 -0.0246863 -0.0448744
v 0.0193984 -0.0173421 -0.0448744
v 0.0193984 0.00809603 -0.045313
v 0.0193984 0.00896461 -0.0456884
v 0.0193984 0.0091409 -0.0465008
v 0.0184125 0.010418 -0.0465008
v 0.0178508 0.0111017 -0.0465008
v 0.0171696 0.0118068 -0.0465008
v 0.0171297 0.0118412 -0.0465008
v 0.0133932 0.014748 -0.0465008
v 0.0133057 0.0148125 -0.0614068
v 0.0124227 0.0154316 -0.0614068
v 0.0117402 0.0157928 -0.0614068
v 0.01069 0.0162529 -0.0465008
v 0.0163328 0.0124948 -0.0465008
v 0.0156503 0.0130194 -0.0465008
v 0.00795734 0.0173881 -0.0614068
v 0.0156425 -0.0255033 -0.0614068
v 0.0150873 -0.025929 -0.0473876
v 0.0137505 -0.025929 -0.0452207
v 0.0147865 -0.0246863 -0.0450152
v 0.0161528 -0.023319 -0.0449392
v 0.0161528 -0.0219559 -0.0448744
v 0.0188842 -0.0192212 -0.0448777
v 0.0193984 -0.0187095 -0.0448874
v 0.0175192 -0.0205885 -0.0448744
v 0.0193984 0.0091409 -0.0614068
v 0.0184742 0.0103406 -0.0614068
v 0.0183637 0.0104825 -0.0614068
v 0.0178508 0.0111017 -0.0614068
v 0.0171696 0.0118068 -0.0614068
v 0.0171297 0.0118412 -0.0614068
v 0.0170937 0.0118713 -0.0614068
v 0.0147865 0.0136816 -0.0478666
v 0.0134536 0.014705 -0.0614068
v 0.01069 0.0162529 -0.0614068
v 0.0163328 0.0124948 -0.0614068
v 0.0156503 0.0130194 -0.0614068
v 0.0162634 -0.025026 -0.0614068
v 0.0156425 -0.0255033 -0.0465008
v 0.0150847 -0.025929 -0.0465008
v 0.0142891 -0.025929 -0.0453971
v 0.0147865 -0.0257656 -0.0454861
v 0.016086 -0.0246648 -0.0454165
v 0.0175128 -0.0232889 -0.0453842
v 0.0175192 -0.0219559 -0.0449748
v 0.0188842 -0.0205885 -0.0450751
v 0.0193984 -0.020137 -0.0451463
v 0.0193984 -0.0216205 -0.0614068
v 0.0164009 -0.0249185 -0.0614068
v 0.0163251 -0.0249744 -0.0465008
v 0.0155847 -0.025456 -0.04569
v 0.0150461 -0.025929 -0.0462354
v 0.0146592 -0.025929 -0.0456641
v 0.0170539 -0.0241961 -0.0455897
v 0.0183405 -0.0228159 -0.0456366
v 0.0188315 -0.0218398 -0.045491
v 0.0193984 -0.0211647 -0.0455217
v 0.0193984 -0.0216205 -0.0465008
v 0.0184086 -0.0229062 -0.0614068
v 0.0171618 -0.024295 -0.0614068
v 0.0171618 -0.024295 -0.0465008
v 0.0178457 -0.0235899 -0.0465008
v 0.0184086 -0.0229062 -0.0465008
v 0.0193984 -0.0215947 -0.046059
v 0.0193984 -0.0214528 -0.0456949
v 0.0178457 -0.0235899 -0.0614068
v 0.0177852 -0.0236544 -0.0614068
f 7168 7169 7170
f 7168 7170 7171
f 7168 7171 7177
f 7168 7177 7189
f 7168 7189 7203
f 7168 7203 7219
f 7168 7219 7241
f 7168 7241 7244
f 7168 7244 7220
f 7168 7220 7204
f 7168 7204 7190
f 7168 7190 7178
f 7168 7178 7172
f 7168 7172 7169
f 7169 7173 7174
f 7169 7174 7170
f 7169 7172 7175
f 7169 7175 7173
f 7170 7176 7177
f 7170 7177 7171
f 7170 7174 7176
f 7172 7178 7179
f 7172 7179 7175
f 7173 7180 7181
f 7173 7181 7182
f 7173 7182 7174
f 7173 7175 7183
f 7173 7183 7180
f 7174 7182 7184
f 7174 7184 7176
f 7175 7179 7183
f 7176 7184 7185
f 7176 7185 7177
f 7177 7185 7186
f 7177 7186 7187
f 7177 7187 7200
f 7177 7200 7188
f 7177 7188 7202
f 7177 7202 7189
f 7178 7190 7191
f 7178 7191 7179
f 7179 7191 7192
f 7179 7192 7193
f 7179 7193 7194
f 7179 7194 7183
f 7180 7195 7181
f 7180 7183 7194
f 7180 7194 7196
f 7180 7196 7195
f 7181 7195 7197
f 7181 7197 7184
f 7181 7184 7182
f 7184 7197 7185
f 7185 7197 7198
f 7185 7198 7199
f 7185 7199 7186
f 7186 7199 7187
f 7187 7199 7201
f 7187 7201 7216
f 7187 7216 7200
f 7188 7200 7216
f 7188 7216 7235
f 7188 7235 7254
f 7188 7254 7231
f 7188 7231 7230
f 7188 7230 7229
f 7188 7229 7253
f 7188 7253 7256
f 7188 7256 7255
f 7188 7255 7251
f 7188 7251 7250
f 7188 7250 7249
f 7188 7249 7248
f 7188 7248 7247
f 7188 7247 7246
f 7188 7246 7245
f 7188 7245 7267
f 7188 7267 7278
f 7188 7278 7285
f 7188 7285 7286
f 7188 7286 7279
f 7188 7279 7268
f 7188 7268 7257
f 7188 7257 7236
f 7188 7236 7217
f 7188 7217 7202
f 7189 7202 7217
f 7189 7217 7237
f 7189 7237 7259
f 7189 7259 7271
f 7189 7271 7272
f 7189 7272 7260
f 7189 7260 7238
f 7189 7238 7218
f 7189 7218 7203
f 7190 7204 7191
f 7191 7204 7205
f 7191 7205 7206
f 7191 7206 7207
f 7191 7207 7192
f 7192 7207 7193
f 7193 7207 7208
f 7193 7208 7209
f 7193 7209 7210
f 7193 7210 7194
f 7194 7210 7196
f 7195 7211 7212
f 7195 7212 7213
f 7195 7213 7197
f 7195 7196 7214
f 7195 7214 7211
f 7196 7210 7214
f 7197 7213 7198
f 7198 7213 7215
f 7198 7215 7199
f 7199 7215 7201
f 7201 7215 7235
f 7201 7235 7216
f 7203 7218 7219
f 7204 7220 7243
f 7204 7243 7266
f 7204 7266 7276
f 7204 7276 7284
f 7204 7284 7283
f 7204 7283 7277
f 7204 7277 7267
f 7204 7267 7245
f 7204 7245 7223
f 7204 7223 7222
f 7204 7222 7221
f 7204 7221 7206
f 7204 7206 7205
f 7206 7221 7207
f 7207 7221 7208
f 7208 7221 7222
f 7208 7222 7209
f 7209 7222 7223
f 7209 7223 7224
f 7209 7224 7225
f 7209 7225 7210
f 7210 7226 7227
f 7210 7227 7214
f 7210 7225 7226
f 7211 7228 7229
f 7211 7229 7230
f 7211 7230 7231
f 7211 7231 7212
f 7211 7214 7228
f 7212 7231 7254
f 7212 7254 7232
f 7212 7232 7213
f 7213 7232 7215
f 7214 7233 7234
f 7214 7234 7228
f 7214 7227 7233
f 7215 7232 7254
f 7215 7254 7235
f 7217 7236 7258
f 7217 7258 7237
f 7218 7238 7239
f 7218 7239 7240
f 7218 7240 7219
f 7219 7240 7241
f 7220 7242 7243
f 7220 7244 7242
f 7223 7245 7246
f 7223 7246 7224
f 7224 7247 7225
f 7224 7246 7247
f 7225 7247 7248
f 7225 7248 7249
f 7225 7249 7226
f 7226 7249 7250
f 7226 7250 7227
f 7227 7250 7251
f 7227 7251 7233
f 7228 7234 7252
f 7228 7252 7253
f 7228 7253 7229
f 7233 7251 7255
f 7233 7255 7256
f 7233 7256 7234
f 7234 7256 7253
f 7234 7253 7252
f 7236 7257 7258
f 7237 7258 7259
f 7238 7260 7261
f 7238 7261 7262
f 7238 7262 7239
f 7239 7262 7240
f 7240 7263 7264
f 7240 7264 7243
f 7240 7243 7242
f 7240 7242 7244
f 7240 7244 7241
f 7240 7262 7263
f 7243 7264 7265
f 7243 7265 7266
f 7257 7268 7269
f 7257 7269 7258
f 7258 7269 7270
f 7258 7270 7271
f 7258 7271 7259
f 7260 7272 7261
f 7261 7270 7273
f 7261 7273 7262
f 7261 7272 7270
f 7262 7273 7263
f 7263 7274 7275
f 7263 7275 7266
f 7263 7266 7265
f 7263 7265 7264
f 7263 7273 7274
f 7266 7275 7276
f 7267 7277 7282
f 7267 7282 7278
f 7268 7279 7280
f 7268 7280 7269
f 7269 7280 7270
f 7270 7272 7271
f 7270 7280 7273
f 7273 7280 7281
f 7273 7281 7274
f 7274 7281 7282
f 7274 7282 7283
f 7274 7283 7284
f 7274 7284 7276
f 7274 7276 7275
f 7277 7283 7282
f 7278 7282 7281
f 7278 7281 7285
f 7279 7286 7280
f 7280 7286 7281
f 7281 7286 7285
o convex_18
v -0.0381663 -0.0033783 -0.0291769
v -0.0381508 -0.00419357 -0.0291769
v -0.0381663 -0.00283029 -0.0291769
v -0.0364762 -0.00556023 -0.0345161
v -0.0381318 -0.00477541 -0.0291769
v -0.0366153 -0.00556023 -0.0340651
v -0.036452 -0.00654463 -0.0345161
v -0.0364417 -0.00692689 -0.0345161
v -0.0364762 -0.00419357 -0.0345161
v -0.0381534 -0.00201841 -0.0291769
v -0.0365954 -0.00692689 -0.0340081
v -0.0365704 -0.00829355 -0.0339277
v -0.0368994 -0.00829355 -0.0328369
v -0.037947 -0.00966021 -0.0291769
v -0.0363925 -0.00829355 -0.0345161
v -0.0381361 -0.00146362 -0.0291769
v -0.0380895 -9.69619e-05 -0.0291769
v -0.0380635 0.000637112 -0.0291769
v -0.0380376 0.00126632 -0.0291769
v -0.0364192 -0.00283029 -0.0345161
v -0.0378252 -0.0105195 -0.0294612
v -0.0378433 -0.00966021 -0.0295218
v -0.0379254 -0.0101812 -0.0291769
v -0.0362646 -0.0110269 -0.0345161
v -0.0379832 0.0020782 -0.0291769
v -0.0364037 -0.00260025 -0.0345161
v -0.0361783 -0.0123665 -0.0345161
v -0.0378969 -0.010736 -0.0291769
v -0.0379556 0.00248414 -0.0291769
v -0.036319 -0.00147716 -0.0345161
v -0.0377941 -0.0114328 -0.0293598
v -0.0378606 -0.0112806 -0.0291769
v -0.036047 -0.0137602 -0.0345161
v -0.0377578 -0.0123935 -0.0291769
v -0.037858 0.0033975 -0.0291769
v -0.0361593 -3.26883e-05 -0.0345161
v -0.0359123 -0.0151235 -0.0345161
v -0.0376015 -0.0137602 -0.0291769
v -0.0377837 0.00399964 -0.0291769
v -0.0360315 0.000955097 -0.0345161
v -0.0356998 -0.0164901 -0.0345161
v -0.0372293 -0.0164901 -0.0291769
v -0.0373614 -0.0155835 -0.0291769
v -0.0374348 -0.0150727 -0.0291769
v -0.0375678 -0.0140342 -0.0291769
v -0.0377172 0.00451045 -0.0291769
v -0.0358449 0.00232176 -0.0345161
v -0.0376291 0.00518363 -0.0291769
v -0.0356005 -0.0170043 -0.0345161
v -0.0371481 -0.0170043 -0.0291769
v -0.0357888 0.00264651 -0.0345161
v -0.0376041 0.0053663 -0.0291769
v -0.036459 0.00473372 -0.0321789
v -0.032919 -0.0170043 -0.0345161
v -0.0339553 -0.0170043 -0.0291769
v -0.0356005 0.00371887 -0.0345161
v -0.0372215 0.0053663 -0.0301051
v -0.0374642 0.00630673 -0.0291769
v -0.0373744 0.00678709 -0.0291769
v -0.0369685 0.00673297 -0.0301051
v -0.0355375 0.00399964 -0.0345161
v -0.0305872 -0.0110269 -0.0310683
v -0.0302081 -0.0110269 -0.0301051
v -0.0305579 -0.0137602 -0.0297988
v -0.0305173 -0.0146702 -0.0291769
v -0.0306011 -0.0149983 -0.0291769
v -0.0314984 -0.0157662 -0.0291769
v -0.0316659 -0.0158779 -0.0291769
v -0.0293445 0.0108938 -0.0345161
v -0.0371887 0.00765986 -0.0291769
v -0.0353112 0.0049739 -0.0345161
v -0.0301986 -0.0119538 -0.0291769
v -0.0302919 -0.0133475 -0.0291769
v -0.0303428 -0.0137602 -0.0291769
v -0.0293445 0.012954 -0.0345161
v -0.0293445 0.0109277 -0.0344759
v -0.0370928 0.0080658 -0.0291769
v -0.0352646 0.00516333 -0.0345161
v -0.0363588 0.0111476 -0.0291769
v -0.0293445 0.0119087 -0.0339193
v -0.0293445 0.0121962 -0.033878
v -0.0301952 0.0121962 -0.0291769
v -0.0293678 0.0130318 -0.0345161
v -0.0305397 0.0149465 -0.0291769
v -0.0302608 0.01359 -0.0291769
v -0.0293445 0.0127003 -0.0342031
v -0.0350435 0.00598536 -0.0345161
v -0.0363173 0.0112964 -0.0291769
v -0.0351109 0.00750087 -0.0335717
v -0.0300363 0.013228 -0.0345161
v -0.031944 0.0174125 -0.0291769
v -0.0312462 0.0164079 -0.0291769
v -0.031171 0.0162962 -0.0291769
v -0.0348466 0.00653676 -0.0345161
v -0.0361576 0.0118647 -0.0291769
v -0.0348008 0.00665854 -0.0345161
v -0.0360574 0.012203 -0.0291769
v -0.0358035 0.0130047 -0.0291769
v -0.035642 0.013502 -0.0291769
v -0.0351471 0.014412 -0.0295182
v -0.0350659 0.010109 -0.0321308
v -0.0303066 0.0132246 -0.0345161
v -0.0330554 0.0175546 -0.0291769
v -0.0329449 0.0175546 -0.0291769
v -0.0321918 0.0171791 -0.0295699
v -0.0347715 0.00672958 -0.0345161
v -0.0352689 0.0146285 -0.0291769
v -0.0349468 0.0153829 -0.0291769
v -0.0349278 0.015322 -0.0292386
v -0.0341505 0.00809286 -0.0345161
v -0.0343276 0.00773428 -0.0345161
v -0.0310881 0.0131299 -0.0345161
v -0.0332947 0.0174295 -0.0291769
v -0.031222 0.0130622 -0.0345161
v -0.0347818 0.0156467 -0.0291769
v -0.0318593 0.0122571 -0.0345161
v -0.032742 0.0107991 -0.0345161
v -0.0337489 0.00889121 -0.0345161
v -0.0336557 0.0169423 -0.0293969
v -0.0338051 0.0170709 -0.0291769
v -0.03435 0.0163267 -0.0291769
f 7287 7288 7291
f 7287 7291 7300
f 7287 7300 7309
f 7287 7309 7314
f 7287 7314 7318
f 7287 7318 7320
f 7287 7320 7324
f 7287 7324 7331
f 7287 7331 7330
f 7287 7330 7329
f 7287 7329 7328
f 7287 7328 7336
f 7287 7336 7341
f 7287 7341 7354
f 7287 7354 7353
f 7287 7353 7352
f 7287 7352 7351
f 7287 7351 7360
f 7287 7360 7359
f 7287 7359 7358
f 7287 7358 7368
f 7287 7368 7371
f 7287 7371 7370
f 7287 7370 7379
f 7287 7379 7378
f 7287 7378 7377
f 7287 7377 7390
f 7287 7390 7389
f 7287 7389 7399
f 7287 7399 7406
f 7287 7406 7407
f 7287 7407 7401
f 7287 7401 7394
f 7287 7394 7393
f 7287 7393 7385
f 7287 7385 7384
f 7287 7384 7383
f 7287 7383 7381
f 7287 7381 7374
f 7287 7374 7365
f 7287 7365 7363
f 7287 7363 7356
f 7287 7356 7345
f 7287 7345 7344
f 7287 7344 7338
f 7287 7338 7334
f 7287 7334 7332
f 7287 7332 7325
f 7287 7325 7321
f 7287 7321 7315
f 7287 7315 7311
f 7287 7311 7305
f 7287 7305 7304
f 7287 7304 7303
f 7287 7303 7302
f 7287 7302 7296
f 7287 7296 7289
f 7287 7289 7295
f 7287 7295 7290
f 7287 7290 7288
f 7288 7290 7292
f 7288 7292 7293
f 7288 7293 7294
f 7288 7294 7291
f 7289 7296 7295
f 7290 7293 7292
f 7290 7295 7306
f 7290 7306 7312
f 7290 7312 7316
f 7290 7316 7322
f 7290 7322 7326
f 7290 7326 7333
f 7290 7333 7337
f 7290 7337 7342
f 7290 7342 7347
f 7290 7347 7357
f 7290 7357 7364
f 7290 7364 7373
f 7290 7373 7380
f 7290 7380 7382
f 7290 7382 7392
f 7290 7392 7397
f 7290 7397 7396
f 7290 7396 7404
f 7290 7404 7403
f 7290 7403 7402
f 7290 7402 7400
f 7290 7400 7398
f 7290 7398 7388
f 7290 7388 7376
f 7290 7376 7369
f 7290 7369 7361
f 7290 7361 7355
f 7290 7355 7340
f 7290 7340 7335
f 7290 7335 7327
f 7290 7327 7323
f 7290 7323 7319
f 7290 7319 7313
f 7290 7313 7310
f 7290 7310 7301
f 7290 7301 7294
f 7290 7294 7293
f 7291 7294 7297
f 7291 7297 7298
f 7291 7298 7299
f 7291 7299 7300
f 7294 7301 7297
f 7295 7296 7302
f 7295 7302 7303
f 7295 7303 7304
f 7295 7304 7305
f 7295 7305 7306
f 7297 7301 7298
f 7298 7301 7307
f 7298 7307 7308
f 7298 7308 7299
f 7299 7308 7300
f 7300 7308 7309
f 7301 7310 7307
f 7305 7311 7306
f 7306 7311 7312
f 7307 7309 7308
f 7307 7310 7313
f 7307 7313 7314
f 7307 7314 7309
f 7311 7315 7312
f 7312 7315 7316
f 7313 7317 7318
f 7313 7318 7314
f 7313 7319 7320
f 7313 7320 7317
f 7315 7321 7316
f 7316 7321 7322
f 7317 7320 7318
f 7319 7323 7320
f 7320 7323 7324
f 7321 7325 7322
f 7322 7325 7326
f 7323 7327 7328
f 7323 7328 7329
f 7323 7329 7330
f 7323 7330 7331
f 7323 7331 7324
f 7325 7332 7326
f 7326 7332 7334
f 7326 7334 7333
f 7327 7335 7336
f 7327 7336 7328
f 7333 7334 7338
f 7333 7338 7339
f 7333 7339 7337
f 7335 7340 7341
f 7335 7341 7336
f 7337 7339 7342
f 7338 7343 7339
f 7338 7344 7343
f 7339 7343 7344
f 7339 7344 7345
f 7339 7345 7346
f 7339 7346 7347
f 7339 7347 7342
f 7340 7348 7349
f 7340 7349 7350
f 7340 7350 7351
f 7340 7351 7352
f 7340 7352 7353
f 7340 7353 7354
f 7340 7354 7341
f 7340 7355 7348
f 7345 7356 7346
f 7346 7356 7347
f 7347 7356 7357
f 7348 7355 7349
f 7349 7358 7359
f 7349 7359 7360
f 7349 7360 7350
f 7349 7355 7358
f 7350 7360 7351
f 7355 7361 7372
f 7355 7372 7367
f 7355 7367 7366
f 7355 7366 7362
f 7355 7362 7358
f 7356 7363 7357
f 7357 7363 7365
f 7357 7365 7364
f 7358 7362 7366
f 7358 7366 7367
f 7358 7367 7368
f 7361 7369 7370
f 7361 7370 7371
f 7361 7371 7372
f 7364 7365 7373
f 7365 7374 7375
f 7365 7375 7373
f 7367 7372 7371
f 7367 7371 7368
f 7369 7376 7377
f 7369 7377 7378
f 7369 7378 7379
f 7369 7379 7370
f 7373 7375 7380
f 7374 7381 7375
f 7375 7382 7380
f 7375 7381 7383
f 7375 7383 7384
f 7375 7384 7385
f 7375 7385 7386
f 7375 7386 7387
f 7375 7387 7382
f 7376 7388 7389
f 7376 7389 7390
f 7376 7390 7391
f 7376 7391 7377
f 7377 7391 7390
f 7382 7387 7386
f 7382 7386 7392
f 7385 7393 7386
f 7386 7393 7394
f 7386 7394 7395
f 7386 7395 7396
f 7386 7396 7397
f 7386 7397 7392
f 7388 7398 7389
f 7389 7398 7400
f 7389 7400 7399
f 7394 7401 7395
f 7395 7401 7402
f 7395 7402 7403
f 7395 7403 7404
f 7395 7404 7396
f 7399 7405 7406
f 7399 7400 7405
f 7400 7406 7405
f 7400 7402 7406
f 7401 7407 7402
f 7402 7407 7406
o convex_19
v -0.0030444 -0.038353 -0.0248769
v -0.0030444 -0.0393854 -0.0250878
v -0.0030444 -0.0374615 -0.0251123
v -0.0246189 -0.0370037 -0.021829
v -0.0246189 -0.038353 -0.0216692
v -0.0246189 -0.0384543 -0.0216736
v -0.0030444 -0.0400175 -0.0260069
v -0.0246189 -0.0390882 -0.0224084
v -0.0246189 -0.0364248 -0.0232054
v -0.0246189 -0.0369538 -0.0219222
v -0.0030444 -0.037227 -0.0260069
v -0.0246189 -0.0317721 -0.0355014
v -0.0246189 -0.0318099 -0.0353971
v -0.0030444 -0.0403276 -0.0273743
v -0.0246189 -0.0391071 -0.0232054
v -0.0166346 -0.0396989 -0.0260069
v -0.0084412 -0.0401687 -0.0273743
v -0.00707457 -0.040222 -0.0273743
v -0.00570795 -0.0402683 -0.0273743
v -0.00434132 -0.0403036 -0.0273743
v -0.0030444 -0.0380258 -0.0443478
v -0.0215604 -0.0317721 -0.0443478
v -0.021628 -0.0317721 -0.0437662
v -0.021949 -0.0317721 -0.0422899
v -0.0219554 -0.0317721 -0.0422655
v -0.0219596 -0.0317721 -0.0422522
v -0.0224074 -0.0317721 -0.0408448
v -0.0228151 -0.0317721 -0.0396549
v -0.0233326 -0.0317721 -0.0382786
v -0.0233474 -0.0317721 -0.0382408
v -0.0239346 -0.0317721 -0.0369422
v -0.0241923 -0.0317721 -0.0363938
v -0.0246189 -0.0317721 -0.0443478
v -0.0030444 -0.0403663 -0.0287973
v -0.0180012 -0.0396061 -0.0260069
v -0.0246189 -0.0390925 -0.0234695
v -0.00525804 -0.0403525 -0.0443478
v -0.00492219 -0.040392 -0.0443478
v -0.00423782 -0.0404547 -0.0443478
v -0.0111723 -0.0400261 -0.0273743
v -0.00980571 -0.0401043 -0.0273743
v -0.0030444 -0.0405466 -0.0437662
v -0.0030444 -0.040544 -0.0424009
v -0.0030444 -0.0404642 -0.0342028
v -0.0030444 -0.0404539 -0.0334347
v -0.0030444 -0.0404436 -0.0327155
v -0.0030444 -0.0405432 -0.0443478
v -0.0246189 -0.0326336 -0.0443478
v -0.0035091 -0.0405088 -0.0443478
v -0.0246189 -0.0390195 -0.0239068
v -0.0115758 -0.0390882 -0.0443478
v -0.0111787 -0.0391896 -0.0443478
v -0.0104309 -0.0393725 -0.0443478
v -0.00980571 -0.0395254 -0.0443478
v -0.00901996 -0.0397066 -0.0443478
v -0.0084412 -0.0398355 -0.0443478
v -0.00707457 -0.0400923 -0.0443478
v -0.00628882 -0.0402082 -0.0443478
v -0.0237719 -0.0332958 -0.0443478
v -0.0246189 -0.0388013 -0.0246439
v -0.0246189 -0.0388658 -0.024433
v -0.0208127 -0.0353159 -0.0443478
v -0.0195516 -0.0360374 -0.0443478
v -0.0188673 -0.0364024 -0.0443478
v -0.0180012 -0.0368302 -0.0443478
v -0.0165607 -0.0374383 -0.0443478
v -0.0153335 -0.0378943 -0.0443478
v -0.0139035 -0.0383805 -0.0443478
v -0.0124862 -0.0388168 -0.0443478
v -0.0118102 -0.0390238 -0.0443478
v -0.0234804 -0.0335097 -0.0443478
v -0.0230875 -0.0337854 -0.0443478
v -0.0220356 -0.0345223 -0.0443478
v -0.0215076 -0.0348805 -0.0443478
v -0.021328 -0.0349938 -0.0443478
f 7408 7409 7414
f 7408 7414 7421
f 7408 7421 7441
f 7408 7441 7453
f 7408 7453 7452
f 7408 7452 7451
f 7408 7451 7450
f 7408 7450 7449
f 7408 7449 7454
f 7408 7454 7428
f 7408 7428 7418
f 7408 7418 7410
f 7408 7410 7411
f 7408 7411 7412
f 7408 7412 7413
f 7408 7413 7409
f 7409 7413 7415
f 7409 7415 7414
f 7410 7416 7417
f 7410 7417 7411
f 7410 7418 7419
f 7410 7419 7420
f 7410 7420 7416
f 7411 7417 7416
f 7411 7416 7420
f 7411 7420 7419
f 7411 7419 7440
f 7411 7440 7455
f 7411 7455 7467
f 7411 7467 7468
f 7411 7468 7457
f 7411 7457 7443
f 7411 7443 7422
f 7411 7422 7415
f 7411 7415 7413
f 7411 7413 7412
f 7414 7415 7421
f 7415 7422 7423
f 7415 7423 7424
f 7415 7424 7425
f 7415 7425 7426
f 7415 7426 7427
f 7415 7427 7421
f 7418 7428 7429
f 7418 7429 7430
f 7418 7430 7431
f 7418 7431 7432
f 7418 7432 7433
f 7418 7433 7434
f 7418 7434 7435
f 7418 7435 7436
f 7418 7436 7437
f 7418 7437 7438
f 7418 7438 7439
f 7418 7439 7419
f 7419 7439 7438
f 7419 7438 7437
f 7419 7437 7436
f 7419 7436 7435
f 7419 7435 7434
f 7419 7434 7433
f 7419 7433 7432
f 7419 7432 7431
f 7419 7431 7430
f 7419 7430 7429
f 7419 7429 7440
f 7421 7427 7441
f 7422 7442 7423
f 7422 7443 7444
f 7422 7444 7445
f 7422 7445 7446
f 7422 7446 7442
f 7423 7447 7448
f 7423 7448 7424
f 7423 7442 7449
f 7423 7449 7450
f 7423 7450 7447
f 7424 7448 7450
f 7424 7450 7451
f 7424 7451 7425
f 7425 7451 7452
f 7425 7452 7453
f 7425 7453 7426
f 7426 7453 7441
f 7426 7441 7427
f 7428 7454 7456
f 7428 7456 7446
f 7428 7446 7445
f 7428 7445 7444
f 7428 7444 7465
f 7428 7465 7464
f 7428 7464 7463
f 7428 7463 7462
f 7428 7462 7461
f 7428 7461 7460
f 7428 7460 7459
f 7428 7459 7458
f 7428 7458 7477
f 7428 7477 7476
f 7428 7476 7475
f 7428 7475 7474
f 7428 7474 7473
f 7428 7473 7472
f 7428 7472 7471
f 7428 7471 7470
f 7428 7470 7469
f 7428 7469 7482
f 7428 7482 7481
f 7428 7481 7480
f 7428 7480 7479
f 7428 7479 7478
f 7428 7478 7466
f 7428 7466 7455
f 7428 7455 7440
f 7428 7440 7429
f 7442 7446 7456
f 7442 7456 7454
f 7442 7454 7449
f 7443 7457 7458
f 7443 7458 7459
f 7443 7459 7460
f 7443 7460 7461
f 7443 7461 7462
f 7443 7462 7463
f 7443 7463 7464
f 7443 7464 7465
f 7443 7465 7444
f 7447 7450 7448
f 7455 7466 7467
f 7457 7468 7469
f 7457 7469 7470
f 7457 7470 7471
f 7457 7471 7472
f 7457 7472 7473
f 7457 7473 7474
f 7457 7474 7475
f 7457 7475 7476
f 7457 7476 7477
f 7457 7477 7458
f 7466 7478 7467
f 7467 7478 7479
f 7467 7479 7480
f 7467 7480 7481
f 7467 7481 7468
f 7468 7481 7482
f 7468 7482 7469
o convex_20
v 0.0256314 -0.037162 -0.0206075
v 0.0134869 -0.038353 -0.0245932
v 0.0256314 -0.0372236 -0.0206075
v 0.0256314 -0.0364969 -0.0218648
v 0.0134869 -0.0373049 -0.0249361
v 0.0256314 -0.0382906 -0.0207218
v 0.0134869 -0.0393388 -0.0249609
v 0.0256314 -0.0317721 -0.0334888
v 0.0134869 -0.0370103 -0.0260095
v 0.0256314 -0.038372 -0.0207964
v 0.0134869 -0.0393885 -0.0249858
v 0.0254019 -0.0317721 -0.0338615
v 0.0256314 -0.0317721 -0.0442331
v 0.0239871 -0.0317721 -0.0365302
v 0.0237945 -0.0317721 -0.0369476
v 0.0236233 -0.0317721 -0.0373502
v 0.0232381 -0.0317721 -0.0383043
v 0.0227554 -0.0317721 -0.0395666
v 0.0134869 -0.0335722 -0.05128
v 0.0256314 -0.0386192 -0.0210846
v 0.0134869 -0.0398064 -0.0259548
v 0.0256314 -0.0389636 -0.021681
v 0.0254423 -0.0388609 -0.0215021
v 0.0256314 -0.0379107 -0.0263574
v 0.0249501 -0.0317721 -0.066989
v 0.0225046 -0.0317721 -0.0403369
v 0.0134869 -0.0317721 -0.0687432
v 0.0134869 -0.0398245 -0.0260095
v 0.0256314 -0.0390726 -0.0219394
v 0.0256314 -0.0384541 -0.0247273
v 0.024792 -0.0319482 -0.066989
v 0.0239491 -0.0324822 -0.0679431
v 0.0242344 -0.0317721 -0.0682711
v 0.0256314 -0.0388846 -0.0233557
v 0.0256314 -0.0389249 -0.0231867
v 0.0134869 -0.0317721 -0.0713722
v 0.0147875 -0.0397811 -0.0260095
v 0.0134869 -0.0398411 -0.0273066
v 0.0256314 -0.0390765 -0.0220586
v 0.0161547 -0.0397242 -0.0260095
v 0.0241084 -0.0326401 -0.066989
v 0.0225628 -0.0337933 -0.0679034
v 0.0229587 -0.0328597 -0.0683804
v 0.0233534 -0.0319103 -0.0688526
v 0.0236958 -0.0317721 -0.0686935
v 0.0233927 -0.0333226 -0.066989
v 0.0256314 -0.0390781 -0.0222326
v 0.021173 -0.0351084 -0.066989
v 0.0218555 -0.0345997 -0.066989
v 0.0227091 -0.0339165 -0.066989
v 0.0147875 -0.0317721 -0.0713722
v 0.0134869 -0.0328889 -0.0713722
v 0.0134869 -0.0390157 -0.066989
v 0.0175208 -0.0396452 -0.0260095
v 0.0210755 -0.0350381 -0.067799
v 0.0214881 -0.0341606 -0.0683059
v 0.0219006 -0.0332381 -0.0688128
v 0.0224428 -0.0323274 -0.069116
v 0.0232179 -0.0317721 -0.0690166
v 0.025302 -0.0390923 -0.0228538
v 0.013771 -0.0389217 -0.066989
v 0.0147875 -0.0385584 -0.066989
v 0.0168514 -0.0376769 -0.0676847
v 0.019511 -0.0362663 -0.066989
v 0.0202516 -0.0357545 -0.066989
v 0.0161547 -0.0317721 -0.0713573
v 0.0147875 -0.0328889 -0.0713722
v 0.0134869 -0.0342554 -0.0713026
v 0.0134869 -0.0383602 -0.0683854
v 0.0147875 -0.0380995 -0.0681767
v 0.0161547 -0.0378262 -0.0678735
v 0.0186027 -0.0365214 -0.0679382
v 0.0202516 -0.035328 -0.0680624
v 0.0202516 -0.0345579 -0.0687432
v 0.0209899 -0.0336164 -0.0690712
v 0.0215142 -0.032825 -0.0692949
v 0.0211136 -0.0317721 -0.0701645
v 0.0216189 -0.0317721 -0.0698962
v 0.0218899 -0.0317721 -0.0697521
v 0.0227638 -0.0317721 -0.069275
v 0.0162772 -0.0369795 -0.0686488
v 0.0173924 -0.0369811 -0.0681071
v 0.0175434 -0.0317721 -0.0712678
v 0.0161547 -0.0328889 -0.0712827
v 0.0147875 -0.0342554 -0.0711088
v 0.0134869 -0.0356234 -0.070751
v 0.0134869 -0.0383222 -0.0684252
v 0.0139648 -0.0376201 -0.0690017
v 0.0147875 -0.0374526 -0.0688625
v 0.0175208 -0.0361075 -0.0688923
v 0.019014 -0.0357063 -0.06846
v 0.0194254 -0.0348422 -0.0689768
v 0.0202516 -0.0338747 -0.0692452
v 0.0188868 -0.0333352 -0.070249
v 0.0197547 -0.0323471 -0.0705025
v 0.0206666 -0.0319814 -0.0702689
v 0.0204656 -0.0317721 -0.0704826
v 0.0168146 -0.0362916 -0.0690315
v 0.0188868 -0.0317721 -0.071064
v 0.0176551 -0.033024 -0.0708951
v 0.0161024 -0.0342877 -0.0707559
v 0.0147875 -0.0352253 -0.0706317
v 0.0134869 -0.0358429 -0.0705919
v 0.0134869 -0.0370806 -0.069598
v 0.0134869 -0.0370111 -0.0696576
v 0.0137449 -0.0361541 -0.0702838
v 0.0147875 -0.0367694 -0.0694141
v 0.0159039 -0.0365198 -0.0692054
v 0.0175208 -0.0354251 -0.0693942
v 0.0185147 -0.0351439 -0.0691806
v 0.0156114 -0.0350152 -0.0704677
v 0.0182008 -0.0335698 -0.0704081
v 0.0188868 -0.032652 -0.0706913
v 0.0200852 -0.0317721 -0.0706665
v 0.0172901 -0.0338541 -0.0706118
v 0.0147875 -0.0359069 -0.0700999
v 0.0134869 -0.0367694 -0.0698564
v 0.0165233 -0.0347648 -0.0702788
f 7483 7484 7485
f 7483 7485 7488
f 7483 7488 7492
f 7483 7492 7502
f 7483 7502 7504
f 7483 7504 7511
f 7483 7511 7521
f 7483 7521 7529
f 7483 7529 7517
f 7483 7517 7516
f 7483 7516 7512
f 7483 7512 7506
f 7483 7506 7495
f 7483 7495 7490
f 7483 7490 7486
f 7483 7486 7487
f 7483 7487 7484
f 7484 7488 7485
f 7484 7487 7491
f 7484 7491 7501
f 7484 7501 7509
f 7484 7509 7518
f 7484 7518 7534
f 7484 7534 7550
f 7484 7550 7568
f 7484 7568 7585
f 7484 7585 7599
f 7484 7599 7587
f 7484 7587 7586
f 7484 7586 7569
f 7484 7569 7551
f 7484 7551 7535
f 7484 7535 7520
f 7484 7520 7510
f 7484 7510 7503
f 7484 7503 7493
f 7484 7493 7489
f 7484 7489 7488
f 7486 7490 7487
f 7487 7490 7491
f 7488 7489 7493
f 7488 7493 7492
f 7490 7494 7491
f 7490 7495 7507
f 7490 7507 7515
f 7490 7515 7527
f 7490 7527 7541
f 7490 7541 7562
f 7490 7562 7561
f 7490 7561 7560
f 7490 7560 7559
f 7490 7559 7579
f 7490 7579 7596
f 7490 7596 7581
f 7490 7581 7565
f 7490 7565 7548
f 7490 7548 7533
f 7490 7533 7518
f 7490 7518 7509
f 7490 7509 7508
f 7490 7508 7500
f 7490 7500 7499
f 7490 7499 7498
f 7490 7498 7497
f 7490 7497 7496
f 7490 7496 7494
f 7491 7494 7496
f 7491 7496 7497
f 7491 7497 7498
f 7491 7498 7499
f 7491 7499 7500
f 7491 7500 7501
f 7492 7493 7502
f 7493 7503 7504
f 7493 7504 7505
f 7493 7505 7502
f 7495 7506 7507
f 7500 7508 7501
f 7501 7508 7509
f 7502 7505 7504
f 7503 7510 7511
f 7503 7511 7504
f 7506 7512 7507
f 7507 7513 7514
f 7507 7514 7515
f 7507 7512 7516
f 7507 7516 7517
f 7507 7517 7513
f 7510 7519 7511
f 7510 7520 7519
f 7511 7519 7522
f 7511 7522 7521
f 7513 7523 7514
f 7513 7517 7523
f 7514 7524 7525
f 7514 7525 7526
f 7514 7526 7527
f 7514 7527 7515
f 7514 7523 7528
f 7514 7528 7524
f 7517 7529 7530
f 7517 7530 7531
f 7517 7531 7532
f 7517 7532 7528
f 7517 7528 7523
f 7518 7533 7549
f 7518 7549 7534
f 7519 7520 7522
f 7520 7535 7522
f 7521 7522 7536
f 7521 7536 7529
f 7522 7535 7536
f 7524 7537 7538
f 7524 7538 7539
f 7524 7539 7525
f 7524 7528 7532
f 7524 7532 7537
f 7525 7539 7526
f 7526 7539 7540
f 7526 7540 7541
f 7526 7541 7527
f 7529 7542 7535
f 7529 7535 7543
f 7529 7543 7544
f 7529 7544 7545
f 7529 7545 7546
f 7529 7546 7547
f 7529 7547 7530
f 7529 7536 7542
f 7530 7547 7537
f 7530 7537 7531
f 7531 7537 7532
f 7533 7548 7549
f 7534 7549 7550
f 7535 7551 7552
f 7535 7552 7553
f 7535 7553 7545
f 7535 7545 7543
f 7535 7542 7536
f 7537 7554 7555
f 7537 7555 7556
f 7537 7556 7538
f 7537 7547 7546
f 7537 7546 7554
f 7538 7556 7557
f 7538 7557 7539
f 7539 7557 7540
f 7540 7557 7558
f 7540 7558 7559
f 7540 7559 7560
f 7540 7560 7561
f 7540 7561 7562
f 7540 7562 7541
f 7543 7545 7544
f 7545 7553 7563
f 7545 7563 7564
f 7545 7564 7554
f 7545 7554 7546
f 7548 7565 7549
f 7549 7565 7566
f 7549 7566 7550
f 7550 7566 7567
f 7550 7567 7568
f 7551 7569 7570
f 7551 7570 7552
f 7552 7570 7571
f 7552 7571 7553
f 7553 7571 7563
f 7554 7564 7572
f 7554 7572 7573
f 7554 7573 7555
f 7555 7573 7556
f 7556 7573 7574
f 7556 7574 7557
f 7557 7574 7575
f 7557 7575 7576
f 7557 7576 7577
f 7557 7577 7578
f 7557 7578 7558
f 7558 7578 7559
f 7559 7578 7579
f 7563 7571 7580
f 7563 7580 7572
f 7563 7572 7564
f 7565 7581 7566
f 7566 7581 7567
f 7567 7581 7582
f 7567 7582 7583
f 7567 7583 7584
f 7567 7584 7568
f 7568 7584 7585
f 7569 7586 7570
f 7570 7586 7587
f 7570 7587 7588
f 7570 7588 7571
f 7571 7588 7589
f 7571 7589 7590
f 7571 7590 7580
f 7572 7591 7592
f 7572 7592 7574
f 7572 7574 7573
f 7572 7580 7593
f 7572 7593 7591
f 7574 7592 7594
f 7574 7594 7576
f 7574 7576 7575
f 7576 7594 7577
f 7577 7595 7596
f 7577 7596 7578
f 7577 7594 7595
f 7578 7596 7579
f 7580 7590 7584
f 7580 7584 7593
f 7581 7596 7595
f 7581 7595 7582
f 7582 7595 7597
f 7582 7597 7583
f 7583 7597 7584
f 7584 7597 7593
f 7584 7590 7598
f 7584 7598 7588
f 7584 7588 7585
f 7585 7588 7599
f 7587 7599 7588
f 7588 7598 7590
f 7588 7590 7589
f 7591 7593 7600
f 7591 7600 7597
f 7591 7597 7592
f 7592 7597 7594
f 7593 7597 7600
f 7594 7597 7595
o convex_21
v 0.0297601 -0.0251644 -0.0364627
v 0.0326992 -0.0251644 -0.0364627
v 0.030021 -0.0251644 -0.035642
v 0.033797 -0.0119495 -0.0320932
v 0.0331551 -0.0119495 -0.0364627
v 0.0331446 -0.0251644 -0.0352639
v 0.0329166 -0.0247064 -0.0364627
v 0.0305349 -0.0251644 -0.0341604
v 0.0369032 -0.0119495 -0.0320932
v 0.0308209 -0.0251644 -0.0333379
v 0.0310181 -0.0251644 -0.0327968
v 0.0312775 -0.0251644 -0.0320932
v 0.0356438 -0.0119495 -0.0364627
v 0.0333418 -0.0251644 -0.0346719
v 0.0332201 -0.0239716 -0.0364627
v 0.0368731 -0.0123376 -0.0320932
v 0.0356165 -0.0124281 -0.0364627
v 0.0341935 -0.0251644 -0.0320932
v 0.0343418 -0.0248086 -0.0320932
v 0.0343159 -0.0248707 -0.0320932
v 0.034611 -0.0240415 -0.032192
v 0.0346271 -0.0240841 -0.0320932
v 0.0333705 -0.0235731 -0.0364627
v 0.0367878 -0.0131383 -0.0320932
v 0.0354942 -0.0137606 -0.0364627
v 0.0334782 -0.0232769 -0.0364627
v 0.0337684 -0.0224308 -0.0364627
v 0.0339229 -0.0219573 -0.0364627
v 0.0348788 -0.0232601 -0.0320932
v 0.03672 -0.0137606 -0.0320932
v 0.0365613 -0.015128 -0.0320932
v 0.0363759 -0.0164851 -0.0320932
v 0.0352389 -0.0156002 -0.0364627
v 0.0350417 -0.0227012 -0.0320932
v 0.0341809 -0.0210647 -0.0364627
v 0.0361704 -0.0178603 -0.0320932
v 0.0349019 -0.0178667 -0.0364627
v 0.0352564 -0.0219573 -0.0320932
v 0.0343012 -0.0206378 -0.0364627
v 0.0360179 -0.0187788 -0.0320932
v 0.035992 -0.0186792 -0.0322502
v 0.0347033 -0.0189715 -0.0364627
v 0.0354249 -0.0213351 -0.0320932
v 0.035613 -0.0206145 -0.0320932
v 0.034548 -0.0196611 -0.0364627
v 0.0358676 -0.0195084 -0.0320932
v 0.0346313 -0.0193169 -0.0364627
f 7601 7602 7606
f 7601 7606 7614
f 7601 7614 7618
f 7601 7618 7612
f 7601 7612 7611
f 7601 7611 7610
f 7601 7610 7608
f 7601 7608 7603
f 7601 7603 7604
f 7601 7604 7605
f 7601 7605 7613
f 7601 7613 7617
f 7601 7617 7625
f 7601 7625 7633
f 7601 7633 7637
f 7601 7637 7642
f 7601 7642 7647
f 7601 7647 7645
f 7601 7645 7639
f 7601 7639 7635
f 7601 7635 7628
f 7601 7628 7627
f 7601 7627 7626
f 7601 7626 7623
f 7601 7623 7615
f 7601 7615 7607
f 7601 7607 7602
f 7602 7607 7606
f 7603 7608 7604
f 7604 7609 7613
f 7604 7613 7605
f 7604 7608 7610
f 7604 7610 7611
f 7604 7611 7612
f 7604 7612 7618
f 7604 7618 7620
f 7604 7620 7619
f 7604 7619 7622
f 7604 7622 7629
f 7604 7629 7634
f 7604 7634 7638
f 7604 7638 7643
f 7604 7643 7644
f 7604 7644 7646
f 7604 7646 7640
f 7604 7640 7636
f 7604 7636 7632
f 7604 7632 7631
f 7604 7631 7630
f 7604 7630 7624
f 7604 7624 7616
f 7604 7616 7609
f 7606 7607 7615
f 7606 7615 7614
f 7609 7616 7617
f 7609 7617 7613
f 7614 7615 7619
f 7614 7619 7620
f 7614 7620 7618
f 7615 7621 7622
f 7615 7622 7619
f 7615 7623 7621
f 7616 7624 7625
f 7616 7625 7617
f 7621 7623 7626
f 7621 7626 7627
f 7621 7627 7628
f 7621 7628 7629
f 7621 7629 7622
f 7624 7630 7625
f 7625 7630 7631
f 7625 7631 7632
f 7625 7632 7633
f 7628 7634 7629
f 7628 7635 7634
f 7632 7636 7637
f 7632 7637 7633
f 7634 7635 7638
f 7635 7639 7638
f 7636 7640 7641
f 7636 7641 7637
f 7637 7641 7642
f 7638 7639 7643
f 7639 7644 7643
f 7639 7645 7644
f 7640 7646 7642
f 7640 7642 7641
f 7642 7646 7647
f 7644 7645 7647
f 7644 7647 7646
o convex_22
v -0.0030444 -0.0380251 -0.0443478
v -0.0215604 -0.0317721 -0.0443478
v -0.0030444 -0.0405431 -0.0443478
v -0.0030444 -0.0335722 -0.0512861
v -0.0246189 -0.0317721 -0.0443478
v -0.0030444 -0.0334957 -0.0519333
v -0.0030444 -0.0317721 -0.0682309
v -0.0035091 -0.0405092 -0.0443478
v -0.00583891 -0.0404527 -0.0545861
v -0.00570795 -0.0404901 -0.0574307
v -0.00570795 -0.0405031 -0.0587943
v -0.00434132 -0.0405423 -0.0533316
v -0.00434132 -0.0405892 -0.0587943
v -0.0030444 -0.0406066 -0.0520345
v -0.0246189 -0.0326335 -0.0443478
v -0.0246189 -0.0317721 -0.0678874
v -0.0030444 -0.0317721 -0.0715576
v -0.00423782 -0.0404545 -0.0443478
v -0.00644724 -0.040411 -0.0549643
v -0.00663734 -0.0404293 -0.0628934
v -0.00570795 -0.0405084 -0.0601607
v -0.00434132 -0.0405953 -0.0601607
v -0.00648948 -0.0404154 -0.0560643
v -0.0030444 -0.0406135 -0.0533316
v -0.0237719 -0.0332958 -0.0443478
v -0.0246189 -0.032158 -0.0656261
v -0.0243697 -0.0324266 -0.0656261
v -0.0236515 -0.0331098 -0.0656261
v -0.0229693 -0.0337321 -0.0656261
v -0.0221138 -0.0344153 -0.0656261
v -0.0245851 -0.0317721 -0.0679806
v -0.0246189 -0.0320303 -0.0674372
v -0.0030444 -0.0369864 -0.0713445
v -0.00305285 -0.0317721 -0.0715576
v -0.00492219 -0.0403919 -0.0443478
v -0.00525804 -0.0403519 -0.0443478
v -0.00638176 -0.0404015 -0.0540534
v -0.0084412 -0.0401833 -0.0574307
v -0.0084412 -0.0401981 -0.0587943
v -0.0073196 -0.0403554 -0.0628934
v -0.00734494 -0.040358 -0.0642597
v -0.00666057 -0.040431 -0.0642597
v -0.00570795 -0.0405084 -0.0628934
v -0.00434132 -0.0405953 -0.0642597
v -0.0030444 -0.0406518 -0.0656261
v -0.0030444 -0.04065 -0.0642597
v -0.00726468 -0.0403493 -0.0601607
v -0.0234804 -0.0335096 -0.0443478
v -0.0214315 -0.0349481 -0.0656261
v -0.0214421 -0.0349568 -0.0628934
v -0.0246189 -0.0321354 -0.0664704
v -0.0243507 -0.0324101 -0.0669924
v -0.0236346 -0.0330933 -0.0669924
v -0.0229502 -0.0337174 -0.0669924
v -0.0214252 -0.0349429 -0.0664198
v -0.0242725 -0.0323301 -0.0678074
v -0.0235797 -0.0317721 -0.0687556
v -0.0246189 -0.0321207 -0.0669924
v -0.0030444 -0.038125 -0.0708837
v -0.00434132 -0.0369864 -0.0713099
v -0.0084412 -0.0356209 -0.0713738
v -0.0163854 -0.0317721 -0.0713711
v -0.012539 -0.0342554 -0.0713605
v -0.00628882 -0.0402085 -0.0443478
v -0.00980571 -0.0399564 -0.0574307
v -0.00980571 -0.0399755 -0.0587943
v -0.00707457 -0.0401129 -0.0451362
v -0.0084412 -0.0400903 -0.0533316
v -0.0084412 -0.0402024 -0.0601607
v -0.00734283 -0.040358 -0.0656261
v -0.0084412 -0.0402033 -0.061527
v -0.0084412 -0.0402033 -0.0628934
v -0.00665846 -0.0404301 -0.0656261
v -0.00570795 -0.0405075 -0.0642597
v -0.00434132 -0.0405927 -0.0656261
v -0.0030444 -0.0406318 -0.0669924
v -0.0230875 -0.0337852 -0.0443478
v -0.0214442 -0.0349577 -0.061527
v -0.0207345 -0.035461 -0.061527
v -0.0207345 -0.0354471 -0.0656261
v -0.0207345 -0.0354592 -0.0628934
v -0.0228827 -0.0336591 -0.0677782
v -0.0219681 -0.034497 -0.0669205
v -0.0213935 -0.0349203 -0.0673307
v -0.020857 -0.0353262 -0.0669205
v -0.0233896 -0.0328273 -0.0680818
v -0.0234002 -0.0317721 -0.0688835
v -0.022758 -0.0321815 -0.0690273
v -0.0030444 -0.0381815 -0.0708598
v -0.00434132 -0.038125 -0.0708278
v -0.00570795 -0.0369864 -0.0712406
v -0.00980571 -0.0356209 -0.0713285
v -0.0152701 -0.032889 -0.0713525
v -0.017752 -0.0317721 -0.0712886
v -0.0139035 -0.0342554 -0.0712539
v -0.00707457 -0.040092 -0.0443478
v -0.0084412 -0.0398356 -0.0443478
v -0.00980571 -0.0398765 -0.054698
v -0.0111723 -0.0395948 -0.054698
v -0.0111723 -0.039634 -0.0560643
v -0.0111723 -0.0396661 -0.0574307
v -0.0111723 -0.0396852 -0.0587943
v -0.0111723 -0.0396913 -0.0601607
v -0.00980571 -0.039979 -0.0601607
v -0.0084412 -0.0401998 -0.0656261
v -0.0084412 -0.0401746 -0.0669924
v -0.00724567 -0.0403458 -0.0669924
v -0.00656341 -0.0404206 -0.0669924
v -0.0084412 -0.0402024 -0.0642597
v -0.00570795 -0.040504 -0.0656261
v -0.00434132 -0.0405718 -0.0669924
v -0.00644935 -0.0404084 -0.0676876
v -0.0030444 -0.0406274 -0.067035
v -0.0220356 -0.0345222 -0.0443478
v -0.0197608 -0.0361242 -0.061527
v -0.0197608 -0.0361242 -0.0601607
v -0.0207345 -0.0354575 -0.0601607
v -0.0197608 -0.0361233 -0.0628934
v -0.0197291 -0.0361024 -0.0669924
v -0.0197544 -0.0361207 -0.0656261
v -0.0197586 -0.0361224 -0.0642597
v -0.0222215 -0.0329785 -0.0687929
v -0.0213133 -0.033494 -0.0689927
v -0.0221011 -0.0339651 -0.0680578
v -0.0204831 -0.0352471 -0.0679886
v -0.0189095 -0.0364318 -0.0678421
v -0.0229735 -0.0317721 -0.0691498
v -0.0223525 -0.0317721 -0.0694961
v -0.0220758 -0.0317721 -0.0696479
v -0.0218455 -0.0325831 -0.0692777
v -0.0030444 -0.0388308 -0.0702259
v -0.00434132 -0.0388082 -0.0701326
v -0.00570795 -0.0380286 -0.0707559
v -0.00707457 -0.0369864 -0.0711314
v -0.0111723 -0.0356209 -0.0711927
v -0.0166346 -0.032889 -0.0712087
v -0.0191355 -0.0317721 -0.0710036
v -0.0152701 -0.0342554 -0.0710142
v -0.00901996 -0.039707 -0.0443478
v -0.00980571 -0.0396687 -0.0478662
v -0.0111787 -0.0391889 -0.0443478
v -0.0115758 -0.0390881 -0.0443478
v -0.012465 -0.0392011 -0.0533316
v -0.012539 -0.0393063 -0.0574307
v -0.012539 -0.0393237 -0.0587943
v -0.012539 -0.0393254 -0.0628934
v -0.012539 -0.0393237 -0.0642597
v -0.0111723 -0.0396835 -0.0642597
v -0.00980571 -0.0399773 -0.061527
v -0.00980571 -0.0399695 -0.0656261
v -0.00980571 -0.0399434 -0.0669924
v -0.00570795 -0.0404832 -0.0669924
v -0.0132761 -0.0390533 -0.0677036
v -0.012539 -0.0391542 -0.0678527
v -0.0111723 -0.0393332 -0.0680951
v -0.00980571 -0.0394775 -0.0682709
v -0.00697108 -0.0399712 -0.0682283
v -0.00570795 -0.0399834 -0.06842
v -0.00434132 -0.0400451 -0.0684999
v -0.00570795 -0.0404336 -0.0677355
v -0.00434132 -0.0404771 -0.0678181
v -0.0030444 -0.0405075 -0.067874
v -0.0215076 -0.0348803 -0.0443478
v -0.0190743 -0.0365388 -0.0587943
v -0.0197565 -0.0361189 -0.0587943
v -0.0190764 -0.0365335 -0.0628934
v -0.0190764 -0.0365353 -0.061527
v -0.0190468 -0.0365101 -0.0669924
v -0.0190722 -0.0365266 -0.0656261
v -0.0209901 -0.0318416 -0.0701886
v -0.0200797 -0.0322276 -0.070423
v -0.0204029 -0.0338199 -0.0692084
v -0.0197523 -0.0347308 -0.0688995
v -0.0208993 -0.0343701 -0.068492
v -0.019332 -0.0356 -0.0683721
v -0.0180012 -0.0359825 -0.0687823
v -0.0180012 -0.0366813 -0.0681004
v -0.0162523 -0.0378087 -0.0678581
v -0.017112 -0.0375661 -0.0669924
v -0.0180012 -0.0370898 -0.0669924
v -0.0212689 -0.0317721 -0.070082
v -0.0210302 -0.0317721 -0.0702099
v -0.0030444 -0.0388647 -0.0701912
v -0.00434132 -0.0393628 -0.0694508
v -0.00570795 -0.0393002 -0.0693576
v -0.00570795 -0.0387117 -0.0700421
v -0.00980571 -0.0368856 -0.0708438
v -0.00707457 -0.0379043 -0.0706467
v -0.0111723 -0.0366631 -0.0707079
v -0.0126699 -0.0357556 -0.0708678
v -0.0139035 -0.0354566 -0.0707692
v -0.0180329 -0.0329568 -0.0708171
v -0.0193679 -0.0317721 -0.0709263
v -0.0152701 -0.0351281 -0.0705508
v -0.0165142 -0.0342311 -0.070668
v -0.00980571 -0.0395253 -0.0443478
v -0.0104309 -0.0393723 -0.0443478
v -0.0118102 -0.0390238 -0.0443478
v -0.0131473 -0.0390151 -0.0533316
v -0.0133226 -0.0390681 -0.0574307
v -0.0133501 -0.0390768 -0.0587943
v -0.0133649 -0.0390829 -0.0628934
v -0.0133691 -0.0390846 -0.0642597
v -0.013367 -0.0390829 -0.0656261
v -0.012539 -0.0393184 -0.0656261
v -0.0111723 -0.03968 -0.0656261
v -0.0111723 -0.0396548 -0.0669924
v -0.0152701 -0.0380103 -0.0680924
v -0.0138042 -0.0383197 -0.0683321
v -0.012539 -0.0385675 -0.0685346
v -0.012539 -0.0392941 -0.0669924
v -0.0133332 -0.0390716 -0.0669924
v -0.0140133 -0.0388413 -0.0669924
v -0.0152701 -0.0383788 -0.0669924
v -0.0111723 -0.0387761 -0.0687769
v -0.00980571 -0.038949 -0.0689554
v -0.0085447 -0.0395331 -0.0684893
v -0.00816027 -0.0391211 -0.0691365
v -0.00707457 -0.0392141 -0.0692404
v -0.0030444 -0.0400486 -0.0686038
v -0.0030444 -0.0400825 -0.0685559
v -0.0030444 -0.0393993 -0.0695094
v -0.0030444 -0.0404866 -0.0679087
v -0.021328 -0.0349942 -0.0443478
v -0.0180012 -0.0371315 -0.0628934
v -0.0180012 -0.0371289 -0.0587943
v -0.0180012 -0.0371124 -0.0574307
v -0.0195516 -0.0360381 -0.0443478
v -0.0208127 -0.0353158 -0.0443478
v -0.0180012 -0.0371298 -0.0642597
v -0.0180012 -0.0371237 -0.0656261
v -0.0209267 -0.0317721 -0.0702631
v -0.0203902 -0.0317721 -0.0705348
v -0.020217 -0.0317721 -0.0706094
v -0.0193679 -0.0324779 -0.0705934
v -0.0193256 -0.0342676 -0.0694108
v -0.0188419 -0.035042 -0.0691152
v -0.0171732 -0.0362259 -0.0689847
v -0.0167128 -0.0370229 -0.0684227
v -0.0152701 -0.0373654 -0.0687743
v -0.0164276 -0.0378904 -0.0669924
v -0.0171416 -0.0375844 -0.0656261
v -0.00707457 -0.0385874 -0.0699249
v -0.00820674 -0.0377843 -0.0705242
v -0.00911712 -0.0376687 -0.070407
v -0.00980571 -0.0375679 -0.0703164
v -0.0111723 -0.0373462 -0.0701193
v -0.0123024 -0.0364614 -0.0705481
v -0.0132149 -0.0363006 -0.070407
v -0.0175978 -0.03376 -0.0705375
v -0.0152701 -0.0358104 -0.0700314
v -0.0159777 -0.0349525 -0.0704203
v -0.0124862 -0.0388169 -0.0443478
v -0.013048 -0.0389847 -0.0519653
v -0.0139035 -0.0383806 -0.0443478
v -0.0153335 -0.0378938 -0.0443478
v -0.0152701 -0.038331 -0.0560643
v -0.0140028 -0.0388421 -0.0574307
v -0.0140302 -0.0388552 -0.0587943
v -0.0140513 -0.0388578 -0.0642597
v -0.0140471 -0.0388569 -0.0656261
v -0.014328 -0.0375679 -0.0689581
v -0.0134198 -0.0377435 -0.0691072
v -0.0152701 -0.0384058 -0.0656261
v -0.0111723 -0.0380929 -0.0694375
v -0.0171416 -0.0375861 -0.0642597
v -0.0171162 -0.0375757 -0.0574307
v -0.0171373 -0.0375844 -0.0628934
v -0.0188673 -0.0364023 -0.0443478
v -0.0185103 -0.0334575 -0.0703271
v -0.0168881 -0.0346709 -0.0702259
v -0.0180012 -0.0352993 -0.069299
v -0.0162608 -0.0364553 -0.0691631
v -0.0152701 -0.0366822 -0.0693469
v -0.0164572 -0.0379008 -0.0656261
v -0.0165607 -0.0374384 -0.0443478
v -0.0152701 -0.0383771 -0.0574307
v -0.0152701 -0.0383919 -0.0587943
v -0.0152701 -0.0384032 -0.0628934
v -0.0152701 -0.0384049 -0.0642597
v -0.0164593 -0.0378999 -0.0642597
v -0.0164318 -0.0378877 -0.0574307
v -0.0163959 -0.0378791 -0.0560643
v -0.0180012 -0.0368299 -0.0443478
v -0.0164551 -0.0378982 -0.0628934
f 7648 7649 7652
f 7648 7652 7662
f 7648 7662 7672
f 7648 7672 7695
f 7648 7695 7724
f 7648 7724 7761
f 7648 7761 7810
f 7648 7810 7871
f 7648 7871 7876
f 7648 7876 7875
f 7648 7875 7916
f 7648 7916 7931
f 7648 7931 7923
f 7648 7923 7903
f 7648 7903 7902
f 7648 7902 7900
f 7648 7900 7845
f 7648 7845 7789
f 7648 7789 7788
f 7648 7788 7844
f 7648 7844 7843
f 7648 7843 7786
f 7648 7786 7744
f 7648 7744 7743
f 7648 7743 7711
f 7648 7711 7683
f 7648 7683 7682
f 7648 7682 7665
f 7648 7665 7655
f 7648 7655 7650
f 7648 7650 7661
f 7648 7661 7671
f 7648 7671 7693
f 7648 7693 7692
f 7648 7692 7723
f 7648 7723 7760
f 7648 7760 7809
f 7648 7809 7870
f 7648 7870 7868
f 7648 7868 7867
f 7648 7867 7869
f 7648 7869 7830
f 7648 7830 7778
f 7648 7778 7736
f 7648 7736 7706
f 7648 7706 7680
f 7648 7680 7664
f 7648 7664 7654
f 7648 7654 7653
f 7648 7653 7651
f 7648 7651 7649
f 7649 7651 7653
f 7649 7653 7654
f 7649 7654 7664
f 7649 7664 7681
f 7649 7681 7709
f 7649 7709 7741
f 7649 7741 7784
f 7649 7784 7840
f 7649 7840 7881
f 7649 7881 7880
f 7649 7880 7879
f 7649 7879 7829
f 7649 7829 7828
f 7649 7828 7776
f 7649 7776 7775
f 7649 7775 7774
f 7649 7774 7734
f 7649 7734 7704
f 7649 7704 7678
f 7649 7678 7663
f 7649 7663 7652
f 7650 7655 7656
f 7650 7656 7657
f 7650 7657 7658
f 7650 7658 7659
f 7650 7659 7660
f 7650 7660 7661
f 7652 7663 7679
f 7652 7679 7705
f 7652 7705 7698
f 7652 7698 7673
f 7652 7673 7662
f 7655 7665 7656
f 7656 7666 7657
f 7656 7665 7666
f 7657 7666 7658
f 7658 7667 7668
f 7658 7668 7669
f 7658 7669 7660
f 7658 7660 7659
f 7658 7666 7670
f 7658 7670 7667
f 7660 7669 7671
f 7660 7671 7661
f 7662 7673 7674
f 7662 7674 7675
f 7662 7675 7676
f 7662 7676 7677
f 7662 7677 7672
f 7663 7678 7679
f 7664 7680 7681
f 7665 7682 7666
f 7666 7682 7683
f 7666 7683 7684
f 7666 7684 7685
f 7666 7685 7686
f 7666 7686 7670
f 7667 7687 7688
f 7667 7688 7689
f 7667 7689 7668
f 7667 7670 7687
f 7668 7689 7690
f 7668 7690 7691
f 7668 7691 7669
f 7669 7691 7692
f 7669 7692 7693
f 7669 7693 7671
f 7670 7686 7694
f 7670 7694 7687
f 7672 7677 7696
f 7672 7696 7697
f 7672 7697 7695
f 7673 7698 7674
f 7674 7698 7699
f 7674 7699 7700
f 7674 7700 7675
f 7675 7700 7676
f 7676 7700 7701
f 7676 7701 7677
f 7677 7701 7702
f 7677 7702 7696
f 7678 7703 7679
f 7678 7704 7703
f 7679 7703 7705
f 7680 7706 7707
f 7680 7707 7708
f 7680 7708 7681
f 7681 7708 7710
f 7681 7710 7709
f 7683 7711 7684
f 7684 7711 7685
f 7685 7712 7713
f 7685 7713 7686
f 7685 7711 7714
f 7685 7714 7715
f 7685 7715 7712
f 7686 7713 7716
f 7686 7716 7688
f 7686 7688 7687
f 7686 7687 7694
f 7688 7717 7689
f 7688 7716 7718
f 7688 7718 7719
f 7688 7719 7717
f 7689 7717 7720
f 7689 7720 7721
f 7689 7721 7690
f 7690 7721 7691
f 7691 7721 7722
f 7691 7722 7692
f 7692 7722 7723
f 7695 7697 7725
f 7695 7725 7726
f 7695 7726 7724
f 7696 7727 7697
f 7696 7702 7727
f 7697 7727 7728
f 7697 7728 7725
f 7698 7705 7699
f 7699 7705 7703
f 7699 7703 7700
f 7700 7703 7729
f 7700 7729 7701
f 7701 7730 7702
f 7701 7729 7731
f 7701 7731 7730
f 7702 7730 7731
f 7702 7731 7732
f 7702 7732 7727
f 7703 7704 7733
f 7703 7733 7729
f 7704 7734 7735
f 7704 7735 7733
f 7706 7736 7737
f 7706 7737 7707
f 7707 7738 7739
f 7707 7739 7708
f 7707 7737 7738
f 7708 7739 7710
f 7709 7710 7740
f 7709 7740 7741
f 7710 7739 7742
f 7710 7742 7740
f 7711 7743 7714
f 7712 7715 7743
f 7712 7743 7744
f 7712 7744 7745
f 7712 7745 7746
f 7712 7746 7747
f 7712 7747 7748
f 7712 7748 7749
f 7712 7749 7713
f 7713 7749 7750
f 7713 7750 7751
f 7713 7751 7716
f 7714 7743 7715
f 7716 7751 7718
f 7717 7752 7753
f 7717 7753 7754
f 7717 7754 7755
f 7717 7755 7720
f 7717 7719 7756
f 7717 7756 7752
f 7718 7751 7719
f 7719 7751 7756
f 7720 7755 7757
f 7720 7757 7721
f 7721 7757 7722
f 7722 7757 7799
f 7722 7799 7758
f 7722 7758 7723
f 7723 7758 7759
f 7723 7759 7760
f 7724 7726 7761
f 7725 7728 7726
f 7726 7762 7763
f 7726 7763 7764
f 7726 7764 7761
f 7726 7728 7765
f 7726 7765 7762
f 7727 7732 7766
f 7727 7766 7767
f 7727 7767 7728
f 7728 7768 7765
f 7728 7767 7768
f 7729 7733 7769
f 7729 7769 7770
f 7729 7770 7771
f 7729 7771 7772
f 7729 7772 7773
f 7729 7773 7731
f 7731 7773 7766
f 7731 7766 7732
f 7733 7735 7769
f 7734 7774 7735
f 7735 7774 7775
f 7735 7775 7776
f 7735 7776 7777
f 7735 7777 7770
f 7735 7770 7769
f 7736 7778 7737
f 7737 7778 7779
f 7737 7779 7780
f 7737 7780 7781
f 7737 7781 7738
f 7738 7781 7739
f 7739 7781 7782
f 7739 7782 7742
f 7740 7742 7783
f 7740 7783 7741
f 7741 7783 7784
f 7742 7782 7785
f 7742 7785 7783
f 7744 7786 7787
f 7744 7787 7745
f 7745 7787 7746
f 7746 7787 7788
f 7746 7788 7789
f 7746 7789 7790
f 7746 7790 7791
f 7746 7791 7747
f 7747 7791 7748
f 7748 7791 7749
f 7749 7792 7750
f 7749 7791 7792
f 7750 7792 7793
f 7750 7793 7794
f 7750 7794 7795
f 7750 7795 7797
f 7750 7797 7796
f 7750 7796 7751
f 7751 7796 7756
f 7752 7797 7753
f 7752 7756 7796
f 7752 7796 7797
f 7753 7798 7759
f 7753 7759 7754
f 7753 7797 7798
f 7754 7759 7755
f 7755 7759 7799
f 7755 7799 7757
f 7758 7799 7759
f 7759 7800 7801
f 7759 7801 7802
f 7759 7802 7803
f 7759 7803 7804
f 7759 7804 7805
f 7759 7805 7806
f 7759 7806 7807
f 7759 7807 7760
f 7759 7798 7800
f 7760 7807 7808
f 7760 7808 7809
f 7761 7764 7763
f 7761 7763 7810
f 7762 7765 7811
f 7762 7811 7763
f 7763 7811 7812
f 7763 7812 7810
f 7765 7768 7813
f 7765 7813 7814
f 7765 7814 7811
f 7766 7815 7767
f 7766 7773 7815
f 7767 7816 7813
f 7767 7813 7768
f 7767 7815 7816
f 7770 7777 7817
f 7770 7817 7818
f 7770 7818 7819
f 7770 7819 7820
f 7770 7820 7821
f 7770 7821 7771
f 7771 7821 7772
f 7772 7821 7820
f 7772 7820 7822
f 7772 7822 7773
f 7773 7822 7823
f 7773 7823 7824
f 7773 7824 7825
f 7773 7825 7826
f 7773 7826 7827
f 7773 7827 7815
f 7776 7828 7777
f 7777 7828 7829
f 7777 7829 7817
f 7778 7830 7779
f 7779 7830 7831
f 7779 7831 7832
f 7779 7832 7833
f 7779 7833 7780
f 7780 7834 7781
f 7780 7833 7835
f 7780 7835 7834
f 7781 7834 7782
f 7782 7834 7836
f 7782 7836 7837
f 7782 7837 7838
f 7782 7838 7785
f 7783 7785 7839
f 7783 7839 7784
f 7784 7839 7840
f 7785 7838 7841
f 7785 7841 7842
f 7785 7842 7839
f 7786 7843 7787
f 7787 7843 7844
f 7787 7844 7788
f 7789 7845 7846
f 7789 7846 7790
f 7790 7846 7791
f 7791 7846 7847
f 7791 7847 7792
f 7792 7847 7848
f 7792 7848 7849
f 7792 7849 7850
f 7792 7850 7793
f 7793 7850 7794
f 7794 7850 7851
f 7794 7851 7852
f 7794 7852 7853
f 7794 7853 7795
f 7795 7853 7797
f 7797 7853 7854
f 7797 7854 7798
f 7798 7854 7800
f 7800 7825 7855
f 7800 7855 7856
f 7800 7856 7857
f 7800 7857 7801
f 7800 7854 7858
f 7800 7858 7859
f 7800 7859 7860
f 7800 7860 7861
f 7800 7861 7825
f 7801 7857 7862
f 7801 7862 7802
f 7802 7862 7863
f 7802 7863 7803
f 7803 7864 7804
f 7803 7863 7865
f 7803 7865 7864
f 7804 7864 7865
f 7804 7865 7866
f 7804 7866 7832
f 7804 7832 7805
f 7805 7832 7831
f 7805 7831 7806
f 7806 7867 7868
f 7806 7868 7808
f 7806 7808 7807
f 7806 7831 7869
f 7806 7869 7867
f 7808 7870 7809
f 7808 7868 7870
f 7810 7812 7871
f 7811 7814 7872
f 7811 7872 7873
f 7811 7873 7874
f 7811 7874 7875
f 7811 7875 7876
f 7811 7876 7812
f 7812 7876 7871
f 7813 7877 7872
f 7813 7872 7814
f 7813 7816 7877
f 7815 7827 7878
f 7815 7878 7816
f 7816 7878 7877
f 7817 7829 7879
f 7817 7879 7818
f 7818 7879 7880
f 7818 7880 7881
f 7818 7881 7882
f 7818 7882 7819
f 7819 7883 7820
f 7819 7882 7883
f 7820 7883 7884
f 7820 7884 7823
f 7820 7823 7822
f 7823 7884 7885
f 7823 7885 7824
f 7824 7886 7825
f 7824 7885 7886
f 7825 7886 7887
f 7825 7887 7855
f 7825 7861 7888
f 7825 7888 7826
f 7826 7888 7889
f 7826 7889 7827
f 7827 7889 7878
f 7830 7869 7831
f 7832 7866 7833
f 7833 7890 7835
f 7833 7866 7890
f 7834 7835 7891
f 7834 7891 7836
f 7835 7890 7865
f 7835 7865 7891
f 7836 7838 7837
f 7836 7891 7892
f 7836 7892 7893
f 7836 7893 7894
f 7836 7894 7895
f 7836 7895 7838
f 7838 7895 7896
f 7838 7896 7841
f 7839 7842 7897
f 7839 7897 7882
f 7839 7882 7840
f 7840 7882 7881
f 7841 7896 7898
f 7841 7898 7899
f 7841 7899 7842
f 7842 7899 7897
f 7845 7900 7901
f 7845 7901 7846
f 7846 7901 7902
f 7846 7902 7903
f 7846 7903 7904
f 7846 7904 7905
f 7846 7905 7847
f 7847 7905 7906
f 7847 7906 7848
f 7848 7906 7849
f 7849 7906 7850
f 7850 7906 7907
f 7850 7907 7908
f 7850 7908 7851
f 7851 7908 7859
f 7851 7859 7852
f 7852 7859 7858
f 7852 7858 7853
f 7853 7858 7854
f 7855 7887 7909
f 7855 7909 7856
f 7856 7909 7910
f 7856 7910 7857
f 7857 7910 7862
f 7859 7908 7860
f 7860 7908 7861
f 7861 7908 7911
f 7861 7911 7888
f 7862 7910 7912
f 7862 7912 7892
f 7862 7892 7863
f 7863 7892 7891
f 7863 7891 7865
f 7865 7890 7866
f 7872 7877 7889
f 7872 7889 7913
f 7872 7913 7873
f 7873 7914 7874
f 7873 7913 7915
f 7873 7915 7914
f 7874 7914 7916
f 7874 7916 7875
f 7877 7878 7889
f 7882 7897 7917
f 7882 7917 7884
f 7882 7884 7883
f 7884 7917 7897
f 7884 7897 7918
f 7884 7918 7919
f 7884 7919 7885
f 7885 7887 7886
f 7885 7919 7899
f 7885 7899 7920
f 7885 7920 7887
f 7887 7920 7921
f 7887 7921 7909
f 7888 7911 7922
f 7888 7922 7889
f 7889 7922 7913
f 7892 7912 7893
f 7893 7912 7910
f 7893 7910 7894
f 7894 7910 7895
f 7895 7910 7896
f 7896 7910 7909
f 7896 7909 7921
f 7896 7921 7920
f 7896 7920 7898
f 7897 7899 7918
f 7898 7920 7899
f 7899 7919 7918
f 7900 7902 7901
f 7903 7923 7904
f 7904 7923 7924
f 7904 7924 7905
f 7905 7924 7906
f 7906 7924 7925
f 7906 7925 7926
f 7906 7926 7907
f 7907 7926 7927
f 7907 7927 7911
f 7907 7911 7908
f 7911 7927 7928
f 7911 7928 7922
f 7913 7928 7932
f 7913 7932 7915
f 7913 7922 7928
f 7914 7929 7930
f 7914 7930 7931
f 7914 7931 7916
f 7914 7915 7932
f 7914 7932 7929
f 7923 7931 7930
f 7923 7930 7924
f 7924 7930 7929
f 7924 7929 7925
f 7925 7929 7932
f 7925 7932 7926
f 7926 7932 7928
f 7926 7928 7927
o convex_23
v -0.0364769 -0.00509604 -0.0345161
v -0.0364762 -0.00556065 -0.0345161
v -0.0364762 -0.0041964 -0.0345161
v -0.0352691 -0.0082773 -0.0396515
v -0.0352691 -0.00829506 -0.0396515
v -0.0364518 -0.0065461 -0.0345161
v -0.0352593 -0.0069101 -0.0396515
v -0.03526 -0.00692785 -0.0396515
v -0.0364595 -0.00378506 -0.0345161
v -0.0363924 -0.00829506 -0.0345161
v -0.0364413 -0.00692785 -0.0345161
v -0.0351246 -0.0110265 -0.0396515
v -0.0362654 -0.0110265 -0.0345161
v -0.0364197 -0.0028292 -0.0345161
v -0.0351853 -0.00553402 -0.0396515
v -0.0349989 -0.0124707 -0.0396515
v -0.0351364 -0.0121126 -0.0392403
v -0.0361781 -0.0123671 -0.0345161
v -0.0364036 -0.00259837 -0.0345161
v -0.0351162 -0.00453673 -0.0396515
v -0.0348334 -0.0137402 -0.0396515
v -0.0359121 -0.0151252 -0.0345161
v -0.0360468 -0.013758 -0.0345161
v -0.0363177 -0.00146495 -0.0345161
v -0.0350911 -0.0041964 -0.0396515
v -0.0346519 -0.0151015 -0.0396515
v -0.0346484 -0.0151252 -0.0396515
v -0.0356999 -0.0164924 -0.0345161
v -0.0349612 -0.00287951 -0.0396515
v -0.0350582 -0.00382649 -0.0396515
v -0.0361599 -3.56027e-05 -0.0345161
v -0.0344041 -0.0164924 -0.0396515
v -0.0356007 -0.0170043 -0.0345161
v -0.0349556 -0.00283808 -0.0396515
v -0.0360315 0.00095281 -0.0345161
v -0.0342945 -0.0170043 -0.0396515
v -0.0329184 -0.0170043 -0.0345161
v -0.0347594 -0.0014472 -0.0396515
v -0.0359889 0.0012665 -0.0345161
v -0.0358451 0.00232001 -0.0345161
v -0.031661 -0.0170043 -0.0396515
v -0.0323808 -0.0170043 -0.0364585
v -0.0293445 0.0108932 -0.0345161
v -0.0357892 0.00264554 -0.0345161
v -0.0356007 0.00371977 -0.0345161
v -0.0344676 -9.77485e-05 -0.0396515
v -0.0317552 -0.0170043 -0.0391569
v -0.0293445 0.00690104 -0.0396515
v -0.0293445 0.00770893 -0.0384335
v -0.0293445 0.0078273 -0.0382651
v -0.0293445 0.00891929 -0.0368305
v -0.0293445 0.0103634 -0.0351018
v -0.0322153 -0.0170043 -0.0371225
v -0.0293445 0.0129528 -0.0345161
v -0.0321134 -0.0170043 -0.0375624
v -0.0319619 -0.0170043 -0.0382279
v -0.0355379 0.00399795 -0.0345161
v -0.0353117 0.00497452 -0.0345161
v -0.0352642 0.00516392 -0.0345161
v -0.0350436 0.00598661 -0.0345161
v -0.0344634 -8.29518e-05 -0.0396515
v -0.0293445 0.0125267 -0.0396515
v -0.0293445 0.0130416 -0.0346247
v -0.0293675 0.0130298 -0.0345161
v -0.034846 0.00653704 -0.0345161
v -0.0331795 0.00400091 -0.0396515
v -0.0336075 0.00270177 -0.0396515
v -0.0340529 0.00134344 -0.0396515
v -0.0293654 0.0125089 -0.0396515
v -0.0312219 0.0130653 -0.0345161
v -0.0296712 0.0129351 -0.0377871
v -0.0293445 0.013015 -0.0380193
v -0.0293445 0.0131452 -0.035337
v -0.0300364 0.0132281 -0.0345161
v -0.0348006 0.00665837 -0.0345161
v -0.0326468 0.00543914 -0.0396515
v -0.0293703 0.012503 -0.0396515
v -0.0310878 0.0131304 -0.0345161
v -0.0318593 0.0122574 -0.0345161
v -0.0298632 0.0130653 -0.036936
v -0.0293445 0.013089 -0.0377333
v -0.0303066 0.0132251 -0.0345161
v -0.034772 0.0067294 -0.0345161
v -0.0326286 0.00548352 -0.0396515
v -0.0297976 0.0118283 -0.0396515
v -0.0327417 0.0107985 -0.0345161
v -0.0321106 0.00673532 -0.0396515
v -0.034328 0.00773261 -0.0345161
v -0.0311129 0.0090791 -0.0396515
v -0.0315283 0.00811732 -0.0396515
v -0.0303066 0.010831 -0.0396515
v -0.0337478 0.00889266 -0.0345161
v -0.0342212 0.0079516 -0.0345161
v -0.0308127 0.00975086 -0.0396515
v -0.0341506 0.00809364 -0.0345161
f 7933 7934 7938
f 7933 7938 7943
f 7933 7943 7942
f 7933 7942 7945
f 7933 7945 7950
f 7933 7950 7955
f 7933 7955 7954
f 7933 7954 7960
f 7933 7960 7965
f 7933 7965 7969
f 7933 7969 7975
f 7933 7975 7986
f 7933 7986 7996
f 7933 7996 8006
f 7933 8006 8014
f 7933 8014 8010
f 7933 8010 8002
f 7933 8002 8011
f 7933 8011 8018
f 7933 8018 8024
f 7933 8024 8027
f 7933 8027 8025
f 7933 8025 8020
f 7933 8020 8015
f 7933 8015 8007
f 7933 8007 7997
f 7933 7997 7992
f 7933 7992 7991
f 7933 7991 7990
f 7933 7990 7989
f 7933 7989 7977
f 7933 7977 7976
f 7933 7976 7972
f 7933 7972 7971
f 7933 7971 7967
f 7933 7967 7963
f 7933 7963 7956
f 7933 7956 7951
f 7933 7951 7946
f 7933 7946 7941
f 7933 7941 7935
f 7933 7935 7936
f 7933 7936 7937
f 7933 7937 7934
f 7934 7937 7938
f 7935 7939 7940
f 7935 7940 7936
f 7935 7941 7939
f 7936 7940 7939
f 7936 7939 7947
f 7936 7947 7952
f 7936 7952 7957
f 7936 7957 7962
f 7936 7962 7961
f 7936 7961 7966
f 7936 7966 7970
f 7936 7970 7978
f 7936 7978 7993
f 7936 7993 8000
f 7936 8000 7999
f 7936 7999 7998
f 7936 7998 8008
f 7936 8008 8016
f 7936 8016 8019
f 7936 8019 8022
f 7936 8022 8021
f 7936 8021 8026
f 7936 8026 8023
f 7936 8023 8017
f 7936 8017 8009
f 7936 8009 8001
f 7936 8001 7994
f 7936 7994 7980
f 7936 7980 7973
f 7936 7973 7968
f 7936 7968 7964
f 7936 7964 7959
f 7936 7959 7958
f 7936 7958 7953
f 7936 7953 7948
f 7936 7948 7944
f 7936 7944 7937
f 7937 7942 7943
f 7937 7943 7938
f 7937 7944 7945
f 7937 7945 7942
f 7939 7941 7946
f 7939 7946 7947
f 7944 7948 7949
f 7944 7949 7950
f 7944 7950 7945
f 7946 7951 7952
f 7946 7952 7947
f 7948 7953 7954
f 7948 7954 7949
f 7949 7955 7950
f 7949 7954 7955
f 7951 7956 7957
f 7951 7957 7952
f 7953 7958 7954
f 7954 7958 7959
f 7954 7959 7960
f 7956 7961 7962
f 7956 7962 7957
f 7956 7963 7961
f 7959 7964 7960
f 7960 7964 7965
f 7961 7963 7967
f 7961 7967 7966
f 7964 7968 7965
f 7965 7968 7973
f 7965 7973 7979
f 7965 7979 7988
f 7965 7988 7987
f 7965 7987 7985
f 7965 7985 7974
f 7965 7974 7969
f 7966 7967 7971
f 7966 7971 7972
f 7966 7972 7970
f 7969 7974 7975
f 7970 7972 7976
f 7970 7976 7977
f 7970 7977 7978
f 7973 7980 7981
f 7973 7981 7982
f 7973 7982 7983
f 7973 7983 7984
f 7973 7984 7975
f 7973 7975 7979
f 7974 7985 7975
f 7975 7984 7983
f 7975 7983 7982
f 7975 7982 7981
f 7975 7981 7980
f 7975 7980 7994
f 7975 7994 8004
f 7975 8004 8013
f 7975 8013 8005
f 7975 8005 7995
f 7975 7995 7986
f 7975 7985 7987
f 7975 7987 7988
f 7975 7988 7979
f 7977 7989 7978
f 7978 7989 7990
f 7978 7990 7991
f 7978 7991 7992
f 7978 7992 7993
f 7986 7995 7996
f 7992 7997 7998
f 7992 7998 7999
f 7992 7999 8000
f 7992 8000 7993
f 7994 8001 8002
f 7994 8002 8003
f 7994 8003 8004
f 7995 8005 8006
f 7995 8006 7996
f 7997 8007 8008
f 7997 8008 7998
f 8001 8009 8002
f 8002 8010 8003
f 8002 8009 8011
f 8003 8010 8012
f 8003 8012 8013
f 8003 8013 8004
f 8005 8013 8006
f 8006 8013 8014
f 8007 8015 8008
f 8008 8015 8016
f 8009 8017 8011
f 8010 8014 8013
f 8010 8013 8012
f 8011 8017 8018
f 8015 8019 8016
f 8015 8020 8021
f 8015 8021 8022
f 8015 8022 8019
f 8017 8023 8024
f 8017 8024 8018
f 8020 8025 8023
f 8020 8023 8026
f 8020 8026 8021
f 8023 8025 8027
f 8023 8027 8024
o convex_24
v -0.024621 -0.0259327 -0.0710554
v -0.0146549 -0.0259327 -0.0738473
v -0.024621 -0.0259327 -0.0680229
v -0.024621 -0.0249014 -0.0713055
v -0.0202529 -0.0201637 -0.0738473
v -0.0197364 -0.020839 -0.0738473
v -0.0185164 -0.0224252 -0.0738473
v -0.0178327 -0.0232524 -0.0738473
v -0.0172522 -0.0239224 -0.0738473
v -0.0172424 -0.0239329 -0.0738473
v -0.0165586 -0.0244721 -0.0738473
v 0.0146531 -0.0259327 -0.0738473
v -0.0157322 -0.0259327 -0.0670539
v -0.0168439 -0.0250741 -0.0670539
v -0.0177146 -0.0243569 -0.0670539
v -0.0183639 -0.023713 -0.0670539
v -0.0184279 -0.023645 -0.0670539
v -0.018969 -0.0229958 -0.0670539
v -0.0196823 -0.0220797 -0.0670539
v -0.0201791 -0.0214306 -0.0670539
v -0.0207743 -0.0206505 -0.0670539
v -0.0214039 -0.0198025 -0.0670539
v -0.0218417 -0.0191586 -0.0670539
v -0.0225501 -0.0178865 -0.0670539
v -0.0228256 -0.0172373 -0.0670539
v -0.0231158 -0.0165515 -0.0670539
v -0.0243603 -0.0135361 -0.0670539
v -0.024621 -0.01262 -0.0670539
v -0.0238783 -0.0124158 -0.0738473
v -0.0234552 -0.013756 -0.0738473
v -0.0229781 -0.0149077 -0.0738473
v -0.0217483 -0.0178707 -0.0738473
v -0.0214433 -0.0185827 -0.0738473
v -0.0209415 -0.0192528 -0.0738473
v -0.0209219 -0.019279 -0.0738473
v -0.024621 -0.00730123 -0.0738473
v -0.0244931 -0.00829065 -0.0738473
v -0.0243111 -0.00965699 -0.0738473
v -0.0240947 -0.0112641 -0.0738473
v -0.0240898 -0.0112956 -0.0738473
v 0.0161534 -0.0247862 -0.0738473
v 0.0243487 -0.0259327 -0.0711944
v 0.0151204 -0.0259327 -0.0670539
v -0.024621 0.0171097 -0.0670539
v -0.024621 -0.00518104 -0.0738473
v 0.0169848 -0.0241318 -0.0738473
v 0.0256325 -0.0246868 -0.0710741
v 0.0256325 -0.0259327 -0.0706724
v 0.0176685 -0.0234199 -0.0738473
v 0.0182785 -0.0227393 -0.0738473
v 0.02001 -0.020483 -0.0738473
v 0.0206888 -0.0195931 -0.0738473
v 0.0256325 -0.0259327 -0.0670639
v 0.0156664 -0.0255348 -0.0670539
v -0.0244587 0.0172877 -0.0670539
v -0.0243554 0.0171882 -0.0679238
v -0.024621 0.0166543 -0.0681765
v -0.0244981 -0.0042178 -0.0738473
v -0.024621 0.012194 -0.0711612
v 0.0256325 -0.0233204 -0.0713042
v 0.0211857 -0.0189073 -0.0738473
v 0.0211955 -0.0188916 -0.0738473
v 0.0217366 -0.017855 -0.0738473
v 0.0221695 -0.0168552 -0.0738473
v 0.0224548 -0.0161746 -0.0738473
v 0.0234189 -0.0138398 -0.0738473
v 0.0236993 -0.0131592 -0.0738473
v 0.0240929 -0.0123897 -0.0670539
v 0.0238223 -0.0134 -0.0670539
v 0.0225729 -0.0164206 -0.0670539
v 0.021958 -0.017855 -0.0670539
v 0.0213136 -0.0190905 -0.0670539
v 0.0208266 -0.0197658 -0.0670539
v 0.0196411 -0.0213625 -0.0670539
v 0.0184359 -0.0229278 -0.0670539
v 0.0178554 -0.0236031 -0.0670539
v 0.0171815 -0.0243203 -0.0670539
v 0.0163404 -0.0249956 -0.0670539
v 0.0256325 0.0114663 -0.0670539
v 0.0248356 -0.00692431 -0.0670539
v 0.0243093 -0.0110233 -0.0670539
v -0.0230715 0.0186017 -0.0670539
v -0.0229781 0.0185179 -0.0678979
v -0.0234552 0.0176489 -0.0683667
v -0.0239324 0.0167432 -0.0688349
v -0.024621 0.0163768 -0.0684625
v -0.0243161 -0.00285146 -0.0738473
v -0.024621 0.0134609 -0.0707489
v -0.023465 0.0135604 -0.0712177
v -0.0214482 0.0060952 -0.0738473
v -0.021768 0.00534136 -0.0738473
v -0.0234601 0.00126327 -0.0738473
v -0.0238881 -9.78332e-05 -0.0738473
v -0.023893 -0.000113538 -0.0738473
v -0.0240947 -0.00120242 -0.0738473
v 0.0256325 -0.0219541 -0.0713767
v 0.0237043 -0.0131435 -0.0738473
v 0.0238912 -0.0123897 -0.0738473
v 0.0241322 -0.0110233 -0.0738473
v 0.0246635 -0.00692431 -0.0738473
v 0.0256325 0.0159946 -0.0670539
v -0.0216253 0.0198895 -0.0670539
v -0.0215564 0.0198319 -0.0678393
v -0.0225157 0.0181148 -0.068809
v -0.0230223 0.0172039 -0.0692579
v -0.0234405 0.0162669 -0.0697008
v -0.0243554 0.0158324 -0.0692319
v -0.024621 0.0160889 -0.0687245
v -0.024621 0.0137436 -0.0706365
v -0.0234257 0.0148796 -0.0707582
v -0.0220975 0.0149267 -0.0712403
v -0.0172473 0.0114506 -0.0738473
v -0.0178523 0.0107544 -0.0738473
v -0.0185213 0.00993771 -0.0738473
v -0.020248 0.00769189 -0.0738473
v 0.0256325 -0.00685625 -0.0715522
v 0.0246635 -0.00555797 -0.0738473
v 0.0256325 0.0157695 -0.067707
v 0.0255096 0.016136 -0.0670539
v -0.0200561 0.0210831 -0.0670539
v -0.0200512 0.0210778 -0.0676804
v -0.0205628 0.0202717 -0.0682151
v -0.0201643 0.0198005 -0.0691342
v -0.0210744 0.0194183 -0.0687504
v -0.0220483 0.0176175 -0.0696822
v -0.0216056 0.0185074 -0.0691954
v -0.021581 0.0171149 -0.0705367
v -0.0224911 0.0166961 -0.070169
v -0.0229485 0.0157852 -0.07055
v -0.0238586 0.0153036 -0.070143
v -0.024621 0.0147173 -0.0699315
v -0.024621 0.0149372 -0.0697447
v -0.024621 0.0152146 -0.0695066
v -0.0242767 0.0143927 -0.0705274
v -0.0220582 0.0162616 -0.0707635
v -0.0207349 0.016293 -0.0712284
v -0.0193674 0.0176594 -0.0711612
v -0.0165783 0.0119741 -0.0738473
v 0.0256325 -0.00564173 -0.0715482
v 0.0244864 -0.00417068 -0.0738473
v 0.0256325 0.00955032 -0.0713427
v 0.0256325 0.00818398 -0.0713767
v 0.0256325 0.0153874 -0.0683109
v 0.0253522 0.0159632 -0.0680528
v 0.0249193 0.0167799 -0.0670539
v -0.0193674 0.021549 -0.0670539
v -0.018359 0.0222243 -0.0670539
v -0.0176753 0.0226641 -0.0670539
v -0.0175572 0.0225855 -0.0678892
v -0.0193674 0.0213187 -0.0679916
v -0.0193674 0.0207742 -0.0686753
v -0.0186246 0.0210412 -0.0690045
v -0.0193674 0.0200884 -0.0694301
v -0.0186394 0.0196801 -0.0703791
v -0.0193674 0.0193922 -0.0701131
v -0.020125 0.018408 -0.0704669
v -0.0206415 0.017607 -0.0707123
v -0.0193674 0.0187116 -0.0706797
v -0.0134055 0.0144084 -0.0738473
v -0.0134202 0.014398 -0.0738473
v -0.0149943 0.0131939 -0.0738473
v -0.0181081 0.0191461 -0.0709238
v -0.0152698 0.0203921 -0.0711765
v 0.0241322 -0.00146417 -0.0738473
v 0.0256325 0.0109167 -0.0711253
v 0.0238912 -8.21281e-05 -0.0738473
v 0.0237043 0.000676951 -0.0738473
v 0.0256325 0.0151256 -0.0685689
v 0.0249488 0.0155182 -0.0689633
v 0.0244864 0.0164396 -0.068523
v 0.024024 0.01734 -0.0680821
v 0.0242011 0.017518 -0.0670539
v -0.0166324 0.0232556 -0.0670539
v -0.0169571 0.0222348 -0.0688003
v -0.0180934 0.021816 -0.0684472
v -0.0157863 0.0237215 -0.0670539
v -0.0149353 0.0239781 -0.0679364
v -0.0153436 0.0234388 -0.0683794
v -0.0165537 0.0228002 -0.0683514
v -0.0177146 0.0213239 -0.0693044
v -0.0170161 0.0208842 -0.0702148
v -0.018177 0.0205072 -0.0698418
v -0.0161061 0.0211721 -0.0705068
v -0.0177294 0.0199733 -0.0706418
v -0.01252 0.0149947 -0.0738473
v -0.0165931 0.0204182 -0.0708007
v -0.0152698 0.0213972 -0.070693
v -0.0138875 0.0218212 -0.070834
v -0.0125348 0.0217584 -0.0711738
v -0.0116149 0.015513 -0.0738473
v 0.0228877 0.00265056 -0.0738473
v 0.0221646 0.00438858 -0.0738473
v 0.0217415 0.0053623 -0.0738473
v 0.0217317 0.00538324 -0.0738473
v 0.0211906 0.00641977 -0.0738473
v 0.0207036 0.00709509 -0.0738473
v 0.0243487 0.012194 -0.0712423
v 0.0243831 0.0135604 -0.070832
v 0.0256325 0.0121417 -0.070711
v 0.0256325 0.0144241 -0.0691947
v 0.0253374 0.0146074 -0.0693403
v 0.024452 0.0150419 -0.0698158
v 0.0240388 0.0160103 -0.0693802
v 0.0236059 0.0169212 -0.0689932
v 0.0231287 0.0177955 -0.068521
v 0.0226565 0.0186593 -0.0680488
v 0.0234731 0.0182352 -0.0670539
v -0.0160421 0.0224913 -0.0691003
v -0.0165291 0.0217061 -0.0696575
v -0.0151124 0.0240618 -0.0670539
v -0.0138236 0.024156 -0.0683794
v -0.014227 0.0236482 -0.0688475
v -0.0121068 0.0252711 -0.0678367
v -0.0152698 0.0220777 -0.0700087
v -0.0143352 0.0223186 -0.070274
v -0.0134202 0.0225437 -0.0705141
v -0.0125348 0.0227374 -0.0706897
v -0.0110394 0.0231666 -0.0707668
v -0.00980469 0.0231247 -0.0710215
v -0.00706967 0.0173872 -0.0738473
v -0.00793051 0.0170416 -0.0738473
v -0.00978502 0.0162773 -0.0738473
v -0.0109459 0.0157957 -0.0738473
v 0.0206839 0.00712127 -0.0738473
v 0.0229811 0.0135604 -0.0713102
v 0.0200149 0.00799552 -0.0738473
v 0.0188786 0.00947703 -0.0738473
v 0.0182834 0.0102518 -0.0738473
v 0.0251947 0.0131049 -0.070558
v 0.0230303 0.0149843 -0.0708752
v 0.0239551 0.0145602 -0.0706425
v 0.0256325 0.0121835 -0.0706923
v 0.0256325 0.0136179 -0.0697899
v 0.0248652 0.0140158 -0.0702514
v 0.0235222 0.0154711 -0.0702913
v 0.023109 0.0164134 -0.0698265
v 0.0221301 0.0168165 -0.070272
v 0.0207282 0.0181567 -0.0702441
v 0.022199 0.0182509 -0.0689593
v 0.0217169 0.0191147 -0.0684764
v 0.0212299 0.0199523 -0.0679936
v 0.0228287 0.0188111 -0.0670539
v -0.0152698 0.0227007 -0.0693257
v -0.0138974 0.024601 -0.0670539
v -0.0125496 0.0247424 -0.0683195
v -0.0133169 0.0238524 -0.0690916
v -0.0122249 0.0253235 -0.0670539
v -0.0111673 0.0256951 -0.0670539
v -0.00795019 0.0265903 -0.0677675
v -0.0111673 0.0254386 -0.0680821
v -0.0111673 0.024957 -0.0687651
v -0.0138384 0.0246272 -0.0670539
v -0.0128988 0.0250355 -0.0670539
v -0.0125348 0.0234179 -0.0699635
v -0.0114083 0.0236482 -0.0702222
v -0.0104983 0.0238105 -0.0704144
v -0.00980469 0.0239257 -0.0705374
v -0.00843718 0.0241246 -0.0707302
v -0.00843718 0.0231247 -0.0712144
v -0.00570216 0.0177536 -0.0738473
v 0.0176636 0.0109481 -0.0738473
v 0.0256325 0.0128013 -0.0703538
v 0.0216481 0.0163349 -0.0708586
v 0.0226073 0.0159056 -0.0706298
v 0.0169897 0.0116496 -0.0738473
v 0.0256325 0.0134923 -0.0698783
v 0.0212152 0.0172458 -0.0706145
v 0.0198182 0.0185493 -0.0705946
v 0.021289 0.0186593 -0.069333
v 0.0207528 0.0195702 -0.0689047
v 0.0213726 0.0200727 -0.0670539
v 0.0220121 0.0195283 -0.0670539
v 0.0220957 0.019455 -0.0670539
v 0.0202461 0.0203868 -0.068376
v 0.0197345 0.0211983 -0.0678467
v -0.0125348 0.0240147 -0.0692798
v -0.00980469 0.0261139 -0.0670539
v -0.00706967 0.0262291 -0.0686115
v -0.0084175 0.0261139 -0.0682783
v -0.00981453 0.0256009 -0.0684518
v -0.00973583 0.0261349 -0.0670539
v -0.00872741 0.0264228 -0.0670539
v -0.00804857 0.0266165 -0.0670539
v -0.00706967 0.0268364 -0.0670539
v -0.00570216 0.027072 -0.0670539
v -0.00706967 0.0266846 -0.0679278
v -0.0102769 0.0251141 -0.0689686
v -0.0110394 0.0241875 -0.0697507
v -0.00981453 0.0246848 -0.0696416
v -0.00843718 0.0248104 -0.0699675
v -0.00706967 0.0242974 -0.070838
v -0.00706967 0.0249779 -0.0701756
v -0.00570216 0.0251141 -0.0703365
v -0.00568248 0.0177588 -0.0738473
v 0.0188835 0.0176594 -0.0712742
v 0.0202658 0.0176856 -0.0708373
v 0.0161534 0.0123039 -0.0738473
v 0.018795 0.0190152 -0.0707435
v 0.017516 0.0200047 -0.0706518
v 0.0182785 0.0197639 -0.0704589
v 0.0191885 0.0194602 -0.070155
v 0.0198428 0.0199052 -0.0692439
v 0.0191934 0.0208161 -0.0687578
v 0.0204626 0.0207952 -0.0670539
v 0.018795 0.0214391 -0.0683255
v 0.0176242 0.0221196 -0.0684219
v 0.0172405 0.0226798 -0.0680076
v 0.0155287 0.0238419 -0.0677309
v 0.0180768 0.022418 -0.0670539
v 0.0189426 0.0218526 -0.0670539
v 0.019828 0.0212611 -0.0670539
v -0.00570216 0.0268102 -0.068114
v -0.00570216 0.0263548 -0.068797
v -0.00706967 0.0255486 -0.0694926
v -0.00843718 0.0253758 -0.0692845
v -0.00936197 0.0252449 -0.0691295
v -0.00433957 0.0272552 -0.0670539
v -0.00498397 0.0251716 -0.0704044
v -0.00407393 0.0252292 -0.0704722
v -0.00297206 0.025292 -0.07055
v -0.00570216 0.0244335 -0.0708845
v -0.00570216 0.0256742 -0.0696536
v -0.00431497 0.0179473 -0.0738473
v -0.00297206 0.0244911 -0.0710342
v 0.0138513 0.0140681 -0.0738473
v 0.0131774 0.0145812 -0.0738473
v 0.017516 0.0190257 -0.0711353
v 0.0161829 0.0204653 -0.0708659
v 0.0147859 0.0215176 -0.0707682
v 0.0157501 0.0212506 -0.0705746
v 0.0166601 0.0209627 -0.0702993
v 0.017516 0.0206905 -0.070028
v 0.0182834 0.0211354 -0.0691009
v 0.0166404 0.022329 -0.0689187
v 0.0160846 0.0230881 -0.0683248
v 0.0155631 0.0238576 -0.0670539
v 0.0161879 0.0235121 -0.0670539
v 0.0174373 0.0227949 -0.0670539
v 0.0147859 0.0235174 -0.0686673
v 0.0147859 0.0240147 -0.0679843
v 0.0117902 0.0253287 -0.0679251
v 0.0126166 0.0251612 -0.0670539
v 0.013502 0.0247842 -0.0670539
v 0.0148449 0.0241979 -0.0670539
v -0.00433957 0.0269097 -0.0682517
v -0.00433957 0.0264542 -0.0689347
v -0.00296714 0.0273913 -0.0670539
v -0.00445271 0.0256847 -0.0698597
v -0.00330164 0.026517 -0.0690158
v -0.00160454 0.0253496 -0.0706145
v -0.00289827 0.0260773 -0.069595
v -0.00297206 0.0181253 -0.0738473
v -0.00160454 0.0244911 -0.071098
v -0.00110771 0.0183713 -0.0738473
v 0.0120755 0.0152565 -0.0738473
v 0.0147859 0.0203921 -0.0712523
v 0.013502 0.0218736 -0.0708925
v 0.0120509 0.0228368 -0.0707608
v 0.0131036 0.0226065 -0.0705786
v 0.0140136 0.0224023 -0.0703651
v 0.0147859 0.0222034 -0.0701557
v 0.0157304 0.0225908 -0.0692047
v 0.0161928 0.0217898 -0.069752
v 0.017516 0.0213762 -0.069345
v 0.0139054 0.0237215 -0.068944
v 0.0134381 0.0242869 -0.0684372
v 0.012169 0.0248628 -0.0683727
v 0.0106883 0.025046 -0.0688741
v 0.0106883 0.0255119 -0.0681905
v 0.0076237 0.026627 -0.0678267
v 0.0107572 0.0258417 -0.0670539
v 0.0119771 0.0254072 -0.0670539
v -0.00160454 0.027051 -0.0683607
v -0.00289827 0.0268887 -0.0684804
v -0.00291303 0.0273965 -0.0670539
v -0.00160454 0.0274908 -0.0670539
v -0.00160454 0.0265746 -0.0690843
v -0.00160454 0.0260302 -0.0697673
v -0.000237033 0.0266008 -0.0691175
v -0.000237033 0.0260511 -0.0698012
v -0.000237033 0.0253653 -0.0706305
v -0.000237033 0.0244911 -0.071114
v -0.000237033 0.0184289 -0.0738473
v 0.012046 0.0152722 -0.0738473
v 0.0120509 0.0217584 -0.071245
v 0.0113721 0.0156125 -0.0738473
v 0.00932079 0.0231247 -0.071098
v 0.0106539 0.0232033 -0.070822
v 0.00932079 0.023999 -0.0706139
v 0.0101718 0.0238681 -0.0704749
v 0.0110818 0.0237111 -0.070296
v 0.0120509 0.0235174 -0.0700765
v 0.013502 0.0231666 -0.0697666
v 0.0147859 0.0228316 -0.0694727
v 0.0129954 0.0239152 -0.0691688
v 0.0120509 0.0241089 -0.0693935
v 0.00995043 0.0251612 -0.0690251
v 0.00942409 0.0256847 -0.0684858
v 0.0106539 0.0242869 -0.0697952
v 0.00781062 0.0266689 -0.0670539
v 0.00844519 0.026517 -0.0670539
v 0.00938966 0.0262501 -0.0670539
v 0.00803198 0.0261872 -0.0683135
v 0.00658577 0.026271 -0.0686773
v 0.00658577 0.0267317 -0.0679936
v 0.00530188 0.0271348 -0.0670539
v 0.00666447 0.0269044 -0.0670539
v -0.000237033 0.0275483 -0.0670539
v -0.000237033 0.0271034 -0.0683607
v 0.00112064 0.0265903 -0.0691016
v 0.00112064 0.0260354 -0.0697846
v 0.00112064 0.0253549 -0.0706152
v 0.00112064 0.0244911 -0.0710987
v 0.000869766 0.0184027 -0.0738473
v -0.000222275 0.0184289 -0.0738473
v 0.0106883 0.0159004 -0.0738473
v 0.00837632 0.0168584 -0.0738473
v 0.00767781 0.0171463 -0.0738473
v 0.00795328 0.0231247 -0.0712596
v 0.00795328 0.0241875 -0.0707755
v 0.00660544 0.0175233 -0.0738473
v 0.00795328 0.024868 -0.0700426
v 0.00942409 0.0247738 -0.0696762
v 0.0090404 0.025292 -0.0691867
v 0.00795328 0.0254386 -0.0693589
v 0.00522317 0.0263914 -0.0688495
v 0.00658577 0.0255852 -0.0695491
v 0.00522317 0.0268416 -0.0681665
v 0.00392453 0.0273128 -0.0670539
v 0.00522317 0.0271452 -0.0670539
v 0.00112064 0.0275117 -0.0670539
v 0.00112064 0.0270772 -0.0683607
v 0.00207987 0.0265589 -0.0690677
v 0.00251767 0.0261035 -0.069605
v 0.00248815 0.0253235 -0.0705799
v 0.00248815 0.0244911 -0.0710641
v 0.00385566 0.0244911 -0.0709896
v 0.00522317 0.0178269 -0.0738473
v 0.00658577 0.0243445 -0.0708599
v 0.00658577 0.0175285 -0.0738473
v 0.00469191 0.0251978 -0.0704383
v 0.00560195 0.0251298 -0.0703512
v 0.00658577 0.0250251 -0.0702321
v 0.00385566 0.0264856 -0.0689746
v 0.00517398 0.0256166 -0.0698278
v 0.00385566 0.0269306 -0.0682916
v 0.0025521 0.0274227 -0.0670539
v 0.00251767 0.0269097 -0.0684878
v 0.0029899 0.0265275 -0.0690278
v 0.00385566 0.0258836 -0.0697267
v 0.00385566 0.0252554 -0.0705055
f 8028 8029 8039
f 8028 8039 8069
f 8028 8069 8075
f 8028 8075 8080
f 8028 8080 8070
f 8028 8070 8040
f 8028 8040 8030
f 8028 8030 8055
f 8028 8055 8071
f 8028 8071 8084
f 8028 8084 8113
f 8028 8113 8135
f 8028 8135 8160
f 8028 8160 8159
f 8028 8159 8158
f 8028 8158 8136
f 8028 8136 8115
f 8028 8115 8086
f 8028 8086 8072
f 8028 8072 8063
f 8028 8063 8031
f 8028 8031 8032
f 8028 8032 8033
f 8028 8033 8034
f 8028 8034 8035
f 8028 8035 8036
f 8028 8036 8037
f 8028 8037 8038
f 8028 8038 8029
f 8029 8038 8037
f 8029 8037 8036
f 8029 8036 8035
f 8029 8035 8034
f 8029 8034 8033
f 8029 8033 8032
f 8029 8032 8062
f 8029 8062 8061
f 8029 8061 8060
f 8029 8060 8059
f 8029 8059 8058
f 8029 8058 8057
f 8029 8057 8056
f 8029 8056 8067
f 8029 8067 8066
f 8029 8066 8065
f 8029 8065 8064
f 8029 8064 8063
f 8029 8063 8072
f 8029 8072 8085
f 8029 8085 8114
f 8029 8114 8122
f 8029 8122 8121
f 8029 8121 8120
f 8029 8120 8119
f 8029 8119 8118
f 8029 8118 8117
f 8029 8117 8142
f 8029 8142 8141
f 8029 8141 8140
f 8029 8140 8139
f 8029 8139 8165
f 8029 8165 8188
f 8029 8188 8187
f 8029 8187 8186
f 8029 8186 8212
f 8029 8212 8217
f 8029 8217 8250
f 8029 8250 8249
f 8029 8249 8248
f 8029 8248 8247
f 8029 8247 8287
f 8029 8287 8321
f 8029 8321 8350
f 8029 8350 8379
f 8029 8379 8381
f 8029 8381 8410
f 8029 8410 8442
f 8029 8442 8441
f 8029 8441 8465
f 8029 8465 8467
f 8029 8467 8448
f 8029 8448 8445
f 8029 8445 8444
f 8029 8444 8443
f 8029 8443 8413
f 8029 8413 8411
f 8029 8411 8382
f 8029 8382 8353
f 8029 8353 8352
f 8029 8352 8324
f 8029 8324 8292
f 8029 8292 8288
f 8029 8288 8255
f 8029 8255 8254
f 8029 8254 8253
f 8029 8253 8251
f 8029 8251 8223
f 8029 8223 8222
f 8029 8222 8221
f 8029 8221 8220
f 8029 8220 8219
f 8029 8219 8218
f 8029 8218 8194
f 8029 8194 8193
f 8029 8193 8191
f 8029 8191 8167
f 8029 8167 8144
f 8029 8144 8127
f 8029 8127 8126
f 8029 8126 8125
f 8029 8125 8124
f 8029 8124 8094
f 8029 8094 8093
f 8029 8093 8092
f 8029 8092 8091
f 8029 8091 8090
f 8029 8090 8089
f 8029 8089 8088
f 8029 8088 8079
f 8029 8079 8078
f 8029 8078 8077
f 8029 8077 8076
f 8029 8076 8073
f 8029 8073 8068
f 8029 8068 8039
f 8030 8040 8041
f 8030 8041 8042
f 8030 8042 8043
f 8030 8043 8044
f 8030 8044 8045
f 8030 8045 8046
f 8030 8046 8047
f 8030 8047 8048
f 8030 8048 8049
f 8030 8049 8050
f 8030 8050 8051
f 8030 8051 8052
f 8030 8052 8053
f 8030 8053 8054
f 8030 8054 8055
f 8031 8056 8057
f 8031 8057 8058
f 8031 8058 8059
f 8031 8059 8060
f 8031 8060 8061
f 8031 8061 8062
f 8031 8062 8032
f 8031 8063 8064
f 8031 8064 8065
f 8031 8065 8066
f 8031 8066 8067
f 8031 8067 8056
f 8039 8068 8069
f 8040 8070 8081
f 8040 8081 8105
f 8040 8105 8104
f 8040 8104 8103
f 8040 8103 8102
f 8040 8102 8101
f 8040 8101 8100
f 8040 8100 8099
f 8040 8099 8098
f 8040 8098 8097
f 8040 8097 8096
f 8040 8096 8095
f 8040 8095 8108
f 8040 8108 8107
f 8040 8107 8106
f 8040 8106 8128
f 8040 8128 8146
f 8040 8146 8172
f 8040 8172 8199
f 8040 8199 8234
f 8040 8234 8269
f 8040 8269 8300
f 8040 8300 8299
f 8040 8299 8298
f 8040 8298 8331
f 8040 8331 8338
f 8040 8338 8337
f 8040 8337 8336
f 8040 8336 8365
f 8040 8365 8364
f 8040 8364 8363
f 8040 8363 8371
f 8040 8371 8370
f 8040 8370 8369
f 8040 8369 8399
f 8040 8399 8398
f 8040 8398 8429
f 8040 8429 8428
f 8040 8428 8427
f 8040 8427 8434
f 8040 8434 8433
f 8040 8433 8457
f 8040 8457 8456
f 8040 8456 8474
f 8040 8474 8458
f 8040 8458 8435
f 8040 8435 8403
f 8040 8403 8402
f 8040 8402 8374
f 8040 8374 8344
f 8040 8344 8312
f 8040 8312 8311
f 8040 8311 8310
f 8040 8310 8309
f 8040 8309 8308
f 8040 8308 8304
f 8040 8304 8275
f 8040 8275 8274
f 8040 8274 8280
f 8040 8280 8279
f 8040 8279 8271
f 8040 8271 8237
f 8040 8237 8203
f 8040 8203 8200
f 8040 8200 8175
f 8040 8175 8174
f 8040 8174 8173
f 8040 8173 8147
f 8040 8147 8129
f 8040 8129 8109
f 8040 8109 8082
f 8040 8082 8071
f 8040 8071 8055
f 8040 8055 8054
f 8040 8054 8053
f 8040 8053 8052
f 8040 8052 8051
f 8040 8051 8050
f 8040 8050 8049
f 8040 8049 8048
f 8040 8048 8047
f 8040 8047 8046
f 8040 8046 8045
f 8040 8045 8044
f 8040 8044 8043
f 8040 8043 8042
f 8040 8042 8041
f 8068 8073 8069
f 8069 8074 8075
f 8069 8073 8076
f 8069 8076 8077
f 8069 8077 8078
f 8069 8078 8079
f 8069 8079 8074
f 8070 8080 8081
f 8071 8082 8083
f 8071 8083 8084
f 8072 8086 8085
f 8074 8087 8123
f 8074 8123 8143
f 8074 8143 8166
f 8074 8166 8169
f 8074 8169 8168
f 8074 8168 8192
f 8074 8192 8226
f 8074 8226 8259
f 8074 8259 8289
f 8074 8289 8293
f 8074 8293 8260
f 8074 8260 8227
f 8074 8227 8195
f 8074 8195 8170
f 8074 8170 8145
f 8074 8145 8128
f 8074 8128 8106
f 8074 8106 8080
f 8074 8080 8075
f 8074 8079 8088
f 8074 8088 8089
f 8074 8089 8090
f 8074 8090 8091
f 8074 8091 8092
f 8074 8092 8093
f 8074 8093 8094
f 8074 8094 8087
f 8080 8095 8096
f 8080 8096 8097
f 8080 8097 8098
f 8080 8098 8099
f 8080 8099 8100
f 8080 8100 8101
f 8080 8101 8102
f 8080 8102 8103
f 8080 8103 8104
f 8080 8104 8105
f 8080 8105 8081
f 8080 8106 8107
f 8080 8107 8108
f 8080 8108 8095
f 8082 8109 8110
f 8082 8110 8083
f 8083 8111 8112
f 8083 8112 8113
f 8083 8113 8084
f 8083 8110 8111
f 8085 8086 8114
f 8086 8115 8116
f 8086 8116 8117
f 8086 8117 8118
f 8086 8118 8119
f 8086 8119 8120
f 8086 8120 8121
f 8086 8121 8122
f 8086 8122 8114
f 8087 8094 8124
f 8087 8124 8125
f 8087 8125 8126
f 8087 8126 8127
f 8087 8127 8123
f 8109 8129 8130
f 8109 8130 8110
f 8110 8130 8131
f 8110 8131 8111
f 8111 8131 8132
f 8111 8132 8112
f 8112 8132 8133
f 8112 8133 8134
f 8112 8134 8113
f 8113 8134 8135
f 8115 8136 8137
f 8115 8137 8116
f 8116 8137 8138
f 8116 8138 8139
f 8116 8139 8140
f 8116 8140 8141
f 8116 8141 8142
f 8116 8142 8117
f 8123 8127 8143
f 8127 8144 8143
f 8128 8145 8146
f 8129 8147 8148
f 8129 8148 8130
f 8130 8148 8149
f 8130 8149 8150
f 8130 8150 8151
f 8130 8151 8131
f 8131 8152 8132
f 8131 8151 8153
f 8131 8153 8152
f 8132 8154 8155
f 8132 8155 8133
f 8132 8152 8154
f 8133 8155 8156
f 8133 8156 8157
f 8133 8157 8134
f 8134 8157 8158
f 8134 8158 8159
f 8134 8159 8160
f 8134 8160 8135
f 8136 8158 8161
f 8136 8161 8137
f 8137 8161 8156
f 8137 8156 8162
f 8137 8162 8138
f 8138 8162 8163
f 8138 8163 8139
f 8139 8163 8164
f 8139 8164 8165
f 8143 8144 8166
f 8144 8167 8168
f 8144 8168 8169
f 8144 8169 8166
f 8145 8170 8171
f 8145 8171 8146
f 8146 8171 8172
f 8147 8173 8148
f 8148 8173 8174
f 8148 8174 8175
f 8148 8175 8176
f 8148 8176 8177
f 8148 8177 8178
f 8148 8178 8149
f 8149 8178 8150
f 8150 8153 8151
f 8150 8178 8179
f 8150 8179 8180
f 8150 8180 8181
f 8150 8181 8182
f 8150 8182 8183
f 8150 8183 8154
f 8150 8154 8152
f 8150 8152 8153
f 8154 8184 8162
f 8154 8162 8156
f 8154 8156 8155
f 8154 8183 8185
f 8154 8185 8184
f 8156 8161 8157
f 8157 8161 8158
f 8162 8184 8164
f 8162 8164 8163
f 8164 8186 8187
f 8164 8187 8188
f 8164 8188 8165
f 8164 8184 8185
f 8164 8185 8189
f 8164 8189 8190
f 8164 8190 8186
f 8167 8191 8168
f 8168 8191 8193
f 8168 8193 8194
f 8168 8194 8192
f 8170 8195 8196
f 8170 8196 8171
f 8171 8197 8198
f 8171 8198 8172
f 8171 8196 8197
f 8172 8198 8199
f 8175 8200 8176
f 8176 8201 8202
f 8176 8202 8177
f 8176 8200 8203
f 8176 8203 8204
f 8176 8204 8205
f 8176 8205 8206
f 8176 8206 8201
f 8177 8179 8178
f 8177 8202 8179
f 8179 8202 8201
f 8179 8201 8207
f 8179 8207 8208
f 8179 8208 8209
f 8179 8209 8181
f 8179 8181 8180
f 8181 8209 8208
f 8181 8208 8210
f 8181 8210 8211
f 8181 8211 8185
f 8181 8185 8183
f 8181 8183 8182
f 8185 8211 8189
f 8186 8190 8212
f 8189 8211 8213
f 8189 8213 8190
f 8190 8213 8214
f 8190 8214 8215
f 8190 8215 8216
f 8190 8216 8217
f 8190 8217 8212
f 8192 8194 8218
f 8192 8218 8219
f 8192 8219 8220
f 8192 8220 8221
f 8192 8221 8222
f 8192 8222 8223
f 8192 8223 8224
f 8192 8224 8225
f 8192 8225 8226
f 8195 8227 8196
f 8196 8227 8228
f 8196 8228 8229
f 8196 8229 8230
f 8196 8230 8231
f 8196 8231 8197
f 8197 8231 8198
f 8198 8232 8233
f 8198 8233 8234
f 8198 8234 8199
f 8198 8231 8232
f 8201 8206 8205
f 8201 8205 8235
f 8201 8235 8236
f 8201 8236 8207
f 8203 8237 8204
f 8204 8238 8239
f 8204 8239 8205
f 8204 8237 8240
f 8204 8240 8238
f 8205 8239 8235
f 8207 8236 8210
f 8207 8210 8208
f 8210 8236 8235
f 8210 8235 8241
f 8210 8241 8242
f 8210 8242 8243
f 8210 8243 8214
f 8210 8214 8211
f 8211 8214 8213
f 8214 8243 8244
f 8214 8244 8215
f 8215 8244 8216
f 8216 8244 8245
f 8216 8245 8246
f 8216 8246 8247
f 8216 8247 8248
f 8216 8248 8249
f 8216 8249 8250
f 8216 8250 8217
f 8223 8251 8224
f 8224 8252 8225
f 8224 8251 8253
f 8224 8253 8254
f 8224 8254 8255
f 8224 8255 8252
f 8225 8256 8226
f 8225 8252 8257
f 8225 8257 8258
f 8225 8258 8256
f 8226 8256 8259
f 8227 8260 8261
f 8227 8261 8228
f 8228 8261 8229
f 8229 8262 8230
f 8229 8261 8258
f 8229 8258 8262
f 8230 8262 8231
f 8231 8262 8263
f 8231 8263 8264
f 8231 8264 8265
f 8231 8265 8266
f 8231 8266 8232
f 8232 8266 8233
f 8233 8267 8268
f 8233 8268 8234
f 8233 8266 8267
f 8234 8268 8269
f 8235 8239 8270
f 8235 8270 8241
f 8237 8271 8240
f 8238 8240 8272
f 8238 8272 8239
f 8239 8272 8273
f 8239 8273 8243
f 8239 8243 8242
f 8239 8242 8270
f 8240 8274 8275
f 8240 8275 8276
f 8240 8276 8277
f 8240 8277 8278
f 8240 8278 8272
f 8240 8271 8279
f 8240 8279 8280
f 8240 8280 8274
f 8241 8270 8242
f 8243 8273 8281
f 8243 8281 8282
f 8243 8282 8244
f 8244 8282 8283
f 8244 8283 8284
f 8244 8284 8245
f 8245 8284 8285
f 8245 8285 8246
f 8246 8285 8286
f 8246 8286 8247
f 8247 8286 8287
f 8252 8255 8257
f 8255 8288 8257
f 8256 8289 8259
f 8256 8258 8261
f 8256 8261 8289
f 8257 8290 8291
f 8257 8291 8258
f 8257 8288 8292
f 8257 8292 8290
f 8258 8291 8262
f 8260 8293 8261
f 8261 8293 8289
f 8262 8291 8264
f 8262 8264 8263
f 8264 8294 8265
f 8264 8291 8294
f 8265 8294 8295
f 8265 8295 8296
f 8265 8296 8266
f 8266 8296 8297
f 8266 8297 8267
f 8267 8297 8268
f 8268 8298 8299
f 8268 8299 8300
f 8268 8300 8269
f 8268 8297 8301
f 8268 8301 8302
f 8268 8302 8298
f 8272 8278 8273
f 8273 8303 8281
f 8273 8278 8303
f 8275 8304 8276
f 8276 8305 8306
f 8276 8306 8307
f 8276 8307 8277
f 8276 8304 8308
f 8276 8308 8309
f 8276 8309 8310
f 8276 8310 8311
f 8276 8311 8312
f 8276 8312 8313
f 8276 8313 8305
f 8277 8307 8314
f 8277 8314 8278
f 8278 8314 8315
f 8278 8315 8303
f 8281 8303 8282
f 8282 8303 8315
f 8282 8315 8283
f 8283 8315 8314
f 8283 8314 8284
f 8284 8314 8316
f 8284 8316 8317
f 8284 8317 8285
f 8285 8318 8286
f 8285 8317 8319
f 8285 8319 8320
f 8285 8320 8318
f 8286 8318 8321
f 8286 8321 8287
f 8290 8322 8323
f 8290 8323 8291
f 8290 8292 8322
f 8291 8323 8294
f 8292 8324 8322
f 8294 8323 8295
f 8295 8325 8326
f 8295 8326 8327
f 8295 8327 8328
f 8295 8328 8329
f 8295 8329 8297
f 8295 8297 8296
f 8295 8323 8325
f 8297 8329 8330
f 8297 8330 8301
f 8298 8302 8331
f 8301 8330 8302
f 8302 8332 8333
f 8302 8333 8334
f 8302 8334 8335
f 8302 8335 8336
f 8302 8336 8337
f 8302 8337 8338
f 8302 8338 8331
f 8302 8330 8332
f 8305 8313 8339
f 8305 8339 8340
f 8305 8340 8341
f 8305 8341 8342
f 8305 8342 8343
f 8305 8343 8306
f 8306 8343 8314
f 8306 8314 8307
f 8312 8344 8313
f 8313 8344 8339
f 8314 8343 8316
f 8316 8343 8317
f 8317 8343 8342
f 8317 8342 8341
f 8317 8341 8319
f 8318 8320 8345
f 8318 8345 8346
f 8318 8346 8347
f 8318 8347 8348
f 8318 8348 8321
f 8319 8341 8320
f 8320 8341 8349
f 8320 8349 8345
f 8321 8348 8351
f 8321 8351 8350
f 8322 8324 8352
f 8322 8352 8353
f 8322 8353 8354
f 8322 8354 8323
f 8323 8354 8325
f 8325 8354 8355
f 8325 8355 8326
f 8326 8355 8356
f 8326 8356 8357
f 8326 8357 8327
f 8327 8357 8358
f 8327 8358 8359
f 8327 8359 8360
f 8327 8360 8328
f 8328 8360 8329
f 8329 8360 8330
f 8330 8360 8332
f 8332 8360 8333
f 8333 8361 8334
f 8333 8360 8361
f 8334 8361 8362
f 8334 8362 8335
f 8335 8363 8364
f 8335 8364 8365
f 8335 8365 8336
f 8335 8362 8366
f 8335 8366 8367
f 8335 8367 8368
f 8335 8368 8369
f 8335 8369 8370
f 8335 8370 8371
f 8335 8371 8363
f 8339 8344 8372
f 8339 8372 8373
f 8339 8373 8340
f 8340 8373 8349
f 8340 8349 8341
f 8344 8374 8372
f 8345 8349 8373
f 8345 8373 8375
f 8345 8375 8346
f 8346 8375 8376
f 8346 8376 8347
f 8347 8377 8348
f 8347 8376 8378
f 8347 8378 8377
f 8348 8377 8351
f 8350 8351 8379
f 8351 8377 8380
f 8351 8380 8381
f 8351 8381 8379
f 8353 8382 8354
f 8354 8383 8355
f 8354 8382 8383
f 8355 8383 8356
f 8356 8384 8385
f 8356 8385 8386
f 8356 8386 8387
f 8356 8387 8357
f 8356 8383 8384
f 8357 8387 8388
f 8357 8388 8389
f 8357 8389 8390
f 8357 8390 8358
f 8358 8390 8391
f 8358 8391 8360
f 8358 8360 8359
f 8360 8391 8361
f 8361 8389 8366
f 8361 8366 8362
f 8361 8391 8390
f 8361 8390 8389
f 8366 8392 8367
f 8366 8389 8392
f 8367 8392 8393
f 8367 8393 8368
f 8368 8394 8395
f 8368 8395 8396
f 8368 8396 8397
f 8368 8397 8398
f 8368 8398 8399
f 8368 8399 8369
f 8368 8393 8394
f 8372 8400 8401
f 8372 8401 8376
f 8372 8376 8373
f 8372 8374 8402
f 8372 8402 8403
f 8372 8403 8400
f 8373 8376 8375
f 8376 8404 8405
f 8376 8405 8377
f 8376 8377 8378
f 8376 8401 8400
f 8376 8400 8404
f 8377 8405 8406
f 8377 8406 8407
f 8377 8407 8408
f 8377 8408 8380
f 8380 8408 8409
f 8380 8409 8410
f 8380 8410 8381
f 8382 8411 8383
f 8383 8412 8384
f 8383 8411 8413
f 8383 8413 8412
f 8384 8412 8385
f 8385 8414 8415
f 8385 8415 8416
f 8385 8416 8417
f 8385 8417 8418
f 8385 8418 8386
f 8385 8412 8414
f 8386 8418 8419
f 8386 8419 8420
f 8386 8420 8387
f 8387 8420 8392
f 8387 8392 8421
f 8387 8421 8388
f 8388 8421 8389
f 8389 8421 8392
f 8392 8422 8394
f 8392 8394 8393
f 8392 8420 8422
f 8394 8422 8423
f 8394 8423 8395
f 8395 8424 8425
f 8395 8425 8396
f 8395 8423 8418
f 8395 8418 8426
f 8395 8426 8424
f 8396 8425 8397
f 8397 8427 8428
f 8397 8428 8429
f 8397 8429 8398
f 8397 8425 8430
f 8397 8430 8431
f 8397 8431 8432
f 8397 8432 8433
f 8397 8433 8434
f 8397 8434 8427
f 8400 8403 8435
f 8400 8435 8436
f 8400 8436 8404
f 8404 8436 8406
f 8404 8406 8405
f 8406 8437 8407
f 8406 8436 8437
f 8407 8437 8438
f 8407 8438 8439
f 8407 8439 8408
f 8408 8439 8440
f 8408 8440 8409
f 8409 8440 8441
f 8409 8441 8442
f 8409 8442 8410
f 8412 8413 8443
f 8412 8443 8444
f 8412 8444 8445
f 8412 8445 8414
f 8414 8446 8447
f 8414 8447 8415
f 8414 8445 8448
f 8414 8448 8446
f 8415 8447 8416
f 8416 8447 8449
f 8416 8449 8450
f 8416 8450 8417
f 8417 8450 8424
f 8417 8424 8426
f 8417 8426 8418
f 8418 8423 8419
f 8419 8423 8422
f 8419 8422 8420
f 8424 8450 8451
f 8424 8451 8430
f 8424 8430 8425
f 8430 8451 8452
f 8430 8452 8431
f 8431 8453 8432
f 8431 8452 8454
f 8431 8454 8453
f 8432 8455 8456
f 8432 8456 8457
f 8432 8457 8433
f 8432 8453 8455
f 8435 8458 8459
f 8435 8459 8436
f 8436 8459 8437
f 8437 8460 8461
f 8437 8461 8462
f 8437 8462 8438
f 8437 8459 8460
f 8438 8462 8439
f 8439 8462 8463
f 8439 8463 8440
f 8440 8463 8441
f 8441 8463 8464
f 8441 8464 8465
f 8446 8466 8447
f 8446 8448 8467
f 8446 8467 8466
f 8447 8466 8468
f 8447 8468 8469
f 8447 8469 8470
f 8447 8470 8449
f 8449 8470 8452
f 8449 8452 8451
f 8449 8451 8450
f 8452 8470 8454
f 8453 8471 8455
f 8453 8454 8469
f 8453 8469 8472
f 8453 8472 8468
f 8453 8468 8471
f 8454 8470 8469
f 8455 8473 8456
f 8455 8471 8473
f 8456 8473 8474
f 8458 8474 8473
f 8458 8473 8459
f 8459 8473 8475
f 8459 8475 8460
f 8460 8476 8461
f 8460 8475 8476
f 8461 8476 8462
f 8462 8464 8463
f 8462 8476 8477
f 8462 8477 8478
f 8462 8478 8466
f 8462 8466 8464
f 8464 8466 8465
f 8465 8466 8467
f 8466 8478 8468
f 8468 8478 8477
f 8468 8477 8471
f 8468 8472 8469
f 8471 8476 8473
f 8471 8477 8476
f 8473 8476 8475
o convex_25
v -0.0154132 0.0207827 -0.0614068
v -0.0154132 0.0207809 -0.0603043
v -0.0154132 0.0238868 -0.0614068
v -0.000239373 0.0207441 -0.0614068
v 0.0193984 0.0184317 -0.0614057
v -0.0154132 0.0207809 -0.0601617
v 0.0193984 0.0184281 -0.0519657
v -0.0154132 0.0238975 -0.060804
v -0.0151168 0.0240726 -0.0587948
v -0.0139003 0.0246255 -0.0587948
v -0.0121829 0.025323 -0.0614068
v 0.00626565 0.0210098 -0.0614068
v 0.0193984 0.0215116 -0.0614057
v -0.0154132 0.0207845 -0.0589385
v 0.0193984 0.0185403 -0.0512006
v -0.0154132 0.0208473 -0.0518856
v -0.0154132 0.0208356 -0.0521281
v -0.0154132 0.0208078 -0.0533326
v -0.0154132 0.0208069 -0.0534752
v -0.0154132 0.0208006 -0.0548421
v -0.0154132 0.0239218 -0.0593986
v -0.0154132 0.0239272 -0.0587948
v -0.0154132 0.0239325 -0.058013
v -0.0151202 0.0240789 -0.057429
v -0.0139003 0.0246327 -0.057429
v -0.0129019 0.0250483 -0.0587948
v -0.0122203 0.0253266 -0.0587948
v -0.0111708 0.0256946 -0.0614068
v 0.00626565 0.0269487 -0.0614068
v 0.0193984 0.0215196 -0.0609196
v 0.0188123 0.0218832 -0.0614057
v 0.0181137 0.022394 -0.0587959
v 0.0193984 0.0190735 -0.0509382
v -0.0154132 0.0210107 -0.0512183
v -0.0154132 0.0239343 -0.0560653
v -0.0151236 0.0240789 -0.0560653
v -0.0139003 0.0246336 -0.0560653
v -0.0129053 0.0250483 -0.0560653
v -0.0122203 0.0253293 -0.0560653
v -0.0111708 0.0257081 -0.057429
v -0.0111708 0.0257063 -0.0587948
v -0.00980098 0.0261309 -0.057429
v -0.00980098 0.0261228 -0.0587948
v -0.00992706 0.0260609 -0.0614068
v 0.00658937 0.0268813 -0.0614057
v 0.00774453 0.0266228 -0.0614057
v 0.00924386 0.0262862 -0.0614057
v 0.00932223 0.0262664 -0.0614057
v 0.010566 0.0258984 -0.0614057
v 0.0106887 0.0258616 -0.0614057
v 0.0119018 0.0253939 -0.0614057
v 0.0125867 0.0251156 -0.0614057
v 0.0134181 0.0247754 -0.0614057
v 0.0146619 0.0242629 -0.0614057
v 0.0147845 0.0242108 -0.0614057
v 0.0155001 0.0238993 -0.0614057
v 0.0155683 0.0238679 -0.0614057
v 0.0156296 0.0238329 -0.0614057
v 0.0173675 0.0227728 -0.0614057
v 0.018049 0.0223536 -0.0614057
v 0.00522294 0.0271659 -0.0614068
v 0.0193984 0.0215367 -0.0595486
v 0.0188838 0.0218868 -0.0587959
v 0.0174322 0.022797 -0.0587959
v 0.018124 0.0223985 -0.057429
v 0.0193984 0.0203967 -0.0508362
v 0.0188838 0.0203967 -0.0507717
v -0.0154132 0.0216552 -0.0509882
v -0.0154132 0.0214775 -0.0510267
v -0.0154132 0.0239334 -0.0552772
v -0.0151202 0.0240789 -0.0546984
v -0.0139003 0.0246336 -0.0533326
v -0.0129053 0.0250483 -0.0546984
v -0.0122203 0.0253293 -0.0546984
v -0.0111708 0.0257063 -0.0533326
v -0.00980098 0.0261246 -0.0533326
v -0.00871397 0.0264334 -0.057429
v -0.00801883 0.0266183 -0.0587948
v -0.00980098 0.0260968 -0.0614068
v 0.00658937 0.0269504 -0.0587959
v 0.00782632 0.0266758 -0.0587959
v 0.00851123 0.0265124 -0.0587959
v 0.00932223 0.0262808 -0.0601617
v 0.0106887 0.025876 -0.0587959
v 0.0119835 0.0254226 -0.057429
v 0.0119631 0.0254182 -0.0587959
v 0.012648 0.0251408 -0.0587959
v 0.0134181 0.0248257 -0.0587959
v 0.0134181 0.0248401 -0.057429
v 0.0134181 0.0248401 -0.0560653
v 0.0147845 0.0242225 -0.0533315
v 0.0155376 0.0238473 -0.0533315
v 0.0162191 0.0234837 -0.0533315
v 0.0174356 0.0228015 -0.0533315
v 0.0038531 0.02734 -0.0614068
v 0.00522294 0.027182 -0.0601617
v 0.0193984 0.0215412 -0.0587959
v 0.0188838 0.0218904 -0.057429
v 0.0193984 0.021543 -0.0581786
v 0.0181171 0.022394 -0.0533315
v 0.0188838 0.0218859 -0.0533315
v 0.0188838 0.0218886 -0.0546994
v 0.0193984 0.0212934 -0.0511173
v 0.0188838 0.0214523 -0.0510434
v 0.017606 0.0218581 -0.0509445
v -0.0139003 0.0231282 -0.0508133
v 0.0147845 0.0231273 -0.0508924
v 0.0134181 0.0231273 -0.0508091
v 0.00522294 0.0258607 -0.0508123
v -0.00433867 0.0258607 -0.0508091
v -0.0154132 0.0230905 -0.0509705
v -0.0154132 0.0239325 -0.0546984
v -0.0151065 0.0240798 -0.0533326
v -0.0121863 0.0253122 -0.0519657
v -0.0129019 0.0250483 -0.0533326
v -0.0150691 0.0240627 -0.0519657
v -0.0122203 0.0253284 -0.0533326
v -0.0111708 0.0256533 -0.0519657
v -0.00801542 0.0266129 -0.0519657
v -0.00802905 0.0266192 -0.057429
v -0.00706812 0.0268517 -0.0587948
v -0.00706812 0.026805 -0.0614068
v -0.00854018 0.0264253 -0.0614068
v 0.00522294 0.0271991 -0.0587948
v 0.00658937 0.0269603 -0.057429
v 0.00779565 0.0266821 -0.057429
v 0.00932223 0.0262539 -0.0533315
v 0.00932223 0.0262871 -0.0587959
v 0.00776157 0.0266695 -0.0519657
v 0.0106887 0.0258661 -0.0533315
v 0.0119767 0.0254208 -0.0533315
v 0.0119835 0.0254226 -0.0560653
v 0.0126685 0.0251489 -0.0560653
v 0.012665 0.0251489 -0.057429
v 0.0134181 0.0248365 -0.0533315
v 0.0147845 0.0241839 -0.0519657
v 0.0155206 0.0238383 -0.0519657
v 0.0162055 0.0234667 -0.0519657
v 0.0174152 0.0227835 -0.0519657
v 0.0038531 0.0273634 -0.0587948
v 0.00236741 0.0274325 -0.0614068
v 0.00112365 0.0275555 -0.0587948
v 0.00248667 0.0274675 -0.0587948
v 0.0193984 0.0215412 -0.0560653
v 0.0188838 0.0218554 -0.0519657
v 0.0193984 0.0215187 -0.0519657
v 0.0181001 0.022367 -0.0519657
v 0.0193984 0.0215367 -0.0533315
v 0.0193984 0.0215385 -0.0540852
v 0.0193984 0.0215394 -0.0546994
v 0.0154933 0.0238239 -0.0512672
v 0.0172107 0.0226588 -0.0511079
v 0.0160283 0.0231193 -0.0510621
v -0.0057051 0.0258607 -0.0508237
v -0.0111708 0.0244945 -0.0508622
v -0.0139003 0.0241516 -0.0510486
v -0.0153144 0.0231947 -0.0509799
v 0.0134181 0.0242539 -0.0510298
v 0.0106887 0.0244936 -0.0508331
v 0.00626565 0.0258607 -0.0508529
v 0.00522294 0.0268113 -0.0510475
v 0.0038531 0.0268643 -0.051034
v 0.00112365 0.0269361 -0.0510309
v -0.000239373 0.0269522 -0.0510298
v -0.0016058 0.0269298 -0.0510309
v -0.00297223 0.0268894 -0.051033
v -0.00433867 0.0268481 -0.051035
v -0.0154132 0.0231641 -0.0509861
v -0.0154132 0.0239281 -0.0539301
v -0.0154132 0.02392 -0.0533326
v -0.0154132 0.0239011 -0.0526132
v -0.0120534 0.0252566 -0.0511995
v -0.0154132 0.0238688 -0.0519657
v -0.0154132 0.0237916 -0.0516378
v -0.0148919 0.0239675 -0.0511391
v -0.00790638 0.0265842 -0.0512339
v -0.00706812 0.0268248 -0.0519657
v -0.00706812 0.0268427 -0.0533326
v -0.00706812 0.0268535 -0.057429
v -0.0057051 0.0271201 -0.0587948
v -0.0057051 0.0271031 -0.0601617
v -0.0057051 0.0270869 -0.0614068
v 0.00522294 0.0271758 -0.0533326
v 0.00658937 0.0269504 -0.0533315
v 0.0038531 0.027358 -0.057429
v 0.00658937 0.0269244 -0.0519657
v 0.00757416 0.0266192 -0.0511974
v 0.0106887 0.0257979 -0.0519657
v 0.0119426 0.0254002 -0.0519657
v 0.0126582 0.0251453 -0.0533315
v 0.00248667 0.0274774 -0.057429
v 0.00112365 0.0275079 -0.0614068
v 0.00112365 0.0275662 -0.057429
v -0.000239373 0.02756 -0.0614068
v -0.000239373 0.0275869 -0.0587948
v 0.011728 0.0253122 -0.0511537
v 0.0147845 0.0239774 -0.0511443
v -0.0057051 0.0267826 -0.0510631
v -0.00706812 0.0258607 -0.0509039
v -0.0111708 0.0253894 -0.0510975
v 0.0106887 0.0254523 -0.0510631
v 0.00658937 0.0258598 -0.0508653
v 0.00658937 0.0267171 -0.0511069
v 0.0038531 0.0272583 -0.0519657
v 0.00112365 0.0274388 -0.0519657
v -0.000239373 0.0274801 -0.0519657
v -0.0016058 0.0274271 -0.0519657
v -0.00706812 0.0266704 -0.0511485
v -0.0057051 0.0270689 -0.0519657
v -0.0057051 0.0271093 -0.0533326
v -0.0057051 0.0271192 -0.057429
v -0.00433867 0.0273023 -0.057429
v -0.00433867 0.0273023 -0.0587948
v -0.00433867 0.0272539 -0.0614068
v 0.0038531 0.027314 -0.0533326
v 0.00522294 0.0271354 -0.0519657
v 0.00248667 0.0274388 -0.0533326
v 0.00112365 0.0275644 -0.0546984
v 0.00112365 0.0275555 -0.0533326
v -0.000239373 0.027595 -0.057429
v -0.000239373 0.0275977 -0.0533326
v -0.0016058 0.0275052 -0.0614068
v -0.0016058 0.0275357 -0.057429
v -0.00297223 0.0273293 -0.0519657
v -0.00433867 0.0272242 -0.0519657
v -0.0016058 0.0275294 -0.0533326
v -0.00433867 0.0272772 -0.0533326
v -0.00297223 0.0274334 -0.057429
v -0.00297223 0.0274217 -0.0587948
v -0.00172848 0.0274944 -0.0614068
v -0.00297223 0.0274065 -0.0533326
f 8479 8480 8484
f 8479 8484 8492
f 8479 8492 8498
f 8479 8498 8497
f 8479 8497 8496
f 8479 8496 8495
f 8479 8495 8494
f 8479 8494 8512
f 8479 8512 8547
f 8479 8547 8546
f 8479 8546 8589
f 8479 8589 8646
f 8479 8646 8652
f 8479 8652 8651
f 8479 8651 8649
f 8479 8649 8648
f 8479 8648 8647
f 8479 8647 8590
f 8479 8590 8548
f 8479 8548 8513
f 8479 8513 8501
f 8479 8501 8500
f 8479 8500 8499
f 8479 8499 8486
f 8479 8486 8481
f 8479 8481 8489
f 8479 8489 8506
f 8479 8506 8522
f 8479 8522 8557
f 8479 8557 8601
f 8479 8601 8600
f 8479 8600 8660
f 8479 8660 8692
f 8479 8692 8708
f 8479 8708 8700
f 8479 8700 8672
f 8479 8672 8670
f 8479 8670 8619
f 8479 8619 8573
f 8479 8573 8539
f 8479 8539 8507
f 8479 8507 8490
f 8479 8490 8482
f 8479 8482 8483
f 8479 8483 8480
f 8480 8483 8485
f 8480 8485 8484
f 8481 8486 8487
f 8481 8487 8488
f 8481 8488 8489
f 8482 8490 8483
f 8483 8491 8508
f 8483 8508 8540
f 8483 8540 8575
f 8483 8575 8577
f 8483 8577 8622
f 8483 8622 8628
f 8483 8628 8627
f 8483 8627 8626
f 8483 8626 8624
f 8483 8624 8581
f 8483 8581 8544
f 8483 8544 8511
f 8483 8511 8493
f 8483 8493 8485
f 8483 8490 8507
f 8483 8507 8491
f 8484 8485 8492
f 8485 8493 8494
f 8485 8494 8495
f 8485 8495 8496
f 8485 8496 8497
f 8485 8497 8498
f 8485 8498 8492
f 8486 8499 8487
f 8487 8499 8500
f 8487 8500 8501
f 8487 8501 8502
f 8487 8502 8488
f 8488 8503 8504
f 8488 8504 8489
f 8488 8502 8503
f 8489 8504 8505
f 8489 8505 8506
f 8491 8507 8509
f 8491 8509 8510
f 8491 8510 8508
f 8493 8511 8512
f 8493 8512 8494
f 8501 8513 8514
f 8501 8514 8502
f 8502 8514 8503
f 8503 8514 8515
f 8503 8515 8504
f 8504 8515 8516
f 8504 8516 8517
f 8504 8517 8505
f 8505 8517 8518
f 8505 8518 8519
f 8505 8519 8506
f 8506 8519 8520
f 8506 8520 8521
f 8506 8521 8522
f 8507 8523 8524
f 8507 8524 8525
f 8507 8525 8526
f 8507 8526 8527
f 8507 8527 8528
f 8507 8528 8529
f 8507 8529 8530
f 8507 8530 8531
f 8507 8531 8532
f 8507 8532 8533
f 8507 8533 8534
f 8507 8534 8535
f 8507 8535 8536
f 8507 8536 8537
f 8507 8537 8538
f 8507 8538 8509
f 8507 8539 8523
f 8508 8510 8541
f 8508 8541 8540
f 8509 8538 8510
f 8510 8538 8537
f 8510 8537 8536
f 8510 8536 8542
f 8510 8542 8543
f 8510 8543 8541
f 8511 8544 8545
f 8511 8545 8546
f 8511 8546 8547
f 8511 8547 8512
f 8513 8548 8514
f 8514 8548 8549
f 8514 8549 8550
f 8514 8550 8515
f 8515 8550 8551
f 8515 8551 8516
f 8516 8551 8552
f 8516 8552 8517
f 8517 8552 8518
f 8518 8553 8520
f 8518 8520 8519
f 8518 8552 8553
f 8520 8554 8555
f 8520 8555 8521
f 8520 8553 8554
f 8521 8555 8556
f 8521 8556 8557
f 8521 8557 8522
f 8523 8558 8559
f 8523 8559 8524
f 8523 8539 8558
f 8524 8559 8525
f 8525 8560 8526
f 8525 8559 8560
f 8526 8560 8561
f 8526 8561 8527
f 8527 8561 8528
f 8528 8562 8563
f 8528 8563 8564
f 8528 8564 8529
f 8528 8561 8562
f 8529 8564 8565
f 8529 8565 8530
f 8530 8565 8566
f 8530 8566 8531
f 8531 8566 8532
f 8532 8566 8533
f 8533 8566 8567
f 8533 8567 8534
f 8534 8567 8568
f 8534 8568 8569
f 8534 8569 8535
f 8535 8570 8571
f 8535 8571 8572
f 8535 8572 8536
f 8535 8569 8570
f 8536 8572 8542
f 8539 8573 8574
f 8539 8574 8558
f 8540 8541 8575
f 8541 8543 8576
f 8541 8576 8577
f 8541 8577 8575
f 8542 8572 8543
f 8543 8578 8579
f 8543 8579 8580
f 8543 8580 8576
f 8543 8572 8578
f 8544 8581 8582
f 8544 8582 8583
f 8544 8583 8545
f 8545 8584 8546
f 8545 8583 8585
f 8545 8585 8586
f 8545 8586 8587
f 8545 8587 8588
f 8545 8588 8584
f 8546 8584 8589
f 8548 8590 8549
f 8549 8591 8550
f 8549 8590 8591
f 8550 8592 8593
f 8550 8593 8551
f 8550 8591 8594
f 8550 8594 8592
f 8551 8593 8595
f 8551 8595 8552
f 8552 8595 8553
f 8553 8596 8554
f 8553 8595 8592
f 8553 8592 8596
f 8554 8596 8597
f 8554 8597 8555
f 8555 8597 8598
f 8555 8598 8556
f 8556 8599 8600
f 8556 8600 8601
f 8556 8601 8557
f 8556 8598 8599
f 8558 8602 8603
f 8558 8603 8559
f 8558 8574 8602
f 8559 8603 8604
f 8559 8604 8560
f 8560 8605 8606
f 8560 8606 8561
f 8560 8604 8607
f 8560 8607 8605
f 8561 8606 8562
f 8562 8606 8608
f 8562 8608 8609
f 8562 8609 8610
f 8562 8610 8563
f 8563 8610 8611
f 8563 8611 8612
f 8563 8612 8564
f 8564 8612 8565
f 8565 8612 8566
f 8566 8612 8567
f 8567 8612 8611
f 8567 8611 8568
f 8568 8611 8613
f 8568 8613 8569
f 8569 8614 8615
f 8569 8615 8570
f 8569 8613 8614
f 8570 8615 8571
f 8571 8615 8616
f 8571 8616 8572
f 8572 8616 8617
f 8572 8617 8578
f 8573 8618 8602
f 8573 8602 8574
f 8573 8619 8620
f 8573 8620 8621
f 8573 8621 8618
f 8576 8580 8577
f 8577 8580 8622
f 8578 8623 8624
f 8578 8624 8579
f 8578 8617 8625
f 8578 8625 8623
f 8579 8624 8626
f 8579 8626 8627
f 8579 8627 8580
f 8580 8627 8628
f 8580 8628 8622
f 8581 8624 8623
f 8581 8623 8625
f 8581 8625 8629
f 8581 8629 8630
f 8581 8630 8582
f 8582 8630 8583
f 8583 8630 8631
f 8583 8631 8585
f 8584 8588 8632
f 8584 8632 8633
f 8584 8633 8634
f 8584 8634 8635
f 8584 8635 8589
f 8585 8631 8636
f 8585 8636 8637
f 8585 8637 8586
f 8586 8637 8587
f 8587 8637 8638
f 8587 8638 8639
f 8587 8639 8640
f 8587 8640 8641
f 8587 8641 8642
f 8587 8642 8588
f 8588 8642 8643
f 8588 8643 8644
f 8588 8644 8645
f 8588 8645 8632
f 8589 8635 8646
f 8590 8647 8591
f 8591 8647 8648
f 8591 8648 8649
f 8591 8649 8594
f 8592 8595 8593
f 8592 8594 8650
f 8592 8650 8596
f 8594 8649 8651
f 8594 8651 8652
f 8594 8652 8653
f 8594 8653 8650
f 8596 8650 8654
f 8596 8654 8597
f 8597 8654 8655
f 8597 8655 8656
f 8597 8656 8657
f 8597 8657 8598
f 8598 8657 8599
f 8599 8657 8658
f 8599 8658 8659
f 8599 8659 8660
f 8599 8660 8600
f 8602 8661 8662
f 8602 8662 8603
f 8602 8618 8663
f 8602 8663 8661
f 8603 8662 8604
f 8604 8662 8607
f 8605 8608 8606
f 8605 8607 8608
f 8607 8662 8664
f 8607 8664 8665
f 8607 8665 8666
f 8607 8666 8608
f 8608 8666 8667
f 8608 8667 8609
f 8609 8667 8668
f 8609 8668 8611
f 8609 8611 8610
f 8611 8668 8613
f 8613 8668 8667
f 8613 8667 8614
f 8614 8629 8615
f 8614 8667 8629
f 8615 8629 8616
f 8616 8629 8617
f 8617 8629 8625
f 8618 8621 8669
f 8618 8669 8663
f 8619 8670 8620
f 8620 8671 8621
f 8620 8670 8672
f 8620 8672 8673
f 8620 8673 8671
f 8621 8671 8669
f 8629 8667 8674
f 8629 8674 8675
f 8629 8675 8630
f 8630 8675 8631
f 8631 8675 8636
f 8632 8645 8676
f 8632 8676 8677
f 8632 8677 8633
f 8633 8678 8634
f 8633 8677 8678
f 8634 8678 8653
f 8634 8653 8635
f 8635 8653 8646
f 8636 8675 8674
f 8636 8674 8679
f 8636 8679 8637
f 8637 8679 8680
f 8637 8680 8638
f 8638 8680 8639
f 8639 8680 8681
f 8639 8681 8682
f 8639 8682 8683
f 8639 8683 8640
f 8640 8683 8684
f 8640 8684 8641
f 8641 8684 8642
f 8642 8684 8643
f 8643 8684 8644
f 8644 8684 8645
f 8645 8684 8685
f 8645 8685 8676
f 8646 8653 8652
f 8650 8678 8654
f 8650 8653 8678
f 8654 8686 8687
f 8654 8687 8655
f 8654 8678 8686
f 8655 8688 8656
f 8655 8687 8688
f 8656 8688 8657
f 8657 8688 8689
f 8657 8689 8658
f 8658 8689 8690
f 8658 8690 8691
f 8658 8691 8659
f 8659 8691 8660
f 8660 8691 8692
f 8661 8663 8693
f 8661 8693 8694
f 8661 8694 8664
f 8661 8664 8662
f 8663 8669 8695
f 8663 8695 8693
f 8664 8694 8665
f 8665 8694 8681
f 8665 8681 8679
f 8665 8679 8674
f 8665 8674 8666
f 8666 8674 8667
f 8669 8671 8696
f 8669 8696 8697
f 8669 8697 8695
f 8671 8673 8698
f 8671 8698 8699
f 8671 8699 8696
f 8672 8700 8673
f 8673 8700 8701
f 8673 8701 8698
f 8676 8685 8702
f 8676 8702 8703
f 8676 8703 8686
f 8676 8686 8678
f 8676 8678 8677
f 8679 8681 8680
f 8681 8694 8682
f 8682 8695 8697
f 8682 8697 8683
f 8682 8694 8695
f 8683 8697 8699
f 8683 8699 8684
f 8684 8699 8685
f 8685 8699 8704
f 8685 8704 8702
f 8686 8703 8687
f 8687 8703 8705
f 8687 8705 8688
f 8688 8705 8690
f 8688 8690 8689
f 8690 8705 8706
f 8690 8706 8691
f 8691 8706 8707
f 8691 8707 8700
f 8691 8700 8708
f 8691 8708 8692
f 8693 8695 8694
f 8696 8699 8697
f 8698 8701 8699
f 8699 8701 8704
f 8700 8707 8706
f 8700 8706 8701
f 8701 8706 8704
f 8702 8704 8703
f 8703 8704 8709
f 8703 8709 8705
f 8704 8706 8709
f 8705 8709 8706
o convex_26
v 0.0370476 -0.0251657 -0.0232411
v 0.037032 -0.0251657 -0.0232993
v 0.0338318 -0.0251657 -0.0232411
v 0.0367537 -0.0260902 -0.0232411
v 0.0366565 -0.0251657 -0.0246401
v 0.0363794 -0.0260579 -0.0246401
v 0.0297601 -0.0251657 -0.0364615
v 0.0256325 -0.030531 -0.0364615
v 0.0256325 -0.0315174 -0.0340762
v 0.0256325 -0.0360888 -0.0232411
v 0.0359671 -0.0267496 -0.0253338
v 0.0362677 -0.0274897 -0.0232411
v 0.0362721 -0.0251657 -0.0259563
v 0.036061 -0.0259328 -0.0258761
v 0.0326988 -0.0251657 -0.0364615
v 0.0256325 -0.0338697 -0.0364615
v 0.0256325 -0.0389121 -0.0232411
v 0.0355604 -0.0272933 -0.0258761
v 0.0345592 -0.0280025 -0.0279481
v 0.0332195 -0.0253433 -0.0348489
v 0.0331435 -0.0251657 -0.035263
v 0.0359716 -0.0253945 -0.0267096
v 0.0362386 -0.0275732 -0.0232411
v 0.0360084 -0.0282312 -0.0232411
v 0.0358319 -0.0287184 -0.0232411
v 0.0357839 -0.0288502 -0.0232411
v 0.0357738 -0.0288099 -0.0233278
v 0.0353637 -0.0287897 -0.0246401
v 0.0359962 -0.0251657 -0.0268597
v 0.0322798 -0.0260606 -0.0364615
v 0.0258046 -0.0337419 -0.0364615
v 0.0292338 -0.0363741 -0.0254801
v 0.0277075 -0.0362691 -0.0279792
v 0.0264438 -0.036327 -0.0294792
v 0.0256325 -0.0364911 -0.0300409
v 0.0256325 -0.0388838 -0.0233537
v 0.0257432 -0.038869 -0.0232955
v 0.0257666 -0.0388757 -0.0232411
v 0.0347179 -0.0283698 -0.0270383
v 0.0346788 -0.0296348 -0.0255396
v 0.0345067 -0.0292809 -0.0264494
v 0.0352285 -0.0301556 -0.0232411
v 0.0352185 -0.0301569 -0.0232735
v 0.0348844 -0.0288112 -0.0259991
v 0.0318988 -0.0268034 -0.0364615
v 0.0342553 -0.0301166 -0.0259991
v 0.0264449 -0.0332642 -0.0364615
v 0.0301802 -0.0360605 -0.0246401
v 0.0304294 -0.0362489 -0.0238403
v 0.0294975 -0.0365652 -0.0246401
v 0.0288226 -0.0374924 -0.0235206
v 0.0279109 -0.0377413 -0.0241406
v 0.0267309 -0.036479 -0.0287389
v 0.0275499 -0.0375583 -0.0250517
v 0.0270907 -0.037386 -0.0260521
v 0.0266393 -0.0377844 -0.0256263
v 0.0262538 -0.0376081 -0.0265374
v 0.0256325 -0.0364979 -0.0300241
v 0.0256325 -0.0384545 -0.0247256
v 0.0257186 -0.0384545 -0.0246401
v 0.027084 -0.0383994 -0.0232735
v 0.0270818 -0.0384088 -0.0232411
v 0.034805 -0.0301166 -0.0245327
v 0.0344475 -0.0305458 -0.0249158
v 0.0352118 -0.0301906 -0.0232411
v 0.0347447 -0.0311178 -0.0232735
v 0.0346151 -0.0308728 -0.0240047
v 0.0318429 -0.0269071 -0.0364615
v 0.0333592 -0.0310424 -0.0269917
v 0.0336363 -0.0302215 -0.0274175
v 0.0273488 -0.0325254 -0.0364615
v 0.0304451 -0.0348857 -0.0266009
v 0.030597 -0.0363835 -0.0232411
v 0.0297836 -0.0369689 -0.0232411
v 0.0306987 -0.0351239 -0.0256897
v 0.0309758 -0.0353769 -0.0246401
v 0.0312652 -0.0356958 -0.0234249
v 0.028921 -0.0375489 -0.0232411
v 0.0283545 -0.0378409 -0.0232411
v 0.0270907 -0.0379405 -0.024613
v 0.0257666 -0.0379647 -0.0260521
v 0.0256325 -0.0379095 -0.026355
v 0.0256325 -0.0375623 -0.0272997
v 0.0256325 -0.0374601 -0.0275689
v 0.0256325 -0.037966 -0.026188
v 0.0271164 -0.0383953 -0.0232411
v 0.0341111 -0.0314057 -0.0245327
v 0.0347492 -0.0311285 -0.0232411
v 0.034376 -0.0318121 -0.0232411
v 0.0315267 -0.027483 -0.0364615
v 0.0308272 -0.0286121 -0.0364615
v 0.0335111 -0.031508 -0.0259162
v 0.0332653 -0.0322535 -0.0253998
v 0.0275801 -0.0323356 -0.0364615
v 0.0316585 -0.0347189 -0.0246401
v 0.0277511 -0.0321903 -0.0364615
v 0.0280014 -0.0319467 -0.0364615
v 0.0284438 -0.031508 -0.0364615
v 0.0313099 -0.0357429 -0.0232411
v 0.0318462 -0.0349167 -0.0239193
v 0.0334195 -0.032485 -0.0246401
v 0.0336709 -0.0329439 -0.0232411
v 0.0336541 -0.0329466 -0.0232812
v 0.0303579 -0.0292795 -0.0364615
v 0.0331424 -0.0334418 -0.023742
v 0.0329413 -0.0331686 -0.0246401
v 0.0320228 -0.0337553 -0.0256483
v 0.0286059 -0.0313411 -0.0364615
v 0.0291132 -0.0308136 -0.0364615
v 0.0320071 -0.0350849 -0.0232411
v 0.0322585 -0.0340366 -0.0246401
v 0.0326027 -0.0343125 -0.0233744
v 0.0336262 -0.0330125 -0.0232411
v 0.0332452 -0.0335871 -0.0232411
v 0.0301925 -0.0294962 -0.0364615
v 0.0325401 -0.0328712 -0.0259796
v 0.0317948 -0.0334875 -0.0265594
v 0.0294495 -0.0304193 -0.0364615
v 0.0296674 -0.0301529 -0.0364615
v 0.0324072 -0.0346125 -0.0232411
v 0.0327804 -0.0341644 -0.0232411
v 0.0326373 -0.0343407 -0.0232411
f 8710 8711 8714
f 8710 8714 8722
f 8710 8722 8738
f 8710 8738 8730
f 8710 8730 8724
f 8710 8724 8716
f 8710 8716 8712
f 8710 8712 8719
f 8710 8719 8726
f 8710 8726 8747
f 8710 8747 8771
f 8710 8771 8795
f 8710 8795 8788
f 8710 8788 8787
f 8710 8787 8783
f 8710 8783 8782
f 8710 8782 8808
f 8710 8808 8819
f 8710 8819 8829
f 8710 8829 8831
f 8710 8831 8830
f 8710 8830 8823
f 8710 8823 8822
f 8710 8822 8811
f 8710 8811 8798
f 8710 8798 8797
f 8710 8797 8774
f 8710 8774 8751
f 8710 8751 8735
f 8710 8735 8734
f 8710 8734 8733
f 8710 8733 8732
f 8710 8732 8721
f 8710 8721 8713
f 8710 8713 8711
f 8711 8713 8715
f 8711 8715 8714
f 8712 8716 8717
f 8712 8717 8718
f 8712 8718 8719
f 8713 8720 8715
f 8713 8721 8720
f 8714 8715 8720
f 8714 8720 8723
f 8714 8723 8722
f 8716 8724 8739
f 8716 8739 8754
f 8716 8754 8777
f 8716 8777 8799
f 8716 8799 8800
f 8716 8800 8813
f 8716 8813 8824
f 8716 8824 8828
f 8716 8828 8827
f 8716 8827 8818
f 8716 8818 8817
f 8716 8817 8807
f 8716 8807 8806
f 8716 8806 8805
f 8716 8805 8803
f 8716 8803 8780
f 8716 8780 8756
f 8716 8756 8740
f 8716 8740 8725
f 8716 8725 8717
f 8717 8725 8744
f 8717 8744 8767
f 8717 8767 8793
f 8717 8793 8792
f 8717 8792 8791
f 8717 8791 8794
f 8717 8794 8768
f 8717 8768 8745
f 8717 8745 8726
f 8717 8726 8719
f 8717 8719 8718
f 8720 8727 8728
f 8720 8728 8729
f 8720 8729 8730
f 8720 8730 8731
f 8720 8731 8723
f 8720 8721 8732
f 8720 8732 8733
f 8720 8733 8734
f 8720 8734 8735
f 8720 8735 8736
f 8720 8736 8737
f 8720 8737 8727
f 8722 8723 8738
f 8723 8731 8738
f 8724 8730 8729
f 8724 8729 8728
f 8724 8728 8739
f 8725 8740 8741
f 8725 8741 8742
f 8725 8742 8743
f 8725 8743 8744
f 8726 8745 8746
f 8726 8746 8747
f 8727 8737 8728
f 8728 8737 8748
f 8728 8748 8749
f 8728 8749 8750
f 8728 8750 8739
f 8730 8738 8731
f 8735 8751 8752
f 8735 8752 8736
f 8736 8752 8737
f 8737 8752 8749
f 8737 8749 8753
f 8737 8753 8748
f 8739 8750 8749
f 8739 8749 8755
f 8739 8755 8754
f 8740 8756 8741
f 8741 8757 8758
f 8741 8758 8759
f 8741 8759 8760
f 8741 8760 8742
f 8741 8756 8757
f 8742 8760 8761
f 8742 8761 8762
f 8742 8762 8743
f 8743 8762 8763
f 8743 8763 8764
f 8743 8764 8765
f 8743 8765 8766
f 8743 8766 8744
f 8744 8766 8767
f 8745 8768 8746
f 8746 8768 8769
f 8746 8769 8770
f 8746 8770 8747
f 8747 8770 8771
f 8748 8753 8749
f 8749 8752 8772
f 8749 8772 8773
f 8749 8773 8755
f 8751 8774 8752
f 8752 8774 8775
f 8752 8775 8776
f 8752 8776 8772
f 8754 8755 8777
f 8755 8773 8778
f 8755 8778 8779
f 8755 8779 8777
f 8756 8780 8781
f 8756 8781 8757
f 8757 8781 8758
f 8758 8782 8783
f 8758 8783 8759
f 8758 8781 8784
f 8758 8784 8785
f 8758 8785 8786
f 8758 8786 8782
f 8759 8783 8787
f 8759 8787 8760
f 8760 8787 8761
f 8761 8788 8770
f 8761 8770 8789
f 8761 8789 8765
f 8761 8765 8763
f 8761 8763 8762
f 8761 8787 8788
f 8763 8765 8764
f 8765 8789 8770
f 8765 8770 8769
f 8765 8769 8790
f 8765 8790 8791
f 8765 8791 8766
f 8766 8791 8792
f 8766 8792 8793
f 8766 8793 8767
f 8768 8794 8769
f 8769 8794 8790
f 8770 8795 8771
f 8770 8788 8795
f 8772 8776 8773
f 8773 8776 8796
f 8773 8796 8778
f 8774 8797 8775
f 8775 8797 8798
f 8775 8798 8776
f 8776 8798 8796
f 8777 8779 8778
f 8777 8778 8799
f 8778 8800 8799
f 8778 8796 8801
f 8778 8801 8802
f 8778 8802 8800
f 8780 8803 8781
f 8781 8804 8784
f 8781 8803 8805
f 8781 8805 8806
f 8781 8806 8807
f 8781 8807 8804
f 8782 8786 8808
f 8784 8804 8809
f 8784 8809 8785
f 8785 8809 8786
f 8786 8809 8808
f 8790 8794 8791
f 8796 8798 8801
f 8798 8810 8802
f 8798 8802 8801
f 8798 8811 8812
f 8798 8812 8810
f 8800 8802 8813
f 8802 8810 8814
f 8802 8814 8815
f 8802 8815 8813
f 8804 8816 8809
f 8804 8807 8817
f 8804 8817 8818
f 8804 8818 8816
f 8808 8809 8819
f 8809 8816 8820
f 8809 8820 8821
f 8809 8821 8819
f 8810 8812 8814
f 8811 8822 8812
f 8812 8822 8823
f 8812 8823 8814
f 8813 8815 8825
f 8813 8825 8816
f 8813 8816 8824
f 8814 8823 8821
f 8814 8821 8820
f 8814 8820 8816
f 8814 8816 8815
f 8815 8816 8825
f 8816 8818 8826
f 8816 8826 8827
f 8816 8827 8828
f 8816 8828 8824
f 8818 8827 8826
f 8819 8821 8829
f 8821 8830 8831
f 8821 8831 8829
f 8821 8823 8830
o convex_27
v -0.0302995 -0.0385724 -0.0164426
v -0.0302995 -0.0384507 -0.0178091
v -0.0293445 -0.0385132 -0.0191841
v -0.0293445 -0.038545 -0.0178091
v -0.0302995 -0.0384836 -0.0150761
v -0.0316661 -0.0382971 -0.0147253
v -0.0312957 -0.0379024 -0.0178091
v -0.0303887 -0.0380701 -0.0192039
v -0.0293445 -0.0381995 -0.0205421
v -0.0316661 -0.0382631 -0.0150761
v -0.031715 -0.0380033 -0.0163294
v -0.0293445 -0.038284 -0.0164596
v -0.0293445 -0.0380142 -0.0150761
v -0.0302747 -0.0383991 -0.0147253
v -0.0325088 -0.0378124 -0.0147253
v -0.0322028 -0.0375493 -0.0167086
v -0.0309031 -0.0376151 -0.0196792
v -0.0299515 -0.037875 -0.0205421
v -0.0293445 -0.0375942 -0.0223599
v -0.0324617 -0.037773 -0.0150761
v -0.0323605 -0.0376809 -0.0157975
v -0.0293445 -0.037955 -0.0148455
v -0.0293942 -0.0379484 -0.0147253
v -0.0326846 -0.0376414 -0.0147253
v -0.0327215 -0.0366862 -0.0178091
v -0.0325328 -0.036479 -0.018945
v -0.031979 -0.0373694 -0.0178091
v -0.0317201 -0.037047 -0.0193114
v -0.0323485 -0.0363024 -0.0198561
v -0.0315024 -0.0367663 -0.0205421
v -0.0312212 -0.0365195 -0.0216597
v -0.0306348 -0.0374495 -0.0205421
v -0.0294499 -0.0375646 -0.0222736
v -0.0293445 -0.0375328 -0.0225183
v -0.0328055 -0.0370514 -0.0163294
v -0.0332719 -0.0370251 -0.0147253
v -0.0293445 -0.0371896 -0.0148455
v -0.0293668 -0.0379342 -0.0147253
v -0.0336954 -0.0362772 -0.0156844
v -0.0335933 -0.0361489 -0.0164426
v -0.0334047 -0.0359142 -0.0178091
v -0.0330901 -0.0356774 -0.0193015
v -0.0336474 -0.0348483 -0.019658
v -0.0323742 -0.0349657 -0.0226499
v -0.0310111 -0.0349657 -0.0253773
v -0.0297972 -0.0364548 -0.0242753
v -0.0300835 -0.0366797 -0.0232723
v -0.0293445 -0.0369812 -0.0237929
v -0.0332461 -0.036922 -0.015168
v -0.0338128 -0.0364241 -0.0147734
v -0.0337914 -0.0364614 -0.0147253
v -0.0293445 -0.0366709 -0.0157127
v -0.030219 -0.0273706 -0.0147253
v -0.0293668 -0.0372203 -0.0147253
v -0.034124 -0.0354668 -0.0164426
v -0.0339337 -0.035231 -0.0178091
v -0.0337914 -0.0350523 -0.018747
v -0.0339723 -0.0339359 -0.0205421
v -0.0338137 -0.0336914 -0.0214828
v -0.0336431 -0.0334556 -0.0223924
v -0.0327095 -0.0342693 -0.0231719
v -0.0321531 -0.0347354 -0.0235609
v -0.0311731 -0.0337956 -0.0270522
v -0.0307248 -0.0332911 -0.0287384
v -0.0303081 -0.0334819 -0.0291755
v -0.0307436 -0.0347069 -0.0262883
v -0.0298323 -0.035117 -0.0269871
v -0.0302927 -0.035299 -0.0259021
v -0.0295194 -0.0362432 -0.0251863
v -0.0293445 -0.0361193 -0.0257168
v -0.0342123 -0.035741 -0.015168
v -0.0338188 -0.0364307 -0.0147253
v -0.0293445 -0.0305803 -0.0291755
v -0.0381028 -0.0273706 -0.0147253
v -0.0302061 -0.0273706 -0.0150761
v -0.0348073 -0.0345062 -0.0164426
v -0.0341189 -0.0343373 -0.0191912
v -0.0351237 -0.0336442 -0.0172603
v -0.0346924 -0.0328152 -0.0205223
v -0.0341232 -0.0329567 -0.0219256
v -0.0338531 -0.0310815 -0.0256687
v -0.0335753 -0.0319928 -0.0249331
v -0.0325414 -0.0338252 -0.0243319
v -0.0313275 -0.0326091 -0.0287384
v -0.0305936 -0.0331716 -0.0291755
v -0.0299275 -0.0338515 -0.0291755
v -0.0293445 -0.0353922 -0.0271766
v -0.0293445 -0.0359 -0.0261652
v -0.0294868 -0.034232 -0.0291755
v -0.0293445 -0.0343472 -0.0291755
v -0.0293445 -0.0359833 -0.0259954
v -0.0349462 -0.0347255 -0.0150761
v -0.0343469 -0.035673 -0.0147253
v -0.0313978 -0.0273706 -0.0291755
v -0.0302035 -0.0273706 -0.016495
v -0.0302052 -0.0273706 -0.0151284
v -0.0380745 -0.027478 -0.0147253
v -0.0378988 -0.0273706 -0.0162488
v -0.035224 -0.033823 -0.0164426
v -0.0361327 -0.0314258 -0.0177624
v -0.0353748 -0.0329216 -0.0177525
v -0.0357503 -0.0315223 -0.0191756
v -0.0351417 -0.0323108 -0.0200541
v -0.0350002 -0.03203 -0.0209651
v -0.0348347 -0.0317548 -0.0219072
v -0.0350962 -0.0308687 -0.0226343
v -0.0349239 -0.0305409 -0.0235439
v -0.0351588 -0.0296296 -0.0241466
v -0.0341197 -0.0302426 -0.0260761
v -0.0336679 -0.0307558 -0.0265783
v -0.0333953 -0.0315311 -0.0260761
v -0.0324583 -0.0323393 -0.0269135
v -0.0322439 -0.0320399 -0.0278245
v -0.0312092 -0.0324731 -0.0291755
v -0.03091 -0.032813 -0.0291755
v -0.0349736 -0.0347683 -0.0147253
v -0.0353757 -0.0341147 -0.0147253
v -0.0353628 -0.0340423 -0.0150761
v -0.0343006 -0.0273706 -0.0291755
v -0.0378619 -0.0282687 -0.0147253
v -0.0377993 -0.0273706 -0.0169306
v -0.0355677 -0.0337813 -0.0147253
v -0.0360838 -0.0328064 -0.0147253
v -0.0360667 -0.0327571 -0.0149502
v -0.0356972 -0.0328887 -0.0164426
v -0.0363865 -0.0306713 -0.0181868
v -0.0362262 -0.0325312 -0.0147253
v -0.0364773 -0.0309049 -0.0172758
v -0.0362605 -0.030395 -0.0191756
v -0.0352694 -0.0301132 -0.023162
v -0.0364602 -0.0295046 -0.0199041
v -0.0357975 -0.0287896 -0.0232723
v -0.035398 -0.0274791 -0.0260407
v -0.0350233 -0.0279715 -0.0265203
v -0.0344541 -0.0274243 -0.0287384
v -0.0339431 -0.0285286 -0.0287384
v -0.0334896 -0.0290462 -0.0291755
v -0.0332744 -0.0294388 -0.0291755
v -0.0328286 -0.0302009 -0.0291755
v -0.0325929 -0.0305946 -0.0291755
v -0.0322276 -0.0311615 -0.0291755
v -0.0320776 -0.0315596 -0.0288742
v -0.031673 -0.0318809 -0.0291755
v -0.0342843 -0.02741 -0.0291755
v -0.0344738 -0.0273706 -0.0287426
v -0.037681 -0.0288773 -0.0147253
v -0.037795 -0.0280406 -0.0156349
v -0.0376622 -0.0287523 -0.0151383
v -0.037633 -0.0273706 -0.0178261
v -0.0376244 -0.0273892 -0.0178417
v -0.0374341 -0.0287896 -0.0164426
v -0.0377325 -0.0278432 -0.0164426
v -0.0369352 -0.0301559 -0.0164426
v -0.0366505 -0.0301921 -0.0177624
v -0.0365579 -0.0318129 -0.0147253
v -0.0371855 -0.0301559 -0.0150761
v -0.0371495 -0.0287896 -0.0178091
v -0.0368631 -0.0287896 -0.0191756
v -0.0373372 -0.0274243 -0.0191756
v -0.0366059 -0.0287578 -0.0204318
v -0.0365211 -0.0282807 -0.0214786
v -0.036197 -0.0287578 -0.0219228
v -0.0363873 -0.0279364 -0.0223868
v -0.0362776 -0.0274583 -0.0233473
v -0.0358927 -0.0274243 -0.0246388
v -0.03544 -0.0273706 -0.0260379
v -0.0353508 -0.0273706 -0.0262996
v -0.0348999 -0.0274791 -0.0274468
v -0.0340837 -0.0278531 -0.0291755
v -0.0338497 -0.0283597 -0.0291755
v -0.0349813 -0.0273706 -0.0273421
v -0.0373252 -0.0299081 -0.0147253
v -0.0372395 -0.0301559 -0.0147253
v -0.0376279 -0.0273706 -0.017853
v -0.0373672 -0.0273706 -0.0191176
v -0.0366762 -0.0315267 -0.0147253
v -0.0370432 -0.0274243 -0.0205421
v -0.0366814 -0.0274583 -0.0219228
v -0.0364851 -0.0273706 -0.0227319
v -0.036293 -0.0273706 -0.0234025
v -0.0359287 -0.0273706 -0.0245851
v -0.0359107 -0.0273706 -0.0246431
v -0.037074 -0.0273706 -0.0204756
v -0.0370603 -0.0273706 -0.0205365
v -0.0367097 -0.0273706 -0.0219228
v -0.036654 -0.0273706 -0.0221279
f 8832 8833 8834
f 8832 8834 8835
f 8832 8835 8836
f 8832 8836 8837
f 8832 8837 8833
f 8833 8838 8839
f 8833 8839 8840
f 8833 8840 8834
f 8833 8837 8841
f 8833 8841 8842
f 8833 8842 8838
f 8834 8840 8850
f 8834 8850 8865
f 8834 8865 8879
f 8834 8879 8901
f 8834 8901 8922
f 8834 8922 8919
f 8834 8919 8918
f 8834 8918 8921
f 8834 8921 8904
f 8834 8904 8883
f 8834 8883 8868
f 8834 8868 8853
f 8834 8853 8844
f 8834 8844 8843
f 8834 8843 8835
f 8835 8843 8836
f 8836 8844 8845
f 8836 8845 8837
f 8836 8843 8844
f 8837 8845 8854
f 8837 8854 8869
f 8837 8869 8885
f 8837 8885 8884
f 8837 8884 8905
f 8837 8905 8928
f 8837 8928 8951
f 8837 8951 8977
f 8837 8977 9003
f 8837 9003 9004
f 8837 9004 9007
f 8837 9007 8986
f 8837 8986 8958
f 8837 8958 8954
f 8837 8954 8953
f 8837 8953 8948
f 8837 8948 8947
f 8837 8947 8924
f 8837 8924 8903
f 8837 8903 8882
f 8837 8882 8867
f 8837 8867 8855
f 8837 8855 8846
f 8837 8846 8841
f 8838 8842 8847
f 8838 8847 8848
f 8838 8848 8839
f 8839 8848 8849
f 8839 8849 8840
f 8840 8849 8850
f 8841 8846 8842
f 8842 8846 8851
f 8842 8851 8852
f 8842 8852 8847
f 8844 8853 8845
f 8845 8853 8854
f 8846 8855 8851
f 8847 8856 8857
f 8847 8857 8858
f 8847 8858 8848
f 8847 8852 8856
f 8848 8858 8859
f 8848 8859 8860
f 8848 8860 8861
f 8848 8861 8862
f 8848 8862 8863
f 8848 8863 8864
f 8848 8864 8849
f 8849 8864 8850
f 8850 8864 8865
f 8851 8855 8852
f 8852 8866 8856
f 8852 8855 8867
f 8852 8867 8866
f 8853 8868 8885
f 8853 8885 8869
f 8853 8869 8854
f 8856 8866 8870
f 8856 8870 8871
f 8856 8871 8872
f 8856 8872 8857
f 8857 8873 8860
f 8857 8860 8859
f 8857 8859 8858
f 8857 8872 8873
f 8860 8873 8874
f 8860 8874 8875
f 8860 8875 8862
f 8860 8862 8861
f 8862 8875 8876
f 8862 8876 8877
f 8862 8877 8878
f 8862 8878 8863
f 8863 8878 8864
f 8864 8878 8877
f 8864 8877 8865
f 8865 8877 8879
f 8866 8867 8880
f 8866 8880 8881
f 8866 8881 8870
f 8867 8882 8881
f 8867 8881 8880
f 8868 8883 8884
f 8868 8884 8885
f 8870 8881 8886
f 8870 8886 8871
f 8871 8886 8872
f 8872 8886 8887
f 8872 8887 8888
f 8872 8888 8873
f 8873 8888 8874
f 8874 8888 8889
f 8874 8889 8890
f 8874 8890 8891
f 8874 8891 8892
f 8874 8892 8875
f 8875 8892 8893
f 8875 8893 8876
f 8876 8893 8894
f 8876 8894 8895
f 8876 8895 8896
f 8876 8896 8897
f 8876 8897 8898
f 8876 8898 8899
f 8876 8899 8877
f 8877 8899 8900
f 8877 8900 8879
f 8879 8900 8901
f 8881 8902 8886
f 8881 8882 8903
f 8881 8903 8902
f 8883 8904 8884
f 8884 8904 8906
f 8884 8906 8927
f 8884 8927 8926
f 8884 8926 8925
f 8884 8925 8950
f 8884 8950 8976
f 8884 8976 9002
f 8884 9002 8998
f 8884 8998 8997
f 8884 8997 9013
f 8884 9013 9012
f 8884 9012 9011
f 8884 9011 9010
f 8884 9010 9017
f 8884 9017 9016
f 8884 9016 9015
f 8884 9015 9014
f 8884 9014 9006
f 8884 9006 9005
f 8884 9005 8980
f 8884 8980 8952
f 8884 8952 8929
f 8884 8929 8905
f 8886 8902 8907
f 8886 8907 8887
f 8887 8907 8888
f 8888 8908 8889
f 8888 8907 8909
f 8888 8909 8908
f 8889 8908 8910
f 8889 8910 8890
f 8890 8911 8891
f 8890 8910 8911
f 8891 8911 8912
f 8891 8912 8913
f 8891 8913 8914
f 8891 8914 8892
f 8892 8914 8893
f 8893 8914 8894
f 8894 8915 8895
f 8894 8914 8915
f 8895 8915 8916
f 8895 8916 8896
f 8896 8917 8897
f 8896 8916 8946
f 8896 8946 8945
f 8896 8945 8974
f 8896 8974 8972
f 8896 8972 8971
f 8896 8971 8970
f 8896 8970 8969
f 8896 8969 8968
f 8896 8968 9001
f 8896 9001 9000
f 8896 9000 8975
f 8896 8975 8950
f 8896 8950 8925
f 8896 8925 8904
f 8896 8904 8921
f 8896 8921 8920
f 8896 8920 8917
f 8897 8917 8898
f 8898 8918 8919
f 8898 8919 8899
f 8898 8917 8920
f 8898 8920 8921
f 8898 8921 8918
f 8899 8919 8922
f 8899 8922 8901
f 8899 8901 8900
f 8902 8903 8923
f 8902 8923 8907
f 8903 8924 8923
f 8904 8925 8926
f 8904 8926 8927
f 8904 8927 8906
f 8905 8929 8928
f 8907 8923 8949
f 8907 8949 8930
f 8907 8930 8909
f 8908 8909 8910
f 8909 8930 8931
f 8909 8931 8932
f 8909 8932 8933
f 8909 8933 8934
f 8909 8934 8910
f 8910 8934 8935
f 8910 8935 8911
f 8911 8935 8936
f 8911 8936 8937
f 8911 8937 8912
f 8912 8937 8938
f 8912 8938 8939
f 8912 8939 8940
f 8912 8940 8941
f 8912 8941 8942
f 8912 8942 8913
f 8913 8942 8943
f 8913 8943 8914
f 8914 8943 8915
f 8915 8943 8944
f 8915 8944 8945
f 8915 8945 8946
f 8915 8946 8916
f 8923 8924 8947
f 8923 8947 8948
f 8923 8948 8949
f 8928 8929 8951
f 8929 8952 8951
f 8930 8949 8953
f 8930 8953 8954
f 8930 8954 8955
f 8930 8955 8956
f 8930 8956 8931
f 8931 8957 8933
f 8931 8933 8932
f 8931 8956 8958
f 8931 8958 8959
f 8931 8959 8957
f 8933 8957 8960
f 8933 8960 8937
f 8933 8937 8934
f 8934 8937 8935
f 8935 8937 8936
f 8937 8961 8939
f 8937 8939 8938
f 8937 8960 8962
f 8937 8962 8961
f 8939 8961 8963
f 8939 8963 8964
f 8939 8964 8965
f 8939 8965 8966
f 8939 8966 8967
f 8939 8967 8940
f 8940 8967 8941
f 8941 8967 8968
f 8941 8968 8969
f 8941 8969 8970
f 8941 8970 8971
f 8941 8971 8972
f 8941 8972 8942
f 8942 8972 8943
f 8943 8972 8944
f 8944 8972 8973
f 8944 8973 8974
f 8944 8974 8945
f 8948 8953 8949
f 8950 8975 8966
f 8950 8966 8976
f 8951 8952 8978
f 8951 8978 8979
f 8951 8979 8977
f 8952 8980 8981
f 8952 8981 8982
f 8952 8982 8983
f 8952 8983 8979
f 8952 8979 8978
f 8954 8958 8955
f 8955 8958 8956
f 8957 8959 8984
f 8957 8984 8985
f 8957 8985 8962
f 8957 8962 8960
f 8958 8986 8959
f 8959 8986 8987
f 8959 8987 8984
f 8961 8962 8963
f 8962 8985 8982
f 8962 8982 8988
f 8962 8988 8989
f 8962 8989 8990
f 8962 8990 8991
f 8962 8991 8992
f 8962 8992 8993
f 8962 8993 8963
f 8963 8993 8992
f 8963 8992 8994
f 8963 8994 8995
f 8963 8995 8996
f 8963 8996 8964
f 8964 8997 8998
f 8964 8998 8999
f 8964 8999 8965
f 8964 8996 8997
f 8965 8999 8966
f 8966 8975 9000
f 8966 9000 9001
f 8966 9001 8967
f 8966 8999 9002
f 8966 9002 8976
f 8967 9001 8968
f 8972 8974 8973
f 8977 8979 9003
f 8979 8983 8982
f 8979 8982 8987
f 8979 8987 9004
f 8979 9004 9003
f 8980 9005 8981
f 8981 9005 9006
f 8981 9006 8990
f 8981 8990 8982
f 8982 8990 8988
f 8982 8985 8984
f 8982 8984 8987
f 8986 9007 8987
f 8987 9007 9004
f 8988 8990 8989
f 8990 9006 9008
f 8990 9008 8991
f 8991 9008 8992
f 8992 9009 8994
f 8992 9008 9009
f 8994 9009 9010
f 8994 9010 9011
f 8994 9011 8995
f 8995 9011 8996
f 8996 9011 9012
f 8996 9012 9013
f 8996 9013 8997
f 8998 9002 8999
f 9006 9014 9008
f 9008 9014 9015
f 9008 9015 9016
f 9008 9016 9009
f 9009 9016 9017
f 9009 9017 9010
o convex_28
v -0.0246211 -0.0125269 -0.0669907
v -0.0246588 -0.0123939 -0.0669907
v -0.024621 -0.0124481 -0.0669907
v -0.024621 -0.0124739 -0.0657248
v -0.024621 -0.0124703 -0.0465015
v -0.0246427 -0.0123939 -0.0465015
v -0.0248793 -0.0110278 -0.0669907
v -0.0248679 -0.0110278 -0.0465015
v -0.024621 4.50377e-05 -0.0669907
v -0.024621 -0.0123939 -0.0464102
v -0.0254407 -0.00682736 -0.0669907
v -0.024621 -0.0110278 -0.0457368
v -0.0250451 -0.00966173 -0.0465015
v -0.0252276 -0.00829439 -0.0478673
v -0.0246619 -9.89578e-05 -0.0669907
v -0.024621 -1.03454e-05 -0.0465015
v -0.0254414 -0.00566432 -0.0669907
v -0.0254046 -0.00692828 -0.0478673
v -0.024621 -0.00966173 -0.0454203
v -0.0253925 -0.00692828 -0.0465015
v -0.0248808 -0.00146507 -0.0669907
v -0.0248695 -0.00146507 -0.0465015
v -0.0246459 -9.89578e-05 -0.0465015
v -0.024621 -3.37292e-05 -0.0464441
v -0.0254054 -0.0055634 -0.0478673
v -0.0252292 -0.00419729 -0.0478673
v -0.024621 -0.00925189 -0.0453545
v -0.0247659 -0.00692828 -0.045346
v -0.0253933 -0.0055634 -0.0465015
v -0.0250467 -0.00283118 -0.0465015
v -0.024621 -0.00074386 -0.045962
v -0.024621 -9.89578e-05 -0.0463974
v -0.024621 -0.00829439 -0.0453247
v -0.0246775 -0.00829439 -0.045346
v -0.024621 -0.00692828 -0.045295
v -0.0247663 -0.0055634 -0.045346
v -0.024621 -0.0032287 -0.0453545
v -0.024621 -0.00288287 -0.0454012
v -0.024621 -0.0017469 -0.0456221
v -0.024621 -0.00541079 -0.045295
v -0.024621 -0.00413329 -0.0453247
v -0.0246782 -0.00419729 -0.045346
f 9018 9019 9024
f 9018 9024 9028
f 9018 9028 9034
f 9018 9034 9038
f 9018 9038 9032
f 9018 9032 9026
f 9018 9026 9020
f 9018 9020 9021
f 9018 9021 9022
f 9018 9022 9023
f 9018 9023 9019
f 9019 9023 9025
f 9019 9025 9024
f 9020 9026 9033
f 9020 9033 9041
f 9020 9041 9049
f 9020 9049 9048
f 9020 9048 9056
f 9020 9056 9055
f 9020 9055 9054
f 9020 9054 9058
f 9020 9058 9057
f 9020 9057 9052
f 9020 9052 9050
f 9020 9050 9044
f 9020 9044 9036
f 9020 9036 9029
f 9020 9029 9027
f 9020 9027 9022
f 9020 9022 9021
f 9022 9027 9023
f 9023 9027 9025
f 9024 9025 9028
f 9025 9027 9029
f 9025 9029 9030
f 9025 9030 9031
f 9025 9031 9028
f 9026 9032 9033
f 9028 9031 9035
f 9028 9035 9034
f 9029 9036 9037
f 9029 9037 9030
f 9030 9037 9035
f 9030 9035 9031
f 9032 9038 9039
f 9032 9039 9040
f 9032 9040 9033
f 9033 9040 9041
f 9034 9035 9042
f 9034 9042 9043
f 9034 9043 9039
f 9034 9039 9038
f 9035 9037 9046
f 9035 9046 9042
f 9036 9044 9037
f 9037 9044 9045
f 9037 9045 9046
f 9039 9043 9047
f 9039 9047 9048
f 9039 9048 9049
f 9039 9049 9040
f 9040 9049 9041
f 9042 9046 9047
f 9042 9047 9043
f 9044 9050 9051
f 9044 9051 9045
f 9045 9051 9050
f 9045 9050 9052
f 9045 9052 9053
f 9045 9053 9046
f 9046 9053 9054
f 9046 9054 9055
f 9046 9055 9056
f 9046 9056 9048
f 9046 9048 9047
f 9052 9057 9053
f 9053 9057 9058
f 9053 9058 9059
f 9053 9059 9054
f 9054 9059 9058
o convex_29
v 0.02044 -0.0317715 -0.0670193
v 0.0204872 -0.0317173 -0.0670193
v 0.0249347 -0.0317715 -0.0670193
v 0.0212334 -0.0317715 -0.0485781
v 0.0256325 -0.0260004 -0.0670193
v 0.0254028 -0.0312602 -0.0670193
v 0.0249499 -0.0317715 -0.066993
v 0.0212786 -0.0317715 -0.0478691
v 0.0256325 -0.0270089 -0.0515586
v 0.0256325 -0.0309879 -0.0670193
v 0.0256325 -0.0310049 -0.066993
v 0.0254064 -0.0312642 -0.066993
v 0.0256325 -0.0317715 -0.0442321
v 0.0213137 -0.0317715 -0.0473209
v 0.0213711 -0.0317715 -0.0465003
v 0.0256325 -0.0270868 -0.0505969
v 0.0256325 -0.0317715 -0.0334851
v 0.0213986 -0.0317715 -0.046241
v 0.0215328 -0.0317715 -0.0451741
v 0.0256325 -0.0277224 -0.0465134
v 0.0256325 -0.0315167 -0.0340793
v 0.0254018 -0.0317715 -0.0338593
v 0.021794 -0.0317715 -0.0437692
v 0.0222449 -0.0317715 -0.0414321
v 0.0256325 -0.0279857 -0.0451348
v 0.0256325 -0.0302874 -0.0370171
v 0.0239878 -0.0317715 -0.0365313
v 0.0223343 -0.0317715 -0.0410152
v 0.0225051 -0.0317715 -0.0403357
v 0.0256325 -0.0282913 -0.0437692
v 0.0256325 -0.0298478 -0.0383038
v 0.0237951 -0.0317715 -0.0369449
v 0.0256325 -0.0289377 -0.0411465
v 0.0256325 -0.0286275 -0.0424037
v 0.0227567 -0.0317715 -0.0395643
v 0.0256325 -0.0293908 -0.0396694
v 0.0236238 -0.0317715 -0.0373519
v 0.0256325 -0.0292591 -0.0400961
v 0.0232385 -0.0317715 -0.0383038
f 9060 9061 9064
f 9060 9064 9069
f 9060 9069 9065
f 9060 9065 9062
f 9060 9062 9066
f 9060 9066 9072
f 9060 9072 9076
f 9060 9076 9081
f 9060 9081 9086
f 9060 9086 9091
f 9060 9091 9096
f 9060 9096 9098
f 9060 9098 9094
f 9060 9094 9088
f 9060 9088 9087
f 9060 9087 9083
f 9060 9083 9082
f 9060 9082 9078
f 9060 9078 9077
f 9060 9077 9074
f 9060 9074 9073
f 9060 9073 9067
f 9060 9067 9063
f 9060 9063 9061
f 9061 9063 9064
f 9062 9065 9066
f 9063 9067 9068
f 9063 9068 9064
f 9064 9068 9075
f 9064 9075 9079
f 9064 9079 9084
f 9064 9084 9089
f 9064 9089 9093
f 9064 9093 9092
f 9064 9092 9097
f 9064 9097 9095
f 9064 9095 9090
f 9064 9090 9085
f 9064 9085 9080
f 9064 9080 9076
f 9064 9076 9072
f 9064 9072 9070
f 9064 9070 9069
f 9065 9069 9070
f 9065 9070 9071
f 9065 9071 9066
f 9066 9071 9072
f 9067 9073 9068
f 9068 9073 9074
f 9068 9074 9075
f 9070 9072 9071
f 9074 9077 9075
f 9075 9077 9078
f 9075 9078 9079
f 9076 9080 9081
f 9078 9082 9079
f 9079 9082 9083
f 9079 9083 9084
f 9080 9085 9081
f 9081 9085 9086
f 9083 9087 9084
f 9084 9087 9088
f 9084 9088 9089
f 9085 9090 9091
f 9085 9091 9086
f 9088 9092 9093
f 9088 9093 9089
f 9088 9094 9092
f 9090 9095 9096
f 9090 9096 9091
f 9092 9094 9097
f 9094 9095 9097
f 9094 9098 9095
f 9095 9098 9096
o convex_30
v 0.038852 -0.0251644 -0.013575
v 0.0302085 -0.0251644 -0.013575
v 0.0385937 -0.0261567 -0.013575
v 0.038239 -0.0260571 -0.0164428
v 0.0384564 -0.0251644 -0.016476
v 0.0301641 -0.0260571 -0.0178091
v 0.030142 -0.0287894 -0.0137103
v 0.0301471 -0.0287894 -0.013575
v 0.0302187 -0.0251644 -0.0192038
v 0.0382595 -0.0274132 -0.013575
v 0.0376686 -0.0287894 -0.0150766
v 0.0378579 -0.0274235 -0.0164428
v 0.0380412 -0.0260571 -0.0178091
v 0.0382612 -0.0251644 -0.0178091
v 0.0301505 -0.0274235 -0.0164428
v 0.03024 -0.0251644 -0.0205407
v 0.0302656 -0.0298064 -0.0137103
v 0.0302673 -0.029845 -0.013575
v 0.0378682 -0.0287894 -0.013575
v 0.0378511 -0.0287894 -0.0137103
v 0.0373489 -0.0295181 -0.0158477
v 0.0375851 -0.02753 -0.0178971
v 0.0374521 -0.0271144 -0.0191744
v 0.037765 -0.0260571 -0.0191744
v 0.038002 -0.0251644 -0.0191744
v 0.0380975 -0.0251644 -0.0187004
v 0.0302511 -0.0274414 -0.0177845
v 0.0303969 -0.0251644 -0.021468
v 0.0303296 -0.0256968 -0.0205407
v 0.0303125 -0.0269982 -0.0188707
v 0.0302869 -0.0284268 -0.0164428
v 0.0317159 -0.0310445 -0.0232401
v 0.0303867 -0.0299187 -0.013575
v 0.0378213 -0.0289367 -0.013575
v 0.0374018 -0.0296648 -0.0150766
v 0.0368425 -0.0310445 -0.0150766
v 0.0367675 -0.0310445 -0.015491
v 0.0370258 -0.0300465 -0.0163586
v 0.0363164 -0.0310445 -0.0178091
v 0.0366831 -0.0301552 -0.0178091
v 0.0372517 -0.0292435 -0.0167589
v 0.037314 -0.0280561 -0.0184099
v 0.0374069 -0.0283324 -0.0174997
v 0.0372526 -0.0306295 -0.013575
v 0.0370676 -0.0310445 -0.0137103
v 0.0369815 -0.0310445 -0.0142657
v 0.0372347 -0.0277977 -0.0191744
v 0.0370855 -0.0273435 -0.0204773
v 0.0373592 -0.0268347 -0.0199806
v 0.0372807 -0.0252006 -0.0223697
v 0.0372986 -0.0251644 -0.0223356
v 0.0378068 -0.0251644 -0.0200667
v 0.0338328 -0.0251644 -0.0232392
v 0.033832 -0.0251655 -0.0232401
v 0.0347912 -0.0310445 -0.0232401
v 0.0335788 -0.0310445 -0.013575
v 0.031183 -0.0302606 -0.013575
v 0.0374956 -0.0299538 -0.013575
v 0.0374896 -0.0299204 -0.0137103
v 0.0365765 -0.0310445 -0.0164835
v 0.0360777 -0.0310445 -0.018918
v 0.0362994 -0.0302767 -0.019287
v 0.0368911 -0.0287894 -0.0191744
v 0.0370872 -0.0310445 -0.013575
v 0.0365705 -0.0287894 -0.0205407
v 0.0372534 -0.0264675 -0.0208917
v 0.0366805 -0.0274235 -0.021907
v 0.0367538 -0.0260893 -0.0232401
v 0.037036 -0.0252006 -0.0232401
v 0.0372722 -0.0251644 -0.0224397
v 0.0339053 -0.0251644 -0.0232401
v 0.0352123 -0.0301898 -0.0232401
v 0.0350503 -0.0310445 -0.0224416
v 0.0360598 -0.0310445 -0.0189937
v 0.0359532 -0.0308131 -0.0198169
v 0.0361357 -0.029891 -0.0205407
v 0.036018 -0.0296004 -0.0214207
v 0.0358944 -0.0292769 -0.0223318
v 0.0361928 -0.0288084 -0.0218881
v 0.0360564 -0.0283663 -0.022908
v 0.0360078 -0.0282305 -0.0232401
v 0.0362687 -0.0274891 -0.0232401
v 0.0370471 -0.0251644 -0.0232401
v 0.0352294 -0.0301541 -0.0232401
v 0.0352115 -0.0310445 -0.0219165
v 0.0358876 -0.0310445 -0.0196447
v 0.0356275 -0.0310445 -0.0205407
v 0.0358501 -0.0305743 -0.0205407
v 0.035671 -0.0300954 -0.0218881
v 0.0357836 -0.0288492 -0.0232401
v 0.0357989 -0.0288084 -0.0232401
v 0.0358322 -0.0287169 -0.0232401
v 0.035492 -0.0310445 -0.020992
f 9099 9100 9106
f 9099 9106 9116
f 9099 9116 9131
f 9099 9131 9155
f 9099 9155 9154
f 9099 9154 9162
f 9099 9162 9142
f 9099 9142 9156
f 9099 9156 9132
f 9099 9132 9117
f 9099 9117 9108
f 9099 9108 9101
f 9099 9101 9102
f 9099 9102 9103
f 9099 9103 9112
f 9099 9112 9124
f 9099 9124 9123
f 9099 9123 9150
f 9099 9150 9149
f 9099 9149 9168
f 9099 9168 9181
f 9099 9181 9169
f 9099 9169 9151
f 9099 9151 9126
f 9099 9126 9114
f 9099 9114 9107
f 9099 9107 9100
f 9100 9104 9105
f 9100 9105 9106
f 9100 9107 9104
f 9101 9108 9102
f 9102 9109 9110
f 9102 9110 9111
f 9102 9111 9103
f 9102 9108 9109
f 9103 9111 9112
f 9104 9113 9105
f 9104 9107 9114
f 9104 9114 9113
f 9105 9115 9116
f 9105 9116 9106
f 9105 9113 9115
f 9108 9117 9118
f 9108 9118 9109
f 9109 9119 9110
f 9109 9118 9119
f 9110 9119 9111
f 9111 9119 9120
f 9111 9120 9121
f 9111 9121 9122
f 9111 9122 9123
f 9111 9123 9124
f 9111 9124 9112
f 9113 9114 9125
f 9113 9125 9115
f 9114 9126 9127
f 9114 9127 9128
f 9114 9128 9125
f 9115 9125 9129
f 9115 9129 9130
f 9115 9130 9116
f 9116 9130 9131
f 9117 9132 9133
f 9117 9133 9118
f 9118 9133 9119
f 9119 9134 9135
f 9119 9135 9136
f 9119 9136 9137
f 9119 9137 9138
f 9119 9138 9139
f 9119 9139 9140
f 9119 9140 9141
f 9119 9141 9120
f 9119 9133 9142
f 9119 9142 9143
f 9119 9143 9144
f 9119 9144 9134
f 9120 9141 9140
f 9120 9140 9121
f 9121 9145 9146
f 9121 9146 9147
f 9121 9147 9122
f 9121 9140 9145
f 9122 9147 9148
f 9122 9148 9149
f 9122 9149 9150
f 9122 9150 9123
f 9125 9128 9130
f 9125 9130 9129
f 9126 9151 9152
f 9126 9152 9130
f 9126 9130 9127
f 9127 9130 9128
f 9130 9152 9169
f 9130 9169 9181
f 9130 9181 9167
f 9130 9167 9166
f 9130 9166 9180
f 9130 9180 9179
f 9130 9179 9190
f 9130 9190 9189
f 9130 9189 9188
f 9130 9188 9182
f 9130 9182 9170
f 9130 9170 9153
f 9130 9153 9171
f 9130 9171 9183
f 9130 9183 9191
f 9130 9191 9185
f 9130 9185 9184
f 9130 9184 9172
f 9130 9172 9159
f 9130 9159 9137
f 9130 9137 9158
f 9130 9158 9135
f 9130 9135 9134
f 9130 9134 9144
f 9130 9144 9143
f 9130 9143 9162
f 9130 9162 9154
f 9130 9154 9155
f 9130 9155 9131
f 9132 9156 9157
f 9132 9157 9133
f 9133 9157 9156
f 9133 9156 9142
f 9135 9158 9136
f 9136 9158 9137
f 9137 9159 9138
f 9138 9159 9160
f 9138 9160 9161
f 9138 9161 9139
f 9139 9161 9140
f 9140 9161 9145
f 9142 9162 9143
f 9145 9161 9163
f 9145 9163 9146
f 9146 9164 9147
f 9146 9163 9165
f 9146 9165 9148
f 9146 9148 9164
f 9147 9164 9148
f 9148 9165 9166
f 9148 9166 9167
f 9148 9167 9168
f 9148 9168 9149
f 9151 9169 9152
f 9153 9170 9171
f 9159 9172 9160
f 9160 9173 9174
f 9160 9174 9163
f 9160 9163 9161
f 9160 9172 9173
f 9163 9174 9175
f 9163 9175 9176
f 9163 9176 9177
f 9163 9177 9165
f 9165 9177 9178
f 9165 9178 9179
f 9165 9179 9180
f 9165 9180 9166
f 9167 9181 9168
f 9170 9182 9171
f 9171 9182 9183
f 9172 9184 9173
f 9173 9184 9185
f 9173 9185 9186
f 9173 9186 9175
f 9173 9175 9174
f 9175 9186 9187
f 9175 9187 9176
f 9176 9178 9177
f 9176 9187 9182
f 9176 9182 9188
f 9176 9188 9189
f 9176 9189 9190
f 9176 9190 9178
f 9178 9190 9179
f 9182 9187 9183
f 9183 9187 9191
f 9185 9191 9186
f 9186 9191 9187
o convex_31
v -0.0211102 -0.0317721 -0.051963
v -0.0211129 -0.0317721 -0.0533284
v -0.024621 -0.02831 -0.0628949
v -0.024621 -0.0283205 -0.0563511
v -0.0211219 -0.0317721 -0.0505976
v -0.0213349 -0.0317721 -0.0656286
v -0.024621 -0.0283344 -0.0656286
v -0.024621 -0.0283399 -0.054971
v -0.021149 -0.0317721 -0.0492352
v -0.024621 -0.0317721 -0.0656286
v -0.024621 -0.028367 -0.0535731
v -0.0211573 -0.0317721 -0.0489756
v -0.024621 -0.0284618 -0.0492352
v -0.024621 -0.0317721 -0.0355017
v -0.0212164 -0.0317721 -0.0475808
v -0.024621 -0.0285879 -0.0478668
v -0.0212703 -0.0317721 -0.0465014
v -0.0241935 -0.0317721 -0.0363982
v -0.024621 -0.0316305 -0.0358968
v -0.0214391 -0.0317721 -0.0450977
v -0.024621 -0.0290058 -0.0453572
v -0.0216291 -0.0317721 -0.0437677
v -0.0239392 -0.0317721 -0.0369378
v -0.024621 -0.0312672 -0.0369378
v -0.024621 -0.0290607 -0.0450535
v -0.0219494 -0.0317721 -0.0422932
v -0.024621 -0.031255 -0.0369732
v -0.0233481 -0.0317721 -0.0382442
v -0.024621 -0.0307981 -0.0383032
v -0.024621 -0.0291528 -0.0445816
v -0.0219614 -0.0317721 -0.0422549
v -0.024621 -0.0293121 -0.0437677
v -0.024621 -0.0295385 -0.0427886
v -0.024621 -0.029632 -0.0424023
v -0.023334 -0.0317721 -0.0382796
v -0.024621 -0.0304054 -0.0394946
v -0.024621 -0.0305528 -0.0390464
v -0.0223487 -0.0317721 -0.0410369
v -0.024621 -0.0299801 -0.0410369
v -0.0224092 -0.0317721 -0.0408482
v -0.0228165 -0.0317721 -0.0396568
v -0.024621 -0.0303244 -0.0397748
f 9192 9193 9194
f 9192 9194 9195
f 9192 9195 9196
f 9192 9196 9200
f 9192 9200 9203
f 9192 9203 9206
f 9192 9206 9208
f 9192 9208 9211
f 9192 9211 9213
f 9192 9213 9217
f 9192 9217 9222
f 9192 9222 9229
f 9192 9229 9231
f 9192 9231 9232
f 9192 9232 9226
f 9192 9226 9219
f 9192 9219 9214
f 9192 9214 9209
f 9192 9209 9205
f 9192 9205 9201
f 9192 9201 9197
f 9192 9197 9193
f 9193 9197 9198
f 9193 9198 9194
f 9194 9198 9201
f 9194 9201 9205
f 9194 9205 9210
f 9194 9210 9215
f 9194 9215 9218
f 9194 9218 9220
f 9194 9220 9228
f 9194 9228 9227
f 9194 9227 9233
f 9194 9233 9230
f 9194 9230 9225
f 9194 9225 9224
f 9194 9224 9223
f 9194 9223 9221
f 9194 9221 9216
f 9194 9216 9212
f 9194 9212 9207
f 9194 9207 9204
f 9194 9204 9202
f 9194 9202 9199
f 9194 9199 9195
f 9195 9199 9196
f 9196 9199 9200
f 9197 9201 9198
f 9199 9202 9200
f 9200 9202 9204
f 9200 9204 9203
f 9203 9204 9206
f 9204 9207 9208
f 9204 9208 9206
f 9205 9209 9210
f 9207 9211 9208
f 9207 9212 9213
f 9207 9213 9211
f 9209 9214 9210
f 9210 9214 9215
f 9212 9216 9217
f 9212 9217 9213
f 9214 9218 9215
f 9214 9219 9220
f 9214 9220 9218
f 9216 9221 9217
f 9217 9221 9223
f 9217 9223 9224
f 9217 9224 9225
f 9217 9225 9222
f 9219 9226 9227
f 9219 9227 9228
f 9219 9228 9220
f 9222 9225 9229
f 9225 9230 9231
f 9225 9231 9229
f 9226 9232 9227
f 9227 9232 9233
f 9230 9233 9232
f 9230 9232 9231
o convex_32
v -0.015706 -0.0259327 -0.0715301
v -0.015706 -0.0259327 -0.067015
v -0.015706 -0.0317715 -0.0713729
v -0.0163875 -0.0317715 -0.0713729
v -0.0166371 -0.0315218 -0.071377
v -0.0207351 -0.0287901 -0.0713556
v -0.0221017 -0.0274234 -0.0713527
v -0.0222256 -0.0259327 -0.071377
v -0.0213346 -0.0317715 -0.0656286
v -0.015706 -0.0317715 -0.0686908
v -0.024621 -0.0259327 -0.0680225
v -0.024621 -0.0283345 -0.0656286
v -0.0177532 -0.0317715 -0.0712903
v -0.0180037 -0.0315218 -0.0713082
v -0.0193694 -0.0301556 -0.0713435
v -0.0221017 -0.0287901 -0.0711482
v -0.0234674 -0.0260573 -0.0713423
v -0.0234674 -0.0259327 -0.0713452
v -0.024621 -0.0317715 -0.0656286
v -0.024621 -0.0259327 -0.0710552
v -0.0191373 -0.0317715 -0.071005
v -0.0193694 -0.0315218 -0.0710443
v -0.0207351 -0.0301556 -0.0711217
v -0.0220258 -0.0300973 -0.0706659
v -0.0234054 -0.0286992 -0.0706566
v -0.0234674 -0.0274234 -0.0711084
v -0.0235922 -0.0259327 -0.0713383
v -0.024621 -0.0317715 -0.067889
v -0.024621 -0.0264683 -0.0709478
v -0.0193694 -0.0317715 -0.0709264
v -0.0202167 -0.0317715 -0.0706104
v -0.0206155 -0.03144 -0.0706179
v -0.0215196 -0.0309301 -0.0704643
v -0.0229089 -0.0296035 -0.0704885
v -0.0242179 -0.0281836 -0.0704527
v -0.0245338 -0.0274234 -0.0706491
v -0.024621 -0.0317075 -0.0680017
v -0.0245844 -0.0317715 -0.0679815
v -0.024621 -0.0271731 -0.0706994
v -0.0203904 -0.0317715 -0.0705359
v -0.0210318 -0.0317715 -0.0702107
v -0.0220772 -0.0317715 -0.069648
v -0.022353 -0.0317715 -0.0694978
v -0.0224298 -0.0305146 -0.0702136
v -0.0232379 -0.0312697 -0.0693026
v -0.0241481 -0.0308358 -0.0690415
v -0.024621 -0.0285786 -0.0699727
v -0.024621 -0.0278773 -0.0703568
v -0.024621 -0.0273611 -0.0706272
v -0.024621 -0.0314646 -0.0681819
v -0.0236026 -0.0316435 -0.0688393
v -0.02358 -0.0317715 -0.0687573
v -0.0229735 -0.0317715 -0.0691512
v -0.024621 -0.0305043 -0.0688919
v -0.024621 -0.0298721 -0.0692587
v -0.024621 -0.0295823 -0.0694187
v -0.0234011 -0.0317715 -0.0688844
f 9234 9235 9243
f 9234 9243 9236
f 9234 9236 9237
f 9234 9237 9238
f 9234 9238 9239
f 9234 9239 9240
f 9234 9240 9241
f 9234 9241 9251
f 9234 9251 9260
f 9234 9260 9253
f 9234 9253 9244
f 9234 9244 9235
f 9235 9242 9243
f 9235 9244 9245
f 9235 9245 9242
f 9236 9243 9242
f 9236 9242 9252
f 9236 9252 9261
f 9236 9261 9271
f 9236 9271 9285
f 9236 9285 9290
f 9236 9290 9286
f 9236 9286 9276
f 9236 9276 9275
f 9236 9275 9274
f 9236 9274 9273
f 9236 9273 9264
f 9236 9264 9263
f 9236 9263 9254
f 9236 9254 9246
f 9236 9246 9237
f 9237 9246 9247
f 9237 9247 9248
f 9237 9248 9238
f 9238 9248 9239
f 9239 9248 9249
f 9239 9249 9240
f 9240 9249 9250
f 9240 9250 9251
f 9240 9251 9241
f 9242 9245 9252
f 9244 9253 9262
f 9244 9262 9272
f 9244 9272 9282
f 9244 9282 9281
f 9244 9281 9280
f 9244 9280 9289
f 9244 9289 9288
f 9244 9288 9287
f 9244 9287 9283
f 9244 9283 9270
f 9244 9270 9261
f 9244 9261 9252
f 9244 9252 9245
f 9246 9254 9255
f 9246 9255 9247
f 9247 9255 9256
f 9247 9256 9248
f 9248 9256 9249
f 9249 9257 9258
f 9249 9258 9259
f 9249 9259 9250
f 9249 9256 9257
f 9250 9259 9260
f 9250 9260 9251
f 9253 9260 9259
f 9253 9259 9262
f 9254 9263 9255
f 9255 9263 9264
f 9255 9264 9265
f 9255 9265 9256
f 9256 9265 9257
f 9257 9265 9266
f 9257 9266 9267
f 9257 9267 9258
f 9258 9267 9268
f 9258 9268 9269
f 9258 9269 9259
f 9259 9269 9262
f 9261 9270 9271
f 9262 9269 9272
f 9264 9273 9265
f 9265 9273 9266
f 9266 9274 9275
f 9266 9275 9276
f 9266 9276 9277
f 9266 9277 9267
f 9266 9273 9274
f 9267 9277 9278
f 9267 9278 9279
f 9267 9279 9268
f 9268 9279 9280
f 9268 9280 9281
f 9268 9281 9282
f 9268 9282 9269
f 9269 9282 9272
f 9270 9283 9279
f 9270 9279 9271
f 9271 9279 9284
f 9271 9284 9285
f 9276 9286 9277
f 9277 9286 9278
f 9278 9286 9279
f 9279 9283 9287
f 9279 9287 9288
f 9279 9288 9289
f 9279 9289 9280
f 9279 9286 9290
f 9279 9290 9284
f 9284 9290 9285
o convex_33
v 0.0134869 -0.038353 -0.0245911
v -0.00304229 -0.038353 -0.0248781
v -0.00304229 -0.0384045 -0.0248878
v -0.00304229 -0.0393857 -0.025088
v 0.0134869 -0.0393389 -0.0249602
v 0.0134869 -0.0373054 -0.0249336
v -0.00304229 -0.0374618 -0.0251121
v -0.00304229 -0.0375067 -0.0251001
v 0.0134869 -0.0393889 -0.0249819
v -0.00304229 -0.0400176 -0.0260071
v -0.00160715 -0.0400307 -0.0260071
v -0.000239967 -0.0400415 -0.0260071
v 0.0134869 -0.037011 -0.0260071
v -0.00304229 -0.0372394 -0.0259612
v 0.0011256 -0.0400419 -0.0260071
v 0.00249117 -0.0400331 -0.0260071
v 0.00385835 -0.0400232 -0.0260071
v 0.0052223 -0.0400111 -0.0260071
v 0.00658948 -0.0399891 -0.0260071
v 0.00795505 -0.0399582 -0.0260071
v 0.0134869 -0.039806 -0.0259564
v -0.00304229 -0.040328 -0.0273724
v -0.00297272 -0.0403294 -0.0273724
v -0.00160715 -0.0403537 -0.0273724
v -0.00304229 -0.0372277 -0.0260071
v 0.0134869 -0.0360528 -0.0383675
v 0.00249117 -0.0403528 -0.0273724
v 0.00385835 -0.0403322 -0.0273724
v 0.0134205 -0.0398271 -0.0260071
v 0.0134869 -0.0398247 -0.0260071
v -0.00304229 -0.0403659 -0.0287981
v -0.00235789 -0.0404061 -0.0293046
v -0.00160715 -0.0404183 -0.0290176
v -0.00160715 -0.0403935 -0.0283349
v -0.000694617 -0.040401 -0.0280889
v -0.000239967 -0.0403776 -0.0274882
v 0.0134869 -0.0359694 -0.0397328
v 0.0134869 -0.035932 -0.041033
v 0.0134869 -0.0359301 -0.0410982
v 0.0134869 -0.0359058 -0.0424008
v 0.0134869 -0.0358941 -0.0437661
v 0.0134869 -0.0358945 -0.0438313
v 0.0134869 -0.0359048 -0.045199
v 0.0134869 -0.0359727 -0.0492347
v -0.00304229 -0.0380244 -0.0492347
v 0.00105926 -0.0403752 -0.0274882
v 0.000560928 -0.0404038 -0.0280213
v 0.00147184 -0.0403982 -0.0281564
v 0.0052223 -0.0402971 -0.0273724
v 0.00105926 -0.040423 -0.028663
v 0.00222905 -0.040416 -0.0290682
v 0.00658948 -0.0402428 -0.0273724
v 0.00932223 -0.0401262 -0.0273724
v 0.0106878 -0.0400546 -0.0273724
v 0.0120534 -0.0399591 -0.0273724
v 0.0134869 -0.0398407 -0.0273073
v -0.00304229 -0.0404436 -0.0327156
v -0.00160715 -0.0405115 -0.0328386
v -0.00160715 -0.0404824 -0.0314733
v -0.00160715 -0.0404506 -0.0301055
v -0.000239967 -0.0404806 -0.0301055
v -0.000239967 -0.0404253 -0.028622
v 0.0002163 -0.0404038 -0.0280213
v 0.0134869 -0.0386512 -0.0492347
v -0.00304229 -0.0405255 -0.0492347
v 0.0011256 -0.0404993 -0.0314733
v 0.0011256 -0.0405292 -0.0328386
v 0.0011256 -0.0405569 -0.0342039
v 0.0011256 -0.0404675 -0.0301055
v 0.0011256 -0.040651 -0.041033
v 0.0011256 -0.0406589 -0.0424008
v 0.00249117 -0.0405896 -0.0437661
v 0.00385835 -0.040489 -0.0451315
v 0.0040881 -0.0404478 -0.0492347
v 0.0134869 -0.0398383 -0.0273724
v 0.0050605 -0.0403626 -0.0492347
v 0.00658948 -0.0401908 -0.0492347
v 0.00795505 -0.0400082 -0.0492347
v 0.00932223 -0.0397896 -0.0492347
v -0.00304229 -0.0404543 -0.0334368
v -0.00160715 -0.0405601 -0.0355717
v -0.00160715 -0.0405377 -0.0342039
v -0.000239967 -0.0405765 -0.0342039
v -0.000239967 -0.0405489 -0.0328386
v -0.000239967 -0.0405194 -0.0314733
v 0.0134205 -0.038676 -0.0492347
v -0.00297272 -0.0405307 -0.0492347
v -0.00304229 -0.0405466 -0.0437661
v -0.000239967 -0.0406013 -0.0355717
v -0.000239967 -0.0406219 -0.0369346
v -0.000239967 -0.0406383 -0.0383
v -0.000239967 -0.0406533 -0.0396677
v -0.000239967 -0.0406673 -0.041033
v 0.0011256 -0.0406575 -0.0437661
v -0.000239967 -0.0406744 -0.0424008
v -0.000239967 -0.0406762 -0.0492347
v 0.0011256 -0.0406486 -0.0492347
v 0.00249117 -0.0405831 -0.0451315
v 0.00249117 -0.0405625 -0.0492347
v 0.00388424 -0.0404628 -0.0492347
v 0.00395543 -0.0404576 -0.0492347
v 0.0106878 -0.0394971 -0.0492347
v 0.0118802 -0.039183 -0.0492347
v 0.012563 -0.0389864 -0.0492347
v -0.00304229 -0.0404646 -0.0342039
v -0.00297272 -0.0404689 -0.0342039
v -0.00160715 -0.0406229 -0.041033
v -0.00160715 -0.0406233 -0.0492347
v -0.00297272 -0.0405517 -0.0437661
v -0.00297272 -0.0405498 -0.0424008
v -0.00304229 -0.0405447 -0.0424732
v -0.00160715 -0.0406341 -0.0424008
v -0.00304229 -0.0405442 -0.0424008
f 9291 9292 9293
f 9291 9293 9294
f 9291 9294 9295
f 9291 9295 9299
f 9291 9299 9311
f 9291 9311 9320
f 9291 9320 9346
f 9291 9346 9365
f 9291 9365 9354
f 9291 9354 9334
f 9291 9334 9333
f 9291 9333 9332
f 9291 9332 9331
f 9291 9331 9330
f 9291 9330 9329
f 9291 9329 9328
f 9291 9328 9327
f 9291 9327 9316
f 9291 9316 9303
f 9291 9303 9296
f 9291 9296 9297
f 9291 9297 9298
f 9291 9298 9292
f 9292 9298 9297
f 9292 9297 9304
f 9292 9304 9315
f 9292 9315 9335
f 9292 9335 9355
f 9292 9355 9378
f 9292 9378 9401
f 9292 9401 9403
f 9292 9403 9395
f 9292 9395 9370
f 9292 9370 9347
f 9292 9347 9321
f 9292 9321 9312
f 9292 9312 9300
f 9292 9300 9294
f 9292 9294 9293
f 9294 9299 9295
f 9294 9300 9301
f 9294 9301 9302
f 9294 9302 9299
f 9296 9303 9297
f 9297 9303 9304
f 9299 9302 9305
f 9299 9305 9306
f 9299 9306 9307
f 9299 9307 9308
f 9299 9308 9309
f 9299 9309 9310
f 9299 9310 9311
f 9300 9312 9313
f 9300 9313 9314
f 9300 9314 9301
f 9301 9314 9302
f 9302 9314 9305
f 9303 9315 9304
f 9303 9316 9315
f 9305 9314 9317
f 9305 9317 9306
f 9306 9317 9307
f 9307 9317 9308
f 9308 9317 9318
f 9308 9318 9309
f 9309 9318 9310
f 9310 9319 9311
f 9310 9318 9319
f 9311 9319 9320
f 9312 9321 9322
f 9312 9322 9323
f 9312 9323 9324
f 9312 9324 9313
f 9313 9324 9325
f 9313 9325 9314
f 9314 9326 9317
f 9314 9325 9326
f 9315 9316 9327
f 9315 9327 9328
f 9315 9328 9329
f 9315 9329 9330
f 9315 9330 9331
f 9315 9331 9332
f 9315 9332 9333
f 9315 9333 9334
f 9315 9334 9335
f 9317 9326 9336
f 9317 9336 9337
f 9317 9337 9338
f 9317 9338 9318
f 9318 9339 9319
f 9318 9338 9340
f 9318 9340 9341
f 9318 9341 9339
f 9319 9339 9320
f 9320 9339 9342
f 9320 9342 9343
f 9320 9343 9344
f 9320 9344 9345
f 9320 9345 9346
f 9321 9347 9348
f 9321 9348 9322
f 9322 9348 9349
f 9322 9349 9350
f 9322 9350 9323
f 9323 9325 9324
f 9323 9350 9351
f 9323 9351 9325
f 9325 9351 9352
f 9325 9352 9353
f 9325 9353 9326
f 9326 9353 9337
f 9326 9337 9336
f 9334 9354 9376
f 9334 9376 9394
f 9334 9394 9393
f 9334 9393 9392
f 9334 9392 9369
f 9334 9369 9368
f 9334 9368 9367
f 9334 9367 9366
f 9334 9366 9364
f 9334 9364 9391
f 9334 9391 9390
f 9334 9390 9389
f 9334 9389 9387
f 9334 9387 9386
f 9334 9386 9398
f 9334 9398 9377
f 9334 9377 9355
f 9334 9355 9335
f 9337 9340 9338
f 9337 9353 9351
f 9337 9351 9340
f 9339 9341 9356
f 9339 9356 9357
f 9339 9357 9358
f 9339 9358 9342
f 9340 9351 9359
f 9340 9359 9341
f 9341 9359 9356
f 9342 9358 9360
f 9342 9360 9343
f 9343 9360 9344
f 9344 9360 9361
f 9344 9361 9362
f 9344 9362 9345
f 9345 9362 9363
f 9345 9363 9364
f 9345 9364 9346
f 9346 9364 9366
f 9346 9366 9367
f 9346 9367 9368
f 9346 9368 9369
f 9346 9369 9365
f 9347 9370 9371
f 9347 9371 9372
f 9347 9372 9348
f 9348 9372 9373
f 9348 9373 9374
f 9348 9374 9349
f 9349 9374 9375
f 9349 9375 9350
f 9350 9375 9351
f 9351 9353 9352
f 9351 9375 9359
f 9354 9365 9376
f 9355 9377 9399
f 9355 9399 9378
f 9356 9359 9375
f 9356 9375 9357
f 9357 9375 9374
f 9357 9374 9373
f 9357 9373 9358
f 9358 9373 9379
f 9358 9379 9380
f 9358 9380 9360
f 9360 9381 9382
f 9360 9382 9383
f 9360 9383 9361
f 9360 9380 9381
f 9361 9384 9362
f 9361 9383 9385
f 9361 9385 9386
f 9361 9386 9384
f 9362 9384 9387
f 9362 9387 9388
f 9362 9388 9363
f 9363 9388 9389
f 9363 9389 9390
f 9363 9390 9391
f 9363 9391 9364
f 9365 9369 9392
f 9365 9392 9393
f 9365 9393 9394
f 9365 9394 9376
f 9370 9395 9396
f 9370 9396 9371
f 9371 9380 9379
f 9371 9379 9372
f 9371 9396 9397
f 9371 9397 9381
f 9371 9381 9380
f 9372 9379 9373
f 9377 9398 9399
f 9378 9399 9400
f 9378 9400 9401
f 9381 9397 9382
f 9382 9397 9383
f 9383 9397 9402
f 9383 9402 9385
f 9384 9386 9387
f 9385 9402 9386
f 9386 9402 9398
f 9387 9389 9388
f 9395 9403 9400
f 9395 9400 9397
f 9395 9397 9396
f 9397 9400 9402
f 9398 9402 9399
f 9399 9402 9400
f 9400 9403 9401
o convex_34
v -0.024621 -0.0126186 -0.0670534
v -0.0243552 -0.0134146 -0.0614068
v -0.024621 -0.0124684 -0.0614068
v -0.024621 0.000120976 -0.0670534
v -0.0243601 -0.0135348 -0.0670534
v -0.0243279 -0.0135047 -0.0614068
v -0.024621 -1.0437e-05 -0.0614068
v -0.0243617 0.00104838 -0.0670534
v -0.0243029 -0.0135685 -0.0614068
v -0.0231173 -0.0165498 -0.0670534
v -0.0243303 0.0010221 -0.0614068
v -0.024075 0.00164162 -0.0614068
v -0.0230988 0.00399955 -0.0614068
v -0.0228305 0.00474673 -0.0670534
v -0.0231447 -0.0163695 -0.0614068
v -0.0225511 -0.0178864 -0.0670534
v -0.0225084 -0.0178902 -0.0614068
v -0.0227975 -0.0172031 -0.0614068
v -0.0227999 0.00471669 -0.0614068
v -0.0225124 0.0054038 -0.0614068
v -0.0225213 0.00542257 -0.0670534
v -0.0218447 -0.0191555 -0.0670534
v -0.0218254 -0.019148 -0.0614068
v -0.0218866 -0.0190353 -0.0614068
v -0.0218294 0.00666161 -0.0614068
v -0.0218487 0.00667287 -0.0670534
v -0.0214033 -0.0197975 -0.0670534
v -0.0213598 -0.0198276 -0.0614068
v -0.0214057 0.00728113 -0.0614068
v -0.0213638 0.0073412 -0.0614068
v -0.0213655 0.00734496 -0.0670534
v -0.0207775 -0.0206499 -0.0670534
v -0.0201839 -0.0214271 -0.0670534
v -0.0207775 -0.0205898 -0.0614068
v -0.0213131 0.00740879 -0.0614068
v -0.0201879 0.00894069 -0.0670534
v -0.0208129 0.00809589 -0.0670534
v -0.0196837 -0.0220804 -0.0670534
v -0.0201074 -0.0214646 -0.0614068
v -0.0207308 0.00817099 -0.0614068
v -0.0196821 0.00954144 -0.0614068
v -0.0189508 0.0104914 -0.0614068
v -0.0189773 0.0105064 -0.0670534
v -0.0196297 -0.0220879 -0.0614068
v -0.0189733 -0.0229928 -0.0670534
v -0.0189475 -0.022974 -0.0614068
v -0.018391 0.0111747 -0.0614068
v -0.0183974 0.0111822 -0.0670534
v -0.0188968 -0.0230378 -0.0614068
v -0.0184337 -0.0236423 -0.0670534
v -0.0183845 -0.0236611 -0.0614068
v -0.017708 0.0118506 -0.0614068
v -0.0177233 0.0118693 -0.0670534
v -0.018366 -0.0237137 -0.0670534
v -0.0177184 -0.0243557 -0.0670534
v -0.0177015 -0.0243369 -0.0614068
v -0.0169468 0.0124738 -0.0614068
v -0.0168856 0.0125452 -0.0670534
v -0.0168478 -0.0250766 -0.0670534
v -0.0168631 -0.0250203 -0.0614068
v -0.0168099 0.0125827 -0.0614068
v -0.0163935 0.0129282 -0.0670534
v -0.0163943 -0.0254295 -0.0670534
v -0.0163943 -0.0253807 -0.0614068
v -0.0163935 0.0129019 -0.0614068
v -0.0163935 0.012823 -0.0670534
v -0.0163935 0.012823 -0.0614068
f 9404 9405 9406
f 9404 9406 9410
f 9404 9410 9407
f 9404 9407 9411
f 9404 9411 9417
f 9404 9417 9424
f 9404 9424 9429
f 9404 9429 9434
f 9404 9434 9440
f 9404 9440 9439
f 9404 9439 9446
f 9404 9446 9451
f 9404 9451 9456
f 9404 9456 9461
f 9404 9461 9465
f 9404 9465 9469
f 9404 9469 9466
f 9404 9466 9462
f 9404 9462 9458
f 9404 9458 9457
f 9404 9457 9453
f 9404 9453 9448
f 9404 9448 9441
f 9404 9441 9436
f 9404 9436 9435
f 9404 9435 9430
f 9404 9430 9425
f 9404 9425 9419
f 9404 9419 9413
f 9404 9413 9408
f 9404 9408 9405
f 9405 9408 9409
f 9405 9409 9412
f 9405 9412 9418
f 9405 9418 9421
f 9405 9421 9420
f 9405 9420 9427
f 9405 9427 9426
f 9405 9426 9431
f 9405 9431 9437
f 9405 9437 9442
f 9405 9442 9447
f 9405 9447 9449
f 9405 9449 9452
f 9405 9452 9454
f 9405 9454 9459
f 9405 9459 9463
f 9405 9463 9467
f 9405 9467 9470
f 9405 9470 9468
f 9405 9468 9464
f 9405 9464 9460
f 9405 9460 9455
f 9405 9455 9450
f 9405 9450 9445
f 9405 9445 9444
f 9405 9444 9443
f 9405 9443 9438
f 9405 9438 9433
f 9405 9433 9432
f 9405 9432 9428
f 9405 9428 9423
f 9405 9423 9422
f 9405 9422 9416
f 9405 9416 9415
f 9405 9415 9414
f 9405 9414 9410
f 9405 9410 9406
f 9407 9410 9411
f 9408 9412 9409
f 9408 9413 9412
f 9410 9414 9411
f 9411 9414 9415
f 9411 9415 9416
f 9411 9416 9417
f 9412 9413 9418
f 9413 9419 9420
f 9413 9420 9421
f 9413 9421 9418
f 9416 9422 9417
f 9417 9423 9424
f 9417 9422 9423
f 9419 9425 9426
f 9419 9426 9427
f 9419 9427 9420
f 9423 9428 9429
f 9423 9429 9424
f 9425 9430 9431
f 9425 9431 9426
f 9428 9432 9429
f 9429 9432 9433
f 9429 9433 9434
f 9430 9435 9431
f 9431 9435 9436
f 9431 9436 9437
f 9433 9438 9439
f 9433 9439 9440
f 9433 9440 9434
f 9436 9441 9437
f 9437 9441 9442
f 9438 9443 9439
f 9439 9443 9444
f 9439 9444 9445
f 9439 9445 9446
f 9441 9447 9442
f 9441 9448 9449
f 9441 9449 9447
f 9445 9450 9446
f 9446 9450 9451
f 9448 9452 9449
f 9448 9453 9454
f 9448 9454 9452
f 9450 9455 9456
f 9450 9456 9451
f 9453 9457 9454
f 9454 9457 9458
f 9454 9458 9459
f 9455 9460 9456
f 9456 9460 9461
f 9458 9462 9459
f 9459 9462 9463
f 9460 9464 9461
f 9461 9464 9465
f 9462 9466 9463
f 9463 9466 9467
f 9464 9468 9465
f 9465 9468 9470
f 9465 9470 9469
f 9466 9469 9470
f 9466 9470 9467
o convex_35
v 0.00891666 -0.0291122 -0.0738578
v 0.00764203 -0.0296414 -0.073847
v 0.0065859 -0.0300089 -0.073847
v 0.00521821 -0.0303101 -0.073847
v 0.000823761 -0.0308908 -0.073847
v -0.000240455 -0.0309102 -0.073847
v -0.00106593 -0.0308571 -0.073847
v -0.00433546 -0.0304256 -0.073847
v -0.00570316 -0.0302347 -0.073847
v -0.00706681 -0.0298666 -0.073847
v -0.00790038 -0.0295351 -0.073847
v -0.00980222 -0.028751 -0.073847
v -0.010915 -0.0282886 -0.073847
v -0.0115988 -0.0280034 -0.073847
v -0.0125336 -0.0274667 -0.073847
v -0.0134076 -0.0268883 -0.073847
v -0.0141036 -0.0263573 -0.073847
v -0.0146539 -0.0259327 -0.073847
v 0.00891666 -0.0259327 -0.0738578
v 0.00929703 -0.0289573 -0.0738578
v 0.0188831 -0.0315212 -0.0711702
v 0.0188831 -0.0317715 -0.0710643
v 0.0175396 -0.0317715 -0.0712707
v 0.0161517 -0.0317715 -0.0713604
v 0.000791389 -0.0317715 -0.0717887
v -0.000240455 -0.0317715 -0.0718042
v -0.015706 -0.0317715 -0.0713719
v -0.015706 -0.0259327 -0.0715297
v 0.0146505 -0.0259327 -0.0738578
v 0.0106769 -0.028388 -0.0738578
v 0.0202508 -0.0301552 -0.0712363
v 0.0216427 -0.0301901 -0.0707878
v 0.0202265 -0.0315235 -0.0707413
v 0.0113567 -0.0281034 -0.0738578
v 0.0120527 -0.0277525 -0.0738578
v 0.0131695 -0.0270729 -0.0738578
v 0.0140476 -0.0264008 -0.0738578
v 0.0200849 -0.0317715 -0.0706705
v -0.015706 -0.0317715 -0.068693
v -0.015706 -0.0259327 -0.0670157
v 0.0243498 -0.0259327 -0.0711945
v 0.0243498 -0.0260579 -0.0711783
v 0.0229821 -0.0274238 -0.0712228
v 0.0216185 -0.0287904 -0.0712579
v 0.0230064 -0.0287972 -0.070779
v 0.0225653 -0.029758 -0.0705747
v 0.0212017 -0.0310697 -0.0705524
v 0.0204612 -0.0317715 -0.0704857
v -0.0156777 -0.0259384 -0.0669679
v -0.0156817 -0.0259327 -0.0669679
v -0.00599855 -0.0317715 -0.0682034
v -0.000240455 -0.0313812 -0.0669679
v -0.00157983 -0.0313092 -0.0669679
v -0.00160411 -0.0313069 -0.0669679
v -0.00510024 -0.0308479 -0.0669679
v -0.00577195 -0.0307525 -0.0669679
v -0.00706681 -0.0304359 -0.0669679
v -0.00843452 -0.0299232 -0.0669679
v -0.0111659 -0.0287921 -0.0669679
v -0.0122705 -0.0283132 -0.0669679
v -0.0129544 -0.0279651 -0.0669679
v -0.0139013 -0.0272981 -0.0669679
v 0.0256325 -0.0259327 -0.0706718
v 0.0256325 -0.0259493 -0.0706698
v 0.0243377 -0.0273907 -0.0707298
v 0.0221121 -0.0306685 -0.0703117
v 0.0238723 -0.0283469 -0.0705383
v 0.0234758 -0.0292562 -0.0702935
v 0.0238157 -0.0309982 -0.0691368
v 0.0211127 -0.0317715 -0.0701646
v 0.0216427 -0.0315235 -0.0700399
v 0.00891666 -0.0259327 -0.0669679
v 0.0204369 -0.0317715 -0.0670205
v 0.0011232 -0.0312754 -0.0669679
v 0.0249325 -0.0317715 -0.0670205
v 0.0256325 -0.0259327 -0.0670643
v 0.0256325 -0.0260144 -0.0706455
v 0.0251753 -0.0269135 -0.0705019
v 0.0229295 -0.0314806 -0.06936
v 0.0227636 -0.0317715 -0.0692778
v 0.0218896 -0.0317715 -0.0697559
v 0.0247868 -0.0278245 -0.0702577
v 0.0251267 -0.0295803 -0.0691024
v 0.0243013 -0.0300832 -0.0693378
v 0.0236943 -0.0317715 -0.0686951
v 0.0232168 -0.0317715 -0.0690188
v 0.0247261 -0.0304913 -0.0688387
v 0.00891666 -0.0294734 -0.0669679
v 0.0150915 -0.0259327 -0.0669766
v 0.00397999 -0.0309177 -0.0669679
v 0.0242325 -0.0317715 -0.0682722
v 0.0252724 -0.0311137 -0.0679282
v 0.0254019 -0.0312594 -0.0670205
v 0.00877503 -0.0295334 -0.0669679
v 0.00796979 -0.0298712 -0.0669679
v 0.0065859 -0.0304061 -0.0669679
v 0.005113 -0.0307616 -0.0669679
v 0.0256325 -0.025963 -0.0670434
v 0.0256325 -0.027357 -0.069963
v 0.0256325 -0.0286589 -0.0692663
v 0.0256325 -0.0300603 -0.0683855
v 0.0256325 -0.0300924 -0.0683653
v 0.0243377 -0.0315115 -0.0683922
v 0.0256325 -0.0301444 -0.0683282
v 0.0256325 -0.0309874 -0.0670205
v 0.0256325 -0.0260013 -0.0670205
f 9471 9472 9473
f 9471 9473 9474
f 9471 9474 9475
f 9471 9475 9476
f 9471 9476 9477
f 9471 9477 9478
f 9471 9478 9479
f 9471 9479 9480
f 9471 9480 9481
f 9471 9481 9482
f 9471 9482 9483
f 9471 9483 9484
f 9471 9484 9485
f 9471 9485 9486
f 9471 9486 9487
f 9471 9487 9488
f 9471 9488 9489
f 9471 9489 9499
f 9471 9499 9507
f 9471 9507 9506
f 9471 9506 9505
f 9471 9505 9504
f 9471 9504 9500
f 9471 9500 9490
f 9471 9490 9491
f 9471 9491 9492
f 9471 9492 9472
f 9472 9492 9473
f 9473 9492 9493
f 9473 9493 9474
f 9474 9493 9475
f 9475 9493 9494
f 9475 9494 9476
f 9476 9495 9496
f 9476 9496 9497
f 9476 9497 9477
f 9476 9494 9495
f 9477 9497 9478
f 9478 9497 9479
f 9479 9497 9480
f 9480 9497 9481
f 9481 9497 9482
f 9482 9497 9483
f 9483 9497 9484
f 9484 9497 9485
f 9485 9497 9486
f 9486 9497 9487
f 9487 9497 9488
f 9488 9497 9498
f 9488 9498 9510
f 9488 9510 9520
f 9488 9520 9542
f 9488 9542 9559
f 9488 9559 9546
f 9488 9546 9533
f 9488 9533 9511
f 9488 9511 9499
f 9488 9499 9489
f 9490 9500 9491
f 9491 9501 9502
f 9491 9502 9503
f 9491 9503 9492
f 9491 9500 9504
f 9491 9504 9505
f 9491 9505 9506
f 9491 9506 9507
f 9491 9507 9499
f 9491 9499 9501
f 9492 9503 9508
f 9492 9508 9518
f 9492 9518 9540
f 9492 9540 9551
f 9492 9551 9550
f 9492 9550 9556
f 9492 9556 9555
f 9492 9555 9561
f 9492 9561 9545
f 9492 9545 9543
f 9492 9543 9521
f 9492 9521 9509
f 9492 9509 9497
f 9492 9497 9496
f 9492 9496 9495
f 9492 9495 9494
f 9492 9494 9493
f 9497 9509 9510
f 9497 9510 9498
f 9499 9511 9512
f 9499 9512 9513
f 9499 9513 9514
f 9499 9514 9501
f 9501 9514 9502
f 9502 9514 9515
f 9502 9515 9516
f 9502 9516 9517
f 9502 9517 9503
f 9503 9517 9508
f 9508 9517 9518
f 9509 9519 9520
f 9509 9520 9510
f 9509 9521 9522
f 9509 9522 9523
f 9509 9523 9524
f 9509 9524 9525
f 9509 9525 9526
f 9509 9526 9527
f 9509 9527 9528
f 9509 9528 9529
f 9509 9529 9530
f 9509 9530 9531
f 9509 9531 9532
f 9509 9532 9519
f 9511 9533 9534
f 9511 9534 9512
f 9512 9535 9515
f 9512 9515 9513
f 9512 9534 9535
f 9513 9515 9514
f 9515 9535 9516
f 9516 9536 9517
f 9516 9535 9537
f 9516 9537 9538
f 9516 9538 9539
f 9516 9539 9536
f 9517 9540 9518
f 9517 9536 9541
f 9517 9541 9540
f 9519 9532 9531
f 9519 9531 9530
f 9519 9530 9529
f 9519 9529 9528
f 9519 9528 9527
f 9519 9527 9526
f 9519 9526 9525
f 9519 9525 9524
f 9519 9524 9523
f 9519 9523 9522
f 9519 9522 9544
f 9519 9544 9560
f 9519 9560 9567
f 9519 9567 9566
f 9519 9566 9565
f 9519 9565 9564
f 9519 9564 9558
f 9519 9558 9542
f 9519 9542 9520
f 9521 9543 9522
f 9522 9543 9545
f 9522 9545 9544
f 9533 9546 9568
f 9533 9568 9576
f 9533 9576 9575
f 9533 9575 9574
f 9533 9574 9572
f 9533 9572 9571
f 9533 9571 9570
f 9533 9570 9569
f 9533 9569 9547
f 9533 9547 9534
f 9534 9547 9535
f 9535 9547 9548
f 9535 9548 9537
f 9536 9539 9549
f 9536 9549 9550
f 9536 9550 9551
f 9536 9551 9541
f 9537 9548 9552
f 9537 9552 9538
f 9538 9552 9553
f 9538 9553 9554
f 9538 9554 9539
f 9539 9555 9556
f 9539 9556 9549
f 9539 9554 9553
f 9539 9553 9557
f 9539 9557 9555
f 9540 9541 9551
f 9542 9558 9559
f 9544 9545 9560
f 9545 9561 9562
f 9545 9562 9563
f 9545 9563 9558
f 9545 9558 9564
f 9545 9564 9565
f 9545 9565 9566
f 9545 9566 9567
f 9545 9567 9560
f 9546 9559 9568
f 9547 9569 9548
f 9548 9569 9570
f 9548 9570 9553
f 9548 9553 9552
f 9549 9556 9550
f 9553 9570 9571
f 9553 9571 9572
f 9553 9572 9557
f 9555 9557 9573
f 9555 9573 9561
f 9557 9572 9574
f 9557 9574 9562
f 9557 9562 9573
f 9558 9563 9559
f 9559 9563 9575
f 9559 9575 9576
f 9559 9576 9568
f 9561 9573 9562
f 9562 9574 9575
f 9562 9575 9563
o convex_36
v -0.0299455 -0.0273706 -4.5993e-05
v -0.0301495 -0.0315214 -0.00414369
v -0.0299536 -0.0273706 -0.00140953
v -0.02995 -0.0273706 0.00132109
v -0.030145 -0.0315214 0.00405171
v -0.030524 -0.0326056 -0.00277661
v -0.0305123 -0.0325647 -0.00414369
v -0.0301892 -0.0315214 -0.00551078
v -0.0301522 -0.0301559 -0.00960848
v -0.0305078 -0.0325769 0.00405171
v -0.0299735 -0.0273706 -0.00277661
v -0.0299699 -0.0273706 0.00268817
v -0.0301522 -0.0301559 0.00951649
v -0.0301847 -0.0315214 0.00541524
v -0.030533 -0.0326368 -4.5993e-05
v -0.0305339 -0.0326298 -0.00140953
v -0.0316287 -0.0338894 0.00541524
v -0.0305529 -0.0324856 -0.00551078
v -0.0325393 -0.0338894 -0.0147253
v -0.030515 -0.0312987 -0.00960848
v -0.030228 -0.0301559 -0.0109756
v -0.0301964 -0.0287897 -0.0137062
v -0.0305484 -0.0325233 0.00541524
v -0.0316269 -0.0338894 0.00678232
v -0.0302018 -0.0277738 -0.0147253
v -0.0302163 -0.0274235 -0.0147253
v -0.0302181 -0.0273846 -0.0147253
v -0.030219 -0.0273706 -0.0147253
v -0.0302072 -0.0273706 0.0163484
v -0.0302054 -0.0274235 0.0163484
v -0.0301829 -0.0287897 0.0136142
v -0.0302054 -0.0301559 0.01088
v -0.0302785 -0.0315214 0.00678232
v -0.0355059 -0.0338894 -0.0147253
v -0.0305168 -0.0291496 -0.0147253
v -0.0305646 -0.0298413 -0.0137062
v -0.0306061 -0.0311016 -0.0109756
v -0.0304112 -0.0288478 -0.0147253
v -0.0306612 -0.0324429 0.00678232
v -0.0317821 -0.0338894 0.00820267
v -0.0381024 -0.0273706 -0.0147253
v -0.0304753 -0.0273706 0.0177154
v -0.0304978 -0.0274714 0.0177154
v -0.0305854 -0.0285504 0.0163484
v -0.0305502 -0.029916 0.0136142
v -0.0305827 -0.0311552 0.01088
v -0.030515 -0.0313676 0.00951649
v -0.0355681 -0.0337822 -0.0147253
v -0.0358894 -0.0338894 -0.0123426
v -0.031968 -0.0338894 0.00941351
v -0.0382549 -0.0273706 -0.0136565
v -0.0380744 -0.0274771 -0.0147253
v -0.0305439 -0.0273706 0.0179995
v -0.0307614 -0.0282716 0.0172609
v -0.032135 -0.0310741 0.016082
v -0.0307108 -0.0296748 0.0147114
v -0.0321783 -0.0337369 0.01088
v -0.0320881 -0.0338894 0.0100385
v -0.0319861 -0.0338894 0.00951649
v -0.0361629 -0.0330267 -0.0137062
v -0.0360835 -0.0328053 -0.0147253
v -0.0360772 -0.0338894 -0.0109756
v -0.0362622 -0.0332169 -0.0123426
v -0.038449 -0.0273706 -0.0122929
v -0.0378623 -0.0282684 -0.0147253
v -0.0310204 -0.0273706 0.019079
v -0.0322189 -0.0295988 0.0185747
v -0.0323209 -0.0322259 0.0143386
v -0.032163 -0.032409 0.0136142
v -0.03232 -0.0335927 0.0116115
v -0.0323715 -0.0338894 0.0105711
v -0.0365158 -0.0323433 -0.0137062
v -0.0364508 -0.0322131 -0.0144092
v -0.0362261 -0.0325309 -0.0147253
v -0.0362929 -0.0338894 -0.00935281
v -0.0364761 -0.0336227 -0.00911491
v -0.0366087 -0.0325335 -0.0123426
v -0.0384273 -0.0274235 -0.0123426
v -0.0386313 -0.0273706 -0.0109081
v -0.0376809 -0.0288778 -0.0147253
v -0.0377288 -0.029186 -0.0137062
v -0.0379318 -0.0285032 -0.0137062
v -0.0316648 -0.0273706 0.0203999
v -0.0321323 -0.0283615 0.020091
v -0.0330321 -0.0284789 0.0202401
v -0.0330321 -0.0291617 0.0193204
v -0.0330321 -0.0296403 0.0186351
v -0.0330321 -0.0307768 0.0169485
v -0.0330321 -0.0322316 0.0143492
v -0.0330321 -0.0326062 0.0136142
v -0.0330321 -0.0332628 0.0123075
v -0.0330321 -0.0311883 0.0162631
v -0.0330321 -0.0318718 0.015031
v -0.0330321 -0.0335991 0.0116257
v -0.0330321 -0.0338894 0.0108942
v -0.0330222 -0.0338894 0.0108907
v -0.0368669 -0.0315214 -0.0137062
v -0.0370609 -0.0315214 -0.0123426
v -0.0366764 -0.0315259 -0.0147253
v -0.0365582 -0.0318118 -0.0147253
v -0.0363524 -0.0338894 -0.00880953
v -0.0372206 -0.0315214 -0.0109756
v -0.0365167 -0.033698 -0.00824139
v -0.0368876 -0.0328883 -0.00824139
v -0.0386069 -0.0274235 -0.0109756
v -0.0383605 -0.0287897 -0.00960848
v -0.0387712 -0.0274235 -0.00960848
v -0.0387865 -0.0273706 -0.00960848
v -0.0381945 -0.0287897 -0.0109756
v -0.0372396 -0.0301559 -0.0147253
v -0.0373966 -0.0301559 -0.0137062
v -0.0376123 -0.0300755 -0.0123462
v -0.0377856 -0.0293812 -0.0128043
v -0.0379977 -0.0288714 -0.0123462
v -0.0316774 -0.0273706 0.0204212
v -0.0324337 -0.0273706 0.0213196
v -0.0330321 -0.0273706 0.0215504
v -0.0330321 -0.0279193 0.0209219
v -0.0340709 -0.0283481 0.0200697
v -0.0338841 -0.0295707 0.0185392
v -0.0340772 -0.031069 0.0160465
v -0.0337442 -0.0322195 0.0143244
v -0.0337478 -0.033587 0.0115973
v -0.0330583 -0.0338894 0.01088
v -0.0376728 -0.0304207 -0.0109756
v -0.0364057 -0.0338894 -0.00824139
v -0.0373542 -0.0315214 -0.00960848
v -0.0377306 -0.0306128 -0.00960848
v -0.0364291 -0.0338894 -0.00789341
v -0.0365474 -0.0337599 -0.00687786
v -0.0370374 -0.0328883 -0.00551078
v -0.0369761 -0.0328883 -0.00687786
v -0.0376042 -0.0314372 -0.00695243
v -0.0378434 -0.0295656 -0.0118952
v -0.0379011 -0.0297379 -0.0109756
v -0.0379824 -0.0299294 -0.00960848
v -0.038495 -0.0287897 -0.00824139
v -0.0388975 -0.0274235 -0.00824139
v -0.038912 -0.0273706 -0.00824139
v -0.0344075 -0.0273706 0.0208686
v -0.0345501 -0.0275231 0.0205597
v -0.0349806 -0.0279819 0.019608
v -0.0344328 -0.0287833 0.0190719
v -0.0347947 -0.0292179 0.0180421
v -0.0343633 -0.0298158 0.0176373
v -0.0344788 -0.0305139 0.0164407
v -0.0349869 -0.0307334 0.0154784
v -0.034366 -0.0314755 0.0149032
v -0.0340221 -0.032402 0.0136142
v -0.0343768 -0.0328551 0.0121867
v -0.0346683 -0.0332399 0.01088
v -0.033986 -0.033728 0.01088
v -0.034338 -0.0338894 0.00983252
v -0.037847 -0.0309254 -0.00654763
v -0.0380455 -0.0300583 -0.00824139
v -0.036477 -0.0338894 -0.00687786
v -0.0364878 -0.0338894 -0.00663285
v -0.0365934 -0.0338677 -0.00414369
v -0.0370537 -0.0328883 -0.00414369
v -0.037597 -0.0316663 -0.00551078
v -0.0385627 -0.0287897 -0.00687786
v -0.0389851 -0.0273706 -0.00686721
v -0.0389444 -0.0273706 -0.00763775
v -0.034635 -0.0273706 0.0206485
v -0.0347866 -0.0273706 0.0204176
v -0.0354075 -0.0273706 0.0194021
v -0.0352062 -0.0283073 0.0186955
v -0.0351259 -0.0295376 0.0171295
v -0.0352667 -0.0297845 0.0163484
v -0.0351719 -0.0309701 0.0145694
v -0.035005 -0.0321206 0.0127762
v -0.0349544 -0.033444 0.00989998
v -0.034514 -0.0338894 0.00952004
v -0.0378686 -0.0309835 -0.00551078
v -0.0365817 -0.0338894 -0.00414369
v -0.0365817 -0.0338894 -0.00410108
v -0.0365808 -0.0338894 -0.00277661
v -0.0365907 -0.033869 -0.00277661
v -0.0370248 -0.0328883 -0.00277661
v -0.0375916 -0.0316701 -0.00414369
v -0.0378732 -0.0309867 -0.00414369
v -0.0390293 -0.0273706 -0.00551078
v -0.0389878 -0.0273706 -0.00679974
v -0.038143 -0.0301559 -0.00551078
v -0.0390554 -0.0276998 -0.00140953
v -0.0391556 -0.0273706 -0.00140953
v -0.035523 -0.0273706 0.0191216
v -0.0354671 -0.0274854 0.0191216
v -0.0360582 -0.0273706 0.0177438
v -0.036088 -0.0273706 0.0176657
v -0.035357 -0.0287738 0.0176373
v -0.0358172 -0.0287897 0.0163484
v -0.0354599 -0.0302299 0.0150061
v -0.0360185 -0.0300378 0.0135112
v -0.036199 -0.0303869 0.0122471
v -0.0354887 -0.0316076 0.0122933
v -0.0351801 -0.0323459 0.0118672
v -0.0351223 -0.0336259 0.00898741
v -0.0345736 -0.0338894 0.00938866
v -0.0386845 -0.0287897 -0.00140953
v -0.0365095 -0.0338894 -0.00140953
v -0.0365609 -0.0337918 -0.00140953
v -0.0378181 -0.0308482 0.00204546
v -0.0386791 -0.0287897 -4.5993e-05
v -0.0390636 -0.0277158 -4.5993e-05
v -0.0391619 -0.0273706 -0.000720661
v -0.03656 -0.0273706 0.0163484
v -0.0363136 -0.0278459 0.0163484
v -0.0364346 -0.0280833 0.015624
v -0.036218 -0.0287923 0.0150913
v -0.0364634 -0.0295037 0.0129857
v -0.0365717 -0.0297035 0.0122471
v -0.0363299 -0.0292498 0.0138983
v -0.0363488 -0.03066 0.0111996
v -0.0360257 -0.0314098 0.0107983
v -0.0353118 -0.0325571 0.01088
v -0.0354174 -0.0329482 0.00947033
v -0.0357685 -0.0328883 0.0081494
v -0.0352234 -0.0337829 0.0081494
v -0.0350997 -0.0338894 0.0081494
v -0.0363976 -0.0338894 -4.5993e-05
v -0.0365086 -0.0336846 -4.5993e-05
v -0.0367549 -0.0330018 0.00132109
v -0.0367541 -0.0327708 0.00268817
v -0.0374824 -0.0313906 0.00257455
v -0.0377622 -0.0307168 0.00295449
v -0.0379779 -0.0298643 0.00405171
v -0.0386304 -0.0274235 0.00678232
v -0.0379977 -0.0302197 0.00257455
v -0.0385013 -0.0287897 0.00268817
v -0.0386168 -0.0287897 0.00132109
v -0.0391647 -0.0273706 -4.5993e-05
v -0.039023 -0.0276194 0.00132109
v -0.0391015 -0.0273706 0.00132109
v -0.036773 -0.0273706 0.0156666
v -0.0368623 -0.027546 0.0150913
v -0.036569 -0.0283386 0.0147114
v -0.03668 -0.0287923 0.0135112
v -0.0370221 -0.0287897 0.0122471
v -0.0367098 -0.0301852 0.0107983
v -0.0364716 -0.0308795 0.010287
v -0.0361539 -0.0317129 0.00951649
v -0.0363091 -0.0319656 0.0081494
v -0.0361151 -0.0327951 0.00678232
v -0.0354626 -0.0338894 0.00678232
v -0.0354265 -0.0338894 0.00694921
v -0.0352902 -0.0338894 0.00755996
v -0.0365555 -0.0310295 0.00951649
v -0.0363425 -0.0338894 0.000568306
v -0.036468 -0.0336087 0.000863027
v -0.0364264 -0.0335327 0.0017756
v -0.0363831 -0.0334543 0.00268817
v -0.0363127 -0.0333094 0.00405171
v -0.0366647 -0.0326266 0.00405171
v -0.0372134 -0.0315214 0.00405171
v -0.0376791 -0.030547 0.00405171
v -0.0378894 -0.0296339 0.00541524
v -0.0384598 -0.0274235 0.0081494
v -0.038643 -0.0273706 0.00683203
v -0.0386484 -0.0273706 0.00678232
v -0.0387612 -0.0273706 0.00547915
v -0.0387486 -0.0274235 0.00541524
v -0.0389977 -0.0273706 0.00259585
v -0.0369021 -0.0273706 0.0152405
v -0.0369472 -0.0273706 0.0150842
v -0.0373127 -0.0274235 0.0136142
v -0.0373551 -0.0287897 0.01088
v -0.037004 -0.0301559 0.00951649
v -0.0364066 -0.0321276 0.00723683
v -0.0362053 -0.0331103 0.00541524
v -0.0357387 -0.0338894 0.00541879
v -0.0366773 -0.0312828 0.0081494
v -0.0362938 -0.0338894 0.00110448
v -0.0362568 -0.0338894 0.00150929
v -0.036144 -0.0338894 0.00268817
v -0.036227 -0.0338894 0.00182176
v -0.0360853 -0.0338894 0.00321725
v -0.0359788 -0.0338894 0.00405171
v -0.0359084 -0.0338894 0.00448491
v -0.0365564 -0.0324275 0.00541524
v -0.037227 -0.0301559 0.0081494
v -0.03768 -0.029186 0.0081494
v -0.0379977 -0.0285026 0.0081494
v -0.0379038 -0.0283028 0.00925017
v -0.0381376 -0.027548 0.00963012
v -0.0384706 -0.0273706 0.00820267
v -0.0384787 -0.0273706 0.00814585
v -0.0373235 -0.0273706 0.0136675
v -0.0373362 -0.0273706 0.0136142
v -0.0377288 -0.0278951 0.01088
v -0.0378055 -0.0280865 0.0101592
v -0.0376205 -0.0287706 0.00963012
v -0.0376205 -0.0273706 0.012382
v -0.0364842 -0.0322776 0.00632426
v -0.038208 -0.0273706 0.00961591
v -0.0376358 -0.0273706 0.012311
v -0.0381764 -0.0273706 0.00977925
f 9577 9578 9579
f 9577 9579 9587
f 9577 9587 9604
f 9577 9604 9617
f 9577 9617 9627
f 9577 9627 9640
f 9577 9640 9655
f 9577 9655 9684
f 9577 9684 9715
f 9577 9715 9739
f 9577 9739 9738
f 9577 9738 9759
f 9577 9759 9758
f 9577 9758 9762
f 9577 9762 9782
f 9577 9782 9808
f 9577 9808 9810
f 9577 9810 9839
f 9577 9839 9837
f 9577 9837 9836
f 9577 9836 9835
f 9577 9835 9863
f 9577 9863 9862
f 9577 9862 9871
f 9577 9871 9873
f 9577 9873 9872
f 9577 9872 9869
f 9577 9869 9865
f 9577 9865 9864
f 9577 9864 9841
f 9577 9841 9840
f 9577 9840 9811
f 9577 9811 9783
f 9577 9783 9766
f 9577 9766 9765
f 9577 9765 9763
f 9577 9763 9742
f 9577 9742 9741
f 9577 9741 9740
f 9577 9740 9716
f 9577 9716 9693
f 9577 9693 9692
f 9577 9692 9691
f 9577 9691 9659
f 9577 9659 9642
f 9577 9642 9629
f 9577 9629 9618
f 9577 9618 9605
f 9577 9605 9588
f 9577 9588 9580
f 9577 9580 9581
f 9577 9581 9578
f 9578 9582 9583
f 9578 9583 9584
f 9578 9584 9585
f 9578 9585 9579
f 9578 9581 9586
f 9578 9586 9582
f 9579 9585 9587
f 9580 9588 9589
f 9580 9589 9581
f 9581 9589 9590
f 9581 9590 9586
f 9582 9586 9591
f 9582 9591 9592
f 9582 9592 9593
f 9582 9593 9583
f 9583 9594 9584
f 9583 9593 9595
f 9583 9595 9594
f 9584 9594 9596
f 9584 9596 9597
f 9584 9597 9585
f 9585 9597 9598
f 9585 9598 9587
f 9586 9590 9599
f 9586 9599 9600
f 9586 9600 9591
f 9587 9598 9601
f 9587 9601 9602
f 9587 9602 9603
f 9587 9603 9604
f 9588 9605 9606
f 9588 9606 9607
f 9588 9607 9589
f 9589 9607 9608
f 9589 9608 9590
f 9590 9608 9609
f 9590 9609 9599
f 9591 9600 9593
f 9591 9593 9592
f 9593 9600 9616
f 9593 9616 9626
f 9593 9626 9635
f 9593 9635 9634
f 9593 9634 9647
f 9593 9647 9672
f 9593 9672 9671
f 9593 9671 9700
f 9593 9700 9729
f 9593 9729 9749
f 9593 9749 9775
f 9593 9775 9796
f 9593 9796 9823
f 9593 9823 9822
f 9593 9822 9821
f 9593 9821 9847
f 9593 9847 9855
f 9593 9855 9854
f 9593 9854 9853
f 9593 9853 9851
f 9593 9851 9852
f 9593 9852 9850
f 9593 9850 9849
f 9593 9849 9825
f 9593 9825 9797
f 9593 9797 9777
f 9593 9777 9753
f 9593 9753 9752
f 9593 9752 9751
f 9593 9751 9733
f 9593 9733 9732
f 9593 9732 9705
f 9593 9705 9702
f 9593 9702 9677
f 9593 9677 9651
f 9593 9651 9638
f 9593 9638 9625
f 9593 9625 9610
f 9593 9610 9595
f 9594 9595 9596
f 9595 9610 9624
f 9595 9624 9637
f 9595 9637 9650
f 9595 9650 9676
f 9595 9676 9675
f 9595 9675 9686
f 9595 9686 9656
f 9595 9656 9641
f 9595 9641 9628
f 9595 9628 9617
f 9595 9617 9604
f 9595 9604 9603
f 9595 9603 9602
f 9595 9602 9601
f 9595 9601 9614
f 9595 9614 9611
f 9595 9611 9612
f 9595 9612 9613
f 9595 9613 9596
f 9596 9613 9597
f 9597 9613 9612
f 9597 9612 9598
f 9598 9612 9611
f 9598 9611 9614
f 9598 9614 9601
f 9599 9609 9615
f 9599 9615 9616
f 9599 9616 9600
f 9605 9618 9606
f 9606 9618 9619
f 9606 9619 9620
f 9606 9620 9621
f 9606 9621 9607
f 9607 9621 9608
f 9608 9621 9622
f 9608 9622 9623
f 9608 9623 9609
f 9609 9623 9615
f 9610 9625 9624
f 9615 9626 9616
f 9615 9623 9622
f 9615 9622 9626
f 9617 9628 9627
f 9618 9629 9619
f 9619 9629 9620
f 9620 9629 9630
f 9620 9630 9631
f 9620 9631 9632
f 9620 9632 9621
f 9621 9632 9633
f 9621 9633 9622
f 9622 9633 9634
f 9622 9634 9635
f 9622 9635 9626
f 9624 9636 9637
f 9624 9625 9636
f 9625 9638 9639
f 9625 9639 9636
f 9627 9628 9640
f 9628 9641 9640
f 9629 9642 9630
f 9630 9642 9643
f 9630 9643 9631
f 9631 9643 9644
f 9631 9644 9645
f 9631 9645 9632
f 9632 9645 9633
f 9633 9646 9647
f 9633 9647 9634
f 9633 9645 9646
f 9636 9648 9649
f 9636 9649 9650
f 9636 9650 9637
f 9636 9639 9648
f 9638 9651 9652
f 9638 9652 9639
f 9639 9652 9653
f 9639 9653 9648
f 9640 9654 9655
f 9640 9641 9654
f 9641 9656 9657
f 9641 9657 9658
f 9641 9658 9654
f 9642 9659 9660
f 9642 9660 9643
f 9643 9660 9661
f 9643 9661 9662
f 9643 9662 9663
f 9643 9663 9664
f 9643 9664 9644
f 9644 9665 9666
f 9644 9666 9667
f 9644 9667 9646
f 9644 9646 9645
f 9644 9664 9668
f 9644 9668 9669
f 9644 9669 9665
f 9646 9670 9671
f 9646 9671 9672
f 9646 9672 9647
f 9646 9667 9670
f 9648 9673 9649
f 9648 9653 9674
f 9648 9674 9673
f 9649 9673 9675
f 9649 9675 9676
f 9649 9676 9650
f 9651 9677 9652
f 9652 9678 9653
f 9652 9677 9679
f 9652 9679 9680
f 9652 9680 9678
f 9653 9678 9674
f 9654 9681 9655
f 9654 9658 9681
f 9655 9682 9683
f 9655 9683 9684
f 9655 9681 9685
f 9655 9685 9682
f 9656 9686 9687
f 9656 9687 9657
f 9657 9687 9688
f 9657 9688 9689
f 9657 9689 9690
f 9657 9690 9681
f 9657 9681 9658
f 9659 9691 9660
f 9660 9691 9692
f 9660 9692 9693
f 9660 9693 9694
f 9660 9694 9661
f 9661 9695 9696
f 9661 9696 9662
f 9661 9694 9695
f 9662 9696 9663
f 9663 9696 9664
f 9664 9697 9698
f 9664 9698 9668
f 9664 9696 9697
f 9665 9698 9666
f 9665 9669 9698
f 9666 9698 9667
f 9667 9698 9699
f 9667 9699 9670
f 9668 9698 9669
f 9670 9699 9671
f 9671 9699 9700
f 9673 9687 9686
f 9673 9686 9675
f 9673 9674 9687
f 9674 9678 9701
f 9674 9701 9687
f 9677 9702 9679
f 9678 9680 9703
f 9678 9703 9704
f 9678 9704 9701
f 9679 9702 9705
f 9679 9705 9706
f 9679 9706 9707
f 9679 9707 9708
f 9679 9708 9680
f 9680 9708 9709
f 9680 9709 9703
f 9681 9690 9685
f 9682 9685 9710
f 9682 9710 9711
f 9682 9711 9712
f 9682 9712 9713
f 9682 9713 9683
f 9683 9713 9714
f 9683 9714 9684
f 9684 9714 9715
f 9685 9690 9689
f 9685 9689 9710
f 9687 9701 9688
f 9688 9701 9710
f 9688 9710 9689
f 9693 9716 9695
f 9693 9695 9694
f 9695 9716 9717
f 9695 9717 9718
f 9695 9718 9719
f 9695 9719 9696
f 9696 9719 9720
f 9696 9720 9721
f 9696 9721 9697
f 9697 9721 9722
f 9697 9722 9723
f 9697 9723 9724
f 9697 9724 9698
f 9698 9725 9699
f 9698 9724 9725
f 9699 9725 9726
f 9699 9726 9727
f 9699 9727 9728
f 9699 9728 9700
f 9700 9728 9729
f 9701 9711 9710
f 9701 9704 9712
f 9701 9712 9711
f 9703 9709 9704
f 9704 9709 9730
f 9704 9730 9731
f 9704 9731 9712
f 9705 9732 9706
f 9706 9732 9733
f 9706 9733 9734
f 9706 9734 9707
f 9707 9734 9735
f 9707 9735 9736
f 9707 9736 9708
f 9708 9736 9709
f 9709 9736 9730
f 9712 9731 9713
f 9713 9731 9730
f 9713 9730 9737
f 9713 9737 9738
f 9713 9738 9714
f 9714 9738 9739
f 9714 9739 9715
f 9716 9740 9717
f 9717 9740 9718
f 9718 9740 9741
f 9718 9741 9742
f 9718 9742 9743
f 9718 9743 9744
f 9718 9744 9720
f 9718 9720 9719
f 9720 9744 9723
f 9720 9723 9722
f 9720 9722 9721
f 9723 9744 9745
f 9723 9745 9746
f 9723 9746 9747
f 9723 9747 9725
f 9723 9725 9724
f 9725 9747 9726
f 9726 9747 9727
f 9727 9748 9728
f 9727 9747 9748
f 9728 9748 9749
f 9728 9749 9729
f 9730 9736 9750
f 9730 9750 9737
f 9733 9751 9734
f 9734 9751 9752
f 9734 9752 9753
f 9734 9753 9754
f 9734 9754 9735
f 9735 9754 9755
f 9735 9755 9756
f 9735 9756 9736
f 9736 9756 9757
f 9736 9757 9750
f 9737 9758 9759
f 9737 9759 9738
f 9737 9750 9760
f 9737 9760 9761
f 9737 9761 9762
f 9737 9762 9758
f 9742 9763 9764
f 9742 9764 9743
f 9743 9764 9765
f 9743 9765 9766
f 9743 9766 9767
f 9743 9767 9744
f 9744 9767 9768
f 9744 9768 9745
f 9745 9768 9769
f 9745 9769 9746
f 9746 9770 9771
f 9746 9771 9772
f 9746 9772 9773
f 9746 9773 9747
f 9746 9769 9770
f 9747 9773 9748
f 9748 9773 9774
f 9748 9774 9749
f 9749 9774 9775
f 9750 9757 9776
f 9750 9776 9761
f 9750 9761 9760
f 9753 9777 9778
f 9753 9778 9754
f 9754 9778 9779
f 9754 9779 9755
f 9755 9779 9756
f 9756 9779 9757
f 9757 9780 9776
f 9757 9779 9780
f 9761 9776 9781
f 9761 9781 9762
f 9762 9781 9782
f 9763 9765 9764
f 9766 9783 9784
f 9766 9784 9768
f 9766 9768 9767
f 9768 9784 9785
f 9768 9785 9786
f 9768 9786 9769
f 9769 9786 9770
f 9770 9787 9788
f 9770 9788 9771
f 9770 9786 9789
f 9770 9789 9787
f 9771 9788 9790
f 9771 9790 9772
f 9772 9790 9773
f 9773 9790 9791
f 9773 9791 9792
f 9773 9792 9774
f 9774 9793 9794
f 9774 9794 9795
f 9774 9795 9796
f 9774 9796 9775
f 9774 9792 9793
f 9776 9780 9781
f 9777 9797 9798
f 9777 9798 9778
f 9778 9798 9779
f 9779 9799 9800
f 9779 9800 9801
f 9779 9801 9802
f 9779 9802 9803
f 9779 9803 9804
f 9779 9804 9805
f 9779 9805 9806
f 9779 9806 9807
f 9779 9807 9780
f 9779 9798 9799
f 9780 9807 9781
f 9781 9808 9782
f 9781 9807 9809
f 9781 9809 9810
f 9781 9810 9808
f 9783 9811 9785
f 9783 9785 9784
f 9785 9811 9812
f 9785 9812 9813
f 9785 9813 9789
f 9785 9789 9786
f 9787 9789 9813
f 9787 9813 9814
f 9787 9814 9788
f 9788 9814 9815
f 9788 9815 9816
f 9788 9816 9790
f 9790 9816 9817
f 9790 9817 9791
f 9791 9817 9792
f 9792 9817 9793
f 9793 9818 9794
f 9793 9817 9818
f 9794 9819 9820
f 9794 9820 9821
f 9794 9821 9822
f 9794 9822 9823
f 9794 9823 9795
f 9794 9818 9817
f 9794 9817 9824
f 9794 9824 9819
f 9795 9823 9796
f 9797 9825 9798
f 9798 9825 9826
f 9798 9826 9799
f 9799 9827 9800
f 9799 9826 9827
f 9800 9827 9828
f 9800 9828 9829
f 9800 9829 9801
f 9801 9829 9830
f 9801 9830 9831
f 9801 9831 9802
f 9802 9831 9832
f 9802 9832 9833
f 9802 9833 9803
f 9803 9833 9834
f 9803 9834 9804
f 9804 9834 9835
f 9804 9835 9836
f 9804 9836 9837
f 9804 9837 9838
f 9804 9838 9806
f 9804 9806 9805
f 9806 9838 9807
f 9807 9838 9809
f 9809 9838 9837
f 9809 9837 9839
f 9809 9839 9810
f 9811 9840 9812
f 9812 9840 9841
f 9812 9841 9842
f 9812 9842 9815
f 9812 9815 9814
f 9812 9814 9813
f 9815 9843 9816
f 9815 9842 9843
f 9816 9843 9844
f 9816 9844 9817
f 9817 9844 9824
f 9819 9824 9845
f 9819 9845 9820
f 9820 9845 9846
f 9820 9846 9821
f 9821 9846 9847
f 9824 9844 9848
f 9824 9848 9845
f 9825 9849 9827
f 9825 9827 9826
f 9827 9849 9850
f 9827 9850 9828
f 9828 9851 9829
f 9828 9850 9852
f 9828 9852 9851
f 9829 9851 9853
f 9829 9853 9854
f 9829 9854 9855
f 9829 9855 9846
f 9829 9846 9830
f 9830 9846 9856
f 9830 9856 9831
f 9831 9856 9857
f 9831 9857 9832
f 9832 9857 9858
f 9832 9858 9859
f 9832 9859 9833
f 9833 9859 9834
f 9834 9859 9860
f 9834 9860 9861
f 9834 9861 9862
f 9834 9862 9863
f 9834 9863 9835
f 9841 9864 9842
f 9842 9864 9865
f 9842 9865 9843
f 9843 9866 9867
f 9843 9867 9860
f 9843 9860 9868
f 9843 9868 9844
f 9843 9865 9869
f 9843 9869 9866
f 9844 9860 9859
f 9844 9859 9858
f 9844 9858 9857
f 9844 9857 9848
f 9844 9868 9860
f 9845 9870 9846
f 9845 9848 9870
f 9846 9870 9856
f 9846 9855 9847
f 9848 9857 9870
f 9856 9870 9857
f 9860 9867 9861
f 9861 9871 9862
f 9861 9867 9872
f 9861 9872 9873
f 9861 9873 9871
f 9866 9869 9872
f 9866 9872 9867
o convex_37
v 0.0256325 -0.0389115 -0.0232401
v 0.0256325 -0.0389249 -0.0231843
v 0.0256325 -0.0360892 -0.0232401
v 0.0256897 -0.0388966 -0.0232401
v 0.0256325 -0.0390775 -0.0222315
v 0.0262145 -0.0389925 -0.0222259
v 0.0256325 -0.0364596 -0.0219666
v 0.0335777 -0.0310445 -0.013575
v 0.0317153 -0.0310445 -0.0232401
v 0.025766 -0.0388754 -0.0232401
v 0.0256325 -0.0390767 -0.0220565
v 0.0264623 -0.039046 -0.0213147
v 0.0264623 -0.039046 -0.0211936
v 0.0257884 -0.0388683 -0.0232401
v 0.0269848 -0.0388282 -0.0218247
v 0.0284502 -0.0386324 -0.0205407
v 0.0256325 -0.0364965 -0.0218597
v 0.0370872 -0.0310445 -0.013575
v 0.0256325 -0.0371618 -0.020607
v 0.0303721 -0.0362017 -0.013575
v 0.0347909 -0.0310445 -0.0232401
v 0.0256325 -0.039072 -0.0219382
v 0.0263546 -0.039046 -0.0211936
v 0.029817 -0.038608 -0.0178091
v 0.0311827 -0.0384641 -0.0150766
v 0.0311827 -0.038472 -0.0137103
v 0.0311827 -0.0384617 -0.013575
v 0.0270823 -0.038409 -0.0232401
v 0.0271171 -0.0383957 -0.0232401
v 0.0284502 -0.038247 -0.021907
v 0.029817 -0.0384012 -0.0191744
v 0.0369 -0.0315148 -0.013575
v 0.0368775 -0.0315226 -0.0137103
v 0.0370771 -0.0310445 -0.013645
v 0.0256325 -0.0372232 -0.020607
v 0.0299101 -0.0369817 -0.013575
v 0.0299639 -0.0368732 -0.013575
v 0.0350499 -0.0310445 -0.0224416
v 0.0349479 -0.0315887 -0.0219335
v 0.0347494 -0.0311287 -0.0232401
v 0.0256325 -0.0389634 -0.0216771
v 0.0301287 -0.0381024 -0.013575
v 0.0300368 -0.0380591 -0.013575
v 0.0311827 -0.038295 -0.0164428
v 0.0313375 -0.0384295 -0.013575
v 0.0324105 -0.0380685 -0.0137103
v 0.0324363 -0.0380678 -0.013575
v 0.0274221 -0.0382588 -0.0232401
v 0.0283538 -0.0378405 -0.0232401
v 0.0283998 -0.0378507 -0.0231474
v 0.0291443 -0.0376769 -0.0226081
v 0.0298316 -0.0379907 -0.0204991
v 0.0305873 -0.0377359 -0.0200165
v 0.0307712 -0.0378704 -0.0191744
v 0.0312108 -0.0379883 -0.0176918
v 0.0368361 -0.0316571 -0.013575
v 0.0369807 -0.0310445 -0.0142657
v 0.037067 -0.0310445 -0.0137103
v 0.0362407 -0.0329578 -0.013575
v 0.0362295 -0.0329609 -0.0136403
v 0.0361588 -0.0325976 -0.0150766
v 0.0366432 -0.0315226 -0.0150766
v 0.0368417 -0.0310445 -0.0150766
v 0.0256325 -0.0382911 -0.0207195
v 0.0262122 -0.0378798 -0.0196617
v 0.0352114 -0.0310445 -0.0219165
v 0.0346889 -0.0323704 -0.0214954
v 0.034533 -0.032088 -0.0224066
v 0.035402 -0.0315226 -0.0205407
v 0.034376 -0.0318112 -0.0232401
v 0.0256325 -0.038619 -0.02108
v 0.0256325 -0.0383721 -0.0207924
v 0.0320068 -0.0377909 -0.0164428
v 0.0322232 -0.0379655 -0.0150766
v 0.0331113 -0.0375511 -0.013575
v 0.0289212 -0.0375487 -0.0232401
v 0.0297834 -0.0369684 -0.0232401
v 0.0297868 -0.0369731 -0.0232241
v 0.0306838 -0.0364541 -0.0229289
v 0.0309506 -0.036664 -0.021907
v 0.0318274 -0.0362669 -0.0211368
v 0.0314541 -0.0373246 -0.0191744
v 0.0316839 -0.0375236 -0.0180693
v 0.0318779 -0.0376801 -0.0171581
v 0.0361981 -0.0330443 -0.013575
v 0.0359077 -0.033465 -0.014049
v 0.0358168 -0.0332802 -0.0150766
v 0.0360489 -0.0323798 -0.0161826
v 0.0365771 -0.0310445 -0.0164835
v 0.0367665 -0.0310445 -0.015491
v 0.0363046 -0.0316508 -0.0165602
v 0.0354917 -0.0310445 -0.020992
v 0.0345655 -0.0335185 -0.0197488
v 0.0344388 -0.033314 -0.0205407
v 0.0342359 -0.0328508 -0.0219335
v 0.0348335 -0.0326307 -0.0205407
v 0.0336719 -0.0329444 -0.0232401
v 0.0356274 -0.0310445 -0.0205407
v 0.0358875 -0.0310445 -0.0196447
v 0.0357507 -0.0315242 -0.019287
v 0.033118 -0.0361836 -0.0181166
v 0.0326908 -0.0371304 -0.0164428
v 0.0329061 -0.0373372 -0.0150766
v 0.0330933 -0.037533 -0.0137103
v 0.0335362 -0.0366538 -0.0150766
v 0.0336966 -0.0368496 -0.0137103
v 0.033701 -0.0368764 -0.013575
v 0.0298047 -0.0369534 -0.0232401
v 0.0305963 -0.0363841 -0.0232401
v 0.0316335 -0.0360884 -0.021907
v 0.032008 -0.035085 -0.0232401
v 0.0320629 -0.0351424 -0.0230064
v 0.032304 -0.035405 -0.021907
v 0.032591 -0.0356677 -0.0206401
v 0.0329207 -0.0359705 -0.0191744
v 0.0320192 -0.0364446 -0.0202256
v 0.0322378 -0.0366412 -0.0191744
v 0.0359469 -0.0335374 -0.013575
v 0.0355881 -0.0341382 -0.0136403
v 0.0352585 -0.0342553 -0.0150766
v 0.0357316 -0.0328564 -0.0165602
v 0.0349389 -0.0343277 -0.0163993
v 0.035957 -0.0321919 -0.0170938
v 0.0361925 -0.0313426 -0.0178091
v 0.0363158 -0.0310445 -0.0178091
v 0.034995 -0.0329932 -0.0192454
v 0.0346934 -0.0337237 -0.0188376
v 0.0343906 -0.0346297 -0.0178091
v 0.0342482 -0.0342097 -0.0192454
v 0.0337145 -0.0343403 -0.0205757
v 0.0335116 -0.0339518 -0.021907
v 0.0333299 -0.033708 -0.0228295
v 0.0336259 -0.0330144 -0.0232401
v 0.036059 -0.0310445 -0.0189937
v 0.0360703 -0.0310697 -0.0189067
v 0.0358752 -0.0320259 -0.0178091
v 0.0354255 -0.0328886 -0.0178091
v 0.0335015 -0.0352879 -0.0191744
v 0.0336248 -0.035685 -0.0177202
v 0.0332514 -0.0363283 -0.0172055
v 0.0333535 -0.036447 -0.0164428
v 0.0342191 -0.0357998 -0.0150766
v 0.0343794 -0.0359988 -0.0137103
v 0.0343133 -0.0361128 -0.013575
v 0.0313094 -0.0357432 -0.0232401
v 0.0324071 -0.0346139 -0.0232401
v 0.0329868 -0.0346344 -0.021907
v 0.0331629 -0.034853 -0.0210545
v 0.0333378 -0.0350693 -0.0201433
v 0.0355915 -0.0341507 -0.013575
v 0.0348526 -0.0353154 -0.0137103
v 0.0347225 -0.0351164 -0.0150766
v 0.034635 -0.0349875 -0.0159158
v 0.0348301 -0.0339471 -0.0178091
v 0.034524 -0.034831 -0.016827
v 0.0360781 -0.0310445 -0.018918
v 0.0327805 -0.0341657 -0.0232401
v 0.0332447 -0.0335877 -0.0232401
v 0.0341047 -0.0355136 -0.0163993
v 0.0344377 -0.0359476 -0.013575
v 0.0343906 -0.0360153 -0.013575
v 0.0348649 -0.0353319 -0.013575
v 0.032637 -0.0343426 -0.0232401
f 9874 9875 9878
f 9874 9878 9884
f 9874 9884 9895
f 9874 9895 9914
f 9874 9914 9944
f 9874 9944 9945
f 9874 9945 9937
f 9874 9937 9908
f 9874 9908 9892
f 9874 9892 9890
f 9874 9890 9880
f 9874 9880 9876
f 9874 9876 9882
f 9874 9882 9894
f 9874 9894 9913
f 9874 9913 9943
f 9874 9943 9970
f 9874 9970 10006
f 9874 10006 10031
f 9874 10031 10030
f 9874 10030 10036
f 9874 10036 10019
f 9874 10019 9984
f 9874 9984 10018
f 9874 10018 9982
f 9874 9982 9981
f 9874 9981 9950
f 9874 9950 9949
f 9874 9949 9922
f 9874 9922 9921
f 9874 9921 9902
f 9874 9902 9901
f 9874 9901 9887
f 9874 9887 9883
f 9874 9883 9877
f 9874 9877 9875
f 9875 9877 9879
f 9875 9879 9878
f 9876 9880 9881
f 9876 9881 9882
f 9877 9883 9879
f 9878 9879 9885
f 9878 9885 9886
f 9878 9886 9884
f 9879 9883 9887
f 9879 9887 9888
f 9879 9888 9889
f 9879 9889 9885
f 9880 9890 9881
f 9881 9891 9907
f 9881 9907 9931
f 9881 9931 9930
f 9881 9930 9936
f 9881 9936 9963
f 9881 9963 9962
f 9881 9962 9998
f 9881 9998 10029
f 9881 10029 10007
f 9881 10007 9972
f 9881 9972 9971
f 9881 9971 9965
f 9881 9965 9939
f 9881 9939 9911
f 9881 9911 9894
f 9881 9894 9882
f 9881 9890 9892
f 9881 9892 9893
f 9881 9893 9910
f 9881 9910 9909
f 9881 9909 9916
f 9881 9916 9915
f 9881 9915 9900
f 9881 9900 9918
f 9881 9918 9920
f 9881 9920 9948
f 9881 9948 9980
f 9881 9980 10017
f 9881 10017 10034
f 9881 10034 10033
f 9881 10033 10035
f 9881 10035 10023
f 9881 10023 9991
f 9881 9991 9958
f 9881 9958 9932
f 9881 9932 9929
f 9881 9929 9905
f 9881 9905 9891
f 9884 9886 9896
f 9884 9896 9895
f 9885 9889 9897
f 9885 9897 9898
f 9885 9898 9899
f 9885 9899 9886
f 9886 9899 9900
f 9886 9900 9896
f 9887 9901 9888
f 9888 9901 9889
f 9889 9901 9902
f 9889 9902 9903
f 9889 9903 9904
f 9889 9904 9897
f 9891 9905 9906
f 9891 9906 9907
f 9892 9908 9909
f 9892 9909 9910
f 9892 9910 9893
f 9894 9911 9912
f 9894 9912 9913
f 9895 9896 9900
f 9895 9900 9915
f 9895 9915 9916
f 9895 9916 9914
f 9897 9904 9917
f 9897 9917 9898
f 9898 9918 9899
f 9898 9917 9919
f 9898 9919 9920
f 9898 9920 9918
f 9899 9918 9900
f 9902 9921 9903
f 9903 9921 9922
f 9903 9922 9923
f 9903 9923 9924
f 9903 9924 9925
f 9903 9925 9904
f 9904 9925 9926
f 9904 9926 9927
f 9904 9927 9928
f 9904 9928 9917
f 9905 9929 9906
f 9906 9930 9931
f 9906 9931 9907
f 9906 9929 9932
f 9906 9932 9933
f 9906 9933 9934
f 9906 9934 9935
f 9906 9935 9936
f 9906 9936 9930
f 9908 9937 9938
f 9908 9938 9909
f 9909 9938 9916
f 9911 9939 9912
f 9912 9940 9941
f 9912 9941 9913
f 9912 9939 9942
f 9912 9942 9940
f 9913 9941 9943
f 9914 9916 9944
f 9916 9938 9937
f 9916 9937 9945
f 9916 9945 9944
f 9917 9928 9946
f 9917 9946 9947
f 9917 9947 9919
f 9919 9947 9948
f 9919 9948 9920
f 9922 9949 9924
f 9922 9924 9923
f 9924 9949 9950
f 9924 9950 9951
f 9924 9951 9926
f 9924 9926 9925
f 9926 9951 9952
f 9926 9952 9953
f 9926 9953 9954
f 9926 9954 9955
f 9926 9955 9956
f 9926 9956 9957
f 9926 9957 9927
f 9927 9957 9928
f 9928 9957 9946
f 9932 9958 9933
f 9933 9958 9959
f 9933 9959 9934
f 9934 9959 9960
f 9934 9960 9961
f 9934 9961 9935
f 9935 9962 9963
f 9935 9963 9936
f 9935 9961 9964
f 9935 9964 9962
f 9939 9965 9942
f 9940 9966 9967
f 9940 9967 9968
f 9940 9968 9941
f 9940 9942 9969
f 9940 9969 9966
f 9941 9968 9970
f 9941 9970 9943
f 9942 9965 9971
f 9942 9971 9972
f 9942 9972 9973
f 9942 9973 9969
f 9946 9974 9975
f 9946 9975 9976
f 9946 9976 9947
f 9946 9957 9974
f 9947 9976 9977
f 9947 9977 9948
f 9948 9977 9978
f 9948 9978 9979
f 9948 9979 9980
f 9950 9981 9951
f 9951 9981 9952
f 9952 9981 9982
f 9952 9982 9983
f 9952 9983 9954
f 9952 9954 9953
f 9954 9983 9984
f 9954 9984 9985
f 9954 9985 9986
f 9954 9986 9987
f 9954 9987 9988
f 9954 9988 9989
f 9954 9989 9955
f 9955 9989 9990
f 9955 9990 9956
f 9956 9990 9957
f 9957 9990 9974
f 9958 9991 9959
f 9959 9991 9992
f 9959 9992 9993
f 9959 9993 9960
f 9960 9994 9961
f 9960 9993 9995
f 9960 9995 9994
f 9961 9994 9996
f 9961 9996 9964
f 9962 9964 9997
f 9962 9997 9998
f 9964 9996 9997
f 9966 9969 9999
f 9966 9999 10000
f 9966 10000 10001
f 9966 10001 10002
f 9966 10002 10003
f 9966 10003 9967
f 9967 10003 10004
f 9967 10004 9968
f 9968 10004 10005
f 9968 10005 9970
f 9969 9973 9999
f 9970 10005 10006
f 9972 10007 10008
f 9972 10008 9973
f 9973 10008 10009
f 9973 10009 10010
f 9973 10010 9999
f 9974 9990 9988
f 9974 9988 10011
f 9974 10011 10012
f 9974 10012 10013
f 9974 10013 9976
f 9974 9976 9975
f 9976 10013 10014
f 9976 10014 9978
f 9976 9978 9977
f 9978 10014 10015
f 9978 10015 10016
f 9978 10016 9979
f 9979 10016 9980
f 9980 10016 10017
f 9982 10018 9983
f 9983 10018 9984
f 9984 10019 10020
f 9984 10020 9985
f 9985 10020 10021
f 9985 10021 9986
f 9986 10021 9987
f 9987 10021 9988
f 9988 9990 9989
f 9988 10021 10022
f 9988 10022 10011
f 9991 10023 9992
f 9992 10023 10024
f 9992 10024 9993
f 9993 10024 10025
f 9993 10025 10026
f 9993 10026 9995
f 9994 10010 9996
f 9994 9995 10027
f 9994 10027 10010
f 9995 10026 10028
f 9995 10028 10027
f 9996 10010 10009
f 9996 10009 9997
f 9997 10009 10008
f 9997 10008 9998
f 9998 10008 10029
f 9999 10010 10000
f 10000 10010 10027
f 10000 10027 10001
f 10001 10027 10028
f 10001 10028 10012
f 10001 10012 10011
f 10001 10011 10002
f 10002 10011 10022
f 10002 10022 10003
f 10003 10022 10021
f 10003 10021 10004
f 10004 10021 10005
f 10005 10021 10020
f 10005 10020 10030
f 10005 10030 10031
f 10005 10031 10006
f 10007 10029 10008
f 10012 10028 10032
f 10012 10032 10013
f 10013 10032 10015
f 10013 10015 10014
f 10015 10032 10026
f 10015 10026 10016
f 10016 10033 10034
f 10016 10034 10017
f 10016 10026 10025
f 10016 10025 10024
f 10016 10024 10035
f 10016 10035 10033
f 10019 10036 10020
f 10020 10036 10030
f 10023 10035 10024
f 10026 10032 10028
o convex_38
v -0.0293661 -0.0372211 -0.0147253
v -0.0293661 -0.037935 -0.0147253
v -0.0297815 -0.0365719 -0.0147253
v -0.0316266 -0.0338899 0.00678433
v -0.0302753 -0.0383992 -0.0147253
v -0.0317827 -0.0338899 0.00820124
v -0.0319685 -0.0338899 0.00941253
v -0.0319861 -0.0338899 0.00951534
v -0.0320878 -0.0352008 0.00678433
v -0.0321408 -0.0364873 0.00268404
v -0.0322503 -0.0377283 -0.00304133
v -0.0325392 -0.0338899 -0.0147253
v -0.0316287 -0.0338899 0.00541756
v -0.0316661 -0.0382226 -0.00960932
v -0.0316661 -0.0383501 -0.0109761
v -0.0316661 -0.0384107 -0.0123428
v -0.0316661 -0.0383952 -0.0137071
v -0.0316661 -0.038297 -0.0147253
v -0.0320313 -0.0339841 0.00951534
v -0.0320878 -0.0338899 0.0100395
v -0.0322213 -0.0350445 0.0077398
v -0.0322623 -0.03637 0.00359438
v -0.0330316 -0.0369441 0.00131727
v -0.0330316 -0.0376433 -0.00225387
v -0.0330316 -0.0377433 -0.0029385
v -0.0330316 -0.0378845 -0.00414477
v -0.0330316 -0.0380009 -0.00551153
v -0.035506 -0.0338899 -0.0147253
v -0.0330316 -0.0380549 -0.00687579
v -0.0330316 -0.0380677 -0.00824255
v -0.0329376 -0.038058 -0.0109761
v -0.0328062 -0.0380248 -0.0123428
v -0.0326473 -0.0379248 -0.0137071
v -0.0325088 -0.0378124 -0.0147253
v -0.0323718 -0.0338899 0.0105736
v -0.0330316 -0.0350897 0.00786018
v -0.0330316 -0.0354491 0.00678433
v -0.033021 -0.0338899 0.0108921
v -0.0330316 -0.0363957 0.00367713
v -0.0330316 -0.0366506 0.00268404
v -0.0337832 -0.0377093 -0.00318176
v -0.0338312 -0.0363599 0.00355425
v -0.0338573 -0.037761 -0.00414477
v -0.0339033 -0.0378057 -0.00551153
v -0.0353754 -0.0341156 -0.0147253
v -0.0353104 -0.0352968 -0.0109761
v -0.0356876 -0.034255 -0.0123428
v -0.0358896 -0.0338899 -0.0123428
v -0.0338764 -0.0377991 -0.00687579
v -0.0338114 -0.0377544 -0.00824255
v -0.033757 -0.0377093 -0.00925571
v -0.0336942 -0.0376504 -0.0101661
v -0.03362 -0.0375685 -0.0109761
v -0.0334886 -0.0374247 -0.0123428
v -0.0333297 -0.0372605 -0.0137071
v -0.032684 -0.037642 -0.0147253
v -0.033904 -0.0350339 0.00771724
v -0.0330316 -0.0338943 0.0108821
v -0.0330316 -0.0338899 0.0108921
v -0.0340226 -0.0364674 0.00268404
v -0.0342324 -0.036613 0.00131727
v -0.0349155 -0.0361342 0.00131727
v -0.0350222 -0.0362342 0.000291571
v -0.0350942 -0.0363205 -0.000621277
v -0.0347057 -0.0359916 0.00268404
v -0.0341462 -0.0351862 0.00678433
v -0.0350116 -0.0348662 0.00587399
v -0.0351274 -0.0363652 -0.00141375
v -0.0345863 -0.0370821 -0.00551153
v -0.0345404 -0.0371052 -0.00414477
v -0.0349734 -0.0347688 -0.0147253
v -0.0351889 -0.0351061 -0.0123428
v -0.0348569 -0.0359801 -0.0109761
v -0.0351154 -0.0363559 -0.00646451
v -0.0353789 -0.0354048 -0.00960932
v -0.0361227 -0.0343816 -0.00824255
v -0.0363523 -0.0338899 -0.00880932
v -0.036293 -0.0338899 -0.00935352
v -0.0358917 -0.034255 -0.0109761
v -0.0347431 -0.0357889 -0.0123428
v -0.0360775 -0.0338899 -0.0109761
v -0.0346499 -0.0368817 -0.00690337
v -0.034171 -0.0371118 -0.0096695
v -0.0341738 -0.0368852 -0.0109761
v -0.0340601 -0.0367418 -0.0123428
v -0.0339315 -0.0365776 -0.0137071
v -0.0337916 -0.0364617 -0.0147253
v -0.033271 -0.037025 -0.0147253
v -0.0348293 -0.0347131 0.00678433
v -0.033057 -0.0338899 0.0108821
v -0.0343377 -0.0338899 0.00983384
v -0.0345136 -0.0338899 0.00952036
v -0.0351309 -0.0350003 0.00496365
v -0.0352207 -0.0351313 0.0040508
v -0.0353231 -0.0353083 0.00268404
v -0.0353923 -0.0354513 0.00131727
v -0.0359426 -0.034255 0.00268404
v -0.0353874 -0.0357159 -0.000117205
v -0.0355625 -0.0356212 -0.00141375
v -0.0350999 -0.0338899 0.00815109
v -0.0352906 -0.0338899 0.00756175
v -0.0353789 -0.0340297 0.00678433
v -0.0356438 -0.0356212 -0.002778
v -0.0351592 -0.0364143 -0.002778
v -0.0351606 -0.0364218 -0.00414477
v -0.0351444 -0.0363993 -0.00551153
v -0.0343469 -0.0356734 -0.0147253
v -0.0355915 -0.0356212 -0.00551153
v -0.0361771 -0.0344435 -0.00687579
v -0.0364293 -0.0338899 -0.00789146
v -0.036406 -0.0338899 -0.00824255
v -0.0338185 -0.0364311 -0.0147253
v -0.0345743 -0.0338899 0.00938745
v -0.0354637 -0.0343484 0.00541756
v -0.0357688 -0.034255 0.0040508
v -0.036086 -0.0338899 0.00321319
v -0.0361439 -0.0338899 0.00268404
v -0.0361368 -0.0341408 0.00131727
v -0.0361368 -0.0343683 -4.69866e-05
v -0.036199 -0.0344754 -0.00141375
v -0.0362485 -0.0345529 -0.002778
v -0.0354269 -0.0338899 0.00695235
v -0.0354629 -0.0338899 0.00678433
v -0.0356445 -0.0356212 -0.00414477
v -0.0362485 -0.0345511 -0.00414477
v -0.0364773 -0.0338899 -0.00687579
v -0.0357384 -0.0338899 0.00541756
v -0.035908 -0.0338899 0.00448716
v -0.0359786 -0.0338899 0.0040508
v -0.0362273 -0.0338899 0.00181633
v -0.0362569 -0.0338899 0.00150536
v -0.0363982 -0.0338899 -4.69866e-05
v -0.0365098 -0.0338899 -0.00141375
v -0.0365805 -0.0338899 -0.002778
v -0.0365826 -0.0338899 -0.00410214
v -0.0365819 -0.0338899 -0.00414477
v -0.0364879 -0.0338899 -0.00663504
f 10037 10038 10041
f 10037 10041 10054
f 10037 10054 10070
f 10037 10070 10092
f 10037 10092 10124
f 10037 10124 10123
f 10037 10123 10148
f 10037 10148 10143
f 10037 10143 10107
f 10037 10107 10081
f 10037 10081 10064
f 10037 10064 10048
f 10037 10048 10039
f 10037 10039 10040
f 10037 10040 10038
f 10038 10040 10042
f 10038 10042 10043
f 10038 10043 10044
f 10038 10044 10045
f 10038 10045 10046
f 10038 10046 10047
f 10038 10047 10041
f 10039 10048 10049
f 10039 10049 10040
f 10040 10049 10048
f 10040 10048 10064
f 10040 10064 10084
f 10040 10084 10117
f 10040 10117 10114
f 10040 10114 10113
f 10040 10113 10147
f 10040 10147 10146
f 10040 10146 10162
f 10040 10162 10173
f 10040 10173 10172
f 10040 10172 10171
f 10040 10171 10170
f 10040 10170 10169
f 10040 10169 10168
f 10040 10168 10167
f 10040 10167 10166
f 10040 10166 10153
f 10040 10153 10152
f 10040 10152 10165
f 10040 10165 10164
f 10040 10164 10163
f 10040 10163 10159
f 10040 10159 10158
f 10040 10158 10137
f 10040 10137 10136
f 10040 10136 10149
f 10040 10149 10128
f 10040 10128 10127
f 10040 10127 10126
f 10040 10126 10095
f 10040 10095 10074
f 10040 10074 10071
f 10040 10071 10056
f 10040 10056 10044
f 10040 10044 10043
f 10040 10043 10042
f 10041 10050 10051
f 10041 10051 10052
f 10041 10052 10053
f 10041 10053 10054
f 10041 10047 10050
f 10044 10055 10045
f 10044 10056 10055
f 10045 10055 10056
f 10045 10056 10057
f 10045 10057 10058
f 10045 10058 10046
f 10046 10058 10047
f 10047 10058 10059
f 10047 10059 10060
f 10047 10060 10061
f 10047 10061 10062
f 10047 10062 10063
f 10047 10063 10051
f 10047 10051 10050
f 10051 10063 10052
f 10052 10063 10065
f 10052 10065 10066
f 10052 10066 10053
f 10053 10066 10067
f 10053 10067 10068
f 10053 10068 10054
f 10054 10068 10069
f 10054 10069 10070
f 10056 10071 10057
f 10057 10072 10073
f 10057 10073 10058
f 10057 10071 10074
f 10057 10074 10072
f 10058 10075 10076
f 10058 10076 10059
f 10058 10073 10075
f 10059 10077 10060
f 10059 10076 10078
f 10059 10078 10077
f 10060 10077 10061
f 10061 10077 10062
f 10062 10077 10063
f 10063 10077 10079
f 10063 10079 10080
f 10063 10080 10065
f 10064 10081 10082
f 10064 10082 10083
f 10064 10083 10084
f 10065 10080 10066
f 10066 10080 10085
f 10066 10085 10067
f 10067 10085 10086
f 10067 10086 10087
f 10067 10087 10068
f 10068 10087 10088
f 10068 10088 10069
f 10069 10088 10089
f 10069 10089 10090
f 10069 10090 10091
f 10069 10091 10092
f 10069 10092 10070
f 10072 10093 10073
f 10072 10074 10094
f 10072 10094 10093
f 10073 10093 10078
f 10073 10078 10075
f 10074 10095 10094
f 10075 10078 10076
f 10077 10078 10096
f 10077 10096 10097
f 10077 10097 10098
f 10077 10098 10099
f 10077 10099 10100
f 10077 10100 10079
f 10078 10101 10096
f 10078 10093 10102
f 10078 10102 10103
f 10078 10103 10101
f 10079 10100 10104
f 10079 10104 10080
f 10080 10105 10085
f 10080 10104 10106
f 10080 10106 10105
f 10081 10107 10108
f 10081 10108 10082
f 10082 10109 10110
f 10082 10110 10111
f 10082 10111 10112
f 10082 10112 10113
f 10082 10113 10114
f 10082 10114 10115
f 10082 10115 10083
f 10082 10108 10116
f 10082 10116 10109
f 10083 10115 10084
f 10084 10115 10117
f 10085 10105 10086
f 10086 10105 10118
f 10086 10118 10087
f 10087 10119 10088
f 10087 10118 10110
f 10087 10110 10119
f 10088 10119 10120
f 10088 10120 10121
f 10088 10121 10089
f 10089 10121 10090
f 10090 10121 10122
f 10090 10122 10091
f 10091 10122 10123
f 10091 10123 10124
f 10091 10124 10092
f 10093 10125 10102
f 10093 10094 10126
f 10093 10126 10127
f 10093 10127 10128
f 10093 10128 10125
f 10094 10095 10126
f 10096 10101 10097
f 10097 10101 10098
f 10098 10101 10129
f 10098 10129 10130
f 10098 10130 10099
f 10099 10130 10131
f 10099 10131 10100
f 10100 10131 10132
f 10100 10132 10133
f 10100 10133 10134
f 10100 10134 10135
f 10100 10135 10104
f 10101 10103 10129
f 10102 10125 10103
f 10103 10125 10136
f 10103 10136 10137
f 10103 10137 10138
f 10103 10138 10129
f 10104 10135 10139
f 10104 10139 10140
f 10104 10140 10106
f 10105 10106 10140
f 10105 10140 10141
f 10105 10141 10142
f 10105 10142 10110
f 10105 10110 10118
f 10107 10143 10122
f 10107 10122 10116
f 10107 10116 10108
f 10109 10120 10119
f 10109 10119 10110
f 10109 10116 10122
f 10109 10122 10121
f 10109 10121 10120
f 10110 10142 10144
f 10110 10144 10145
f 10110 10145 10146
f 10110 10146 10147
f 10110 10147 10112
f 10110 10112 10111
f 10112 10147 10113
f 10114 10117 10115
f 10122 10143 10148
f 10122 10148 10123
f 10125 10128 10149
f 10125 10149 10136
f 10129 10150 10130
f 10129 10138 10150
f 10130 10150 10151
f 10130 10151 10131
f 10131 10151 10133
f 10131 10133 10132
f 10133 10151 10152
f 10133 10152 10153
f 10133 10153 10154
f 10133 10154 10134
f 10134 10154 10135
f 10135 10154 10155
f 10135 10155 10156
f 10135 10156 10157
f 10135 10157 10139
f 10137 10158 10138
f 10138 10158 10159
f 10138 10159 10150
f 10139 10157 10160
f 10139 10160 10141
f 10139 10141 10140
f 10141 10160 10142
f 10142 10160 10144
f 10144 10160 10161
f 10144 10161 10145
f 10145 10161 10146
f 10146 10161 10162
f 10150 10163 10151
f 10150 10159 10163
f 10151 10163 10164
f 10151 10164 10165
f 10151 10165 10152
f 10153 10166 10154
f 10154 10166 10167
f 10154 10167 10155
f 10155 10168 10156
f 10155 10167 10168
f 10156 10168 10169
f 10156 10169 10157
f 10157 10170 10171
f 10157 10171 10161
f 10157 10161 10160
f 10157 10169 10170
f 10161 10171 10172
f 10161 10172 10173
f 10161 10173 10162
o convex_39
v 0.0134869 -0.0359727 -0.0492369
v -0.00304229 -0.0380241 -0.0492369
v 0.0134869 -0.0386508 -0.0492369
v 0.0134869 -0.0335721 -0.0512849
v -0.00304229 -0.0335721 -0.0512849
v -0.00304229 -0.040525 -0.0492369
v 0.0134205 -0.0386762 -0.0492369
v 0.0134869 -0.0388874 -0.0532004
v -0.000239967 -0.033243 -0.0533329
v -0.000239967 -0.033408 -0.0519676
v 0.0134869 -0.0317721 -0.0687427
v -0.00160715 -0.0334368 -0.0519676
v -0.00304229 -0.0334962 -0.0519345
v -0.00297272 -0.0405303 -0.0492369
v -0.00304229 -0.0405722 -0.0506001
v 0.012563 -0.0389861 -0.0492369
v 0.0128235 -0.0390646 -0.0522106
v 0.0128899 -0.0390838 -0.0533329
v 0.0134869 -0.0388918 -0.0533329
v 0.00513978 -0.0317721 -0.0682036
v -0.000239967 -0.0317721 -0.0680622
v -0.00304229 -0.0317721 -0.0682301
v 0.0134869 -0.0317721 -0.0713761
v -0.00160715 -0.0406228 -0.0492369
v -0.00297272 -0.0405774 -0.0506001
v -0.00304229 -0.0406071 -0.0520339
v 0.0118802 -0.0391825 -0.0492369
v 0.0119919 -0.0392235 -0.0506001
v 0.0121893 -0.0392183 -0.0518395
v 0.0106878 -0.0395631 -0.0506001
v 0.0120534 -0.0394409 -0.0587965
v 0.0131196 -0.0391563 -0.0587965
v 0.0134869 -0.0390105 -0.0574311
v 0.0134869 -0.038925 -0.0544729
v -0.00304229 -0.0317721 -0.0715573
v 0.0134869 -0.0328886 -0.0713761
v 0.000797151 -0.0317721 -0.0717893
v -0.000239967 -0.0406761 -0.0492369
v -0.00297272 -0.0406106 -0.0519654
v -0.00160715 -0.0406507 -0.0506001
v -0.00304229 -0.0406132 -0.0533329
v 0.0106878 -0.0394967 -0.0492369
v 0.00932223 -0.0397892 -0.0492369
v 0.00932223 -0.0400336 -0.0574311
v 0.0106878 -0.0397726 -0.0587965
v 0.0120534 -0.0394548 -0.060164
v 0.0131196 -0.0391633 -0.060164
v 0.0134869 -0.0390402 -0.0587965
v -0.00159259 -0.0317721 -0.0717429
v -0.00304229 -0.036987 -0.0713452
v 0.0134869 -0.0342547 -0.071301
v 0.0134205 -0.0342547 -0.071312
v 0.0120534 -0.0342547 -0.0713739
v -0.000239967 -0.0317721 -0.0718047
v 0.00932223 -0.0356209 -0.0713496
v 0.00795505 -0.0356209 -0.0713761
v 0.0011256 -0.0406481 -0.0492369
v -0.00160715 -0.0406612 -0.0519654
v -0.000239967 -0.0406804 -0.0506001
v 0.0011256 -0.0406717 -0.0519654
v 0.0011256 -0.0406656 -0.0506001
v -0.00297272 -0.0406167 -0.0533329
v -0.00304229 -0.0406499 -0.06426
v 0.00795505 -0.0400083 -0.0492369
v 0.00795505 -0.0402274 -0.0560658
v 0.00795505 -0.0402553 -0.0574311
v 0.00932223 -0.0400502 -0.0587965
v 0.0106878 -0.0397839 -0.060164
v 0.0120534 -0.0394548 -0.0615272
v 0.0131196 -0.0391615 -0.0656276
v 0.0134869 -0.0390402 -0.063626
v -0.00297272 -0.036987 -0.0713474
v -0.00304229 -0.0381253 -0.0708857
v 0.0120534 -0.0356209 -0.0710624
v 0.0134869 -0.0356235 -0.0707509
v 0.0106878 -0.0356209 -0.0712546
v 0.0011256 -0.036987 -0.0713518
v -0.000239967 -0.036987 -0.0713651
v -0.00160715 -0.036987 -0.0713629
v 0.0052223 -0.036987 -0.0712612
v 0.00385835 -0.036987 -0.071301
v 0.00249117 -0.036987 -0.0713319
v 0.00249117 -0.0405626 -0.0492369
v 0.00249117 -0.0406307 -0.0519654
v 0.00249117 -0.0406062 -0.0506001
v -0.00297272 -0.0406525 -0.06426
v -0.00160715 -0.0406769 -0.0628947
v -0.000239967 -0.0406892 -0.060164
v -0.00160715 -0.0406787 -0.06426
v 0.00249117 -0.0406342 -0.0533329
v 0.0011256 -0.040683 -0.0656276
v 0.00249117 -0.0406481 -0.0656276
v -0.00304229 -0.0406516 -0.0656276
v 0.00658948 -0.0401907 -0.0492369
v 0.0067804 -0.0403391 -0.0546983
v 0.00609762 -0.0404247 -0.0546983
v 0.00680629 -0.0403697 -0.0560658
v 0.00932223 -0.0400519 -0.060164
v 0.00632413 -0.0404517 -0.0587965
v 0.00632899 -0.0404578 -0.060164
v 0.0070231 -0.0403723 -0.0656276
v 0.00795505 -0.0402501 -0.0656276
v 0.00932223 -0.0400519 -0.0656276
v 0.0106878 -0.0397839 -0.0615272
v 0.0106878 -0.039783 -0.06426
v 0.0120534 -0.0394539 -0.0628947
v 0.0120534 -0.0394531 -0.06426
v 0.0120534 -0.0394513 -0.0656276
v 0.0120534 -0.0394295 -0.0669929
v 0.0130872 -0.0391484 -0.0669929
v 0.0134869 -0.0390262 -0.0663964
v 0.0134869 -0.0390393 -0.0656276
v -0.00160715 -0.0382266 -0.070879
v -0.00297272 -0.0381847 -0.0708636
v -0.00304229 -0.0381821 -0.0708614
v 0.0133413 -0.035668 -0.0707641
v 0.0106878 -0.0367295 -0.0707708
v 0.0134869 -0.0358444 -0.0705918
v 0.0120534 -0.0364964 -0.0705808
v 0.00795505 -0.036987 -0.0710248
v 0.00658948 -0.036987 -0.0711618
v -0.000239967 -0.0382327 -0.0708812
v 0.0052223 -0.0380328 -0.0707752
v 0.00385835 -0.0380869 -0.0708172
v 0.00249117 -0.0381384 -0.0708481
v 0.0011256 -0.0381943 -0.070868
v 0.00388424 -0.0404631 -0.0492369
v 0.0052223 -0.0405399 -0.060164
v 0.00385835 -0.0405669 -0.0533329
v 0.00385835 -0.0405023 -0.0506001
v 0.00464954 -0.0404159 -0.0495683
v 0.00385835 -0.0405364 -0.0519654
v -0.00297272 -0.0406542 -0.0656276
v -0.000239967 -0.04069 -0.0615272
v -0.00160715 -0.0406796 -0.0656276
v 0.00385835 -0.040594 -0.0628947
v -0.000239967 -0.0406892 -0.0656276
v -0.000239967 -0.0406769 -0.0669929
v 0.0011256 -0.0406682 -0.0669929
v 0.00249117 -0.0406281 -0.0669929
v 0.00385835 -0.0405931 -0.0656276
v 0.00385835 -0.0405949 -0.06426
v -0.00304229 -0.0406324 -0.0669929
v 0.0050605 -0.0403627 -0.0492369
v 0.00597789 -0.0404124 -0.0538521
v 0.0052223 -0.0404927 -0.0546983
v 0.0052223 -0.0405408 -0.0615272
v 0.00633061 -0.0404561 -0.0628947
v 0.00634031 -0.0404535 -0.0656276
v 0.00697618 -0.0403697 -0.0669929
v 0.00795505 -0.0402396 -0.0669929
v 0.00932223 -0.0400327 -0.0669929
v 0.0106878 -0.0397822 -0.0656276
v 0.0106878 -0.0397612 -0.0669929
v 0.0129497 -0.0391022 -0.0677772
v 0.0134869 -0.0390157 -0.0669929
v -0.000239967 -0.0389162 -0.0702494
v -0.00160715 -0.0389092 -0.0702428
v -0.00297272 -0.0388682 -0.0701964
v -0.00304229 -0.0388307 -0.0702273
v 0.00926722 -0.0370595 -0.0708017
v 0.0106878 -0.0374122 -0.0701676
v 0.00877536 -0.0377142 -0.0704548
v 0.0128316 -0.0363419 -0.0704416
v 0.0134869 -0.0367697 -0.0698583
v 0.0134869 -0.0370804 -0.0695999
v 0.0130533 -0.0377797 -0.0691381
v 0.0120534 -0.0371791 -0.0699754
v 0.00658948 -0.0379246 -0.070678
v 0.0052223 -0.0387163 -0.0700285
v 0.0011256 -0.0388769 -0.0702008
v 0.0040881 -0.0404474 -0.0492369
v -0.00297272 -0.040635 -0.0669929
v -0.00160715 -0.0406656 -0.0669929
v -0.00160715 -0.0405268 -0.0679075
v -0.000239967 -0.0405338 -0.0679208
v 0.0011256 -0.0405268 -0.0679009
v 0.00249117 -0.040505 -0.0678567
v 0.00385835 -0.0404762 -0.0678103
v 0.0052223 -0.0404474 -0.0677573
v 0.00385835 -0.0405713 -0.0669929
v 0.00612998 -0.040422 -0.0677109
v 0.0052223 -0.0405346 -0.0656276
v 0.0052223 -0.040539 -0.0628947
v -0.00304229 -0.0406272 -0.0670349
v 0.00629178 -0.040443 -0.0669929
v 0.0120534 -0.0392226 -0.0679451
v 0.0120534 -0.0386299 -0.06863
v 0.0134869 -0.0383602 -0.0683848
v 0.0011256 -0.0394024 -0.0695181
v -0.000239967 -0.0394278 -0.0695667
v -0.00160715 -0.0394217 -0.0695601
v -0.00297272 -0.0394016 -0.0695137
v -0.00304229 -0.0388647 -0.0701919
v -0.00304229 -0.0393719 -0.0695446
v 0.00795505 -0.037791 -0.070541
v 0.0120534 -0.0379464 -0.0692928
v 0.0106878 -0.0388185 -0.0688288
v 0.00874462 -0.0390629 -0.0690696
v 0.0134869 -0.0383218 -0.0684245
v 0.00658948 -0.0392078 -0.0692375
v 0.0052223 -0.0392925 -0.0693436
v 0.00385835 -0.039337 -0.069401
v -0.00297272 -0.0405093 -0.0678766
v -0.00160715 -0.0401052 -0.0685902
v -0.000239967 -0.0401113 -0.0686035
v 0.0011256 -0.0400851 -0.0685836
v 0.00385835 -0.0400205 -0.068493
v 0.0052223 -0.0399751 -0.0684422
v 0.0052223 -0.0405128 -0.0669929
v 0.00658625 -0.0399795 -0.0682434
v 0.00795505 -0.0397123 -0.0683582
v 0.0106878 -0.0393885 -0.0681439
v -0.00304229 -0.0405076 -0.0678744
v -0.00297272 -0.0400842 -0.0685593
v -0.00304229 -0.039399 -0.0695093
v -0.00304229 -0.0400825 -0.0685571
v 0.0092478 -0.0394426 -0.0684422
f 10174 10175 10179
f 10174 10179 10187
f 10174 10187 10197
f 10174 10197 10211
f 10174 10211 10230
f 10174 10230 10256
f 10174 10256 10300
f 10174 10300 10345
f 10174 10345 10317
f 10174 10317 10267
f 10174 10267 10237
f 10174 10237 10216
f 10174 10216 10215
f 10174 10215 10200
f 10174 10200 10189
f 10174 10189 10180
f 10174 10180 10176
f 10174 10176 10181
f 10174 10181 10192
f 10174 10192 10207
f 10174 10207 10206
f 10174 10206 10221
f 10174 10221 10244
f 10174 10244 10285
f 10174 10285 10284
f 10174 10284 10329
f 10174 10329 10362
f 10174 10362 10373
f 10174 10373 10339
f 10174 10339 10338
f 10174 10338 10291
f 10174 10291 10248
f 10174 10248 10224
f 10174 10224 10209
f 10174 10209 10196
f 10174 10196 10184
f 10174 10184 10177
f 10174 10177 10178
f 10174 10178 10175
f 10175 10178 10186
f 10175 10186 10195
f 10175 10195 10208
f 10175 10208 10223
f 10175 10223 10246
f 10175 10246 10288
f 10175 10288 10333
f 10175 10333 10367
f 10175 10367 10368
f 10175 10368 10389
f 10175 10389 10390
f 10175 10390 10387
f 10175 10387 10358
f 10175 10358 10316
f 10175 10316 10266
f 10175 10266 10236
f 10175 10236 10214
f 10175 10214 10199
f 10175 10199 10188
f 10175 10188 10179
f 10176 10180 10181
f 10177 10182 10183
f 10177 10183 10178
f 10177 10184 10182
f 10178 10183 10185
f 10178 10185 10186
f 10179 10188 10198
f 10179 10198 10187
f 10180 10189 10181
f 10181 10190 10191
f 10181 10191 10192
f 10181 10189 10190
f 10182 10185 10183
f 10182 10184 10193
f 10182 10193 10194
f 10182 10194 10195
f 10182 10195 10185
f 10184 10196 10210
f 10184 10210 10227
f 10184 10227 10222
f 10184 10222 10208
f 10184 10208 10195
f 10184 10195 10194
f 10184 10194 10193
f 10185 10195 10186
f 10187 10198 10197
f 10188 10199 10198
f 10189 10200 10201
f 10189 10201 10190
f 10190 10202 10191
f 10190 10201 10202
f 10191 10202 10203
f 10191 10203 10204
f 10191 10204 10205
f 10191 10205 10206
f 10191 10206 10207
f 10191 10207 10192
f 10196 10209 10210
f 10197 10198 10212
f 10197 10212 10213
f 10197 10213 10211
f 10198 10199 10212
f 10199 10214 10212
f 10200 10215 10201
f 10201 10215 10203
f 10201 10203 10202
f 10203 10215 10216
f 10203 10216 10217
f 10203 10217 10218
f 10203 10218 10204
f 10204 10218 10219
f 10204 10219 10205
f 10205 10219 10220
f 10205 10220 10221
f 10205 10221 10206
f 10208 10222 10223
f 10209 10224 10225
f 10209 10225 10226
f 10209 10226 10210
f 10210 10226 10228
f 10210 10228 10229
f 10210 10229 10227
f 10211 10213 10231
f 10211 10231 10232
f 10211 10232 10233
f 10211 10233 10234
f 10211 10234 10230
f 10212 10214 10235
f 10212 10235 10231
f 10212 10231 10213
f 10214 10236 10235
f 10216 10237 10238
f 10216 10238 10217
f 10217 10238 10239
f 10217 10239 10240
f 10217 10240 10218
f 10218 10240 10241
f 10218 10241 10219
f 10219 10241 10277
f 10219 10277 10242
f 10219 10242 10220
f 10220 10242 10243
f 10220 10243 10244
f 10220 10244 10221
f 10222 10227 10223
f 10223 10245 10246
f 10223 10227 10245
f 10224 10247 10225
f 10224 10248 10247
f 10225 10247 10249
f 10225 10249 10228
f 10225 10228 10226
f 10227 10229 10250
f 10227 10250 10251
f 10227 10251 10252
f 10227 10252 10245
f 10228 10249 10253
f 10228 10253 10254
f 10228 10254 10255
f 10228 10255 10229
f 10229 10255 10250
f 10230 10234 10257
f 10230 10257 10258
f 10230 10258 10256
f 10231 10235 10259
f 10231 10259 10260
f 10231 10260 10232
f 10232 10261 10233
f 10232 10260 10262
f 10232 10262 10261
f 10233 10263 10257
f 10233 10257 10234
f 10233 10261 10264
f 10233 10264 10265
f 10233 10265 10263
f 10235 10236 10259
f 10236 10266 10306
f 10236 10306 10259
f 10237 10267 10238
f 10238 10268 10269
f 10238 10269 10270
f 10238 10270 10239
f 10238 10267 10268
f 10239 10271 10240
f 10239 10270 10272
f 10239 10272 10273
f 10239 10273 10274
f 10239 10274 10275
f 10239 10275 10276
f 10239 10276 10271
f 10240 10271 10241
f 10241 10271 10276
f 10241 10276 10277
f 10242 10277 10278
f 10242 10278 10326
f 10242 10326 10279
f 10242 10279 10243
f 10243 10279 10280
f 10243 10280 10281
f 10243 10281 10282
f 10243 10282 10283
f 10243 10283 10284
f 10243 10284 10285
f 10243 10285 10244
f 10245 10252 10286
f 10245 10286 10287
f 10245 10287 10246
f 10246 10287 10288
f 10247 10248 10289
f 10247 10289 10290
f 10247 10290 10249
f 10248 10291 10292
f 10248 10292 10289
f 10249 10290 10293
f 10249 10293 10294
f 10249 10294 10253
f 10250 10255 10295
f 10250 10295 10251
f 10251 10295 10252
f 10252 10295 10286
f 10253 10294 10296
f 10253 10296 10297
f 10253 10297 10298
f 10253 10298 10299
f 10253 10299 10254
f 10254 10299 10255
f 10255 10299 10295
f 10256 10258 10300
f 10257 10263 10301
f 10257 10301 10302
f 10257 10302 10258
f 10258 10303 10304
f 10258 10304 10300
f 10258 10302 10305
f 10258 10305 10303
f 10259 10306 10262
f 10259 10262 10260
f 10261 10262 10307
f 10261 10307 10264
f 10262 10306 10308
f 10262 10308 10307
f 10263 10265 10309
f 10263 10309 10301
f 10264 10307 10310
f 10264 10310 10311
f 10264 10311 10312
f 10264 10312 10265
f 10265 10312 10313
f 10265 10313 10314
f 10265 10314 10315
f 10265 10315 10309
f 10266 10316 10346
f 10266 10346 10306
f 10267 10317 10318
f 10267 10318 10269
f 10267 10269 10268
f 10269 10319 10272
f 10269 10272 10270
f 10269 10318 10304
f 10269 10304 10305
f 10269 10305 10319
f 10272 10301 10273
f 10272 10319 10301
f 10273 10301 10320
f 10273 10320 10321
f 10273 10321 10322
f 10273 10322 10274
f 10274 10322 10323
f 10274 10323 10275
f 10275 10323 10324
f 10275 10324 10276
f 10276 10324 10325
f 10276 10325 10326
f 10276 10326 10278
f 10276 10278 10277
f 10279 10326 10280
f 10280 10326 10281
f 10281 10326 10327
f 10281 10327 10282
f 10282 10327 10328
f 10282 10328 10283
f 10283 10328 10329
f 10283 10329 10284
f 10286 10295 10330
f 10286 10330 10331
f 10286 10331 10287
f 10287 10331 10332
f 10287 10332 10288
f 10288 10332 10333
f 10289 10292 10290
f 10290 10334 10293
f 10290 10292 10335
f 10290 10335 10336
f 10290 10336 10334
f 10291 10337 10292
f 10291 10338 10337
f 10292 10337 10339
f 10292 10339 10340
f 10292 10340 10341
f 10292 10341 10335
f 10293 10334 10342
f 10293 10342 10296
f 10293 10296 10294
f 10295 10299 10330
f 10296 10342 10343
f 10296 10343 10344
f 10296 10344 10297
f 10297 10344 10330
f 10297 10330 10298
f 10298 10330 10299
f 10300 10304 10345
f 10301 10319 10302
f 10301 10309 10320
f 10302 10319 10305
f 10303 10305 10304
f 10304 10317 10345
f 10304 10318 10317
f 10306 10346 10347
f 10306 10347 10308
f 10307 10308 10310
f 10308 10347 10311
f 10308 10311 10310
f 10309 10315 10320
f 10311 10347 10348
f 10311 10348 10349
f 10311 10349 10312
f 10312 10349 10350
f 10312 10350 10351
f 10312 10351 10352
f 10312 10352 10353
f 10312 10353 10313
f 10313 10354 10314
f 10313 10353 10355
f 10313 10355 10354
f 10314 10356 10357
f 10314 10357 10320
f 10314 10320 10315
f 10314 10354 10383
f 10314 10383 10356
f 10316 10358 10346
f 10320 10357 10322
f 10320 10322 10321
f 10322 10357 10356
f 10322 10356 10359
f 10322 10359 10323
f 10323 10359 10355
f 10323 10355 10324
f 10324 10355 10325
f 10325 10355 10360
f 10325 10360 10328
f 10325 10328 10327
f 10325 10327 10326
f 10328 10360 10361
f 10328 10361 10362
f 10328 10362 10329
f 10330 10344 10363
f 10330 10363 10364
f 10330 10364 10365
f 10330 10365 10331
f 10331 10365 10366
f 10331 10366 10332
f 10332 10367 10333
f 10332 10366 10368
f 10332 10368 10367
f 10334 10336 10369
f 10334 10369 10342
f 10335 10341 10370
f 10335 10370 10336
f 10336 10370 10361
f 10336 10361 10371
f 10336 10371 10372
f 10336 10372 10369
f 10337 10338 10339
f 10339 10373 10340
f 10340 10373 10361
f 10340 10361 10370
f 10340 10370 10341
f 10342 10369 10372
f 10342 10372 10343
f 10343 10374 10375
f 10343 10375 10344
f 10343 10372 10374
f 10344 10375 10376
f 10344 10376 10363
f 10346 10358 10377
f 10346 10377 10347
f 10347 10377 10348
f 10348 10377 10378
f 10348 10378 10349
f 10349 10378 10379
f 10349 10379 10350
f 10350 10379 10380
f 10350 10380 10351
f 10351 10380 10352
f 10352 10380 10381
f 10352 10381 10353
f 10353 10381 10382
f 10353 10382 10355
f 10354 10355 10383
f 10355 10382 10384
f 10355 10384 10385
f 10355 10385 10386
f 10355 10386 10360
f 10355 10359 10383
f 10356 10383 10359
f 10358 10387 10377
f 10360 10386 10371
f 10360 10371 10361
f 10361 10373 10362
f 10363 10376 10381
f 10363 10381 10380
f 10363 10380 10364
f 10364 10380 10379
f 10364 10379 10365
f 10365 10379 10378
f 10365 10378 10388
f 10365 10388 10366
f 10366 10389 10368
f 10366 10388 10390
f 10366 10390 10389
f 10371 10386 10372
f 10372 10386 10391
f 10372 10391 10385
f 10372 10385 10384
f 10372 10384 10374
f 10374 10384 10375
f 10375 10384 10382
f 10375 10382 10376
f 10376 10382 10381
f 10377 10387 10390
f 10377 10390 10388
f 10377 10388 10378
f 10385 10391 10386
o convex_40
v 0.00522117 0.0145496 -0.0670534
v 0.0136875 0.0145496 -0.0670534
v 0.00522117 0.0145496 -0.0614068
v 0.00522117 0.0271489 -0.0670534
v 0.0136576 0.0145496 -0.0614068
v 0.01369 0.0208969 -0.0670534
v 0.01369 0.021002 -0.0614068
v 0.00522117 0.0271663 -0.0614068
v 0.00522117 0.027165 -0.0669937
v 0.00522366 0.027165 -0.0669937
v 0.00530573 0.0271391 -0.0670534
v 0.01369 0.0247038 -0.0670534
v 0.01369 0.0246642 -0.0614068
v 0.00522366 0.0271663 -0.0614068
v 0.00522117 0.0271799 -0.0642613
v 0.00522117 0.0271848 -0.0656272
v 0.00658994 0.0269276 -0.0669937
v 0.00666538 0.0269053 -0.0670534
v 0.0135034 0.0247866 -0.0670534
v 0.0134205 0.0248361 -0.0669937
v 0.01369 0.0247161 -0.0669937
v 0.01369 0.0247075 -0.0656272
v 0.0134205 0.0248237 -0.0656272
v 0.0126777 0.0251527 -0.0669937
v 0.0134205 0.0247755 -0.0614068
v 0.00658994 0.0269263 -0.0656272
v 0.00522366 0.0271799 -0.0642613
v 0.00658994 0.0268818 -0.0614068
v 0.00783021 0.026674 -0.0669937
v 0.00781528 0.0266715 -0.0670534
v 0.0126205 0.0251639 -0.0670534
v 0.0119813 0.0254112 -0.0670534
v 0.0119946 0.0254162 -0.0669937
v 0.011968 0.0254199 -0.0656272
v 0.0119034 0.0253939 -0.0614068
v 0.0125865 0.0251156 -0.0614068
v 0.0133484 0.0248052 -0.0614068
v 0.00782026 0.0266666 -0.0656272
v 0.0077473 0.0266233 -0.0614068
v 0.0085034 0.0265132 -0.0656272
v 0.00851335 0.026512 -0.0669937
v 0.00844951 0.0265194 -0.0670534
v 0.0107593 0.0258416 -0.0670534
v 0.010688 0.0258775 -0.0669937
v 0.010688 0.0258936 -0.0656272
v 0.010688 0.0258614 -0.0614068
v 0.00836992 0.0264835 -0.0614068
v 0.00924375 0.0262869 -0.0614068
v 0.00932251 0.0262671 -0.0614068
v 0.00932251 0.026303 -0.0656272
v 0.00932251 0.0262894 -0.0669937
v 0.00939132 0.026251 -0.0670534
v 0.0105661 0.0258985 -0.0614068
f 10392 10393 10396
f 10392 10396 10394
f 10392 10394 10399
f 10392 10399 10406
f 10392 10406 10407
f 10392 10407 10400
f 10392 10400 10395
f 10392 10395 10402
f 10392 10402 10409
f 10392 10409 10421
f 10392 10421 10433
f 10392 10433 10443
f 10392 10443 10434
f 10392 10434 10423
f 10392 10423 10422
f 10392 10422 10410
f 10392 10410 10403
f 10392 10403 10397
f 10392 10397 10393
f 10393 10397 10398
f 10393 10398 10396
f 10394 10396 10398
f 10394 10398 10404
f 10394 10404 10416
f 10394 10416 10428
f 10394 10428 10427
f 10394 10427 10426
f 10394 10426 10437
f 10394 10437 10444
f 10394 10444 10440
f 10394 10440 10439
f 10394 10439 10438
f 10394 10438 10430
f 10394 10430 10419
f 10394 10419 10405
f 10394 10405 10399
f 10395 10400 10401
f 10395 10401 10402
f 10397 10403 10412
f 10397 10412 10413
f 10397 10413 10404
f 10397 10404 10398
f 10399 10405 10418
f 10399 10418 10406
f 10400 10407 10401
f 10401 10407 10408
f 10401 10408 10409
f 10401 10409 10402
f 10403 10410 10411
f 10403 10411 10412
f 10404 10413 10414
f 10404 10414 10415
f 10404 10415 10416
f 10405 10417 10418
f 10405 10419 10417
f 10406 10418 10407
f 10407 10418 10417
f 10407 10417 10408
f 10408 10420 10421
f 10408 10421 10409
f 10408 10417 10420
f 10410 10422 10411
f 10411 10422 10415
f 10411 10415 10414
f 10411 10414 10413
f 10411 10413 10412
f 10415 10422 10423
f 10415 10423 10424
f 10415 10424 10425
f 10415 10425 10426
f 10415 10426 10427
f 10415 10427 10428
f 10415 10428 10416
f 10417 10419 10429
f 10417 10429 10420
f 10419 10430 10429
f 10420 10429 10431
f 10420 10431 10432
f 10420 10432 10421
f 10421 10432 10433
f 10423 10434 10435
f 10423 10435 10424
f 10424 10435 10436
f 10424 10436 10425
f 10425 10436 10437
f 10425 10437 10426
f 10429 10430 10438
f 10429 10438 10431
f 10431 10438 10439
f 10431 10439 10440
f 10431 10440 10441
f 10431 10441 10432
f 10432 10441 10442
f 10432 10442 10433
f 10433 10442 10443
f 10434 10443 10442
f 10434 10442 10435
f 10435 10442 10436
f 10436 10444 10437
f 10436 10442 10441
f 10436 10441 10444
f 10440 10444 10441
o convex_41
v -0.024621 -0.0124656 -0.0614068
v -0.024355 -0.0134131 -0.0614068
v -0.024621 -0.0124656 -0.0465008
v -0.024621 -1.6225e-05 -0.0614068
v -0.0243278 -0.0135052 -0.0465008
v -0.0243278 -0.0135052 -0.0614068
v -0.024621 -0.012391 -0.0464102
v -0.0242673 -0.0133605 -0.0456366
v -0.024621 -1.6225e-05 -0.0465008
v -0.0243278 0.00101903 -0.0614068
v -0.0240466 -0.0141896 -0.0478666
v -0.0230942 -0.0164882 -0.0465008
v -0.0227888 -0.0171944 -0.0458001
v -0.0240466 -0.0141896 -0.0614068
v -0.0243943 -0.012391 -0.0454797
v -0.024621 -0.0110224 -0.045737
v -0.0229369 -0.0164882 -0.0456156
v -0.0232151 -0.0151239 -0.0453939
v -0.0243278 0.00101903 -0.0465008
v -0.024621 -3.81583e-05 -0.0464442
v -0.0240133 0.0017867 -0.0614068
v -0.0236596 -0.0151239 -0.0478666
v -0.0236596 -0.0151239 -0.0614068
v -0.0228221 -0.0171418 -0.0614068
v -0.0225076 -0.0178875 -0.0465008
v -0.0218243 -0.0191465 -0.0465008
v -0.0216882 -0.0189447 -0.0455282
v -0.0234661 -0.012391 -0.0450087
v -0.0245092 -0.0110224 -0.0453939
v -0.024621 -0.00965813 -0.0454198
v -0.0221266 -0.017734 -0.0454457
v -0.0220964 -0.0164882 -0.0451447
v -0.0240466 0.00169896 -0.0478666
v -0.0242673 0.000869883 -0.0456334
v -0.0227948 0.00470822 -0.0457968
v -0.0227948 0.004717 -0.0465008
v -0.024621 -0.000103958 -0.0463972
v -0.023067 0.00406338 -0.0614068
v -0.0225076 -0.0178875 -0.0614068
v -0.0218243 -0.0191465 -0.0614068
v -0.0213557 -0.0198308 -0.0465008
v -0.020116 -0.021353 -0.0457175
v -0.0188582 -0.022862 -0.0456059
v -0.019336 -0.0218706 -0.0454408
v -0.0208417 -0.0193264 -0.0452677
v -0.0207328 -0.0178568 -0.0448938
v -0.0234661 -0.0110224 -0.0449214
v -0.0220964 -0.0151239 -0.0449214
v -0.0245938 -0.00965813 -0.0453583
v -0.024621 -0.00925017 -0.0453551
v -0.0232181 0.00262894 -0.0453939
v -0.02294 0.00399758 -0.0456124
v -0.0243943 -0.000103958 -0.045478
v -0.0216913 0.0064585 -0.0455266
v -0.0218243 0.00666029 -0.0465008
v -0.0225076 0.00540132 -0.0465008
v -0.0227948 0.004717 -0.0614068
v -0.024621 -0.000748799 -0.0459603
v -0.0213557 -0.0198308 -0.0614068
v -0.0208265 -0.0205239 -0.0614068
v -0.0201523 -0.0214056 -0.0465008
v -0.0189459 -0.0229761 -0.0465008
v -0.0183835 -0.023656 -0.0465008
v -0.0175732 -0.0242263 -0.0455703
v -0.0180147 -0.0233182 -0.0453551
v -0.0193692 -0.0205853 -0.0450346
v -0.0220964 -0.0137509 -0.0448744
v -0.0179996 -0.021954 -0.0449521
v -0.016636 -0.0233226 -0.0449262
v -0.0193692 -0.0192211 -0.0448744
v -0.0234661 -0.00965813 -0.0448874
v -0.024621 -0.00828949 -0.0453243
v -0.0220964 0.00399758 -0.0451414
v -0.0221266 0.0052434 -0.0454424
v -0.0234661 -0.000103958 -0.0450087
v -0.024621 -0.00175335 -0.0456204
v -0.0245092 -0.00146821 -0.0453939
v -0.0201221 0.00887117 -0.0457143
v -0.0208447 0.00684015 -0.045266
v -0.019339 0.00938003 -0.0454376
v -0.0188582 0.0103758 -0.0456026
v -0.0213617 0.00734461 -0.0465008
v -0.0218243 0.00666029 -0.0614068
v -0.0225076 0.00540132 -0.0614068
v -0.0189459 -0.0229761 -0.0614068
v -0.0183835 -0.023656 -0.0614068
v -0.0177002 -0.0243359 -0.0465008
v -0.0161038 -0.0254852 -0.0456593
v -0.0165906 -0.0246825 -0.0453858
v -0.0234661 -0.00828949 -0.0448744
v -0.0152663 -0.0233226 -0.0448744
v -0.016636 -0.021954 -0.0448744
v -0.0154084 -0.0246869 -0.0450346
v -0.0152663 -0.0246869 -0.0449926
v -0.0125361 -0.0259327 -0.0448825
v -0.0138997 -0.0246869 -0.0448744
v -0.024621 -0.00692523 -0.0452936
v -0.0220964 0.00262894 -0.0449214
v -0.0207328 0.00536184 -0.0448938
v -0.0234661 -0.00146821 -0.0449214
v -0.024621 -0.00288511 -0.045402
v -0.0245938 -0.00283247 -0.0453583
v -0.0183896 0.0111742 -0.0465008
v -0.0189459 0.0104899 -0.0465008
v -0.0193692 0.00809473 -0.0450314
v -0.0180207 0.010832 -0.0453502
v -0.0175732 0.0117357 -0.0455687
v -0.0213617 0.00734461 -0.0614068
v -0.0177002 -0.0243359 -0.0614068
v -0.0168627 -0.0250159 -0.0465008
v -0.0161794 -0.0255467 -0.0465008
v -0.0156775 -0.0259327 -0.0465008
v -0.0152451 -0.0259327 -0.0455395
v -0.0151454 -0.0259327 -0.0455007
v -0.0138997 -0.0259327 -0.0450864
v -0.0234661 -0.00419672 -0.0448744
v -0.0111664 -0.0259327 -0.0448744
v -0.024621 -0.00541183 -0.0452936
v -0.0220964 0.00126468 -0.0448744
v -0.0193692 0.00672609 -0.0448744
v -0.016636 0.010832 -0.044923
v -0.0179996 0.00946337 -0.0449489
v -0.024621 -0.00323166 -0.0453551
v -0.024621 -0.00413092 -0.0453243
v -0.0234661 -0.00283247 -0.0448874
v -0.0183896 0.0111742 -0.0614068
v -0.0177063 0.0118497 -0.0465008
v -0.0189459 0.0104899 -0.0614068
v -0.0165906 0.0121919 -0.0453826
v -0.0161099 0.0129946 -0.0456544
v -0.0168627 -0.0250159 -0.0614068
v -0.0161794 -0.0255467 -0.0614068
v -0.0156775 -0.0259327 -0.0614068
v 0.00626709 -0.0259327 -0.0448744
v -0.016636 0.00946337 -0.0448744
v -0.0138997 0.0121963 -0.0448744
v -0.0125361 0.0135605 -0.0448809
v -0.0152663 0.0121963 -0.0449893
v -0.0154084 0.0121963 -0.0450314
v -0.0177063 0.0118497 -0.0614068
v -0.0146011 0.014258 -0.0457952
v -0.0168688 0.012534 -0.0465008
v -0.0138997 0.0135605 -0.045101
v -0.0125693 0.0150081 -0.0453259
v -0.0138997 0.01453 -0.0455719
v 0.00626709 -0.0259327 -0.0614068
v 0.00626709 0.0149292 -0.0448744
v -0.00844226 0.0149292 -0.0448744
v -0.00979982 0.0149292 -0.0448809
v -0.0111664 0.0149292 -0.044965
v -0.0168688 0.012534 -0.0614068
v -0.01214 0.0157451 -0.0456188
v -0.0129624 0.0154731 -0.0465008
v -0.0138997 0.0148107 -0.0465008
v -0.0154114 0.0136526 -0.0465024
v -0.0161492 0.0130868 -0.0465008
v -0.0111664 0.0159557 -0.0454376
v 0.00626709 0.0179955 -0.0614068
v 0.00626709 0.0162934 -0.0448987
v 0.00522096 0.0162934 -0.0448744
v -0.00570901 0.0162934 -0.0448744
v -0.00707564 0.0162934 -0.0449003
v -0.00844226 0.0162934 -0.0450621
v -0.0161492 0.0130868 -0.0614068
v -0.00844226 0.0172059 -0.0455347
v -0.00925256 0.0170348 -0.0457192
v -0.0122791 0.0158153 -0.0465008
v -0.0129019 0.0155038 -0.0614068
v -0.0129624 0.0154731 -0.0614068
v -0.0130501 0.0154161 -0.0614068
v -0.0138997 0.0148107 -0.0614068
v -0.0154114 0.0136526 -0.0614068
v -0.00707564 0.0174471 -0.0453729
v 0.00522096 0.0182543 -0.0614068
v 0.00626709 0.0179955 -0.051969
v 0.00626709 0.0174734 -0.0453696
v 0.00248771 0.0176621 -0.0451333
v 0.00112108 0.0176621 -0.0450249
v -0.000245542 0.0176621 -0.044978
v -0.00160914 0.0176621 -0.0450184
v -0.00297577 0.0176621 -0.0451236
v -0.00410353 0.0184034 -0.0457095
v -0.00707564 0.0179253 -0.0465008
v -0.00844226 0.0174296 -0.0465008
v -0.0111664 0.0162978 -0.0465008
v -0.0122791 0.0158153 -0.0614068
v -0.00160914 0.0185657 -0.0454894
v -0.00297577 0.018478 -0.0455946
v 0.00516048 0.018263 -0.0614068
v 0.00522096 0.0182543 -0.0533267
v 0.00626709 0.0179823 -0.0475462
v 0.00626709 0.0179735 -0.0465008
v 0.00357617 0.018399 -0.0457175
v 0.00248771 0.0184648 -0.0456043
v 0.00112108 0.0185613 -0.0454958
v -0.000245542 0.0186096 -0.0454489
v -0.00160914 0.0187894 -0.0465008
v -0.00297577 0.0186096 -0.0465008
v -0.00500454 0.018342 -0.0465008
v -0.00570901 0.0182411 -0.0465008
v -0.00707564 0.0179384 -0.0478666
v -0.00852087 0.0173989 -0.0614068
v -0.00707564 0.0179472 -0.051969
v -0.0071996 0.0179033 -0.0614068
v -0.00994494 0.0168067 -0.0614068
v -0.0111664 0.0162978 -0.0614068
v -0.000245542 0.0188728 -0.0465008
v 0.00453462 0.018342 -0.0614068
v 0.00453462 0.018342 -0.0533267
v 0.00522096 0.0182499 -0.051969
v 0.00112108 0.0187719 -0.0465008
v 0.00377874 0.0184253 -0.0465008
v 0.00522096 0.0182323 -0.0478666
v 0.00522096 0.0182236 -0.0465008
v 0.00446205 0.0183332 -0.0465008
v -0.00160914 0.0187938 -0.0492325
v -0.00576948 0.018263 -0.0533267
v -0.00575134 0.018263 -0.051969
v -0.00570901 0.0182499 -0.0478666
v -0.00707564 0.0179472 -0.0614068
v -0.00588438 0.0182367 -0.0614068
v -0.000245542 0.0188772 -0.0533267
v -0.00160914 0.018807 -0.0614068
v 0.00112108 0.0187719 -0.0614068
v 0.00100014 0.0187851 -0.0614068
v -0.000245542 0.0188816 -0.0614068
v -0.00570599 0.0182718 -0.0614068
v -0.00576948 0.018263 -0.0614068
f 10445 10446 10447
f 10445 10447 10451
f 10445 10451 10460
f 10445 10460 10474
f 10445 10474 10494
f 10445 10494 10516
f 10445 10516 10541
f 10445 10541 10562
f 10445 10562 10568
f 10445 10568 10567
f 10445 10567 10545
f 10445 10545 10520
f 10445 10520 10502
f 10445 10502 10481
f 10445 10481 10464
f 10445 10464 10453
f 10445 10453 10448
f 10445 10448 10454
f 10445 10454 10465
f 10445 10465 10482
f 10445 10482 10501
f 10445 10501 10528
f 10445 10528 10527
f 10445 10527 10552
f 10445 10552 10572
f 10445 10572 10570
f 10445 10570 10584
f 10445 10584 10595
f 10445 10595 10608
f 10445 10608 10616
f 10445 10616 10615
f 10445 10615 10614
f 10445 10614 10613
f 10445 10613 10612
f 10445 10612 10630
f 10445 10630 10650
f 10445 10650 10649
f 10445 10649 10646
f 10445 10646 10648
f 10445 10648 10664
f 10445 10664 10665
f 10445 10665 10672
f 10445 10672 10671
f 10445 10671 10667
f 10445 10667 10670
f 10445 10670 10669
f 10445 10669 10668
f 10445 10668 10652
f 10445 10652 10633
f 10445 10633 10618
f 10445 10618 10602
f 10445 10602 10590
f 10445 10590 10577
f 10445 10577 10576
f 10445 10576 10575
f 10445 10575 10553
f 10445 10553 10530
f 10445 10530 10529
f 10445 10529 10504
f 10445 10504 10503
f 10445 10503 10484
f 10445 10484 10483
f 10445 10483 10468
f 10445 10468 10467
f 10445 10467 10458
f 10445 10458 10450
f 10445 10450 10446
f 10446 10449 10447
f 10446 10450 10449
f 10447 10449 10452
f 10447 10452 10451
f 10448 10453 10463
f 10448 10463 10454
f 10449 10450 10458
f 10449 10458 10455
f 10449 10455 10456
f 10449 10456 10457
f 10449 10457 10452
f 10451 10452 10459
f 10451 10459 10460
f 10452 10457 10461
f 10452 10461 10462
f 10452 10462 10459
f 10453 10464 10463
f 10454 10463 10465
f 10455 10458 10467
f 10455 10467 10466
f 10455 10466 10456
f 10456 10466 10467
f 10456 10467 10468
f 10456 10468 10469
f 10456 10469 10457
f 10457 10469 10470
f 10457 10470 10471
f 10457 10471 10461
f 10459 10462 10472
f 10459 10472 10473
f 10459 10473 10460
f 10460 10473 10474
f 10461 10471 10475
f 10461 10475 10462
f 10462 10475 10476
f 10462 10476 10472
f 10463 10477 10465
f 10463 10464 10478
f 10463 10478 10479
f 10463 10479 10480
f 10463 10480 10477
f 10464 10481 10478
f 10465 10477 10480
f 10465 10480 10482
f 10468 10483 10469
f 10469 10483 10484
f 10469 10484 10470
f 10470 10484 10503
f 10470 10503 10485
f 10470 10485 10486
f 10470 10486 10471
f 10471 10486 10487
f 10471 10487 10488
f 10471 10488 10489
f 10471 10489 10490
f 10471 10490 10476
f 10471 10476 10475
f 10472 10491 10473
f 10472 10476 10492
f 10472 10492 10491
f 10473 10491 10493
f 10473 10493 10474
f 10474 10493 10494
f 10476 10490 10492
f 10478 10495 10496
f 10478 10496 10479
f 10478 10481 10497
f 10478 10497 10495
f 10479 10498 10499
f 10479 10499 10500
f 10479 10500 10480
f 10479 10496 10498
f 10480 10501 10482
f 10480 10500 10528
f 10480 10528 10501
f 10481 10502 10497
f 10485 10503 10504
f 10485 10504 10505
f 10485 10505 10486
f 10486 10505 10506
f 10486 10506 10487
f 10487 10506 10507
f 10487 10507 10508
f 10487 10508 10509
f 10487 10509 10488
f 10488 10510 10489
f 10488 10509 10510
f 10489 10510 10490
f 10490 10511 10492
f 10490 10510 10512
f 10490 10512 10513
f 10490 10513 10514
f 10490 10514 10511
f 10491 10515 10516
f 10491 10516 10494
f 10491 10494 10493
f 10491 10492 10511
f 10491 10511 10515
f 10495 10517 10518
f 10495 10518 10496
f 10495 10497 10519
f 10495 10519 10517
f 10496 10518 10498
f 10497 10502 10520
f 10497 10520 10521
f 10497 10521 10519
f 10498 10522 10499
f 10498 10518 10517
f 10498 10517 10523
f 10498 10523 10524
f 10498 10524 10525
f 10498 10525 10522
f 10499 10522 10526
f 10499 10526 10552
f 10499 10552 10527
f 10499 10527 10528
f 10499 10528 10500
f 10504 10529 10505
f 10505 10529 10506
f 10506 10529 10530
f 10506 10530 10507
f 10507 10530 10553
f 10507 10553 10531
f 10507 10531 10508
f 10508 10531 10532
f 10508 10532 10533
f 10508 10533 10509
f 10509 10513 10512
f 10509 10512 10510
f 10509 10533 10513
f 10511 10514 10536
f 10511 10536 10535
f 10511 10535 10540
f 10511 10540 10561
f 10511 10561 10578
f 10511 10578 10591
f 10511 10591 10604
f 10511 10604 10605
f 10511 10605 10592
f 10511 10592 10580
f 10511 10580 10579
f 10511 10579 10564
f 10511 10564 10563
f 10511 10563 10560
f 10511 10560 10534
f 10511 10534 10515
f 10513 10535 10536
f 10513 10536 10514
f 10513 10533 10537
f 10513 10537 10538
f 10513 10538 10539
f 10513 10539 10540
f 10513 10540 10535
f 10515 10534 10541
f 10515 10541 10516
f 10517 10519 10542
f 10517 10542 10543
f 10517 10543 10523
f 10519 10521 10544
f 10519 10544 10542
f 10520 10545 10521
f 10521 10545 10546
f 10521 10546 10544
f 10522 10525 10547
f 10522 10547 10548
f 10522 10548 10526
f 10523 10549 10524
f 10523 10543 10549
f 10524 10550 10525
f 10524 10549 10550
f 10525 10550 10551
f 10525 10551 10547
f 10526 10548 10572
f 10526 10572 10552
f 10531 10553 10575
f 10531 10575 10554
f 10531 10554 10532
f 10532 10554 10555
f 10532 10555 10556
f 10532 10556 10557
f 10532 10557 10533
f 10533 10557 10558
f 10533 10558 10559
f 10533 10559 10537
f 10534 10560 10562
f 10534 10562 10541
f 10537 10559 10538
f 10538 10559 10539
f 10539 10559 10558
f 10539 10558 10557
f 10539 10557 10556
f 10539 10556 10577
f 10539 10577 10590
f 10539 10590 10578
f 10539 10578 10561
f 10539 10561 10540
f 10542 10563 10543
f 10542 10544 10563
f 10543 10564 10565
f 10543 10565 10566
f 10543 10566 10549
f 10543 10563 10564
f 10544 10546 10567
f 10544 10567 10568
f 10544 10568 10569
f 10544 10569 10563
f 10545 10567 10546
f 10547 10570 10572
f 10547 10572 10548
f 10547 10551 10571
f 10547 10571 10584
f 10547 10584 10570
f 10549 10566 10550
f 10550 10565 10573
f 10550 10573 10551
f 10550 10566 10565
f 10551 10573 10574
f 10551 10574 10571
f 10554 10575 10576
f 10554 10576 10555
f 10555 10576 10577
f 10555 10577 10556
f 10560 10563 10569
f 10560 10569 10562
f 10562 10569 10568
f 10564 10579 10565
f 10565 10579 10580
f 10565 10580 10581
f 10565 10581 10582
f 10565 10582 10583
f 10565 10583 10573
f 10571 10574 10585
f 10571 10585 10586
f 10571 10586 10595
f 10571 10595 10584
f 10573 10583 10587
f 10573 10587 10588
f 10573 10588 10589
f 10573 10589 10574
f 10574 10589 10585
f 10578 10590 10602
f 10578 10602 10619
f 10578 10619 10635
f 10578 10635 10636
f 10578 10636 10620
f 10578 10620 10603
f 10578 10603 10591
f 10580 10592 10581
f 10581 10592 10593
f 10581 10593 10594
f 10581 10594 10582
f 10582 10594 10587
f 10582 10587 10583
f 10585 10589 10596
f 10585 10596 10597
f 10585 10597 10598
f 10585 10598 10599
f 10585 10599 10600
f 10585 10600 10586
f 10586 10600 10608
f 10586 10608 10595
f 10587 10594 10588
f 10588 10594 10601
f 10588 10601 10596
f 10588 10596 10589
f 10591 10603 10604
f 10592 10605 10593
f 10593 10605 10606
f 10593 10606 10594
f 10594 10606 10607
f 10594 10607 10601
f 10596 10601 10609
f 10596 10609 10610
f 10596 10610 10611
f 10596 10611 10597
f 10597 10611 10612
f 10597 10612 10613
f 10597 10613 10614
f 10597 10614 10598
f 10598 10614 10615
f 10598 10615 10616
f 10598 10616 10599
f 10599 10616 10608
f 10599 10608 10600
f 10601 10607 10617
f 10601 10617 10609
f 10602 10618 10634
f 10602 10634 10619
f 10603 10620 10621
f 10603 10621 10622
f 10603 10622 10623
f 10603 10623 10604
f 10604 10623 10605
f 10605 10623 10606
f 10606 10623 10624
f 10606 10624 10625
f 10606 10625 10617
f 10606 10617 10607
f 10609 10617 10626
f 10609 10626 10627
f 10609 10627 10610
f 10610 10627 10628
f 10610 10628 10629
f 10610 10629 10611
f 10611 10630 10612
f 10611 10629 10650
f 10611 10650 10630
f 10617 10625 10631
f 10617 10631 10632
f 10617 10632 10626
f 10618 10633 10634
f 10619 10634 10635
f 10620 10636 10637
f 10620 10637 10638
f 10620 10638 10639
f 10620 10639 10621
f 10621 10639 10622
f 10622 10639 10640
f 10622 10640 10623
f 10623 10640 10624
f 10624 10640 10631
f 10624 10631 10625
f 10626 10632 10641
f 10626 10641 10642
f 10626 10642 10643
f 10626 10643 10644
f 10626 10644 10627
f 10627 10644 10645
f 10627 10645 10628
f 10628 10646 10629
f 10628 10645 10647
f 10628 10647 10648
f 10628 10648 10646
f 10629 10646 10649
f 10629 10649 10650
f 10631 10640 10651
f 10631 10651 10641
f 10631 10641 10632
f 10633 10652 10653
f 10633 10653 10634
f 10634 10654 10635
f 10634 10653 10655
f 10634 10655 10656
f 10634 10656 10654
f 10635 10654 10657
f 10635 10657 10658
f 10635 10658 10636
f 10636 10658 10637
f 10637 10659 10656
f 10637 10656 10655
f 10637 10655 10639
f 10637 10639 10638
f 10637 10658 10659
f 10639 10655 10651
f 10639 10651 10640
f 10641 10651 10660
f 10641 10660 10661
f 10641 10661 10662
f 10641 10662 10642
f 10642 10662 10643
f 10643 10662 10663
f 10643 10663 10644
f 10644 10663 10645
f 10645 10663 10662
f 10645 10662 10661
f 10645 10661 10647
f 10647 10664 10648
f 10647 10661 10665
f 10647 10665 10664
f 10651 10666 10667
f 10651 10667 10660
f 10651 10655 10666
f 10652 10668 10655
f 10652 10655 10653
f 10654 10656 10659
f 10654 10659 10657
f 10655 10668 10669
f 10655 10669 10670
f 10655 10670 10666
f 10657 10659 10658
f 10660 10667 10661
f 10661 10667 10671
f 10661 10671 10672
f 10661 10672 10665
f 10666 10670 10667
o convex_42
v -0.024621 0.0128306 -0.0670534
v -0.024621 0.0171118 -0.0670534
v -0.0163939 0.0200919 -0.0670534
v -0.0154141 0.020781 -0.0614062
v -0.0154141 0.0207788 -0.0603036
v -0.0154141 0.0207788 -0.0601615
v -0.0154141 0.0207821 -0.0589377
v -0.0154141 0.0207929 -0.056206
v -0.0154141 0.020806 -0.0533341
v -0.0246201 0.0131513 -0.0506024
v -0.0246201 0.013211 -0.0490262
v -0.024621 0.0131839 -0.0614062
v -0.024621 0.0171422 -0.0669928
v -0.0244606 0.0172933 -0.0670534
v -0.0163939 0.0233894 -0.0670534
v -0.0154141 0.023885 -0.0614062
v -0.0154141 0.0208342 -0.0521292
v -0.0246201 0.0135132 -0.0477456
v -0.0154141 0.0208451 -0.0518849
v -0.024621 0.0170487 -0.0614062
v -0.0246201 0.0136273 -0.0477001
v -0.0244678 0.0173009 -0.0669928
v -0.024621 0.0171422 -0.065625
v -0.0237621 0.0179834 -0.0669928
v -0.0237486 0.0179693 -0.0670534
v -0.0166345 0.0232568 -0.0670534
v -0.0163939 0.0234133 -0.0669928
v -0.0154141 0.0238959 -0.0608037
v -0.0154141 0.0210103 -0.051218
v -0.0154141 0.0214766 -0.0510286
v -0.0246201 0.0149283 -0.0479862
v -0.0246201 0.0151337 -0.0480885
v -0.0246201 0.0164488 -0.0493615
v -0.0246201 0.0168672 -0.050125
v -0.0246201 0.0169878 -0.0506024
v -0.0246201 0.0170389 -0.0519663
v -0.0154141 0.0216537 -0.0509888
v -0.0154141 0.0230905 -0.0509718
v -0.0154141 0.0231634 -0.0509869
v -0.0244705 0.0172965 -0.065625
v -0.0246201 0.0170422 -0.0523642
v -0.0244209 0.0172585 -0.0519663
v -0.0230789 0.0186105 -0.0669928
v -0.0230717 0.018604 -0.0670534
v -0.0230555 0.0186007 -0.0519663
v -0.0230582 0.0186018 -0.0533341
v -0.0176809 0.0226623 -0.0670534
v -0.0166381 0.0232775 -0.0669928
v -0.0166381 0.0232938 -0.065625
v -0.0163939 0.0234242 -0.0660285
v -0.0154141 0.0239209 -0.0593981
v -0.0166372 0.0227754 -0.0510646
v -0.0174953 0.0225493 -0.0511783
v -0.0243011 0.0171161 -0.0497972
v -0.0243975 0.0172204 -0.0506024
v -0.0154141 0.0237905 -0.0516367
v -0.0237387 0.0179388 -0.0519663
v -0.0223137 0.0192942 -0.0669928
v -0.0216251 0.0198887 -0.0670534
v -0.0215286 0.0198006 -0.051165
v -0.0222704 0.0192822 -0.0519663
v -0.0222767 0.0192844 -0.0533341
v -0.0216269 0.0198908 -0.065625
v -0.0216305 0.0198919 -0.0669928
v -0.0183614 0.0222254 -0.0670534
v -0.0183731 0.0222439 -0.0669928
v -0.0176899 0.0226688 -0.0669928
v -0.0163939 0.0234285 -0.065625
v -0.0176845 0.0226754 -0.065625
v -0.0176638 0.0226667 -0.0587957
v -0.0166372 0.0232731 -0.0587957
v -0.0158062 0.0237329 -0.0547
v -0.0158089 0.023735 -0.0560658
v -0.0154141 0.0239263 -0.0587957
v -0.0200505 0.0210766 -0.0513336
v -0.0154141 0.0238687 -0.0519682
v -0.0157566 0.0236731 -0.0519682
v -0.0175926 0.0226069 -0.0519682
v -0.0207418 0.0205756 -0.0669928
v -0.0200604 0.021082 -0.0670534
v -0.0215881 0.0198485 -0.0519663
v -0.0215935 0.019855 -0.0533341
v -0.0215971 0.0198615 -0.0546981
v -0.020749 0.020544 -0.0546981
v -0.0200631 0.0210875 -0.0533341
v -0.0200658 0.0210896 -0.0546981
v -0.0207445 0.0205745 -0.065625
v -0.0193709 0.0215516 -0.0670534
v -0.0193709 0.0215657 -0.0669928
v -0.0200685 0.0210896 -0.0574298
v -0.0158035 0.023735 -0.0587957
v -0.0154141 0.0239318 -0.0580133
v -0.0200586 0.0210831 -0.0522448
v -0.0176521 0.0226591 -0.0574279
v -0.0166372 0.0232644 -0.0574279
v -0.0157918 0.0237209 -0.0533341
v -0.0154141 0.0239274 -0.0539327
v -0.0154141 0.0239318 -0.0547
v -0.0154141 0.0239328 -0.0552778
v -0.0154141 0.0239328 -0.0560658
v -0.0182767 0.0221852 -0.0519663
v -0.0206021 0.0206408 -0.0518621
v -0.0154141 0.0239002 -0.0526142
v -0.0200631 0.0210842 -0.065625
v -0.0200604 0.0210831 -0.0669928
v -0.0207463 0.0205375 -0.0533341
v -0.0154141 0.0239187 -0.0533341
f 10673 10674 10686
f 10673 10686 10697
f 10673 10697 10716
f 10673 10716 10731
f 10673 10731 10752
f 10673 10752 10760
f 10673 10760 10737
f 10673 10737 10719
f 10673 10719 10698
f 10673 10698 10687
f 10673 10687 10675
f 10673 10675 10676
f 10673 10676 10677
f 10673 10677 10678
f 10673 10678 10679
f 10673 10679 10680
f 10673 10680 10681
f 10673 10681 10682
f 10673 10682 10683
f 10673 10683 10684
f 10673 10684 10692
f 10673 10692 10695
f 10673 10695 10685
f 10673 10685 10674
f 10674 10685 10686
f 10675 10687 10688
f 10675 10688 10676
f 10676 10688 10700
f 10676 10700 10723
f 10676 10723 10746
f 10676 10746 10764
f 10676 10764 10772
f 10676 10772 10771
f 10676 10771 10770
f 10676 10770 10769
f 10676 10769 10779
f 10676 10779 10775
f 10676 10775 10748
f 10676 10748 10728
f 10676 10728 10711
f 10676 10711 10710
f 10676 10710 10709
f 10676 10709 10702
f 10676 10702 10701
f 10676 10701 10691
f 10676 10691 10689
f 10676 10689 10681
f 10676 10681 10680
f 10676 10680 10679
f 10676 10679 10678
f 10676 10678 10677
f 10681 10689 10682
f 10682 10689 10683
f 10683 10690 10684
f 10683 10689 10691
f 10683 10691 10690
f 10684 10690 10693
f 10684 10693 10692
f 10685 10694 10686
f 10685 10695 10694
f 10686 10694 10696
f 10686 10696 10697
f 10687 10698 10699
f 10687 10699 10688
f 10688 10699 10700
f 10690 10691 10701
f 10690 10701 10702
f 10690 10702 10693
f 10692 10693 10703
f 10692 10703 10704
f 10692 10704 10705
f 10692 10705 10706
f 10692 10706 10707
f 10692 10707 10708
f 10692 10708 10695
f 10693 10702 10709
f 10693 10709 10710
f 10693 10710 10711
f 10693 10711 10703
f 10694 10695 10712
f 10694 10712 10696
f 10695 10708 10713
f 10695 10713 10714
f 10695 10714 10712
f 10696 10715 10716
f 10696 10716 10697
f 10696 10712 10717
f 10696 10717 10718
f 10696 10718 10715
f 10698 10719 10720
f 10698 10720 10699
f 10699 10720 10721
f 10699 10721 10722
f 10699 10722 10723
f 10699 10723 10700
f 10703 10711 10704
f 10704 10711 10724
f 10704 10724 10725
f 10704 10725 10726
f 10704 10726 10705
f 10705 10726 10706
f 10706 10726 10727
f 10706 10727 10707
f 10707 10727 10714
f 10707 10714 10708
f 10708 10714 10713
f 10711 10728 10724
f 10712 10714 10729
f 10712 10729 10717
f 10714 10727 10729
f 10715 10730 10716
f 10715 10718 10730
f 10716 10730 10731
f 10717 10729 10727
f 10717 10727 10732
f 10717 10732 10733
f 10717 10733 10734
f 10717 10734 10735
f 10717 10735 10736
f 10717 10736 10730
f 10717 10730 10718
f 10719 10737 10738
f 10719 10738 10739
f 10719 10739 10720
f 10720 10739 10721
f 10721 10740 10722
f 10721 10739 10741
f 10721 10741 10742
f 10721 10742 10743
f 10721 10743 10744
f 10721 10744 10745
f 10721 10745 10740
f 10722 10740 10723
f 10723 10740 10746
f 10724 10728 10725
f 10725 10747 10726
f 10725 10728 10748
f 10725 10748 10749
f 10725 10749 10750
f 10725 10750 10747
f 10726 10747 10732
f 10726 10732 10727
f 10730 10736 10731
f 10731 10736 10751
f 10731 10751 10752
f 10732 10747 10733
f 10733 10747 10753
f 10733 10753 10754
f 10733 10754 10755
f 10733 10755 10734
f 10734 10755 10735
f 10735 10755 10756
f 10735 10756 10757
f 10735 10757 10758
f 10735 10758 10736
f 10736 10758 10759
f 10736 10759 10751
f 10737 10760 10738
f 10738 10741 10739
f 10738 10760 10761
f 10738 10761 10762
f 10738 10762 10758
f 10738 10758 10757
f 10738 10757 10742
f 10738 10742 10741
f 10740 10745 10763
f 10740 10763 10764
f 10740 10764 10746
f 10742 10757 10765
f 10742 10765 10766
f 10742 10766 10744
f 10742 10744 10767
f 10742 10767 10743
f 10743 10767 10744
f 10744 10768 10769
f 10744 10769 10770
f 10744 10770 10745
f 10744 10766 10768
f 10745 10770 10771
f 10745 10771 10772
f 10745 10772 10764
f 10745 10764 10763
f 10747 10750 10773
f 10747 10773 10766
f 10747 10766 10765
f 10747 10765 10774
f 10747 10774 10753
f 10748 10775 10768
f 10748 10768 10749
f 10749 10768 10750
f 10750 10768 10766
f 10750 10766 10773
f 10751 10759 10762
f 10751 10762 10776
f 10751 10776 10777
f 10751 10777 10752
f 10752 10777 10761
f 10752 10761 10760
f 10753 10774 10765
f 10753 10765 10754
f 10754 10778 10755
f 10754 10765 10778
f 10755 10778 10757
f 10755 10757 10756
f 10757 10778 10765
f 10758 10762 10759
f 10761 10777 10776
f 10761 10776 10762
f 10768 10775 10779
f 10768 10779 10769
o convex_43
v 0.00891989 -0.0294729 -0.0669732
v 0.00797061 -0.0298719 -0.0669667
v 0.0066145 -0.0303962 -0.0669667
v 0.00658738 -0.0304064 -0.0669667
v 0.00511374 -0.0307627 -0.0669667
v 0.0039746 -0.0309184 -0.0669667
v 0.00112376 -0.0312758 -0.0669667
v -0.000244407 -0.031382 -0.0669667
v -0.00158244 -0.0313094 -0.0669667
v -0.00160956 -0.0313078 -0.0669667
v -0.0051023 -0.0308491 -0.0669667
v -0.00577131 -0.0307536 -0.0669667
v -0.00707016 -0.0304362 -0.0669667
v -0.00843532 -0.0299236 -0.0669667
v -0.0111475 -0.0287992 -0.0669667
v -0.0111686 -0.0287901 -0.0669667
v -0.0122746 -0.0283127 -0.0669667
v -0.0129557 -0.0279644 -0.0669667
v -0.0139019 -0.0272971 -0.0669667
v -0.015689 -0.0259332 -0.0669667
v 0.00891989 -0.0259327 -0.0669732
v 0.0106889 -0.0287469 -0.0669732
v 0.00795253 -0.0298682 -0.0465011
v 0.0106889 -0.0287363 -0.0465033
v 0.00658738 -0.0303984 -0.0519674
v 0.00522223 -0.0307387 -0.0533345
v 0.00522223 -0.0307387 -0.0656256
v 0.00112376 -0.0312561 -0.0465011
v 0.00450198 -0.0308347 -0.0533345
v -0.000244407 -0.0313532 -0.0465011
v -0.00502997 -0.03084 -0.0524282
v -0.00571707 -0.0307509 -0.0533345
v -0.00160956 -0.03127 -0.0465011
v -0.00707016 -0.0304288 -0.0519674
v -0.00843532 -0.0299124 -0.0465011
v -0.00999334 -0.0292681 -0.0465011
v -0.0111686 -0.02878 -0.0465011
v -0.0122716 -0.0283031 -0.0465011
v -0.0129527 -0.0279623 -0.0465011
v -0.0139019 -0.0272939 -0.0465011
v -0.0156769 -0.0259332 -0.0465011
v 0.00891989 -0.0259327 -0.0448744
v 0.0150977 -0.0259327 -0.0669732
v 0.0117285 -0.0282898 -0.0669732
v 0.00872702 -0.0295102 -0.0457505
v 0.00658738 -0.0303797 -0.0465011
v 0.00658738 -0.0303888 -0.0478682
v 0.0117255 -0.0282802 -0.0465033
v 0.00522223 -0.0307365 -0.0519674
v 0.00448993 -0.0308331 -0.0519674
v 0.00373352 -0.0309126 -0.0465011
v 0.00354366 -0.030888 -0.0457245
v 0.00248891 -0.0309574 -0.0456142
v 0.00112376 -0.0310475 -0.0455039
v -0.000244407 -0.0310955 -0.0454541
v -0.00160956 -0.0310545 -0.0454952
v -0.00297471 -0.0310902 -0.0465011
v -0.00557242 -0.0307669 -0.0519717
v -0.00570501 -0.0307301 -0.0478682
v -0.00707016 -0.0304181 -0.0478682
v -0.00297471 -0.0309643 -0.0456034
v -0.00406261 -0.0308923 -0.0457181
v -0.00924597 -0.0295246 -0.0457267
v -0.00707016 -0.0304085 -0.0465011
v -0.012133 -0.028237 -0.0456229
v -0.0145951 -0.0267504 -0.0458024
v -0.015249 -0.0259332 -0.0455407
v 0.00891989 -0.026457 -0.0448744
v 0.0108124 -0.0259327 -0.0448744
v -0.0151466 -0.0259332 -0.0455017
v -0.0139019 -0.0259332 -0.0450864
v -0.0125368 -0.0259332 -0.0448831
v -0.0111686 -0.0259332 -0.0448766
v 0.0150857 -0.0259327 -0.0473902
v 0.0140671 -0.0267141 -0.0478682
v 0.013383 -0.0272379 -0.0465033
v 0.013383 -0.0272395 -0.0669732
v 0.0124096 -0.0279223 -0.0669732
v 0.0124096 -0.0279212 -0.0465033
v 0.00795253 -0.0296697 -0.0455645
v 0.011608 -0.0282221 -0.0456423
v 0.00522223 -0.030704 -0.0465011
v 0.00522223 -0.0307163 -0.0478682
v 0.00441459 -0.0308192 -0.0465011
v 0.00658738 -0.0299215 -0.0453806
v 0.00248891 -0.0301557 -0.0451427
v 0.00112376 -0.0301557 -0.0450323
v -0.000244407 -0.0301557 -0.0449826
v -0.00160956 -0.0301557 -0.0450237
v -0.00297471 -0.0301557 -0.0451318
v -0.00707016 -0.0299359 -0.0453741
v -0.00426754 -0.0309195 -0.0465011
v -0.0049486 -0.0308278 -0.0465011
v -0.00570501 -0.0307189 -0.0465011
v -0.00843532 -0.0296921 -0.0455407
v -0.0111686 -0.0284445 -0.0454412
v -0.0125639 -0.027503 -0.0453308
v -0.0139019 -0.0270171 -0.0455774
v -0.0151375 -0.0259903 -0.0455255
v 0.00522223 -0.0287885 -0.0448766
v 0.0106889 -0.0260575 -0.0448744
v -0.0111686 -0.0260575 -0.0448766
v -0.00570501 -0.0287885 -0.0448766
v 0.0121776 -0.0259327 -0.0448874
v -0.0139019 -0.0260575 -0.0451059
v -0.0125368 -0.0260575 -0.0448831
v 0.0150827 -0.0259327 -0.0465033
v 0.0150465 -0.0259327 -0.0462372
v 0.013169 -0.0270726 -0.0455234
v 0.0106889 -0.0284216 -0.0454585
v 0.01206 -0.027486 -0.045346
v 0.00795253 -0.0287885 -0.0450929
v 0.00658738 -0.0287885 -0.044909
v -0.00707016 -0.0287885 -0.0449025
v -0.00843532 -0.0287885 -0.0450691
v -0.0111686 -0.0274236 -0.0449696
v 0.00932069 -0.0274236 -0.0448831
v -0.00980047 -0.0274236 -0.0448809
v 0.012054 -0.0260575 -0.0448917
v 0.0137507 -0.0259327 -0.0452249
v 0.0146608 -0.0259327 -0.0456661
v 0.0142901 -0.0259327 -0.0454001
v 0.0106889 -0.0274236 -0.0449891
f 10780 10781 10782
f 10780 10782 10783
f 10780 10783 10784
f 10780 10784 10785
f 10780 10785 10786
f 10780 10786 10787
f 10780 10787 10788
f 10780 10788 10789
f 10780 10789 10790
f 10780 10790 10791
f 10780 10791 10792
f 10780 10792 10793
f 10780 10793 10794
f 10780 10794 10795
f 10780 10795 10796
f 10780 10796 10797
f 10780 10797 10798
f 10780 10798 10799
f 10780 10799 10800
f 10780 10800 10822
f 10780 10822 10856
f 10780 10856 10857
f 10780 10857 10823
f 10780 10823 10801
f 10780 10801 10781
f 10781 10802 10782
f 10781 10801 10803
f 10781 10803 10802
f 10782 10802 10804
f 10782 10804 10783
f 10783 10805 10806
f 10783 10806 10784
f 10783 10804 10805
f 10784 10806 10805
f 10784 10805 10785
f 10785 10807 10786
f 10785 10805 10808
f 10785 10808 10807
f 10786 10807 10787
f 10787 10807 10809
f 10787 10809 10788
f 10788 10809 10789
f 10789 10810 10811
f 10789 10811 10790
f 10789 10809 10812
f 10789 10812 10810
f 10790 10811 10791
f 10791 10811 10813
f 10791 10813 10792
f 10792 10813 10793
f 10793 10813 10814
f 10793 10814 10815
f 10793 10815 10794
f 10794 10815 10816
f 10794 10816 10795
f 10795 10816 10796
f 10796 10817 10818
f 10796 10818 10797
f 10796 10816 10817
f 10797 10818 10819
f 10797 10819 10798
f 10798 10819 10799
f 10799 10819 10820
f 10799 10820 10821
f 10799 10821 10800
f 10800 10821 10848
f 10800 10848 10883
f 10800 10883 10899
f 10800 10899 10901
f 10800 10901 10900
f 10800 10900 10887
f 10800 10887 10886
f 10800 10886 10853
f 10800 10853 10822
f 10801 10823 10803
f 10802 10824 10825
f 10802 10825 10826
f 10802 10826 10804
f 10802 10803 10824
f 10803 10823 10827
f 10803 10827 10824
f 10804 10826 10828
f 10804 10828 10805
f 10805 10828 10808
f 10807 10808 10829
f 10807 10829 10830
f 10807 10830 10831
f 10807 10831 10832
f 10807 10832 10833
f 10807 10833 10809
f 10808 10828 10829
f 10809 10834 10835
f 10809 10835 10812
f 10809 10833 10834
f 10810 10812 10836
f 10810 10836 10837
f 10810 10837 10811
f 10811 10838 10839
f 10811 10839 10813
f 10811 10837 10838
f 10812 10835 10840
f 10812 10840 10841
f 10812 10841 10836
f 10813 10839 10814
f 10814 10842 10815
f 10814 10839 10843
f 10814 10843 10842
f 10815 10842 10816
f 10816 10842 10817
f 10817 10842 10844
f 10817 10844 10818
f 10818 10845 10819
f 10818 10844 10845
f 10819 10845 10820
f 10820 10845 10846
f 10820 10846 10821
f 10821 10847 10880
f 10821 10880 10848
f 10821 10846 10849
f 10821 10849 10850
f 10821 10850 10851
f 10821 10851 10852
f 10821 10852 10881
f 10821 10881 10847
f 10822 10853 10854
f 10822 10854 10855
f 10822 10855 10856
f 10823 10857 10858
f 10823 10858 10827
f 10824 10859 10825
f 10824 10827 10860
f 10824 10860 10859
f 10825 10861 10862
f 10825 10862 10826
f 10825 10859 10831
f 10825 10831 10861
f 10826 10862 10828
f 10827 10858 10860
f 10828 10862 10830
f 10828 10830 10829
f 10830 10862 10863
f 10830 10863 10831
f 10831 10863 10861
f 10831 10859 10864
f 10831 10864 10832
f 10832 10864 10833
f 10833 10864 10865
f 10833 10865 10866
f 10833 10866 10834
f 10834 10867 10868
f 10834 10868 10835
f 10834 10866 10867
f 10835 10868 10869
f 10835 10869 10870
f 10835 10870 10840
f 10836 10841 10871
f 10836 10871 10837
f 10837 10871 10872
f 10837 10872 10838
f 10838 10873 10843
f 10838 10843 10839
f 10838 10872 10873
f 10840 10870 10841
f 10841 10872 10871
f 10841 10870 10874
f 10841 10874 10843
f 10841 10843 10873
f 10841 10873 10872
f 10842 10843 10874
f 10842 10874 10844
f 10844 10874 10875
f 10844 10875 10876
f 10844 10876 10877
f 10844 10877 10845
f 10845 10877 10846
f 10846 10877 10878
f 10846 10878 10849
f 10847 10879 10880
f 10847 10881 10882
f 10847 10882 10879
f 10848 10880 10883
f 10849 10878 10884
f 10849 10884 10850
f 10850 10884 10885
f 10850 10885 10851
f 10851 10885 10881
f 10851 10881 10852
f 10853 10886 10855
f 10853 10855 10854
f 10855 10886 10887
f 10855 10887 10888
f 10855 10888 10860
f 10855 10860 10858
f 10855 10858 10856
f 10856 10858 10857
f 10859 10860 10889
f 10859 10889 10864
f 10860 10888 10890
f 10860 10890 10889
f 10861 10863 10862
f 10864 10889 10891
f 10864 10891 10892
f 10864 10892 10865
f 10865 10892 10866
f 10866 10892 10867
f 10867 10892 10879
f 10867 10879 10882
f 10867 10882 10893
f 10867 10893 10868
f 10868 10893 10869
f 10869 10893 10870
f 10870 10893 10894
f 10870 10894 10875
f 10870 10875 10874
f 10875 10895 10876
f 10875 10894 10895
f 10876 10884 10877
f 10876 10895 10884
f 10877 10884 10878
f 10879 10892 10896
f 10879 10896 10880
f 10880 10896 10883
f 10881 10885 10897
f 10881 10897 10882
f 10882 10897 10893
f 10883 10896 10898
f 10883 10898 10899
f 10884 10895 10885
f 10885 10895 10897
f 10887 10900 10888
f 10888 10900 10901
f 10888 10901 10899
f 10888 10899 10890
f 10889 10890 10902
f 10889 10902 10891
f 10890 10899 10902
f 10891 10902 10892
f 10892 10902 10896
f 10893 10897 10895
f 10893 10895 10894
f 10896 10902 10898
f 10898 10902 10899
o convex_44
v 0.0202525 0.00399816 -0.0448744
v 0.0202525 0.00536525 -0.0449036
v 0.0193984 0.00536525 -0.0448857
v 0.0193984 0.00399816 -0.0448744
v 0.0216189 0.00126698 -0.0448744
v 0.0216189 0.00263407 -0.0449424
v 0.0214344 0.00536525 -0.0453745
v 0.0203464 0.00681365 -0.0452758
v 0.0193984 0.00809944 -0.045313
v 0.0193984 0.00675945 -0.0450168
v 0.0193984 -0.0173454 -0.0448744
v 0.0229847 -0.00556549 -0.0448744
v 0.0229847 -0.00419839 -0.0448809
v 0.0229847 -0.0028313 -0.0449052
v 0.0229847 -0.0014642 -0.0449521
v 0.0226862 0.00263407 -0.0454133
v 0.0229847 -0.000100118 -0.0450589
v 0.0211762 0.00641014 -0.0455412
v 0.0224651 0.00371209 -0.0455913
v 0.0198835 0.00809944 -0.0455428
v 0.0193984 0.00896667 -0.0456884
v 0.0193984 -0.0187125 -0.0448874
v 0.0202525 -0.0164902 -0.0448744
v 0.0242259 -0.00556549 -0.045347
v 0.0229847 -0.00692656 -0.0448744
v 0.0241463 -0.00419839 -0.0453518
v 0.0240631 -0.0028313 -0.0453761
v 0.0239735 -0.0014642 -0.045423
v 0.0238616 -0.000100118 -0.0455298
v 0.0237524 0.000788193 -0.0456771
v 0.021937 0.00536525 -0.0465008
v 0.0212965 0.00659383 -0.0465008
v 0.0196041 0.00882515 -0.0457629
v 0.0193984 0.00914132 -0.0465008
v 0.0202525 -0.0178573 -0.0449036
v 0.0193984 -0.0201368 -0.0451463
v 0.0216189 -0.013759 -0.0448744
v 0.024799 -0.00556549 -0.0465008
v 0.0242253 -0.00692656 -0.045347
v 0.0229847 -0.00829365 -0.0448809
v 0.024632 -0.00419839 -0.0465008
v 0.0244586 -0.0028313 -0.0465008
v 0.0242789 -0.0014642 -0.0465008
v 0.0240552 -0.000100118 -0.0465008
v 0.0237948 0.000893586 -0.0465008
v 0.0225467 0.00390782 -0.0465008
v 0.0219418 0.00536525 -0.0478666
v 0.0212965 0.00659383 -0.0614068
v 0.0208289 0.00727437 -0.0465008
v 0.0201979 0.00809944 -0.0465008
v 0.0193984 0.00914132 -0.0614068
v 0.0203448 -0.0193027 -0.0452774
v 0.0214312 -0.0178573 -0.0453761
v 0.0216189 -0.0151261 -0.0449424
v 0.0193984 -0.0211666 -0.0455217
v 0.0229847 -0.0110278 -0.0449521
v 0.0229847 -0.00966075 -0.0449052
v 0.0248144 -0.00556549 -0.0478666
v 0.0247985 -0.00692656 -0.0465008
v 0.0241458 -0.00829365 -0.0453518
v 0.0246389 -0.00419839 -0.0478666
v 0.0242789 -0.0014642 -0.0614068
v 0.0240753 -0.000220567 -0.0614068
v 0.0240552 -0.000100118 -0.0614068
v 0.0237948 0.000893586 -0.0614068
v 0.0235128 0.00157713 -0.0478666
v 0.0222636 0.00459137 -0.0478666
v 0.0230748 0.00263407 -0.0478666
v 0.0219418 0.00536525 -0.0614068
v 0.0208289 0.00727437 -0.0614068
v 0.0201979 0.00809944 -0.0614068
v 0.0193984 -0.0216213 -0.0614068
v 0.021174 -0.0188992 -0.0455428
v 0.0224635 -0.0161981 -0.0455929
v 0.022684 -0.0151261 -0.0454133
v 0.0229847 -0.0123919 -0.0450605
v 0.0198793 -0.0205915 -0.0455476
v 0.0193984 -0.0214557 -0.0456949
v 0.0239724 -0.0110278 -0.045423
v 0.0240626 -0.00966075 -0.0453761
v 0.0248139 -0.00692656 -0.0478666
v 0.0248144 -0.00568594 -0.0614068
v 0.0248144 -0.00556549 -0.0614068
v 0.02386 -0.0123919 -0.0455314
v 0.0246304 -0.00829365 -0.0465008
v 0.0246389 -0.00419839 -0.0614068
v 0.0235128 0.00157713 -0.0614068
v 0.0222636 0.00459137 -0.0614068
v 0.0230748 0.00263407 -0.0614068
v 0.0201884 -0.0205915 -0.0614068
v 0.0193984 -0.0216213 -0.0465008
v 0.0212933 -0.0190799 -0.0465008
v 0.0219312 -0.0178573 -0.0465008
v 0.0196014 -0.0213142 -0.0457677
v 0.0237508 -0.0132772 -0.0456803
v 0.0193984 -0.0215942 -0.046059
v 0.024457 -0.00966075 -0.0465008
v 0.0246373 -0.00829365 -0.0478666
v 0.024798 -0.00705002 -0.0614068
v 0.0248139 -0.00692656 -0.0614068
v 0.0242773 -0.0110278 -0.0465008
v 0.0207674 -0.0198357 -0.0614068
v 0.0201884 -0.0205915 -0.0465008
v 0.0212933 -0.0190799 -0.0614068
v 0.0219359 -0.0178573 -0.0478666
v 0.0208241 -0.0197604 -0.0465008
v 0.020866 -0.0197002 -0.0614068
v 0.0225441 -0.0163938 -0.0465008
v 0.0237922 -0.0133796 -0.0465008
v 0.024052 -0.0123919 -0.0465008
v 0.0246373 -0.00829365 -0.0614068
v 0.0242773 -0.0110278 -0.0614068
v 0.0208241 -0.0197604 -0.0614068
v 0.0219359 -0.0178573 -0.0614068
v 0.0222615 -0.0170774 -0.0478666
v 0.02307 -0.0151261 -0.0478666
v 0.0235101 -0.0140632 -0.0478666
v 0.0237922 -0.0133796 -0.0614068
v 0.0240286 -0.0124823 -0.0614068
v 0.024052 -0.0123919 -0.0614068
v 0.0222615 -0.0170774 -0.0614068
v 0.02307 -0.0151261 -0.0614068
v 0.0235101 -0.0140632 -0.0614068
f 10903 10904 10905
f 10903 10905 10906
f 10903 10906 10913
f 10903 10913 10925
f 10903 10925 10939
f 10903 10939 10927
f 10903 10927 10914
f 10903 10914 10907
f 10903 10907 10904
f 10904 10907 10908
f 10904 10908 10909
f 10904 10909 10910
f 10904 10910 10911
f 10904 10911 10912
f 10904 10912 10905
f 10905 10912 10911
f 10905 10911 10923
f 10905 10923 10936
f 10905 10936 10953
f 10905 10953 10974
f 10905 10974 10993
f 10905 10993 10998
f 10905 10998 10980
f 10905 10980 10957
f 10905 10957 10938
f 10905 10938 10924
f 10905 10924 10913
f 10905 10913 10906
f 10907 10914 10915
f 10907 10915 10916
f 10907 10916 10917
f 10907 10917 10908
f 10908 10918 10909
f 10908 10917 10919
f 10908 10919 10918
f 10909 10920 10910
f 10909 10918 10921
f 10909 10921 10920
f 10910 10920 10922
f 10910 10922 10911
f 10911 10922 10923
f 10913 10924 10925
f 10914 10926 10915
f 10914 10927 10926
f 10915 10926 10916
f 10916 10926 10928
f 10916 10928 10917
f 10917 10928 10929
f 10917 10929 10930
f 10917 10930 10919
f 10918 10919 10931
f 10918 10931 10932
f 10918 10932 10921
f 10919 10930 10931
f 10920 10921 10933
f 10920 10933 10934
f 10920 10934 10935
f 10920 10935 10922
f 10921 10932 10933
f 10922 10935 10923
f 10923 10935 10936
f 10924 10937 10925
f 10924 10938 10937
f 10925 10937 10939
f 10926 10940 10928
f 10926 10927 10941
f 10926 10941 10961
f 10926 10961 10940
f 10927 10939 10942
f 10927 10942 10941
f 10928 10940 10929
f 10929 10940 10930
f 10930 10940 10931
f 10931 10940 10943
f 10931 10943 10944
f 10931 10944 10945
f 10931 10945 10932
f 10932 10945 10946
f 10932 10946 10947
f 10932 10947 10948
f 10932 10948 10933
f 10933 10949 10934
f 10933 10948 10949
f 10934 10949 10971
f 10934 10971 10950
f 10934 10950 10972
f 10934 10972 10951
f 10934 10951 10935
f 10935 10951 10952
f 10935 10952 10936
f 10936 10952 10973
f 10936 10973 10953
f 10937 10938 10954
f 10937 10954 10955
f 10937 10955 10956
f 10937 10956 10939
f 10938 10957 10954
f 10939 10956 10958
f 10939 10958 10959
f 10939 10959 10942
f 10940 10960 10943
f 10940 10961 10983
f 10940 10983 10960
f 10941 10942 10959
f 10941 10959 10962
f 10941 10962 10961
f 10943 10960 10944
f 10944 10960 10963
f 10944 10963 10945
f 10945 10963 10988
f 10945 10988 10964
f 10945 10964 10965
f 10945 10965 10946
f 10946 10965 10966
f 10946 10966 10967
f 10946 10967 10947
f 10947 10967 10989
f 10947 10989 10968
f 10947 10968 10948
f 10948 10969 10949
f 10948 10968 10970
f 10948 10970 10969
f 10949 10969 10990
f 10949 10990 10971
f 10950 10971 10990
f 10950 10990 10991
f 10950 10991 10989
f 10950 10989 10967
f 10950 10967 10966
f 10950 10966 10965
f 10950 10965 10964
f 10950 10964 10988
f 10950 10988 10985
f 10950 10985 10984
f 10950 10984 11002
f 10950 11002 11001
f 10950 11001 11013
f 10950 11013 11014
f 10950 11014 11022
f 10950 11022 11021
f 10950 11021 11020
f 10950 11020 11025
f 10950 11025 11024
f 10950 11024 11023
f 10950 11023 11016
f 10950 11016 11006
f 10950 11006 11009
f 10950 11009 11015
f 10950 11015 11004
f 10950 11004 10992
f 10950 10992 10974
f 10950 10974 10953
f 10950 10953 10973
f 10950 10973 10972
f 10951 10972 10973
f 10951 10973 10952
f 10954 10957 10975
f 10954 10975 10955
f 10955 10975 10976
f 10955 10976 10977
f 10955 10977 10956
f 10956 10977 10978
f 10956 10978 10958
f 10957 10979 10975
f 10957 10980 10979
f 10958 10981 10982
f 10958 10982 10962
f 10958 10962 10959
f 10958 10978 10981
f 10960 10983 10984
f 10960 10984 10985
f 10960 10985 10988
f 10960 10988 10963
f 10961 10962 10982
f 10961 10982 10981
f 10961 10981 10986
f 10961 10986 10987
f 10961 10987 10983
f 10968 10989 10991
f 10968 10991 10970
f 10969 10970 10991
f 10969 10991 10990
f 10974 10992 11005
f 10974 11005 10993
f 10975 10994 10995
f 10975 10995 10976
f 10975 10979 10996
f 10975 10996 10994
f 10976 10995 10997
f 10976 10997 10977
f 10977 10997 10986
f 10977 10986 10978
f 10978 10986 10981
f 10979 10980 10996
f 10980 10998 10996
f 10983 10987 10999
f 10983 10999 11000
f 10983 11000 11001
f 10983 11001 11002
f 10983 11002 10984
f 10986 10997 11003
f 10986 11003 10999
f 10986 10999 10987
f 10992 11004 11005
f 10993 11005 10996
f 10993 10996 10998
f 10994 11006 11016
f 10994 11016 11007
f 10994 11007 10995
f 10994 10996 11008
f 10994 11008 11009
f 10994 11009 11006
f 10995 11007 11010
f 10995 11010 10997
f 10996 11005 11008
f 10997 11011 11012
f 10997 11012 11003
f 10997 11010 11011
f 10999 11003 11000
f 11000 11003 11014
f 11000 11014 11013
f 11000 11013 11001
f 11003 11012 11022
f 11003 11022 11014
f 11004 11015 11008
f 11004 11008 11005
f 11007 11016 11023
f 11007 11023 11017
f 11007 11017 11010
f 11008 11015 11009
f 11010 11017 11018
f 11010 11018 11011
f 11011 11018 11019
f 11011 11019 11025
f 11011 11025 11020
f 11011 11020 11021
f 11011 11021 11012
f 11012 11021 11022
f 11017 11023 11024
f 11017 11024 11018
f 11018 11024 11025
f 11018 11025 11019
o convex_45
v -0.0163927 -0.0254246 -0.0670534
v -0.0157368 -0.0259327 -0.0670534
v -0.0163927 -0.0253827 -0.0614068
v -0.0163927 0.0233858 -0.0670534
v 0.00521822 -0.0259327 -0.0670534
v -0.0156755 -0.0259327 -0.0614068
v -0.0163927 0.0233754 -0.0614068
v -0.0163927 0.0234068 -0.0670108
v -0.0157876 0.0237211 -0.0670534
v 0.00521822 -0.0259327 -0.0614068
v 0.00521822 0.0271469 -0.0670534
v -0.0158426 0.0236844 -0.0614068
v -0.0163927 0.0234278 -0.0656272
v -0.0163927 0.023412 -0.0669937
v -0.0158088 0.0237368 -0.0669937
v -0.0151127 0.0240616 -0.0670534
v 0.00521822 0.0271627 -0.0614068
v 0.00392559 0.0273146 -0.0670534
v 0.00385577 0.0273408 -0.0669937
v 0.00521822 0.0271627 -0.0669937
v -0.0157665 0.0237263 -0.0614068
v -0.0158172 0.023742 -0.0656272
v -0.0151254 0.0240668 -0.0669937
v -0.0139026 0.0246221 -0.0669937
v -0.0139005 0.0246011 -0.0670534
v 0.00521822 0.0271784 -0.0642613
v 0.00509975 0.0271784 -0.0614068
v 0.00249121 0.0274246 -0.0670534
v 0.00385577 0.0273565 -0.0656272
v 0.00521822 0.0271836 -0.0656272
v 0.00248909 0.0274455 -0.0669937
v -0.0151339 0.0240616 -0.0656272
v -0.0139026 0.0245592 -0.0614068
v -0.0139026 0.0246168 -0.0656272
v -0.0129167 0.0250516 -0.0669937
v -0.0138413 0.0246273 -0.0670534
v 0.00385577 0.0273355 -0.0614068
v 0.00112453 0.0275136 -0.0670534
v 0.00112453 0.0275346 -0.0669937
v 0.00373519 0.027346 -0.0614068
v 0.00248909 0.0274508 -0.0656272
v -0.012866 0.0250202 -0.0614068
v -0.0121826 0.0253188 -0.0614068
v -0.0129104 0.0250464 -0.0656272
v -0.0122249 0.025324 -0.0670534
v -0.0129019 0.0250359 -0.0670534
v -0.0122292 0.0253345 -0.0656272
v -0.0122334 0.0253293 -0.0669937
v -0.000182916 0.027545 -0.0670534
v -0.000242153 0.027566 -0.0669937
v -0.000242153 0.0275817 -0.0656272
v 0.00112453 0.0275398 -0.0656272
v 0.00248909 0.0274246 -0.0614068
v -0.0112623 0.0256593 -0.0614068
v -0.0111714 0.0257064 -0.0669937
v -0.0111714 0.0256959 -0.0670534
v -0.0111714 0.0257116 -0.0642613
v -0.0111714 0.0257169 -0.0656272
v -0.000242153 0.027545 -0.0670534
v -0.00160883 0.0275136 -0.0669937
v -0.000242153 0.0275555 -0.0614068
v -0.00160883 0.0275293 -0.0656272
v 0.00112453 0.0275084 -0.0614068
v -0.0111714 0.0256907 -0.0614068
v -0.00980469 0.0261359 -0.0669937
v -0.00973911 0.0261359 -0.0670534
v -0.00980469 0.0261412 -0.0656272
v -0.00160883 0.0274927 -0.0670534
v -0.00291416 0.0273984 -0.0670534
v -0.00297552 0.0274141 -0.0669937
v -0.00160883 0.0275031 -0.0614068
v -0.00297552 0.0274089 -0.0656272
v -0.00173154 0.0274927 -0.0614068
v -0.00980469 0.026094 -0.0614068
v -0.00874266 0.0264398 -0.0669937
v -0.00805085 0.0266179 -0.0670534
v -0.00872573 0.0264398 -0.0656272
v -0.00297128 0.0273931 -0.0670534
v -0.0043422 0.0272569 -0.0670534
v -0.0043422 0.0272727 -0.0669937
v -0.0043422 0.0272517 -0.0614068
v -0.0030961 0.0273669 -0.0614068
v -0.00860091 0.0264083 -0.0614068
v -0.00805932 0.0266231 -0.0669937
v -0.00707133 0.0268431 -0.0669937
v -0.00707133 0.0268326 -0.0670534
v -0.00804239 0.0266179 -0.0656272
v -0.00570465 0.0270736 -0.0670534
v -0.00570465 0.0270893 -0.0669937
v -0.00570465 0.0270946 -0.0656272
v -0.00570465 0.0270946 -0.0642613
v -0.00570465 0.0270841 -0.0614068
v -0.00791757 0.0265864 -0.0614068
v -0.00707133 0.0268484 -0.0656272
v -0.0071496 0.0267855 -0.0614068
f 11026 11027 11028
f 11026 11028 11032
f 11026 11032 11038
f 11026 11038 11039
f 11026 11039 11033
f 11026 11033 11029
f 11026 11029 11034
f 11026 11034 11041
f 11026 11041 11050
f 11026 11050 11061
f 11026 11061 11071
f 11026 11071 11070
f 11026 11070 11081
f 11026 11081 11091
f 11026 11091 11101
f 11026 11101 11111
f 11026 11111 11113
f 11026 11113 11104
f 11026 11104 11103
f 11026 11103 11094
f 11026 11094 11093
f 11026 11093 11084
f 11026 11084 11074
f 11026 11074 11063
f 11026 11063 11053
f 11026 11053 11043
f 11026 11043 11036
f 11026 11036 11030
f 11026 11030 11027
f 11027 11030 11035
f 11027 11035 11031
f 11027 11031 11028
f 11028 11031 11035
f 11028 11035 11042
f 11028 11042 11052
f 11028 11052 11062
f 11028 11062 11065
f 11028 11065 11078
f 11028 11078 11088
f 11028 11088 11086
f 11028 11086 11096
f 11028 11096 11098
f 11028 11098 11107
f 11028 11107 11106
f 11028 11106 11117
f 11028 11117 11120
f 11028 11120 11118
f 11028 11118 11108
f 11028 11108 11099
f 11028 11099 11089
f 11028 11089 11079
f 11028 11079 11068
f 11028 11068 11067
f 11028 11067 11058
f 11028 11058 11046
f 11028 11046 11037
f 11028 11037 11032
f 11029 11033 11034
f 11030 11036 11045
f 11030 11045 11055
f 11030 11055 11051
f 11030 11051 11042
f 11030 11042 11035
f 11032 11037 11038
f 11033 11039 11040
f 11033 11040 11034
f 11034 11040 11041
f 11036 11043 11044
f 11036 11044 11045
f 11037 11046 11038
f 11038 11046 11047
f 11038 11047 11040
f 11038 11040 11039
f 11040 11047 11048
f 11040 11048 11041
f 11041 11048 11049
f 11041 11049 11050
f 11042 11051 11052
f 11043 11053 11044
f 11044 11054 11055
f 11044 11055 11045
f 11044 11053 11056
f 11044 11056 11054
f 11046 11057 11047
f 11046 11058 11059
f 11046 11059 11057
f 11047 11057 11048
f 11048 11057 11049
f 11049 11059 11060
f 11049 11060 11061
f 11049 11061 11050
f 11049 11057 11059
f 11051 11055 11054
f 11051 11054 11062
f 11051 11062 11052
f 11053 11063 11064
f 11053 11064 11056
f 11054 11065 11062
f 11054 11056 11066
f 11054 11066 11065
f 11056 11064 11077
f 11056 11077 11066
f 11058 11067 11059
f 11059 11067 11068
f 11059 11068 11069
f 11059 11069 11060
f 11060 11070 11071
f 11060 11071 11061
f 11060 11069 11072
f 11060 11072 11073
f 11060 11073 11070
f 11063 11074 11064
f 11064 11074 11075
f 11064 11075 11076
f 11064 11076 11077
f 11065 11066 11077
f 11065 11077 11078
f 11068 11079 11072
f 11068 11072 11069
f 11070 11073 11080
f 11070 11080 11081
f 11072 11079 11082
f 11072 11082 11083
f 11072 11083 11073
f 11073 11083 11080
f 11074 11084 11075
f 11075 11084 11093
f 11075 11093 11085
f 11075 11085 11087
f 11075 11087 11076
f 11076 11086 11077
f 11076 11087 11096
f 11076 11096 11086
f 11077 11086 11088
f 11077 11088 11078
f 11079 11089 11082
f 11080 11083 11090
f 11080 11090 11081
f 11081 11090 11091
f 11082 11092 11083
f 11082 11089 11092
f 11083 11092 11090
f 11085 11093 11094
f 11085 11094 11095
f 11085 11095 11087
f 11087 11095 11097
f 11087 11097 11098
f 11087 11098 11096
f 11089 11099 11092
f 11090 11092 11100
f 11090 11100 11091
f 11091 11100 11101
f 11092 11099 11102
f 11092 11102 11100
f 11094 11103 11095
f 11095 11103 11104
f 11095 11104 11105
f 11095 11105 11106
f 11095 11106 11097
f 11097 11106 11107
f 11097 11107 11098
f 11099 11108 11102
f 11100 11102 11109
f 11100 11109 11101
f 11101 11109 11110
f 11101 11110 11111
f 11102 11108 11118
f 11102 11118 11112
f 11102 11112 11109
f 11104 11113 11114
f 11104 11114 11105
f 11105 11114 11115
f 11105 11115 11116
f 11105 11116 11117
f 11105 11117 11106
f 11109 11112 11119
f 11109 11119 11110
f 11110 11119 11115
f 11110 11115 11114
f 11110 11114 11111
f 11111 11114 11113
f 11112 11118 11120
f 11112 11120 11119
f 11115 11119 11116
f 11116 11119 11117
f 11117 11119 11120
o convex_46
v 0.00522034 -0.0259327 -0.0670534
v 0.0151204 -0.0259327 -0.0670534
v 0.00522034 -0.0259327 -0.0614068
v 0.00522034 0.0145496 -0.0670534
v 0.0156658 -0.0255325 -0.0670534
v 0.0150858 -0.0259327 -0.0614068
v 0.00522034 0.0145496 -0.0614068
v 0.0136897 0.0145496 -0.0670534
v 0.0163246 -0.0249817 -0.0614068
v 0.0171811 -0.0243199 -0.0670534
v 0.0136589 0.0145496 -0.0614068
v 0.0148496 0.0136778 -0.0670534
v 0.0171619 -0.0242961 -0.0614068
v 0.0178533 -0.0236027 -0.0670534
v 0.0178456 -0.0235908 -0.0614068
v 0.0156485 0.01302 -0.0614068
v 0.0156754 0.0130477 -0.0670534
v 0.0184352 -0.022929 -0.0670534
v 0.0178955 -0.0235313 -0.0614068
v 0.0163322 0.012493 -0.0614068
v 0.0163246 0.0125445 -0.0670534
v 0.0184063 -0.0229092 -0.0614068
v 0.0196412 -0.0213598 -0.0670534
v 0.0196163 -0.021336 -0.0614068
v 0.0191381 -0.0219582 -0.0614068
v 0.0171676 0.0118114 -0.0614068
v 0.0171849 0.0118352 -0.0670534
v 0.0202154 -0.0205911 -0.0670534
v 0.0208223 -0.0197629 -0.0614068
v 0.0178513 0.011106 -0.0614068
v 0.017836 0.0111615 -0.0670534
v 0.0208262 -0.0197668 -0.0670534
v 0.021312 -0.0190932 -0.0670534
v 0.0212909 -0.0190773 -0.0614068
v 0.0179013 0.0110902 -0.0670534
v 0.0183622 0.0104839 -0.0614068
v 0.0184409 0.0104403 -0.0670534
v 0.0219573 -0.0178568 -0.0670534
v 0.0218767 -0.0179678 -0.0614068
v 0.0184736 0.0103413 -0.0614068
v 0.0191496 0.00952495 -0.0670534
v 0.0219323 -0.0178568 -0.0614068
v 0.0225719 -0.0164184 -0.0670534
v 0.0190958 0.00953287 -0.0614068
v 0.019574 0.00891074 -0.0614068
v 0.0201962 0.0080984 -0.0614068
v 0.019647 0.00887508 -0.0670534
v 0.0222608 -0.0170762 -0.0614068
v 0.023824 -0.0133989 -0.0670534
v 0.0208262 0.00727417 -0.0614068
v 0.0201982 0.00815388 -0.0670534
v 0.0231691 -0.0148849 -0.0614068
v 0.0237914 -0.0133751 -0.0614068
v 0.0234707 -0.0141557 -0.0614068
v 0.0240929 -0.0123924 -0.0670534
v 0.0212525 0.00665204 -0.0614068
v 0.0213159 0.00660449 -0.0670534
v 0.0208722 0.0072504 -0.0670534
v 0.0240506 -0.0123924 -0.0614068
v 0.0243118 -0.0110253 -0.0670534
v 0.0242773 -0.0110253 -0.0614068
v 0.0212928 0.0065926 -0.0614068
v 0.0219323 0.00544344 -0.0670534
v 0.024838 -0.0069279 -0.0670534
v 0.0248131 -0.0069279 -0.0614068
v 0.0247977 -0.00704678 -0.0614068
v 0.0246364 -0.00829105 -0.0614068
v 0.02194 0.00536418 -0.0614068
v 0.0223049 0.00457958 -0.0670534
v 0.02484 -0.00556476 -0.0670534
v 0.0248131 -0.00556476 -0.0614068
v 0.0219688 0.00529682 -0.0614068
v 0.0225757 0.00393367 -0.0670534
v 0.0248304 -0.00547758 -0.0670534
v 0.024308 -0.00139607 -0.0670534
v 0.0246383 -0.00420161 -0.0614068
v 0.02252 0.00396934 -0.0614068
v 0.0238259 0.000914148 -0.0670534
v 0.0235129 0.00157591 -0.0614068
v 0.0240967 -0.000100286 -0.0670534
v 0.0240545 -0.000100286 -0.0614068
v 0.0242773 -0.00146739 -0.0614068
v 0.0242945 -0.00159024 -0.0614068
v 0.0237683 0.000953774 -0.0614068
v 0.0237933 0.000890372 -0.0614068
v 0.0238183 0.000803194 -0.0614068
v 0.0240814 -3.29209e-05 -0.0670534
f 11121 11122 11126
f 11121 11126 11123
f 11121 11123 11127
f 11121 11127 11124
f 11121 11124 11128
f 11121 11128 11132
f 11121 11132 11137
f 11121 11137 11141
f 11121 11141 11147
f 11121 11147 11151
f 11121 11151 11155
f 11121 11155 11157
f 11121 11157 11161
f 11121 11161 11167
f 11121 11167 11171
f 11121 11171 11178
f 11121 11178 11177
f 11121 11177 11183
f 11121 11183 11189
f 11121 11189 11193
f 11121 11193 11198
f 11121 11198 11207
f 11121 11207 11200
f 11121 11200 11195
f 11121 11195 11194
f 11121 11194 11190
f 11121 11190 11184
f 11121 11184 11180
f 11121 11180 11175
f 11121 11175 11169
f 11121 11169 11163
f 11121 11163 11158
f 11121 11158 11153
f 11121 11153 11152
f 11121 11152 11148
f 11121 11148 11143
f 11121 11143 11138
f 11121 11138 11134
f 11121 11134 11130
f 11121 11130 11125
f 11121 11125 11122
f 11122 11125 11126
f 11123 11126 11129
f 11123 11129 11133
f 11123 11133 11135
f 11123 11135 11139
f 11123 11139 11142
f 11123 11142 11145
f 11123 11145 11144
f 11123 11144 11149
f 11123 11149 11154
f 11123 11154 11159
f 11123 11159 11162
f 11123 11162 11168
f 11123 11168 11172
f 11123 11172 11174
f 11123 11174 11173
f 11123 11173 11179
f 11123 11179 11181
f 11123 11181 11187
f 11123 11187 11186
f 11123 11186 11185
f 11123 11185 11191
f 11123 11191 11196
f 11123 11196 11203
f 11123 11203 11202
f 11123 11202 11201
f 11123 11201 11206
f 11123 11206 11205
f 11123 11205 11204
f 11123 11204 11199
f 11123 11199 11197
f 11123 11197 11192
f 11123 11192 11188
f 11123 11188 11182
f 11123 11182 11176
f 11123 11176 11170
f 11123 11170 11166
f 11123 11166 11165
f 11123 11165 11164
f 11123 11164 11160
f 11123 11160 11156
f 11123 11156 11150
f 11123 11150 11146
f 11123 11146 11140
f 11123 11140 11136
f 11123 11136 11131
f 11123 11131 11127
f 11124 11127 11131
f 11124 11131 11128
f 11125 11129 11126
f 11125 11130 11129
f 11128 11131 11132
f 11129 11130 11133
f 11130 11134 11135
f 11130 11135 11133
f 11131 11136 11137
f 11131 11137 11132
f 11134 11138 11135
f 11135 11138 11139
f 11136 11140 11137
f 11137 11140 11141
f 11138 11142 11139
f 11138 11143 11144
f 11138 11144 11145
f 11138 11145 11142
f 11140 11146 11141
f 11141 11146 11147
f 11143 11148 11149
f 11143 11149 11144
f 11146 11150 11147
f 11147 11150 11151
f 11148 11152 11149
f 11149 11153 11154
f 11149 11152 11153
f 11150 11155 11151
f 11150 11156 11157
f 11150 11157 11155
f 11153 11158 11159
f 11153 11159 11154
f 11156 11160 11157
f 11157 11160 11161
f 11158 11162 11159
f 11158 11163 11162
f 11160 11164 11161
f 11161 11165 11166
f 11161 11166 11167
f 11161 11164 11165
f 11162 11163 11168
f 11163 11169 11168
f 11166 11170 11171
f 11166 11171 11167
f 11168 11169 11172
f 11169 11173 11174
f 11169 11174 11172
f 11169 11175 11173
f 11170 11176 11177
f 11170 11177 11178
f 11170 11178 11171
f 11173 11175 11179
f 11175 11180 11181
f 11175 11181 11179
f 11176 11182 11177
f 11177 11182 11183
f 11180 11184 11185
f 11180 11185 11186
f 11180 11186 11187
f 11180 11187 11181
f 11182 11188 11183
f 11183 11188 11189
f 11184 11190 11185
f 11185 11190 11191
f 11188 11192 11189
f 11189 11192 11193
f 11190 11194 11191
f 11191 11194 11195
f 11191 11195 11196
f 11192 11197 11193
f 11193 11197 11199
f 11193 11199 11198
f 11195 11200 11201
f 11195 11201 11202
f 11195 11202 11203
f 11195 11203 11196
f 11198 11199 11204
f 11198 11204 11205
f 11198 11205 11206
f 11198 11206 11207
f 11200 11207 11201
f 11201 11207 11206
o convex_47
v 0.0256325 0.0117724 -0.0519655
v 0.0256325 0.0117791 -0.0510079
v 0.019399 0.0184269 -0.0519655
v 0.019399 0.0184298 -0.0614068
v 0.0256325 0.0118661 -0.0614068
v 0.0256325 0.0117838 -0.0505987
v 0.0256325 0.0118183 -0.0496153
v 0.0256325 0.0118326 -0.0492336
v 0.0256325 0.0118757 -0.0482097
v 0.0256325 0.011891 -0.0478668
v 0.0256325 0.0119761 -0.0464288
v 0.0195473 0.0183284 -0.051257
v 0.019399 0.0185388 -0.0512004
v 0.019399 0.0215103 -0.0614068
v 0.0256325 0.0158896 -0.0614068
v 0.0256325 0.0121396 -0.0451348
v 0.0256325 0.0121989 -0.0448825
v 0.019399 0.0190725 -0.0509384
v 0.019399 0.021518 -0.0609199
v 0.0197273 0.0213009 -0.0614068
v 0.0255087 0.0160388 -0.0614068
v 0.0256325 0.015948 -0.0587962
v 0.0256325 0.0135723 -0.0449327
v 0.019399 0.0203961 -0.0508365
v 0.019399 0.0215189 -0.060852
v 0.0198103 0.0212464 -0.0614068
v 0.019399 0.0215352 -0.0595483
v 0.0254476 0.0161115 -0.0614068
v 0.0254775 0.0161325 -0.0587962
v 0.0254757 0.0161335 -0.0574294
v 0.0256325 0.0159441 -0.0574294
v 0.019399 0.0212923 -0.0511179
v 0.0256325 0.0145545 -0.0465291
v 0.0197261 0.0211899 -0.0511648
v 0.0198713 0.0212005 -0.0614068
v 0.0198152 0.0212511 -0.0601613
v 0.0205035 0.0207481 -0.0587962
v 0.019399 0.021539 -0.0587962
v 0.0198207 0.021255 -0.0587962
v 0.0248691 0.0167934 -0.0614068
v 0.024882 0.0168154 -0.0587962
v 0.0248771 0.016802 -0.0601613
v 0.0248789 0.0168154 -0.0574294
v 0.0248765 0.0168068 -0.0546974
v 0.024874 0.0167972 -0.0519655
v 0.0254489 0.0161144 -0.0505987
v 0.0256325 0.0158935 -0.0505987
v 0.019399 0.021518 -0.0519655
v 0.0256325 0.0152689 -0.0479913
v 0.0212163 0.0199409 -0.0510613
v 0.022034 0.0194923 -0.0519655
v 0.0213511 0.0200518 -0.0519655
v 0.0204907 0.0207356 -0.0519655
v 0.0198072 0.0212502 -0.0519655
v 0.0256325 0.0153636 -0.048221
v 0.0253982 0.0159594 -0.0492336
v 0.0204938 0.0207318 -0.0614068
v 0.0198182 0.021254 -0.0560626
v 0.0198158 0.021254 -0.0546974
v 0.0205017 0.0207471 -0.0574294
v 0.0213456 0.0200643 -0.0574294
v 0.0213444 0.0200643 -0.0587962
v 0.019399 0.0215419 -0.0581783
v 0.019399 0.02154 -0.0560626
v 0.0242473 0.0174275 -0.0614068
v 0.0241991 0.0175097 -0.0587962
v 0.024196 0.0175126 -0.0574294
v 0.0241906 0.0175059 -0.0519655
v 0.0241863 0.0174897 -0.0614068
v 0.0241936 0.0174983 -0.0601613
v 0.0248063 0.0167972 -0.0505987
v 0.0256325 0.015882 -0.0502041
v 0.019399 0.0215361 -0.0533307
v 0.0228206 0.0188095 -0.0519655
v 0.0228212 0.0187923 -0.0574294
v 0.0220279 0.0194742 -0.0587962
v 0.0198121 0.021254 -0.0533307
v 0.0256325 0.0157376 -0.0492336
v 0.021248 0.0201092 -0.0614068
v 0.0213829 0.0199954 -0.0614068
v 0.0213218 0.020048 -0.0614068
v 0.0234992 0.0181926 -0.0587962
v 0.0235047 0.0181955 -0.0574294
v 0.023504 0.0181888 -0.0519655
v 0.0241228 0.0175509 -0.0614068
v 0.0228157 0.0187913 -0.0587962
v 0.0220053 0.0194541 -0.0614068
v 0.0234735 0.0181725 -0.0614068
v 0.0227901 0.0187712 -0.0614068
v 0.0227199 0.0188324 -0.0614068
f 11208 11209 11210
f 11208 11210 11211
f 11208 11211 11212
f 11208 11212 11222
f 11208 11222 11229
f 11208 11229 11238
f 11208 11238 11254
f 11208 11254 11279
f 11208 11279 11285
f 11208 11285 11262
f 11208 11262 11256
f 11208 11256 11240
f 11208 11240 11230
f 11208 11230 11224
f 11208 11224 11223
f 11208 11223 11218
f 11208 11218 11217
f 11208 11217 11216
f 11208 11216 11215
f 11208 11215 11214
f 11208 11214 11213
f 11208 11213 11209
f 11209 11213 11210
f 11210 11213 11214
f 11210 11214 11215
f 11210 11215 11216
f 11210 11216 11217
f 11210 11217 11218
f 11210 11218 11219
f 11210 11219 11220
f 11210 11220 11225
f 11210 11225 11231
f 11210 11231 11239
f 11210 11239 11255
f 11210 11255 11280
f 11210 11280 11271
f 11210 11271 11270
f 11210 11270 11245
f 11210 11245 11234
f 11210 11234 11232
f 11210 11232 11226
f 11210 11226 11221
f 11210 11221 11211
f 11211 11221 11227
f 11211 11227 11233
f 11211 11233 11242
f 11211 11242 11264
f 11211 11264 11286
f 11211 11286 11288
f 11211 11288 11287
f 11211 11287 11294
f 11211 11294 11297
f 11211 11297 11296
f 11211 11296 11295
f 11211 11295 11292
f 11211 11292 11276
f 11211 11276 11272
f 11211 11272 11247
f 11211 11247 11235
f 11211 11235 11228
f 11211 11228 11222
f 11211 11222 11212
f 11218 11223 11219
f 11219 11223 11224
f 11219 11224 11220
f 11220 11224 11225
f 11221 11226 11227
f 11222 11228 11229
f 11224 11230 11231
f 11224 11231 11225
f 11226 11232 11227
f 11227 11232 11234
f 11227 11234 11233
f 11228 11235 11229
f 11229 11236 11237
f 11229 11237 11238
f 11229 11235 11236
f 11230 11239 11231
f 11230 11240 11241
f 11230 11241 11239
f 11233 11234 11243
f 11233 11243 11244
f 11233 11244 11242
f 11234 11245 11246
f 11234 11246 11243
f 11235 11247 11236
f 11236 11248 11237
f 11236 11247 11249
f 11236 11249 11248
f 11237 11248 11250
f 11237 11250 11251
f 11237 11251 11252
f 11237 11252 11253
f 11237 11253 11254
f 11237 11254 11238
f 11239 11241 11255
f 11240 11256 11241
f 11241 11257 11258
f 11241 11258 11259
f 11241 11259 11260
f 11241 11260 11261
f 11241 11261 11255
f 11241 11256 11262
f 11241 11262 11263
f 11241 11263 11257
f 11242 11244 11264
f 11243 11246 11244
f 11244 11246 11265
f 11244 11265 11266
f 11244 11266 11267
f 11244 11267 11259
f 11244 11259 11268
f 11244 11268 11269
f 11244 11269 11264
f 11245 11270 11246
f 11246 11270 11271
f 11246 11271 11265
f 11247 11272 11248
f 11247 11248 11249
f 11248 11273 11274
f 11248 11274 11275
f 11248 11275 11250
f 11248 11272 11276
f 11248 11276 11277
f 11248 11277 11273
f 11250 11275 11251
f 11251 11275 11252
f 11252 11275 11278
f 11252 11278 11253
f 11253 11278 11279
f 11253 11279 11254
f 11255 11261 11280
f 11257 11263 11258
f 11258 11263 11278
f 11258 11278 11281
f 11258 11281 11282
f 11258 11282 11283
f 11258 11283 11269
f 11258 11269 11268
f 11258 11268 11259
f 11259 11267 11260
f 11260 11284 11261
f 11260 11267 11284
f 11261 11284 11280
f 11262 11285 11263
f 11263 11285 11278
f 11264 11269 11286
f 11265 11271 11266
f 11266 11271 11280
f 11266 11280 11284
f 11266 11284 11267
f 11269 11283 11287
f 11269 11287 11288
f 11269 11288 11286
f 11273 11289 11290
f 11273 11290 11274
f 11273 11277 11289
f 11274 11290 11291
f 11274 11291 11275
f 11275 11291 11278
f 11276 11292 11289
f 11276 11289 11277
f 11278 11285 11279
f 11278 11291 11281
f 11281 11291 11290
f 11281 11290 11282
f 11282 11290 11293
f 11282 11293 11283
f 11283 11293 11287
f 11287 11293 11294
f 11289 11293 11290
f 11289 11292 11295
f 11289 11295 11296
f 11289 11296 11293
f 11293 11296 11297
f 11293 11297 11294
