o convex_0
v 0.0014143 -0.03 5.01198e-07
v 0.00296989 -0.03 5.01198e-07
v 0.0014143 -0.029963 0.00147109
v 0.0013175 -0.0299584 0.00147109
v 0.00129162 -0.0299919 5.01198e-07
v 0.00131808 -0.0299711 -0.00119464
v 0.0014143 -0.0299757 -0.00119464
v 0.00296989 -0.0299769 -0.00113862
v 0.00296989 -0.029963 0.00146175
v 0.00296989 -0.0298637 0.00281096
v 0.0014143 -0.0298545 0.00293701
v 0.00122011 -0.0299434 0.00146642
v 0.0013175 -0.0298498 0.00293701
v 0.00122011 -0.029836 0.00293701
v 0.00122011 -0.0299804 5.01198e-07
v 0.00122127 -0.0299561 -0.00119464
v 0.00131808 -0.0298753 -0.00267457
v 0.0014143 -0.0298799 -0.00267457
v 0.00296989 -0.0298799 -0.00267457
v 0.00296989 -0.0299677 -0.00131603
v 0.00296989 -0.0298602 0.00285764
v 0.00296989 -0.0298522 0.00296502
v 0.0014143 -0.0298002 0.00344588
v 0.00112359 -0.0299203 0.00146642
v 0.0013175 -0.0296708 0.00439826
v 0.00112359 -0.0298117 0.00293234
v 0.00122011 -0.0296558 0.00439826
v 0.00112359 -0.0296327 0.00439359
v 0.00113086 -0.0299584 5.01198e-07
v 0.00112534 -0.029933 -0.00119464
v 0.00122127 -0.0298602 -0.00267457
v 0.00122127 -0.0296928 -0.00414516
v 0.00131808 -0.0297066 -0.00414516
v 0.0014143 -0.0298002 -0.00344488
v 0.00296989 -0.0298002 -0.00344488
v 0.00296989 -0.0298025 0.0034272
v 0.00296989 -0.0298002 0.00344588
v 0.0014143 -0.0296755 0.00439826
v 0.0010294 -0.0298857 0.00146642
v 0.0010294 -0.0297782 0.00293234
v 0.0013175 -0.0294191 0.00585017
v 0.00122011 -0.0294052 0.0058455
v 0.00112359 -0.0293809 0.00584084
v 0.0010294 -0.0295992 0.00438892
v 0.000975912 -0.0298984 5.01198e-07
v 0.00103173 -0.0298995 -0.00119464
v 0.00112534 -0.0298371 -0.0026699
v 0.00112534 -0.0296697 -0.00414049
v 0.00122127 -0.0294525 -0.00560174
v 0.00131808 -0.0294664 -0.00560641
v 0.0014143 -0.0297113 -0.00414516
v 0.00296989 -0.0297898 -0.00352891
v 0.00296989 -0.0296812 0.00435157
v 0.00296989 -0.0296674 0.00444494
v 0.00296989 -0.0294364 0.00578015
v 0.00296989 -0.0294283 0.00582683
v 0.0014143 -0.0294237 0.00585017
v 0.000939283 -0.0298429 0.00146175
v 0.000939283 -0.0297355 0.00292767
v 0.0014143 -0.0292065 0.00684924
v 0.0013175 -0.0290957 0.00728808
v 0.00122011 -0.0290818 0.00728341
v 0.00112359 -0.0290587 0.00727874
v 0.0010294 -0.0293474 0.00583617
v 0.000939283 -0.0293059 0.00582683
v 0.000939283 -0.0295565 0.00438425
v 0.000830848 -0.0298117 5.01198e-07
v 0.000941899 -0.0298568 -0.00118997
v 0.000941899 -0.0297609 -0.00266523
v 0.00103173 -0.0298037 -0.00266523
v 0.00103173 -0.0296362 -0.00413582
v 0.00103173 -0.029396 -0.0055924
v 0.00112534 -0.0294283 -0.00560174
v 0.00112534 -0.0291165 -0.00704432
v 0.00122127 -0.0291396 -0.00704898
v 0.00131808 -0.0291534 -0.00705365
v 0.0014143 -0.0292065 -0.00684824
v 0.0014143 -0.029471 -0.00560641
v 0.00296989 -0.0297078 -0.00417317
v 0.00296989 -0.0292065 0.00684924
v 0.000854397 -0.0297921 0.00146175
v 0.000854397 -0.0296835 0.002923
v 0.000854397 -0.0295057 0.00437492
v 0.00296989 -0.0291095 0.00725073
v 0.0014143 -0.0291003 0.00728808
v 0.0014143 -0.0287076 0.00870732
v 0.0013175 -0.028703 0.00870265
v 0.00122011 -0.0286891 0.00870265
v 0.0010294 -0.0290252 0.00726941
v 0.00112359 -0.028666 0.00869331
v 0.0010294 -0.0286337 0.00868397
v 0.000939283 -0.0289836 0.00726007
v 0.000854397 -0.028934 0.00724606
v 0.000854397 -0.0292551 0.00581749
v 0.000775613 -0.029732 0.00145708
v 0.000707297 -0.0297066 5.01198e-07
v 0.000778812 -0.0297471 -0.00118531
v 0.000857303 -0.029806 -0.00118997
v 0.000857303 -0.0297101 -0.00266056
v 0.000941899 -0.0295946 -0.00413115
v 0.000941899 -0.0293544 -0.00558773
v 0.00103173 -0.029083 -0.00703965
v 0.00103173 -0.0287007 -0.00846355
v 0.00112534 -0.0287319 -0.00847289
v 0.00122127 -0.028755 -0.00848222
v 0.0014143 -0.029158 -0.00705365
v 0.00131808 -0.0287688 -0.00848689
v 0.00296989 -0.0291603 -0.00704432
v 0.00296989 -0.0292065 -0.00684824
v 0.00296989 -0.0294583 -0.0056671
v 0.00296989 -0.029478 -0.00556439
v 0.000775613 -0.0296258 0.00291367
v 0.000775613 -0.0291973 0.00580349
v 0.000775613 -0.0294468 0.00436558
v 0.00296989 -0.0291003 0.00728808
v 0.00296989 -0.0287388 0.00859527
v 0.00296989 -0.0287261 0.00863729
v 0.00296989 -0.0286834 0.00877734
v 0.00296989 -0.0282445 0.0101079
v 0.0014143 -0.0282456 0.0101032
v 0.0013175 -0.028241 0.0101032
v 0.00122011 -0.0282271 0.0100985
v 0.00112359 -0.028204 0.0100892
v 0.0010294 -0.0281729 0.0100799
v 0.000939283 -0.0281324 0.0100659
v 0.000939283 -0.0285921 0.00866997
v 0.000854397 -0.0285436 0.00865596
v 0.000775613 -0.0288762 0.00723206
v 0.000707297 -0.0296581 0.00168584
v 8.78943e-10 -0.0289998 5.01198e-07
v 0.000707297 -0.0296847 -0.00114796
v 0.000778812 -0.0296524 -0.00265589
v 0.000857303 -0.0295438 -0.00412181
v 0.000857303 -0.0293036 -0.00557373
v 0.000857303 -0.0289929 -0.0070163
v 0.000941899 -0.0290425 -0.00702564
v 0.000941899 -0.0286591 -0.00845421
v 0.000941899 -0.0282075 -0.00985477
v 0.00103173 -0.0282468 -0.00986878
v 0.00112534 -0.0282791 -0.00988278
v 0.00122127 -0.0283011 -0.00988745
v 0.00131808 -0.0283149 -0.00989679
v 0.0014143 -0.0287734 -0.00848689
v 0.00296989 -0.0287711 -0.00849623
v 8.78943e-10 -0.0289109 0.0022554
v 0.000707297 -0.0295115 0.00339919
v 8.78943e-10 -0.0285632 0.00500984
v 0.000707297 -0.0292654 0.00509854
v 0.000707007 -0.0289224 0.00677921
v 8.78943e-10 -0.0282306 0.00663449
v 8.78943e-10 -0.0287307 0.00393607
v 0.00296989 -0.0277409 0.0114151
v 0.0014143 -0.0277155 0.0114804
v 0.0013175 -0.0277109 0.0114758
v 0.00122011 -0.0276982 0.0114711
v 0.00112359 -0.0276751 0.0114617
v 0.0010294 -0.0276439 0.0114477
v 0.000939283 -0.0276046 0.0114337
v 0.000854397 -0.0280839 0.0100472
v 0.000775613 -0.0280285 0.0100285
v 0.000775613 -0.028487 0.00863729
v 0.000707007 -0.0284847 0.00843187
v 8.78943e-10 -0.02795 0.00773159
v 8.78943e-10 -0.0289109 -0.0022544
v 0.000707297 -0.029575 -0.00279128
v 0.000778812 -0.029486 -0.00411248
v 0.000778812 -0.029247 -0.00556439
v 0.000778812 -0.0289363 -0.0070023
v 0.000857303 -0.0286106 -0.00844021
v 0.000857303 -0.028159 -0.00984077
v 0.000857303 -0.0276393 -0.011218
v 0.000941899 -0.0276855 -0.0112367
v 0.00103173 -0.0277259 -0.0112553
v 0.00112534 -0.0277559 -0.0112647
v 0.00122127 -0.027779 -0.011274
v 0.00131808 -0.0277917 -0.0112787
v 0.0014143 -0.028226 -0.0101582
v 0.0014143 -0.0283184 -0.00989679
v 0.00296989 -0.0283149 -0.00991079
v 0.00296989 -0.0277213 0.0114617
v 0.00296989 -0.0271542 0.0127456
v 0.0014143 -0.0271196 0.012825
v 0.0013175 -0.0271149 0.0128203
v 0.00122011 -0.0271022 0.0128156
v 0.00112359 -0.0270803 0.0128063
v 0.0010294 -0.0270491 0.0127923
v 0.000854397 -0.0275573 0.0114104
v 0.000939283 -0.027011 0.0127736
v 0.000775613 -0.027503 0.0113917
v 0.000707007 -0.0279534 0.0100519
v 8.78943e-10 -0.0274533 0.00933757
v 8.78943e-10 -0.0287307 -0.00393974
v 0.000707297 -0.029374 -0.00443461
v 8.78943e-10 -0.0285632 -0.00500883
v 0.000707297 -0.0290807 -0.00605925
v 0.000707007 -0.0286972 -0.00767457
v 0.000778812 -0.028554 -0.00842153
v 8.78943e-10 -0.0282306 -0.00663348
v 0.000778812 -0.0281036 -0.00982209
v 0.000778812 -0.027585 -0.0111946
v 0.000778812 -0.0269983 -0.0125438
v 0.000857303 -0.0270514 -0.0125672
v 0.000941899 -0.0270976 -0.0125905
v 0.00103173 -0.0271369 -0.0126092
v 0.00112534 -0.0271669 -0.0126232
v 0.00122127 -0.0271889 -0.0126325
v 0.0014143 -0.0277964 -0.0112833
v 0.00131808 -0.0272016 -0.0126372
v 0.00296989 -0.0282121 -0.0101956
v 0.00296989 -0.028226 -0.0101582
v 0.00296989 -0.0271068 0.0128483
v 0.00296989 -0.0268712 0.0133385
v 0.0014143 -0.0268712 0.0133385
v 0.00122011 -0.0264404 0.0141322
v 0.00112359 -0.0264197 0.0141181
v 0.0010294 -0.0263896 0.0141041
v 0.000854397 -0.0269636 0.0127503
v 0.000939283 -0.0263515 0.0140855
v 8.78943e-10 -0.027071 0.0103973
v 0.000775613 -0.0269105 0.0127269
v 0.000707007 -0.0273309 0.0116392
v 8.78943e-10 -0.02795 -0.00773059
v 0.000707007 -0.0282248 -0.00926187
v 8.78943e-10 -0.0274533 -0.00934123
v 8.78943e-10 -0.027071 -0.0103963
v 0.000707007 -0.0276612 -0.0108258
v 8.78943e-10 -0.0263908 -0.0120163
v 0.000707007 -0.027011 -0.0123618
v 0.000707007 -0.0262753 -0.0138557
v 0.000778812 -0.0263469 -0.0138604
v 0.000857303 -0.0263989 -0.0138884
v 0.000941899 -0.0264439 -0.0139117
v 0.00103173 -0.0264809 -0.0139304
v 0.00112534 -0.0265109 -0.0139491
v 0.00122127 -0.0265317 -0.0139584
v 0.00131808 -0.0265444 -0.0139677
v 0.0014143 -0.0268712 -0.0133375
v 0.00296989 -0.0277709 -0.0113394
v 0.00296989 -0.0278171 -0.0112273
v 0.0014143 -0.027205 -0.0126419
v 0.00296989 -0.0272096 -0.0126325
v 0.00296989 -0.0264913 0.0140761
v 0.0014143 -0.0264578 0.0141415
v 0.0013175 -0.0264532 0.0141368
v 0.0013175 -0.0257278 0.0154207
v 0.00122011 -0.0257151 0.0154113
v 0.00112359 -0.0256943 0.0153973
v 0.0010294 -0.0256655 0.0153833
v 0.000854397 -0.0263065 0.0140575
v 0.000939283 -0.0256285 0.01536
v 0.000854397 -0.0255846 0.015332
v 8.78943e-10 -0.0263908 0.0120173
v 0.000775613 -0.0262545 0.0140294
v 0.000707007 -0.0266195 0.0131844
v 8.78943e-10 -0.0259311 -0.012978
v 8.78943e-10 -0.0250418 -0.0146213
v 0.000778812 -0.0256308 -0.0151442
v 0.000857303 -0.0256805 -0.0151769
v 0.000941899 -0.0257244 -0.0152002
v 0.00103173 -0.0257613 -0.0152236
v 0.00112534 -0.0257902 -0.0152376
v 0.00122127 -0.0258098 -0.0152516
v 0.0014143 -0.026549 -0.0139677
v 0.00131808 -0.0258225 -0.0152609
v 0.00296989 -0.0268712 -0.0133375
v 0.00296989 -0.026564 -0.0139397
v 0.00296989 -0.0264393 0.0141742
v 0.00296989 -0.0257486 0.0153927
v 0.0014143 -0.0257313 0.0154207
v 0.0014143 -0.0251596 0.0163357
v 0.0013175 -0.0249402 0.0166625
v 0.00122011 -0.0249275 0.0166532
v 0.00112359 -0.0249078 0.0166392
v 0.0010294 -0.024879 0.0166205
v 0.000939283 -0.0248432 0.0165971
v 0.000775613 -0.0255338 0.015304
v 0.000854397 -0.0248004 0.0165691
v 8.78943e-10 -0.0259311 0.012979
v 0.000707007 -0.0258225 0.014683
v 8.78943e-10 -0.0245359 -0.015457
v 0.000707007 -0.0254541 -0.0153123
v 0.000778812 -0.0248512 -0.0163907
v 0.000857303 -0.0248997 -0.0164234
v 0.000941899 -0.0249425 -0.0164514
v 0.00103173 -0.0249783 -0.0164748
v 0.00112534 -0.025006 -0.0164934
v 0.00122127 -0.0250256 -0.0165074
v 0.0014143 -0.0258272 -0.0152609
v 0.00131808 -0.0250372 -0.0165168
v 0.0014143 -0.0251596 -0.0163347
v 0.00296989 -0.0258041 -0.0152983
v 0.00296989 -0.0252127 0.0162517
v 0.00296989 -0.0251515 0.0163497
v 0.0014143 -0.0249436 0.0166625
v 0.0013175 -0.0240924 0.017867
v 0.00122011 -0.0240809 0.0178576
v 0.00112359 -0.0240613 0.0178436
v 0.0010294 -0.0240347 0.0178203
v 0.000939283 -0.024 0.0177969
v 0.000775613 -0.0247519 0.0165364
v 0.000707007 -0.0249436 0.0161303
v 8.78943e-10 -0.0245359 0.0154533
v 8.78943e-10 -0.0250418 0.0146223
v 0.000854397 -0.0239585 0.0177643
v 0.000775613 -0.0239111 0.0177316
v 8.78943e-10 -0.0234133 -0.0171097
v 0.000707007 -0.0245521 -0.0167222
v 0.000778812 -0.0240116 -0.0175999
v 0.000857303 -0.0240589 -0.0176325
v 0.000941899 -0.0241005 -0.0176652
v 0.00103173 -0.024134 -0.0176886
v 0.00112534 -0.0241606 -0.0177072
v 0.00122127 -0.0241802 -0.0177213
v 0.00296989 -0.0251816 -0.016302
v 0.0014143 -0.0250418 -0.0165168
v 0.00131808 -0.0241918 -0.0177306
v 0.0014143 -0.0241952 -0.0177353
v 0.00296989 -0.0250534 0.0164898
v 0.00296989 -0.0247023 0.0169893
v 0.0014143 -0.0240959 0.017867
v 0.0014143 -0.0231904 0.0190294
v 0.0013175 -0.023187 0.0190248
v 0.00122011 -0.0231754 0.0190154
v 0.00112359 -0.0231569 0.0190014
v 0.0010294 -0.0231304 0.0189781
v 0.000939283 -0.023098 0.0189547
v 0.000854397 -0.0230576 0.0189221
v 0.000707007 -0.023985 0.0175262
v 8.78943e-10 -0.0234133 0.0171107
v 0.000775613 -0.0230126 0.0188847
v 0.000707007 -0.0229502 0.0188614
v 8.78943e-10 -0.0228971 0.0177969
v 8.78943e-10 -0.0228971 -0.0177959
v 0.000707007 -0.0235716 -0.0180807
v 0.000707007 -0.0239434 -0.0175812
v 0.000778812 -0.0231142 -0.0187623
v 0.000857303 -0.0231592 -0.0187997
v 0.000941899 -0.0231985 -0.0188324
v 0.00103173 -0.023232 -0.0188557
v 0.00112534 -0.0232574 -0.018879
v 0.00122127 -0.0232759 -0.0188931
v 0.00296989 -0.0251596 -0.0163347
v 0.00296989 -0.0250811 -0.0164514
v 0.00131808 -0.0232874 -0.0189024
v 0.0014143 -0.0232909 -0.0189071
v 0.00296989 -0.0232932 -0.0189024
v 0.00296989 -0.0240809 -0.01788
v 0.00296989 -0.0239689 0.0180304
v 0.00296989 -0.0231835 0.0190388
v 0.00296989 -0.0230853 0.0191555
v 0.0014143 -0.0231154 0.0191181
v 0.0013175 -0.0222249 0.0201406
v 0.00122011 -0.0222145 0.0201312
v 0.00112359 -0.0221972 0.0201172
v 0.0010294 -0.0221718 0.0200939
v 0.000939283 -0.0221394 0.0200659
v 0.000854397 -0.0221013 0.0200285
v 0.000775613 -0.0220574 0.0199912
v 8.78943e-10 -0.0224998 0.0182965
v 8.78943e-10 -0.0224998 -0.0182955
v 0.000707007 -0.023001 -0.0187997
v 0.000707007 -0.0225125 -0.0193832
v 0.000857303 -0.0222029 -0.0199201
v 0.000941899 -0.0222411 -0.0199528
v 0.00103173 -0.0222722 -0.0199808
v 0.00112534 -0.0222976 -0.0200042
v 0.00122127 -0.022315 -0.0200182
v 0.00131808 -0.0223254 -0.0200275
v 0.0014143 -0.0231154 -0.0191218
v 0.00296989 -0.0231188 -0.0191171
v 0.00296989 -0.0232713 -0.0189304
v 0.00296989 -0.0229652 0.0192955
v 0.0014143 -0.0222284 0.0201452
v 0.0013175 -0.0212108 0.0212096
v 0.00122011 -0.0212005 0.0211956
v 0.00112359 -0.0211831 0.0211816
v 0.0010294 -0.0211589 0.0211583
v 0.000939283 -0.0211288 0.0211256
v 0.000854397 -0.0210919 0.0210883
v 0.000775613 -0.0210503 0.0210462
v 0.000707007 -0.0218426 0.0201312
v 8.78943e-10 -0.0210226 0.0199772
v 8.78943e-10 -0.0210226 -0.0199762
v 0.000778812 -0.0221591 -0.0198781
v 0.000778812 -0.0211519 -0.0209519
v 0.000857303 -0.0211935 -0.0209892
v 0.000941899 -0.0212293 -0.0210266
v 0.00103173 -0.0212594 -0.0210593
v 0.00112534 -0.0212836 -0.0210826
v 0.00122127 -0.0212998 -0.0210966
v 0.00131808 -0.0213102 -0.0211059
v 0.0014143 -0.0223288 -0.0200322
v 0.00296989 -0.0230484 -0.0192012
v 0.00296989 -0.0220378 0.0203413
v 0.00296989 -0.0211981 0.0212283
v 0.0014143 -0.0212143 0.0212096
v 0.0014143 -0.020765 0.0216485
v 0.0013175 -0.0201448 0.0222227
v 0.00122011 -0.0201344 0.0222134
v 0.00112359 -0.0201183 0.0221947
v 0.0010294 -0.0200963 0.0221714
v 0.000939283 -0.0200674 0.0221387
v 0.000854397 -0.0200328 0.0221013
v 0.000775613 -0.0199924 0.0220547
v 0.000707007 -0.0206669 0.0213357
v 8.78943e-10 -0.0204878 0.0205234
v 8.78943e-10 -0.0204878 -0.0205224
v 0.000707007 -0.0213795 -0.0206251
v 0.000707007 -0.0209256 -0.0210826
v 0.000707007 -0.0201772 -0.0218015
v 0.000778812 -0.0200917 -0.0219696
v 0.000857303 -0.020131 -0.0220116
v 0.000941899 -0.0201656 -0.022049
v 0.00103173 -0.0201945 -0.0220817
v 0.00112534 -0.0202164 -0.022105
v 0.00122127 -0.0202326 -0.0221237
v 0.0014143 -0.020765 -0.0216522
v 0.0014143 -0.0213136 -0.0211106
v 0.00296989 -0.0213113 -0.0211153
v 0.00296989 -0.0221544 -0.0202189
v 0.00296989 -0.0208262 0.0215925
v 0.00296989 -0.0207154 0.0216998
v 0.0014143 -0.0201483 0.0222274
v 0.0013175 -0.0190303 0.0231844
v 0.00122011 -0.0190211 0.0231751
v 0.00112359 -0.0190049 0.0231564
v 0.0010294 -0.0189841 0.0231284
v 0.000939283 -0.0189564 0.0230957
v 0.000854397 -0.018924 0.0230537
v 0.000775613 -0.0188859 0.0230117
v 0.000707007 -0.0194265 0.0224748
v 8.78943e-10 -0.0189391 0.0219613
v 8.78943e-10 -0.0189391 -0.0219603
v 0.000707007 -0.0189067 -0.0229127
v 0.000778812 -0.018983 -0.022936
v 0.000857303 -0.0190199 -0.022978
v 0.000941899 -0.0190522 -0.02302
v 0.00103173 -0.01908 -0.0230527
v 0.00112534 -0.0191008 -0.0230761
v 0.00131808 -0.020243 -0.022133
v 0.00122127 -0.0191158 -0.0230947
v 0.00296989 -0.0207454 -0.0216708
v 0.00296989 -0.020765 -0.0216522
v 0.0014143 -0.0202453 -0.0221377
v 0.00296989 -0.019952 0.0223955
v 0.0014143 -0.0190326 0.0231891
v 0.00140762 -0.0182022 0.0238427
v 0.0012486 -0.0182022 0.0238194
v 0.00122011 -0.0182022 0.0238147
v 0.00112359 -0.0182022 0.023782
v 0.00105935 -0.0182022 0.023754
v 0.0010294 -0.0182022 0.02374
v 0.000939283 -0.0182022 0.023684
v 0.000854397 -0.0182022 0.0236186
v 0.000775613 -0.0182022 0.0235439
v 0.000713984 -0.0182022 0.0234832
v 0.000294489 -0.0182022 0.022951
v 8.78943e-10 -0.0182553 0.0225308
v 8.78943e-10 -0.0182553 -0.0225298
v 8.78943e-10 -0.0182022 -0.0225719
v 0.000707007 -0.0182022 -0.0234589
v 0.000778812 -0.0182022 -0.0235476
v 0.000803232 -0.0182022 -0.0235709
v 0.000857303 -0.0182022 -0.0236223
v 0.000881433 -0.0182022 -0.0236409
v 0.000941899 -0.0182022 -0.0236876
v 0.00103173 -0.0182022 -0.0237437
v 0.00112534 -0.0182022 -0.0237857
v 0.00131808 -0.019125 -0.0231041
v 0.0014143 -0.0191285 -0.0231087
v 0.00122127 -0.0182022 -0.0238137
v 0.00124162 -0.0182022 -0.0238184
v 0.00131808 -0.0182022 -0.0238324
v 0.00296989 -0.0200374 -0.0223198
v 0.00296989 -0.0188952 0.0232965
v 0.00296989 -0.018514 0.0235999
v 0.00296989 -0.0182022 0.0238474
v 8.78943e-10 -0.0182022 0.0225729
v 0.0014143 -0.0182022 -0.0238464
v 0.00296989 -0.0189321 -0.0232675
v 0.00296989 -0.0182022 -0.0238417
f 1 2 3
f 1 3 4
f 1 4 5
f 1 5 6
f 1 6 7
f 1 7 8
f 1 8 2
f 2 8 20
f 2 20 19
f 2 19 35
f 2 35 52
f 2 52 79
f 2 79 111
f 2 111 110
f 2 110 109
f 2 109 108
f 2 108 144
f 2 144 179
f 2 179 210
f 2 210 209
f 2 209 239
f 2 239 238
f 2 238 241
f 2 241 265
f 2 265 266
f 2 266 291
f 2 291 314
f 2 314 342
f 2 342 343
f 2 343 347
f 2 347 346
f 2 346 371
f 2 371 370
f 2 370 393
f 2 393 420
f 2 420 419
f 2 419 443
f 2 443 442
f 2 442 474
f 2 474 480
f 2 480 481
f 2 481 477
f 2 477 476
f 2 476 475
f 2 475 445
f 2 445 422
f 2 422 421
f 2 421 395
f 2 395 394
f 2 394 372
f 2 372 350
f 2 350 349
f 2 349 348
f 2 348 319
f 2 319 318
f 2 318 293
f 2 293 292
f 2 292 268
f 2 268 267
f 2 267 242
f 2 242 212
f 2 212 211
f 2 211 181
f 2 181 180
f 2 180 152
f 2 152 119
f 2 119 118
f 2 118 117
f 2 117 116
f 2 116 115
f 2 115 84
f 2 84 80
f 2 80 56
f 2 56 55
f 2 55 54
f 2 54 53
f 2 53 37
f 2 37 36
f 2 36 22
f 2 22 21
f 2 21 10
f 2 10 9
f 2 9 3
f 3 9 10
f 3 10 11
f 3 11 13
f 3 13 4
f 4 12 5
f 4 13 14
f 4 14 12
f 5 12 15
f 5 15 16
f 5 16 6
f 6 16 31
f 6 31 17
f 6 17 18
f 6 18 7
f 7 18 19
f 7 19 20
f 7 20 8
f 10 21 11
f 11 21 22
f 11 22 23
f 11 23 13
f 12 14 24
f 12 24 15
f 13 23 25
f 13 25 14
f 14 26 24
f 14 25 27
f 14 27 28
f 14 28 26
f 15 24 29
f 15 29 30
f 15 30 16
f 16 30 31
f 17 32 33
f 17 33 34
f 17 34 18
f 17 31 32
f 18 34 35
f 18 35 19
f 22 36 23
f 23 36 37
f 23 37 38
f 23 38 25
f 24 39 29
f 24 26 40
f 24 40 39
f 25 38 57
f 25 57 41
f 25 41 42
f 25 42 27
f 26 28 40
f 27 42 28
f 28 42 43
f 28 43 64
f 28 64 44
f 28 44 40
f 29 39 45
f 29 45 46
f 29 46 30
f 30 46 47
f 30 47 31
f 31 47 48
f 31 48 32
f 32 48 49
f 32 49 50
f 32 50 33
f 33 51 34
f 33 50 78
f 33 78 51
f 34 52 35
f 34 51 52
f 37 53 38
f 38 53 54
f 38 54 55
f 38 55 56
f 38 56 57
f 39 58 45
f 39 40 59
f 39 59 58
f 40 44 66
f 40 66 59
f 41 57 60
f 41 60 61
f 41 61 62
f 41 62 42
f 42 62 63
f 42 63 43
f 43 63 64
f 44 64 65
f 44 65 66
f 45 58 67
f 45 67 68
f 45 68 46
f 46 68 69
f 46 69 70
f 46 70 47
f 47 70 71
f 47 71 48
f 48 71 72
f 48 72 73
f 48 73 49
f 49 73 74
f 49 74 75
f 49 75 76
f 49 76 50
f 50 76 77
f 50 77 78
f 51 79 52
f 51 78 79
f 56 80 57
f 57 80 60
f 58 59 81
f 58 81 67
f 59 82 81
f 59 66 83
f 59 83 82
f 60 80 84
f 60 84 85
f 60 85 61
f 61 85 86
f 61 86 87
f 61 87 88
f 61 88 62
f 62 88 63
f 63 89 64
f 63 88 90
f 63 90 91
f 63 91 89
f 64 89 92
f 64 92 65
f 65 92 93
f 65 93 94
f 65 94 83
f 65 83 66
f 67 81 95
f 67 95 96
f 67 96 97
f 67 97 98
f 67 98 68
f 68 98 69
f 69 98 99
f 69 99 100
f 69 100 70
f 70 100 71
f 71 100 101
f 71 101 72
f 72 101 102
f 72 102 74
f 72 74 73
f 74 102 103
f 74 103 104
f 74 104 105
f 74 105 75
f 75 105 107
f 75 107 76
f 76 106 77
f 76 107 143
f 76 143 106
f 77 106 108
f 77 108 109
f 77 109 110
f 77 110 78
f 78 110 111
f 78 111 79
f 81 82 112
f 81 112 95
f 82 83 112
f 83 94 113
f 83 113 114
f 83 114 112
f 84 115 85
f 85 115 116
f 85 116 86
f 86 116 117
f 86 117 118
f 86 118 119
f 86 119 120
f 86 120 121
f 86 121 87
f 87 121 88
f 88 121 122
f 88 122 123
f 88 123 90
f 89 91 92
f 90 123 124
f 90 124 91
f 91 124 125
f 91 125 126
f 91 126 92
f 92 126 127
f 92 127 93
f 93 128 113
f 93 113 94
f 93 127 128
f 95 112 129
f 95 129 96
f 96 129 130
f 96 130 131
f 96 131 97
f 97 131 132
f 97 132 98
f 98 132 99
f 99 132 133
f 99 133 100
f 100 133 101
f 101 134 135
f 101 135 136
f 101 136 102
f 101 133 134
f 102 136 137
f 102 137 103
f 103 137 138
f 103 138 139
f 103 139 140
f 103 140 104
f 104 140 105
f 105 140 141
f 105 141 142
f 105 142 107
f 106 143 144
f 106 144 108
f 107 142 143
f 112 145 129
f 112 114 146
f 112 146 145
f 113 147 148
f 113 148 114
f 113 128 149
f 113 149 150
f 113 150 147
f 114 151 146
f 114 148 151
f 119 152 153
f 119 153 120
f 120 153 121
f 121 153 154
f 121 154 155
f 121 155 122
f 122 155 156
f 122 156 123
f 123 156 124
f 124 156 157
f 124 157 158
f 124 158 125
f 125 158 159
f 125 159 127
f 125 127 126
f 127 159 160
f 127 160 161
f 127 161 128
f 128 161 162
f 128 162 163
f 128 163 149
f 129 145 130
f 130 145 151
f 130 151 147
f 130 147 150
f 130 150 163
f 130 163 191
f 130 191 219
f 130 219 252
f 130 252 278
f 130 278 303
f 130 303 302
f 130 302 329
f 130 329 332
f 130 332 359
f 130 359 382
f 130 382 406
f 130 406 432
f 130 432 458
f 130 458 478
f 130 478 460
f 130 460 459
f 130 459 433
f 130 433 407
f 130 407 383
f 130 383 360
f 130 360 333
f 130 333 306
f 130 306 280
f 130 280 256
f 130 256 255
f 130 255 227
f 130 227 225
f 130 225 224
f 130 224 222
f 130 222 198
f 130 198 194
f 130 194 192
f 130 192 164
f 130 164 131
f 131 164 165
f 131 165 132
f 132 165 166
f 132 166 133
f 133 166 167
f 133 167 134
f 134 167 135
f 135 167 168
f 135 168 169
f 135 169 137
f 135 137 136
f 137 169 170
f 137 170 138
f 138 170 171
f 138 171 172
f 138 172 173
f 138 173 139
f 139 173 140
f 140 173 174
f 140 174 175
f 140 175 141
f 141 175 142
f 142 175 176
f 142 176 177
f 142 177 178
f 142 178 143
f 143 178 179
f 143 179 144
f 145 146 151
f 147 151 148
f 149 163 150
f 152 180 153
f 153 180 181
f 153 181 182
f 153 182 183
f 153 183 154
f 154 183 184
f 154 184 155
f 155 184 185
f 155 185 156
f 156 185 186
f 156 186 157
f 157 186 158
f 158 187 159
f 158 186 188
f 158 188 217
f 158 217 187
f 159 187 189
f 159 189 160
f 160 189 190
f 160 190 161
f 161 190 162
f 162 190 191
f 162 191 163
f 164 192 165
f 165 192 166
f 166 192 193
f 166 193 167
f 167 193 194
f 167 194 195
f 167 195 168
f 168 196 197
f 168 197 169
f 168 195 198
f 168 198 196
f 169 197 199
f 169 199 170
f 170 199 171
f 171 199 200
f 171 200 201
f 171 201 202
f 171 202 203
f 171 203 172
f 172 203 173
f 173 203 204
f 173 204 205
f 173 205 174
f 174 205 175
f 175 205 206
f 175 206 208
f 175 208 176
f 176 207 177
f 176 208 207
f 177 207 209
f 177 209 210
f 177 210 179
f 177 179 178
f 181 211 182
f 182 211 212
f 182 212 213
f 182 213 183
f 183 213 184
f 184 213 214
f 184 214 185
f 185 214 215
f 185 215 216
f 185 216 186
f 186 216 218
f 186 218 188
f 187 217 189
f 188 218 217
f 189 219 190
f 189 217 220
f 189 220 221
f 189 221 219
f 190 219 191
f 192 194 193
f 194 198 195
f 196 198 222
f 196 222 197
f 197 223 199
f 197 222 223
f 199 223 224
f 199 224 225
f 199 225 226
f 199 226 200
f 200 226 225
f 200 225 227
f 200 227 228
f 200 228 201
f 201 228 229
f 201 229 230
f 201 230 231
f 201 231 202
f 202 231 203
f 203 231 232
f 203 232 204
f 204 232 233
f 204 233 234
f 204 234 205
f 205 234 206
f 206 234 235
f 206 235 236
f 206 236 237
f 206 237 208
f 207 238 239
f 207 239 209
f 207 208 240
f 207 240 241
f 207 241 238
f 208 237 240
f 212 242 243
f 212 243 213
f 213 243 244
f 213 244 214
f 214 244 245
f 214 245 246
f 214 246 247
f 214 247 215
f 215 247 248
f 215 248 216
f 216 248 218
f 217 218 249
f 217 249 220
f 218 248 250
f 218 250 251
f 218 251 249
f 219 221 252
f 220 252 221
f 220 249 253
f 220 253 254
f 220 254 252
f 222 224 223
f 227 255 228
f 228 255 229
f 229 256 257
f 229 257 230
f 229 255 256
f 230 257 258
f 230 258 231
f 231 258 232
f 232 258 259
f 232 259 260
f 232 260 233
f 233 260 234
f 234 260 261
f 234 261 262
f 234 262 235
f 235 262 264
f 235 264 236
f 236 263 237
f 236 264 288
f 236 288 263
f 237 265 241
f 237 241 240
f 237 263 266
f 237 266 265
f 242 267 243
f 243 267 268
f 243 268 269
f 243 269 245
f 243 245 244
f 245 269 270
f 245 270 271
f 245 271 272
f 245 272 246
f 246 272 273
f 246 273 247
f 247 273 248
f 248 273 274
f 248 274 275
f 248 275 250
f 249 251 276
f 249 276 253
f 250 275 277
f 250 277 251
f 251 277 276
f 252 254 278
f 253 276 279
f 253 279 278
f 253 278 254
f 256 280 281
f 256 281 257
f 257 281 282
f 257 282 258
f 258 282 283
f 258 283 284
f 258 284 259
f 259 284 260
f 260 284 285
f 260 285 286
f 260 286 261
f 261 286 287
f 261 287 262
f 262 287 264
f 263 288 266
f 264 287 289
f 264 289 290
f 264 290 288
f 266 288 291
f 268 292 269
f 269 292 293
f 269 293 270
f 270 293 294
f 270 294 271
f 271 294 320
f 271 320 295
f 271 295 296
f 271 296 272
f 272 296 297
f 272 297 273
f 273 297 274
f 274 297 298
f 274 298 299
f 274 299 275
f 275 299 277
f 276 277 300
f 276 300 301
f 276 301 302
f 276 302 303
f 276 303 279
f 277 299 304
f 277 304 305
f 277 305 300
f 278 279 303
f 280 306 307
f 280 307 282
f 280 282 281
f 282 307 308
f 282 308 283
f 283 308 309
f 283 309 310
f 283 310 284
f 284 310 285
f 285 310 311
f 285 311 286
f 286 311 312
f 286 312 313
f 286 313 287
f 287 313 316
f 287 316 289
f 288 290 314
f 288 314 291
f 289 315 290
f 289 316 317
f 289 317 315
f 290 315 314
f 293 318 294
f 294 318 319
f 294 319 320
f 295 320 321
f 295 321 322
f 295 322 323
f 295 323 296
f 296 323 324
f 296 324 297
f 297 324 325
f 297 325 298
f 298 325 326
f 298 326 299
f 299 326 327
f 299 327 304
f 300 305 328
f 300 328 329
f 300 329 301
f 301 329 302
f 304 327 305
f 305 327 330
f 305 330 331
f 305 331 332
f 305 332 328
f 306 333 334
f 306 334 335
f 306 335 307
f 307 335 308
f 308 335 334
f 308 334 336
f 308 336 337
f 308 337 309
f 309 337 310
f 310 337 338
f 310 338 339
f 310 339 311
f 311 339 340
f 311 340 312
f 312 340 313
f 313 340 341
f 313 341 344
f 313 344 316
f 314 315 342
f 315 343 342
f 315 317 343
f 316 344 345
f 316 345 317
f 317 345 346
f 317 346 347
f 317 347 343
f 319 348 320
f 320 348 349
f 320 349 321
f 321 349 350
f 321 350 351
f 321 351 322
f 322 351 352
f 322 352 353
f 322 353 323
f 323 353 354
f 323 354 324
f 324 354 355
f 324 355 325
f 325 355 326
f 326 355 356
f 326 356 327
f 327 356 357
f 327 357 358
f 327 358 330
f 328 332 329
f 330 358 331
f 331 359 332
f 331 358 359
f 333 360 361
f 333 361 334
f 334 361 336
f 336 361 362
f 336 362 363
f 336 363 337
f 337 363 338
f 338 363 364
f 338 364 365
f 338 365 339
f 339 365 366
f 339 366 340
f 340 366 341
f 341 366 367
f 341 367 344
f 344 367 368
f 344 368 369
f 344 369 345
f 345 369 370
f 345 370 371
f 345 371 346
f 350 372 351
f 351 372 373
f 351 373 352
f 352 373 374
f 352 374 353
f 353 374 375
f 353 375 376
f 353 376 354
f 354 376 377
f 354 377 355
f 355 377 356
f 356 377 378
f 356 378 379
f 356 379 357
f 357 379 358
f 358 379 380
f 358 380 381
f 358 381 359
f 359 381 382
f 360 383 362
f 360 362 361
f 362 383 384
f 362 384 363
f 363 384 385
f 363 385 386
f 363 386 387
f 363 387 364
f 364 387 388
f 364 388 365
f 365 388 366
f 366 388 389
f 366 389 367
f 367 389 390
f 367 390 391
f 367 391 368
f 368 391 418
f 368 418 392
f 368 392 369
f 369 393 370
f 369 392 393
f 372 394 373
f 373 394 395
f 373 395 396
f 373 396 374
f 374 397 398
f 374 398 399
f 374 399 375
f 374 396 397
f 375 399 376
f 376 399 400
f 376 400 401
f 376 401 377
f 377 401 402
f 377 402 378
f 378 402 403
f 378 403 379
f 379 403 380
f 380 403 404
f 380 404 405
f 380 405 406
f 380 406 382
f 380 382 381
f 383 407 408
f 383 408 384
f 384 408 385
f 385 408 409
f 385 409 410
f 385 410 411
f 385 411 412
f 385 412 386
f 386 412 387
f 387 412 413
f 387 413 388
f 388 413 414
f 388 414 389
f 389 414 415
f 389 415 416
f 389 416 390
f 390 416 417
f 390 417 391
f 391 417 418
f 392 418 419
f 392 419 420
f 392 420 393
f 395 421 396
f 396 421 397
f 397 421 422
f 397 422 423
f 397 423 398
f 398 423 424
f 398 424 425
f 398 425 399
f 399 425 426
f 399 426 400
f 400 426 401
f 401 426 427
f 401 427 428
f 401 428 402
f 402 428 403
f 403 428 429
f 403 429 430
f 403 430 431
f 403 431 404
f 404 431 432
f 404 432 405
f 405 432 406
f 407 410 409
f 407 409 408
f 407 433 410
f 410 433 434
f 410 434 411
f 411 434 435
f 411 435 412
f 412 435 436
f 412 436 437
f 412 437 413
f 413 437 414
f 414 437 438
f 414 438 415
f 415 438 439
f 415 439 416
f 416 440 417
f 416 439 441
f 416 441 440
f 417 442 443
f 417 443 419
f 417 419 418
f 417 440 444
f 417 444 442
f 422 445 423
f 423 445 446
f 423 446 424
f 424 446 447
f 424 447 448
f 424 448 449
f 424 449 425
f 425 449 426
f 426 449 450
f 426 450 451
f 426 451 452
f 426 452 427
f 427 452 428
f 428 452 453
f 428 453 454
f 428 454 429
f 429 454 430
f 430 454 455
f 430 455 456
f 430 456 457
f 430 457 458
f 430 458 431
f 431 458 432
f 433 459 434
f 434 459 460
f 434 460 461
f 434 461 462
f 434 462 435
f 435 462 463
f 435 463 464
f 435 464 436
f 436 464 437
f 437 464 465
f 437 465 466
f 437 466 467
f 437 467 438
f 438 467 468
f 438 468 439
f 439 468 441
f 440 441 469
f 440 469 470
f 440 470 444
f 441 468 471
f 441 471 472
f 441 472 473
f 441 473 469
f 442 444 474
f 444 470 474
f 445 475 446
f 446 475 476
f 446 476 477
f 446 477 447
f 447 477 481
f 447 481 479
f 447 479 473
f 447 473 472
f 447 472 471
f 447 471 468
f 447 468 467
f 447 467 466
f 447 466 465
f 447 465 464
f 447 464 463
f 447 463 462
f 447 462 461
f 447 461 460
f 447 460 478
f 447 478 457
f 447 457 456
f 447 456 455
f 447 455 454
f 447 454 453
f 447 453 452
f 447 452 451
f 447 451 450
f 447 450 449
f 447 449 448
f 457 478 458
f 469 473 479
f 469 479 470
f 470 479 480
f 470 480 474
f 479 481 480
o convex_1
v 0.00178347 3.27966e-06 0.03
v 0.00178347 0.000962639 0.0299832
v 0.00141145 3.27966e-06 0.03
v 0.00141424 -0.00146904 0.029963
v 0.00178347 -0.00150428 0.0299613
v 0.00178347 0.00104487 0.0299815
v 0.00140691 0.00101354 0.0299815
v 0.0013184 3.27966e-06 0.0299949
v 0.00131735 -0.00146904 0.0299579
v 0.00141424 -0.00293745 0.0298553
v 0.00178347 -0.00290221 0.0298586
v 0.00178347 0.00176145 0.0299478
v 0.00140167 0.00176928 0.0299461
v 0.00122134 3.27966e-06 0.0299798
v 0.00131857 0.00176928 0.0299428
v 0.00122168 0.00176537 0.0299276
v 0.00121994 -0.00146904 0.0299445
v 0.00131735 -0.00293745 0.0298502
v 0.00131735 -0.00439803 0.0296701
v 0.00141424 -0.00439803 0.0296735
v 0.00178347 -0.00438236 0.0296769
v 0.00178347 -0.00299227 0.0298485
v 0.00178347 0.00268165 0.0298788
v 0.00139574 0.00270123 0.0298771
v 0.00112549 0.00176537 0.0299041
v 0.00112532 3.27966e-06 0.0299562
v 0.00122186 0.00352354 0.0297711
v 0.0011234 -0.00146904 0.0299192
v 0.0011234 -0.00293353 0.0298115
v 0.00121976 -0.00293745 0.0298351
v 0.00121976 -0.00439803 0.029655
v 0.00121976 -0.00584685 0.0294042
v 0.00131735 -0.00585077 0.0294177
v 0.00141424 -0.00561974 0.0294682
v 0.00178347 -0.00561191 0.0294699
v 0.00178347 0.00350788 0.029793
v 0.00139137 0.00352354 0.0297896
v 0.00131892 0.00352354 0.0297863
v 0.00103192 0.00176537 0.0298704
v 0.00112567 0.00351963 0.0297476
v 0.00103175 3.27966e-06 0.0299226
v 0.0010293 -0.00146513 0.0298856
v 0.00138771 0.0044085 0.0296718
v 0.00122203 0.00526605 0.0295136
v 0.0010293 -0.00292962 0.0297778
v 0.0011234 -0.00439411 0.0296314
v 0.0011234 -0.00584294 0.0293807
v 0.00121976 -0.00728394 0.0290811
v 0.00141424 -0.00585077 0.0294228
v 0.00131735 -0.00728785 0.0290946
v 0.00178347 -0.00583902 0.0294244
v 0.00178347 0.00434585 0.0296802
v 0.0010321 0.00351571 0.0297139
v 0.000942015 0.00176145 0.0298283
v 0.00094184 3.27966e-06 0.0298805
v 0.00112602 0.00526213 0.0294901
v 0.00103227 0.00525822 0.0294564
v 0.000939047 -0.00146513 0.0298435
v 0.00178347 0.00524647 0.0295355
v 0.00138544 0.00526997 0.0295321
v 0.00131927 0.00526997 0.0295271
v 0.00138422 0.00611968 0.0293689
v 0.00122273 0.0069929 0.0291569
v 0.00112637 0.00698898 0.0291333
v 0.000939047 -0.0029257 0.0297358
v 0.0010293 -0.00439019 0.0295978
v 0.0010293 -0.00583511 0.029347
v 0.0010293 -0.00726827 0.0290256
v 0.0011234 -0.0072761 0.0290576
v 0.00121976 -0.00870144 0.028689
v 0.00141424 -0.00728785 0.0290996
v 0.00178347 -0.00726044 0.0291064
v 0.00178347 -0.00589384 0.0294127
v 0.00131735 -0.00870535 0.0287025
v 0.00094219 0.00351179 0.0296718
v 0.000857345 0.00175754 0.0297778
v 0.00085717 3.27966e-06 0.02983
v 0.00103244 0.00698115 0.0290996
v 0.00094219 0.00525039 0.0294143
v 0.000854202 -0.00146121 0.0297913
v 0.00178347 0.00605312 0.0293807
v 0.00178347 0.0069694 0.0291804
v 0.00138439 0.00699681 0.0291737
v 0.00131997 0.00699681 0.0291703
v 0.00138579 0.00782695 0.0289667
v 0.00122413 0.00869625 0.0287042
v 0.00112724 0.00868842 0.0286806
v 0.00103279 0.00868059 0.0286469
v 0.000854202 -0.00292179 0.0296836
v 0.000854202 -0.00437453 0.0295052
v 0.000939047 -0.00438236 0.0295557
v 0.000939047 -0.00582728 0.029305
v 0.000939047 -0.00725652 0.0289835
v 0.000939047 -0.00867011 0.0285931
v 0.0010293 -0.00868577 0.0286335
v 0.0011234 -0.00869361 0.0286655
v 0.0011234 -0.0100915 0.028206
v 0.00121976 -0.0100994 0.0282279
v 0.00178347 -0.00732701 0.0290895
v 0.00141424 -0.00870535 0.0287075
v 0.00178347 -0.00872102 0.0287042
v 0.00131735 -0.0101033 0.0282414
v 0.00141424 -0.00896771 0.0286268
v 0.00085752 0.00350396 0.0296213
v 0.000778785 0.00175362 0.0297189
v 0.000778612 3.27966e-06 0.0297711
v 0.000778785 0.00349613 0.0295641
v 0.000775469 -0.0014573 0.0297324
v 0.000942363 0.00866884 0.0286066
v 0.000942363 0.0069694 0.0290576
v 0.00085752 0.00695766 0.0290088
v 0.00085752 0.00524256 0.0293639
v 0.00178347 0.0078387 0.0289633
v 0.00178347 0.00875107 0.0287075
v 0.00138875 0.00875499 0.0287058
v 0.00132189 0.00870017 0.0287176
v 0.00139207 0.00952247 0.0284686
v 0.0012264 0.0103722 0.0281589
v 0.00112864 0.0103644 0.0281353
v 0.00103349 0.0103526 0.0281034
v 0.000775469 -0.00291396 0.0296247
v 0.000775469 -0.0043667 0.0294463
v 0.000854202 -0.00581553 0.0292545
v 0.000854202 -0.00724478 0.028933
v 0.000854202 -0.00865836 0.0285426
v 0.000854202 -0.0100485 0.0280849
v 0.000939047 -0.0100641 0.0281337
v 0.0010293 -0.0100798 0.0281741
v 0.0011234 -0.011462 0.0276759
v 0.00121976 -0.0114699 0.0276978
v 0.00131735 -0.0114777 0.0277113
v 0.00178347 -0.0089912 0.02862
v 0.00141424 -0.0101033 0.0282464
v 0.00178347 -0.010072 0.0282582
v 0.000707384 0.00334342 0.0295153
v 0.000707209 0.0017732 0.0296533
v 0.000707209 3.27966e-06 0.0297055
v 0.000707209 -5.54566e-05 0.0297055
v 0.000707209 -0.00120277 0.0296819
v 0.00077896 0.00523081 0.0293066
v 0.000707384 0.00504677 0.029273
v 0.000707209 -0.00284739 0.0295692
v 0.00085717 0.00865318 0.0285561
v 0.000942363 0.0103369 0.0280613
v 0.000856647 0.0103213 0.0280125
v 0.000778262 0.00863751 0.0284989
v 0.000778785 0.00694591 0.0289499
v 0.00178347 0.0094794 0.028482
v 0.00178347 0.00956163 0.0284551
v 0.00178347 0.0103722 0.0281808
v 0.00139713 0.0103761 0.0281774
v 0.00132521 0.0103761 0.0281741
v 0.00140272 0.0111867 0.0278796
v 0.00123024 0.0120129 0.0275261
v 0.00113108 0.0120051 0.0275026
v 0.00103471 0.0119933 0.0274689
v 0.000707209 -0.00448809 0.0293655
v 0.000775469 -0.00580378 0.0291956
v 0.000775469 -0.00723303 0.0288758
v 0.000775469 -0.00863879 0.0284871
v 0.000775469 -0.0100289 0.0280293
v 0.000854202 -0.0114111 0.0275581
v 0.000939047 -0.0114307 0.0276052
v 0.0010293 -0.0114503 0.0276439
v 0.0010293 -0.0127934 0.0270499
v 0.0011234 -0.0128051 0.0270802
v 0.00121976 -0.0128169 0.0271021
v 0.00141424 -0.0122021 0.027405
v 0.00141424 -0.0114777 0.0277163
v 0.00178347 -0.0101346 0.0282346
v 3.50636e-07 0.00453381 0.0286419
v 3.50636e-07 0.00293226 0.0288506
v 3.50636e-07 0.00135813 0.0289667
v 1.75757e-07 3.27966e-06 0.0289987
v 8.78943e-10 -0.000200339 0.0289987
v 8.78943e-10 -0.00124585 0.0289717
v 0.000707209 0.00673837 0.0289314
v 3.50636e-07 0.00615493 0.028339
v 8.78943e-10 -0.0030745 0.0288354
v 0.000942363 0.0119737 0.0274269
v 0.000855947 0.0119542 0.0273764
v 0.000777214 0.0103017 0.0279553
v 0.000706511 0.00840648 0.0284989
v 0.000705639 0.0100511 0.0279721
v 0.00178347 0.0111828 0.0278812
v 0.00133027 0.0120207 0.0275396
v 0.00141651 0.0128117 0.0272047
v 0.0012353 0.0136223 0.0268042
v 0.00113457 0.0136105 0.0267806
v 0.00103646 0.0135949 0.026747
v 0.000942887 0.0135753 0.0267049
v 8.78943e-10 -0.00523208 0.0285224
v 0.000707209 -0.00611312 0.0290694
v 8.78943e-10 -0.00793787 0.0278913
v 0.000707209 -0.00772642 0.0286823
v 8.78943e-10 -0.00599174 0.0283726
v 8.78943e-10 -0.00883849 0.0276204
v 0.000707209 -0.00931621 0.028206
v 8.78943e-10 -0.0106358 0.0269775
v 0.000707209 -0.0108786 0.0276406
v 0.000775469 -0.0113916 0.0275026
v 0.000854202 -0.0127503 0.0269641
v 0.000939047 -0.0127738 0.0270095
v 0.0010293 -0.0141052 0.0263885
v 0.0011234 -0.0141208 0.0264188
v 0.00121976 -0.0141326 0.026439
v 0.00131718 -0.0141365 0.0264525
v 0.00131718 -0.0128208 0.0271138
v 0.00178347 -0.0122021 0.027405
v 0.00141424 -0.0128247 0.0271189
v 0.00178347 -0.0115012 0.0277062
v 3.50636e-07 0.00777605 0.0279368
v 3.50636e-07 0.00940109 0.0274319
v 3.50636e-07 0.0110144 0.0268261
v 3.50636e-07 0.0125298 0.0261512
v 3.50636e-07 0.0140882 0.0253468
v 3.50636e-07 0.0156036 0.0244414
v 3.50636e-07 0.017072 0.0234384
v 1.75757e-07 0.0218023 0.0161952
v 8.78943e-10 0.0136262 0.0179034
v 0.00085525 0.0135518 0.0266527
v 0.000775992 0.0119307 0.0273191
v 0.000704416 0.0116722 0.0273528
v 0.00178347 0.0127295 0.0272384
v 0.00178347 0.0128195 0.0271997
v 0.00133725 0.0136262 0.0268193
v 0.0014324 0.014378 0.0264508
v 0.00124176 0.0151847 0.0259964
v 0.00113876 0.0151729 0.0259728
v 0.0010389 0.0151572 0.0259375
v 0.000943585 0.0151337 0.0258954
v 8.78943e-10 -0.0115795 0.0265871
v 0.000707034 -0.0124097 0.0269876
v 0.000775469 -0.0127268 0.0269102
v 0.000854202 -0.0140582 0.0263044
v 0.000939047 -0.0140817 0.0263498
v 0.000939047 -0.0153582 0.0256278
v 0.0010293 -0.0153817 0.0256649
v 0.0011234 -0.0153974 0.0256935
v 0.00121976 -0.0154091 0.0257137
v 0.00131718 -0.015417 0.0257271
v 0.00141424 -0.0141404 0.0264558
v 0.00141424 -0.0152682 0.0258214
v 0.00178347 -0.0127934 0.0271323
v 0.00178347 -0.0141522 0.0264491
v 0.00178347 -0.012903 0.0270785
v 0.000702844 0.0133129 0.0266191
v 0.000702669 0.013493 0.0265316
v 0.000701099 0.0150359 0.0257187
v 0.000700052 0.0165356 0.0248217
v 0.000699354 0.0179766 0.0238389
v 0.000699354 0.0193588 0.0227737
v 3.50636e-07 0.0184856 0.0223428
v 3.50636e-07 0.0198287 0.0211598
v 3.50636e-07 0.0211014 0.0198926
v 3.50636e-07 0.0218023 0.0191033
v 1.75757e-07 0.0218023 0.0128093
v 8.78943e-10 0.0184895 0.0128093
v 8.78943e-10 0.0177769 0.0137938
v 8.78943e-10 0.016841 0.0149196
v 8.78943e-10 0.0158347 0.0159832
v 8.78943e-10 0.0147617 0.0169795
v 0.00077477 0.0135244 0.0265955
v 0.000854727 0.0151063 0.0258433
v 0.00178347 0.0143154 0.0264828
v 0.00178347 0.0143819 0.0264491
v 0.00178347 0.0152943 0.0259627
v 0.00144235 0.0152943 0.0259611
v 0.00134598 0.0151925 0.0260115
v 0.00144898 0.0158817 0.0256262
v 0.00135559 0.0167157 0.0251179
v 0.00124909 0.016704 0.0251028
v 0.00114382 0.0166922 0.0250775
v 0.00104187 0.0166687 0.0250422
v 0.000944807 0.0166413 0.0249984
v 8.78943e-10 -0.0132868 0.0257759
v 0.000707034 -0.0139055 0.0262488
v 0.000775469 -0.0140308 0.0262522
v 0.000854202 -0.0153308 0.0255841
v 0.000939047 -0.0165995 0.0248436
v 0.0010293 -0.016623 0.024879
v 0.0011234 -0.0166426 0.0249076
v 0.00121976 -0.0166543 0.0249278
v 0.00141424 -0.0154209 0.0257305
v 0.00131718 -0.0166622 0.0249395
v 0.00178347 -0.0141796 0.0264339
v 0.00178347 -0.015413 0.0257355
v 0.00178347 -0.0152682 0.0258214
v 0.00178347 -0.0152564 0.0258281
v 0.000773547 0.0150711 0.0257844
v 0.0007725 0.0165747 0.0248874
v 0.000772152 0.0180236 0.0239046
v 0.000772152 0.0194097 0.0228393
v 0.000772327 0.0207333 0.0216916
v 0.000699702 0.0206745 0.0216276
v 0.000660947 0.0218023 0.0204479
v 0.000599844 0.0218023 0.0203318
v 0.000247724 0.0218023 0.0196149
v 0.00150013 0.0218023 0.0128093
v 8.78943e-10 -0.0182011 0.0128093
v 0.000854727 0.01661 0.0249463
v 0.00178347 0.0158542 0.025643
v 0.00178347 0.0173109 0.024741
v 0.00146505 0.0173187 0.0247359
v 0.00125678 0.0181724 0.0241217
v 0.00178347 0.0158817 0.0256262
v 0.00114924 0.0181567 0.0240964
v 0.00104501 0.0181332 0.0240611
v 0.000946205 0.0181019 0.0240173
v 8.78943e-10 -0.0141913 0.0252879
v 8.78943e-10 -0.014579 0.0250691
v 0.000707034 -0.0153582 0.0254259
v 0.000775469 -0.0153034 0.0255319
v 0.000775469 -0.0165369 0.0247511
v 0.000854202 -0.0165682 0.0247999
v 0.000854202 -0.0177664 0.0239584
v 0.000939047 -0.0177977 0.0239988
v 0.0010293 -0.0178251 0.0240341
v 0.0011234 -0.0178447 0.0240611
v 0.00121976 -0.0178565 0.0240796
v 0.00131718 -0.0178682 0.0240914
v 0.00141424 -0.0166661 0.0249429
v 0.00178347 -0.0166465 0.0249564
v 0.0008549 0.0180627 0.0239651
v 0.000855425 0.0194567 0.0228982
v 0.000856297 0.0207842 0.0217488
v 0.000841633 0.0218023 0.0207357
v 0.000772675 0.0218023 0.0206431
v 0.000762725 0.0218023 0.0206263
v 0.000700226 0.0218023 0.0205203
v 0.00178347 0.0218023 0.0189299
v 0.00178347 0.0217984 0.0189182
v 0.00150013 0.014613 0.0128093
v 0.00149996 -0.0182011 0.0128093
v 8.78943e-10 -0.0182011 0.0225734
v 0.00178347 0.0186658 0.0237935
v 0.00136571 0.0181802 0.0241368
v 0.00147988 0.0186814 0.0237817
v 0.00126411 0.019582 0.0230547
v 0.00115447 0.0195625 0.0230295
v 0.00104833 0.0195351 0.0229941
v 0.00094795 0.0194998 0.0229504
v 8.78943e-10 -0.0158399 0.0242916
v 0.000707034 -0.0167679 0.0245205
v 0.000775469 -0.0177312 0.0239096
v 0.000775469 -0.0182011 0.0235461
v 0.000854202 -0.0182011 0.0236202
v 0.000939047 -0.0182011 0.0236858
v 0.0010293 -0.0182011 0.0237413
v 0.00105915 -0.0182011 0.0237548
v 0.0011234 -0.0182011 0.0237834
v 0.00115255 -0.0182011 0.0237935
v 0.00121976 -0.0182011 0.0238137
v 0.00131718 -0.0182011 0.0238322
v 0.00140743 -0.0182011 0.0238457
v 0.00141424 -0.0181345 0.0238961
v 0.00141424 -0.0178682 0.0240947
v 0.00178347 -0.0178408 0.0241166
v 0.000949695 0.0208312 0.021801
v 0.000950742 0.0218023 0.0208535
v 0.000856822 0.0218023 0.0207542
v 0.00178347 0.0218023 0.0210857
v 0.00178347 -0.0182011 0.0218986
v 0.000294336 -0.0182011 0.0229504
v 8.78943e-10 -0.0166543 0.0237413
v 0.00178347 0.0199697 0.0227686
v 0.00137531 0.0195899 0.0230699
v 0.00149228 0.0199697 0.0227669
v 0.00138369 0.020933 0.0219171
v 0.00127074 0.0209212 0.0219036
v 0.00115901 0.0209016 0.0218784
v 0.0010513 0.0208703 0.0218447
v 0.000707034 -0.0181227 0.023536
v 0.000713843 -0.0182011 0.0234838
v 0.00178347 -0.0182011 0.0238457
v 0.00178347 -0.0181462 0.0238877
v 0.00102738 0.0218023 0.0209158
v 0.00150555 0.0218023 0.0210857
v 0.00178347 0.0211718 0.0217067
v 0.00150205 0.0211914 0.0216865
v 0.00138841 0.0218023 0.0210756
v 0.00127423 0.0218023 0.0210487
v 0.00124071 0.0218023 0.0210352
v 0.00116181 0.0218023 0.0210016
v 0.00105322 0.0218023 0.0209359
f 482 483 484
f 482 484 485
f 482 485 486
f 482 486 492
f 482 492 503
f 482 503 502
f 482 502 516
f 482 516 532
f 482 532 554
f 482 554 553
f 482 553 580
f 482 580 582
f 482 582 613
f 482 613 615
f 482 615 651
f 482 651 692
f 482 692 690
f 482 690 725
f 482 725 727
f 482 727 726
f 482 726 767
f 482 767 770
f 482 770 769
f 482 769 768
f 482 768 804
f 482 804 839
f 482 839 857
f 482 857 856
f 482 856 844
f 482 844 813
f 482 813 812
f 482 812 843
f 482 843 860
f 482 860 847
f 482 847 817
f 482 817 784
f 482 784 787
f 482 787 783
f 482 783 748
f 482 748 747
f 482 747 746
f 482 746 706
f 482 706 705
f 482 705 666
f 482 666 631
f 482 631 630
f 482 630 629
f 482 629 595
f 482 595 594
f 482 594 563
f 482 563 562
f 482 562 540
f 482 540 533
f 482 533 517
f 482 517 504
f 482 504 493
f 482 493 487
f 482 487 483
f 483 487 488
f 483 488 484
f 484 488 489
f 484 489 490
f 484 490 485
f 485 490 499
f 485 499 491
f 485 491 486
f 486 491 492
f 487 493 494
f 487 494 488
f 488 495 489
f 488 494 496
f 488 496 497
f 488 497 495
f 489 495 498
f 489 498 490
f 490 498 499
f 491 499 500
f 491 500 501
f 491 501 502
f 491 502 503
f 491 503 492
f 493 504 505
f 493 505 494
f 494 505 496
f 495 497 506
f 495 506 507
f 495 507 498
f 496 505 497
f 497 505 508
f 497 508 506
f 498 509 510
f 498 510 511
f 498 511 499
f 498 507 509
f 499 511 512
f 499 512 500
f 500 512 513
f 500 513 514
f 500 514 515
f 500 515 501
f 501 515 502
f 502 515 516
f 504 517 505
f 505 517 518
f 505 518 519
f 505 519 508
f 506 520 522
f 506 522 507
f 506 508 521
f 506 521 520
f 507 522 523
f 507 523 509
f 508 519 524
f 508 524 525
f 508 525 521
f 509 523 526
f 509 526 510
f 510 526 547
f 510 547 527
f 510 527 512
f 510 512 511
f 512 527 528
f 512 528 513
f 513 528 529
f 513 529 531
f 513 531 514
f 514 530 515
f 514 531 552
f 514 552 530
f 515 530 516
f 516 530 532
f 517 533 524
f 517 524 518
f 518 524 519
f 520 521 534
f 520 534 556
f 520 556 535
f 520 535 536
f 520 536 522
f 521 525 537
f 521 537 538
f 521 538 534
f 522 536 539
f 522 539 523
f 523 539 526
f 524 533 540
f 524 540 541
f 524 541 542
f 524 542 525
f 525 542 543
f 525 543 544
f 525 544 545
f 525 545 537
f 526 546 547
f 526 539 546
f 527 547 528
f 528 548 549
f 528 549 550
f 528 550 529
f 528 547 548
f 529 550 577
f 529 577 551
f 529 551 555
f 529 555 531
f 530 552 553
f 530 553 554
f 530 554 532
f 531 555 581
f 531 581 552
f 534 538 556
f 535 557 558
f 535 558 536
f 535 556 557
f 536 558 539
f 537 545 538
f 538 545 559
f 538 559 560
f 538 560 556
f 539 561 570
f 539 570 546
f 539 558 561
f 540 562 541
f 541 562 543
f 541 543 542
f 543 562 563
f 543 563 564
f 543 564 565
f 543 565 544
f 544 565 566
f 544 566 567
f 544 567 545
f 545 567 568
f 545 568 569
f 545 569 559
f 546 570 571
f 546 571 572
f 546 572 547
f 547 572 573
f 547 573 548
f 548 573 549
f 549 574 575
f 549 575 576
f 549 576 577
f 549 577 550
f 549 573 574
f 551 577 578
f 551 578 579
f 551 579 583
f 551 583 555
f 552 580 553
f 552 581 582
f 552 582 580
f 555 583 584
f 555 584 581
f 556 585 557
f 556 560 593
f 556 593 585
f 557 586 587
f 557 587 558
f 557 585 588
f 557 588 586
f 558 587 589
f 558 589 561
f 559 569 590
f 559 590 591
f 559 591 560
f 560 591 592
f 560 592 593
f 561 589 570
f 563 594 566
f 563 566 564
f 564 566 565
f 566 594 595
f 566 595 596
f 566 596 597
f 566 597 567
f 567 597 598
f 567 598 599
f 567 599 600
f 567 600 568
f 568 600 601
f 568 601 569
f 569 601 590
f 570 589 602
f 570 602 603
f 570 603 571
f 571 603 604
f 571 604 573
f 571 573 572
f 573 604 605
f 573 605 574
f 574 605 606
f 574 606 575
f 575 606 607
f 575 607 608
f 575 608 609
f 575 609 576
f 576 609 578
f 576 578 577
f 578 609 645
f 578 645 610
f 578 610 611
f 578 611 579
f 579 611 612
f 579 612 583
f 581 584 582
f 582 584 613
f 583 614 584
f 583 612 650
f 583 650 614
f 584 614 615
f 584 615 613
f 585 593 588
f 586 588 616
f 586 616 617
f 586 617 587
f 587 617 618
f 587 618 619
f 587 619 620
f 587 620 589
f 588 593 621
f 588 621 622
f 588 622 616
f 589 620 623
f 589 623 602
f 590 624 592
f 590 592 591
f 590 601 625
f 590 625 626
f 590 626 624
f 592 624 627
f 592 627 628
f 592 628 621
f 592 621 593
f 595 629 598
f 595 598 596
f 596 598 597
f 598 629 630
f 598 630 631
f 598 631 632
f 598 632 633
f 598 633 599
f 599 633 634
f 599 634 635
f 599 635 636
f 599 636 600
f 600 636 601
f 601 636 637
f 601 637 625
f 602 623 603
f 603 638 639
f 603 639 604
f 603 623 638
f 604 639 640
f 604 640 605
f 605 640 606
f 606 640 641
f 606 641 642
f 606 642 607
f 607 642 682
f 607 682 643
f 607 643 608
f 608 643 644
f 608 644 609
f 609 644 645
f 610 645 646
f 610 646 647
f 610 647 648
f 610 648 611
f 611 648 612
f 612 648 649
f 612 649 650
f 614 651 615
f 614 650 651
f 616 622 652
f 616 652 653
f 616 653 617
f 617 653 654
f 617 654 618
f 618 654 655
f 618 655 656
f 618 656 619
f 619 656 620
f 620 656 657
f 620 657 623
f 621 628 658
f 621 658 622
f 622 658 659
f 622 659 652
f 623 657 660
f 623 660 638
f 624 626 627
f 625 637 661
f 625 661 626
f 626 661 662
f 626 662 663
f 626 663 627
f 627 664 628
f 627 663 665
f 627 665 664
f 628 664 658
f 631 666 634
f 631 634 632
f 632 634 633
f 634 666 667
f 634 667 635
f 635 667 668
f 635 668 669
f 635 669 636
f 636 669 670
f 636 670 637
f 637 670 671
f 637 671 672
f 637 672 661
f 638 660 673
f 638 673 639
f 639 673 674
f 639 674 640
f 640 675 676
f 640 676 641
f 640 674 677
f 640 677 675
f 641 676 675
f 641 675 678
f 641 678 679
f 641 679 642
f 642 679 678
f 642 678 680
f 642 680 681
f 642 681 682
f 643 682 683
f 643 683 684
f 643 684 644
f 644 684 646
f 644 646 645
f 646 684 685
f 646 685 686
f 646 686 647
f 647 686 648
f 648 686 687
f 648 687 688
f 648 688 689
f 648 689 649
f 649 690 692
f 649 692 650
f 649 689 691
f 649 691 690
f 650 692 651
f 652 659 656
f 652 656 653
f 653 656 654
f 654 656 655
f 656 659 693
f 656 693 694
f 656 694 695
f 656 695 696
f 656 696 697
f 656 697 698
f 656 698 699
f 656 699 700
f 656 700 701
f 656 701 743
f 656 743 742
f 656 742 741
f 656 741 740
f 656 740 739
f 656 739 781
f 656 781 816
f 656 816 846
f 656 846 824
f 656 824 792
f 656 792 791
f 656 791 757
f 656 757 713
f 656 713 680
f 656 680 678
f 656 678 675
f 656 675 677
f 656 677 673
f 656 673 660
f 656 660 657
f 658 664 693
f 658 693 659
f 661 672 662
f 662 672 702
f 662 702 703
f 662 703 663
f 663 703 704
f 663 704 665
f 664 665 694
f 664 694 693
f 665 704 695
f 665 695 694
f 666 705 667
f 667 705 668
f 668 705 706
f 668 706 707
f 668 707 669
f 669 707 708
f 669 708 709
f 669 709 710
f 669 710 670
f 670 710 671
f 671 710 711
f 671 711 672
f 672 711 712
f 672 712 702
f 673 677 674
f 680 713 682
f 680 682 681
f 682 713 714
f 682 714 715
f 682 715 683
f 683 716 717
f 683 717 684
f 683 715 716
f 684 717 685
f 685 717 718
f 685 718 719
f 685 719 686
f 686 719 720
f 686 720 721
f 686 721 687
f 687 721 722
f 687 722 688
f 688 723 691
f 688 691 689
f 688 722 724
f 688 724 723
f 690 691 725
f 691 723 726
f 691 726 727
f 691 727 725
f 695 704 696
f 696 704 728
f 696 728 729
f 696 729 697
f 697 729 730
f 697 730 731
f 697 731 698
f 698 731 732
f 698 732 699
f 699 732 733
f 699 733 734
f 699 734 700
f 700 734 735
f 700 735 736
f 700 736 737
f 700 737 779
f 700 779 778
f 700 778 777
f 700 777 811
f 700 811 810
f 700 810 809
f 700 809 808
f 700 808 842
f 700 842 841
f 700 841 858
f 700 858 866
f 700 866 865
f 700 865 864
f 700 864 863
f 700 863 862
f 700 862 859
f 700 859 843
f 700 843 812
f 700 812 780
f 700 780 738
f 700 738 739
f 700 739 740
f 700 740 741
f 700 741 742
f 700 742 743
f 700 743 701
f 702 744 703
f 702 712 745
f 702 745 744
f 703 744 728
f 703 728 704
f 706 746 707
f 707 746 708
f 708 746 747
f 708 747 748
f 708 748 749
f 708 749 750
f 708 750 709
f 709 750 751
f 709 751 752
f 709 752 753
f 709 753 710
f 710 753 754
f 710 754 711
f 711 754 755
f 711 755 712
f 712 755 756
f 712 756 745
f 713 757 714
f 714 757 715
f 715 757 758
f 715 758 759
f 715 759 716
f 716 759 794
f 716 794 760
f 716 760 718
f 716 718 717
f 718 760 761
f 718 761 719
f 719 761 762
f 719 762 763
f 719 763 720
f 720 763 764
f 720 764 721
f 721 764 722
f 722 765 724
f 722 764 766
f 722 766 803
f 722 803 765
f 723 724 767
f 723 767 726
f 724 765 768
f 724 768 769
f 724 769 770
f 724 770 767
f 728 744 729
f 729 744 771
f 729 771 730
f 730 771 772
f 730 772 731
f 731 772 773
f 731 773 732
f 732 773 774
f 732 774 733
f 733 774 775
f 733 775 776
f 733 776 734
f 734 776 735
f 735 776 777
f 735 777 736
f 736 777 778
f 736 778 779
f 736 779 737
f 738 780 814
f 738 814 815
f 738 815 781
f 738 781 739
f 744 745 771
f 745 756 782
f 745 782 772
f 745 772 771
f 748 783 751
f 748 751 749
f 749 751 750
f 751 783 752
f 752 784 785
f 752 785 786
f 752 786 753
f 752 783 787
f 752 787 784
f 753 786 754
f 754 786 788
f 754 788 789
f 754 789 755
f 755 789 756
f 756 789 790
f 756 790 782
f 757 791 758
f 758 791 792
f 758 792 793
f 758 793 794
f 758 794 759
f 760 794 795
f 760 795 796
f 760 796 761
f 761 796 797
f 761 797 798
f 761 798 799
f 761 799 762
f 762 799 763
f 763 799 800
f 763 800 764
f 764 800 801
f 764 801 802
f 764 802 766
f 765 803 804
f 765 804 768
f 766 802 803
f 772 782 805
f 772 805 773
f 773 805 806
f 773 806 774
f 774 806 807
f 774 807 775
f 775 807 808
f 775 808 809
f 775 809 776
f 776 809 810
f 776 810 811
f 776 811 777
f 780 812 813
f 780 813 814
f 781 815 844
f 781 844 856
f 781 856 836
f 781 836 835
f 781 835 834
f 781 834 833
f 781 833 832
f 781 832 831
f 781 831 830
f 781 830 829
f 781 829 828
f 781 828 827
f 781 827 855
f 781 855 845
f 781 845 816
f 782 790 805
f 784 817 818
f 784 818 785
f 785 818 786
f 786 818 819
f 786 819 820
f 786 820 788
f 788 820 821
f 788 821 789
f 789 821 822
f 789 822 790
f 790 822 823
f 790 823 805
f 792 824 793
f 793 824 795
f 793 795 794
f 795 824 825
f 795 825 826
f 795 826 797
f 795 797 796
f 797 826 827
f 797 827 828
f 797 828 829
f 797 829 798
f 798 829 799
f 799 829 830
f 799 830 831
f 799 831 800
f 800 831 832
f 800 832 833
f 800 833 834
f 800 834 801
f 801 834 802
f 802 835 836
f 802 836 837
f 802 837 838
f 802 838 803
f 802 834 835
f 803 838 839
f 803 839 804
f 805 823 806
f 806 823 840
f 806 840 807
f 807 840 841
f 807 841 842
f 807 842 808
f 813 844 815
f 813 815 814
f 816 845 846
f 817 819 818
f 817 847 848
f 817 848 819
f 819 848 820
f 820 848 849
f 820 849 850
f 820 850 851
f 820 851 852
f 820 852 821
f 821 852 822
f 822 852 853
f 822 853 823
f 823 853 840
f 824 846 825
f 825 846 826
f 826 846 854
f 826 854 855
f 826 855 827
f 836 856 857
f 836 857 837
f 837 857 839
f 837 839 838
f 840 853 858
f 840 858 841
f 843 859 860
f 845 855 854
f 845 854 846
f 847 860 850
f 847 850 849
f 847 849 848
f 850 860 861
f 850 861 862
f 850 862 851
f 851 862 863
f 851 863 852
f 852 863 864
f 852 864 865
f 852 865 853
f 853 865 866
f 853 866 858
f 859 862 861
f 859 861 860
o convex_2
v 0.00140802 -0.0182011 -0.0238445
v 0.00131779 -0.0179583 -0.0240205
v 0.00141421 -0.0179622 -0.0240247
v 0.00141421 -0.0181345 -0.0238948
v 0.00150621 -0.0182011 -0.0238445
v 0.00131779 -0.0182011 -0.0238319
v 0.00122092 -0.0179504 -0.0240121
v 0.00131779 -0.0167522 -0.0248795
v 0.00141421 -0.0167522 -0.0248837
v 0.00150621 -0.0167483 -0.0248879
v 0.00150621 -0.0179387 -0.0240415
v 0.00150621 -0.0181345 -0.0238948
v 0.00150621 -0.0182011 -0.0238194
v 0.00124156 -0.0182011 -0.0238194
v 0.00112509 -0.0179348 -0.0239912
v 0.00122092 -0.0167444 -0.0248669
v 0.00122092 -0.0182011 -0.0238152
v 0.00112509 -0.0182011 -0.0237858
v 0.00131779 -0.0155031 -0.0256756
v 0.00141421 -0.0155031 -0.0256798
v 0.00150621 -0.0155109 -0.0256756
v 0.00150621 -0.0181971 -0.021896
v 0.00149987 -0.0182011 0.0128076
v 0.00103147 -0.0179152 -0.023966
v 0.00112509 -0.0167287 -0.024846
v 0.00112509 -0.0154835 -0.0256421
v 0.00122092 -0.0154953 -0.0256631
v 0.00103147 -0.0182011 -0.0237439
v 0.00131779 -0.0142148 -0.0264089
v 0.00141421 -0.0152682 -0.0258181
v 0.00150621 -0.0152603 -0.0258265
v 0.00150621 0.0218023 -0.0183804
v 0.00150017 0.0169037 0.0128076
v 8.78943e-10 -0.0182011 0.0128076
v 0.000941678 -0.0178917 -0.0239325
v 0.00103147 -0.0167092 -0.0248208
v 0.00103147 -0.0154639 -0.0256128
v 0.00112509 -0.0141992 -0.0263754
v 0.00122092 -0.014207 -0.0263964
v 0.000941678 -0.0182011 -0.0236895
v 0.00131779 -0.0128952 -0.0270794
v 0.00141421 -0.0142187 -0.0264131
v 0.00150621 -0.0142187 -0.0264131
v 0.00150621 0.0218023 -0.0210915
v 0.00150017 0.0218023 0.0128076
v 8.78943e-10 0.0184895 0.0128076
v 8.78943e-10 -0.0182011 -0.0225707
v 0.000857049 -0.0178604 -0.0238906
v 0.000857049 -0.0166582 -0.0247412
v 0.000941678 -0.0166857 -0.0247831
v 0.000881081 -0.0182011 -0.0236434
v 0.000941678 -0.0154444 -0.0255793
v 0.00103147 -0.0141796 -0.0263461
v 0.00103147 -0.0128639 -0.0270165
v 0.00112509 -0.0128795 -0.0270459
v 0.00122092 -0.0128874 -0.0270668
v 0.00141421 -0.0122021 -0.0274062
v 0.00141421 -0.0128952 -0.0270836
v 0.00150621 -0.0128874 -0.0270878
v 0.00150621 0.0217984 -0.0210957
v 0.00150223 0.0218023 -0.0210957
v 1.48714e-07 0.0218023 0.0128076
v 8.78943e-10 0.0186344 0.0126065
v 8.78943e-10 -0.0166543 -0.0237398
v 0.000707106 -0.0175706 -0.0239493
v 0.000778466 -0.0178251 -0.0238445
v 0.000707106 -0.0182011 -0.023459
v 0.000778466 -0.0166269 -0.0246951
v 0.000857049 -0.0182011 -0.0236224
v 0.000803087 -0.0182011 -0.0235721
v 0.000857049 -0.015417 -0.0255332
v 0.000857049 -0.0141365 -0.0262623
v 0.000941678 -0.01416 -0.0263084
v 0.000941678 -0.0128443 -0.0269746
v 0.000941678 -0.0114973 -0.027578
v 0.00103147 -0.0115129 -0.0276157
v 0.00112509 -0.0115286 -0.0276493
v 0.00122107 -0.0115364 -0.0276702
v 0.00150621 -0.0122021 -0.0274062
v 0.00131779 -0.0115404 -0.0276828
v 0.00141421 -0.0115443 -0.027687
v 0.00150621 -0.0115482 -0.027687
v 0.00150621 0.0206471 -0.022181
v 0.00149648 0.0218023 -0.0210957
v 0.0013834 0.020933 -0.021917
v 8.78943e-10 0.0218023 0.00551656
v 8.78943e-10 0.0216848 0.00598587
v 8.78943e-10 0.0212502 0.00738541
v 8.78943e-10 0.0207254 0.00875143
v 8.78943e-10 0.0201146 0.0100797
v 8.78943e-10 0.0194137 0.0113661
v 8.78943e-10 -0.0158399 -0.0242887
v 0.000707106 -0.0161805 -0.024913
v 0.000778466 -0.0182011 -0.023547
v 0.000778466 -0.0153856 -0.0254829
v 0.000778466 -0.0141091 -0.026212
v 0.000857049 -0.0128247 -0.0269285
v 0.000857049 -0.0114777 -0.0275319
v 0.000857049 -0.0101072 -0.0280641
v 0.000941678 -0.0101229 -0.0281102
v 0.00103147 -0.0101385 -0.0281521
v 0.00112509 -0.0101503 -0.0281856
v 0.00122107 -0.0101581 -0.0282066
v 0.00131794 -0.010162 -0.0282191
v 0.00141421 -0.010162 -0.0282233
v 0.00150621 -0.0101698 -0.0282233
v 0.00149456 0.0206471 -0.022181
v 0.00150621 0.0193628 -0.0232579
v 0.00148454 0.0193667 -0.0232579
v 0.00138797 0.0218023 -0.0210748
v 0.00137485 0.0195899 -0.0230693
v 0.00127031 0.0209212 -0.0219002
v 8.78943e-10 0.0218023 -0.00559598
v 8.78943e-10 -0.014579 -0.0250681
v 0.000707106 -0.0147317 -0.025793
v 0.000707106 -0.0132359 -0.0265933
v 0.000778466 -0.0127973 -0.0268782
v 8.78943e-10 -0.0141913 -0.025286
v 8.78943e-10 -0.0132868 -0.0257762
v 0.000778466 -0.0114542 -0.0274775
v 0.000778466 -0.0100876 -0.0280096
v 0.000857049 -0.00870927 -0.0285292
v 0.000941678 -0.00872102 -0.0285795
v 0.00103147 -0.00873668 -0.0286172
v 0.00112509 -0.00874451 -0.0286507
v 0.00122107 -0.00875234 -0.0286717
v 0.00131794 -0.00875626 -0.0286884
v 0.00141421 -0.00896771 -0.0286256
v 0.00150621 -0.00897554 -0.0286256
v 0.00150621 0.0182938 -0.0240624
v 0.0014754 0.0182977 -0.0240624
v 0.00136526 0.0181802 -0.0241336
v 0.00125645 0.0181724 -0.0241211
v 0.001274 0.0218023 -0.0210454
v 0.00126383 0.0195781 -0.0230526
v 0.00115885 0.0209016 -0.0218751
v 0.00124038 0.0218023 -0.0210329
v 0.00115413 0.0195625 -0.0230274
v 1.48714e-07 0.0218023 -0.0160506
v 8.78943e-10 0.0213833 -0.00699971
v 8.78943e-10 -0.0115795 -0.0265849
v 0.000707106 -0.0116892 -0.0273057
v 8.78943e-10 -0.0106358 -0.0269746
v 0.000707106 -0.0101072 -0.0279342
v 0.000778466 -0.00868969 -0.0284747
v 0.000778466 -0.0072761 -0.0288686
v 0.000857049 -0.00728785 -0.0289231
v 0.000941678 -0.0072996 -0.0289734
v 0.00103147 -0.00731135 -0.0290153
v 0.00112509 -0.00731918 -0.0290446
v 0.00122107 -0.00732701 -0.0290697
v 0.00131794 -0.00733092 -0.0290823
v 0.00141421 -0.00875626 -0.0286926
v 0.00150621 -0.00874843 -0.0286926
v 0.00150621 0.0180001 -0.0242719
v 0.00147289 0.0180001 -0.0242719
v 0.00135524 0.0167157 -0.0251142
v 0.00124879 0.016704 -0.0251016
v 0.00114367 0.0166922 -0.0250764
v 0.00114897 0.0181567 -0.0240959
v 0.00105108 0.0208703 -0.0218416
v 0.00113128 0.0218023 -0.0209826
v 0.00116151 0.0218023 -0.0209993
v 0.00104813 0.0195351 -0.0229939
v 8.78943e-10 0.0139512 -0.0176471
v 8.78943e-10 0.0150711 -0.0167043
v 8.78943e-10 0.0161244 -0.0156861
v 8.78943e-10 0.0171112 -0.014605
v 8.78943e-10 0.0180236 -0.0134611
v 8.78943e-10 0.0188615 -0.0122627
v 8.78943e-10 0.0196173 -0.0110098
v 8.78943e-10 0.0202947 -0.0097108
v 8.78943e-10 0.0208821 -0.00837411
v 2.9655e-07 0.0218023 -0.0191011
v 2.9655e-07 0.0210857 -0.0199057
v 2.9655e-07 0.0198052 -0.0211795
v 2.9655e-07 0.0184504 -0.0223695
v 2.9655e-07 0.017029 -0.0234674
v 8.78943e-10 -0.000200339 -0.0289985
v 8.78943e-10 -0.00883849 -0.0276199
v 0.000707106 -0.00848607 -0.0284664
v 0.000707106 -0.00800443 -0.0286046
v 0.000707106 -0.00683362 -0.0289063
v 0.000778466 -0.00583902 -0.0291913
v 0.000857049 -0.00585077 -0.0292499
v 8.78943e-10 -0.00793787 -0.0278881
v 0.000941678 -0.00586252 -0.029296
v 0.00103147 -0.00587035 -0.0293379
v 0.00112509 -0.00587818 -0.0293714
v 0.00122107 -0.0058821 -0.0293966
v 0.00141421 -0.00733092 -0.0290865
v 0.00131794 -0.00588601 -0.0294092
v 0.00150621 -0.00732309 -0.0290907
v 0.00150621 0.016563 -0.0252189
v 0.00146036 0.0165591 -0.0252189
v 0.00134551 0.0151925 -0.0260109
v 0.00124156 0.0151847 -0.0259941
v 0.00113865 0.0151729 -0.025969
v 0.00103869 0.0151572 -0.0259354
v 0.00104164 0.0166687 -0.0250429
v 0.00104488 0.0181332 -0.0240582
v 0.000949491 0.0208312 -0.0217997
v 0.00105299 0.0218023 -0.0209323
v 0.00094787 0.0194998 -0.0229478
v 0.0009461 0.0181019 -0.0240163
v 0.000528709 0.0218023 -0.0201906
v 0.0007046 0.0208782 -0.0214435
v 0.000772125 0.0207333 -0.0216907
v 0.000705042 0.0196604 -0.022533
v 0.000771831 0.0194097 -0.0228388
v 0.00070519 0.0183721 -0.0235554
v 0.000705042 0.0178239 -0.0239576
v 0.000704894 0.0170211 -0.0245108
v 2.9655e-07 0.0155488 -0.024473
v 2.9655e-07 0.0140217 -0.0253823
v 2.9655e-07 0.0125298 -0.0261491
v 2.9655e-07 0.0110144 -0.0268238
v 2.9655e-07 0.00940109 -0.0274314
v 2.9655e-07 0.00777605 -0.0279342
v 2.9655e-07 0.00615493 -0.0283365
v 2.9655e-07 0.00453381 -0.0286423
v 2.9655e-07 0.00293226 -0.0288477
v 2.9655e-07 0.00135813 -0.028965
v 1.48714e-07 3.27966e-06 -0.0289985
v 0.000707254 3.27966e-06 -0.0297067
v 0.000707254 -5.54566e-05 -0.0297067
v 8.78943e-10 -0.00124585 -0.0289692
v 8.78943e-10 -0.00599174 -0.02837
v 0.000707254 -0.00515377 -0.0292541
v 0.000778466 -0.00439411 -0.0294427
v 0.000857049 -0.00440194 -0.0295013
v 0.000941678 -0.00440977 -0.0295516
v 0.00103147 -0.00441369 -0.0295935
v 0.00112509 -0.00442152 -0.0296271
v 0.00122107 -0.00442152 -0.0296522
v 0.00141421 -0.00588601 -0.0294133
v 0.00131794 -0.00442544 -0.0296648
v 0.00141421 -0.00561974 -0.0294678
v 0.00150621 -0.0058821 -0.0294133
v 0.00144812 0.0150437 -0.0260989
v 0.00150621 0.0150359 -0.0261031
v 0.00133695 0.0136262 -0.0268196
v 0.00123508 0.0136223 -0.0268028
v 0.00113438 0.0136105 -0.0267777
v 0.000943446 0.0151337 -0.0258935
v 0.00103633 0.0135949 -0.0267442
v 0.000942711 0.0135753 -0.0267023
v 0.000944627 0.0166413 -0.0249968
v 0.000856018 0.0207842 -0.0217494
v 0.000856607 0.0218023 -0.0207521
v 0.000930031 0.0218023 -0.0208275
v 0.000950672 0.0218023 -0.0208485
v 0.00102719 0.0218023 -0.0209113
v 0.00085528 0.0194567 -0.0228975
v 0.000854395 0.01661 -0.0249465
v 0.000854691 0.0180627 -0.0239618
v 0.000704011 0.0218023 -0.0205216
v 0.000772568 0.0218023 -0.020639
v 0.000771831 0.0180236 -0.0239032
v 0.000772421 0.0165747 -0.0248837
v 0.000704748 0.0163437 -0.0249465
v 0.000704305 0.0155997 -0.0253991
v 0.000703863 0.0148127 -0.0258474
v 0.000703421 0.0141196 -0.0262162
v 0.000702978 0.013493 -0.0265305
v 0.00070283 0.0133129 -0.0266185
v 0.000704452 0.0116526 -0.0273601
v 0.000705779 0.0100394 -0.0279761
v 0.000706664 0.00840257 -0.0284999
v 0.000707254 0.00673837 -0.0289315
v 0.000707402 0.00505068 -0.0292709
v 0.000778613 0.00349613 -0.0295642
v 0.000707402 0.00334342 -0.0295139
v 0.000707402 0.00167922 -0.0296564
v 0.000778466 0.00175362 -0.0297192
v 0.000778466 3.27966e-06 -0.0297695
v 0.000778466 -0.00146904 -0.0297318
v 8.78943e-10 -0.0030745 -0.0288351
v 0.000707254 -0.00174315 -0.0296522
v 8.78943e-10 -0.00389289 -0.0287345
v 0.000707254 -0.0038459 -0.0294552
v 0.000778466 -0.00293353 -0.0296229
v 0.000857049 -0.00293745 -0.0296815
v 0.000941678 -0.00294528 -0.0297318
v 0.00103147 -0.0029492 -0.0297779
v 0.00112509 -0.00295311 -0.0298072
v 0.00122107 -0.00295311 -0.0298324
v 0.00131794 -0.00295703 -0.0298491
v 0.00150621 -0.00561974 -0.0294678
v 0.00141421 -0.00442544 -0.029669
v 0.00150621 -0.00443718 -0.029669
v 0.00143869 0.0136888 -0.0267944
v 0.00150621 0.013681 -0.0267986
v 0.00142881 0.0120246 -0.0275445
v 0.00133002 0.0120207 -0.0275403
v 0.00122992 0.0120129 -0.0275235
v 0.00113099 0.0120051 -0.0275026
v 0.00103456 0.0119933 -0.0274691
v 0.000854543 0.0151063 -0.0258433
v 0.000854985 0.0135518 -0.026652
v 0.000942267 0.0119737 -0.0274272
v 0.000855722 0.0119542 -0.0273769
v 0.000773306 0.0150711 -0.0257846
v 0.000774485 0.0135244 -0.0265933
v 0.000775812 0.0119307 -0.0273182
v 0.000777139 0.0103017 -0.0279551
v 0.000778024 0.00863751 -0.0284999
v 0.000778466 0.00694591 -0.0289482
v 0.000778761 0.00523081 -0.0293044
v 0.000857197 0.00350396 -0.0296187
v 0.000857049 0.00175754 -0.0297779
v 0.000857345 0.00524256 -0.0293631
v 0.000856901 3.27966e-06 -0.0298282
v 0.000857049 -0.00146904 -0.0297905
v 0.000707254 -0.00345825 -0.0295013
v 0.000941678 -0.00147296 -0.0298449
v 0.00103147 -0.00147687 -0.0298868
v 0.00112509 -0.00147687 -0.0299204
v 0.00122107 -0.00147687 -0.0299413
v 0.00131794 -0.00147687 -0.0299581
v 0.00141421 -0.00295703 -0.0298533
v 0.00150621 -0.00440586 -0.0296731
v 0.00150621 0.012009 -0.0275487
v 0.00150621 0.0102939 -0.0282066
v 0.00142026 0.0103135 -0.0281982
v 0.00132486 0.0103761 -0.028173
v 0.00122623 0.0103722 -0.0281563
v 0.00112848 0.0103644 -0.0281353
v 0.00103338 0.0103526 -0.0281018
v 0.000942119 0.0103369 -0.0280599
v 0.000856312 0.0103213 -0.0280096
v 0.000856901 0.00865318 -0.0285543
v 0.000857197 0.00695766 -0.0290069
v 0.000941973 0.00351179 -0.029669
v 0.000941825 0.00176145 -0.0298282
v 0.000942119 0.00525039 -0.0294133
v 0.000942119 0.0069694 -0.0290572
v 0.000941678 3.27966e-06 -0.0298785
v 0.00103147 3.27966e-06 -0.0299204
v 0.00112509 3.27966e-06 -0.0299539
v 0.00122107 3.27966e-06 -0.029979
v 0.00131808 3.27966e-06 -0.0299916
v 0.00141451 3.27966e-06 -0.03
v 0.00141421 -0.00147687 -0.0299623
v 0.00150621 -0.00147687 -0.0299623
v 0.00150621 -0.00295311 -0.0298533
v 0.00150621 0.00855528 -0.0287639
v 0.00141392 0.00857486 -0.0287597
v 0.00132147 0.00870017 -0.0287178
v 0.00122372 0.00869625 -0.028701
v 0.00112701 0.00868842 -0.0286801
v 0.00103265 0.00868059 -0.0286465
v 0.000942119 0.00866884 -0.0286046
v 0.00103191 0.00351571 -0.029715
v 0.00103176 0.00176537 -0.0298701
v 0.0010322 0.00698115 -0.0290991
v 0.00103206 0.00525822 -0.0294552
v 0.00112538 0.00176537 -0.0299036
v 0.00122136 0.00176537 -0.0299287
v 0.00131838 0.00176928 -0.0299413
v 0.00150621 3.27966e-06 -0.03
v 0.00141333 0.00171055 -0.0299497
v 0.00150621 0.00682452 -0.0292122
v 0.00131971 0.00699681 -0.0291703
v 0.0012224 0.0069929 -0.0291536
v 0.00112612 0.00698898 -0.0291326
v 0.00112553 0.00351963 -0.0297486
v 0.00112568 0.00526213 -0.0294888
v 0.00122151 0.00352354 -0.0297695
v 0.00131853 0.00352354 -0.0297863
v 0.00141112 0.00329643 -0.0298156
v 0.00150621 0.00171055 -0.0299497
v 0.00150621 0.00330034 -0.0298156
v 0.00150621 0.00680494 -0.0292164
v 0.00141038 0.00682452 -0.0292122
v 0.00131882 0.00526997 -0.0295265
v 0.00122181 0.00526605 -0.0295139
v 0.00140964 0.00506243 -0.0295684
v 0.00150621 0.0050546 -0.0295684
f 867 868 869
f 867 869 870
f 867 870 878
f 867 878 871
f 867 871 879
f 867 879 889
f 867 889 900
f 867 900 913
f 867 913 933
f 867 933 960
f 867 960 936
f 867 936 935
f 867 935 917
f 867 917 906
f 867 906 894
f 867 894 884
f 867 884 883
f 867 883 880
f 867 880 872
f 867 872 868
f 868 872 873
f 868 873 874
f 868 874 869
f 869 874 875
f 869 875 876
f 869 876 877
f 869 877 878
f 869 878 870
f 871 878 877
f 871 877 876
f 871 876 887
f 871 887 897
f 871 897 909
f 871 909 925
f 871 925 945
f 871 945 948
f 871 948 972
f 871 972 995
f 871 995 1020
f 871 1020 1059
f 871 1059 1105
f 871 1105 1155
f 871 1155 1157
f 871 1157 1188
f 871 1188 1212
f 871 1212 1211
f 871 1211 1227
f 871 1227 1238
f 871 1238 1239
f 871 1239 1245
f 871 1245 1240
f 871 1240 1229
f 871 1229 1213
f 871 1213 1190
f 871 1190 1189
f 871 1189 1159
f 871 1159 1107
f 871 1107 1060
f 871 1060 1021
f 871 1021 996
f 871 996 974
f 871 974 949
f 871 949 926
f 871 926 910
f 871 910 898
f 871 898 888
f 871 888 879
f 872 880 873
f 873 881 891
f 873 891 882
f 873 882 874
f 873 880 883
f 873 883 884
f 873 884 881
f 874 882 893
f 874 893 885
f 874 885 886
f 874 886 875
f 875 886 876
f 876 886 887
f 879 888 889
f 881 890 902
f 881 902 891
f 881 884 890
f 882 891 892
f 882 892 893
f 884 894 890
f 885 893 905
f 885 905 895
f 885 895 896
f 885 896 886
f 886 896 897
f 886 897 887
f 888 898 889
f 889 899 911
f 889 911 928
f 889 928 912
f 889 912 900
f 889 898 899
f 890 901 902
f 890 894 901
f 891 902 892
f 892 902 903
f 892 903 919
f 892 919 904
f 892 904 893
f 893 904 905
f 894 906 901
f 895 905 922
f 895 922 907
f 895 907 908
f 895 908 896
f 896 908 897
f 897 908 909
f 898 910 927
f 898 927 950
f 898 950 976
f 898 976 1000
f 898 1000 1003
f 898 1003 1029
f 898 1029 1028
f 898 1028 1069
f 898 1069 1119
f 898 1119 1118
f 898 1118 1117
f 898 1117 1116
f 898 1116 1124
f 898 1124 1123
f 898 1123 1072
f 898 1072 1040
f 898 1040 1005
f 898 1005 979
f 898 979 952
f 898 952 928
f 898 928 911
f 898 911 899
f 900 912 929
f 900 929 957
f 900 957 956
f 900 956 955
f 900 955 954
f 900 954 953
f 900 953 952
f 900 952 979
f 900 979 1006
f 900 1006 1039
f 900 1039 1038
f 900 1038 1037
f 900 1037 1036
f 900 1036 1035
f 900 1035 1034
f 900 1034 1033
f 900 1033 1032
f 900 1032 1031
f 900 1031 1045
f 900 1045 1093
f 900 1093 1144
f 900 1144 1146
f 900 1146 1094
f 900 1094 1052
f 900 1052 1046
f 900 1046 1009
f 900 1009 1007
f 900 1007 985
f 900 985 984
f 900 984 980
f 900 980 958
f 900 958 930
f 900 930 913
f 901 914 915
f 901 915 916
f 901 916 902
f 901 906 917
f 901 917 914
f 902 916 918
f 902 918 903
f 903 918 919
f 904 919 920
f 904 920 921
f 904 921 922
f 904 922 905
f 907 923 924
f 907 924 908
f 907 922 923
f 908 924 925
f 908 925 909
f 910 926 927
f 912 928 929
f 913 930 931
f 913 931 932
f 913 932 933
f 914 934 915
f 914 917 935
f 914 935 936
f 914 936 932
f 914 932 934
f 915 934 937
f 915 937 918
f 915 918 916
f 918 937 938
f 918 938 939
f 918 939 919
f 919 939 920
f 920 939 940
f 920 940 941
f 920 941 942
f 920 942 943
f 920 943 921
f 921 943 922
f 922 943 944
f 922 944 923
f 923 945 925
f 923 925 924
f 923 944 946
f 923 946 947
f 923 947 948
f 923 948 945
f 926 949 927
f 927 949 951
f 927 951 950
f 928 952 953
f 928 953 954
f 928 954 955
f 928 955 956
f 928 956 957
f 928 957 929
f 930 958 959
f 930 959 934
f 930 934 931
f 931 934 932
f 932 936 960
f 932 960 933
f 934 959 961
f 934 961 937
f 937 961 962
f 937 962 938
f 938 962 983
f 938 983 963
f 938 963 939
f 939 963 940
f 940 963 964
f 940 964 941
f 941 964 965
f 941 965 966
f 941 966 967
f 941 967 942
f 942 967 943
f 943 967 968
f 943 968 969
f 943 969 944
f 944 969 946
f 946 969 970
f 946 970 947
f 947 970 971
f 947 971 972
f 947 972 948
f 949 973 951
f 949 974 975
f 949 975 973
f 950 951 976
f 951 973 977
f 951 977 978
f 951 978 976
f 958 980 959
f 959 980 961
f 961 980 981
f 961 981 962
f 962 982 983
f 962 981 984
f 962 984 985
f 962 985 982
f 963 983 964
f 964 986 987
f 964 987 965
f 964 983 986
f 965 988 989
f 965 989 966
f 965 987 1011
f 965 1011 988
f 966 989 967
f 967 989 990
f 967 990 968
f 968 990 991
f 968 991 992
f 968 992 969
f 969 992 993
f 969 993 970
f 970 993 994
f 970 994 971
f 971 994 995
f 971 995 972
f 973 975 977
f 974 996 975
f 975 997 998
f 975 998 999
f 975 999 977
f 975 996 997
f 976 978 1000
f 977 999 1001
f 977 1001 978
f 978 1002 1003
f 978 1003 1000
f 978 1001 1004
f 978 1004 1002
f 979 1005 1006
f 980 984 981
f 982 985 1007
f 982 1007 983
f 983 1007 1008
f 983 1008 986
f 986 1008 1009
f 986 1009 1010
f 986 1010 987
f 987 1010 1011
f 988 1011 1012
f 988 1012 1013
f 988 1013 1014
f 988 1014 989
f 989 1014 1015
f 989 1015 990
f 990 1015 991
f 991 1015 1016
f 991 1016 1017
f 991 1017 992
f 992 1017 993
f 993 1017 1018
f 993 1018 1057
f 993 1057 1019
f 993 1019 994
f 994 1019 995
f 995 1019 1020
f 996 1021 997
f 997 1021 1022
f 997 1022 998
f 998 1022 1023
f 998 1023 999
f 999 1023 1024
f 999 1024 1025
f 999 1025 1026
f 999 1026 1004
f 999 1004 1001
f 1002 1027 1028
f 1002 1028 1029
f 1002 1029 1003
f 1002 1004 1030
f 1002 1030 1027
f 1004 1026 1030
f 1005 1031 1032
f 1005 1032 1033
f 1005 1033 1034
f 1005 1034 1035
f 1005 1035 1036
f 1005 1036 1037
f 1005 1037 1038
f 1005 1038 1039
f 1005 1039 1006
f 1005 1040 1041
f 1005 1041 1042
f 1005 1042 1043
f 1005 1043 1044
f 1005 1044 1045
f 1005 1045 1031
f 1007 1009 1008
f 1009 1046 1010
f 1010 1046 1011
f 1011 1047 1048
f 1011 1048 1012
f 1011 1046 1047
f 1012 1049 1050
f 1012 1050 1051
f 1012 1051 1013
f 1012 1048 1052
f 1012 1052 1049
f 1013 1051 1014
f 1014 1051 1053
f 1014 1053 1015
f 1015 1053 1054
f 1015 1054 1055
f 1015 1055 1016
f 1016 1055 1017
f 1017 1055 1056
f 1017 1056 1058
f 1017 1058 1018
f 1018 1058 1102
f 1018 1102 1057
f 1019 1057 1059
f 1019 1059 1020
f 1021 1060 1022
f 1022 1060 1023
f 1023 1060 1061
f 1023 1061 1062
f 1023 1062 1024
f 1024 1062 1063
f 1024 1063 1025
f 1025 1063 1064
f 1025 1064 1065
f 1025 1065 1066
f 1025 1066 1026
f 1026 1066 1067
f 1026 1067 1030
f 1027 1068 1069
f 1027 1069 1028
f 1027 1030 1068
f 1030 1070 1068
f 1030 1067 1071
f 1030 1071 1070
f 1040 1072 1041
f 1041 1072 1073
f 1041 1073 1042
f 1042 1073 1074
f 1042 1074 1075
f 1042 1075 1043
f 1043 1075 1076
f 1043 1076 1077
f 1043 1077 1044
f 1044 1077 1078
f 1044 1078 1079
f 1044 1079 1080
f 1044 1080 1045
f 1045 1080 1081
f 1045 1081 1082
f 1045 1082 1083
f 1045 1083 1084
f 1045 1084 1085
f 1045 1085 1086
f 1045 1086 1087
f 1045 1087 1088
f 1045 1088 1089
f 1045 1089 1090
f 1045 1090 1091
f 1045 1091 1092
f 1045 1092 1093
f 1046 1052 1047
f 1047 1052 1048
f 1049 1052 1094
f 1049 1094 1050
f 1050 1095 1096
f 1050 1096 1051
f 1050 1094 1095
f 1051 1096 1097
f 1051 1097 1098
f 1051 1098 1053
f 1053 1098 1054
f 1054 1098 1099
f 1054 1099 1100
f 1054 1100 1055
f 1055 1100 1056
f 1056 1100 1101
f 1056 1101 1103
f 1056 1103 1058
f 1057 1102 1059
f 1058 1103 1104
f 1058 1104 1102
f 1059 1102 1105
f 1060 1106 1062
f 1060 1062 1061
f 1060 1107 1106
f 1062 1106 1108
f 1062 1108 1109
f 1062 1109 1063
f 1063 1109 1064
f 1064 1109 1110
f 1064 1110 1065
f 1065 1111 1066
f 1065 1110 1112
f 1065 1112 1113
f 1065 1113 1111
f 1066 1114 1071
f 1066 1071 1067
f 1066 1111 1114
f 1068 1115 1116
f 1068 1116 1117
f 1068 1117 1118
f 1068 1118 1119
f 1068 1119 1069
f 1068 1070 1120
f 1068 1120 1115
f 1070 1071 1120
f 1071 1114 1121
f 1071 1121 1122
f 1071 1122 1120
f 1072 1123 1073
f 1073 1123 1124
f 1073 1124 1074
f 1074 1116 1115
f 1074 1115 1076
f 1074 1076 1075
f 1074 1124 1116
f 1076 1115 1120
f 1076 1120 1125
f 1076 1125 1077
f 1077 1125 1078
f 1078 1125 1079
f 1079 1126 1127
f 1079 1127 1080
f 1079 1125 1121
f 1079 1121 1126
f 1080 1127 1128
f 1080 1128 1081
f 1081 1128 1129
f 1081 1129 1130
f 1081 1130 1082
f 1082 1130 1131
f 1082 1131 1132
f 1082 1132 1133
f 1082 1133 1083
f 1083 1133 1134
f 1083 1134 1084
f 1084 1134 1135
f 1084 1135 1085
f 1085 1135 1136
f 1085 1136 1086
f 1086 1136 1137
f 1086 1137 1087
f 1087 1137 1138
f 1087 1138 1139
f 1087 1139 1088
f 1088 1139 1140
f 1088 1140 1089
f 1089 1140 1091
f 1089 1091 1090
f 1091 1140 1141
f 1091 1141 1142
f 1091 1142 1092
f 1092 1142 1143
f 1092 1143 1093
f 1093 1143 1145
f 1093 1145 1144
f 1094 1146 1095
f 1095 1146 1147
f 1095 1147 1096
f 1096 1147 1148
f 1096 1148 1097
f 1097 1148 1149
f 1097 1149 1150
f 1097 1150 1098
f 1098 1150 1151
f 1098 1151 1099
f 1099 1151 1100
f 1100 1151 1152
f 1100 1152 1153
f 1100 1153 1101
f 1101 1153 1154
f 1101 1154 1103
f 1102 1104 1155
f 1102 1155 1105
f 1103 1156 1104
f 1103 1154 1187
f 1103 1187 1156
f 1104 1156 1157
f 1104 1157 1155
f 1106 1107 1158
f 1106 1158 1108
f 1107 1159 1158
f 1108 1158 1160
f 1108 1160 1161
f 1108 1161 1109
f 1109 1161 1162
f 1109 1162 1163
f 1109 1163 1110
f 1110 1163 1164
f 1110 1164 1112
f 1111 1165 1114
f 1111 1113 1166
f 1111 1166 1165
f 1112 1164 1113
f 1113 1164 1167
f 1113 1167 1168
f 1113 1168 1166
f 1114 1165 1121
f 1120 1122 1125
f 1121 1165 1169
f 1121 1169 1128
f 1121 1128 1126
f 1121 1125 1122
f 1126 1128 1127
f 1128 1169 1129
f 1129 1169 1130
f 1130 1170 1131
f 1130 1169 1165
f 1130 1165 1170
f 1131 1170 1132
f 1132 1170 1171
f 1132 1171 1133
f 1133 1171 1172
f 1133 1172 1134
f 1134 1172 1173
f 1134 1173 1135
f 1135 1173 1174
f 1135 1174 1136
f 1136 1174 1175
f 1136 1175 1137
f 1137 1175 1138
f 1138 1176 1177
f 1138 1177 1141
f 1138 1141 1139
f 1138 1175 1178
f 1138 1178 1176
f 1139 1141 1140
f 1141 1177 1142
f 1142 1177 1179
f 1142 1179 1143
f 1143 1179 1180
f 1143 1180 1149
f 1143 1149 1148
f 1143 1148 1145
f 1144 1145 1148
f 1144 1148 1181
f 1144 1181 1147
f 1144 1147 1146
f 1147 1181 1148
f 1149 1180 1182
f 1149 1182 1150
f 1150 1182 1151
f 1151 1182 1183
f 1151 1183 1184
f 1151 1184 1152
f 1152 1184 1153
f 1153 1184 1185
f 1153 1185 1154
f 1154 1185 1186
f 1154 1186 1210
f 1154 1210 1187
f 1156 1188 1157
f 1156 1187 1188
f 1158 1159 1160
f 1159 1189 1160
f 1160 1190 1191
f 1160 1191 1192
f 1160 1192 1161
f 1160 1189 1190
f 1161 1192 1193
f 1161 1193 1162
f 1162 1193 1163
f 1163 1193 1194
f 1163 1194 1164
f 1164 1194 1195
f 1164 1195 1196
f 1164 1196 1167
f 1165 1166 1170
f 1166 1168 1171
f 1166 1171 1170
f 1167 1196 1197
f 1167 1197 1168
f 1168 1197 1172
f 1168 1172 1171
f 1172 1197 1173
f 1173 1198 1199
f 1173 1199 1174
f 1173 1197 1198
f 1174 1199 1178
f 1174 1178 1175
f 1176 1178 1202
f 1176 1202 1200
f 1176 1200 1177
f 1177 1201 1179
f 1177 1200 1201
f 1178 1199 1203
f 1178 1203 1202
f 1179 1201 1204
f 1179 1204 1182
f 1179 1182 1180
f 1182 1204 1183
f 1183 1204 1205
f 1183 1205 1206
f 1183 1206 1184
f 1184 1206 1207
f 1184 1207 1185
f 1185 1207 1186
f 1186 1207 1208
f 1186 1208 1209
f 1186 1209 1210
f 1187 1210 1211
f 1187 1211 1212
f 1187 1212 1188
f 1190 1213 1214
f 1190 1214 1215
f 1190 1215 1191
f 1191 1215 1192
f 1192 1215 1193
f 1193 1215 1216
f 1193 1216 1194
f 1194 1216 1217
f 1194 1217 1218
f 1194 1218 1195
f 1195 1218 1219
f 1195 1219 1196
f 1196 1219 1197
f 1197 1219 1198
f 1198 1219 1199
f 1199 1219 1203
f 1200 1202 1220
f 1200 1220 1201
f 1201 1221 1204
f 1201 1220 1221
f 1202 1203 1222
f 1202 1222 1223
f 1202 1223 1220
f 1203 1219 1222
f 1204 1221 1205
f 1205 1221 1224
f 1205 1224 1206
f 1206 1224 1225
f 1206 1225 1207
f 1207 1225 1226
f 1207 1226 1208
f 1208 1226 1209
f 1209 1227 1211
f 1209 1211 1210
f 1209 1226 1228
f 1209 1228 1238
f 1209 1238 1227
f 1213 1229 1230
f 1213 1230 1214
f 1214 1230 1215
f 1215 1230 1216
f 1216 1230 1231
f 1216 1231 1232
f 1216 1232 1217
f 1217 1232 1218
f 1218 1232 1222
f 1218 1222 1219
f 1220 1223 1234
f 1220 1234 1233
f 1220 1233 1221
f 1221 1233 1224
f 1222 1232 1223
f 1223 1232 1234
f 1224 1233 1225
f 1225 1233 1235
f 1225 1235 1236
f 1225 1236 1226
f 1226 1236 1237
f 1226 1237 1228
f 1228 1237 1239
f 1228 1239 1238
f 1229 1240 1241
f 1229 1241 1230
f 1230 1241 1242
f 1230 1242 1243
f 1230 1243 1231
f 1231 1243 1232
f 1232 1243 1234
f 1233 1234 1243
f 1233 1243 1235
f 1235 1243 1236
f 1236 1239 1237
f 1236 1243 1242
f 1236 1242 1244
f 1236 1244 1239
f 1239 1244 1245
f 1240 1242 1241
f 1240 1245 1244
f 1240 1244 1242
o convex_3
v 0.0223472 0.0273817 -0.00944101
v 0.0223472 0.028994 -3.81667e-06
v 0.0223472 0.0289656 -0.00944101
v 0.0416003 0.0271215 -0.00944101
v 0.0223472 0.0304941 -3.81667e-06
v 0.0416003 0.0287533 -3.81667e-06
v 0.0223472 0.0294004 -0.00794714
v 0.0334033 0.0289656 -0.00944101
v 0.0416003 0.0286979 -0.00944101
v 0.0223472 0.0304634 -0.000801105
v 0.0334033 0.0304938 -3.81667e-06
v 0.0416003 0.0301825 -3.81667e-06
v 0.0223472 0.0296321 -0.00713784
v 0.0334033 0.0296265 -0.00716186
v 0.0382586 0.0295965 -0.00719604
v 0.0382265 0.0289442 -0.00944101
v 0.0416003 0.0287814 -0.00921744
v 0.0404789 0.0288398 -0.00944101
v 0.0223472 0.0303905 -0.00248899
v 0.0334033 0.0303825 -0.00258507
v 0.0336484 0.0304908 -3.81667e-06
v 0.0382944 0.0303413 -0.00246312
v 0.0416003 0.030128 -0.00201598
v 0.0405316 0.0303092 -5.09333e-05
v 0.0410895 0.0302435 -3.81667e-06
v 0.0223472 0.029789 -0.00644772
v 0.0334033 0.0298665 -0.00610404
v 0.0382812 0.0300689 -0.0048439
v 0.0405034 0.029512 -0.0071249
v 0.0404789 0.0288484 -0.00941699
v 0.0399021 0.0288679 -0.00944101
v 0.0416003 0.0287887 -0.00919434
v 0.0223472 0.0303825 -0.00258507
v 0.0334033 0.0301072 -0.00480233
v 0.0223472 0.0302917 -0.00332508
v 0.0382981 0.0304301 -3.81667e-06
v 0.0382981 0.030432 -5.83242e-05
v 0.0405297 0.0302264 -0.00243264
v 0.0405203 0.0299705 -0.00479309
v 0.0416003 0.0301102 -0.00238275
v 0.0405316 0.0303076 -3.81667e-06
v 0.038349 0.0304274 -3.81667e-06
v 0.0223472 0.0298665 -0.00610404
v 0.0223472 0.0300237 -0.00525409
v 0.0416003 0.0297457 -0.00537142
v 0.0416003 0.0295258 -0.00648467
v 0.0416003 0.0294747 -0.00672487
v 0.0416003 0.029407 -0.00701958
v 0.0416003 0.0293347 -0.00730875
v 0.0416003 0.0293165 -0.00737896
v 0.0416003 0.0288847 -0.00887931
v 0.0223472 0.0301118 -0.00477276
v 0.0416003 0.0300709 -0.0029075
v 0.0416003 0.0299474 -0.00404199
v 0.0416003 0.0298685 -0.00469054
f 1246 1247 1250
f 1246 1250 1255
f 1246 1255 1264
f 1246 1264 1278
f 1246 1278 1280
f 1246 1280 1297
f 1246 1297 1289
f 1246 1289 1288
f 1246 1288 1271
f 1246 1271 1258
f 1246 1258 1252
f 1246 1252 1248
f 1246 1248 1253
f 1246 1253 1261
f 1246 1261 1276
f 1246 1276 1263
f 1246 1263 1254
f 1246 1254 1249
f 1246 1249 1247
f 1247 1249 1251
f 1247 1251 1257
f 1247 1257 1270
f 1247 1270 1286
f 1247 1286 1287
f 1247 1287 1281
f 1247 1281 1266
f 1247 1266 1256
f 1247 1256 1250
f 1248 1252 1253
f 1249 1254 1262
f 1249 1262 1277
f 1249 1277 1296
f 1249 1296 1295
f 1249 1295 1294
f 1249 1294 1293
f 1249 1293 1292
f 1249 1292 1291
f 1249 1291 1290
f 1249 1290 1300
f 1249 1300 1299
f 1249 1299 1298
f 1249 1298 1285
f 1249 1285 1268
f 1249 1268 1257
f 1249 1257 1251
f 1250 1256 1255
f 1252 1258 1259
f 1252 1259 1253
f 1253 1259 1260
f 1253 1260 1261
f 1254 1263 1262
f 1255 1256 1265
f 1255 1265 1264
f 1256 1266 1267
f 1256 1267 1265
f 1257 1268 1269
f 1257 1269 1270
f 1258 1271 1259
f 1259 1272 1260
f 1259 1271 1272
f 1260 1272 1273
f 1260 1273 1274
f 1260 1274 1275
f 1260 1275 1276
f 1260 1276 1261
f 1262 1263 1275
f 1262 1275 1277
f 1263 1276 1275
f 1264 1265 1278
f 1265 1267 1273
f 1265 1273 1279
f 1265 1279 1280
f 1265 1280 1278
f 1266 1281 1282
f 1266 1282 1267
f 1267 1282 1283
f 1267 1283 1284
f 1267 1284 1273
f 1268 1285 1283
f 1268 1283 1269
f 1269 1286 1270
f 1269 1283 1282
f 1269 1282 1287
f 1269 1287 1286
f 1271 1288 1272
f 1272 1279 1273
f 1272 1288 1289
f 1272 1289 1279
f 1273 1284 1274
f 1274 1284 1290
f 1274 1290 1291
f 1274 1291 1292
f 1274 1292 1293
f 1274 1293 1294
f 1274 1294 1295
f 1274 1295 1296
f 1274 1296 1275
f 1275 1296 1277
f 1279 1289 1297
f 1279 1297 1280
f 1281 1287 1282
f 1283 1285 1298
f 1283 1298 1284
f 1284 1298 1299
f 1284 1299 1300
f 1284 1300 1290
o convex_4
v 0.0416017 0.0277179 -0.00757141
v 0.0416017 0.0287526 -3.63368e-06
v 0.0416017 0.0292605 -0.00757141
v 0.0525949 0.0229973 -0.00757141
v 0.0544926 0.0229973 -3.63368e-06
v 0.0416017 0.0301827 -3.63368e-06
v 0.0416017 0.0293161 -0.00737879
v 0.0424315 0.0291684 -0.00757141
v 0.05427 0.0229973 -0.00757141
v 0.0559916 0.0229973 -3.63368e-06
v 0.0416017 0.0301278 -0.00201652
v 0.0425964 0.0300652 -3.63368e-06
v 0.0425964 0.0300364 -0.00162906
v 0.0416017 0.0293344 -0.00730841
v 0.0425949 0.029174 -0.00747584
v 0.0425949 0.0291487 -0.00757141
v 0.0543193 0.024445 -0.00757141
v 0.0543488 0.0245244 -0.00751288
v 0.0548673 0.0229973 -0.00626307
v 0.0559535 0.0229973 -0.00118455
v 0.0559916 0.0244998 -3.63368e-06
v 0.0416017 0.0301102 -0.0023825
v 0.0444152 0.0297367 -3.63368e-06
v 0.0425964 0.0300019 -0.00233583
v 0.0443912 0.029672 -0.00233212
v 0.0416017 0.0294068 -0.00701948
v 0.0425949 0.0293119 -0.00692391
v 0.0432303 0.0291374 -0.00719432
v 0.0426527 0.0291388 -0.00757141
v 0.0543193 0.0245244 -0.00757141
v 0.0548264 0.0245209 -0.00637198
v 0.0533359 0.0251575 -0.00757141
v 0.0532584 0.025263 -0.00739509
v 0.0536768 0.025263 -0.00645273
v 0.0551843 0.0245181 -0.00533034
v 0.0554069 0.0244991 -0.00459246
v 0.0555943 0.0229973 -0.00376344
v 0.0558225 0.0245005 -0.00246251
v 0.0559493 0.0244998 -0.00123937
v 0.0552618 0.0250225 -3.63368e-06
v 0.0416017 0.0300708 -0.00290702
v 0.0425964 0.0299259 -0.00334857
v 0.0462072 0.029295 -3.63368e-06
v 0.044363 0.0295827 -0.00349378
v 0.0461635 0.0292324 -0.00233435
v 0.0416017 0.0294744 -0.00672536
v 0.0425964 0.0294406 -0.00636308
v 0.0440841 0.0291374 -0.00649051
v 0.043505 0.0289827 -0.00757141
v 0.0540319 0.025263 -0.00549851
v 0.0531682 0.025263 -0.00757141
v 0.0522666 0.0259777 -0.00691428
v 0.0526568 0.0259777 -0.00603341
v 0.0529893 0.0259777 -0.00514142
v 0.0543996 0.0252039 -0.0045969
v 0.0555943 0.0244998 -0.00376344
v 0.054277 0.025467 -0.00350192
v 0.0556154 0.0244998 -0.00366121
v 0.0544545 0.0254888 -0.0023462
v 0.0545898 0.0255022 -5.85617e-06
v 0.0545898 0.0255022 -3.63368e-06
v 0.0416017 0.029947 -0.00404126
v 0.0425964 0.029774 -0.00459468
v 0.0416017 0.0298683 -0.00469025
v 0.0479696 0.0287442 -3.63368e-06
v 0.0443109 0.0294518 -0.00459616
v 0.0461086 0.0291473 -0.00349526
v 0.0458902 0.0290629 -0.00459468
v 0.0454746 0.0291374 -0.0048199
v 0.0479062 0.0286865 -0.00233657
v 0.0416017 0.0295257 -0.00648458
v 0.0425964 0.0295377 -0.0059045
v 0.043243 0.0294898 -0.00559408
v 0.0438883 0.0294898 -0.00491028
v 0.0448322 0.0291374 -0.00569706
v 0.0457648 0.0287337 -0.00647495
v 0.0449139 0.0287337 -0.00737657
v 0.0446786 0.0287337 -0.00757141
v 0.0540488 0.0254318 -0.00459764
v 0.0525117 0.0256408 -0.00757141
v 0.0519257 0.0259777 -0.00757141
v 0.0517453 0.0260727 -0.00757141
v 0.0512776 0.0266234 -0.00643495
v 0.0516411 0.0266234 -0.00561483
v 0.051951 0.0266234 -0.00478434
v 0.0530654 0.0260354 -0.00459912
v 0.0527371 0.0263955 -0.00350044
v 0.0528935 0.0264356 -0.00234472
v 0.0530133 0.0264637 -6.59693e-06
v 0.0530133 0.0264637 -3.63368e-06
v 0.0416017 0.0297452 -0.00537183
v 0.048212 0.0286521 -3.63368e-06
v 0.0478231 0.0286092 -0.00349674
v 0.0472976 0.028638 -0.00459542
v 0.0464946 0.0287337 -0.00547777
v 0.0496123 0.0280366 -0.00233953
v 0.0450956 0.0286331 -0.00757141
v 0.0466834 0.02828 -0.00724099
v 0.0449561 0.0286682 -0.00757141
v 0.0514776 0.0262119 -0.00757141
v 0.0508662 0.0266234 -0.00722766
v 0.0502646 0.0272227 -0.00594376
v 0.0516833 0.0267965 -0.00459912
v 0.0505999 0.0272227 -0.00518662
v 0.0511452 0.0272305 -0.0034997
v 0.0512776 0.0272846 -0.00234175
v 0.051379 0.0273254 -5.85617e-06
v 0.051379 0.0273254 -3.63368e-06
v 0.0496955 0.0280865 -3.63368e-06
v 0.0496955 0.0280865 -4.37421e-06
v 0.0495039 0.027969 -0.00349748
v 0.0487924 0.028102 -0.00459542
v 0.0481697 0.02828 -0.00492732
v 0.0474991 0.02828 -0.00612601
v 0.0457437 0.0284537 -0.00757141
v 0.0463706 0.02828 -0.00757141
v 0.0478978 0.0277756 -0.00757141
v 0.0470793 0.0280591 -0.00757141
v 0.0509817 0.0264623 -0.00757141
v 0.0506605 0.0266234 -0.00757141
v 0.0497391 0.0270448 -0.00757141
v 0.0498843 0.0272227 -0.00667646
v 0.0492263 0.0277756 -0.00544073
v 0.0501702 0.0275252 -0.00459616
v 0.0484881 0.0277756 -0.00676388
v 0.0487952 0.0274359 -0.00757141
v 0.0495165 0.0271425 -0.00757141
v 0.0494574 0.0272227 -0.0073899
v 0.0493334 0.0272227 -0.00757141
f 1301 1302 1306
f 1301 1306 1311
f 1301 1311 1322
f 1301 1322 1341
f 1301 1341 1362
f 1301 1362 1364
f 1301 1364 1391
f 1301 1391 1371
f 1301 1371 1346
f 1301 1346 1326
f 1301 1326 1314
f 1301 1314 1307
f 1301 1307 1303
f 1301 1303 1308
f 1301 1308 1316
f 1301 1316 1329
f 1301 1329 1349
f 1301 1349 1378
f 1301 1378 1399
f 1301 1399 1397
f 1301 1397 1415
f 1301 1415 1416
f 1301 1416 1418
f 1301 1418 1417
f 1301 1417 1426
f 1301 1426 1429
f 1301 1429 1427
f 1301 1427 1421
f 1301 1421 1420
f 1301 1420 1419
f 1301 1419 1400
f 1301 1400 1382
f 1301 1382 1381
f 1301 1381 1380
f 1301 1380 1351
f 1301 1351 1332
f 1301 1332 1330
f 1301 1330 1317
f 1301 1317 1309
f 1301 1309 1304
f 1301 1304 1305
f 1301 1305 1302
f 1302 1305 1310
f 1302 1310 1321
f 1302 1321 1340
f 1302 1340 1361
f 1302 1361 1390
f 1302 1390 1408
f 1302 1408 1409
f 1302 1409 1392
f 1302 1392 1365
f 1302 1365 1343
f 1302 1343 1323
f 1302 1323 1312
f 1302 1312 1306
f 1303 1307 1308
f 1304 1309 1319
f 1304 1319 1337
f 1304 1337 1320
f 1304 1320 1310
f 1304 1310 1305
f 1306 1312 1313
f 1306 1313 1311
f 1307 1314 1315
f 1307 1315 1308
f 1308 1315 1316
f 1309 1317 1318
f 1309 1318 1319
f 1310 1320 1321
f 1311 1313 1322
f 1312 1323 1313
f 1313 1324 1322
f 1313 1323 1325
f 1313 1325 1324
f 1314 1326 1315
f 1315 1326 1327
f 1315 1327 1328
f 1315 1328 1329
f 1315 1329 1316
f 1317 1330 1318
f 1318 1331 1319
f 1318 1330 1332
f 1318 1332 1333
f 1318 1333 1334
f 1318 1334 1331
f 1319 1331 1335
f 1319 1335 1336
f 1319 1336 1337
f 1320 1338 1339
f 1320 1339 1321
f 1320 1337 1338
f 1321 1339 1340
f 1322 1324 1342
f 1322 1342 1341
f 1323 1343 1325
f 1324 1325 1342
f 1325 1344 1342
f 1325 1343 1345
f 1325 1345 1344
f 1326 1346 1347
f 1326 1347 1327
f 1327 1347 1328
f 1328 1348 1349
f 1328 1349 1329
f 1328 1347 1348
f 1331 1334 1350
f 1331 1350 1335
f 1332 1351 1333
f 1333 1351 1352
f 1333 1352 1334
f 1334 1352 1353
f 1334 1353 1354
f 1334 1354 1350
f 1335 1350 1355
f 1335 1355 1336
f 1336 1356 1337
f 1336 1355 1357
f 1336 1357 1356
f 1337 1356 1358
f 1337 1358 1338
f 1338 1358 1359
f 1338 1359 1339
f 1339 1359 1360
f 1339 1360 1340
f 1340 1360 1361
f 1341 1342 1362
f 1342 1363 1364
f 1342 1364 1362
f 1342 1344 1363
f 1343 1365 1345
f 1344 1366 1363
f 1344 1345 1367
f 1344 1367 1368
f 1344 1368 1369
f 1344 1369 1366
f 1345 1365 1370
f 1345 1370 1367
f 1346 1371 1347
f 1347 1371 1372
f 1347 1372 1373
f 1347 1373 1348
f 1348 1373 1374
f 1348 1374 1375
f 1348 1375 1376
f 1348 1376 1377
f 1348 1377 1378
f 1348 1378 1349
f 1350 1354 1379
f 1350 1379 1355
f 1351 1380 1352
f 1352 1381 1382
f 1352 1382 1383
f 1352 1383 1384
f 1352 1384 1353
f 1352 1380 1381
f 1353 1384 1385
f 1353 1385 1354
f 1354 1386 1379
f 1354 1385 1386
f 1355 1379 1357
f 1356 1357 1358
f 1357 1359 1358
f 1357 1379 1386
f 1357 1386 1387
f 1357 1387 1388
f 1357 1388 1359
f 1359 1388 1389
f 1359 1389 1360
f 1360 1389 1390
f 1360 1390 1361
f 1363 1366 1374
f 1363 1374 1373
f 1363 1373 1372
f 1363 1372 1364
f 1364 1372 1391
f 1365 1392 1370
f 1366 1369 1375
f 1366 1375 1374
f 1367 1370 1393
f 1367 1393 1394
f 1367 1394 1368
f 1368 1394 1395
f 1368 1395 1369
f 1369 1395 1376
f 1369 1376 1375
f 1370 1392 1396
f 1370 1396 1393
f 1371 1391 1372
f 1376 1397 1377
f 1376 1395 1398
f 1376 1398 1397
f 1377 1397 1399
f 1377 1399 1378
f 1382 1400 1401
f 1382 1401 1383
f 1383 1401 1402
f 1383 1402 1384
f 1384 1403 1385
f 1384 1402 1404
f 1384 1404 1403
f 1385 1403 1387
f 1385 1387 1386
f 1387 1403 1405
f 1387 1405 1406
f 1387 1406 1388
f 1388 1406 1407
f 1388 1407 1389
f 1389 1407 1408
f 1389 1408 1390
f 1392 1409 1410
f 1392 1410 1396
f 1393 1396 1411
f 1393 1411 1412
f 1393 1412 1413
f 1393 1413 1394
f 1394 1413 1414
f 1394 1414 1395
f 1395 1414 1398
f 1396 1410 1406
f 1396 1406 1405
f 1396 1405 1411
f 1397 1398 1415
f 1398 1416 1415
f 1398 1414 1417
f 1398 1417 1418
f 1398 1418 1416
f 1400 1419 1401
f 1401 1419 1420
f 1401 1420 1421
f 1401 1421 1422
f 1401 1422 1402
f 1402 1422 1423
f 1402 1423 1404
f 1403 1404 1424
f 1403 1424 1405
f 1404 1423 1424
f 1405 1424 1411
f 1406 1410 1407
f 1407 1410 1409
f 1407 1409 1408
f 1411 1424 1412
f 1412 1424 1423
f 1412 1423 1413
f 1413 1425 1414
f 1413 1423 1425
f 1414 1425 1417
f 1417 1425 1426
f 1421 1427 1428
f 1421 1428 1422
f 1422 1428 1425
f 1422 1425 1423
f 1425 1428 1426
f 1426 1428 1429
f 1427 1429 1428
o convex_5
v 0.0416016 0.0277192 0.00756808
v 0.0416016 0.0229966 0.0160747
v 0.0416016 0.0292558 0.00756808
v 0.0525975 0.0229966 0.00756808
v 0.0416016 0.0229966 0.017611
v 0.0416016 0.0291951 0.00778375
v 0.0425954 0.0288943 0.00845833
v 0.0425954 0.02914 0.00758383
v 0.0425718 0.0291467 0.00756808
v 0.054272 0.0229966 0.00756808
v 0.0416016 0.0229997 0.0176277
v 0.0441046 0.0229966 0.0169256
v 0.0416016 0.0288808 0.00887194
v 0.0425966 0.0286823 0.00913882
v 0.044127 0.0282736 0.00948842
v 0.0428873 0.0290903 0.00756808
v 0.0426252 0.0291387 0.00756808
v 0.0425954 0.0291436 0.00756808
v 0.0542857 0.023787 0.00756808
v 0.0537863 0.0229966 0.00863264
v 0.0416016 0.0245014 0.0176277
v 0.0431581 0.0245001 0.0172378
v 0.0425954 0.024502 0.0173953
v 0.0443319 0.0245001 0.0168419
v 0.0441046 0.0245001 0.0169256
v 0.0464847 0.0229966 0.0158669
v 0.045476 0.0245001 0.0163662
v 0.0416016 0.0287681 0.00923336
v 0.0425978 0.0283453 0.0101207
v 0.0429034 0.0282736 0.0101748
v 0.0416016 0.0285898 0.00975432
v 0.0452561 0.0282736 0.00865627
v 0.0443444 0.0287809 0.00756808
v 0.0453891 0.0272149 0.0114423
v 0.0542906 0.0245001 0.00756808
v 0.0538571 0.0245001 0.00850166
v 0.0532335 0.0245001 0.00957509
v 0.0523752 0.0229966 0.0108218
v 0.0416016 0.0256961 0.0158246
v 0.0425966 0.0247085 0.0171038
v 0.0425991 0.0255742 0.0158039
v 0.0436823 0.0246343 0.0168813
v 0.044876 0.0259687 0.0142696
v 0.0430525 0.0259687 0.0150121
v 0.0457319 0.0246343 0.0160462
v 0.0486846 0.0229966 0.0144764
v 0.0477604 0.0245001 0.0151155
v 0.047035 0.0245001 0.0155597
v 0.0465903 0.0245001 0.0158098
v 0.0458102 0.0245001 0.0162087
v 0.0425978 0.0277663 0.0115959
v 0.0416016 0.0278889 0.0115919
v 0.0439121 0.0272149 0.0122705
v 0.0467493 0.0272149 0.0104388
v 0.046271 0.0282736 0.00769118
v 0.0459145 0.0283937 0.00756808
v 0.0465927 0.0259687 0.0133065
v 0.0481741 0.0259687 0.0121405
v 0.0540869 0.0246343 0.00756808
v 0.0536285 0.0246343 0.00854598
v 0.052595 0.0245001 0.0105215
v 0.0518982 0.0259687 0.00759959
v 0.0508485 0.0259687 0.00926291
v 0.0524497 0.0246343 0.0104161
v 0.0525379 0.0245001 0.0106012
v 0.0523752 0.0245001 0.0108218
v 0.0522323 0.0245001 0.0110089
v 0.0514361 0.0245001 0.0119662
v 0.0506622 0.0229966 0.0127826
v 0.0416016 0.0258131 0.0156365
v 0.0425991 0.0257855 0.0154622
v 0.0425991 0.0269141 0.0134315
v 0.0426003 0.0263749 0.0144478
v 0.0490871 0.0245001 0.0141701
v 0.0486846 0.0245001 0.0144764
v 0.0480834 0.0245001 0.0149008
v 0.0496659 0.0245001 0.0136974
v 0.0476623 0.0246343 0.0149639
v 0.0425978 0.0270973 0.0130632
v 0.0416016 0.0275298 0.0123798
v 0.0495989 0.0259687 0.0107864
v 0.0479728 0.0272149 0.00927472
v 0.0490486 0.0272149 0.00796495
v 0.0463716 0.0282736 0.00756808
v 0.0461393 0.028338 0.00756808
v 0.0494411 0.0246343 0.0136511
v 0.0505814 0.0245001 0.0128623
v 0.0519764 0.0259295 0.00756808
v 0.0519118 0.0259687 0.00756808
v 0.051841 0.0260049 0.00756808
v 0.049297 0.0272149 0.00756808
v 0.0510435 0.0246343 0.0121296
v 0.0511764 0.0245001 0.0122527
v 0.0416016 0.0266727 0.0141347
v 0.0416016 0.027066 0.0133813
v 0.0416016 0.0269662 0.0135822
v 0.0484983 0.0275231 0.00756808
f 1430 1431 1434
f 1430 1434 1440
f 1430 1440 1450
f 1430 1450 1468
f 1430 1468 1499
f 1430 1499 1523
f 1430 1523 1525
f 1430 1525 1524
f 1430 1524 1509
f 1430 1509 1481
f 1430 1481 1460
f 1430 1460 1457
f 1430 1457 1442
f 1430 1442 1435
f 1430 1435 1432
f 1430 1432 1438
f 1430 1438 1447
f 1430 1447 1446
f 1430 1446 1445
f 1430 1445 1462
f 1430 1462 1485
f 1430 1485 1514
f 1430 1514 1513
f 1430 1513 1526
f 1430 1526 1520
f 1430 1520 1519
f 1430 1519 1518
f 1430 1518 1517
f 1430 1517 1488
f 1430 1488 1464
f 1430 1464 1448
f 1430 1448 1439
f 1430 1439 1433
f 1430 1433 1431
f 1431 1433 1439
f 1431 1439 1449
f 1431 1449 1467
f 1431 1467 1498
f 1431 1498 1475
f 1431 1475 1455
f 1431 1455 1441
f 1431 1441 1434
f 1432 1435 1436
f 1432 1436 1437
f 1432 1437 1438
f 1434 1441 1440
f 1435 1442 1436
f 1436 1443 1444
f 1436 1444 1445
f 1436 1445 1437
f 1436 1442 1443
f 1437 1445 1446
f 1437 1446 1447
f 1437 1447 1438
f 1439 1448 1449
f 1440 1441 1451
f 1440 1451 1452
f 1440 1452 1450
f 1441 1453 1454
f 1441 1454 1451
f 1441 1455 1456
f 1441 1456 1453
f 1442 1457 1443
f 1443 1458 1459
f 1443 1459 1444
f 1443 1457 1460
f 1443 1460 1458
f 1444 1461 1462
f 1444 1462 1445
f 1444 1459 1463
f 1444 1463 1461
f 1448 1464 1449
f 1449 1464 1465
f 1449 1465 1466
f 1449 1466 1467
f 1450 1452 1469
f 1450 1469 1470
f 1450 1470 1468
f 1451 1454 1471
f 1451 1471 1469
f 1451 1469 1452
f 1453 1472 1473
f 1453 1473 1471
f 1453 1471 1454
f 1453 1456 1474
f 1453 1474 1472
f 1455 1475 1476
f 1455 1476 1477
f 1455 1477 1478
f 1455 1478 1479
f 1455 1479 1456
f 1456 1479 1474
f 1458 1480 1459
f 1458 1460 1481
f 1458 1481 1480
f 1459 1480 1482
f 1459 1482 1463
f 1461 1463 1483
f 1461 1483 1484
f 1461 1484 1485
f 1461 1485 1462
f 1463 1486 1487
f 1463 1487 1483
f 1463 1482 1472
f 1463 1472 1486
f 1464 1488 1465
f 1465 1488 1489
f 1465 1489 1466
f 1466 1490 1467
f 1466 1489 1491
f 1466 1491 1492
f 1466 1492 1493
f 1466 1493 1490
f 1467 1490 1494
f 1467 1494 1495
f 1467 1495 1496
f 1467 1496 1497
f 1467 1497 1498
f 1468 1470 1499
f 1469 1471 1470
f 1470 1471 1473
f 1470 1473 1500
f 1470 1500 1499
f 1472 1482 1501
f 1472 1501 1502
f 1472 1502 1473
f 1472 1474 1478
f 1472 1478 1486
f 1473 1502 1500
f 1474 1479 1478
f 1475 1503 1504
f 1475 1504 1505
f 1475 1505 1476
f 1475 1498 1506
f 1475 1506 1503
f 1476 1505 1507
f 1476 1507 1477
f 1477 1486 1478
f 1477 1507 1486
f 1480 1508 1482
f 1480 1481 1509
f 1480 1509 1508
f 1482 1508 1501
f 1483 1487 1510
f 1483 1510 1511
f 1483 1511 1484
f 1484 1511 1512
f 1484 1512 1513
f 1484 1513 1514
f 1484 1514 1485
f 1486 1507 1504
f 1486 1504 1487
f 1487 1504 1503
f 1487 1503 1515
f 1487 1515 1516
f 1487 1516 1510
f 1488 1517 1491
f 1488 1491 1489
f 1490 1493 1494
f 1491 1517 1518
f 1491 1518 1519
f 1491 1519 1520
f 1491 1520 1512
f 1491 1512 1492
f 1492 1510 1496
f 1492 1496 1493
f 1492 1512 1510
f 1493 1496 1495
f 1493 1495 1494
f 1496 1510 1521
f 1496 1521 1497
f 1497 1521 1522
f 1497 1522 1498
f 1498 1522 1516
f 1498 1516 1506
f 1499 1500 1502
f 1499 1502 1523
f 1501 1508 1524
f 1501 1524 1525
f 1501 1525 1502
f 1502 1525 1523
f 1503 1506 1515
f 1504 1507 1505
f 1506 1516 1515
f 1508 1509 1524
f 1510 1516 1521
f 1510 1512 1511
f 1512 1520 1526
f 1512 1526 1513
f 1516 1522 1521
o convex_6
v 0.0223453 0.0271585 0.0100578
v 0.0223453 0.0229966 0.0164921
v 0.0223453 0.0287454 0.0100578
v 0.0416004 0.0269081 0.0100578
v 0.0416004 0.0229971 0.0160743
v 0.0223453 0.0229966 0.016802
v 0.0223453 0.0283419 0.0111196
v 0.0334034 0.0281011 0.011741
v 0.0334034 0.0287398 0.0100578
v 0.0416004 0.0284702 0.0100578
v 0.0416004 0.0229971 0.0176114
v 0.0223453 0.0229971 0.017992
v 0.0415966 0.0229971 0.0176292
v 0.0390144 0.0229971 0.017964
v 0.0379985 0.0229971 0.017992
v 0.0223453 0.028132 0.0116672
v 0.0334034 0.0276087 0.0128369
v 0.0381776 0.0280983 0.0116897
v 0.0345588 0.0287347 0.0100578
v 0.0223453 0.0281078 0.0117254
v 0.0223453 0.0276087 0.0128369
v 0.0416004 0.0278889 0.0115919
v 0.0404638 0.0285991 0.0100578
v 0.0404431 0.0280313 0.0115872
v 0.0416004 0.023 0.0176285
v 0.0223453 0.0245002 0.017992
v 0.0415966 0.0245013 0.0176292
v 0.0413176 0.0245013 0.0176836
v 0.0403262 0.0245007 0.0178413
v 0.0400228 0.0245007 0.0178778
v 0.0387185 0.0245007 0.017978
v 0.0379985 0.0245002 0.017992
v 0.0223453 0.0275699 0.0129177
v 0.0334034 0.0270702 0.0139181
v 0.0381304 0.0270741 0.0138832
v 0.0404073 0.027028 0.013762
v 0.0388731 0.0286779 0.0100578
v 0.0382077 0.0287088 0.0100578
v 0.0416004 0.0275299 0.0123802
v 0.0416004 0.0245013 0.0176285
v 0.0223453 0.0258839 0.0159787
v 0.0416004 0.025696 0.0158249
v 0.0403696 0.0258462 0.0158506
v 0.0380758 0.025871 0.0159873
v 0.0334034 0.0258991 0.0159554
v 0.0223453 0.0272182 0.0136237
v 0.0223453 0.0270752 0.013908
v 0.0223453 0.026948 0.0141434
v 0.0223453 0.0261833 0.0154746
v 0.0416004 0.0266729 0.0141348
v 0.0416004 0.0269661 0.0135826
v 0.0416004 0.0270657 0.0133822
v 0.0223453 0.0258991 0.0159554
v 0.0416004 0.025813 0.0156362
f 1527 1528 1532
f 1527 1532 1538
f 1527 1538 1552
f 1527 1552 1567
f 1527 1567 1579
f 1527 1579 1575
f 1527 1575 1574
f 1527 1574 1573
f 1527 1573 1572
f 1527 1572 1559
f 1527 1559 1547
f 1527 1547 1546
f 1527 1546 1542
f 1527 1542 1533
f 1527 1533 1529
f 1527 1529 1535
f 1527 1535 1545
f 1527 1545 1564
f 1527 1564 1563
f 1527 1563 1549
f 1527 1549 1536
f 1527 1536 1530
f 1527 1530 1531
f 1527 1531 1528
f 1528 1531 1537
f 1528 1537 1532
f 1529 1533 1534
f 1529 1534 1535
f 1530 1536 1548
f 1530 1548 1565
f 1530 1565 1578
f 1530 1578 1577
f 1530 1577 1576
f 1530 1576 1580
f 1530 1580 1568
f 1530 1568 1566
f 1530 1566 1551
f 1530 1551 1537
f 1530 1537 1531
f 1532 1537 1539
f 1532 1539 1540
f 1532 1540 1541
f 1532 1541 1538
f 1533 1542 1534
f 1534 1543 1544
f 1534 1544 1545
f 1534 1545 1535
f 1534 1542 1546
f 1534 1546 1547
f 1534 1547 1543
f 1536 1549 1550
f 1536 1550 1548
f 1537 1551 1539
f 1538 1541 1558
f 1538 1558 1552
f 1539 1551 1566
f 1539 1566 1553
f 1539 1553 1554
f 1539 1554 1555
f 1539 1555 1540
f 1540 1555 1556
f 1540 1556 1557
f 1540 1557 1541
f 1541 1557 1558
f 1543 1547 1559
f 1543 1559 1560
f 1543 1560 1561
f 1543 1561 1544
f 1544 1561 1562
f 1544 1562 1550
f 1544 1550 1563
f 1544 1563 1564
f 1544 1564 1545
f 1548 1550 1565
f 1549 1563 1550
f 1550 1562 1565
f 1552 1558 1567
f 1553 1566 1568
f 1553 1568 1569
f 1553 1569 1554
f 1554 1569 1555
f 1555 1569 1556
f 1556 1569 1557
f 1557 1570 1558
f 1557 1569 1570
f 1558 1570 1571
f 1558 1571 1567
f 1559 1572 1560
f 1560 1572 1573
f 1560 1573 1574
f 1560 1574 1575
f 1560 1575 1571
f 1560 1571 1570
f 1560 1570 1561
f 1561 1570 1569
f 1561 1569 1562
f 1562 1569 1576
f 1562 1576 1577
f 1562 1577 1578
f 1562 1578 1565
f 1567 1571 1579
f 1568 1580 1569
f 1569 1580 1576
f 1571 1575 1579
o convex_7
v 0.00321064 0.0267702 -0.011016
v 0.00321064 0.028378 -0.011016
v 0.0223434 0.0267761 -0.011016
v 0.0223434 0.0289933 4.01661e-05
v 0.00321064 0.028993 4.01661e-05
v 0.00321064 0.0289379 -0.00953662
v 0.0124558 0.028378 -0.011016
v 0.0223434 0.0283772 -0.011016
v 0.0223434 0.0304924 4.01661e-05
v 0.00321064 0.0304924 4.01661e-05
v 0.00321064 0.0290094 -0.0093061
v 0.0223434 0.0289376 -0.00953662
v 0.0223434 0.0286539 -0.0102855
v 0.0223434 0.0304939 -9.59127e-07
v 0.00321064 0.0304943 -9.59127e-07
v 0.00321064 0.0296423 -0.00709724
v 0.0223434 0.0296324 -0.00713836
v 0.0223434 0.0294006 -0.0079468
v 0.0223434 0.0304633 -0.00080182
v 0.00321064 0.03041 -0.00218709
v 0.00321064 0.0298661 -0.00610374
v 0.0223434 0.0298665 -0.00610374
v 0.0223434 0.0303904 -0.00248904
v 0.00321064 0.0304042 -0.00232346
v 0.00321064 0.0298789 -0.00603556
v 0.0223434 0.0300236 -0.00525526
v 0.0223434 0.0303823 -0.00258536
v 0.00321064 0.0303827 -0.00258536
v 0.00321064 0.0301129 -0.00476067
v 0.0223434 0.0301118 -0.00477366
v 0.0223434 0.0302916 -0.00332561
v 0.00321064 0.0303754 -0.00264488
v 0.00321064 0.0301199 -0.00472171
v 0.00321064 0.0301344 -0.00460483
f 1581 1582 1587
f 1581 1587 1588
f 1581 1588 1583
f 1581 1583 1584
f 1581 1584 1585
f 1581 1585 1590
f 1581 1590 1595
f 1581 1595 1600
f 1581 1600 1604
f 1581 1604 1608
f 1581 1608 1612
f 1581 1612 1614
f 1581 1614 1613
f 1581 1613 1609
f 1581 1609 1605
f 1581 1605 1601
f 1581 1601 1596
f 1581 1596 1591
f 1581 1591 1586
f 1581 1586 1582
f 1582 1586 1587
f 1583 1588 1593
f 1583 1593 1592
f 1583 1592 1598
f 1583 1598 1597
f 1583 1597 1602
f 1583 1602 1606
f 1583 1606 1610
f 1583 1610 1611
f 1583 1611 1607
f 1583 1607 1603
f 1583 1603 1599
f 1583 1599 1594
f 1583 1594 1589
f 1583 1589 1584
f 1584 1589 1590
f 1584 1590 1585
f 1586 1591 1592
f 1586 1592 1587
f 1587 1592 1593
f 1587 1593 1588
f 1589 1594 1595
f 1589 1595 1590
f 1591 1596 1597
f 1591 1597 1598
f 1591 1598 1592
f 1594 1599 1595
f 1595 1599 1600
f 1596 1601 1602
f 1596 1602 1597
f 1599 1603 1604
f 1599 1604 1600
f 1601 1605 1602
f 1602 1605 1606
f 1603 1607 1608
f 1603 1608 1604
f 1605 1609 1606
f 1606 1609 1610
f 1607 1611 1612
f 1607 1612 1608
f 1609 1613 1610
f 1610 1613 1614
f 1610 1614 1611
f 1611 1614 1612
o convex_8
v 0.0334033 0.0245 -0.0179928
v 0.0341667 0.0245012 -0.0179911
v 0.0380154 0.0245 -0.0179919
v 0.0379985 0.0229972 -0.0179919
v 0.0223472 0.0229972 -0.0179919
v 0.0223472 0.0245 -0.0179919
v 0.0380833 0.0258679 -0.0160281
v 0.0393065 0.0245006 -0.017945
v 0.0390144 0.0229972 -0.0179635
v 0.0223472 0.0229966 -0.0164919
v 0.0223472 0.0248798 -0.0174394
v 0.0381379 0.0270587 -0.0139429
v 0.0403733 0.0258468 -0.0158891
v 0.0223472 0.0258912 -0.0159678
v 0.0223472 0.0258994 -0.0159553
v 0.0223472 0.0266643 -0.0146243
v 0.0223472 0.027075 -0.0139069
v 0.0403224 0.0245012 -0.0178421
v 0.0416003 0.0230013 -0.0176286
v 0.0415965 0.0229972 -0.0176286
v 0.0223472 0.0273812 -0.00944101
v 0.0416003 0.0229972 -0.0176278
v 0.0416003 0.0229972 -0.016075
v 0.0416003 0.0271212 -0.00944101
v 0.0223472 0.0274268 -0.0132021
v 0.0334033 0.0276091 -0.0128371
v 0.0381851 0.0280759 -0.0117648
v 0.0404148 0.0270178 -0.0138165
v 0.0416003 0.0260502 -0.0152622
v 0.0416003 0.0258141 -0.015664
v 0.0416003 0.0256113 -0.0159879
v 0.0416003 0.0245018 -0.0176286
v 0.0406089 0.0245012 -0.0178019
v 0.0223472 0.0289652 -0.00944101
v 0.0416003 0.028697 -0.00944101
v 0.0223472 0.0276085 -0.0128371
v 0.0223472 0.0279304 -0.0121214
v 0.0334033 0.0281011 -0.0117405
v 0.0382265 0.0289243 -0.00951049
v 0.0404487 0.0280152 -0.0116534
v 0.0334033 0.0289372 -0.00953811
v 0.0416003 0.0277879 -0.0118518
v 0.0416003 0.0273292 -0.0128421
v 0.0416003 0.0269774 -0.0135888
v 0.0334033 0.0289652 -0.00944101
v 0.0223472 0.0289378 -0.00953811
v 0.0416003 0.0281081 -0.0110717
v 0.0404789 0.0288396 -0.00944101
v 0.0223472 0.0281075 -0.0117254
v 0.0223472 0.0286538 -0.0102865
v 0.033605 0.0289647 -0.00944101
v 0.0382265 0.0289442 -0.00944101
v 0.0382906 0.0289413 -0.00944101
v 0.0399021 0.0288677 -0.00944101
v 0.0404562 0.0288408 -0.00944101
v 0.0416003 0.0279433 -0.0114869
f 1615 1616 1617
f 1615 1617 1618
f 1615 1618 1619
f 1615 1619 1620
f 1615 1620 1621
f 1615 1621 1616
f 1616 1621 1617
f 1617 1621 1622
f 1617 1622 1623
f 1617 1623 1618
f 1618 1624 1619
f 1618 1623 1624
f 1619 1624 1635
f 1619 1635 1648
f 1619 1648 1660
f 1619 1660 1664
f 1619 1664 1663
f 1619 1663 1651
f 1619 1651 1650
f 1619 1650 1639
f 1619 1639 1631
f 1619 1631 1630
f 1619 1630 1629
f 1619 1629 1628
f 1619 1628 1625
f 1619 1625 1620
f 1620 1625 1621
f 1621 1626 1627
f 1621 1627 1622
f 1621 1625 1628
f 1621 1628 1629
f 1621 1629 1630
f 1621 1630 1631
f 1621 1631 1626
f 1622 1627 1632
f 1622 1632 1623
f 1623 1632 1633
f 1623 1633 1634
f 1623 1634 1624
f 1624 1634 1636
f 1624 1636 1637
f 1624 1637 1638
f 1624 1638 1635
f 1626 1631 1639
f 1626 1639 1640
f 1626 1640 1641
f 1626 1641 1642
f 1626 1642 1627
f 1627 1642 1643
f 1627 1643 1644
f 1627 1644 1645
f 1627 1645 1646
f 1627 1646 1647
f 1627 1647 1632
f 1632 1647 1633
f 1633 1646 1645
f 1633 1645 1644
f 1633 1644 1643
f 1633 1643 1658
f 1633 1658 1657
f 1633 1657 1656
f 1633 1656 1670
f 1633 1670 1661
f 1633 1661 1649
f 1633 1649 1638
f 1633 1638 1637
f 1633 1637 1636
f 1633 1636 1634
f 1633 1647 1646
f 1635 1638 1649
f 1635 1649 1662
f 1635 1662 1669
f 1635 1669 1668
f 1635 1668 1667
f 1635 1667 1666
f 1635 1666 1665
f 1635 1665 1659
f 1635 1659 1648
f 1639 1650 1640
f 1640 1650 1651
f 1640 1651 1652
f 1640 1652 1641
f 1641 1653 1654
f 1641 1654 1642
f 1641 1652 1655
f 1641 1655 1653
f 1642 1654 1656
f 1642 1656 1657
f 1642 1657 1658
f 1642 1658 1643
f 1648 1659 1660
f 1649 1661 1662
f 1651 1663 1652
f 1652 1663 1664
f 1652 1664 1655
f 1653 1655 1665
f 1653 1665 1666
f 1653 1666 1667
f 1653 1667 1668
f 1653 1668 1669
f 1653 1669 1654
f 1654 1669 1662
f 1654 1662 1661
f 1654 1661 1670
f 1654 1670 1656
f 1655 1659 1665
f 1655 1664 1660
f 1655 1660 1659
o convex_9
v 0.0416018 0.0294975 -2.8927e-06
v 0.0416018 0.0301821 -2.8927e-06
v 0.042154 0.028687 -2.8927e-06
v 0.0416018 0.0287532 7.16641e-08
v 0.0416018 0.0301835 4.08316e-05
v 0.0425964 0.0300653 -2.8927e-06
v 0.0544926 0.0229966 -2.8927e-06
v 0.0416018 0.0277189 0.00756808
v 0.0416018 0.0301181 0.00221667
v 0.0425964 0.0300132 0.00210847
v 0.0425964 0.0300674 0.000126057
v 0.0444138 0.0297374 7.16641e-08
v 0.0444152 0.0297367 -2.8927e-06
v 0.0559916 0.0229966 -2.8927e-06
v 0.0525978 0.0229966 0.00756808
v 0.0416018 0.0292555 0.00756808
v 0.0416018 0.0300569 0.00300519
v 0.0425964 0.0298957 0.00362845
v 0.0443913 0.0296699 0.00233228
v 0.0462059 0.0292956 -1.41029e-06
v 0.0462073 0.0292949 -2.8927e-06
v 0.0559916 0.0245001 -2.8927e-06
v 0.0559931 0.0229966 7.16641e-08
v 0.0542715 0.0229966 0.00756808
v 0.0416018 0.0293244 0.00732352
v 0.0418159 0.0292316 0.00756808
v 0.0416018 0.0299373 0.00414054
v 0.0425964 0.0297705 0.00459483
v 0.0439418 0.0295257 0.00459483
v 0.0443631 0.0295791 0.00349357
v 0.0461608 0.0292302 0.00233228
v 0.0479697 0.0287447 -2.8927e-06
v 0.0559916 0.0245001 7.16641e-08
v 0.0552619 0.0250229 -2.8927e-06
v 0.0559536 0.0229966 0.00118433
v 0.0542855 0.0237874 0.00756808
v 0.0548674 0.0229966 0.00626302
v 0.0425386 0.0291507 0.00756808
v 0.0425964 0.0293132 0.00689665
v 0.0416018 0.0294152 0.00696261
v 0.0416018 0.0298718 0.00464374
v 0.042595 0.0295426 0.0058732
v 0.044511 0.0291324 0.00605329
v 0.0446336 0.0293751 0.00459483
v 0.0452577 0.0292245 0.00459483
v 0.0461044 0.0291436 0.00349431
v 0.0479007 0.0286842 0.00233302
v 0.0496955 0.0280869 -2.8927e-06
v 0.0559494 0.0245001 0.0012451
v 0.0545898 0.0255027 -2.8927e-06
v 0.0558212 0.0245001 0.00247827
v 0.0555944 0.0229966 0.00376332
v 0.054735 0.0245001 0.00660762
v 0.0542898 0.0245001 0.00756808
v 0.0553957 0.0245001 0.00459483
v 0.0548674 0.0245001 0.00626302
v 0.0425964 0.0291436 0.00756808
v 0.0428232 0.0291324 0.00746803
v 0.0437108 0.0291324 0.00681291
v 0.0416018 0.0295355 0.00642532
v 0.0416018 0.0297529 0.00530998
v 0.0459142 0.0283936 0.00756808
v 0.0461396 0.0283381 0.00756808
v 0.0452126 0.0291324 0.00519807
v 0.0443448 0.0287806 0.00756808
v 0.0465736 0.0288594 0.00459483
v 0.0469568 0.0287405 0.00459483
v 0.047819 0.0286047 0.00349505
v 0.0494969 0.0279645 0.00349505
v 0.0496054 0.0280334 0.00233376
v 0.0513791 0.0273256 -2.8927e-06
v 0.0544405 0.0254809 0.00233895
v 0.0530134 0.0264638 -2.8927e-06
v 0.0556084 0.0245001 0.00369811
v 0.0545673 0.0246338 0.00654167
v 0.0540869 0.0246338 0.00756808
v 0.0543433 0.0252276 0.00459483
v 0.042626 0.0291387 0.00756808
v 0.042888 0.0290902 0.00756808
v 0.0430275 0.0290606 0.00756808
v 0.0463721 0.0282733 0.00756808
v 0.0471625 0.0282733 0.00660392
v 0.0479105 0.0282733 0.00541743
v 0.0484966 0.0282065 0.00459483
v 0.0500097 0.0275874 0.00459483
v 0.0511354 0.027225 0.00349579
v 0.0512678 0.0272813 0.0023345
v 0.0528823 0.02643 0.00233524
v 0.054263 0.0254591 0.00349875
v 0.052733 0.0259685 0.00581688
v 0.0519765 0.0259291 0.00756808
v 0.0529936 0.0260656 0.00459483
v 0.0484994 0.0275233 0.00756808
v 0.0499491 0.0272152 0.00653352
v 0.0506676 0.0272152 0.00500168
v 0.0515454 0.0268564 0.00459483
v 0.052726 0.0263899 0.00349727
v 0.0518412 0.0260051 0.00756808
v 0.0519116 0.0259685 0.00756808
v 0.0492968 0.0272152 0.00756808
f 1671 1672 1676
f 1671 1676 1683
f 1671 1683 1691
f 1671 1691 1702
f 1671 1702 1718
f 1671 1718 1741
f 1671 1741 1743
f 1671 1743 1720
f 1671 1720 1704
f 1671 1704 1692
f 1671 1692 1684
f 1671 1684 1677
f 1671 1677 1673
f 1671 1673 1674
f 1671 1674 1678
f 1671 1678 1686
f 1671 1686 1695
f 1671 1695 1710
f 1671 1710 1730
f 1671 1730 1731
f 1671 1731 1711
f 1671 1711 1697
f 1671 1697 1687
f 1671 1687 1679
f 1671 1679 1675
f 1671 1675 1672
f 1672 1675 1676
f 1673 1677 1674
f 1674 1677 1678
f 1675 1679 1680
f 1675 1680 1681
f 1675 1681 1676
f 1676 1681 1682
f 1676 1682 1683
f 1677 1684 1693
f 1677 1693 1705
f 1677 1705 1722
f 1677 1722 1707
f 1677 1707 1694
f 1677 1694 1685
f 1677 1685 1678
f 1678 1685 1694
f 1678 1694 1706
f 1678 1706 1724
f 1678 1724 1746
f 1678 1746 1761
f 1678 1761 1769
f 1678 1769 1768
f 1678 1768 1770
f 1678 1770 1763
f 1678 1763 1751
f 1678 1751 1733
f 1678 1733 1732
f 1678 1732 1735
f 1678 1735 1750
f 1678 1750 1749
f 1678 1749 1748
f 1678 1748 1727
f 1678 1727 1708
f 1678 1708 1696
f 1678 1696 1686
f 1679 1687 1688
f 1679 1688 1680
f 1680 1688 1689
f 1680 1689 1682
f 1680 1682 1681
f 1682 1689 1690
f 1682 1690 1683
f 1683 1690 1691
f 1684 1692 1693
f 1686 1696 1695
f 1687 1697 1688
f 1688 1698 1699
f 1688 1699 1700
f 1688 1700 1689
f 1688 1697 1698
f 1689 1700 1701
f 1689 1701 1690
f 1690 1701 1702
f 1690 1702 1691
f 1692 1703 1693
f 1692 1704 1703
f 1693 1703 1705
f 1694 1707 1706
f 1695 1696 1708
f 1695 1708 1709
f 1695 1709 1710
f 1697 1711 1698
f 1698 1711 1712
f 1698 1712 1699
f 1699 1713 1714
f 1699 1714 1700
f 1699 1712 1713
f 1700 1714 1715
f 1700 1715 1716
f 1700 1716 1701
f 1701 1716 1717
f 1701 1717 1702
f 1702 1717 1718
f 1703 1704 1719
f 1703 1719 1705
f 1704 1720 1719
f 1705 1719 1721
f 1705 1721 1722
f 1706 1707 1723
f 1706 1723 1724
f 1707 1722 1725
f 1707 1725 1726
f 1707 1726 1723
f 1708 1727 1709
f 1709 1727 1728
f 1709 1728 1729
f 1709 1729 1712
f 1709 1712 1710
f 1710 1712 1730
f 1711 1731 1712
f 1712 1731 1730
f 1712 1729 1713
f 1713 1732 1733
f 1713 1733 1734
f 1713 1734 1714
f 1713 1729 1735
f 1713 1735 1732
f 1714 1734 1715
f 1715 1734 1736
f 1715 1736 1716
f 1716 1736 1737
f 1716 1737 1738
f 1716 1738 1717
f 1717 1738 1739
f 1717 1739 1740
f 1717 1740 1718
f 1718 1740 1741
f 1719 1720 1742
f 1719 1742 1721
f 1720 1743 1742
f 1721 1744 1722
f 1721 1742 1744
f 1722 1744 1725
f 1723 1726 1745
f 1723 1745 1724
f 1724 1745 1746
f 1725 1744 1747
f 1725 1747 1726
f 1726 1747 1745
f 1727 1748 1728
f 1728 1748 1749
f 1728 1749 1729
f 1729 1749 1750
f 1729 1750 1735
f 1733 1751 1752
f 1733 1752 1734
f 1734 1752 1736
f 1736 1752 1737
f 1737 1752 1753
f 1737 1753 1754
f 1737 1754 1738
f 1738 1754 1739
f 1739 1755 1756
f 1739 1756 1740
f 1739 1754 1755
f 1740 1756 1757
f 1740 1757 1741
f 1741 1757 1758
f 1741 1758 1743
f 1742 1743 1758
f 1742 1758 1759
f 1742 1759 1744
f 1744 1759 1747
f 1745 1747 1760
f 1745 1760 1746
f 1746 1760 1761
f 1747 1759 1762
f 1747 1762 1760
f 1751 1763 1752
f 1752 1763 1753
f 1753 1763 1764
f 1753 1764 1754
f 1754 1764 1755
f 1755 1764 1765
f 1755 1765 1756
f 1756 1766 1767
f 1756 1767 1757
f 1756 1765 1766
f 1757 1767 1758
f 1758 1767 1759
f 1759 1767 1762
f 1760 1762 1766
f 1760 1766 1765
f 1760 1765 1768
f 1760 1768 1769
f 1760 1769 1761
f 1762 1767 1766
f 1763 1770 1764
f 1764 1768 1765
f 1764 1770 1768
o convex_10
v 0.0416003 0.0230015 -0.0176288
v 0.0416003 0.0245019 -0.0176288
v 0.0425951 0.0245019 -0.0174162
v 0.0441054 0.0229972 -0.0169249
v 0.0416003 0.0229972 -0.0176278
v 0.0416003 0.0256111 -0.0159877
v 0.0426001 0.0254192 -0.0160684
v 0.0432289 0.0252635 -0.0161216
v 0.0437879 0.0245191 -0.0170361
v 0.0441054 0.0245203 -0.0169249
v 0.0449496 0.0245228 -0.0165961
v 0.0464848 0.0229972 -0.0158666
v 0.0416003 0.0229972 -0.0160743
v 0.0416003 0.0258141 -0.0156638
v 0.0426001 0.0257871 -0.0154797
v 0.042889 0.0259778 -0.0150731
v 0.0442274 0.0252635 -0.0157672
v 0.0452111 0.0252635 -0.0153458
v 0.0460739 0.0245258 -0.0160792
v 0.0464848 0.0245271 -0.0158666
v 0.0471596 0.0245289 -0.0154866
v 0.0486848 0.0229972 -0.0144765
v 0.0416003 0.0277179 -0.00757141
v 0.0525957 0.0229972 -0.00757141
v 0.0416003 0.0260508 -0.0152621
v 0.0426014 0.0262169 -0.0147492
v 0.0438228 0.0259778 -0.0147413
v 0.0447429 0.0259778 -0.0143485
v 0.0456456 0.0259778 -0.0138927
v 0.046176 0.0252635 -0.0148585
v 0.0480885 0.0245307 -0.0148969
v 0.0470911 0.0252635 -0.01432
v 0.0486848 0.0245314 -0.0144765
v 0.0490995 0.024532 -0.0141605
v 0.0500507 0.0245326 -0.0133601
v 0.050662 0.0229972 -0.0127822
v 0.0416003 0.02926 -0.00757141
v 0.0542703 0.0229972 -0.00757141
v 0.0416003 0.0269772 -0.0135875
v 0.0426001 0.0269429 -0.0133956
v 0.0434194 0.0266241 -0.0137195
v 0.0451152 0.0266241 -0.0129289
v 0.0442748 0.0266241 -0.0133532
v 0.0459108 0.0266241 -0.0124623
v 0.0464997 0.0259778 -0.0133897
v 0.0479751 0.0252635 -0.0137214
v 0.0473277 0.0259778 -0.0128295
v 0.0488081 0.0252635 -0.0130776
v 0.0496012 0.0252635 -0.0123806
v 0.050662 0.0245332 -0.0127822
v 0.0509397 0.0245332 -0.0125017
v 0.0517677 0.0245326 -0.0115831
v 0.0523753 0.0229972 -0.0108212
v 0.0416003 0.0288848 -0.00887978
v 0.0424308 0.0291681 -0.00757141
v 0.0425951 0.0291392 -0.0076098
v 0.0425951 0.0289173 -0.00840231
v 0.053786 0.0229972 -0.00863267
v 0.0543189 0.0244455 -0.00757141
v 0.0416003 0.0273292 -0.0128413
v 0.0425976 0.0275916 -0.0120232
v 0.043006 0.0272231 -0.012673
v 0.0437966 0.0272231 -0.0123363
v 0.0445723 0.0272231 -0.0119435
v 0.0466815 0.0266241 -0.0119405
v 0.0453082 0.0272231 -0.0115113
v 0.0481046 0.0259778 -0.012228
v 0.0488467 0.0259778 -0.0115763
v 0.0495365 0.0259778 -0.0108891
v 0.0503383 0.0252635 -0.0116462
v 0.0524512 0.0245314 -0.0107188
v 0.0510281 0.0252635 -0.0108674
v 0.0531609 0.0245295 -0.00968902
v 0.0416003 0.0287879 -0.00919579
v 0.0425964 0.0287345 -0.00899791
v 0.0424694 0.0291638 -0.00757141
v 0.0425951 0.029149 -0.00757141
v 0.0426524 0.0291386 -0.00757141
v 0.0435053 0.0289829 -0.00757141
v 0.0439448 0.0287339 -0.00817686
v 0.0428728 0.0287339 -0.00885418
v 0.0537934 0.0245271 -0.00861988
v 0.0543201 0.0245246 -0.00757141
v 0.0416003 0.0277878 -0.0118519
v 0.0425964 0.0278816 -0.0113419
v 0.0433061 0.0277762 -0.0112917
v 0.0416003 0.0279436 -0.0114867
v 0.0440158 0.0277762 -0.0109324
v 0.0460191 0.0272231 -0.0110299
v 0.0466877 0.0272231 -0.010512
v 0.0474061 0.0266235 -0.0113803
v 0.0446894 0.0277762 -0.0105366
v 0.0480947 0.0266235 -0.0107739
v 0.0487371 0.0266235 -0.010134
v 0.0493373 0.0266235 -0.00945668
v 0.0501814 0.0259778 -0.0101606
v 0.0516693 0.0252635 -0.0100483
v 0.0527862 0.0252635 -0.00830681
v 0.0522545 0.0252635 -0.00919481
v 0.0416003 0.0287805 -0.00921844
v 0.0425964 0.0287211 -0.00904123
v 0.0446782 0.0287339 -0.00757141
v 0.0452023 0.0282802 -0.00871439
v 0.0446483 0.0282802 -0.00914362
v 0.0440581 0.0282802 -0.00954331
v 0.0434493 0.0282802 -0.00990166
v 0.0533365 0.0251574 -0.00757141
v 0.0425964 0.0281876 -0.0105682
v 0.0416003 0.0281079 -0.0110712
v 0.0428055 0.0282802 -0.0102265
v 0.0453393 0.0277762 -0.0100956
v 0.0459531 0.0277762 -0.00962207
v 0.0473252 0.0272231 -0.00995187
v 0.0479191 0.0272231 -0.00936119
v 0.0498938 0.0266235 -0.00874392
v 0.0507803 0.0259778 -0.00939466
v 0.0484719 0.0272231 -0.00873506
v 0.0513282 0.0259778 -0.00859723
v 0.051825 0.0259778 -0.00776732
v 0.0525122 0.0256406 -0.00757141
v 0.0531672 0.0252635 -0.00757141
v 0.0449558 0.0286677 -0.00757141
v 0.0457315 0.0282802 -0.00824971
v 0.0465358 0.0277762 -0.00910916
v 0.0475867 0.0277762 -0.00799572
v 0.0489862 0.0272231 -0.00807645
v 0.0493335 0.0272231 -0.00757141
v 0.0495166 0.0271428 -0.00757141
v 0.0504043 0.0266235 -0.00800064
v 0.0517453 0.0260728 -0.00757141
v 0.0519258 0.0259778 -0.00757141
v 0.050982 0.0264616 -0.00757141
v 0.0514776 0.0262114 -0.00757141
v 0.0450953 0.0286328 -0.00757141
v 0.045744 0.0284537 -0.00757141
v 0.0463715 0.0282802 -0.00757141
v 0.0478967 0.0277762 -0.00757141
v 0.0487944 0.0274359 -0.00757141
v 0.0470787 0.0280595 -0.00757141
v 0.0497382 0.0270447 -0.00757141
v 0.0506608 0.0266235 -0.00757141
v 0.0502362 0.0268178 -0.00757141
f 1771 1772 1773
f 1771 1773 1774
f 1771 1774 1775
f 1771 1775 1783
f 1771 1783 1793
f 1771 1793 1807
f 1771 1807 1824
f 1771 1824 1844
f 1771 1844 1870
f 1771 1870 1879
f 1771 1879 1857
f 1771 1857 1854
f 1771 1854 1830
f 1771 1830 1809
f 1771 1809 1795
f 1771 1795 1784
f 1771 1784 1776
f 1771 1776 1772
f 1772 1776 1777
f 1772 1777 1773
f 1773 1777 1778
f 1773 1778 1779
f 1773 1779 1774
f 1774 1779 1780
f 1774 1780 1781
f 1774 1781 1782
f 1774 1782 1792
f 1774 1792 1806
f 1774 1806 1823
f 1774 1823 1828
f 1774 1828 1808
f 1774 1808 1794
f 1774 1794 1783
f 1774 1783 1775
f 1776 1784 1777
f 1777 1785 1778
f 1777 1784 1785
f 1778 1785 1786
f 1778 1786 1787
f 1778 1787 1780
f 1778 1780 1779
f 1780 1787 1781
f 1781 1787 1788
f 1781 1788 1789
f 1781 1789 1782
f 1782 1789 1790
f 1782 1790 1791
f 1782 1791 1792
f 1783 1794 1793
f 1784 1795 1785
f 1785 1796 1786
f 1785 1795 1796
f 1786 1797 1787
f 1786 1796 1797
f 1787 1798 1788
f 1787 1797 1798
f 1788 1798 1799
f 1788 1799 1800
f 1788 1800 1789
f 1789 1800 1790
f 1790 1800 1791
f 1791 1801 1792
f 1791 1800 1802
f 1791 1802 1801
f 1792 1801 1803
f 1792 1803 1804
f 1792 1804 1805
f 1792 1805 1806
f 1793 1794 1808
f 1793 1808 1829
f 1793 1829 1853
f 1793 1853 1877
f 1793 1877 1891
f 1793 1891 1890
f 1793 1890 1901
f 1793 1901 1900
f 1793 1900 1903
f 1793 1903 1902
f 1793 1902 1911
f 1793 1911 1912
f 1793 1912 1910
f 1793 1910 1898
f 1793 1898 1897
f 1793 1897 1908
f 1793 1908 1907
f 1793 1907 1909
f 1793 1909 1906
f 1793 1906 1905
f 1793 1905 1904
f 1793 1904 1892
f 1793 1892 1872
f 1793 1872 1849
f 1793 1849 1848
f 1793 1848 1847
f 1793 1847 1846
f 1793 1846 1825
f 1793 1825 1807
f 1795 1809 1796
f 1796 1809 1810
f 1796 1810 1811
f 1796 1811 1797
f 1797 1811 1798
f 1798 1812 1799
f 1798 1811 1813
f 1798 1813 1812
f 1799 1814 1815
f 1799 1815 1802
f 1799 1802 1800
f 1799 1812 1814
f 1801 1802 1816
f 1801 1816 1803
f 1802 1815 1817
f 1802 1817 1816
f 1803 1816 1804
f 1804 1816 1818
f 1804 1818 1805
f 1805 1819 1820
f 1805 1820 1806
f 1805 1818 1819
f 1806 1820 1821
f 1806 1821 1822
f 1806 1822 1823
f 1807 1825 1826
f 1807 1826 1827
f 1807 1827 1824
f 1808 1828 1829
f 1809 1830 1831
f 1809 1831 1810
f 1810 1831 1832
f 1810 1832 1811
f 1811 1832 1833
f 1811 1833 1813
f 1812 1813 1833
f 1812 1833 1834
f 1812 1834 1814
f 1814 1835 1817
f 1814 1817 1815
f 1814 1834 1836
f 1814 1836 1835
f 1816 1817 1818
f 1817 1837 1818
f 1817 1835 1837
f 1818 1837 1838
f 1818 1838 1819
f 1819 1839 1840
f 1819 1840 1820
f 1819 1838 1839
f 1820 1840 1821
f 1821 1840 1822
f 1822 1841 1823
f 1822 1840 1842
f 1822 1842 1841
f 1823 1841 1843
f 1823 1843 1828
f 1824 1827 1845
f 1824 1845 1844
f 1825 1846 1826
f 1826 1847 1848
f 1826 1848 1849
f 1826 1849 1850
f 1826 1850 1827
f 1826 1846 1847
f 1827 1850 1851
f 1827 1851 1845
f 1828 1843 1852
f 1828 1852 1853
f 1828 1853 1829
f 1830 1854 1831
f 1831 1855 1856
f 1831 1856 1833
f 1831 1833 1832
f 1831 1854 1857
f 1831 1857 1855
f 1833 1856 1858
f 1833 1858 1834
f 1834 1858 1836
f 1835 1836 1859
f 1835 1859 1860
f 1835 1860 1861
f 1835 1861 1837
f 1836 1858 1862
f 1836 1862 1859
f 1837 1861 1838
f 1838 1861 1863
f 1838 1863 1864
f 1838 1864 1839
f 1839 1864 1865
f 1839 1865 1866
f 1839 1866 1842
f 1839 1842 1840
f 1841 1842 1867
f 1841 1867 1843
f 1842 1866 1867
f 1843 1868 1852
f 1843 1867 1869
f 1843 1869 1868
f 1844 1845 1871
f 1844 1871 1870
f 1845 1851 1871
f 1849 1872 1850
f 1850 1872 1873
f 1850 1873 1874
f 1850 1874 1875
f 1850 1875 1851
f 1851 1875 1876
f 1851 1876 1871
f 1852 1877 1853
f 1852 1868 1877
f 1855 1878 1856
f 1855 1857 1879
f 1855 1879 1878
f 1856 1876 1858
f 1856 1878 1880
f 1856 1880 1876
f 1858 1876 1862
f 1859 1881 1882
f 1859 1882 1860
f 1859 1862 1881
f 1860 1882 1883
f 1860 1883 1861
f 1861 1883 1863
f 1862 1876 1875
f 1862 1875 1874
f 1862 1874 1881
f 1863 1883 1884
f 1863 1884 1864
f 1864 1884 1865
f 1865 1885 1886
f 1865 1886 1866
f 1865 1884 1887
f 1865 1887 1885
f 1866 1886 1867
f 1867 1886 1888
f 1867 1888 1869
f 1868 1869 1888
f 1868 1888 1889
f 1868 1889 1890
f 1868 1890 1891
f 1868 1891 1877
f 1870 1871 1878
f 1870 1878 1879
f 1871 1876 1880
f 1871 1880 1878
f 1872 1892 1873
f 1873 1892 1893
f 1873 1893 1882
f 1873 1882 1874
f 1874 1882 1881
f 1882 1893 1894
f 1882 1894 1883
f 1883 1894 1884
f 1884 1894 1895
f 1884 1895 1887
f 1885 1887 1896
f 1885 1896 1897
f 1885 1897 1898
f 1885 1898 1899
f 1885 1899 1888
f 1885 1888 1886
f 1887 1895 1896
f 1888 1899 1889
f 1889 1900 1901
f 1889 1901 1890
f 1889 1899 1902
f 1889 1902 1903
f 1889 1903 1900
f 1892 1904 1893
f 1893 1905 1906
f 1893 1906 1895
f 1893 1895 1894
f 1893 1904 1905
f 1895 1907 1908
f 1895 1908 1896
f 1895 1906 1909
f 1895 1909 1907
f 1896 1908 1897
f 1898 1910 1899
f 1899 1911 1902
f 1899 1910 1912
f 1899 1912 1911
o convex_11
v 0.0223453 0.0289939 -2.8927e-06
v 0.0223453 0.0271591 0.0100578
v 0.0223453 0.0304939 -2.8927e-06
v 0.0405411 0.0288792 -2.8927e-06
v 0.0416004 0.0287531 6.17483e-08
v 0.0416004 0.0269082 0.0100578
v 0.0223453 0.0287451 0.0100578
v 0.0223453 0.0304939 6.17483e-08
v 0.0334034 0.0304939 -2.8927e-06
v 0.0416004 0.0294977 -2.8927e-06
v 0.0416004 0.0284709 0.0100578
v 0.0297676 0.0287419 0.0100578
v 0.0223453 0.0288883 0.00968066
v 0.0223453 0.0304047 0.00227495
v 0.0334034 0.0304939 6.17483e-08
v 0.0336484 0.0304911 -2.8927e-06
v 0.0416004 0.0301825 -2.8927e-06
v 0.0416004 0.0285899 0.00975354
v 0.0404638 0.0285994 0.0100578
v 0.0334034 0.0287402 0.0100578
v 0.0334034 0.0289374 0.00953688
v 0.0223453 0.0289374 0.00953688
v 0.0223453 0.0303903 0.00248964
v 0.0334034 0.0303826 0.00258517
v 0.0382925 0.0303478 0.00234881
v 0.0382982 0.03043 -2.8927e-06
v 0.0416004 0.0301839 4.14236e-05
v 0.0410896 0.0302436 -2.8927e-06
v 0.0416004 0.0287682 0.00923258
v 0.0404733 0.0288655 0.00933894
v 0.038219 0.0289473 0.00942068
v 0.0388731 0.0286784 0.0100578
v 0.0345588 0.0287345 0.0100578
v 0.0334034 0.0296265 0.00716154
v 0.0223453 0.0290673 0.00912228
v 0.0223453 0.0289504 0.00949847
v 0.0223453 0.0303552 0.00285894
v 0.0223453 0.0301755 0.00430758
v 0.0334034 0.030107 0.00480294
v 0.0382775 0.0300832 0.00473597
v 0.0405166 0.0299821 0.00469855
v 0.0405279 0.030231 0.00233306
v 0.0405317 0.0303075 -2.8927e-06
v 0.0416004 0.0301179 0.00221685
v 0.0416004 0.0288809 0.00887116
v 0.0404996 0.0295282 0.00703549
v 0.038253 0.029617 0.00709457
v 0.0382077 0.0287089 0.0100578
v 0.0334034 0.0298666 0.00610386
v 0.0223453 0.0296644 0.00700299
v 0.0223453 0.0296325 0.00713791
v 0.0223453 0.0295173 0.00757023
v 0.0223453 0.030112 0.0047734
v 0.0223453 0.030093 0.00488763
v 0.0416004 0.0295359 0.00642491
v 0.0416004 0.0297532 0.00531011
v 0.0416004 0.0298719 0.00464439
v 0.0416004 0.0299371 0.00414115
v 0.0416004 0.0300572 0.00300469
v 0.0416004 0.0291951 0.00778197
v 0.0416004 0.0293243 0.00732305
v 0.0416004 0.0294152 0.00696261
v 0.0223453 0.0299357 0.00573653
v 0.0223453 0.0298666 0.00610386
f 1913 1914 1919
f 1913 1919 1925
f 1913 1925 1934
f 1913 1934 1948
f 1913 1948 1947
f 1913 1947 1964
f 1913 1964 1963
f 1913 1963 1962
f 1913 1962 1976
f 1913 1976 1975
f 1913 1975 1966
f 1913 1966 1965
f 1913 1965 1950
f 1913 1950 1949
f 1913 1949 1935
f 1913 1935 1926
f 1913 1926 1920
f 1913 1920 1915
f 1913 1915 1921
f 1913 1921 1928
f 1913 1928 1938
f 1913 1938 1955
f 1913 1955 1940
f 1913 1940 1929
f 1913 1929 1922
f 1913 1922 1916
f 1913 1916 1917
f 1913 1917 1918
f 1913 1918 1914
f 1914 1918 1923
f 1914 1923 1931
f 1914 1931 1944
f 1914 1944 1960
f 1914 1960 1945
f 1914 1945 1932
f 1914 1932 1924
f 1914 1924 1919
f 1915 1920 1927
f 1915 1927 1921
f 1916 1922 1917
f 1917 1922 1929
f 1917 1929 1939
f 1917 1939 1956
f 1917 1956 1971
f 1917 1971 1970
f 1917 1970 1969
f 1917 1969 1968
f 1917 1968 1967
f 1917 1967 1974
f 1917 1974 1973
f 1917 1973 1972
f 1917 1972 1957
f 1917 1957 1941
f 1917 1941 1930
f 1917 1930 1923
f 1917 1923 1918
f 1919 1924 1925
f 1920 1926 1927
f 1921 1927 1928
f 1923 1930 1931
f 1924 1932 1933
f 1924 1933 1925
f 1925 1933 1934
f 1926 1935 1936
f 1926 1936 1927
f 1927 1936 1937
f 1927 1937 1928
f 1928 1937 1938
f 1929 1940 1939
f 1930 1941 1942
f 1930 1942 1931
f 1931 1942 1943
f 1931 1943 1944
f 1932 1945 1933
f 1933 1945 1943
f 1933 1943 1946
f 1933 1946 1947
f 1933 1947 1948
f 1933 1948 1934
f 1935 1949 1936
f 1936 1949 1950
f 1936 1950 1951
f 1936 1951 1952
f 1936 1952 1937
f 1937 1952 1953
f 1937 1953 1954
f 1937 1954 1938
f 1938 1954 1955
f 1939 1940 1955
f 1939 1955 1956
f 1941 1957 1942
f 1942 1957 1958
f 1942 1958 1959
f 1942 1959 1943
f 1943 1960 1944
f 1943 1959 1946
f 1943 1945 1960
f 1946 1961 1962
f 1946 1962 1963
f 1946 1963 1964
f 1946 1964 1947
f 1946 1959 1961
f 1950 1965 1951
f 1951 1965 1966
f 1951 1966 1961
f 1951 1961 1952
f 1952 1959 1958
f 1952 1958 1953
f 1952 1961 1959
f 1953 1958 1967
f 1953 1967 1968
f 1953 1968 1969
f 1953 1969 1970
f 1953 1970 1954
f 1954 1970 1971
f 1954 1971 1956
f 1954 1956 1955
f 1957 1972 1958
f 1958 1972 1973
f 1958 1973 1974
f 1958 1974 1967
f 1961 1966 1975
f 1961 1975 1976
f 1961 1976 1962
o convex_12
v 0.00507428 0.0218023 -0.0211005
v 0.0105509 0.022175 -0.0207234
v 0.0102531 0.0218023 -0.0210985
v 0.00321064 0.0218023 -0.0210985
v 0.00321064 0.0218274 -0.0210758
v 0.00321064 0.0222908 -0.020603
v 0.010609 0.02224 -0.0206563
v 0.0223434 0.0245005 -0.017992
v 0.0223434 0.0229969 -0.017992
v 0.0124071 0.0218023 -0.0193799
v 0.00321064 0.0218023 -0.0189189
v 0.00321064 0.022303 -0.0205901
v 0.0111222 0.0227253 -0.020139
v 0.0223434 0.0258908 -0.0159694
v 0.0116897 0.023134 -0.019682
v 0.0123078 0.0234764 -0.0192832
v 0.0125813 0.0236019 -0.0191322
v 0.0129802 0.0237622 -0.0189367
v 0.0134335 0.023916 -0.0187462
v 0.0137013 0.0239939 -0.0186485
v 0.0144861 0.0241812 -0.0184106
v 0.0153309 0.0243235 -0.018227
v 0.0162617 0.0244252 -0.0180937
v 0.0172769 0.0244837 -0.0180147
v 0.00321064 0.0245005 -0.017992
v 0.00321064 0.0258766 -0.0159911
v 0.0223434 0.0229969 -0.0164926
v 0.012394 0.0218023 -0.0177077
v 0.00321064 0.0267694 -0.011017
v 0.00321064 0.0223899 -0.0204973
v 0.00321064 0.0229274 -0.019914
v 0.0223434 0.0258991 -0.0159556
v 0.00321064 0.0258991 -0.0159556
v 0.00321064 0.0239315 -0.0187235
v 0.00321064 0.0239527 -0.0186978
v 0.00321064 0.0244174 -0.0180996
v 0.00321064 0.0244786 -0.0180207
v 0.00321064 0.0244915 -0.0180039
v 0.0223434 0.0267758 -0.011017
v 0.00321064 0.0283778 -0.011017
v 0.0223434 0.0266638 -0.014625
v 0.00321064 0.0259609 -0.015848
v 0.0223434 0.0283766 -0.011017
v 0.00321064 0.0281191 -0.0116991
v 0.0223434 0.0270751 -0.0139083
v 0.00321064 0.0270841 -0.0138915
v 0.0223434 0.0281075 -0.0117258
v 0.00321064 0.0281049 -0.0117307
v 0.0223434 0.0279305 -0.0121216
v 0.0223434 0.0274272 -0.0132025
v 0.00321064 0.0276087 -0.0128373
v 0.0223434 0.0276087 -0.0128373
f 1977 1978 1979
f 1977 1979 1986
f 1977 1986 2004
f 1977 2004 1987
f 1977 1987 1980
f 1977 1980 1981
f 1977 1981 1978
f 1978 1981 1982
f 1978 1982 1983
f 1978 1983 1984
f 1978 1984 1979
f 1979 1984 1985
f 1979 1985 1986
f 1980 1987 2005
f 1980 2005 2016
f 1980 2016 2020
f 1980 2020 2024
f 1980 2024 2027
f 1980 2027 2022
f 1980 2022 2018
f 1980 2018 2009
f 1980 2009 2002
f 1980 2002 2001
f 1980 2001 2014
f 1980 2014 2013
f 1980 2013 2012
f 1980 2012 2011
f 1980 2011 2010
f 1980 2010 2007
f 1980 2007 2006
f 1980 2006 1988
f 1980 1988 1982
f 1980 1982 1981
f 1982 1988 1983
f 1983 1988 1989
f 1983 1989 1984
f 1984 1990 2008
f 1984 2008 2017
f 1984 2017 2021
f 1984 2021 2026
f 1984 2026 2028
f 1984 2028 2025
f 1984 2025 2023
f 1984 2023 2019
f 1984 2019 2015
f 1984 2015 2003
f 1984 2003 1985
f 1984 1989 1991
f 1984 1991 1992
f 1984 1992 1993
f 1984 1993 1994
f 1984 1994 1995
f 1984 1995 1996
f 1984 1996 1997
f 1984 1997 1998
f 1984 1998 1999
f 1984 1999 2000
f 1984 2000 2001
f 1984 2001 2002
f 1984 2002 1990
f 1985 2003 1986
f 1986 2003 2004
f 1987 2004 2005
f 1988 2006 1989
f 1989 2006 2007
f 1989 2007 1991
f 1990 2002 2009
f 1990 2009 2008
f 1991 2007 1992
f 1992 2007 2010
f 1992 2010 1993
f 1993 2010 2011
f 1993 2011 1994
f 1994 2011 1995
f 1995 2011 1996
f 1996 2011 1997
f 1997 2011 2012
f 1997 2012 2013
f 1997 2013 1998
f 1998 2013 2014
f 1998 2014 1999
f 1999 2014 2001
f 1999 2001 2000
f 2003 2015 2004
f 2004 2015 2005
f 2005 2015 2019
f 2005 2019 2016
f 2008 2009 2017
f 2009 2018 2017
f 2016 2019 2020
f 2017 2018 2022
f 2017 2022 2021
f 2019 2023 2020
f 2020 2023 2025
f 2020 2025 2024
f 2021 2022 2026
f 2022 2027 2026
f 2024 2025 2027
f 2025 2028 2027
f 2026 2027 2028
o convex_13
v 2.68181e-09 0.0218023 -4.68365e-06
v 2.68181e-09 0.0218031 -0.00559505
v 1.50517e-07 0.0218031 -0.0164992
v 2.9655e-07 0.0218031 -0.0190962
v 0.000528815 0.0218031 -0.0201862
v 0.000704058 0.0218031 -0.0205206
v 0.000772509 0.0218031 -0.0206362
v 0.000856532 0.0218031 -0.0207518
v 0.000929831 0.0218031 -0.0208261
v 0.000950542 0.0218031 -0.0208468
v 0.00102707 0.0218031 -0.0209087
v 0.00105278 0.0218031 -0.0209293
v 0.00116133 0.0218031 -0.0209954
v 0.00127385 0.0218031 -0.021045
v 0.00149625 0.0218031 -0.0210986
v 0.00149992 0.0218023 -4.68365e-06
v 2.68181e-09 0.0218023 0.0055155
v 2.68181e-09 0.0221119 -0.00416237
v 2.9655e-07 0.0283572 -0.00606573
v 2.9655e-07 0.0282568 -0.00651577
v 2.9655e-07 0.0276512 -0.00873706
v 2.9655e-07 0.0264595 -0.0118667
v 2.9655e-07 0.0258674 -0.0131094
v 2.9655e-07 0.0250653 -0.0145834
v 2.9655e-07 0.0246867 -0.0152151
v 2.9655e-07 0.0233921 -0.0171391
v 2.9655e-07 0.0222846 -0.0185553
v 2.9655e-07 0.027561 -0.00901781
v 2.9655e-07 0.026855 -0.0109377
v 0.000702736 0.0231395 -0.0190425
v 0.00070391 0.0220396 -0.0202811
v 0.000772509 0.0219826 -0.0204628
v 0.000856678 0.0220396 -0.0205165
v 0.000950836 0.0220906 -0.020566
v 0.00105351 0.0221332 -0.0206073
v 0.00116251 0.0221672 -0.0206403
v 0.00127547 0.022191 -0.0206651
v 0.00150051 0.0218031 -0.0210945
v 0.00139004 0.0222046 -0.0206775
v 0.00150051 0.0218559 -0.021045
v 0.00150051 0.0218023 0.0183684
v 1.50517e-07 0.0218023 0.0161925
v 2.9655e-07 0.0275619 0.0090167
v 2.9655e-07 0.0276512 0.00873595
v 2.9655e-07 0.0282577 0.00651466
v 2.68181e-09 0.0220319 0.00456588
v 2.68181e-09 0.0223356 -0.00271729
v 2.9655e-07 0.028677 -0.004311
v 0.000703176 0.0295268 -0.00554138
v 0.000703176 0.0292138 -0.00699058
v 0.000703176 0.029167 -0.0071805
v 0.000703028 0.0287145 -0.00879899
v 0.000702882 0.0285588 -0.00928618
v 0.000702588 0.0275372 -0.0119492
v 0.000702294 0.0268159 -0.0134686
v 0.000702588 0.0277048 -0.0115611
v 0.000702148 0.0267036 -0.0136875
v 0.000702148 0.0266713 -0.0137494
v 0.000702 0.0260129 -0.0149426
v 0.000701707 0.0255187 -0.0157642
v 0.000701707 0.0254659 -0.0158468
v 0.000701561 0.0251291 -0.016367
v 0.000701267 0.024167 -0.0177378
v 0.000702882 0.0285545 -0.00929857
v 0.000702736 0.0281709 -0.0103886
v 0.000772949 0.0231522 -0.0191581
v 0.000771333 0.0242368 -0.0177873
v 0.000857265 0.0232143 -0.0192118
v 0.000952012 0.0232688 -0.0192613
v 0.00105528 0.0233147 -0.0192985
v 0.0011653 0.0233513 -0.0193315
v 0.00127929 0.0233776 -0.0193522
v 0.00139489 0.0233929 -0.0193687
v 0.00150051 0.0229217 -0.0199137
v 0.00150051 0.0223135 -0.0205743
v 0.00150051 0.0218023 0.021081
v 2.9655e-07 0.0218023 0.0190992
v 2.9655e-07 0.0222914 0.0185501
v 2.9655e-07 0.0233921 0.017138
v 2.9655e-07 0.0246867 0.015214
v 2.9655e-07 0.0250653 0.0145823
v 2.9655e-07 0.0258683 0.0131083
v 2.9655e-07 0.0264595 0.0118656
v 2.9655e-07 0.026855 0.0109407
v 0.000701707 0.0285571 0.00928507
v 0.000701561 0.0283615 0.00985485
v 0.000701707 0.0288752 0.00825701
v 0.000701854 0.0292954 0.00663852
v 2.9655e-07 0.0283572 0.00606462
v 0.000701854 0.0292121 0.00698947
v 2.9655e-07 0.0286779 0.00430576
v 2.68181e-09 0.0222829 0.00312493
v 2.9655e-07 0.0288378 -0.00305172
v 2.68181e-09 0.0224649 -0.0012557
v 2.9655e-07 0.0289203 -0.00213101
v 0.000703176 0.0296816 -0.00465369
v 0.000703322 0.0297948 -0.00387748
v 0.000857853 0.0293882 -0.00703187
v 0.000772949 0.0293031 -0.00701122
v 0.000772949 0.0297743 -0.00466195
v 0.000857853 0.0298611 -0.00467433
v 0.000772803 0.0286456 -0.00931508
v 0.000772215 0.0267827 -0.0137288
v 0.000772509 0.0278034 -0.011557
v 0.000856972 0.0268584 -0.01377
v 0.000856384 0.025665 -0.0158551
v 0.000771775 0.0255935 -0.0158097
v 0.000806147 0.0242665 -0.0178121
v 0.000857265 0.0278826 -0.0115942
v 0.000857707 0.0287281 -0.00934399
v 0.000855796 0.0243031 -0.017841
v 0.000935852 0.0243542 -0.0178782
v 0.00105513 0.024412 -0.0179195
v 0.00108025 0.0244222 -0.0179277
v 0.00116603 0.0244511 -0.0179525
v 0.00123449 0.024469 -0.0179649
v 0.0012812 0.0244792 -0.0179731
v 0.00150051 0.0229991 -0.019827
v 0.00139416 0.0244945 -0.0179855
v 0.00150051 0.0240641 -0.0185553
v 0.00150051 0.0239544 -0.0186915
v 0.00150051 0.0223467 0.0205443
v 0.00139034 0.0222046 0.0206805
v 0.00138828 0.0218023 0.0210727
v 0.000247811 0.0218023 0.0196112
v 0.000700825 0.0230842 0.0191033
v 0.000701267 0.024167 0.0177367
v 0.000701413 0.025135 0.0163577
v 0.000701413 0.0254336 0.0158994
v 0.000701561 0.0255187 0.0157631
v 0.000701561 0.026291 0.0144502
v 0.000701561 0.0266713 0.0137483
v 0.000701561 0.0267027 0.0136864
v 0.000701561 0.0270694 0.0129556
v 0.000701561 0.0277031 0.0115559
v 0.000701561 0.0277609 0.0114238
v 0.000771333 0.0286447 0.00931398
v 0.000771187 0.0278017 0.0115559
v 0.000856532 0.0293882 0.00703076
v 0.000771481 0.0293014 0.00701012
v 0.000856238 0.0287264 0.00934288
v 0.000702148 0.0296238 0.0049994
v 0.000771627 0.0297735 0.00466084
v 0.000702148 0.0296825 0.00464432
v 0.000702442 0.0298586 0.00334789
v 2.9655e-07 0.0288378 0.00305061
v 2.68181e-09 0.0224385 0.00166747
v 0.000703322 0.0299589 -0.0023168
v 2.9655e-07 0.0289986 -4.68365e-06
v 2.68181e-09 0.0224998 0.000205884
v 0.000703322 0.0300448 -0.00052491
v 0.000703322 0.0299674 -0.00220532
v 0.000772949 0.0300542 -0.00227964
v 0.000857999 0.0301418 -0.0022879
v 0.000954361 0.0294639 -0.00704838
v 0.000954655 0.0302201 -0.00229203
v 0.000954509 0.0299377 -0.00468672
v 0.000952745 0.0269256 -0.0138031
v 0.000952012 0.0257279 -0.0158964
v 0.000953479 0.0279532 -0.0116231
v 0.000954067 0.0288012 -0.00936463
v 0.00105675 0.0257807 -0.0159294
v 0.00116838 0.0258232 -0.0159542
v 0.00128443 0.025853 -0.0159748
v 0.00140209 0.0258708 -0.0159872
v 0.00150051 0.0246646 -0.0177502
v 0.00150051 0.0244996 -0.0179897
v 0.00150051 0.0234567 0.0193015
v 0.00139533 0.0233929 0.0193676
v 0.00127576 0.022191 0.0206681
v 0.00127414 0.0218023 0.0210438
v 0.000599911 0.0218023 0.0203296
v 0.000700385 0.0219197 0.0204039
v 0.000772949 0.0231522 0.0191611
v 0.000776475 0.0242419 0.0177945
v 0.000855062 0.0256641 0.015854
v 0.000770452 0.0255927 0.0158085
v 0.00085565 0.0268584 0.0137689
v 0.000770894 0.0267818 0.0137276
v 0.000855944 0.0278826 0.0115931
v 0.000952745 0.0288004 0.00936765
v 0.000953039 0.0294639 0.00704727
v 0.000953333 0.0299377 0.00468561
v 0.000856532 0.0298603 0.00467323
v 0.000856678 0.0301418 0.00228679
v 0.000771627 0.0300534 0.00227853
v 0.000702588 0.0299606 0.0022744
v 2.9655e-07 0.0289212 0.0021299
v 0.000703322 0.0300499 -4.68365e-06
v 2.9655e-07 0.0289986 -5.54865e-07
v 0.000771627 0.030141 -4.68365e-06
v 0.000856678 0.0302294 -4.68365e-06
v 0.001061 0.0300032 -0.00469911
v 0.00106056 0.0295277 -0.0070649
v 0.00106115 0.0302856 -0.00230029
v 0.000953479 0.0303068 -4.68365e-06
v 0.00106012 0.0303732 -4.68365e-06
v 0.00105909 0.0280127 -0.0116478
v 0.00105807 0.0269826 -0.013832
v 0.00105998 0.0288625 -0.00938527
v 0.00117044 0.0270268 -0.0138567
v 0.00128722 0.0270591 -0.0138733
v 0.00140561 0.0270779 -0.0138815
v 0.00150051 0.0258955 -0.0159583
v 0.00150051 0.0258751 -0.0159913
v 0.00150051 0.0244996 0.0179885
v 0.00139768 0.0244954 0.0179844
v 0.0013517 0.0244903 0.0179803
v 0.00127958 0.0233776 0.0193552
v 0.0011628 0.0221672 0.0206433
v 0.00116163 0.0218023 0.0209984
v 0.00124065 0.0218023 0.0210315
v 0.00116544 0.0233521 0.0193345
v 0.000700237 0.0218023 0.0205195
v 0.000772655 0.0219826 0.0204617
v 0.000857413 0.0232143 0.0192148
v 0.000857853 0.0243048 0.0178399
v 0.000895899 0.0243303 0.0178606
v 0.000950688 0.0257279 0.0158953
v 0.00095157 0.0269256 0.013802
v 0.000952305 0.0279532 0.011622
v 0.00105895 0.0288625 0.00938829
v 0.00105954 0.0295268 0.00706379
v 0.00105983 0.0300032 0.00469387
v 0.00106012 0.0302864 0.00229918
v 0.000953333 0.0302201 0.00229505
v 0.000856678 0.0302294 -5.54865e-07
v 0.000771627 0.030141 -5.54865e-07
v 0.000702736 0.0300015 0.00168399
v 0.000703322 0.0300499 -5.54865e-07
v 0.000953333 0.0303068 -5.54865e-07
v 0.00117485 0.0300542 -0.00470737
v 0.00117426 0.0295779 -0.00707729
v 0.00117514 0.0303383 -0.00230441
v 0.00117338 0.0289118 -0.00940179
v 0.00117441 0.0304268 -4.68365e-06
v 0.00106012 0.0303732 -5.54865e-07
v 0.00117206 0.0280595 -0.0116685
v 0.00128942 0.0280927 -0.0116809
v 0.00150051 0.0274989 -0.0130516
v 0.00150051 0.027083 -0.0138856
v 0.00150051 0.0248637 0.0174931
v 0.00128237 0.02448 0.017972
v 0.00105366 0.0221332 0.0206103
v 0.00105307 0.0218023 0.0209324
v 0.00118704 0.0244571 0.0179555
v 0.00105689 0.0244137 0.0179225
v 0.00105557 0.0233155 0.0193015
v 0.000762521 0.0218023 0.0206227
v 0.000772509 0.0218023 0.0206392
v 0.000856678 0.0220396 0.0205195
v 0.000952158 0.0232696 0.0192602
v 0.000950982 0.0220915 0.020569
v 0.000952893 0.0243635 0.0178853
v 0.00105572 0.0257807 0.0159283
v 0.00105704 0.0269817 0.0138309
v 0.00103383 0.0244026 0.0179142
v 0.00105807 0.0280118 0.0116467
v 0.0011725 0.0289118 0.00940481
v 0.00117338 0.0295779 0.00707618
v 0.00117396 0.0300542 0.00470213
v 0.00117426 0.0303383 0.0023033
v 0.00117441 0.0304268 -5.54865e-07
v 0.00129339 0.0300908 -0.00471149
v 0.00129251 0.0296136 -0.00708554
v 0.00129119 0.0289467 -0.00941417
v 0.00129324 0.0304642 -4.68365e-06
v 0.00129383 0.0303749 -0.00230441
v 0.00140855 0.0281131 -0.0116891
v 0.00150051 0.0277141 -0.0125933
v 0.00150051 0.0250338 0.0172454
v 0.00128384 0.0258538 0.0159737
v 0.00102722 0.0218023 0.0209117
v 0.0011675 0.0258223 0.0159572
v 0.000856532 0.0218023 0.0207507
v 0.000929977 0.0218023 0.0208291
v 0.000950688 0.0218023 0.0208498
v 0.00116956 0.0270277 0.0138556
v 0.00117117 0.0280586 0.0116674
v 0.0012906 0.0289467 0.00941719
v 0.00129192 0.0296144 0.00708443
v 0.00128883 0.0280935 0.0116798
v 0.0012928 0.0300908 0.00471038
v 0.00129324 0.0303757 0.00230743
v 0.00129324 0.0304642 -5.54865e-07
v 0.00141369 0.0301129 -0.00471562
v 0.00150051 0.0299317 -0.0057313
v 0.00150051 0.0298041 -0.00636714
v 0.00141252 0.0296348 -0.00708967
v 0.0014109 0.0289671 -0.00942243
v 0.00141413 0.0304855 -4.68365e-06
v 0.00141428 0.030397 -0.00230854
v 0.00150051 0.0281182 -0.0116933
v 0.00150051 0.0289441 -0.00950914
v 0.00150051 0.0258598 0.016015
v 0.0014018 0.0258708 0.0159861
v 0.00150051 0.0265888 0.0147805
v 0.00150051 0.0267742 0.0144584
v 0.00128663 0.0270591 0.0138721
v 0.00150051 0.02866 0.0102966
v 0.00150051 0.0288293 0.00984246
v 0.00141061 0.028968 0.00942132
v 0.00150051 0.0292367 0.00857079
v 0.00150051 0.0293814 0.00806708
v 0.00141222 0.0296357 0.00709269
v 0.00150051 0.0298109 0.006333
v 0.00150051 0.0299241 0.00577561
v 0.00150051 0.0276971 0.0126335
v 0.00140826 0.0281131 0.011688
v 0.00150051 0.030255 0.00371535
v 0.00150051 0.0303281 0.00310016
v 0.0014134 0.0301137 0.00471451
v 0.00141399 0.0303979 0.00230743
v 0.00150051 0.0304336 0.00185327
v 0.00150051 0.0304565 0.00123808
v 0.00141413 0.0304855 -5.54865e-07
v 0.00150051 0.0303077 -0.00317146
v 0.00150051 0.030118 -0.00471562
v 0.00150051 0.0296399 -0.0070938
v 0.00150051 0.0291381 -0.0088444
v 0.00150051 0.0289722 -0.00942243
v 0.00150051 0.0304923 -5.54865e-07
v 0.00150051 0.0304021 -0.00230854
v 0.00150051 0.0303859 -0.00250672
v 0.00150051 0.0258963 0.0159572
v 0.00150051 0.0270838 0.0138845
v 0.00140532 0.0270787 0.0138845
v 0.00150051 0.0275176 0.0130134
v 0.00150051 0.0281752 0.0115559
v 0.00150051 0.0289731 0.00942545
v 0.00150051 0.0296416 0.00709269
v 0.00150051 0.0297123 0.00679129
v 0.00150051 0.030078 0.00496224
v 0.00150051 0.0281182 0.0116922
v 0.00150051 0.0301189 0.00471451
v 0.00150051 0.030403 0.00230743
v 0.00150051 0.0274258 0.0132033
f 2029 2030 2031
f 2029 2031 2032
f 2029 2032 2033
f 2029 2033 2034
f 2029 2034 2035
f 2029 2035 2036
f 2029 2036 2037
f 2029 2037 2038
f 2029 2038 2039
f 2029 2039 2040
f 2029 2040 2041
f 2029 2041 2042
f 2029 2042 2043
f 2029 2043 2044
f 2029 2044 2069
f 2029 2069 2104
f 2029 2104 2152
f 2029 2152 2199
f 2029 2199 2240
f 2029 2240 2239
f 2029 2239 2273
f 2029 2273 2301
f 2029 2301 2305
f 2029 2305 2304
f 2029 2304 2303
f 2029 2303 2278
f 2029 2278 2277
f 2029 2277 2242
f 2029 2242 2200
f 2029 2200 2153
f 2029 2153 2105
f 2029 2105 2070
f 2029 2070 2045
f 2029 2045 2074
f 2029 2074 2120
f 2029 2120 2175
f 2029 2175 2178
f 2029 2178 2122
f 2029 2122 2075
f 2029 2075 2046
f 2029 2046 2030
f 2030 2046 2047
f 2030 2047 2048
f 2030 2048 2049
f 2030 2049 2031
f 2031 2050 2051
f 2031 2051 2052
f 2031 2052 2053
f 2031 2053 2054
f 2031 2054 2055
f 2031 2055 2032
f 2031 2049 2056
f 2031 2056 2057
f 2031 2057 2050
f 2032 2055 2033
f 2033 2055 2058
f 2033 2058 2059
f 2033 2059 2034
f 2034 2060 2035
f 2034 2059 2060
f 2035 2060 2036
f 2036 2060 2061
f 2036 2061 2062
f 2036 2062 2037
f 2037 2062 2038
f 2038 2062 2039
f 2039 2062 2063
f 2039 2063 2040
f 2040 2063 2041
f 2041 2063 2064
f 2041 2064 2042
f 2042 2064 2065
f 2042 2065 2043
f 2043 2066 2044
f 2043 2065 2067
f 2043 2067 2068
f 2043 2068 2066
f 2044 2066 2069
f 2045 2070 2071
f 2045 2071 2072
f 2045 2072 2073
f 2045 2073 2074
f 2046 2075 2076
f 2046 2076 2047
f 2047 2077 2078
f 2047 2078 2048
f 2047 2076 2077
f 2048 2078 2079
f 2048 2079 2049
f 2049 2079 2080
f 2049 2080 2081
f 2049 2081 2056
f 2050 2082 2083
f 2050 2083 2051
f 2050 2057 2084
f 2050 2084 2082
f 2051 2083 2085
f 2051 2085 2086
f 2051 2086 2052
f 2052 2086 2087
f 2052 2087 2053
f 2053 2088 2089
f 2053 2089 2090
f 2053 2090 2054
f 2053 2087 2088
f 2054 2091 2055
f 2054 2090 2091
f 2055 2091 2058
f 2056 2081 2092
f 2056 2092 2093
f 2056 2093 2057
f 2057 2093 2084
f 2058 2094 2059
f 2058 2091 2095
f 2058 2095 2094
f 2059 2094 2060
f 2060 2094 2096
f 2060 2096 2061
f 2061 2096 2097
f 2061 2097 2062
f 2062 2097 2063
f 2063 2097 2098
f 2063 2098 2099
f 2063 2099 2064
f 2064 2099 2065
f 2065 2099 2100
f 2065 2100 2101
f 2065 2101 2102
f 2065 2102 2067
f 2066 2068 2103
f 2066 2103 2102
f 2066 2102 2146
f 2066 2146 2149
f 2066 2149 2148
f 2066 2148 2195
f 2066 2195 2194
f 2066 2194 2233
f 2066 2233 2232
f 2066 2232 2269
f 2066 2269 2268
f 2066 2268 2298
f 2066 2298 2321
f 2066 2321 2322
f 2066 2322 2349
f 2066 2349 2348
f 2066 2348 2347
f 2066 2347 2316
f 2066 2316 2315
f 2066 2315 2346
f 2066 2346 2345
f 2066 2345 2352
f 2066 2352 2351
f 2066 2351 2350
f 2066 2350 2343
f 2066 2343 2342
f 2066 2342 2364
f 2066 2364 2339
f 2066 2339 2338
f 2066 2338 2363
f 2066 2363 2361
f 2066 2361 2335
f 2066 2335 2334
f 2066 2334 2360
f 2066 2360 2359
f 2066 2359 2332
f 2066 2332 2331
f 2066 2331 2358
f 2066 2358 2329
f 2066 2329 2328
f 2066 2328 2357
f 2066 2357 2362
f 2066 2362 2336
f 2066 2336 2356
f 2066 2356 2365
f 2066 2365 2354
f 2066 2354 2326
f 2066 2326 2325
f 2066 2325 2353
f 2066 2353 2323
f 2066 2323 2299
f 2066 2299 2270
f 2066 2270 2234
f 2066 2234 2196
f 2066 2196 2150
f 2066 2150 2104
f 2066 2104 2069
f 2067 2102 2103
f 2067 2103 2068
f 2070 2105 2106
f 2070 2106 2107
f 2070 2107 2108
f 2070 2108 2109
f 2070 2109 2110
f 2070 2110 2111
f 2070 2111 2112
f 2070 2112 2071
f 2071 2113 2072
f 2071 2112 2114
f 2071 2114 2113
f 2072 2113 2115
f 2072 2115 2073
f 2073 2116 2117
f 2073 2117 2074
f 2073 2115 2118
f 2073 2118 2116
f 2074 2119 2120
f 2074 2117 2119
f 2075 2121 2076
f 2075 2122 2123
f 2075 2123 2121
f 2076 2124 2077
f 2076 2121 2125
f 2076 2125 2124
f 2077 2126 2127
f 2077 2127 2078
f 2077 2124 2128
f 2077 2128 2129
f 2077 2129 2126
f 2078 2127 2079
f 2079 2127 2080
f 2080 2130 2081
f 2080 2127 2130
f 2081 2130 2092
f 2082 2131 2083
f 2082 2084 2132
f 2082 2132 2131
f 2083 2131 2085
f 2084 2093 2132
f 2085 2131 2086
f 2086 2131 2087
f 2087 2131 2133
f 2087 2133 2134
f 2087 2134 2135
f 2087 2135 2088
f 2088 2135 2089
f 2089 2135 2090
f 2090 2136 2095
f 2090 2095 2091
f 2090 2135 2134
f 2090 2134 2136
f 2092 2130 2093
f 2093 2137 2132
f 2093 2130 2138
f 2093 2138 2137
f 2094 2095 2136
f 2094 2136 2096
f 2096 2136 2139
f 2096 2139 2140
f 2096 2140 2097
f 2097 2140 2141
f 2097 2141 2098
f 2098 2141 2142
f 2098 2142 2099
f 2099 2142 2143
f 2099 2143 2144
f 2099 2144 2100
f 2100 2144 2145
f 2100 2145 2101
f 2101 2146 2102
f 2101 2145 2147
f 2101 2147 2148
f 2101 2148 2149
f 2101 2149 2146
f 2104 2150 2151
f 2104 2151 2152
f 2105 2153 2106
f 2106 2153 2154
f 2106 2154 2155
f 2106 2155 2107
f 2107 2155 2156
f 2107 2156 2108
f 2108 2157 2158
f 2108 2158 2109
f 2108 2156 2157
f 2109 2158 2159
f 2109 2159 2110
f 2110 2159 2160
f 2110 2160 2161
f 2110 2161 2162
f 2110 2162 2111
f 2111 2162 2163
f 2111 2163 2164
f 2111 2164 2112
f 2112 2164 2114
f 2113 2165 2115
f 2113 2114 2165
f 2114 2164 2166
f 2114 2166 2165
f 2115 2167 2168
f 2115 2168 2118
f 2115 2165 2169
f 2115 2169 2167
f 2116 2170 2117
f 2116 2118 2168
f 2116 2168 2171
f 2116 2171 2170
f 2117 2170 2119
f 2119 2170 2172
f 2119 2172 2173
f 2119 2173 2174
f 2119 2174 2120
f 2120 2174 2175
f 2121 2123 2176
f 2121 2176 2125
f 2122 2177 2123
f 2122 2178 2177
f 2123 2177 2179
f 2123 2179 2180
f 2123 2180 2176
f 2124 2125 2128
f 2125 2176 2181
f 2125 2181 2182
f 2125 2182 2129
f 2125 2129 2128
f 2126 2183 2138
f 2126 2138 2130
f 2126 2130 2127
f 2126 2129 2183
f 2129 2182 2184
f 2129 2184 2185
f 2129 2185 2183
f 2131 2132 2137
f 2131 2137 2133
f 2133 2186 2187
f 2133 2187 2134
f 2133 2137 2188
f 2133 2188 2186
f 2134 2187 2140
f 2134 2140 2139
f 2134 2139 2136
f 2137 2138 2188
f 2138 2189 2188
f 2138 2183 2189
f 2140 2187 2141
f 2141 2187 2190
f 2141 2190 2142
f 2142 2190 2143
f 2143 2190 2191
f 2143 2191 2144
f 2144 2191 2192
f 2144 2192 2145
f 2145 2192 2193
f 2145 2193 2147
f 2147 2193 2194
f 2147 2194 2195
f 2147 2195 2148
f 2150 2196 2197
f 2150 2197 2151
f 2151 2198 2152
f 2151 2197 2198
f 2152 2198 2199
f 2153 2200 2201
f 2153 2201 2154
f 2154 2201 2202
f 2154 2202 2203
f 2154 2203 2155
f 2155 2203 2156
f 2156 2203 2204
f 2156 2204 2205
f 2156 2205 2157
f 2157 2205 2158
f 2158 2205 2159
f 2159 2206 2207
f 2159 2207 2160
f 2159 2205 2204
f 2159 2204 2206
f 2160 2207 2161
f 2161 2207 2162
f 2162 2207 2206
f 2162 2206 2208
f 2162 2208 2166
f 2162 2166 2163
f 2163 2166 2164
f 2165 2166 2208
f 2165 2208 2169
f 2167 2169 2209
f 2167 2209 2210
f 2167 2210 2211
f 2167 2211 2212
f 2167 2212 2171
f 2167 2171 2168
f 2169 2208 2209
f 2170 2171 2172
f 2171 2212 2173
f 2171 2173 2172
f 2173 2212 2213
f 2173 2213 2214
f 2173 2214 2215
f 2173 2215 2174
f 2174 2215 2216
f 2174 2216 2175
f 2175 2216 2178
f 2176 2180 2181
f 2177 2217 2179
f 2177 2178 2218
f 2177 2218 2258
f 2177 2258 2217
f 2178 2216 2218
f 2179 2217 2219
f 2179 2219 2181
f 2179 2181 2180
f 2181 2219 2220
f 2181 2220 2182
f 2182 2220 2184
f 2183 2185 2221
f 2183 2221 2222
f 2183 2222 2189
f 2184 2223 2221
f 2184 2221 2185
f 2184 2220 2224
f 2184 2224 2225
f 2184 2225 2223
f 2186 2188 2226
f 2186 2226 2227
f 2186 2227 2187
f 2187 2227 2190
f 2188 2189 2226
f 2189 2228 2226
f 2189 2222 2228
f 2190 2227 2229
f 2190 2229 2191
f 2191 2229 2192
f 2192 2229 2230
f 2192 2230 2193
f 2193 2230 2231
f 2193 2231 2232
f 2193 2232 2233
f 2193 2233 2194
f 2196 2234 2235
f 2196 2235 2197
f 2197 2235 2236
f 2197 2236 2237
f 2197 2237 2198
f 2198 2238 2239
f 2198 2239 2240
f 2198 2240 2199
f 2198 2237 2241
f 2198 2241 2238
f 2200 2242 2201
f 2201 2242 2243
f 2201 2243 2202
f 2202 2243 2244
f 2202 2244 2203
f 2203 2245 2204
f 2203 2244 2245
f 2204 2245 2246
f 2204 2246 2247
f 2204 2247 2206
f 2206 2247 2248
f 2206 2248 2249
f 2206 2249 2208
f 2208 2249 2209
f 2209 2249 2250
f 2209 2250 2210
f 2210 2250 2251
f 2210 2251 2252
f 2210 2252 2211
f 2211 2252 2253
f 2211 2253 2254
f 2211 2254 2212
f 2212 2254 2213
f 2213 2254 2255
f 2213 2255 2256
f 2213 2256 2214
f 2214 2256 2257
f 2214 2257 2215
f 2215 2257 2216
f 2216 2257 2218
f 2217 2258 2256
f 2217 2256 2219
f 2218 2257 2258
f 2219 2256 2255
f 2219 2255 2220
f 2220 2255 2259
f 2220 2259 2224
f 2221 2260 2261
f 2221 2261 2222
f 2221 2223 2262
f 2221 2262 2260
f 2222 2261 2263
f 2222 2263 2228
f 2223 2225 2264
f 2223 2264 2262
f 2224 2259 2225
f 2225 2259 2265
f 2225 2265 2291
f 2225 2291 2264
f 2226 2266 2227
f 2226 2228 2263
f 2226 2263 2266
f 2227 2266 2229
f 2229 2266 2230
f 2230 2266 2267
f 2230 2267 2268
f 2230 2268 2231
f 2231 2268 2269
f 2231 2269 2232
f 2234 2270 2235
f 2235 2270 2236
f 2236 2270 2271
f 2236 2271 2237
f 2237 2271 2241
f 2238 2272 2239
f 2238 2241 2272
f 2239 2272 2273
f 2241 2271 2274
f 2241 2274 2275
f 2241 2275 2276
f 2241 2276 2272
f 2242 2277 2243
f 2243 2277 2278
f 2243 2278 2279
f 2243 2279 2244
f 2244 2280 2246
f 2244 2246 2245
f 2244 2279 2281
f 2244 2281 2280
f 2246 2280 2282
f 2246 2282 2247
f 2247 2283 2284
f 2247 2284 2248
f 2247 2282 2285
f 2247 2285 2275
f 2247 2275 2283
f 2248 2284 2286
f 2248 2286 2249
f 2249 2286 2250
f 2250 2286 2287
f 2250 2287 2288
f 2250 2288 2251
f 2251 2288 2252
f 2252 2289 2290
f 2252 2290 2253
f 2252 2288 2289
f 2253 2290 2291
f 2253 2291 2265
f 2253 2265 2259
f 2253 2259 2254
f 2254 2259 2255
f 2256 2258 2257
f 2260 2262 2292
f 2260 2292 2293
f 2260 2293 2261
f 2261 2293 2294
f 2261 2294 2263
f 2262 2264 2295
f 2262 2295 2296
f 2262 2296 2292
f 2263 2294 2266
f 2264 2291 2313
f 2264 2313 2295
f 2266 2294 2267
f 2267 2297 2298
f 2267 2298 2268
f 2267 2294 2297
f 2270 2299 2300
f 2270 2300 2271
f 2271 2300 2274
f 2272 2281 2273
f 2272 2276 2281
f 2273 2281 2301
f 2274 2300 2302
f 2274 2302 2275
f 2275 2285 2280
f 2275 2280 2276
f 2275 2302 2283
f 2276 2280 2281
f 2278 2303 2279
f 2279 2303 2304
f 2279 2304 2281
f 2280 2285 2282
f 2281 2304 2305
f 2281 2305 2301
f 2283 2302 2306
f 2283 2306 2284
f 2284 2306 2286
f 2286 2306 2307
f 2286 2307 2287
f 2287 2308 2309
f 2287 2309 2288
f 2287 2307 2310
f 2287 2310 2308
f 2288 2309 2289
f 2289 2311 2312
f 2289 2312 2290
f 2289 2309 2311
f 2290 2312 2291
f 2291 2312 2313
f 2292 2314 2315
f 2292 2315 2316
f 2292 2316 2293
f 2292 2296 2314
f 2293 2316 2317
f 2293 2317 2318
f 2293 2318 2294
f 2294 2318 2297
f 2295 2313 2344
f 2295 2344 2319
f 2295 2319 2320
f 2295 2320 2296
f 2296 2320 2314
f 2297 2321 2298
f 2297 2318 2322
f 2297 2322 2321
f 2299 2323 2324
f 2299 2324 2300
f 2300 2324 2325
f 2300 2325 2326
f 2300 2326 2327
f 2300 2327 2306
f 2300 2306 2302
f 2306 2327 2310
f 2306 2310 2307
f 2308 2328 2329
f 2308 2329 2330
f 2308 2330 2331
f 2308 2331 2332
f 2308 2332 2309
f 2308 2310 2328
f 2309 2332 2333
f 2309 2333 2334
f 2309 2334 2335
f 2309 2335 2311
f 2310 2327 2336
f 2310 2336 2337
f 2310 2337 2328
f 2311 2338 2339
f 2311 2339 2312
f 2311 2335 2340
f 2311 2340 2338
f 2312 2341 2342
f 2312 2342 2313
f 2312 2339 2341
f 2313 2342 2343
f 2313 2343 2344
f 2314 2320 2345
f 2314 2345 2346
f 2314 2346 2315
f 2316 2347 2317
f 2317 2347 2318
f 2318 2347 2348
f 2318 2348 2349
f 2318 2349 2322
f 2319 2344 2350
f 2319 2350 2320
f 2320 2351 2352
f 2320 2352 2345
f 2320 2350 2351
f 2323 2353 2324
f 2324 2353 2325
f 2326 2354 2355
f 2326 2355 2327
f 2327 2355 2356
f 2327 2356 2336
f 2328 2337 2357
f 2329 2358 2330
f 2330 2358 2331
f 2332 2359 2333
f 2333 2359 2360
f 2333 2360 2334
f 2335 2361 2340
f 2336 2362 2337
f 2337 2362 2357
f 2338 2340 2363
f 2339 2364 2341
f 2340 2361 2363
f 2341 2364 2342
f 2343 2350 2344
f 2354 2365 2355
f 2355 2365 2356
o convex_14
v 0.00296989 -0.0232424 0.0184687
v 0.00296989 -0.0232424 0.0189636
v 0.00296989 -0.0216389 0.0184687
v 0.0146407 -0.0232424 0.0184687
v 0.00296989 -0.0231831 0.0190395
v 0.0132982 -0.0232424 0.0189673
v 0.00296989 -0.0182011 0.0218996
v 0.0119382 -0.0195429 0.018574
v 0.0120589 -0.0196244 0.0184687
v 0.014937 -0.0207604 0.0184687
v 0.00927091 -0.0182011 0.0238473
v 0.00296989 -0.0231185 0.0191184
v 0.0132104 -0.0232113 0.0190063
v 0.00929903 -0.0183373 0.0237431
v 0.00950285 -0.0191313 0.0231086
v 0.00975588 -0.0198479 0.0224957
v 0.0100593 -0.0204895 0.0219128
v 0.0102186 -0.0207674 0.0216495
v 0.0104529 -0.0211212 0.0213041
v 0.0109214 -0.0216942 0.0207212
v 0.0114005 -0.0221467 0.0202368
v 0.0119792 -0.0225746 0.0197582
v 0.0125274 -0.0228959 0.0193854
v 0.00296989 -0.0182011 0.0238473
v 0.0106567 -0.0182011 0.0202642
v 0.0114521 -0.019154 0.0190816
v 0.010659 -0.0182011 0.0204374
v 0.0106672 -0.0182011 0.0221039
v 0.0106649 -0.0182011 0.0221998
v 0.00390819 -0.0182011 0.0238478
v 0.00296989 -0.0230839 0.0191595
v 0.0129948 -0.0231205 0.0191163
v 0.00296989 -0.0188954 0.0232997
v 0.00296989 -0.0199521 0.0223977
v 0.00296989 -0.0207155 0.0216996
v 0.00296989 -0.0207649 0.0216522
v 0.00296989 -0.0211972 0.0212288
v 0.00296989 -0.0220377 0.0203463
v 0.00296989 -0.0230351 0.0192164
f 2366 2367 2370
f 2366 2370 2377
f 2366 2377 2396
f 2366 2396 2404
f 2366 2404 2403
f 2366 2403 2402
f 2366 2402 2401
f 2366 2401 2400
f 2366 2400 2399
f 2366 2399 2398
f 2366 2398 2389
f 2366 2389 2372
f 2366 2372 2368
f 2366 2368 2374
f 2366 2374 2375
f 2366 2375 2369
f 2366 2369 2371
f 2366 2371 2367
f 2367 2371 2370
f 2368 2372 2373
f 2368 2373 2374
f 2369 2375 2376
f 2369 2376 2371
f 2370 2371 2378
f 2370 2378 2377
f 2371 2376 2379
f 2371 2379 2380
f 2371 2380 2381
f 2371 2381 2382
f 2371 2382 2383
f 2371 2383 2384
f 2371 2384 2385
f 2371 2385 2386
f 2371 2386 2387
f 2371 2387 2388
f 2371 2388 2378
f 2372 2389 2395
f 2372 2395 2376
f 2372 2376 2394
f 2372 2394 2393
f 2372 2393 2392
f 2372 2392 2390
f 2372 2390 2391
f 2372 2391 2373
f 2373 2391 2390
f 2373 2390 2374
f 2374 2390 2375
f 2375 2390 2392
f 2375 2392 2393
f 2375 2393 2394
f 2375 2394 2376
f 2376 2395 2379
f 2377 2378 2397
f 2377 2397 2388
f 2377 2388 2396
f 2378 2388 2397
f 2379 2395 2398
f 2379 2398 2380
f 2380 2398 2399
f 2380 2399 2381
f 2381 2399 2382
f 2382 2399 2400
f 2382 2400 2383
f 2383 2400 2401
f 2383 2401 2384
f 2384 2401 2402
f 2384 2402 2385
f 2385 2402 2403
f 2385 2403 2386
f 2386 2403 2387
f 2387 2403 2404
f 2387 2404 2388
f 2388 2404 2396
f 2389 2398 2395
o convex_15
v 0.00321064 0.0289928 4.01661e-05
v 0.00321064 0.0304925 4.01661e-05
v 0.0223434 0.0289932 4.01661e-05
v 0.00321064 0.0267511 0.0110537
v 0.00321064 0.0304431 0.00173704
v 0.00366765 0.0304925 4.01661e-05
v 0.0223434 0.0304922 4.01661e-05
v 0.0223434 0.0267591 0.0110537
v 0.00321064 0.0283724 0.0110537
v 0.00321064 0.030442 0.00175429
v 0.0223434 0.0304046 0.002275
v 0.0223434 0.0283676 0.0110537
v 0.00321064 0.0287591 0.0100446
v 0.021287 0.028368 0.0110537
v 0.00321064 0.0304039 0.00232351
v 0.0223434 0.0303903 0.00248953
v 0.0223434 0.0288884 0.00968023
v 0.00321064 0.0288031 0.00992818
v 0.00321064 0.0303079 0.00333258
v 0.0223434 0.0303552 0.00285931
v 0.0223434 0.0289375 0.00953684
v 0.00321064 0.0289335 0.0095487
v 0.00321064 0.0302933 0.00344901
v 0.0223434 0.0301754 0.00430715
v 0.0223434 0.0289503 0.00949803
v 0.00321064 0.0289727 0.00943119
v 0.00321064 0.0289375 0.00953684
v 0.00321064 0.0302882 0.00348674
v 0.0223434 0.030112 0.00477287
v 0.0223434 0.0290671 0.00912179
v 0.00321064 0.0289822 0.00940101
v 0.00321064 0.0301201 0.0047222
v 0.0223434 0.030093 0.00488823
v 0.0223434 0.0295172 0.00757045
v 0.00321064 0.0293279 0.00827766
v 0.00321064 0.0292913 0.0084038
v 0.00321064 0.0300684 0.00503484
v 0.0223434 0.0299359 0.00573666
v 0.00321064 0.030056 0.00510384
v 0.0223434 0.0296322 0.00713815
v 0.00321064 0.0296421 0.00709718
v 0.0223434 0.0298663 0.00610321
v 0.00321064 0.0298663 0.00610321
v 0.0223434 0.0296641 0.00700231
v 0.00321064 0.0297293 0.00672848
f 2405 2406 2410
f 2405 2410 2411
f 2405 2411 2407
f 2405 2407 2408
f 2405 2408 2413
f 2405 2413 2417
f 2405 2417 2422
f 2405 2422 2426
f 2405 2426 2431
f 2405 2431 2430
f 2405 2430 2435
f 2405 2435 2440
f 2405 2440 2439
f 2405 2439 2445
f 2405 2445 2449
f 2405 2449 2447
f 2405 2447 2443
f 2405 2443 2441
f 2405 2441 2436
f 2405 2436 2432
f 2405 2432 2427
f 2405 2427 2423
f 2405 2423 2419
f 2405 2419 2414
f 2405 2414 2409
f 2405 2409 2406
f 2406 2409 2410
f 2407 2411 2415
f 2407 2415 2420
f 2407 2420 2424
f 2407 2424 2428
f 2407 2428 2433
f 2407 2433 2437
f 2407 2437 2442
f 2407 2442 2446
f 2407 2446 2448
f 2407 2448 2444
f 2407 2444 2438
f 2407 2438 2434
f 2407 2434 2429
f 2407 2429 2425
f 2407 2425 2421
f 2407 2421 2416
f 2407 2416 2412
f 2407 2412 2408
f 2408 2412 2416
f 2408 2416 2418
f 2408 2418 2413
f 2409 2414 2415
f 2409 2415 2411
f 2409 2411 2410
f 2413 2418 2417
f 2414 2419 2420
f 2414 2420 2415
f 2416 2421 2417
f 2416 2417 2418
f 2417 2421 2422
f 2419 2423 2424
f 2419 2424 2420
f 2421 2425 2426
f 2421 2426 2422
f 2423 2427 2428
f 2423 2428 2424
f 2425 2429 2430
f 2425 2430 2431
f 2425 2431 2426
f 2427 2432 2428
f 2428 2432 2433
f 2429 2434 2435
f 2429 2435 2430
f 2432 2436 2433
f 2433 2436 2437
f 2434 2438 2439
f 2434 2439 2440
f 2434 2440 2435
f 2436 2441 2437
f 2437 2441 2443
f 2437 2443 2442
f 2438 2444 2445
f 2438 2445 2439
f 2442 2443 2447
f 2442 2447 2446
f 2444 2448 2449
f 2444 2449 2445
f 2446 2447 2449
f 2446 2449 2448
o convex_16
v 0.0124021 0.0218023 0.017707
v 0.0124125 0.0218023 0.0184659
v 0.00999978 0.0134901 0.0239521
v 0.00934014 0.0134901 0.0239566
v 0.012065 0.0215915 0.0178938
v 0.00178451 0.0218015 0.0189168
v 0.00178451 0.0218023 0.0189294
v 0.0123907 0.0218023 0.019383
v 0.00999978 0.0134901 0.0256694
v 0.00178451 0.0134901 0.0252185
v 0.00178451 0.0218023 0.0210842
v 0.0102505 0.0218023 0.0210994
v 0.00899992 0.0158914 0.0256236
v 0.00899992 0.0152453 0.0259901
v 0.00899992 0.0144625 0.0264095
v 0.00899992 0.0134901 0.0268811
v 0.00994776 0.0134901 0.0257359
v 0.00178451 0.0134901 0.0268793
v 0.00178451 0.0211944 0.0216877
v 0.0102235 0.0217689 0.0211336
v 0.00972823 0.0218023 0.0210994
v 0.00986036 0.0211952 0.0216868
v 0.00956072 0.0205557 0.022268
v 0.00934014 0.0198957 0.0228302
v 0.00918304 0.0192277 0.0233673
v 0.00909148 0.0186507 0.0238057
v 0.0090509 0.018287 0.0240697
v 0.009002 0.0173529 0.0247146
v 0.00899992 0.0171039 0.0248772
v 0.00178451 0.0158849 0.0256272
v 0.00178451 0.015295 0.0259631
v 0.00178451 0.01526 0.025982
v 0.00178451 0.0143844 0.0264499
v 0.00178451 0.0143161 0.0264832
v 0.00640508 0.0134901 0.026882
v 0.00627086 0.0134901 0.026882
v 0.00178451 0.0211716 0.0217084
v 0.00178451 0.0199698 0.0227692
v 0.00178451 0.0199397 0.0227934
v 0.00918824 0.019257 0.023344
v 0.00915911 0.0191015 0.0234644
v 0.00178451 0.01868 0.0237832
v 0.00178451 0.0186654 0.023794
v 0.00178451 0.0173219 0.0247353
f 2450 2451 2452
f 2450 2452 2453
f 2450 2453 2454
f 2450 2454 2455
f 2450 2455 2456
f 2450 2456 2460
f 2450 2460 2470
f 2450 2470 2461
f 2450 2461 2457
f 2450 2457 2451
f 2451 2457 2458
f 2451 2458 2452
f 2452 2458 2466
f 2452 2466 2465
f 2452 2465 2484
f 2452 2484 2485
f 2452 2485 2467
f 2452 2467 2459
f 2452 2459 2453
f 2453 2459 2455
f 2453 2455 2454
f 2455 2459 2467
f 2455 2467 2483
f 2455 2483 2482
f 2455 2482 2481
f 2455 2481 2480
f 2455 2480 2479
f 2455 2479 2493
f 2455 2493 2492
f 2455 2492 2491
f 2455 2491 2488
f 2455 2488 2487
f 2455 2487 2486
f 2455 2486 2468
f 2455 2468 2460
f 2455 2460 2456
f 2457 2461 2462
f 2457 2462 2463
f 2457 2463 2464
f 2457 2464 2465
f 2457 2465 2466
f 2457 2466 2458
f 2460 2468 2469
f 2460 2469 2470
f 2461 2470 2469
f 2461 2469 2471
f 2461 2471 2472
f 2461 2472 2473
f 2461 2473 2474
f 2461 2474 2475
f 2461 2475 2476
f 2461 2476 2477
f 2461 2477 2478
f 2461 2478 2462
f 2462 2478 2479
f 2462 2479 2480
f 2462 2480 2463
f 2463 2480 2481
f 2463 2481 2464
f 2464 2481 2482
f 2464 2482 2483
f 2464 2483 2465
f 2465 2483 2484
f 2467 2485 2483
f 2468 2486 2472
f 2468 2472 2471
f 2468 2471 2469
f 2472 2486 2487
f 2472 2487 2473
f 2473 2487 2488
f 2473 2488 2489
f 2473 2489 2474
f 2474 2490 2475
f 2474 2489 2488
f 2474 2488 2491
f 2474 2491 2490
f 2475 2490 2491
f 2475 2491 2492
f 2475 2492 2476
f 2476 2492 2493
f 2476 2493 2477
f 2477 2493 2478
f 2478 2493 2479
f 2483 2485 2484
o convex_17
v 0.00150704 -0.00883654 -0.0286691
v 0.00150704 -0.00883654 -0.0270882
v 0.00150704 -0.00876191 -0.0286922
v 0.00417763 -0.00883654 -0.0286691
v 0.00937745 -0.00883654 -0.0260362
v 0.00150704 0.00271442 -0.0283616
v 0.00899998 -0.00810379 -0.0288842
v 0.00150704 -0.00732468 -0.0290916
v 0.00899998 -0.00883654 -0.0286671
v 0.00999937 -0.00883654 -0.0260037
v 0.00937994 0.00271442 -0.0273581
v 0.00150704 0.00271442 -0.0298662
v 0.00999937 -0.00832995 -0.0277783
v 0.00899998 -0.0067706 -0.0292258
v 0.00999937 -0.00669823 -0.0282161
v 0.00150704 -0.00588293 -0.0294167
v 0.0092095 -0.00883654 -0.0284488
v 0.00999937 -0.00883654 -0.0276105
v 0.0100002 0.00166166 -0.0289523
v 0.0100002 0.00271442 -0.0288616
v 0.00999937 0.00271442 -0.0273507
v 0.00992287 0.00271442 -0.0273503
v 0.00150704 0.00170802 -0.0299511
v 0.00431481 0.00271442 -0.029867
v 0.00952877 -0.00883654 -0.028112
v 0.00899998 -0.00562059 -0.0294683
v 0.00999937 -0.0050405 -0.0285584
v 0.00150704 -0.00562059 -0.0294679
v 0.00999937 -0.00336241 -0.0288044
v 0.00999937 -0.00167076 -0.0289519
v 0.00999937 -5.91328e-07 -0.0289997
v 0.00899998 -5.91328e-07 -0.03
v 0.00899998 0.00177474 -0.0299468
v 0.00960942 0.00271442 -0.0292532
v 0.00150704 -5.91328e-07 -0.0299996
v 0.00899998 0.00271442 -0.0298631
v 0.00899998 -0.00543966 -0.0295024
v 0.00899998 -0.00407933 -0.0297211
v 0.00150704 -0.00444005 -0.029669
v 0.00899998 -0.00273257 -0.0298752
v 0.00899998 -0.0021977 -0.0299194
v 0.00899998 -0.00135527 -0.0299691
v 0.00150704 -0.00146383 -0.029964
v 0.00150704 -0.00442309 -0.0296714
v 0.00150704 -0.00294968 -0.0298545
v 0.00150704 -0.00147966 -0.0299636
f 2494 2495 2499
f 2494 2499 2505
f 2494 2505 2516
f 2494 2516 2528
f 2494 2528 2536
f 2494 2536 2539
f 2494 2539 2538
f 2494 2538 2537
f 2494 2537 2532
f 2494 2532 2521
f 2494 2521 2509
f 2494 2509 2501
f 2494 2501 2496
f 2494 2496 2497
f 2494 2497 2502
f 2494 2502 2510
f 2494 2510 2518
f 2494 2518 2511
f 2494 2511 2503
f 2494 2503 2498
f 2494 2498 2495
f 2495 2498 2499
f 2496 2500 2497
f 2496 2501 2500
f 2497 2500 2502
f 2498 2503 2504
f 2498 2504 2499
f 2499 2504 2515
f 2499 2515 2514
f 2499 2514 2513
f 2499 2513 2527
f 2499 2527 2529
f 2499 2529 2517
f 2499 2517 2505
f 2500 2506 2502
f 2500 2501 2507
f 2500 2507 2508
f 2500 2508 2506
f 2501 2509 2507
f 2502 2506 2510
f 2503 2511 2512
f 2503 2512 2513
f 2503 2513 2514
f 2503 2514 2515
f 2503 2515 2504
f 2505 2517 2516
f 2506 2511 2518
f 2506 2518 2510
f 2506 2508 2512
f 2506 2512 2511
f 2507 2509 2519
f 2507 2519 2508
f 2508 2519 2520
f 2508 2520 2512
f 2509 2521 2519
f 2512 2520 2522
f 2512 2522 2523
f 2512 2523 2524
f 2512 2524 2525
f 2512 2525 2526
f 2512 2526 2513
f 2513 2526 2527
f 2516 2517 2526
f 2516 2526 2525
f 2516 2525 2528
f 2517 2529 2526
f 2519 2521 2530
f 2519 2530 2520
f 2520 2530 2531
f 2520 2531 2522
f 2521 2532 2530
f 2522 2533 2523
f 2522 2531 2533
f 2523 2533 2534
f 2523 2534 2535
f 2523 2535 2524
f 2524 2535 2525
f 2525 2535 2528
f 2526 2529 2527
f 2528 2535 2536
f 2530 2532 2531
f 2531 2532 2537
f 2531 2537 2538
f 2531 2538 2533
f 2533 2538 2534
f 2534 2538 2539
f 2534 2539 2535
f 2535 2539 2536
o convex_18
v 0.00321064 0.026751 0.0110537
v 0.00321064 0.0283719 0.0110537
v 0.0223434 0.0267588 0.0110537
v 0.0126225 0.0237328 0.0164646
v 0.00321064 0.0237328 0.016484
v 0.00321064 0.0281857 0.0115404
v 0.0223434 0.0283424 0.0111196
v 0.021287 0.0283678 0.0110537
v 0.0223434 0.0283674 0.0110537
v 0.0223434 0.0237328 0.0164918
v 0.00321064 0.0237328 0.0189574
v 0.00321064 0.0281839 0.0115451
v 0.0223434 0.0281321 0.0116676
v 0.0223434 0.0237328 0.0179924
v 0.0129072 0.0237328 0.0189713
v 0.0129297 0.0237423 0.0189605
v 0.0134354 0.0239153 0.0187465
v 0.00321064 0.0244172 0.0180993
v 0.00321064 0.0281194 0.0116986
v 0.0223434 0.028108 0.0117257
v 0.0223434 0.0245003 0.0179924
v 0.0142988 0.0241411 0.0184613
v 0.00321064 0.0244526 0.0180544
v 0.00321064 0.0276089 0.0128372
v 0.0223434 0.0276089 0.0128372
v 0.0223434 0.0258845 0.0159787
v 0.00321064 0.0248718 0.0174839
v 0.00321064 0.0244976 0.0179955
v 0.00321064 0.0244885 0.0180079
v 0.017054 0.0244748 0.0180265
v 0.0159827 0.0243999 0.0181265
v 0.0150743 0.0242855 0.0182761
v 0.0143475 0.024152 0.0184474
v 0.00321064 0.0275031 0.0130581
v 0.0223434 0.0275703 0.0129178
v 0.0223434 0.0258995 0.0159554
v 0.00321064 0.0258586 0.0160197
v 0.00321064 0.0274745 0.0131154
v 0.0223434 0.0272184 0.0136239
v 0.0223434 0.0261834 0.0154748
v 0.00321064 0.0266516 0.0146835
v 0.00321064 0.0258995 0.0159554
v 0.00321064 0.0270844 0.0138913
v 0.0223434 0.0270753 0.0139084
v 0.0223434 0.0269481 0.014144
v 0.00321064 0.026737 0.0145362
v 0.00321064 0.0266747 0.0146439
f 2540 2541 2547
f 2540 2547 2548
f 2540 2548 2542
f 2540 2542 2543
f 2540 2543 2544
f 2540 2544 2550
f 2540 2550 2557
f 2540 2557 2562
f 2540 2562 2568
f 2540 2568 2567
f 2540 2567 2566
f 2540 2566 2576
f 2540 2576 2581
f 2540 2581 2580
f 2540 2580 2586
f 2540 2586 2585
f 2540 2585 2582
f 2540 2582 2577
f 2540 2577 2573
f 2540 2573 2563
f 2540 2563 2558
f 2540 2558 2551
f 2540 2551 2545
f 2540 2545 2541
f 2541 2545 2546
f 2541 2546 2547
f 2542 2548 2546
f 2542 2546 2552
f 2542 2552 2559
f 2542 2559 2564
f 2542 2564 2574
f 2542 2574 2578
f 2542 2578 2583
f 2542 2583 2584
f 2542 2584 2579
f 2542 2579 2575
f 2542 2575 2565
f 2542 2565 2560
f 2542 2560 2553
f 2542 2553 2549
f 2542 2549 2543
f 2543 2549 2553
f 2543 2553 2554
f 2543 2554 2550
f 2543 2550 2544
f 2545 2551 2552
f 2545 2552 2546
f 2546 2548 2547
f 2550 2554 2555
f 2550 2555 2556
f 2550 2556 2557
f 2551 2558 2559
f 2551 2559 2552
f 2553 2560 2554
f 2554 2560 2555
f 2555 2560 2556
f 2556 2560 2561
f 2556 2561 2557
f 2557 2561 2562
f 2558 2563 2559
f 2559 2563 2564
f 2560 2565 2566
f 2560 2566 2567
f 2560 2567 2568
f 2560 2568 2569
f 2560 2569 2570
f 2560 2570 2571
f 2560 2571 2572
f 2560 2572 2561
f 2561 2572 2562
f 2562 2572 2571
f 2562 2571 2568
f 2563 2573 2574
f 2563 2574 2564
f 2565 2575 2576
f 2565 2576 2566
f 2568 2571 2570
f 2568 2570 2569
f 2573 2577 2578
f 2573 2578 2574
f 2575 2579 2580
f 2575 2580 2581
f 2575 2581 2576
f 2577 2582 2578
f 2578 2582 2583
f 2579 2584 2585
f 2579 2585 2586
f 2579 2586 2580
f 2582 2585 2583
f 2583 2585 2584
o convex_19
v 0.00150096 0.0262089 -0.0112809
v 0.00150096 0.028276 -0.0112809
v 0.00321063 0.0266645 -0.0112809
v 0.00321063 0.0289941 -4.25477e-06
v 0.00150096 0.0285449 -4.25477e-06
v 0.00150649 0.0282764 -0.0112809
v 0.00150096 0.0287404 -0.0100535
v 0.00321063 0.0282777 -0.0112809
v 0.00321063 0.0304937 -4.25477e-06
v 0.00150096 0.030492 -4.25477e-06
v 0.00152774 0.0282777 -0.0112809
v 0.00152992 0.0289379 -0.00953688
v 0.00150096 0.028945 -0.00950928
v 0.00321063 0.0289379 -0.00953688
v 0.00153427 0.0304937 -4.25477e-06
v 0.00321063 0.0304916 -6.49655e-05
v 0.0015341 0.0304052 -0.00230904
v 0.00150096 0.0304035 -0.00230794
v 0.00150096 0.0289732 -0.00942539
v 0.00152992 0.0289748 -0.00942539
v 0.00321063 0.0290084 -0.00930949
v 0.00321063 0.0304098 -0.00218762
v 0.00321063 0.0304039 -0.00232339
v 0.00321063 0.0304035 -0.00233112
v 0.0015341 0.0303825 -0.0025861
v 0.00150096 0.0303867 -0.00250883
v 0.00150096 0.0291393 -0.00884589
v 0.00153193 0.029643 -0.00709412
v 0.00321063 0.0296422 -0.00709743
v 0.00321063 0.0303825 -0.0025861
v 0.00321063 0.0303754 -0.00264571
v 0.00153343 0.0301208 -0.00471758
v 0.00150096 0.0303083 -0.00317444
v 0.00150096 0.0296413 -0.00709301
v 0.00150096 0.0298054 -0.00636559
v 0.0015326 0.0298662 -0.00610399
v 0.00321063 0.0296548 -0.00704224
v 0.00321063 0.0301346 -0.00460499
v 0.00321063 0.0298788 -0.00603555
v 0.00150096 0.0299325 -0.005732
v 0.00150096 0.0301187 -0.00471648
v 0.00321063 0.0301199 -0.004722
v 0.00321063 0.0298662 -0.00610399
f 2587 2588 2592
f 2587 2592 2597
f 2587 2597 2594
f 2587 2594 2589
f 2587 2589 2590
f 2587 2590 2591
f 2587 2591 2596
f 2587 2596 2604
f 2587 2604 2612
f 2587 2612 2619
f 2587 2619 2627
f 2587 2627 2626
f 2587 2626 2621
f 2587 2621 2620
f 2587 2620 2613
f 2587 2613 2605
f 2587 2605 2599
f 2587 2599 2593
f 2587 2593 2588
f 2588 2593 2592
f 2589 2594 2600
f 2589 2600 2607
f 2589 2607 2615
f 2589 2615 2623
f 2589 2623 2629
f 2589 2629 2625
f 2589 2625 2628
f 2589 2628 2624
f 2589 2624 2617
f 2589 2617 2616
f 2589 2616 2610
f 2589 2610 2609
f 2589 2609 2608
f 2589 2608 2602
f 2589 2602 2595
f 2589 2595 2590
f 2590 2595 2601
f 2590 2601 2596
f 2590 2596 2591
f 2592 2593 2598
f 2592 2598 2597
f 2593 2599 2598
f 2594 2597 2598
f 2594 2598 2600
f 2595 2602 2601
f 2596 2601 2603
f 2596 2603 2604
f 2598 2599 2605
f 2598 2605 2606
f 2598 2606 2600
f 2600 2606 2607
f 2601 2602 2603
f 2602 2608 2603
f 2603 2608 2609
f 2603 2609 2610
f 2603 2610 2611
f 2603 2611 2604
f 2604 2611 2612
f 2605 2613 2606
f 2606 2613 2614
f 2606 2614 2607
f 2607 2614 2615
f 2610 2616 2611
f 2611 2617 2618
f 2611 2618 2619
f 2611 2619 2612
f 2611 2616 2617
f 2613 2620 2614
f 2614 2620 2621
f 2614 2621 2622
f 2614 2622 2623
f 2614 2623 2615
f 2617 2624 2618
f 2618 2625 2622
f 2618 2622 2626
f 2618 2626 2627
f 2618 2627 2619
f 2618 2624 2628
f 2618 2628 2625
f 2621 2626 2622
f 2622 2625 2629
f 2622 2629 2623
o convex_20
v 0.0206717 -0.0274845 -0.012009
v 0.0206717 -0.0258383 -0.012009
v 0.0211993 -0.0274845 -0.012009
v 0.0206717 -0.0274929 -0.011989
v 0.0206717 -0.0284756 2.88189e-06
v 0.0408528 -0.0256656 -0.012009
v 0.0206717 -0.0280551 -0.0106087
v 0.0334039 -0.0274743 -0.012009
v 0.0206717 -0.0299996 2.88189e-06
v 0.0408528 -0.0283381 2.88189e-06
v 0.0408528 -0.0273016 -0.012009
v 0.0334039 -0.0282261 -0.0101619
v 0.0206717 -0.0282261 -0.0101619
v 0.0345222 -0.0274722 -0.012009
v 0.0381103 -0.02805 -0.0105734
v 0.0206717 -0.0299996 -6.45427e-07
v 0.0334039 -0.03 -6.45427e-07
v 0.0334138 -0.0299996 2.88189e-06
v 0.0408528 -0.0298103 2.88189e-06
v 0.0408528 -0.0278884 -0.0105863
v 0.0403825 -0.0273551 -0.012009
v 0.0381261 -0.0286975 -0.00865449
v 0.0334039 -0.0287204 -0.00866625
v 0.0206717 -0.0285609 -0.00915655
v 0.0206717 -0.0282634 -0.010056
v 0.0380965 -0.0274565 -0.012009
v 0.0403924 -0.0279838 -0.0104758
v 0.0206717 -0.0299902 -0.000478018
v 0.0334039 -0.0298765 -0.00271673
v 0.0381578 -0.029961 -0.000694364
v 0.0381578 -0.0299533 2.88189e-06
v 0.0206717 -0.029916 -0.00211237
v 0.040426 -0.0298545 2.88189e-06
v 0.0408528 -0.0298137 -0.000299297
v 0.0408528 -0.0279507 -0.0104217
v 0.038138 -0.0292138 -0.00669679
v 0.0334039 -0.029207 -0.00684965
v 0.0404043 -0.0286198 -0.00857336
v 0.0206717 -0.0288948 -0.00802544
v 0.0206717 -0.0287416 -0.0085957
v 0.0334039 -0.029801 -0.00344925
v 0.0381538 -0.0298468 -0.00271203
v 0.0206717 -0.0298778 -0.00270144
v 0.0206717 -0.029801 -0.00344925
v 0.040424 -0.0297497 -0.00268616
v 0.040426 -0.0298617 -0.000687309
v 0.0389441 -0.0299194 2.88189e-06
v 0.0408528 -0.0298163 -0.000550917
v 0.0408528 -0.0285829 -0.00852985
v 0.0381479 -0.0295974 -0.00471558
v 0.0334039 -0.0296258 -0.00472381
v 0.0404122 -0.0291277 -0.0066333
v 0.0206717 -0.0295643 -0.00507655
v 0.0206717 -0.0293122 -0.00635581
v 0.0206717 -0.029207 -0.00684965
v 0.0206717 -0.0291875 -0.00693195
v 0.0206717 -0.0296602 -0.00449453
v 0.0404201 -0.0295049 -0.00466972
v 0.0408528 -0.0296822 -0.00289545
v 0.0408528 -0.029706 -0.00267322
v 0.0408528 -0.0297276 -0.00228756
v 0.0408528 -0.0298176 -0.000683782
v 0.0408528 -0.0290878 -0.00660155
v 0.0408528 -0.0294624 -0.00464738
v 0.0408528 -0.0294854 -0.0044863
f 2630 2631 2635
f 2630 2635 2640
f 2630 2640 2650
f 2630 2650 2655
f 2630 2655 2643
f 2630 2643 2637
f 2630 2637 2632
f 2630 2632 2633
f 2630 2633 2636
f 2630 2636 2642
f 2630 2642 2654
f 2630 2654 2653
f 2630 2653 2669
f 2630 2669 2668
f 2630 2668 2685
f 2630 2685 2684
f 2630 2684 2683
f 2630 2683 2682
f 2630 2682 2686
f 2630 2686 2673
f 2630 2673 2672
f 2630 2672 2661
f 2630 2661 2657
f 2630 2657 2645
f 2630 2645 2638
f 2630 2638 2634
f 2630 2634 2631
f 2631 2634 2635
f 2632 2636 2633
f 2632 2637 2636
f 2634 2638 2647
f 2634 2647 2660
f 2634 2660 2676
f 2634 2676 2662
f 2634 2662 2648
f 2634 2648 2639
f 2634 2639 2635
f 2635 2639 2648
f 2635 2648 2663
f 2635 2663 2677
f 2635 2677 2691
f 2635 2691 2690
f 2635 2690 2689
f 2635 2689 2688
f 2635 2688 2694
f 2635 2694 2693
f 2635 2693 2692
f 2635 2692 2678
f 2635 2678 2664
f 2635 2664 2649
f 2635 2649 2640
f 2636 2637 2641
f 2636 2641 2642
f 2637 2643 2644
f 2637 2644 2641
f 2638 2645 2646
f 2638 2646 2647
f 2640 2649 2650
f 2641 2644 2651
f 2641 2651 2652
f 2641 2652 2653
f 2641 2653 2654
f 2641 2654 2642
f 2643 2655 2644
f 2644 2655 2650
f 2644 2650 2656
f 2644 2656 2651
f 2645 2657 2646
f 2646 2658 2659
f 2646 2659 2660
f 2646 2660 2647
f 2646 2657 2661
f 2646 2661 2658
f 2648 2662 2663
f 2649 2664 2656
f 2649 2656 2650
f 2651 2665 2666
f 2651 2666 2652
f 2651 2656 2667
f 2651 2667 2665
f 2652 2666 2668
f 2652 2668 2669
f 2652 2669 2653
f 2656 2664 2667
f 2658 2670 2671
f 2658 2671 2659
f 2658 2661 2672
f 2658 2672 2673
f 2658 2673 2670
f 2659 2671 2674
f 2659 2674 2675
f 2659 2675 2676
f 2659 2676 2660
f 2662 2676 2675
f 2662 2675 2663
f 2663 2675 2677
f 2664 2678 2667
f 2665 2679 2680
f 2665 2680 2666
f 2665 2667 2681
f 2665 2681 2679
f 2666 2680 2682
f 2666 2682 2683
f 2666 2683 2684
f 2666 2684 2685
f 2666 2685 2668
f 2667 2678 2681
f 2670 2680 2679
f 2670 2679 2671
f 2670 2673 2686
f 2670 2686 2680
f 2671 2679 2687
f 2671 2687 2674
f 2674 2687 2688
f 2674 2688 2689
f 2674 2689 2675
f 2675 2689 2690
f 2675 2690 2691
f 2675 2691 2677
f 2678 2692 2681
f 2679 2681 2687
f 2680 2686 2682
f 2681 2692 2687
f 2687 2692 2693
f 2687 2693 2694
f 2687 2694 2688
o convex_21
v 0.00716957 0.0140427 -0.026616
v 0.00899939 0.0152969 -0.025962
v 0.00899939 0.0140427 -0.0266134
v 0.00150621 0.0140427 -0.0266151
v 0.00150621 0.0150492 -0.0260981
v 0.00150621 0.0165525 -0.0252262
v 0.00899939 0.0168252 -0.0250553
v 0.0124062 0.0218023 -0.0193809
v 0.0100002 0.0140427 -0.0253657
v 0.00150621 0.0140427 -0.0249271
v 0.00150621 0.0165692 -0.0252157
v 0.00899939 0.017104 -0.0248774
v 0.010252 0.0218023 -0.0210995
v 0.0123923 0.0218023 -0.0177086
v 0.0100002 0.0140427 -0.023628
v 0.00150621 0.0218023 -0.0183817
v 0.00933441 0.0140427 -0.0236419
v 0.00150621 0.0180011 -0.0242732
v 0.00902926 0.0180118 -0.0242653
v 0.00909115 0.0186506 -0.023805
v 0.00912742 0.0189066 -0.023614
v 0.00929173 0.0197179 -0.0229767
v 0.00951899 0.0204448 -0.0223637
v 0.00980707 0.021092 -0.0217822
v 0.0101986 0.0217347 -0.0211675
v 0.00507409 0.0218023 -0.0211012
v 0.00934935 0.0140427 -0.023641
v 0.00150621 0.0218023 -0.0210951
v 0.00150621 0.0182959 -0.0240639
v 0.00150621 0.0193646 -0.02326
v 0.00150621 0.0193692 -0.0232565
v 0.00150621 0.0206499 -0.0221841
v 0.00150621 0.0218015 -0.0210986
f 2695 2696 2697
f 2695 2697 2703
f 2695 2703 2709
f 2695 2709 2721
f 2695 2721 2711
f 2695 2711 2704
f 2695 2704 2698
f 2695 2698 2699
f 2695 2699 2696
f 2696 2699 2700
f 2696 2700 2701
f 2696 2701 2702
f 2696 2702 2697
f 2697 2702 2703
f 2698 2704 2710
f 2698 2710 2722
f 2698 2722 2727
f 2698 2727 2726
f 2698 2726 2725
f 2698 2725 2724
f 2698 2724 2723
f 2698 2723 2712
f 2698 2712 2705
f 2698 2705 2700
f 2698 2700 2699
f 2700 2705 2701
f 2701 2705 2706
f 2701 2706 2707
f 2701 2707 2702
f 2702 2708 2709
f 2702 2709 2703
f 2702 2707 2720
f 2702 2720 2722
f 2702 2722 2710
f 2702 2710 2708
f 2704 2711 2710
f 2705 2712 2706
f 2706 2712 2713
f 2706 2713 2707
f 2707 2713 2714
f 2707 2714 2715
f 2707 2715 2716
f 2707 2716 2717
f 2707 2717 2718
f 2707 2718 2719
f 2707 2719 2720
f 2708 2710 2711
f 2708 2711 2721
f 2708 2721 2709
f 2712 2723 2713
f 2713 2723 2714
f 2714 2723 2715
f 2715 2723 2724
f 2715 2724 2725
f 2715 2725 2716
f 2716 2725 2726
f 2716 2726 2717
f 2717 2726 2718
f 2718 2726 2727
f 2718 2727 2720
f 2718 2720 2719
f 2720 2727 2722
o convex_22
v 0.00178427 0.00236792 0.0283905
v 0.00938089 0.00236792 0.0273853
v 0.00178427 0.00236792 0.0299019
v 0.00178427 0.0134893 0.0252189
v 0.00934067 0.0134893 0.0239574
v 0.0100002 0.00236792 0.0273853
v 0.0100002 0.0134893 0.0239533
v 0.00733636 0.00236792 0.0299054
v 0.00178427 0.00268362 0.0298786
v 0.00178427 0.0134893 0.0268801
v 0.0100002 0.00236792 0.0288956
v 0.0100002 0.0134893 0.0256705
v 0.00899965 0.00236792 0.0299043
v 0.00899965 0.00323229 0.0298244
v 0.00178427 0.00351097 0.029793
v 0.00627066 0.0134893 0.026883
v 0.00178427 0.0128198 0.0272006
v 0.00970904 0.00236792 0.0291899
v 0.0100002 0.00357738 0.0287785
v 0.00994792 0.0134893 0.0257369
v 0.0100002 0.0134349 0.0257002
v 0.00899965 0.00484019 0.0296059
v 0.00178427 0.00434922 0.0296805
v 0.00899965 0.0129864 0.0271254
v 0.00640417 0.0134893 0.026883
v 0.00178427 0.0127643 0.0272251
v 0.0100002 0.00455061 0.0286404
v 0.00899965 0.0134893 0.0268819
v 0.0100002 0.0120229 0.0263901
v 0.00178427 0.0052506 0.029536
v 0.0100002 0.00513085 0.0285425
v 0.00899965 0.00644482 0.0293006
v 0.00899965 0.0118346 0.0276225
v 0.0100002 0.0111281 0.0267805
v 0.00178427 0.0111836 0.0278812
v 0.00178427 0.00605509 0.0293816
v 0.0100002 0.00667452 0.0282215
v 0.00899965 0.0080451 0.028909
v 0.00178427 0.00697171 0.0291817
v 0.00899965 0.0111194 0.0279057
v 0.0100002 0.0105772 0.0270019
v 0.00178427 0.0111411 0.0278969
v 0.0100002 0.00820513 0.0278148
v 0.00178427 0.00784152 0.0289644
v 0.00899965 0.00867977 0.0287296
v 0.00178427 0.00872005 0.0287173
v 0.00178427 0.0103737 0.0281807
v 0.00899965 0.0102713 0.0282162
v 0.0100002 0.00909889 0.0275351
v 0.00178427 0.00947991 0.0284825
v 0.00178427 0.0087527 0.028708
v 0.00178427 0.00956155 0.0284557
f 2728 2729 2733
f 2728 2733 2738
f 2728 2738 2745
f 2728 2745 2740
f 2728 2740 2735
f 2728 2735 2730
f 2728 2730 2736
f 2728 2736 2742
f 2728 2742 2750
f 2728 2750 2757
f 2728 2757 2763
f 2728 2763 2766
f 2728 2766 2771
f 2728 2771 2773
f 2728 2773 2778
f 2728 2778 2777
f 2728 2777 2779
f 2728 2779 2774
f 2728 2774 2769
f 2728 2769 2762
f 2728 2762 2753
f 2728 2753 2744
f 2728 2744 2737
f 2728 2737 2731
f 2728 2731 2732
f 2728 2732 2729
f 2729 2732 2734
f 2729 2734 2733
f 2730 2735 2736
f 2731 2737 2743
f 2731 2743 2752
f 2731 2752 2755
f 2731 2755 2747
f 2731 2747 2739
f 2731 2739 2734
f 2731 2734 2732
f 2733 2734 2739
f 2733 2739 2748
f 2733 2748 2756
f 2733 2756 2761
f 2733 2761 2768
f 2733 2768 2776
f 2733 2776 2770
f 2733 2770 2764
f 2733 2764 2758
f 2733 2758 2754
f 2733 2754 2746
f 2733 2746 2738
f 2735 2740 2741
f 2735 2741 2736
f 2736 2741 2742
f 2737 2744 2743
f 2738 2741 2745
f 2738 2746 2741
f 2739 2747 2748
f 2740 2745 2741
f 2741 2746 2749
f 2741 2749 2750
f 2741 2750 2742
f 2743 2744 2751
f 2743 2751 2752
f 2744 2753 2751
f 2746 2754 2749
f 2747 2755 2756
f 2747 2756 2748
f 2749 2757 2750
f 2749 2754 2758
f 2749 2758 2759
f 2749 2759 2757
f 2751 2756 2755
f 2751 2755 2752
f 2751 2753 2760
f 2751 2760 2761
f 2751 2761 2756
f 2753 2762 2760
f 2757 2759 2763
f 2758 2764 2759
f 2759 2764 2765
f 2759 2765 2766
f 2759 2766 2763
f 2760 2762 2767
f 2760 2767 2768
f 2760 2768 2761
f 2762 2769 2767
f 2764 2770 2765
f 2765 2771 2766
f 2765 2770 2772
f 2765 2772 2773
f 2765 2773 2771
f 2767 2769 2774
f 2767 2774 2775
f 2767 2775 2768
f 2768 2775 2776
f 2770 2776 2772
f 2772 2776 2775
f 2772 2775 2777
f 2772 2777 2778
f 2772 2778 2773
f 2774 2779 2775
f 2775 2779 2777
o convex_23
v 0.00150096 0.0218029 -0.0210985
v 0.00150096 0.0218492 -0.0210542
v 0.00321063 0.0218029 -0.0210985
v 0.00150096 0.0218029 -0.018369
v 0.00321063 0.021839 -0.0210639
v 0.00150096 0.0223131 -0.0205785
v 0.00150532 0.0223176 -0.0205747
v 0.00321063 0.022303 -0.02059
v 0.00321063 0.0218029 -0.0189187
v 0.00150096 0.0262087 -0.0112809
v 0.00150096 0.0229216 -0.0199173
v 0.0015085 0.0229711 -0.0198654
v 0.00321063 0.0223898 -0.0204978
v 0.00321063 0.0266638 -0.0112809
v 0.00150096 0.0282756 -0.0112809
v 0.00150096 0.0229989 -0.0198317
v 0.00321063 0.0229273 -0.0199134
v 0.00150096 0.0239541 -0.0186948
v 0.00321063 0.023932 -0.0187236
v 0.00321063 0.0282769 -0.0112809
v 0.00152774 0.0282775 -0.0112809
v 0.00152724 0.0281203 -0.0116961
v 0.00150096 0.0281184 -0.0116961
v 0.00150096 0.0240638 -0.0185564
v 0.00151268 0.0240169 -0.0186198
v 0.00321063 0.0239529 -0.0186986
v 0.00321063 0.0281634 -0.0115827
v 0.00321063 0.028119 -0.011699
v 0.00321063 0.0276348 -0.0127793
v 0.0015254 0.0276088 -0.0128369
v 0.00150096 0.0277147 -0.0125967
v 0.00150096 0.0244999 -0.0179913
v 0.00151435 0.0245005 -0.0179922
v 0.00321063 0.0244587 -0.018047
v 0.00321063 0.0276088 -0.0128369
v 0.00321063 0.0271125 -0.0138345
v 0.00152356 0.0270846 -0.0138903
v 0.00150096 0.0270834 -0.0138893
v 0.00150096 0.0274998 -0.0130522
v 0.00150096 0.0246647 -0.0177519
v 0.00150096 0.0258746 -0.0159931
v 0.00151937 0.0258753 -0.0159931
v 0.00321063 0.0257948 -0.0161114
v 0.00321063 0.0245005 -0.0179922
v 0.00321063 0.027084 -0.0138912
v 0.00321063 0.0259615 -0.015848
v 0.00151937 0.0258994 -0.0159557
v 0.00321063 0.0270504 -0.0139499
v 0.00150096 0.0260914 -0.0156183
v 0.00150096 0.0258943 -0.0159614
v 0.00321063 0.0258766 -0.0159912
v 0.00321063 0.0258994 -0.0159557
f 2780 2781 2782
f 2780 2782 2788
f 2780 2788 2783
f 2780 2783 2789
f 2780 2789 2794
f 2780 2794 2802
f 2780 2802 2810
f 2780 2810 2818
f 2780 2818 2817
f 2780 2817 2828
f 2780 2828 2829
f 2780 2829 2820
f 2780 2820 2819
f 2780 2819 2811
f 2780 2811 2803
f 2780 2803 2797
f 2780 2797 2795
f 2780 2795 2790
f 2780 2790 2785
f 2780 2785 2781
f 2781 2784 2782
f 2781 2785 2786
f 2781 2786 2787
f 2781 2787 2784
f 2782 2784 2787
f 2782 2787 2792
f 2782 2792 2796
f 2782 2796 2798
f 2782 2798 2805
f 2782 2805 2813
f 2782 2813 2823
f 2782 2823 2822
f 2782 2822 2830
f 2782 2830 2831
f 2782 2831 2825
f 2782 2825 2827
f 2782 2827 2824
f 2782 2824 2815
f 2782 2815 2814
f 2782 2814 2808
f 2782 2808 2807
f 2782 2807 2806
f 2782 2806 2799
f 2782 2799 2793
f 2782 2793 2788
f 2783 2788 2789
f 2785 2790 2791
f 2785 2791 2786
f 2786 2792 2787
f 2786 2791 2792
f 2788 2793 2789
f 2789 2793 2799
f 2789 2799 2800
f 2789 2800 2794
f 2790 2795 2791
f 2791 2796 2792
f 2791 2795 2797
f 2791 2797 2798
f 2791 2798 2796
f 2794 2800 2801
f 2794 2801 2802
f 2797 2803 2804
f 2797 2804 2805
f 2797 2805 2798
f 2799 2806 2800
f 2800 2806 2801
f 2801 2806 2807
f 2801 2807 2808
f 2801 2808 2809
f 2801 2809 2802
f 2802 2809 2810
f 2803 2811 2804
f 2804 2811 2812
f 2804 2812 2813
f 2804 2813 2805
f 2808 2814 2809
f 2809 2814 2815
f 2809 2815 2816
f 2809 2816 2817
f 2809 2817 2818
f 2809 2818 2810
f 2811 2819 2812
f 2812 2819 2820
f 2812 2820 2821
f 2812 2821 2822
f 2812 2822 2823
f 2812 2823 2813
f 2815 2824 2816
f 2816 2825 2826
f 2816 2826 2817
f 2816 2824 2827
f 2816 2827 2825
f 2817 2826 2828
f 2820 2829 2826
f 2820 2826 2821
f 2821 2826 2830
f 2821 2830 2822
f 2825 2831 2826
f 2826 2831 2830
f 2826 2829 2828
o convex_24
v 0.00150621 -0.0182011 -0.0238465
v 0.00150621 -0.0182011 -0.023821
v 0.00150621 -0.0181378 -0.0238967
v 0.0092707 -0.0182011 -0.0238481
v 0.010655 -0.0182011 -0.0202644
v 0.00150621 -0.0182001 -0.0219008
v 0.00150621 -0.0179554 -0.0240333
v 0.00925815 -0.0181378 -0.0238959
v 0.00913173 -0.0173541 -0.0244701
v 0.00903042 -0.0162165 -0.0252385
v 0.00900083 -0.0152705 -0.0258218
v 0.00899993 -0.0149992 -0.0259806
v 0.00999874 -0.0144941 -0.0251184
v 0.0106649 -0.0182011 -0.0222003
v 0.0106649 -0.0182011 -0.0221813
v 0.00999963 -0.00883654 -0.0260028
v 0.0093774 -0.00883654 -0.0260357
v 0.00150621 -0.00883654 -0.027088
v 0.00150621 -0.0179416 -0.0240431
v 0.00150621 -0.0167482 -0.0248889
v 0.00150621 -0.0155143 -0.0256754
v 0.00150621 -0.0155024 -0.0256828
v 0.00150621 -0.0152604 -0.0258276
v 0.00150621 -0.014221 -0.0264133
v 0.00899993 -0.0144171 -0.026308
v 0.00999874 -0.0130183 -0.025914
v 0.00999874 -0.0114957 -0.0266248
v 0.00999963 -0.00993102 -0.0272468
v 0.00999963 -0.00883654 -0.0276096
v 0.00150621 -0.00883654 -0.0286692
v 0.00150621 -0.0141944 -0.0264273
v 0.00150621 -0.01289 -0.0270888
v 0.00899993 -0.0122025 -0.0274064
v 0.00899993 -0.0119614 -0.0275117
v 0.00899993 -0.010701 -0.0280267
v 0.00899993 -0.00940578 -0.0284874
v 0.00952803 -0.00883654 -0.0281122
v 0.00899993 -0.00897129 -0.0286264
v 0.00150621 -0.0089722 -0.0286273
v 0.00440848 -0.00883654 -0.0286684
v 0.00150621 -0.0122025 -0.0274064
v 0.00150621 -0.0115517 -0.0276869
v 0.00150621 -0.0115361 -0.0276935
v 0.00150621 -0.0101721 -0.0282233
v 0.00150621 -0.0101565 -0.0282291
v 0.00920973 -0.00883654 -0.0284487
v 0.00899993 -0.00883654 -0.0286667
f 2832 2833 2837
f 2832 2837 2849
f 2832 2849 2861
f 2832 2861 2870
f 2832 2870 2876
f 2832 2876 2875
f 2832 2875 2874
f 2832 2874 2873
f 2832 2873 2872
f 2832 2872 2863
f 2832 2863 2862
f 2832 2862 2855
f 2832 2855 2854
f 2832 2854 2853
f 2832 2853 2852
f 2832 2852 2851
f 2832 2851 2850
f 2832 2850 2838
f 2832 2838 2834
f 2832 2834 2835
f 2832 2835 2845
f 2832 2845 2846
f 2832 2846 2836
f 2832 2836 2833
f 2833 2836 2837
f 2834 2838 2839
f 2834 2839 2835
f 2835 2839 2840
f 2835 2840 2841
f 2835 2841 2842
f 2835 2842 2843
f 2835 2843 2844
f 2835 2844 2845
f 2836 2846 2847
f 2836 2847 2848
f 2836 2848 2849
f 2836 2849 2837
f 2838 2850 2840
f 2838 2840 2839
f 2840 2851 2841
f 2840 2850 2851
f 2841 2851 2852
f 2841 2852 2853
f 2841 2853 2842
f 2842 2853 2854
f 2842 2854 2843
f 2843 2855 2856
f 2843 2856 2844
f 2843 2854 2855
f 2844 2856 2857
f 2844 2857 2845
f 2845 2857 2858
f 2845 2858 2859
f 2845 2859 2860
f 2845 2860 2847
f 2845 2847 2846
f 2847 2860 2868
f 2847 2868 2877
f 2847 2877 2878
f 2847 2878 2871
f 2847 2871 2861
f 2847 2861 2849
f 2847 2849 2848
f 2855 2862 2856
f 2856 2862 2863
f 2856 2863 2864
f 2856 2864 2857
f 2857 2864 2858
f 2858 2864 2865
f 2858 2865 2866
f 2858 2866 2859
f 2859 2866 2867
f 2859 2867 2860
f 2860 2867 2868
f 2861 2869 2870
f 2861 2871 2869
f 2863 2872 2864
f 2864 2872 2865
f 2865 2872 2873
f 2865 2873 2874
f 2865 2874 2866
f 2866 2875 2876
f 2866 2876 2867
f 2866 2874 2875
f 2867 2870 2869
f 2867 2869 2877
f 2867 2877 2868
f 2867 2876 2870
f 2869 2871 2878
f 2869 2878 2877
o convex_25
v 0.00150621 0.00271555 -0.0298659
v 0.00150621 0.00271555 -0.0283611
v 0.00150621 0.00330205 -0.029817
v 0.00431482 0.00271555 -0.0298671
v 0.00937995 0.00271555 -0.0273577
v 0.00933505 0.014042 -0.0236427
v 0.00150621 0.014042 -0.0249277
v 0.00899998 0.00453492 -0.0296539
v 0.00899998 0.00354485 -0.0297889
v 0.00150621 0.00505822 -0.0295697
v 0.00899998 0.00271555 -0.0298628
v 0.00992288 0.00271555 -0.0273497
v 0.00999937 0.014042 -0.0236287
v 0.00934918 0.014042 -0.0236421
v 0.00150621 0.014042 -0.0266157
v 0.00999937 0.00331757 -0.0288093
v 0.00899998 0.00530213 -0.0295269
v 0.00999937 0.00455044 -0.0286408
v 0.00960942 0.00271555 -0.0292533
v 0.00150621 0.0050682 -0.0295678
v 0.00999937 0.00271555 -0.0273503
v 0.00999937 0.014042 -0.0253661
v 0.0100002 0.00695187 -0.0266071
v 0.00716915 0.014042 -0.0266163
v 0.00150621 0.0136883 -0.0267964
v 0.00999937 0.00271555 -0.0288612
v 0.00999937 0.00495844 -0.028573
v 0.00150621 0.00680663 -0.0292197
v 0.00899998 0.00704167 -0.0291654
v 0.00999937 0.00658157 -0.0282432
v 0.00999937 0.0128291 -0.026008
v 0.00899998 0.014042 -0.0266144
v 0.00999937 0.00818806 -0.02782
v 0.00999937 0.00898632 -0.027572
v 0.00999937 0.00976795 -0.0273051
v 0.00999937 0.0113157 -0.0267018
v 0.00899998 0.0137193 -0.0267812
v 0.00899998 0.013216 -0.0270199
v 0.00150621 0.0120374 -0.027539
v 0.00150621 0.0068288 -0.0292148
v 0.00150621 0.00855726 -0.0287647
v 0.00150621 0.00857832 -0.0287592
v 0.00899998 0.00875682 -0.0287067
v 0.00899998 0.0104454 -0.0281546
v 0.00899998 0.0121006 -0.0275122
v 0.00150621 0.0120264 -0.0275439
v 0.00150621 0.0102957 -0.0282072
v 0.00150621 0.0103145 -0.0282011
v 0.00150621 0.0120097 -0.0275507
f 2879 2880 2885
f 2879 2885 2893
f 2879 2893 2903
f 2879 2903 2917
f 2879 2917 2924
f 2879 2924 2927
f 2879 2927 2926
f 2879 2926 2925
f 2879 2925 2920
f 2879 2920 2919
f 2879 2919 2918
f 2879 2918 2906
f 2879 2906 2898
f 2879 2898 2888
f 2879 2888 2881
f 2879 2881 2882
f 2879 2882 2889
f 2879 2889 2897
f 2879 2897 2904
f 2879 2904 2899
f 2879 2899 2890
f 2879 2890 2883
f 2879 2883 2880
f 2880 2883 2884
f 2880 2884 2885
f 2881 2886 2887
f 2881 2887 2882
f 2881 2888 2886
f 2882 2887 2889
f 2883 2890 2891
f 2883 2891 2892
f 2883 2892 2884
f 2884 2892 2891
f 2884 2891 2900
f 2884 2900 2910
f 2884 2910 2902
f 2884 2902 2893
f 2884 2893 2885
f 2886 2894 2887
f 2886 2888 2895
f 2886 2895 2896
f 2886 2896 2894
f 2887 2894 2897
f 2887 2897 2889
f 2888 2898 2895
f 2890 2899 2891
f 2891 2899 2901
f 2891 2901 2900
f 2893 2902 2903
f 2894 2904 2897
f 2894 2896 2901
f 2894 2901 2904
f 2895 2905 2896
f 2895 2898 2906
f 2895 2906 2907
f 2895 2907 2908
f 2895 2908 2905
f 2896 2905 2901
f 2899 2904 2901
f 2900 2909 2910
f 2900 2901 2909
f 2901 2905 2908
f 2901 2908 2911
f 2901 2911 2912
f 2901 2912 2913
f 2901 2913 2914
f 2901 2914 2909
f 2902 2915 2903
f 2902 2910 2915
f 2903 2915 2916
f 2903 2916 2917
f 2906 2918 2907
f 2907 2918 2919
f 2907 2919 2920
f 2907 2920 2921
f 2907 2921 2911
f 2907 2911 2908
f 2909 2914 2916
f 2909 2916 2915
f 2909 2915 2910
f 2911 2921 2912
f 2912 2921 2922
f 2912 2922 2913
f 2913 2922 2923
f 2913 2923 2914
f 2914 2923 2916
f 2916 2923 2917
f 2917 2923 2924
f 2920 2925 2921
f 2921 2925 2926
f 2921 2926 2922
f 2922 2926 2927
f 2922 2927 2923
f 2923 2927 2924
o convex_26
v 0.00150096 0.0218023 0.0183712
v 0.00321063 0.0218023 0.0189142
v 0.00150096 0.0218023 0.0210831
v 0.00150096 0.0266907 0.0100553
v 0.00321063 0.0218023 0.0210831
v 0.00321063 0.0271542 0.0100553
v 0.00321063 0.0222413 0.0206512
v 0.001509 0.0223556 0.0205346
v 0.00150096 0.0223454 0.0205444
v 0.00150096 0.028751 0.0100553
v 0.00321063 0.028755 0.0100553
v 0.00321063 0.0223407 0.0205498
v 0.00321063 0.0233324 0.0194454
v 0.00321063 0.0234059 0.0193633
v 0.00151268 0.0234637 0.0192964
v 0.00150096 0.0234562 0.0193039
v 0.00150096 0.0286598 0.0102971
v 0.00151687 0.0287544 0.0100553
v 0.00152373 0.0287557 0.0100553
v 0.00321063 0.0287421 0.0100898
v 0.00321063 0.0234637 0.0192964
v 0.00321063 0.0244173 0.0180991
v 0.00151435 0.0245003 0.0179923
v 0.00150096 0.0244997 0.0179912
v 0.00150096 0.0281758 0.0115602
v 0.00152205 0.0281901 0.0115289
v 0.00321063 0.0281853 0.0115407
v 0.00321063 0.0244738 0.0180268
v 0.00321063 0.0244888 0.0180074
v 0.00321063 0.0245003 0.0179923
v 0.00321063 0.024872 0.0174838
v 0.00151502 0.0249135 0.0174266
v 0.00150096 0.0248631 0.0174946
v 0.00150096 0.0281186 0.0116962
v 0.00152189 0.02812 0.0116962
v 0.00321063 0.0281193 0.0116984
v 0.00321063 0.0258582 0.0160199
v 0.00150096 0.0250333 0.0172463
v 0.0015167 0.0258555 0.0160231
v 0.00150096 0.0258575 0.0160188
v 0.00150096 0.0276973 0.0126365
v 0.00152055 0.0276088 0.0128373
v 0.00321063 0.0276088 0.0128373
v 0.00321063 0.0258991 0.0159551
v 0.00151687 0.0258991 0.0159551
v 0.00150096 0.025895 0.0159594
v 0.00150096 0.0275183 0.0130165
v 0.00150096 0.0274264 0.0132087
v 0.00152021 0.0274972 0.0130705
v 0.00321063 0.0275027 0.0130586
v 0.00321063 0.0266743 0.0146445
v 0.00151854 0.0267179 0.0145711
v 0.00150096 0.0265892 0.0147859
v 0.00150096 0.0270841 0.0138899
v 0.00321063 0.0274741 0.0131158
v 0.00151937 0.0270847 0.0138899
v 0.00321063 0.0270841 0.013892
v 0.00321063 0.0267369 0.0145365
v 0.00150096 0.0267744 0.0144642
f 2928 2929 2932
f 2928 2932 2930
f 2928 2930 2936
f 2928 2936 2943
f 2928 2943 2951
f 2928 2951 2960
f 2928 2960 2965
f 2928 2965 2967
f 2928 2967 2973
f 2928 2973 2980
f 2928 2980 2986
f 2928 2986 2981
f 2928 2981 2975
f 2928 2975 2974
f 2928 2974 2968
f 2928 2968 2961
f 2928 2961 2952
f 2928 2952 2944
f 2928 2944 2937
f 2928 2937 2931
f 2928 2931 2929
f 2929 2931 2933
f 2929 2933 2938
f 2929 2938 2947
f 2929 2947 2954
f 2929 2954 2963
f 2929 2963 2970
f 2929 2970 2977
f 2929 2977 2982
f 2929 2982 2984
f 2929 2984 2985
f 2929 2985 2978
f 2929 2978 2971
f 2929 2971 2964
f 2929 2964 2958
f 2929 2958 2957
f 2929 2957 2956
f 2929 2956 2955
f 2929 2955 2949
f 2929 2949 2948
f 2929 2948 2941
f 2929 2941 2940
f 2929 2940 2939
f 2929 2939 2934
f 2929 2934 2932
f 2930 2932 2934
f 2930 2934 2935
f 2930 2935 2936
f 2931 2937 2945
f 2931 2945 2946
f 2931 2946 2938
f 2931 2938 2933
f 2934 2939 2935
f 2935 2940 2941
f 2935 2941 2942
f 2935 2942 2943
f 2935 2943 2936
f 2935 2939 2940
f 2937 2944 2945
f 2938 2946 2947
f 2941 2948 2942
f 2942 2948 2949
f 2942 2949 2950
f 2942 2950 2951
f 2942 2951 2943
f 2944 2952 2946
f 2944 2946 2945
f 2946 2952 2953
f 2946 2953 2954
f 2946 2954 2947
f 2949 2955 2950
f 2950 2956 2957
f 2950 2957 2958
f 2950 2958 2959
f 2950 2959 2960
f 2950 2960 2951
f 2950 2955 2956
f 2952 2961 2962
f 2952 2962 2953
f 2953 2962 2963
f 2953 2963 2954
f 2958 2964 2959
f 2959 2965 2960
f 2959 2964 2966
f 2959 2966 2967
f 2959 2967 2965
f 2961 2968 2969
f 2961 2969 2962
f 2962 2969 2963
f 2963 2969 2970
f 2964 2971 2972
f 2964 2972 2966
f 2966 2972 2967
f 2967 2972 2973
f 2968 2974 2969
f 2969 2974 2975
f 2969 2975 2976
f 2969 2976 2970
f 2970 2976 2977
f 2971 2978 2979
f 2971 2979 2972
f 2972 2979 2980
f 2972 2980 2973
f 2975 2981 2976
f 2976 2982 2977
f 2976 2981 2983
f 2976 2983 2984
f 2976 2984 2982
f 2978 2985 2979
f 2979 2985 2984
f 2979 2984 2983
f 2979 2983 2981
f 2979 2981 2986
f 2979 2986 2980
o convex_27
v 0.00178427 -0.00895502 0.0270569
v 0.00937847 -0.00895502 0.0259896
v 0.00178427 -0.00895502 0.0286324
v 0.00178427 0.00236681 0.0283905
v 0.0099994 -0.00895502 0.025962
v 0.00938089 0.00236681 0.0273857
v 0.00899965 -0.00895502 0.028632
v 0.00178427 -0.00872116 0.0287043
v 0.00178427 0.00236681 0.0299024
v 0.0099994 -0.00895502 0.0275814
v 0.0100002 0.00236681 0.0273857
v 0.0100002 0.00140919 0.0274612
v 0.0100002 0.0004416 0.0289964
v 0.00899965 -0.0081038 0.0288846
v 0.00178427 -0.00867904 0.028717
v 0.00178427 0.00175832 0.0299478
v 0.00899965 0.0022726 0.029913
v 0.00733636 0.00236681 0.0299051
v 0.0099994 -0.00744655 0.0280276
v 0.0100002 0.00236681 0.0288956
v 0.0100002 0.00201324 0.02893
v 0.00899965 0.00161867 0.0299557
v 0.00899965 -6.33019e-07 0.0299996
v 0.0099994 -6.33019e-07 0.029
v 0.0099994 -0.00100037 0.0289826
v 0.0099994 -0.00262521 0.028881
v 0.0099994 -0.00424452 0.0286877
v 0.0099994 -0.00585274 0.0284031
v 0.00899965 -0.00677046 0.0292257
v 0.00178427 -0.00726367 0.0291067
v 0.00178427 -0.00732796 0.0290901
v 0.00178427 0.00104122 0.0299814
v 0.00899965 0.00236681 0.0299043
v 0.00970904 0.00236681 0.0291901
v 0.00178427 -6.33019e-07 0.0299996
v 0.00178427 -0.00150799 0.0299617
v 0.00899965 -0.00219739 0.0299194
v 0.00178427 0.000961418 0.0299834
v 0.00899965 -0.00273272 0.0298751
v 0.00899965 -0.00407937 0.0297209
v 0.00899965 -0.00544043 0.0295024
v 0.00899965 -0.00562109 0.0294684
v 0.00178427 -0.00589707 0.0294134
v 0.00178427 -0.00290452 0.0298585
v 0.00178427 -0.00293112 0.0298561
v 0.00178427 -0.00299651 0.0298486
v 0.00178427 -0.00438528 0.0296771
v 0.00178427 -0.00445178 0.0296664
v 0.00178427 -0.00561223 0.0294695
v 0.00178427 -0.00562109 0.029468
v 0.00178427 -0.00584055 0.0294253
f 2987 2988 2991
f 2987 2991 2996
f 2987 2996 2993
f 2987 2993 2989
f 2987 2989 2994
f 2987 2994 3001
f 2987 3001 3017
f 2987 3017 3016
f 2987 3016 3029
f 2987 3029 3037
f 2987 3037 3036
f 2987 3036 3035
f 2987 3035 3034
f 2987 3034 3033
f 2987 3033 3032
f 2987 3032 3031
f 2987 3031 3030
f 2987 3030 3022
f 2987 3022 3021
f 2987 3021 3024
f 2987 3024 3018
f 2987 3018 3002
f 2987 3002 2995
f 2987 2995 2990
f 2987 2990 2988
f 2988 2990 2992
f 2988 2992 2991
f 2989 2993 2994
f 2990 2995 3004
f 2990 3004 3019
f 2990 3019 3020
f 2990 3020 3006
f 2990 3006 2997
f 2990 2997 2992
f 2991 2992 2997
f 2991 2997 2998
f 2991 2998 2999
f 2991 2999 2996
f 2993 2996 3000
f 2993 3000 3001
f 2993 3001 2994
f 2995 3002 3003
f 2995 3003 3004
f 2996 2999 3005
f 2996 3005 3000
f 2997 3006 3007
f 2997 3007 2999
f 2997 2999 2998
f 2999 3007 3008
f 2999 3008 3009
f 2999 3009 3010
f 2999 3010 3011
f 2999 3011 3012
f 2999 3012 3013
f 2999 3013 3014
f 2999 3014 3005
f 3000 3005 3015
f 3000 3015 3016
f 3000 3016 3017
f 3000 3017 3001
f 3002 3008 3003
f 3002 3018 3008
f 3003 3008 3007
f 3003 3007 3019
f 3003 3019 3004
f 3005 3014 3015
f 3006 3020 3007
f 3007 3020 3019
f 3008 3018 3009
f 3009 3021 3022
f 3009 3022 3023
f 3009 3023 3011
f 3009 3011 3010
f 3009 3018 3024
f 3009 3024 3021
f 3011 3023 3012
f 3012 3023 3025
f 3012 3025 3026
f 3012 3026 3013
f 3013 3026 3027
f 3013 3027 3014
f 3014 3027 3028
f 3014 3028 3015
f 3015 3028 3029
f 3015 3029 3016
f 3022 3030 3023
f 3023 3030 3025
f 3025 3030 3031
f 3025 3031 3026
f 3026 3031 3032
f 3026 3032 3033
f 3026 3033 3034
f 3026 3034 3027
f 3027 3035 3036
f 3027 3036 3028
f 3027 3034 3035
f 3028 3036 3037
f 3028 3037 3029
o convex_28
v 0.00150096 0.0266908 0.0100553
v 0.00321063 0.0271547 0.0100553
v 0.00150096 0.0287511 0.0100553
v 0.00150096 0.0285452 -3.26995e-06
v 0.00321063 0.0289939 -4.25477e-06
v 0.00321063 0.0287552 0.0100553
v 0.00151687 0.0287548 0.0100553
v 0.00150096 0.0288308 0.00984355
v 0.00150096 0.0286778 -4.25477e-06
v 0.00157846 0.0286607 -4.25477e-06
v 0.00321063 0.0304939 -4.25477e-06
v 0.00163503 0.0287556 0.0100553
v 0.00321063 0.0288032 0.00992823
v 0.00152373 0.0287958 0.00994989
v 0.00152373 0.0287556 0.0100553
v 0.00152423 0.0289376 0.00953731
v 0.00150096 0.028944 0.00951368
v 0.00150096 0.030492 -4.25477e-06
v 0.00153427 0.0304943 6.68865e-07
v 0.00321063 0.0304939 6.68865e-07
v 0.00153427 0.0304939 -4.25477e-06
v 0.00321063 0.0289376 0.00953731
v 0.0015244 0.0289749 0.00942506
v 0.00150096 0.0289734 0.00942506
v 0.00150096 0.030492 6.68865e-07
v 0.00150096 0.0304574 0.00123644
v 0.0015326 0.0304462 0.00169038
v 0.00321063 0.0304429 0.00173666
v 0.00321063 0.0289715 0.0094349
v 0.00321063 0.0289823 0.00940044
v 0.00321063 0.0292913 0.00840394
v 0.00152557 0.0293111 0.00833994
v 0.00150096 0.0292374 0.00857331
v 0.00150096 0.0304336 0.00185581
v 0.00150096 0.0304034 0.00230876
v 0.00153193 0.0304049 0.00230876
v 0.00321063 0.0304038 0.00232353
v 0.00321063 0.0304418 0.00175439
v 0.00321063 0.0293278 0.0082779
v 0.00321063 0.0293371 0.00824344
v 0.00152691 0.0296432 0.00709432
v 0.00150096 0.0293822 0.00806817
v 0.00150096 0.0303278 0.00310045
v 0.00153076 0.0303036 0.00337419
v 0.00321063 0.0304012 0.00235307
v 0.00321063 0.0296421 0.00709727
v 0.00152724 0.0297351 0.00670438
v 0.00150096 0.0297124 0.006793
v 0.00150096 0.0296413 0.00709333
v 0.00321063 0.0297295 0.00672801
v 0.00150096 0.0302552 0.00371686
v 0.00321063 0.0303077 0.00333283
v 0.00152942 0.0301208 0.00471729
v 0.00321063 0.0302884 0.00348743
v 0.00321063 0.0302932 0.00344902
v 0.00321063 0.0298666 0.00610373
v 0.00152791 0.0298666 0.00610373
v 0.00150096 0.0298126 0.00633513
v 0.00150096 0.030119 0.00471729
v 0.00150096 0.030078 0.00496642
v 0.00152908 0.0300665 0.00504618
v 0.00321063 0.0300687 0.00503338
v 0.00321063 0.0301186 0.00473108
v 0.00321063 0.0301201 0.00472123
v 0.00150096 0.029925 0.00577484
f 3038 3039 3043
f 3038 3043 3049
f 3038 3049 3052
f 3038 3052 3044
f 3038 3044 3040
f 3038 3040 3045
f 3038 3045 3054
f 3038 3054 3061
f 3038 3061 3070
f 3038 3070 3079
f 3038 3079 3086
f 3038 3086 3085
f 3038 3085 3095
f 3038 3095 3102
f 3038 3102 3097
f 3038 3097 3096
f 3038 3096 3088
f 3038 3088 3080
f 3038 3080 3072
f 3038 3072 3071
f 3038 3071 3063
f 3038 3063 3062
f 3038 3062 3055
f 3038 3055 3046
f 3038 3046 3041
f 3038 3041 3042
f 3038 3042 3039
f 3039 3042 3048
f 3039 3048 3057
f 3039 3057 3065
f 3039 3065 3075
f 3039 3075 3074
f 3039 3074 3082
f 3039 3082 3089
f 3039 3089 3092
f 3039 3092 3091
f 3039 3091 3101
f 3039 3101 3100
f 3039 3100 3099
f 3039 3099 3093
f 3039 3093 3087
f 3039 3087 3083
f 3039 3083 3077
f 3039 3077 3076
f 3039 3076 3068
f 3039 3068 3067
f 3039 3067 3066
f 3039 3066 3059
f 3039 3059 3050
f 3039 3050 3043
f 3040 3044 3045
f 3041 3046 3047
f 3041 3047 3042
f 3042 3047 3046
f 3042 3046 3055
f 3042 3055 3058
f 3042 3058 3048
f 3043 3050 3051
f 3043 3051 3049
f 3044 3052 3051
f 3044 3051 3045
f 3045 3051 3053
f 3045 3053 3054
f 3048 3056 3057
f 3048 3058 3056
f 3049 3051 3052
f 3050 3059 3051
f 3051 3059 3053
f 3053 3059 3060
f 3053 3060 3061
f 3053 3061 3054
f 3055 3062 3056
f 3055 3056 3058
f 3056 3062 3063
f 3056 3063 3064
f 3056 3064 3057
f 3057 3064 3065
f 3059 3066 3060
f 3060 3067 3068
f 3060 3068 3069
f 3060 3069 3070
f 3060 3070 3061
f 3060 3066 3067
f 3063 3071 3064
f 3064 3071 3072
f 3064 3072 3073
f 3064 3073 3074
f 3064 3074 3075
f 3064 3075 3065
f 3068 3076 3069
f 3069 3077 3078
f 3069 3078 3079
f 3069 3079 3070
f 3069 3076 3077
f 3072 3080 3081
f 3072 3081 3073
f 3073 3081 3082
f 3073 3082 3074
f 3077 3083 3078
f 3078 3084 3085
f 3078 3085 3086
f 3078 3086 3079
f 3078 3083 3087
f 3078 3087 3084
f 3080 3088 3081
f 3081 3089 3082
f 3081 3088 3090
f 3081 3090 3091
f 3081 3091 3092
f 3081 3092 3089
f 3084 3087 3093
f 3084 3093 3094
f 3084 3094 3095
f 3084 3095 3085
f 3088 3096 3090
f 3090 3096 3097
f 3090 3097 3098
f 3090 3098 3099
f 3090 3099 3100
f 3090 3100 3101
f 3090 3101 3091
f 3093 3099 3098
f 3093 3098 3094
f 3094 3098 3097
f 3094 3097 3102
f 3094 3102 3095
o convex_29
v 0.00178347 -0.0182011 0.0219004
v 0.0106577 -0.0182011 0.0202637
v 0.00178347 -0.0182011 0.0238468
v 0.00178347 -0.00895592 0.0270564
v 0.0106594 -0.0182011 0.0204374
v 0.0093785 -0.00895592 0.025989
v 0.00999939 -0.00895592 0.0259612
v 0.00390876 -0.0182011 0.0238485
v 0.00178347 -0.0181467 0.0238894
v 0.00178347 -0.00895592 0.0286318
v 0.0106672 -0.0182011 0.0221044
v 0.00999939 -0.00895592 0.0275807
v 0.00927067 -0.0182011 0.0238477
v 0.00178347 -0.0181404 0.0238944
v 0.00178347 -0.00897221 0.0286268
v 0.00899936 -0.00895592 0.0286318
v 0.0106655 -0.0182011 0.0222003
v 0.00999939 -0.00901928 0.0275619
v 0.00999939 -0.0149999 0.0248192
v 0.00950111 -0.0150044 0.0253968
v 0.00899936 -0.0149999 0.02598
v 0.0090011 -0.0152705 0.0258219
v 0.0090324 -0.016247 0.025219
v 0.00912284 -0.0172833 0.0245202
v 0.0092585 -0.0181377 0.0238952
v 0.00178347 -0.0178834 0.0240869
v 0.00178347 -0.00899303 0.0286203
v 0.00899936 -0.00897131 0.0286268
v 0.00999939 -0.0105651 0.0270073
v 0.00999939 -0.0120793 0.0263642
v 0.00999939 -0.0135572 0.025636
v 0.00899936 -0.00940574 0.0284868
v 0.00899936 -0.0107009 0.0280264
v 0.00178347 -0.0152569 0.0258293
v 0.00899936 -0.0144179 0.0263077
v 0.00178347 -0.0154153 0.0257351
v 0.00178347 -0.0154624 0.0257064
v 0.00178347 -0.0166462 0.0249569
v 0.00178347 -0.0166959 0.0249233
v 0.00178347 -0.0178427 0.0241172
v 0.00178347 -0.0100728 0.0282582
v 0.00899936 -0.0119616 0.0275119
v 0.00899936 -0.0122024 0.0274062
v 0.00178347 -0.0101361 0.0282361
v 0.00178347 -0.0115046 0.0277061
v 0.00178347 -0.0141826 0.0264339
v 0.00178347 -0.012797 0.0271334
v 0.00178347 -0.0129047 0.0270794
v 0.00178347 -0.0141546 0.0264494
v 0.00178347 -0.0115163 0.0277011
v 0.00178347 -0.0122024 0.0274062
f 3103 3104 3107
f 3103 3107 3113
f 3103 3113 3119
f 3103 3119 3115
f 3103 3115 3110
f 3103 3110 3105
f 3103 3105 3111
f 3103 3111 3116
f 3103 3116 3128
f 3103 3128 3142
f 3103 3142 3141
f 3103 3141 3140
f 3103 3140 3139
f 3103 3139 3138
f 3103 3138 3136
f 3103 3136 3148
f 3103 3148 3151
f 3103 3151 3150
f 3103 3150 3149
f 3103 3149 3153
f 3103 3153 3152
f 3103 3152 3147
f 3103 3147 3146
f 3103 3146 3143
f 3103 3143 3129
f 3103 3129 3117
f 3103 3117 3112
f 3103 3112 3106
f 3103 3106 3104
f 3104 3106 3108
f 3104 3108 3109
f 3104 3109 3107
f 3105 3110 3111
f 3106 3112 3118
f 3106 3118 3114
f 3106 3114 3109
f 3106 3109 3108
f 3107 3109 3113
f 3109 3114 3113
f 3110 3115 3116
f 3110 3116 3111
f 3112 3117 3118
f 3113 3114 3119
f 3114 3118 3120
f 3114 3120 3119
f 3115 3119 3121
f 3115 3121 3122
f 3115 3122 3123
f 3115 3123 3124
f 3115 3124 3125
f 3115 3125 3126
f 3115 3126 3127
f 3115 3127 3116
f 3116 3127 3128
f 3117 3129 3118
f 3118 3129 3130
f 3118 3130 3120
f 3119 3120 3131
f 3119 3131 3132
f 3119 3132 3133
f 3119 3133 3121
f 3120 3130 3134
f 3120 3134 3135
f 3120 3135 3131
f 3121 3133 3122
f 3122 3133 3123
f 3123 3136 3124
f 3123 3133 3137
f 3123 3137 3136
f 3124 3136 3138
f 3124 3138 3139
f 3124 3139 3125
f 3125 3139 3140
f 3125 3140 3126
f 3126 3140 3141
f 3126 3141 3142
f 3126 3142 3127
f 3127 3142 3128
f 3129 3143 3134
f 3129 3134 3130
f 3131 3135 3144
f 3131 3144 3132
f 3132 3144 3145
f 3132 3145 3133
f 3133 3145 3137
f 3134 3143 3146
f 3134 3146 3135
f 3135 3147 3144
f 3135 3146 3147
f 3136 3137 3148
f 3137 3145 3149
f 3137 3149 3150
f 3137 3150 3151
f 3137 3151 3148
f 3144 3147 3152
f 3144 3152 3153
f 3144 3153 3145
f 3145 3153 3149
o convex_30
v 0.0206697 -0.0299995 2.88189e-06
v 0.0206697 -0.028476 2.88189e-06
v 0.0334042 -0.0299999 2.88189e-06
v 0.0334042 -0.0299704 0.00133228
v 0.0206697 -0.0299673 0.00138752
v 0.0206697 -0.025838 0.0120109
v 0.0425344 -0.0254316 0.0120109
v 0.0425344 -0.0281298 2.88189e-06
v 0.0381576 -0.0299534 2.88189e-06
v 0.0381576 -0.0299396 0.00132875
v 0.0381533 -0.0297831 0.00334342
v 0.0334042 -0.0298009 0.0034492
v 0.0206697 -0.0298224 0.00324703
v 0.0206697 -0.0299244 0.00197288
v 0.0206697 -0.0274743 0.0120109
v 0.0425344 -0.027096 0.0120109
v 0.0425344 -0.0296373 2.88189e-06
v 0.0389431 -0.0299194 2.88189e-06
v 0.0404263 -0.0298407 0.001317
v 0.040422 -0.0296869 0.00331168
v 0.0381448 -0.029491 0.00534162
v 0.0404177 -0.0294003 0.00528991
v 0.0334042 -0.0295188 0.00535103
v 0.0206697 -0.0295814 0.00497372
v 0.0206697 -0.0297509 0.00382886
v 0.0206697 -0.0298009 0.0034492
v 0.0206697 -0.027553 0.0118358
v 0.0334042 -0.0274667 0.0120109
v 0.0417596 -0.0271881 0.0120109
v 0.0403878 -0.0277578 0.0110647
v 0.0425344 -0.0276142 0.0108038
v 0.0425344 -0.0296243 0.00124647
v 0.0411861 -0.0297763 2.88189e-06
v 0.0404263 -0.0298546 2.88189e-06
v 0.0425344 -0.0296239 0.00128526
v 0.0425344 -0.0294754 0.0032341
v 0.0425344 -0.0291986 0.00516649
v 0.0381362 -0.0290658 0.00731632
v 0.0334042 -0.0292071 0.00684968
v 0.0404092 -0.0289817 0.00724697
v 0.0425344 -0.0289987 0.00618675
v 0.0425344 -0.0289862 0.00624552
v 0.0206697 -0.0294812 0.00555085
v 0.0206697 -0.0277895 0.0112998
v 0.0334042 -0.0278387 0.0111799
v 0.0355166 -0.0274635 0.0120109
v 0.0403813 -0.0273464 0.0120109
v 0.0404006 -0.0284335 0.00917583
v 0.0381041 -0.0278204 0.011167
v 0.0381212 -0.0285077 0.00926164
v 0.0425344 -0.0276344 0.0107474
v 0.0334042 -0.0290908 0.0073269
v 0.0206697 -0.0290948 0.00731162
v 0.0206697 -0.0291646 0.00702482
v 0.0206697 -0.0292071 0.00684968
v 0.0425344 -0.0287948 0.00707654
v 0.0425344 -0.0282819 0.00890314
v 0.0206697 -0.028234 0.0101397
v 0.0380956 -0.0274506 0.0120109
v 0.0334042 -0.028226 0.010162
v 0.0392063 -0.0274014 0.0120109
v 0.0425344 -0.0282658 0.00895956
v 0.0206697 -0.0284178 0.00958253
v 0.0206697 -0.0289383 0.007877
f 3154 3155 3161
f 3154 3161 3170
f 3154 3170 3186
f 3154 3186 3187
f 3154 3187 3171
f 3154 3171 3162
f 3154 3162 3156
f 3154 3156 3157
f 3154 3157 3158
f 3154 3158 3167
f 3154 3167 3166
f 3154 3166 3179
f 3154 3179 3178
f 3154 3178 3177
f 3154 3177 3196
f 3154 3196 3208
f 3154 3208 3207
f 3154 3207 3206
f 3154 3206 3217
f 3154 3217 3216
f 3154 3216 3211
f 3154 3211 3197
f 3154 3197 3180
f 3154 3180 3168
f 3154 3168 3159
f 3154 3159 3155
f 3155 3159 3160
f 3155 3160 3161
f 3156 3162 3163
f 3156 3163 3157
f 3157 3163 3164
f 3157 3164 3165
f 3157 3165 3166
f 3157 3166 3167
f 3157 3167 3158
f 3159 3168 3181
f 3159 3181 3199
f 3159 3199 3212
f 3159 3212 3214
f 3159 3214 3200
f 3159 3200 3182
f 3159 3182 3169
f 3159 3169 3160
f 3160 3169 3184
f 3160 3184 3204
f 3160 3204 3215
f 3160 3215 3210
f 3160 3210 3209
f 3160 3209 3195
f 3160 3195 3194
f 3160 3194 3190
f 3160 3190 3189
f 3160 3189 3188
f 3160 3188 3185
f 3160 3185 3170
f 3160 3170 3161
f 3162 3171 3163
f 3163 3171 3172
f 3163 3172 3173
f 3163 3173 3164
f 3164 3174 3165
f 3164 3173 3175
f 3164 3175 3174
f 3165 3174 3176
f 3165 3176 3177
f 3165 3177 3178
f 3165 3178 3179
f 3165 3179 3166
f 3168 3180 3181
f 3169 3182 3183
f 3169 3183 3184
f 3170 3185 3186
f 3171 3187 3172
f 3172 3187 3186
f 3172 3186 3185
f 3172 3185 3188
f 3172 3188 3189
f 3172 3189 3173
f 3173 3189 3190
f 3173 3190 3175
f 3174 3191 3192
f 3174 3192 3176
f 3174 3175 3193
f 3174 3193 3191
f 3175 3190 3194
f 3175 3194 3195
f 3175 3195 3193
f 3176 3192 3196
f 3176 3196 3177
f 3180 3197 3198
f 3180 3198 3181
f 3181 3198 3199
f 3182 3200 3183
f 3183 3201 3184
f 3183 3200 3202
f 3183 3202 3203
f 3183 3203 3201
f 3184 3201 3204
f 3191 3203 3205
f 3191 3205 3192
f 3191 3193 3201
f 3191 3201 3203
f 3192 3205 3206
f 3192 3206 3207
f 3192 3207 3208
f 3192 3208 3196
f 3193 3195 3209
f 3193 3209 3210
f 3193 3210 3201
f 3197 3211 3198
f 3198 3202 3212
f 3198 3212 3199
f 3198 3211 3213
f 3198 3213 3202
f 3200 3214 3202
f 3201 3210 3215
f 3201 3215 3204
f 3202 3214 3212
f 3202 3213 3203
f 3203 3213 3216
f 3203 3216 3217
f 3203 3217 3205
f 3205 3217 3206
f 3211 3216 3213
o convex_31
v 0.0153594 -0.0237842 -0.0182846
v 0.020668 -0.0237842 -0.017992
v 0.020668 -0.0240061 -0.017992
v 0.0158376 -0.0238614 -0.0181839
v 0.00296989 -0.0240809 -0.0178831
v 0.00296989 -0.0237842 -0.0182684
v 0.020668 -0.0237842 -0.0156707
v 0.0182494 -0.0240061 -0.017992
v 0.0177296 -0.0240001 -0.0180002
v 0.0167212 -0.0239512 -0.0180652
v 0.020668 -0.0240731 -0.0178994
v 0.00296989 -0.0250537 -0.0164916
v 0.00296989 -0.0237842 -0.0156203
v 0.020668 -0.0284503 -0.0016779
v 0.020668 -0.0251604 -0.0163388
v 0.00296989 -0.0251604 -0.0163388
v 0.00296989 -0.0284503 -0.0016779
v 0.020668 -0.0299357 -0.0016779
v 0.020668 -0.0255518 -0.015713
v 0.00296989 -0.0258051 -0.0153001
v 0.00296989 -0.0299441 -0.0016779
v 0.020668 -0.0299158 -0.00211355
v 0.0115201 -0.0299441 -0.0016779
v 0.020668 -0.0267435 -0.01359
v 0.00296989 -0.026565 -0.0139395
v 0.00296989 -0.0298796 -0.00267924
v 0.020668 -0.0298778 -0.002702
v 0.020668 -0.0268714 -0.0133381
v 0.00296989 -0.0268714 -0.0133381
v 0.00296989 -0.0298735 -0.00273939
v 0.020668 -0.0298012 -0.00344814
v 0.00296989 -0.0298012 -0.00344814
v 0.020668 -0.0270041 -0.0130617
v 0.00296989 -0.0271892 -0.0126765
v 0.020668 -0.02966 -0.004495
v 0.00296989 -0.0297077 -0.00417639
v 0.020668 -0.0272574 -0.0125302
v 0.00296989 -0.0272097 -0.0126326
v 0.020668 -0.0295642 -0.00507695
v 0.00296989 -0.0294785 -0.00556787
v 0.020668 -0.0274926 -0.0119888
v 0.00296989 -0.0277718 -0.0113402
v 0.020668 -0.0293121 -0.00635789
v 0.00296989 -0.029458 -0.00567028
v 0.020668 -0.0280552 -0.0106087
v 0.00296989 -0.027817 -0.0112297
v 0.020668 -0.0292071 -0.00685206
v 0.00296989 -0.0294496 -0.00571092
v 0.00296989 -0.0292059 -0.00685857
v 0.020668 -0.0282259 -0.0101617
v 0.00296989 -0.0282259 -0.0101617
v 0.020668 -0.0291872 -0.00693334
v 0.00296989 -0.0291601 -0.00704876
v 0.020668 -0.0282633 -0.010056
v 0.00296989 -0.0283115 -0.00992113
v 0.020668 -0.0288947 -0.00802735
v 0.00296989 -0.0291366 -0.00713654
v 0.020668 -0.0285606 -0.00915874
v 0.00296989 -0.0283387 -0.00983985
v 0.020668 -0.0287415 -0.00859629
v 0.00296989 -0.0287711 -0.00849713
f 3218 3219 3220
f 3218 3220 3221
f 3218 3221 3222
f 3218 3222 3223
f 3218 3223 3230
f 3218 3230 3224
f 3218 3224 3219
f 3219 3224 3231
f 3219 3231 3235
f 3219 3235 3239
f 3219 3239 3244
f 3219 3244 3248
f 3219 3248 3252
f 3219 3252 3256
f 3219 3256 3260
f 3219 3260 3264
f 3219 3264 3269
f 3219 3269 3273
f 3219 3273 3277
f 3219 3277 3275
f 3219 3275 3271
f 3219 3271 3267
f 3219 3267 3262
f 3219 3262 3258
f 3219 3258 3254
f 3219 3254 3250
f 3219 3250 3245
f 3219 3245 3241
f 3219 3241 3236
f 3219 3236 3232
f 3219 3232 3228
f 3219 3228 3220
f 3220 3225 3226
f 3220 3226 3227
f 3220 3227 3221
f 3220 3228 3225
f 3221 3227 3222
f 3222 3229 3233
f 3222 3233 3237
f 3222 3237 3242
f 3222 3242 3246
f 3222 3246 3251
f 3222 3251 3255
f 3222 3255 3259
f 3222 3259 3263
f 3222 3263 3268
f 3222 3268 3272
f 3222 3272 3276
f 3222 3276 3278
f 3222 3278 3274
f 3222 3274 3270
f 3222 3270 3266
f 3222 3266 3265
f 3222 3265 3261
f 3222 3261 3257
f 3222 3257 3253
f 3222 3253 3249
f 3222 3249 3247
f 3222 3247 3243
f 3222 3243 3238
f 3222 3238 3234
f 3222 3234 3230
f 3222 3230 3223
f 3222 3227 3226
f 3222 3226 3225
f 3222 3225 3228
f 3222 3228 3229
f 3224 3230 3231
f 3228 3232 3233
f 3228 3233 3229
f 3230 3234 3231
f 3231 3234 3238
f 3231 3238 3240
f 3231 3240 3235
f 3232 3236 3233
f 3233 3236 3237
f 3235 3240 3239
f 3236 3241 3237
f 3237 3241 3242
f 3238 3243 3240
f 3239 3240 3244
f 3240 3243 3244
f 3241 3245 3246
f 3241 3246 3242
f 3243 3247 3244
f 3244 3247 3249
f 3244 3249 3248
f 3245 3250 3251
f 3245 3251 3246
f 3248 3249 3253
f 3248 3253 3252
f 3250 3254 3251
f 3251 3254 3255
f 3252 3253 3257
f 3252 3257 3256
f 3254 3258 3259
f 3254 3259 3255
f 3256 3257 3260
f 3257 3261 3260
f 3258 3262 3263
f 3258 3263 3259
f 3260 3261 3265
f 3260 3265 3266
f 3260 3266 3264
f 3262 3267 3268
f 3262 3268 3263
f 3264 3266 3270
f 3264 3270 3269
f 3267 3271 3272
f 3267 3272 3268
f 3269 3270 3273
f 3270 3274 3273
f 3271 3275 3276
f 3271 3276 3272
f 3273 3274 3278
f 3273 3278 3277
f 3275 3277 3278
f 3275 3278 3276
o convex_32
v 0.00296989 -0.0299444 -0.0016779
v 0.00296989 -0.0284502 -0.0016779
v 0.0115201 -0.0299444 -0.0016779
v 0.00296989 -0.0299709 -0.00127109
v 0.00296989 -0.0266191 0.0100407
v 0.020668 -0.0284502 -0.0016779
v 0.020668 -0.0299358 -0.0016779
v 0.020668 -0.0299901 -0.000475676
v 0.00296989 -0.0299768 -0.00113902
v 0.00296989 -0.0266191 0.0138295
v 0.0122668 -0.0266191 0.0100544
v 0.020668 -0.0266191 0.0100681
v 0.020668 -0.03 9.62732e-07
v 0.00296989 -0.029999 -3.85043e-05
v 0.00296989 -0.0268799 0.0133225
v 0.020668 -0.0267072 0.013658
v 0.0148535 -0.0266191 0.013828
v 0.020668 -0.0266191 0.0138235
v 0.020668 -0.0299676 0.00138838
v 0.00296989 -0.0299997 9.62732e-07
v 0.00296989 -0.0271079 0.0128505
v 0.020668 -0.0269706 0.0131343
v 0.020668 -0.0268716 0.0133377
v 0.020668 -0.0299245 0.00197279
v 0.00296989 -0.0298643 0.00281525
v 0.00296989 -0.0299636 0.00146579
v 0.00296989 -0.0299652 0.00140052
v 0.00296989 -0.0271741 0.0127032
v 0.020668 -0.0275527 0.011835
v 0.020668 -0.0298226 0.00324635
v 0.00296989 -0.0298527 0.00296553
v 0.00296989 -0.0277221 0.0114646
v 0.020668 -0.02779 0.0112991
v 0.020668 -0.0298011 0.00344824
v 0.00296989 -0.0298028 0.00343306
v 0.00296989 -0.0277582 0.011372
v 0.020668 -0.0282344 0.0101394
v 0.00296989 -0.028245 0.010109
v 0.020668 -0.0297511 0.00382925
v 0.00296989 -0.0298011 0.00344824
v 0.020668 -0.0284178 0.0095823
v 0.00296989 -0.0286842 0.00877779
v 0.020668 -0.0295814 0.00497379
v 0.00296989 -0.0296816 0.00435598
v 0.020668 -0.0289383 0.00787612
v 0.00296989 -0.0287262 0.00864117
v 0.020668 -0.0294811 0.00555061
v 0.00296989 -0.0294364 0.00578286
v 0.00296989 -0.0296677 0.00444858
v 0.020668 -0.0290949 0.00731144
v 0.00296989 -0.0287391 0.00859563
v 0.020668 -0.0292074 0.00684998
v 0.00296989 -0.0294285 0.0058284
v 0.00296989 -0.0291005 0.00729019
v 0.00296989 -0.0291061 0.00726742
v 0.00296989 -0.0292074 0.00684998
f 3279 3280 3284
f 3279 3284 3285
f 3279 3285 3281
f 3279 3281 3282
f 3279 3282 3287
f 3279 3287 3292
f 3279 3292 3298
f 3279 3298 3305
f 3279 3305 3304
f 3279 3304 3303
f 3279 3303 3309
f 3279 3309 3313
f 3279 3313 3318
f 3279 3318 3322
f 3279 3322 3327
f 3279 3327 3326
f 3279 3326 3331
f 3279 3331 3334
f 3279 3334 3333
f 3279 3333 3332
f 3279 3332 3329
f 3279 3329 3324
f 3279 3324 3320
f 3279 3320 3316
f 3279 3316 3314
f 3279 3314 3310
f 3279 3310 3306
f 3279 3306 3299
f 3279 3299 3293
f 3279 3293 3288
f 3279 3288 3283
f 3279 3283 3280
f 3280 3283 3284
f 3281 3285 3282
f 3282 3285 3286
f 3282 3286 3287
f 3283 3288 3295
f 3283 3295 3296
f 3283 3296 3290
f 3283 3290 3289
f 3283 3289 3284
f 3284 3289 3290
f 3284 3290 3296
f 3284 3296 3294
f 3284 3294 3301
f 3284 3301 3300
f 3284 3300 3307
f 3284 3307 3311
f 3284 3311 3315
f 3284 3315 3319
f 3284 3319 3323
f 3284 3323 3328
f 3284 3328 3330
f 3284 3330 3325
f 3284 3325 3321
f 3284 3321 3317
f 3284 3317 3312
f 3284 3312 3308
f 3284 3308 3302
f 3284 3302 3297
f 3284 3297 3291
f 3284 3291 3286
f 3284 3286 3285
f 3286 3291 3287
f 3287 3291 3292
f 3288 3293 3294
f 3288 3294 3295
f 3291 3297 3298
f 3291 3298 3292
f 3293 3299 3300
f 3293 3300 3301
f 3293 3301 3294
f 3294 3296 3295
f 3297 3302 3303
f 3297 3303 3304
f 3297 3304 3305
f 3297 3305 3298
f 3299 3306 3300
f 3300 3306 3307
f 3302 3308 3309
f 3302 3309 3303
f 3306 3310 3311
f 3306 3311 3307
f 3308 3312 3309
f 3309 3312 3313
f 3310 3314 3311
f 3311 3314 3316
f 3311 3316 3315
f 3312 3317 3318
f 3312 3318 3313
f 3315 3316 3320
f 3315 3320 3319
f 3317 3321 3322
f 3317 3322 3318
f 3319 3320 3324
f 3319 3324 3323
f 3321 3325 3326
f 3321 3326 3327
f 3321 3327 3322
f 3323 3324 3329
f 3323 3329 3328
f 3325 3330 3331
f 3325 3331 3326
f 3328 3329 3332
f 3328 3332 3333
f 3328 3333 3330
f 3330 3333 3334
f 3330 3334 3331
o convex_33
v 0.0425344 -0.021 0.0173741
v 0.0425344 -0.0225436 0.0173986
v 0.0425344 -0.021 0.015836
v 0.040681 -0.021 0.0177917
v 0.0415863 -0.0232417 0.017623
v 0.0422284 -0.0232417 0.0174784
v 0.0425344 -0.0232417 0.0174047
v 0.0425344 -0.0213283 0.0158366
v 0.0206697 -0.0232417 0.0164928
v 0.0206697 -0.021 0.0164928
v 0.0405697 -0.021 0.0178077
v 0.0406275 -0.0232417 0.0177997
v 0.0425344 -0.0232417 0.0158563
v 0.0206697 -0.0232417 0.0179925
v 0.0206697 -0.021 0.0179925
v 0.039628 -0.0232417 0.0179101
v 0.0403792 -0.0232417 0.0178341
v 0.0405996 -0.0232417 0.0178037
v 0.0379992 -0.021 0.0179925
v 0.0350821 -0.0232417 0.0179927
v 0.0379992 -0.0232417 0.0179925
f 3335 3336 3341
f 3335 3341 3347
f 3335 3347 3342
f 3335 3342 3337
f 3335 3337 3344
f 3335 3344 3349
f 3335 3349 3353
f 3335 3353 3345
f 3335 3345 3338
f 3335 3338 3336
f 3336 3338 3339
f 3336 3339 3340
f 3336 3340 3341
f 3337 3342 3343
f 3337 3343 3344
f 3338 3345 3352
f 3338 3352 3346
f 3338 3346 3339
f 3339 3346 3352
f 3339 3352 3351
f 3339 3351 3350
f 3339 3350 3355
f 3339 3355 3354
f 3339 3354 3348
f 3339 3348 3343
f 3339 3343 3347
f 3339 3347 3341
f 3339 3341 3340
f 3342 3347 3343
f 3343 3348 3349
f 3343 3349 3344
f 3345 3350 3351
f 3345 3351 3352
f 3345 3353 3350
f 3348 3354 3349
f 3349 3354 3353
f 3350 3353 3355
f 3353 3354 3355
o convex_34
v 0.0425344 -0.0288996 0.00662043
v 0.0425344 -0.0273272 0.00662043
v 0.0425643 -0.0288966 0.00662043
v 0.0425344 -0.0287947 0.00707781
v 0.0425344 -0.0238438 0.0148913
v 0.052081 -0.0238438 0.00662043
v 0.0426001 -0.0288927 0.00662043
v 0.0426001 -0.0287892 0.00707253
v 0.0425344 -0.0282819 0.00890417
v 0.0425344 -0.0238438 0.0174096
v 0.0547288 -0.0238438 0.00662043
v 0.0433139 -0.0287625 0.00662043
v 0.0439335 -0.0286373 0.00662043
v 0.0438285 -0.028131 0.00864115
v 0.0426001 -0.0282606 0.00895487
v 0.0425344 -0.0282656 0.00896121
v 0.0425344 -0.0240047 0.0174117
v 0.0425893 -0.0238438 0.0173969
v 0.0543778 -0.0238438 0.00744646
v 0.0547288 -0.0240057 0.00662043
v 0.0457958 -0.0281745 0.00662043
v 0.0460166 -0.0275875 0.00864115
v 0.0436625 -0.0273277 0.0110062
v 0.0426001 -0.0276093 0.0107971
v 0.0425344 -0.0276336 0.0107495
v 0.0425344 -0.0241517 0.0172068
v 0.0426001 -0.0241665 0.0171708
v 0.0425965 -0.0240047 0.0173969
v 0.0426287 -0.0238438 0.0173874
v 0.0543563 -0.0240057 0.00749611
v 0.0537666 -0.0238438 0.00866861
v 0.0544494 -0.0241908 0.00662043
v 0.0461611 -0.0280835 0.00662043
v 0.0457886 -0.0267996 0.0110062
v 0.0483385 -0.0273574 0.00662043
v 0.0481559 -0.0268738 0.00864115
v 0.0478658 -0.0261072 0.0110062
v 0.0434572 -0.0263348 0.0132931
v 0.0426001 -0.0268387 0.0125896
v 0.0425344 -0.0268659 0.0125453
v 0.0425344 -0.0276138 0.0108055
v 0.0425344 -0.0250995 0.0157881
v 0.0426001 -0.025101 0.0157733
v 0.0432089 -0.0240057 0.0172215
v 0.0432137 -0.0238438 0.0172205
v 0.0537773 -0.0240057 0.0086496
v 0.0522314 -0.0249564 0.00864115
v 0.0531148 -0.0250238 0.00662043
v 0.0535625 -0.0238438 0.00903093
v 0.0455045 -0.0258256 0.0132931
v 0.0504503 -0.0264625 0.00662043
v 0.0502306 -0.0259953 0.00864115
v 0.0498809 -0.0252529 0.0110062
v 0.0494487 -0.0243348 0.0132931
v 0.0475065 -0.0251579 0.0132931
v 0.0432125 -0.0251579 0.0154892
v 0.0426001 -0.0259528 0.0143283
v 0.0426001 -0.0264972 0.0132942
v 0.0451691 -0.0246714 0.0154892
v 0.0425344 -0.0268422 0.0125991
v 0.0425344 -0.0251272 0.0157427
v 0.0457277 -0.0240057 0.0162487
v 0.0455976 -0.0238438 0.0162994
v 0.0535613 -0.0240057 0.00903198
v 0.0524869 -0.0254054 0.00662043
v 0.0518243 -0.0242437 0.0110062
v 0.0534813 -0.0238438 0.00915029
v 0.0501901 -0.0240057 0.0132329
v 0.0480735 -0.0240057 0.0149082
v 0.0471089 -0.0240057 0.0155167
v 0.0425344 -0.0259552 0.0143378
v 0.0425344 -0.0265106 0.0132826
v 0.0470839 -0.0240057 0.0155304
v 0.0457325 -0.0238438 0.0162466
v 0.0457277 -0.0238438 0.0162487
v 0.0520344 -0.0240057 0.0112597
v 0.0520356 -0.0238438 0.0112576
v 0.0501924 -0.0238438 0.0132308
v 0.0500802 -0.0238438 0.0133206
v 0.0480771 -0.0238438 0.0149061
v 0.0471603 -0.0238438 0.0154839
v 0.0471376 -0.0238438 0.0154977
v 0.0519377 -0.0238438 0.0113633
f 3356 3357 3361
f 3356 3361 3366
f 3356 3366 3375
f 3356 3375 3387
f 3356 3387 3403
f 3356 3403 3420
f 3356 3420 3406
f 3356 3406 3390
f 3356 3390 3388
f 3356 3388 3376
f 3356 3376 3368
f 3356 3368 3367
f 3356 3367 3362
f 3356 3362 3358
f 3356 3358 3359
f 3356 3359 3364
f 3356 3364 3371
f 3356 3371 3380
f 3356 3380 3396
f 3356 3396 3395
f 3356 3395 3415
f 3356 3415 3427
f 3356 3427 3426
f 3356 3426 3416
f 3356 3416 3397
f 3356 3397 3381
f 3356 3381 3372
f 3356 3372 3365
f 3356 3365 3360
f 3356 3360 3357
f 3357 3360 3361
f 3358 3362 3363
f 3358 3363 3359
f 3359 3363 3364
f 3360 3365 3373
f 3360 3373 3384
f 3360 3384 3400
f 3360 3400 3418
f 3360 3418 3430
f 3360 3430 3429
f 3360 3429 3437
f 3360 3437 3436
f 3360 3436 3435
f 3360 3435 3434
f 3360 3434 3433
f 3360 3433 3438
f 3360 3438 3432
f 3360 3432 3422
f 3360 3422 3404
f 3360 3404 3386
f 3360 3386 3374
f 3360 3374 3366
f 3360 3366 3361
f 3362 3367 3363
f 3363 3367 3368
f 3363 3368 3369
f 3363 3369 3370
f 3363 3370 3364
f 3364 3370 3371
f 3365 3372 3373
f 3366 3374 3375
f 3368 3376 3377
f 3368 3377 3369
f 3369 3378 3370
f 3369 3377 3378
f 3370 3378 3379
f 3370 3379 3380
f 3370 3380 3371
f 3372 3381 3382
f 3372 3382 3383
f 3372 3383 3373
f 3373 3383 3384
f 3374 3385 3375
f 3374 3386 3385
f 3375 3385 3387
f 3376 3388 3377
f 3377 3389 3378
f 3377 3388 3390
f 3377 3390 3391
f 3377 3391 3392
f 3377 3392 3389
f 3378 3393 3394
f 3378 3394 3379
f 3378 3389 3393
f 3379 3395 3396
f 3379 3396 3380
f 3379 3394 3395
f 3381 3397 3398
f 3381 3398 3382
f 3382 3398 3399
f 3382 3399 3383
f 3383 3399 3400
f 3383 3400 3384
f 3385 3386 3401
f 3385 3401 3402
f 3385 3402 3403
f 3385 3403 3387
f 3386 3404 3401
f 3389 3392 3405
f 3389 3405 3393
f 3390 3406 3407
f 3390 3407 3391
f 3391 3407 3392
f 3392 3407 3408
f 3392 3408 3409
f 3392 3409 3410
f 3392 3410 3405
f 3393 3411 3412
f 3393 3412 3413
f 3393 3413 3394
f 3393 3405 3414
f 3393 3414 3411
f 3394 3413 3415
f 3394 3415 3395
f 3397 3416 3398
f 3398 3416 3412
f 3398 3412 3411
f 3398 3411 3399
f 3399 3411 3414
f 3399 3414 3417
f 3399 3417 3400
f 3400 3417 3418
f 3401 3404 3419
f 3401 3419 3402
f 3402 3420 3403
f 3402 3419 3421
f 3402 3421 3408
f 3402 3408 3407
f 3402 3407 3420
f 3404 3422 3419
f 3405 3410 3414
f 3406 3420 3407
f 3408 3421 3423
f 3408 3423 3409
f 3409 3424 3410
f 3409 3423 3424
f 3410 3424 3425
f 3410 3425 3414
f 3412 3416 3426
f 3412 3426 3413
f 3413 3426 3427
f 3413 3427 3415
f 3414 3425 3428
f 3414 3428 3417
f 3417 3428 3429
f 3417 3429 3430
f 3417 3430 3418
f 3419 3422 3431
f 3419 3431 3421
f 3421 3431 3423
f 3422 3432 3431
f 3423 3433 3434
f 3423 3434 3424
f 3423 3431 3433
f 3424 3434 3435
f 3424 3435 3425
f 3425 3436 3437
f 3425 3437 3428
f 3425 3435 3436
f 3428 3437 3429
f 3431 3438 3433
f 3431 3432 3438
o convex_35
v 0.0139123 -0.0204989 -0.018946
v 0.0139123 -0.0234508 -0.0187085
v 0.0139123 -0.0205018 -0.0180027
v 0.0206691 -0.0210001 -0.0164927
v 0.0206691 -0.0210001 -0.0179924
v 0.0206691 -0.0237836 -0.0179924
v 0.0139123 -0.0235743 -0.0185492
v 0.0153609 -0.0237836 -0.0182845
v 0.0141908 -0.0235392 -0.0185983
v 0.0139123 -0.020504 -0.0172711
v 0.0182482 -0.0210001 -0.0164927
v 0.0139123 -0.0237836 -0.0156641
v 0.0206691 -0.0237836 -0.0156718
v 0.0139123 -0.0237836 -0.0182735
v 0.0149594 -0.0237183 -0.018369
v 0.0143489 -0.0237836 -0.0182777
v 0.0140876 -0.0205603 -0.0171895
v 0.0143436 -0.020631 -0.0170845
v 0.0150064 -0.0207799 -0.0168589
v 0.0156824 -0.0208853 -0.0166919
v 0.0157618 -0.020895 -0.0166761
v 0.0165482 -0.0209644 -0.0165598
v 0.0174068 -0.0209956 -0.0165039
f 3439 3440 3445
f 3439 3445 3452
f 3439 3452 3450
f 3439 3450 3448
f 3439 3448 3441
f 3439 3441 3442
f 3439 3442 3443
f 3439 3443 3444
f 3439 3444 3440
f 3440 3444 3446
f 3440 3446 3447
f 3440 3447 3445
f 3441 3448 3442
f 3442 3449 3450
f 3442 3450 3451
f 3442 3451 3444
f 3442 3444 3443
f 3442 3448 3449
f 3444 3451 3450
f 3444 3450 3452
f 3444 3452 3454
f 3444 3454 3446
f 3445 3447 3452
f 3446 3453 3447
f 3446 3454 3453
f 3447 3454 3452
f 3447 3453 3454
f 3448 3455 3456
f 3448 3456 3457
f 3448 3457 3458
f 3448 3458 3459
f 3448 3459 3460
f 3448 3460 3461
f 3448 3461 3449
f 3448 3450 3455
f 3449 3461 3450
f 3450 3461 3460
f 3450 3460 3459
f 3450 3459 3458
f 3450 3458 3457
f 3450 3457 3456
f 3450 3456 3455
o convex_36
v 0.0206697 -0.0274741 0.0120109
v 0.0206697 -0.0269699 0.0131352
v 0.0206697 -0.0258373 0.0120109
v 0.0334042 -0.0274662 0.0120109
v 0.0334042 -0.0268713 0.0133395
v 0.0206697 -0.0268713 0.0133395
v 0.0206697 -0.0232419 0.0164926
v 0.0425344 -0.0254313 0.0120109
v 0.0355166 -0.0274633 0.0120109
v 0.0380849 -0.0270064 0.0130221
v 0.0379907 -0.0260706 0.0148185
v 0.0334042 -0.0260822 0.0148232
v 0.0206697 -0.0262317 0.0145521
v 0.0206697 -0.0267065 0.0136592
v 0.0206697 -0.0232419 0.0179921
v 0.0425344 -0.0232419 0.0158561
v 0.0425344 -0.0270955 0.0120109
v 0.0380956 -0.0274501 0.0120109
v 0.0392063 -0.0274012 0.0120109
v 0.0403749 -0.0269571 0.0129045
v 0.0403086 -0.026037 0.0146932
v 0.0334042 -0.0258833 0.0151669
v 0.0403128 -0.0250585 0.0163157
v 0.037995 -0.0250763 0.0164545
v 0.0206697 -0.0258232 0.0152688
v 0.0206697 -0.0259426 0.0150615
v 0.0206697 -0.0240059 0.0179921
v 0.0379992 -0.0232419 0.0179921
v 0.0425344 -0.0232419 0.0174048
v 0.0425344 -0.026866 0.0125455
v 0.0417596 -0.0271878 0.0120109
v 0.0403813 -0.0273461 0.0120109
v 0.0425344 -0.0268423 0.0126
v 0.0425344 -0.0265105 0.0132833
v 0.0425344 -0.026484 0.0133342
v 0.0425344 -0.025955 0.014339
v 0.0425344 -0.0251273 0.0157431
v 0.0334042 -0.0251604 0.0163392
v 0.0406082 -0.024005 0.0178024
v 0.040315 -0.0240054 0.0178428
v 0.0393069 -0.0240054 0.0179447
v 0.0425344 -0.0250995 0.0157888
v 0.0418945 -0.024005 0.0175653
v 0.0379992 -0.0240059 0.0179921
v 0.0334042 -0.0249889 0.0165997
v 0.0206697 -0.0251604 0.0163392
v 0.0206697 -0.0241629 0.0177702
v 0.039628 -0.0232419 0.0179101
v 0.0425344 -0.024005 0.0174113
v 0.0422284 -0.0232419 0.017478
v 0.0206697 -0.0250573 0.0164961
v 0.0406275 -0.0232419 0.0177995
v 0.0405996 -0.0232419 0.0178036
v 0.0403792 -0.0232419 0.017834
v 0.0425344 -0.0241517 0.0172069
v 0.0415863 -0.0232419 0.0176226
f 3462 3463 3467
f 3462 3467 3475
f 3462 3475 3474
f 3462 3474 3487
f 3462 3487 3486
f 3462 3486 3507
f 3462 3507 3512
f 3462 3512 3508
f 3462 3508 3488
f 3462 3488 3476
f 3462 3476 3468
f 3462 3468 3464
f 3462 3464 3469
f 3462 3469 3478
f 3462 3478 3492
f 3462 3492 3493
f 3462 3493 3480
f 3462 3480 3479
f 3462 3479 3470
f 3462 3470 3465
f 3462 3465 3466
f 3462 3466 3463
f 3463 3466 3467
f 3464 3468 3469
f 3465 3470 3466
f 3466 3470 3471
f 3466 3471 3472
f 3466 3472 3473
f 3466 3473 3474
f 3466 3474 3475
f 3466 3475 3467
f 3468 3476 3489
f 3468 3489 3509
f 3468 3509 3515
f 3468 3515 3514
f 3468 3514 3513
f 3468 3513 3517
f 3468 3517 3511
f 3468 3511 3490
f 3468 3490 3477
f 3468 3477 3469
f 3469 3477 3490
f 3469 3490 3510
f 3469 3510 3516
f 3469 3516 3503
f 3469 3503 3498
f 3469 3498 3497
f 3469 3497 3496
f 3469 3496 3495
f 3469 3495 3494
f 3469 3494 3491
f 3469 3491 3478
f 3470 3479 3471
f 3471 3479 3480
f 3471 3480 3481
f 3471 3481 3482
f 3471 3482 3472
f 3472 3483 3473
f 3472 3482 3484
f 3472 3484 3485
f 3472 3485 3483
f 3473 3483 3486
f 3473 3486 3487
f 3473 3487 3474
f 3476 3488 3505
f 3476 3505 3489
f 3478 3491 3492
f 3480 3493 3481
f 3481 3493 3494
f 3481 3494 3495
f 3481 3495 3482
f 3482 3495 3496
f 3482 3496 3497
f 3482 3497 3498
f 3482 3498 3484
f 3483 3485 3499
f 3483 3499 3486
f 3484 3500 3501
f 3484 3501 3502
f 3484 3502 3485
f 3484 3498 3503
f 3484 3503 3504
f 3484 3504 3500
f 3485 3505 3506
f 3485 3506 3499
f 3485 3502 3505
f 3486 3499 3507
f 3488 3508 3505
f 3489 3505 3502
f 3489 3502 3509
f 3490 3511 3504
f 3490 3504 3510
f 3491 3494 3492
f 3492 3494 3493
f 3499 3506 3512
f 3499 3512 3507
f 3500 3513 3514
f 3500 3514 3515
f 3500 3515 3501
f 3500 3504 3513
f 3501 3515 3509
f 3501 3509 3502
f 3503 3516 3504
f 3504 3517 3513
f 3504 3516 3510
f 3504 3511 3517
f 3505 3508 3506
f 3506 3508 3512
o convex_37
v 0.0182651 0.0237328 0.0164924
v 0.0223453 0.0237328 0.0164926
v 0.0223453 0.0232008 0.0164926
v 0.0182658 0.023254 0.0164926
v 0.0159519 0.0237328 0.0164947
v 0.0223453 0.0237328 0.0179925
v 0.0223453 0.0229966 0.0164928
v 0.0182658 0.0229966 0.0164928
v 0.0166353 0.0229405 0.016564
v 0.0159519 0.0228736 0.0166425
v 0.0159519 0.0237328 0.018144
v 0.017347 0.0229803 0.0165147
v 0.0223453 0.0234004 0.0179927
v 0.0159519 0.0228713 0.0181605
v 0.0223453 0.0229966 0.0179925
f 3518 3519 3520
f 3518 3520 3521
f 3518 3521 3522
f 3518 3522 3528
f 3518 3528 3523
f 3518 3523 3519
f 3519 3523 3530
f 3519 3530 3532
f 3519 3532 3524
f 3519 3524 3520
f 3520 3524 3525
f 3520 3525 3521
f 3521 3525 3522
f 3522 3526 3527
f 3522 3527 3531
f 3522 3531 3528
f 3522 3525 3529
f 3522 3529 3526
f 3523 3528 3531
f 3523 3531 3530
f 3524 3532 3531
f 3524 3531 3527
f 3524 3527 3525
f 3525 3527 3529
f 3526 3529 3527
f 3530 3531 3532
o convex_38
v 0.0126214 0.0237328 0.0164654
v 0.0159513 0.0237328 0.0164948
v 0.0159513 0.0228735 0.0166427
v 0.00321063 0.0237328 0.0164844
v 0.0159513 0.0237328 0.0181445
v 0.0159513 0.0228713 0.0181609
v 0.0124119 0.0218025 0.0184661
v 0.0124019 0.0218025 0.0177073
v 0.0158939 0.0228679 0.0166491
v 0.00321063 0.0218025 0.0189147
v 0.00321063 0.0237328 0.0189573
v 0.0148875 0.0227078 0.0168273
v 0.012907 0.0237328 0.0189719
v 0.0102507 0.0218025 0.0210992
v 0.0123907 0.0218025 0.0193819
v 0.00321063 0.0218025 0.0210837
v 0.00321063 0.0234631 0.0192962
v 0.0125803 0.0236005 0.0191324
v 0.012286 0.0234644 0.0192953
v 0.0116711 0.0231201 0.0196953
v 0.0111211 0.0227229 0.0201398
v 0.010641 0.0222745 0.0206188
v 0.0105487 0.022174 0.0207231
v 0.00321063 0.0222411 0.0206515
v 0.00972811 0.0218025 0.0210987
v 0.00321063 0.0234057 0.0193633
v 0.00321063 0.0233322 0.0194454
v 0.00321063 0.0223406 0.0205503
v 0.00321063 0.0223216 0.0205698
f 3533 3534 3535
f 3533 3535 3536
f 3533 3536 3543
f 3533 3543 3545
f 3533 3545 3537
f 3533 3537 3534
f 3534 3537 3538
f 3534 3538 3535
f 3535 3538 3539
f 3535 3539 3540
f 3535 3540 3541
f 3535 3541 3536
f 3536 3542 3548
f 3536 3548 3556
f 3536 3556 3561
f 3536 3561 3560
f 3536 3560 3559
f 3536 3559 3558
f 3536 3558 3549
f 3536 3549 3543
f 3536 3541 3544
f 3536 3544 3540
f 3536 3540 3542
f 3537 3545 3546
f 3537 3546 3538
f 3538 3546 3547
f 3538 3547 3539
f 3539 3547 3546
f 3539 3546 3557
f 3539 3557 3548
f 3539 3548 3542
f 3539 3542 3540
f 3540 3544 3541
f 3543 3549 3545
f 3545 3550 3551
f 3545 3551 3552
f 3545 3552 3553
f 3545 3553 3554
f 3545 3554 3555
f 3545 3555 3546
f 3545 3549 3550
f 3546 3555 3556
f 3546 3556 3557
f 3548 3557 3556
f 3549 3558 3551
f 3549 3551 3550
f 3551 3558 3552
f 3552 3558 3553
f 3553 3558 3559
f 3553 3559 3560
f 3553 3560 3554
f 3554 3560 3555
f 3555 3560 3561
f 3555 3561 3556
o convex_39
v 0.00296989 -0.0266191 0.010043
v 0.00296989 -0.0266191 0.0138302
v 0.00296989 -0.0232428 0.0164126
v 0.0093076 -0.0232428 0.0164074
v 0.0122668 -0.0266191 0.0100561
v 0.0093128 -0.0266191 0.0138302
v 0.00296989 -0.026478 0.0141036
v 0.00296989 -0.0232428 0.0189628
v 0.020668 -0.0232428 0.0164921
v 0.020668 -0.0266191 0.0100683
v 0.0148535 -0.0266191 0.0138293
v 0.00296989 -0.0264397 0.0141761
v 0.00296989 -0.0239683 0.0180332
v 0.0145781 -0.0236371 0.0184736
v 0.013892 -0.0234534 0.0187068
v 0.0132977 -0.0232428 0.0189663
v 0.020668 -0.0232428 0.0179922
v 0.020668 -0.0266191 0.0138241
v 0.020668 -0.0262318 0.0145518
v 0.00296989 -0.0257493 0.015394
v 0.00296989 -0.0247033 0.016991
v 0.0182494 -0.0240056 0.0179922
v 0.017338 -0.0239871 0.0180175
v 0.0163002 -0.0239144 0.0181136
v 0.0154478 -0.0238053 0.0182569
v 0.0150112 -0.0237287 0.0183556
v 0.020668 -0.0240056 0.0179922
v 0.020668 -0.0259426 0.0150611
v 0.00296989 -0.0257394 0.0154106
v 0.020668 -0.0258233 0.0152682
v 0.00296989 -0.0251518 0.0163515
v 0.020668 -0.0250569 0.0164956
v 0.020668 -0.0241626 0.0177703
v 0.00296989 -0.02516 0.0163384
v 0.020668 -0.02516 0.0163384
f 3562 3563 3568
f 3562 3568 3573
f 3562 3573 3581
f 3562 3581 3590
f 3562 3590 3595
f 3562 3595 3592
f 3562 3592 3582
f 3562 3582 3574
f 3562 3574 3569
f 3562 3569 3564
f 3562 3564 3565
f 3562 3565 3566
f 3562 3566 3571
f 3562 3571 3579
f 3562 3579 3572
f 3562 3572 3567
f 3562 3567 3563
f 3563 3567 3568
f 3564 3569 3577
f 3564 3577 3578
f 3564 3578 3570
f 3564 3570 3565
f 3565 3570 3571
f 3565 3571 3566
f 3567 3572 3568
f 3568 3572 3573
f 3569 3574 3575
f 3569 3575 3576
f 3569 3576 3577
f 3570 3578 3588
f 3570 3588 3594
f 3570 3594 3593
f 3570 3593 3596
f 3570 3596 3591
f 3570 3591 3589
f 3570 3589 3580
f 3570 3580 3579
f 3570 3579 3571
f 3572 3579 3580
f 3572 3580 3573
f 3573 3580 3581
f 3574 3582 3583
f 3574 3583 3584
f 3574 3584 3585
f 3574 3585 3586
f 3574 3586 3587
f 3574 3587 3575
f 3575 3587 3586
f 3575 3586 3588
f 3575 3588 3576
f 3576 3588 3577
f 3577 3588 3578
f 3580 3589 3581
f 3581 3589 3591
f 3581 3591 3590
f 3582 3592 3593
f 3582 3593 3594
f 3582 3594 3583
f 3583 3594 3588
f 3583 3588 3584
f 3584 3588 3585
f 3585 3588 3586
f 3590 3591 3596
f 3590 3596 3595
f 3592 3595 3596
f 3592 3596 3593
o convex_40
v 0.0408528 -0.021 -0.0162259
v 0.0408528 -0.0230239 -0.0162297
v 0.0408528 -0.021 -0.0177526
v 0.0206717 -0.021 -0.0164927
v 0.0206717 -0.0232433 -0.016492
v 0.0408528 -0.0232433 -0.0162319
v 0.0408528 -0.0212717 -0.0177559
v 0.0406809 -0.021 -0.0177915
v 0.0206717 -0.021 -0.0179925
v 0.0206717 -0.0232433 -0.0179925
v 0.0408528 -0.0232433 -0.0177615
v 0.0408528 -0.0218163 -0.0177623
v 0.040669 -0.0232433 -0.0177921
v 0.0405979 -0.0232433 -0.0178037
v 0.0404062 -0.0232433 -0.0178299
v 0.0401889 -0.0232433 -0.0178564
v 0.0385351 -0.0232433 -0.0179818
v 0.0379997 -0.021 -0.0179925
v 0.0295649 -0.0232433 -0.0179927
v 0.0379997 -0.0232433 -0.0179925
v 0.0345697 -0.0232433 -0.0179927
f 3597 3598 3602
f 3597 3602 3607
f 3597 3607 3608
f 3597 3608 3603
f 3597 3603 3599
f 3597 3599 3604
f 3597 3604 3614
f 3597 3614 3605
f 3597 3605 3600
f 3597 3600 3601
f 3597 3601 3598
f 3598 3601 3602
f 3599 3603 3604
f 3600 3605 3606
f 3600 3606 3601
f 3601 3606 3615
f 3601 3615 3617
f 3601 3617 3616
f 3601 3616 3613
f 3601 3613 3612
f 3601 3612 3611
f 3601 3611 3610
f 3601 3610 3609
f 3601 3609 3607
f 3601 3607 3602
f 3603 3608 3604
f 3604 3608 3607
f 3604 3607 3609
f 3604 3609 3610
f 3604 3610 3611
f 3604 3611 3612
f 3604 3612 3613
f 3604 3613 3614
f 3605 3614 3617
f 3605 3617 3615
f 3605 3615 3606
f 3613 3616 3614
f 3614 3616 3617
o convex_41
v 0.0502169 -0.0238438 0.00962735
v 0.0513833 -0.0210003 0.00962735
v 0.0531537 -0.0238438 0.00962735
v 0.0425355 -0.0238438 0.0148909
v 0.0531516 -0.0210003 0.00962735
v 0.0425355 -0.0210003 0.0158355
v 0.0531547 -0.0231866 0.00962735
v 0.0520673 -0.0210003 0.0112188
v 0.0520361 -0.0238438 0.0112577
v 0.0425355 -0.0238438 0.0174095
v 0.0425355 -0.0210003 0.0173737
v 0.0502377 -0.0210003 0.0131897
v 0.0519374 -0.0238438 0.0113636
v 0.042629 -0.0238438 0.0173874
v 0.0425355 -0.0225438 0.0173981
v 0.0432091 -0.0210003 0.0172221
v 0.0501909 -0.0210003 0.0132339
v 0.050193 -0.0238438 0.0132316
v 0.0432091 -0.0238438 0.0172221
v 0.0432143 -0.0238438 0.0172206
v 0.0433037 -0.0210003 0.0171931
v 0.0481356 -0.0210003 0.0148657
v 0.0500797 -0.0238438 0.0133215
v 0.045598 -0.0238438 0.0162995
v 0.045728 -0.0210003 0.0162485
v 0.0480722 -0.0210003 0.0149084
v 0.0480722 -0.0238438 0.0149084
v 0.0480754 -0.0238438 0.0149061
v 0.045728 -0.0238438 0.0162485
v 0.045807 -0.0210003 0.0162104
v 0.0471605 -0.0238438 0.0154843
v 0.0471377 -0.0238438 0.0154973
f 3618 3619 3622
f 3618 3622 3624
f 3618 3624 3620
f 3618 3620 3626
f 3618 3626 3630
f 3618 3630 3635
f 3618 3635 3640
f 3618 3640 3645
f 3618 3645 3644
f 3618 3644 3648
f 3618 3648 3649
f 3618 3649 3646
f 3618 3646 3641
f 3618 3641 3637
f 3618 3637 3636
f 3618 3636 3631
f 3618 3631 3627
f 3618 3627 3621
f 3618 3621 3619
f 3619 3621 3623
f 3619 3623 3628
f 3619 3628 3633
f 3619 3633 3638
f 3619 3638 3642
f 3619 3642 3647
f 3619 3647 3643
f 3619 3643 3639
f 3619 3639 3634
f 3619 3634 3629
f 3619 3629 3625
f 3619 3625 3622
f 3620 3624 3625
f 3620 3625 3626
f 3621 3627 3632
f 3621 3632 3628
f 3621 3628 3623
f 3622 3625 3624
f 3625 3629 3626
f 3626 3629 3630
f 3627 3631 3632
f 3628 3632 3633
f 3629 3634 3635
f 3629 3635 3630
f 3631 3636 3633
f 3631 3633 3632
f 3633 3636 3637
f 3633 3637 3638
f 3634 3639 3635
f 3635 3639 3640
f 3637 3641 3638
f 3638 3641 3642
f 3639 3643 3644
f 3639 3644 3645
f 3639 3645 3640
f 3641 3646 3642
f 3642 3646 3647
f 3643 3648 3644
f 3643 3647 3648
f 3646 3649 3647
f 3647 3649 3648
o convex_42
v 0.0408548 -0.0243326 -0.0172929
v 0.0408548 -0.024688 -0.0167665
v 0.0408548 -0.0243326 -0.0145266
v 0.0419092 -0.0243326 -0.0170776
v 0.0426005 -0.0247164 -0.0163686
v 0.0408548 -0.0253242 -0.0157858
v 0.0408548 -0.0277562 -0.0057778
v 0.0516482 -0.0243326 -0.0057778
v 0.0425978 -0.0243326 -0.0169232
v 0.0429288 -0.0243326 -0.0168296
v 0.0432128 -0.0251579 -0.0154893
v 0.0426005 -0.02528 -0.0154837
v 0.0408548 -0.0263178 -0.0140576
v 0.0408548 -0.0292455 -0.0057778
v 0.0545421 -0.0243326 -0.0057778
v 0.0432101 -0.0243326 -0.0167293
v 0.0434566 -0.0263351 -0.0132934
v 0.0426005 -0.0262437 -0.0137882
v 0.0451702 -0.0246717 -0.0154893
v 0.0408548 -0.0271945 -0.0122675
v 0.0408548 -0.0290878 -0.00660184
v 0.0426005 -0.0289296 -0.00647446
v 0.0426005 -0.0290618 -0.0057778
v 0.0545341 -0.0243379 -0.0057778
v 0.0545314 -0.0243326 -0.00581162
v 0.0454543 -0.0243326 -0.0158748
v 0.043663 -0.0273282 -0.0110061
v 0.0426005 -0.0270935 -0.0120319
v 0.0455052 -0.0258258 -0.0132934
v 0.0457879 -0.0268001 -0.0110061
v 0.0461443 -0.0243326 -0.0155096
v 0.0472054 -0.0243326 -0.0148952
v 0.0475068 -0.0251579 -0.0132934
v 0.0408548 -0.0278879 -0.0105868
v 0.0426005 -0.0275268 -0.0110061
v 0.0408548 -0.0285828 -0.00853174
v 0.0426005 -0.02844 -0.00836715
v 0.043955 -0.0287386 -0.00621518
v 0.0435973 -0.0288853 -0.0057778
v 0.0541831 -0.0245572 -0.0057778
v 0.0544309 -0.0243326 -0.00612726
v 0.0438291 -0.0281313 -0.00863996
v 0.0426005 -0.0278269 -0.0102227
v 0.046017 -0.0275878 -0.00863996
v 0.0478646 -0.0261072 -0.0110061
v 0.0479115 -0.0243326 -0.0144499
v 0.0494496 -0.024335 -0.0132934
v 0.0408548 -0.0279509 -0.0104233
v 0.0439698 -0.0288108 -0.0057778
v 0.0461898 -0.0281832 -0.00621518
v 0.0462113 -0.0282544 -0.0057778
v 0.0525753 -0.0255594 -0.0057778
v 0.0525391 -0.0254954 -0.00621518
v 0.0544028 -0.0243326 -0.00621518
v 0.048154 -0.0268742 -0.00863996
v 0.0483737 -0.0274542 -0.00621518
v 0.049881 -0.0252531 -0.0110061
v 0.0502307 -0.0259956 -0.00863996
v 0.0494402 -0.0243326 -0.0133035
v 0.0494549 -0.0243326 -0.0132922
v 0.0501087 -0.0243326 -0.0126486
v 0.0480066 -0.0276547 -0.0057778
v 0.0505254 -0.0266236 -0.0057778
v 0.052231 -0.0249564 -0.00863996
v 0.0536257 -0.0243326 -0.00788919
v 0.053958 -0.0243326 -0.00721395
v 0.0504946 -0.0265568 -0.00621518
v 0.0483992 -0.0275234 -0.0057778
v 0.0501449 -0.0267852 -0.0057778
v 0.0516535 -0.0243326 -0.0110061
v 0.0518759 -0.0243326 -0.0107096
v 0.0531032 -0.0243326 -0.00889697
v 0.0532452 -0.0243326 -0.00864672
f 3650 3651 3655
f 3650 3655 3662
f 3650 3662 3669
f 3650 3669 3683
f 3650 3683 3697
f 3650 3697 3685
f 3650 3685 3670
f 3650 3670 3663
f 3650 3663 3656
f 3650 3656 3652
f 3650 3652 3657
f 3650 3657 3664
f 3650 3664 3674
f 3650 3674 3690
f 3650 3690 3703
f 3650 3703 3715
f 3650 3715 3714
f 3650 3714 3722
f 3650 3722 3721
f 3650 3721 3720
f 3650 3720 3719
f 3650 3719 3710
f 3650 3710 3709
f 3650 3709 3708
f 3650 3708 3695
f 3650 3695 3681
f 3650 3681 3680
f 3650 3680 3675
f 3650 3675 3665
f 3650 3665 3659
f 3650 3659 3658
f 3650 3658 3653
f 3650 3653 3654
f 3650 3654 3651
f 3651 3654 3655
f 3652 3656 3657
f 3653 3658 3654
f 3654 3659 3660
f 3654 3660 3661
f 3654 3661 3655
f 3654 3658 3659
f 3655 3661 3662
f 3656 3663 3672
f 3656 3672 3688
f 3656 3688 3698
f 3656 3698 3700
f 3656 3700 3711
f 3656 3711 3717
f 3656 3717 3718
f 3656 3718 3712
f 3656 3712 3701
f 3656 3701 3689
f 3656 3689 3673
f 3656 3673 3664
f 3656 3664 3657
f 3659 3665 3660
f 3660 3666 3667
f 3660 3667 3661
f 3660 3665 3668
f 3660 3668 3666
f 3661 3667 3662
f 3662 3667 3669
f 3663 3670 3671
f 3663 3671 3672
f 3664 3673 3674
f 3665 3675 3668
f 3666 3676 3677
f 3666 3677 3667
f 3666 3668 3678
f 3666 3678 3679
f 3666 3679 3676
f 3667 3677 3669
f 3668 3675 3680
f 3668 3680 3681
f 3668 3681 3682
f 3668 3682 3678
f 3669 3677 3684
f 3669 3684 3683
f 3670 3685 3686
f 3670 3686 3671
f 3671 3686 3687
f 3671 3687 3688
f 3671 3688 3672
f 3673 3689 3690
f 3673 3690 3674
f 3676 3691 3692
f 3676 3692 3684
f 3676 3684 3677
f 3676 3679 3693
f 3676 3693 3691
f 3678 3682 3694
f 3678 3694 3679
f 3679 3694 3693
f 3681 3695 3682
f 3682 3695 3696
f 3682 3696 3694
f 3683 3684 3697
f 3684 3692 3697
f 3685 3697 3692
f 3685 3692 3686
f 3686 3692 3691
f 3686 3691 3687
f 3687 3698 3688
f 3687 3691 3693
f 3687 3693 3699
f 3687 3699 3700
f 3687 3700 3698
f 3689 3701 3702
f 3689 3702 3703
f 3689 3703 3690
f 3693 3694 3704
f 3693 3704 3705
f 3693 3705 3699
f 3694 3696 3706
f 3694 3706 3707
f 3694 3707 3704
f 3695 3708 3696
f 3696 3709 3710
f 3696 3710 3706
f 3696 3708 3709
f 3699 3705 3700
f 3700 3705 3711
f 3701 3712 3702
f 3702 3713 3714
f 3702 3714 3715
f 3702 3715 3703
f 3702 3712 3716
f 3702 3716 3707
f 3702 3707 3713
f 3704 3707 3705
f 3705 3717 3711
f 3705 3707 3716
f 3705 3716 3718
f 3705 3718 3717
f 3706 3710 3719
f 3706 3719 3707
f 3707 3719 3713
f 3712 3718 3716
f 3713 3720 3721
f 3713 3721 3722
f 3713 3722 3714
f 3713 3719 3720
o convex_43
v 0.0425357 -0.0296373 2.88166e-06
v 0.0425357 -0.0281294 2.88166e-06
v 0.0426 -0.0296305 2.88166e-06
v 0.0425357 -0.0296243 0.00124594
v 0.0425357 -0.027327 0.00662043
v 0.0535614 -0.0238438 2.88166e-06
v 0.0426 -0.0296169 0.00128481
v 0.0431184 -0.0295369 2.88166e-06
v 0.0440818 -0.0293504 0.00125242
v 0.0425357 -0.0296237 0.00128545
v 0.0425357 -0.0289001 0.00662043
v 0.052081 -0.0238438 0.00662043
v 0.0559421 -0.0238438 2.88166e-06
v 0.0426 -0.0294689 0.00323133
v 0.0440818 -0.0293504 2.88166e-06
v 0.0440398 -0.0291456 0.00374631
v 0.0452209 -0.0290674 2.88166e-06
v 0.0463641 -0.0287833 0.00125242
v 0.0463063 -0.0285825 0.00374631
v 0.0425357 -0.0294751 0.00323392
v 0.0425357 -0.0289857 0.00624538
v 0.0426 -0.0289863 0.00621493
v 0.0426 -0.0288927 0.00662043
v 0.0547294 -0.0238438 0.00662043
v 0.0559421 -0.0238438 0.00135023
v 0.0559408 -0.024006 2.88166e-06
v 0.0426 -0.0291921 0.00516167
v 0.0425357 -0.0292075 0.00510596
v 0.0461895 -0.0281833 0.00621493
v 0.0439545 -0.0287385 0.00621493
v 0.0463641 -0.0287833 2.88166e-06
v 0.0474783 -0.0284118 2.88166e-06
v 0.0485952 -0.0280387 0.00125242
v 0.0485217 -0.0278436 0.00374631
v 0.0425357 -0.0289988 0.00618708
v 0.043314 -0.0287623 0.00662043
v 0.0547294 -0.024006 0.00662043
v 0.0547386 -0.0238438 0.00659905
v 0.0555379 -0.0238438 0.00401966
v 0.0559408 -0.024006 0.00135088
v 0.0553725 -0.0244138 2.88166e-06
v 0.0425357 -0.0291984 0.00516555
v 0.0461606 -0.0280835 0.00662043
v 0.0457958 -0.0281742 0.00662043
v 0.0439335 -0.028637 0.00662043
v 0.0483747 -0.027454 0.00621493
v 0.047981 -0.0274767 0.00662043
v 0.0485952 -0.0280387 2.88166e-06
v 0.0507607 -0.0271217 0.00125242
v 0.0506714 -0.0269328 0.00374631
v 0.0504943 -0.0265568 0.00621493
v 0.0544932 -0.0242765 0.00621493
v 0.0547373 -0.024006 0.00660035
v 0.0544499 -0.0241909 0.00662043
v 0.0555366 -0.024006 0.00402031
v 0.0547268 -0.0246208 0.00374631
v 0.0548436 -0.0247932 0.00125242
v 0.0548436 -0.0247932 2.88166e-06
v 0.0483379 -0.027357 0.00662043
v 0.0504509 -0.0264633 0.00662043
v 0.0507607 -0.0271217 2.88166e-06
v 0.0518014 -0.0265812 2.88166e-06
v 0.0528474 -0.0260379 0.00125242
v 0.0527451 -0.0258565 0.00374631
v 0.052539 -0.0254952 0.00621493
v 0.0531139 -0.0250234 0.00662043
v 0.0538436 -0.025417 2.88166e-06
v 0.0521532 -0.0255786 0.00662043
v 0.0528474 -0.0260379 2.88166e-06
v 0.0524865 -0.0254051 0.00662043
f 3723 3724 3728
f 3723 3728 3735
f 3723 3735 3748
f 3723 3748 3763
f 3723 3763 3780
f 3723 3780 3789
f 3723 3789 3791
f 3723 3791 3784
f 3723 3784 3783
f 3723 3783 3770
f 3723 3770 3754
f 3723 3754 3753
f 3723 3753 3739
f 3723 3739 3737
f 3723 3737 3730
f 3723 3730 3725
f 3723 3725 3726
f 3723 3726 3732
f 3723 3732 3742
f 3723 3742 3750
f 3723 3750 3764
f 3723 3764 3757
f 3723 3757 3743
f 3723 3743 3733
f 3723 3733 3727
f 3723 3727 3724
f 3724 3727 3728
f 3725 3729 3726
f 3725 3730 3731
f 3725 3731 3729
f 3726 3729 3732
f 3727 3733 3745
f 3727 3745 3758
f 3727 3758 3767
f 3727 3767 3766
f 3727 3766 3765
f 3727 3765 3769
f 3727 3769 3781
f 3727 3781 3782
f 3727 3782 3790
f 3727 3790 3792
f 3727 3792 3788
f 3727 3788 3776
f 3727 3776 3759
f 3727 3759 3746
f 3727 3746 3734
f 3727 3734 3728
f 3728 3734 3746
f 3728 3746 3760
f 3728 3760 3761
f 3728 3761 3747
f 3728 3747 3735
f 3729 3736 3732
f 3729 3731 3736
f 3730 3737 3731
f 3731 3738 3736
f 3731 3737 3739
f 3731 3739 3740
f 3731 3740 3741
f 3731 3741 3738
f 3732 3736 3742
f 3733 3743 3744
f 3733 3744 3745
f 3735 3747 3762
f 3735 3762 3748
f 3736 3749 3750
f 3736 3750 3742
f 3736 3738 3749
f 3738 3741 3751
f 3738 3751 3752
f 3738 3752 3749
f 3739 3753 3740
f 3740 3753 3754
f 3740 3754 3755
f 3740 3755 3756
f 3740 3756 3741
f 3741 3756 3751
f 3743 3757 3744
f 3744 3757 3749
f 3744 3749 3752
f 3744 3752 3758
f 3744 3758 3745
f 3746 3759 3760
f 3747 3761 3777
f 3747 3777 3762
f 3748 3762 3763
f 3749 3757 3764
f 3749 3764 3750
f 3751 3765 3766
f 3751 3766 3767
f 3751 3767 3752
f 3751 3756 3768
f 3751 3768 3769
f 3751 3769 3765
f 3752 3767 3758
f 3754 3770 3755
f 3755 3770 3783
f 3755 3783 3771
f 3755 3771 3756
f 3756 3771 3772
f 3756 3772 3773
f 3756 3773 3768
f 3759 3774 3775
f 3759 3775 3760
f 3759 3776 3774
f 3760 3775 3761
f 3761 3775 3777
f 3762 3777 3778
f 3762 3778 3779
f 3762 3779 3763
f 3763 3779 3780
f 3768 3781 3769
f 3768 3773 3782
f 3768 3782 3781
f 3771 3783 3784
f 3771 3784 3785
f 3771 3785 3786
f 3771 3786 3772
f 3772 3786 3773
f 3773 3786 3787
f 3773 3787 3782
f 3774 3778 3777
f 3774 3777 3775
f 3774 3776 3787
f 3774 3787 3778
f 3776 3788 3787
f 3778 3787 3786
f 3778 3786 3785
f 3778 3785 3779
f 3779 3785 3789
f 3779 3789 3780
f 3782 3787 3790
f 3784 3791 3785
f 3785 3791 3789
f 3787 3792 3790
f 3787 3788 3792
o convex_44
v 0.0408562 -0.0292455 -0.00577667
v 0.0408562 -0.0294624 -0.0046469
v 0.0408562 -0.0277566 -0.00577667
v 0.0426006 -0.0290618 -0.00577667
v 0.0408562 -0.0294855 -0.0044851
v 0.0426006 -0.0292932 -0.00455638
v 0.0408562 -0.0283381 2.88189e-06
v 0.0528023 -0.0243326 2.31601e-06
v 0.0516494 -0.0243326 -0.00577667
v 0.0435975 -0.0288852 -0.00577667
v 0.0408562 -0.029682 -0.00289425
v 0.0426006 -0.0294076 -0.00374568
v 0.0439698 -0.0288111 -0.00577667
v 0.04404 -0.0291461 -0.00374568
v 0.0408562 -0.0298103 2.88189e-06
v 0.052629 -0.0244454 2.88189e-06
v 0.0547372 -0.0243326 2.88189e-06
v 0.054541 -0.0243326 -0.00577667
v 0.0408562 -0.0297061 -0.00267248
v 0.0426006 -0.0295289 -0.002621
v 0.0462112 -0.0282543 -0.00577667
v 0.0440815 -0.0293502 -0.00125192
v 0.0463058 -0.0285829 -0.00374568
v 0.0463645 -0.0287832 -0.00125192
v 0.0408562 -0.0298178 -0.000683355
v 0.0426006 -0.0296304 2.88189e-06
v 0.0554863 -0.0243326 2.88189e-06
v 0.0551053 -0.0243326 -0.00387467
v 0.0545339 -0.024338 -0.00577667
v 0.0426006 -0.0296374 -0.000670343
v 0.0480087 -0.0276546 -0.00577667
v 0.0440815 -0.0293502 2.88189e-06
v 0.0431191 -0.029537 2.88189e-06
v 0.04852 -0.0278436 -0.00374568
v 0.0463645 -0.0287832 2.88189e-06
v 0.0485945 -0.0280385 -0.00125192
v 0.0474773 -0.0284116 2.88189e-06
v 0.0553731 -0.0244137 2.88189e-06
v 0.0554863 -0.0243326 -0.00130962
v 0.0552958 -0.0243326 -0.00262496
v 0.0547272 -0.024621 -0.00374568
v 0.054183 -0.0245571 -0.00577667
v 0.0483997 -0.0275236 -0.00577667
v 0.0506712 -0.0269335 -0.00374568
v 0.05076 -0.0271214 -0.00125192
v 0.0496758 -0.027581 2.88189e-06
v 0.0485945 -0.0280385 2.88189e-06
v 0.0548432 -0.0247933 2.88189e-06
v 0.0548432 -0.0247933 -0.00125192
v 0.0528481 -0.0260379 -0.00125192
v 0.052745 -0.0258564 -0.00374568
v 0.0525746 -0.0255595 -0.00577667
v 0.0505265 -0.0266237 -0.00577667
v 0.0522079 -0.0257506 -0.00577667
v 0.05076 -0.0271214 2.88189e-06
v 0.0518026 -0.0265813 2.88189e-06
v 0.0528481 -0.0260379 2.88189e-06
f 3793 3794 3797
f 3793 3797 3803
f 3793 3803 3811
f 3793 3811 3817
f 3793 3817 3807
f 3793 3807 3799
f 3793 3799 3795
f 3793 3795 3801
f 3793 3801 3810
f 3793 3810 3821
f 3793 3821 3834
f 3793 3834 3844
f 3793 3844 3846
f 3793 3846 3845
f 3793 3845 3835
f 3793 3835 3823
f 3793 3823 3813
f 3793 3813 3805
f 3793 3805 3802
f 3793 3802 3796
f 3793 3796 3794
f 3794 3796 3798
f 3794 3798 3797
f 3795 3799 3800
f 3795 3800 3801
f 3796 3802 3798
f 3797 3798 3804
f 3797 3804 3803
f 3798 3802 3805
f 3798 3805 3806
f 3798 3806 3804
f 3799 3807 3818
f 3799 3818 3825
f 3799 3825 3824
f 3799 3824 3827
f 3799 3827 3829
f 3799 3829 3839
f 3799 3839 3838
f 3799 3838 3847
f 3799 3847 3848
f 3799 3848 3849
f 3799 3849 3840
f 3799 3840 3830
f 3799 3830 3819
f 3799 3819 3809
f 3799 3809 3808
f 3799 3808 3800
f 3800 3808 3809
f 3800 3809 3819
f 3800 3819 3831
f 3800 3831 3832
f 3800 3832 3820
f 3800 3820 3810
f 3800 3810 3801
f 3803 3804 3811
f 3804 3806 3812
f 3804 3812 3811
f 3805 3813 3806
f 3806 3814 3812
f 3806 3813 3815
f 3806 3815 3816
f 3806 3816 3814
f 3807 3817 3818
f 3810 3820 3821
f 3811 3812 3817
f 3812 3814 3822
f 3812 3822 3817
f 3813 3823 3815
f 3814 3824 3825
f 3814 3825 3822
f 3814 3816 3827
f 3814 3827 3824
f 3815 3823 3826
f 3815 3826 3816
f 3816 3826 3828
f 3816 3828 3829
f 3816 3829 3827
f 3817 3822 3818
f 3818 3822 3825
f 3819 3830 3831
f 3820 3832 3833
f 3820 3833 3821
f 3821 3833 3834
f 3823 3835 3826
f 3826 3835 3836
f 3826 3836 3828
f 3828 3836 3837
f 3828 3837 3838
f 3828 3838 3839
f 3828 3839 3829
f 3830 3840 3841
f 3830 3841 3831
f 3831 3841 3833
f 3831 3833 3832
f 3833 3841 3842
f 3833 3842 3843
f 3833 3843 3834
f 3834 3843 3844
f 3835 3845 3836
f 3836 3845 3846
f 3836 3846 3843
f 3836 3843 3842
f 3836 3842 3837
f 3837 3847 3838
f 3837 3842 3848
f 3837 3848 3847
f 3840 3849 3842
f 3840 3842 3841
f 3842 3849 3848
f 3843 3846 3844
o convex_45
v 0.00927122 -0.0182011 -0.0238477
v 0.0092905 -0.0182978 -0.0237736
v 0.00296989 -0.0182011 -0.0238461
v 0.0106647 -0.0182011 -0.0221993
v 0.0139113 -0.0204989 -0.0189469
v 0.0139113 -0.0234508 -0.0187094
v 0.00951115 -0.019159 -0.0230851
v 0.00296989 -0.0189639 -0.0232421
v 0.00296989 -0.0182011 -0.021903
v 0.0106658 -0.0182011 -0.0221905
v 0.0139113 -0.0205016 -0.0180032
v 0.0139113 -0.0235743 -0.01855
v 0.00296989 -0.0232923 -0.0189059
v 0.00296989 -0.0232705 -0.0189333
v 0.0134582 -0.0233065 -0.018889
v 0.0130426 -0.0231415 -0.0190911
v 0.0127566 -0.0230109 -0.0192481
v 0.0121022 -0.022653 -0.0196684
v 0.0115173 -0.022242 -0.0201307
v 0.0114349 -0.0221754 -0.0202039
v 0.0110257 -0.0218016 -0.0206074
v 0.0105855 -0.0212994 -0.0211259
v 0.0102181 -0.0207666 -0.0216502
v 0.0101527 -0.0206568 -0.0217556
v 0.0098207 -0.0199994 -0.0223612
v 0.00296989 -0.0200366 -0.0223209
v 0.00296989 -0.0237836 -0.0156213
v 0.0106551 -0.0182011 -0.0202643
v 0.0139113 -0.0205038 -0.0172712
v 0.0139113 -0.0237836 -0.0182738
v 0.00296989 -0.0237836 -0.0182697
v 0.00296989 -0.0231005 -0.0191402
v 0.00296989 -0.0230475 -0.0192022
v 0.00296989 -0.0221541 -0.02022
v 0.00296989 -0.0213103 -0.0211147
v 0.00296989 -0.0212158 -0.0212081
v 0.00296989 -0.020765 -0.0216526
v 0.00296989 -0.0207453 -0.0216711
v 0.00296989 -0.0206235 -0.0217838
v 0.00682159 -0.0237836 -0.0156333
v 0.0136628 -0.020424 -0.017388
v 0.0130158 -0.0201633 -0.0177536
v 0.0124588 -0.0198781 -0.0181385
v 0.0119383 -0.0195431 -0.0185741
v 0.0114723 -0.0191715 -0.0190589
v 0.0139113 -0.0237836 -0.0156647
f 3850 3851 3852
f 3850 3852 3858
f 3850 3858 3877
f 3850 3877 3859
f 3850 3859 3853
f 3850 3853 3854
f 3850 3854 3855
f 3850 3855 3851
f 3851 3856 3857
f 3851 3857 3852
f 3851 3855 3856
f 3852 3857 3875
f 3852 3875 3888
f 3852 3888 3887
f 3852 3887 3886
f 3852 3886 3885
f 3852 3885 3884
f 3852 3884 3883
f 3852 3883 3882
f 3852 3882 3881
f 3852 3881 3863
f 3852 3863 3862
f 3852 3862 3880
f 3852 3880 3876
f 3852 3876 3858
f 3853 3859 3854
f 3854 3859 3860
f 3854 3860 3878
f 3854 3878 3895
f 3854 3895 3879
f 3854 3879 3861
f 3854 3861 3855
f 3855 3861 3862
f 3855 3862 3863
f 3855 3863 3864
f 3855 3864 3865
f 3855 3865 3866
f 3855 3866 3867
f 3855 3867 3868
f 3855 3868 3869
f 3855 3869 3870
f 3855 3870 3871
f 3855 3871 3872
f 3855 3872 3873
f 3855 3873 3874
f 3855 3874 3856
f 3856 3874 3875
f 3856 3875 3857
f 3858 3876 3877
f 3859 3878 3860
f 3859 3877 3878
f 3861 3879 3880
f 3861 3880 3862
f 3863 3881 3865
f 3863 3865 3864
f 3865 3881 3866
f 3866 3881 3867
f 3867 3881 3882
f 3867 3882 3883
f 3867 3883 3868
f 3868 3883 3869
f 3869 3883 3870
f 3870 3883 3884
f 3870 3884 3871
f 3871 3884 3885
f 3871 3885 3886
f 3871 3886 3872
f 3872 3886 3873
f 3873 3886 3887
f 3873 3887 3888
f 3873 3888 3874
f 3874 3888 3875
f 3876 3880 3879
f 3876 3879 3895
f 3876 3895 3889
f 3876 3889 3878
f 3876 3878 3890
f 3876 3890 3891
f 3876 3891 3892
f 3876 3892 3893
f 3876 3893 3894
f 3876 3894 3877
f 3877 3894 3893
f 3877 3893 3878
f 3878 3893 3890
f 3878 3889 3895
f 3890 3893 3891
f 3891 3893 3892
o convex_46
v 0.0334039 -0.0240057 -0.0179927
v 0.0379997 -0.0232436 -0.0179921
v 0.0379997 -0.0240057 -0.0179921
v 0.0334039 -0.0244275 -0.0174152
v 0.0206717 -0.024073 -0.0179002
v 0.0206717 -0.0240057 -0.0179921
v 0.0206717 -0.0232436 -0.0179921
v 0.0385351 -0.0232436 -0.0179816
v 0.0387189 -0.0240057 -0.0179781
v 0.0379957 -0.0246919 -0.0170304
v 0.0206717 -0.0251602 -0.0163386
v 0.0206717 -0.0232436 -0.0164915
v 0.0401889 -0.0232436 -0.0178562
v 0.0400229 -0.0240053 -0.0178779
v 0.0403154 -0.024679 -0.0168892
v 0.0380491 -0.0253598 -0.0160106
v 0.0334039 -0.0251602 -0.0163386
v 0.0334039 -0.025369 -0.0160118
v 0.0206717 -0.0255516 -0.0157143
v 0.0206717 -0.0258376 -0.0120096
v 0.0408528 -0.0256654 -0.0120096
v 0.0408528 -0.0232436 -0.0162314
v 0.0404062 -0.0232436 -0.0178299
v 0.0403134 -0.0240053 -0.0178428
v 0.0403489 -0.025337 -0.0158724
v 0.0405702 -0.0240053 -0.0178076
v 0.0408528 -0.0240053 -0.0177608
v 0.0408528 -0.0243171 -0.0173162
v 0.0408528 -0.0246882 -0.0167662
v 0.0380708 -0.0263773 -0.0142599
v 0.0206717 -0.026743 -0.0135905
v 0.0206717 -0.027484 -0.0120096
v 0.0408528 -0.0273009 -0.0120096
v 0.0408528 -0.0232436 -0.0177613
v 0.0405979 -0.0232436 -0.0178035
v 0.0408528 -0.0253241 -0.0157857
v 0.0403648 -0.0263383 -0.0141334
v 0.040669 -0.0232436 -0.0177918
v 0.0334039 -0.0268713 -0.0133392
v 0.0380926 -0.0272756 -0.0124448
v 0.0206717 -0.0268713 -0.0133392
v 0.0206717 -0.0272573 -0.0125309
v 0.0211993 -0.0274844 -0.0120096
v 0.0407876 -0.0273084 -0.0120096
v 0.0408528 -0.0271947 -0.0122679
v 0.0408528 -0.0263175 -0.0140579
v 0.0403786 -0.0272221 -0.0123318
v 0.0334039 -0.0272918 -0.0124565
v 0.0206717 -0.0270045 -0.0130621
v 0.0380965 -0.0274562 -0.0120096
v 0.0334039 -0.0274736 -0.0120096
v 0.0403825 -0.0273545 -0.0120096
v 0.0345222 -0.027472 -0.0120096
f 3896 3897 3898
f 3896 3898 3899
f 3896 3899 3900
f 3896 3900 3901
f 3896 3901 3902
f 3896 3902 3897
f 3897 3902 3907
f 3897 3907 3917
f 3897 3917 3929
f 3897 3929 3933
f 3897 3933 3930
f 3897 3930 3918
f 3897 3918 3908
f 3897 3908 3903
f 3897 3903 3904
f 3897 3904 3898
f 3898 3905 3899
f 3898 3904 3905
f 3899 3905 3906
f 3899 3906 3900
f 3900 3906 3914
f 3900 3914 3926
f 3900 3926 3936
f 3900 3936 3944
f 3900 3944 3937
f 3900 3937 3927
f 3900 3927 3915
f 3900 3915 3907
f 3900 3907 3902
f 3900 3902 3901
f 3903 3908 3904
f 3904 3908 3909
f 3904 3909 3910
f 3904 3910 3905
f 3905 3910 3911
f 3905 3911 3912
f 3905 3912 3906
f 3906 3912 3913
f 3906 3913 3914
f 3907 3915 3916
f 3907 3916 3917
f 3908 3918 3919
f 3908 3919 3909
f 3909 3919 3910
f 3910 3920 3911
f 3910 3919 3921
f 3910 3921 3922
f 3910 3922 3923
f 3910 3923 3924
f 3910 3924 3920
f 3911 3925 3913
f 3911 3913 3912
f 3911 3920 3925
f 3913 3925 3914
f 3914 3925 3926
f 3915 3927 3938
f 3915 3938 3946
f 3915 3946 3948
f 3915 3948 3945
f 3915 3945 3947
f 3915 3947 3939
f 3915 3939 3928
f 3915 3928 3916
f 3916 3928 3940
f 3916 3940 3941
f 3916 3941 3931
f 3916 3931 3924
f 3916 3924 3923
f 3916 3923 3922
f 3916 3922 3929
f 3916 3929 3917
f 3918 3930 3921
f 3918 3921 3919
f 3920 3924 3931
f 3920 3931 3932
f 3920 3932 3925
f 3921 3930 3933
f 3921 3933 3929
f 3921 3929 3922
f 3925 3934 3926
f 3925 3932 3935
f 3925 3935 3934
f 3926 3934 3936
f 3927 3937 3938
f 3928 3939 3940
f 3931 3941 3932
f 3932 3942 3935
f 3932 3941 3942
f 3934 3935 3943
f 3934 3943 3944
f 3934 3944 3936
f 3935 3942 3945
f 3935 3945 3943
f 3937 3944 3943
f 3937 3943 3938
f 3938 3943 3946
f 3939 3947 3940
f 3940 3947 3942
f 3940 3942 3941
f 3942 3947 3945
f 3943 3948 3946
f 3943 3945 3948
o convex_47
v 0.055942 -0.0238438 0.00135102
v 0.0555413 -0.0210003 0.00400397
v 0.055538 -0.0238438 0.00401999
v 0.055942 -0.0238438 2.88189e-06
v 0.055942 -0.0210003 0.00134537
v 0.0554954 -0.0238438 0.00415847
v 0.054749 -0.0210003 0.00657307
v 0.053561 -0.0238438 2.88189e-06
v 0.055942 -0.0210003 2.88189e-06
v 0.0547389 -0.0238438 0.00659851
v 0.0535817 -0.0210003 0.00899615
v 0.054378 -0.0238438 0.00744545
v 0.0502179 -0.0238438 0.00962735
v 0.0544923 -0.0210003 2.88189e-06
v 0.0537667 -0.0238438 0.00866735
v 0.0531519 -0.0210003 0.00962735
v 0.0535627 -0.0238438 0.00902912
v 0.0531536 -0.0238438 0.00962735
v 0.0513845 -0.0210003 0.00962735
v 0.0531542 -0.0231866 0.00962735
f 3949 3950 3951
f 3949 3951 3954
f 3949 3954 3958
f 3949 3958 3960
f 3949 3960 3963
f 3949 3963 3965
f 3949 3965 3966
f 3949 3966 3961
f 3949 3961 3956
f 3949 3956 3952
f 3949 3952 3957
f 3949 3957 3953
f 3949 3953 3950
f 3950 3954 3951
f 3950 3953 3957
f 3950 3957 3962
f 3950 3962 3967
f 3950 3967 3964
f 3950 3964 3959
f 3950 3959 3955
f 3950 3955 3954
f 3952 3956 3962
f 3952 3962 3957
f 3954 3955 3958
f 3955 3959 3960
f 3955 3960 3958
f 3956 3961 3962
f 3959 3963 3960
f 3959 3964 3965
f 3959 3965 3963
f 3961 3966 3968
f 3961 3968 3964
f 3961 3964 3967
f 3961 3967 3962
f 3964 3968 3965
f 3965 3968 3966
o convex_48
v 0.0559425 -0.021 2.88189e-06
v 0.0559421 -0.0232416 2.88189e-06
v 0.0559425 -0.021 -0.00134502
v 0.0544926 -0.021 2.88189e-06
v 0.0544926 -0.021007 2.88189e-06
v 0.0544926 -0.0232416 -9.50112e-07
v 0.0559421 -0.0232416 -0.00134981
v 0.0555416 -0.021 -0.00400442
v 0.0512776 -0.021 -0.00978402
v 0.0512776 -0.0232416 -0.00978402
v 0.0556407 -0.0232416 -0.00334149
v 0.0555384 -0.0232416 -0.00401688
v 0.0547488 -0.021 -0.00657282
v 0.0530454 -0.021 -0.00978402
v 0.0530454 -0.0232416 -0.00978402
v 0.054741 -0.0232416 -0.00659293
v 0.0544565 -0.0232416 -0.00726066
v 0.0535824 -0.021 -0.00899559
v 0.0535674 -0.0232416 -0.00902242
v 0.0537281 -0.0232416 -0.00873693
f 3969 3970 3975
f 3969 3975 3971
f 3969 3971 3976
f 3969 3976 3981
f 3969 3981 3986
f 3969 3986 3982
f 3969 3982 3977
f 3969 3977 3972
f 3969 3972 3973
f 3969 3973 3970
f 3970 3973 3974
f 3970 3974 3978
f 3970 3978 3983
f 3970 3983 3987
f 3970 3987 3988
f 3970 3988 3985
f 3970 3985 3984
f 3970 3984 3980
f 3970 3980 3979
f 3970 3979 3975
f 3971 3975 3976
f 3972 3977 3978
f 3972 3978 3973
f 3973 3978 3974
f 3975 3979 3976
f 3976 3979 3980
f 3976 3980 3981
f 3977 3982 3983
f 3977 3983 3978
f 3980 3984 3981
f 3981 3984 3985
f 3981 3985 3986
f 3982 3987 3983
f 3982 3986 3987
f 3985 3988 3986
f 3986 3988 3987
o convex_49
v 0.0408548 -0.0240051 -0.0177607
v 0.0408548 -0.0232403 -0.0177607
v 0.0411567 -0.0232403 -0.0177107
v 0.041319 -0.024005 -0.0176834
v 0.0408548 -0.0243167 -0.0173164
v 0.0408548 -0.0232403 -0.0162317
v 0.0411889 -0.0232403 -0.0177037
v 0.0419085 -0.0243325 -0.0170782
v 0.041097 -0.0243325 -0.0172438
v 0.042109 -0.0232403 -0.0174968
v 0.0425959 -0.0240049 -0.017396
v 0.0408548 -0.0243325 -0.0172922
v 0.0408548 -0.0243325 -0.0145263
v 0.0512763 -0.0232403 -0.00978403
v 0.0425982 -0.0243325 -0.0169228
v 0.0427522 -0.0232403 -0.0173515
v 0.0432092 -0.0232403 -0.0172219
v 0.0432092 -0.0240054 -0.0172219
v 0.0491259 -0.0243325 -0.00978403
v 0.0530448 -0.0232403 -0.00978403
v 0.0429288 -0.0243325 -0.0168291
v 0.0432331 -0.0232403 -0.0172149
v 0.0432104 -0.0243325 -0.0167299
v 0.0457284 -0.0240054 -0.0162481
v 0.0454539 -0.0243325 -0.0158757
v 0.0524959 -0.0243325 -0.00978403
v 0.0530448 -0.0240054 -0.00978403
v 0.0520424 -0.0232403 -0.011249
v 0.0451114 -0.0232403 -0.0164887
v 0.0461449 -0.0243325 -0.0155102
v 0.0457284 -0.0232403 -0.0162481
v 0.0457487 -0.0232403 -0.0162388
v 0.0467595 -0.0232403 -0.0157039
v 0.0470841 -0.0240054 -0.0155305
v 0.0518754 -0.0243325 -0.0107101
v 0.0518252 -0.0242436 -0.0110053
v 0.0520341 -0.0240054 -0.0112599
v 0.051577 -0.0232403 -0.0117511
v 0.0472034 -0.0243325 -0.0148957
v 0.0473358 -0.0232403 -0.015372
v 0.0471079 -0.0240054 -0.0155165
v 0.0517441 -0.0243325 -0.0108851
v 0.0516534 -0.0243325 -0.0110053
v 0.0501092 -0.0243325 -0.0126491
v 0.0501903 -0.0240054 -0.013234
v 0.0502023 -0.0232403 -0.0132222
v 0.0472201 -0.0243325 -0.0148855
v 0.0473526 -0.0232403 -0.0153618
v 0.0480721 -0.0232403 -0.0149089
v 0.0480721 -0.0240054 -0.0149089
v 0.049454 -0.0243325 -0.0132933
v 0.0501903 -0.0232403 -0.013234
v 0.0494397 -0.0243325 -0.013305
v 0.0480889 -0.0232403 -0.014898
v 0.0496677 -0.0232403 -0.0136494
v 0.047911 -0.0243325 -0.0144498
f 3989 3990 3991
f 3989 3991 3992
f 3989 3992 3993
f 3989 3993 4000
f 3989 4000 4001
f 3989 4001 3994
f 3989 3994 3990
f 3990 3994 4002
f 3990 4002 4008
f 3990 4008 4016
f 3990 4016 4026
f 3990 4026 4034
f 3990 4034 4040
f 3990 4040 4043
f 3990 4043 4042
f 3990 4042 4037
f 3990 4037 4036
f 3990 4036 4028
f 3990 4028 4021
f 3990 4021 4020
f 3990 4020 4019
f 3990 4019 4017
f 3990 4017 4010
f 3990 4010 4005
f 3990 4005 4004
f 3990 4004 3998
f 3990 3998 3995
f 3990 3995 3991
f 3991 3995 3992
f 3992 3996 3997
f 3992 3997 3993
f 3992 3995 3998
f 3992 3998 3999
f 3992 3999 3996
f 3993 3997 4000
f 3994 4001 4002
f 3996 3999 4003
f 3996 4003 4009
f 3996 4009 4011
f 3996 4011 4013
f 3996 4013 4018
f 3996 4018 4027
f 3996 4027 4035
f 3996 4035 4044
f 3996 4044 4041
f 3996 4041 4039
f 3996 4039 4032
f 3996 4032 4031
f 3996 4031 4030
f 3996 4030 4023
f 3996 4023 4014
f 3996 4014 4007
f 3996 4007 4001
f 3996 4001 4000
f 3996 4000 3997
f 3998 4004 3999
f 3999 4004 4005
f 3999 4005 4006
f 3999 4006 4003
f 4001 4007 4002
f 4002 4007 4014
f 4002 4014 4015
f 4002 4015 4008
f 4003 4006 4009
f 4005 4010 4006
f 4006 4011 4009
f 4006 4010 4012
f 4006 4012 4013
f 4006 4013 4011
f 4008 4015 4016
f 4010 4017 4012
f 4012 4018 4013
f 4012 4017 4019
f 4012 4019 4020
f 4012 4020 4021
f 4012 4021 4022
f 4012 4022 4018
f 4014 4023 4015
f 4015 4023 4024
f 4015 4024 4025
f 4015 4025 4016
f 4016 4025 4026
f 4018 4022 4027
f 4021 4028 4022
f 4022 4028 4029
f 4022 4029 4027
f 4023 4030 4024
f 4024 4030 4031
f 4024 4031 4032
f 4024 4032 4033
f 4024 4033 4025
f 4025 4033 4026
f 4026 4033 4034
f 4027 4029 4035
f 4028 4036 4029
f 4029 4036 4037
f 4029 4037 4038
f 4029 4038 4035
f 4032 4039 4033
f 4033 4040 4034
f 4033 4039 4041
f 4033 4041 4038
f 4033 4038 4042
f 4033 4042 4043
f 4033 4043 4040
f 4035 4038 4044
f 4037 4042 4038
f 4038 4041 4044
o convex_50
v 0.0120572 -0.0196245 0.0184685
v 0.0134571 -0.0203482 0.0174952
v 0.0128282 -0.0200744 0.017874
v 0.0122096 -0.0197272 0.0183356
v 0.00296989 -0.0232428 0.0164133
v 0.00296989 -0.0216389 0.0184685
v 0.0149367 -0.0207608 0.0184685
v 0.020668 -0.0210003 0.0179926
v 0.020668 -0.0210003 0.0164928
v 0.0182494 -0.0210003 0.0164928
v 0.0172878 -0.0209932 0.0165079
v 0.0165688 -0.0209656 0.0165574
v 0.0164717 -0.0209596 0.0165678
v 0.0157077 -0.0208887 0.0166873
v 0.0149748 -0.0207739 0.0168682
v 0.0142731 -0.0206128 0.0171123
v 0.0141328 -0.0205738 0.01717
v 0.0093076 -0.0232428 0.0164079
v 0.00296989 -0.0232428 0.0184685
v 0.0146751 -0.0229549 0.0184685
v 0.020668 -0.0232428 0.0179926
v 0.020668 -0.0232428 0.0164928
v 0.0146404 -0.0232428 0.0184685
f 4045 4046 4047
f 4045 4047 4048
f 4045 4048 4049
f 4045 4049 4050
f 4045 4050 4063
f 4045 4063 4067
f 4045 4067 4064
f 4045 4064 4051
f 4045 4051 4052
f 4045 4052 4053
f 4045 4053 4054
f 4045 4054 4055
f 4045 4055 4056
f 4045 4056 4057
f 4045 4057 4058
f 4045 4058 4059
f 4045 4059 4060
f 4045 4060 4061
f 4045 4061 4046
f 4046 4049 4047
f 4046 4061 4049
f 4047 4049 4048
f 4049 4062 4066
f 4049 4066 4065
f 4049 4065 4067
f 4049 4067 4063
f 4049 4063 4050
f 4049 4061 4060
f 4049 4060 4059
f 4049 4059 4058
f 4049 4058 4057
f 4049 4057 4056
f 4049 4056 4055
f 4049 4055 4054
f 4049 4054 4062
f 4051 4064 4065
f 4051 4065 4052
f 4052 4065 4066
f 4052 4066 4053
f 4053 4066 4062
f 4053 4062 4054
f 4064 4067 4065
o convex_51
v 0.0559415 -0.0232416 2.88189e-06
v 0.0544926 -0.0232416 -9.50112e-07
v 0.0544926 -0.0232432 2.88189e-06
v 0.0559415 -0.0240054 2.88189e-06
v 0.0559415 -0.0232416 -0.00134981
v 0.0528034 -0.0243325 1.92366e-06
v 0.0544859 -0.0232474 2.88189e-06
v 0.0512777 -0.0232416 -0.00978402
v 0.0491269 -0.0243325 -0.00978402
v 0.0554859 -0.0243325 2.88189e-06
v 0.0559415 -0.0240054 -0.00135077
v 0.0556407 -0.0232416 -0.00334149
v 0.0547374 -0.0243325 2.88189e-06
v 0.0530449 -0.0232416 -0.00978402
v 0.0524966 -0.0243325 -0.00978402
v 0.0554859 -0.0243325 -0.00130958
v 0.0552958 -0.0243325 -0.00262491
v 0.0555373 -0.0240054 -0.00402167
v 0.0555386 -0.0232416 -0.00401688
v 0.0535666 -0.0232416 -0.00902242
v 0.0530456 -0.0240054 -0.00978402
v 0.0535613 -0.0240054 -0.00903104
v 0.0531036 -0.0243325 -0.00889692
v 0.0551063 -0.0243325 -0.00387509
v 0.0544932 -0.0242765 -0.00621452
v 0.0547381 -0.0240054 -0.0066006
v 0.0547407 -0.0232416 -0.00659293
v 0.0537281 -0.0232416 -0.00873693
v 0.0537774 -0.0240054 -0.00864784
v 0.0532457 -0.0243325 -0.00864497
v 0.0545313 -0.0243325 -0.00581121
v 0.0544312 -0.0243325 -0.00612639
v 0.0544032 -0.0243325 -0.00621452
v 0.0539575 -0.0243325 -0.00721372
v 0.0543571 -0.0240054 -0.00749441
v 0.0544565 -0.0232416 -0.00726066
v 0.053626 -0.0243325 -0.00788815
f 4068 4069 4070
f 4068 4070 4074
f 4068 4074 4080
f 4068 4080 4077
f 4068 4077 4071
f 4068 4071 4078
f 4068 4078 4072
f 4068 4072 4079
f 4068 4079 4086
f 4068 4086 4094
f 4068 4094 4103
f 4068 4103 4095
f 4068 4095 4087
f 4068 4087 4081
f 4068 4081 4075
f 4068 4075 4069
f 4069 4073 4074
f 4069 4074 4070
f 4069 4075 4076
f 4069 4076 4073
f 4071 4077 4083
f 4071 4083 4078
f 4072 4078 4079
f 4073 4080 4074
f 4073 4076 4082
f 4073 4082 4090
f 4073 4090 4097
f 4073 4097 4104
f 4073 4104 4101
f 4073 4101 4100
f 4073 4100 4099
f 4073 4099 4098
f 4073 4098 4091
f 4073 4091 4084
f 4073 4084 4083
f 4073 4083 4077
f 4073 4077 4080
f 4075 4081 4088
f 4075 4088 4082
f 4075 4082 4076
f 4078 4083 4084
f 4078 4084 4085
f 4078 4085 4086
f 4078 4086 4079
f 4081 4087 4088
f 4082 4088 4089
f 4082 4089 4090
f 4084 4091 4085
f 4085 4091 4092
f 4085 4092 4093
f 4085 4093 4094
f 4085 4094 4086
f 4087 4095 4089
f 4087 4089 4088
f 4089 4095 4096
f 4089 4096 4090
f 4090 4096 4097
f 4091 4098 4092
f 4092 4099 4100
f 4092 4100 4101
f 4092 4101 4102
f 4092 4102 4093
f 4092 4098 4099
f 4093 4103 4094
f 4093 4102 4103
f 4095 4103 4102
f 4095 4102 4096
f 4096 4102 4097
f 4097 4102 4104
f 4101 4104 4102
o convex_52
v 0.0408548 -0.0218164 -0.0177617
v 0.0408548 -0.0232403 -0.0177609
v 0.0408548 -0.0212717 -0.0177554
v 0.0411889 -0.0232403 -0.0177039
v 0.0411567 -0.0232403 -0.0177109
v 0.0408548 -0.0232403 -0.0162317
v 0.0408548 -0.021 -0.0177523
v 0.0421089 -0.0232403 -0.0174969
v 0.0408548 -0.0230241 -0.0162294
v 0.0512768 -0.0232403 -0.00978403
v 0.0408548 -0.021 -0.0162255
v 0.0432091 -0.021 -0.017222
v 0.0427521 -0.0232403 -0.0173517
v 0.0530441 -0.0232403 -0.00978403
v 0.0512768 -0.021 -0.00978403
v 0.0433046 -0.021 -0.0171931
v 0.0432091 -0.0232403 -0.017222
v 0.0520417 -0.0232403 -0.0112491
v 0.0520668 -0.021 -0.0112187
v 0.0530441 -0.021 -0.00978403
v 0.0451112 -0.0232403 -0.0164887
v 0.043233 -0.0232403 -0.0172142
v 0.0457281 -0.021 -0.0162481
v 0.0457281 -0.0232403 -0.0162481
v 0.0515763 -0.0232403 -0.0117513
v 0.0502375 -0.021 -0.0131899
v 0.045808 -0.021 -0.0162107
v 0.0457484 -0.0232403 -0.0162388
v 0.0502029 -0.0232403 -0.0132227
v 0.0501909 -0.021 -0.0132336
v 0.0467603 -0.0232403 -0.0157038
v 0.0480717 -0.021 -0.0149088
v 0.0501909 -0.0232403 -0.0132336
v 0.0481349 -0.021 -0.0148658
v 0.0473533 -0.0232403 -0.0153617
v 0.0480884 -0.0232403 -0.0148978
v 0.0480717 -0.0232403 -0.0149088
v 0.0496671 -0.0232403 -0.0136491
f 4105 4106 4110
f 4105 4110 4113
f 4105 4113 4115
f 4105 4115 4111
f 4105 4111 4107
f 4105 4107 4108
f 4105 4108 4109
f 4105 4109 4106
f 4106 4109 4108
f 4106 4108 4112
f 4106 4112 4117
f 4106 4117 4121
f 4106 4121 4126
f 4106 4126 4125
f 4106 4125 4128
f 4106 4128 4132
f 4106 4132 4135
f 4106 4135 4139
f 4106 4139 4141
f 4106 4141 4140
f 4106 4140 4142
f 4106 4142 4137
f 4106 4137 4133
f 4106 4133 4129
f 4106 4129 4122
f 4106 4122 4118
f 4106 4118 4114
f 4106 4114 4110
f 4107 4111 4108
f 4108 4111 4112
f 4110 4114 4113
f 4111 4115 4119
f 4111 4119 4124
f 4111 4124 4123
f 4111 4123 4130
f 4111 4130 4134
f 4111 4134 4138
f 4111 4138 4136
f 4111 4136 4131
f 4111 4131 4127
f 4111 4127 4120
f 4111 4120 4116
f 4111 4116 4112
f 4112 4116 4117
f 4113 4114 4115
f 4114 4118 4124
f 4114 4124 4119
f 4114 4119 4115
f 4116 4120 4121
f 4116 4121 4117
f 4118 4122 4123
f 4118 4123 4124
f 4120 4125 4126
f 4120 4126 4121
f 4120 4127 4128
f 4120 4128 4125
f 4122 4129 4123
f 4123 4129 4130
f 4127 4131 4132
f 4127 4132 4128
f 4129 4133 4130
f 4130 4133 4134
f 4131 4135 4132
f 4131 4136 4135
f 4133 4137 4134
f 4134 4137 4138
f 4135 4136 4139
f 4136 4138 4140
f 4136 4140 4141
f 4136 4141 4139
f 4137 4142 4138
f 4138 4142 4140
